outer_seed,sample_id,canonical_index,canonical_smiles,base_role,schedule_rank
769539383,bbabdb9085edbb8c178b,0,CC(C)(CCl)c1ccccc1,train_candidate,60
769539383,96dc3dc2ebd074200228,1,CC(C)(CCl)c1ccccc1,train_candidate,272
769539383,6322e8f867a741eed74c,2,CC(C)(CCl)c1ccccc1,train_candidate,139
769539383,c2b0aff65443af0a8618,3,CC(C)(CCl)c1ccccc1,train_candidate,279
769539383,f4b69d88ad1d916ee71a,4,CC(C)(CCl)c1ccccc1,train_candidate,481
769539383,0f3559d035355b0eec80,5,CC(C)(CCl)c1ccccc1,train_candidate,56
769539383,d29a94054067cd60dd70,6,CC(C)(CCl)c1ccccc1,validation,-1
769539383,31d92ca6486b229184cf,7,OCCCc1ccccc1,train_candidate,312
769539383,8a84cca322477165b719,8,OCCCc1ccccc1,train_candidate,439
769539383,9cf769277f6b42d15f11,9,OCCCc1ccccc1,train_candidate,391
769539383,7a0a82051f50d5b0c89c,10,OCCCc1ccccc1,train_candidate,126
769539383,c79f29f048bbfd157f98,11,BrCCCc1ccccc1,train_candidate,408
769539383,df0074b49eeb620c0768,12,BrCCCc1ccccc1,train_candidate,426
769539383,f0097bc6b7827ef65922,13,BrCCCc1ccccc1,train_candidate,220
769539383,44348f5c4aea3b41ee9d,14,BrCCCc1ccccc1,train_candidate,334
769539383,482cb91fac7f2a936dca,15,BrCCCc1ccccc1,train_candidate,380
769539383,a5c6210123f05414ffc0,16,BrCCCc1ccccc1,train_candidate,151
769539383,a82e55e1cd19814ea307,17,BrCCCc1ccccc1,train_candidate,4
769539383,6ee3c70647b37dcd5417,18,ClCCCc1ccccc1,train_candidate,461
769539383,2c7e37ef828eb17c78fb,19,ClCCCc1ccccc1,train_candidate,41
769539383,7ab9c351196ad891e172,20,ClCCCc1ccccc1,train_candidate,55
769539383,7062ca665af0f9bba6c9,21,ClCCCc1ccccc1,train_candidate,452
769539383,6644e934f59d8b816b9f,22,ClCCCc1ccccc1,train_candidate,330
769539383,8cc7c76a92a4474d7c6a,23,ClCCCc1ccccc1,train_candidate,164
769539383,c883df6ea04f89f45f03,24,ClCCCc1ccccc1,train_candidate,59
769539383,46ed1e35ca65ace74790,25,COc1ccc(CO)cc1,train_candidate,359
769539383,ec581cec37da9563e756,26,COc1ccc(CO)cc1,train_candidate,86
769539383,c2bd8e8f13a96726e7fc,27,COc1ccc(CO)cc1,train_candidate,243
769539383,f1afcbd393ce4f5a6316,28,COc1ccc(CO)cc1,train_candidate,342
769539383,2909efb29670d8f2286d,29,CCOC(=O)C(C)(C)Br,train_candidate,385
769539383,56b391fdec7a2a622e52,30,CCOC(=O)C(C)(C)Br,train_candidate,72
769539383,8a9485661ac2c4576006,31,CCOC(=O)C(C)(C)Br,train_candidate,10
769539383,7f6d1cdee16de4a37a21,32,CCOC(=O)C(C)(C)Br,train_candidate,132
769539383,fd7bf535ef538434b384,33,CCOC(=O)C(C)(C)Br,train_candidate,311
769539383,651bb6b60c62819a4323,34,CCOC(=O)C(C)(C)Br,train_candidate,129
769539383,2a61203b59218a3cbdc6,35,CCOC(=O)C(C)(C)Br,train_candidate,217
769539383,6d6c0510303dec89b2fe,36,COc1ccc(C=O)cc1,train_candidate,291
769539383,f81dc37125414986a0bb,37,COc1ccc(C=O)cc1,train_candidate,88
769539383,400615278105cebb3ed9,38,COc1ccc(C=O)cc1,test,-1
769539383,5d04f6757b59f5c356bb,39,COc1ccc(C=O)cc1,train_candidate,384
769539383,a074620f6970d8f89567,40,COc1ccc(C=O)cc1,train_candidate,136
769539383,454c1ea3beebbec4befe,41,COc1ccc(C=O)cc1,train_candidate,292
769539383,f95928e2618ed15e654f,42,COc1ccc(C=O)cc1,train_candidate,308
769539383,3a02b99399bb0c3e9ff9,43,COC(=O)C#CC(=O)OC,train_candidate,145
769539383,b80a4f9e4b61f534ee9e,44,COC(=O)C#CC(=O)OC,test,-1
769539383,2690de155843f45b00a3,45,COC(=O)C#CC(=O)OC,train_candidate,191
769539383,549eb8499df5181b3558,46,COC(=O)C#CC(=O)OC,train_candidate,71
769539383,02c141e2551937d10f4e,47,COC(=O)C#CC(=O)OC,train_candidate,199
769539383,9069807baff6cbfbde75,48,COC(=O)C#CC(=O)OC,train_candidate,165
769539383,1fe1163f7d97c16f3822,49,CC(=O)c1ccccc1,train_candidate,176
769539383,1e86d81fe1995d367fe1,50,CC(=O)c1ccccc1,train_candidate,326
769539383,614e6d0929b0845d454b,51,CC(=O)c1ccccc1,train_candidate,306
769539383,358681452207464d171e,52,CC(=O)c1ccccc1,train_candidate,301
769539383,c00e01085f35d19cd90f,53,CC(=O)c1ccccc1,train_candidate,253
769539383,a542d702abb1fa77a6fc,54,CC(=O)c1ccccc1,test,-1
769539383,77577e6f6f0aa6789972,55,CCOC(=O)C(C)Br,train_candidate,314
769539383,298017c801a97653f57d,56,CCOC(=O)C(C)Br,train_candidate,185
769539383,849796401ee485c617a5,57,CCOC(=O)C(C)Br,train_candidate,414
769539383,67cc8304e3e618d7416a,58,CCOC(=O)C(C)Br,train_candidate,428
769539383,c7bc53c45a1962a88ec3,59,CCOC(=O)C(C)Br,train_candidate,325
769539383,76b9db19f45b8222d962,60,CCOC(=O)C(C)Br,train_candidate,475
769539383,0279fb0f7dba4b54a816,61,CCOC(=O)CC(=O)c1ccccc1,train_candidate,341
769539383,ca203ccf20ce8e74d86d,62,CCOC(=O)CC(=O)c1ccccc1,test,-1
769539383,029d48fc98a886c9fec4,63,CCOC(=O)CC(=O)c1ccccc1,train_candidate,205
769539383,1e578360bd7749f6b397,64,CCOC(=O)CC(=O)c1ccccc1,test,-1
769539383,05c14d26f4aa6f7c48b0,65,CCOC(=O)CC(=O)c1ccccc1,train_candidate,124
769539383,53d046afde1259a727f9,66,CCOC(=O)CC(=O)c1ccccc1,train_candidate,492
769539383,35ba50ab027f5f170aba,67,CCOC(=O)CC(=O)c1ccccc1,train_candidate,295
769539383,130d76d2d46a287c5dea,68,CC(=O)c1ccccc1C,train_candidate,36
769539383,3ef4b1ab56fe40940b42,69,CC(=O)c1ccccc1C,train_candidate,331
769539383,a340148c4096f80cc125,70,CC(=O)c1ccccc1C,train_candidate,297
769539383,57af4b867d9cd419ebb9,71,CC(=O)c1ccccc1C,train_candidate,66
769539383,ff8745125a0eeb17c1e5,72,CC(=O)c1ccccc1C,train_candidate,6
769539383,41a468134f078d2de17d,73,CC(=O)c1ccccc1C,train_candidate,442
769539383,b4899d5d03e44fbf885c,74,CC(=O)c1ccccc1C,train_candidate,211
769539383,bd93eaa60288fd0d5e89,75,CC(=O)c1ccc(C)cc1,train_candidate,39
769539383,2797757b00a9f254ef2e,76,CC(=O)c1ccc(C)cc1,train_candidate,449
769539383,fad37552a4a2eae19961,77,CC(=O)c1ccc(C)cc1,train_candidate,277
769539383,6936556d392803de12ed,78,CC(=O)c1ccc(C)cc1,train_candidate,290
769539383,fd3f8b6ec11d13a8412d,79,CC(=O)c1ccc(C)cc1,train_candidate,299
769539383,b71b23379d73c3637a76,80,CC(=O)c1ccc(C)cc1,train_candidate,180
769539383,2a9d111386ac232bbf79,81,CC(=O)c1ccc(C)cc1,train_candidate,495
769539383,ca00dd1990fd356443cb,82,COC(=O)c1ccccc1O,train_candidate,493
769539383,924106530353757625ba,83,COC(=O)c1ccccc1O,train_candidate,365
769539383,f0d3ae15346c6cb6928d,84,COC(=O)c1ccccc1O,train_candidate,446
769539383,0b6fe9b9da26ddc80e99,85,COC(=O)c1ccccc1O,train_candidate,419
769539383,a9a4b1ef530ce6f46a1c,86,COC(=O)c1ccccc1O,train_candidate,409
769539383,f0245d145e2758fc9ff8,87,COC(=O)c1ccccc1O,train_candidate,305
769539383,f33380e15f0fd8b62027,88,COC(=O)c1ccccc1O,train_candidate,11
769539383,1773be1aaa4102ae19f0,89,CC(=O)CC(=O)OC(C)(C)C,train_candidate,482
769539383,1895e2147dd146c4e564,90,CC(=O)CC(=O)OC(C)(C)C,train_candidate,249
769539383,e7c8cd496e2795b23cb3,91,CC(=O)CC(=O)OC(C)(C)C,train_candidate,387
769539383,60f64adee75a0999c5d5,92,CC(=O)CC(=O)OC(C)(C)C,train_candidate,395
769539383,851993fe56d61c8bf074,93,CC(=O)CC(=O)OC(C)(C)C,test,-1
769539383,4e6d2ab0e823ac1d4b58,94,CC(=O)CC(=O)OC(C)(C)C,train_candidate,236
769539383,452aebfcddc0b031c20d,95,CCOC(=O)Cc1ccccc1,train_candidate,150
769539383,a67ee30ac22b3511e0af,96,CCOC(=O)Cc1ccccc1,train_candidate,96
769539383,4c52102f0b5a693d59bc,97,CCOC(=O)Cc1ccccc1,train_candidate,390
769539383,f21e8077ac7b6ec1d038,98,CCOC(=O)Cc1ccccc1,train_candidate,214
769539383,982611df66af1cf7c2f5,99,CCOC(=O)Cc1ccccc1,train_candidate,171
769539383,d9e344f199dc9a567b5f,100,CCOC(=O)Cc1ccccc1,train_candidate,166
769539383,74706f7e5d10b9245796,101,CCOC(=O)Cc1ccccc1,train_candidate,187
769539383,f5d7ae6c2608335325ff,102,COC(=O)c1ccccc1N,train_candidate,257
769539383,f66e095007d9d0923ce2,103,COC(=O)c1ccccc1N,train_candidate,104
769539383,c9a57e8accca7da9758b,104,COC(=O)c1ccccc1N,test,-1
769539383,f7b1b9737459397f9ace,105,COC(=O)c1ccccc1N,train_candidate,188
769539383,68feec66f657364ebeaa,106,COC(=O)c1ccccc1N,train_candidate,436
769539383,96ccc1b8240fc2e9c1f3,107,COC(=O)c1ccccc1N,train_candidate,48
769539383,16eec4a03ec235274042,108,CCOC(=O)/C=C/c1ccccc1,train_candidate,373
769539383,92e4f80b3943134ebe86,109,CCOC(=O)/C=C/c1ccccc1,train_candidate,346
769539383,e15e8a4f329d3a08aff9,110,CCOC(=O)/C=C/c1ccccc1,train_candidate,12
769539383,6cec450baf7517436df6,111,CCOC(=O)/C=C/c1ccccc1,train_candidate,81
769539383,48b79e49508df9f5fd6d,112,CCOC(=O)/C=C/c1ccccc1,train_candidate,437
769539383,404dc3e2801a9a9d52aa,113,CCOC(=O)/C=C/c1ccccc1,train_candidate,212
769539383,c72867f0f2e38c70aa8c,114,CCOC(=O)/C=C/c1ccccc1,train_candidate,358
769539383,d9d3d24a75ff511e108a,115,COC(=O)c1ccc(C(C)(C)C)cc1,train_candidate,246
769539383,f40ca479a9e86b5d5458,116,COC(=O)c1ccc(C(C)(C)C)cc1,train_candidate,170
769539383,b7770c04c72527e1d9f6,117,COC(=O)c1ccc(C(C)(C)C)cc1,train_candidate,172
769539383,a433dc0f6a13e9ace41d,118,COC(=O)c1ccc(C(C)(C)C)cc1,test,-1
769539383,e399250d7156727de0fd,119,COC(=O)c1ccc(C(C)(C)C)cc1,train_candidate,30
769539383,3122a2210bde68deb81e,120,COC(=O)c1ccc(C(C)(C)C)cc1,train_candidate,58
769539383,c9460286f85a5ec0f4fc,121,COC(=O)c1ccc(C(C)(C)C)cc1,train_candidate,310
769539383,13b0b7952199157a8399,122,CCOC(=O)/C=C(/C)N,train_candidate,161
769539383,759d5133ee82740013bf,123,CCOC(=O)/C=C(/C)N,test,-1
769539383,c9bf385316b464cd2e8d,124,CCOC(=O)/C=C(/C)N,train_candidate,307
769539383,f248b9b89d62a22b03c3,125,CCOC(=O)/C=C(/C)N,test,-1
769539383,10d51839b15b94f0ae56,126,CCOC(=O)/C=C(/C)N,test,-1
769539383,e66b24ec1e4dfa9a9a57,127,CCOC(=O)/C=C(/C)N,train_candidate,44
769539383,506597d02ff322a77a8d,128,CCOC(=O)/C=C(/C)N,train_candidate,229
769539383,d2951bd3bb1608688f0d,129,CCOC(=O)/C=C(/C)N,validation,-1
769539383,7d3c6ef279245ca08a2f,130,CCOC(=O)/C=C(/C)N,train_candidate,327
769539383,e6886d2fb3090517172b,131,CCOC(=O)/C=C(/C)N,train_candidate,235
769539383,d31d42caff135d7154c4,132,CCOC(=O)/C=C(/C)N,train_candidate,20
769539383,3d7aa38258001eb6ba67,133,CC(C)COC(=O)c1ccccc1,train_candidate,179
769539383,b3409bbbf3b06d73afca,134,CC(C)COC(=O)c1ccccc1,train_candidate,269
769539383,5ce75d3f6df6d318cb8a,135,CC(C)COC(=O)c1ccccc1,train_candidate,498
769539383,28f4ab2563d03e831cf0,136,CC(C)COC(=O)c1ccccc1,train_candidate,80
769539383,b95bbdf393e00f41a6df,137,CC(C)COC(=O)c1ccccc1,train_candidate,464
769539383,1e73138aa057a5e2b67f,138,CC(C)COC(=O)c1ccccc1,train_candidate,33
769539383,1319bf7018ee9b9a5b9f,139,CCOC(=O)c1ccccc1,train_candidate,267
769539383,99398d649f02f80651f1,140,CCOC(=O)c1ccccc1,train_candidate,154
769539383,240787bdbf2abc17e093,141,CCOC(=O)c1ccccc1,train_candidate,50
769539383,4afc7ef2732850bea176,142,CCOC(=O)c1ccccc1,train_candidate,375
769539383,181f6c7852b17df8f194,143,CCOC(=O)c1ccccc1,train_candidate,134
769539383,474238f822b0c38795c6,144,CCOC(=O)c1ccccc1,train_candidate,248
769539383,5eb80e21463443b22d14,145,CCOC(=O)c1ccccc1,train_candidate,304
769539383,f6e991e3dc3a3d3c5d89,146,COc1ccc(CCO)cc1,train_candidate,396
769539383,9991421da8e18008fc91,147,COc1ccc(CCO)cc1,train_candidate,264
769539383,9e93bad2014e7ab1a680,148,COc1ccc(CCO)cc1,test,-1
769539383,3d5dc8831f4c74f7b7d1,149,COc1ccc(CCO)cc1,train_candidate,98
769539383,d5a7e1d47a58e1323805,150,Cc1ccc(C(C)C)cc1,train_candidate,13
769539383,5c32bb6f3bbf72dcb37e,151,Cc1ccc(C(C)C)cc1,train_candidate,282
769539383,e545485bf1a51a3ea557,152,Cc1ccc(C(C)C)cc1,train_candidate,343
769539383,8ea9d90b217f4096f42f,153,Cc1ccc(C(C)C)cc1,train_candidate,143
769539383,9ed80c28328fabe87261,154,Cc1ccc(C(C)C)cc1,validation,-1
769539383,f1ea027f4cb80b10d15b,155,Cc1ccc(C(C)C)cc1,train_candidate,255
769539383,dcfc9eaebf799d451fdb,156,Cc1ccc(C(C)C)cc1,train_candidate,460
769539383,6c1f19a34a40cbf98728,157,CC(C)(O)CCc1ccccc1,train_candidate,328
769539383,cf45ee02778c0243ad50,158,CC(C)(O)CCc1ccccc1,train_candidate,0
769539383,88581d99a415bf271788,159,CC(C)(O)CCc1ccccc1,train_candidate,162
769539383,8753ab545dd1cf036a3a,160,CC(C)(O)CCc1ccccc1,train_candidate,431
769539383,d59d233a1606de5b6deb,161,CC(C)(O)CCc1ccccc1,train_candidate,394
769539383,964a62fb7d677de0f711,162,CC(C)CCOC(=O)c1ccccc1,train_candidate,112
769539383,f35f8782c107387233ed,163,CC(C)CCOC(=O)c1ccccc1,test,-1
769539383,4d602abaaf336ac523e4,164,CC(C)CCOC(=O)c1ccccc1,test,-1
769539383,4768b747981033fbdf34,165,CC(C)CCOC(=O)c1ccccc1,train_candidate,261
769539383,3df34ab1c0d58c86999e,166,CC(C)CCOC(=O)c1ccccc1,train_candidate,392
769539383,8b67a1246fe892b6581d,167,CC(C)CCOC(=O)c1ccccc1,train_candidate,259
769539383,2bafcbea1bb66eb60a71,168,CC(C)CCOC(=O)c1ccccc1,train_candidate,280
769539383,2beadb75e05408973f02,169,CCOC(=O)/C=C/c1ccccc1,train_candidate,263
769539383,dd7cae2667a1348a2caf,170,CCOC(=O)/C=C/c1ccccc1,train_candidate,377
769539383,56f1cecfc0c6c3d224be,171,CCOC(=O)/C=C/c1ccccc1,train_candidate,418
769539383,6278b7d64a22dbe3844e,172,CCOC(=O)/C=C/c1ccccc1,train_candidate,389
769539383,a75e421e756083edea35,173,CCOC(=O)/C=C/c1ccccc1,train_candidate,237
769539383,c9f7ab78e90454873661,174,CCOC(=O)/C=C/c1ccccc1,train_candidate,19
769539383,b36d7c12e6d3072467ee,175,CCOC(=O)/C=C/c1ccccc1,train_candidate,193
769539383,5dc7d31c57624ac47575,176,COc1ccc(C)cc1OC,train_candidate,485
769539383,7dea14d96460814919d3,177,COc1ccc(C)cc1OC,train_candidate,399
769539383,83a16763654b3b743265,178,COc1ccc(C)cc1OC,train_candidate,425
769539383,ee96bcc328a38cb12519,179,COc1ccc(C)cc1OC,train_candidate,289
769539383,62763fd48ebc7554402f,180,COc1ccc(C)cc1OC,train_candidate,234
769539383,dd29d0f859e11f70f4ec,181,COc1ccc(C)cc1OC,train_candidate,506
769539383,826e9f40c328ce2478ec,182,COc1ccc(C)cc1OC,train_candidate,91
769539383,2e684264400b651dae88,183,C1=Cc2ccccc2C1,train_candidate,1
769539383,e4f37e6e6def0eec724a,184,C1=Cc2ccccc2C1,train_candidate,231
769539383,fda6d7aa920e5400a222,185,C1=Cc2ccccc2C1,train_candidate,503
769539383,ee0eba88726c692c7f0c,186,C1=Cc2ccccc2C1,test,-1
769539383,c438c37de3a60de0e84a,187,C1=Cc2ccccc2C1,train_candidate,496
769539383,f51bc35441c8ba7713b6,188,C1=Cc2ccccc2C1,train_candidate,45
769539383,cb1bb21d54890633943c,189,C1=Cc2ccccc2C1,train_candidate,323
769539383,2e561b136ec088ba3eff,190,Cc1ccc(C)cc1,train_candidate,152
769539383,0d6f66d7971473a2cef9,191,Cc1ccc(C)cc1,test,-1
769539383,6950f8ebe95298defec5,192,Cc1ccc(C)cc1,train_candidate,345
769539383,1837a52df085e2fc70d1,193,Cc1ccc(C)cc1,test,-1
769539383,8067767b73f132489d46,194,Cc1ccc(C)cc1,train_candidate,360
769539383,bc3f10fed296515e66e5,195,Cc1ccc(C)cc1,train_candidate,298
769539383,369517a8e4fab7d4e0e5,196,Cc1ccc(C)cc1,train_candidate,63
769539383,acc1a540efdb60e4fa76,197,ClCCc1ccccc1,train_candidate,424
769539383,b849b02cc7a096ff6f6a,198,ClCCc1ccccc1,train_candidate,427
769539383,75b105d94d176eec90ba,199,ClCCc1ccccc1,test,-1
769539383,4699975b36aa2351be18,200,ClCCc1ccccc1,train_candidate,309
769539383,a2ecd7c05da585c2a35e,201,ClCCc1ccccc1,train_candidate,101
769539383,82843c7e3b9005c1abb0,202,ClCCc1ccccc1,train_candidate,252
769539383,216e9e13c0587f197c0b,203,ClCCc1ccccc1,train_candidate,260
769539383,31162ac7e21c9688cbdc,204,CC(O)c1ccccc1,train_candidate,429
769539383,82ffe9abc3d02f4b970f,205,CC(O)c1ccccc1,train_candidate,109
769539383,35eae227e68fe7434e68,206,CC(O)c1ccccc1,train_candidate,198
769539383,82b6a0a8f122317d79d4,207,CC(O)c1ccccc1,train_candidate,31
769539383,9b28c23ad1d4dda9fe1a,208,CC(O)c1ccccc1,train_candidate,332
769539383,4455212440cbaf6d51e2,209,COc1ccccc1,train_candidate,103
769539383,fcea8574ae051fe11483,210,COc1ccccc1,train_candidate,153
769539383,04d4a16ff682bc7c55c8,211,COc1ccccc1,train_candidate,397
769539383,62ca5eadee5ef28e9aeb,212,COc1ccccc1,train_candidate,288
769539383,42f031acb8211bfbf67f,213,COc1ccccc1,train_candidate,366
769539383,472b8f06caf25ffe6c7a,214,COc1ccccc1,train_candidate,131
769539383,d532e4ccbab971232d40,215,COc1ccccc1,test,-1
769539383,bae9f1ce7c04e7ccf16b,216,CCOC(=O)C(Br)C(=O)OCC,train_candidate,403
769539383,fc58ac30a03fcb0ec051,217,CCOC(=O)C(Br)C(=O)OCC,test,-1
769539383,c4b569d1149e4ec87b12,218,CCOC(=O)C(Br)C(=O)OCC,train_candidate,15
769539383,53d7fb31d852cbb33059,219,CCOC(=O)C(Br)C(=O)OCC,train_candidate,90
769539383,265addbdd355a85c628d,220,CCOC(=O)C(Br)C(=O)OCC,train_candidate,208
769539383,b07e3b186c5f9a698624,221,CCOC(=O)C(Br)C(=O)OCC,train_candidate,480
769539383,28c4b7ec4bf7f486b68c,222,CCOC(=O)C(Br)C(=O)OCC,train_candidate,40
769539383,c9d7d885160197c7f67c,223,c1ccc(COCc2ccccc2)cc1,train_candidate,207
769539383,e2869f5cf5635b6ae9c1,224,c1ccc(COCc2ccccc2)cc1,train_candidate,483
769539383,49865eda3c0e936157be,225,c1ccc(COCc2ccccc2)cc1,train_candidate,256
769539383,d26cffd9ef4da9800470,226,c1ccc(COCc2ccccc2)cc1,train_candidate,447
769539383,ce9ac115ce41ab41f01d,227,c1ccc(COCc2ccccc2)cc1,train_candidate,27
769539383,b2b5155e06ff9134c6a4,228,c1ccc(COCc2ccccc2)cc1,train_candidate,148
769539383,f1aabb6243aed53011cb,229,c1ccc(COCc2ccccc2)cc1,train_candidate,221
769539383,ebc9c107c2207e99cf79,230,CCOC(=O)CC(C)=O,train_candidate,470
769539383,f373e0ffa24cb51dd13a,231,CCOC(=O)CC(C)=O,train_candidate,367
769539383,bcb35848089ca50a1eef,232,CCOC(=O)CC(C)=O,train_candidate,286
769539383,ef8527c6b63d54b73966,233,CCOC(=O)CC(C)=O,train_candidate,141
769539383,86f385aa0925171d22cc,234,CCOC(=O)CC(C)=O,train_candidate,192
769539383,9c7a6ce4172638d2abc7,235,CCOC(=O)CC(C)=O,train_candidate,293
769539383,982585c1a4e89f10713f,236,O=CCCc1ccccc1,train_candidate,138
769539383,36af0c588eb2e094a55e,237,O=CCCc1ccccc1,train_candidate,157
769539383,afcb9ffea06f12f9e0f5,238,O=CCCc1ccccc1,test,-1
769539383,e584c52185ccefd22a26,239,O=CCCc1ccccc1,train_candidate,61
769539383,39e40f336da135e6a7b5,240,O=CCCc1ccccc1,train_candidate,222
769539383,e3c9408f01aa7642870f,241,O=CCCc1ccccc1,train_candidate,338
769539383,155ad3f702726e253c4d,242,O=CCCc1ccccc1,train_candidate,486
769539383,f84aa17604ca7f927b8c,243,C=CC(=O)OCCOc1ccccc1,train_candidate,302
769539383,6b8023df74ccc51e5c76,244,C=CC(=O)OCCOc1ccccc1,train_candidate,423
769539383,b056b793f5b571e6cdee,245,C=CC(=O)OCCOc1ccccc1,train_candidate,178
769539383,934f00061cc32bab10e8,246,C=CC(=O)OCCOc1ccccc1,train_candidate,351
769539383,b983d4c3094d909b570e,247,C=CC(=O)OCCOc1ccccc1,train_candidate,296
769539383,b6f53d16978daf702470,248,C=CC(=O)OCCOc1ccccc1,train_candidate,181
769539383,9563dde5c28fb62e4f7e,249,C=CC(=O)OCCOc1ccccc1,train_candidate,490
769539383,de2563a5f711307823f1,250,C=CC(=O)OC1CCCCC1,test,-1
769539383,e2e681b0653ec64f7c14,251,C=CC(=O)OC1CCCCC1,train_candidate,107
769539383,fbf392edaddff6347b58,252,C=CC(=O)OC1CCCCC1,train_candidate,118
769539383,3955ae590ac179d279b6,253,C=CC(=O)OC1CCCCC1,train_candidate,502
769539383,db51f6df02555cb9c264,254,C=CC(=O)OC1CCCCC1,test,-1
769539383,2195290d04210cdb253f,255,C=CC(=O)OC1CCCCC1,train_candidate,369
769539383,8063e3de9de70b75def1,256,C=CC(=O)OC1CCCCC1,train_candidate,407
769539383,88771c5c64ed839a4436,257,C=CC(=O)OCc1ccccc1,train_candidate,364
769539383,b5365d56777fde5c4dfc,258,C=CC(=O)OCc1ccccc1,train_candidate,416
769539383,4513e318c9d037303b13,259,C=CC(=O)OCc1ccccc1,train_candidate,501
769539383,efca00a284b2cadc5737,260,C=CC(=O)OCc1ccccc1,train_candidate,169
769539383,b473ef06a415d0f114b0,261,C=CC(=O)OCc1ccccc1,train_candidate,82
769539383,df02863943321996441f,262,C=CC(=O)OCc1ccccc1,train_candidate,197
769539383,194278dd9ee3d2407ed5,263,C=CC(=O)OCc1ccccc1,train_candidate,84
769539383,cc31b914acbab022eb9a,264,COC(=O)C(C)(C)Br,train_candidate,440
769539383,a9eea85ddeee2da33706,265,COC(=O)C(C)(C)Br,train_candidate,313
769539383,640353c89b3ce64ee98b,266,COC(=O)C(C)(C)Br,test,-1
769539383,b11bb6293c307f7f7282,267,COC(=O)C(C)(C)Br,test,-1
769539383,77b0577e6b0adb649e63,268,COC(=O)C(C)(C)Br,validation,-1
769539383,543561ac99bc28db6f2f,269,COC(=O)C(C)(C)Br,train_candidate,75
769539383,056255620b7acc9c630f,270,COC(=O)C(C)(C)Br,train_candidate,336
769539383,7b1589ae321d27608509,271,COC(=O)CS,test,-1
769539383,0fee19a828ef997229fd,272,COC(=O)CS,train_candidate,51
769539383,222dede783147d5efa63,273,COC(=O)CS,train_candidate,494
769539383,d9a40ac35b79fbcf214a,274,COC(=O)CS,train_candidate,322
769539383,aaf22f8324aad12a55fa,275,COC(=O)CS,train_candidate,393
769539383,a9bfabe931467745353e,276,COC(=O)CS,train_candidate,287
769539383,be7d68067464e72d0b8d,277,COC(=O)CS,train_candidate,352
769539383,b418a712463f5abf8b81,278,CC(=O)CCCCl,train_candidate,270
769539383,850a69ce73ac04035aa3,279,CC(=O)CCCCl,test,-1
769539383,7c4153fe9561da818ae1,280,CC(=O)CCCCl,train_candidate,218
769539383,a67016d937c499be9d64,281,CC(C)=CCBr,test,-1
769539383,4559d83db38cc3c39d13,282,CC(C)=CCBr,train_candidate,469
769539383,bf8409f12dae2388c6a0,283,CC(C)=CCBr,train_candidate,477
769539383,832899abb44b8d2246cd,284,CC(C)=CCBr,train_candidate,412
769539383,5729cc87eb48a75655ad,285,CC(C)=CCBr,train_candidate,142
769539383,adb6d48eec0fb576d7fc,286,CC(C)=CCBr,train_candidate,471
769539383,bc789871fe39d967a9e0,287,CC(C)=CCBr,train_candidate,245
769539383,fff65bc451d163b1b106,288,C=CC(=O)OCCCCCCCCCCCC,train_candidate,378
769539383,c761659793c5929e2214,289,C=CC(=O)OCCCCCCCCCCCC,train_candidate,232
769539383,4c7d7c5f8b0c317c5548,290,C=CC(=O)OCCCCCCCCCCCC,train_candidate,120
769539383,a9656ffd805f80fcf143,291,C=CC(=O)OCCCCCCCCCCCC,train_candidate,361
769539383,da10d2f67a989e8b16b5,292,C=CC(=O)OCCCCCCCCCCCC,train_candidate,455
769539383,7ca22b2f4d23a7afb10e,293,C=CC(=O)OCCCCCCCCCCCC,train_candidate,251
769539383,38f57a9d08efd5f070d0,294,C=CC(=O)OCCCCCCCCCCCC,train_candidate,505
769539383,1619a0c8b233772ba0c0,295,C=CC(=O)O[C@@H]1C[C@H]2CC[C@]1(C)C2(C)C,train_candidate,203
769539383,0b9968c1280b5e4f726a,296,C=CC(=O)O[C@@H]1C[C@H]2CC[C@]1(C)C2(C)C,train_candidate,247
769539383,0d5196ceda603b66bd22,297,C=CC(=O)O[C@@H]1C[C@H]2CC[C@]1(C)C2(C)C,test,-1
769539383,244e5c6375ff0c923725,298,C=CC(=O)O[C@@H]1C[C@H]2CC[C@]1(C)C2(C)C,train_candidate,421
769539383,4f34bbce67c94a44318a,299,C=CC(=O)O[C@@H]1C[C@H]2CC[C@]1(C)C2(C)C,train_candidate,478
769539383,0f8a39d1c0a7eaf35c75,300,C=CC(=O)O[C@@H]1C[C@H]2CC[C@]1(C)C2(C)C,train_candidate,83
769539383,6de4f7fd8ac19d183348,301,C=CC(=O)O[C@@H]1C[C@H]2CC[C@]1(C)C2(C)C,test,-1
769539383,8bac25cfab022a9fb887,302,C=CC(=O)OCC(CC)CCCC,train_candidate,344
769539383,aeef2128392508cc81cc,303,C=CC(=O)OCC(CC)CCCC,test,-1
769539383,a2eefb55da4d47a4347b,304,C=CC(=O)OCC(CC)CCCC,train_candidate,347
769539383,3c7f7a7105a5eb39ca89,305,C=CC(=O)OCC(CC)CCCC,test,-1
769539383,2bf67acb4c861cf83990,306,C=CC(=O)OCC(CC)CCCC,train_candidate,337
769539383,d67e364fd6830aa2bf6f,307,C=CC(=O)OCC(CC)CCCC,train_candidate,300
769539383,84caf30ea66b29e2ea91,308,C=CC(=O)OCC(CC)CCCC,train_candidate,479
769539383,1bd5bb3744b78ada7307,309,FC(F)(F)c1cc(Br)cc(C(F)(F)F)c1,train_candidate,184
769539383,dd7fdbe3fa3800e6499f,310,FC(F)(F)c1cc(Br)cc(C(F)(F)F)c1,train_candidate,140
769539383,ab84efb31c801e49c87c,311,FC(F)(F)c1cc(Br)cc(C(F)(F)F)c1,train_candidate,489
769539383,69f6dbdc304c0475f868,312,FC(F)(F)c1cc(Br)cc(C(F)(F)F)c1,train_candidate,23
769539383,a43656cab81e1b0fcccf,313,FC(F)(F)c1cc(Br)cc(C(F)(F)F)c1,train_candidate,463
769539383,bcf8bb13e4fca185fe68,314,FC(F)(F)c1cc(Br)cc(C(F)(F)F)c1,train_candidate,284
769539383,fe71f29c800d4ee35138,315,FC(F)(F)c1cc(Br)cc(C(F)(F)F)c1,train_candidate,458
769539383,2416be80d114ff60224d,316,O=Cc1ccc(Cl)cc1Br,train_candidate,137
769539383,9201cead3641f52a1f20,317,O=Cc1ccc(Cl)cc1Br,train_candidate,95
769539383,49276f9b1cc72d41bbfd,318,O=Cc1ccc(Cl)cc1Br,train_candidate,453
769539383,6cb8bbf843e6064ce249,319,O=Cc1ccc(Cl)cc1Br,train_candidate,448
769539383,a6b1d92e3de602f8963c,320,O=Cc1ccc(Cl)cc1Br,test,-1
769539383,135ac7deca522d1e7929,321,O=Cc1ccc(Cl)cc1Br,train_candidate,175
769539383,0f3bd8418ab9ba9d1ed2,322,O=Cc1ccc(Cl)cc1Br,train_candidate,413
769539383,6cd5860914563da59932,323,O=Cc1ccc2c(c1)CCO2,train_candidate,476
769539383,5179c3962ada5450dde7,324,O=Cc1ccc2c(c1)CCO2,train_candidate,14
769539383,ad45b4b8aaed2c2b0b33,325,O=Cc1ccc2c(c1)CCO2,train_candidate,189
769539383,6c8de7fb3dbd4f5adabf,326,O=Cc1ccc2c(c1)CCO2,train_candidate,35
769539383,f72724ff299c47641488,327,COc1cc(F)cc(Br)c1,train_candidate,474
769539383,2cde006ff48a36a368d2,328,COc1cc(F)cc(Br)c1,train_candidate,213
769539383,09879f6853acb50e1280,329,COc1cc(F)cc(Br)c1,train_candidate,8
769539383,cd492dbc52d170e5a396,330,COc1cc(F)cc(Br)c1,train_candidate,73
769539383,e1244cc412f81ac11bd3,331,COc1cc(F)cc(Br)c1,train_candidate,85
769539383,69bed1df8dc3cf82927c,332,COc1cc(F)cc(Br)c1,test,-1
769539383,adc9f476f8b5d66fa85d,333,COc1cc(F)cc(Br)c1,train_candidate,462
769539383,e7e3cdff8a4b43574b19,334,CC(C)(C)c1cc(C=O)cc(C(C)(C)C)c1,train_candidate,5
769539383,22fcaa293d9525e1f4e7,335,CC(C)(C)c1cc(C=O)cc(C(C)(C)C)c1,train_candidate,105
769539383,5965305884ee5fba94d8,336,CC(C)(C)c1cc(C=O)cc(C(C)(C)C)c1,train_candidate,106
769539383,556baeed852270e9c0fc,337,CC(C)(C)c1cc(C=O)cc(C(C)(C)C)c1,train_candidate,233
769539383,376fc6387117429bcb19,338,CC(C)(C)c1cc(C=O)cc(C(C)(C)C)c1,train_candidate,484
769539383,3fbc880a145bcc2155c9,339,CC(C)(C)c1cc(C=O)cc(C(C)(C)C)c1,train_candidate,350
769539383,2964279ae2fd8a820ae1,340,CC(C)(C)c1cc(C=O)cc(C(C)(C)C)c1,train_candidate,349
769539383,c084940b1be4fa61738d,341,COc1cc(Br)cc(OC)c1,train_candidate,113
769539383,deac65153d9204a230ec,342,COc1cc(Br)cc(OC)c1,train_candidate,374
769539383,b5f0b6271cd244ade9a3,343,COc1cc(Br)cc(OC)c1,train_candidate,25
769539383,79723584590c0a689474,344,COc1cc(Br)cc(OC)c1,train_candidate,376
769539383,984bc17b1da105c753eb,345,COc1cc(Br)cc(OC)c1,train_candidate,362
769539383,1b7e334ea83516d08ff5,346,COc1cc(Br)cc(OC)c1,test,-1
769539383,b8018c4bdaadd42a057a,347,COc1cc(Br)cc(OC)c1,train_candidate,26
769539383,3b03dfa8ff44ff554734,348,O=Cc1cc(Br)ccc1O,train_candidate,122
769539383,167f49f748fa35bdb29e,349,O=Cc1cc(Br)ccc1O,train_candidate,7
769539383,7e19b816ecd8282ce2a1,350,O=Cc1cc(Br)ccc1O,train_candidate,285
769539383,0dffde5d00d50ee96173,351,O=Cc1cc(Br)ccc1O,train_candidate,386
769539383,65bfb38b53dd53bc4f4c,352,O=Cc1cc(Br)ccc1O,train_candidate,422
769539383,e79c5aedcfa41a5f23c9,353,O=Cc1cc(Br)ccc1O,train_candidate,53
769539383,27b234a05f8c66fd059f,354,O=Cc1cc(Br)ccc1O,train_candidate,250
769539383,1bf52d57e3b0d9ef0662,355,Cc1ccc(Cl)cc1Br,train_candidate,240
769539383,867407c66038f21466a8,356,Cc1ccc(Cl)cc1Br,test,-1
769539383,fb19bbc052a528249f36,357,Cc1ccc(Cl)cc1Br,train_candidate,76
769539383,13bebd0b1ab22fc7e93b,358,Cc1ccc(Cl)cc1Br,train_candidate,238
769539383,c1b4c0f7481c01c40ec6,359,Cc1ccc(Cl)cc1Br,train_candidate,100
769539383,bb159f5b8695e842d4ff,360,Cc1ccc(Cl)cc1Br,train_candidate,37
769539383,ce70dba7026ce0b64f62,361,Cc1ccc(Cl)cc1Br,train_candidate,183
769539383,a5ea3136b642f8a49607,362,N#Cc1ccccc1Br,train_candidate,329
769539383,8671b386166171ebd7f7,363,N#Cc1ccccc1Br,train_candidate,320
769539383,d344b363b8c01e73a6fa,364,N#Cc1ccccc1Br,train_candidate,28
769539383,70e13ddfe9e6cc9b0f56,365,N#Cc1ccccc1Br,train_candidate,398
769539383,35046c5ff35d8c8617bb,366,N#Cc1ccccc1Br,train_candidate,340
769539383,848f6c84b4d5fc44c3c2,367,N#Cc1ccccc1Br,train_candidate,202
769539383,0974fc9cbeb3820c4065,368,Cc1ccc(C=O)c(C)c1,train_candidate,54
769539383,bc486e940c369b85ce28,369,Cc1ccc(C=O)c(C)c1,train_candidate,404
769539383,9a29b268530b7a3321a0,370,Cc1ccc(C=O)c(C)c1,test,-1
769539383,51394d9af7adc7eff816,371,Cc1ccc(C=O)c(C)c1,train_candidate,262
769539383,5cbed870fef2de105046,372,Cc1ccc(C=O)c(C)c1,test,-1
769539383,dbb854b36df7ed31d95f,373,Cc1ccc(C=O)c(C)c1,train_candidate,228
769539383,0c0f89307cc4aff87ab6,374,Cc1ccc(C=O)c(C)c1,train_candidate,47
769539383,a5d9706079ccfee3bdf4,375,COCCOC(=O)CC(C)=O,train_candidate,18
769539383,bacef06b4d4d7374a4e4,376,COCCOC(=O)CC(C)=O,train_candidate,110
769539383,74097878150c8a5a8d79,377,COCCOC(=O)CC(C)=O,train_candidate,38
769539383,47404d0982a587f0393e,378,COCCOC(=O)CC(C)=O,train_candidate,67
769539383,fb80794857ddc46e142c,379,CC(=O)c1ccc2c(c1)OCO2,test,-1
769539383,6f34563b6236c57b9c60,380,CC(=O)c1ccc2c(c1)OCO2,train_candidate,499
769539383,147b560e4c606680c7b2,381,CC(=O)c1ccc2c(c1)OCO2,train_candidate,102
769539383,7396668aaa8d372aa464,382,CC(=O)c1ccc2c(c1)OCO2,train_candidate,265
769539383,78b04c44dfa852f4e621,383,CC(=O)c1ccc2c(c1)OCO2,train_candidate,242
769539383,f191e08b3e95928a5423,384,CC(=O)c1ccc2c(c1)OCO2,train_candidate,130
769539383,f5634113e0822bda1c03,385,CC(=O)c1ccc2c(c1)OCO2,train_candidate,430
769539383,45264f1c88b241fb888c,386,CC(=O)c1c(C)cc(C)cc1C,train_candidate,406
769539383,7b0fa77cbbcbd8e7c87a,387,CC(=O)c1c(C)cc(C)cc1C,train_candidate,273
769539383,c514f60c28973fc116c5,388,CC(=O)c1c(C)cc(C)cc1C,test,-1
769539383,b63d546347919cb66716,389,CC(=O)c1c(C)cc(C)cc1C,train_candidate,370
769539383,823c667f35cddfcbc346,390,CC(=O)c1c(C)cc(C)cc1C,train_candidate,97
769539383,d2955aa36bd2b103c981,391,CC(=O)c1c(C)cc(C)cc1C,train_candidate,125
769539383,4ce730c9ad4e20a0386e,392,CC(=O)c1c(C)cc(C)cc1C,train_candidate,43
769539383,f3531a1565c8159ac5e2,393,CC(=O)c1ccc(C)cc1C,train_candidate,123
769539383,c359fd726e50e2123f43,394,CC(=O)c1ccc(C)cc1C,train_candidate,324
769539383,a9a623a9853c6b493ce4,395,CC(=O)c1ccc(C)cc1C,train_candidate,149
769539383,784ca4af1517dac8cd11,396,CC(=O)c1ccc(C)cc1C,train_candidate,24
769539383,4c36e8e7d179b4bfa11a,397,CC(=O)c1ccc(C)cc1C,train_candidate,74
769539383,77fe8c752e01feedccfa,398,CC(=O)c1ccc(C)cc1C,train_candidate,135
769539383,0a1949b42050f41b0db4,399,CC(=O)c1ccc(C)cc1C,train_candidate,363
769539383,118d66c0e53f510c51ed,400,CC(=O)c1ccc2c(c1)Cc1ccccc1-2,train_candidate,224
769539383,38aa81d53a6b39e9d8ef,401,CC(=O)c1ccc2c(c1)Cc1ccccc1-2,train_candidate,21
769539383,c780d2f5194817087e07,402,CC(=O)c1ccc2c(c1)Cc1ccccc1-2,train_candidate,144
769539383,546046afb5114d631360,403,CC(=O)c1ccc2c(c1)Cc1ccccc1-2,train_candidate,258
769539383,dc9f747c03c55d77bf72,404,BrC(=C(c1ccccc1)c1ccccc1)c1ccccc1,train_candidate,333
769539383,d29c00125d1c5dc55586,405,BrC(=C(c1ccccc1)c1ccccc1)c1ccccc1,train_candidate,223
769539383,509e53644c411798f5b0,406,BrC(=C(c1ccccc1)c1ccccc1)c1ccccc1,train_candidate,500
769539383,5ac5df671efee45d3ddf,407,BrC(=C(c1ccccc1)c1ccccc1)c1ccccc1,train_candidate,219
769539383,1e8c03a5d84f08329475,408,BrC(=C(c1ccccc1)c1ccccc1)c1ccccc1,train_candidate,379
769539383,a7f9a08159d001c30f67,409,BrC(=C(c1ccccc1)c1ccccc1)c1ccccc1,train_candidate,64
769539383,97feb43dae8371e80d3b,410,BrC(=C(c1ccccc1)c1ccccc1)c1ccccc1,train_candidate,441
769539383,2f612d3ec5e270672ad1,411,C/C(=N\O)c1ccccc1,train_candidate,155
769539383,b089551184e4d70e386d,412,C/C(=N\O)c1ccccc1,train_candidate,402
769539383,95f7b6c8f44b25feade0,413,C/C(=N\O)c1ccccc1,test,-1
769539383,b0f39affa1970d2700b7,414,C/C(=N\O)c1ccccc1,test,-1
769539383,af2973fb82b6d79d8c5e,415,C/C(=N\O)c1ccccc1,train_candidate,158
769539383,3545611fd9950a160288,416,C/C(=N\O)c1ccccc1,train_candidate,271
769539383,786c4179676f46638e4a,417,O=C(c1ccccc1)c1ccc(Cl)cc1,train_candidate,276
769539383,937105af8867732c56ec,418,O=C(c1ccccc1)c1ccc(Cl)cc1,train_candidate,318
769539383,711f210d4869259d0651,419,O=C(c1ccccc1)c1ccc(Cl)cc1,train_candidate,507
769539383,26bb8ff67b7738527484,420,O=C(c1ccccc1)c1ccc(Cl)cc1,train_candidate,9
769539383,6624c43f78e6697c8ac9,421,O=C(c1ccccc1)c1ccc(Cl)cc1,train_candidate,200
769539383,f9b97e958092bd5cb81a,422,O=C(c1ccccc1)c1ccc(Cl)cc1,train_candidate,17
769539383,2d53109003f718b780fa,423,Cc1ccc(C(=O)c2ccccc2)cc1C,train_candidate,68
769539383,b9b624baffe611c30836,424,Cc1ccc(C(=O)c2ccccc2)cc1C,train_candidate,177
769539383,f8a590eaa91d155f61da,425,Cc1ccc(C(=O)c2ccccc2)cc1C,train_candidate,487
769539383,2fcaa537474ba2ae579f,426,Cc1ccc(C(=O)c2ccccc2)cc1C,test,-1
769539383,d914e4c833f2df567cac,427,Cc1ccc(C(=O)c2ccccc2)cc1C,train_candidate,3
769539383,5048acae682925888d12,428,Cc1ccc(C(=O)c2ccccc2)cc1C,train_candidate,22
769539383,41927f703a0632f098fb,429,CC(=O)CC(=O)c1ccccc1,train_candidate,42
769539383,760d0bf0ec31747d3969,430,CC(=O)CC(=O)c1ccccc1,train_candidate,420
769539383,d71aab82a8179d05294a,431,CC(=O)CC(=O)c1ccccc1,train_candidate,114
769539383,25ffb25df5bec65a633b,432,CC(=O)CC(=O)c1ccccc1,train_candidate,353
769539383,92d69b1849c34b7f1a80,433,CCOC(=O)C(Cc1ccccc1)C(C)=O,test,-1
769539383,a289439d96e27bec7cbc,434,CCOC(=O)C(Cc1ccccc1)C(C)=O,train_candidate,93
769539383,4707a180fe4230c208ff,435,CCOC(=O)C(Cc1ccccc1)C(C)=O,train_candidate,244
769539383,41921840a5681261ba98,436,CCOC(=O)C(Cc1ccccc1)C(C)=O,train_candidate,388
769539383,b5080cde4f493a415fc5,437,CCOC(=O)C(Cc1ccccc1)C(C)=O,validation,-1
769539383,1bbec08f4838f06da0fb,438,CCOC(=O)C(Cc1ccccc1)C(C)=O,train_candidate,46
769539383,bd0519702a5756bc3c94,439,CCOC(=O)C(Cc1ccccc1)C(C)=O,train_candidate,49
769539383,b7fa3dd8e6040788ae14,440,CCOC(=O)c1cccnc1,train_candidate,32
769539383,2deca509a22158d15375,441,CCOC(=O)c1cccnc1,train_candidate,354
769539383,b48dea92ecfc07816494,442,CCOC(=O)c1cccnc1,train_candidate,115
769539383,82fa7e7b3bd183853280,443,CCOC(=O)c1cccnc1,test,-1
769539383,7ba2cf5e6ca289d9810f,444,CCOC(=O)c1cccnc1,train_candidate,116
769539383,7dec4c1259ce3660b729,445,COc1ccc(OC)c(Br)c1,train_candidate,2
769539383,768064b2e2a953d147d0,446,COc1ccc(OC)c(Br)c1,train_candidate,317
769539383,212154e56fe15a3333a2,447,COc1ccc(OC)c(Br)c1,train_candidate,210
769539383,c56a92db4ce7de66bee1,448,COc1ccc(OC)c(Br)c1,train_candidate,182
769539383,48b99ebef2fd7718f678,449,COc1ccc(OC)c(Br)c1,train_candidate,472
769539383,6da48b9dd6e1ed7e26fd,450,COc1ccc(OC)c(Br)c1,train_candidate,382
769539383,a2eeeea4e6525c9d22d4,451,COc1ccc(OC)c(Br)c1,train_candidate,65
769539383,1e0e33b1a77df72f4dd8,452,OCc1cccc(Br)c1,test,-1
769539383,371711577127c07527e3,453,OCc1cccc(Br)c1,validation,-1
769539383,78d4810a82f060b5cf49,454,OCc1cccc(Br)c1,validation,-1
769539383,1c04f02c0ea8c00b358d,455,OCc1cccc(Br)c1,train_candidate,274
769539383,4bc0dc84991def63aa1b,456,O=C1CCCc2ccccc21,train_candidate,435
769539383,2433f7a3f7959e1d1b74,457,O=C1CCCc2ccccc21,train_candidate,168
769539383,944f0a85ec8978a60444,458,O=C1CCCc2ccccc21,train_candidate,196
769539383,8afc083342d1c2e7f78a,459,O=C1CCCc2ccccc21,train_candidate,78
769539383,c35ed383b2db14b3bc06,460,O=C1CCCc2ccccc21,train_candidate,174
769539383,d7c72c92165e2c129547,461,O=C1CCCc2ccccc21,train_candidate,230
769539383,e375bb01e53e46f8faee,462,O=C1CCCc2ccccc21,train_candidate,121
769539383,fdc873b5607287090ff3,463,CSc1ccc(C=O)cc1,train_candidate,94
769539383,80b4e33a8434ac29ed52,464,CSc1ccc(C=O)cc1,test,-1
769539383,ee60c3ffc43a4c2c965e,465,CSc1ccc(C=O)cc1,train_candidate,438
769539383,95f10fffb85ea1b1f47a,466,CSc1ccc(C=O)cc1,train_candidate,473
769539383,793d8259fd7820530cfe,467,Cc1ccccc1C=O,train_candidate,283
769539383,13fb1511fffef8fc96e0,468,Cc1ccccc1C=O,train_candidate,194
769539383,532a47d1b45e54d6326b,469,Cc1ccccc1C=O,train_candidate,99
769539383,dcd70c2b5039c4268d56,470,Cc1ccccc1C=O,train_candidate,316
769539383,22d860e7f246ca4272a4,471,Cc1ccccc1C=O,train_candidate,466
769539383,f21df276243d861dc2b2,472,Cc1ccccc1C=O,train_candidate,57
769539383,08820514e662ce6ea8f0,473,Cc1ccccc1C=O,train_candidate,294
769539383,d60e09bca01342c7cfa6,474,O=Cc1ccc(Br)cc1O,train_candidate,34
769539383,9dda290379fb047fc74d,475,O=Cc1ccc(Br)cc1O,train_candidate,77
769539383,4a58b799c494875f6f27,476,O=Cc1ccc(Br)cc1O,validation,-1
769539383,98a1ca00445d60f415d4,477,O=Cc1ccc(Br)cc1O,test,-1
769539383,ddecd252bb1099fb20f7,478,O=Cc1ccc(Br)cc1O,test,-1
769539383,226ebdbf914ce9333de8,479,O=Cc1ccc(Br)cc1O,train_candidate,371
769539383,99dd4a9a47de5c84b7c0,480,O=Cc1ccc(Br)cc1O,train_candidate,368
769539383,ecc7e2759499addc038f,481,CC(=O)c1ccc(Br)cc1,train_candidate,303
769539383,66c1ee6eed3d1587de50,482,CC(=O)c1ccc(Br)cc1,train_candidate,254
769539383,a26a131344d4dbd9645b,483,CC(=O)c1ccc(Br)cc1,train_candidate,87
769539383,f0edd899ac987a1de9dd,484,CC(=O)c1ccc(Br)cc1,test,-1
769539383,0e13b08b0f9c772699e1,485,CC(=O)c1ccc(Br)cc1,train_candidate,434
769539383,1254297404cc9db52ee2,486,CC(=O)c1ccc(Br)cc1,train_candidate,89
769539383,bc8e1d805b36b63cbfbe,487,CC(=O)c1ccc(Br)cc1,test,-1
769539383,cd998cddd3dcb4fc8c92,488,O=C(Cc1ccccc1)c1ccccc1,train_candidate,108
769539383,12e11e8eaee71fc57209,489,O=C(Cc1ccccc1)c1ccccc1,train_candidate,163
769539383,054457c7699aabd6c619,490,O=C(Cc1ccccc1)c1ccccc1,train_candidate,127
769539383,893e4c91da1b0b2f7d3e,491,O=C(Cc1ccccc1)c1ccccc1,train_candidate,456
769539383,18e8a9c1ea6aa15c0d01,492,O=C(Cc1ccccc1)c1ccccc1,train_candidate,79
769539383,bc582f1f4f4225f6d249,493,O=C(Cc1ccccc1)c1ccccc1,train_candidate,357
769539383,d92ef85db0d1c0979197,494,O=C(Cc1ccccc1)c1ccccc1,train_candidate,62
769539383,ddc0b27538aa926cbb6e,495,O=Cc1ccc(-c2ccccc2)cc1,train_candidate,491
769539383,6dcfe9b1e0958f22523b,496,O=Cc1ccc(-c2ccccc2)cc1,train_candidate,459
769539383,3cdf1bcd3739e20f72d2,497,O=Cc1ccc(-c2ccccc2)cc1,train_candidate,278
769539383,a8e4c6001ce3245c634b,498,O=Cc1ccc(-c2ccccc2)cc1,train_candidate,348
769539383,24b540d7814b4d9c5183,499,O=Cc1ccc(-c2ccccc2)cc1,train_candidate,411
769539383,b0cadf050313e9a3a162,500,O=Cc1ccc(-c2ccccc2)cc1,train_candidate,70
769539383,8837a8a19c37b63d2e48,501,O=Cc1ccc(-c2ccccc2)cc1,train_candidate,410
769539383,23a832560d234735d954,502,O=Cc1ccc2ccccc2c1Br,train_candidate,227
769539383,90777be8090491479de1,503,O=Cc1ccc2ccccc2c1Br,train_candidate,381
769539383,926a7862066269f98d62,504,O=Cc1ccc2ccccc2c1Br,train_candidate,401
769539383,2c51476c6fa3121c5dfc,505,O=Cc1ccc2ccccc2c1Br,train_candidate,415
769539383,5a9449a7562d442b8669,506,O=Cc1ccc2ccccc2c1Br,train_candidate,204
769539383,2cbca950d64fdcd81660,507,O=Cc1ccc2ccccc2c1Br,train_candidate,465
769539383,fb1fdaa4bc60434648f7,508,O=Cc1ccc2ccccc2c1Br,train_candidate,315
769539383,9e46dbe8a460d3f96a27,509,O=C(/C=C/c1ccccc1)c1ccccc1,train_candidate,16
769539383,31e75b850983502aa64f,510,O=C(/C=C/c1ccccc1)c1ccccc1,train_candidate,186
769539383,b566ed83f272904657ba,511,O=C(/C=C/c1ccccc1)c1ccccc1,train_candidate,159
769539383,c2be1e8f7c2c080f49f5,512,O=C(/C=C/c1ccccc1)c1ccccc1,train_candidate,433
769539383,fde2d968ab29d13d4f1d,513,O=C(/C=C/c1ccccc1)c1ccccc1,train_candidate,195
769539383,240da69c823911ff5ccc,514,O=C(/C=C/c1ccccc1)c1ccccc1,train_candidate,450
769539383,b2b26956a788c2a8c7e9,515,O=C(/C=C/c1ccccc1)c1ccccc1,test,-1
769539383,f3b80f5fe97d26fd8383,516,O=C(/C=C/c1ccccc1)/C=C/c1ccccc1,train_candidate,432
769539383,d60f7e6b21ea96567843,517,O=C(/C=C/c1ccccc1)/C=C/c1ccccc1,train_candidate,444
769539383,bb61793cbbbe2bfa4e12,518,O=C(/C=C/c1ccccc1)/C=C/c1ccccc1,train_candidate,241
769539383,d078d930aa37448ec4aa,519,O=C(/C=C/c1ccccc1)/C=C/c1ccccc1,train_candidate,160
769539383,8cd132f293d2823adc8d,520,O=C(/C=C/c1ccccc1)/C=C/c1ccccc1,train_candidate,355
769539383,88f58ab7b7cf02f8f134,521,O=C(/C=C/c1ccccc1)/C=C/c1ccccc1,train_candidate,405
769539383,17bdb259a18419ca296f,522,O=C(/C=C/c1ccccc1)/C=C/c1ccccc1,train_candidate,454
769539383,77c599d272254892b6ec,523,CC1CCC(=O)c2ccccc21,train_candidate,52
769539383,b393af61f6769ceccbc0,524,CC1CCC(=O)c2ccccc21,train_candidate,156
769539383,49668be051b44a819f00,525,CC1CCC(=O)c2ccccc21,train_candidate,92
769539383,ffa86b2ffa5ac89b0720,526,CC1CCC(=O)c2ccccc21,train_candidate,400
769539383,43aa4f12be94a8a96b35,527,CC1CCC(=O)c2ccccc21,train_candidate,319
769539383,c09fbafa246c8d17b677,528,CC1CCC(=O)c2ccccc21,train_candidate,119
769539383,f38afd5febe30c01c852,529,CC1CCC(=O)c2ccccc21,train_candidate,504
769539383,490ab56dde175e9b97f5,530,O=C(Cc1ccccc1F)C1CC1,train_candidate,335
769539383,3156893d5d2368c286a5,531,O=C(Cc1ccccc1F)C1CC1,train_candidate,356
769539383,5ca73775e77c8e07812b,532,O=C(Cc1ccccc1F)C1CC1,train_candidate,133
769539383,e90e636dced92c2b53d7,533,O=C(Cc1ccccc1F)C1CC1,train_candidate,190
769539383,21e4905ef98fba65035a,534,O=C(Cc1ccccc1F)C1CC1,train_candidate,468
769539383,2eda4e5a40a9021016cb,535,O=C(Cc1ccccc1F)C1CC1,test,-1
769539383,9c357cc9e9b8199eb1e0,536,O=C(Cc1ccccc1F)C1CC1,test,-1
769539383,51091e7a7f83732eaf1b,537,CCC(=O)c1cccc(Br)c1,train_candidate,417
769539383,71577790a52cb379d81f,538,CCC(=O)c1cccc(Br)c1,train_candidate,372
769539383,e3b2ac778da2b86aa873,539,CCC(=O)c1cccc(Br)c1,test,-1
769539383,1046fdfaf24728b107ba,540,CCC(=O)c1cccc(Br)c1,train_candidate,209
769539383,2e10d8b186d86053260f,541,CCC(=O)c1cccc(Br)c1,train_candidate,445
769539383,5111664a952a4ab7d54e,542,CCC(=O)c1cccc(Br)c1,train_candidate,467
769539383,ffcab07e0d31056e0d4a,543,CCC(=O)c1cccc(Br)c1,train_candidate,215
769539383,b6bb9be5584029502820,544,COCCCCC(=O)c1ccc(C(F)(F)F)cc1,train_candidate,128
769539383,60a000cb56517513c4d2,545,COCCCCC(=O)c1ccc(C(F)(F)F)cc1,train_candidate,339
769539383,677c30b5727454c7a81e,546,COCCCCC(=O)c1ccc(C(F)(F)F)cc1,train_candidate,383
769539383,94bc1858c275dcb3d476,547,COCCCCC(=O)c1ccc(C(F)(F)F)cc1,train_candidate,266
769539383,06c29062334b43b0d12f,548,COCCCCC(=O)c1ccc(C(F)(F)F)cc1,train_candidate,226
769539383,80e66bd0e8e9450537bb,549,COCCCCC(=O)c1ccc(C(F)(F)F)cc1,train_candidate,201
769539383,b82c7c8060589ec1974b,550,CCCC(=O)c1ccc(-c2ccccc2)cc1,train_candidate,206
769539383,57e291b74a249c9dd3ff,551,CCCC(=O)c1ccc(-c2ccccc2)cc1,train_candidate,146
769539383,7d6bcd84e5a6861fc8fc,552,CCCC(=O)c1ccc(-c2ccccc2)cc1,train_candidate,497
769539383,2d37adf0d65a19bc2c0c,553,CCCC(=O)c1ccc(-c2ccccc2)cc1,train_candidate,239
769539383,3c892a45de6ec4625f37,554,CCCC(=O)c1ccc(-c2ccccc2)cc1,train_candidate,457
769539383,e2c826d98b2bbeb6f48b,555,CCCC(=O)c1ccc(-c2ccccc2)cc1,train_candidate,111
769539383,ce61c0bd799e65402b75,556,CCCC(=O)c1ccc(-c2ccccc2)cc1,train_candidate,173
769539383,0f05b5ba6eb528d54b4b,557,O=C(c1ccccc1)c1cccc(C(=O)c2ccccc2)c1,test,-1
769539383,c4412adf038c7f6ea3c2,558,O=C(c1ccccc1)c1cccc(C(=O)c2ccccc2)c1,train_candidate,225
769539383,182fc7fe888dbb9535bb,559,O=C(c1ccccc1)c1cccc(C(=O)c2ccccc2)c1,train_candidate,275
769539383,8abf9c0719e2d67a22f9,560,O=C(c1ccccc1)c1cccc(C(=O)c2ccccc2)c1,train_candidate,216
769539383,b8a4c06710d95c33cfe1,561,O=C(c1ccccc1)c1cccc(C(=O)c2ccccc2)c1,train_candidate,451
769539383,7e451fd74af5bfa51ac9,562,O=C(c1ccccc1)c1cccc(C(=O)c2ccccc2)c1,train_candidate,488
769539383,07e9bc7a9d27fdd58c2f,563,O=C(c1ccccc1)c1cccc(C(=O)c2ccccc2)c1,train_candidate,69
769539383,2f828b7aa8c3e93352da,564,CCC(=O)c1cccnc1,test,-1
769539383,4365d2fb106c18823aac,565,CCC(=O)c1cccnc1,test,-1
769539383,4c6a8ef1c87748df99f2,566,CCC(=O)c1cccnc1,train_candidate,281
769539383,aca0ef1613a0a07a0431,567,O=C(CCCCl)c1ccc(F)cc1,train_candidate,443
769539383,f98f5943ca73a5b809a1,568,O=C(CCCCl)c1ccc(F)cc1,train_candidate,268
769539383,405638494c5a95206866,569,O=C(CCCCl)c1ccc(F)cc1,train_candidate,167
769539383,76e188b0e48b99f36582,570,O=C(CCCCl)c1ccc(F)cc1,train_candidate,117
769539383,26aa0143305ac532a560,571,O=C(CCCCl)c1ccc(F)cc1,train_candidate,321
769539383,283be89c092cfa4a5cbb,572,O=C(CCCCl)c1ccc(F)cc1,train_candidate,29
769539383,0ffc20c3f979502b8a09,573,O=C(CCCCl)c1ccc(F)cc1,train_candidate,147
1425370602,bbabdb9085edbb8c178b,0,CC(C)(CCl)c1ccccc1,train_candidate,284
1425370602,96dc3dc2ebd074200228,1,CC(C)(CCl)c1ccccc1,test,-1
1425370602,6322e8f867a741eed74c,2,CC(C)(CCl)c1ccccc1,train_candidate,219
1425370602,c2b0aff65443af0a8618,3,CC(C)(CCl)c1ccccc1,train_candidate,234
1425370602,f4b69d88ad1d916ee71a,4,CC(C)(CCl)c1ccccc1,train_candidate,173
1425370602,0f3559d035355b0eec80,5,CC(C)(CCl)c1ccccc1,train_candidate,117
1425370602,d29a94054067cd60dd70,6,CC(C)(CCl)c1ccccc1,train_candidate,205
1425370602,31d92ca6486b229184cf,7,OCCCc1ccccc1,train_candidate,158
1425370602,8a84cca322477165b719,8,OCCCc1ccccc1,train_candidate,199
1425370602,9cf769277f6b42d15f11,9,OCCCc1ccccc1,train_candidate,322
1425370602,7a0a82051f50d5b0c89c,10,OCCCc1ccccc1,train_candidate,100
1425370602,c79f29f048bbfd157f98,11,BrCCCc1ccccc1,train_candidate,341
1425370602,df0074b49eeb620c0768,12,BrCCCc1ccccc1,train_candidate,405
1425370602,f0097bc6b7827ef65922,13,BrCCCc1ccccc1,train_candidate,12
1425370602,44348f5c4aea3b41ee9d,14,BrCCCc1ccccc1,train_candidate,333
1425370602,482cb91fac7f2a936dca,15,BrCCCc1ccccc1,train_candidate,348
1425370602,a5c6210123f05414ffc0,16,BrCCCc1ccccc1,train_candidate,122
1425370602,a82e55e1cd19814ea307,17,BrCCCc1ccccc1,train_candidate,335
1425370602,6ee3c70647b37dcd5417,18,ClCCCc1ccccc1,train_candidate,80
1425370602,2c7e37ef828eb17c78fb,19,ClCCCc1ccccc1,train_candidate,393
1425370602,7ab9c351196ad891e172,20,ClCCCc1ccccc1,train_candidate,170
1425370602,7062ca665af0f9bba6c9,21,ClCCCc1ccccc1,train_candidate,34
1425370602,6644e934f59d8b816b9f,22,ClCCCc1ccccc1,train_candidate,39
1425370602,8cc7c76a92a4474d7c6a,23,ClCCCc1ccccc1,test,-1
1425370602,c883df6ea04f89f45f03,24,ClCCCc1ccccc1,test,-1
1425370602,46ed1e35ca65ace74790,25,COc1ccc(CO)cc1,train_candidate,374
1425370602,ec581cec37da9563e756,26,COc1ccc(CO)cc1,test,-1
1425370602,c2bd8e8f13a96726e7fc,27,COc1ccc(CO)cc1,train_candidate,362
1425370602,f1afcbd393ce4f5a6316,28,COc1ccc(CO)cc1,train_candidate,180
1425370602,2909efb29670d8f2286d,29,CCOC(=O)C(C)(C)Br,test,-1
1425370602,56b391fdec7a2a622e52,30,CCOC(=O)C(C)(C)Br,train_candidate,91
1425370602,8a9485661ac2c4576006,31,CCOC(=O)C(C)(C)Br,train_candidate,486
1425370602,7f6d1cdee16de4a37a21,32,CCOC(=O)C(C)(C)Br,train_candidate,149
1425370602,fd7bf535ef538434b384,33,CCOC(=O)C(C)(C)Br,train_candidate,410
1425370602,651bb6b60c62819a4323,34,CCOC(=O)C(C)(C)Br,train_candidate,269
1425370602,2a61203b59218a3cbdc6,35,CCOC(=O)C(C)(C)Br,train_candidate,132
1425370602,6d6c0510303dec89b2fe,36,COc1ccc(C=O)cc1,test,-1
1425370602,f81dc37125414986a0bb,37,COc1ccc(C=O)cc1,test,-1
1425370602,400615278105cebb3ed9,38,COc1ccc(C=O)cc1,test,-1
1425370602,5d04f6757b59f5c356bb,39,COc1ccc(C=O)cc1,test,-1
1425370602,a074620f6970d8f89567,40,COc1ccc(C=O)cc1,train_candidate,380
1425370602,454c1ea3beebbec4befe,41,COc1ccc(C=O)cc1,train_candidate,356
1425370602,f95928e2618ed15e654f,42,COc1ccc(C=O)cc1,train_candidate,134
1425370602,3a02b99399bb0c3e9ff9,43,COC(=O)C#CC(=O)OC,train_candidate,478
1425370602,b80a4f9e4b61f534ee9e,44,COC(=O)C#CC(=O)OC,train_candidate,325
1425370602,2690de155843f45b00a3,45,COC(=O)C#CC(=O)OC,train_candidate,224
1425370602,549eb8499df5181b3558,46,COC(=O)C#CC(=O)OC,validation,-1
1425370602,02c141e2551937d10f4e,47,COC(=O)C#CC(=O)OC,train_candidate,442
1425370602,9069807baff6cbfbde75,48,COC(=O)C#CC(=O)OC,train_candidate,358
1425370602,1fe1163f7d97c16f3822,49,CC(=O)c1ccccc1,train_candidate,255
1425370602,1e86d81fe1995d367fe1,50,CC(=O)c1ccccc1,train_candidate,267
1425370602,614e6d0929b0845d454b,51,CC(=O)c1ccccc1,test,-1
1425370602,358681452207464d171e,52,CC(=O)c1ccccc1,test,-1
1425370602,c00e01085f35d19cd90f,53,CC(=O)c1ccccc1,train_candidate,177
1425370602,a542d702abb1fa77a6fc,54,CC(=O)c1ccccc1,train_candidate,89
1425370602,77577e6f6f0aa6789972,55,CCOC(=O)C(C)Br,train_candidate,270
1425370602,298017c801a97653f57d,56,CCOC(=O)C(C)Br,train_candidate,329
1425370602,849796401ee485c617a5,57,CCOC(=O)C(C)Br,train_candidate,120
1425370602,67cc8304e3e618d7416a,58,CCOC(=O)C(C)Br,train_candidate,104
1425370602,c7bc53c45a1962a88ec3,59,CCOC(=O)C(C)Br,train_candidate,455
1425370602,76b9db19f45b8222d962,60,CCOC(=O)C(C)Br,test,-1
1425370602,0279fb0f7dba4b54a816,61,CCOC(=O)CC(=O)c1ccccc1,train_candidate,503
1425370602,ca203ccf20ce8e74d86d,62,CCOC(=O)CC(=O)c1ccccc1,train_candidate,202
1425370602,029d48fc98a886c9fec4,63,CCOC(=O)CC(=O)c1ccccc1,train_candidate,154
1425370602,1e578360bd7749f6b397,64,CCOC(=O)CC(=O)c1ccccc1,train_candidate,290
1425370602,05c14d26f4aa6f7c48b0,65,CCOC(=O)CC(=O)c1ccccc1,train_candidate,156
1425370602,53d046afde1259a727f9,66,CCOC(=O)CC(=O)c1ccccc1,train_candidate,433
1425370602,35ba50ab027f5f170aba,67,CCOC(=O)CC(=O)c1ccccc1,train_candidate,114
1425370602,130d76d2d46a287c5dea,68,CC(=O)c1ccccc1C,train_candidate,355
1425370602,3ef4b1ab56fe40940b42,69,CC(=O)c1ccccc1C,train_candidate,280
1425370602,a340148c4096f80cc125,70,CC(=O)c1ccccc1C,test,-1
1425370602,57af4b867d9cd419ebb9,71,CC(=O)c1ccccc1C,train_candidate,264
1425370602,ff8745125a0eeb17c1e5,72,CC(=O)c1ccccc1C,train_candidate,46
1425370602,41a468134f078d2de17d,73,CC(=O)c1ccccc1C,train_candidate,127
1425370602,b4899d5d03e44fbf885c,74,CC(=O)c1ccccc1C,train_candidate,249
1425370602,bd93eaa60288fd0d5e89,75,CC(=O)c1ccc(C)cc1,train_candidate,428
1425370602,2797757b00a9f254ef2e,76,CC(=O)c1ccc(C)cc1,train_candidate,354
1425370602,fad37552a4a2eae19961,77,CC(=O)c1ccc(C)cc1,train_candidate,488
1425370602,6936556d392803de12ed,78,CC(=O)c1ccc(C)cc1,train_candidate,482
1425370602,fd3f8b6ec11d13a8412d,79,CC(=O)c1ccc(C)cc1,train_candidate,135
1425370602,b71b23379d73c3637a76,80,CC(=O)c1ccc(C)cc1,train_candidate,125
1425370602,2a9d111386ac232bbf79,81,CC(=O)c1ccc(C)cc1,train_candidate,181
1425370602,ca00dd1990fd356443cb,82,COC(=O)c1ccccc1O,train_candidate,378
1425370602,924106530353757625ba,83,COC(=O)c1ccccc1O,train_candidate,303
1425370602,f0d3ae15346c6cb6928d,84,COC(=O)c1ccccc1O,test,-1
1425370602,0b6fe9b9da26ddc80e99,85,COC(=O)c1ccccc1O,train_candidate,423
1425370602,a9a4b1ef530ce6f46a1c,86,COC(=O)c1ccccc1O,train_candidate,193
1425370602,f0245d145e2758fc9ff8,87,COC(=O)c1ccccc1O,train_candidate,256
1425370602,f33380e15f0fd8b62027,88,COC(=O)c1ccccc1O,train_candidate,445
1425370602,1773be1aaa4102ae19f0,89,CC(=O)CC(=O)OC(C)(C)C,train_candidate,200
1425370602,1895e2147dd146c4e564,90,CC(=O)CC(=O)OC(C)(C)C,train_candidate,492
1425370602,e7c8cd496e2795b23cb3,91,CC(=O)CC(=O)OC(C)(C)C,train_candidate,110
1425370602,60f64adee75a0999c5d5,92,CC(=O)CC(=O)OC(C)(C)C,train_candidate,345
1425370602,851993fe56d61c8bf074,93,CC(=O)CC(=O)OC(C)(C)C,train_candidate,414
1425370602,4e6d2ab0e823ac1d4b58,94,CC(=O)CC(=O)OC(C)(C)C,test,-1
1425370602,452aebfcddc0b031c20d,95,CCOC(=O)Cc1ccccc1,train_candidate,196
1425370602,a67ee30ac22b3511e0af,96,CCOC(=O)Cc1ccccc1,train_candidate,150
1425370602,4c52102f0b5a693d59bc,97,CCOC(=O)Cc1ccccc1,train_candidate,452
1425370602,f21e8077ac7b6ec1d038,98,CCOC(=O)Cc1ccccc1,train_candidate,346
1425370602,982611df66af1cf7c2f5,99,CCOC(=O)Cc1ccccc1,train_candidate,282
1425370602,d9e344f199dc9a567b5f,100,CCOC(=O)Cc1ccccc1,train_candidate,406
1425370602,74706f7e5d10b9245796,101,CCOC(=O)Cc1ccccc1,train_candidate,289
1425370602,f5d7ae6c2608335325ff,102,COC(=O)c1ccccc1N,train_candidate,58
1425370602,f66e095007d9d0923ce2,103,COC(=O)c1ccccc1N,train_candidate,144
1425370602,c9a57e8accca7da9758b,104,COC(=O)c1ccccc1N,train_candidate,273
1425370602,f7b1b9737459397f9ace,105,COC(=O)c1ccccc1N,train_candidate,43
1425370602,68feec66f657364ebeaa,106,COC(=O)c1ccccc1N,test,-1
1425370602,96ccc1b8240fc2e9c1f3,107,COC(=O)c1ccccc1N,train_candidate,320
1425370602,16eec4a03ec235274042,108,CCOC(=O)/C=C/c1ccccc1,train_candidate,310
1425370602,92e4f80b3943134ebe86,109,CCOC(=O)/C=C/c1ccccc1,train_candidate,313
1425370602,e15e8a4f329d3a08aff9,110,CCOC(=O)/C=C/c1ccccc1,test,-1
1425370602,6cec450baf7517436df6,111,CCOC(=O)/C=C/c1ccccc1,train_candidate,121
1425370602,48b79e49508df9f5fd6d,112,CCOC(=O)/C=C/c1ccccc1,train_candidate,365
1425370602,404dc3e2801a9a9d52aa,113,CCOC(=O)/C=C/c1ccccc1,train_candidate,183
1425370602,c72867f0f2e38c70aa8c,114,CCOC(=O)/C=C/c1ccccc1,train_candidate,123
1425370602,d9d3d24a75ff511e108a,115,COC(=O)c1ccc(C(C)(C)C)cc1,train_candidate,431
1425370602,f40ca479a9e86b5d5458,116,COC(=O)c1ccc(C(C)(C)C)cc1,train_candidate,298
1425370602,b7770c04c72527e1d9f6,117,COC(=O)c1ccc(C(C)(C)C)cc1,train_candidate,242
1425370602,a433dc0f6a13e9ace41d,118,COC(=O)c1ccc(C(C)(C)C)cc1,train_candidate,145
1425370602,e399250d7156727de0fd,119,COC(=O)c1ccc(C(C)(C)C)cc1,train_candidate,352
1425370602,3122a2210bde68deb81e,120,COC(=O)c1ccc(C(C)(C)C)cc1,train_candidate,45
1425370602,c9460286f85a5ec0f4fc,121,COC(=O)c1ccc(C(C)(C)C)cc1,train_candidate,187
1425370602,13b0b7952199157a8399,122,CCOC(=O)/C=C(/C)N,train_candidate,182
1425370602,759d5133ee82740013bf,123,CCOC(=O)/C=C(/C)N,train_candidate,453
1425370602,c9bf385316b464cd2e8d,124,CCOC(=O)/C=C(/C)N,train_candidate,17
1425370602,f248b9b89d62a22b03c3,125,CCOC(=O)/C=C(/C)N,train_candidate,297
1425370602,10d51839b15b94f0ae56,126,CCOC(=O)/C=C(/C)N,train_candidate,367
1425370602,e66b24ec1e4dfa9a9a57,127,CCOC(=O)/C=C(/C)N,train_candidate,470
1425370602,506597d02ff322a77a8d,128,CCOC(=O)/C=C(/C)N,test,-1
1425370602,d2951bd3bb1608688f0d,129,CCOC(=O)/C=C(/C)N,validation,-1
1425370602,7d3c6ef279245ca08a2f,130,CCOC(=O)/C=C(/C)N,train_candidate,359
1425370602,e6886d2fb3090517172b,131,CCOC(=O)/C=C(/C)N,train_candidate,147
1425370602,d31d42caff135d7154c4,132,CCOC(=O)/C=C(/C)N,train_candidate,377
1425370602,3d7aa38258001eb6ba67,133,CC(C)COC(=O)c1ccccc1,train_candidate,395
1425370602,b3409bbbf3b06d73afca,134,CC(C)COC(=O)c1ccccc1,train_candidate,315
1425370602,5ce75d3f6df6d318cb8a,135,CC(C)COC(=O)c1ccccc1,test,-1
1425370602,28f4ab2563d03e831cf0,136,CC(C)COC(=O)c1ccccc1,train_candidate,126
1425370602,b95bbdf393e00f41a6df,137,CC(C)COC(=O)c1ccccc1,train_candidate,382
1425370602,1e73138aa057a5e2b67f,138,CC(C)COC(=O)c1ccccc1,train_candidate,483
1425370602,1319bf7018ee9b9a5b9f,139,CCOC(=O)c1ccccc1,train_candidate,8
1425370602,99398d649f02f80651f1,140,CCOC(=O)c1ccccc1,train_candidate,240
1425370602,240787bdbf2abc17e093,141,CCOC(=O)c1ccccc1,train_candidate,285
1425370602,4afc7ef2732850bea176,142,CCOC(=O)c1ccccc1,train_candidate,407
1425370602,181f6c7852b17df8f194,143,CCOC(=O)c1ccccc1,train_candidate,188
1425370602,474238f822b0c38795c6,144,CCOC(=O)c1ccccc1,train_candidate,40
1425370602,5eb80e21463443b22d14,145,CCOC(=O)c1ccccc1,train_candidate,314
1425370602,f6e991e3dc3a3d3c5d89,146,COc1ccc(CCO)cc1,train_candidate,18
1425370602,9991421da8e18008fc91,147,COc1ccc(CCO)cc1,train_candidate,347
1425370602,9e93bad2014e7ab1a680,148,COc1ccc(CCO)cc1,train_candidate,93
1425370602,3d5dc8831f4c74f7b7d1,149,COc1ccc(CCO)cc1,train_candidate,3
1425370602,d5a7e1d47a58e1323805,150,Cc1ccc(C(C)C)cc1,train_candidate,440
1425370602,5c32bb6f3bbf72dcb37e,151,Cc1ccc(C(C)C)cc1,train_candidate,277
1425370602,e545485bf1a51a3ea557,152,Cc1ccc(C(C)C)cc1,train_candidate,375
1425370602,8ea9d90b217f4096f42f,153,Cc1ccc(C(C)C)cc1,train_candidate,424
1425370602,9ed80c28328fabe87261,154,Cc1ccc(C(C)C)cc1,train_candidate,163
1425370602,f1ea027f4cb80b10d15b,155,Cc1ccc(C(C)C)cc1,train_candidate,81
1425370602,dcfc9eaebf799d451fdb,156,Cc1ccc(C(C)C)cc1,train_candidate,210
1425370602,6c1f19a34a40cbf98728,157,CC(C)(O)CCc1ccccc1,train_candidate,162
1425370602,cf45ee02778c0243ad50,158,CC(C)(O)CCc1ccccc1,train_candidate,1
1425370602,88581d99a415bf271788,159,CC(C)(O)CCc1ccccc1,train_candidate,243
1425370602,8753ab545dd1cf036a3a,160,CC(C)(O)CCc1ccccc1,train_candidate,465
1425370602,d59d233a1606de5b6deb,161,CC(C)(O)CCc1ccccc1,train_candidate,276
1425370602,964a62fb7d677de0f711,162,CC(C)CCOC(=O)c1ccccc1,train_candidate,257
1425370602,f35f8782c107387233ed,163,CC(C)CCOC(=O)c1ccccc1,train_candidate,343
1425370602,4d602abaaf336ac523e4,164,CC(C)CCOC(=O)c1ccccc1,train_candidate,226
1425370602,4768b747981033fbdf34,165,CC(C)CCOC(=O)c1ccccc1,train_candidate,268
1425370602,3df34ab1c0d58c86999e,166,CC(C)CCOC(=O)c1ccccc1,train_candidate,118
1425370602,8b67a1246fe892b6581d,167,CC(C)CCOC(=O)c1ccccc1,train_candidate,16
1425370602,2bafcbea1bb66eb60a71,168,CC(C)CCOC(=O)c1ccccc1,train_candidate,157
1425370602,2beadb75e05408973f02,169,CCOC(=O)/C=C/c1ccccc1,test,-1
1425370602,dd7cae2667a1348a2caf,170,CCOC(=O)/C=C/c1ccccc1,train_candidate,73
1425370602,56f1cecfc0c6c3d224be,171,CCOC(=O)/C=C/c1ccccc1,train_candidate,212
1425370602,6278b7d64a22dbe3844e,172,CCOC(=O)/C=C/c1ccccc1,train_candidate,473
1425370602,a75e421e756083edea35,173,CCOC(=O)/C=C/c1ccccc1,test,-1
1425370602,c9f7ab78e90454873661,174,CCOC(=O)/C=C/c1ccccc1,train_candidate,506
1425370602,b36d7c12e6d3072467ee,175,CCOC(=O)/C=C/c1ccccc1,train_candidate,31
1425370602,5dc7d31c57624ac47575,176,COc1ccc(C)cc1OC,train_candidate,166
1425370602,7dea14d96460814919d3,177,COc1ccc(C)cc1OC,train_candidate,500
1425370602,83a16763654b3b743265,178,COc1ccc(C)cc1OC,train_candidate,233
1425370602,ee96bcc328a38cb12519,179,COc1ccc(C)cc1OC,test,-1
1425370602,62763fd48ebc7554402f,180,COc1ccc(C)cc1OC,train_candidate,462
1425370602,dd29d0f859e11f70f4ec,181,COc1ccc(C)cc1OC,train_candidate,35
1425370602,826e9f40c328ce2478ec,182,COc1ccc(C)cc1OC,train_candidate,251
1425370602,2e684264400b651dae88,183,C1=Cc2ccccc2C1,train_candidate,376
1425370602,e4f37e6e6def0eec724a,184,C1=Cc2ccccc2C1,train_candidate,171
1425370602,fda6d7aa920e5400a222,185,C1=Cc2ccccc2C1,train_candidate,332
1425370602,ee0eba88726c692c7f0c,186,C1=Cc2ccccc2C1,train_candidate,293
1425370602,c438c37de3a60de0e84a,187,C1=Cc2ccccc2C1,train_candidate,418
1425370602,f51bc35441c8ba7713b6,188,C1=Cc2ccccc2C1,train_candidate,437
1425370602,cb1bb21d54890633943c,189,C1=Cc2ccccc2C1,train_candidate,337
1425370602,2e561b136ec088ba3eff,190,Cc1ccc(C)cc1,train_candidate,143
1425370602,0d6f66d7971473a2cef9,191,Cc1ccc(C)cc1,train_candidate,167
1425370602,6950f8ebe95298defec5,192,Cc1ccc(C)cc1,train_candidate,456
1425370602,1837a52df085e2fc70d1,193,Cc1ccc(C)cc1,train_candidate,357
1425370602,8067767b73f132489d46,194,Cc1ccc(C)cc1,train_candidate,444
1425370602,bc3f10fed296515e66e5,195,Cc1ccc(C)cc1,train_candidate,429
1425370602,369517a8e4fab7d4e0e5,196,Cc1ccc(C)cc1,train_candidate,411
1425370602,acc1a540efdb60e4fa76,197,ClCCc1ccccc1,train_candidate,161
1425370602,b849b02cc7a096ff6f6a,198,ClCCc1ccccc1,train_candidate,197
1425370602,75b105d94d176eec90ba,199,ClCCc1ccccc1,train_candidate,338
1425370602,4699975b36aa2351be18,200,ClCCc1ccccc1,train_candidate,316
1425370602,a2ecd7c05da585c2a35e,201,ClCCc1ccccc1,train_candidate,174
1425370602,82843c7e3b9005c1abb0,202,ClCCc1ccccc1,train_candidate,466
1425370602,216e9e13c0587f197c0b,203,ClCCc1ccccc1,train_candidate,96
1425370602,31162ac7e21c9688cbdc,204,CC(O)c1ccccc1,validation,-1
1425370602,82ffe9abc3d02f4b970f,205,CC(O)c1ccccc1,train_candidate,141
1425370602,35eae227e68fe7434e68,206,CC(O)c1ccccc1,train_candidate,344
1425370602,82b6a0a8f122317d79d4,207,CC(O)c1ccccc1,train_candidate,142
1425370602,9b28c23ad1d4dda9fe1a,208,CC(O)c1ccccc1,train_candidate,490
1425370602,4455212440cbaf6d51e2,209,COc1ccccc1,train_candidate,42
1425370602,fcea8574ae051fe11483,210,COc1ccccc1,train_candidate,472
1425370602,04d4a16ff682bc7c55c8,211,COc1ccccc1,train_candidate,204
1425370602,62ca5eadee5ef28e9aeb,212,COc1ccccc1,train_candidate,312
1425370602,42f031acb8211bfbf67f,213,COc1ccccc1,train_candidate,55
1425370602,472b8f06caf25ffe6c7a,214,COc1ccccc1,train_candidate,416
1425370602,d532e4ccbab971232d40,215,COc1ccccc1,train_candidate,349
1425370602,bae9f1ce7c04e7ccf16b,216,CCOC(=O)C(Br)C(=O)OCC,train_candidate,186
1425370602,fc58ac30a03fcb0ec051,217,CCOC(=O)C(Br)C(=O)OCC,train_candidate,26
1425370602,c4b569d1149e4ec87b12,218,CCOC(=O)C(Br)C(=O)OCC,train_candidate,372
1425370602,53d7fb31d852cbb33059,219,CCOC(=O)C(Br)C(=O)OCC,train_candidate,459
1425370602,265addbdd355a85c628d,220,CCOC(=O)C(Br)C(=O)OCC,train_candidate,165
1425370602,b07e3b186c5f9a698624,221,CCOC(=O)C(Br)C(=O)OCC,train_candidate,317
1425370602,28c4b7ec4bf7f486b68c,222,CCOC(=O)C(Br)C(=O)OCC,train_candidate,388
1425370602,c9d7d885160197c7f67c,223,c1ccc(COCc2ccccc2)cc1,train_candidate,44
1425370602,e2869f5cf5635b6ae9c1,224,c1ccc(COCc2ccccc2)cc1,train_candidate,32
1425370602,49865eda3c0e936157be,225,c1ccc(COCc2ccccc2)cc1,train_candidate,463
1425370602,d26cffd9ef4da9800470,226,c1ccc(COCc2ccccc2)cc1,train_candidate,326
1425370602,ce9ac115ce41ab41f01d,227,c1ccc(COCc2ccccc2)cc1,test,-1
1425370602,b2b5155e06ff9134c6a4,228,c1ccc(COCc2ccccc2)cc1,train_candidate,14
1425370602,f1aabb6243aed53011cb,229,c1ccc(COCc2ccccc2)cc1,train_candidate,11
1425370602,ebc9c107c2207e99cf79,230,CCOC(=O)CC(C)=O,train_candidate,63
1425370602,f373e0ffa24cb51dd13a,231,CCOC(=O)CC(C)=O,train_candidate,497
1425370602,bcb35848089ca50a1eef,232,CCOC(=O)CC(C)=O,train_candidate,22
1425370602,ef8527c6b63d54b73966,233,CCOC(=O)CC(C)=O,train_candidate,259
1425370602,86f385aa0925171d22cc,234,CCOC(=O)CC(C)=O,train_candidate,116
1425370602,9c7a6ce4172638d2abc7,235,CCOC(=O)CC(C)=O,train_candidate,330
1425370602,982585c1a4e89f10713f,236,O=CCCc1ccccc1,train_candidate,77
1425370602,36af0c588eb2e094a55e,237,O=CCCc1ccccc1,train_candidate,225
1425370602,afcb9ffea06f12f9e0f5,238,O=CCCc1ccccc1,train_candidate,27
1425370602,e584c52185ccefd22a26,239,O=CCCc1ccccc1,train_candidate,307
1425370602,39e40f336da135e6a7b5,240,O=CCCc1ccccc1,train_candidate,208
1425370602,e3c9408f01aa7642870f,241,O=CCCc1ccccc1,train_candidate,6
1425370602,155ad3f702726e253c4d,242,O=CCCc1ccccc1,train_candidate,148
1425370602,f84aa17604ca7f927b8c,243,C=CC(=O)OCCOc1ccccc1,train_candidate,370
1425370602,6b8023df74ccc51e5c76,244,C=CC(=O)OCCOc1ccccc1,train_candidate,504
1425370602,b056b793f5b571e6cdee,245,C=CC(=O)OCCOc1ccccc1,train_candidate,66
1425370602,934f00061cc32bab10e8,246,C=CC(=O)OCCOc1ccccc1,train_candidate,371
1425370602,b983d4c3094d909b570e,247,C=CC(=O)OCCOc1ccccc1,train_candidate,302
1425370602,b6f53d16978daf702470,248,C=CC(=O)OCCOc1ccccc1,train_candidate,447
1425370602,9563dde5c28fb62e4f7e,249,C=CC(=O)OCCOc1ccccc1,train_candidate,129
1425370602,de2563a5f711307823f1,250,C=CC(=O)OC1CCCCC1,train_candidate,82
1425370602,e2e681b0653ec64f7c14,251,C=CC(=O)OC1CCCCC1,train_candidate,101
1425370602,fbf392edaddff6347b58,252,C=CC(=O)OC1CCCCC1,train_candidate,23
1425370602,3955ae590ac179d279b6,253,C=CC(=O)OC1CCCCC1,train_candidate,185
1425370602,db51f6df02555cb9c264,254,C=CC(=O)OC1CCCCC1,train_candidate,228
1425370602,2195290d04210cdb253f,255,C=CC(=O)OC1CCCCC1,train_candidate,111
1425370602,8063e3de9de70b75def1,256,C=CC(=O)OC1CCCCC1,train_candidate,159
1425370602,88771c5c64ed839a4436,257,C=CC(=O)OCc1ccccc1,train_candidate,95
1425370602,b5365d56777fde5c4dfc,258,C=CC(=O)OCc1ccccc1,train_candidate,252
1425370602,4513e318c9d037303b13,259,C=CC(=O)OCc1ccccc1,train_candidate,391
1425370602,efca00a284b2cadc5737,260,C=CC(=O)OCc1ccccc1,train_candidate,327
1425370602,b473ef06a415d0f114b0,261,C=CC(=O)OCc1ccccc1,train_candidate,301
1425370602,df02863943321996441f,262,C=CC(=O)OCc1ccccc1,train_candidate,499
1425370602,194278dd9ee3d2407ed5,263,C=CC(=O)OCc1ccccc1,train_candidate,21
1425370602,cc31b914acbab022eb9a,264,COC(=O)C(C)(C)Br,train_candidate,128
1425370602,a9eea85ddeee2da33706,265,COC(=O)C(C)(C)Br,train_candidate,496
1425370602,640353c89b3ce64ee98b,266,COC(=O)C(C)(C)Br,train_candidate,49
1425370602,b11bb6293c307f7f7282,267,COC(=O)C(C)(C)Br,train_candidate,102
1425370602,77b0577e6b0adb649e63,268,COC(=O)C(C)(C)Br,test,-1
1425370602,543561ac99bc28db6f2f,269,COC(=O)C(C)(C)Br,train_candidate,72
1425370602,056255620b7acc9c630f,270,COC(=O)C(C)(C)Br,train_candidate,5
1425370602,7b1589ae321d27608509,271,COC(=O)CS,test,-1
1425370602,0fee19a828ef997229fd,272,COC(=O)CS,train_candidate,9
1425370602,222dede783147d5efa63,273,COC(=O)CS,train_candidate,206
1425370602,d9a40ac35b79fbcf214a,274,COC(=O)CS,train_candidate,232
1425370602,aaf22f8324aad12a55fa,275,COC(=O)CS,train_candidate,336
1425370602,a9bfabe931467745353e,276,COC(=O)CS,train_candidate,475
1425370602,be7d68067464e72d0b8d,277,COC(=O)CS,train_candidate,390
1425370602,b418a712463f5abf8b81,278,CC(=O)CCCCl,train_candidate,476
1425370602,850a69ce73ac04035aa3,279,CC(=O)CCCCl,train_candidate,260
1425370602,7c4153fe9561da818ae1,280,CC(=O)CCCCl,train_candidate,420
1425370602,a67016d937c499be9d64,281,CC(C)=CCBr,train_candidate,211
1425370602,4559d83db38cc3c39d13,282,CC(C)=CCBr,test,-1
1425370602,bf8409f12dae2388c6a0,283,CC(C)=CCBr,train_candidate,241
1425370602,832899abb44b8d2246cd,284,CC(C)=CCBr,train_candidate,340
1425370602,5729cc87eb48a75655ad,285,CC(C)=CCBr,train_candidate,501
1425370602,adb6d48eec0fb576d7fc,286,CC(C)=CCBr,train_candidate,236
1425370602,bc789871fe39d967a9e0,287,CC(C)=CCBr,train_candidate,246
1425370602,fff65bc451d163b1b106,288,C=CC(=O)OCCCCCCCCCCCC,train_candidate,253
1425370602,c761659793c5929e2214,289,C=CC(=O)OCCCCCCCCCCCC,test,-1
1425370602,4c7d7c5f8b0c317c5548,290,C=CC(=O)OCCCCCCCCCCCC,train_candidate,62
1425370602,a9656ffd805f80fcf143,291,C=CC(=O)OCCCCCCCCCCCC,train_candidate,449
1425370602,da10d2f67a989e8b16b5,292,C=CC(=O)OCCCCCCCCCCCC,train_candidate,309
1425370602,7ca22b2f4d23a7afb10e,293,C=CC(=O)OCCCCCCCCCCCC,train_candidate,454
1425370602,38f57a9d08efd5f070d0,294,C=CC(=O)OCCCCCCCCCCCC,train_candidate,56
1425370602,1619a0c8b233772ba0c0,295,C=CC(=O)O[C@@H]1C[C@H]2CC[C@]1(C)C2(C)C,test,-1
1425370602,0b9968c1280b5e4f726a,296,C=CC(=O)O[C@@H]1C[C@H]2CC[C@]1(C)C2(C)C,train_candidate,86
1425370602,0d5196ceda603b66bd22,297,C=CC(=O)O[C@@H]1C[C@H]2CC[C@]1(C)C2(C)C,test,-1
1425370602,244e5c6375ff0c923725,298,C=CC(=O)O[C@@H]1C[C@H]2CC[C@]1(C)C2(C)C,train_candidate,434
1425370602,4f34bbce67c94a44318a,299,C=CC(=O)O[C@@H]1C[C@H]2CC[C@]1(C)C2(C)C,train_candidate,169
1425370602,0f8a39d1c0a7eaf35c75,300,C=CC(=O)O[C@@H]1C[C@H]2CC[C@]1(C)C2(C)C,train_candidate,427
1425370602,6de4f7fd8ac19d183348,301,C=CC(=O)O[C@@H]1C[C@H]2CC[C@]1(C)C2(C)C,train_candidate,484
1425370602,8bac25cfab022a9fb887,302,C=CC(=O)OCC(CC)CCCC,train_candidate,57
1425370602,aeef2128392508cc81cc,303,C=CC(=O)OCC(CC)CCCC,train_candidate,505
1425370602,a2eefb55da4d47a4347b,304,C=CC(=O)OCC(CC)CCCC,train_candidate,291
1425370602,3c7f7a7105a5eb39ca89,305,C=CC(=O)OCC(CC)CCCC,train_candidate,109
1425370602,2bf67acb4c861cf83990,306,C=CC(=O)OCC(CC)CCCC,train_candidate,401
1425370602,d67e364fd6830aa2bf6f,307,C=CC(=O)OCC(CC)CCCC,train_candidate,105
1425370602,84caf30ea66b29e2ea91,308,C=CC(=O)OCC(CC)CCCC,train_candidate,60
1425370602,1bd5bb3744b78ada7307,309,FC(F)(F)c1cc(Br)cc(C(F)(F)F)c1,train_candidate,300
1425370602,dd7fdbe3fa3800e6499f,310,FC(F)(F)c1cc(Br)cc(C(F)(F)F)c1,train_candidate,41
1425370602,ab84efb31c801e49c87c,311,FC(F)(F)c1cc(Br)cc(C(F)(F)F)c1,train_candidate,94
1425370602,69f6dbdc304c0475f868,312,FC(F)(F)c1cc(Br)cc(C(F)(F)F)c1,test,-1
1425370602,a43656cab81e1b0fcccf,313,FC(F)(F)c1cc(Br)cc(C(F)(F)F)c1,train_candidate,295
1425370602,bcf8bb13e4fca185fe68,314,FC(F)(F)c1cc(Br)cc(C(F)(F)F)c1,train_candidate,471
1425370602,fe71f29c800d4ee35138,315,FC(F)(F)c1cc(Br)cc(C(F)(F)F)c1,train_candidate,319
1425370602,2416be80d114ff60224d,316,O=Cc1ccc(Cl)cc1Br,train_candidate,61
1425370602,9201cead3641f52a1f20,317,O=Cc1ccc(Cl)cc1Br,test,-1
1425370602,49276f9b1cc72d41bbfd,318,O=Cc1ccc(Cl)cc1Br,train_candidate,51
1425370602,6cb8bbf843e6064ce249,319,O=Cc1ccc(Cl)cc1Br,train_candidate,175
1425370602,a6b1d92e3de602f8963c,320,O=Cc1ccc(Cl)cc1Br,test,-1
1425370602,135ac7deca522d1e7929,321,O=Cc1ccc(Cl)cc1Br,train_candidate,384
1425370602,0f3bd8418ab9ba9d1ed2,322,O=Cc1ccc(Cl)cc1Br,train_candidate,342
1425370602,6cd5860914563da59932,323,O=Cc1ccc2c(c1)CCO2,train_candidate,119
1425370602,5179c3962ada5450dde7,324,O=Cc1ccc2c(c1)CCO2,test,-1
1425370602,ad45b4b8aaed2c2b0b33,325,O=Cc1ccc2c(c1)CCO2,train_candidate,190
1425370602,6c8de7fb3dbd4f5adabf,326,O=Cc1ccc2c(c1)CCO2,test,-1
1425370602,f72724ff299c47641488,327,COc1cc(F)cc(Br)c1,train_candidate,498
1425370602,2cde006ff48a36a368d2,328,COc1cc(F)cc(Br)c1,train_candidate,78
1425370602,09879f6853acb50e1280,329,COc1cc(F)cc(Br)c1,train_candidate,207
1425370602,cd492dbc52d170e5a396,330,COc1cc(F)cc(Br)c1,train_candidate,130
1425370602,e1244cc412f81ac11bd3,331,COc1cc(F)cc(Br)c1,train_candidate,88
1425370602,69bed1df8dc3cf82927c,332,COc1cc(F)cc(Br)c1,train_candidate,36
1425370602,adc9f476f8b5d66fa85d,333,COc1cc(F)cc(Br)c1,train_candidate,209
1425370602,e7e3cdff8a4b43574b19,334,CC(C)(C)c1cc(C=O)cc(C(C)(C)C)c1,train_candidate,360
1425370602,22fcaa293d9525e1f4e7,335,CC(C)(C)c1cc(C=O)cc(C(C)(C)C)c1,train_candidate,438
1425370602,5965305884ee5fba94d8,336,CC(C)(C)c1cc(C=O)cc(C(C)(C)C)c1,train_candidate,0
1425370602,556baeed852270e9c0fc,337,CC(C)(C)c1cc(C=O)cc(C(C)(C)C)c1,train_candidate,24
1425370602,376fc6387117429bcb19,338,CC(C)(C)c1cc(C=O)cc(C(C)(C)C)c1,train_candidate,30
1425370602,3fbc880a145bcc2155c9,339,CC(C)(C)c1cc(C=O)cc(C(C)(C)C)c1,train_candidate,98
1425370602,2964279ae2fd8a820ae1,340,CC(C)(C)c1cc(C=O)cc(C(C)(C)C)c1,train_candidate,311
1425370602,c084940b1be4fa61738d,341,COc1cc(Br)cc(OC)c1,train_candidate,286
1425370602,deac65153d9204a230ec,342,COc1cc(Br)cc(OC)c1,train_candidate,152
1425370602,b5f0b6271cd244ade9a3,343,COc1cc(Br)cc(OC)c1,train_candidate,450
1425370602,79723584590c0a689474,344,COc1cc(Br)cc(OC)c1,train_candidate,306
1425370602,984bc17b1da105c753eb,345,COc1cc(Br)cc(OC)c1,test,-1
1425370602,1b7e334ea83516d08ff5,346,COc1cc(Br)cc(OC)c1,train_candidate,195
1425370602,b8018c4bdaadd42a057a,347,COc1cc(Br)cc(OC)c1,train_candidate,238
1425370602,3b03dfa8ff44ff554734,348,O=Cc1cc(Br)ccc1O,train_candidate,103
1425370602,167f49f748fa35bdb29e,349,O=Cc1cc(Br)ccc1O,train_candidate,419
1425370602,7e19b816ecd8282ce2a1,350,O=Cc1cc(Br)ccc1O,train_candidate,247
1425370602,0dffde5d00d50ee96173,351,O=Cc1cc(Br)ccc1O,train_candidate,328
1425370602,65bfb38b53dd53bc4f4c,352,O=Cc1cc(Br)ccc1O,train_candidate,139
1425370602,e79c5aedcfa41a5f23c9,353,O=Cc1cc(Br)ccc1O,train_candidate,415
1425370602,27b234a05f8c66fd059f,354,O=Cc1cc(Br)ccc1O,train_candidate,107
1425370602,1bf52d57e3b0d9ef0662,355,Cc1ccc(Cl)cc1Br,train_candidate,48
1425370602,867407c66038f21466a8,356,Cc1ccc(Cl)cc1Br,test,-1
1425370602,fb19bbc052a528249f36,357,Cc1ccc(Cl)cc1Br,train_candidate,413
1425370602,13bebd0b1ab22fc7e93b,358,Cc1ccc(Cl)cc1Br,train_candidate,279
1425370602,c1b4c0f7481c01c40ec6,359,Cc1ccc(Cl)cc1Br,train_candidate,151
1425370602,bb159f5b8695e842d4ff,360,Cc1ccc(Cl)cc1Br,train_candidate,239
1425370602,ce70dba7026ce0b64f62,361,Cc1ccc(Cl)cc1Br,train_candidate,217
1425370602,a5ea3136b642f8a49607,362,N#Cc1ccccc1Br,train_candidate,479
1425370602,8671b386166171ebd7f7,363,N#Cc1ccccc1Br,train_candidate,50
1425370602,d344b363b8c01e73a6fa,364,N#Cc1ccccc1Br,train_candidate,248
1425370602,70e13ddfe9e6cc9b0f56,365,N#Cc1ccccc1Br,train_candidate,71
1425370602,35046c5ff35d8c8617bb,366,N#Cc1ccccc1Br,train_candidate,203
1425370602,848f6c84b4d5fc44c3c2,367,N#Cc1ccccc1Br,test,-1
1425370602,0974fc9cbeb3820c4065,368,Cc1ccc(C=O)c(C)c1,test,-1
1425370602,bc486e940c369b85ce28,369,Cc1ccc(C=O)c(C)c1,train_candidate,502
1425370602,9a29b268530b7a3321a0,370,Cc1ccc(C=O)c(C)c1,train_candidate,216
1425370602,51394d9af7adc7eff816,371,Cc1ccc(C=O)c(C)c1,train_candidate,108
1425370602,5cbed870fef2de105046,372,Cc1ccc(C=O)c(C)c1,train_candidate,229
1425370602,dbb854b36df7ed31d95f,373,Cc1ccc(C=O)c(C)c1,test,-1
1425370602,0c0f89307cc4aff87ab6,374,Cc1ccc(C=O)c(C)c1,train_candidate,294
1425370602,a5d9706079ccfee3bdf4,375,COCCOC(=O)CC(C)=O,train_candidate,90
1425370602,bacef06b4d4d7374a4e4,376,COCCOC(=O)CC(C)=O,test,-1
1425370602,74097878150c8a5a8d79,377,COCCOC(=O)CC(C)=O,train_candidate,323
1425370602,47404d0982a587f0393e,378,COCCOC(=O)CC(C)=O,train_candidate,99
1425370602,fb80794857ddc46e142c,379,CC(=O)c1ccc2c(c1)OCO2,train_candidate,250
1425370602,6f34563b6236c57b9c60,380,CC(=O)c1ccc2c(c1)OCO2,train_candidate,68
1425370602,147b560e4c606680c7b2,381,CC(=O)c1ccc2c(c1)OCO2,test,-1
1425370602,7396668aaa8d372aa464,382,CC(=O)c1ccc2c(c1)OCO2,train_candidate,425
1425370602,78b04c44dfa852f4e621,383,CC(=O)c1ccc2c(c1)OCO2,train_candidate,220
1425370602,f191e08b3e95928a5423,384,CC(=O)c1ccc2c(c1)OCO2,train_candidate,334
1425370602,f5634113e0822bda1c03,385,CC(=O)c1ccc2c(c1)OCO2,train_candidate,172
1425370602,45264f1c88b241fb888c,386,CC(=O)c1c(C)cc(C)cc1C,train_candidate,155
1425370602,7b0fa77cbbcbd8e7c87a,387,CC(=O)c1c(C)cc(C)cc1C,train_candidate,214
1425370602,c514f60c28973fc116c5,388,CC(=O)c1c(C)cc(C)cc1C,train_candidate,160
1425370602,b63d546347919cb66716,389,CC(=O)c1c(C)cc(C)cc1C,test,-1
1425370602,823c667f35cddfcbc346,390,CC(=O)c1c(C)cc(C)cc1C,test,-1
1425370602,d2955aa36bd2b103c981,391,CC(=O)c1c(C)cc(C)cc1C,train_candidate,115
1425370602,4ce730c9ad4e20a0386e,392,CC(=O)c1c(C)cc(C)cc1C,train_candidate,261
1425370602,f3531a1565c8159ac5e2,393,CC(=O)c1ccc(C)cc1C,validation,-1
1425370602,c359fd726e50e2123f43,394,CC(=O)c1ccc(C)cc1C,train_candidate,339
1425370602,a9a623a9853c6b493ce4,395,CC(=O)c1ccc(C)cc1C,train_candidate,430
1425370602,784ca4af1517dac8cd11,396,CC(=O)c1ccc(C)cc1C,train_candidate,383
1425370602,4c36e8e7d179b4bfa11a,397,CC(=O)c1ccc(C)cc1C,train_candidate,153
1425370602,77fe8c752e01feedccfa,398,CC(=O)c1ccc(C)cc1C,train_candidate,13
1425370602,0a1949b42050f41b0db4,399,CC(=O)c1ccc(C)cc1C,train_candidate,138
1425370602,118d66c0e53f510c51ed,400,CC(=O)c1ccc2c(c1)Cc1ccccc1-2,train_candidate,53
1425370602,38aa81d53a6b39e9d8ef,401,CC(=O)c1ccc2c(c1)Cc1ccccc1-2,train_candidate,97
1425370602,c780d2f5194817087e07,402,CC(=O)c1ccc2c(c1)Cc1ccccc1-2,validation,-1
1425370602,546046afb5114d631360,403,CC(=O)c1ccc2c(c1)Cc1ccccc1-2,train_candidate,487
1425370602,dc9f747c03c55d77bf72,404,BrC(=C(c1ccccc1)c1ccccc1)c1ccccc1,train_candidate,54
1425370602,d29c00125d1c5dc55586,405,BrC(=C(c1ccccc1)c1ccccc1)c1ccccc1,train_candidate,308
1425370602,509e53644c411798f5b0,406,BrC(=C(c1ccccc1)c1ccccc1)c1ccccc1,train_candidate,324
1425370602,5ac5df671efee45d3ddf,407,BrC(=C(c1ccccc1)c1ccccc1)c1ccccc1,train_candidate,368
1425370602,1e8c03a5d84f08329475,408,BrC(=C(c1ccccc1)c1ccccc1)c1ccccc1,train_candidate,468
1425370602,a7f9a08159d001c30f67,409,BrC(=C(c1ccccc1)c1ccccc1)c1ccccc1,train_candidate,70
1425370602,97feb43dae8371e80d3b,410,BrC(=C(c1ccccc1)c1ccccc1)c1ccccc1,train_candidate,489
1425370602,2f612d3ec5e270672ad1,411,C/C(=N\O)c1ccccc1,train_candidate,178
1425370602,b089551184e4d70e386d,412,C/C(=N\O)c1ccccc1,train_candidate,140
1425370602,95f7b6c8f44b25feade0,413,C/C(=N\O)c1ccccc1,test,-1
1425370602,b0f39affa1970d2700b7,414,C/C(=N\O)c1ccccc1,train_candidate,350
1425370602,af2973fb82b6d79d8c5e,415,C/C(=N\O)c1ccccc1,train_candidate,283
1425370602,3545611fd9950a160288,416,C/C(=N\O)c1ccccc1,train_candidate,495
1425370602,786c4179676f46638e4a,417,O=C(c1ccccc1)c1ccc(Cl)cc1,train_candidate,254
1425370602,937105af8867732c56ec,418,O=C(c1ccccc1)c1ccc(Cl)cc1,train_candidate,201
1425370602,711f210d4869259d0651,419,O=C(c1ccccc1)c1ccc(Cl)cc1,train_candidate,218
1425370602,26bb8ff67b7738527484,420,O=C(c1ccccc1)c1ccc(Cl)cc1,train_candidate,194
1425370602,6624c43f78e6697c8ac9,421,O=C(c1ccccc1)c1ccc(Cl)cc1,train_candidate,426
1425370602,f9b97e958092bd5cb81a,422,O=C(c1ccccc1)c1ccc(Cl)cc1,train_candidate,272
1425370602,2d53109003f718b780fa,423,Cc1ccc(C(=O)c2ccccc2)cc1C,train_candidate,245
1425370602,b9b624baffe611c30836,424,Cc1ccc(C(=O)c2ccccc2)cc1C,train_candidate,258
1425370602,f8a590eaa91d155f61da,425,Cc1ccc(C(=O)c2ccccc2)cc1C,train_candidate,366
1425370602,2fcaa537474ba2ae579f,426,Cc1ccc(C(=O)c2ccccc2)cc1C,train_candidate,131
1425370602,d914e4c833f2df567cac,427,Cc1ccc(C(=O)c2ccccc2)cc1C,train_candidate,74
1425370602,5048acae682925888d12,428,Cc1ccc(C(=O)c2ccccc2)cc1C,train_candidate,392
1425370602,41927f703a0632f098fb,429,CC(=O)CC(=O)c1ccccc1,train_candidate,480
1425370602,760d0bf0ec31747d3969,430,CC(=O)CC(=O)c1ccccc1,train_candidate,481
1425370602,d71aab82a8179d05294a,431,CC(=O)CC(=O)c1ccccc1,train_candidate,458
1425370602,25ffb25df5bec65a633b,432,CC(=O)CC(=O)c1ccccc1,train_candidate,299
1425370602,92d69b1849c34b7f1a80,433,CCOC(=O)C(Cc1ccccc1)C(C)=O,train_candidate,112
1425370602,a289439d96e27bec7cbc,434,CCOC(=O)C(Cc1ccccc1)C(C)=O,train_candidate,179
1425370602,4707a180fe4230c208ff,435,CCOC(=O)C(Cc1ccccc1)C(C)=O,train_candidate,67
1425370602,41921840a5681261ba98,436,CCOC(=O)C(Cc1ccccc1)C(C)=O,train_candidate,460
1425370602,b5080cde4f493a415fc5,437,CCOC(=O)C(Cc1ccccc1)C(C)=O,train_candidate,398
1425370602,1bbec08f4838f06da0fb,438,CCOC(=O)C(Cc1ccccc1)C(C)=O,validation,-1
1425370602,bd0519702a5756bc3c94,439,CCOC(=O)C(Cc1ccccc1)C(C)=O,train_candidate,318
1425370602,b7fa3dd8e6040788ae14,440,CCOC(=O)c1cccnc1,test,-1
1425370602,2deca509a22158d15375,441,CCOC(=O)c1cccnc1,train_candidate,262
1425370602,b48dea92ecfc07816494,442,CCOC(=O)c1cccnc1,test,-1
1425370602,82fa7e7b3bd183853280,443,CCOC(=O)c1cccnc1,train_candidate,385
1425370602,7ba2cf5e6ca289d9810f,444,CCOC(=O)c1cccnc1,train_candidate,47
1425370602,7dec4c1259ce3660b729,445,COc1ccc(OC)c(Br)c1,train_candidate,386
1425370602,768064b2e2a953d147d0,446,COc1ccc(OC)c(Br)c1,train_candidate,296
1425370602,212154e56fe15a3333a2,447,COc1ccc(OC)c(Br)c1,test,-1
1425370602,c56a92db4ce7de66bee1,448,COc1ccc(OC)c(Br)c1,train_candidate,192
1425370602,48b99ebef2fd7718f678,449,COc1ccc(OC)c(Br)c1,train_candidate,275
1425370602,6da48b9dd6e1ed7e26fd,450,COc1ccc(OC)c(Br)c1,train_candidate,304
1425370602,a2eeeea4e6525c9d22d4,451,COc1ccc(OC)c(Br)c1,train_candidate,402
1425370602,1e0e33b1a77df72f4dd8,452,OCc1cccc(Br)c1,train_candidate,85
1425370602,371711577127c07527e3,453,OCc1cccc(Br)c1,train_candidate,137
1425370602,78d4810a82f060b5cf49,454,OCc1cccc(Br)c1,test,-1
1425370602,1c04f02c0ea8c00b358d,455,OCc1cccc(Br)c1,train_candidate,364
1425370602,4bc0dc84991def63aa1b,456,O=C1CCCc2ccccc21,test,-1
1425370602,2433f7a3f7959e1d1b74,457,O=C1CCCc2ccccc21,train_candidate,281
1425370602,944f0a85ec8978a60444,458,O=C1CCCc2ccccc21,test,-1
1425370602,8afc083342d1c2e7f78a,459,O=C1CCCc2ccccc21,train_candidate,29
1425370602,c35ed383b2db14b3bc06,460,O=C1CCCc2ccccc21,test,-1
1425370602,d7c72c92165e2c129547,461,O=C1CCCc2ccccc21,train_candidate,265
1425370602,e375bb01e53e46f8faee,462,O=C1CCCc2ccccc21,train_candidate,446
1425370602,fdc873b5607287090ff3,463,CSc1ccc(C=O)cc1,train_candidate,7
1425370602,80b4e33a8434ac29ed52,464,CSc1ccc(C=O)cc1,train_candidate,397
1425370602,ee60c3ffc43a4c2c965e,465,CSc1ccc(C=O)cc1,test,-1
1425370602,95f10fffb85ea1b1f47a,466,CSc1ccc(C=O)cc1,train_candidate,263
1425370602,793d8259fd7820530cfe,467,Cc1ccccc1C=O,train_candidate,198
1425370602,13fb1511fffef8fc96e0,468,Cc1ccccc1C=O,test,-1
1425370602,532a47d1b45e54d6326b,469,Cc1ccccc1C=O,train_candidate,237
1425370602,dcd70c2b5039c4268d56,470,Cc1ccccc1C=O,train_candidate,474
1425370602,22d860e7f246ca4272a4,471,Cc1ccccc1C=O,train_candidate,507
1425370602,f21df276243d861dc2b2,472,Cc1ccccc1C=O,train_candidate,222
1425370602,08820514e662ce6ea8f0,473,Cc1ccccc1C=O,train_candidate,274
1425370602,d60e09bca01342c7cfa6,474,O=Cc1ccc(Br)cc1O,train_candidate,389
1425370602,9dda290379fb047fc74d,475,O=Cc1ccc(Br)cc1O,train_candidate,176
1425370602,4a58b799c494875f6f27,476,O=Cc1ccc(Br)cc1O,train_candidate,20
1425370602,98a1ca00445d60f415d4,477,O=Cc1ccc(Br)cc1O,train_candidate,213
1425370602,ddecd252bb1099fb20f7,478,O=Cc1ccc(Br)cc1O,train_candidate,400
1425370602,226ebdbf914ce9333de8,479,O=Cc1ccc(Br)cc1O,train_candidate,221
1425370602,99dd4a9a47de5c84b7c0,480,O=Cc1ccc(Br)cc1O,train_candidate,75
1425370602,ecc7e2759499addc038f,481,CC(=O)c1ccc(Br)cc1,train_candidate,64
1425370602,66c1ee6eed3d1587de50,482,CC(=O)c1ccc(Br)cc1,train_candidate,4
1425370602,a26a131344d4dbd9645b,483,CC(=O)c1ccc(Br)cc1,train_candidate,379
1425370602,f0edd899ac987a1de9dd,484,CC(=O)c1ccc(Br)cc1,train_candidate,396
1425370602,0e13b08b0f9c772699e1,485,CC(=O)c1ccc(Br)cc1,train_candidate,351
1425370602,1254297404cc9db52ee2,486,CC(=O)c1ccc(Br)cc1,train_candidate,184
1425370602,bc8e1d805b36b63cbfbe,487,CC(=O)c1ccc(Br)cc1,train_candidate,271
1425370602,cd998cddd3dcb4fc8c92,488,O=C(Cc1ccccc1)c1ccccc1,train_candidate,421
1425370602,12e11e8eaee71fc57209,489,O=C(Cc1ccccc1)c1ccccc1,train_candidate,287
1425370602,054457c7699aabd6c619,490,O=C(Cc1ccccc1)c1ccccc1,train_candidate,321
1425370602,893e4c91da1b0b2f7d3e,491,O=C(Cc1ccccc1)c1ccccc1,train_candidate,404
1425370602,18e8a9c1ea6aa15c0d01,492,O=C(Cc1ccccc1)c1ccccc1,train_candidate,443
1425370602,bc582f1f4f4225f6d249,493,O=C(Cc1ccccc1)c1ccccc1,train_candidate,136
1425370602,d92ef85db0d1c0979197,494,O=C(Cc1ccccc1)c1ccccc1,train_candidate,266
1425370602,ddc0b27538aa926cbb6e,495,O=Cc1ccc(-c2ccccc2)cc1,test,-1
1425370602,6dcfe9b1e0958f22523b,496,O=Cc1ccc(-c2ccccc2)cc1,train_candidate,106
1425370602,3cdf1bcd3739e20f72d2,497,O=Cc1ccc(-c2ccccc2)cc1,train_candidate,87
1425370602,a8e4c6001ce3245c634b,498,O=Cc1ccc(-c2ccccc2)cc1,train_candidate,373
1425370602,24b540d7814b4d9c5183,499,O=Cc1ccc(-c2ccccc2)cc1,train_candidate,288
1425370602,b0cadf050313e9a3a162,500,O=Cc1ccc(-c2ccccc2)cc1,train_candidate,477
1425370602,8837a8a19c37b63d2e48,501,O=Cc1ccc(-c2ccccc2)cc1,train_candidate,65
1425370602,23a832560d234735d954,502,O=Cc1ccc2ccccc2c1Br,test,-1
1425370602,90777be8090491479de1,503,O=Cc1ccc2ccccc2c1Br,train_candidate,113
1425370602,926a7862066269f98d62,504,O=Cc1ccc2ccccc2c1Br,train_candidate,448
1425370602,2c51476c6fa3121c5dfc,505,O=Cc1ccc2ccccc2c1Br,train_candidate,2
1425370602,5a9449a7562d442b8669,506,O=Cc1ccc2ccccc2c1Br,train_candidate,10
1425370602,2cbca950d64fdcd81660,507,O=Cc1ccc2ccccc2c1Br,train_candidate,79
1425370602,fb1fdaa4bc60434648f7,508,O=Cc1ccc2ccccc2c1Br,train_candidate,168
1425370602,9e46dbe8a460d3f96a27,509,O=C(/C=C/c1ccccc1)c1ccccc1,train_candidate,37
1425370602,31e75b850983502aa64f,510,O=C(/C=C/c1ccccc1)c1ccccc1,train_candidate,69
1425370602,b566ed83f272904657ba,511,O=C(/C=C/c1ccccc1)c1ccccc1,train_candidate,435
1425370602,c2be1e8f7c2c080f49f5,512,O=C(/C=C/c1ccccc1)c1ccccc1,train_candidate,38
1425370602,fde2d968ab29d13d4f1d,513,O=C(/C=C/c1ccccc1)c1ccccc1,train_candidate,387
1425370602,240da69c823911ff5ccc,514,O=C(/C=C/c1ccccc1)c1ccccc1,test,-1
1425370602,b2b26956a788c2a8c7e9,515,O=C(/C=C/c1ccccc1)c1ccccc1,train_candidate,92
1425370602,f3b80f5fe97d26fd8383,516,O=C(/C=C/c1ccccc1)/C=C/c1ccccc1,train_candidate,124
1425370602,d60f7e6b21ea96567843,517,O=C(/C=C/c1ccccc1)/C=C/c1ccccc1,train_candidate,28
1425370602,bb61793cbbbe2bfa4e12,518,O=C(/C=C/c1ccccc1)/C=C/c1ccccc1,train_candidate,215
1425370602,d078d930aa37448ec4aa,519,O=C(/C=C/c1ccccc1)/C=C/c1ccccc1,train_candidate,464
1425370602,8cd132f293d2823adc8d,520,O=C(/C=C/c1ccccc1)/C=C/c1ccccc1,train_candidate,403
1425370602,88f58ab7b7cf02f8f134,521,O=C(/C=C/c1ccccc1)/C=C/c1ccccc1,train_candidate,432
1425370602,17bdb259a18419ca296f,522,O=C(/C=C/c1ccccc1)/C=C/c1ccccc1,train_candidate,485
1425370602,77c599d272254892b6ec,523,CC1CCC(=O)c2ccccc21,train_candidate,76
1425370602,b393af61f6769ceccbc0,524,CC1CCC(=O)c2ccccc21,train_candidate,353
1425370602,49668be051b44a819f00,525,CC1CCC(=O)c2ccccc21,train_candidate,146
1425370602,ffa86b2ffa5ac89b0720,526,CC1CCC(=O)c2ccccc21,train_candidate,441
1425370602,43aa4f12be94a8a96b35,527,CC1CCC(=O)c2ccccc21,train_candidate,244
1425370602,c09fbafa246c8d17b677,528,CC1CCC(=O)c2ccccc21,train_candidate,15
1425370602,f38afd5febe30c01c852,529,CC1CCC(=O)c2ccccc21,train_candidate,191
1425370602,490ab56dde175e9b97f5,530,O=C(Cc1ccccc1F)C1CC1,train_candidate,491
1425370602,3156893d5d2368c286a5,531,O=C(Cc1ccccc1F)C1CC1,train_candidate,189
1425370602,5ca73775e77c8e07812b,532,O=C(Cc1ccccc1F)C1CC1,train_candidate,436
1425370602,e90e636dced92c2b53d7,533,O=C(Cc1ccccc1F)C1CC1,train_candidate,394
1425370602,21e4905ef98fba65035a,534,O=C(Cc1ccccc1F)C1CC1,train_candidate,278
1425370602,2eda4e5a40a9021016cb,535,O=C(Cc1ccccc1F)C1CC1,train_candidate,399
1425370602,9c357cc9e9b8199eb1e0,536,O=C(Cc1ccccc1F)C1CC1,train_candidate,331
1425370602,51091e7a7f83732eaf1b,537,CCC(=O)c1cccc(Br)c1,train_candidate,469
1425370602,71577790a52cb379d81f,538,CCC(=O)c1cccc(Br)c1,validation,-1
1425370602,e3b2ac778da2b86aa873,539,CCC(=O)c1cccc(Br)c1,train_candidate,84
1425370602,1046fdfaf24728b107ba,540,CCC(=O)c1cccc(Br)c1,train_candidate,467
1425370602,2e10d8b186d86053260f,541,CCC(=O)c1cccc(Br)c1,train_candidate,231
1425370602,5111664a952a4ab7d54e,542,CCC(=O)c1cccc(Br)c1,train_candidate,230
1425370602,ffcab07e0d31056e0d4a,543,CCC(=O)c1cccc(Br)c1,train_candidate,409
1425370602,b6bb9be5584029502820,544,COCCCCC(=O)c1ccc(C(F)(F)F)cc1,train_candidate,227
1425370602,60a000cb56517513c4d2,545,COCCCCC(=O)c1ccc(C(F)(F)F)cc1,train_candidate,422
1425370602,677c30b5727454c7a81e,546,COCCCCC(=O)c1ccc(C(F)(F)F)cc1,train_candidate,457
1425370602,94bc1858c275dcb3d476,547,COCCCCC(=O)c1ccc(C(F)(F)F)cc1,train_candidate,305
1425370602,06c29062334b43b0d12f,548,COCCCCC(=O)c1ccc(C(F)(F)F)cc1,train_candidate,33
1425370602,80e66bd0e8e9450537bb,549,COCCCCC(=O)c1ccc(C(F)(F)F)cc1,train_candidate,412
1425370602,b82c7c8060589ec1974b,550,CCCC(=O)c1ccc(-c2ccccc2)cc1,train_candidate,83
1425370602,57e291b74a249c9dd3ff,551,CCCC(=O)c1ccc(-c2ccccc2)cc1,train_candidate,59
1425370602,7d6bcd84e5a6861fc8fc,552,CCCC(=O)c1ccc(-c2ccccc2)cc1,test,-1
1425370602,2d37adf0d65a19bc2c0c,553,CCCC(=O)c1ccc(-c2ccccc2)cc1,validation,-1
1425370602,3c892a45de6ec4625f37,554,CCCC(=O)c1ccc(-c2ccccc2)cc1,train_candidate,52
1425370602,e2c826d98b2bbeb6f48b,555,CCCC(=O)c1ccc(-c2ccccc2)cc1,train_candidate,451
1425370602,ce61c0bd799e65402b75,556,CCCC(=O)c1ccc(-c2ccccc2)cc1,test,-1
1425370602,0f05b5ba6eb528d54b4b,557,O=C(c1ccccc1)c1cccc(C(=O)c2ccccc2)c1,train_candidate,19
1425370602,c4412adf038c7f6ea3c2,558,O=C(c1ccccc1)c1cccc(C(=O)c2ccccc2)c1,train_candidate,25
1425370602,182fc7fe888dbb9535bb,559,O=C(c1ccccc1)c1cccc(C(=O)c2ccccc2)c1,train_candidate,133
1425370602,8abf9c0719e2d67a22f9,560,O=C(c1ccccc1)c1cccc(C(=O)c2ccccc2)c1,train_candidate,461
1425370602,b8a4c06710d95c33cfe1,561,O=C(c1ccccc1)c1cccc(C(=O)c2ccccc2)c1,train_candidate,363
1425370602,7e451fd74af5bfa51ac9,562,O=C(c1ccccc1)c1cccc(C(=O)c2ccccc2)c1,train_candidate,417
1425370602,07e9bc7a9d27fdd58c2f,563,O=C(c1ccccc1)c1cccc(C(=O)c2ccccc2)c1,train_candidate,369
1425370602,2f828b7aa8c3e93352da,564,CCC(=O)c1cccnc1,train_candidate,361
1425370602,4365d2fb106c18823aac,565,CCC(=O)c1cccnc1,train_candidate,439
1425370602,4c6a8ef1c87748df99f2,566,CCC(=O)c1cccnc1,train_candidate,493
1425370602,aca0ef1613a0a07a0431,567,O=C(CCCCl)c1ccc(F)cc1,train_candidate,292
1425370602,f98f5943ca73a5b809a1,568,O=C(CCCCl)c1ccc(F)cc1,train_candidate,235
1425370602,405638494c5a95206866,569,O=C(CCCCl)c1ccc(F)cc1,train_candidate,164
1425370602,76e188b0e48b99f36582,570,O=C(CCCCl)c1ccc(F)cc1,train_candidate,494
1425370602,26aa0143305ac532a560,571,O=C(CCCCl)c1ccc(F)cc1,train_candidate,381
1425370602,283be89c092cfa4a5cbb,572,O=C(CCCCl)c1ccc(F)cc1,train_candidate,408
1425370602,0ffc20c3f979502b8a09,573,O=C(CCCCl)c1ccc(F)cc1,train_candidate,223
536279090,bbabdb9085edbb8c178b,0,CC(C)(CCl)c1ccccc1,test,-1
536279090,96dc3dc2ebd074200228,1,CC(C)(CCl)c1ccccc1,train_candidate,67
536279090,6322e8f867a741eed74c,2,CC(C)(CCl)c1ccccc1,train_candidate,186
536279090,c2b0aff65443af0a8618,3,CC(C)(CCl)c1ccccc1,train_candidate,230
536279090,f4b69d88ad1d916ee71a,4,CC(C)(CCl)c1ccccc1,train_candidate,479
536279090,0f3559d035355b0eec80,5,CC(C)(CCl)c1ccccc1,train_candidate,170
536279090,d29a94054067cd60dd70,6,CC(C)(CCl)c1ccccc1,train_candidate,387
536279090,31d92ca6486b229184cf,7,OCCCc1ccccc1,train_candidate,162
536279090,8a84cca322477165b719,8,OCCCc1ccccc1,train_candidate,68
536279090,9cf769277f6b42d15f11,9,OCCCc1ccccc1,train_candidate,426
536279090,7a0a82051f50d5b0c89c,10,OCCCc1ccccc1,test,-1
536279090,c79f29f048bbfd157f98,11,BrCCCc1ccccc1,train_candidate,311
536279090,df0074b49eeb620c0768,12,BrCCCc1ccccc1,train_candidate,99
536279090,f0097bc6b7827ef65922,13,BrCCCc1ccccc1,test,-1
536279090,44348f5c4aea3b41ee9d,14,BrCCCc1ccccc1,train_candidate,489
536279090,482cb91fac7f2a936dca,15,BrCCCc1ccccc1,train_candidate,423
536279090,a5c6210123f05414ffc0,16,BrCCCc1ccccc1,train_candidate,398
536279090,a82e55e1cd19814ea307,17,BrCCCc1ccccc1,train_candidate,5
536279090,6ee3c70647b37dcd5417,18,ClCCCc1ccccc1,train_candidate,361
536279090,2c7e37ef828eb17c78fb,19,ClCCCc1ccccc1,train_candidate,10
536279090,7ab9c351196ad891e172,20,ClCCCc1ccccc1,train_candidate,301
536279090,7062ca665af0f9bba6c9,21,ClCCCc1ccccc1,train_candidate,279
536279090,6644e934f59d8b816b9f,22,ClCCCc1ccccc1,train_candidate,456
536279090,8cc7c76a92a4474d7c6a,23,ClCCCc1ccccc1,train_candidate,9
536279090,c883df6ea04f89f45f03,24,ClCCCc1ccccc1,test,-1
536279090,46ed1e35ca65ace74790,25,COc1ccc(CO)cc1,train_candidate,98
536279090,ec581cec37da9563e756,26,COc1ccc(CO)cc1,train_candidate,271
536279090,c2bd8e8f13a96726e7fc,27,COc1ccc(CO)cc1,train_candidate,134
536279090,f1afcbd393ce4f5a6316,28,COc1ccc(CO)cc1,train_candidate,93
536279090,2909efb29670d8f2286d,29,CCOC(=O)C(C)(C)Br,train_candidate,35
536279090,56b391fdec7a2a622e52,30,CCOC(=O)C(C)(C)Br,train_candidate,324
536279090,8a9485661ac2c4576006,31,CCOC(=O)C(C)(C)Br,train_candidate,90
536279090,7f6d1cdee16de4a37a21,32,CCOC(=O)C(C)(C)Br,train_candidate,470
536279090,fd7bf535ef538434b384,33,CCOC(=O)C(C)(C)Br,train_candidate,280
536279090,651bb6b60c62819a4323,34,CCOC(=O)C(C)(C)Br,train_candidate,176
536279090,2a61203b59218a3cbdc6,35,CCOC(=O)C(C)(C)Br,train_candidate,47
536279090,6d6c0510303dec89b2fe,36,COc1ccc(C=O)cc1,test,-1
536279090,f81dc37125414986a0bb,37,COc1ccc(C=O)cc1,train_candidate,219
536279090,400615278105cebb3ed9,38,COc1ccc(C=O)cc1,train_candidate,327
536279090,5d04f6757b59f5c356bb,39,COc1ccc(C=O)cc1,train_candidate,218
536279090,a074620f6970d8f89567,40,COc1ccc(C=O)cc1,train_candidate,153
536279090,454c1ea3beebbec4befe,41,COc1ccc(C=O)cc1,test,-1
536279090,f95928e2618ed15e654f,42,COc1ccc(C=O)cc1,train_candidate,2
536279090,3a02b99399bb0c3e9ff9,43,COC(=O)C#CC(=O)OC,train_candidate,435
536279090,b80a4f9e4b61f534ee9e,44,COC(=O)C#CC(=O)OC,train_candidate,221
536279090,2690de155843f45b00a3,45,COC(=O)C#CC(=O)OC,train_candidate,434
536279090,549eb8499df5181b3558,46,COC(=O)C#CC(=O)OC,train_candidate,19
536279090,02c141e2551937d10f4e,47,COC(=O)C#CC(=O)OC,train_candidate,257
536279090,9069807baff6cbfbde75,48,COC(=O)C#CC(=O)OC,train_candidate,417
536279090,1fe1163f7d97c16f3822,49,CC(=O)c1ccccc1,train_candidate,487
536279090,1e86d81fe1995d367fe1,50,CC(=O)c1ccccc1,train_candidate,420
536279090,614e6d0929b0845d454b,51,CC(=O)c1ccccc1,train_candidate,55
536279090,358681452207464d171e,52,CC(=O)c1ccccc1,train_candidate,161
536279090,c00e01085f35d19cd90f,53,CC(=O)c1ccccc1,train_candidate,222
536279090,a542d702abb1fa77a6fc,54,CC(=O)c1ccccc1,train_candidate,31
536279090,77577e6f6f0aa6789972,55,CCOC(=O)C(C)Br,train_candidate,108
536279090,298017c801a97653f57d,56,CCOC(=O)C(C)Br,train_candidate,477
536279090,849796401ee485c617a5,57,CCOC(=O)C(C)Br,test,-1
536279090,67cc8304e3e618d7416a,58,CCOC(=O)C(C)Br,train_candidate,388
536279090,c7bc53c45a1962a88ec3,59,CCOC(=O)C(C)Br,train_candidate,376
536279090,76b9db19f45b8222d962,60,CCOC(=O)C(C)Br,train_candidate,246
536279090,0279fb0f7dba4b54a816,61,CCOC(=O)CC(=O)c1ccccc1,train_candidate,339
536279090,ca203ccf20ce8e74d86d,62,CCOC(=O)CC(=O)c1ccccc1,train_candidate,393
536279090,029d48fc98a886c9fec4,63,CCOC(=O)CC(=O)c1ccccc1,train_candidate,503
536279090,1e578360bd7749f6b397,64,CCOC(=O)CC(=O)c1ccccc1,train_candidate,410
536279090,05c14d26f4aa6f7c48b0,65,CCOC(=O)CC(=O)c1ccccc1,train_candidate,389
536279090,53d046afde1259a727f9,66,CCOC(=O)CC(=O)c1ccccc1,train_candidate,329
536279090,35ba50ab027f5f170aba,67,CCOC(=O)CC(=O)c1ccccc1,train_candidate,128
536279090,130d76d2d46a287c5dea,68,CC(=O)c1ccccc1C,train_candidate,116
536279090,3ef4b1ab56fe40940b42,69,CC(=O)c1ccccc1C,train_candidate,159
536279090,a340148c4096f80cc125,70,CC(=O)c1ccccc1C,train_candidate,235
536279090,57af4b867d9cd419ebb9,71,CC(=O)c1ccccc1C,test,-1
536279090,ff8745125a0eeb17c1e5,72,CC(=O)c1ccccc1C,train_candidate,328
536279090,41a468134f078d2de17d,73,CC(=O)c1ccccc1C,train_candidate,18
536279090,b4899d5d03e44fbf885c,74,CC(=O)c1ccccc1C,train_candidate,491
536279090,bd93eaa60288fd0d5e89,75,CC(=O)c1ccc(C)cc1,train_candidate,112
536279090,2797757b00a9f254ef2e,76,CC(=O)c1ccc(C)cc1,train_candidate,213
536279090,fad37552a4a2eae19961,77,CC(=O)c1ccc(C)cc1,train_candidate,13
536279090,6936556d392803de12ed,78,CC(=O)c1ccc(C)cc1,train_candidate,167
536279090,fd3f8b6ec11d13a8412d,79,CC(=O)c1ccc(C)cc1,train_candidate,66
536279090,b71b23379d73c3637a76,80,CC(=O)c1ccc(C)cc1,train_candidate,6
536279090,2a9d111386ac232bbf79,81,CC(=O)c1ccc(C)cc1,train_candidate,165
536279090,ca00dd1990fd356443cb,82,COC(=O)c1ccccc1O,test,-1
536279090,924106530353757625ba,83,COC(=O)c1ccccc1O,train_candidate,75
536279090,f0d3ae15346c6cb6928d,84,COC(=O)c1ccccc1O,train_candidate,307
536279090,0b6fe9b9da26ddc80e99,85,COC(=O)c1ccccc1O,train_candidate,36
536279090,a9a4b1ef530ce6f46a1c,86,COC(=O)c1ccccc1O,train_candidate,211
536279090,f0245d145e2758fc9ff8,87,COC(=O)c1ccccc1O,train_candidate,169
536279090,f33380e15f0fd8b62027,88,COC(=O)c1ccccc1O,test,-1
536279090,1773be1aaa4102ae19f0,89,CC(=O)CC(=O)OC(C)(C)C,train_candidate,421
536279090,1895e2147dd146c4e564,90,CC(=O)CC(=O)OC(C)(C)C,test,-1
536279090,e7c8cd496e2795b23cb3,91,CC(=O)CC(=O)OC(C)(C)C,train_candidate,397
536279090,60f64adee75a0999c5d5,92,CC(=O)CC(=O)OC(C)(C)C,train_candidate,270
536279090,851993fe56d61c8bf074,93,CC(=O)CC(=O)OC(C)(C)C,test,-1
536279090,4e6d2ab0e823ac1d4b58,94,CC(=O)CC(=O)OC(C)(C)C,train_candidate,100
536279090,452aebfcddc0b031c20d,95,CCOC(=O)Cc1ccccc1,train_candidate,254
536279090,a67ee30ac22b3511e0af,96,CCOC(=O)Cc1ccccc1,train_candidate,358
536279090,4c52102f0b5a693d59bc,97,CCOC(=O)Cc1ccccc1,train_candidate,84
536279090,f21e8077ac7b6ec1d038,98,CCOC(=O)Cc1ccccc1,train_candidate,374
536279090,982611df66af1cf7c2f5,99,CCOC(=O)Cc1ccccc1,train_candidate,119
536279090,d9e344f199dc9a567b5f,100,CCOC(=O)Cc1ccccc1,train_candidate,367
536279090,74706f7e5d10b9245796,101,CCOC(=O)Cc1ccccc1,train_candidate,168
536279090,f5d7ae6c2608335325ff,102,COC(=O)c1ccccc1N,train_candidate,224
536279090,f66e095007d9d0923ce2,103,COC(=O)c1ccccc1N,train_candidate,85
536279090,c9a57e8accca7da9758b,104,COC(=O)c1ccccc1N,train_candidate,172
536279090,f7b1b9737459397f9ace,105,COC(=O)c1ccccc1N,train_candidate,255
536279090,68feec66f657364ebeaa,106,COC(=O)c1ccccc1N,train_candidate,250
536279090,96ccc1b8240fc2e9c1f3,107,COC(=O)c1ccccc1N,train_candidate,432
536279090,16eec4a03ec235274042,108,CCOC(=O)/C=C/c1ccccc1,train_candidate,359
536279090,92e4f80b3943134ebe86,109,CCOC(=O)/C=C/c1ccccc1,train_candidate,344
536279090,e15e8a4f329d3a08aff9,110,CCOC(=O)/C=C/c1ccccc1,train_candidate,88
536279090,6cec450baf7517436df6,111,CCOC(=O)/C=C/c1ccccc1,train_candidate,24
536279090,48b79e49508df9f5fd6d,112,CCOC(=O)/C=C/c1ccccc1,train_candidate,14
536279090,404dc3e2801a9a9d52aa,113,CCOC(=O)/C=C/c1ccccc1,train_candidate,308
536279090,c72867f0f2e38c70aa8c,114,CCOC(=O)/C=C/c1ccccc1,train_candidate,0
536279090,d9d3d24a75ff511e108a,115,COC(=O)c1ccc(C(C)(C)C)cc1,train_candidate,481
536279090,f40ca479a9e86b5d5458,116,COC(=O)c1ccc(C(C)(C)C)cc1,train_candidate,73
536279090,b7770c04c72527e1d9f6,117,COC(=O)c1ccc(C(C)(C)C)cc1,train_candidate,226
536279090,a433dc0f6a13e9ace41d,118,COC(=O)c1ccc(C(C)(C)C)cc1,train_candidate,468
536279090,e399250d7156727de0fd,119,COC(=O)c1ccc(C(C)(C)C)cc1,train_candidate,265
536279090,3122a2210bde68deb81e,120,COC(=O)c1ccc(C(C)(C)C)cc1,train_candidate,133
536279090,c9460286f85a5ec0f4fc,121,COC(=O)c1ccc(C(C)(C)C)cc1,validation,-1
536279090,13b0b7952199157a8399,122,CCOC(=O)/C=C(/C)N,train_candidate,405
536279090,759d5133ee82740013bf,123,CCOC(=O)/C=C(/C)N,train_candidate,462
536279090,c9bf385316b464cd2e8d,124,CCOC(=O)/C=C(/C)N,train_candidate,429
536279090,f248b9b89d62a22b03c3,125,CCOC(=O)/C=C(/C)N,train_candidate,281
536279090,10d51839b15b94f0ae56,126,CCOC(=O)/C=C(/C)N,train_candidate,264
536279090,e66b24ec1e4dfa9a9a57,127,CCOC(=O)/C=C(/C)N,train_candidate,199
536279090,506597d02ff322a77a8d,128,CCOC(=O)/C=C(/C)N,train_candidate,288
536279090,d2951bd3bb1608688f0d,129,CCOC(=O)/C=C(/C)N,train_candidate,312
536279090,7d3c6ef279245ca08a2f,130,CCOC(=O)/C=C(/C)N,train_candidate,154
536279090,e6886d2fb3090517172b,131,CCOC(=O)/C=C(/C)N,train_candidate,53
536279090,d31d42caff135d7154c4,132,CCOC(=O)/C=C(/C)N,train_candidate,316
536279090,3d7aa38258001eb6ba67,133,CC(C)COC(=O)c1ccccc1,train_candidate,64
536279090,b3409bbbf3b06d73afca,134,CC(C)COC(=O)c1ccccc1,train_candidate,245
536279090,5ce75d3f6df6d318cb8a,135,CC(C)COC(=O)c1ccccc1,train_candidate,298
536279090,28f4ab2563d03e831cf0,136,CC(C)COC(=O)c1ccccc1,train_candidate,225
536279090,b95bbdf393e00f41a6df,137,CC(C)COC(=O)c1ccccc1,train_candidate,210
536279090,1e73138aa057a5e2b67f,138,CC(C)COC(=O)c1ccccc1,test,-1
536279090,1319bf7018ee9b9a5b9f,139,CCOC(=O)c1ccccc1,train_candidate,332
536279090,99398d649f02f80651f1,140,CCOC(=O)c1ccccc1,train_candidate,459
536279090,240787bdbf2abc17e093,141,CCOC(=O)c1ccccc1,train_candidate,414
536279090,4afc7ef2732850bea176,142,CCOC(=O)c1ccccc1,test,-1
536279090,181f6c7852b17df8f194,143,CCOC(=O)c1ccccc1,train_candidate,447
536279090,474238f822b0c38795c6,144,CCOC(=O)c1ccccc1,train_candidate,377
536279090,5eb80e21463443b22d14,145,CCOC(=O)c1ccccc1,train_candidate,341
536279090,f6e991e3dc3a3d3c5d89,146,COc1ccc(CCO)cc1,train_candidate,69
536279090,9991421da8e18008fc91,147,COc1ccc(CCO)cc1,train_candidate,38
536279090,9e93bad2014e7ab1a680,148,COc1ccc(CCO)cc1,test,-1
536279090,3d5dc8831f4c74f7b7d1,149,COc1ccc(CCO)cc1,train_candidate,191
536279090,d5a7e1d47a58e1323805,150,Cc1ccc(C(C)C)cc1,train_candidate,493
536279090,5c32bb6f3bbf72dcb37e,151,Cc1ccc(C(C)C)cc1,train_candidate,386
536279090,e545485bf1a51a3ea557,152,Cc1ccc(C(C)C)cc1,train_candidate,21
536279090,8ea9d90b217f4096f42f,153,Cc1ccc(C(C)C)cc1,train_candidate,340
536279090,9ed80c28328fabe87261,154,Cc1ccc(C(C)C)cc1,train_candidate,70
536279090,f1ea027f4cb80b10d15b,155,Cc1ccc(C(C)C)cc1,train_candidate,16
536279090,dcfc9eaebf799d451fdb,156,Cc1ccc(C(C)C)cc1,train_candidate,499
536279090,6c1f19a34a40cbf98728,157,CC(C)(O)CCc1ccccc1,test,-1
536279090,cf45ee02778c0243ad50,158,CC(C)(O)CCc1ccccc1,train_candidate,184
536279090,88581d99a415bf271788,159,CC(C)(O)CCc1ccccc1,train_candidate,240
536279090,8753ab545dd1cf036a3a,160,CC(C)(O)CCc1ccccc1,train_candidate,497
536279090,d59d233a1606de5b6deb,161,CC(C)(O)CCc1ccccc1,validation,-1
536279090,964a62fb7d677de0f711,162,CC(C)CCOC(=O)c1ccccc1,train_candidate,469
536279090,f35f8782c107387233ed,163,CC(C)CCOC(=O)c1ccccc1,train_candidate,294
536279090,4d602abaaf336ac523e4,164,CC(C)CCOC(=O)c1ccccc1,train_candidate,56
536279090,4768b747981033fbdf34,165,CC(C)CCOC(=O)c1ccccc1,train_candidate,442
536279090,3df34ab1c0d58c86999e,166,CC(C)CCOC(=O)c1ccccc1,test,-1
536279090,8b67a1246fe892b6581d,167,CC(C)CCOC(=O)c1ccccc1,train_candidate,164
536279090,2bafcbea1bb66eb60a71,168,CC(C)CCOC(=O)c1ccccc1,train_candidate,413
536279090,2beadb75e05408973f02,169,CCOC(=O)/C=C/c1ccccc1,train_candidate,91
536279090,dd7cae2667a1348a2caf,170,CCOC(=O)/C=C/c1ccccc1,train_candidate,244
536279090,56f1cecfc0c6c3d224be,171,CCOC(=O)/C=C/c1ccccc1,train_candidate,471
536279090,6278b7d64a22dbe3844e,172,CCOC(=O)/C=C/c1ccccc1,train_candidate,155
536279090,a75e421e756083edea35,173,CCOC(=O)/C=C/c1ccccc1,train_candidate,446
536279090,c9f7ab78e90454873661,174,CCOC(=O)/C=C/c1ccccc1,train_candidate,457
536279090,b36d7c12e6d3072467ee,175,CCOC(=O)/C=C/c1ccccc1,train_candidate,163
536279090,5dc7d31c57624ac47575,176,COc1ccc(C)cc1OC,train_candidate,228
536279090,7dea14d96460814919d3,177,COc1ccc(C)cc1OC,train_candidate,268
536279090,83a16763654b3b743265,178,COc1ccc(C)cc1OC,train_candidate,320
536279090,ee96bcc328a38cb12519,179,COc1ccc(C)cc1OC,test,-1
536279090,62763fd48ebc7554402f,180,COc1ccc(C)cc1OC,test,-1
536279090,dd29d0f859e11f70f4ec,181,COc1ccc(C)cc1OC,train_candidate,95
536279090,826e9f40c328ce2478ec,182,COc1ccc(C)cc1OC,train_candidate,29
536279090,2e684264400b651dae88,183,C1=Cc2ccccc2C1,train_candidate,424
536279090,e4f37e6e6def0eec724a,184,C1=Cc2ccccc2C1,train_candidate,373
536279090,fda6d7aa920e5400a222,185,C1=Cc2ccccc2C1,train_candidate,357
536279090,ee0eba88726c692c7f0c,186,C1=Cc2ccccc2C1,train_candidate,190
536279090,c438c37de3a60de0e84a,187,C1=Cc2ccccc2C1,test,-1
536279090,f51bc35441c8ba7713b6,188,C1=Cc2ccccc2C1,train_candidate,74
536279090,cb1bb21d54890633943c,189,C1=Cc2ccccc2C1,train_candidate,275
536279090,2e561b136ec088ba3eff,190,Cc1ccc(C)cc1,train_candidate,171
536279090,0d6f66d7971473a2cef9,191,Cc1ccc(C)cc1,train_candidate,385
536279090,6950f8ebe95298defec5,192,Cc1ccc(C)cc1,train_candidate,23
536279090,1837a52df085e2fc70d1,193,Cc1ccc(C)cc1,train_candidate,431
536279090,8067767b73f132489d46,194,Cc1ccc(C)cc1,train_candidate,97
536279090,bc3f10fed296515e66e5,195,Cc1ccc(C)cc1,train_candidate,102
536279090,369517a8e4fab7d4e0e5,196,Cc1ccc(C)cc1,train_candidate,3
536279090,acc1a540efdb60e4fa76,197,ClCCc1ccccc1,train_candidate,454
536279090,b849b02cc7a096ff6f6a,198,ClCCc1ccccc1,train_candidate,106
536279090,75b105d94d176eec90ba,199,ClCCc1ccccc1,train_candidate,300
536279090,4699975b36aa2351be18,200,ClCCc1ccccc1,train_candidate,502
536279090,a2ecd7c05da585c2a35e,201,ClCCc1ccccc1,train_candidate,494
536279090,82843c7e3b9005c1abb0,202,ClCCc1ccccc1,train_candidate,353
536279090,216e9e13c0587f197c0b,203,ClCCc1ccccc1,train_candidate,15
536279090,31162ac7e21c9688cbdc,204,CC(O)c1ccccc1,train_candidate,103
536279090,82ffe9abc3d02f4b970f,205,CC(O)c1ccccc1,train_candidate,207
536279090,35eae227e68fe7434e68,206,CC(O)c1ccccc1,train_candidate,135
536279090,82b6a0a8f122317d79d4,207,CC(O)c1ccccc1,train_candidate,183
536279090,9b28c23ad1d4dda9fe1a,208,CC(O)c1ccccc1,train_candidate,463
536279090,4455212440cbaf6d51e2,209,COc1ccccc1,train_candidate,395
536279090,fcea8574ae051fe11483,210,COc1ccccc1,train_candidate,336
536279090,04d4a16ff682bc7c55c8,211,COc1ccccc1,train_candidate,193
536279090,62ca5eadee5ef28e9aeb,212,COc1ccccc1,train_candidate,32
536279090,42f031acb8211bfbf67f,213,COc1ccccc1,train_candidate,438
536279090,472b8f06caf25ffe6c7a,214,COc1ccccc1,train_candidate,309
536279090,d532e4ccbab971232d40,215,COc1ccccc1,train_candidate,115
536279090,bae9f1ce7c04e7ccf16b,216,CCOC(=O)C(Br)C(=O)OCC,train_candidate,273
536279090,fc58ac30a03fcb0ec051,217,CCOC(=O)C(Br)C(=O)OCC,validation,-1
536279090,c4b569d1149e4ec87b12,218,CCOC(=O)C(Br)C(=O)OCC,train_candidate,485
536279090,53d7fb31d852cbb33059,219,CCOC(=O)C(Br)C(=O)OCC,train_candidate,492
536279090,265addbdd355a85c628d,220,CCOC(=O)C(Br)C(=O)OCC,train_candidate,60
536279090,b07e3b186c5f9a698624,221,CCOC(=O)C(Br)C(=O)OCC,train_candidate,480
536279090,28c4b7ec4bf7f486b68c,222,CCOC(=O)C(Br)C(=O)OCC,train_candidate,304
536279090,c9d7d885160197c7f67c,223,c1ccc(COCc2ccccc2)cc1,train_candidate,318
536279090,e2869f5cf5635b6ae9c1,224,c1ccc(COCc2ccccc2)cc1,train_candidate,157
536279090,49865eda3c0e936157be,225,c1ccc(COCc2ccccc2)cc1,train_candidate,378
536279090,d26cffd9ef4da9800470,226,c1ccc(COCc2ccccc2)cc1,train_candidate,123
536279090,ce9ac115ce41ab41f01d,227,c1ccc(COCc2ccccc2)cc1,train_candidate,143
536279090,b2b5155e06ff9134c6a4,228,c1ccc(COCc2ccccc2)cc1,train_candidate,65
536279090,f1aabb6243aed53011cb,229,c1ccc(COCc2ccccc2)cc1,test,-1
536279090,ebc9c107c2207e99cf79,230,CCOC(=O)CC(C)=O,train_candidate,33
536279090,f373e0ffa24cb51dd13a,231,CCOC(=O)CC(C)=O,train_candidate,26
536279090,bcb35848089ca50a1eef,232,CCOC(=O)CC(C)=O,train_candidate,148
536279090,ef8527c6b63d54b73966,233,CCOC(=O)CC(C)=O,train_candidate,127
536279090,86f385aa0925171d22cc,234,CCOC(=O)CC(C)=O,train_candidate,441
536279090,9c7a6ce4172638d2abc7,235,CCOC(=O)CC(C)=O,train_candidate,89
536279090,982585c1a4e89f10713f,236,O=CCCc1ccccc1,train_candidate,220
536279090,36af0c588eb2e094a55e,237,O=CCCc1ccccc1,train_candidate,71
536279090,afcb9ffea06f12f9e0f5,238,O=CCCc1ccccc1,train_candidate,129
536279090,e584c52185ccefd22a26,239,O=CCCc1ccccc1,train_candidate,452
536279090,39e40f336da135e6a7b5,240,O=CCCc1ccccc1,validation,-1
536279090,e3c9408f01aa7642870f,241,O=CCCc1ccccc1,test,-1
536279090,155ad3f702726e253c4d,242,O=CCCc1ccccc1,train_candidate,381
536279090,f84aa17604ca7f927b8c,243,C=CC(=O)OCCOc1ccccc1,train_candidate,92
536279090,6b8023df74ccc51e5c76,244,C=CC(=O)OCCOc1ccccc1,train_candidate,483
536279090,b056b793f5b571e6cdee,245,C=CC(=O)OCCOc1ccccc1,train_candidate,495
536279090,934f00061cc32bab10e8,246,C=CC(=O)OCCOc1ccccc1,train_candidate,419
536279090,b983d4c3094d909b570e,247,C=CC(=O)OCCOc1ccccc1,train_candidate,490
536279090,b6f53d16978daf702470,248,C=CC(=O)OCCOc1ccccc1,train_candidate,185
536279090,9563dde5c28fb62e4f7e,249,C=CC(=O)OCCOc1ccccc1,test,-1
536279090,de2563a5f711307823f1,250,C=CC(=O)OC1CCCCC1,train_candidate,310
536279090,e2e681b0653ec64f7c14,251,C=CC(=O)OC1CCCCC1,train_candidate,418
536279090,fbf392edaddff6347b58,252,C=CC(=O)OC1CCCCC1,train_candidate,101
536279090,3955ae590ac179d279b6,253,C=CC(=O)OC1CCCCC1,train_candidate,52
536279090,db51f6df02555cb9c264,254,C=CC(=O)OC1CCCCC1,train_candidate,390
536279090,2195290d04210cdb253f,255,C=CC(=O)OC1CCCCC1,train_candidate,7
536279090,8063e3de9de70b75def1,256,C=CC(=O)OC1CCCCC1,train_candidate,130
536279090,88771c5c64ed839a4436,257,C=CC(=O)OCc1ccccc1,train_candidate,194
536279090,b5365d56777fde5c4dfc,258,C=CC(=O)OCc1ccccc1,train_candidate,179
536279090,4513e318c9d037303b13,259,C=CC(=O)OCc1ccccc1,test,-1
536279090,efca00a284b2cadc5737,260,C=CC(=O)OCc1ccccc1,train_candidate,372
536279090,b473ef06a415d0f114b0,261,C=CC(=O)OCc1ccccc1,train_candidate,501
536279090,df02863943321996441f,262,C=CC(=O)OCc1ccccc1,test,-1
536279090,194278dd9ee3d2407ed5,263,C=CC(=O)OCc1ccccc1,train_candidate,285
536279090,cc31b914acbab022eb9a,264,COC(=O)C(C)(C)Br,train_candidate,139
536279090,a9eea85ddeee2da33706,265,COC(=O)C(C)(C)Br,test,-1
536279090,640353c89b3ce64ee98b,266,COC(=O)C(C)(C)Br,train_candidate,59
536279090,b11bb6293c307f7f7282,267,COC(=O)C(C)(C)Br,train_candidate,360
536279090,77b0577e6b0adb649e63,268,COC(=O)C(C)(C)Br,train_candidate,325
536279090,543561ac99bc28db6f2f,269,COC(=O)C(C)(C)Br,train_candidate,267
536279090,056255620b7acc9c630f,270,COC(=O)C(C)(C)Br,train_candidate,182
536279090,7b1589ae321d27608509,271,COC(=O)CS,train_candidate,180
536279090,0fee19a828ef997229fd,272,COC(=O)CS,test,-1
536279090,222dede783147d5efa63,273,COC(=O)CS,train_candidate,338
536279090,d9a40ac35b79fbcf214a,274,COC(=O)CS,train_candidate,206
536279090,aaf22f8324aad12a55fa,275,COC(=O)CS,train_candidate,237
536279090,a9bfabe931467745353e,276,COC(=O)CS,train_candidate,192
536279090,be7d68067464e72d0b8d,277,COC(=O)CS,test,-1
536279090,b418a712463f5abf8b81,278,CC(=O)CCCCl,train_candidate,233
536279090,850a69ce73ac04035aa3,279,CC(=O)CCCCl,train_candidate,258
536279090,7c4153fe9561da818ae1,280,CC(=O)CCCCl,train_candidate,202
536279090,a67016d937c499be9d64,281,CC(C)=CCBr,train_candidate,306
536279090,4559d83db38cc3c39d13,282,CC(C)=CCBr,train_candidate,81
536279090,bf8409f12dae2388c6a0,283,CC(C)=CCBr,train_candidate,57
536279090,832899abb44b8d2246cd,284,CC(C)=CCBr,train_candidate,232
536279090,5729cc87eb48a75655ad,285,CC(C)=CCBr,train_candidate,158
536279090,adb6d48eec0fb576d7fc,286,CC(C)=CCBr,train_candidate,455
536279090,bc789871fe39d967a9e0,287,CC(C)=CCBr,train_candidate,428
536279090,fff65bc451d163b1b106,288,C=CC(=O)OCCCCCCCCCCCC,train_candidate,440
536279090,c761659793c5929e2214,289,C=CC(=O)OCCCCCCCCCCCC,test,-1
536279090,4c7d7c5f8b0c317c5548,290,C=CC(=O)OCCCCCCCCCCCC,train_candidate,433
536279090,a9656ffd805f80fcf143,291,C=CC(=O)OCCCCCCCCCCCC,train_candidate,347
536279090,da10d2f67a989e8b16b5,292,C=CC(=O)OCCCCCCCCCCCC,train_candidate,238
536279090,7ca22b2f4d23a7afb10e,293,C=CC(=O)OCCCCCCCCCCCC,train_candidate,152
536279090,38f57a9d08efd5f070d0,294,C=CC(=O)OCCCCCCCCCCCC,train_candidate,266
536279090,1619a0c8b233772ba0c0,295,C=CC(=O)O[C@@H]1C[C@H]2CC[C@]1(C)C2(C)C,test,-1
536279090,0b9968c1280b5e4f726a,296,C=CC(=O)O[C@@H]1C[C@H]2CC[C@]1(C)C2(C)C,train_candidate,412
536279090,0d5196ceda603b66bd22,297,C=CC(=O)O[C@@H]1C[C@H]2CC[C@]1(C)C2(C)C,train_candidate,382
536279090,244e5c6375ff0c923725,298,C=CC(=O)O[C@@H]1C[C@H]2CC[C@]1(C)C2(C)C,train_candidate,322
536279090,4f34bbce67c94a44318a,299,C=CC(=O)O[C@@H]1C[C@H]2CC[C@]1(C)C2(C)C,train_candidate,197
536279090,0f8a39d1c0a7eaf35c75,300,C=CC(=O)O[C@@H]1C[C@H]2CC[C@]1(C)C2(C)C,train_candidate,475
536279090,6de4f7fd8ac19d183348,301,C=CC(=O)O[C@@H]1C[C@H]2CC[C@]1(C)C2(C)C,train_candidate,4
536279090,8bac25cfab022a9fb887,302,C=CC(=O)OCC(CC)CCCC,train_candidate,113
536279090,aeef2128392508cc81cc,303,C=CC(=O)OCC(CC)CCCC,train_candidate,248
536279090,a2eefb55da4d47a4347b,304,C=CC(=O)OCC(CC)CCCC,train_candidate,120
536279090,3c7f7a7105a5eb39ca89,305,C=CC(=O)OCC(CC)CCCC,train_candidate,138
536279090,2bf67acb4c861cf83990,306,C=CC(=O)OCC(CC)CCCC,train_candidate,200
536279090,d67e364fd6830aa2bf6f,307,C=CC(=O)OCC(CC)CCCC,train_candidate,147
536279090,84caf30ea66b29e2ea91,308,C=CC(=O)OCC(CC)CCCC,train_candidate,473
536279090,1bd5bb3744b78ada7307,309,FC(F)(F)c1cc(Br)cc(C(F)(F)F)c1,train_candidate,40
536279090,dd7fdbe3fa3800e6499f,310,FC(F)(F)c1cc(Br)cc(C(F)(F)F)c1,train_candidate,94
536279090,ab84efb31c801e49c87c,311,FC(F)(F)c1cc(Br)cc(C(F)(F)F)c1,train_candidate,136
536279090,69f6dbdc304c0475f868,312,FC(F)(F)c1cc(Br)cc(C(F)(F)F)c1,validation,-1
536279090,a43656cab81e1b0fcccf,313,FC(F)(F)c1cc(Br)cc(C(F)(F)F)c1,test,-1
536279090,bcf8bb13e4fca185fe68,314,FC(F)(F)c1cc(Br)cc(C(F)(F)F)c1,train_candidate,369
536279090,fe71f29c800d4ee35138,315,FC(F)(F)c1cc(Br)cc(C(F)(F)F)c1,train_candidate,500
536279090,2416be80d114ff60224d,316,O=Cc1ccc(Cl)cc1Br,train_candidate,114
536279090,9201cead3641f52a1f20,317,O=Cc1ccc(Cl)cc1Br,train_candidate,144
536279090,49276f9b1cc72d41bbfd,318,O=Cc1ccc(Cl)cc1Br,train_candidate,49
536279090,6cb8bbf843e6064ce249,319,O=Cc1ccc(Cl)cc1Br,train_candidate,142
536279090,a6b1d92e3de602f8963c,320,O=Cc1ccc(Cl)cc1Br,train_candidate,96
536279090,135ac7deca522d1e7929,321,O=Cc1ccc(Cl)cc1Br,train_candidate,505
536279090,0f3bd8418ab9ba9d1ed2,322,O=Cc1ccc(Cl)cc1Br,train_candidate,149
536279090,6cd5860914563da59932,323,O=Cc1ccc2c(c1)CCO2,train_candidate,484
536279090,5179c3962ada5450dde7,324,O=Cc1ccc2c(c1)CCO2,train_candidate,156
536279090,ad45b4b8aaed2c2b0b33,325,O=Cc1ccc2c(c1)CCO2,test,-1
536279090,6c8de7fb3dbd4f5adabf,326,O=Cc1ccc2c(c1)CCO2,train_candidate,208
536279090,f72724ff299c47641488,327,COc1cc(F)cc(Br)c1,train_candidate,296
536279090,2cde006ff48a36a368d2,328,COc1cc(F)cc(Br)c1,train_candidate,488
536279090,09879f6853acb50e1280,329,COc1cc(F)cc(Br)c1,test,-1
536279090,cd492dbc52d170e5a396,330,COc1cc(F)cc(Br)c1,train_candidate,209
536279090,e1244cc412f81ac11bd3,331,COc1cc(F)cc(Br)c1,train_candidate,348
536279090,69bed1df8dc3cf82927c,332,COc1cc(F)cc(Br)c1,train_candidate,486
536279090,adc9f476f8b5d66fa85d,333,COc1cc(F)cc(Br)c1,train_candidate,261
536279090,e7e3cdff8a4b43574b19,334,CC(C)(C)c1cc(C=O)cc(C(C)(C)C)c1,test,-1
536279090,22fcaa293d9525e1f4e7,335,CC(C)(C)c1cc(C=O)cc(C(C)(C)C)c1,train_candidate,140
536279090,5965305884ee5fba94d8,336,CC(C)(C)c1cc(C=O)cc(C(C)(C)C)c1,train_candidate,391
536279090,556baeed852270e9c0fc,337,CC(C)(C)c1cc(C=O)cc(C(C)(C)C)c1,train_candidate,314
536279090,376fc6387117429bcb19,338,CC(C)(C)c1cc(C=O)cc(C(C)(C)C)c1,train_candidate,198
536279090,3fbc880a145bcc2155c9,339,CC(C)(C)c1cc(C=O)cc(C(C)(C)C)c1,train_candidate,41
536279090,2964279ae2fd8a820ae1,340,CC(C)(C)c1cc(C=O)cc(C(C)(C)C)c1,train_candidate,8
536279090,c084940b1be4fa61738d,341,COc1cc(Br)cc(OC)c1,train_candidate,291
536279090,deac65153d9204a230ec,342,COc1cc(Br)cc(OC)c1,train_candidate,506
536279090,b5f0b6271cd244ade9a3,343,COc1cc(Br)cc(OC)c1,train_candidate,1
536279090,79723584590c0a689474,344,COc1cc(Br)cc(OC)c1,train_candidate,394
536279090,984bc17b1da105c753eb,345,COc1cc(Br)cc(OC)c1,train_candidate,54
536279090,1b7e334ea83516d08ff5,346,COc1cc(Br)cc(OC)c1,train_candidate,282
536279090,b8018c4bdaadd42a057a,347,COc1cc(Br)cc(OC)c1,test,-1
536279090,3b03dfa8ff44ff554734,348,O=Cc1cc(Br)ccc1O,test,-1
536279090,167f49f748fa35bdb29e,349,O=Cc1cc(Br)ccc1O,train_candidate,104
536279090,7e19b816ecd8282ce2a1,350,O=Cc1cc(Br)ccc1O,train_candidate,272
536279090,0dffde5d00d50ee96173,351,O=Cc1cc(Br)ccc1O,train_candidate,335
536279090,65bfb38b53dd53bc4f4c,352,O=Cc1cc(Br)ccc1O,train_candidate,201
536279090,e79c5aedcfa41a5f23c9,353,O=Cc1cc(Br)ccc1O,train_candidate,28
536279090,27b234a05f8c66fd059f,354,O=Cc1cc(Br)ccc1O,train_candidate,61
536279090,1bf52d57e3b0d9ef0662,355,Cc1ccc(Cl)cc1Br,train_candidate,277
536279090,867407c66038f21466a8,356,Cc1ccc(Cl)cc1Br,train_candidate,125
536279090,fb19bbc052a528249f36,357,Cc1ccc(Cl)cc1Br,train_candidate,362
536279090,13bebd0b1ab22fc7e93b,358,Cc1ccc(Cl)cc1Br,train_candidate,252
536279090,c1b4c0f7481c01c40ec6,359,Cc1ccc(Cl)cc1Br,train_candidate,25
536279090,bb159f5b8695e842d4ff,360,Cc1ccc(Cl)cc1Br,train_candidate,278
536279090,ce70dba7026ce0b64f62,361,Cc1ccc(Cl)cc1Br,train_candidate,326
536279090,a5ea3136b642f8a49607,362,N#Cc1ccccc1Br,train_candidate,379
536279090,8671b386166171ebd7f7,363,N#Cc1ccccc1Br,train_candidate,121
536279090,d344b363b8c01e73a6fa,364,N#Cc1ccccc1Br,train_candidate,366
536279090,70e13ddfe9e6cc9b0f56,365,N#Cc1ccccc1Br,train_candidate,189
536279090,35046c5ff35d8c8617bb,366,N#Cc1ccccc1Br,train_candidate,451
536279090,848f6c84b4d5fc44c3c2,367,N#Cc1ccccc1Br,test,-1
536279090,0974fc9cbeb3820c4065,368,Cc1ccc(C=O)c(C)c1,test,-1
536279090,bc486e940c369b85ce28,369,Cc1ccc(C=O)c(C)c1,train_candidate,86
536279090,9a29b268530b7a3321a0,370,Cc1ccc(C=O)c(C)c1,train_candidate,227
536279090,51394d9af7adc7eff816,371,Cc1ccc(C=O)c(C)c1,train_candidate,355
536279090,5cbed870fef2de105046,372,Cc1ccc(C=O)c(C)c1,train_candidate,409
536279090,dbb854b36df7ed31d95f,373,Cc1ccc(C=O)c(C)c1,train_candidate,109
536279090,0c0f89307cc4aff87ab6,374,Cc1ccc(C=O)c(C)c1,test,-1
536279090,a5d9706079ccfee3bdf4,375,COCCOC(=O)CC(C)=O,train_candidate,365
536279090,bacef06b4d4d7374a4e4,376,COCCOC(=O)CC(C)=O,train_candidate,408
536279090,74097878150c8a5a8d79,377,COCCOC(=O)CC(C)=O,train_candidate,445
536279090,47404d0982a587f0393e,378,COCCOC(=O)CC(C)=O,train_candidate,204
536279090,fb80794857ddc46e142c,379,CC(=O)c1ccc2c(c1)OCO2,train_candidate,110
536279090,6f34563b6236c57b9c60,380,CC(=O)c1ccc2c(c1)OCO2,train_candidate,78
536279090,147b560e4c606680c7b2,381,CC(=O)c1ccc2c(c1)OCO2,train_candidate,44
536279090,7396668aaa8d372aa464,382,CC(=O)c1ccc2c(c1)OCO2,train_candidate,342
536279090,78b04c44dfa852f4e621,383,CC(=O)c1ccc2c(c1)OCO2,train_candidate,448
536279090,f191e08b3e95928a5423,384,CC(=O)c1ccc2c(c1)OCO2,train_candidate,243
536279090,f5634113e0822bda1c03,385,CC(=O)c1ccc2c(c1)OCO2,train_candidate,30
536279090,45264f1c88b241fb888c,386,CC(=O)c1c(C)cc(C)cc1C,train_candidate,430
536279090,7b0fa77cbbcbd8e7c87a,387,CC(=O)c1c(C)cc(C)cc1C,train_candidate,458
536279090,c514f60c28973fc116c5,388,CC(=O)c1c(C)cc(C)cc1C,train_candidate,76
536279090,b63d546347919cb66716,389,CC(=O)c1c(C)cc(C)cc1C,train_candidate,247
536279090,823c667f35cddfcbc346,390,CC(=O)c1c(C)cc(C)cc1C,validation,-1
536279090,d2955aa36bd2b103c981,391,CC(=O)c1c(C)cc(C)cc1C,train_candidate,126
536279090,4ce730c9ad4e20a0386e,392,CC(=O)c1c(C)cc(C)cc1C,train_candidate,48
536279090,f3531a1565c8159ac5e2,393,CC(=O)c1ccc(C)cc1C,train_candidate,34
536279090,c359fd726e50e2123f43,394,CC(=O)c1ccc(C)cc1C,train_candidate,262
536279090,a9a623a9853c6b493ce4,395,CC(=O)c1ccc(C)cc1C,train_candidate,173
536279090,784ca4af1517dac8cd11,396,CC(=O)c1ccc(C)cc1C,train_candidate,343
536279090,4c36e8e7d179b4bfa11a,397,CC(=O)c1ccc(C)cc1C,train_candidate,368
536279090,77fe8c752e01feedccfa,398,CC(=O)c1ccc(C)cc1C,train_candidate,444
536279090,0a1949b42050f41b0db4,399,CC(=O)c1ccc(C)cc1C,train_candidate,203
536279090,118d66c0e53f510c51ed,400,CC(=O)c1ccc2c(c1)Cc1ccccc1-2,train_candidate,117
536279090,38aa81d53a6b39e9d8ef,401,CC(=O)c1ccc2c(c1)Cc1ccccc1-2,train_candidate,319
536279090,c780d2f5194817087e07,402,CC(=O)c1ccc2c(c1)Cc1ccccc1-2,train_candidate,351
536279090,546046afb5114d631360,403,CC(=O)c1ccc2c(c1)Cc1ccccc1-2,train_candidate,476
536279090,dc9f747c03c55d77bf72,404,BrC(=C(c1ccccc1)c1ccccc1)c1ccccc1,train_candidate,323
536279090,d29c00125d1c5dc55586,405,BrC(=C(c1ccccc1)c1ccccc1)c1ccccc1,train_candidate,402
536279090,509e53644c411798f5b0,406,BrC(=C(c1ccccc1)c1ccccc1)c1ccccc1,train_candidate,150
536279090,5ac5df671efee45d3ddf,407,BrC(=C(c1ccccc1)c1ccccc1)c1ccccc1,train_candidate,364
536279090,1e8c03a5d84f08329475,408,BrC(=C(c1ccccc1)c1ccccc1)c1ccccc1,train_candidate,269
536279090,a7f9a08159d001c30f67,409,BrC(=C(c1ccccc1)c1ccccc1)c1ccccc1,test,-1
536279090,97feb43dae8371e80d3b,410,BrC(=C(c1ccccc1)c1ccccc1)c1ccccc1,train_candidate,437
536279090,2f612d3ec5e270672ad1,411,C/C(=N\O)c1ccccc1,train_candidate,132
536279090,b089551184e4d70e386d,412,C/C(=N\O)c1ccccc1,test,-1
536279090,95f7b6c8f44b25feade0,413,C/C(=N\O)c1ccccc1,train_candidate,292
536279090,b0f39affa1970d2700b7,414,C/C(=N\O)c1ccccc1,train_candidate,467
536279090,af2973fb82b6d79d8c5e,415,C/C(=N\O)c1ccccc1,train_candidate,146
536279090,3545611fd9950a160288,416,C/C(=N\O)c1ccccc1,test,-1
536279090,786c4179676f46638e4a,417,O=C(c1ccccc1)c1ccc(Cl)cc1,train_candidate,249
536279090,937105af8867732c56ec,418,O=C(c1ccccc1)c1ccc(Cl)cc1,train_candidate,124
536279090,711f210d4869259d0651,419,O=C(c1ccccc1)c1ccc(Cl)cc1,train_candidate,37
536279090,26bb8ff67b7738527484,420,O=C(c1ccccc1)c1ccc(Cl)cc1,train_candidate,404
536279090,6624c43f78e6697c8ac9,421,O=C(c1ccccc1)c1ccc(Cl)cc1,train_candidate,299
536279090,f9b97e958092bd5cb81a,422,O=C(c1ccccc1)c1ccc(Cl)cc1,train_candidate,400
536279090,2d53109003f718b780fa,423,Cc1ccc(C(=O)c2ccccc2)cc1C,train_candidate,337
536279090,b9b624baffe611c30836,424,Cc1ccc(C(=O)c2ccccc2)cc1C,test,-1
536279090,f8a590eaa91d155f61da,425,Cc1ccc(C(=O)c2ccccc2)cc1C,train_candidate,297
536279090,2fcaa537474ba2ae579f,426,Cc1ccc(C(=O)c2ccccc2)cc1C,train_candidate,62
536279090,d914e4c833f2df567cac,427,Cc1ccc(C(=O)c2ccccc2)cc1C,train_candidate,425
536279090,5048acae682925888d12,428,Cc1ccc(C(=O)c2ccccc2)cc1C,train_candidate,166
536279090,41927f703a0632f098fb,429,CC(=O)CC(=O)c1ccccc1,train_candidate,313
536279090,760d0bf0ec31747d3969,430,CC(=O)CC(=O)c1ccccc1,train_candidate,145
536279090,d71aab82a8179d05294a,431,CC(=O)CC(=O)c1ccccc1,train_candidate,256
536279090,25ffb25df5bec65a633b,432,CC(=O)CC(=O)c1ccccc1,train_candidate,380
536279090,92d69b1849c34b7f1a80,433,CCOC(=O)C(Cc1ccccc1)C(C)=O,train_candidate,214
536279090,a289439d96e27bec7cbc,434,CCOC(=O)C(Cc1ccccc1)C(C)=O,train_candidate,482
536279090,4707a180fe4230c208ff,435,CCOC(=O)C(Cc1ccccc1)C(C)=O,train_candidate,111
536279090,41921840a5681261ba98,436,CCOC(=O)C(Cc1ccccc1)C(C)=O,train_candidate,331
536279090,b5080cde4f493a415fc5,437,CCOC(=O)C(Cc1ccccc1)C(C)=O,train_candidate,229
536279090,1bbec08f4838f06da0fb,438,CCOC(=O)C(Cc1ccccc1)C(C)=O,train_candidate,370
536279090,bd0519702a5756bc3c94,439,CCOC(=O)C(Cc1ccccc1)C(C)=O,test,-1
536279090,b7fa3dd8e6040788ae14,440,CCOC(=O)c1cccnc1,train_candidate,82
536279090,2deca509a22158d15375,441,CCOC(=O)c1cccnc1,train_candidate,498
536279090,b48dea92ecfc07816494,442,CCOC(=O)c1cccnc1,train_candidate,436
536279090,82fa7e7b3bd183853280,443,CCOC(=O)c1cccnc1,train_candidate,453
536279090,7ba2cf5e6ca289d9810f,444,CCOC(=O)c1cccnc1,train_candidate,345
536279090,7dec4c1259ce3660b729,445,COc1ccc(OC)c(Br)c1,train_candidate,79
536279090,768064b2e2a953d147d0,446,COc1ccc(OC)c(Br)c1,train_candidate,242
536279090,212154e56fe15a3333a2,447,COc1ccc(OC)c(Br)c1,train_candidate,43
536279090,c56a92db4ce7de66bee1,448,COc1ccc(OC)c(Br)c1,train_candidate,122
536279090,48b99ebef2fd7718f678,449,COc1ccc(OC)c(Br)c1,train_candidate,315
536279090,6da48b9dd6e1ed7e26fd,450,COc1ccc(OC)c(Br)c1,train_candidate,496
536279090,a2eeeea4e6525c9d22d4,451,COc1ccc(OC)c(Br)c1,train_candidate,175
536279090,1e0e33b1a77df72f4dd8,452,OCc1cccc(Br)c1,train_candidate,22
536279090,371711577127c07527e3,453,OCc1cccc(Br)c1,train_candidate,407
536279090,78d4810a82f060b5cf49,454,OCc1cccc(Br)c1,train_candidate,263
536279090,1c04f02c0ea8c00b358d,455,OCc1cccc(Br)c1,train_candidate,50
536279090,4bc0dc84991def63aa1b,456,O=C1CCCc2ccccc21,train_candidate,239
536279090,2433f7a3f7959e1d1b74,457,O=C1CCCc2ccccc21,train_candidate,383
536279090,944f0a85ec8978a60444,458,O=C1CCCc2ccccc21,train_candidate,460
536279090,8afc083342d1c2e7f78a,459,O=C1CCCc2ccccc21,test,-1
536279090,c35ed383b2db14b3bc06,460,O=C1CCCc2ccccc21,train_candidate,461
536279090,d7c72c92165e2c129547,461,O=C1CCCc2ccccc21,train_candidate,392
536279090,e375bb01e53e46f8faee,462,O=C1CCCc2ccccc21,train_candidate,356
536279090,fdc873b5607287090ff3,463,CSc1ccc(C=O)cc1,train_candidate,416
536279090,80b4e33a8434ac29ed52,464,CSc1ccc(C=O)cc1,train_candidate,422
536279090,ee60c3ffc43a4c2c965e,465,CSc1ccc(C=O)cc1,train_candidate,178
536279090,95f10fffb85ea1b1f47a,466,CSc1ccc(C=O)cc1,train_candidate,286
536279090,793d8259fd7820530cfe,467,Cc1ccccc1C=O,train_candidate,466
536279090,13fb1511fffef8fc96e0,468,Cc1ccccc1C=O,train_candidate,321
536279090,532a47d1b45e54d6326b,469,Cc1ccccc1C=O,train_candidate,141
536279090,dcd70c2b5039c4268d56,470,Cc1ccccc1C=O,train_candidate,259
536279090,22d860e7f246ca4272a4,471,Cc1ccccc1C=O,train_candidate,302
536279090,f21df276243d861dc2b2,472,Cc1ccccc1C=O,train_candidate,17
536279090,08820514e662ce6ea8f0,473,Cc1ccccc1C=O,train_candidate,474
536279090,d60e09bca01342c7cfa6,474,O=Cc1ccc(Br)cc1O,train_candidate,401
536279090,9dda290379fb047fc74d,475,O=Cc1ccc(Br)cc1O,train_candidate,464
536279090,4a58b799c494875f6f27,476,O=Cc1ccc(Br)cc1O,train_candidate,449
536279090,98a1ca00445d60f415d4,477,O=Cc1ccc(Br)cc1O,train_candidate,439
536279090,ddecd252bb1099fb20f7,478,O=Cc1ccc(Br)cc1O,test,-1
536279090,226ebdbf914ce9333de8,479,O=Cc1ccc(Br)cc1O,train_candidate,283
536279090,99dd4a9a47de5c84b7c0,480,O=Cc1ccc(Br)cc1O,train_candidate,472
536279090,ecc7e2759499addc038f,481,CC(=O)c1ccc(Br)cc1,train_candidate,223
536279090,66c1ee6eed3d1587de50,482,CC(=O)c1ccc(Br)cc1,train_candidate,137
536279090,a26a131344d4dbd9645b,483,CC(=O)c1ccc(Br)cc1,test,-1
536279090,f0edd899ac987a1de9dd,484,CC(=O)c1ccc(Br)cc1,train_candidate,72
536279090,0e13b08b0f9c772699e1,485,CC(=O)c1ccc(Br)cc1,train_candidate,375
536279090,1254297404cc9db52ee2,486,CC(=O)c1ccc(Br)cc1,test,-1
536279090,bc8e1d805b36b63cbfbe,487,CC(=O)c1ccc(Br)cc1,train_candidate,415
536279090,cd998cddd3dcb4fc8c92,488,O=C(Cc1ccccc1)c1ccccc1,train_candidate,20
536279090,12e11e8eaee71fc57209,489,O=C(Cc1ccccc1)c1ccccc1,train_candidate,234
536279090,054457c7699aabd6c619,490,O=C(Cc1ccccc1)c1ccccc1,train_candidate,465
536279090,893e4c91da1b0b2f7d3e,491,O=C(Cc1ccccc1)c1ccccc1,train_candidate,333
536279090,18e8a9c1ea6aa15c0d01,492,O=C(Cc1ccccc1)c1ccccc1,train_candidate,212
536279090,bc582f1f4f4225f6d249,493,O=C(Cc1ccccc1)c1ccccc1,train_candidate,12
536279090,d92ef85db0d1c0979197,494,O=C(Cc1ccccc1)c1ccccc1,train_candidate,293
536279090,ddc0b27538aa926cbb6e,495,O=Cc1ccc(-c2ccccc2)cc1,test,-1
536279090,6dcfe9b1e0958f22523b,496,O=Cc1ccc(-c2ccccc2)cc1,validation,-1
536279090,3cdf1bcd3739e20f72d2,497,O=Cc1ccc(-c2ccccc2)cc1,train_candidate,334
536279090,a8e4c6001ce3245c634b,498,O=Cc1ccc(-c2ccccc2)cc1,train_candidate,251
536279090,24b540d7814b4d9c5183,499,O=Cc1ccc(-c2ccccc2)cc1,train_candidate,411
536279090,b0cadf050313e9a3a162,500,O=Cc1ccc(-c2ccccc2)cc1,train_candidate,363
536279090,8837a8a19c37b63d2e48,501,O=Cc1ccc(-c2ccccc2)cc1,train_candidate,450
536279090,23a832560d234735d954,502,O=Cc1ccc2ccccc2c1Br,train_candidate,195
536279090,90777be8090491479de1,503,O=Cc1ccc2ccccc2c1Br,train_candidate,215
536279090,926a7862066269f98d62,504,O=Cc1ccc2ccccc2c1Br,train_candidate,406
536279090,2c51476c6fa3121c5dfc,505,O=Cc1ccc2ccccc2c1Br,test,-1
536279090,5a9449a7562d442b8669,506,O=Cc1ccc2ccccc2c1Br,train_candidate,290
536279090,2cbca950d64fdcd81660,507,O=Cc1ccc2ccccc2c1Br,train_candidate,504
536279090,fb1fdaa4bc60434648f7,508,O=Cc1ccc2ccccc2c1Br,train_candidate,260
536279090,9e46dbe8a460d3f96a27,509,O=C(/C=C/c1ccccc1)c1ccccc1,test,-1
536279090,31e75b850983502aa64f,510,O=C(/C=C/c1ccccc1)c1ccccc1,validation,-1
536279090,b566ed83f272904657ba,511,O=C(/C=C/c1ccccc1)c1ccccc1,train_candidate,443
536279090,c2be1e8f7c2c080f49f5,512,O=C(/C=C/c1ccccc1)c1ccccc1,train_candidate,317
536279090,fde2d968ab29d13d4f1d,513,O=C(/C=C/c1ccccc1)c1ccccc1,test,-1
536279090,240da69c823911ff5ccc,514,O=C(/C=C/c1ccccc1)c1ccccc1,train_candidate,354
536279090,b2b26956a788c2a8c7e9,515,O=C(/C=C/c1ccccc1)c1ccccc1,test,-1
536279090,f3b80f5fe97d26fd8383,516,O=C(/C=C/c1ccccc1)/C=C/c1ccccc1,train_candidate,77
536279090,d60f7e6b21ea96567843,517,O=C(/C=C/c1ccccc1)/C=C/c1ccccc1,test,-1
536279090,bb61793cbbbe2bfa4e12,518,O=C(/C=C/c1ccccc1)/C=C/c1ccccc1,train_candidate,107
536279090,d078d930aa37448ec4aa,519,O=C(/C=C/c1ccccc1)/C=C/c1ccccc1,train_candidate,295
536279090,8cd132f293d2823adc8d,520,O=C(/C=C/c1ccccc1)/C=C/c1ccccc1,train_candidate,83
536279090,88f58ab7b7cf02f8f134,521,O=C(/C=C/c1ccccc1)/C=C/c1ccccc1,train_candidate,349
536279090,17bdb259a18419ca296f,522,O=C(/C=C/c1ccccc1)/C=C/c1ccccc1,train_candidate,399
536279090,77c599d272254892b6ec,523,CC1CCC(=O)c2ccccc21,train_candidate,80
536279090,b393af61f6769ceccbc0,524,CC1CCC(=O)c2ccccc21,train_candidate,330
536279090,49668be051b44a819f00,525,CC1CCC(=O)c2ccccc21,train_candidate,289
536279090,ffa86b2ffa5ac89b0720,526,CC1CCC(=O)c2ccccc21,train_candidate,63
536279090,43aa4f12be94a8a96b35,527,CC1CCC(=O)c2ccccc21,train_candidate,177
536279090,c09fbafa246c8d17b677,528,CC1CCC(=O)c2ccccc21,train_candidate,231
536279090,f38afd5febe30c01c852,529,CC1CCC(=O)c2ccccc21,train_candidate,305
536279090,490ab56dde175e9b97f5,530,O=C(Cc1ccccc1F)C1CC1,test,-1
536279090,3156893d5d2368c286a5,531,O=C(Cc1ccccc1F)C1CC1,train_candidate,174
536279090,5ca73775e77c8e07812b,532,O=C(Cc1ccccc1F)C1CC1,train_candidate,236
536279090,e90e636dced92c2b53d7,533,O=C(Cc1ccccc1F)C1CC1,train_candidate,274
536279090,21e4905ef98fba65035a,534,O=C(Cc1ccccc1F)C1CC1,train_candidate,205
536279090,2eda4e5a40a9021016cb,535,O=C(Cc1ccccc1F)C1CC1,train_candidate,51
536279090,9c357cc9e9b8199eb1e0,536,O=C(Cc1ccccc1F)C1CC1,train_candidate,384
536279090,51091e7a7f83732eaf1b,537,CCC(=O)c1cccc(Br)c1,test,-1
536279090,71577790a52cb379d81f,538,CCC(=O)c1cccc(Br)c1,train_candidate,87
536279090,e3b2ac778da2b86aa873,539,CCC(=O)c1cccc(Br)c1,train_candidate,346
536279090,1046fdfaf24728b107ba,540,CCC(=O)c1cccc(Br)c1,test,-1
536279090,2e10d8b186d86053260f,541,CCC(=O)c1cccc(Br)c1,train_candidate,45
536279090,5111664a952a4ab7d54e,542,CCC(=O)c1cccc(Br)c1,train_candidate,151
536279090,ffcab07e0d31056e0d4a,543,CCC(=O)c1cccc(Br)c1,train_candidate,427
536279090,b6bb9be5584029502820,544,COCCCCC(=O)c1ccc(C(F)(F)F)cc1,train_candidate,371
536279090,60a000cb56517513c4d2,545,COCCCCC(=O)c1ccc(C(F)(F)F)cc1,train_candidate,352
536279090,677c30b5727454c7a81e,546,COCCCCC(=O)c1ccc(C(F)(F)F)cc1,train_candidate,42
536279090,94bc1858c275dcb3d476,547,COCCCCC(=O)c1ccc(C(F)(F)F)cc1,train_candidate,284
536279090,06c29062334b43b0d12f,548,COCCCCC(=O)c1ccc(C(F)(F)F)cc1,train_candidate,507
536279090,80e66bd0e8e9450537bb,549,COCCCCC(=O)c1ccc(C(F)(F)F)cc1,train_candidate,217
536279090,b82c7c8060589ec1974b,550,CCCC(=O)c1ccc(-c2ccccc2)cc1,train_candidate,131
536279090,57e291b74a249c9dd3ff,551,CCCC(=O)c1ccc(-c2ccccc2)cc1,train_candidate,276
536279090,7d6bcd84e5a6861fc8fc,552,CCCC(=O)c1ccc(-c2ccccc2)cc1,train_candidate,11
536279090,2d37adf0d65a19bc2c0c,553,CCCC(=O)c1ccc(-c2ccccc2)cc1,test,-1
536279090,3c892a45de6ec4625f37,554,CCCC(=O)c1ccc(-c2ccccc2)cc1,train_candidate,287
536279090,e2c826d98b2bbeb6f48b,555,CCCC(=O)c1ccc(-c2ccccc2)cc1,train_candidate,188
536279090,ce61c0bd799e65402b75,556,CCCC(=O)c1ccc(-c2ccccc2)cc1,train_candidate,303
536279090,0f05b5ba6eb528d54b4b,557,O=C(c1ccccc1)c1cccc(C(=O)c2ccccc2)c1,train_candidate,253
536279090,c4412adf038c7f6ea3c2,558,O=C(c1ccccc1)c1cccc(C(=O)c2ccccc2)c1,train_candidate,39
536279090,182fc7fe888dbb9535bb,559,O=C(c1ccccc1)c1cccc(C(=O)c2ccccc2)c1,train_candidate,58
536279090,8abf9c0719e2d67a22f9,560,O=C(c1ccccc1)c1cccc(C(=O)c2ccccc2)c1,train_candidate,181
536279090,b8a4c06710d95c33cfe1,561,O=C(c1ccccc1)c1cccc(C(=O)c2ccccc2)c1,train_candidate,187
536279090,7e451fd74af5bfa51ac9,562,O=C(c1ccccc1)c1cccc(C(=O)c2ccccc2)c1,train_candidate,241
536279090,07e9bc7a9d27fdd58c2f,563,O=C(c1ccccc1)c1cccc(C(=O)c2ccccc2)c1,train_candidate,403
536279090,2f828b7aa8c3e93352da,564,CCC(=O)c1cccnc1,train_candidate,396
536279090,4365d2fb106c18823aac,565,CCC(=O)c1cccnc1,train_candidate,350
536279090,4c6a8ef1c87748df99f2,566,CCC(=O)c1cccnc1,train_candidate,105
536279090,aca0ef1613a0a07a0431,567,O=C(CCCCl)c1ccc(F)cc1,train_candidate,118
536279090,f98f5943ca73a5b809a1,568,O=C(CCCCl)c1ccc(F)cc1,train_candidate,196
536279090,405638494c5a95206866,569,O=C(CCCCl)c1ccc(F)cc1,train_candidate,478
536279090,76e188b0e48b99f36582,570,O=C(CCCCl)c1ccc(F)cc1,train_candidate,160
536279090,26aa0143305ac532a560,571,O=C(CCCCl)c1ccc(F)cc1,train_candidate,27
536279090,283be89c092cfa4a5cbb,572,O=C(CCCCl)c1ccc(F)cc1,train_candidate,216
536279090,0ffc20c3f979502b8a09,573,O=C(CCCCl)c1ccc(F)cc1,train_candidate,46
2767143051,bbabdb9085edbb8c178b,0,CC(C)(CCl)c1ccccc1,train_candidate,136
2767143051,96dc3dc2ebd074200228,1,CC(C)(CCl)c1ccccc1,train_candidate,395
2767143051,6322e8f867a741eed74c,2,CC(C)(CCl)c1ccccc1,train_candidate,407
2767143051,c2b0aff65443af0a8618,3,CC(C)(CCl)c1ccccc1,test,-1
2767143051,f4b69d88ad1d916ee71a,4,CC(C)(CCl)c1ccccc1,train_candidate,195
2767143051,0f3559d035355b0eec80,5,CC(C)(CCl)c1ccccc1,train_candidate,108
2767143051,d29a94054067cd60dd70,6,CC(C)(CCl)c1ccccc1,train_candidate,26
2767143051,31d92ca6486b229184cf,7,OCCCc1ccccc1,train_candidate,69
2767143051,8a84cca322477165b719,8,OCCCc1ccccc1,train_candidate,351
2767143051,9cf769277f6b42d15f11,9,OCCCc1ccccc1,train_candidate,47
2767143051,7a0a82051f50d5b0c89c,10,OCCCc1ccccc1,train_candidate,110
2767143051,c79f29f048bbfd157f98,11,BrCCCc1ccccc1,train_candidate,316
2767143051,df0074b49eeb620c0768,12,BrCCCc1ccccc1,train_candidate,27
2767143051,f0097bc6b7827ef65922,13,BrCCCc1ccccc1,train_candidate,175
2767143051,44348f5c4aea3b41ee9d,14,BrCCCc1ccccc1,train_candidate,33
2767143051,482cb91fac7f2a936dca,15,BrCCCc1ccccc1,train_candidate,454
2767143051,a5c6210123f05414ffc0,16,BrCCCc1ccccc1,train_candidate,58
2767143051,a82e55e1cd19814ea307,17,BrCCCc1ccccc1,train_candidate,416
2767143051,6ee3c70647b37dcd5417,18,ClCCCc1ccccc1,train_candidate,492
2767143051,2c7e37ef828eb17c78fb,19,ClCCCc1ccccc1,train_candidate,457
2767143051,7ab9c351196ad891e172,20,ClCCCc1ccccc1,train_candidate,103
2767143051,7062ca665af0f9bba6c9,21,ClCCCc1ccccc1,train_candidate,172
2767143051,6644e934f59d8b816b9f,22,ClCCCc1ccccc1,train_candidate,464
2767143051,8cc7c76a92a4474d7c6a,23,ClCCCc1ccccc1,train_candidate,128
2767143051,c883df6ea04f89f45f03,24,ClCCCc1ccccc1,train_candidate,213
2767143051,46ed1e35ca65ace74790,25,COc1ccc(CO)cc1,train_candidate,455
2767143051,ec581cec37da9563e756,26,COc1ccc(CO)cc1,train_candidate,450
2767143051,c2bd8e8f13a96726e7fc,27,COc1ccc(CO)cc1,train_candidate,312
2767143051,f1afcbd393ce4f5a6316,28,COc1ccc(CO)cc1,train_candidate,184
2767143051,2909efb29670d8f2286d,29,CCOC(=O)C(C)(C)Br,train_candidate,423
2767143051,56b391fdec7a2a622e52,30,CCOC(=O)C(C)(C)Br,train_candidate,346
2767143051,8a9485661ac2c4576006,31,CCOC(=O)C(C)(C)Br,train_candidate,359
2767143051,7f6d1cdee16de4a37a21,32,CCOC(=O)C(C)(C)Br,train_candidate,458
2767143051,fd7bf535ef538434b384,33,CCOC(=O)C(C)(C)Br,train_candidate,479
2767143051,651bb6b60c62819a4323,34,CCOC(=O)C(C)(C)Br,train_candidate,231
2767143051,2a61203b59218a3cbdc6,35,CCOC(=O)C(C)(C)Br,train_candidate,116
2767143051,6d6c0510303dec89b2fe,36,COc1ccc(C=O)cc1,train_candidate,43
2767143051,f81dc37125414986a0bb,37,COc1ccc(C=O)cc1,train_candidate,117
2767143051,400615278105cebb3ed9,38,COc1ccc(C=O)cc1,train_candidate,280
2767143051,5d04f6757b59f5c356bb,39,COc1ccc(C=O)cc1,train_candidate,329
2767143051,a074620f6970d8f89567,40,COc1ccc(C=O)cc1,train_candidate,38
2767143051,454c1ea3beebbec4befe,41,COc1ccc(C=O)cc1,train_candidate,253
2767143051,f95928e2618ed15e654f,42,COc1ccc(C=O)cc1,train_candidate,171
2767143051,3a02b99399bb0c3e9ff9,43,COC(=O)C#CC(=O)OC,train_candidate,350
2767143051,b80a4f9e4b61f534ee9e,44,COC(=O)C#CC(=O)OC,train_candidate,379
2767143051,2690de155843f45b00a3,45,COC(=O)C#CC(=O)OC,train_candidate,413
2767143051,549eb8499df5181b3558,46,COC(=O)C#CC(=O)OC,train_candidate,394
2767143051,02c141e2551937d10f4e,47,COC(=O)C#CC(=O)OC,train_candidate,320
2767143051,9069807baff6cbfbde75,48,COC(=O)C#CC(=O)OC,train_candidate,503
2767143051,1fe1163f7d97c16f3822,49,CC(=O)c1ccccc1,train_candidate,276
2767143051,1e86d81fe1995d367fe1,50,CC(=O)c1ccccc1,train_candidate,208
2767143051,614e6d0929b0845d454b,51,CC(=O)c1ccccc1,train_candidate,209
2767143051,358681452207464d171e,52,CC(=O)c1ccccc1,train_candidate,217
2767143051,c00e01085f35d19cd90f,53,CC(=O)c1ccccc1,train_candidate,354
2767143051,a542d702abb1fa77a6fc,54,CC(=O)c1ccccc1,validation,-1
2767143051,77577e6f6f0aa6789972,55,CCOC(=O)C(C)Br,train_candidate,371
2767143051,298017c801a97653f57d,56,CCOC(=O)C(C)Br,train_candidate,150
2767143051,849796401ee485c617a5,57,CCOC(=O)C(C)Br,test,-1
2767143051,67cc8304e3e618d7416a,58,CCOC(=O)C(C)Br,train_candidate,215
2767143051,c7bc53c45a1962a88ec3,59,CCOC(=O)C(C)Br,train_candidate,278
2767143051,76b9db19f45b8222d962,60,CCOC(=O)C(C)Br,test,-1
2767143051,0279fb0f7dba4b54a816,61,CCOC(=O)CC(=O)c1ccccc1,train_candidate,405
2767143051,ca203ccf20ce8e74d86d,62,CCOC(=O)CC(=O)c1ccccc1,test,-1
2767143051,029d48fc98a886c9fec4,63,CCOC(=O)CC(=O)c1ccccc1,train_candidate,186
2767143051,1e578360bd7749f6b397,64,CCOC(=O)CC(=O)c1ccccc1,train_candidate,399
2767143051,05c14d26f4aa6f7c48b0,65,CCOC(=O)CC(=O)c1ccccc1,train_candidate,364
2767143051,53d046afde1259a727f9,66,CCOC(=O)CC(=O)c1ccccc1,train_candidate,8
2767143051,35ba50ab027f5f170aba,67,CCOC(=O)CC(=O)c1ccccc1,train_candidate,86
2767143051,130d76d2d46a287c5dea,68,CC(=O)c1ccccc1C,train_candidate,392
2767143051,3ef4b1ab56fe40940b42,69,CC(=O)c1ccccc1C,train_candidate,12
2767143051,a340148c4096f80cc125,70,CC(=O)c1ccccc1C,train_candidate,159
2767143051,57af4b867d9cd419ebb9,71,CC(=O)c1ccccc1C,train_candidate,45
2767143051,ff8745125a0eeb17c1e5,72,CC(=O)c1ccccc1C,train_candidate,336
2767143051,41a468134f078d2de17d,73,CC(=O)c1ccccc1C,train_candidate,438
2767143051,b4899d5d03e44fbf885c,74,CC(=O)c1ccccc1C,train_candidate,94
2767143051,bd93eaa60288fd0d5e89,75,CC(=O)c1ccc(C)cc1,train_candidate,32
2767143051,2797757b00a9f254ef2e,76,CC(=O)c1ccc(C)cc1,train_candidate,199
2767143051,fad37552a4a2eae19961,77,CC(=O)c1ccc(C)cc1,train_candidate,267
2767143051,6936556d392803de12ed,78,CC(=O)c1ccc(C)cc1,train_candidate,1
2767143051,fd3f8b6ec11d13a8412d,79,CC(=O)c1ccc(C)cc1,train_candidate,30
2767143051,b71b23379d73c3637a76,80,CC(=O)c1ccc(C)cc1,train_candidate,158
2767143051,2a9d111386ac232bbf79,81,CC(=O)c1ccc(C)cc1,train_candidate,161
2767143051,ca00dd1990fd356443cb,82,COC(=O)c1ccccc1O,train_candidate,190
2767143051,924106530353757625ba,83,COC(=O)c1ccccc1O,test,-1
2767143051,f0d3ae15346c6cb6928d,84,COC(=O)c1ccccc1O,train_candidate,230
2767143051,0b6fe9b9da26ddc80e99,85,COC(=O)c1ccccc1O,train_candidate,118
2767143051,a9a4b1ef530ce6f46a1c,86,COC(=O)c1ccccc1O,train_candidate,292
2767143051,f0245d145e2758fc9ff8,87,COC(=O)c1ccccc1O,train_candidate,486
2767143051,f33380e15f0fd8b62027,88,COC(=O)c1ccccc1O,train_candidate,299
2767143051,1773be1aaa4102ae19f0,89,CC(=O)CC(=O)OC(C)(C)C,train_candidate,468
2767143051,1895e2147dd146c4e564,90,CC(=O)CC(=O)OC(C)(C)C,train_candidate,476
2767143051,e7c8cd496e2795b23cb3,91,CC(=O)CC(=O)OC(C)(C)C,train_candidate,406
2767143051,60f64adee75a0999c5d5,92,CC(=O)CC(=O)OC(C)(C)C,train_candidate,254
2767143051,851993fe56d61c8bf074,93,CC(=O)CC(=O)OC(C)(C)C,train_candidate,90
2767143051,4e6d2ab0e823ac1d4b58,94,CC(=O)CC(=O)OC(C)(C)C,train_candidate,185
2767143051,452aebfcddc0b031c20d,95,CCOC(=O)Cc1ccccc1,train_candidate,319
2767143051,a67ee30ac22b3511e0af,96,CCOC(=O)Cc1ccccc1,test,-1
2767143051,4c52102f0b5a693d59bc,97,CCOC(=O)Cc1ccccc1,train_candidate,173
2767143051,f21e8077ac7b6ec1d038,98,CCOC(=O)Cc1ccccc1,train_candidate,132
2767143051,982611df66af1cf7c2f5,99,CCOC(=O)Cc1ccccc1,train_candidate,422
2767143051,d9e344f199dc9a567b5f,100,CCOC(=O)Cc1ccccc1,train_candidate,120
2767143051,74706f7e5d10b9245796,101,CCOC(=O)Cc1ccccc1,train_candidate,495
2767143051,f5d7ae6c2608335325ff,102,COC(=O)c1ccccc1N,train_candidate,419
2767143051,f66e095007d9d0923ce2,103,COC(=O)c1ccccc1N,test,-1
2767143051,c9a57e8accca7da9758b,104,COC(=O)c1ccccc1N,train_candidate,396
2767143051,f7b1b9737459397f9ace,105,COC(=O)c1ccccc1N,train_candidate,207
2767143051,68feec66f657364ebeaa,106,COC(=O)c1ccccc1N,train_candidate,77
2767143051,96ccc1b8240fc2e9c1f3,107,COC(=O)c1ccccc1N,train_candidate,363
2767143051,16eec4a03ec235274042,108,CCOC(=O)/C=C/c1ccccc1,train_candidate,180
2767143051,92e4f80b3943134ebe86,109,CCOC(=O)/C=C/c1ccccc1,train_candidate,283
2767143051,e15e8a4f329d3a08aff9,110,CCOC(=O)/C=C/c1ccccc1,train_candidate,494
2767143051,6cec450baf7517436df6,111,CCOC(=O)/C=C/c1ccccc1,train_candidate,70
2767143051,48b79e49508df9f5fd6d,112,CCOC(=O)/C=C/c1ccccc1,train_candidate,357
2767143051,404dc3e2801a9a9d52aa,113,CCOC(=O)/C=C/c1ccccc1,train_candidate,23
2767143051,c72867f0f2e38c70aa8c,114,CCOC(=O)/C=C/c1ccccc1,train_candidate,273
2767143051,d9d3d24a75ff511e108a,115,COC(=O)c1ccc(C(C)(C)C)cc1,train_candidate,369
2767143051,f40ca479a9e86b5d5458,116,COC(=O)c1ccc(C(C)(C)C)cc1,train_candidate,412
2767143051,b7770c04c72527e1d9f6,117,COC(=O)c1ccc(C(C)(C)C)cc1,test,-1
2767143051,a433dc0f6a13e9ace41d,118,COC(=O)c1ccc(C(C)(C)C)cc1,train_candidate,241
2767143051,e399250d7156727de0fd,119,COC(=O)c1ccc(C(C)(C)C)cc1,train_candidate,75
2767143051,3122a2210bde68deb81e,120,COC(=O)c1ccc(C(C)(C)C)cc1,train_candidate,266
2767143051,c9460286f85a5ec0f4fc,121,COC(=O)c1ccc(C(C)(C)C)cc1,train_candidate,310
2767143051,13b0b7952199157a8399,122,CCOC(=O)/C=C(/C)N,train_candidate,37
2767143051,759d5133ee82740013bf,123,CCOC(=O)/C=C(/C)N,train_candidate,376
2767143051,c9bf385316b464cd2e8d,124,CCOC(=O)/C=C(/C)N,train_candidate,306
2767143051,f248b9b89d62a22b03c3,125,CCOC(=O)/C=C(/C)N,train_candidate,358
2767143051,10d51839b15b94f0ae56,126,CCOC(=O)/C=C(/C)N,train_candidate,205
2767143051,e66b24ec1e4dfa9a9a57,127,CCOC(=O)/C=C(/C)N,train_candidate,140
2767143051,506597d02ff322a77a8d,128,CCOC(=O)/C=C(/C)N,train_candidate,332
2767143051,d2951bd3bb1608688f0d,129,CCOC(=O)/C=C(/C)N,train_candidate,356
2767143051,7d3c6ef279245ca08a2f,130,CCOC(=O)/C=C(/C)N,train_candidate,84
2767143051,e6886d2fb3090517172b,131,CCOC(=O)/C=C(/C)N,train_candidate,269
2767143051,d31d42caff135d7154c4,132,CCOC(=O)/C=C(/C)N,train_candidate,121
2767143051,3d7aa38258001eb6ba67,133,CC(C)COC(=O)c1ccccc1,train_candidate,212
2767143051,b3409bbbf3b06d73afca,134,CC(C)COC(=O)c1ccccc1,train_candidate,50
2767143051,5ce75d3f6df6d318cb8a,135,CC(C)COC(=O)c1ccccc1,train_candidate,288
2767143051,28f4ab2563d03e831cf0,136,CC(C)COC(=O)c1ccccc1,train_candidate,452
2767143051,b95bbdf393e00f41a6df,137,CC(C)COC(=O)c1ccccc1,train_candidate,137
2767143051,1e73138aa057a5e2b67f,138,CC(C)COC(=O)c1ccccc1,train_candidate,5
2767143051,1319bf7018ee9b9a5b9f,139,CCOC(=O)c1ccccc1,train_candidate,96
2767143051,99398d649f02f80651f1,140,CCOC(=O)c1ccccc1,train_candidate,53
2767143051,240787bdbf2abc17e093,141,CCOC(=O)c1ccccc1,train_candidate,127
2767143051,4afc7ef2732850bea176,142,CCOC(=O)c1ccccc1,train_candidate,502
2767143051,181f6c7852b17df8f194,143,CCOC(=O)c1ccccc1,test,-1
2767143051,474238f822b0c38795c6,144,CCOC(=O)c1ccccc1,train_candidate,112
2767143051,5eb80e21463443b22d14,145,CCOC(=O)c1ccccc1,train_candidate,135
2767143051,f6e991e3dc3a3d3c5d89,146,COc1ccc(CCO)cc1,train_candidate,64
2767143051,9991421da8e18008fc91,147,COc1ccc(CCO)cc1,train_candidate,444
2767143051,9e93bad2014e7ab1a680,148,COc1ccc(CCO)cc1,train_candidate,347
2767143051,3d5dc8831f4c74f7b7d1,149,COc1ccc(CCO)cc1,test,-1
2767143051,d5a7e1d47a58e1323805,150,Cc1ccc(C(C)C)cc1,train_candidate,505
2767143051,5c32bb6f3bbf72dcb37e,151,Cc1ccc(C(C)C)cc1,train_candidate,467
2767143051,e545485bf1a51a3ea557,152,Cc1ccc(C(C)C)cc1,train_candidate,483
2767143051,8ea9d90b217f4096f42f,153,Cc1ccc(C(C)C)cc1,train_candidate,355
2767143051,9ed80c28328fabe87261,154,Cc1ccc(C(C)C)cc1,train_candidate,325
2767143051,f1ea027f4cb80b10d15b,155,Cc1ccc(C(C)C)cc1,train_candidate,99
2767143051,dcfc9eaebf799d451fdb,156,Cc1ccc(C(C)C)cc1,train_candidate,449
2767143051,6c1f19a34a40cbf98728,157,CC(C)(O)CCc1ccccc1,train_candidate,160
2767143051,cf45ee02778c0243ad50,158,CC(C)(O)CCc1ccccc1,validation,-1
2767143051,88581d99a415bf271788,159,CC(C)(O)CCc1ccccc1,train_candidate,93
2767143051,8753ab545dd1cf036a3a,160,CC(C)(O)CCc1ccccc1,train_candidate,393
2767143051,d59d233a1606de5b6deb,161,CC(C)(O)CCc1ccccc1,train_candidate,286
2767143051,964a62fb7d677de0f711,162,CC(C)CCOC(=O)c1ccccc1,train_candidate,102
2767143051,f35f8782c107387233ed,163,CC(C)CCOC(=O)c1ccccc1,train_candidate,157
2767143051,4d602abaaf336ac523e4,164,CC(C)CCOC(=O)c1ccccc1,test,-1
2767143051,4768b747981033fbdf34,165,CC(C)CCOC(=O)c1ccccc1,train_candidate,19
2767143051,3df34ab1c0d58c86999e,166,CC(C)CCOC(=O)c1ccccc1,train_candidate,164
2767143051,8b67a1246fe892b6581d,167,CC(C)CCOC(=O)c1ccccc1,train_candidate,198
2767143051,2bafcbea1bb66eb60a71,168,CC(C)CCOC(=O)c1ccccc1,train_candidate,377
2767143051,2beadb75e05408973f02,169,CCOC(=O)/C=C/c1ccccc1,train_candidate,447
2767143051,dd7cae2667a1348a2caf,170,CCOC(=O)/C=C/c1ccccc1,test,-1
2767143051,56f1cecfc0c6c3d224be,171,CCOC(=O)/C=C/c1ccccc1,train_candidate,92
2767143051,6278b7d64a22dbe3844e,172,CCOC(=O)/C=C/c1ccccc1,train_candidate,40
2767143051,a75e421e756083edea35,173,CCOC(=O)/C=C/c1ccccc1,train_candidate,111
2767143051,c9f7ab78e90454873661,174,CCOC(=O)/C=C/c1ccccc1,train_candidate,24
2767143051,b36d7c12e6d3072467ee,175,CCOC(=O)/C=C/c1ccccc1,train_candidate,60
2767143051,5dc7d31c57624ac47575,176,COc1ccc(C)cc1OC,train_candidate,389
2767143051,7dea14d96460814919d3,177,COc1ccc(C)cc1OC,train_candidate,300
2767143051,83a16763654b3b743265,178,COc1ccc(C)cc1OC,train_candidate,296
2767143051,ee96bcc328a38cb12519,179,COc1ccc(C)cc1OC,train_candidate,262
2767143051,62763fd48ebc7554402f,180,COc1ccc(C)cc1OC,train_candidate,204
2767143051,dd29d0f859e11f70f4ec,181,COc1ccc(C)cc1OC,train_candidate,225
2767143051,826e9f40c328ce2478ec,182,COc1ccc(C)cc1OC,train_candidate,507
2767143051,2e684264400b651dae88,183,C1=Cc2ccccc2C1,train_candidate,411
2767143051,e4f37e6e6def0eec724a,184,C1=Cc2ccccc2C1,train_candidate,309
2767143051,fda6d7aa920e5400a222,185,C1=Cc2ccccc2C1,train_candidate,81
2767143051,ee0eba88726c692c7f0c,186,C1=Cc2ccccc2C1,train_candidate,249
2767143051,c438c37de3a60de0e84a,187,C1=Cc2ccccc2C1,train_candidate,275
2767143051,f51bc35441c8ba7713b6,188,C1=Cc2ccccc2C1,train_candidate,123
2767143051,cb1bb21d54890633943c,189,C1=Cc2ccccc2C1,test,-1
2767143051,2e561b136ec088ba3eff,190,Cc1ccc(C)cc1,train_candidate,360
2767143051,0d6f66d7971473a2cef9,191,Cc1ccc(C)cc1,train_candidate,9
2767143051,6950f8ebe95298defec5,192,Cc1ccc(C)cc1,train_candidate,466
2767143051,1837a52df085e2fc70d1,193,Cc1ccc(C)cc1,train_candidate,219
2767143051,8067767b73f132489d46,194,Cc1ccc(C)cc1,train_candidate,453
2767143051,bc3f10fed296515e66e5,195,Cc1ccc(C)cc1,train_candidate,188
2767143051,369517a8e4fab7d4e0e5,196,Cc1ccc(C)cc1,train_candidate,187
2767143051,acc1a540efdb60e4fa76,197,ClCCc1ccccc1,train_candidate,445
2767143051,b849b02cc7a096ff6f6a,198,ClCCc1ccccc1,train_candidate,333
2767143051,75b105d94d176eec90ba,199,ClCCc1ccccc1,train_candidate,345
2767143051,4699975b36aa2351be18,200,ClCCc1ccccc1,train_candidate,243
2767143051,a2ecd7c05da585c2a35e,201,ClCCc1ccccc1,train_candidate,201
2767143051,82843c7e3b9005c1abb0,202,ClCCc1ccccc1,train_candidate,370
2767143051,216e9e13c0587f197c0b,203,ClCCc1ccccc1,train_candidate,362
2767143051,31162ac7e21c9688cbdc,204,CC(O)c1ccccc1,train_candidate,440
2767143051,82ffe9abc3d02f4b970f,205,CC(O)c1ccccc1,train_candidate,304
2767143051,35eae227e68fe7434e68,206,CC(O)c1ccccc1,train_candidate,229
2767143051,82b6a0a8f122317d79d4,207,CC(O)c1ccccc1,train_candidate,442
2767143051,9b28c23ad1d4dda9fe1a,208,CC(O)c1ccccc1,train_candidate,34
2767143051,4455212440cbaf6d51e2,209,COc1ccccc1,train_candidate,163
2767143051,fcea8574ae051fe11483,210,COc1ccccc1,train_candidate,331
2767143051,04d4a16ff682bc7c55c8,211,COc1ccccc1,train_candidate,223
2767143051,62ca5eadee5ef28e9aeb,212,COc1ccccc1,train_candidate,79
2767143051,42f031acb8211bfbf67f,213,COc1ccccc1,train_candidate,85
2767143051,472b8f06caf25ffe6c7a,214,COc1ccccc1,test,-1
2767143051,d532e4ccbab971232d40,215,COc1ccccc1,train_candidate,113
2767143051,bae9f1ce7c04e7ccf16b,216,CCOC(=O)C(Br)C(=O)OCC,train_candidate,414
2767143051,fc58ac30a03fcb0ec051,217,CCOC(=O)C(Br)C(=O)OCC,train_candidate,143
2767143051,c4b569d1149e4ec87b12,218,CCOC(=O)C(Br)C(=O)OCC,train_candidate,317
2767143051,53d7fb31d852cbb33059,219,CCOC(=O)C(Br)C(=O)OCC,train_candidate,166
2767143051,265addbdd355a85c628d,220,CCOC(=O)C(Br)C(=O)OCC,train_candidate,144
2767143051,b07e3b186c5f9a698624,221,CCOC(=O)C(Br)C(=O)OCC,train_candidate,307
2767143051,28c4b7ec4bf7f486b68c,222,CCOC(=O)C(Br)C(=O)OCC,train_candidate,506
2767143051,c9d7d885160197c7f67c,223,c1ccc(COCc2ccccc2)cc1,train_candidate,281
2767143051,e2869f5cf5635b6ae9c1,224,c1ccc(COCc2ccccc2)cc1,train_candidate,398
2767143051,49865eda3c0e936157be,225,c1ccc(COCc2ccccc2)cc1,train_candidate,56
2767143051,d26cffd9ef4da9800470,226,c1ccc(COCc2ccccc2)cc1,train_candidate,149
2767143051,ce9ac115ce41ab41f01d,227,c1ccc(COCc2ccccc2)cc1,train_candidate,297
2767143051,b2b5155e06ff9134c6a4,228,c1ccc(COCc2ccccc2)cc1,test,-1
2767143051,f1aabb6243aed53011cb,229,c1ccc(COCc2ccccc2)cc1,train_candidate,321
2767143051,ebc9c107c2207e99cf79,230,CCOC(=O)CC(C)=O,train_candidate,481
2767143051,f373e0ffa24cb51dd13a,231,CCOC(=O)CC(C)=O,test,-1
2767143051,bcb35848089ca50a1eef,232,CCOC(=O)CC(C)=O,train_candidate,385
2767143051,ef8527c6b63d54b73966,233,CCOC(=O)CC(C)=O,train_candidate,61
2767143051,86f385aa0925171d22cc,234,CCOC(=O)CC(C)=O,train_candidate,318
2767143051,9c7a6ce4172638d2abc7,235,CCOC(=O)CC(C)=O,train_candidate,403
2767143051,982585c1a4e89f10713f,236,O=CCCc1ccccc1,train_candidate,129
2767143051,36af0c588eb2e094a55e,237,O=CCCc1ccccc1,train_candidate,2
2767143051,afcb9ffea06f12f9e0f5,238,O=CCCc1ccccc1,train_candidate,247
2767143051,e584c52185ccefd22a26,239,O=CCCc1ccccc1,train_candidate,430
2767143051,39e40f336da135e6a7b5,240,O=CCCc1ccccc1,train_candidate,279
2767143051,e3c9408f01aa7642870f,241,O=CCCc1ccccc1,train_candidate,258
2767143051,155ad3f702726e253c4d,242,O=CCCc1ccccc1,train_candidate,499
2767143051,f84aa17604ca7f927b8c,243,C=CC(=O)OCCOc1ccccc1,test,-1
2767143051,6b8023df74ccc51e5c76,244,C=CC(=O)OCCOc1ccccc1,train_candidate,222
2767143051,b056b793f5b571e6cdee,245,C=CC(=O)OCCOc1ccccc1,train_candidate,191
2767143051,934f00061cc32bab10e8,246,C=CC(=O)OCCOc1ccccc1,train_candidate,456
2767143051,b983d4c3094d909b570e,247,C=CC(=O)OCCOc1ccccc1,train_candidate,153
2767143051,b6f53d16978daf702470,248,C=CC(=O)OCCOc1ccccc1,train_candidate,432
2767143051,9563dde5c28fb62e4f7e,249,C=CC(=O)OCCOc1ccccc1,validation,-1
2767143051,de2563a5f711307823f1,250,C=CC(=O)OC1CCCCC1,train_candidate,74
2767143051,e2e681b0653ec64f7c14,251,C=CC(=O)OC1CCCCC1,train_candidate,48
2767143051,fbf392edaddff6347b58,252,C=CC(=O)OC1CCCCC1,train_candidate,54
2767143051,3955ae590ac179d279b6,253,C=CC(=O)OC1CCCCC1,train_candidate,179
2767143051,db51f6df02555cb9c264,254,C=CC(=O)OC1CCCCC1,train_candidate,10
2767143051,2195290d04210cdb253f,255,C=CC(=O)OC1CCCCC1,train_candidate,471
2767143051,8063e3de9de70b75def1,256,C=CC(=O)OC1CCCCC1,train_candidate,386
2767143051,88771c5c64ed839a4436,257,C=CC(=O)OCc1ccccc1,train_candidate,133
2767143051,b5365d56777fde5c4dfc,258,C=CC(=O)OCc1ccccc1,train_candidate,234
2767143051,4513e318c9d037303b13,259,C=CC(=O)OCc1ccccc1,test,-1
2767143051,efca00a284b2cadc5737,260,C=CC(=O)OCc1ccccc1,train_candidate,290
2767143051,b473ef06a415d0f114b0,261,C=CC(=O)OCc1ccccc1,train_candidate,146
2767143051,df02863943321996441f,262,C=CC(=O)OCc1ccccc1,train_candidate,55
2767143051,194278dd9ee3d2407ed5,263,C=CC(=O)OCc1ccccc1,train_candidate,28
2767143051,cc31b914acbab022eb9a,264,COC(=O)C(C)(C)Br,train_candidate,390
2767143051,a9eea85ddeee2da33706,265,COC(=O)C(C)(C)Br,train_candidate,487
2767143051,640353c89b3ce64ee98b,266,COC(=O)C(C)(C)Br,train_candidate,91
2767143051,b11bb6293c307f7f7282,267,COC(=O)C(C)(C)Br,train_candidate,147
2767143051,77b0577e6b0adb649e63,268,COC(=O)C(C)(C)Br,train_candidate,104
2767143051,543561ac99bc28db6f2f,269,COC(=O)C(C)(C)Br,test,-1
2767143051,056255620b7acc9c630f,270,COC(=O)C(C)(C)Br,train_candidate,152
2767143051,7b1589ae321d27608509,271,COC(=O)CS,train_candidate,342
2767143051,0fee19a828ef997229fd,272,COC(=O)CS,train_candidate,343
2767143051,222dede783147d5efa63,273,COC(=O)CS,train_candidate,80
2767143051,d9a40ac35b79fbcf214a,274,COC(=O)CS,train_candidate,256
2767143051,aaf22f8324aad12a55fa,275,COC(=O)CS,train_candidate,15
2767143051,a9bfabe931467745353e,276,COC(=O)CS,train_candidate,443
2767143051,be7d68067464e72d0b8d,277,COC(=O)CS,train_candidate,71
2767143051,b418a712463f5abf8b81,278,CC(=O)CCCCl,train_candidate,305
2767143051,850a69ce73ac04035aa3,279,CC(=O)CCCCl,train_candidate,313
2767143051,7c4153fe9561da818ae1,280,CC(=O)CCCCl,train_candidate,46
2767143051,a67016d937c499be9d64,281,CC(C)=CCBr,train_candidate,322
2767143051,4559d83db38cc3c39d13,282,CC(C)=CCBr,validation,-1
2767143051,bf8409f12dae2388c6a0,283,CC(C)=CCBr,train_candidate,57
2767143051,832899abb44b8d2246cd,284,CC(C)=CCBr,test,-1
2767143051,5729cc87eb48a75655ad,285,CC(C)=CCBr,train_candidate,83
2767143051,adb6d48eec0fb576d7fc,286,CC(C)=CCBr,train_candidate,298
2767143051,bc789871fe39d967a9e0,287,CC(C)=CCBr,test,-1
2767143051,fff65bc451d163b1b106,288,C=CC(=O)OCCCCCCCCCCCC,train_candidate,475
2767143051,c761659793c5929e2214,289,C=CC(=O)OCCCCCCCCCCCC,train_candidate,182
2767143051,4c7d7c5f8b0c317c5548,290,C=CC(=O)OCCCCCCCCCCCC,train_candidate,387
2767143051,a9656ffd805f80fcf143,291,C=CC(=O)OCCCCCCCCCCCC,train_candidate,244
2767143051,da10d2f67a989e8b16b5,292,C=CC(=O)OCCCCCCCCCCCC,train_candidate,167
2767143051,7ca22b2f4d23a7afb10e,293,C=CC(=O)OCCCCCCCCCCCC,train_candidate,263
2767143051,38f57a9d08efd5f070d0,294,C=CC(=O)OCCCCCCCCCCCC,train_candidate,13
2767143051,1619a0c8b233772ba0c0,295,C=CC(=O)O[C@@H]1C[C@H]2CC[C@]1(C)C2(C)C,train_candidate,277
2767143051,0b9968c1280b5e4f726a,296,C=CC(=O)O[C@@H]1C[C@H]2CC[C@]1(C)C2(C)C,train_candidate,284
2767143051,0d5196ceda603b66bd22,297,C=CC(=O)O[C@@H]1C[C@H]2CC[C@]1(C)C2(C)C,validation,-1
2767143051,244e5c6375ff0c923725,298,C=CC(=O)O[C@@H]1C[C@H]2CC[C@]1(C)C2(C)C,train_candidate,42
2767143051,4f34bbce67c94a44318a,299,C=CC(=O)O[C@@H]1C[C@H]2CC[C@]1(C)C2(C)C,train_candidate,264
2767143051,0f8a39d1c0a7eaf35c75,300,C=CC(=O)O[C@@H]1C[C@H]2CC[C@]1(C)C2(C)C,validation,-1
2767143051,6de4f7fd8ac19d183348,301,C=CC(=O)O[C@@H]1C[C@H]2CC[C@]1(C)C2(C)C,train_candidate,428
2767143051,8bac25cfab022a9fb887,302,C=CC(=O)OCC(CC)CCCC,train_candidate,183
2767143051,aeef2128392508cc81cc,303,C=CC(=O)OCC(CC)CCCC,test,-1
2767143051,a2eefb55da4d47a4347b,304,C=CC(=O)OCC(CC)CCCC,train_candidate,162
2767143051,3c7f7a7105a5eb39ca89,305,C=CC(=O)OCC(CC)CCCC,train_candidate,485
2767143051,2bf67acb4c861cf83990,306,C=CC(=O)OCC(CC)CCCC,train_candidate,49
2767143051,d67e364fd6830aa2bf6f,307,C=CC(=O)OCC(CC)CCCC,train_candidate,420
2767143051,84caf30ea66b29e2ea91,308,C=CC(=O)OCC(CC)CCCC,train_candidate,232
2767143051,1bd5bb3744b78ada7307,309,FC(F)(F)c1cc(Br)cc(C(F)(F)F)c1,train_candidate,0
2767143051,dd7fdbe3fa3800e6499f,310,FC(F)(F)c1cc(Br)cc(C(F)(F)F)c1,train_candidate,338
2767143051,ab84efb31c801e49c87c,311,FC(F)(F)c1cc(Br)cc(C(F)(F)F)c1,train_candidate,272
2767143051,69f6dbdc304c0475f868,312,FC(F)(F)c1cc(Br)cc(C(F)(F)F)c1,train_candidate,214
2767143051,a43656cab81e1b0fcccf,313,FC(F)(F)c1cc(Br)cc(C(F)(F)F)c1,train_candidate,20
2767143051,bcf8bb13e4fca185fe68,314,FC(F)(F)c1cc(Br)cc(C(F)(F)F)c1,test,-1
2767143051,fe71f29c800d4ee35138,315,FC(F)(F)c1cc(Br)cc(C(F)(F)F)c1,train_candidate,330
2767143051,2416be80d114ff60224d,316,O=Cc1ccc(Cl)cc1Br,train_candidate,451
2767143051,9201cead3641f52a1f20,317,O=Cc1ccc(Cl)cc1Br,train_candidate,417
2767143051,49276f9b1cc72d41bbfd,318,O=Cc1ccc(Cl)cc1Br,train_candidate,315
2767143051,6cb8bbf843e6064ce249,319,O=Cc1ccc(Cl)cc1Br,train_candidate,474
2767143051,a6b1d92e3de602f8963c,320,O=Cc1ccc(Cl)cc1Br,train_candidate,461
2767143051,135ac7deca522d1e7929,321,O=Cc1ccc(Cl)cc1Br,train_candidate,383
2767143051,0f3bd8418ab9ba9d1ed2,322,O=Cc1ccc(Cl)cc1Br,train_candidate,348
2767143051,6cd5860914563da59932,323,O=Cc1ccc2c(c1)CCO2,train_candidate,287
2767143051,5179c3962ada5450dde7,324,O=Cc1ccc2c(c1)CCO2,train_candidate,18
2767143051,ad45b4b8aaed2c2b0b33,325,O=Cc1ccc2c(c1)CCO2,train_candidate,408
2767143051,6c8de7fb3dbd4f5adabf,326,O=Cc1ccc2c(c1)CCO2,train_candidate,21
2767143051,f72724ff299c47641488,327,COc1cc(F)cc(Br)c1,train_candidate,427
2767143051,2cde006ff48a36a368d2,328,COc1cc(F)cc(Br)c1,train_candidate,16
2767143051,09879f6853acb50e1280,329,COc1cc(F)cc(Br)c1,train_candidate,493
2767143051,cd492dbc52d170e5a396,330,COc1cc(F)cc(Br)c1,train_candidate,78
2767143051,e1244cc412f81ac11bd3,331,COc1cc(F)cc(Br)c1,train_candidate,285
2767143051,69bed1df8dc3cf82927c,332,COc1cc(F)cc(Br)c1,test,-1
2767143051,adc9f476f8b5d66fa85d,333,COc1cc(F)cc(Br)c1,train_candidate,352
2767143051,e7e3cdff8a4b43574b19,334,CC(C)(C)c1cc(C=O)cc(C(C)(C)C)c1,train_candidate,97
2767143051,22fcaa293d9525e1f4e7,335,CC(C)(C)c1cc(C=O)cc(C(C)(C)C)c1,train_candidate,62
2767143051,5965305884ee5fba94d8,336,CC(C)(C)c1cc(C=O)cc(C(C)(C)C)c1,train_candidate,196
2767143051,556baeed852270e9c0fc,337,CC(C)(C)c1cc(C=O)cc(C(C)(C)C)c1,train_candidate,139
2767143051,376fc6387117429bcb19,338,CC(C)(C)c1cc(C=O)cc(C(C)(C)C)c1,train_candidate,168
2767143051,3fbc880a145bcc2155c9,339,CC(C)(C)c1cc(C=O)cc(C(C)(C)C)c1,train_candidate,89
2767143051,2964279ae2fd8a820ae1,340,CC(C)(C)c1cc(C=O)cc(C(C)(C)C)c1,train_candidate,400
2767143051,c084940b1be4fa61738d,341,COc1cc(Br)cc(OC)c1,train_candidate,194
2767143051,deac65153d9204a230ec,342,COc1cc(Br)cc(OC)c1,test,-1
2767143051,b5f0b6271cd244ade9a3,343,COc1cc(Br)cc(OC)c1,test,-1
2767143051,79723584590c0a689474,344,COc1cc(Br)cc(OC)c1,train_candidate,174
2767143051,984bc17b1da105c753eb,345,COc1cc(Br)cc(OC)c1,train_candidate,170
2767143051,1b7e334ea83516d08ff5,346,COc1cc(Br)cc(OC)c1,train_candidate,404
2767143051,b8018c4bdaadd42a057a,347,COc1cc(Br)cc(OC)c1,test,-1
2767143051,3b03dfa8ff44ff554734,348,O=Cc1cc(Br)ccc1O,train_candidate,25
2767143051,167f49f748fa35bdb29e,349,O=Cc1cc(Br)ccc1O,train_candidate,380
2767143051,7e19b816ecd8282ce2a1,350,O=Cc1cc(Br)ccc1O,validation,-1
2767143051,0dffde5d00d50ee96173,351,O=Cc1cc(Br)ccc1O,test,-1
2767143051,65bfb38b53dd53bc4f4c,352,O=Cc1cc(Br)ccc1O,train_candidate,431
2767143051,e79c5aedcfa41a5f23c9,353,O=Cc1cc(Br)ccc1O,train_candidate,271
2767143051,27b234a05f8c66fd059f,354,O=Cc1cc(Br)ccc1O,train_candidate,224
2767143051,1bf52d57e3b0d9ef0662,355,Cc1ccc(Cl)cc1Br,train_candidate,114
2767143051,867407c66038f21466a8,356,Cc1ccc(Cl)cc1Br,train_candidate,339
2767143051,fb19bbc052a528249f36,357,Cc1ccc(Cl)cc1Br,train_candidate,366
2767143051,13bebd0b1ab22fc7e93b,358,Cc1ccc(Cl)cc1Br,train_candidate,459
2767143051,c1b4c0f7481c01c40ec6,359,Cc1ccc(Cl)cc1Br,train_candidate,433
2767143051,bb159f5b8695e842d4ff,360,Cc1ccc(Cl)cc1Br,train_candidate,176
2767143051,ce70dba7026ce0b64f62,361,Cc1ccc(Cl)cc1Br,test,-1
2767143051,a5ea3136b642f8a49607,362,N#Cc1ccccc1Br,test,-1
2767143051,8671b386166171ebd7f7,363,N#Cc1ccccc1Br,train_candidate,435
2767143051,d344b363b8c01e73a6fa,364,N#Cc1ccccc1Br,train_candidate,302
2767143051,70e13ddfe9e6cc9b0f56,365,N#Cc1ccccc1Br,train_candidate,489
2767143051,35046c5ff35d8c8617bb,366,N#Cc1ccccc1Br,train_candidate,260
2767143051,848f6c84b4d5fc44c3c2,367,N#Cc1ccccc1Br,train_candidate,202
2767143051,0974fc9cbeb3820c4065,368,Cc1ccc(C=O)c(C)c1,train_candidate,496
2767143051,bc486e940c369b85ce28,369,Cc1ccc(C=O)c(C)c1,train_candidate,418
2767143051,9a29b268530b7a3321a0,370,Cc1ccc(C=O)c(C)c1,train_candidate,255
2767143051,51394d9af7adc7eff816,371,Cc1ccc(C=O)c(C)c1,train_candidate,465
2767143051,5cbed870fef2de105046,372,Cc1ccc(C=O)c(C)c1,train_candidate,101
2767143051,dbb854b36df7ed31d95f,373,Cc1ccc(C=O)c(C)c1,train_candidate,87
2767143051,0c0f89307cc4aff87ab6,374,Cc1ccc(C=O)c(C)c1,train_candidate,35
2767143051,a5d9706079ccfee3bdf4,375,COCCOC(=O)CC(C)=O,train_candidate,415
2767143051,bacef06b4d4d7374a4e4,376,COCCOC(=O)CC(C)=O,train_candidate,98
2767143051,74097878150c8a5a8d79,377,COCCOC(=O)CC(C)=O,train_candidate,501
2767143051,47404d0982a587f0393e,378,COCCOC(=O)CC(C)=O,train_candidate,397
2767143051,fb80794857ddc46e142c,379,CC(=O)c1ccc2c(c1)OCO2,train_candidate,344
2767143051,6f34563b6236c57b9c60,380,CC(=O)c1ccc2c(c1)OCO2,train_candidate,441
2767143051,147b560e4c606680c7b2,381,CC(=O)c1ccc2c(c1)OCO2,test,-1
2767143051,7396668aaa8d372aa464,382,CC(=O)c1ccc2c(c1)OCO2,test,-1
2767143051,78b04c44dfa852f4e621,383,CC(=O)c1ccc2c(c1)OCO2,train_candidate,7
2767143051,f191e08b3e95928a5423,384,CC(=O)c1ccc2c(c1)OCO2,train_candidate,216
2767143051,f5634113e0822bda1c03,385,CC(=O)c1ccc2c(c1)OCO2,train_candidate,6
2767143051,45264f1c88b241fb888c,386,CC(=O)c1c(C)cc(C)cc1C,train_candidate,155
2767143051,7b0fa77cbbcbd8e7c87a,387,CC(=O)c1c(C)cc(C)cc1C,train_candidate,368
2767143051,c514f60c28973fc116c5,388,CC(=O)c1c(C)cc(C)cc1C,train_candidate,353
2767143051,b63d546347919cb66716,389,CC(=O)c1c(C)cc(C)cc1C,test,-1
2767143051,823c667f35cddfcbc346,390,CC(=O)c1c(C)cc(C)cc1C,test,-1
2767143051,d2955aa36bd2b103c981,391,CC(=O)c1c(C)cc(C)cc1C,train_candidate,293
2767143051,4ce730c9ad4e20a0386e,392,CC(=O)c1c(C)cc(C)cc1C,train_candidate,51
2767143051,f3531a1565c8159ac5e2,393,CC(=O)c1ccc(C)cc1C,train_candidate,154
2767143051,c359fd726e50e2123f43,394,CC(=O)c1ccc(C)cc1C,train_candidate,460
2767143051,a9a623a9853c6b493ce4,395,CC(=O)c1ccc(C)cc1C,train_candidate,341
2767143051,784ca4af1517dac8cd11,396,CC(=O)c1ccc(C)cc1C,train_candidate,257
2767143051,4c36e8e7d179b4bfa11a,397,CC(=O)c1ccc(C)cc1C,train_candidate,41
2767143051,77fe8c752e01feedccfa,398,CC(=O)c1ccc(C)cc1C,train_candidate,274
2767143051,0a1949b42050f41b0db4,399,CC(=O)c1ccc(C)cc1C,train_candidate,378
2767143051,118d66c0e53f510c51ed,400,CC(=O)c1ccc2c(c1)Cc1ccccc1-2,train_candidate,138
2767143051,38aa81d53a6b39e9d8ef,401,CC(=O)c1ccc2c(c1)Cc1ccccc1-2,train_candidate,95
2767143051,c780d2f5194817087e07,402,CC(=O)c1ccc2c(c1)Cc1ccccc1-2,train_candidate,439
2767143051,546046afb5114d631360,403,CC(=O)c1ccc2c(c1)Cc1ccccc1-2,test,-1
2767143051,dc9f747c03c55d77bf72,404,BrC(=C(c1ccccc1)c1ccccc1)c1ccccc1,test,-1
2767143051,d29c00125d1c5dc55586,405,BrC(=C(c1ccccc1)c1ccccc1)c1ccccc1,train_candidate,148
2767143051,509e53644c411798f5b0,406,BrC(=C(c1ccccc1)c1ccccc1)c1ccccc1,train_candidate,233
2767143051,5ac5df671efee45d3ddf,407,BrC(=C(c1ccccc1)c1ccccc1)c1ccccc1,train_candidate,156
2767143051,1e8c03a5d84f08329475,408,BrC(=C(c1ccccc1)c1ccccc1)c1ccccc1,train_candidate,409
2767143051,a7f9a08159d001c30f67,409,BrC(=C(c1ccccc1)c1ccccc1)c1ccccc1,train_candidate,235
2767143051,97feb43dae8371e80d3b,410,BrC(=C(c1ccccc1)c1ccccc1)c1ccccc1,train_candidate,122
2767143051,2f612d3ec5e270672ad1,411,C/C(=N\O)c1ccccc1,train_candidate,52
2767143051,b089551184e4d70e386d,412,C/C(=N\O)c1ccccc1,train_candidate,372
2767143051,95f7b6c8f44b25feade0,413,C/C(=N\O)c1ccccc1,train_candidate,374
2767143051,b0f39affa1970d2700b7,414,C/C(=N\O)c1ccccc1,train_candidate,250
2767143051,af2973fb82b6d79d8c5e,415,C/C(=N\O)c1ccccc1,train_candidate,220
2767143051,3545611fd9950a160288,416,C/C(=N\O)c1ccccc1,train_candidate,105
2767143051,786c4179676f46638e4a,417,O=C(c1ccccc1)c1ccc(Cl)cc1,train_candidate,206
2767143051,937105af8867732c56ec,418,O=C(c1ccccc1)c1ccc(Cl)cc1,test,-1
2767143051,711f210d4869259d0651,419,O=C(c1ccccc1)c1ccc(Cl)cc1,train_candidate,107
2767143051,26bb8ff67b7738527484,420,O=C(c1ccccc1)c1ccc(Cl)cc1,train_candidate,145
2767143051,6624c43f78e6697c8ac9,421,O=C(c1ccccc1)c1ccc(Cl)cc1,train_candidate,66
2767143051,f9b97e958092bd5cb81a,422,O=C(c1ccccc1)c1ccc(Cl)cc1,train_candidate,100
2767143051,2d53109003f718b780fa,423,Cc1ccc(C(=O)c2ccccc2)cc1C,train_candidate,88
2767143051,b9b624baffe611c30836,424,Cc1ccc(C(=O)c2ccccc2)cc1C,test,-1
2767143051,f8a590eaa91d155f61da,425,Cc1ccc(C(=O)c2ccccc2)cc1C,test,-1
2767143051,2fcaa537474ba2ae579f,426,Cc1ccc(C(=O)c2ccccc2)cc1C,train_candidate,39
2767143051,d914e4c833f2df567cac,427,Cc1ccc(C(=O)c2ccccc2)cc1C,train_candidate,334
2767143051,5048acae682925888d12,428,Cc1ccc(C(=O)c2ccccc2)cc1C,train_candidate,227
2767143051,41927f703a0632f098fb,429,CC(=O)CC(=O)c1ccccc1,train_candidate,141
2767143051,760d0bf0ec31747d3969,430,CC(=O)CC(=O)c1ccccc1,train_candidate,240
2767143051,d71aab82a8179d05294a,431,CC(=O)CC(=O)c1ccccc1,train_candidate,221
2767143051,25ffb25df5bec65a633b,432,CC(=O)CC(=O)c1ccccc1,train_candidate,169
2767143051,92d69b1849c34b7f1a80,433,CCOC(=O)C(Cc1ccccc1)C(C)=O,train_candidate,488
2767143051,a289439d96e27bec7cbc,434,CCOC(=O)C(Cc1ccccc1)C(C)=O,train_candidate,463
2767143051,4707a180fe4230c208ff,435,CCOC(=O)C(Cc1ccccc1)C(C)=O,train_candidate,228
2767143051,41921840a5681261ba98,436,CCOC(=O)C(Cc1ccccc1)C(C)=O,train_candidate,324
2767143051,b5080cde4f493a415fc5,437,CCOC(=O)C(Cc1ccccc1)C(C)=O,train_candidate,429
2767143051,1bbec08f4838f06da0fb,438,CCOC(=O)C(Cc1ccccc1)C(C)=O,train_candidate,382
2767143051,bd0519702a5756bc3c94,439,CCOC(=O)C(Cc1ccccc1)C(C)=O,train_candidate,106
2767143051,b7fa3dd8e6040788ae14,440,CCOC(=O)c1cccnc1,train_candidate,73
2767143051,2deca509a22158d15375,441,CCOC(=O)c1cccnc1,train_candidate,31
2767143051,b48dea92ecfc07816494,442,CCOC(=O)c1cccnc1,train_candidate,401
2767143051,82fa7e7b3bd183853280,443,CCOC(=O)c1cccnc1,train_candidate,65
2767143051,7ba2cf5e6ca289d9810f,444,CCOC(=O)c1cccnc1,train_candidate,381
2767143051,7dec4c1259ce3660b729,445,COc1ccc(OC)c(Br)c1,train_candidate,3
2767143051,768064b2e2a953d147d0,446,COc1ccc(OC)c(Br)c1,train_candidate,200
2767143051,212154e56fe15a3333a2,447,COc1ccc(OC)c(Br)c1,train_candidate,375
2767143051,c56a92db4ce7de66bee1,448,COc1ccc(OC)c(Br)c1,train_candidate,446
2767143051,48b99ebef2fd7718f678,449,COc1ccc(OC)c(Br)c1,train_candidate,497
2767143051,6da48b9dd6e1ed7e26fd,450,COc1ccc(OC)c(Br)c1,train_candidate,68
2767143051,a2eeeea4e6525c9d22d4,451,COc1ccc(OC)c(Br)c1,train_candidate,181
2767143051,1e0e33b1a77df72f4dd8,452,OCc1cccc(Br)c1,train_candidate,491
2767143051,371711577127c07527e3,453,OCc1cccc(Br)c1,train_candidate,294
2767143051,78d4810a82f060b5cf49,454,OCc1cccc(Br)c1,train_candidate,311
2767143051,1c04f02c0ea8c00b358d,455,OCc1cccc(Br)c1,train_candidate,470
2767143051,4bc0dc84991def63aa1b,456,O=C1CCCc2ccccc21,train_candidate,301
2767143051,2433f7a3f7959e1d1b74,457,O=C1CCCc2ccccc21,train_candidate,236
2767143051,944f0a85ec8978a60444,458,O=C1CCCc2ccccc21,train_candidate,72
2767143051,8afc083342d1c2e7f78a,459,O=C1CCCc2ccccc21,train_candidate,282
2767143051,c35ed383b2db14b3bc06,460,O=C1CCCc2ccccc21,train_candidate,448
2767143051,d7c72c92165e2c129547,461,O=C1CCCc2ccccc21,train_candidate,473
2767143051,e375bb01e53e46f8faee,462,O=C1CCCc2ccccc21,train_candidate,203
2767143051,fdc873b5607287090ff3,463,CSc1ccc(C=O)cc1,test,-1
2767143051,80b4e33a8434ac29ed52,464,CSc1ccc(C=O)cc1,train_candidate,59
2767143051,ee60c3ffc43a4c2c965e,465,CSc1ccc(C=O)cc1,train_candidate,410
2767143051,95f10fffb85ea1b1f47a,466,CSc1ccc(C=O)cc1,train_candidate,44
2767143051,793d8259fd7820530cfe,467,Cc1ccccc1C=O,test,-1
2767143051,13fb1511fffef8fc96e0,468,Cc1ccccc1C=O,train_candidate,14
2767143051,532a47d1b45e54d6326b,469,Cc1ccccc1C=O,train_candidate,165
2767143051,dcd70c2b5039c4268d56,470,Cc1ccccc1C=O,train_candidate,178
2767143051,22d860e7f246ca4272a4,471,Cc1ccccc1C=O,train_candidate,482
2767143051,f21df276243d861dc2b2,472,Cc1ccccc1C=O,test,-1
2767143051,08820514e662ce6ea8f0,473,Cc1ccccc1C=O,test,-1
2767143051,d60e09bca01342c7cfa6,474,O=Cc1ccc(Br)cc1O,train_candidate,245
2767143051,9dda290379fb047fc74d,475,O=Cc1ccc(Br)cc1O,train_candidate,335
2767143051,4a58b799c494875f6f27,476,O=Cc1ccc(Br)cc1O,train_candidate,289
2767143051,98a1ca00445d60f415d4,477,O=Cc1ccc(Br)cc1O,train_candidate,361
2767143051,ddecd252bb1099fb20f7,478,O=Cc1ccc(Br)cc1O,train_candidate,4
2767143051,226ebdbf914ce9333de8,479,O=Cc1ccc(Br)cc1O,test,-1
2767143051,99dd4a9a47de5c84b7c0,480,O=Cc1ccc(Br)cc1O,train_candidate,115
2767143051,ecc7e2759499addc038f,481,CC(=O)c1ccc(Br)cc1,train_candidate,268
2767143051,66c1ee6eed3d1587de50,482,CC(=O)c1ccc(Br)cc1,train_candidate,82
2767143051,a26a131344d4dbd9645b,483,CC(=O)c1ccc(Br)cc1,train_candidate,308
2767143051,f0edd899ac987a1de9dd,484,CC(=O)c1ccc(Br)cc1,train_candidate,119
2767143051,0e13b08b0f9c772699e1,485,CC(=O)c1ccc(Br)cc1,train_candidate,327
2767143051,1254297404cc9db52ee2,486,CC(=O)c1ccc(Br)cc1,train_candidate,270
2767143051,bc8e1d805b36b63cbfbe,487,CC(=O)c1ccc(Br)cc1,test,-1
2767143051,cd998cddd3dcb4fc8c92,488,O=C(Cc1ccccc1)c1ccccc1,train_candidate,67
2767143051,12e11e8eaee71fc57209,489,O=C(Cc1ccccc1)c1ccccc1,train_candidate,210
2767143051,054457c7699aabd6c619,490,O=C(Cc1ccccc1)c1ccccc1,train_candidate,323
2767143051,893e4c91da1b0b2f7d3e,491,O=C(Cc1ccccc1)c1ccccc1,train_candidate,295
2767143051,18e8a9c1ea6aa15c0d01,492,O=C(Cc1ccccc1)c1ccccc1,train_candidate,252
2767143051,bc582f1f4f4225f6d249,493,O=C(Cc1ccccc1)c1ccccc1,test,-1
2767143051,d92ef85db0d1c0979197,494,O=C(Cc1ccccc1)c1ccccc1,test,-1
2767143051,ddc0b27538aa926cbb6e,495,O=Cc1ccc(-c2ccccc2)cc1,train_candidate,314
2767143051,6dcfe9b1e0958f22523b,496,O=Cc1ccc(-c2ccccc2)cc1,train_candidate,388
2767143051,3cdf1bcd3739e20f72d2,497,O=Cc1ccc(-c2ccccc2)cc1,train_candidate,340
2767143051,a8e4c6001ce3245c634b,498,O=Cc1ccc(-c2ccccc2)cc1,test,-1
2767143051,24b540d7814b4d9c5183,499,O=Cc1ccc(-c2ccccc2)cc1,train_candidate,500
2767143051,b0cadf050313e9a3a162,500,O=Cc1ccc(-c2ccccc2)cc1,test,-1
2767143051,8837a8a19c37b63d2e48,501,O=Cc1ccc(-c2ccccc2)cc1,test,-1
2767143051,23a832560d234735d954,502,O=Cc1ccc2ccccc2c1Br,train_candidate,391
2767143051,90777be8090491479de1,503,O=Cc1ccc2ccccc2c1Br,train_candidate,124
2767143051,926a7862066269f98d62,504,O=Cc1ccc2ccccc2c1Br,train_candidate,498
2767143051,2c51476c6fa3121c5dfc,505,O=Cc1ccc2ccccc2c1Br,train_candidate,469
2767143051,5a9449a7562d442b8669,506,O=Cc1ccc2ccccc2c1Br,train_candidate,151
2767143051,2cbca950d64fdcd81660,507,O=Cc1ccc2ccccc2c1Br,train_candidate,484
2767143051,fb1fdaa4bc60434648f7,508,O=Cc1ccc2ccccc2c1Br,train_candidate,365
2767143051,9e46dbe8a460d3f96a27,509,O=C(/C=C/c1ccccc1)c1ccccc1,train_candidate,17
2767143051,31e75b850983502aa64f,510,O=C(/C=C/c1ccccc1)c1ccccc1,train_candidate,218
2767143051,b566ed83f272904657ba,511,O=C(/C=C/c1ccccc1)c1ccccc1,train_candidate,63
2767143051,c2be1e8f7c2c080f49f5,512,O=C(/C=C/c1ccccc1)c1ccccc1,train_candidate,134
2767143051,fde2d968ab29d13d4f1d,513,O=C(/C=C/c1ccccc1)c1ccccc1,train_candidate,251
2767143051,240da69c823911ff5ccc,514,O=C(/C=C/c1ccccc1)c1ccccc1,train_candidate,477
2767143051,b2b26956a788c2a8c7e9,515,O=C(/C=C/c1ccccc1)c1ccccc1,train_candidate,328
2767143051,f3b80f5fe97d26fd8383,516,O=C(/C=C/c1ccccc1)/C=C/c1ccccc1,test,-1
2767143051,d60f7e6b21ea96567843,517,O=C(/C=C/c1ccccc1)/C=C/c1ccccc1,train_candidate,373
2767143051,bb61793cbbbe2bfa4e12,518,O=C(/C=C/c1ccccc1)/C=C/c1ccccc1,test,-1
2767143051,d078d930aa37448ec4aa,519,O=C(/C=C/c1ccccc1)/C=C/c1ccccc1,train_candidate,265
2767143051,8cd132f293d2823adc8d,520,O=C(/C=C/c1ccccc1)/C=C/c1ccccc1,train_candidate,131
2767143051,88f58ab7b7cf02f8f134,521,O=C(/C=C/c1ccccc1)/C=C/c1ccccc1,train_candidate,246
2767143051,17bdb259a18419ca296f,522,O=C(/C=C/c1ccccc1)/C=C/c1ccccc1,train_candidate,434
2767143051,77c599d272254892b6ec,523,CC1CCC(=O)c2ccccc21,train_candidate,125
2767143051,b393af61f6769ceccbc0,524,CC1CCC(=O)c2ccccc21,train_candidate,437
2767143051,49668be051b44a819f00,525,CC1CCC(=O)c2ccccc21,train_candidate,211
2767143051,ffa86b2ffa5ac89b0720,526,CC1CCC(=O)c2ccccc21,train_candidate,192
2767143051,43aa4f12be94a8a96b35,527,CC1CCC(=O)c2ccccc21,train_candidate,11
2767143051,c09fbafa246c8d17b677,528,CC1CCC(=O)c2ccccc21,train_candidate,242
2767143051,f38afd5febe30c01c852,529,CC1CCC(=O)c2ccccc21,test,-1
2767143051,490ab56dde175e9b97f5,530,O=C(Cc1ccccc1F)C1CC1,train_candidate,326
2767143051,3156893d5d2368c286a5,531,O=C(Cc1ccccc1F)C1CC1,test,-1
2767143051,5ca73775e77c8e07812b,532,O=C(Cc1ccccc1F)C1CC1,train_candidate,349
2767143051,e90e636dced92c2b53d7,533,O=C(Cc1ccccc1F)C1CC1,train_candidate,193
2767143051,21e4905ef98fba65035a,534,O=C(Cc1ccccc1F)C1CC1,validation,-1
2767143051,2eda4e5a40a9021016cb,535,O=C(Cc1ccccc1F)C1CC1,train_candidate,472
2767143051,9c357cc9e9b8199eb1e0,536,O=C(Cc1ccccc1F)C1CC1,train_candidate,76
2767143051,51091e7a7f83732eaf1b,537,CCC(=O)c1cccc(Br)c1,train_candidate,177
2767143051,71577790a52cb379d81f,538,CCC(=O)c1cccc(Br)c1,train_candidate,259
2767143051,e3b2ac778da2b86aa873,539,CCC(=O)c1cccc(Br)c1,train_candidate,226
2767143051,1046fdfaf24728b107ba,540,CCC(=O)c1cccc(Br)c1,train_candidate,126
2767143051,2e10d8b186d86053260f,541,CCC(=O)c1cccc(Br)c1,train_candidate,291
2767143051,5111664a952a4ab7d54e,542,CCC(=O)c1cccc(Br)c1,train_candidate,22
2767143051,ffcab07e0d31056e0d4a,543,CCC(=O)c1cccc(Br)c1,train_candidate,189
2767143051,b6bb9be5584029502820,544,COCCCCC(=O)c1ccc(C(F)(F)F)cc1,train_candidate,462
2767143051,60a000cb56517513c4d2,545,COCCCCC(=O)c1ccc(C(F)(F)F)cc1,test,-1
2767143051,677c30b5727454c7a81e,546,COCCCCC(=O)c1ccc(C(F)(F)F)cc1,train_candidate,504
2767143051,94bc1858c275dcb3d476,547,COCCCCC(=O)c1ccc(C(F)(F)F)cc1,test,-1
2767143051,06c29062334b43b0d12f,548,COCCCCC(=O)c1ccc(C(F)(F)F)cc1,train_candidate,36
2767143051,80e66bd0e8e9450537bb,549,COCCCCC(=O)c1ccc(C(F)(F)F)cc1,train_candidate,480
2767143051,b82c7c8060589ec1974b,550,CCCC(=O)c1ccc(-c2ccccc2)cc1,train_candidate,197
2767143051,57e291b74a249c9dd3ff,551,CCCC(=O)c1ccc(-c2ccccc2)cc1,train_candidate,425
2767143051,7d6bcd84e5a6861fc8fc,552,CCCC(=O)c1ccc(-c2ccccc2)cc1,train_candidate,490
2767143051,2d37adf0d65a19bc2c0c,553,CCCC(=O)c1ccc(-c2ccccc2)cc1,train_candidate,367
2767143051,3c892a45de6ec4625f37,554,CCCC(=O)c1ccc(-c2ccccc2)cc1,train_candidate,29
2767143051,e2c826d98b2bbeb6f48b,555,CCCC(=O)c1ccc(-c2ccccc2)cc1,train_candidate,384
2767143051,ce61c0bd799e65402b75,556,CCCC(=O)c1ccc(-c2ccccc2)cc1,train_candidate,424
2767143051,0f05b5ba6eb528d54b4b,557,O=C(c1ccccc1)c1cccc(C(=O)c2ccccc2)c1,train_candidate,426
2767143051,c4412adf038c7f6ea3c2,558,O=C(c1ccccc1)c1cccc(C(=O)c2ccccc2)c1,train_candidate,130
2767143051,182fc7fe888dbb9535bb,559,O=C(c1ccccc1)c1cccc(C(=O)c2ccccc2)c1,train_candidate,303
2767143051,8abf9c0719e2d67a22f9,560,O=C(c1ccccc1)c1cccc(C(=O)c2ccccc2)c1,train_candidate,237
2767143051,b8a4c06710d95c33cfe1,561,O=C(c1ccccc1)c1cccc(C(=O)c2ccccc2)c1,train_candidate,402
2767143051,7e451fd74af5bfa51ac9,562,O=C(c1ccccc1)c1cccc(C(=O)c2ccccc2)c1,train_candidate,337
2767143051,07e9bc7a9d27fdd58c2f,563,O=C(c1ccccc1)c1cccc(C(=O)c2ccccc2)c1,train_candidate,142
2767143051,2f828b7aa8c3e93352da,564,CCC(=O)c1cccnc1,test,-1
2767143051,4365d2fb106c18823aac,565,CCC(=O)c1cccnc1,test,-1
2767143051,4c6a8ef1c87748df99f2,566,CCC(=O)c1cccnc1,train_candidate,421
2767143051,aca0ef1613a0a07a0431,567,O=C(CCCCl)c1ccc(F)cc1,train_candidate,239
2767143051,f98f5943ca73a5b809a1,568,O=C(CCCCl)c1ccc(F)cc1,train_candidate,238
2767143051,405638494c5a95206866,569,O=C(CCCCl)c1ccc(F)cc1,train_candidate,109
2767143051,76e188b0e48b99f36582,570,O=C(CCCCl)c1ccc(F)cc1,train_candidate,261
2767143051,26aa0143305ac532a560,571,O=C(CCCCl)c1ccc(F)cc1,train_candidate,436
2767143051,283be89c092cfa4a5cbb,572,O=C(CCCCl)c1ccc(F)cc1,train_candidate,248
2767143051,0ffc20c3f979502b8a09,573,O=C(CCCCl)c1ccc(F)cc1,train_candidate,478
1362771960,bbabdb9085edbb8c178b,0,CC(C)(CCl)c1ccccc1,train_candidate,166
1362771960,96dc3dc2ebd074200228,1,CC(C)(CCl)c1ccccc1,train_candidate,199
1362771960,6322e8f867a741eed74c,2,CC(C)(CCl)c1ccccc1,train_candidate,444
1362771960,c2b0aff65443af0a8618,3,CC(C)(CCl)c1ccccc1,test,-1
1362771960,f4b69d88ad1d916ee71a,4,CC(C)(CCl)c1ccccc1,train_candidate,211
1362771960,0f3559d035355b0eec80,5,CC(C)(CCl)c1ccccc1,train_candidate,278
1362771960,d29a94054067cd60dd70,6,CC(C)(CCl)c1ccccc1,train_candidate,63
1362771960,31d92ca6486b229184cf,7,OCCCc1ccccc1,train_candidate,478
1362771960,8a84cca322477165b719,8,OCCCc1ccccc1,train_candidate,90
1362771960,9cf769277f6b42d15f11,9,OCCCc1ccccc1,train_candidate,179
1362771960,7a0a82051f50d5b0c89c,10,OCCCc1ccccc1,train_candidate,67
1362771960,c79f29f048bbfd157f98,11,BrCCCc1ccccc1,train_candidate,389
1362771960,df0074b49eeb620c0768,12,BrCCCc1ccccc1,train_candidate,223
1362771960,f0097bc6b7827ef65922,13,BrCCCc1ccccc1,train_candidate,411
1362771960,44348f5c4aea3b41ee9d,14,BrCCCc1ccccc1,train_candidate,133
1362771960,482cb91fac7f2a936dca,15,BrCCCc1ccccc1,train_candidate,432
1362771960,a5c6210123f05414ffc0,16,BrCCCc1ccccc1,test,-1
1362771960,a82e55e1cd19814ea307,17,BrCCCc1ccccc1,train_candidate,436
1362771960,6ee3c70647b37dcd5417,18,ClCCCc1ccccc1,train_candidate,216
1362771960,2c7e37ef828eb17c78fb,19,ClCCCc1ccccc1,validation,-1
1362771960,7ab9c351196ad891e172,20,ClCCCc1ccccc1,train_candidate,304
1362771960,7062ca665af0f9bba6c9,21,ClCCCc1ccccc1,train_candidate,366
1362771960,6644e934f59d8b816b9f,22,ClCCCc1ccccc1,train_candidate,343
1362771960,8cc7c76a92a4474d7c6a,23,ClCCCc1ccccc1,train_candidate,264
1362771960,c883df6ea04f89f45f03,24,ClCCCc1ccccc1,train_candidate,280
1362771960,46ed1e35ca65ace74790,25,COc1ccc(CO)cc1,train_candidate,406
1362771960,ec581cec37da9563e756,26,COc1ccc(CO)cc1,train_candidate,241
1362771960,c2bd8e8f13a96726e7fc,27,COc1ccc(CO)cc1,train_candidate,242
1362771960,f1afcbd393ce4f5a6316,28,COc1ccc(CO)cc1,train_candidate,137
1362771960,2909efb29670d8f2286d,29,CCOC(=O)C(C)(C)Br,train_candidate,357
1362771960,56b391fdec7a2a622e52,30,CCOC(=O)C(C)(C)Br,train_candidate,269
1362771960,8a9485661ac2c4576006,31,CCOC(=O)C(C)(C)Br,train_candidate,118
1362771960,7f6d1cdee16de4a37a21,32,CCOC(=O)C(C)(C)Br,train_candidate,438
1362771960,fd7bf535ef538434b384,33,CCOC(=O)C(C)(C)Br,train_candidate,176
1362771960,651bb6b60c62819a4323,34,CCOC(=O)C(C)(C)Br,train_candidate,24
1362771960,2a61203b59218a3cbdc6,35,CCOC(=O)C(C)(C)Br,train_candidate,29
1362771960,6d6c0510303dec89b2fe,36,COc1ccc(C=O)cc1,train_candidate,337
1362771960,f81dc37125414986a0bb,37,COc1ccc(C=O)cc1,train_candidate,457
1362771960,400615278105cebb3ed9,38,COc1ccc(C=O)cc1,train_candidate,498
1362771960,5d04f6757b59f5c356bb,39,COc1ccc(C=O)cc1,train_candidate,147
1362771960,a074620f6970d8f89567,40,COc1ccc(C=O)cc1,train_candidate,435
1362771960,454c1ea3beebbec4befe,41,COc1ccc(C=O)cc1,train_candidate,46
1362771960,f95928e2618ed15e654f,42,COc1ccc(C=O)cc1,test,-1
1362771960,3a02b99399bb0c3e9ff9,43,COC(=O)C#CC(=O)OC,train_candidate,474
1362771960,b80a4f9e4b61f534ee9e,44,COC(=O)C#CC(=O)OC,train_candidate,330
1362771960,2690de155843f45b00a3,45,COC(=O)C#CC(=O)OC,train_candidate,221
1362771960,549eb8499df5181b3558,46,COC(=O)C#CC(=O)OC,train_candidate,100
1362771960,02c141e2551937d10f4e,47,COC(=O)C#CC(=O)OC,train_candidate,322
1362771960,9069807baff6cbfbde75,48,COC(=O)C#CC(=O)OC,train_candidate,58
1362771960,1fe1163f7d97c16f3822,49,CC(=O)c1ccccc1,train_candidate,99
1362771960,1e86d81fe1995d367fe1,50,CC(=O)c1ccccc1,train_candidate,70
1362771960,614e6d0929b0845d454b,51,CC(=O)c1ccccc1,train_candidate,83
1362771960,358681452207464d171e,52,CC(=O)c1ccccc1,train_candidate,103
1362771960,c00e01085f35d19cd90f,53,CC(=O)c1ccccc1,train_candidate,335
1362771960,a542d702abb1fa77a6fc,54,CC(=O)c1ccccc1,train_candidate,135
1362771960,77577e6f6f0aa6789972,55,CCOC(=O)C(C)Br,train_candidate,367
1362771960,298017c801a97653f57d,56,CCOC(=O)C(C)Br,train_candidate,384
1362771960,849796401ee485c617a5,57,CCOC(=O)C(C)Br,train_candidate,351
1362771960,67cc8304e3e618d7416a,58,CCOC(=O)C(C)Br,train_candidate,209
1362771960,c7bc53c45a1962a88ec3,59,CCOC(=O)C(C)Br,test,-1
1362771960,76b9db19f45b8222d962,60,CCOC(=O)C(C)Br,train_candidate,254
1362771960,0279fb0f7dba4b54a816,61,CCOC(=O)CC(=O)c1ccccc1,train_candidate,115
1362771960,ca203ccf20ce8e74d86d,62,CCOC(=O)CC(=O)c1ccccc1,train_candidate,184
1362771960,029d48fc98a886c9fec4,63,CCOC(=O)CC(=O)c1ccccc1,train_candidate,36
1362771960,1e578360bd7749f6b397,64,CCOC(=O)CC(=O)c1ccccc1,train_candidate,224
1362771960,05c14d26f4aa6f7c48b0,65,CCOC(=O)CC(=O)c1ccccc1,train_candidate,497
1362771960,53d046afde1259a727f9,66,CCOC(=O)CC(=O)c1ccccc1,train_candidate,358
1362771960,35ba50ab027f5f170aba,67,CCOC(=O)CC(=O)c1ccccc1,train_candidate,370
1362771960,130d76d2d46a287c5dea,68,CC(=O)c1ccccc1C,train_candidate,345
1362771960,3ef4b1ab56fe40940b42,69,CC(=O)c1ccccc1C,train_candidate,325
1362771960,a340148c4096f80cc125,70,CC(=O)c1ccccc1C,test,-1
1362771960,57af4b867d9cd419ebb9,71,CC(=O)c1ccccc1C,train_candidate,477
1362771960,ff8745125a0eeb17c1e5,72,CC(=O)c1ccccc1C,train_candidate,239
1362771960,41a468134f078d2de17d,73,CC(=O)c1ccccc1C,train_candidate,378
1362771960,b4899d5d03e44fbf885c,74,CC(=O)c1ccccc1C,train_candidate,158
1362771960,bd93eaa60288fd0d5e89,75,CC(=O)c1ccc(C)cc1,train_candidate,481
1362771960,2797757b00a9f254ef2e,76,CC(=O)c1ccc(C)cc1,train_candidate,43
1362771960,fad37552a4a2eae19961,77,CC(=O)c1ccc(C)cc1,train_candidate,317
1362771960,6936556d392803de12ed,78,CC(=O)c1ccc(C)cc1,train_candidate,105
1362771960,fd3f8b6ec11d13a8412d,79,CC(=O)c1ccc(C)cc1,train_candidate,437
1362771960,b71b23379d73c3637a76,80,CC(=O)c1ccc(C)cc1,test,-1
1362771960,2a9d111386ac232bbf79,81,CC(=O)c1ccc(C)cc1,train_candidate,138
1362771960,ca00dd1990fd356443cb,82,COC(=O)c1ccccc1O,train_candidate,84
1362771960,924106530353757625ba,83,COC(=O)c1ccccc1O,train_candidate,42
1362771960,f0d3ae15346c6cb6928d,84,COC(=O)c1ccccc1O,train_candidate,313
1362771960,0b6fe9b9da26ddc80e99,85,COC(=O)c1ccccc1O,train_candidate,302
1362771960,a9a4b1ef530ce6f46a1c,86,COC(=O)c1ccccc1O,train_candidate,205
1362771960,f0245d145e2758fc9ff8,87,COC(=O)c1ccccc1O,train_candidate,180
1362771960,f33380e15f0fd8b62027,88,COC(=O)c1ccccc1O,train_candidate,57
1362771960,1773be1aaa4102ae19f0,89,CC(=O)CC(=O)OC(C)(C)C,train_candidate,318
1362771960,1895e2147dd146c4e564,90,CC(=O)CC(=O)OC(C)(C)C,train_candidate,441
1362771960,e7c8cd496e2795b23cb3,91,CC(=O)CC(=O)OC(C)(C)C,train_candidate,228
1362771960,60f64adee75a0999c5d5,92,CC(=O)CC(=O)OC(C)(C)C,train_candidate,182
1362771960,851993fe56d61c8bf074,93,CC(=O)CC(=O)OC(C)(C)C,test,-1
1362771960,4e6d2ab0e823ac1d4b58,94,CC(=O)CC(=O)OC(C)(C)C,train_candidate,418
1362771960,452aebfcddc0b031c20d,95,CCOC(=O)Cc1ccccc1,train_candidate,425
1362771960,a67ee30ac22b3511e0af,96,CCOC(=O)Cc1ccccc1,test,-1
1362771960,4c52102f0b5a693d59bc,97,CCOC(=O)Cc1ccccc1,test,-1
1362771960,f21e8077ac7b6ec1d038,98,CCOC(=O)Cc1ccccc1,train_candidate,311
1362771960,982611df66af1cf7c2f5,99,CCOC(=O)Cc1ccccc1,train_candidate,412
1362771960,d9e344f199dc9a567b5f,100,CCOC(=O)Cc1ccccc1,test,-1
1362771960,74706f7e5d10b9245796,101,CCOC(=O)Cc1ccccc1,train_candidate,4
1362771960,f5d7ae6c2608335325ff,102,COC(=O)c1ccccc1N,train_candidate,365
1362771960,f66e095007d9d0923ce2,103,COC(=O)c1ccccc1N,train_candidate,253
1362771960,c9a57e8accca7da9758b,104,COC(=O)c1ccccc1N,train_candidate,123
1362771960,f7b1b9737459397f9ace,105,COC(=O)c1ccccc1N,train_candidate,295
1362771960,68feec66f657364ebeaa,106,COC(=O)c1ccccc1N,train_candidate,453
1362771960,96ccc1b8240fc2e9c1f3,107,COC(=O)c1ccccc1N,train_candidate,404
1362771960,16eec4a03ec235274042,108,CCOC(=O)/C=C/c1ccccc1,train_candidate,69
1362771960,92e4f80b3943134ebe86,109,CCOC(=O)/C=C/c1ccccc1,train_candidate,247
1362771960,e15e8a4f329d3a08aff9,110,CCOC(=O)/C=C/c1ccccc1,train_candidate,277
1362771960,6cec450baf7517436df6,111,CCOC(=O)/C=C/c1ccccc1,test,-1
1362771960,48b79e49508df9f5fd6d,112,CCOC(=O)/C=C/c1ccccc1,train_candidate,50
1362771960,404dc3e2801a9a9d52aa,113,CCOC(=O)/C=C/c1ccccc1,train_candidate,51
1362771960,c72867f0f2e38c70aa8c,114,CCOC(=O)/C=C/c1ccccc1,train_candidate,189
1362771960,d9d3d24a75ff511e108a,115,COC(=O)c1ccc(C(C)(C)C)cc1,test,-1
1362771960,f40ca479a9e86b5d5458,116,COC(=O)c1ccc(C(C)(C)C)cc1,train_candidate,342
1362771960,b7770c04c72527e1d9f6,117,COC(=O)c1ccc(C(C)(C)C)cc1,train_candidate,185
1362771960,a433dc0f6a13e9ace41d,118,COC(=O)c1ccc(C(C)(C)C)cc1,train_candidate,60
1362771960,e399250d7156727de0fd,119,COC(=O)c1ccc(C(C)(C)C)cc1,train_candidate,306
1362771960,3122a2210bde68deb81e,120,COC(=O)c1ccc(C(C)(C)C)cc1,test,-1
1362771960,c9460286f85a5ec0f4fc,121,COC(=O)c1ccc(C(C)(C)C)cc1,train_candidate,150
1362771960,13b0b7952199157a8399,122,CCOC(=O)/C=C(/C)N,train_candidate,362
1362771960,759d5133ee82740013bf,123,CCOC(=O)/C=C(/C)N,train_candidate,416
1362771960,c9bf385316b464cd2e8d,124,CCOC(=O)/C=C(/C)N,train_candidate,403
1362771960,f248b9b89d62a22b03c3,125,CCOC(=O)/C=C(/C)N,train_candidate,380
1362771960,10d51839b15b94f0ae56,126,CCOC(=O)/C=C(/C)N,train_candidate,482
1362771960,e66b24ec1e4dfa9a9a57,127,CCOC(=O)/C=C(/C)N,train_candidate,427
1362771960,506597d02ff322a77a8d,128,CCOC(=O)/C=C(/C)N,train_candidate,503
1362771960,d2951bd3bb1608688f0d,129,CCOC(=O)/C=C(/C)N,train_candidate,504
1362771960,7d3c6ef279245ca08a2f,130,CCOC(=O)/C=C(/C)N,train_candidate,34
1362771960,e6886d2fb3090517172b,131,CCOC(=O)/C=C(/C)N,train_candidate,448
1362771960,d31d42caff135d7154c4,132,CCOC(=O)/C=C(/C)N,train_candidate,439
1362771960,3d7aa38258001eb6ba67,133,CC(C)COC(=O)c1ccccc1,test,-1
1362771960,b3409bbbf3b06d73afca,134,CC(C)COC(=O)c1ccccc1,train_candidate,333
1362771960,5ce75d3f6df6d318cb8a,135,CC(C)COC(=O)c1ccccc1,train_candidate,484
1362771960,28f4ab2563d03e831cf0,136,CC(C)COC(=O)c1ccccc1,train_candidate,245
1362771960,b95bbdf393e00f41a6df,137,CC(C)COC(=O)c1ccccc1,train_candidate,328
1362771960,1e73138aa057a5e2b67f,138,CC(C)COC(=O)c1ccccc1,train_candidate,145
1362771960,1319bf7018ee9b9a5b9f,139,CCOC(=O)c1ccccc1,train_candidate,13
1362771960,99398d649f02f80651f1,140,CCOC(=O)c1ccccc1,train_candidate,237
1362771960,240787bdbf2abc17e093,141,CCOC(=O)c1ccccc1,train_candidate,274
1362771960,4afc7ef2732850bea176,142,CCOC(=O)c1ccccc1,train_candidate,208
1362771960,181f6c7852b17df8f194,143,CCOC(=O)c1ccccc1,train_candidate,144
1362771960,474238f822b0c38795c6,144,CCOC(=O)c1ccccc1,train_candidate,141
1362771960,5eb80e21463443b22d14,145,CCOC(=O)c1ccccc1,train_candidate,294
1362771960,f6e991e3dc3a3d3c5d89,146,COc1ccc(CCO)cc1,train_candidate,376
1362771960,9991421da8e18008fc91,147,COc1ccc(CCO)cc1,train_candidate,244
1362771960,9e93bad2014e7ab1a680,148,COc1ccc(CCO)cc1,train_candidate,170
1362771960,3d5dc8831f4c74f7b7d1,149,COc1ccc(CCO)cc1,train_candidate,246
1362771960,d5a7e1d47a58e1323805,150,Cc1ccc(C(C)C)cc1,train_candidate,168
1362771960,5c32bb6f3bbf72dcb37e,151,Cc1ccc(C(C)C)cc1,test,-1
1362771960,e545485bf1a51a3ea557,152,Cc1ccc(C(C)C)cc1,train_candidate,382
1362771960,8ea9d90b217f4096f42f,153,Cc1ccc(C(C)C)cc1,train_candidate,452
1362771960,9ed80c28328fabe87261,154,Cc1ccc(C(C)C)cc1,train_candidate,401
1362771960,f1ea027f4cb80b10d15b,155,Cc1ccc(C(C)C)cc1,train_candidate,371
1362771960,dcfc9eaebf799d451fdb,156,Cc1ccc(C(C)C)cc1,train_candidate,160
1362771960,6c1f19a34a40cbf98728,157,CC(C)(O)CCc1ccccc1,train_candidate,76
1362771960,cf45ee02778c0243ad50,158,CC(C)(O)CCc1ccccc1,train_candidate,183
1362771960,88581d99a415bf271788,159,CC(C)(O)CCc1ccccc1,validation,-1
1362771960,8753ab545dd1cf036a3a,160,CC(C)(O)CCc1ccccc1,train_candidate,493
1362771960,d59d233a1606de5b6deb,161,CC(C)(O)CCc1ccccc1,train_candidate,364
1362771960,964a62fb7d677de0f711,162,CC(C)CCOC(=O)c1ccccc1,train_candidate,327
1362771960,f35f8782c107387233ed,163,CC(C)CCOC(=O)c1ccccc1,test,-1
1362771960,4d602abaaf336ac523e4,164,CC(C)CCOC(=O)c1ccccc1,train_candidate,143
1362771960,4768b747981033fbdf34,165,CC(C)CCOC(=O)c1ccccc1,train_candidate,463
1362771960,3df34ab1c0d58c86999e,166,CC(C)CCOC(=O)c1ccccc1,train_candidate,465
1362771960,8b67a1246fe892b6581d,167,CC(C)CCOC(=O)c1ccccc1,train_candidate,82
1362771960,2bafcbea1bb66eb60a71,168,CC(C)CCOC(=O)c1ccccc1,train_candidate,220
1362771960,2beadb75e05408973f02,169,CCOC(=O)/C=C/c1ccccc1,train_candidate,1
1362771960,dd7cae2667a1348a2caf,170,CCOC(=O)/C=C/c1ccccc1,test,-1
1362771960,56f1cecfc0c6c3d224be,171,CCOC(=O)/C=C/c1ccccc1,train_candidate,470
1362771960,6278b7d64a22dbe3844e,172,CCOC(=O)/C=C/c1ccccc1,train_candidate,464
1362771960,a75e421e756083edea35,173,CCOC(=O)/C=C/c1ccccc1,train_candidate,487
1362771960,c9f7ab78e90454873661,174,CCOC(=O)/C=C/c1ccccc1,train_candidate,255
1362771960,b36d7c12e6d3072467ee,175,CCOC(=O)/C=C/c1ccccc1,train_candidate,381
1362771960,5dc7d31c57624ac47575,176,COc1ccc(C)cc1OC,train_candidate,215
1362771960,7dea14d96460814919d3,177,COc1ccc(C)cc1OC,train_candidate,300
1362771960,83a16763654b3b743265,178,COc1ccc(C)cc1OC,train_candidate,385
1362771960,ee96bcc328a38cb12519,179,COc1ccc(C)cc1OC,train_candidate,334
1362771960,62763fd48ebc7554402f,180,COc1ccc(C)cc1OC,train_candidate,272
1362771960,dd29d0f859e11f70f4ec,181,COc1ccc(C)cc1OC,train_candidate,193
1362771960,826e9f40c328ce2478ec,182,COc1ccc(C)cc1OC,train_candidate,22
1362771960,2e684264400b651dae88,183,C1=Cc2ccccc2C1,train_candidate,41
1362771960,e4f37e6e6def0eec724a,184,C1=Cc2ccccc2C1,test,-1
1362771960,fda6d7aa920e5400a222,185,C1=Cc2ccccc2C1,train_candidate,14
1362771960,ee0eba88726c692c7f0c,186,C1=Cc2ccccc2C1,test,-1
1362771960,c438c37de3a60de0e84a,187,C1=Cc2ccccc2C1,train_candidate,429
1362771960,f51bc35441c8ba7713b6,188,C1=Cc2ccccc2C1,train_candidate,148
1362771960,cb1bb21d54890633943c,189,C1=Cc2ccccc2C1,train_candidate,284
1362771960,2e561b136ec088ba3eff,190,Cc1ccc(C)cc1,train_candidate,200
1362771960,0d6f66d7971473a2cef9,191,Cc1ccc(C)cc1,train_candidate,252
1362771960,6950f8ebe95298defec5,192,Cc1ccc(C)cc1,train_candidate,226
1362771960,1837a52df085e2fc70d1,193,Cc1ccc(C)cc1,train_candidate,129
1362771960,8067767b73f132489d46,194,Cc1ccc(C)cc1,train_candidate,462
1362771960,bc3f10fed296515e66e5,195,Cc1ccc(C)cc1,train_candidate,94
1362771960,369517a8e4fab7d4e0e5,196,Cc1ccc(C)cc1,train_candidate,308
1362771960,acc1a540efdb60e4fa76,197,ClCCc1ccccc1,train_candidate,373
1362771960,b849b02cc7a096ff6f6a,198,ClCCc1ccccc1,train_candidate,430
1362771960,75b105d94d176eec90ba,199,ClCCc1ccccc1,train_candidate,283
1362771960,4699975b36aa2351be18,200,ClCCc1ccccc1,train_candidate,298
1362771960,a2ecd7c05da585c2a35e,201,ClCCc1ccccc1,train_candidate,155
1362771960,82843c7e3b9005c1abb0,202,ClCCc1ccccc1,train_candidate,167
1362771960,216e9e13c0587f197c0b,203,ClCCc1ccccc1,train_candidate,270
1362771960,31162ac7e21c9688cbdc,204,CC(O)c1ccccc1,test,-1
1362771960,82ffe9abc3d02f4b970f,205,CC(O)c1ccccc1,train_candidate,305
1362771960,35eae227e68fe7434e68,206,CC(O)c1ccccc1,train_candidate,32
1362771960,82b6a0a8f122317d79d4,207,CC(O)c1ccccc1,train_candidate,505
1362771960,9b28c23ad1d4dda9fe1a,208,CC(O)c1ccccc1,train_candidate,331
1362771960,4455212440cbaf6d51e2,209,COc1ccccc1,train_candidate,259
1362771960,fcea8574ae051fe11483,210,COc1ccccc1,train_candidate,106
1362771960,04d4a16ff682bc7c55c8,211,COc1ccccc1,validation,-1
1362771960,62ca5eadee5ef28e9aeb,212,COc1ccccc1,train_candidate,152
1362771960,42f031acb8211bfbf67f,213,COc1ccccc1,train_candidate,217
1362771960,472b8f06caf25ffe6c7a,214,COc1ccccc1,train_candidate,85
1362771960,d532e4ccbab971232d40,215,COc1ccccc1,train_candidate,415
1362771960,bae9f1ce7c04e7ccf16b,216,CCOC(=O)C(Br)C(=O)OCC,train_candidate,37
1362771960,fc58ac30a03fcb0ec051,217,CCOC(=O)C(Br)C(=O)OCC,train_candidate,230
1362771960,c4b569d1149e4ec87b12,218,CCOC(=O)C(Br)C(=O)OCC,train_candidate,12
1362771960,53d7fb31d852cbb33059,219,CCOC(=O)C(Br)C(=O)OCC,test,-1
1362771960,265addbdd355a85c628d,220,CCOC(=O)C(Br)C(=O)OCC,test,-1
1362771960,b07e3b186c5f9a698624,221,CCOC(=O)C(Br)C(=O)OCC,train_candidate,398
1362771960,28c4b7ec4bf7f486b68c,222,CCOC(=O)C(Br)C(=O)OCC,train_candidate,442
1362771960,c9d7d885160197c7f67c,223,c1ccc(COCc2ccccc2)cc1,train_candidate,500
1362771960,e2869f5cf5635b6ae9c1,224,c1ccc(COCc2ccccc2)cc1,train_candidate,267
1362771960,49865eda3c0e936157be,225,c1ccc(COCc2ccccc2)cc1,train_candidate,31
1362771960,d26cffd9ef4da9800470,226,c1ccc(COCc2ccccc2)cc1,train_candidate,47
1362771960,ce9ac115ce41ab41f01d,227,c1ccc(COCc2ccccc2)cc1,train_candidate,507
1362771960,b2b5155e06ff9134c6a4,228,c1ccc(COCc2ccccc2)cc1,test,-1
1362771960,f1aabb6243aed53011cb,229,c1ccc(COCc2ccccc2)cc1,train_candidate,288
1362771960,ebc9c107c2207e99cf79,230,CCOC(=O)CC(C)=O,train_candidate,2
1362771960,f373e0ffa24cb51dd13a,231,CCOC(=O)CC(C)=O,train_candidate,299
1362771960,bcb35848089ca50a1eef,232,CCOC(=O)CC(C)=O,train_candidate,102
1362771960,ef8527c6b63d54b73966,233,CCOC(=O)CC(C)=O,train_candidate,286
1362771960,86f385aa0925171d22cc,234,CCOC(=O)CC(C)=O,train_candidate,20
1362771960,9c7a6ce4172638d2abc7,235,CCOC(=O)CC(C)=O,train_candidate,348
1362771960,982585c1a4e89f10713f,236,O=CCCc1ccccc1,train_candidate,405
1362771960,36af0c588eb2e094a55e,237,O=CCCc1ccccc1,test,-1
1362771960,afcb9ffea06f12f9e0f5,238,O=CCCc1ccccc1,train_candidate,117
1362771960,e584c52185ccefd22a26,239,O=CCCc1ccccc1,train_candidate,320
1362771960,39e40f336da135e6a7b5,240,O=CCCc1ccccc1,train_candidate,472
1362771960,e3c9408f01aa7642870f,241,O=CCCc1ccccc1,train_candidate,17
1362771960,155ad3f702726e253c4d,242,O=CCCc1ccccc1,train_candidate,260
1362771960,f84aa17604ca7f927b8c,243,C=CC(=O)OCCOc1ccccc1,train_candidate,132
1362771960,6b8023df74ccc51e5c76,244,C=CC(=O)OCCOc1ccccc1,train_candidate,480
1362771960,b056b793f5b571e6cdee,245,C=CC(=O)OCCOc1ccccc1,train_candidate,396
1362771960,934f00061cc32bab10e8,246,C=CC(=O)OCCOc1ccccc1,train_candidate,27
1362771960,b983d4c3094d909b570e,247,C=CC(=O)OCCOc1ccccc1,train_candidate,213
1362771960,b6f53d16978daf702470,248,C=CC(=O)OCCOc1ccccc1,train_candidate,110
1362771960,9563dde5c28fb62e4f7e,249,C=CC(=O)OCCOc1ccccc1,train_candidate,35
1362771960,de2563a5f711307823f1,250,C=CC(=O)OC1CCCCC1,train_candidate,207
1362771960,e2e681b0653ec64f7c14,251,C=CC(=O)OC1CCCCC1,train_candidate,329
1362771960,fbf392edaddff6347b58,252,C=CC(=O)OC1CCCCC1,train_candidate,402
1362771960,3955ae590ac179d279b6,253,C=CC(=O)OC1CCCCC1,train_candidate,95
1362771960,db51f6df02555cb9c264,254,C=CC(=O)OC1CCCCC1,train_candidate,78
1362771960,2195290d04210cdb253f,255,C=CC(=O)OC1CCCCC1,train_candidate,64
1362771960,8063e3de9de70b75def1,256,C=CC(=O)OC1CCCCC1,train_candidate,485
1362771960,88771c5c64ed839a4436,257,C=CC(=O)OCc1ccccc1,train_candidate,188
1362771960,b5365d56777fde5c4dfc,258,C=CC(=O)OCc1ccccc1,train_candidate,65
1362771960,4513e318c9d037303b13,259,C=CC(=O)OCc1ccccc1,train_candidate,198
1362771960,efca00a284b2cadc5737,260,C=CC(=O)OCc1ccccc1,test,-1
1362771960,b473ef06a415d0f114b0,261,C=CC(=O)OCc1ccccc1,train_candidate,235
1362771960,df02863943321996441f,262,C=CC(=O)OCc1ccccc1,train_candidate,341
1362771960,194278dd9ee3d2407ed5,263,C=CC(=O)OCc1ccccc1,train_candidate,407
1362771960,cc31b914acbab022eb9a,264,COC(=O)C(C)(C)Br,train_candidate,467
1362771960,a9eea85ddeee2da33706,265,COC(=O)C(C)(C)Br,train_candidate,61
1362771960,640353c89b3ce64ee98b,266,COC(=O)C(C)(C)Br,train_candidate,142
1362771960,b11bb6293c307f7f7282,267,COC(=O)C(C)(C)Br,train_candidate,459
1362771960,77b0577e6b0adb649e63,268,COC(=O)C(C)(C)Br,train_candidate,276
1362771960,543561ac99bc28db6f2f,269,COC(=O)C(C)(C)Br,train_candidate,26
1362771960,056255620b7acc9c630f,270,COC(=O)C(C)(C)Br,train_candidate,126
1362771960,7b1589ae321d27608509,271,COC(=O)CS,train_candidate,59
1362771960,0fee19a828ef997229fd,272,COC(=O)CS,train_candidate,101
1362771960,222dede783147d5efa63,273,COC(=O)CS,train_candidate,471
1362771960,d9a40ac35b79fbcf214a,274,COC(=O)CS,train_candidate,324
1362771960,aaf22f8324aad12a55fa,275,COC(=O)CS,test,-1
1362771960,a9bfabe931467745353e,276,COC(=O)CS,train_candidate,400
1362771960,be7d68067464e72d0b8d,277,COC(=O)CS,train_candidate,121
1362771960,b418a712463f5abf8b81,278,CC(=O)CCCCl,train_candidate,30
1362771960,850a69ce73ac04035aa3,279,CC(=O)CCCCl,test,-1
1362771960,7c4153fe9561da818ae1,280,CC(=O)CCCCl,train_candidate,125
1362771960,a67016d937c499be9d64,281,CC(C)=CCBr,train_candidate,451
1362771960,4559d83db38cc3c39d13,282,CC(C)=CCBr,train_candidate,151
1362771960,bf8409f12dae2388c6a0,283,CC(C)=CCBr,train_candidate,424
1362771960,832899abb44b8d2246cd,284,CC(C)=CCBr,test,-1
1362771960,5729cc87eb48a75655ad,285,CC(C)=CCBr,train_candidate,319
1362771960,adb6d48eec0fb576d7fc,286,CC(C)=CCBr,test,-1
1362771960,bc789871fe39d967a9e0,287,CC(C)=CCBr,train_candidate,483
1362771960,fff65bc451d163b1b106,288,C=CC(=O)OCCCCCCCCCCCC,train_candidate,56
1362771960,c761659793c5929e2214,289,C=CC(=O)OCCCCCCCCCCCC,train_candidate,386
1362771960,4c7d7c5f8b0c317c5548,290,C=CC(=O)OCCCCCCCCCCCC,train_candidate,72
1362771960,a9656ffd805f80fcf143,291,C=CC(=O)OCCCCCCCCCCCC,train_candidate,119
1362771960,da10d2f67a989e8b16b5,292,C=CC(=O)OCCCCCCCCCCCC,train_candidate,488
1362771960,7ca22b2f4d23a7afb10e,293,C=CC(=O)OCCCCCCCCCCCC,train_candidate,422
1362771960,38f57a9d08efd5f070d0,294,C=CC(=O)OCCCCCCCCCCCC,train_candidate,74
1362771960,1619a0c8b233772ba0c0,295,C=CC(=O)O[C@@H]1C[C@H]2CC[C@]1(C)C2(C)C,train_candidate,186
1362771960,0b9968c1280b5e4f726a,296,C=CC(=O)O[C@@H]1C[C@H]2CC[C@]1(C)C2(C)C,train_candidate,153
1362771960,0d5196ceda603b66bd22,297,C=CC(=O)O[C@@H]1C[C@H]2CC[C@]1(C)C2(C)C,train_candidate,374
1362771960,244e5c6375ff0c923725,298,C=CC(=O)O[C@@H]1C[C@H]2CC[C@]1(C)C2(C)C,train_candidate,321
1362771960,4f34bbce67c94a44318a,299,C=CC(=O)O[C@@H]1C[C@H]2CC[C@]1(C)C2(C)C,test,-1
1362771960,0f8a39d1c0a7eaf35c75,300,C=CC(=O)O[C@@H]1C[C@H]2CC[C@]1(C)C2(C)C,train_candidate,202
1362771960,6de4f7fd8ac19d183348,301,C=CC(=O)O[C@@H]1C[C@H]2CC[C@]1(C)C2(C)C,train_candidate,122
1362771960,8bac25cfab022a9fb887,302,C=CC(=O)OCC(CC)CCCC,train_candidate,326
1362771960,aeef2128392508cc81cc,303,C=CC(=O)OCC(CC)CCCC,test,-1
1362771960,a2eefb55da4d47a4347b,304,C=CC(=O)OCC(CC)CCCC,train_candidate,332
1362771960,3c7f7a7105a5eb39ca89,305,C=CC(=O)OCC(CC)CCCC,train_candidate,292
1362771960,2bf67acb4c861cf83990,306,C=CC(=O)OCC(CC)CCCC,train_candidate,218
1362771960,d67e364fd6830aa2bf6f,307,C=CC(=O)OCC(CC)CCCC,test,-1
1362771960,84caf30ea66b29e2ea91,308,C=CC(=O)OCC(CC)CCCC,train_candidate,279
1362771960,1bd5bb3744b78ada7307,309,FC(F)(F)c1cc(Br)cc(C(F)(F)F)c1,train_candidate,466
1362771960,dd7fdbe3fa3800e6499f,310,FC(F)(F)c1cc(Br)cc(C(F)(F)F)c1,train_candidate,409
1362771960,ab84efb31c801e49c87c,311,FC(F)(F)c1cc(Br)cc(C(F)(F)F)c1,validation,-1
1362771960,69f6dbdc304c0475f868,312,FC(F)(F)c1cc(Br)cc(C(F)(F)F)c1,train_candidate,194
1362771960,a43656cab81e1b0fcccf,313,FC(F)(F)c1cc(Br)cc(C(F)(F)F)c1,train_candidate,112
1362771960,bcf8bb13e4fca185fe68,314,FC(F)(F)c1cc(Br)cc(C(F)(F)F)c1,train_candidate,476
1362771960,fe71f29c800d4ee35138,315,FC(F)(F)c1cc(Br)cc(C(F)(F)F)c1,train_candidate,360
1362771960,2416be80d114ff60224d,316,O=Cc1ccc(Cl)cc1Br,train_candidate,114
1362771960,9201cead3641f52a1f20,317,O=Cc1ccc(Cl)cc1Br,train_candidate,312
1362771960,49276f9b1cc72d41bbfd,318,O=Cc1ccc(Cl)cc1Br,train_candidate,314
1362771960,6cb8bbf843e6064ce249,319,O=Cc1ccc(Cl)cc1Br,train_candidate,443
1362771960,a6b1d92e3de602f8963c,320,O=Cc1ccc(Cl)cc1Br,train_candidate,232
1362771960,135ac7deca522d1e7929,321,O=Cc1ccc(Cl)cc1Br,train_candidate,91
1362771960,0f3bd8418ab9ba9d1ed2,322,O=Cc1ccc(Cl)cc1Br,train_candidate,104
1362771960,6cd5860914563da59932,323,O=Cc1ccc2c(c1)CCO2,train_candidate,38
1362771960,5179c3962ada5450dde7,324,O=Cc1ccc2c(c1)CCO2,train_candidate,368
1362771960,ad45b4b8aaed2c2b0b33,325,O=Cc1ccc2c(c1)CCO2,train_candidate,86
1362771960,6c8de7fb3dbd4f5adabf,326,O=Cc1ccc2c(c1)CCO2,test,-1
1362771960,f72724ff299c47641488,327,COc1cc(F)cc(Br)c1,train_candidate,258
1362771960,2cde006ff48a36a368d2,328,COc1cc(F)cc(Br)c1,train_candidate,350
1362771960,09879f6853acb50e1280,329,COc1cc(F)cc(Br)c1,train_candidate,130
1362771960,cd492dbc52d170e5a396,330,COc1cc(F)cc(Br)c1,train_candidate,426
1362771960,e1244cc412f81ac11bd3,331,COc1cc(F)cc(Br)c1,train_candidate,231
1362771960,69bed1df8dc3cf82927c,332,COc1cc(F)cc(Br)c1,train_candidate,45
1362771960,adc9f476f8b5d66fa85d,333,COc1cc(F)cc(Br)c1,train_candidate,52
1362771960,e7e3cdff8a4b43574b19,334,CC(C)(C)c1cc(C=O)cc(C(C)(C)C)c1,train_candidate,323
1362771960,22fcaa293d9525e1f4e7,335,CC(C)(C)c1cc(C=O)cc(C(C)(C)C)c1,train_candidate,369
1362771960,5965305884ee5fba94d8,336,CC(C)(C)c1cc(C=O)cc(C(C)(C)C)c1,train_candidate,293
1362771960,556baeed852270e9c0fc,337,CC(C)(C)c1cc(C=O)cc(C(C)(C)C)c1,train_candidate,19
1362771960,376fc6387117429bcb19,338,CC(C)(C)c1cc(C=O)cc(C(C)(C)C)c1,test,-1
1362771960,3fbc880a145bcc2155c9,339,CC(C)(C)c1cc(C=O)cc(C(C)(C)C)c1,train_candidate,116
1362771960,2964279ae2fd8a820ae1,340,CC(C)(C)c1cc(C=O)cc(C(C)(C)C)c1,train_candidate,212
1362771960,c084940b1be4fa61738d,341,COc1cc(Br)cc(OC)c1,train_candidate,75
1362771960,deac65153d9204a230ec,342,COc1cc(Br)cc(OC)c1,train_candidate,44
1362771960,b5f0b6271cd244ade9a3,343,COc1cc(Br)cc(OC)c1,train_candidate,433
1362771960,79723584590c0a689474,344,COc1cc(Br)cc(OC)c1,train_candidate,454
1362771960,984bc17b1da105c753eb,345,COc1cc(Br)cc(OC)c1,train_candidate,3
1362771960,1b7e334ea83516d08ff5,346,COc1cc(Br)cc(OC)c1,train_candidate,423
1362771960,b8018c4bdaadd42a057a,347,COc1cc(Br)cc(OC)c1,train_candidate,502
1362771960,3b03dfa8ff44ff554734,348,O=Cc1cc(Br)ccc1O,train_candidate,79
1362771960,167f49f748fa35bdb29e,349,O=Cc1cc(Br)ccc1O,train_candidate,10
1362771960,7e19b816ecd8282ce2a1,350,O=Cc1cc(Br)ccc1O,train_candidate,149
1362771960,0dffde5d00d50ee96173,351,O=Cc1cc(Br)ccc1O,train_candidate,287
1362771960,65bfb38b53dd53bc4f4c,352,O=Cc1cc(Br)ccc1O,train_candidate,96
1362771960,e79c5aedcfa41a5f23c9,353,O=Cc1cc(Br)ccc1O,train_candidate,39
1362771960,27b234a05f8c66fd059f,354,O=Cc1cc(Br)ccc1O,train_candidate,263
1362771960,1bf52d57e3b0d9ef0662,355,Cc1ccc(Cl)cc1Br,train_candidate,390
1362771960,867407c66038f21466a8,356,Cc1ccc(Cl)cc1Br,train_candidate,139
1362771960,fb19bbc052a528249f36,357,Cc1ccc(Cl)cc1Br,train_candidate,16
1362771960,13bebd0b1ab22fc7e93b,358,Cc1ccc(Cl)cc1Br,train_candidate,395
1362771960,c1b4c0f7481c01c40ec6,359,Cc1ccc(Cl)cc1Br,validation,-1
1362771960,bb159f5b8695e842d4ff,360,Cc1ccc(Cl)cc1Br,train_candidate,285
1362771960,ce70dba7026ce0b64f62,361,Cc1ccc(Cl)cc1Br,train_candidate,0
1362771960,a5ea3136b642f8a49607,362,N#Cc1ccccc1Br,train_candidate,361
1362771960,8671b386166171ebd7f7,363,N#Cc1ccccc1Br,train_candidate,196
1362771960,d344b363b8c01e73a6fa,364,N#Cc1ccccc1Br,train_candidate,316
1362771960,70e13ddfe9e6cc9b0f56,365,N#Cc1ccccc1Br,train_candidate,392
1362771960,35046c5ff35d8c8617bb,366,N#Cc1ccccc1Br,train_candidate,54
1362771960,848f6c84b4d5fc44c3c2,367,N#Cc1ccccc1Br,train_candidate,159
1362771960,0974fc9cbeb3820c4065,368,Cc1ccc(C=O)c(C)c1,test,-1
1362771960,bc486e940c369b85ce28,369,Cc1ccc(C=O)c(C)c1,train_candidate,456
1362771960,9a29b268530b7a3321a0,370,Cc1ccc(C=O)c(C)c1,validation,-1
1362771960,51394d9af7adc7eff816,371,Cc1ccc(C=O)c(C)c1,train_candidate,197
1362771960,5cbed870fef2de105046,372,Cc1ccc(C=O)c(C)c1,train_candidate,491
1362771960,dbb854b36df7ed31d95f,373,Cc1ccc(C=O)c(C)c1,train_candidate,222
1362771960,0c0f89307cc4aff87ab6,374,Cc1ccc(C=O)c(C)c1,train_candidate,506
1362771960,a5d9706079ccfee3bdf4,375,COCCOC(=O)CC(C)=O,train_candidate,303
1362771960,bacef06b4d4d7374a4e4,376,COCCOC(=O)CC(C)=O,train_candidate,134
1362771960,74097878150c8a5a8d79,377,COCCOC(=O)CC(C)=O,train_candidate,6
1362771960,47404d0982a587f0393e,378,COCCOC(=O)CC(C)=O,train_candidate,68
1362771960,fb80794857ddc46e142c,379,CC(=O)c1ccc2c(c1)OCO2,train_candidate,146
1362771960,6f34563b6236c57b9c60,380,CC(=O)c1ccc2c(c1)OCO2,train_candidate,124
1362771960,147b560e4c606680c7b2,381,CC(=O)c1ccc2c(c1)OCO2,train_candidate,479
1362771960,7396668aaa8d372aa464,382,CC(=O)c1ccc2c(c1)OCO2,train_candidate,33
1362771960,78b04c44dfa852f4e621,383,CC(=O)c1ccc2c(c1)OCO2,train_candidate,419
1362771960,f191e08b3e95928a5423,384,CC(=O)c1ccc2c(c1)OCO2,train_candidate,397
1362771960,f5634113e0822bda1c03,385,CC(=O)c1ccc2c(c1)OCO2,train_candidate,53
1362771960,45264f1c88b241fb888c,386,CC(=O)c1c(C)cc(C)cc1C,train_candidate,388
1362771960,7b0fa77cbbcbd8e7c87a,387,CC(=O)c1c(C)cc(C)cc1C,train_candidate,421
1362771960,c514f60c28973fc116c5,388,CC(=O)c1c(C)cc(C)cc1C,train_candidate,15
1362771960,b63d546347919cb66716,389,CC(=O)c1c(C)cc(C)cc1C,train_candidate,309
1362771960,823c667f35cddfcbc346,390,CC(=O)c1c(C)cc(C)cc1C,train_candidate,191
1362771960,d2955aa36bd2b103c981,391,CC(=O)c1c(C)cc(C)cc1C,train_candidate,352
1362771960,4ce730c9ad4e20a0386e,392,CC(=O)c1c(C)cc(C)cc1C,train_candidate,18
1362771960,f3531a1565c8159ac5e2,393,CC(=O)c1ccc(C)cc1C,train_candidate,461
1362771960,c359fd726e50e2123f43,394,CC(=O)c1ccc(C)cc1C,train_candidate,195
1362771960,a9a623a9853c6b493ce4,395,CC(=O)c1ccc(C)cc1C,train_candidate,281
1362771960,784ca4af1517dac8cd11,396,CC(=O)c1ccc(C)cc1C,train_candidate,156
1362771960,4c36e8e7d179b4bfa11a,397,CC(=O)c1ccc(C)cc1C,train_candidate,495
1362771960,77fe8c752e01feedccfa,398,CC(=O)c1ccc(C)cc1C,test,-1
1362771960,0a1949b42050f41b0db4,399,CC(=O)c1ccc(C)cc1C,test,-1
1362771960,118d66c0e53f510c51ed,400,CC(=O)c1ccc2c(c1)Cc1ccccc1-2,train_candidate,492
1362771960,38aa81d53a6b39e9d8ef,401,CC(=O)c1ccc2c(c1)Cc1ccccc1-2,train_candidate,192
1362771960,c780d2f5194817087e07,402,CC(=O)c1ccc2c(c1)Cc1ccccc1-2,train_candidate,140
1362771960,546046afb5114d631360,403,CC(=O)c1ccc2c(c1)Cc1ccccc1-2,test,-1
1362771960,dc9f747c03c55d77bf72,404,BrC(=C(c1ccccc1)c1ccccc1)c1ccccc1,train_candidate,111
1362771960,d29c00125d1c5dc55586,405,BrC(=C(c1ccccc1)c1ccccc1)c1ccccc1,train_candidate,410
1362771960,509e53644c411798f5b0,406,BrC(=C(c1ccccc1)c1ccccc1)c1ccccc1,test,-1
1362771960,5ac5df671efee45d3ddf,407,BrC(=C(c1ccccc1)c1ccccc1)c1ccccc1,test,-1
1362771960,1e8c03a5d84f08329475,408,BrC(=C(c1ccccc1)c1ccccc1)c1ccccc1,test,-1
1362771960,a7f9a08159d001c30f67,409,BrC(=C(c1ccccc1)c1ccccc1)c1ccccc1,train_candidate,210
1362771960,97feb43dae8371e80d3b,410,BrC(=C(c1ccccc1)c1ccccc1)c1ccccc1,train_candidate,383
1362771960,2f612d3ec5e270672ad1,411,C/C(=N\O)c1ccccc1,train_candidate,256
1362771960,b089551184e4d70e386d,412,C/C(=N\O)c1ccccc1,train_candidate,336
1362771960,95f7b6c8f44b25feade0,413,C/C(=N\O)c1ccccc1,train_candidate,372
1362771960,b0f39affa1970d2700b7,414,C/C(=N\O)c1ccccc1,train_candidate,449
1362771960,af2973fb82b6d79d8c5e,415,C/C(=N\O)c1ccccc1,train_candidate,473
1362771960,3545611fd9950a160288,416,C/C(=N\O)c1ccccc1,train_candidate,214
1362771960,786c4179676f46638e4a,417,O=C(c1ccccc1)c1ccc(Cl)cc1,test,-1
1362771960,937105af8867732c56ec,418,O=C(c1ccccc1)c1ccc(Cl)cc1,train_candidate,229
1362771960,711f210d4869259d0651,419,O=C(c1ccccc1)c1ccc(Cl)cc1,train_candidate,250
1362771960,26bb8ff67b7738527484,420,O=C(c1ccccc1)c1ccc(Cl)cc1,train_candidate,262
1362771960,6624c43f78e6697c8ac9,421,O=C(c1ccccc1)c1ccc(Cl)cc1,train_candidate,25
1362771960,f9b97e958092bd5cb81a,422,O=C(c1ccccc1)c1ccc(Cl)cc1,train_candidate,233
1362771960,2d53109003f718b780fa,423,Cc1ccc(C(=O)c2ccccc2)cc1C,train_candidate,310
1362771960,b9b624baffe611c30836,424,Cc1ccc(C(=O)c2ccccc2)cc1C,train_candidate,486
1362771960,f8a590eaa91d155f61da,425,Cc1ccc(C(=O)c2ccccc2)cc1C,train_candidate,157
1362771960,2fcaa537474ba2ae579f,426,Cc1ccc(C(=O)c2ccccc2)cc1C,train_candidate,164
1362771960,d914e4c833f2df567cac,427,Cc1ccc(C(=O)c2ccccc2)cc1C,train_candidate,399
1362771960,5048acae682925888d12,428,Cc1ccc(C(=O)c2ccccc2)cc1C,train_candidate,275
1362771960,41927f703a0632f098fb,429,CC(=O)CC(=O)c1ccccc1,train_candidate,261
1362771960,760d0bf0ec31747d3969,430,CC(=O)CC(=O)c1ccccc1,train_candidate,8
1362771960,d71aab82a8179d05294a,431,CC(=O)CC(=O)c1ccccc1,train_candidate,11
1362771960,25ffb25df5bec65a633b,432,CC(=O)CC(=O)c1ccccc1,train_candidate,440
1362771960,92d69b1849c34b7f1a80,433,CCOC(=O)C(Cc1ccccc1)C(C)=O,train_candidate,349
1362771960,a289439d96e27bec7cbc,434,CCOC(=O)C(Cc1ccccc1)C(C)=O,train_candidate,249
1362771960,4707a180fe4230c208ff,435,CCOC(=O)C(Cc1ccccc1)C(C)=O,train_candidate,291
1362771960,41921840a5681261ba98,436,CCOC(=O)C(Cc1ccccc1)C(C)=O,train_candidate,271
1362771960,b5080cde4f493a415fc5,437,CCOC(=O)C(Cc1ccccc1)C(C)=O,train_candidate,355
1362771960,1bbec08f4838f06da0fb,438,CCOC(=O)C(Cc1ccccc1)C(C)=O,train_candidate,169
1362771960,bd0519702a5756bc3c94,439,CCOC(=O)C(Cc1ccccc1)C(C)=O,train_candidate,131
1362771960,b7fa3dd8e6040788ae14,440,CCOC(=O)c1cccnc1,train_candidate,236
1362771960,2deca509a22158d15375,441,CCOC(=O)c1cccnc1,train_candidate,98
1362771960,b48dea92ecfc07816494,442,CCOC(=O)c1cccnc1,train_candidate,107
1362771960,82fa7e7b3bd183853280,443,CCOC(=O)c1cccnc1,train_candidate,80
1362771960,7ba2cf5e6ca289d9810f,444,CCOC(=O)c1cccnc1,train_candidate,178
1362771960,7dec4c1259ce3660b729,445,COc1ccc(OC)c(Br)c1,train_candidate,460
1362771960,768064b2e2a953d147d0,446,COc1ccc(OC)c(Br)c1,train_candidate,490
1362771960,212154e56fe15a3333a2,447,COc1ccc(OC)c(Br)c1,train_candidate,238
1362771960,c56a92db4ce7de66bee1,448,COc1ccc(OC)c(Br)c1,train_candidate,413
1362771960,48b99ebef2fd7718f678,449,COc1ccc(OC)c(Br)c1,train_candidate,62
1362771960,6da48b9dd6e1ed7e26fd,450,COc1ccc(OC)c(Br)c1,test,-1
1362771960,a2eeeea4e6525c9d22d4,451,COc1ccc(OC)c(Br)c1,train_candidate,420
1362771960,1e0e33b1a77df72f4dd8,452,OCc1cccc(Br)c1,train_candidate,55
1362771960,371711577127c07527e3,453,OCc1cccc(Br)c1,train_candidate,204
1362771960,78d4810a82f060b5cf49,454,OCc1cccc(Br)c1,train_candidate,92
1362771960,1c04f02c0ea8c00b358d,455,OCc1cccc(Br)c1,test,-1
1362771960,4bc0dc84991def63aa1b,456,O=C1CCCc2ccccc21,train_candidate,173
1362771960,2433f7a3f7959e1d1b74,457,O=C1CCCc2ccccc21,train_candidate,128
1362771960,944f0a85ec8978a60444,458,O=C1CCCc2ccccc21,train_candidate,268
1362771960,8afc083342d1c2e7f78a,459,O=C1CCCc2ccccc21,train_candidate,408
1362771960,c35ed383b2db14b3bc06,460,O=C1CCCc2ccccc21,train_candidate,5
1362771960,d7c72c92165e2c129547,461,O=C1CCCc2ccccc21,train_candidate,354
1362771960,e375bb01e53e46f8faee,462,O=C1CCCc2ccccc21,train_candidate,301
1362771960,fdc873b5607287090ff3,463,CSc1ccc(C=O)cc1,train_candidate,203
1362771960,80b4e33a8434ac29ed52,464,CSc1ccc(C=O)cc1,train_candidate,97
1362771960,ee60c3ffc43a4c2c965e,465,CSc1ccc(C=O)cc1,train_candidate,338
1362771960,95f10fffb85ea1b1f47a,466,CSc1ccc(C=O)cc1,train_candidate,339
1362771960,793d8259fd7820530cfe,467,Cc1ccccc1C=O,train_candidate,93
1362771960,13fb1511fffef8fc96e0,468,Cc1ccccc1C=O,train_candidate,375
1362771960,532a47d1b45e54d6326b,469,Cc1ccccc1C=O,train_candidate,28
1362771960,dcd70c2b5039c4268d56,470,Cc1ccccc1C=O,train_candidate,297
1362771960,22d860e7f246ca4272a4,471,Cc1ccccc1C=O,train_candidate,417
1362771960,f21df276243d861dc2b2,472,Cc1ccccc1C=O,train_candidate,290
1362771960,08820514e662ce6ea8f0,473,Cc1ccccc1C=O,validation,-1
1362771960,d60e09bca01342c7cfa6,474,O=Cc1ccc(Br)cc1O,train_candidate,109
1362771960,9dda290379fb047fc74d,475,O=Cc1ccc(Br)cc1O,train_candidate,171
1362771960,4a58b799c494875f6f27,476,O=Cc1ccc(Br)cc1O,train_candidate,49
1362771960,98a1ca00445d60f415d4,477,O=Cc1ccc(Br)cc1O,train_candidate,127
1362771960,ddecd252bb1099fb20f7,478,O=Cc1ccc(Br)cc1O,test,-1
1362771960,226ebdbf914ce9333de8,479,O=Cc1ccc(Br)cc1O,train_candidate,7
1362771960,99dd4a9a47de5c84b7c0,480,O=Cc1ccc(Br)cc1O,train_candidate,71
1362771960,ecc7e2759499addc038f,481,CC(=O)c1ccc(Br)cc1,train_candidate,174
1362771960,66c1ee6eed3d1587de50,482,CC(=O)c1ccc(Br)cc1,train_candidate,282
1362771960,a26a131344d4dbd9645b,483,CC(=O)c1ccc(Br)cc1,train_candidate,201
1362771960,f0edd899ac987a1de9dd,484,CC(=O)c1ccc(Br)cc1,train_candidate,394
1362771960,0e13b08b0f9c772699e1,485,CC(=O)c1ccc(Br)cc1,train_candidate,23
1362771960,1254297404cc9db52ee2,486,CC(=O)c1ccc(Br)cc1,train_candidate,340
1362771960,bc8e1d805b36b63cbfbe,487,CC(=O)c1ccc(Br)cc1,train_candidate,248
1362771960,cd998cddd3dcb4fc8c92,488,O=C(Cc1ccccc1)c1ccccc1,train_candidate,177
1362771960,12e11e8eaee71fc57209,489,O=C(Cc1ccccc1)c1ccccc1,test,-1
1362771960,054457c7699aabd6c619,490,O=C(Cc1ccccc1)c1ccccc1,train_candidate,391
1362771960,893e4c91da1b0b2f7d3e,491,O=C(Cc1ccccc1)c1ccccc1,train_candidate,88
1362771960,18e8a9c1ea6aa15c0d01,492,O=C(Cc1ccccc1)c1ccccc1,train_candidate,89
1362771960,bc582f1f4f4225f6d249,493,O=C(Cc1ccccc1)c1ccccc1,train_candidate,161
1362771960,d92ef85db0d1c0979197,494,O=C(Cc1ccccc1)c1ccccc1,train_candidate,475
1362771960,ddc0b27538aa926cbb6e,495,O=Cc1ccc(-c2ccccc2)cc1,train_candidate,363
1362771960,6dcfe9b1e0958f22523b,496,O=Cc1ccc(-c2ccccc2)cc1,train_candidate,489
1362771960,3cdf1bcd3739e20f72d2,497,O=Cc1ccc(-c2ccccc2)cc1,test,-1
1362771960,a8e4c6001ce3245c634b,498,O=Cc1ccc(-c2ccccc2)cc1,train_candidate,353
1362771960,24b540d7814b4d9c5183,499,O=Cc1ccc(-c2ccccc2)cc1,train_candidate,206
1362771960,b0cadf050313e9a3a162,500,O=Cc1ccc(-c2ccccc2)cc1,train_candidate,499
1362771960,8837a8a19c37b63d2e48,501,O=Cc1ccc(-c2ccccc2)cc1,train_candidate,181
1362771960,23a832560d234735d954,502,O=Cc1ccc2ccccc2c1Br,train_candidate,227
1362771960,90777be8090491479de1,503,O=Cc1ccc2ccccc2c1Br,train_candidate,257
1362771960,926a7862066269f98d62,504,O=Cc1ccc2ccccc2c1Br,train_candidate,113
1362771960,2c51476c6fa3121c5dfc,505,O=Cc1ccc2ccccc2c1Br,train_candidate,225
1362771960,5a9449a7562d442b8669,506,O=Cc1ccc2ccccc2c1Br,train_candidate,344
1362771960,2cbca950d64fdcd81660,507,O=Cc1ccc2ccccc2c1Br,train_candidate,359
1362771960,fb1fdaa4bc60434648f7,508,O=Cc1ccc2ccccc2c1Br,train_candidate,434
1362771960,9e46dbe8a460d3f96a27,509,O=C(/C=C/c1ccccc1)c1ccccc1,train_candidate,21
1362771960,31e75b850983502aa64f,510,O=C(/C=C/c1ccccc1)c1ccccc1,train_candidate,379
1362771960,b566ed83f272904657ba,511,O=C(/C=C/c1ccccc1)c1ccccc1,train_candidate,356
1362771960,c2be1e8f7c2c080f49f5,512,O=C(/C=C/c1ccccc1)c1ccccc1,train_candidate,377
1362771960,fde2d968ab29d13d4f1d,513,O=C(/C=C/c1ccccc1)c1ccccc1,train_candidate,66
1362771960,240da69c823911ff5ccc,514,O=C(/C=C/c1ccccc1)c1ccccc1,train_candidate,315
1362771960,b2b26956a788c2a8c7e9,515,O=C(/C=C/c1ccccc1)c1ccccc1,train_candidate,251
1362771960,f3b80f5fe97d26fd8383,516,O=C(/C=C/c1ccccc1)/C=C/c1ccccc1,train_candidate,445
1362771960,d60f7e6b21ea96567843,517,O=C(/C=C/c1ccccc1)/C=C/c1ccccc1,train_candidate,187
1362771960,bb61793cbbbe2bfa4e12,518,O=C(/C=C/c1ccccc1)/C=C/c1ccccc1,test,-1
1362771960,d078d930aa37448ec4aa,519,O=C(/C=C/c1ccccc1)/C=C/c1ccccc1,train_candidate,458
1362771960,8cd132f293d2823adc8d,520,O=C(/C=C/c1ccccc1)/C=C/c1ccccc1,train_candidate,175
1362771960,88f58ab7b7cf02f8f134,521,O=C(/C=C/c1ccccc1)/C=C/c1ccccc1,train_candidate,163
1362771960,17bdb259a18419ca296f,522,O=C(/C=C/c1ccccc1)/C=C/c1ccccc1,train_candidate,428
1362771960,77c599d272254892b6ec,523,CC1CCC(=O)c2ccccc21,test,-1
1362771960,b393af61f6769ceccbc0,524,CC1CCC(=O)c2ccccc21,test,-1
1362771960,49668be051b44a819f00,525,CC1CCC(=O)c2ccccc21,train_candidate,154
1362771960,ffa86b2ffa5ac89b0720,526,CC1CCC(=O)c2ccccc21,train_candidate,243
1362771960,43aa4f12be94a8a96b35,527,CC1CCC(=O)c2ccccc21,train_candidate,468
1362771960,c09fbafa246c8d17b677,528,CC1CCC(=O)c2ccccc21,train_candidate,172
1362771960,f38afd5febe30c01c852,529,CC1CCC(=O)c2ccccc21,train_candidate,469
1362771960,490ab56dde175e9b97f5,530,O=C(Cc1ccccc1F)C1CC1,train_candidate,289
1362771960,3156893d5d2368c286a5,531,O=C(Cc1ccccc1F)C1CC1,train_candidate,77
1362771960,5ca73775e77c8e07812b,532,O=C(Cc1ccccc1F)C1CC1,train_candidate,120
1362771960,e90e636dced92c2b53d7,533,O=C(Cc1ccccc1F)C1CC1,train_candidate,165
1362771960,21e4905ef98fba65035a,534,O=C(Cc1ccccc1F)C1CC1,train_candidate,162
1362771960,2eda4e5a40a9021016cb,535,O=C(Cc1ccccc1F)C1CC1,train_candidate,447
1362771960,9c357cc9e9b8199eb1e0,536,O=C(Cc1ccccc1F)C1CC1,train_candidate,273
1362771960,51091e7a7f83732eaf1b,537,CCC(=O)c1cccc(Br)c1,train_candidate,108
1362771960,71577790a52cb379d81f,538,CCC(=O)c1cccc(Br)c1,train_candidate,494
1362771960,e3b2ac778da2b86aa873,539,CCC(=O)c1cccc(Br)c1,train_candidate,266
1362771960,1046fdfaf24728b107ba,540,CCC(=O)c1cccc(Br)c1,train_candidate,40
1362771960,2e10d8b186d86053260f,541,CCC(=O)c1cccc(Br)c1,test,-1
1362771960,5111664a952a4ab7d54e,542,CCC(=O)c1cccc(Br)c1,validation,-1
1362771960,ffcab07e0d31056e0d4a,543,CCC(=O)c1cccc(Br)c1,train_candidate,347
1362771960,b6bb9be5584029502820,544,COCCCCC(=O)c1ccc(C(F)(F)F)cc1,train_candidate,48
1362771960,60a000cb56517513c4d2,545,COCCCCC(=O)c1ccc(C(F)(F)F)cc1,test,-1
1362771960,677c30b5727454c7a81e,546,COCCCCC(=O)c1ccc(C(F)(F)F)cc1,test,-1
1362771960,94bc1858c275dcb3d476,547,COCCCCC(=O)c1ccc(C(F)(F)F)cc1,train_candidate,393
1362771960,06c29062334b43b0d12f,548,COCCCCC(=O)c1ccc(C(F)(F)F)cc1,train_candidate,387
1362771960,80e66bd0e8e9450537bb,549,COCCCCC(=O)c1ccc(C(F)(F)F)cc1,train_candidate,265
1362771960,b82c7c8060589ec1974b,550,CCCC(=O)c1ccc(-c2ccccc2)cc1,train_candidate,346
1362771960,57e291b74a249c9dd3ff,551,CCCC(=O)c1ccc(-c2ccccc2)cc1,test,-1
1362771960,7d6bcd84e5a6861fc8fc,552,CCCC(=O)c1ccc(-c2ccccc2)cc1,train_candidate,73
1362771960,2d37adf0d65a19bc2c0c,553,CCCC(=O)c1ccc(-c2ccccc2)cc1,train_candidate,87
1362771960,3c892a45de6ec4625f37,554,CCCC(=O)c1ccc(-c2ccccc2)cc1,train_candidate,190
1362771960,e2c826d98b2bbeb6f48b,555,CCCC(=O)c1ccc(-c2ccccc2)cc1,train_candidate,9
1362771960,ce61c0bd799e65402b75,556,CCCC(=O)c1ccc(-c2ccccc2)cc1,train_candidate,414
1362771960,0f05b5ba6eb528d54b4b,557,O=C(c1ccccc1)c1cccc(C(=O)c2ccccc2)c1,train_candidate,296
1362771960,c4412adf038c7f6ea3c2,558,O=C(c1ccccc1)c1cccc(C(=O)c2ccccc2)c1,train_candidate,136
1362771960,182fc7fe888dbb9535bb,559,O=C(c1ccccc1)c1cccc(C(=O)c2ccccc2)c1,train_candidate,234
1362771960,8abf9c0719e2d67a22f9,560,O=C(c1ccccc1)c1cccc(C(=O)c2ccccc2)c1,train_candidate,431
1362771960,b8a4c06710d95c33cfe1,561,O=C(c1ccccc1)c1cccc(C(=O)c2ccccc2)c1,train_candidate,450
1362771960,7e451fd74af5bfa51ac9,562,O=C(c1ccccc1)c1cccc(C(=O)c2ccccc2)c1,train_candidate,496
1362771960,07e9bc7a9d27fdd58c2f,563,O=C(c1ccccc1)c1cccc(C(=O)c2ccccc2)c1,train_candidate,446
1362771960,2f828b7aa8c3e93352da,564,CCC(=O)c1cccnc1,train_candidate,219
1362771960,4365d2fb106c18823aac,565,CCC(=O)c1cccnc1,test,-1
1362771960,4c6a8ef1c87748df99f2,566,CCC(=O)c1cccnc1,test,-1
1362771960,aca0ef1613a0a07a0431,567,O=C(CCCCl)c1ccc(F)cc1,train_candidate,455
1362771960,f98f5943ca73a5b809a1,568,O=C(CCCCl)c1ccc(F)cc1,train_candidate,240
1362771960,405638494c5a95206866,569,O=C(CCCCl)c1ccc(F)cc1,train_candidate,81
1362771960,76e188b0e48b99f36582,570,O=C(CCCCl)c1ccc(F)cc1,test,-1
1362771960,26aa0143305ac532a560,571,O=C(CCCCl)c1ccc(F)cc1,test,-1
1362771960,283be89c092cfa4a5cbb,572,O=C(CCCCl)c1ccc(F)cc1,train_candidate,501
1362771960,0ffc20c3f979502b8a09,573,O=C(CCCCl)c1ccc(F)cc1,train_candidate,307
