outer_seed,budget,sample_id,canonical_index,canonical_smiles,role
769539383,30,bbabdb9085edbb8c178b,0,CC(C)(CCl)c1ccccc1,unlabeled
769539383,30,96dc3dc2ebd074200228,1,CC(C)(CCl)c1ccccc1,unlabeled
769539383,30,6322e8f867a741eed74c,2,CC(C)(CCl)c1ccccc1,unlabeled
769539383,30,c2b0aff65443af0a8618,3,CC(C)(CCl)c1ccccc1,unlabeled
769539383,30,f4b69d88ad1d916ee71a,4,CC(C)(CCl)c1ccccc1,unlabeled
769539383,30,0f3559d035355b0eec80,5,CC(C)(CCl)c1ccccc1,unlabeled
769539383,30,d29a94054067cd60dd70,6,CC(C)(CCl)c1ccccc1,validation
769539383,30,31d92ca6486b229184cf,7,OCCCc1ccccc1,unlabeled
769539383,30,8a84cca322477165b719,8,OCCCc1ccccc1,unlabeled
769539383,30,9cf769277f6b42d15f11,9,OCCCc1ccccc1,unlabeled
769539383,30,7a0a82051f50d5b0c89c,10,OCCCc1ccccc1,unlabeled
769539383,30,c79f29f048bbfd157f98,11,BrCCCc1ccccc1,unlabeled
769539383,30,df0074b49eeb620c0768,12,BrCCCc1ccccc1,unlabeled
769539383,30,f0097bc6b7827ef65922,13,BrCCCc1ccccc1,unlabeled
769539383,30,44348f5c4aea3b41ee9d,14,BrCCCc1ccccc1,unlabeled
769539383,30,482cb91fac7f2a936dca,15,BrCCCc1ccccc1,unlabeled
769539383,30,a5c6210123f05414ffc0,16,BrCCCc1ccccc1,unlabeled
769539383,30,a82e55e1cd19814ea307,17,BrCCCc1ccccc1,gradient_train
769539383,30,6ee3c70647b37dcd5417,18,ClCCCc1ccccc1,unlabeled
769539383,30,2c7e37ef828eb17c78fb,19,ClCCCc1ccccc1,unlabeled
769539383,30,7ab9c351196ad891e172,20,ClCCCc1ccccc1,unlabeled
769539383,30,7062ca665af0f9bba6c9,21,ClCCCc1ccccc1,unlabeled
769539383,30,6644e934f59d8b816b9f,22,ClCCCc1ccccc1,unlabeled
769539383,30,8cc7c76a92a4474d7c6a,23,ClCCCc1ccccc1,unlabeled
769539383,30,c883df6ea04f89f45f03,24,ClCCCc1ccccc1,unlabeled
769539383,30,46ed1e35ca65ace74790,25,COc1ccc(CO)cc1,unlabeled
769539383,30,ec581cec37da9563e756,26,COc1ccc(CO)cc1,unlabeled
769539383,30,c2bd8e8f13a96726e7fc,27,COc1ccc(CO)cc1,unlabeled
769539383,30,f1afcbd393ce4f5a6316,28,COc1ccc(CO)cc1,unlabeled
769539383,30,2909efb29670d8f2286d,29,CCOC(=O)C(C)(C)Br,unlabeled
769539383,30,56b391fdec7a2a622e52,30,CCOC(=O)C(C)(C)Br,unlabeled
769539383,30,8a9485661ac2c4576006,31,CCOC(=O)C(C)(C)Br,gradient_train
769539383,30,7f6d1cdee16de4a37a21,32,CCOC(=O)C(C)(C)Br,unlabeled
769539383,30,fd7bf535ef538434b384,33,CCOC(=O)C(C)(C)Br,unlabeled
769539383,30,651bb6b60c62819a4323,34,CCOC(=O)C(C)(C)Br,unlabeled
769539383,30,2a61203b59218a3cbdc6,35,CCOC(=O)C(C)(C)Br,unlabeled
769539383,30,6d6c0510303dec89b2fe,36,COc1ccc(C=O)cc1,unlabeled
769539383,30,f81dc37125414986a0bb,37,COc1ccc(C=O)cc1,unlabeled
769539383,30,400615278105cebb3ed9,38,COc1ccc(C=O)cc1,test
769539383,30,5d04f6757b59f5c356bb,39,COc1ccc(C=O)cc1,unlabeled
769539383,30,a074620f6970d8f89567,40,COc1ccc(C=O)cc1,unlabeled
769539383,30,454c1ea3beebbec4befe,41,COc1ccc(C=O)cc1,unlabeled
769539383,30,f95928e2618ed15e654f,42,COc1ccc(C=O)cc1,unlabeled
769539383,30,3a02b99399bb0c3e9ff9,43,COC(=O)C#CC(=O)OC,unlabeled
769539383,30,b80a4f9e4b61f534ee9e,44,COC(=O)C#CC(=O)OC,test
769539383,30,2690de155843f45b00a3,45,COC(=O)C#CC(=O)OC,unlabeled
769539383,30,549eb8499df5181b3558,46,COC(=O)C#CC(=O)OC,unlabeled
769539383,30,02c141e2551937d10f4e,47,COC(=O)C#CC(=O)OC,unlabeled
769539383,30,9069807baff6cbfbde75,48,COC(=O)C#CC(=O)OC,unlabeled
769539383,30,1fe1163f7d97c16f3822,49,CC(=O)c1ccccc1,unlabeled
769539383,30,1e86d81fe1995d367fe1,50,CC(=O)c1ccccc1,unlabeled
769539383,30,614e6d0929b0845d454b,51,CC(=O)c1ccccc1,unlabeled
769539383,30,358681452207464d171e,52,CC(=O)c1ccccc1,unlabeled
769539383,30,c00e01085f35d19cd90f,53,CC(=O)c1ccccc1,unlabeled
769539383,30,a542d702abb1fa77a6fc,54,CC(=O)c1ccccc1,test
769539383,30,77577e6f6f0aa6789972,55,CCOC(=O)C(C)Br,unlabeled
769539383,30,298017c801a97653f57d,56,CCOC(=O)C(C)Br,unlabeled
769539383,30,849796401ee485c617a5,57,CCOC(=O)C(C)Br,unlabeled
769539383,30,67cc8304e3e618d7416a,58,CCOC(=O)C(C)Br,unlabeled
769539383,30,c7bc53c45a1962a88ec3,59,CCOC(=O)C(C)Br,unlabeled
769539383,30,76b9db19f45b8222d962,60,CCOC(=O)C(C)Br,unlabeled
769539383,30,0279fb0f7dba4b54a816,61,CCOC(=O)CC(=O)c1ccccc1,unlabeled
769539383,30,ca203ccf20ce8e74d86d,62,CCOC(=O)CC(=O)c1ccccc1,test
769539383,30,029d48fc98a886c9fec4,63,CCOC(=O)CC(=O)c1ccccc1,unlabeled
769539383,30,1e578360bd7749f6b397,64,CCOC(=O)CC(=O)c1ccccc1,test
769539383,30,05c14d26f4aa6f7c48b0,65,CCOC(=O)CC(=O)c1ccccc1,unlabeled
769539383,30,53d046afde1259a727f9,66,CCOC(=O)CC(=O)c1ccccc1,unlabeled
769539383,30,35ba50ab027f5f170aba,67,CCOC(=O)CC(=O)c1ccccc1,unlabeled
769539383,30,130d76d2d46a287c5dea,68,CC(=O)c1ccccc1C,unlabeled
769539383,30,3ef4b1ab56fe40940b42,69,CC(=O)c1ccccc1C,unlabeled
769539383,30,a340148c4096f80cc125,70,CC(=O)c1ccccc1C,unlabeled
769539383,30,57af4b867d9cd419ebb9,71,CC(=O)c1ccccc1C,unlabeled
769539383,30,ff8745125a0eeb17c1e5,72,CC(=O)c1ccccc1C,gradient_train
769539383,30,41a468134f078d2de17d,73,CC(=O)c1ccccc1C,unlabeled
769539383,30,b4899d5d03e44fbf885c,74,CC(=O)c1ccccc1C,unlabeled
769539383,30,bd93eaa60288fd0d5e89,75,CC(=O)c1ccc(C)cc1,unlabeled
769539383,30,2797757b00a9f254ef2e,76,CC(=O)c1ccc(C)cc1,unlabeled
769539383,30,fad37552a4a2eae19961,77,CC(=O)c1ccc(C)cc1,unlabeled
769539383,30,6936556d392803de12ed,78,CC(=O)c1ccc(C)cc1,unlabeled
769539383,30,fd3f8b6ec11d13a8412d,79,CC(=O)c1ccc(C)cc1,unlabeled
769539383,30,b71b23379d73c3637a76,80,CC(=O)c1ccc(C)cc1,unlabeled
769539383,30,2a9d111386ac232bbf79,81,CC(=O)c1ccc(C)cc1,unlabeled
769539383,30,ca00dd1990fd356443cb,82,COC(=O)c1ccccc1O,unlabeled
769539383,30,924106530353757625ba,83,COC(=O)c1ccccc1O,unlabeled
769539383,30,f0d3ae15346c6cb6928d,84,COC(=O)c1ccccc1O,unlabeled
769539383,30,0b6fe9b9da26ddc80e99,85,COC(=O)c1ccccc1O,unlabeled
769539383,30,a9a4b1ef530ce6f46a1c,86,COC(=O)c1ccccc1O,unlabeled
769539383,30,f0245d145e2758fc9ff8,87,COC(=O)c1ccccc1O,unlabeled
769539383,30,f33380e15f0fd8b62027,88,COC(=O)c1ccccc1O,gradient_train
769539383,30,1773be1aaa4102ae19f0,89,CC(=O)CC(=O)OC(C)(C)C,unlabeled
769539383,30,1895e2147dd146c4e564,90,CC(=O)CC(=O)OC(C)(C)C,unlabeled
769539383,30,e7c8cd496e2795b23cb3,91,CC(=O)CC(=O)OC(C)(C)C,unlabeled
769539383,30,60f64adee75a0999c5d5,92,CC(=O)CC(=O)OC(C)(C)C,unlabeled
769539383,30,851993fe56d61c8bf074,93,CC(=O)CC(=O)OC(C)(C)C,test
769539383,30,4e6d2ab0e823ac1d4b58,94,CC(=O)CC(=O)OC(C)(C)C,unlabeled
769539383,30,452aebfcddc0b031c20d,95,CCOC(=O)Cc1ccccc1,unlabeled
769539383,30,a67ee30ac22b3511e0af,96,CCOC(=O)Cc1ccccc1,unlabeled
769539383,30,4c52102f0b5a693d59bc,97,CCOC(=O)Cc1ccccc1,unlabeled
769539383,30,f21e8077ac7b6ec1d038,98,CCOC(=O)Cc1ccccc1,unlabeled
769539383,30,982611df66af1cf7c2f5,99,CCOC(=O)Cc1ccccc1,unlabeled
769539383,30,d9e344f199dc9a567b5f,100,CCOC(=O)Cc1ccccc1,unlabeled
769539383,30,74706f7e5d10b9245796,101,CCOC(=O)Cc1ccccc1,unlabeled
769539383,30,f5d7ae6c2608335325ff,102,COC(=O)c1ccccc1N,unlabeled
769539383,30,f66e095007d9d0923ce2,103,COC(=O)c1ccccc1N,unlabeled
769539383,30,c9a57e8accca7da9758b,104,COC(=O)c1ccccc1N,test
769539383,30,f7b1b9737459397f9ace,105,COC(=O)c1ccccc1N,unlabeled
769539383,30,68feec66f657364ebeaa,106,COC(=O)c1ccccc1N,unlabeled
769539383,30,96ccc1b8240fc2e9c1f3,107,COC(=O)c1ccccc1N,unlabeled
769539383,30,16eec4a03ec235274042,108,CCOC(=O)/C=C/c1ccccc1,unlabeled
769539383,30,92e4f80b3943134ebe86,109,CCOC(=O)/C=C/c1ccccc1,unlabeled
769539383,30,e15e8a4f329d3a08aff9,110,CCOC(=O)/C=C/c1ccccc1,gradient_train
769539383,30,6cec450baf7517436df6,111,CCOC(=O)/C=C/c1ccccc1,unlabeled
769539383,30,48b79e49508df9f5fd6d,112,CCOC(=O)/C=C/c1ccccc1,unlabeled
769539383,30,404dc3e2801a9a9d52aa,113,CCOC(=O)/C=C/c1ccccc1,unlabeled
769539383,30,c72867f0f2e38c70aa8c,114,CCOC(=O)/C=C/c1ccccc1,unlabeled
769539383,30,d9d3d24a75ff511e108a,115,COC(=O)c1ccc(C(C)(C)C)cc1,unlabeled
769539383,30,f40ca479a9e86b5d5458,116,COC(=O)c1ccc(C(C)(C)C)cc1,unlabeled
769539383,30,b7770c04c72527e1d9f6,117,COC(=O)c1ccc(C(C)(C)C)cc1,unlabeled
769539383,30,a433dc0f6a13e9ace41d,118,COC(=O)c1ccc(C(C)(C)C)cc1,test
769539383,30,e399250d7156727de0fd,119,COC(=O)c1ccc(C(C)(C)C)cc1,unlabeled
769539383,30,3122a2210bde68deb81e,120,COC(=O)c1ccc(C(C)(C)C)cc1,unlabeled
769539383,30,c9460286f85a5ec0f4fc,121,COC(=O)c1ccc(C(C)(C)C)cc1,unlabeled
769539383,30,13b0b7952199157a8399,122,CCOC(=O)/C=C(/C)N,unlabeled
769539383,30,759d5133ee82740013bf,123,CCOC(=O)/C=C(/C)N,test
769539383,30,c9bf385316b464cd2e8d,124,CCOC(=O)/C=C(/C)N,unlabeled
769539383,30,f248b9b89d62a22b03c3,125,CCOC(=O)/C=C(/C)N,test
769539383,30,10d51839b15b94f0ae56,126,CCOC(=O)/C=C(/C)N,test
769539383,30,e66b24ec1e4dfa9a9a57,127,CCOC(=O)/C=C(/C)N,unlabeled
769539383,30,506597d02ff322a77a8d,128,CCOC(=O)/C=C(/C)N,unlabeled
769539383,30,d2951bd3bb1608688f0d,129,CCOC(=O)/C=C(/C)N,validation
769539383,30,7d3c6ef279245ca08a2f,130,CCOC(=O)/C=C(/C)N,unlabeled
769539383,30,e6886d2fb3090517172b,131,CCOC(=O)/C=C(/C)N,unlabeled
769539383,30,d31d42caff135d7154c4,132,CCOC(=O)/C=C(/C)N,gradient_train
769539383,30,3d7aa38258001eb6ba67,133,CC(C)COC(=O)c1ccccc1,unlabeled
769539383,30,b3409bbbf3b06d73afca,134,CC(C)COC(=O)c1ccccc1,unlabeled
769539383,30,5ce75d3f6df6d318cb8a,135,CC(C)COC(=O)c1ccccc1,unlabeled
769539383,30,28f4ab2563d03e831cf0,136,CC(C)COC(=O)c1ccccc1,unlabeled
769539383,30,b95bbdf393e00f41a6df,137,CC(C)COC(=O)c1ccccc1,unlabeled
769539383,30,1e73138aa057a5e2b67f,138,CC(C)COC(=O)c1ccccc1,unlabeled
769539383,30,1319bf7018ee9b9a5b9f,139,CCOC(=O)c1ccccc1,unlabeled
769539383,30,99398d649f02f80651f1,140,CCOC(=O)c1ccccc1,unlabeled
769539383,30,240787bdbf2abc17e093,141,CCOC(=O)c1ccccc1,unlabeled
769539383,30,4afc7ef2732850bea176,142,CCOC(=O)c1ccccc1,unlabeled
769539383,30,181f6c7852b17df8f194,143,CCOC(=O)c1ccccc1,unlabeled
769539383,30,474238f822b0c38795c6,144,CCOC(=O)c1ccccc1,unlabeled
769539383,30,5eb80e21463443b22d14,145,CCOC(=O)c1ccccc1,unlabeled
769539383,30,f6e991e3dc3a3d3c5d89,146,COc1ccc(CCO)cc1,unlabeled
769539383,30,9991421da8e18008fc91,147,COc1ccc(CCO)cc1,unlabeled
769539383,30,9e93bad2014e7ab1a680,148,COc1ccc(CCO)cc1,test
769539383,30,3d5dc8831f4c74f7b7d1,149,COc1ccc(CCO)cc1,unlabeled
769539383,30,d5a7e1d47a58e1323805,150,Cc1ccc(C(C)C)cc1,gradient_train
769539383,30,5c32bb6f3bbf72dcb37e,151,Cc1ccc(C(C)C)cc1,unlabeled
769539383,30,e545485bf1a51a3ea557,152,Cc1ccc(C(C)C)cc1,unlabeled
769539383,30,8ea9d90b217f4096f42f,153,Cc1ccc(C(C)C)cc1,unlabeled
769539383,30,9ed80c28328fabe87261,154,Cc1ccc(C(C)C)cc1,validation
769539383,30,f1ea027f4cb80b10d15b,155,Cc1ccc(C(C)C)cc1,unlabeled
769539383,30,dcfc9eaebf799d451fdb,156,Cc1ccc(C(C)C)cc1,unlabeled
769539383,30,6c1f19a34a40cbf98728,157,CC(C)(O)CCc1ccccc1,unlabeled
769539383,30,cf45ee02778c0243ad50,158,CC(C)(O)CCc1ccccc1,gradient_train
769539383,30,88581d99a415bf271788,159,CC(C)(O)CCc1ccccc1,unlabeled
769539383,30,8753ab545dd1cf036a3a,160,CC(C)(O)CCc1ccccc1,unlabeled
769539383,30,d59d233a1606de5b6deb,161,CC(C)(O)CCc1ccccc1,unlabeled
769539383,30,964a62fb7d677de0f711,162,CC(C)CCOC(=O)c1ccccc1,unlabeled
769539383,30,f35f8782c107387233ed,163,CC(C)CCOC(=O)c1ccccc1,test
769539383,30,4d602abaaf336ac523e4,164,CC(C)CCOC(=O)c1ccccc1,test
769539383,30,4768b747981033fbdf34,165,CC(C)CCOC(=O)c1ccccc1,unlabeled
769539383,30,3df34ab1c0d58c86999e,166,CC(C)CCOC(=O)c1ccccc1,unlabeled
769539383,30,8b67a1246fe892b6581d,167,CC(C)CCOC(=O)c1ccccc1,unlabeled
769539383,30,2bafcbea1bb66eb60a71,168,CC(C)CCOC(=O)c1ccccc1,unlabeled
769539383,30,2beadb75e05408973f02,169,CCOC(=O)/C=C/c1ccccc1,unlabeled
769539383,30,dd7cae2667a1348a2caf,170,CCOC(=O)/C=C/c1ccccc1,unlabeled
769539383,30,56f1cecfc0c6c3d224be,171,CCOC(=O)/C=C/c1ccccc1,unlabeled
769539383,30,6278b7d64a22dbe3844e,172,CCOC(=O)/C=C/c1ccccc1,unlabeled
769539383,30,a75e421e756083edea35,173,CCOC(=O)/C=C/c1ccccc1,unlabeled
769539383,30,c9f7ab78e90454873661,174,CCOC(=O)/C=C/c1ccccc1,gradient_train
769539383,30,b36d7c12e6d3072467ee,175,CCOC(=O)/C=C/c1ccccc1,unlabeled
769539383,30,5dc7d31c57624ac47575,176,COc1ccc(C)cc1OC,unlabeled
769539383,30,7dea14d96460814919d3,177,COc1ccc(C)cc1OC,unlabeled
769539383,30,83a16763654b3b743265,178,COc1ccc(C)cc1OC,unlabeled
769539383,30,ee96bcc328a38cb12519,179,COc1ccc(C)cc1OC,unlabeled
769539383,30,62763fd48ebc7554402f,180,COc1ccc(C)cc1OC,unlabeled
769539383,30,dd29d0f859e11f70f4ec,181,COc1ccc(C)cc1OC,unlabeled
769539383,30,826e9f40c328ce2478ec,182,COc1ccc(C)cc1OC,unlabeled
769539383,30,2e684264400b651dae88,183,C1=Cc2ccccc2C1,gradient_train
769539383,30,e4f37e6e6def0eec724a,184,C1=Cc2ccccc2C1,unlabeled
769539383,30,fda6d7aa920e5400a222,185,C1=Cc2ccccc2C1,unlabeled
769539383,30,ee0eba88726c692c7f0c,186,C1=Cc2ccccc2C1,test
769539383,30,c438c37de3a60de0e84a,187,C1=Cc2ccccc2C1,unlabeled
769539383,30,f51bc35441c8ba7713b6,188,C1=Cc2ccccc2C1,unlabeled
769539383,30,cb1bb21d54890633943c,189,C1=Cc2ccccc2C1,unlabeled
769539383,30,2e561b136ec088ba3eff,190,Cc1ccc(C)cc1,unlabeled
769539383,30,0d6f66d7971473a2cef9,191,Cc1ccc(C)cc1,test
769539383,30,6950f8ebe95298defec5,192,Cc1ccc(C)cc1,unlabeled
769539383,30,1837a52df085e2fc70d1,193,Cc1ccc(C)cc1,test
769539383,30,8067767b73f132489d46,194,Cc1ccc(C)cc1,unlabeled
769539383,30,bc3f10fed296515e66e5,195,Cc1ccc(C)cc1,unlabeled
769539383,30,369517a8e4fab7d4e0e5,196,Cc1ccc(C)cc1,unlabeled
769539383,30,acc1a540efdb60e4fa76,197,ClCCc1ccccc1,unlabeled
769539383,30,b849b02cc7a096ff6f6a,198,ClCCc1ccccc1,unlabeled
769539383,30,75b105d94d176eec90ba,199,ClCCc1ccccc1,test
769539383,30,4699975b36aa2351be18,200,ClCCc1ccccc1,unlabeled
769539383,30,a2ecd7c05da585c2a35e,201,ClCCc1ccccc1,unlabeled
769539383,30,82843c7e3b9005c1abb0,202,ClCCc1ccccc1,unlabeled
769539383,30,216e9e13c0587f197c0b,203,ClCCc1ccccc1,unlabeled
769539383,30,31162ac7e21c9688cbdc,204,CC(O)c1ccccc1,unlabeled
769539383,30,82ffe9abc3d02f4b970f,205,CC(O)c1ccccc1,unlabeled
769539383,30,35eae227e68fe7434e68,206,CC(O)c1ccccc1,unlabeled
769539383,30,82b6a0a8f122317d79d4,207,CC(O)c1ccccc1,unlabeled
769539383,30,9b28c23ad1d4dda9fe1a,208,CC(O)c1ccccc1,unlabeled
769539383,30,4455212440cbaf6d51e2,209,COc1ccccc1,unlabeled
769539383,30,fcea8574ae051fe11483,210,COc1ccccc1,unlabeled
769539383,30,04d4a16ff682bc7c55c8,211,COc1ccccc1,unlabeled
769539383,30,62ca5eadee5ef28e9aeb,212,COc1ccccc1,unlabeled
769539383,30,42f031acb8211bfbf67f,213,COc1ccccc1,unlabeled
769539383,30,472b8f06caf25ffe6c7a,214,COc1ccccc1,unlabeled
769539383,30,d532e4ccbab971232d40,215,COc1ccccc1,test
769539383,30,bae9f1ce7c04e7ccf16b,216,CCOC(=O)C(Br)C(=O)OCC,unlabeled
769539383,30,fc58ac30a03fcb0ec051,217,CCOC(=O)C(Br)C(=O)OCC,test
769539383,30,c4b569d1149e4ec87b12,218,CCOC(=O)C(Br)C(=O)OCC,gradient_train
769539383,30,53d7fb31d852cbb33059,219,CCOC(=O)C(Br)C(=O)OCC,unlabeled
769539383,30,265addbdd355a85c628d,220,CCOC(=O)C(Br)C(=O)OCC,unlabeled
769539383,30,b07e3b186c5f9a698624,221,CCOC(=O)C(Br)C(=O)OCC,unlabeled
769539383,30,28c4b7ec4bf7f486b68c,222,CCOC(=O)C(Br)C(=O)OCC,unlabeled
769539383,30,c9d7d885160197c7f67c,223,c1ccc(COCc2ccccc2)cc1,unlabeled
769539383,30,e2869f5cf5635b6ae9c1,224,c1ccc(COCc2ccccc2)cc1,unlabeled
769539383,30,49865eda3c0e936157be,225,c1ccc(COCc2ccccc2)cc1,unlabeled
769539383,30,d26cffd9ef4da9800470,226,c1ccc(COCc2ccccc2)cc1,unlabeled
769539383,30,ce9ac115ce41ab41f01d,227,c1ccc(COCc2ccccc2)cc1,unlabeled
769539383,30,b2b5155e06ff9134c6a4,228,c1ccc(COCc2ccccc2)cc1,unlabeled
769539383,30,f1aabb6243aed53011cb,229,c1ccc(COCc2ccccc2)cc1,unlabeled
769539383,30,ebc9c107c2207e99cf79,230,CCOC(=O)CC(C)=O,unlabeled
769539383,30,f373e0ffa24cb51dd13a,231,CCOC(=O)CC(C)=O,unlabeled
769539383,30,bcb35848089ca50a1eef,232,CCOC(=O)CC(C)=O,unlabeled
769539383,30,ef8527c6b63d54b73966,233,CCOC(=O)CC(C)=O,unlabeled
769539383,30,86f385aa0925171d22cc,234,CCOC(=O)CC(C)=O,unlabeled
769539383,30,9c7a6ce4172638d2abc7,235,CCOC(=O)CC(C)=O,unlabeled
769539383,30,982585c1a4e89f10713f,236,O=CCCc1ccccc1,unlabeled
769539383,30,36af0c588eb2e094a55e,237,O=CCCc1ccccc1,unlabeled
769539383,30,afcb9ffea06f12f9e0f5,238,O=CCCc1ccccc1,test
769539383,30,e584c52185ccefd22a26,239,O=CCCc1ccccc1,unlabeled
769539383,30,39e40f336da135e6a7b5,240,O=CCCc1ccccc1,unlabeled
769539383,30,e3c9408f01aa7642870f,241,O=CCCc1ccccc1,unlabeled
769539383,30,155ad3f702726e253c4d,242,O=CCCc1ccccc1,unlabeled
769539383,30,f84aa17604ca7f927b8c,243,C=CC(=O)OCCOc1ccccc1,unlabeled
769539383,30,6b8023df74ccc51e5c76,244,C=CC(=O)OCCOc1ccccc1,unlabeled
769539383,30,b056b793f5b571e6cdee,245,C=CC(=O)OCCOc1ccccc1,unlabeled
769539383,30,934f00061cc32bab10e8,246,C=CC(=O)OCCOc1ccccc1,unlabeled
769539383,30,b983d4c3094d909b570e,247,C=CC(=O)OCCOc1ccccc1,unlabeled
769539383,30,b6f53d16978daf702470,248,C=CC(=O)OCCOc1ccccc1,unlabeled
769539383,30,9563dde5c28fb62e4f7e,249,C=CC(=O)OCCOc1ccccc1,unlabeled
769539383,30,de2563a5f711307823f1,250,C=CC(=O)OC1CCCCC1,test
769539383,30,e2e681b0653ec64f7c14,251,C=CC(=O)OC1CCCCC1,unlabeled
769539383,30,fbf392edaddff6347b58,252,C=CC(=O)OC1CCCCC1,unlabeled
769539383,30,3955ae590ac179d279b6,253,C=CC(=O)OC1CCCCC1,unlabeled
769539383,30,db51f6df02555cb9c264,254,C=CC(=O)OC1CCCCC1,test
769539383,30,2195290d04210cdb253f,255,C=CC(=O)OC1CCCCC1,unlabeled
769539383,30,8063e3de9de70b75def1,256,C=CC(=O)OC1CCCCC1,unlabeled
769539383,30,88771c5c64ed839a4436,257,C=CC(=O)OCc1ccccc1,unlabeled
769539383,30,b5365d56777fde5c4dfc,258,C=CC(=O)OCc1ccccc1,unlabeled
769539383,30,4513e318c9d037303b13,259,C=CC(=O)OCc1ccccc1,unlabeled
769539383,30,efca00a284b2cadc5737,260,C=CC(=O)OCc1ccccc1,unlabeled
769539383,30,b473ef06a415d0f114b0,261,C=CC(=O)OCc1ccccc1,unlabeled
769539383,30,df02863943321996441f,262,C=CC(=O)OCc1ccccc1,unlabeled
769539383,30,194278dd9ee3d2407ed5,263,C=CC(=O)OCc1ccccc1,unlabeled
769539383,30,cc31b914acbab022eb9a,264,COC(=O)C(C)(C)Br,unlabeled
769539383,30,a9eea85ddeee2da33706,265,COC(=O)C(C)(C)Br,unlabeled
769539383,30,640353c89b3ce64ee98b,266,COC(=O)C(C)(C)Br,test
769539383,30,b11bb6293c307f7f7282,267,COC(=O)C(C)(C)Br,test
769539383,30,77b0577e6b0adb649e63,268,COC(=O)C(C)(C)Br,validation
769539383,30,543561ac99bc28db6f2f,269,COC(=O)C(C)(C)Br,unlabeled
769539383,30,056255620b7acc9c630f,270,COC(=O)C(C)(C)Br,unlabeled
769539383,30,7b1589ae321d27608509,271,COC(=O)CS,test
769539383,30,0fee19a828ef997229fd,272,COC(=O)CS,unlabeled
769539383,30,222dede783147d5efa63,273,COC(=O)CS,unlabeled
769539383,30,d9a40ac35b79fbcf214a,274,COC(=O)CS,unlabeled
769539383,30,aaf22f8324aad12a55fa,275,COC(=O)CS,unlabeled
769539383,30,a9bfabe931467745353e,276,COC(=O)CS,unlabeled
769539383,30,be7d68067464e72d0b8d,277,COC(=O)CS,unlabeled
769539383,30,b418a712463f5abf8b81,278,CC(=O)CCCCl,unlabeled
769539383,30,850a69ce73ac04035aa3,279,CC(=O)CCCCl,test
769539383,30,7c4153fe9561da818ae1,280,CC(=O)CCCCl,unlabeled
769539383,30,a67016d937c499be9d64,281,CC(C)=CCBr,test
769539383,30,4559d83db38cc3c39d13,282,CC(C)=CCBr,unlabeled
769539383,30,bf8409f12dae2388c6a0,283,CC(C)=CCBr,unlabeled
769539383,30,832899abb44b8d2246cd,284,CC(C)=CCBr,unlabeled
769539383,30,5729cc87eb48a75655ad,285,CC(C)=CCBr,unlabeled
769539383,30,adb6d48eec0fb576d7fc,286,CC(C)=CCBr,unlabeled
769539383,30,bc789871fe39d967a9e0,287,CC(C)=CCBr,unlabeled
769539383,30,fff65bc451d163b1b106,288,C=CC(=O)OCCCCCCCCCCCC,unlabeled
769539383,30,c761659793c5929e2214,289,C=CC(=O)OCCCCCCCCCCCC,unlabeled
769539383,30,4c7d7c5f8b0c317c5548,290,C=CC(=O)OCCCCCCCCCCCC,unlabeled
769539383,30,a9656ffd805f80fcf143,291,C=CC(=O)OCCCCCCCCCCCC,unlabeled
769539383,30,da10d2f67a989e8b16b5,292,C=CC(=O)OCCCCCCCCCCCC,unlabeled
769539383,30,7ca22b2f4d23a7afb10e,293,C=CC(=O)OCCCCCCCCCCCC,unlabeled
769539383,30,38f57a9d08efd5f070d0,294,C=CC(=O)OCCCCCCCCCCCC,unlabeled
769539383,30,1619a0c8b233772ba0c0,295,C=CC(=O)O[C@@H]1C[C@H]2CC[C@]1(C)C2(C)C,unlabeled
769539383,30,0b9968c1280b5e4f726a,296,C=CC(=O)O[C@@H]1C[C@H]2CC[C@]1(C)C2(C)C,unlabeled
769539383,30,0d5196ceda603b66bd22,297,C=CC(=O)O[C@@H]1C[C@H]2CC[C@]1(C)C2(C)C,test
769539383,30,244e5c6375ff0c923725,298,C=CC(=O)O[C@@H]1C[C@H]2CC[C@]1(C)C2(C)C,unlabeled
769539383,30,4f34bbce67c94a44318a,299,C=CC(=O)O[C@@H]1C[C@H]2CC[C@]1(C)C2(C)C,unlabeled
769539383,30,0f8a39d1c0a7eaf35c75,300,C=CC(=O)O[C@@H]1C[C@H]2CC[C@]1(C)C2(C)C,unlabeled
769539383,30,6de4f7fd8ac19d183348,301,C=CC(=O)O[C@@H]1C[C@H]2CC[C@]1(C)C2(C)C,test
769539383,30,8bac25cfab022a9fb887,302,C=CC(=O)OCC(CC)CCCC,unlabeled
769539383,30,aeef2128392508cc81cc,303,C=CC(=O)OCC(CC)CCCC,test
769539383,30,a2eefb55da4d47a4347b,304,C=CC(=O)OCC(CC)CCCC,unlabeled
769539383,30,3c7f7a7105a5eb39ca89,305,C=CC(=O)OCC(CC)CCCC,test
769539383,30,2bf67acb4c861cf83990,306,C=CC(=O)OCC(CC)CCCC,unlabeled
769539383,30,d67e364fd6830aa2bf6f,307,C=CC(=O)OCC(CC)CCCC,unlabeled
769539383,30,84caf30ea66b29e2ea91,308,C=CC(=O)OCC(CC)CCCC,unlabeled
769539383,30,1bd5bb3744b78ada7307,309,FC(F)(F)c1cc(Br)cc(C(F)(F)F)c1,unlabeled
769539383,30,dd7fdbe3fa3800e6499f,310,FC(F)(F)c1cc(Br)cc(C(F)(F)F)c1,unlabeled
769539383,30,ab84efb31c801e49c87c,311,FC(F)(F)c1cc(Br)cc(C(F)(F)F)c1,unlabeled
769539383,30,69f6dbdc304c0475f868,312,FC(F)(F)c1cc(Br)cc(C(F)(F)F)c1,unlabeled
769539383,30,a43656cab81e1b0fcccf,313,FC(F)(F)c1cc(Br)cc(C(F)(F)F)c1,unlabeled
769539383,30,bcf8bb13e4fca185fe68,314,FC(F)(F)c1cc(Br)cc(C(F)(F)F)c1,unlabeled
769539383,30,fe71f29c800d4ee35138,315,FC(F)(F)c1cc(Br)cc(C(F)(F)F)c1,unlabeled
769539383,30,2416be80d114ff60224d,316,O=Cc1ccc(Cl)cc1Br,unlabeled
769539383,30,9201cead3641f52a1f20,317,O=Cc1ccc(Cl)cc1Br,unlabeled
769539383,30,49276f9b1cc72d41bbfd,318,O=Cc1ccc(Cl)cc1Br,unlabeled
769539383,30,6cb8bbf843e6064ce249,319,O=Cc1ccc(Cl)cc1Br,unlabeled
769539383,30,a6b1d92e3de602f8963c,320,O=Cc1ccc(Cl)cc1Br,test
769539383,30,135ac7deca522d1e7929,321,O=Cc1ccc(Cl)cc1Br,unlabeled
769539383,30,0f3bd8418ab9ba9d1ed2,322,O=Cc1ccc(Cl)cc1Br,unlabeled
769539383,30,6cd5860914563da59932,323,O=Cc1ccc2c(c1)CCO2,unlabeled
769539383,30,5179c3962ada5450dde7,324,O=Cc1ccc2c(c1)CCO2,gradient_train
769539383,30,ad45b4b8aaed2c2b0b33,325,O=Cc1ccc2c(c1)CCO2,unlabeled
769539383,30,6c8de7fb3dbd4f5adabf,326,O=Cc1ccc2c(c1)CCO2,unlabeled
769539383,30,f72724ff299c47641488,327,COc1cc(F)cc(Br)c1,unlabeled
769539383,30,2cde006ff48a36a368d2,328,COc1cc(F)cc(Br)c1,unlabeled
769539383,30,09879f6853acb50e1280,329,COc1cc(F)cc(Br)c1,gradient_train
769539383,30,cd492dbc52d170e5a396,330,COc1cc(F)cc(Br)c1,unlabeled
769539383,30,e1244cc412f81ac11bd3,331,COc1cc(F)cc(Br)c1,unlabeled
769539383,30,69bed1df8dc3cf82927c,332,COc1cc(F)cc(Br)c1,test
769539383,30,adc9f476f8b5d66fa85d,333,COc1cc(F)cc(Br)c1,unlabeled
769539383,30,e7e3cdff8a4b43574b19,334,CC(C)(C)c1cc(C=O)cc(C(C)(C)C)c1,gradient_train
769539383,30,22fcaa293d9525e1f4e7,335,CC(C)(C)c1cc(C=O)cc(C(C)(C)C)c1,unlabeled
769539383,30,5965305884ee5fba94d8,336,CC(C)(C)c1cc(C=O)cc(C(C)(C)C)c1,unlabeled
769539383,30,556baeed852270e9c0fc,337,CC(C)(C)c1cc(C=O)cc(C(C)(C)C)c1,unlabeled
769539383,30,376fc6387117429bcb19,338,CC(C)(C)c1cc(C=O)cc(C(C)(C)C)c1,unlabeled
769539383,30,3fbc880a145bcc2155c9,339,CC(C)(C)c1cc(C=O)cc(C(C)(C)C)c1,unlabeled
769539383,30,2964279ae2fd8a820ae1,340,CC(C)(C)c1cc(C=O)cc(C(C)(C)C)c1,unlabeled
769539383,30,c084940b1be4fa61738d,341,COc1cc(Br)cc(OC)c1,unlabeled
769539383,30,deac65153d9204a230ec,342,COc1cc(Br)cc(OC)c1,unlabeled
769539383,30,b5f0b6271cd244ade9a3,343,COc1cc(Br)cc(OC)c1,unlabeled
769539383,30,79723584590c0a689474,344,COc1cc(Br)cc(OC)c1,unlabeled
769539383,30,984bc17b1da105c753eb,345,COc1cc(Br)cc(OC)c1,unlabeled
769539383,30,1b7e334ea83516d08ff5,346,COc1cc(Br)cc(OC)c1,test
769539383,30,b8018c4bdaadd42a057a,347,COc1cc(Br)cc(OC)c1,unlabeled
769539383,30,3b03dfa8ff44ff554734,348,O=Cc1cc(Br)ccc1O,unlabeled
769539383,30,167f49f748fa35bdb29e,349,O=Cc1cc(Br)ccc1O,gradient_train
769539383,30,7e19b816ecd8282ce2a1,350,O=Cc1cc(Br)ccc1O,unlabeled
769539383,30,0dffde5d00d50ee96173,351,O=Cc1cc(Br)ccc1O,unlabeled
769539383,30,65bfb38b53dd53bc4f4c,352,O=Cc1cc(Br)ccc1O,unlabeled
769539383,30,e79c5aedcfa41a5f23c9,353,O=Cc1cc(Br)ccc1O,unlabeled
769539383,30,27b234a05f8c66fd059f,354,O=Cc1cc(Br)ccc1O,unlabeled
769539383,30,1bf52d57e3b0d9ef0662,355,Cc1ccc(Cl)cc1Br,unlabeled
769539383,30,867407c66038f21466a8,356,Cc1ccc(Cl)cc1Br,test
769539383,30,fb19bbc052a528249f36,357,Cc1ccc(Cl)cc1Br,unlabeled
769539383,30,13bebd0b1ab22fc7e93b,358,Cc1ccc(Cl)cc1Br,unlabeled
769539383,30,c1b4c0f7481c01c40ec6,359,Cc1ccc(Cl)cc1Br,unlabeled
769539383,30,bb159f5b8695e842d4ff,360,Cc1ccc(Cl)cc1Br,unlabeled
769539383,30,ce70dba7026ce0b64f62,361,Cc1ccc(Cl)cc1Br,unlabeled
769539383,30,a5ea3136b642f8a49607,362,N#Cc1ccccc1Br,unlabeled
769539383,30,8671b386166171ebd7f7,363,N#Cc1ccccc1Br,unlabeled
769539383,30,d344b363b8c01e73a6fa,364,N#Cc1ccccc1Br,unlabeled
769539383,30,70e13ddfe9e6cc9b0f56,365,N#Cc1ccccc1Br,unlabeled
769539383,30,35046c5ff35d8c8617bb,366,N#Cc1ccccc1Br,unlabeled
769539383,30,848f6c84b4d5fc44c3c2,367,N#Cc1ccccc1Br,unlabeled
769539383,30,0974fc9cbeb3820c4065,368,Cc1ccc(C=O)c(C)c1,unlabeled
769539383,30,bc486e940c369b85ce28,369,Cc1ccc(C=O)c(C)c1,unlabeled
769539383,30,9a29b268530b7a3321a0,370,Cc1ccc(C=O)c(C)c1,test
769539383,30,51394d9af7adc7eff816,371,Cc1ccc(C=O)c(C)c1,unlabeled
769539383,30,5cbed870fef2de105046,372,Cc1ccc(C=O)c(C)c1,test
769539383,30,dbb854b36df7ed31d95f,373,Cc1ccc(C=O)c(C)c1,unlabeled
769539383,30,0c0f89307cc4aff87ab6,374,Cc1ccc(C=O)c(C)c1,unlabeled
769539383,30,a5d9706079ccfee3bdf4,375,COCCOC(=O)CC(C)=O,gradient_train
769539383,30,bacef06b4d4d7374a4e4,376,COCCOC(=O)CC(C)=O,unlabeled
769539383,30,74097878150c8a5a8d79,377,COCCOC(=O)CC(C)=O,unlabeled
769539383,30,47404d0982a587f0393e,378,COCCOC(=O)CC(C)=O,unlabeled
769539383,30,fb80794857ddc46e142c,379,CC(=O)c1ccc2c(c1)OCO2,test
769539383,30,6f34563b6236c57b9c60,380,CC(=O)c1ccc2c(c1)OCO2,unlabeled
769539383,30,147b560e4c606680c7b2,381,CC(=O)c1ccc2c(c1)OCO2,unlabeled
769539383,30,7396668aaa8d372aa464,382,CC(=O)c1ccc2c(c1)OCO2,unlabeled
769539383,30,78b04c44dfa852f4e621,383,CC(=O)c1ccc2c(c1)OCO2,unlabeled
769539383,30,f191e08b3e95928a5423,384,CC(=O)c1ccc2c(c1)OCO2,unlabeled
769539383,30,f5634113e0822bda1c03,385,CC(=O)c1ccc2c(c1)OCO2,unlabeled
769539383,30,45264f1c88b241fb888c,386,CC(=O)c1c(C)cc(C)cc1C,unlabeled
769539383,30,7b0fa77cbbcbd8e7c87a,387,CC(=O)c1c(C)cc(C)cc1C,unlabeled
769539383,30,c514f60c28973fc116c5,388,CC(=O)c1c(C)cc(C)cc1C,test
769539383,30,b63d546347919cb66716,389,CC(=O)c1c(C)cc(C)cc1C,unlabeled
769539383,30,823c667f35cddfcbc346,390,CC(=O)c1c(C)cc(C)cc1C,unlabeled
769539383,30,d2955aa36bd2b103c981,391,CC(=O)c1c(C)cc(C)cc1C,unlabeled
769539383,30,4ce730c9ad4e20a0386e,392,CC(=O)c1c(C)cc(C)cc1C,unlabeled
769539383,30,f3531a1565c8159ac5e2,393,CC(=O)c1ccc(C)cc1C,unlabeled
769539383,30,c359fd726e50e2123f43,394,CC(=O)c1ccc(C)cc1C,unlabeled
769539383,30,a9a623a9853c6b493ce4,395,CC(=O)c1ccc(C)cc1C,unlabeled
769539383,30,784ca4af1517dac8cd11,396,CC(=O)c1ccc(C)cc1C,unlabeled
769539383,30,4c36e8e7d179b4bfa11a,397,CC(=O)c1ccc(C)cc1C,unlabeled
769539383,30,77fe8c752e01feedccfa,398,CC(=O)c1ccc(C)cc1C,unlabeled
769539383,30,0a1949b42050f41b0db4,399,CC(=O)c1ccc(C)cc1C,unlabeled
769539383,30,118d66c0e53f510c51ed,400,CC(=O)c1ccc2c(c1)Cc1ccccc1-2,unlabeled
769539383,30,38aa81d53a6b39e9d8ef,401,CC(=O)c1ccc2c(c1)Cc1ccccc1-2,gradient_train
769539383,30,c780d2f5194817087e07,402,CC(=O)c1ccc2c(c1)Cc1ccccc1-2,unlabeled
769539383,30,546046afb5114d631360,403,CC(=O)c1ccc2c(c1)Cc1ccccc1-2,unlabeled
769539383,30,dc9f747c03c55d77bf72,404,BrC(=C(c1ccccc1)c1ccccc1)c1ccccc1,unlabeled
769539383,30,d29c00125d1c5dc55586,405,BrC(=C(c1ccccc1)c1ccccc1)c1ccccc1,unlabeled
769539383,30,509e53644c411798f5b0,406,BrC(=C(c1ccccc1)c1ccccc1)c1ccccc1,unlabeled
769539383,30,5ac5df671efee45d3ddf,407,BrC(=C(c1ccccc1)c1ccccc1)c1ccccc1,unlabeled
769539383,30,1e8c03a5d84f08329475,408,BrC(=C(c1ccccc1)c1ccccc1)c1ccccc1,unlabeled
769539383,30,a7f9a08159d001c30f67,409,BrC(=C(c1ccccc1)c1ccccc1)c1ccccc1,unlabeled
769539383,30,97feb43dae8371e80d3b,410,BrC(=C(c1ccccc1)c1ccccc1)c1ccccc1,unlabeled
769539383,30,2f612d3ec5e270672ad1,411,C/C(=N\O)c1ccccc1,unlabeled
769539383,30,b089551184e4d70e386d,412,C/C(=N\O)c1ccccc1,unlabeled
769539383,30,95f7b6c8f44b25feade0,413,C/C(=N\O)c1ccccc1,test
769539383,30,b0f39affa1970d2700b7,414,C/C(=N\O)c1ccccc1,test
769539383,30,af2973fb82b6d79d8c5e,415,C/C(=N\O)c1ccccc1,unlabeled
769539383,30,3545611fd9950a160288,416,C/C(=N\O)c1ccccc1,unlabeled
769539383,30,786c4179676f46638e4a,417,O=C(c1ccccc1)c1ccc(Cl)cc1,unlabeled
769539383,30,937105af8867732c56ec,418,O=C(c1ccccc1)c1ccc(Cl)cc1,unlabeled
769539383,30,711f210d4869259d0651,419,O=C(c1ccccc1)c1ccc(Cl)cc1,unlabeled
769539383,30,26bb8ff67b7738527484,420,O=C(c1ccccc1)c1ccc(Cl)cc1,gradient_train
769539383,30,6624c43f78e6697c8ac9,421,O=C(c1ccccc1)c1ccc(Cl)cc1,unlabeled
769539383,30,f9b97e958092bd5cb81a,422,O=C(c1ccccc1)c1ccc(Cl)cc1,gradient_train
769539383,30,2d53109003f718b780fa,423,Cc1ccc(C(=O)c2ccccc2)cc1C,unlabeled
769539383,30,b9b624baffe611c30836,424,Cc1ccc(C(=O)c2ccccc2)cc1C,unlabeled
769539383,30,f8a590eaa91d155f61da,425,Cc1ccc(C(=O)c2ccccc2)cc1C,unlabeled
769539383,30,2fcaa537474ba2ae579f,426,Cc1ccc(C(=O)c2ccccc2)cc1C,test
769539383,30,d914e4c833f2df567cac,427,Cc1ccc(C(=O)c2ccccc2)cc1C,gradient_train
769539383,30,5048acae682925888d12,428,Cc1ccc(C(=O)c2ccccc2)cc1C,unlabeled
769539383,30,41927f703a0632f098fb,429,CC(=O)CC(=O)c1ccccc1,unlabeled
769539383,30,760d0bf0ec31747d3969,430,CC(=O)CC(=O)c1ccccc1,unlabeled
769539383,30,d71aab82a8179d05294a,431,CC(=O)CC(=O)c1ccccc1,unlabeled
769539383,30,25ffb25df5bec65a633b,432,CC(=O)CC(=O)c1ccccc1,unlabeled
769539383,30,92d69b1849c34b7f1a80,433,CCOC(=O)C(Cc1ccccc1)C(C)=O,test
769539383,30,a289439d96e27bec7cbc,434,CCOC(=O)C(Cc1ccccc1)C(C)=O,unlabeled
769539383,30,4707a180fe4230c208ff,435,CCOC(=O)C(Cc1ccccc1)C(C)=O,unlabeled
769539383,30,41921840a5681261ba98,436,CCOC(=O)C(Cc1ccccc1)C(C)=O,unlabeled
769539383,30,b5080cde4f493a415fc5,437,CCOC(=O)C(Cc1ccccc1)C(C)=O,validation
769539383,30,1bbec08f4838f06da0fb,438,CCOC(=O)C(Cc1ccccc1)C(C)=O,unlabeled
769539383,30,bd0519702a5756bc3c94,439,CCOC(=O)C(Cc1ccccc1)C(C)=O,unlabeled
769539383,30,b7fa3dd8e6040788ae14,440,CCOC(=O)c1cccnc1,unlabeled
769539383,30,2deca509a22158d15375,441,CCOC(=O)c1cccnc1,unlabeled
769539383,30,b48dea92ecfc07816494,442,CCOC(=O)c1cccnc1,unlabeled
769539383,30,82fa7e7b3bd183853280,443,CCOC(=O)c1cccnc1,test
769539383,30,7ba2cf5e6ca289d9810f,444,CCOC(=O)c1cccnc1,unlabeled
769539383,30,7dec4c1259ce3660b729,445,COc1ccc(OC)c(Br)c1,gradient_train
769539383,30,768064b2e2a953d147d0,446,COc1ccc(OC)c(Br)c1,unlabeled
769539383,30,212154e56fe15a3333a2,447,COc1ccc(OC)c(Br)c1,unlabeled
769539383,30,c56a92db4ce7de66bee1,448,COc1ccc(OC)c(Br)c1,unlabeled
769539383,30,48b99ebef2fd7718f678,449,COc1ccc(OC)c(Br)c1,unlabeled
769539383,30,6da48b9dd6e1ed7e26fd,450,COc1ccc(OC)c(Br)c1,unlabeled
769539383,30,a2eeeea4e6525c9d22d4,451,COc1ccc(OC)c(Br)c1,unlabeled
769539383,30,1e0e33b1a77df72f4dd8,452,OCc1cccc(Br)c1,test
769539383,30,371711577127c07527e3,453,OCc1cccc(Br)c1,validation
769539383,30,78d4810a82f060b5cf49,454,OCc1cccc(Br)c1,validation
769539383,30,1c04f02c0ea8c00b358d,455,OCc1cccc(Br)c1,unlabeled
769539383,30,4bc0dc84991def63aa1b,456,O=C1CCCc2ccccc21,unlabeled
769539383,30,2433f7a3f7959e1d1b74,457,O=C1CCCc2ccccc21,unlabeled
769539383,30,944f0a85ec8978a60444,458,O=C1CCCc2ccccc21,unlabeled
769539383,30,8afc083342d1c2e7f78a,459,O=C1CCCc2ccccc21,unlabeled
769539383,30,c35ed383b2db14b3bc06,460,O=C1CCCc2ccccc21,unlabeled
769539383,30,d7c72c92165e2c129547,461,O=C1CCCc2ccccc21,unlabeled
769539383,30,e375bb01e53e46f8faee,462,O=C1CCCc2ccccc21,unlabeled
769539383,30,fdc873b5607287090ff3,463,CSc1ccc(C=O)cc1,unlabeled
769539383,30,80b4e33a8434ac29ed52,464,CSc1ccc(C=O)cc1,test
769539383,30,ee60c3ffc43a4c2c965e,465,CSc1ccc(C=O)cc1,unlabeled
769539383,30,95f10fffb85ea1b1f47a,466,CSc1ccc(C=O)cc1,unlabeled
769539383,30,793d8259fd7820530cfe,467,Cc1ccccc1C=O,unlabeled
769539383,30,13fb1511fffef8fc96e0,468,Cc1ccccc1C=O,unlabeled
769539383,30,532a47d1b45e54d6326b,469,Cc1ccccc1C=O,unlabeled
769539383,30,dcd70c2b5039c4268d56,470,Cc1ccccc1C=O,unlabeled
769539383,30,22d860e7f246ca4272a4,471,Cc1ccccc1C=O,unlabeled
769539383,30,f21df276243d861dc2b2,472,Cc1ccccc1C=O,unlabeled
769539383,30,08820514e662ce6ea8f0,473,Cc1ccccc1C=O,unlabeled
769539383,30,d60e09bca01342c7cfa6,474,O=Cc1ccc(Br)cc1O,unlabeled
769539383,30,9dda290379fb047fc74d,475,O=Cc1ccc(Br)cc1O,unlabeled
769539383,30,4a58b799c494875f6f27,476,O=Cc1ccc(Br)cc1O,validation
769539383,30,98a1ca00445d60f415d4,477,O=Cc1ccc(Br)cc1O,test
769539383,30,ddecd252bb1099fb20f7,478,O=Cc1ccc(Br)cc1O,test
769539383,30,226ebdbf914ce9333de8,479,O=Cc1ccc(Br)cc1O,unlabeled
769539383,30,99dd4a9a47de5c84b7c0,480,O=Cc1ccc(Br)cc1O,unlabeled
769539383,30,ecc7e2759499addc038f,481,CC(=O)c1ccc(Br)cc1,unlabeled
769539383,30,66c1ee6eed3d1587de50,482,CC(=O)c1ccc(Br)cc1,unlabeled
769539383,30,a26a131344d4dbd9645b,483,CC(=O)c1ccc(Br)cc1,unlabeled
769539383,30,f0edd899ac987a1de9dd,484,CC(=O)c1ccc(Br)cc1,test
769539383,30,0e13b08b0f9c772699e1,485,CC(=O)c1ccc(Br)cc1,unlabeled
769539383,30,1254297404cc9db52ee2,486,CC(=O)c1ccc(Br)cc1,unlabeled
769539383,30,bc8e1d805b36b63cbfbe,487,CC(=O)c1ccc(Br)cc1,test
769539383,30,cd998cddd3dcb4fc8c92,488,O=C(Cc1ccccc1)c1ccccc1,unlabeled
769539383,30,12e11e8eaee71fc57209,489,O=C(Cc1ccccc1)c1ccccc1,unlabeled
769539383,30,054457c7699aabd6c619,490,O=C(Cc1ccccc1)c1ccccc1,unlabeled
769539383,30,893e4c91da1b0b2f7d3e,491,O=C(Cc1ccccc1)c1ccccc1,unlabeled
769539383,30,18e8a9c1ea6aa15c0d01,492,O=C(Cc1ccccc1)c1ccccc1,unlabeled
769539383,30,bc582f1f4f4225f6d249,493,O=C(Cc1ccccc1)c1ccccc1,unlabeled
769539383,30,d92ef85db0d1c0979197,494,O=C(Cc1ccccc1)c1ccccc1,unlabeled
769539383,30,ddc0b27538aa926cbb6e,495,O=Cc1ccc(-c2ccccc2)cc1,unlabeled
769539383,30,6dcfe9b1e0958f22523b,496,O=Cc1ccc(-c2ccccc2)cc1,unlabeled
769539383,30,3cdf1bcd3739e20f72d2,497,O=Cc1ccc(-c2ccccc2)cc1,unlabeled
769539383,30,a8e4c6001ce3245c634b,498,O=Cc1ccc(-c2ccccc2)cc1,unlabeled
769539383,30,24b540d7814b4d9c5183,499,O=Cc1ccc(-c2ccccc2)cc1,unlabeled
769539383,30,b0cadf050313e9a3a162,500,O=Cc1ccc(-c2ccccc2)cc1,unlabeled
769539383,30,8837a8a19c37b63d2e48,501,O=Cc1ccc(-c2ccccc2)cc1,unlabeled
769539383,30,23a832560d234735d954,502,O=Cc1ccc2ccccc2c1Br,unlabeled
769539383,30,90777be8090491479de1,503,O=Cc1ccc2ccccc2c1Br,unlabeled
769539383,30,926a7862066269f98d62,504,O=Cc1ccc2ccccc2c1Br,unlabeled
769539383,30,2c51476c6fa3121c5dfc,505,O=Cc1ccc2ccccc2c1Br,unlabeled
769539383,30,5a9449a7562d442b8669,506,O=Cc1ccc2ccccc2c1Br,unlabeled
769539383,30,2cbca950d64fdcd81660,507,O=Cc1ccc2ccccc2c1Br,unlabeled
769539383,30,fb1fdaa4bc60434648f7,508,O=Cc1ccc2ccccc2c1Br,unlabeled
769539383,30,9e46dbe8a460d3f96a27,509,O=C(/C=C/c1ccccc1)c1ccccc1,gradient_train
769539383,30,31e75b850983502aa64f,510,O=C(/C=C/c1ccccc1)c1ccccc1,unlabeled
769539383,30,b566ed83f272904657ba,511,O=C(/C=C/c1ccccc1)c1ccccc1,unlabeled
769539383,30,c2be1e8f7c2c080f49f5,512,O=C(/C=C/c1ccccc1)c1ccccc1,unlabeled
769539383,30,fde2d968ab29d13d4f1d,513,O=C(/C=C/c1ccccc1)c1ccccc1,unlabeled
769539383,30,240da69c823911ff5ccc,514,O=C(/C=C/c1ccccc1)c1ccccc1,unlabeled
769539383,30,b2b26956a788c2a8c7e9,515,O=C(/C=C/c1ccccc1)c1ccccc1,test
769539383,30,f3b80f5fe97d26fd8383,516,O=C(/C=C/c1ccccc1)/C=C/c1ccccc1,unlabeled
769539383,30,d60f7e6b21ea96567843,517,O=C(/C=C/c1ccccc1)/C=C/c1ccccc1,unlabeled
769539383,30,bb61793cbbbe2bfa4e12,518,O=C(/C=C/c1ccccc1)/C=C/c1ccccc1,unlabeled
769539383,30,d078d930aa37448ec4aa,519,O=C(/C=C/c1ccccc1)/C=C/c1ccccc1,unlabeled
769539383,30,8cd132f293d2823adc8d,520,O=C(/C=C/c1ccccc1)/C=C/c1ccccc1,unlabeled
769539383,30,88f58ab7b7cf02f8f134,521,O=C(/C=C/c1ccccc1)/C=C/c1ccccc1,unlabeled
769539383,30,17bdb259a18419ca296f,522,O=C(/C=C/c1ccccc1)/C=C/c1ccccc1,unlabeled
769539383,30,77c599d272254892b6ec,523,CC1CCC(=O)c2ccccc21,unlabeled
769539383,30,b393af61f6769ceccbc0,524,CC1CCC(=O)c2ccccc21,unlabeled
769539383,30,49668be051b44a819f00,525,CC1CCC(=O)c2ccccc21,unlabeled
769539383,30,ffa86b2ffa5ac89b0720,526,CC1CCC(=O)c2ccccc21,unlabeled
769539383,30,43aa4f12be94a8a96b35,527,CC1CCC(=O)c2ccccc21,unlabeled
769539383,30,c09fbafa246c8d17b677,528,CC1CCC(=O)c2ccccc21,unlabeled
769539383,30,f38afd5febe30c01c852,529,CC1CCC(=O)c2ccccc21,unlabeled
769539383,30,490ab56dde175e9b97f5,530,O=C(Cc1ccccc1F)C1CC1,unlabeled
769539383,30,3156893d5d2368c286a5,531,O=C(Cc1ccccc1F)C1CC1,unlabeled
769539383,30,5ca73775e77c8e07812b,532,O=C(Cc1ccccc1F)C1CC1,unlabeled
769539383,30,e90e636dced92c2b53d7,533,O=C(Cc1ccccc1F)C1CC1,unlabeled
769539383,30,21e4905ef98fba65035a,534,O=C(Cc1ccccc1F)C1CC1,unlabeled
769539383,30,2eda4e5a40a9021016cb,535,O=C(Cc1ccccc1F)C1CC1,test
769539383,30,9c357cc9e9b8199eb1e0,536,O=C(Cc1ccccc1F)C1CC1,test
769539383,30,51091e7a7f83732eaf1b,537,CCC(=O)c1cccc(Br)c1,unlabeled
769539383,30,71577790a52cb379d81f,538,CCC(=O)c1cccc(Br)c1,unlabeled
769539383,30,e3b2ac778da2b86aa873,539,CCC(=O)c1cccc(Br)c1,test
769539383,30,1046fdfaf24728b107ba,540,CCC(=O)c1cccc(Br)c1,unlabeled
769539383,30,2e10d8b186d86053260f,541,CCC(=O)c1cccc(Br)c1,unlabeled
769539383,30,5111664a952a4ab7d54e,542,CCC(=O)c1cccc(Br)c1,unlabeled
769539383,30,ffcab07e0d31056e0d4a,543,CCC(=O)c1cccc(Br)c1,unlabeled
769539383,30,b6bb9be5584029502820,544,COCCCCC(=O)c1ccc(C(F)(F)F)cc1,unlabeled
769539383,30,60a000cb56517513c4d2,545,COCCCCC(=O)c1ccc(C(F)(F)F)cc1,unlabeled
769539383,30,677c30b5727454c7a81e,546,COCCCCC(=O)c1ccc(C(F)(F)F)cc1,unlabeled
769539383,30,94bc1858c275dcb3d476,547,COCCCCC(=O)c1ccc(C(F)(F)F)cc1,unlabeled
769539383,30,06c29062334b43b0d12f,548,COCCCCC(=O)c1ccc(C(F)(F)F)cc1,unlabeled
769539383,30,80e66bd0e8e9450537bb,549,COCCCCC(=O)c1ccc(C(F)(F)F)cc1,unlabeled
769539383,30,b82c7c8060589ec1974b,550,CCCC(=O)c1ccc(-c2ccccc2)cc1,unlabeled
769539383,30,57e291b74a249c9dd3ff,551,CCCC(=O)c1ccc(-c2ccccc2)cc1,unlabeled
769539383,30,7d6bcd84e5a6861fc8fc,552,CCCC(=O)c1ccc(-c2ccccc2)cc1,unlabeled
769539383,30,2d37adf0d65a19bc2c0c,553,CCCC(=O)c1ccc(-c2ccccc2)cc1,unlabeled
769539383,30,3c892a45de6ec4625f37,554,CCCC(=O)c1ccc(-c2ccccc2)cc1,unlabeled
769539383,30,e2c826d98b2bbeb6f48b,555,CCCC(=O)c1ccc(-c2ccccc2)cc1,unlabeled
769539383,30,ce61c0bd799e65402b75,556,CCCC(=O)c1ccc(-c2ccccc2)cc1,unlabeled
769539383,30,0f05b5ba6eb528d54b4b,557,O=C(c1ccccc1)c1cccc(C(=O)c2ccccc2)c1,test
769539383,30,c4412adf038c7f6ea3c2,558,O=C(c1ccccc1)c1cccc(C(=O)c2ccccc2)c1,unlabeled
769539383,30,182fc7fe888dbb9535bb,559,O=C(c1ccccc1)c1cccc(C(=O)c2ccccc2)c1,unlabeled
769539383,30,8abf9c0719e2d67a22f9,560,O=C(c1ccccc1)c1cccc(C(=O)c2ccccc2)c1,unlabeled
769539383,30,b8a4c06710d95c33cfe1,561,O=C(c1ccccc1)c1cccc(C(=O)c2ccccc2)c1,unlabeled
769539383,30,7e451fd74af5bfa51ac9,562,O=C(c1ccccc1)c1cccc(C(=O)c2ccccc2)c1,unlabeled
769539383,30,07e9bc7a9d27fdd58c2f,563,O=C(c1ccccc1)c1cccc(C(=O)c2ccccc2)c1,unlabeled
769539383,30,2f828b7aa8c3e93352da,564,CCC(=O)c1cccnc1,test
769539383,30,4365d2fb106c18823aac,565,CCC(=O)c1cccnc1,test
769539383,30,4c6a8ef1c87748df99f2,566,CCC(=O)c1cccnc1,unlabeled
769539383,30,aca0ef1613a0a07a0431,567,O=C(CCCCl)c1ccc(F)cc1,unlabeled
769539383,30,f98f5943ca73a5b809a1,568,O=C(CCCCl)c1ccc(F)cc1,unlabeled
769539383,30,405638494c5a95206866,569,O=C(CCCCl)c1ccc(F)cc1,unlabeled
769539383,30,76e188b0e48b99f36582,570,O=C(CCCCl)c1ccc(F)cc1,unlabeled
769539383,30,26aa0143305ac532a560,571,O=C(CCCCl)c1ccc(F)cc1,unlabeled
769539383,30,283be89c092cfa4a5cbb,572,O=C(CCCCl)c1ccc(F)cc1,unlabeled
769539383,30,0ffc20c3f979502b8a09,573,O=C(CCCCl)c1ccc(F)cc1,unlabeled
769539383,50,bbabdb9085edbb8c178b,0,CC(C)(CCl)c1ccccc1,unlabeled
769539383,50,96dc3dc2ebd074200228,1,CC(C)(CCl)c1ccccc1,unlabeled
769539383,50,6322e8f867a741eed74c,2,CC(C)(CCl)c1ccccc1,unlabeled
769539383,50,c2b0aff65443af0a8618,3,CC(C)(CCl)c1ccccc1,unlabeled
769539383,50,f4b69d88ad1d916ee71a,4,CC(C)(CCl)c1ccccc1,unlabeled
769539383,50,0f3559d035355b0eec80,5,CC(C)(CCl)c1ccccc1,unlabeled
769539383,50,d29a94054067cd60dd70,6,CC(C)(CCl)c1ccccc1,validation
769539383,50,31d92ca6486b229184cf,7,OCCCc1ccccc1,unlabeled
769539383,50,8a84cca322477165b719,8,OCCCc1ccccc1,unlabeled
769539383,50,9cf769277f6b42d15f11,9,OCCCc1ccccc1,unlabeled
769539383,50,7a0a82051f50d5b0c89c,10,OCCCc1ccccc1,unlabeled
769539383,50,c79f29f048bbfd157f98,11,BrCCCc1ccccc1,unlabeled
769539383,50,df0074b49eeb620c0768,12,BrCCCc1ccccc1,unlabeled
769539383,50,f0097bc6b7827ef65922,13,BrCCCc1ccccc1,unlabeled
769539383,50,44348f5c4aea3b41ee9d,14,BrCCCc1ccccc1,unlabeled
769539383,50,482cb91fac7f2a936dca,15,BrCCCc1ccccc1,unlabeled
769539383,50,a5c6210123f05414ffc0,16,BrCCCc1ccccc1,unlabeled
769539383,50,a82e55e1cd19814ea307,17,BrCCCc1ccccc1,gradient_train
769539383,50,6ee3c70647b37dcd5417,18,ClCCCc1ccccc1,unlabeled
769539383,50,2c7e37ef828eb17c78fb,19,ClCCCc1ccccc1,gradient_train
769539383,50,7ab9c351196ad891e172,20,ClCCCc1ccccc1,unlabeled
769539383,50,7062ca665af0f9bba6c9,21,ClCCCc1ccccc1,unlabeled
769539383,50,6644e934f59d8b816b9f,22,ClCCCc1ccccc1,unlabeled
769539383,50,8cc7c76a92a4474d7c6a,23,ClCCCc1ccccc1,unlabeled
769539383,50,c883df6ea04f89f45f03,24,ClCCCc1ccccc1,unlabeled
769539383,50,46ed1e35ca65ace74790,25,COc1ccc(CO)cc1,unlabeled
769539383,50,ec581cec37da9563e756,26,COc1ccc(CO)cc1,unlabeled
769539383,50,c2bd8e8f13a96726e7fc,27,COc1ccc(CO)cc1,unlabeled
769539383,50,f1afcbd393ce4f5a6316,28,COc1ccc(CO)cc1,unlabeled
769539383,50,2909efb29670d8f2286d,29,CCOC(=O)C(C)(C)Br,unlabeled
769539383,50,56b391fdec7a2a622e52,30,CCOC(=O)C(C)(C)Br,unlabeled
769539383,50,8a9485661ac2c4576006,31,CCOC(=O)C(C)(C)Br,gradient_train
769539383,50,7f6d1cdee16de4a37a21,32,CCOC(=O)C(C)(C)Br,unlabeled
769539383,50,fd7bf535ef538434b384,33,CCOC(=O)C(C)(C)Br,unlabeled
769539383,50,651bb6b60c62819a4323,34,CCOC(=O)C(C)(C)Br,unlabeled
769539383,50,2a61203b59218a3cbdc6,35,CCOC(=O)C(C)(C)Br,unlabeled
769539383,50,6d6c0510303dec89b2fe,36,COc1ccc(C=O)cc1,unlabeled
769539383,50,f81dc37125414986a0bb,37,COc1ccc(C=O)cc1,unlabeled
769539383,50,400615278105cebb3ed9,38,COc1ccc(C=O)cc1,test
769539383,50,5d04f6757b59f5c356bb,39,COc1ccc(C=O)cc1,unlabeled
769539383,50,a074620f6970d8f89567,40,COc1ccc(C=O)cc1,unlabeled
769539383,50,454c1ea3beebbec4befe,41,COc1ccc(C=O)cc1,unlabeled
769539383,50,f95928e2618ed15e654f,42,COc1ccc(C=O)cc1,unlabeled
769539383,50,3a02b99399bb0c3e9ff9,43,COC(=O)C#CC(=O)OC,unlabeled
769539383,50,b80a4f9e4b61f534ee9e,44,COC(=O)C#CC(=O)OC,test
769539383,50,2690de155843f45b00a3,45,COC(=O)C#CC(=O)OC,unlabeled
769539383,50,549eb8499df5181b3558,46,COC(=O)C#CC(=O)OC,unlabeled
769539383,50,02c141e2551937d10f4e,47,COC(=O)C#CC(=O)OC,unlabeled
769539383,50,9069807baff6cbfbde75,48,COC(=O)C#CC(=O)OC,unlabeled
769539383,50,1fe1163f7d97c16f3822,49,CC(=O)c1ccccc1,unlabeled
769539383,50,1e86d81fe1995d367fe1,50,CC(=O)c1ccccc1,unlabeled
769539383,50,614e6d0929b0845d454b,51,CC(=O)c1ccccc1,unlabeled
769539383,50,358681452207464d171e,52,CC(=O)c1ccccc1,unlabeled
769539383,50,c00e01085f35d19cd90f,53,CC(=O)c1ccccc1,unlabeled
769539383,50,a542d702abb1fa77a6fc,54,CC(=O)c1ccccc1,test
769539383,50,77577e6f6f0aa6789972,55,CCOC(=O)C(C)Br,unlabeled
769539383,50,298017c801a97653f57d,56,CCOC(=O)C(C)Br,unlabeled
769539383,50,849796401ee485c617a5,57,CCOC(=O)C(C)Br,unlabeled
769539383,50,67cc8304e3e618d7416a,58,CCOC(=O)C(C)Br,unlabeled
769539383,50,c7bc53c45a1962a88ec3,59,CCOC(=O)C(C)Br,unlabeled
769539383,50,76b9db19f45b8222d962,60,CCOC(=O)C(C)Br,unlabeled
769539383,50,0279fb0f7dba4b54a816,61,CCOC(=O)CC(=O)c1ccccc1,unlabeled
769539383,50,ca203ccf20ce8e74d86d,62,CCOC(=O)CC(=O)c1ccccc1,test
769539383,50,029d48fc98a886c9fec4,63,CCOC(=O)CC(=O)c1ccccc1,unlabeled
769539383,50,1e578360bd7749f6b397,64,CCOC(=O)CC(=O)c1ccccc1,test
769539383,50,05c14d26f4aa6f7c48b0,65,CCOC(=O)CC(=O)c1ccccc1,unlabeled
769539383,50,53d046afde1259a727f9,66,CCOC(=O)CC(=O)c1ccccc1,unlabeled
769539383,50,35ba50ab027f5f170aba,67,CCOC(=O)CC(=O)c1ccccc1,unlabeled
769539383,50,130d76d2d46a287c5dea,68,CC(=O)c1ccccc1C,gradient_train
769539383,50,3ef4b1ab56fe40940b42,69,CC(=O)c1ccccc1C,unlabeled
769539383,50,a340148c4096f80cc125,70,CC(=O)c1ccccc1C,unlabeled
769539383,50,57af4b867d9cd419ebb9,71,CC(=O)c1ccccc1C,unlabeled
769539383,50,ff8745125a0eeb17c1e5,72,CC(=O)c1ccccc1C,gradient_train
769539383,50,41a468134f078d2de17d,73,CC(=O)c1ccccc1C,unlabeled
769539383,50,b4899d5d03e44fbf885c,74,CC(=O)c1ccccc1C,unlabeled
769539383,50,bd93eaa60288fd0d5e89,75,CC(=O)c1ccc(C)cc1,gradient_train
769539383,50,2797757b00a9f254ef2e,76,CC(=O)c1ccc(C)cc1,unlabeled
769539383,50,fad37552a4a2eae19961,77,CC(=O)c1ccc(C)cc1,unlabeled
769539383,50,6936556d392803de12ed,78,CC(=O)c1ccc(C)cc1,unlabeled
769539383,50,fd3f8b6ec11d13a8412d,79,CC(=O)c1ccc(C)cc1,unlabeled
769539383,50,b71b23379d73c3637a76,80,CC(=O)c1ccc(C)cc1,unlabeled
769539383,50,2a9d111386ac232bbf79,81,CC(=O)c1ccc(C)cc1,unlabeled
769539383,50,ca00dd1990fd356443cb,82,COC(=O)c1ccccc1O,unlabeled
769539383,50,924106530353757625ba,83,COC(=O)c1ccccc1O,unlabeled
769539383,50,f0d3ae15346c6cb6928d,84,COC(=O)c1ccccc1O,unlabeled
769539383,50,0b6fe9b9da26ddc80e99,85,COC(=O)c1ccccc1O,unlabeled
769539383,50,a9a4b1ef530ce6f46a1c,86,COC(=O)c1ccccc1O,unlabeled
769539383,50,f0245d145e2758fc9ff8,87,COC(=O)c1ccccc1O,unlabeled
769539383,50,f33380e15f0fd8b62027,88,COC(=O)c1ccccc1O,gradient_train
769539383,50,1773be1aaa4102ae19f0,89,CC(=O)CC(=O)OC(C)(C)C,unlabeled
769539383,50,1895e2147dd146c4e564,90,CC(=O)CC(=O)OC(C)(C)C,unlabeled
769539383,50,e7c8cd496e2795b23cb3,91,CC(=O)CC(=O)OC(C)(C)C,unlabeled
769539383,50,60f64adee75a0999c5d5,92,CC(=O)CC(=O)OC(C)(C)C,unlabeled
769539383,50,851993fe56d61c8bf074,93,CC(=O)CC(=O)OC(C)(C)C,test
769539383,50,4e6d2ab0e823ac1d4b58,94,CC(=O)CC(=O)OC(C)(C)C,unlabeled
769539383,50,452aebfcddc0b031c20d,95,CCOC(=O)Cc1ccccc1,unlabeled
769539383,50,a67ee30ac22b3511e0af,96,CCOC(=O)Cc1ccccc1,unlabeled
769539383,50,4c52102f0b5a693d59bc,97,CCOC(=O)Cc1ccccc1,unlabeled
769539383,50,f21e8077ac7b6ec1d038,98,CCOC(=O)Cc1ccccc1,unlabeled
769539383,50,982611df66af1cf7c2f5,99,CCOC(=O)Cc1ccccc1,unlabeled
769539383,50,d9e344f199dc9a567b5f,100,CCOC(=O)Cc1ccccc1,unlabeled
769539383,50,74706f7e5d10b9245796,101,CCOC(=O)Cc1ccccc1,unlabeled
769539383,50,f5d7ae6c2608335325ff,102,COC(=O)c1ccccc1N,unlabeled
769539383,50,f66e095007d9d0923ce2,103,COC(=O)c1ccccc1N,unlabeled
769539383,50,c9a57e8accca7da9758b,104,COC(=O)c1ccccc1N,test
769539383,50,f7b1b9737459397f9ace,105,COC(=O)c1ccccc1N,unlabeled
769539383,50,68feec66f657364ebeaa,106,COC(=O)c1ccccc1N,unlabeled
769539383,50,96ccc1b8240fc2e9c1f3,107,COC(=O)c1ccccc1N,unlabeled
769539383,50,16eec4a03ec235274042,108,CCOC(=O)/C=C/c1ccccc1,unlabeled
769539383,50,92e4f80b3943134ebe86,109,CCOC(=O)/C=C/c1ccccc1,unlabeled
769539383,50,e15e8a4f329d3a08aff9,110,CCOC(=O)/C=C/c1ccccc1,gradient_train
769539383,50,6cec450baf7517436df6,111,CCOC(=O)/C=C/c1ccccc1,unlabeled
769539383,50,48b79e49508df9f5fd6d,112,CCOC(=O)/C=C/c1ccccc1,unlabeled
769539383,50,404dc3e2801a9a9d52aa,113,CCOC(=O)/C=C/c1ccccc1,unlabeled
769539383,50,c72867f0f2e38c70aa8c,114,CCOC(=O)/C=C/c1ccccc1,unlabeled
769539383,50,d9d3d24a75ff511e108a,115,COC(=O)c1ccc(C(C)(C)C)cc1,unlabeled
769539383,50,f40ca479a9e86b5d5458,116,COC(=O)c1ccc(C(C)(C)C)cc1,unlabeled
769539383,50,b7770c04c72527e1d9f6,117,COC(=O)c1ccc(C(C)(C)C)cc1,unlabeled
769539383,50,a433dc0f6a13e9ace41d,118,COC(=O)c1ccc(C(C)(C)C)cc1,test
769539383,50,e399250d7156727de0fd,119,COC(=O)c1ccc(C(C)(C)C)cc1,gradient_train
769539383,50,3122a2210bde68deb81e,120,COC(=O)c1ccc(C(C)(C)C)cc1,unlabeled
769539383,50,c9460286f85a5ec0f4fc,121,COC(=O)c1ccc(C(C)(C)C)cc1,unlabeled
769539383,50,13b0b7952199157a8399,122,CCOC(=O)/C=C(/C)N,unlabeled
769539383,50,759d5133ee82740013bf,123,CCOC(=O)/C=C(/C)N,test
769539383,50,c9bf385316b464cd2e8d,124,CCOC(=O)/C=C(/C)N,unlabeled
769539383,50,f248b9b89d62a22b03c3,125,CCOC(=O)/C=C(/C)N,test
769539383,50,10d51839b15b94f0ae56,126,CCOC(=O)/C=C(/C)N,test
769539383,50,e66b24ec1e4dfa9a9a57,127,CCOC(=O)/C=C(/C)N,unlabeled
769539383,50,506597d02ff322a77a8d,128,CCOC(=O)/C=C(/C)N,unlabeled
769539383,50,d2951bd3bb1608688f0d,129,CCOC(=O)/C=C(/C)N,validation
769539383,50,7d3c6ef279245ca08a2f,130,CCOC(=O)/C=C(/C)N,unlabeled
769539383,50,e6886d2fb3090517172b,131,CCOC(=O)/C=C(/C)N,unlabeled
769539383,50,d31d42caff135d7154c4,132,CCOC(=O)/C=C(/C)N,gradient_train
769539383,50,3d7aa38258001eb6ba67,133,CC(C)COC(=O)c1ccccc1,unlabeled
769539383,50,b3409bbbf3b06d73afca,134,CC(C)COC(=O)c1ccccc1,unlabeled
769539383,50,5ce75d3f6df6d318cb8a,135,CC(C)COC(=O)c1ccccc1,unlabeled
769539383,50,28f4ab2563d03e831cf0,136,CC(C)COC(=O)c1ccccc1,unlabeled
769539383,50,b95bbdf393e00f41a6df,137,CC(C)COC(=O)c1ccccc1,unlabeled
769539383,50,1e73138aa057a5e2b67f,138,CC(C)COC(=O)c1ccccc1,gradient_train
769539383,50,1319bf7018ee9b9a5b9f,139,CCOC(=O)c1ccccc1,unlabeled
769539383,50,99398d649f02f80651f1,140,CCOC(=O)c1ccccc1,unlabeled
769539383,50,240787bdbf2abc17e093,141,CCOC(=O)c1ccccc1,unlabeled
769539383,50,4afc7ef2732850bea176,142,CCOC(=O)c1ccccc1,unlabeled
769539383,50,181f6c7852b17df8f194,143,CCOC(=O)c1ccccc1,unlabeled
769539383,50,474238f822b0c38795c6,144,CCOC(=O)c1ccccc1,unlabeled
769539383,50,5eb80e21463443b22d14,145,CCOC(=O)c1ccccc1,unlabeled
769539383,50,f6e991e3dc3a3d3c5d89,146,COc1ccc(CCO)cc1,unlabeled
769539383,50,9991421da8e18008fc91,147,COc1ccc(CCO)cc1,unlabeled
769539383,50,9e93bad2014e7ab1a680,148,COc1ccc(CCO)cc1,test
769539383,50,3d5dc8831f4c74f7b7d1,149,COc1ccc(CCO)cc1,unlabeled
769539383,50,d5a7e1d47a58e1323805,150,Cc1ccc(C(C)C)cc1,gradient_train
769539383,50,5c32bb6f3bbf72dcb37e,151,Cc1ccc(C(C)C)cc1,unlabeled
769539383,50,e545485bf1a51a3ea557,152,Cc1ccc(C(C)C)cc1,unlabeled
769539383,50,8ea9d90b217f4096f42f,153,Cc1ccc(C(C)C)cc1,unlabeled
769539383,50,9ed80c28328fabe87261,154,Cc1ccc(C(C)C)cc1,validation
769539383,50,f1ea027f4cb80b10d15b,155,Cc1ccc(C(C)C)cc1,unlabeled
769539383,50,dcfc9eaebf799d451fdb,156,Cc1ccc(C(C)C)cc1,unlabeled
769539383,50,6c1f19a34a40cbf98728,157,CC(C)(O)CCc1ccccc1,unlabeled
769539383,50,cf45ee02778c0243ad50,158,CC(C)(O)CCc1ccccc1,gradient_train
769539383,50,88581d99a415bf271788,159,CC(C)(O)CCc1ccccc1,unlabeled
769539383,50,8753ab545dd1cf036a3a,160,CC(C)(O)CCc1ccccc1,unlabeled
769539383,50,d59d233a1606de5b6deb,161,CC(C)(O)CCc1ccccc1,unlabeled
769539383,50,964a62fb7d677de0f711,162,CC(C)CCOC(=O)c1ccccc1,unlabeled
769539383,50,f35f8782c107387233ed,163,CC(C)CCOC(=O)c1ccccc1,test
769539383,50,4d602abaaf336ac523e4,164,CC(C)CCOC(=O)c1ccccc1,test
769539383,50,4768b747981033fbdf34,165,CC(C)CCOC(=O)c1ccccc1,unlabeled
769539383,50,3df34ab1c0d58c86999e,166,CC(C)CCOC(=O)c1ccccc1,unlabeled
769539383,50,8b67a1246fe892b6581d,167,CC(C)CCOC(=O)c1ccccc1,unlabeled
769539383,50,2bafcbea1bb66eb60a71,168,CC(C)CCOC(=O)c1ccccc1,unlabeled
769539383,50,2beadb75e05408973f02,169,CCOC(=O)/C=C/c1ccccc1,unlabeled
769539383,50,dd7cae2667a1348a2caf,170,CCOC(=O)/C=C/c1ccccc1,unlabeled
769539383,50,56f1cecfc0c6c3d224be,171,CCOC(=O)/C=C/c1ccccc1,unlabeled
769539383,50,6278b7d64a22dbe3844e,172,CCOC(=O)/C=C/c1ccccc1,unlabeled
769539383,50,a75e421e756083edea35,173,CCOC(=O)/C=C/c1ccccc1,unlabeled
769539383,50,c9f7ab78e90454873661,174,CCOC(=O)/C=C/c1ccccc1,gradient_train
769539383,50,b36d7c12e6d3072467ee,175,CCOC(=O)/C=C/c1ccccc1,unlabeled
769539383,50,5dc7d31c57624ac47575,176,COc1ccc(C)cc1OC,unlabeled
769539383,50,7dea14d96460814919d3,177,COc1ccc(C)cc1OC,unlabeled
769539383,50,83a16763654b3b743265,178,COc1ccc(C)cc1OC,unlabeled
769539383,50,ee96bcc328a38cb12519,179,COc1ccc(C)cc1OC,unlabeled
769539383,50,62763fd48ebc7554402f,180,COc1ccc(C)cc1OC,unlabeled
769539383,50,dd29d0f859e11f70f4ec,181,COc1ccc(C)cc1OC,unlabeled
769539383,50,826e9f40c328ce2478ec,182,COc1ccc(C)cc1OC,unlabeled
769539383,50,2e684264400b651dae88,183,C1=Cc2ccccc2C1,gradient_train
769539383,50,e4f37e6e6def0eec724a,184,C1=Cc2ccccc2C1,unlabeled
769539383,50,fda6d7aa920e5400a222,185,C1=Cc2ccccc2C1,unlabeled
769539383,50,ee0eba88726c692c7f0c,186,C1=Cc2ccccc2C1,test
769539383,50,c438c37de3a60de0e84a,187,C1=Cc2ccccc2C1,unlabeled
769539383,50,f51bc35441c8ba7713b6,188,C1=Cc2ccccc2C1,unlabeled
769539383,50,cb1bb21d54890633943c,189,C1=Cc2ccccc2C1,unlabeled
769539383,50,2e561b136ec088ba3eff,190,Cc1ccc(C)cc1,unlabeled
769539383,50,0d6f66d7971473a2cef9,191,Cc1ccc(C)cc1,test
769539383,50,6950f8ebe95298defec5,192,Cc1ccc(C)cc1,unlabeled
769539383,50,1837a52df085e2fc70d1,193,Cc1ccc(C)cc1,test
769539383,50,8067767b73f132489d46,194,Cc1ccc(C)cc1,unlabeled
769539383,50,bc3f10fed296515e66e5,195,Cc1ccc(C)cc1,unlabeled
769539383,50,369517a8e4fab7d4e0e5,196,Cc1ccc(C)cc1,unlabeled
769539383,50,acc1a540efdb60e4fa76,197,ClCCc1ccccc1,unlabeled
769539383,50,b849b02cc7a096ff6f6a,198,ClCCc1ccccc1,unlabeled
769539383,50,75b105d94d176eec90ba,199,ClCCc1ccccc1,test
769539383,50,4699975b36aa2351be18,200,ClCCc1ccccc1,unlabeled
769539383,50,a2ecd7c05da585c2a35e,201,ClCCc1ccccc1,unlabeled
769539383,50,82843c7e3b9005c1abb0,202,ClCCc1ccccc1,unlabeled
769539383,50,216e9e13c0587f197c0b,203,ClCCc1ccccc1,unlabeled
769539383,50,31162ac7e21c9688cbdc,204,CC(O)c1ccccc1,unlabeled
769539383,50,82ffe9abc3d02f4b970f,205,CC(O)c1ccccc1,unlabeled
769539383,50,35eae227e68fe7434e68,206,CC(O)c1ccccc1,unlabeled
769539383,50,82b6a0a8f122317d79d4,207,CC(O)c1ccccc1,gradient_train
769539383,50,9b28c23ad1d4dda9fe1a,208,CC(O)c1ccccc1,unlabeled
769539383,50,4455212440cbaf6d51e2,209,COc1ccccc1,unlabeled
769539383,50,fcea8574ae051fe11483,210,COc1ccccc1,unlabeled
769539383,50,04d4a16ff682bc7c55c8,211,COc1ccccc1,unlabeled
769539383,50,62ca5eadee5ef28e9aeb,212,COc1ccccc1,unlabeled
769539383,50,42f031acb8211bfbf67f,213,COc1ccccc1,unlabeled
769539383,50,472b8f06caf25ffe6c7a,214,COc1ccccc1,unlabeled
769539383,50,d532e4ccbab971232d40,215,COc1ccccc1,test
769539383,50,bae9f1ce7c04e7ccf16b,216,CCOC(=O)C(Br)C(=O)OCC,unlabeled
769539383,50,fc58ac30a03fcb0ec051,217,CCOC(=O)C(Br)C(=O)OCC,test
769539383,50,c4b569d1149e4ec87b12,218,CCOC(=O)C(Br)C(=O)OCC,gradient_train
769539383,50,53d7fb31d852cbb33059,219,CCOC(=O)C(Br)C(=O)OCC,unlabeled
769539383,50,265addbdd355a85c628d,220,CCOC(=O)C(Br)C(=O)OCC,unlabeled
769539383,50,b07e3b186c5f9a698624,221,CCOC(=O)C(Br)C(=O)OCC,unlabeled
769539383,50,28c4b7ec4bf7f486b68c,222,CCOC(=O)C(Br)C(=O)OCC,gradient_train
769539383,50,c9d7d885160197c7f67c,223,c1ccc(COCc2ccccc2)cc1,unlabeled
769539383,50,e2869f5cf5635b6ae9c1,224,c1ccc(COCc2ccccc2)cc1,unlabeled
769539383,50,49865eda3c0e936157be,225,c1ccc(COCc2ccccc2)cc1,unlabeled
769539383,50,d26cffd9ef4da9800470,226,c1ccc(COCc2ccccc2)cc1,unlabeled
769539383,50,ce9ac115ce41ab41f01d,227,c1ccc(COCc2ccccc2)cc1,gradient_train
769539383,50,b2b5155e06ff9134c6a4,228,c1ccc(COCc2ccccc2)cc1,unlabeled
769539383,50,f1aabb6243aed53011cb,229,c1ccc(COCc2ccccc2)cc1,unlabeled
769539383,50,ebc9c107c2207e99cf79,230,CCOC(=O)CC(C)=O,unlabeled
769539383,50,f373e0ffa24cb51dd13a,231,CCOC(=O)CC(C)=O,unlabeled
769539383,50,bcb35848089ca50a1eef,232,CCOC(=O)CC(C)=O,unlabeled
769539383,50,ef8527c6b63d54b73966,233,CCOC(=O)CC(C)=O,unlabeled
769539383,50,86f385aa0925171d22cc,234,CCOC(=O)CC(C)=O,unlabeled
769539383,50,9c7a6ce4172638d2abc7,235,CCOC(=O)CC(C)=O,unlabeled
769539383,50,982585c1a4e89f10713f,236,O=CCCc1ccccc1,unlabeled
769539383,50,36af0c588eb2e094a55e,237,O=CCCc1ccccc1,unlabeled
769539383,50,afcb9ffea06f12f9e0f5,238,O=CCCc1ccccc1,test
769539383,50,e584c52185ccefd22a26,239,O=CCCc1ccccc1,unlabeled
769539383,50,39e40f336da135e6a7b5,240,O=CCCc1ccccc1,unlabeled
769539383,50,e3c9408f01aa7642870f,241,O=CCCc1ccccc1,unlabeled
769539383,50,155ad3f702726e253c4d,242,O=CCCc1ccccc1,unlabeled
769539383,50,f84aa17604ca7f927b8c,243,C=CC(=O)OCCOc1ccccc1,unlabeled
769539383,50,6b8023df74ccc51e5c76,244,C=CC(=O)OCCOc1ccccc1,unlabeled
769539383,50,b056b793f5b571e6cdee,245,C=CC(=O)OCCOc1ccccc1,unlabeled
769539383,50,934f00061cc32bab10e8,246,C=CC(=O)OCCOc1ccccc1,unlabeled
769539383,50,b983d4c3094d909b570e,247,C=CC(=O)OCCOc1ccccc1,unlabeled
769539383,50,b6f53d16978daf702470,248,C=CC(=O)OCCOc1ccccc1,unlabeled
769539383,50,9563dde5c28fb62e4f7e,249,C=CC(=O)OCCOc1ccccc1,unlabeled
769539383,50,de2563a5f711307823f1,250,C=CC(=O)OC1CCCCC1,test
769539383,50,e2e681b0653ec64f7c14,251,C=CC(=O)OC1CCCCC1,unlabeled
769539383,50,fbf392edaddff6347b58,252,C=CC(=O)OC1CCCCC1,unlabeled
769539383,50,3955ae590ac179d279b6,253,C=CC(=O)OC1CCCCC1,unlabeled
769539383,50,db51f6df02555cb9c264,254,C=CC(=O)OC1CCCCC1,test
769539383,50,2195290d04210cdb253f,255,C=CC(=O)OC1CCCCC1,unlabeled
769539383,50,8063e3de9de70b75def1,256,C=CC(=O)OC1CCCCC1,unlabeled
769539383,50,88771c5c64ed839a4436,257,C=CC(=O)OCc1ccccc1,unlabeled
769539383,50,b5365d56777fde5c4dfc,258,C=CC(=O)OCc1ccccc1,unlabeled
769539383,50,4513e318c9d037303b13,259,C=CC(=O)OCc1ccccc1,unlabeled
769539383,50,efca00a284b2cadc5737,260,C=CC(=O)OCc1ccccc1,unlabeled
769539383,50,b473ef06a415d0f114b0,261,C=CC(=O)OCc1ccccc1,unlabeled
769539383,50,df02863943321996441f,262,C=CC(=O)OCc1ccccc1,unlabeled
769539383,50,194278dd9ee3d2407ed5,263,C=CC(=O)OCc1ccccc1,unlabeled
769539383,50,cc31b914acbab022eb9a,264,COC(=O)C(C)(C)Br,unlabeled
769539383,50,a9eea85ddeee2da33706,265,COC(=O)C(C)(C)Br,unlabeled
769539383,50,640353c89b3ce64ee98b,266,COC(=O)C(C)(C)Br,test
769539383,50,b11bb6293c307f7f7282,267,COC(=O)C(C)(C)Br,test
769539383,50,77b0577e6b0adb649e63,268,COC(=O)C(C)(C)Br,validation
769539383,50,543561ac99bc28db6f2f,269,COC(=O)C(C)(C)Br,unlabeled
769539383,50,056255620b7acc9c630f,270,COC(=O)C(C)(C)Br,unlabeled
769539383,50,7b1589ae321d27608509,271,COC(=O)CS,test
769539383,50,0fee19a828ef997229fd,272,COC(=O)CS,unlabeled
769539383,50,222dede783147d5efa63,273,COC(=O)CS,unlabeled
769539383,50,d9a40ac35b79fbcf214a,274,COC(=O)CS,unlabeled
769539383,50,aaf22f8324aad12a55fa,275,COC(=O)CS,unlabeled
769539383,50,a9bfabe931467745353e,276,COC(=O)CS,unlabeled
769539383,50,be7d68067464e72d0b8d,277,COC(=O)CS,unlabeled
769539383,50,b418a712463f5abf8b81,278,CC(=O)CCCCl,unlabeled
769539383,50,850a69ce73ac04035aa3,279,CC(=O)CCCCl,test
769539383,50,7c4153fe9561da818ae1,280,CC(=O)CCCCl,unlabeled
769539383,50,a67016d937c499be9d64,281,CC(C)=CCBr,test
769539383,50,4559d83db38cc3c39d13,282,CC(C)=CCBr,unlabeled
769539383,50,bf8409f12dae2388c6a0,283,CC(C)=CCBr,unlabeled
769539383,50,832899abb44b8d2246cd,284,CC(C)=CCBr,unlabeled
769539383,50,5729cc87eb48a75655ad,285,CC(C)=CCBr,unlabeled
769539383,50,adb6d48eec0fb576d7fc,286,CC(C)=CCBr,unlabeled
769539383,50,bc789871fe39d967a9e0,287,CC(C)=CCBr,unlabeled
769539383,50,fff65bc451d163b1b106,288,C=CC(=O)OCCCCCCCCCCCC,unlabeled
769539383,50,c761659793c5929e2214,289,C=CC(=O)OCCCCCCCCCCCC,unlabeled
769539383,50,4c7d7c5f8b0c317c5548,290,C=CC(=O)OCCCCCCCCCCCC,unlabeled
769539383,50,a9656ffd805f80fcf143,291,C=CC(=O)OCCCCCCCCCCCC,unlabeled
769539383,50,da10d2f67a989e8b16b5,292,C=CC(=O)OCCCCCCCCCCCC,unlabeled
769539383,50,7ca22b2f4d23a7afb10e,293,C=CC(=O)OCCCCCCCCCCCC,unlabeled
769539383,50,38f57a9d08efd5f070d0,294,C=CC(=O)OCCCCCCCCCCCC,unlabeled
769539383,50,1619a0c8b233772ba0c0,295,C=CC(=O)O[C@@H]1C[C@H]2CC[C@]1(C)C2(C)C,unlabeled
769539383,50,0b9968c1280b5e4f726a,296,C=CC(=O)O[C@@H]1C[C@H]2CC[C@]1(C)C2(C)C,unlabeled
769539383,50,0d5196ceda603b66bd22,297,C=CC(=O)O[C@@H]1C[C@H]2CC[C@]1(C)C2(C)C,test
769539383,50,244e5c6375ff0c923725,298,C=CC(=O)O[C@@H]1C[C@H]2CC[C@]1(C)C2(C)C,unlabeled
769539383,50,4f34bbce67c94a44318a,299,C=CC(=O)O[C@@H]1C[C@H]2CC[C@]1(C)C2(C)C,unlabeled
769539383,50,0f8a39d1c0a7eaf35c75,300,C=CC(=O)O[C@@H]1C[C@H]2CC[C@]1(C)C2(C)C,unlabeled
769539383,50,6de4f7fd8ac19d183348,301,C=CC(=O)O[C@@H]1C[C@H]2CC[C@]1(C)C2(C)C,test
769539383,50,8bac25cfab022a9fb887,302,C=CC(=O)OCC(CC)CCCC,unlabeled
769539383,50,aeef2128392508cc81cc,303,C=CC(=O)OCC(CC)CCCC,test
769539383,50,a2eefb55da4d47a4347b,304,C=CC(=O)OCC(CC)CCCC,unlabeled
769539383,50,3c7f7a7105a5eb39ca89,305,C=CC(=O)OCC(CC)CCCC,test
769539383,50,2bf67acb4c861cf83990,306,C=CC(=O)OCC(CC)CCCC,unlabeled
769539383,50,d67e364fd6830aa2bf6f,307,C=CC(=O)OCC(CC)CCCC,unlabeled
769539383,50,84caf30ea66b29e2ea91,308,C=CC(=O)OCC(CC)CCCC,unlabeled
769539383,50,1bd5bb3744b78ada7307,309,FC(F)(F)c1cc(Br)cc(C(F)(F)F)c1,unlabeled
769539383,50,dd7fdbe3fa3800e6499f,310,FC(F)(F)c1cc(Br)cc(C(F)(F)F)c1,unlabeled
769539383,50,ab84efb31c801e49c87c,311,FC(F)(F)c1cc(Br)cc(C(F)(F)F)c1,unlabeled
769539383,50,69f6dbdc304c0475f868,312,FC(F)(F)c1cc(Br)cc(C(F)(F)F)c1,gradient_train
769539383,50,a43656cab81e1b0fcccf,313,FC(F)(F)c1cc(Br)cc(C(F)(F)F)c1,unlabeled
769539383,50,bcf8bb13e4fca185fe68,314,FC(F)(F)c1cc(Br)cc(C(F)(F)F)c1,unlabeled
769539383,50,fe71f29c800d4ee35138,315,FC(F)(F)c1cc(Br)cc(C(F)(F)F)c1,unlabeled
769539383,50,2416be80d114ff60224d,316,O=Cc1ccc(Cl)cc1Br,unlabeled
769539383,50,9201cead3641f52a1f20,317,O=Cc1ccc(Cl)cc1Br,unlabeled
769539383,50,49276f9b1cc72d41bbfd,318,O=Cc1ccc(Cl)cc1Br,unlabeled
769539383,50,6cb8bbf843e6064ce249,319,O=Cc1ccc(Cl)cc1Br,unlabeled
769539383,50,a6b1d92e3de602f8963c,320,O=Cc1ccc(Cl)cc1Br,test
769539383,50,135ac7deca522d1e7929,321,O=Cc1ccc(Cl)cc1Br,unlabeled
769539383,50,0f3bd8418ab9ba9d1ed2,322,O=Cc1ccc(Cl)cc1Br,unlabeled
769539383,50,6cd5860914563da59932,323,O=Cc1ccc2c(c1)CCO2,unlabeled
769539383,50,5179c3962ada5450dde7,324,O=Cc1ccc2c(c1)CCO2,gradient_train
769539383,50,ad45b4b8aaed2c2b0b33,325,O=Cc1ccc2c(c1)CCO2,unlabeled
769539383,50,6c8de7fb3dbd4f5adabf,326,O=Cc1ccc2c(c1)CCO2,gradient_train
769539383,50,f72724ff299c47641488,327,COc1cc(F)cc(Br)c1,unlabeled
769539383,50,2cde006ff48a36a368d2,328,COc1cc(F)cc(Br)c1,unlabeled
769539383,50,09879f6853acb50e1280,329,COc1cc(F)cc(Br)c1,gradient_train
769539383,50,cd492dbc52d170e5a396,330,COc1cc(F)cc(Br)c1,unlabeled
769539383,50,e1244cc412f81ac11bd3,331,COc1cc(F)cc(Br)c1,unlabeled
769539383,50,69bed1df8dc3cf82927c,332,COc1cc(F)cc(Br)c1,test
769539383,50,adc9f476f8b5d66fa85d,333,COc1cc(F)cc(Br)c1,unlabeled
769539383,50,e7e3cdff8a4b43574b19,334,CC(C)(C)c1cc(C=O)cc(C(C)(C)C)c1,gradient_train
769539383,50,22fcaa293d9525e1f4e7,335,CC(C)(C)c1cc(C=O)cc(C(C)(C)C)c1,unlabeled
769539383,50,5965305884ee5fba94d8,336,CC(C)(C)c1cc(C=O)cc(C(C)(C)C)c1,unlabeled
769539383,50,556baeed852270e9c0fc,337,CC(C)(C)c1cc(C=O)cc(C(C)(C)C)c1,unlabeled
769539383,50,376fc6387117429bcb19,338,CC(C)(C)c1cc(C=O)cc(C(C)(C)C)c1,unlabeled
769539383,50,3fbc880a145bcc2155c9,339,CC(C)(C)c1cc(C=O)cc(C(C)(C)C)c1,unlabeled
769539383,50,2964279ae2fd8a820ae1,340,CC(C)(C)c1cc(C=O)cc(C(C)(C)C)c1,unlabeled
769539383,50,c084940b1be4fa61738d,341,COc1cc(Br)cc(OC)c1,unlabeled
769539383,50,deac65153d9204a230ec,342,COc1cc(Br)cc(OC)c1,unlabeled
769539383,50,b5f0b6271cd244ade9a3,343,COc1cc(Br)cc(OC)c1,gradient_train
769539383,50,79723584590c0a689474,344,COc1cc(Br)cc(OC)c1,unlabeled
769539383,50,984bc17b1da105c753eb,345,COc1cc(Br)cc(OC)c1,unlabeled
769539383,50,1b7e334ea83516d08ff5,346,COc1cc(Br)cc(OC)c1,test
769539383,50,b8018c4bdaadd42a057a,347,COc1cc(Br)cc(OC)c1,gradient_train
769539383,50,3b03dfa8ff44ff554734,348,O=Cc1cc(Br)ccc1O,unlabeled
769539383,50,167f49f748fa35bdb29e,349,O=Cc1cc(Br)ccc1O,gradient_train
769539383,50,7e19b816ecd8282ce2a1,350,O=Cc1cc(Br)ccc1O,unlabeled
769539383,50,0dffde5d00d50ee96173,351,O=Cc1cc(Br)ccc1O,unlabeled
769539383,50,65bfb38b53dd53bc4f4c,352,O=Cc1cc(Br)ccc1O,unlabeled
769539383,50,e79c5aedcfa41a5f23c9,353,O=Cc1cc(Br)ccc1O,unlabeled
769539383,50,27b234a05f8c66fd059f,354,O=Cc1cc(Br)ccc1O,unlabeled
769539383,50,1bf52d57e3b0d9ef0662,355,Cc1ccc(Cl)cc1Br,unlabeled
769539383,50,867407c66038f21466a8,356,Cc1ccc(Cl)cc1Br,test
769539383,50,fb19bbc052a528249f36,357,Cc1ccc(Cl)cc1Br,unlabeled
769539383,50,13bebd0b1ab22fc7e93b,358,Cc1ccc(Cl)cc1Br,unlabeled
769539383,50,c1b4c0f7481c01c40ec6,359,Cc1ccc(Cl)cc1Br,unlabeled
769539383,50,bb159f5b8695e842d4ff,360,Cc1ccc(Cl)cc1Br,gradient_train
769539383,50,ce70dba7026ce0b64f62,361,Cc1ccc(Cl)cc1Br,unlabeled
769539383,50,a5ea3136b642f8a49607,362,N#Cc1ccccc1Br,unlabeled
769539383,50,8671b386166171ebd7f7,363,N#Cc1ccccc1Br,unlabeled
769539383,50,d344b363b8c01e73a6fa,364,N#Cc1ccccc1Br,gradient_train
769539383,50,70e13ddfe9e6cc9b0f56,365,N#Cc1ccccc1Br,unlabeled
769539383,50,35046c5ff35d8c8617bb,366,N#Cc1ccccc1Br,unlabeled
769539383,50,848f6c84b4d5fc44c3c2,367,N#Cc1ccccc1Br,unlabeled
769539383,50,0974fc9cbeb3820c4065,368,Cc1ccc(C=O)c(C)c1,unlabeled
769539383,50,bc486e940c369b85ce28,369,Cc1ccc(C=O)c(C)c1,unlabeled
769539383,50,9a29b268530b7a3321a0,370,Cc1ccc(C=O)c(C)c1,test
769539383,50,51394d9af7adc7eff816,371,Cc1ccc(C=O)c(C)c1,unlabeled
769539383,50,5cbed870fef2de105046,372,Cc1ccc(C=O)c(C)c1,test
769539383,50,dbb854b36df7ed31d95f,373,Cc1ccc(C=O)c(C)c1,unlabeled
769539383,50,0c0f89307cc4aff87ab6,374,Cc1ccc(C=O)c(C)c1,unlabeled
769539383,50,a5d9706079ccfee3bdf4,375,COCCOC(=O)CC(C)=O,gradient_train
769539383,50,bacef06b4d4d7374a4e4,376,COCCOC(=O)CC(C)=O,unlabeled
769539383,50,74097878150c8a5a8d79,377,COCCOC(=O)CC(C)=O,gradient_train
769539383,50,47404d0982a587f0393e,378,COCCOC(=O)CC(C)=O,unlabeled
769539383,50,fb80794857ddc46e142c,379,CC(=O)c1ccc2c(c1)OCO2,test
769539383,50,6f34563b6236c57b9c60,380,CC(=O)c1ccc2c(c1)OCO2,unlabeled
769539383,50,147b560e4c606680c7b2,381,CC(=O)c1ccc2c(c1)OCO2,unlabeled
769539383,50,7396668aaa8d372aa464,382,CC(=O)c1ccc2c(c1)OCO2,unlabeled
769539383,50,78b04c44dfa852f4e621,383,CC(=O)c1ccc2c(c1)OCO2,unlabeled
769539383,50,f191e08b3e95928a5423,384,CC(=O)c1ccc2c(c1)OCO2,unlabeled
769539383,50,f5634113e0822bda1c03,385,CC(=O)c1ccc2c(c1)OCO2,unlabeled
769539383,50,45264f1c88b241fb888c,386,CC(=O)c1c(C)cc(C)cc1C,unlabeled
769539383,50,7b0fa77cbbcbd8e7c87a,387,CC(=O)c1c(C)cc(C)cc1C,unlabeled
769539383,50,c514f60c28973fc116c5,388,CC(=O)c1c(C)cc(C)cc1C,test
769539383,50,b63d546347919cb66716,389,CC(=O)c1c(C)cc(C)cc1C,unlabeled
769539383,50,823c667f35cddfcbc346,390,CC(=O)c1c(C)cc(C)cc1C,unlabeled
769539383,50,d2955aa36bd2b103c981,391,CC(=O)c1c(C)cc(C)cc1C,unlabeled
769539383,50,4ce730c9ad4e20a0386e,392,CC(=O)c1c(C)cc(C)cc1C,unlabeled
769539383,50,f3531a1565c8159ac5e2,393,CC(=O)c1ccc(C)cc1C,unlabeled
769539383,50,c359fd726e50e2123f43,394,CC(=O)c1ccc(C)cc1C,unlabeled
769539383,50,a9a623a9853c6b493ce4,395,CC(=O)c1ccc(C)cc1C,unlabeled
769539383,50,784ca4af1517dac8cd11,396,CC(=O)c1ccc(C)cc1C,gradient_train
769539383,50,4c36e8e7d179b4bfa11a,397,CC(=O)c1ccc(C)cc1C,unlabeled
769539383,50,77fe8c752e01feedccfa,398,CC(=O)c1ccc(C)cc1C,unlabeled
769539383,50,0a1949b42050f41b0db4,399,CC(=O)c1ccc(C)cc1C,unlabeled
769539383,50,118d66c0e53f510c51ed,400,CC(=O)c1ccc2c(c1)Cc1ccccc1-2,unlabeled
769539383,50,38aa81d53a6b39e9d8ef,401,CC(=O)c1ccc2c(c1)Cc1ccccc1-2,gradient_train
769539383,50,c780d2f5194817087e07,402,CC(=O)c1ccc2c(c1)Cc1ccccc1-2,unlabeled
769539383,50,546046afb5114d631360,403,CC(=O)c1ccc2c(c1)Cc1ccccc1-2,unlabeled
769539383,50,dc9f747c03c55d77bf72,404,BrC(=C(c1ccccc1)c1ccccc1)c1ccccc1,unlabeled
769539383,50,d29c00125d1c5dc55586,405,BrC(=C(c1ccccc1)c1ccccc1)c1ccccc1,unlabeled
769539383,50,509e53644c411798f5b0,406,BrC(=C(c1ccccc1)c1ccccc1)c1ccccc1,unlabeled
769539383,50,5ac5df671efee45d3ddf,407,BrC(=C(c1ccccc1)c1ccccc1)c1ccccc1,unlabeled
769539383,50,1e8c03a5d84f08329475,408,BrC(=C(c1ccccc1)c1ccccc1)c1ccccc1,unlabeled
769539383,50,a7f9a08159d001c30f67,409,BrC(=C(c1ccccc1)c1ccccc1)c1ccccc1,unlabeled
769539383,50,97feb43dae8371e80d3b,410,BrC(=C(c1ccccc1)c1ccccc1)c1ccccc1,unlabeled
769539383,50,2f612d3ec5e270672ad1,411,C/C(=N\O)c1ccccc1,unlabeled
769539383,50,b089551184e4d70e386d,412,C/C(=N\O)c1ccccc1,unlabeled
769539383,50,95f7b6c8f44b25feade0,413,C/C(=N\O)c1ccccc1,test
769539383,50,b0f39affa1970d2700b7,414,C/C(=N\O)c1ccccc1,test
769539383,50,af2973fb82b6d79d8c5e,415,C/C(=N\O)c1ccccc1,unlabeled
769539383,50,3545611fd9950a160288,416,C/C(=N\O)c1ccccc1,unlabeled
769539383,50,786c4179676f46638e4a,417,O=C(c1ccccc1)c1ccc(Cl)cc1,unlabeled
769539383,50,937105af8867732c56ec,418,O=C(c1ccccc1)c1ccc(Cl)cc1,unlabeled
769539383,50,711f210d4869259d0651,419,O=C(c1ccccc1)c1ccc(Cl)cc1,unlabeled
769539383,50,26bb8ff67b7738527484,420,O=C(c1ccccc1)c1ccc(Cl)cc1,gradient_train
769539383,50,6624c43f78e6697c8ac9,421,O=C(c1ccccc1)c1ccc(Cl)cc1,unlabeled
769539383,50,f9b97e958092bd5cb81a,422,O=C(c1ccccc1)c1ccc(Cl)cc1,gradient_train
769539383,50,2d53109003f718b780fa,423,Cc1ccc(C(=O)c2ccccc2)cc1C,unlabeled
769539383,50,b9b624baffe611c30836,424,Cc1ccc(C(=O)c2ccccc2)cc1C,unlabeled
769539383,50,f8a590eaa91d155f61da,425,Cc1ccc(C(=O)c2ccccc2)cc1C,unlabeled
769539383,50,2fcaa537474ba2ae579f,426,Cc1ccc(C(=O)c2ccccc2)cc1C,test
769539383,50,d914e4c833f2df567cac,427,Cc1ccc(C(=O)c2ccccc2)cc1C,gradient_train
769539383,50,5048acae682925888d12,428,Cc1ccc(C(=O)c2ccccc2)cc1C,gradient_train
769539383,50,41927f703a0632f098fb,429,CC(=O)CC(=O)c1ccccc1,unlabeled
769539383,50,760d0bf0ec31747d3969,430,CC(=O)CC(=O)c1ccccc1,unlabeled
769539383,50,d71aab82a8179d05294a,431,CC(=O)CC(=O)c1ccccc1,unlabeled
769539383,50,25ffb25df5bec65a633b,432,CC(=O)CC(=O)c1ccccc1,unlabeled
769539383,50,92d69b1849c34b7f1a80,433,CCOC(=O)C(Cc1ccccc1)C(C)=O,test
769539383,50,a289439d96e27bec7cbc,434,CCOC(=O)C(Cc1ccccc1)C(C)=O,unlabeled
769539383,50,4707a180fe4230c208ff,435,CCOC(=O)C(Cc1ccccc1)C(C)=O,unlabeled
769539383,50,41921840a5681261ba98,436,CCOC(=O)C(Cc1ccccc1)C(C)=O,unlabeled
769539383,50,b5080cde4f493a415fc5,437,CCOC(=O)C(Cc1ccccc1)C(C)=O,validation
769539383,50,1bbec08f4838f06da0fb,438,CCOC(=O)C(Cc1ccccc1)C(C)=O,unlabeled
769539383,50,bd0519702a5756bc3c94,439,CCOC(=O)C(Cc1ccccc1)C(C)=O,unlabeled
769539383,50,b7fa3dd8e6040788ae14,440,CCOC(=O)c1cccnc1,gradient_train
769539383,50,2deca509a22158d15375,441,CCOC(=O)c1cccnc1,unlabeled
769539383,50,b48dea92ecfc07816494,442,CCOC(=O)c1cccnc1,unlabeled
769539383,50,82fa7e7b3bd183853280,443,CCOC(=O)c1cccnc1,test
769539383,50,7ba2cf5e6ca289d9810f,444,CCOC(=O)c1cccnc1,unlabeled
769539383,50,7dec4c1259ce3660b729,445,COc1ccc(OC)c(Br)c1,gradient_train
769539383,50,768064b2e2a953d147d0,446,COc1ccc(OC)c(Br)c1,unlabeled
769539383,50,212154e56fe15a3333a2,447,COc1ccc(OC)c(Br)c1,unlabeled
769539383,50,c56a92db4ce7de66bee1,448,COc1ccc(OC)c(Br)c1,unlabeled
769539383,50,48b99ebef2fd7718f678,449,COc1ccc(OC)c(Br)c1,unlabeled
769539383,50,6da48b9dd6e1ed7e26fd,450,COc1ccc(OC)c(Br)c1,unlabeled
769539383,50,a2eeeea4e6525c9d22d4,451,COc1ccc(OC)c(Br)c1,unlabeled
769539383,50,1e0e33b1a77df72f4dd8,452,OCc1cccc(Br)c1,test
769539383,50,371711577127c07527e3,453,OCc1cccc(Br)c1,validation
769539383,50,78d4810a82f060b5cf49,454,OCc1cccc(Br)c1,validation
769539383,50,1c04f02c0ea8c00b358d,455,OCc1cccc(Br)c1,unlabeled
769539383,50,4bc0dc84991def63aa1b,456,O=C1CCCc2ccccc21,unlabeled
769539383,50,2433f7a3f7959e1d1b74,457,O=C1CCCc2ccccc21,unlabeled
769539383,50,944f0a85ec8978a60444,458,O=C1CCCc2ccccc21,unlabeled
769539383,50,8afc083342d1c2e7f78a,459,O=C1CCCc2ccccc21,unlabeled
769539383,50,c35ed383b2db14b3bc06,460,O=C1CCCc2ccccc21,unlabeled
769539383,50,d7c72c92165e2c129547,461,O=C1CCCc2ccccc21,unlabeled
769539383,50,e375bb01e53e46f8faee,462,O=C1CCCc2ccccc21,unlabeled
769539383,50,fdc873b5607287090ff3,463,CSc1ccc(C=O)cc1,unlabeled
769539383,50,80b4e33a8434ac29ed52,464,CSc1ccc(C=O)cc1,test
769539383,50,ee60c3ffc43a4c2c965e,465,CSc1ccc(C=O)cc1,unlabeled
769539383,50,95f10fffb85ea1b1f47a,466,CSc1ccc(C=O)cc1,unlabeled
769539383,50,793d8259fd7820530cfe,467,Cc1ccccc1C=O,unlabeled
769539383,50,13fb1511fffef8fc96e0,468,Cc1ccccc1C=O,unlabeled
769539383,50,532a47d1b45e54d6326b,469,Cc1ccccc1C=O,unlabeled
769539383,50,dcd70c2b5039c4268d56,470,Cc1ccccc1C=O,unlabeled
769539383,50,22d860e7f246ca4272a4,471,Cc1ccccc1C=O,unlabeled
769539383,50,f21df276243d861dc2b2,472,Cc1ccccc1C=O,unlabeled
769539383,50,08820514e662ce6ea8f0,473,Cc1ccccc1C=O,unlabeled
769539383,50,d60e09bca01342c7cfa6,474,O=Cc1ccc(Br)cc1O,gradient_train
769539383,50,9dda290379fb047fc74d,475,O=Cc1ccc(Br)cc1O,unlabeled
769539383,50,4a58b799c494875f6f27,476,O=Cc1ccc(Br)cc1O,validation
769539383,50,98a1ca00445d60f415d4,477,O=Cc1ccc(Br)cc1O,test
769539383,50,ddecd252bb1099fb20f7,478,O=Cc1ccc(Br)cc1O,test
769539383,50,226ebdbf914ce9333de8,479,O=Cc1ccc(Br)cc1O,unlabeled
769539383,50,99dd4a9a47de5c84b7c0,480,O=Cc1ccc(Br)cc1O,unlabeled
769539383,50,ecc7e2759499addc038f,481,CC(=O)c1ccc(Br)cc1,unlabeled
769539383,50,66c1ee6eed3d1587de50,482,CC(=O)c1ccc(Br)cc1,unlabeled
769539383,50,a26a131344d4dbd9645b,483,CC(=O)c1ccc(Br)cc1,unlabeled
769539383,50,f0edd899ac987a1de9dd,484,CC(=O)c1ccc(Br)cc1,test
769539383,50,0e13b08b0f9c772699e1,485,CC(=O)c1ccc(Br)cc1,unlabeled
769539383,50,1254297404cc9db52ee2,486,CC(=O)c1ccc(Br)cc1,unlabeled
769539383,50,bc8e1d805b36b63cbfbe,487,CC(=O)c1ccc(Br)cc1,test
769539383,50,cd998cddd3dcb4fc8c92,488,O=C(Cc1ccccc1)c1ccccc1,unlabeled
769539383,50,12e11e8eaee71fc57209,489,O=C(Cc1ccccc1)c1ccccc1,unlabeled
769539383,50,054457c7699aabd6c619,490,O=C(Cc1ccccc1)c1ccccc1,unlabeled
769539383,50,893e4c91da1b0b2f7d3e,491,O=C(Cc1ccccc1)c1ccccc1,unlabeled
769539383,50,18e8a9c1ea6aa15c0d01,492,O=C(Cc1ccccc1)c1ccccc1,unlabeled
769539383,50,bc582f1f4f4225f6d249,493,O=C(Cc1ccccc1)c1ccccc1,unlabeled
769539383,50,d92ef85db0d1c0979197,494,O=C(Cc1ccccc1)c1ccccc1,unlabeled
769539383,50,ddc0b27538aa926cbb6e,495,O=Cc1ccc(-c2ccccc2)cc1,unlabeled
769539383,50,6dcfe9b1e0958f22523b,496,O=Cc1ccc(-c2ccccc2)cc1,unlabeled
769539383,50,3cdf1bcd3739e20f72d2,497,O=Cc1ccc(-c2ccccc2)cc1,unlabeled
769539383,50,a8e4c6001ce3245c634b,498,O=Cc1ccc(-c2ccccc2)cc1,unlabeled
769539383,50,24b540d7814b4d9c5183,499,O=Cc1ccc(-c2ccccc2)cc1,unlabeled
769539383,50,b0cadf050313e9a3a162,500,O=Cc1ccc(-c2ccccc2)cc1,unlabeled
769539383,50,8837a8a19c37b63d2e48,501,O=Cc1ccc(-c2ccccc2)cc1,unlabeled
769539383,50,23a832560d234735d954,502,O=Cc1ccc2ccccc2c1Br,unlabeled
769539383,50,90777be8090491479de1,503,O=Cc1ccc2ccccc2c1Br,unlabeled
769539383,50,926a7862066269f98d62,504,O=Cc1ccc2ccccc2c1Br,unlabeled
769539383,50,2c51476c6fa3121c5dfc,505,O=Cc1ccc2ccccc2c1Br,unlabeled
769539383,50,5a9449a7562d442b8669,506,O=Cc1ccc2ccccc2c1Br,unlabeled
769539383,50,2cbca950d64fdcd81660,507,O=Cc1ccc2ccccc2c1Br,unlabeled
769539383,50,fb1fdaa4bc60434648f7,508,O=Cc1ccc2ccccc2c1Br,unlabeled
769539383,50,9e46dbe8a460d3f96a27,509,O=C(/C=C/c1ccccc1)c1ccccc1,gradient_train
769539383,50,31e75b850983502aa64f,510,O=C(/C=C/c1ccccc1)c1ccccc1,unlabeled
769539383,50,b566ed83f272904657ba,511,O=C(/C=C/c1ccccc1)c1ccccc1,unlabeled
769539383,50,c2be1e8f7c2c080f49f5,512,O=C(/C=C/c1ccccc1)c1ccccc1,unlabeled
769539383,50,fde2d968ab29d13d4f1d,513,O=C(/C=C/c1ccccc1)c1ccccc1,unlabeled
769539383,50,240da69c823911ff5ccc,514,O=C(/C=C/c1ccccc1)c1ccccc1,unlabeled
769539383,50,b2b26956a788c2a8c7e9,515,O=C(/C=C/c1ccccc1)c1ccccc1,test
769539383,50,f3b80f5fe97d26fd8383,516,O=C(/C=C/c1ccccc1)/C=C/c1ccccc1,unlabeled
769539383,50,d60f7e6b21ea96567843,517,O=C(/C=C/c1ccccc1)/C=C/c1ccccc1,unlabeled
769539383,50,bb61793cbbbe2bfa4e12,518,O=C(/C=C/c1ccccc1)/C=C/c1ccccc1,unlabeled
769539383,50,d078d930aa37448ec4aa,519,O=C(/C=C/c1ccccc1)/C=C/c1ccccc1,unlabeled
769539383,50,8cd132f293d2823adc8d,520,O=C(/C=C/c1ccccc1)/C=C/c1ccccc1,unlabeled
769539383,50,88f58ab7b7cf02f8f134,521,O=C(/C=C/c1ccccc1)/C=C/c1ccccc1,unlabeled
769539383,50,17bdb259a18419ca296f,522,O=C(/C=C/c1ccccc1)/C=C/c1ccccc1,unlabeled
769539383,50,77c599d272254892b6ec,523,CC1CCC(=O)c2ccccc21,unlabeled
769539383,50,b393af61f6769ceccbc0,524,CC1CCC(=O)c2ccccc21,unlabeled
769539383,50,49668be051b44a819f00,525,CC1CCC(=O)c2ccccc21,unlabeled
769539383,50,ffa86b2ffa5ac89b0720,526,CC1CCC(=O)c2ccccc21,unlabeled
769539383,50,43aa4f12be94a8a96b35,527,CC1CCC(=O)c2ccccc21,unlabeled
769539383,50,c09fbafa246c8d17b677,528,CC1CCC(=O)c2ccccc21,unlabeled
769539383,50,f38afd5febe30c01c852,529,CC1CCC(=O)c2ccccc21,unlabeled
769539383,50,490ab56dde175e9b97f5,530,O=C(Cc1ccccc1F)C1CC1,unlabeled
769539383,50,3156893d5d2368c286a5,531,O=C(Cc1ccccc1F)C1CC1,unlabeled
769539383,50,5ca73775e77c8e07812b,532,O=C(Cc1ccccc1F)C1CC1,unlabeled
769539383,50,e90e636dced92c2b53d7,533,O=C(Cc1ccccc1F)C1CC1,unlabeled
769539383,50,21e4905ef98fba65035a,534,O=C(Cc1ccccc1F)C1CC1,unlabeled
769539383,50,2eda4e5a40a9021016cb,535,O=C(Cc1ccccc1F)C1CC1,test
769539383,50,9c357cc9e9b8199eb1e0,536,O=C(Cc1ccccc1F)C1CC1,test
769539383,50,51091e7a7f83732eaf1b,537,CCC(=O)c1cccc(Br)c1,unlabeled
769539383,50,71577790a52cb379d81f,538,CCC(=O)c1cccc(Br)c1,unlabeled
769539383,50,e3b2ac778da2b86aa873,539,CCC(=O)c1cccc(Br)c1,test
769539383,50,1046fdfaf24728b107ba,540,CCC(=O)c1cccc(Br)c1,unlabeled
769539383,50,2e10d8b186d86053260f,541,CCC(=O)c1cccc(Br)c1,unlabeled
769539383,50,5111664a952a4ab7d54e,542,CCC(=O)c1cccc(Br)c1,unlabeled
769539383,50,ffcab07e0d31056e0d4a,543,CCC(=O)c1cccc(Br)c1,unlabeled
769539383,50,b6bb9be5584029502820,544,COCCCCC(=O)c1ccc(C(F)(F)F)cc1,unlabeled
769539383,50,60a000cb56517513c4d2,545,COCCCCC(=O)c1ccc(C(F)(F)F)cc1,unlabeled
769539383,50,677c30b5727454c7a81e,546,COCCCCC(=O)c1ccc(C(F)(F)F)cc1,unlabeled
769539383,50,94bc1858c275dcb3d476,547,COCCCCC(=O)c1ccc(C(F)(F)F)cc1,unlabeled
769539383,50,06c29062334b43b0d12f,548,COCCCCC(=O)c1ccc(C(F)(F)F)cc1,unlabeled
769539383,50,80e66bd0e8e9450537bb,549,COCCCCC(=O)c1ccc(C(F)(F)F)cc1,unlabeled
769539383,50,b82c7c8060589ec1974b,550,CCCC(=O)c1ccc(-c2ccccc2)cc1,unlabeled
769539383,50,57e291b74a249c9dd3ff,551,CCCC(=O)c1ccc(-c2ccccc2)cc1,unlabeled
769539383,50,7d6bcd84e5a6861fc8fc,552,CCCC(=O)c1ccc(-c2ccccc2)cc1,unlabeled
769539383,50,2d37adf0d65a19bc2c0c,553,CCCC(=O)c1ccc(-c2ccccc2)cc1,unlabeled
769539383,50,3c892a45de6ec4625f37,554,CCCC(=O)c1ccc(-c2ccccc2)cc1,unlabeled
769539383,50,e2c826d98b2bbeb6f48b,555,CCCC(=O)c1ccc(-c2ccccc2)cc1,unlabeled
769539383,50,ce61c0bd799e65402b75,556,CCCC(=O)c1ccc(-c2ccccc2)cc1,unlabeled
769539383,50,0f05b5ba6eb528d54b4b,557,O=C(c1ccccc1)c1cccc(C(=O)c2ccccc2)c1,test
769539383,50,c4412adf038c7f6ea3c2,558,O=C(c1ccccc1)c1cccc(C(=O)c2ccccc2)c1,unlabeled
769539383,50,182fc7fe888dbb9535bb,559,O=C(c1ccccc1)c1cccc(C(=O)c2ccccc2)c1,unlabeled
769539383,50,8abf9c0719e2d67a22f9,560,O=C(c1ccccc1)c1cccc(C(=O)c2ccccc2)c1,unlabeled
769539383,50,b8a4c06710d95c33cfe1,561,O=C(c1ccccc1)c1cccc(C(=O)c2ccccc2)c1,unlabeled
769539383,50,7e451fd74af5bfa51ac9,562,O=C(c1ccccc1)c1cccc(C(=O)c2ccccc2)c1,unlabeled
769539383,50,07e9bc7a9d27fdd58c2f,563,O=C(c1ccccc1)c1cccc(C(=O)c2ccccc2)c1,unlabeled
769539383,50,2f828b7aa8c3e93352da,564,CCC(=O)c1cccnc1,test
769539383,50,4365d2fb106c18823aac,565,CCC(=O)c1cccnc1,test
769539383,50,4c6a8ef1c87748df99f2,566,CCC(=O)c1cccnc1,unlabeled
769539383,50,aca0ef1613a0a07a0431,567,O=C(CCCCl)c1ccc(F)cc1,unlabeled
769539383,50,f98f5943ca73a5b809a1,568,O=C(CCCCl)c1ccc(F)cc1,unlabeled
769539383,50,405638494c5a95206866,569,O=C(CCCCl)c1ccc(F)cc1,unlabeled
769539383,50,76e188b0e48b99f36582,570,O=C(CCCCl)c1ccc(F)cc1,unlabeled
769539383,50,26aa0143305ac532a560,571,O=C(CCCCl)c1ccc(F)cc1,unlabeled
769539383,50,283be89c092cfa4a5cbb,572,O=C(CCCCl)c1ccc(F)cc1,gradient_train
769539383,50,0ffc20c3f979502b8a09,573,O=C(CCCCl)c1ccc(F)cc1,unlabeled
769539383,70,bbabdb9085edbb8c178b,0,CC(C)(CCl)c1ccccc1,gradient_train
769539383,70,96dc3dc2ebd074200228,1,CC(C)(CCl)c1ccccc1,unlabeled
769539383,70,6322e8f867a741eed74c,2,CC(C)(CCl)c1ccccc1,unlabeled
769539383,70,c2b0aff65443af0a8618,3,CC(C)(CCl)c1ccccc1,unlabeled
769539383,70,f4b69d88ad1d916ee71a,4,CC(C)(CCl)c1ccccc1,unlabeled
769539383,70,0f3559d035355b0eec80,5,CC(C)(CCl)c1ccccc1,gradient_train
769539383,70,d29a94054067cd60dd70,6,CC(C)(CCl)c1ccccc1,validation
769539383,70,31d92ca6486b229184cf,7,OCCCc1ccccc1,unlabeled
769539383,70,8a84cca322477165b719,8,OCCCc1ccccc1,unlabeled
769539383,70,9cf769277f6b42d15f11,9,OCCCc1ccccc1,unlabeled
769539383,70,7a0a82051f50d5b0c89c,10,OCCCc1ccccc1,unlabeled
769539383,70,c79f29f048bbfd157f98,11,BrCCCc1ccccc1,unlabeled
769539383,70,df0074b49eeb620c0768,12,BrCCCc1ccccc1,unlabeled
769539383,70,f0097bc6b7827ef65922,13,BrCCCc1ccccc1,unlabeled
769539383,70,44348f5c4aea3b41ee9d,14,BrCCCc1ccccc1,unlabeled
769539383,70,482cb91fac7f2a936dca,15,BrCCCc1ccccc1,unlabeled
769539383,70,a5c6210123f05414ffc0,16,BrCCCc1ccccc1,unlabeled
769539383,70,a82e55e1cd19814ea307,17,BrCCCc1ccccc1,gradient_train
769539383,70,6ee3c70647b37dcd5417,18,ClCCCc1ccccc1,unlabeled
769539383,70,2c7e37ef828eb17c78fb,19,ClCCCc1ccccc1,gradient_train
769539383,70,7ab9c351196ad891e172,20,ClCCCc1ccccc1,gradient_train
769539383,70,7062ca665af0f9bba6c9,21,ClCCCc1ccccc1,unlabeled
769539383,70,6644e934f59d8b816b9f,22,ClCCCc1ccccc1,unlabeled
769539383,70,8cc7c76a92a4474d7c6a,23,ClCCCc1ccccc1,unlabeled
769539383,70,c883df6ea04f89f45f03,24,ClCCCc1ccccc1,gradient_train
769539383,70,46ed1e35ca65ace74790,25,COc1ccc(CO)cc1,unlabeled
769539383,70,ec581cec37da9563e756,26,COc1ccc(CO)cc1,unlabeled
769539383,70,c2bd8e8f13a96726e7fc,27,COc1ccc(CO)cc1,unlabeled
769539383,70,f1afcbd393ce4f5a6316,28,COc1ccc(CO)cc1,unlabeled
769539383,70,2909efb29670d8f2286d,29,CCOC(=O)C(C)(C)Br,unlabeled
769539383,70,56b391fdec7a2a622e52,30,CCOC(=O)C(C)(C)Br,unlabeled
769539383,70,8a9485661ac2c4576006,31,CCOC(=O)C(C)(C)Br,gradient_train
769539383,70,7f6d1cdee16de4a37a21,32,CCOC(=O)C(C)(C)Br,unlabeled
769539383,70,fd7bf535ef538434b384,33,CCOC(=O)C(C)(C)Br,unlabeled
769539383,70,651bb6b60c62819a4323,34,CCOC(=O)C(C)(C)Br,unlabeled
769539383,70,2a61203b59218a3cbdc6,35,CCOC(=O)C(C)(C)Br,unlabeled
769539383,70,6d6c0510303dec89b2fe,36,COc1ccc(C=O)cc1,unlabeled
769539383,70,f81dc37125414986a0bb,37,COc1ccc(C=O)cc1,unlabeled
769539383,70,400615278105cebb3ed9,38,COc1ccc(C=O)cc1,test
769539383,70,5d04f6757b59f5c356bb,39,COc1ccc(C=O)cc1,unlabeled
769539383,70,a074620f6970d8f89567,40,COc1ccc(C=O)cc1,unlabeled
769539383,70,454c1ea3beebbec4befe,41,COc1ccc(C=O)cc1,unlabeled
769539383,70,f95928e2618ed15e654f,42,COc1ccc(C=O)cc1,unlabeled
769539383,70,3a02b99399bb0c3e9ff9,43,COC(=O)C#CC(=O)OC,unlabeled
769539383,70,b80a4f9e4b61f534ee9e,44,COC(=O)C#CC(=O)OC,test
769539383,70,2690de155843f45b00a3,45,COC(=O)C#CC(=O)OC,unlabeled
769539383,70,549eb8499df5181b3558,46,COC(=O)C#CC(=O)OC,unlabeled
769539383,70,02c141e2551937d10f4e,47,COC(=O)C#CC(=O)OC,unlabeled
769539383,70,9069807baff6cbfbde75,48,COC(=O)C#CC(=O)OC,unlabeled
769539383,70,1fe1163f7d97c16f3822,49,CC(=O)c1ccccc1,unlabeled
769539383,70,1e86d81fe1995d367fe1,50,CC(=O)c1ccccc1,unlabeled
769539383,70,614e6d0929b0845d454b,51,CC(=O)c1ccccc1,unlabeled
769539383,70,358681452207464d171e,52,CC(=O)c1ccccc1,unlabeled
769539383,70,c00e01085f35d19cd90f,53,CC(=O)c1ccccc1,unlabeled
769539383,70,a542d702abb1fa77a6fc,54,CC(=O)c1ccccc1,test
769539383,70,77577e6f6f0aa6789972,55,CCOC(=O)C(C)Br,unlabeled
769539383,70,298017c801a97653f57d,56,CCOC(=O)C(C)Br,unlabeled
769539383,70,849796401ee485c617a5,57,CCOC(=O)C(C)Br,unlabeled
769539383,70,67cc8304e3e618d7416a,58,CCOC(=O)C(C)Br,unlabeled
769539383,70,c7bc53c45a1962a88ec3,59,CCOC(=O)C(C)Br,unlabeled
769539383,70,76b9db19f45b8222d962,60,CCOC(=O)C(C)Br,unlabeled
769539383,70,0279fb0f7dba4b54a816,61,CCOC(=O)CC(=O)c1ccccc1,unlabeled
769539383,70,ca203ccf20ce8e74d86d,62,CCOC(=O)CC(=O)c1ccccc1,test
769539383,70,029d48fc98a886c9fec4,63,CCOC(=O)CC(=O)c1ccccc1,unlabeled
769539383,70,1e578360bd7749f6b397,64,CCOC(=O)CC(=O)c1ccccc1,test
769539383,70,05c14d26f4aa6f7c48b0,65,CCOC(=O)CC(=O)c1ccccc1,unlabeled
769539383,70,53d046afde1259a727f9,66,CCOC(=O)CC(=O)c1ccccc1,unlabeled
769539383,70,35ba50ab027f5f170aba,67,CCOC(=O)CC(=O)c1ccccc1,unlabeled
769539383,70,130d76d2d46a287c5dea,68,CC(=O)c1ccccc1C,gradient_train
769539383,70,3ef4b1ab56fe40940b42,69,CC(=O)c1ccccc1C,unlabeled
769539383,70,a340148c4096f80cc125,70,CC(=O)c1ccccc1C,unlabeled
769539383,70,57af4b867d9cd419ebb9,71,CC(=O)c1ccccc1C,unlabeled
769539383,70,ff8745125a0eeb17c1e5,72,CC(=O)c1ccccc1C,gradient_train
769539383,70,41a468134f078d2de17d,73,CC(=O)c1ccccc1C,unlabeled
769539383,70,b4899d5d03e44fbf885c,74,CC(=O)c1ccccc1C,unlabeled
769539383,70,bd93eaa60288fd0d5e89,75,CC(=O)c1ccc(C)cc1,gradient_train
769539383,70,2797757b00a9f254ef2e,76,CC(=O)c1ccc(C)cc1,unlabeled
769539383,70,fad37552a4a2eae19961,77,CC(=O)c1ccc(C)cc1,unlabeled
769539383,70,6936556d392803de12ed,78,CC(=O)c1ccc(C)cc1,unlabeled
769539383,70,fd3f8b6ec11d13a8412d,79,CC(=O)c1ccc(C)cc1,unlabeled
769539383,70,b71b23379d73c3637a76,80,CC(=O)c1ccc(C)cc1,unlabeled
769539383,70,2a9d111386ac232bbf79,81,CC(=O)c1ccc(C)cc1,unlabeled
769539383,70,ca00dd1990fd356443cb,82,COC(=O)c1ccccc1O,unlabeled
769539383,70,924106530353757625ba,83,COC(=O)c1ccccc1O,unlabeled
769539383,70,f0d3ae15346c6cb6928d,84,COC(=O)c1ccccc1O,unlabeled
769539383,70,0b6fe9b9da26ddc80e99,85,COC(=O)c1ccccc1O,unlabeled
769539383,70,a9a4b1ef530ce6f46a1c,86,COC(=O)c1ccccc1O,unlabeled
769539383,70,f0245d145e2758fc9ff8,87,COC(=O)c1ccccc1O,unlabeled
769539383,70,f33380e15f0fd8b62027,88,COC(=O)c1ccccc1O,gradient_train
769539383,70,1773be1aaa4102ae19f0,89,CC(=O)CC(=O)OC(C)(C)C,unlabeled
769539383,70,1895e2147dd146c4e564,90,CC(=O)CC(=O)OC(C)(C)C,unlabeled
769539383,70,e7c8cd496e2795b23cb3,91,CC(=O)CC(=O)OC(C)(C)C,unlabeled
769539383,70,60f64adee75a0999c5d5,92,CC(=O)CC(=O)OC(C)(C)C,unlabeled
769539383,70,851993fe56d61c8bf074,93,CC(=O)CC(=O)OC(C)(C)C,test
769539383,70,4e6d2ab0e823ac1d4b58,94,CC(=O)CC(=O)OC(C)(C)C,unlabeled
769539383,70,452aebfcddc0b031c20d,95,CCOC(=O)Cc1ccccc1,unlabeled
769539383,70,a67ee30ac22b3511e0af,96,CCOC(=O)Cc1ccccc1,unlabeled
769539383,70,4c52102f0b5a693d59bc,97,CCOC(=O)Cc1ccccc1,unlabeled
769539383,70,f21e8077ac7b6ec1d038,98,CCOC(=O)Cc1ccccc1,unlabeled
769539383,70,982611df66af1cf7c2f5,99,CCOC(=O)Cc1ccccc1,unlabeled
769539383,70,d9e344f199dc9a567b5f,100,CCOC(=O)Cc1ccccc1,unlabeled
769539383,70,74706f7e5d10b9245796,101,CCOC(=O)Cc1ccccc1,unlabeled
769539383,70,f5d7ae6c2608335325ff,102,COC(=O)c1ccccc1N,unlabeled
769539383,70,f66e095007d9d0923ce2,103,COC(=O)c1ccccc1N,unlabeled
769539383,70,c9a57e8accca7da9758b,104,COC(=O)c1ccccc1N,test
769539383,70,f7b1b9737459397f9ace,105,COC(=O)c1ccccc1N,unlabeled
769539383,70,68feec66f657364ebeaa,106,COC(=O)c1ccccc1N,unlabeled
769539383,70,96ccc1b8240fc2e9c1f3,107,COC(=O)c1ccccc1N,gradient_train
769539383,70,16eec4a03ec235274042,108,CCOC(=O)/C=C/c1ccccc1,unlabeled
769539383,70,92e4f80b3943134ebe86,109,CCOC(=O)/C=C/c1ccccc1,unlabeled
769539383,70,e15e8a4f329d3a08aff9,110,CCOC(=O)/C=C/c1ccccc1,gradient_train
769539383,70,6cec450baf7517436df6,111,CCOC(=O)/C=C/c1ccccc1,unlabeled
769539383,70,48b79e49508df9f5fd6d,112,CCOC(=O)/C=C/c1ccccc1,unlabeled
769539383,70,404dc3e2801a9a9d52aa,113,CCOC(=O)/C=C/c1ccccc1,unlabeled
769539383,70,c72867f0f2e38c70aa8c,114,CCOC(=O)/C=C/c1ccccc1,unlabeled
769539383,70,d9d3d24a75ff511e108a,115,COC(=O)c1ccc(C(C)(C)C)cc1,unlabeled
769539383,70,f40ca479a9e86b5d5458,116,COC(=O)c1ccc(C(C)(C)C)cc1,unlabeled
769539383,70,b7770c04c72527e1d9f6,117,COC(=O)c1ccc(C(C)(C)C)cc1,unlabeled
769539383,70,a433dc0f6a13e9ace41d,118,COC(=O)c1ccc(C(C)(C)C)cc1,test
769539383,70,e399250d7156727de0fd,119,COC(=O)c1ccc(C(C)(C)C)cc1,gradient_train
769539383,70,3122a2210bde68deb81e,120,COC(=O)c1ccc(C(C)(C)C)cc1,gradient_train
769539383,70,c9460286f85a5ec0f4fc,121,COC(=O)c1ccc(C(C)(C)C)cc1,unlabeled
769539383,70,13b0b7952199157a8399,122,CCOC(=O)/C=C(/C)N,unlabeled
769539383,70,759d5133ee82740013bf,123,CCOC(=O)/C=C(/C)N,test
769539383,70,c9bf385316b464cd2e8d,124,CCOC(=O)/C=C(/C)N,unlabeled
769539383,70,f248b9b89d62a22b03c3,125,CCOC(=O)/C=C(/C)N,test
769539383,70,10d51839b15b94f0ae56,126,CCOC(=O)/C=C(/C)N,test
769539383,70,e66b24ec1e4dfa9a9a57,127,CCOC(=O)/C=C(/C)N,gradient_train
769539383,70,506597d02ff322a77a8d,128,CCOC(=O)/C=C(/C)N,unlabeled
769539383,70,d2951bd3bb1608688f0d,129,CCOC(=O)/C=C(/C)N,validation
769539383,70,7d3c6ef279245ca08a2f,130,CCOC(=O)/C=C(/C)N,unlabeled
769539383,70,e6886d2fb3090517172b,131,CCOC(=O)/C=C(/C)N,unlabeled
769539383,70,d31d42caff135d7154c4,132,CCOC(=O)/C=C(/C)N,gradient_train
769539383,70,3d7aa38258001eb6ba67,133,CC(C)COC(=O)c1ccccc1,unlabeled
769539383,70,b3409bbbf3b06d73afca,134,CC(C)COC(=O)c1ccccc1,unlabeled
769539383,70,5ce75d3f6df6d318cb8a,135,CC(C)COC(=O)c1ccccc1,unlabeled
769539383,70,28f4ab2563d03e831cf0,136,CC(C)COC(=O)c1ccccc1,unlabeled
769539383,70,b95bbdf393e00f41a6df,137,CC(C)COC(=O)c1ccccc1,unlabeled
769539383,70,1e73138aa057a5e2b67f,138,CC(C)COC(=O)c1ccccc1,gradient_train
769539383,70,1319bf7018ee9b9a5b9f,139,CCOC(=O)c1ccccc1,unlabeled
769539383,70,99398d649f02f80651f1,140,CCOC(=O)c1ccccc1,unlabeled
769539383,70,240787bdbf2abc17e093,141,CCOC(=O)c1ccccc1,gradient_train
769539383,70,4afc7ef2732850bea176,142,CCOC(=O)c1ccccc1,unlabeled
769539383,70,181f6c7852b17df8f194,143,CCOC(=O)c1ccccc1,unlabeled
769539383,70,474238f822b0c38795c6,144,CCOC(=O)c1ccccc1,unlabeled
769539383,70,5eb80e21463443b22d14,145,CCOC(=O)c1ccccc1,unlabeled
769539383,70,f6e991e3dc3a3d3c5d89,146,COc1ccc(CCO)cc1,unlabeled
769539383,70,9991421da8e18008fc91,147,COc1ccc(CCO)cc1,unlabeled
769539383,70,9e93bad2014e7ab1a680,148,COc1ccc(CCO)cc1,test
769539383,70,3d5dc8831f4c74f7b7d1,149,COc1ccc(CCO)cc1,unlabeled
769539383,70,d5a7e1d47a58e1323805,150,Cc1ccc(C(C)C)cc1,gradient_train
769539383,70,5c32bb6f3bbf72dcb37e,151,Cc1ccc(C(C)C)cc1,unlabeled
769539383,70,e545485bf1a51a3ea557,152,Cc1ccc(C(C)C)cc1,unlabeled
769539383,70,8ea9d90b217f4096f42f,153,Cc1ccc(C(C)C)cc1,unlabeled
769539383,70,9ed80c28328fabe87261,154,Cc1ccc(C(C)C)cc1,validation
769539383,70,f1ea027f4cb80b10d15b,155,Cc1ccc(C(C)C)cc1,unlabeled
769539383,70,dcfc9eaebf799d451fdb,156,Cc1ccc(C(C)C)cc1,unlabeled
769539383,70,6c1f19a34a40cbf98728,157,CC(C)(O)CCc1ccccc1,unlabeled
769539383,70,cf45ee02778c0243ad50,158,CC(C)(O)CCc1ccccc1,gradient_train
769539383,70,88581d99a415bf271788,159,CC(C)(O)CCc1ccccc1,unlabeled
769539383,70,8753ab545dd1cf036a3a,160,CC(C)(O)CCc1ccccc1,unlabeled
769539383,70,d59d233a1606de5b6deb,161,CC(C)(O)CCc1ccccc1,unlabeled
769539383,70,964a62fb7d677de0f711,162,CC(C)CCOC(=O)c1ccccc1,unlabeled
769539383,70,f35f8782c107387233ed,163,CC(C)CCOC(=O)c1ccccc1,test
769539383,70,4d602abaaf336ac523e4,164,CC(C)CCOC(=O)c1ccccc1,test
769539383,70,4768b747981033fbdf34,165,CC(C)CCOC(=O)c1ccccc1,unlabeled
769539383,70,3df34ab1c0d58c86999e,166,CC(C)CCOC(=O)c1ccccc1,unlabeled
769539383,70,8b67a1246fe892b6581d,167,CC(C)CCOC(=O)c1ccccc1,unlabeled
769539383,70,2bafcbea1bb66eb60a71,168,CC(C)CCOC(=O)c1ccccc1,unlabeled
769539383,70,2beadb75e05408973f02,169,CCOC(=O)/C=C/c1ccccc1,unlabeled
769539383,70,dd7cae2667a1348a2caf,170,CCOC(=O)/C=C/c1ccccc1,unlabeled
769539383,70,56f1cecfc0c6c3d224be,171,CCOC(=O)/C=C/c1ccccc1,unlabeled
769539383,70,6278b7d64a22dbe3844e,172,CCOC(=O)/C=C/c1ccccc1,unlabeled
769539383,70,a75e421e756083edea35,173,CCOC(=O)/C=C/c1ccccc1,unlabeled
769539383,70,c9f7ab78e90454873661,174,CCOC(=O)/C=C/c1ccccc1,gradient_train
769539383,70,b36d7c12e6d3072467ee,175,CCOC(=O)/C=C/c1ccccc1,unlabeled
769539383,70,5dc7d31c57624ac47575,176,COc1ccc(C)cc1OC,unlabeled
769539383,70,7dea14d96460814919d3,177,COc1ccc(C)cc1OC,unlabeled
769539383,70,83a16763654b3b743265,178,COc1ccc(C)cc1OC,unlabeled
769539383,70,ee96bcc328a38cb12519,179,COc1ccc(C)cc1OC,unlabeled
769539383,70,62763fd48ebc7554402f,180,COc1ccc(C)cc1OC,unlabeled
769539383,70,dd29d0f859e11f70f4ec,181,COc1ccc(C)cc1OC,unlabeled
769539383,70,826e9f40c328ce2478ec,182,COc1ccc(C)cc1OC,unlabeled
769539383,70,2e684264400b651dae88,183,C1=Cc2ccccc2C1,gradient_train
769539383,70,e4f37e6e6def0eec724a,184,C1=Cc2ccccc2C1,unlabeled
769539383,70,fda6d7aa920e5400a222,185,C1=Cc2ccccc2C1,unlabeled
769539383,70,ee0eba88726c692c7f0c,186,C1=Cc2ccccc2C1,test
769539383,70,c438c37de3a60de0e84a,187,C1=Cc2ccccc2C1,unlabeled
769539383,70,f51bc35441c8ba7713b6,188,C1=Cc2ccccc2C1,gradient_train
769539383,70,cb1bb21d54890633943c,189,C1=Cc2ccccc2C1,unlabeled
769539383,70,2e561b136ec088ba3eff,190,Cc1ccc(C)cc1,unlabeled
769539383,70,0d6f66d7971473a2cef9,191,Cc1ccc(C)cc1,test
769539383,70,6950f8ebe95298defec5,192,Cc1ccc(C)cc1,unlabeled
769539383,70,1837a52df085e2fc70d1,193,Cc1ccc(C)cc1,test
769539383,70,8067767b73f132489d46,194,Cc1ccc(C)cc1,unlabeled
769539383,70,bc3f10fed296515e66e5,195,Cc1ccc(C)cc1,unlabeled
769539383,70,369517a8e4fab7d4e0e5,196,Cc1ccc(C)cc1,unlabeled
769539383,70,acc1a540efdb60e4fa76,197,ClCCc1ccccc1,unlabeled
769539383,70,b849b02cc7a096ff6f6a,198,ClCCc1ccccc1,unlabeled
769539383,70,75b105d94d176eec90ba,199,ClCCc1ccccc1,test
769539383,70,4699975b36aa2351be18,200,ClCCc1ccccc1,unlabeled
769539383,70,a2ecd7c05da585c2a35e,201,ClCCc1ccccc1,unlabeled
769539383,70,82843c7e3b9005c1abb0,202,ClCCc1ccccc1,unlabeled
769539383,70,216e9e13c0587f197c0b,203,ClCCc1ccccc1,unlabeled
769539383,70,31162ac7e21c9688cbdc,204,CC(O)c1ccccc1,unlabeled
769539383,70,82ffe9abc3d02f4b970f,205,CC(O)c1ccccc1,unlabeled
769539383,70,35eae227e68fe7434e68,206,CC(O)c1ccccc1,unlabeled
769539383,70,82b6a0a8f122317d79d4,207,CC(O)c1ccccc1,gradient_train
769539383,70,9b28c23ad1d4dda9fe1a,208,CC(O)c1ccccc1,unlabeled
769539383,70,4455212440cbaf6d51e2,209,COc1ccccc1,unlabeled
769539383,70,fcea8574ae051fe11483,210,COc1ccccc1,unlabeled
769539383,70,04d4a16ff682bc7c55c8,211,COc1ccccc1,unlabeled
769539383,70,62ca5eadee5ef28e9aeb,212,COc1ccccc1,unlabeled
769539383,70,42f031acb8211bfbf67f,213,COc1ccccc1,unlabeled
769539383,70,472b8f06caf25ffe6c7a,214,COc1ccccc1,unlabeled
769539383,70,d532e4ccbab971232d40,215,COc1ccccc1,test
769539383,70,bae9f1ce7c04e7ccf16b,216,CCOC(=O)C(Br)C(=O)OCC,unlabeled
769539383,70,fc58ac30a03fcb0ec051,217,CCOC(=O)C(Br)C(=O)OCC,test
769539383,70,c4b569d1149e4ec87b12,218,CCOC(=O)C(Br)C(=O)OCC,gradient_train
769539383,70,53d7fb31d852cbb33059,219,CCOC(=O)C(Br)C(=O)OCC,unlabeled
769539383,70,265addbdd355a85c628d,220,CCOC(=O)C(Br)C(=O)OCC,unlabeled
769539383,70,b07e3b186c5f9a698624,221,CCOC(=O)C(Br)C(=O)OCC,unlabeled
769539383,70,28c4b7ec4bf7f486b68c,222,CCOC(=O)C(Br)C(=O)OCC,gradient_train
769539383,70,c9d7d885160197c7f67c,223,c1ccc(COCc2ccccc2)cc1,unlabeled
769539383,70,e2869f5cf5635b6ae9c1,224,c1ccc(COCc2ccccc2)cc1,unlabeled
769539383,70,49865eda3c0e936157be,225,c1ccc(COCc2ccccc2)cc1,unlabeled
769539383,70,d26cffd9ef4da9800470,226,c1ccc(COCc2ccccc2)cc1,unlabeled
769539383,70,ce9ac115ce41ab41f01d,227,c1ccc(COCc2ccccc2)cc1,gradient_train
769539383,70,b2b5155e06ff9134c6a4,228,c1ccc(COCc2ccccc2)cc1,unlabeled
769539383,70,f1aabb6243aed53011cb,229,c1ccc(COCc2ccccc2)cc1,unlabeled
769539383,70,ebc9c107c2207e99cf79,230,CCOC(=O)CC(C)=O,unlabeled
769539383,70,f373e0ffa24cb51dd13a,231,CCOC(=O)CC(C)=O,unlabeled
769539383,70,bcb35848089ca50a1eef,232,CCOC(=O)CC(C)=O,unlabeled
769539383,70,ef8527c6b63d54b73966,233,CCOC(=O)CC(C)=O,unlabeled
769539383,70,86f385aa0925171d22cc,234,CCOC(=O)CC(C)=O,unlabeled
769539383,70,9c7a6ce4172638d2abc7,235,CCOC(=O)CC(C)=O,unlabeled
769539383,70,982585c1a4e89f10713f,236,O=CCCc1ccccc1,unlabeled
769539383,70,36af0c588eb2e094a55e,237,O=CCCc1ccccc1,unlabeled
769539383,70,afcb9ffea06f12f9e0f5,238,O=CCCc1ccccc1,test
769539383,70,e584c52185ccefd22a26,239,O=CCCc1ccccc1,gradient_train
769539383,70,39e40f336da135e6a7b5,240,O=CCCc1ccccc1,unlabeled
769539383,70,e3c9408f01aa7642870f,241,O=CCCc1ccccc1,unlabeled
769539383,70,155ad3f702726e253c4d,242,O=CCCc1ccccc1,unlabeled
769539383,70,f84aa17604ca7f927b8c,243,C=CC(=O)OCCOc1ccccc1,unlabeled
769539383,70,6b8023df74ccc51e5c76,244,C=CC(=O)OCCOc1ccccc1,unlabeled
769539383,70,b056b793f5b571e6cdee,245,C=CC(=O)OCCOc1ccccc1,unlabeled
769539383,70,934f00061cc32bab10e8,246,C=CC(=O)OCCOc1ccccc1,unlabeled
769539383,70,b983d4c3094d909b570e,247,C=CC(=O)OCCOc1ccccc1,unlabeled
769539383,70,b6f53d16978daf702470,248,C=CC(=O)OCCOc1ccccc1,unlabeled
769539383,70,9563dde5c28fb62e4f7e,249,C=CC(=O)OCCOc1ccccc1,unlabeled
769539383,70,de2563a5f711307823f1,250,C=CC(=O)OC1CCCCC1,test
769539383,70,e2e681b0653ec64f7c14,251,C=CC(=O)OC1CCCCC1,unlabeled
769539383,70,fbf392edaddff6347b58,252,C=CC(=O)OC1CCCCC1,unlabeled
769539383,70,3955ae590ac179d279b6,253,C=CC(=O)OC1CCCCC1,unlabeled
769539383,70,db51f6df02555cb9c264,254,C=CC(=O)OC1CCCCC1,test
769539383,70,2195290d04210cdb253f,255,C=CC(=O)OC1CCCCC1,unlabeled
769539383,70,8063e3de9de70b75def1,256,C=CC(=O)OC1CCCCC1,unlabeled
769539383,70,88771c5c64ed839a4436,257,C=CC(=O)OCc1ccccc1,unlabeled
769539383,70,b5365d56777fde5c4dfc,258,C=CC(=O)OCc1ccccc1,unlabeled
769539383,70,4513e318c9d037303b13,259,C=CC(=O)OCc1ccccc1,unlabeled
769539383,70,efca00a284b2cadc5737,260,C=CC(=O)OCc1ccccc1,unlabeled
769539383,70,b473ef06a415d0f114b0,261,C=CC(=O)OCc1ccccc1,unlabeled
769539383,70,df02863943321996441f,262,C=CC(=O)OCc1ccccc1,unlabeled
769539383,70,194278dd9ee3d2407ed5,263,C=CC(=O)OCc1ccccc1,unlabeled
769539383,70,cc31b914acbab022eb9a,264,COC(=O)C(C)(C)Br,unlabeled
769539383,70,a9eea85ddeee2da33706,265,COC(=O)C(C)(C)Br,unlabeled
769539383,70,640353c89b3ce64ee98b,266,COC(=O)C(C)(C)Br,test
769539383,70,b11bb6293c307f7f7282,267,COC(=O)C(C)(C)Br,test
769539383,70,77b0577e6b0adb649e63,268,COC(=O)C(C)(C)Br,validation
769539383,70,543561ac99bc28db6f2f,269,COC(=O)C(C)(C)Br,unlabeled
769539383,70,056255620b7acc9c630f,270,COC(=O)C(C)(C)Br,unlabeled
769539383,70,7b1589ae321d27608509,271,COC(=O)CS,test
769539383,70,0fee19a828ef997229fd,272,COC(=O)CS,gradient_train
769539383,70,222dede783147d5efa63,273,COC(=O)CS,unlabeled
769539383,70,d9a40ac35b79fbcf214a,274,COC(=O)CS,unlabeled
769539383,70,aaf22f8324aad12a55fa,275,COC(=O)CS,unlabeled
769539383,70,a9bfabe931467745353e,276,COC(=O)CS,unlabeled
769539383,70,be7d68067464e72d0b8d,277,COC(=O)CS,unlabeled
769539383,70,b418a712463f5abf8b81,278,CC(=O)CCCCl,unlabeled
769539383,70,850a69ce73ac04035aa3,279,CC(=O)CCCCl,test
769539383,70,7c4153fe9561da818ae1,280,CC(=O)CCCCl,unlabeled
769539383,70,a67016d937c499be9d64,281,CC(C)=CCBr,test
769539383,70,4559d83db38cc3c39d13,282,CC(C)=CCBr,unlabeled
769539383,70,bf8409f12dae2388c6a0,283,CC(C)=CCBr,unlabeled
769539383,70,832899abb44b8d2246cd,284,CC(C)=CCBr,unlabeled
769539383,70,5729cc87eb48a75655ad,285,CC(C)=CCBr,unlabeled
769539383,70,adb6d48eec0fb576d7fc,286,CC(C)=CCBr,unlabeled
769539383,70,bc789871fe39d967a9e0,287,CC(C)=CCBr,unlabeled
769539383,70,fff65bc451d163b1b106,288,C=CC(=O)OCCCCCCCCCCCC,unlabeled
769539383,70,c761659793c5929e2214,289,C=CC(=O)OCCCCCCCCCCCC,unlabeled
769539383,70,4c7d7c5f8b0c317c5548,290,C=CC(=O)OCCCCCCCCCCCC,unlabeled
769539383,70,a9656ffd805f80fcf143,291,C=CC(=O)OCCCCCCCCCCCC,unlabeled
769539383,70,da10d2f67a989e8b16b5,292,C=CC(=O)OCCCCCCCCCCCC,unlabeled
769539383,70,7ca22b2f4d23a7afb10e,293,C=CC(=O)OCCCCCCCCCCCC,unlabeled
769539383,70,38f57a9d08efd5f070d0,294,C=CC(=O)OCCCCCCCCCCCC,unlabeled
769539383,70,1619a0c8b233772ba0c0,295,C=CC(=O)O[C@@H]1C[C@H]2CC[C@]1(C)C2(C)C,unlabeled
769539383,70,0b9968c1280b5e4f726a,296,C=CC(=O)O[C@@H]1C[C@H]2CC[C@]1(C)C2(C)C,unlabeled
769539383,70,0d5196ceda603b66bd22,297,C=CC(=O)O[C@@H]1C[C@H]2CC[C@]1(C)C2(C)C,test
769539383,70,244e5c6375ff0c923725,298,C=CC(=O)O[C@@H]1C[C@H]2CC[C@]1(C)C2(C)C,unlabeled
769539383,70,4f34bbce67c94a44318a,299,C=CC(=O)O[C@@H]1C[C@H]2CC[C@]1(C)C2(C)C,unlabeled
769539383,70,0f8a39d1c0a7eaf35c75,300,C=CC(=O)O[C@@H]1C[C@H]2CC[C@]1(C)C2(C)C,unlabeled
769539383,70,6de4f7fd8ac19d183348,301,C=CC(=O)O[C@@H]1C[C@H]2CC[C@]1(C)C2(C)C,test
769539383,70,8bac25cfab022a9fb887,302,C=CC(=O)OCC(CC)CCCC,unlabeled
769539383,70,aeef2128392508cc81cc,303,C=CC(=O)OCC(CC)CCCC,test
769539383,70,a2eefb55da4d47a4347b,304,C=CC(=O)OCC(CC)CCCC,unlabeled
769539383,70,3c7f7a7105a5eb39ca89,305,C=CC(=O)OCC(CC)CCCC,test
769539383,70,2bf67acb4c861cf83990,306,C=CC(=O)OCC(CC)CCCC,unlabeled
769539383,70,d67e364fd6830aa2bf6f,307,C=CC(=O)OCC(CC)CCCC,unlabeled
769539383,70,84caf30ea66b29e2ea91,308,C=CC(=O)OCC(CC)CCCC,unlabeled
769539383,70,1bd5bb3744b78ada7307,309,FC(F)(F)c1cc(Br)cc(C(F)(F)F)c1,unlabeled
769539383,70,dd7fdbe3fa3800e6499f,310,FC(F)(F)c1cc(Br)cc(C(F)(F)F)c1,unlabeled
769539383,70,ab84efb31c801e49c87c,311,FC(F)(F)c1cc(Br)cc(C(F)(F)F)c1,unlabeled
769539383,70,69f6dbdc304c0475f868,312,FC(F)(F)c1cc(Br)cc(C(F)(F)F)c1,gradient_train
769539383,70,a43656cab81e1b0fcccf,313,FC(F)(F)c1cc(Br)cc(C(F)(F)F)c1,unlabeled
769539383,70,bcf8bb13e4fca185fe68,314,FC(F)(F)c1cc(Br)cc(C(F)(F)F)c1,unlabeled
769539383,70,fe71f29c800d4ee35138,315,FC(F)(F)c1cc(Br)cc(C(F)(F)F)c1,unlabeled
769539383,70,2416be80d114ff60224d,316,O=Cc1ccc(Cl)cc1Br,unlabeled
769539383,70,9201cead3641f52a1f20,317,O=Cc1ccc(Cl)cc1Br,unlabeled
769539383,70,49276f9b1cc72d41bbfd,318,O=Cc1ccc(Cl)cc1Br,unlabeled
769539383,70,6cb8bbf843e6064ce249,319,O=Cc1ccc(Cl)cc1Br,unlabeled
769539383,70,a6b1d92e3de602f8963c,320,O=Cc1ccc(Cl)cc1Br,test
769539383,70,135ac7deca522d1e7929,321,O=Cc1ccc(Cl)cc1Br,unlabeled
769539383,70,0f3bd8418ab9ba9d1ed2,322,O=Cc1ccc(Cl)cc1Br,unlabeled
769539383,70,6cd5860914563da59932,323,O=Cc1ccc2c(c1)CCO2,unlabeled
769539383,70,5179c3962ada5450dde7,324,O=Cc1ccc2c(c1)CCO2,gradient_train
769539383,70,ad45b4b8aaed2c2b0b33,325,O=Cc1ccc2c(c1)CCO2,unlabeled
769539383,70,6c8de7fb3dbd4f5adabf,326,O=Cc1ccc2c(c1)CCO2,gradient_train
769539383,70,f72724ff299c47641488,327,COc1cc(F)cc(Br)c1,unlabeled
769539383,70,2cde006ff48a36a368d2,328,COc1cc(F)cc(Br)c1,unlabeled
769539383,70,09879f6853acb50e1280,329,COc1cc(F)cc(Br)c1,gradient_train
769539383,70,cd492dbc52d170e5a396,330,COc1cc(F)cc(Br)c1,unlabeled
769539383,70,e1244cc412f81ac11bd3,331,COc1cc(F)cc(Br)c1,unlabeled
769539383,70,69bed1df8dc3cf82927c,332,COc1cc(F)cc(Br)c1,test
769539383,70,adc9f476f8b5d66fa85d,333,COc1cc(F)cc(Br)c1,unlabeled
769539383,70,e7e3cdff8a4b43574b19,334,CC(C)(C)c1cc(C=O)cc(C(C)(C)C)c1,gradient_train
769539383,70,22fcaa293d9525e1f4e7,335,CC(C)(C)c1cc(C=O)cc(C(C)(C)C)c1,unlabeled
769539383,70,5965305884ee5fba94d8,336,CC(C)(C)c1cc(C=O)cc(C(C)(C)C)c1,unlabeled
769539383,70,556baeed852270e9c0fc,337,CC(C)(C)c1cc(C=O)cc(C(C)(C)C)c1,unlabeled
769539383,70,376fc6387117429bcb19,338,CC(C)(C)c1cc(C=O)cc(C(C)(C)C)c1,unlabeled
769539383,70,3fbc880a145bcc2155c9,339,CC(C)(C)c1cc(C=O)cc(C(C)(C)C)c1,unlabeled
769539383,70,2964279ae2fd8a820ae1,340,CC(C)(C)c1cc(C=O)cc(C(C)(C)C)c1,unlabeled
769539383,70,c084940b1be4fa61738d,341,COc1cc(Br)cc(OC)c1,unlabeled
769539383,70,deac65153d9204a230ec,342,COc1cc(Br)cc(OC)c1,unlabeled
769539383,70,b5f0b6271cd244ade9a3,343,COc1cc(Br)cc(OC)c1,gradient_train
769539383,70,79723584590c0a689474,344,COc1cc(Br)cc(OC)c1,unlabeled
769539383,70,984bc17b1da105c753eb,345,COc1cc(Br)cc(OC)c1,unlabeled
769539383,70,1b7e334ea83516d08ff5,346,COc1cc(Br)cc(OC)c1,test
769539383,70,b8018c4bdaadd42a057a,347,COc1cc(Br)cc(OC)c1,gradient_train
769539383,70,3b03dfa8ff44ff554734,348,O=Cc1cc(Br)ccc1O,unlabeled
769539383,70,167f49f748fa35bdb29e,349,O=Cc1cc(Br)ccc1O,gradient_train
769539383,70,7e19b816ecd8282ce2a1,350,O=Cc1cc(Br)ccc1O,unlabeled
769539383,70,0dffde5d00d50ee96173,351,O=Cc1cc(Br)ccc1O,unlabeled
769539383,70,65bfb38b53dd53bc4f4c,352,O=Cc1cc(Br)ccc1O,unlabeled
769539383,70,e79c5aedcfa41a5f23c9,353,O=Cc1cc(Br)ccc1O,gradient_train
769539383,70,27b234a05f8c66fd059f,354,O=Cc1cc(Br)ccc1O,unlabeled
769539383,70,1bf52d57e3b0d9ef0662,355,Cc1ccc(Cl)cc1Br,unlabeled
769539383,70,867407c66038f21466a8,356,Cc1ccc(Cl)cc1Br,test
769539383,70,fb19bbc052a528249f36,357,Cc1ccc(Cl)cc1Br,unlabeled
769539383,70,13bebd0b1ab22fc7e93b,358,Cc1ccc(Cl)cc1Br,unlabeled
769539383,70,c1b4c0f7481c01c40ec6,359,Cc1ccc(Cl)cc1Br,unlabeled
769539383,70,bb159f5b8695e842d4ff,360,Cc1ccc(Cl)cc1Br,gradient_train
769539383,70,ce70dba7026ce0b64f62,361,Cc1ccc(Cl)cc1Br,unlabeled
769539383,70,a5ea3136b642f8a49607,362,N#Cc1ccccc1Br,unlabeled
769539383,70,8671b386166171ebd7f7,363,N#Cc1ccccc1Br,unlabeled
769539383,70,d344b363b8c01e73a6fa,364,N#Cc1ccccc1Br,gradient_train
769539383,70,70e13ddfe9e6cc9b0f56,365,N#Cc1ccccc1Br,unlabeled
769539383,70,35046c5ff35d8c8617bb,366,N#Cc1ccccc1Br,unlabeled
769539383,70,848f6c84b4d5fc44c3c2,367,N#Cc1ccccc1Br,unlabeled
769539383,70,0974fc9cbeb3820c4065,368,Cc1ccc(C=O)c(C)c1,gradient_train
769539383,70,bc486e940c369b85ce28,369,Cc1ccc(C=O)c(C)c1,unlabeled
769539383,70,9a29b268530b7a3321a0,370,Cc1ccc(C=O)c(C)c1,test
769539383,70,51394d9af7adc7eff816,371,Cc1ccc(C=O)c(C)c1,unlabeled
769539383,70,5cbed870fef2de105046,372,Cc1ccc(C=O)c(C)c1,test
769539383,70,dbb854b36df7ed31d95f,373,Cc1ccc(C=O)c(C)c1,unlabeled
769539383,70,0c0f89307cc4aff87ab6,374,Cc1ccc(C=O)c(C)c1,gradient_train
769539383,70,a5d9706079ccfee3bdf4,375,COCCOC(=O)CC(C)=O,gradient_train
769539383,70,bacef06b4d4d7374a4e4,376,COCCOC(=O)CC(C)=O,unlabeled
769539383,70,74097878150c8a5a8d79,377,COCCOC(=O)CC(C)=O,gradient_train
769539383,70,47404d0982a587f0393e,378,COCCOC(=O)CC(C)=O,unlabeled
769539383,70,fb80794857ddc46e142c,379,CC(=O)c1ccc2c(c1)OCO2,test
769539383,70,6f34563b6236c57b9c60,380,CC(=O)c1ccc2c(c1)OCO2,unlabeled
769539383,70,147b560e4c606680c7b2,381,CC(=O)c1ccc2c(c1)OCO2,unlabeled
769539383,70,7396668aaa8d372aa464,382,CC(=O)c1ccc2c(c1)OCO2,unlabeled
769539383,70,78b04c44dfa852f4e621,383,CC(=O)c1ccc2c(c1)OCO2,unlabeled
769539383,70,f191e08b3e95928a5423,384,CC(=O)c1ccc2c(c1)OCO2,unlabeled
769539383,70,f5634113e0822bda1c03,385,CC(=O)c1ccc2c(c1)OCO2,unlabeled
769539383,70,45264f1c88b241fb888c,386,CC(=O)c1c(C)cc(C)cc1C,unlabeled
769539383,70,7b0fa77cbbcbd8e7c87a,387,CC(=O)c1c(C)cc(C)cc1C,unlabeled
769539383,70,c514f60c28973fc116c5,388,CC(=O)c1c(C)cc(C)cc1C,test
769539383,70,b63d546347919cb66716,389,CC(=O)c1c(C)cc(C)cc1C,unlabeled
769539383,70,823c667f35cddfcbc346,390,CC(=O)c1c(C)cc(C)cc1C,unlabeled
769539383,70,d2955aa36bd2b103c981,391,CC(=O)c1c(C)cc(C)cc1C,unlabeled
769539383,70,4ce730c9ad4e20a0386e,392,CC(=O)c1c(C)cc(C)cc1C,gradient_train
769539383,70,f3531a1565c8159ac5e2,393,CC(=O)c1ccc(C)cc1C,unlabeled
769539383,70,c359fd726e50e2123f43,394,CC(=O)c1ccc(C)cc1C,unlabeled
769539383,70,a9a623a9853c6b493ce4,395,CC(=O)c1ccc(C)cc1C,unlabeled
769539383,70,784ca4af1517dac8cd11,396,CC(=O)c1ccc(C)cc1C,gradient_train
769539383,70,4c36e8e7d179b4bfa11a,397,CC(=O)c1ccc(C)cc1C,unlabeled
769539383,70,77fe8c752e01feedccfa,398,CC(=O)c1ccc(C)cc1C,unlabeled
769539383,70,0a1949b42050f41b0db4,399,CC(=O)c1ccc(C)cc1C,unlabeled
769539383,70,118d66c0e53f510c51ed,400,CC(=O)c1ccc2c(c1)Cc1ccccc1-2,unlabeled
769539383,70,38aa81d53a6b39e9d8ef,401,CC(=O)c1ccc2c(c1)Cc1ccccc1-2,gradient_train
769539383,70,c780d2f5194817087e07,402,CC(=O)c1ccc2c(c1)Cc1ccccc1-2,unlabeled
769539383,70,546046afb5114d631360,403,CC(=O)c1ccc2c(c1)Cc1ccccc1-2,unlabeled
769539383,70,dc9f747c03c55d77bf72,404,BrC(=C(c1ccccc1)c1ccccc1)c1ccccc1,unlabeled
769539383,70,d29c00125d1c5dc55586,405,BrC(=C(c1ccccc1)c1ccccc1)c1ccccc1,unlabeled
769539383,70,509e53644c411798f5b0,406,BrC(=C(c1ccccc1)c1ccccc1)c1ccccc1,unlabeled
769539383,70,5ac5df671efee45d3ddf,407,BrC(=C(c1ccccc1)c1ccccc1)c1ccccc1,unlabeled
769539383,70,1e8c03a5d84f08329475,408,BrC(=C(c1ccccc1)c1ccccc1)c1ccccc1,unlabeled
769539383,70,a7f9a08159d001c30f67,409,BrC(=C(c1ccccc1)c1ccccc1)c1ccccc1,unlabeled
769539383,70,97feb43dae8371e80d3b,410,BrC(=C(c1ccccc1)c1ccccc1)c1ccccc1,unlabeled
769539383,70,2f612d3ec5e270672ad1,411,C/C(=N\O)c1ccccc1,unlabeled
769539383,70,b089551184e4d70e386d,412,C/C(=N\O)c1ccccc1,unlabeled
769539383,70,95f7b6c8f44b25feade0,413,C/C(=N\O)c1ccccc1,test
769539383,70,b0f39affa1970d2700b7,414,C/C(=N\O)c1ccccc1,test
769539383,70,af2973fb82b6d79d8c5e,415,C/C(=N\O)c1ccccc1,unlabeled
769539383,70,3545611fd9950a160288,416,C/C(=N\O)c1ccccc1,unlabeled
769539383,70,786c4179676f46638e4a,417,O=C(c1ccccc1)c1ccc(Cl)cc1,unlabeled
769539383,70,937105af8867732c56ec,418,O=C(c1ccccc1)c1ccc(Cl)cc1,unlabeled
769539383,70,711f210d4869259d0651,419,O=C(c1ccccc1)c1ccc(Cl)cc1,unlabeled
769539383,70,26bb8ff67b7738527484,420,O=C(c1ccccc1)c1ccc(Cl)cc1,gradient_train
769539383,70,6624c43f78e6697c8ac9,421,O=C(c1ccccc1)c1ccc(Cl)cc1,unlabeled
769539383,70,f9b97e958092bd5cb81a,422,O=C(c1ccccc1)c1ccc(Cl)cc1,gradient_train
769539383,70,2d53109003f718b780fa,423,Cc1ccc(C(=O)c2ccccc2)cc1C,unlabeled
769539383,70,b9b624baffe611c30836,424,Cc1ccc(C(=O)c2ccccc2)cc1C,unlabeled
769539383,70,f8a590eaa91d155f61da,425,Cc1ccc(C(=O)c2ccccc2)cc1C,unlabeled
769539383,70,2fcaa537474ba2ae579f,426,Cc1ccc(C(=O)c2ccccc2)cc1C,test
769539383,70,d914e4c833f2df567cac,427,Cc1ccc(C(=O)c2ccccc2)cc1C,gradient_train
769539383,70,5048acae682925888d12,428,Cc1ccc(C(=O)c2ccccc2)cc1C,gradient_train
769539383,70,41927f703a0632f098fb,429,CC(=O)CC(=O)c1ccccc1,gradient_train
769539383,70,760d0bf0ec31747d3969,430,CC(=O)CC(=O)c1ccccc1,unlabeled
769539383,70,d71aab82a8179d05294a,431,CC(=O)CC(=O)c1ccccc1,unlabeled
769539383,70,25ffb25df5bec65a633b,432,CC(=O)CC(=O)c1ccccc1,unlabeled
769539383,70,92d69b1849c34b7f1a80,433,CCOC(=O)C(Cc1ccccc1)C(C)=O,test
769539383,70,a289439d96e27bec7cbc,434,CCOC(=O)C(Cc1ccccc1)C(C)=O,unlabeled
769539383,70,4707a180fe4230c208ff,435,CCOC(=O)C(Cc1ccccc1)C(C)=O,unlabeled
769539383,70,41921840a5681261ba98,436,CCOC(=O)C(Cc1ccccc1)C(C)=O,unlabeled
769539383,70,b5080cde4f493a415fc5,437,CCOC(=O)C(Cc1ccccc1)C(C)=O,validation
769539383,70,1bbec08f4838f06da0fb,438,CCOC(=O)C(Cc1ccccc1)C(C)=O,gradient_train
769539383,70,bd0519702a5756bc3c94,439,CCOC(=O)C(Cc1ccccc1)C(C)=O,gradient_train
769539383,70,b7fa3dd8e6040788ae14,440,CCOC(=O)c1cccnc1,gradient_train
769539383,70,2deca509a22158d15375,441,CCOC(=O)c1cccnc1,unlabeled
769539383,70,b48dea92ecfc07816494,442,CCOC(=O)c1cccnc1,unlabeled
769539383,70,82fa7e7b3bd183853280,443,CCOC(=O)c1cccnc1,test
769539383,70,7ba2cf5e6ca289d9810f,444,CCOC(=O)c1cccnc1,unlabeled
769539383,70,7dec4c1259ce3660b729,445,COc1ccc(OC)c(Br)c1,gradient_train
769539383,70,768064b2e2a953d147d0,446,COc1ccc(OC)c(Br)c1,unlabeled
769539383,70,212154e56fe15a3333a2,447,COc1ccc(OC)c(Br)c1,unlabeled
769539383,70,c56a92db4ce7de66bee1,448,COc1ccc(OC)c(Br)c1,unlabeled
769539383,70,48b99ebef2fd7718f678,449,COc1ccc(OC)c(Br)c1,unlabeled
769539383,70,6da48b9dd6e1ed7e26fd,450,COc1ccc(OC)c(Br)c1,unlabeled
769539383,70,a2eeeea4e6525c9d22d4,451,COc1ccc(OC)c(Br)c1,unlabeled
769539383,70,1e0e33b1a77df72f4dd8,452,OCc1cccc(Br)c1,test
769539383,70,371711577127c07527e3,453,OCc1cccc(Br)c1,validation
769539383,70,78d4810a82f060b5cf49,454,OCc1cccc(Br)c1,validation
769539383,70,1c04f02c0ea8c00b358d,455,OCc1cccc(Br)c1,unlabeled
769539383,70,4bc0dc84991def63aa1b,456,O=C1CCCc2ccccc21,unlabeled
769539383,70,2433f7a3f7959e1d1b74,457,O=C1CCCc2ccccc21,unlabeled
769539383,70,944f0a85ec8978a60444,458,O=C1CCCc2ccccc21,unlabeled
769539383,70,8afc083342d1c2e7f78a,459,O=C1CCCc2ccccc21,unlabeled
769539383,70,c35ed383b2db14b3bc06,460,O=C1CCCc2ccccc21,unlabeled
769539383,70,d7c72c92165e2c129547,461,O=C1CCCc2ccccc21,unlabeled
769539383,70,e375bb01e53e46f8faee,462,O=C1CCCc2ccccc21,unlabeled
769539383,70,fdc873b5607287090ff3,463,CSc1ccc(C=O)cc1,unlabeled
769539383,70,80b4e33a8434ac29ed52,464,CSc1ccc(C=O)cc1,test
769539383,70,ee60c3ffc43a4c2c965e,465,CSc1ccc(C=O)cc1,unlabeled
769539383,70,95f10fffb85ea1b1f47a,466,CSc1ccc(C=O)cc1,unlabeled
769539383,70,793d8259fd7820530cfe,467,Cc1ccccc1C=O,unlabeled
769539383,70,13fb1511fffef8fc96e0,468,Cc1ccccc1C=O,unlabeled
769539383,70,532a47d1b45e54d6326b,469,Cc1ccccc1C=O,unlabeled
769539383,70,dcd70c2b5039c4268d56,470,Cc1ccccc1C=O,unlabeled
769539383,70,22d860e7f246ca4272a4,471,Cc1ccccc1C=O,unlabeled
769539383,70,f21df276243d861dc2b2,472,Cc1ccccc1C=O,gradient_train
769539383,70,08820514e662ce6ea8f0,473,Cc1ccccc1C=O,unlabeled
769539383,70,d60e09bca01342c7cfa6,474,O=Cc1ccc(Br)cc1O,gradient_train
769539383,70,9dda290379fb047fc74d,475,O=Cc1ccc(Br)cc1O,unlabeled
769539383,70,4a58b799c494875f6f27,476,O=Cc1ccc(Br)cc1O,validation
769539383,70,98a1ca00445d60f415d4,477,O=Cc1ccc(Br)cc1O,test
769539383,70,ddecd252bb1099fb20f7,478,O=Cc1ccc(Br)cc1O,test
769539383,70,226ebdbf914ce9333de8,479,O=Cc1ccc(Br)cc1O,unlabeled
769539383,70,99dd4a9a47de5c84b7c0,480,O=Cc1ccc(Br)cc1O,unlabeled
769539383,70,ecc7e2759499addc038f,481,CC(=O)c1ccc(Br)cc1,unlabeled
769539383,70,66c1ee6eed3d1587de50,482,CC(=O)c1ccc(Br)cc1,unlabeled
769539383,70,a26a131344d4dbd9645b,483,CC(=O)c1ccc(Br)cc1,unlabeled
769539383,70,f0edd899ac987a1de9dd,484,CC(=O)c1ccc(Br)cc1,test
769539383,70,0e13b08b0f9c772699e1,485,CC(=O)c1ccc(Br)cc1,unlabeled
769539383,70,1254297404cc9db52ee2,486,CC(=O)c1ccc(Br)cc1,unlabeled
769539383,70,bc8e1d805b36b63cbfbe,487,CC(=O)c1ccc(Br)cc1,test
769539383,70,cd998cddd3dcb4fc8c92,488,O=C(Cc1ccccc1)c1ccccc1,unlabeled
769539383,70,12e11e8eaee71fc57209,489,O=C(Cc1ccccc1)c1ccccc1,unlabeled
769539383,70,054457c7699aabd6c619,490,O=C(Cc1ccccc1)c1ccccc1,unlabeled
769539383,70,893e4c91da1b0b2f7d3e,491,O=C(Cc1ccccc1)c1ccccc1,unlabeled
769539383,70,18e8a9c1ea6aa15c0d01,492,O=C(Cc1ccccc1)c1ccccc1,unlabeled
769539383,70,bc582f1f4f4225f6d249,493,O=C(Cc1ccccc1)c1ccccc1,unlabeled
769539383,70,d92ef85db0d1c0979197,494,O=C(Cc1ccccc1)c1ccccc1,unlabeled
769539383,70,ddc0b27538aa926cbb6e,495,O=Cc1ccc(-c2ccccc2)cc1,unlabeled
769539383,70,6dcfe9b1e0958f22523b,496,O=Cc1ccc(-c2ccccc2)cc1,unlabeled
769539383,70,3cdf1bcd3739e20f72d2,497,O=Cc1ccc(-c2ccccc2)cc1,unlabeled
769539383,70,a8e4c6001ce3245c634b,498,O=Cc1ccc(-c2ccccc2)cc1,unlabeled
769539383,70,24b540d7814b4d9c5183,499,O=Cc1ccc(-c2ccccc2)cc1,unlabeled
769539383,70,b0cadf050313e9a3a162,500,O=Cc1ccc(-c2ccccc2)cc1,unlabeled
769539383,70,8837a8a19c37b63d2e48,501,O=Cc1ccc(-c2ccccc2)cc1,unlabeled
769539383,70,23a832560d234735d954,502,O=Cc1ccc2ccccc2c1Br,unlabeled
769539383,70,90777be8090491479de1,503,O=Cc1ccc2ccccc2c1Br,unlabeled
769539383,70,926a7862066269f98d62,504,O=Cc1ccc2ccccc2c1Br,unlabeled
769539383,70,2c51476c6fa3121c5dfc,505,O=Cc1ccc2ccccc2c1Br,unlabeled
769539383,70,5a9449a7562d442b8669,506,O=Cc1ccc2ccccc2c1Br,unlabeled
769539383,70,2cbca950d64fdcd81660,507,O=Cc1ccc2ccccc2c1Br,unlabeled
769539383,70,fb1fdaa4bc60434648f7,508,O=Cc1ccc2ccccc2c1Br,unlabeled
769539383,70,9e46dbe8a460d3f96a27,509,O=C(/C=C/c1ccccc1)c1ccccc1,gradient_train
769539383,70,31e75b850983502aa64f,510,O=C(/C=C/c1ccccc1)c1ccccc1,unlabeled
769539383,70,b566ed83f272904657ba,511,O=C(/C=C/c1ccccc1)c1ccccc1,unlabeled
769539383,70,c2be1e8f7c2c080f49f5,512,O=C(/C=C/c1ccccc1)c1ccccc1,unlabeled
769539383,70,fde2d968ab29d13d4f1d,513,O=C(/C=C/c1ccccc1)c1ccccc1,unlabeled
769539383,70,240da69c823911ff5ccc,514,O=C(/C=C/c1ccccc1)c1ccccc1,unlabeled
769539383,70,b2b26956a788c2a8c7e9,515,O=C(/C=C/c1ccccc1)c1ccccc1,test
769539383,70,f3b80f5fe97d26fd8383,516,O=C(/C=C/c1ccccc1)/C=C/c1ccccc1,unlabeled
769539383,70,d60f7e6b21ea96567843,517,O=C(/C=C/c1ccccc1)/C=C/c1ccccc1,unlabeled
769539383,70,bb61793cbbbe2bfa4e12,518,O=C(/C=C/c1ccccc1)/C=C/c1ccccc1,unlabeled
769539383,70,d078d930aa37448ec4aa,519,O=C(/C=C/c1ccccc1)/C=C/c1ccccc1,unlabeled
769539383,70,8cd132f293d2823adc8d,520,O=C(/C=C/c1ccccc1)/C=C/c1ccccc1,unlabeled
769539383,70,88f58ab7b7cf02f8f134,521,O=C(/C=C/c1ccccc1)/C=C/c1ccccc1,unlabeled
769539383,70,17bdb259a18419ca296f,522,O=C(/C=C/c1ccccc1)/C=C/c1ccccc1,unlabeled
769539383,70,77c599d272254892b6ec,523,CC1CCC(=O)c2ccccc21,gradient_train
769539383,70,b393af61f6769ceccbc0,524,CC1CCC(=O)c2ccccc21,unlabeled
769539383,70,49668be051b44a819f00,525,CC1CCC(=O)c2ccccc21,unlabeled
769539383,70,ffa86b2ffa5ac89b0720,526,CC1CCC(=O)c2ccccc21,unlabeled
769539383,70,43aa4f12be94a8a96b35,527,CC1CCC(=O)c2ccccc21,unlabeled
769539383,70,c09fbafa246c8d17b677,528,CC1CCC(=O)c2ccccc21,unlabeled
769539383,70,f38afd5febe30c01c852,529,CC1CCC(=O)c2ccccc21,unlabeled
769539383,70,490ab56dde175e9b97f5,530,O=C(Cc1ccccc1F)C1CC1,unlabeled
769539383,70,3156893d5d2368c286a5,531,O=C(Cc1ccccc1F)C1CC1,unlabeled
769539383,70,5ca73775e77c8e07812b,532,O=C(Cc1ccccc1F)C1CC1,unlabeled
769539383,70,e90e636dced92c2b53d7,533,O=C(Cc1ccccc1F)C1CC1,unlabeled
769539383,70,21e4905ef98fba65035a,534,O=C(Cc1ccccc1F)C1CC1,unlabeled
769539383,70,2eda4e5a40a9021016cb,535,O=C(Cc1ccccc1F)C1CC1,test
769539383,70,9c357cc9e9b8199eb1e0,536,O=C(Cc1ccccc1F)C1CC1,test
769539383,70,51091e7a7f83732eaf1b,537,CCC(=O)c1cccc(Br)c1,unlabeled
769539383,70,71577790a52cb379d81f,538,CCC(=O)c1cccc(Br)c1,unlabeled
769539383,70,e3b2ac778da2b86aa873,539,CCC(=O)c1cccc(Br)c1,test
769539383,70,1046fdfaf24728b107ba,540,CCC(=O)c1cccc(Br)c1,unlabeled
769539383,70,2e10d8b186d86053260f,541,CCC(=O)c1cccc(Br)c1,unlabeled
769539383,70,5111664a952a4ab7d54e,542,CCC(=O)c1cccc(Br)c1,unlabeled
769539383,70,ffcab07e0d31056e0d4a,543,CCC(=O)c1cccc(Br)c1,unlabeled
769539383,70,b6bb9be5584029502820,544,COCCCCC(=O)c1ccc(C(F)(F)F)cc1,unlabeled
769539383,70,60a000cb56517513c4d2,545,COCCCCC(=O)c1ccc(C(F)(F)F)cc1,unlabeled
769539383,70,677c30b5727454c7a81e,546,COCCCCC(=O)c1ccc(C(F)(F)F)cc1,unlabeled
769539383,70,94bc1858c275dcb3d476,547,COCCCCC(=O)c1ccc(C(F)(F)F)cc1,unlabeled
769539383,70,06c29062334b43b0d12f,548,COCCCCC(=O)c1ccc(C(F)(F)F)cc1,unlabeled
769539383,70,80e66bd0e8e9450537bb,549,COCCCCC(=O)c1ccc(C(F)(F)F)cc1,unlabeled
769539383,70,b82c7c8060589ec1974b,550,CCCC(=O)c1ccc(-c2ccccc2)cc1,unlabeled
769539383,70,57e291b74a249c9dd3ff,551,CCCC(=O)c1ccc(-c2ccccc2)cc1,unlabeled
769539383,70,7d6bcd84e5a6861fc8fc,552,CCCC(=O)c1ccc(-c2ccccc2)cc1,unlabeled
769539383,70,2d37adf0d65a19bc2c0c,553,CCCC(=O)c1ccc(-c2ccccc2)cc1,unlabeled
769539383,70,3c892a45de6ec4625f37,554,CCCC(=O)c1ccc(-c2ccccc2)cc1,unlabeled
769539383,70,e2c826d98b2bbeb6f48b,555,CCCC(=O)c1ccc(-c2ccccc2)cc1,unlabeled
769539383,70,ce61c0bd799e65402b75,556,CCCC(=O)c1ccc(-c2ccccc2)cc1,unlabeled
769539383,70,0f05b5ba6eb528d54b4b,557,O=C(c1ccccc1)c1cccc(C(=O)c2ccccc2)c1,test
769539383,70,c4412adf038c7f6ea3c2,558,O=C(c1ccccc1)c1cccc(C(=O)c2ccccc2)c1,unlabeled
769539383,70,182fc7fe888dbb9535bb,559,O=C(c1ccccc1)c1cccc(C(=O)c2ccccc2)c1,unlabeled
769539383,70,8abf9c0719e2d67a22f9,560,O=C(c1ccccc1)c1cccc(C(=O)c2ccccc2)c1,unlabeled
769539383,70,b8a4c06710d95c33cfe1,561,O=C(c1ccccc1)c1cccc(C(=O)c2ccccc2)c1,unlabeled
769539383,70,7e451fd74af5bfa51ac9,562,O=C(c1ccccc1)c1cccc(C(=O)c2ccccc2)c1,unlabeled
769539383,70,07e9bc7a9d27fdd58c2f,563,O=C(c1ccccc1)c1cccc(C(=O)c2ccccc2)c1,unlabeled
769539383,70,2f828b7aa8c3e93352da,564,CCC(=O)c1cccnc1,test
769539383,70,4365d2fb106c18823aac,565,CCC(=O)c1cccnc1,test
769539383,70,4c6a8ef1c87748df99f2,566,CCC(=O)c1cccnc1,unlabeled
769539383,70,aca0ef1613a0a07a0431,567,O=C(CCCCl)c1ccc(F)cc1,unlabeled
769539383,70,f98f5943ca73a5b809a1,568,O=C(CCCCl)c1ccc(F)cc1,unlabeled
769539383,70,405638494c5a95206866,569,O=C(CCCCl)c1ccc(F)cc1,unlabeled
769539383,70,76e188b0e48b99f36582,570,O=C(CCCCl)c1ccc(F)cc1,unlabeled
769539383,70,26aa0143305ac532a560,571,O=C(CCCCl)c1ccc(F)cc1,unlabeled
769539383,70,283be89c092cfa4a5cbb,572,O=C(CCCCl)c1ccc(F)cc1,gradient_train
769539383,70,0ffc20c3f979502b8a09,573,O=C(CCCCl)c1ccc(F)cc1,unlabeled
769539383,100,bbabdb9085edbb8c178b,0,CC(C)(CCl)c1ccccc1,gradient_train
769539383,100,96dc3dc2ebd074200228,1,CC(C)(CCl)c1ccccc1,unlabeled
769539383,100,6322e8f867a741eed74c,2,CC(C)(CCl)c1ccccc1,unlabeled
769539383,100,c2b0aff65443af0a8618,3,CC(C)(CCl)c1ccccc1,unlabeled
769539383,100,f4b69d88ad1d916ee71a,4,CC(C)(CCl)c1ccccc1,unlabeled
769539383,100,0f3559d035355b0eec80,5,CC(C)(CCl)c1ccccc1,gradient_train
769539383,100,d29a94054067cd60dd70,6,CC(C)(CCl)c1ccccc1,validation
769539383,100,31d92ca6486b229184cf,7,OCCCc1ccccc1,unlabeled
769539383,100,8a84cca322477165b719,8,OCCCc1ccccc1,unlabeled
769539383,100,9cf769277f6b42d15f11,9,OCCCc1ccccc1,unlabeled
769539383,100,7a0a82051f50d5b0c89c,10,OCCCc1ccccc1,unlabeled
769539383,100,c79f29f048bbfd157f98,11,BrCCCc1ccccc1,unlabeled
769539383,100,df0074b49eeb620c0768,12,BrCCCc1ccccc1,unlabeled
769539383,100,f0097bc6b7827ef65922,13,BrCCCc1ccccc1,unlabeled
769539383,100,44348f5c4aea3b41ee9d,14,BrCCCc1ccccc1,unlabeled
769539383,100,482cb91fac7f2a936dca,15,BrCCCc1ccccc1,unlabeled
769539383,100,a5c6210123f05414ffc0,16,BrCCCc1ccccc1,unlabeled
769539383,100,a82e55e1cd19814ea307,17,BrCCCc1ccccc1,gradient_train
769539383,100,6ee3c70647b37dcd5417,18,ClCCCc1ccccc1,unlabeled
769539383,100,2c7e37ef828eb17c78fb,19,ClCCCc1ccccc1,gradient_train
769539383,100,7ab9c351196ad891e172,20,ClCCCc1ccccc1,gradient_train
769539383,100,7062ca665af0f9bba6c9,21,ClCCCc1ccccc1,unlabeled
769539383,100,6644e934f59d8b816b9f,22,ClCCCc1ccccc1,unlabeled
769539383,100,8cc7c76a92a4474d7c6a,23,ClCCCc1ccccc1,unlabeled
769539383,100,c883df6ea04f89f45f03,24,ClCCCc1ccccc1,gradient_train
769539383,100,46ed1e35ca65ace74790,25,COc1ccc(CO)cc1,unlabeled
769539383,100,ec581cec37da9563e756,26,COc1ccc(CO)cc1,gradient_train
769539383,100,c2bd8e8f13a96726e7fc,27,COc1ccc(CO)cc1,unlabeled
769539383,100,f1afcbd393ce4f5a6316,28,COc1ccc(CO)cc1,unlabeled
769539383,100,2909efb29670d8f2286d,29,CCOC(=O)C(C)(C)Br,unlabeled
769539383,100,56b391fdec7a2a622e52,30,CCOC(=O)C(C)(C)Br,gradient_train
769539383,100,8a9485661ac2c4576006,31,CCOC(=O)C(C)(C)Br,gradient_train
769539383,100,7f6d1cdee16de4a37a21,32,CCOC(=O)C(C)(C)Br,unlabeled
769539383,100,fd7bf535ef538434b384,33,CCOC(=O)C(C)(C)Br,unlabeled
769539383,100,651bb6b60c62819a4323,34,CCOC(=O)C(C)(C)Br,unlabeled
769539383,100,2a61203b59218a3cbdc6,35,CCOC(=O)C(C)(C)Br,unlabeled
769539383,100,6d6c0510303dec89b2fe,36,COc1ccc(C=O)cc1,unlabeled
769539383,100,f81dc37125414986a0bb,37,COc1ccc(C=O)cc1,gradient_train
769539383,100,400615278105cebb3ed9,38,COc1ccc(C=O)cc1,test
769539383,100,5d04f6757b59f5c356bb,39,COc1ccc(C=O)cc1,unlabeled
769539383,100,a074620f6970d8f89567,40,COc1ccc(C=O)cc1,unlabeled
769539383,100,454c1ea3beebbec4befe,41,COc1ccc(C=O)cc1,unlabeled
769539383,100,f95928e2618ed15e654f,42,COc1ccc(C=O)cc1,unlabeled
769539383,100,3a02b99399bb0c3e9ff9,43,COC(=O)C#CC(=O)OC,unlabeled
769539383,100,b80a4f9e4b61f534ee9e,44,COC(=O)C#CC(=O)OC,test
769539383,100,2690de155843f45b00a3,45,COC(=O)C#CC(=O)OC,unlabeled
769539383,100,549eb8499df5181b3558,46,COC(=O)C#CC(=O)OC,gradient_train
769539383,100,02c141e2551937d10f4e,47,COC(=O)C#CC(=O)OC,unlabeled
769539383,100,9069807baff6cbfbde75,48,COC(=O)C#CC(=O)OC,unlabeled
769539383,100,1fe1163f7d97c16f3822,49,CC(=O)c1ccccc1,unlabeled
769539383,100,1e86d81fe1995d367fe1,50,CC(=O)c1ccccc1,unlabeled
769539383,100,614e6d0929b0845d454b,51,CC(=O)c1ccccc1,unlabeled
769539383,100,358681452207464d171e,52,CC(=O)c1ccccc1,unlabeled
769539383,100,c00e01085f35d19cd90f,53,CC(=O)c1ccccc1,unlabeled
769539383,100,a542d702abb1fa77a6fc,54,CC(=O)c1ccccc1,test
769539383,100,77577e6f6f0aa6789972,55,CCOC(=O)C(C)Br,unlabeled
769539383,100,298017c801a97653f57d,56,CCOC(=O)C(C)Br,unlabeled
769539383,100,849796401ee485c617a5,57,CCOC(=O)C(C)Br,unlabeled
769539383,100,67cc8304e3e618d7416a,58,CCOC(=O)C(C)Br,unlabeled
769539383,100,c7bc53c45a1962a88ec3,59,CCOC(=O)C(C)Br,unlabeled
769539383,100,76b9db19f45b8222d962,60,CCOC(=O)C(C)Br,unlabeled
769539383,100,0279fb0f7dba4b54a816,61,CCOC(=O)CC(=O)c1ccccc1,unlabeled
769539383,100,ca203ccf20ce8e74d86d,62,CCOC(=O)CC(=O)c1ccccc1,test
769539383,100,029d48fc98a886c9fec4,63,CCOC(=O)CC(=O)c1ccccc1,unlabeled
769539383,100,1e578360bd7749f6b397,64,CCOC(=O)CC(=O)c1ccccc1,test
769539383,100,05c14d26f4aa6f7c48b0,65,CCOC(=O)CC(=O)c1ccccc1,unlabeled
769539383,100,53d046afde1259a727f9,66,CCOC(=O)CC(=O)c1ccccc1,unlabeled
769539383,100,35ba50ab027f5f170aba,67,CCOC(=O)CC(=O)c1ccccc1,unlabeled
769539383,100,130d76d2d46a287c5dea,68,CC(=O)c1ccccc1C,gradient_train
769539383,100,3ef4b1ab56fe40940b42,69,CC(=O)c1ccccc1C,unlabeled
769539383,100,a340148c4096f80cc125,70,CC(=O)c1ccccc1C,unlabeled
769539383,100,57af4b867d9cd419ebb9,71,CC(=O)c1ccccc1C,gradient_train
769539383,100,ff8745125a0eeb17c1e5,72,CC(=O)c1ccccc1C,gradient_train
769539383,100,41a468134f078d2de17d,73,CC(=O)c1ccccc1C,unlabeled
769539383,100,b4899d5d03e44fbf885c,74,CC(=O)c1ccccc1C,unlabeled
769539383,100,bd93eaa60288fd0d5e89,75,CC(=O)c1ccc(C)cc1,gradient_train
769539383,100,2797757b00a9f254ef2e,76,CC(=O)c1ccc(C)cc1,unlabeled
769539383,100,fad37552a4a2eae19961,77,CC(=O)c1ccc(C)cc1,unlabeled
769539383,100,6936556d392803de12ed,78,CC(=O)c1ccc(C)cc1,unlabeled
769539383,100,fd3f8b6ec11d13a8412d,79,CC(=O)c1ccc(C)cc1,unlabeled
769539383,100,b71b23379d73c3637a76,80,CC(=O)c1ccc(C)cc1,unlabeled
769539383,100,2a9d111386ac232bbf79,81,CC(=O)c1ccc(C)cc1,unlabeled
769539383,100,ca00dd1990fd356443cb,82,COC(=O)c1ccccc1O,unlabeled
769539383,100,924106530353757625ba,83,COC(=O)c1ccccc1O,unlabeled
769539383,100,f0d3ae15346c6cb6928d,84,COC(=O)c1ccccc1O,unlabeled
769539383,100,0b6fe9b9da26ddc80e99,85,COC(=O)c1ccccc1O,unlabeled
769539383,100,a9a4b1ef530ce6f46a1c,86,COC(=O)c1ccccc1O,unlabeled
769539383,100,f0245d145e2758fc9ff8,87,COC(=O)c1ccccc1O,unlabeled
769539383,100,f33380e15f0fd8b62027,88,COC(=O)c1ccccc1O,gradient_train
769539383,100,1773be1aaa4102ae19f0,89,CC(=O)CC(=O)OC(C)(C)C,unlabeled
769539383,100,1895e2147dd146c4e564,90,CC(=O)CC(=O)OC(C)(C)C,unlabeled
769539383,100,e7c8cd496e2795b23cb3,91,CC(=O)CC(=O)OC(C)(C)C,unlabeled
769539383,100,60f64adee75a0999c5d5,92,CC(=O)CC(=O)OC(C)(C)C,unlabeled
769539383,100,851993fe56d61c8bf074,93,CC(=O)CC(=O)OC(C)(C)C,test
769539383,100,4e6d2ab0e823ac1d4b58,94,CC(=O)CC(=O)OC(C)(C)C,unlabeled
769539383,100,452aebfcddc0b031c20d,95,CCOC(=O)Cc1ccccc1,unlabeled
769539383,100,a67ee30ac22b3511e0af,96,CCOC(=O)Cc1ccccc1,unlabeled
769539383,100,4c52102f0b5a693d59bc,97,CCOC(=O)Cc1ccccc1,unlabeled
769539383,100,f21e8077ac7b6ec1d038,98,CCOC(=O)Cc1ccccc1,unlabeled
769539383,100,982611df66af1cf7c2f5,99,CCOC(=O)Cc1ccccc1,unlabeled
769539383,100,d9e344f199dc9a567b5f,100,CCOC(=O)Cc1ccccc1,unlabeled
769539383,100,74706f7e5d10b9245796,101,CCOC(=O)Cc1ccccc1,unlabeled
769539383,100,f5d7ae6c2608335325ff,102,COC(=O)c1ccccc1N,unlabeled
769539383,100,f66e095007d9d0923ce2,103,COC(=O)c1ccccc1N,unlabeled
769539383,100,c9a57e8accca7da9758b,104,COC(=O)c1ccccc1N,test
769539383,100,f7b1b9737459397f9ace,105,COC(=O)c1ccccc1N,unlabeled
769539383,100,68feec66f657364ebeaa,106,COC(=O)c1ccccc1N,unlabeled
769539383,100,96ccc1b8240fc2e9c1f3,107,COC(=O)c1ccccc1N,gradient_train
769539383,100,16eec4a03ec235274042,108,CCOC(=O)/C=C/c1ccccc1,unlabeled
769539383,100,92e4f80b3943134ebe86,109,CCOC(=O)/C=C/c1ccccc1,unlabeled
769539383,100,e15e8a4f329d3a08aff9,110,CCOC(=O)/C=C/c1ccccc1,gradient_train
769539383,100,6cec450baf7517436df6,111,CCOC(=O)/C=C/c1ccccc1,gradient_train
769539383,100,48b79e49508df9f5fd6d,112,CCOC(=O)/C=C/c1ccccc1,unlabeled
769539383,100,404dc3e2801a9a9d52aa,113,CCOC(=O)/C=C/c1ccccc1,unlabeled
769539383,100,c72867f0f2e38c70aa8c,114,CCOC(=O)/C=C/c1ccccc1,unlabeled
769539383,100,d9d3d24a75ff511e108a,115,COC(=O)c1ccc(C(C)(C)C)cc1,unlabeled
769539383,100,f40ca479a9e86b5d5458,116,COC(=O)c1ccc(C(C)(C)C)cc1,unlabeled
769539383,100,b7770c04c72527e1d9f6,117,COC(=O)c1ccc(C(C)(C)C)cc1,unlabeled
769539383,100,a433dc0f6a13e9ace41d,118,COC(=O)c1ccc(C(C)(C)C)cc1,test
769539383,100,e399250d7156727de0fd,119,COC(=O)c1ccc(C(C)(C)C)cc1,gradient_train
769539383,100,3122a2210bde68deb81e,120,COC(=O)c1ccc(C(C)(C)C)cc1,gradient_train
769539383,100,c9460286f85a5ec0f4fc,121,COC(=O)c1ccc(C(C)(C)C)cc1,unlabeled
769539383,100,13b0b7952199157a8399,122,CCOC(=O)/C=C(/C)N,unlabeled
769539383,100,759d5133ee82740013bf,123,CCOC(=O)/C=C(/C)N,test
769539383,100,c9bf385316b464cd2e8d,124,CCOC(=O)/C=C(/C)N,unlabeled
769539383,100,f248b9b89d62a22b03c3,125,CCOC(=O)/C=C(/C)N,test
769539383,100,10d51839b15b94f0ae56,126,CCOC(=O)/C=C(/C)N,test
769539383,100,e66b24ec1e4dfa9a9a57,127,CCOC(=O)/C=C(/C)N,gradient_train
769539383,100,506597d02ff322a77a8d,128,CCOC(=O)/C=C(/C)N,unlabeled
769539383,100,d2951bd3bb1608688f0d,129,CCOC(=O)/C=C(/C)N,validation
769539383,100,7d3c6ef279245ca08a2f,130,CCOC(=O)/C=C(/C)N,unlabeled
769539383,100,e6886d2fb3090517172b,131,CCOC(=O)/C=C(/C)N,unlabeled
769539383,100,d31d42caff135d7154c4,132,CCOC(=O)/C=C(/C)N,gradient_train
769539383,100,3d7aa38258001eb6ba67,133,CC(C)COC(=O)c1ccccc1,unlabeled
769539383,100,b3409bbbf3b06d73afca,134,CC(C)COC(=O)c1ccccc1,unlabeled
769539383,100,5ce75d3f6df6d318cb8a,135,CC(C)COC(=O)c1ccccc1,unlabeled
769539383,100,28f4ab2563d03e831cf0,136,CC(C)COC(=O)c1ccccc1,gradient_train
769539383,100,b95bbdf393e00f41a6df,137,CC(C)COC(=O)c1ccccc1,unlabeled
769539383,100,1e73138aa057a5e2b67f,138,CC(C)COC(=O)c1ccccc1,gradient_train
769539383,100,1319bf7018ee9b9a5b9f,139,CCOC(=O)c1ccccc1,unlabeled
769539383,100,99398d649f02f80651f1,140,CCOC(=O)c1ccccc1,unlabeled
769539383,100,240787bdbf2abc17e093,141,CCOC(=O)c1ccccc1,gradient_train
769539383,100,4afc7ef2732850bea176,142,CCOC(=O)c1ccccc1,unlabeled
769539383,100,181f6c7852b17df8f194,143,CCOC(=O)c1ccccc1,unlabeled
769539383,100,474238f822b0c38795c6,144,CCOC(=O)c1ccccc1,unlabeled
769539383,100,5eb80e21463443b22d14,145,CCOC(=O)c1ccccc1,unlabeled
769539383,100,f6e991e3dc3a3d3c5d89,146,COc1ccc(CCO)cc1,unlabeled
769539383,100,9991421da8e18008fc91,147,COc1ccc(CCO)cc1,unlabeled
769539383,100,9e93bad2014e7ab1a680,148,COc1ccc(CCO)cc1,test
769539383,100,3d5dc8831f4c74f7b7d1,149,COc1ccc(CCO)cc1,unlabeled
769539383,100,d5a7e1d47a58e1323805,150,Cc1ccc(C(C)C)cc1,gradient_train
769539383,100,5c32bb6f3bbf72dcb37e,151,Cc1ccc(C(C)C)cc1,unlabeled
769539383,100,e545485bf1a51a3ea557,152,Cc1ccc(C(C)C)cc1,unlabeled
769539383,100,8ea9d90b217f4096f42f,153,Cc1ccc(C(C)C)cc1,unlabeled
769539383,100,9ed80c28328fabe87261,154,Cc1ccc(C(C)C)cc1,validation
769539383,100,f1ea027f4cb80b10d15b,155,Cc1ccc(C(C)C)cc1,unlabeled
769539383,100,dcfc9eaebf799d451fdb,156,Cc1ccc(C(C)C)cc1,unlabeled
769539383,100,6c1f19a34a40cbf98728,157,CC(C)(O)CCc1ccccc1,unlabeled
769539383,100,cf45ee02778c0243ad50,158,CC(C)(O)CCc1ccccc1,gradient_train
769539383,100,88581d99a415bf271788,159,CC(C)(O)CCc1ccccc1,unlabeled
769539383,100,8753ab545dd1cf036a3a,160,CC(C)(O)CCc1ccccc1,unlabeled
769539383,100,d59d233a1606de5b6deb,161,CC(C)(O)CCc1ccccc1,unlabeled
769539383,100,964a62fb7d677de0f711,162,CC(C)CCOC(=O)c1ccccc1,unlabeled
769539383,100,f35f8782c107387233ed,163,CC(C)CCOC(=O)c1ccccc1,test
769539383,100,4d602abaaf336ac523e4,164,CC(C)CCOC(=O)c1ccccc1,test
769539383,100,4768b747981033fbdf34,165,CC(C)CCOC(=O)c1ccccc1,unlabeled
769539383,100,3df34ab1c0d58c86999e,166,CC(C)CCOC(=O)c1ccccc1,unlabeled
769539383,100,8b67a1246fe892b6581d,167,CC(C)CCOC(=O)c1ccccc1,unlabeled
769539383,100,2bafcbea1bb66eb60a71,168,CC(C)CCOC(=O)c1ccccc1,unlabeled
769539383,100,2beadb75e05408973f02,169,CCOC(=O)/C=C/c1ccccc1,unlabeled
769539383,100,dd7cae2667a1348a2caf,170,CCOC(=O)/C=C/c1ccccc1,unlabeled
769539383,100,56f1cecfc0c6c3d224be,171,CCOC(=O)/C=C/c1ccccc1,unlabeled
769539383,100,6278b7d64a22dbe3844e,172,CCOC(=O)/C=C/c1ccccc1,unlabeled
769539383,100,a75e421e756083edea35,173,CCOC(=O)/C=C/c1ccccc1,unlabeled
769539383,100,c9f7ab78e90454873661,174,CCOC(=O)/C=C/c1ccccc1,gradient_train
769539383,100,b36d7c12e6d3072467ee,175,CCOC(=O)/C=C/c1ccccc1,unlabeled
769539383,100,5dc7d31c57624ac47575,176,COc1ccc(C)cc1OC,unlabeled
769539383,100,7dea14d96460814919d3,177,COc1ccc(C)cc1OC,unlabeled
769539383,100,83a16763654b3b743265,178,COc1ccc(C)cc1OC,unlabeled
769539383,100,ee96bcc328a38cb12519,179,COc1ccc(C)cc1OC,unlabeled
769539383,100,62763fd48ebc7554402f,180,COc1ccc(C)cc1OC,unlabeled
769539383,100,dd29d0f859e11f70f4ec,181,COc1ccc(C)cc1OC,unlabeled
769539383,100,826e9f40c328ce2478ec,182,COc1ccc(C)cc1OC,gradient_train
769539383,100,2e684264400b651dae88,183,C1=Cc2ccccc2C1,gradient_train
769539383,100,e4f37e6e6def0eec724a,184,C1=Cc2ccccc2C1,unlabeled
769539383,100,fda6d7aa920e5400a222,185,C1=Cc2ccccc2C1,unlabeled
769539383,100,ee0eba88726c692c7f0c,186,C1=Cc2ccccc2C1,test
769539383,100,c438c37de3a60de0e84a,187,C1=Cc2ccccc2C1,unlabeled
769539383,100,f51bc35441c8ba7713b6,188,C1=Cc2ccccc2C1,gradient_train
769539383,100,cb1bb21d54890633943c,189,C1=Cc2ccccc2C1,unlabeled
769539383,100,2e561b136ec088ba3eff,190,Cc1ccc(C)cc1,unlabeled
769539383,100,0d6f66d7971473a2cef9,191,Cc1ccc(C)cc1,test
769539383,100,6950f8ebe95298defec5,192,Cc1ccc(C)cc1,unlabeled
769539383,100,1837a52df085e2fc70d1,193,Cc1ccc(C)cc1,test
769539383,100,8067767b73f132489d46,194,Cc1ccc(C)cc1,unlabeled
769539383,100,bc3f10fed296515e66e5,195,Cc1ccc(C)cc1,unlabeled
769539383,100,369517a8e4fab7d4e0e5,196,Cc1ccc(C)cc1,gradient_train
769539383,100,acc1a540efdb60e4fa76,197,ClCCc1ccccc1,unlabeled
769539383,100,b849b02cc7a096ff6f6a,198,ClCCc1ccccc1,unlabeled
769539383,100,75b105d94d176eec90ba,199,ClCCc1ccccc1,test
769539383,100,4699975b36aa2351be18,200,ClCCc1ccccc1,unlabeled
769539383,100,a2ecd7c05da585c2a35e,201,ClCCc1ccccc1,unlabeled
769539383,100,82843c7e3b9005c1abb0,202,ClCCc1ccccc1,unlabeled
769539383,100,216e9e13c0587f197c0b,203,ClCCc1ccccc1,unlabeled
769539383,100,31162ac7e21c9688cbdc,204,CC(O)c1ccccc1,unlabeled
769539383,100,82ffe9abc3d02f4b970f,205,CC(O)c1ccccc1,unlabeled
769539383,100,35eae227e68fe7434e68,206,CC(O)c1ccccc1,unlabeled
769539383,100,82b6a0a8f122317d79d4,207,CC(O)c1ccccc1,gradient_train
769539383,100,9b28c23ad1d4dda9fe1a,208,CC(O)c1ccccc1,unlabeled
769539383,100,4455212440cbaf6d51e2,209,COc1ccccc1,unlabeled
769539383,100,fcea8574ae051fe11483,210,COc1ccccc1,unlabeled
769539383,100,04d4a16ff682bc7c55c8,211,COc1ccccc1,unlabeled
769539383,100,62ca5eadee5ef28e9aeb,212,COc1ccccc1,unlabeled
769539383,100,42f031acb8211bfbf67f,213,COc1ccccc1,unlabeled
769539383,100,472b8f06caf25ffe6c7a,214,COc1ccccc1,unlabeled
769539383,100,d532e4ccbab971232d40,215,COc1ccccc1,test
769539383,100,bae9f1ce7c04e7ccf16b,216,CCOC(=O)C(Br)C(=O)OCC,unlabeled
769539383,100,fc58ac30a03fcb0ec051,217,CCOC(=O)C(Br)C(=O)OCC,test
769539383,100,c4b569d1149e4ec87b12,218,CCOC(=O)C(Br)C(=O)OCC,gradient_train
769539383,100,53d7fb31d852cbb33059,219,CCOC(=O)C(Br)C(=O)OCC,gradient_train
769539383,100,265addbdd355a85c628d,220,CCOC(=O)C(Br)C(=O)OCC,unlabeled
769539383,100,b07e3b186c5f9a698624,221,CCOC(=O)C(Br)C(=O)OCC,unlabeled
769539383,100,28c4b7ec4bf7f486b68c,222,CCOC(=O)C(Br)C(=O)OCC,gradient_train
769539383,100,c9d7d885160197c7f67c,223,c1ccc(COCc2ccccc2)cc1,unlabeled
769539383,100,e2869f5cf5635b6ae9c1,224,c1ccc(COCc2ccccc2)cc1,unlabeled
769539383,100,49865eda3c0e936157be,225,c1ccc(COCc2ccccc2)cc1,unlabeled
769539383,100,d26cffd9ef4da9800470,226,c1ccc(COCc2ccccc2)cc1,unlabeled
769539383,100,ce9ac115ce41ab41f01d,227,c1ccc(COCc2ccccc2)cc1,gradient_train
769539383,100,b2b5155e06ff9134c6a4,228,c1ccc(COCc2ccccc2)cc1,unlabeled
769539383,100,f1aabb6243aed53011cb,229,c1ccc(COCc2ccccc2)cc1,unlabeled
769539383,100,ebc9c107c2207e99cf79,230,CCOC(=O)CC(C)=O,unlabeled
769539383,100,f373e0ffa24cb51dd13a,231,CCOC(=O)CC(C)=O,unlabeled
769539383,100,bcb35848089ca50a1eef,232,CCOC(=O)CC(C)=O,unlabeled
769539383,100,ef8527c6b63d54b73966,233,CCOC(=O)CC(C)=O,unlabeled
769539383,100,86f385aa0925171d22cc,234,CCOC(=O)CC(C)=O,unlabeled
769539383,100,9c7a6ce4172638d2abc7,235,CCOC(=O)CC(C)=O,unlabeled
769539383,100,982585c1a4e89f10713f,236,O=CCCc1ccccc1,unlabeled
769539383,100,36af0c588eb2e094a55e,237,O=CCCc1ccccc1,unlabeled
769539383,100,afcb9ffea06f12f9e0f5,238,O=CCCc1ccccc1,test
769539383,100,e584c52185ccefd22a26,239,O=CCCc1ccccc1,gradient_train
769539383,100,39e40f336da135e6a7b5,240,O=CCCc1ccccc1,unlabeled
769539383,100,e3c9408f01aa7642870f,241,O=CCCc1ccccc1,unlabeled
769539383,100,155ad3f702726e253c4d,242,O=CCCc1ccccc1,unlabeled
769539383,100,f84aa17604ca7f927b8c,243,C=CC(=O)OCCOc1ccccc1,unlabeled
769539383,100,6b8023df74ccc51e5c76,244,C=CC(=O)OCCOc1ccccc1,unlabeled
769539383,100,b056b793f5b571e6cdee,245,C=CC(=O)OCCOc1ccccc1,unlabeled
769539383,100,934f00061cc32bab10e8,246,C=CC(=O)OCCOc1ccccc1,unlabeled
769539383,100,b983d4c3094d909b570e,247,C=CC(=O)OCCOc1ccccc1,unlabeled
769539383,100,b6f53d16978daf702470,248,C=CC(=O)OCCOc1ccccc1,unlabeled
769539383,100,9563dde5c28fb62e4f7e,249,C=CC(=O)OCCOc1ccccc1,unlabeled
769539383,100,de2563a5f711307823f1,250,C=CC(=O)OC1CCCCC1,test
769539383,100,e2e681b0653ec64f7c14,251,C=CC(=O)OC1CCCCC1,unlabeled
769539383,100,fbf392edaddff6347b58,252,C=CC(=O)OC1CCCCC1,unlabeled
769539383,100,3955ae590ac179d279b6,253,C=CC(=O)OC1CCCCC1,unlabeled
769539383,100,db51f6df02555cb9c264,254,C=CC(=O)OC1CCCCC1,test
769539383,100,2195290d04210cdb253f,255,C=CC(=O)OC1CCCCC1,unlabeled
769539383,100,8063e3de9de70b75def1,256,C=CC(=O)OC1CCCCC1,unlabeled
769539383,100,88771c5c64ed839a4436,257,C=CC(=O)OCc1ccccc1,unlabeled
769539383,100,b5365d56777fde5c4dfc,258,C=CC(=O)OCc1ccccc1,unlabeled
769539383,100,4513e318c9d037303b13,259,C=CC(=O)OCc1ccccc1,unlabeled
769539383,100,efca00a284b2cadc5737,260,C=CC(=O)OCc1ccccc1,unlabeled
769539383,100,b473ef06a415d0f114b0,261,C=CC(=O)OCc1ccccc1,gradient_train
769539383,100,df02863943321996441f,262,C=CC(=O)OCc1ccccc1,unlabeled
769539383,100,194278dd9ee3d2407ed5,263,C=CC(=O)OCc1ccccc1,gradient_train
769539383,100,cc31b914acbab022eb9a,264,COC(=O)C(C)(C)Br,unlabeled
769539383,100,a9eea85ddeee2da33706,265,COC(=O)C(C)(C)Br,unlabeled
769539383,100,640353c89b3ce64ee98b,266,COC(=O)C(C)(C)Br,test
769539383,100,b11bb6293c307f7f7282,267,COC(=O)C(C)(C)Br,test
769539383,100,77b0577e6b0adb649e63,268,COC(=O)C(C)(C)Br,validation
769539383,100,543561ac99bc28db6f2f,269,COC(=O)C(C)(C)Br,gradient_train
769539383,100,056255620b7acc9c630f,270,COC(=O)C(C)(C)Br,unlabeled
769539383,100,7b1589ae321d27608509,271,COC(=O)CS,test
769539383,100,0fee19a828ef997229fd,272,COC(=O)CS,gradient_train
769539383,100,222dede783147d5efa63,273,COC(=O)CS,unlabeled
769539383,100,d9a40ac35b79fbcf214a,274,COC(=O)CS,unlabeled
769539383,100,aaf22f8324aad12a55fa,275,COC(=O)CS,unlabeled
769539383,100,a9bfabe931467745353e,276,COC(=O)CS,unlabeled
769539383,100,be7d68067464e72d0b8d,277,COC(=O)CS,unlabeled
769539383,100,b418a712463f5abf8b81,278,CC(=O)CCCCl,unlabeled
769539383,100,850a69ce73ac04035aa3,279,CC(=O)CCCCl,test
769539383,100,7c4153fe9561da818ae1,280,CC(=O)CCCCl,unlabeled
769539383,100,a67016d937c499be9d64,281,CC(C)=CCBr,test
769539383,100,4559d83db38cc3c39d13,282,CC(C)=CCBr,unlabeled
769539383,100,bf8409f12dae2388c6a0,283,CC(C)=CCBr,unlabeled
769539383,100,832899abb44b8d2246cd,284,CC(C)=CCBr,unlabeled
769539383,100,5729cc87eb48a75655ad,285,CC(C)=CCBr,unlabeled
769539383,100,adb6d48eec0fb576d7fc,286,CC(C)=CCBr,unlabeled
769539383,100,bc789871fe39d967a9e0,287,CC(C)=CCBr,unlabeled
769539383,100,fff65bc451d163b1b106,288,C=CC(=O)OCCCCCCCCCCCC,unlabeled
769539383,100,c761659793c5929e2214,289,C=CC(=O)OCCCCCCCCCCCC,unlabeled
769539383,100,4c7d7c5f8b0c317c5548,290,C=CC(=O)OCCCCCCCCCCCC,unlabeled
769539383,100,a9656ffd805f80fcf143,291,C=CC(=O)OCCCCCCCCCCCC,unlabeled
769539383,100,da10d2f67a989e8b16b5,292,C=CC(=O)OCCCCCCCCCCCC,unlabeled
769539383,100,7ca22b2f4d23a7afb10e,293,C=CC(=O)OCCCCCCCCCCCC,unlabeled
769539383,100,38f57a9d08efd5f070d0,294,C=CC(=O)OCCCCCCCCCCCC,unlabeled
769539383,100,1619a0c8b233772ba0c0,295,C=CC(=O)O[C@@H]1C[C@H]2CC[C@]1(C)C2(C)C,unlabeled
769539383,100,0b9968c1280b5e4f726a,296,C=CC(=O)O[C@@H]1C[C@H]2CC[C@]1(C)C2(C)C,unlabeled
769539383,100,0d5196ceda603b66bd22,297,C=CC(=O)O[C@@H]1C[C@H]2CC[C@]1(C)C2(C)C,test
769539383,100,244e5c6375ff0c923725,298,C=CC(=O)O[C@@H]1C[C@H]2CC[C@]1(C)C2(C)C,unlabeled
769539383,100,4f34bbce67c94a44318a,299,C=CC(=O)O[C@@H]1C[C@H]2CC[C@]1(C)C2(C)C,unlabeled
769539383,100,0f8a39d1c0a7eaf35c75,300,C=CC(=O)O[C@@H]1C[C@H]2CC[C@]1(C)C2(C)C,gradient_train
769539383,100,6de4f7fd8ac19d183348,301,C=CC(=O)O[C@@H]1C[C@H]2CC[C@]1(C)C2(C)C,test
769539383,100,8bac25cfab022a9fb887,302,C=CC(=O)OCC(CC)CCCC,unlabeled
769539383,100,aeef2128392508cc81cc,303,C=CC(=O)OCC(CC)CCCC,test
769539383,100,a2eefb55da4d47a4347b,304,C=CC(=O)OCC(CC)CCCC,unlabeled
769539383,100,3c7f7a7105a5eb39ca89,305,C=CC(=O)OCC(CC)CCCC,test
769539383,100,2bf67acb4c861cf83990,306,C=CC(=O)OCC(CC)CCCC,unlabeled
769539383,100,d67e364fd6830aa2bf6f,307,C=CC(=O)OCC(CC)CCCC,unlabeled
769539383,100,84caf30ea66b29e2ea91,308,C=CC(=O)OCC(CC)CCCC,unlabeled
769539383,100,1bd5bb3744b78ada7307,309,FC(F)(F)c1cc(Br)cc(C(F)(F)F)c1,unlabeled
769539383,100,dd7fdbe3fa3800e6499f,310,FC(F)(F)c1cc(Br)cc(C(F)(F)F)c1,unlabeled
769539383,100,ab84efb31c801e49c87c,311,FC(F)(F)c1cc(Br)cc(C(F)(F)F)c1,unlabeled
769539383,100,69f6dbdc304c0475f868,312,FC(F)(F)c1cc(Br)cc(C(F)(F)F)c1,gradient_train
769539383,100,a43656cab81e1b0fcccf,313,FC(F)(F)c1cc(Br)cc(C(F)(F)F)c1,unlabeled
769539383,100,bcf8bb13e4fca185fe68,314,FC(F)(F)c1cc(Br)cc(C(F)(F)F)c1,unlabeled
769539383,100,fe71f29c800d4ee35138,315,FC(F)(F)c1cc(Br)cc(C(F)(F)F)c1,unlabeled
769539383,100,2416be80d114ff60224d,316,O=Cc1ccc(Cl)cc1Br,unlabeled
769539383,100,9201cead3641f52a1f20,317,O=Cc1ccc(Cl)cc1Br,unlabeled
769539383,100,49276f9b1cc72d41bbfd,318,O=Cc1ccc(Cl)cc1Br,unlabeled
769539383,100,6cb8bbf843e6064ce249,319,O=Cc1ccc(Cl)cc1Br,unlabeled
769539383,100,a6b1d92e3de602f8963c,320,O=Cc1ccc(Cl)cc1Br,test
769539383,100,135ac7deca522d1e7929,321,O=Cc1ccc(Cl)cc1Br,unlabeled
769539383,100,0f3bd8418ab9ba9d1ed2,322,O=Cc1ccc(Cl)cc1Br,unlabeled
769539383,100,6cd5860914563da59932,323,O=Cc1ccc2c(c1)CCO2,unlabeled
769539383,100,5179c3962ada5450dde7,324,O=Cc1ccc2c(c1)CCO2,gradient_train
769539383,100,ad45b4b8aaed2c2b0b33,325,O=Cc1ccc2c(c1)CCO2,unlabeled
769539383,100,6c8de7fb3dbd4f5adabf,326,O=Cc1ccc2c(c1)CCO2,gradient_train
769539383,100,f72724ff299c47641488,327,COc1cc(F)cc(Br)c1,unlabeled
769539383,100,2cde006ff48a36a368d2,328,COc1cc(F)cc(Br)c1,unlabeled
769539383,100,09879f6853acb50e1280,329,COc1cc(F)cc(Br)c1,gradient_train
769539383,100,cd492dbc52d170e5a396,330,COc1cc(F)cc(Br)c1,gradient_train
769539383,100,e1244cc412f81ac11bd3,331,COc1cc(F)cc(Br)c1,gradient_train
769539383,100,69bed1df8dc3cf82927c,332,COc1cc(F)cc(Br)c1,test
769539383,100,adc9f476f8b5d66fa85d,333,COc1cc(F)cc(Br)c1,unlabeled
769539383,100,e7e3cdff8a4b43574b19,334,CC(C)(C)c1cc(C=O)cc(C(C)(C)C)c1,gradient_train
769539383,100,22fcaa293d9525e1f4e7,335,CC(C)(C)c1cc(C=O)cc(C(C)(C)C)c1,unlabeled
769539383,100,5965305884ee5fba94d8,336,CC(C)(C)c1cc(C=O)cc(C(C)(C)C)c1,unlabeled
769539383,100,556baeed852270e9c0fc,337,CC(C)(C)c1cc(C=O)cc(C(C)(C)C)c1,unlabeled
769539383,100,376fc6387117429bcb19,338,CC(C)(C)c1cc(C=O)cc(C(C)(C)C)c1,unlabeled
769539383,100,3fbc880a145bcc2155c9,339,CC(C)(C)c1cc(C=O)cc(C(C)(C)C)c1,unlabeled
769539383,100,2964279ae2fd8a820ae1,340,CC(C)(C)c1cc(C=O)cc(C(C)(C)C)c1,unlabeled
769539383,100,c084940b1be4fa61738d,341,COc1cc(Br)cc(OC)c1,unlabeled
769539383,100,deac65153d9204a230ec,342,COc1cc(Br)cc(OC)c1,unlabeled
769539383,100,b5f0b6271cd244ade9a3,343,COc1cc(Br)cc(OC)c1,gradient_train
769539383,100,79723584590c0a689474,344,COc1cc(Br)cc(OC)c1,unlabeled
769539383,100,984bc17b1da105c753eb,345,COc1cc(Br)cc(OC)c1,unlabeled
769539383,100,1b7e334ea83516d08ff5,346,COc1cc(Br)cc(OC)c1,test
769539383,100,b8018c4bdaadd42a057a,347,COc1cc(Br)cc(OC)c1,gradient_train
769539383,100,3b03dfa8ff44ff554734,348,O=Cc1cc(Br)ccc1O,unlabeled
769539383,100,167f49f748fa35bdb29e,349,O=Cc1cc(Br)ccc1O,gradient_train
769539383,100,7e19b816ecd8282ce2a1,350,O=Cc1cc(Br)ccc1O,unlabeled
769539383,100,0dffde5d00d50ee96173,351,O=Cc1cc(Br)ccc1O,unlabeled
769539383,100,65bfb38b53dd53bc4f4c,352,O=Cc1cc(Br)ccc1O,unlabeled
769539383,100,e79c5aedcfa41a5f23c9,353,O=Cc1cc(Br)ccc1O,gradient_train
769539383,100,27b234a05f8c66fd059f,354,O=Cc1cc(Br)ccc1O,unlabeled
769539383,100,1bf52d57e3b0d9ef0662,355,Cc1ccc(Cl)cc1Br,unlabeled
769539383,100,867407c66038f21466a8,356,Cc1ccc(Cl)cc1Br,test
769539383,100,fb19bbc052a528249f36,357,Cc1ccc(Cl)cc1Br,gradient_train
769539383,100,13bebd0b1ab22fc7e93b,358,Cc1ccc(Cl)cc1Br,unlabeled
769539383,100,c1b4c0f7481c01c40ec6,359,Cc1ccc(Cl)cc1Br,unlabeled
769539383,100,bb159f5b8695e842d4ff,360,Cc1ccc(Cl)cc1Br,gradient_train
769539383,100,ce70dba7026ce0b64f62,361,Cc1ccc(Cl)cc1Br,unlabeled
769539383,100,a5ea3136b642f8a49607,362,N#Cc1ccccc1Br,unlabeled
769539383,100,8671b386166171ebd7f7,363,N#Cc1ccccc1Br,unlabeled
769539383,100,d344b363b8c01e73a6fa,364,N#Cc1ccccc1Br,gradient_train
769539383,100,70e13ddfe9e6cc9b0f56,365,N#Cc1ccccc1Br,unlabeled
769539383,100,35046c5ff35d8c8617bb,366,N#Cc1ccccc1Br,unlabeled
769539383,100,848f6c84b4d5fc44c3c2,367,N#Cc1ccccc1Br,unlabeled
769539383,100,0974fc9cbeb3820c4065,368,Cc1ccc(C=O)c(C)c1,gradient_train
769539383,100,bc486e940c369b85ce28,369,Cc1ccc(C=O)c(C)c1,unlabeled
769539383,100,9a29b268530b7a3321a0,370,Cc1ccc(C=O)c(C)c1,test
769539383,100,51394d9af7adc7eff816,371,Cc1ccc(C=O)c(C)c1,unlabeled
769539383,100,5cbed870fef2de105046,372,Cc1ccc(C=O)c(C)c1,test
769539383,100,dbb854b36df7ed31d95f,373,Cc1ccc(C=O)c(C)c1,unlabeled
769539383,100,0c0f89307cc4aff87ab6,374,Cc1ccc(C=O)c(C)c1,gradient_train
769539383,100,a5d9706079ccfee3bdf4,375,COCCOC(=O)CC(C)=O,gradient_train
769539383,100,bacef06b4d4d7374a4e4,376,COCCOC(=O)CC(C)=O,unlabeled
769539383,100,74097878150c8a5a8d79,377,COCCOC(=O)CC(C)=O,gradient_train
769539383,100,47404d0982a587f0393e,378,COCCOC(=O)CC(C)=O,gradient_train
769539383,100,fb80794857ddc46e142c,379,CC(=O)c1ccc2c(c1)OCO2,test
769539383,100,6f34563b6236c57b9c60,380,CC(=O)c1ccc2c(c1)OCO2,unlabeled
769539383,100,147b560e4c606680c7b2,381,CC(=O)c1ccc2c(c1)OCO2,unlabeled
769539383,100,7396668aaa8d372aa464,382,CC(=O)c1ccc2c(c1)OCO2,unlabeled
769539383,100,78b04c44dfa852f4e621,383,CC(=O)c1ccc2c(c1)OCO2,unlabeled
769539383,100,f191e08b3e95928a5423,384,CC(=O)c1ccc2c(c1)OCO2,unlabeled
769539383,100,f5634113e0822bda1c03,385,CC(=O)c1ccc2c(c1)OCO2,unlabeled
769539383,100,45264f1c88b241fb888c,386,CC(=O)c1c(C)cc(C)cc1C,unlabeled
769539383,100,7b0fa77cbbcbd8e7c87a,387,CC(=O)c1c(C)cc(C)cc1C,unlabeled
769539383,100,c514f60c28973fc116c5,388,CC(=O)c1c(C)cc(C)cc1C,test
769539383,100,b63d546347919cb66716,389,CC(=O)c1c(C)cc(C)cc1C,unlabeled
769539383,100,823c667f35cddfcbc346,390,CC(=O)c1c(C)cc(C)cc1C,unlabeled
769539383,100,d2955aa36bd2b103c981,391,CC(=O)c1c(C)cc(C)cc1C,unlabeled
769539383,100,4ce730c9ad4e20a0386e,392,CC(=O)c1c(C)cc(C)cc1C,gradient_train
769539383,100,f3531a1565c8159ac5e2,393,CC(=O)c1ccc(C)cc1C,unlabeled
769539383,100,c359fd726e50e2123f43,394,CC(=O)c1ccc(C)cc1C,unlabeled
769539383,100,a9a623a9853c6b493ce4,395,CC(=O)c1ccc(C)cc1C,unlabeled
769539383,100,784ca4af1517dac8cd11,396,CC(=O)c1ccc(C)cc1C,gradient_train
769539383,100,4c36e8e7d179b4bfa11a,397,CC(=O)c1ccc(C)cc1C,gradient_train
769539383,100,77fe8c752e01feedccfa,398,CC(=O)c1ccc(C)cc1C,unlabeled
769539383,100,0a1949b42050f41b0db4,399,CC(=O)c1ccc(C)cc1C,unlabeled
769539383,100,118d66c0e53f510c51ed,400,CC(=O)c1ccc2c(c1)Cc1ccccc1-2,unlabeled
769539383,100,38aa81d53a6b39e9d8ef,401,CC(=O)c1ccc2c(c1)Cc1ccccc1-2,gradient_train
769539383,100,c780d2f5194817087e07,402,CC(=O)c1ccc2c(c1)Cc1ccccc1-2,unlabeled
769539383,100,546046afb5114d631360,403,CC(=O)c1ccc2c(c1)Cc1ccccc1-2,unlabeled
769539383,100,dc9f747c03c55d77bf72,404,BrC(=C(c1ccccc1)c1ccccc1)c1ccccc1,unlabeled
769539383,100,d29c00125d1c5dc55586,405,BrC(=C(c1ccccc1)c1ccccc1)c1ccccc1,unlabeled
769539383,100,509e53644c411798f5b0,406,BrC(=C(c1ccccc1)c1ccccc1)c1ccccc1,unlabeled
769539383,100,5ac5df671efee45d3ddf,407,BrC(=C(c1ccccc1)c1ccccc1)c1ccccc1,unlabeled
769539383,100,1e8c03a5d84f08329475,408,BrC(=C(c1ccccc1)c1ccccc1)c1ccccc1,unlabeled
769539383,100,a7f9a08159d001c30f67,409,BrC(=C(c1ccccc1)c1ccccc1)c1ccccc1,gradient_train
769539383,100,97feb43dae8371e80d3b,410,BrC(=C(c1ccccc1)c1ccccc1)c1ccccc1,unlabeled
769539383,100,2f612d3ec5e270672ad1,411,C/C(=N\O)c1ccccc1,unlabeled
769539383,100,b089551184e4d70e386d,412,C/C(=N\O)c1ccccc1,unlabeled
769539383,100,95f7b6c8f44b25feade0,413,C/C(=N\O)c1ccccc1,test
769539383,100,b0f39affa1970d2700b7,414,C/C(=N\O)c1ccccc1,test
769539383,100,af2973fb82b6d79d8c5e,415,C/C(=N\O)c1ccccc1,unlabeled
769539383,100,3545611fd9950a160288,416,C/C(=N\O)c1ccccc1,unlabeled
769539383,100,786c4179676f46638e4a,417,O=C(c1ccccc1)c1ccc(Cl)cc1,unlabeled
769539383,100,937105af8867732c56ec,418,O=C(c1ccccc1)c1ccc(Cl)cc1,unlabeled
769539383,100,711f210d4869259d0651,419,O=C(c1ccccc1)c1ccc(Cl)cc1,unlabeled
769539383,100,26bb8ff67b7738527484,420,O=C(c1ccccc1)c1ccc(Cl)cc1,gradient_train
769539383,100,6624c43f78e6697c8ac9,421,O=C(c1ccccc1)c1ccc(Cl)cc1,unlabeled
769539383,100,f9b97e958092bd5cb81a,422,O=C(c1ccccc1)c1ccc(Cl)cc1,gradient_train
769539383,100,2d53109003f718b780fa,423,Cc1ccc(C(=O)c2ccccc2)cc1C,gradient_train
769539383,100,b9b624baffe611c30836,424,Cc1ccc(C(=O)c2ccccc2)cc1C,unlabeled
769539383,100,f8a590eaa91d155f61da,425,Cc1ccc(C(=O)c2ccccc2)cc1C,unlabeled
769539383,100,2fcaa537474ba2ae579f,426,Cc1ccc(C(=O)c2ccccc2)cc1C,test
769539383,100,d914e4c833f2df567cac,427,Cc1ccc(C(=O)c2ccccc2)cc1C,gradient_train
769539383,100,5048acae682925888d12,428,Cc1ccc(C(=O)c2ccccc2)cc1C,gradient_train
769539383,100,41927f703a0632f098fb,429,CC(=O)CC(=O)c1ccccc1,gradient_train
769539383,100,760d0bf0ec31747d3969,430,CC(=O)CC(=O)c1ccccc1,unlabeled
769539383,100,d71aab82a8179d05294a,431,CC(=O)CC(=O)c1ccccc1,unlabeled
769539383,100,25ffb25df5bec65a633b,432,CC(=O)CC(=O)c1ccccc1,unlabeled
769539383,100,92d69b1849c34b7f1a80,433,CCOC(=O)C(Cc1ccccc1)C(C)=O,test
769539383,100,a289439d96e27bec7cbc,434,CCOC(=O)C(Cc1ccccc1)C(C)=O,unlabeled
769539383,100,4707a180fe4230c208ff,435,CCOC(=O)C(Cc1ccccc1)C(C)=O,unlabeled
769539383,100,41921840a5681261ba98,436,CCOC(=O)C(Cc1ccccc1)C(C)=O,unlabeled
769539383,100,b5080cde4f493a415fc5,437,CCOC(=O)C(Cc1ccccc1)C(C)=O,validation
769539383,100,1bbec08f4838f06da0fb,438,CCOC(=O)C(Cc1ccccc1)C(C)=O,gradient_train
769539383,100,bd0519702a5756bc3c94,439,CCOC(=O)C(Cc1ccccc1)C(C)=O,gradient_train
769539383,100,b7fa3dd8e6040788ae14,440,CCOC(=O)c1cccnc1,gradient_train
769539383,100,2deca509a22158d15375,441,CCOC(=O)c1cccnc1,unlabeled
769539383,100,b48dea92ecfc07816494,442,CCOC(=O)c1cccnc1,unlabeled
769539383,100,82fa7e7b3bd183853280,443,CCOC(=O)c1cccnc1,test
769539383,100,7ba2cf5e6ca289d9810f,444,CCOC(=O)c1cccnc1,unlabeled
769539383,100,7dec4c1259ce3660b729,445,COc1ccc(OC)c(Br)c1,gradient_train
769539383,100,768064b2e2a953d147d0,446,COc1ccc(OC)c(Br)c1,unlabeled
769539383,100,212154e56fe15a3333a2,447,COc1ccc(OC)c(Br)c1,unlabeled
769539383,100,c56a92db4ce7de66bee1,448,COc1ccc(OC)c(Br)c1,unlabeled
769539383,100,48b99ebef2fd7718f678,449,COc1ccc(OC)c(Br)c1,unlabeled
769539383,100,6da48b9dd6e1ed7e26fd,450,COc1ccc(OC)c(Br)c1,unlabeled
769539383,100,a2eeeea4e6525c9d22d4,451,COc1ccc(OC)c(Br)c1,gradient_train
769539383,100,1e0e33b1a77df72f4dd8,452,OCc1cccc(Br)c1,test
769539383,100,371711577127c07527e3,453,OCc1cccc(Br)c1,validation
769539383,100,78d4810a82f060b5cf49,454,OCc1cccc(Br)c1,validation
769539383,100,1c04f02c0ea8c00b358d,455,OCc1cccc(Br)c1,unlabeled
769539383,100,4bc0dc84991def63aa1b,456,O=C1CCCc2ccccc21,unlabeled
769539383,100,2433f7a3f7959e1d1b74,457,O=C1CCCc2ccccc21,unlabeled
769539383,100,944f0a85ec8978a60444,458,O=C1CCCc2ccccc21,unlabeled
769539383,100,8afc083342d1c2e7f78a,459,O=C1CCCc2ccccc21,gradient_train
769539383,100,c35ed383b2db14b3bc06,460,O=C1CCCc2ccccc21,unlabeled
769539383,100,d7c72c92165e2c129547,461,O=C1CCCc2ccccc21,unlabeled
769539383,100,e375bb01e53e46f8faee,462,O=C1CCCc2ccccc21,unlabeled
769539383,100,fdc873b5607287090ff3,463,CSc1ccc(C=O)cc1,unlabeled
769539383,100,80b4e33a8434ac29ed52,464,CSc1ccc(C=O)cc1,test
769539383,100,ee60c3ffc43a4c2c965e,465,CSc1ccc(C=O)cc1,unlabeled
769539383,100,95f10fffb85ea1b1f47a,466,CSc1ccc(C=O)cc1,unlabeled
769539383,100,793d8259fd7820530cfe,467,Cc1ccccc1C=O,unlabeled
769539383,100,13fb1511fffef8fc96e0,468,Cc1ccccc1C=O,unlabeled
769539383,100,532a47d1b45e54d6326b,469,Cc1ccccc1C=O,unlabeled
769539383,100,dcd70c2b5039c4268d56,470,Cc1ccccc1C=O,unlabeled
769539383,100,22d860e7f246ca4272a4,471,Cc1ccccc1C=O,unlabeled
769539383,100,f21df276243d861dc2b2,472,Cc1ccccc1C=O,gradient_train
769539383,100,08820514e662ce6ea8f0,473,Cc1ccccc1C=O,unlabeled
769539383,100,d60e09bca01342c7cfa6,474,O=Cc1ccc(Br)cc1O,gradient_train
769539383,100,9dda290379fb047fc74d,475,O=Cc1ccc(Br)cc1O,gradient_train
769539383,100,4a58b799c494875f6f27,476,O=Cc1ccc(Br)cc1O,validation
769539383,100,98a1ca00445d60f415d4,477,O=Cc1ccc(Br)cc1O,test
769539383,100,ddecd252bb1099fb20f7,478,O=Cc1ccc(Br)cc1O,test
769539383,100,226ebdbf914ce9333de8,479,O=Cc1ccc(Br)cc1O,unlabeled
769539383,100,99dd4a9a47de5c84b7c0,480,O=Cc1ccc(Br)cc1O,unlabeled
769539383,100,ecc7e2759499addc038f,481,CC(=O)c1ccc(Br)cc1,unlabeled
769539383,100,66c1ee6eed3d1587de50,482,CC(=O)c1ccc(Br)cc1,unlabeled
769539383,100,a26a131344d4dbd9645b,483,CC(=O)c1ccc(Br)cc1,gradient_train
769539383,100,f0edd899ac987a1de9dd,484,CC(=O)c1ccc(Br)cc1,test
769539383,100,0e13b08b0f9c772699e1,485,CC(=O)c1ccc(Br)cc1,unlabeled
769539383,100,1254297404cc9db52ee2,486,CC(=O)c1ccc(Br)cc1,gradient_train
769539383,100,bc8e1d805b36b63cbfbe,487,CC(=O)c1ccc(Br)cc1,test
769539383,100,cd998cddd3dcb4fc8c92,488,O=C(Cc1ccccc1)c1ccccc1,unlabeled
769539383,100,12e11e8eaee71fc57209,489,O=C(Cc1ccccc1)c1ccccc1,unlabeled
769539383,100,054457c7699aabd6c619,490,O=C(Cc1ccccc1)c1ccccc1,unlabeled
769539383,100,893e4c91da1b0b2f7d3e,491,O=C(Cc1ccccc1)c1ccccc1,unlabeled
769539383,100,18e8a9c1ea6aa15c0d01,492,O=C(Cc1ccccc1)c1ccccc1,gradient_train
769539383,100,bc582f1f4f4225f6d249,493,O=C(Cc1ccccc1)c1ccccc1,unlabeled
769539383,100,d92ef85db0d1c0979197,494,O=C(Cc1ccccc1)c1ccccc1,gradient_train
769539383,100,ddc0b27538aa926cbb6e,495,O=Cc1ccc(-c2ccccc2)cc1,unlabeled
769539383,100,6dcfe9b1e0958f22523b,496,O=Cc1ccc(-c2ccccc2)cc1,unlabeled
769539383,100,3cdf1bcd3739e20f72d2,497,O=Cc1ccc(-c2ccccc2)cc1,unlabeled
769539383,100,a8e4c6001ce3245c634b,498,O=Cc1ccc(-c2ccccc2)cc1,unlabeled
769539383,100,24b540d7814b4d9c5183,499,O=Cc1ccc(-c2ccccc2)cc1,unlabeled
769539383,100,b0cadf050313e9a3a162,500,O=Cc1ccc(-c2ccccc2)cc1,gradient_train
769539383,100,8837a8a19c37b63d2e48,501,O=Cc1ccc(-c2ccccc2)cc1,unlabeled
769539383,100,23a832560d234735d954,502,O=Cc1ccc2ccccc2c1Br,unlabeled
769539383,100,90777be8090491479de1,503,O=Cc1ccc2ccccc2c1Br,unlabeled
769539383,100,926a7862066269f98d62,504,O=Cc1ccc2ccccc2c1Br,unlabeled
769539383,100,2c51476c6fa3121c5dfc,505,O=Cc1ccc2ccccc2c1Br,unlabeled
769539383,100,5a9449a7562d442b8669,506,O=Cc1ccc2ccccc2c1Br,unlabeled
769539383,100,2cbca950d64fdcd81660,507,O=Cc1ccc2ccccc2c1Br,unlabeled
769539383,100,fb1fdaa4bc60434648f7,508,O=Cc1ccc2ccccc2c1Br,unlabeled
769539383,100,9e46dbe8a460d3f96a27,509,O=C(/C=C/c1ccccc1)c1ccccc1,gradient_train
769539383,100,31e75b850983502aa64f,510,O=C(/C=C/c1ccccc1)c1ccccc1,unlabeled
769539383,100,b566ed83f272904657ba,511,O=C(/C=C/c1ccccc1)c1ccccc1,unlabeled
769539383,100,c2be1e8f7c2c080f49f5,512,O=C(/C=C/c1ccccc1)c1ccccc1,unlabeled
769539383,100,fde2d968ab29d13d4f1d,513,O=C(/C=C/c1ccccc1)c1ccccc1,unlabeled
769539383,100,240da69c823911ff5ccc,514,O=C(/C=C/c1ccccc1)c1ccccc1,unlabeled
769539383,100,b2b26956a788c2a8c7e9,515,O=C(/C=C/c1ccccc1)c1ccccc1,test
769539383,100,f3b80f5fe97d26fd8383,516,O=C(/C=C/c1ccccc1)/C=C/c1ccccc1,unlabeled
769539383,100,d60f7e6b21ea96567843,517,O=C(/C=C/c1ccccc1)/C=C/c1ccccc1,unlabeled
769539383,100,bb61793cbbbe2bfa4e12,518,O=C(/C=C/c1ccccc1)/C=C/c1ccccc1,unlabeled
769539383,100,d078d930aa37448ec4aa,519,O=C(/C=C/c1ccccc1)/C=C/c1ccccc1,unlabeled
769539383,100,8cd132f293d2823adc8d,520,O=C(/C=C/c1ccccc1)/C=C/c1ccccc1,unlabeled
769539383,100,88f58ab7b7cf02f8f134,521,O=C(/C=C/c1ccccc1)/C=C/c1ccccc1,unlabeled
769539383,100,17bdb259a18419ca296f,522,O=C(/C=C/c1ccccc1)/C=C/c1ccccc1,unlabeled
769539383,100,77c599d272254892b6ec,523,CC1CCC(=O)c2ccccc21,gradient_train
769539383,100,b393af61f6769ceccbc0,524,CC1CCC(=O)c2ccccc21,unlabeled
769539383,100,49668be051b44a819f00,525,CC1CCC(=O)c2ccccc21,unlabeled
769539383,100,ffa86b2ffa5ac89b0720,526,CC1CCC(=O)c2ccccc21,unlabeled
769539383,100,43aa4f12be94a8a96b35,527,CC1CCC(=O)c2ccccc21,unlabeled
769539383,100,c09fbafa246c8d17b677,528,CC1CCC(=O)c2ccccc21,unlabeled
769539383,100,f38afd5febe30c01c852,529,CC1CCC(=O)c2ccccc21,unlabeled
769539383,100,490ab56dde175e9b97f5,530,O=C(Cc1ccccc1F)C1CC1,unlabeled
769539383,100,3156893d5d2368c286a5,531,O=C(Cc1ccccc1F)C1CC1,unlabeled
769539383,100,5ca73775e77c8e07812b,532,O=C(Cc1ccccc1F)C1CC1,unlabeled
769539383,100,e90e636dced92c2b53d7,533,O=C(Cc1ccccc1F)C1CC1,unlabeled
769539383,100,21e4905ef98fba65035a,534,O=C(Cc1ccccc1F)C1CC1,unlabeled
769539383,100,2eda4e5a40a9021016cb,535,O=C(Cc1ccccc1F)C1CC1,test
769539383,100,9c357cc9e9b8199eb1e0,536,O=C(Cc1ccccc1F)C1CC1,test
769539383,100,51091e7a7f83732eaf1b,537,CCC(=O)c1cccc(Br)c1,unlabeled
769539383,100,71577790a52cb379d81f,538,CCC(=O)c1cccc(Br)c1,unlabeled
769539383,100,e3b2ac778da2b86aa873,539,CCC(=O)c1cccc(Br)c1,test
769539383,100,1046fdfaf24728b107ba,540,CCC(=O)c1cccc(Br)c1,unlabeled
769539383,100,2e10d8b186d86053260f,541,CCC(=O)c1cccc(Br)c1,unlabeled
769539383,100,5111664a952a4ab7d54e,542,CCC(=O)c1cccc(Br)c1,unlabeled
769539383,100,ffcab07e0d31056e0d4a,543,CCC(=O)c1cccc(Br)c1,unlabeled
769539383,100,b6bb9be5584029502820,544,COCCCCC(=O)c1ccc(C(F)(F)F)cc1,unlabeled
769539383,100,60a000cb56517513c4d2,545,COCCCCC(=O)c1ccc(C(F)(F)F)cc1,unlabeled
769539383,100,677c30b5727454c7a81e,546,COCCCCC(=O)c1ccc(C(F)(F)F)cc1,unlabeled
769539383,100,94bc1858c275dcb3d476,547,COCCCCC(=O)c1ccc(C(F)(F)F)cc1,unlabeled
769539383,100,06c29062334b43b0d12f,548,COCCCCC(=O)c1ccc(C(F)(F)F)cc1,unlabeled
769539383,100,80e66bd0e8e9450537bb,549,COCCCCC(=O)c1ccc(C(F)(F)F)cc1,unlabeled
769539383,100,b82c7c8060589ec1974b,550,CCCC(=O)c1ccc(-c2ccccc2)cc1,unlabeled
769539383,100,57e291b74a249c9dd3ff,551,CCCC(=O)c1ccc(-c2ccccc2)cc1,unlabeled
769539383,100,7d6bcd84e5a6861fc8fc,552,CCCC(=O)c1ccc(-c2ccccc2)cc1,unlabeled
769539383,100,2d37adf0d65a19bc2c0c,553,CCCC(=O)c1ccc(-c2ccccc2)cc1,unlabeled
769539383,100,3c892a45de6ec4625f37,554,CCCC(=O)c1ccc(-c2ccccc2)cc1,unlabeled
769539383,100,e2c826d98b2bbeb6f48b,555,CCCC(=O)c1ccc(-c2ccccc2)cc1,unlabeled
769539383,100,ce61c0bd799e65402b75,556,CCCC(=O)c1ccc(-c2ccccc2)cc1,unlabeled
769539383,100,0f05b5ba6eb528d54b4b,557,O=C(c1ccccc1)c1cccc(C(=O)c2ccccc2)c1,test
769539383,100,c4412adf038c7f6ea3c2,558,O=C(c1ccccc1)c1cccc(C(=O)c2ccccc2)c1,unlabeled
769539383,100,182fc7fe888dbb9535bb,559,O=C(c1ccccc1)c1cccc(C(=O)c2ccccc2)c1,unlabeled
769539383,100,8abf9c0719e2d67a22f9,560,O=C(c1ccccc1)c1cccc(C(=O)c2ccccc2)c1,unlabeled
769539383,100,b8a4c06710d95c33cfe1,561,O=C(c1ccccc1)c1cccc(C(=O)c2ccccc2)c1,unlabeled
769539383,100,7e451fd74af5bfa51ac9,562,O=C(c1ccccc1)c1cccc(C(=O)c2ccccc2)c1,unlabeled
769539383,100,07e9bc7a9d27fdd58c2f,563,O=C(c1ccccc1)c1cccc(C(=O)c2ccccc2)c1,gradient_train
769539383,100,2f828b7aa8c3e93352da,564,CCC(=O)c1cccnc1,test
769539383,100,4365d2fb106c18823aac,565,CCC(=O)c1cccnc1,test
769539383,100,4c6a8ef1c87748df99f2,566,CCC(=O)c1cccnc1,unlabeled
769539383,100,aca0ef1613a0a07a0431,567,O=C(CCCCl)c1ccc(F)cc1,unlabeled
769539383,100,f98f5943ca73a5b809a1,568,O=C(CCCCl)c1ccc(F)cc1,unlabeled
769539383,100,405638494c5a95206866,569,O=C(CCCCl)c1ccc(F)cc1,unlabeled
769539383,100,76e188b0e48b99f36582,570,O=C(CCCCl)c1ccc(F)cc1,unlabeled
769539383,100,26aa0143305ac532a560,571,O=C(CCCCl)c1ccc(F)cc1,unlabeled
769539383,100,283be89c092cfa4a5cbb,572,O=C(CCCCl)c1ccc(F)cc1,gradient_train
769539383,100,0ffc20c3f979502b8a09,573,O=C(CCCCl)c1ccc(F)cc1,unlabeled
1425370602,30,bbabdb9085edbb8c178b,0,CC(C)(CCl)c1ccccc1,unlabeled
1425370602,30,96dc3dc2ebd074200228,1,CC(C)(CCl)c1ccccc1,test
1425370602,30,6322e8f867a741eed74c,2,CC(C)(CCl)c1ccccc1,unlabeled
1425370602,30,c2b0aff65443af0a8618,3,CC(C)(CCl)c1ccccc1,unlabeled
1425370602,30,f4b69d88ad1d916ee71a,4,CC(C)(CCl)c1ccccc1,unlabeled
1425370602,30,0f3559d035355b0eec80,5,CC(C)(CCl)c1ccccc1,unlabeled
1425370602,30,d29a94054067cd60dd70,6,CC(C)(CCl)c1ccccc1,unlabeled
1425370602,30,31d92ca6486b229184cf,7,OCCCc1ccccc1,unlabeled
1425370602,30,8a84cca322477165b719,8,OCCCc1ccccc1,unlabeled
1425370602,30,9cf769277f6b42d15f11,9,OCCCc1ccccc1,unlabeled
1425370602,30,7a0a82051f50d5b0c89c,10,OCCCc1ccccc1,unlabeled
1425370602,30,c79f29f048bbfd157f98,11,BrCCCc1ccccc1,unlabeled
1425370602,30,df0074b49eeb620c0768,12,BrCCCc1ccccc1,unlabeled
1425370602,30,f0097bc6b7827ef65922,13,BrCCCc1ccccc1,gradient_train
1425370602,30,44348f5c4aea3b41ee9d,14,BrCCCc1ccccc1,unlabeled
1425370602,30,482cb91fac7f2a936dca,15,BrCCCc1ccccc1,unlabeled
1425370602,30,a5c6210123f05414ffc0,16,BrCCCc1ccccc1,unlabeled
1425370602,30,a82e55e1cd19814ea307,17,BrCCCc1ccccc1,unlabeled
1425370602,30,6ee3c70647b37dcd5417,18,ClCCCc1ccccc1,unlabeled
1425370602,30,2c7e37ef828eb17c78fb,19,ClCCCc1ccccc1,unlabeled
1425370602,30,7ab9c351196ad891e172,20,ClCCCc1ccccc1,unlabeled
1425370602,30,7062ca665af0f9bba6c9,21,ClCCCc1ccccc1,unlabeled
1425370602,30,6644e934f59d8b816b9f,22,ClCCCc1ccccc1,unlabeled
1425370602,30,8cc7c76a92a4474d7c6a,23,ClCCCc1ccccc1,test
1425370602,30,c883df6ea04f89f45f03,24,ClCCCc1ccccc1,test
1425370602,30,46ed1e35ca65ace74790,25,COc1ccc(CO)cc1,unlabeled
1425370602,30,ec581cec37da9563e756,26,COc1ccc(CO)cc1,test
1425370602,30,c2bd8e8f13a96726e7fc,27,COc1ccc(CO)cc1,unlabeled
1425370602,30,f1afcbd393ce4f5a6316,28,COc1ccc(CO)cc1,unlabeled
1425370602,30,2909efb29670d8f2286d,29,CCOC(=O)C(C)(C)Br,test
1425370602,30,56b391fdec7a2a622e52,30,CCOC(=O)C(C)(C)Br,unlabeled
1425370602,30,8a9485661ac2c4576006,31,CCOC(=O)C(C)(C)Br,unlabeled
1425370602,30,7f6d1cdee16de4a37a21,32,CCOC(=O)C(C)(C)Br,unlabeled
1425370602,30,fd7bf535ef538434b384,33,CCOC(=O)C(C)(C)Br,unlabeled
1425370602,30,651bb6b60c62819a4323,34,CCOC(=O)C(C)(C)Br,unlabeled
1425370602,30,2a61203b59218a3cbdc6,35,CCOC(=O)C(C)(C)Br,unlabeled
1425370602,30,6d6c0510303dec89b2fe,36,COc1ccc(C=O)cc1,test
1425370602,30,f81dc37125414986a0bb,37,COc1ccc(C=O)cc1,test
1425370602,30,400615278105cebb3ed9,38,COc1ccc(C=O)cc1,test
1425370602,30,5d04f6757b59f5c356bb,39,COc1ccc(C=O)cc1,test
1425370602,30,a074620f6970d8f89567,40,COc1ccc(C=O)cc1,unlabeled
1425370602,30,454c1ea3beebbec4befe,41,COc1ccc(C=O)cc1,unlabeled
1425370602,30,f95928e2618ed15e654f,42,COc1ccc(C=O)cc1,unlabeled
1425370602,30,3a02b99399bb0c3e9ff9,43,COC(=O)C#CC(=O)OC,unlabeled
1425370602,30,b80a4f9e4b61f534ee9e,44,COC(=O)C#CC(=O)OC,unlabeled
1425370602,30,2690de155843f45b00a3,45,COC(=O)C#CC(=O)OC,unlabeled
1425370602,30,549eb8499df5181b3558,46,COC(=O)C#CC(=O)OC,validation
1425370602,30,02c141e2551937d10f4e,47,COC(=O)C#CC(=O)OC,unlabeled
1425370602,30,9069807baff6cbfbde75,48,COC(=O)C#CC(=O)OC,unlabeled
1425370602,30,1fe1163f7d97c16f3822,49,CC(=O)c1ccccc1,unlabeled
1425370602,30,1e86d81fe1995d367fe1,50,CC(=O)c1ccccc1,unlabeled
1425370602,30,614e6d0929b0845d454b,51,CC(=O)c1ccccc1,test
1425370602,30,358681452207464d171e,52,CC(=O)c1ccccc1,test
1425370602,30,c00e01085f35d19cd90f,53,CC(=O)c1ccccc1,unlabeled
1425370602,30,a542d702abb1fa77a6fc,54,CC(=O)c1ccccc1,unlabeled
1425370602,30,77577e6f6f0aa6789972,55,CCOC(=O)C(C)Br,unlabeled
1425370602,30,298017c801a97653f57d,56,CCOC(=O)C(C)Br,unlabeled
1425370602,30,849796401ee485c617a5,57,CCOC(=O)C(C)Br,unlabeled
1425370602,30,67cc8304e3e618d7416a,58,CCOC(=O)C(C)Br,unlabeled
1425370602,30,c7bc53c45a1962a88ec3,59,CCOC(=O)C(C)Br,unlabeled
1425370602,30,76b9db19f45b8222d962,60,CCOC(=O)C(C)Br,test
1425370602,30,0279fb0f7dba4b54a816,61,CCOC(=O)CC(=O)c1ccccc1,unlabeled
1425370602,30,ca203ccf20ce8e74d86d,62,CCOC(=O)CC(=O)c1ccccc1,unlabeled
1425370602,30,029d48fc98a886c9fec4,63,CCOC(=O)CC(=O)c1ccccc1,unlabeled
1425370602,30,1e578360bd7749f6b397,64,CCOC(=O)CC(=O)c1ccccc1,unlabeled
1425370602,30,05c14d26f4aa6f7c48b0,65,CCOC(=O)CC(=O)c1ccccc1,unlabeled
1425370602,30,53d046afde1259a727f9,66,CCOC(=O)CC(=O)c1ccccc1,unlabeled
1425370602,30,35ba50ab027f5f170aba,67,CCOC(=O)CC(=O)c1ccccc1,unlabeled
1425370602,30,130d76d2d46a287c5dea,68,CC(=O)c1ccccc1C,unlabeled
1425370602,30,3ef4b1ab56fe40940b42,69,CC(=O)c1ccccc1C,unlabeled
1425370602,30,a340148c4096f80cc125,70,CC(=O)c1ccccc1C,test
1425370602,30,57af4b867d9cd419ebb9,71,CC(=O)c1ccccc1C,unlabeled
1425370602,30,ff8745125a0eeb17c1e5,72,CC(=O)c1ccccc1C,unlabeled
1425370602,30,41a468134f078d2de17d,73,CC(=O)c1ccccc1C,unlabeled
1425370602,30,b4899d5d03e44fbf885c,74,CC(=O)c1ccccc1C,unlabeled
1425370602,30,bd93eaa60288fd0d5e89,75,CC(=O)c1ccc(C)cc1,unlabeled
1425370602,30,2797757b00a9f254ef2e,76,CC(=O)c1ccc(C)cc1,unlabeled
1425370602,30,fad37552a4a2eae19961,77,CC(=O)c1ccc(C)cc1,unlabeled
1425370602,30,6936556d392803de12ed,78,CC(=O)c1ccc(C)cc1,unlabeled
1425370602,30,fd3f8b6ec11d13a8412d,79,CC(=O)c1ccc(C)cc1,unlabeled
1425370602,30,b71b23379d73c3637a76,80,CC(=O)c1ccc(C)cc1,unlabeled
1425370602,30,2a9d111386ac232bbf79,81,CC(=O)c1ccc(C)cc1,unlabeled
1425370602,30,ca00dd1990fd356443cb,82,COC(=O)c1ccccc1O,unlabeled
1425370602,30,924106530353757625ba,83,COC(=O)c1ccccc1O,unlabeled
1425370602,30,f0d3ae15346c6cb6928d,84,COC(=O)c1ccccc1O,test
1425370602,30,0b6fe9b9da26ddc80e99,85,COC(=O)c1ccccc1O,unlabeled
1425370602,30,a9a4b1ef530ce6f46a1c,86,COC(=O)c1ccccc1O,unlabeled
1425370602,30,f0245d145e2758fc9ff8,87,COC(=O)c1ccccc1O,unlabeled
1425370602,30,f33380e15f0fd8b62027,88,COC(=O)c1ccccc1O,unlabeled
1425370602,30,1773be1aaa4102ae19f0,89,CC(=O)CC(=O)OC(C)(C)C,unlabeled
1425370602,30,1895e2147dd146c4e564,90,CC(=O)CC(=O)OC(C)(C)C,unlabeled
1425370602,30,e7c8cd496e2795b23cb3,91,CC(=O)CC(=O)OC(C)(C)C,unlabeled
1425370602,30,60f64adee75a0999c5d5,92,CC(=O)CC(=O)OC(C)(C)C,unlabeled
1425370602,30,851993fe56d61c8bf074,93,CC(=O)CC(=O)OC(C)(C)C,unlabeled
1425370602,30,4e6d2ab0e823ac1d4b58,94,CC(=O)CC(=O)OC(C)(C)C,test
1425370602,30,452aebfcddc0b031c20d,95,CCOC(=O)Cc1ccccc1,unlabeled
1425370602,30,a67ee30ac22b3511e0af,96,CCOC(=O)Cc1ccccc1,unlabeled
1425370602,30,4c52102f0b5a693d59bc,97,CCOC(=O)Cc1ccccc1,unlabeled
1425370602,30,f21e8077ac7b6ec1d038,98,CCOC(=O)Cc1ccccc1,unlabeled
1425370602,30,982611df66af1cf7c2f5,99,CCOC(=O)Cc1ccccc1,unlabeled
1425370602,30,d9e344f199dc9a567b5f,100,CCOC(=O)Cc1ccccc1,unlabeled
1425370602,30,74706f7e5d10b9245796,101,CCOC(=O)Cc1ccccc1,unlabeled
1425370602,30,f5d7ae6c2608335325ff,102,COC(=O)c1ccccc1N,unlabeled
1425370602,30,f66e095007d9d0923ce2,103,COC(=O)c1ccccc1N,unlabeled
1425370602,30,c9a57e8accca7da9758b,104,COC(=O)c1ccccc1N,unlabeled
1425370602,30,f7b1b9737459397f9ace,105,COC(=O)c1ccccc1N,unlabeled
1425370602,30,68feec66f657364ebeaa,106,COC(=O)c1ccccc1N,test
1425370602,30,96ccc1b8240fc2e9c1f3,107,COC(=O)c1ccccc1N,unlabeled
1425370602,30,16eec4a03ec235274042,108,CCOC(=O)/C=C/c1ccccc1,unlabeled
1425370602,30,92e4f80b3943134ebe86,109,CCOC(=O)/C=C/c1ccccc1,unlabeled
1425370602,30,e15e8a4f329d3a08aff9,110,CCOC(=O)/C=C/c1ccccc1,test
1425370602,30,6cec450baf7517436df6,111,CCOC(=O)/C=C/c1ccccc1,unlabeled
1425370602,30,48b79e49508df9f5fd6d,112,CCOC(=O)/C=C/c1ccccc1,unlabeled
1425370602,30,404dc3e2801a9a9d52aa,113,CCOC(=O)/C=C/c1ccccc1,unlabeled
1425370602,30,c72867f0f2e38c70aa8c,114,CCOC(=O)/C=C/c1ccccc1,unlabeled
1425370602,30,d9d3d24a75ff511e108a,115,COC(=O)c1ccc(C(C)(C)C)cc1,unlabeled
1425370602,30,f40ca479a9e86b5d5458,116,COC(=O)c1ccc(C(C)(C)C)cc1,unlabeled
1425370602,30,b7770c04c72527e1d9f6,117,COC(=O)c1ccc(C(C)(C)C)cc1,unlabeled
1425370602,30,a433dc0f6a13e9ace41d,118,COC(=O)c1ccc(C(C)(C)C)cc1,unlabeled
1425370602,30,e399250d7156727de0fd,119,COC(=O)c1ccc(C(C)(C)C)cc1,unlabeled
1425370602,30,3122a2210bde68deb81e,120,COC(=O)c1ccc(C(C)(C)C)cc1,unlabeled
1425370602,30,c9460286f85a5ec0f4fc,121,COC(=O)c1ccc(C(C)(C)C)cc1,unlabeled
1425370602,30,13b0b7952199157a8399,122,CCOC(=O)/C=C(/C)N,unlabeled
1425370602,30,759d5133ee82740013bf,123,CCOC(=O)/C=C(/C)N,unlabeled
1425370602,30,c9bf385316b464cd2e8d,124,CCOC(=O)/C=C(/C)N,gradient_train
1425370602,30,f248b9b89d62a22b03c3,125,CCOC(=O)/C=C(/C)N,unlabeled
1425370602,30,10d51839b15b94f0ae56,126,CCOC(=O)/C=C(/C)N,unlabeled
1425370602,30,e66b24ec1e4dfa9a9a57,127,CCOC(=O)/C=C(/C)N,unlabeled
1425370602,30,506597d02ff322a77a8d,128,CCOC(=O)/C=C(/C)N,test
1425370602,30,d2951bd3bb1608688f0d,129,CCOC(=O)/C=C(/C)N,validation
1425370602,30,7d3c6ef279245ca08a2f,130,CCOC(=O)/C=C(/C)N,unlabeled
1425370602,30,e6886d2fb3090517172b,131,CCOC(=O)/C=C(/C)N,unlabeled
1425370602,30,d31d42caff135d7154c4,132,CCOC(=O)/C=C(/C)N,unlabeled
1425370602,30,3d7aa38258001eb6ba67,133,CC(C)COC(=O)c1ccccc1,unlabeled
1425370602,30,b3409bbbf3b06d73afca,134,CC(C)COC(=O)c1ccccc1,unlabeled
1425370602,30,5ce75d3f6df6d318cb8a,135,CC(C)COC(=O)c1ccccc1,test
1425370602,30,28f4ab2563d03e831cf0,136,CC(C)COC(=O)c1ccccc1,unlabeled
1425370602,30,b95bbdf393e00f41a6df,137,CC(C)COC(=O)c1ccccc1,unlabeled
1425370602,30,1e73138aa057a5e2b67f,138,CC(C)COC(=O)c1ccccc1,unlabeled
1425370602,30,1319bf7018ee9b9a5b9f,139,CCOC(=O)c1ccccc1,gradient_train
1425370602,30,99398d649f02f80651f1,140,CCOC(=O)c1ccccc1,unlabeled
1425370602,30,240787bdbf2abc17e093,141,CCOC(=O)c1ccccc1,unlabeled
1425370602,30,4afc7ef2732850bea176,142,CCOC(=O)c1ccccc1,unlabeled
1425370602,30,181f6c7852b17df8f194,143,CCOC(=O)c1ccccc1,unlabeled
1425370602,30,474238f822b0c38795c6,144,CCOC(=O)c1ccccc1,unlabeled
1425370602,30,5eb80e21463443b22d14,145,CCOC(=O)c1ccccc1,unlabeled
1425370602,30,f6e991e3dc3a3d3c5d89,146,COc1ccc(CCO)cc1,gradient_train
1425370602,30,9991421da8e18008fc91,147,COc1ccc(CCO)cc1,unlabeled
1425370602,30,9e93bad2014e7ab1a680,148,COc1ccc(CCO)cc1,unlabeled
1425370602,30,3d5dc8831f4c74f7b7d1,149,COc1ccc(CCO)cc1,gradient_train
1425370602,30,d5a7e1d47a58e1323805,150,Cc1ccc(C(C)C)cc1,unlabeled
1425370602,30,5c32bb6f3bbf72dcb37e,151,Cc1ccc(C(C)C)cc1,unlabeled
1425370602,30,e545485bf1a51a3ea557,152,Cc1ccc(C(C)C)cc1,unlabeled
1425370602,30,8ea9d90b217f4096f42f,153,Cc1ccc(C(C)C)cc1,unlabeled
1425370602,30,9ed80c28328fabe87261,154,Cc1ccc(C(C)C)cc1,unlabeled
1425370602,30,f1ea027f4cb80b10d15b,155,Cc1ccc(C(C)C)cc1,unlabeled
1425370602,30,dcfc9eaebf799d451fdb,156,Cc1ccc(C(C)C)cc1,unlabeled
1425370602,30,6c1f19a34a40cbf98728,157,CC(C)(O)CCc1ccccc1,unlabeled
1425370602,30,cf45ee02778c0243ad50,158,CC(C)(O)CCc1ccccc1,gradient_train
1425370602,30,88581d99a415bf271788,159,CC(C)(O)CCc1ccccc1,unlabeled
1425370602,30,8753ab545dd1cf036a3a,160,CC(C)(O)CCc1ccccc1,unlabeled
1425370602,30,d59d233a1606de5b6deb,161,CC(C)(O)CCc1ccccc1,unlabeled
1425370602,30,964a62fb7d677de0f711,162,CC(C)CCOC(=O)c1ccccc1,unlabeled
1425370602,30,f35f8782c107387233ed,163,CC(C)CCOC(=O)c1ccccc1,unlabeled
1425370602,30,4d602abaaf336ac523e4,164,CC(C)CCOC(=O)c1ccccc1,unlabeled
1425370602,30,4768b747981033fbdf34,165,CC(C)CCOC(=O)c1ccccc1,unlabeled
1425370602,30,3df34ab1c0d58c86999e,166,CC(C)CCOC(=O)c1ccccc1,unlabeled
1425370602,30,8b67a1246fe892b6581d,167,CC(C)CCOC(=O)c1ccccc1,gradient_train
1425370602,30,2bafcbea1bb66eb60a71,168,CC(C)CCOC(=O)c1ccccc1,unlabeled
1425370602,30,2beadb75e05408973f02,169,CCOC(=O)/C=C/c1ccccc1,test
1425370602,30,dd7cae2667a1348a2caf,170,CCOC(=O)/C=C/c1ccccc1,unlabeled
1425370602,30,56f1cecfc0c6c3d224be,171,CCOC(=O)/C=C/c1ccccc1,unlabeled
1425370602,30,6278b7d64a22dbe3844e,172,CCOC(=O)/C=C/c1ccccc1,unlabeled
1425370602,30,a75e421e756083edea35,173,CCOC(=O)/C=C/c1ccccc1,test
1425370602,30,c9f7ab78e90454873661,174,CCOC(=O)/C=C/c1ccccc1,unlabeled
1425370602,30,b36d7c12e6d3072467ee,175,CCOC(=O)/C=C/c1ccccc1,unlabeled
1425370602,30,5dc7d31c57624ac47575,176,COc1ccc(C)cc1OC,unlabeled
1425370602,30,7dea14d96460814919d3,177,COc1ccc(C)cc1OC,unlabeled
1425370602,30,83a16763654b3b743265,178,COc1ccc(C)cc1OC,unlabeled
1425370602,30,ee96bcc328a38cb12519,179,COc1ccc(C)cc1OC,test
1425370602,30,62763fd48ebc7554402f,180,COc1ccc(C)cc1OC,unlabeled
1425370602,30,dd29d0f859e11f70f4ec,181,COc1ccc(C)cc1OC,unlabeled
1425370602,30,826e9f40c328ce2478ec,182,COc1ccc(C)cc1OC,unlabeled
1425370602,30,2e684264400b651dae88,183,C1=Cc2ccccc2C1,unlabeled
1425370602,30,e4f37e6e6def0eec724a,184,C1=Cc2ccccc2C1,unlabeled
1425370602,30,fda6d7aa920e5400a222,185,C1=Cc2ccccc2C1,unlabeled
1425370602,30,ee0eba88726c692c7f0c,186,C1=Cc2ccccc2C1,unlabeled
1425370602,30,c438c37de3a60de0e84a,187,C1=Cc2ccccc2C1,unlabeled
1425370602,30,f51bc35441c8ba7713b6,188,C1=Cc2ccccc2C1,unlabeled
1425370602,30,cb1bb21d54890633943c,189,C1=Cc2ccccc2C1,unlabeled
1425370602,30,2e561b136ec088ba3eff,190,Cc1ccc(C)cc1,unlabeled
1425370602,30,0d6f66d7971473a2cef9,191,Cc1ccc(C)cc1,unlabeled
1425370602,30,6950f8ebe95298defec5,192,Cc1ccc(C)cc1,unlabeled
1425370602,30,1837a52df085e2fc70d1,193,Cc1ccc(C)cc1,unlabeled
1425370602,30,8067767b73f132489d46,194,Cc1ccc(C)cc1,unlabeled
1425370602,30,bc3f10fed296515e66e5,195,Cc1ccc(C)cc1,unlabeled
1425370602,30,369517a8e4fab7d4e0e5,196,Cc1ccc(C)cc1,unlabeled
1425370602,30,acc1a540efdb60e4fa76,197,ClCCc1ccccc1,unlabeled
1425370602,30,b849b02cc7a096ff6f6a,198,ClCCc1ccccc1,unlabeled
1425370602,30,75b105d94d176eec90ba,199,ClCCc1ccccc1,unlabeled
1425370602,30,4699975b36aa2351be18,200,ClCCc1ccccc1,unlabeled
1425370602,30,a2ecd7c05da585c2a35e,201,ClCCc1ccccc1,unlabeled
1425370602,30,82843c7e3b9005c1abb0,202,ClCCc1ccccc1,unlabeled
1425370602,30,216e9e13c0587f197c0b,203,ClCCc1ccccc1,unlabeled
1425370602,30,31162ac7e21c9688cbdc,204,CC(O)c1ccccc1,validation
1425370602,30,82ffe9abc3d02f4b970f,205,CC(O)c1ccccc1,unlabeled
1425370602,30,35eae227e68fe7434e68,206,CC(O)c1ccccc1,unlabeled
1425370602,30,82b6a0a8f122317d79d4,207,CC(O)c1ccccc1,unlabeled
1425370602,30,9b28c23ad1d4dda9fe1a,208,CC(O)c1ccccc1,unlabeled
1425370602,30,4455212440cbaf6d51e2,209,COc1ccccc1,unlabeled
1425370602,30,fcea8574ae051fe11483,210,COc1ccccc1,unlabeled
1425370602,30,04d4a16ff682bc7c55c8,211,COc1ccccc1,unlabeled
1425370602,30,62ca5eadee5ef28e9aeb,212,COc1ccccc1,unlabeled
1425370602,30,42f031acb8211bfbf67f,213,COc1ccccc1,unlabeled
1425370602,30,472b8f06caf25ffe6c7a,214,COc1ccccc1,unlabeled
1425370602,30,d532e4ccbab971232d40,215,COc1ccccc1,unlabeled
1425370602,30,bae9f1ce7c04e7ccf16b,216,CCOC(=O)C(Br)C(=O)OCC,unlabeled
1425370602,30,fc58ac30a03fcb0ec051,217,CCOC(=O)C(Br)C(=O)OCC,unlabeled
1425370602,30,c4b569d1149e4ec87b12,218,CCOC(=O)C(Br)C(=O)OCC,unlabeled
1425370602,30,53d7fb31d852cbb33059,219,CCOC(=O)C(Br)C(=O)OCC,unlabeled
1425370602,30,265addbdd355a85c628d,220,CCOC(=O)C(Br)C(=O)OCC,unlabeled
1425370602,30,b07e3b186c5f9a698624,221,CCOC(=O)C(Br)C(=O)OCC,unlabeled
1425370602,30,28c4b7ec4bf7f486b68c,222,CCOC(=O)C(Br)C(=O)OCC,unlabeled
1425370602,30,c9d7d885160197c7f67c,223,c1ccc(COCc2ccccc2)cc1,unlabeled
1425370602,30,e2869f5cf5635b6ae9c1,224,c1ccc(COCc2ccccc2)cc1,unlabeled
1425370602,30,49865eda3c0e936157be,225,c1ccc(COCc2ccccc2)cc1,unlabeled
1425370602,30,d26cffd9ef4da9800470,226,c1ccc(COCc2ccccc2)cc1,unlabeled
1425370602,30,ce9ac115ce41ab41f01d,227,c1ccc(COCc2ccccc2)cc1,test
1425370602,30,b2b5155e06ff9134c6a4,228,c1ccc(COCc2ccccc2)cc1,gradient_train
1425370602,30,f1aabb6243aed53011cb,229,c1ccc(COCc2ccccc2)cc1,gradient_train
1425370602,30,ebc9c107c2207e99cf79,230,CCOC(=O)CC(C)=O,unlabeled
1425370602,30,f373e0ffa24cb51dd13a,231,CCOC(=O)CC(C)=O,unlabeled
1425370602,30,bcb35848089ca50a1eef,232,CCOC(=O)CC(C)=O,unlabeled
1425370602,30,ef8527c6b63d54b73966,233,CCOC(=O)CC(C)=O,unlabeled
1425370602,30,86f385aa0925171d22cc,234,CCOC(=O)CC(C)=O,unlabeled
1425370602,30,9c7a6ce4172638d2abc7,235,CCOC(=O)CC(C)=O,unlabeled
1425370602,30,982585c1a4e89f10713f,236,O=CCCc1ccccc1,unlabeled
1425370602,30,36af0c588eb2e094a55e,237,O=CCCc1ccccc1,unlabeled
1425370602,30,afcb9ffea06f12f9e0f5,238,O=CCCc1ccccc1,unlabeled
1425370602,30,e584c52185ccefd22a26,239,O=CCCc1ccccc1,unlabeled
1425370602,30,39e40f336da135e6a7b5,240,O=CCCc1ccccc1,unlabeled
1425370602,30,e3c9408f01aa7642870f,241,O=CCCc1ccccc1,gradient_train
1425370602,30,155ad3f702726e253c4d,242,O=CCCc1ccccc1,unlabeled
1425370602,30,f84aa17604ca7f927b8c,243,C=CC(=O)OCCOc1ccccc1,unlabeled
1425370602,30,6b8023df74ccc51e5c76,244,C=CC(=O)OCCOc1ccccc1,unlabeled
1425370602,30,b056b793f5b571e6cdee,245,C=CC(=O)OCCOc1ccccc1,unlabeled
1425370602,30,934f00061cc32bab10e8,246,C=CC(=O)OCCOc1ccccc1,unlabeled
1425370602,30,b983d4c3094d909b570e,247,C=CC(=O)OCCOc1ccccc1,unlabeled
1425370602,30,b6f53d16978daf702470,248,C=CC(=O)OCCOc1ccccc1,unlabeled
1425370602,30,9563dde5c28fb62e4f7e,249,C=CC(=O)OCCOc1ccccc1,unlabeled
1425370602,30,de2563a5f711307823f1,250,C=CC(=O)OC1CCCCC1,unlabeled
1425370602,30,e2e681b0653ec64f7c14,251,C=CC(=O)OC1CCCCC1,unlabeled
1425370602,30,fbf392edaddff6347b58,252,C=CC(=O)OC1CCCCC1,unlabeled
1425370602,30,3955ae590ac179d279b6,253,C=CC(=O)OC1CCCCC1,unlabeled
1425370602,30,db51f6df02555cb9c264,254,C=CC(=O)OC1CCCCC1,unlabeled
1425370602,30,2195290d04210cdb253f,255,C=CC(=O)OC1CCCCC1,unlabeled
1425370602,30,8063e3de9de70b75def1,256,C=CC(=O)OC1CCCCC1,unlabeled
1425370602,30,88771c5c64ed839a4436,257,C=CC(=O)OCc1ccccc1,unlabeled
1425370602,30,b5365d56777fde5c4dfc,258,C=CC(=O)OCc1ccccc1,unlabeled
1425370602,30,4513e318c9d037303b13,259,C=CC(=O)OCc1ccccc1,unlabeled
1425370602,30,efca00a284b2cadc5737,260,C=CC(=O)OCc1ccccc1,unlabeled
1425370602,30,b473ef06a415d0f114b0,261,C=CC(=O)OCc1ccccc1,unlabeled
1425370602,30,df02863943321996441f,262,C=CC(=O)OCc1ccccc1,unlabeled
1425370602,30,194278dd9ee3d2407ed5,263,C=CC(=O)OCc1ccccc1,gradient_train
1425370602,30,cc31b914acbab022eb9a,264,COC(=O)C(C)(C)Br,unlabeled
1425370602,30,a9eea85ddeee2da33706,265,COC(=O)C(C)(C)Br,unlabeled
1425370602,30,640353c89b3ce64ee98b,266,COC(=O)C(C)(C)Br,unlabeled
1425370602,30,b11bb6293c307f7f7282,267,COC(=O)C(C)(C)Br,unlabeled
1425370602,30,77b0577e6b0adb649e63,268,COC(=O)C(C)(C)Br,test
1425370602,30,543561ac99bc28db6f2f,269,COC(=O)C(C)(C)Br,unlabeled
1425370602,30,056255620b7acc9c630f,270,COC(=O)C(C)(C)Br,gradient_train
1425370602,30,7b1589ae321d27608509,271,COC(=O)CS,test
1425370602,30,0fee19a828ef997229fd,272,COC(=O)CS,gradient_train
1425370602,30,222dede783147d5efa63,273,COC(=O)CS,unlabeled
1425370602,30,d9a40ac35b79fbcf214a,274,COC(=O)CS,unlabeled
1425370602,30,aaf22f8324aad12a55fa,275,COC(=O)CS,unlabeled
1425370602,30,a9bfabe931467745353e,276,COC(=O)CS,unlabeled
1425370602,30,be7d68067464e72d0b8d,277,COC(=O)CS,unlabeled
1425370602,30,b418a712463f5abf8b81,278,CC(=O)CCCCl,unlabeled
1425370602,30,850a69ce73ac04035aa3,279,CC(=O)CCCCl,unlabeled
1425370602,30,7c4153fe9561da818ae1,280,CC(=O)CCCCl,unlabeled
1425370602,30,a67016d937c499be9d64,281,CC(C)=CCBr,unlabeled
1425370602,30,4559d83db38cc3c39d13,282,CC(C)=CCBr,test
1425370602,30,bf8409f12dae2388c6a0,283,CC(C)=CCBr,unlabeled
1425370602,30,832899abb44b8d2246cd,284,CC(C)=CCBr,unlabeled
1425370602,30,5729cc87eb48a75655ad,285,CC(C)=CCBr,unlabeled
1425370602,30,adb6d48eec0fb576d7fc,286,CC(C)=CCBr,unlabeled
1425370602,30,bc789871fe39d967a9e0,287,CC(C)=CCBr,unlabeled
1425370602,30,fff65bc451d163b1b106,288,C=CC(=O)OCCCCCCCCCCCC,unlabeled
1425370602,30,c761659793c5929e2214,289,C=CC(=O)OCCCCCCCCCCCC,test
1425370602,30,4c7d7c5f8b0c317c5548,290,C=CC(=O)OCCCCCCCCCCCC,unlabeled
1425370602,30,a9656ffd805f80fcf143,291,C=CC(=O)OCCCCCCCCCCCC,unlabeled
1425370602,30,da10d2f67a989e8b16b5,292,C=CC(=O)OCCCCCCCCCCCC,unlabeled
1425370602,30,7ca22b2f4d23a7afb10e,293,C=CC(=O)OCCCCCCCCCCCC,unlabeled
1425370602,30,38f57a9d08efd5f070d0,294,C=CC(=O)OCCCCCCCCCCCC,unlabeled
1425370602,30,1619a0c8b233772ba0c0,295,C=CC(=O)O[C@@H]1C[C@H]2CC[C@]1(C)C2(C)C,test
1425370602,30,0b9968c1280b5e4f726a,296,C=CC(=O)O[C@@H]1C[C@H]2CC[C@]1(C)C2(C)C,unlabeled
1425370602,30,0d5196ceda603b66bd22,297,C=CC(=O)O[C@@H]1C[C@H]2CC[C@]1(C)C2(C)C,test
1425370602,30,244e5c6375ff0c923725,298,C=CC(=O)O[C@@H]1C[C@H]2CC[C@]1(C)C2(C)C,unlabeled
1425370602,30,4f34bbce67c94a44318a,299,C=CC(=O)O[C@@H]1C[C@H]2CC[C@]1(C)C2(C)C,unlabeled
1425370602,30,0f8a39d1c0a7eaf35c75,300,C=CC(=O)O[C@@H]1C[C@H]2CC[C@]1(C)C2(C)C,unlabeled
1425370602,30,6de4f7fd8ac19d183348,301,C=CC(=O)O[C@@H]1C[C@H]2CC[C@]1(C)C2(C)C,unlabeled
1425370602,30,8bac25cfab022a9fb887,302,C=CC(=O)OCC(CC)CCCC,unlabeled
1425370602,30,aeef2128392508cc81cc,303,C=CC(=O)OCC(CC)CCCC,unlabeled
1425370602,30,a2eefb55da4d47a4347b,304,C=CC(=O)OCC(CC)CCCC,unlabeled
1425370602,30,3c7f7a7105a5eb39ca89,305,C=CC(=O)OCC(CC)CCCC,unlabeled
1425370602,30,2bf67acb4c861cf83990,306,C=CC(=O)OCC(CC)CCCC,unlabeled
1425370602,30,d67e364fd6830aa2bf6f,307,C=CC(=O)OCC(CC)CCCC,unlabeled
1425370602,30,84caf30ea66b29e2ea91,308,C=CC(=O)OCC(CC)CCCC,unlabeled
1425370602,30,1bd5bb3744b78ada7307,309,FC(F)(F)c1cc(Br)cc(C(F)(F)F)c1,unlabeled
1425370602,30,dd7fdbe3fa3800e6499f,310,FC(F)(F)c1cc(Br)cc(C(F)(F)F)c1,unlabeled
1425370602,30,ab84efb31c801e49c87c,311,FC(F)(F)c1cc(Br)cc(C(F)(F)F)c1,unlabeled
1425370602,30,69f6dbdc304c0475f868,312,FC(F)(F)c1cc(Br)cc(C(F)(F)F)c1,test
1425370602,30,a43656cab81e1b0fcccf,313,FC(F)(F)c1cc(Br)cc(C(F)(F)F)c1,unlabeled
1425370602,30,bcf8bb13e4fca185fe68,314,FC(F)(F)c1cc(Br)cc(C(F)(F)F)c1,unlabeled
1425370602,30,fe71f29c800d4ee35138,315,FC(F)(F)c1cc(Br)cc(C(F)(F)F)c1,unlabeled
1425370602,30,2416be80d114ff60224d,316,O=Cc1ccc(Cl)cc1Br,unlabeled
1425370602,30,9201cead3641f52a1f20,317,O=Cc1ccc(Cl)cc1Br,test
1425370602,30,49276f9b1cc72d41bbfd,318,O=Cc1ccc(Cl)cc1Br,unlabeled
1425370602,30,6cb8bbf843e6064ce249,319,O=Cc1ccc(Cl)cc1Br,unlabeled
1425370602,30,a6b1d92e3de602f8963c,320,O=Cc1ccc(Cl)cc1Br,test
1425370602,30,135ac7deca522d1e7929,321,O=Cc1ccc(Cl)cc1Br,unlabeled
1425370602,30,0f3bd8418ab9ba9d1ed2,322,O=Cc1ccc(Cl)cc1Br,unlabeled
1425370602,30,6cd5860914563da59932,323,O=Cc1ccc2c(c1)CCO2,unlabeled
1425370602,30,5179c3962ada5450dde7,324,O=Cc1ccc2c(c1)CCO2,test
1425370602,30,ad45b4b8aaed2c2b0b33,325,O=Cc1ccc2c(c1)CCO2,unlabeled
1425370602,30,6c8de7fb3dbd4f5adabf,326,O=Cc1ccc2c(c1)CCO2,test
1425370602,30,f72724ff299c47641488,327,COc1cc(F)cc(Br)c1,unlabeled
1425370602,30,2cde006ff48a36a368d2,328,COc1cc(F)cc(Br)c1,unlabeled
1425370602,30,09879f6853acb50e1280,329,COc1cc(F)cc(Br)c1,unlabeled
1425370602,30,cd492dbc52d170e5a396,330,COc1cc(F)cc(Br)c1,unlabeled
1425370602,30,e1244cc412f81ac11bd3,331,COc1cc(F)cc(Br)c1,unlabeled
1425370602,30,69bed1df8dc3cf82927c,332,COc1cc(F)cc(Br)c1,unlabeled
1425370602,30,adc9f476f8b5d66fa85d,333,COc1cc(F)cc(Br)c1,unlabeled
1425370602,30,e7e3cdff8a4b43574b19,334,CC(C)(C)c1cc(C=O)cc(C(C)(C)C)c1,unlabeled
1425370602,30,22fcaa293d9525e1f4e7,335,CC(C)(C)c1cc(C=O)cc(C(C)(C)C)c1,unlabeled
1425370602,30,5965305884ee5fba94d8,336,CC(C)(C)c1cc(C=O)cc(C(C)(C)C)c1,gradient_train
1425370602,30,556baeed852270e9c0fc,337,CC(C)(C)c1cc(C=O)cc(C(C)(C)C)c1,unlabeled
1425370602,30,376fc6387117429bcb19,338,CC(C)(C)c1cc(C=O)cc(C(C)(C)C)c1,unlabeled
1425370602,30,3fbc880a145bcc2155c9,339,CC(C)(C)c1cc(C=O)cc(C(C)(C)C)c1,unlabeled
1425370602,30,2964279ae2fd8a820ae1,340,CC(C)(C)c1cc(C=O)cc(C(C)(C)C)c1,unlabeled
1425370602,30,c084940b1be4fa61738d,341,COc1cc(Br)cc(OC)c1,unlabeled
1425370602,30,deac65153d9204a230ec,342,COc1cc(Br)cc(OC)c1,unlabeled
1425370602,30,b5f0b6271cd244ade9a3,343,COc1cc(Br)cc(OC)c1,unlabeled
1425370602,30,79723584590c0a689474,344,COc1cc(Br)cc(OC)c1,unlabeled
1425370602,30,984bc17b1da105c753eb,345,COc1cc(Br)cc(OC)c1,test
1425370602,30,1b7e334ea83516d08ff5,346,COc1cc(Br)cc(OC)c1,unlabeled
1425370602,30,b8018c4bdaadd42a057a,347,COc1cc(Br)cc(OC)c1,unlabeled
1425370602,30,3b03dfa8ff44ff554734,348,O=Cc1cc(Br)ccc1O,unlabeled
1425370602,30,167f49f748fa35bdb29e,349,O=Cc1cc(Br)ccc1O,unlabeled
1425370602,30,7e19b816ecd8282ce2a1,350,O=Cc1cc(Br)ccc1O,unlabeled
1425370602,30,0dffde5d00d50ee96173,351,O=Cc1cc(Br)ccc1O,unlabeled
1425370602,30,65bfb38b53dd53bc4f4c,352,O=Cc1cc(Br)ccc1O,unlabeled
1425370602,30,e79c5aedcfa41a5f23c9,353,O=Cc1cc(Br)ccc1O,unlabeled
1425370602,30,27b234a05f8c66fd059f,354,O=Cc1cc(Br)ccc1O,unlabeled
1425370602,30,1bf52d57e3b0d9ef0662,355,Cc1ccc(Cl)cc1Br,unlabeled
1425370602,30,867407c66038f21466a8,356,Cc1ccc(Cl)cc1Br,test
1425370602,30,fb19bbc052a528249f36,357,Cc1ccc(Cl)cc1Br,unlabeled
1425370602,30,13bebd0b1ab22fc7e93b,358,Cc1ccc(Cl)cc1Br,unlabeled
1425370602,30,c1b4c0f7481c01c40ec6,359,Cc1ccc(Cl)cc1Br,unlabeled
1425370602,30,bb159f5b8695e842d4ff,360,Cc1ccc(Cl)cc1Br,unlabeled
1425370602,30,ce70dba7026ce0b64f62,361,Cc1ccc(Cl)cc1Br,unlabeled
1425370602,30,a5ea3136b642f8a49607,362,N#Cc1ccccc1Br,unlabeled
1425370602,30,8671b386166171ebd7f7,363,N#Cc1ccccc1Br,unlabeled
1425370602,30,d344b363b8c01e73a6fa,364,N#Cc1ccccc1Br,unlabeled
1425370602,30,70e13ddfe9e6cc9b0f56,365,N#Cc1ccccc1Br,unlabeled
1425370602,30,35046c5ff35d8c8617bb,366,N#Cc1ccccc1Br,unlabeled
1425370602,30,848f6c84b4d5fc44c3c2,367,N#Cc1ccccc1Br,test
1425370602,30,0974fc9cbeb3820c4065,368,Cc1ccc(C=O)c(C)c1,test
1425370602,30,bc486e940c369b85ce28,369,Cc1ccc(C=O)c(C)c1,unlabeled
1425370602,30,9a29b268530b7a3321a0,370,Cc1ccc(C=O)c(C)c1,unlabeled
1425370602,30,51394d9af7adc7eff816,371,Cc1ccc(C=O)c(C)c1,unlabeled
1425370602,30,5cbed870fef2de105046,372,Cc1ccc(C=O)c(C)c1,unlabeled
1425370602,30,dbb854b36df7ed31d95f,373,Cc1ccc(C=O)c(C)c1,test
1425370602,30,0c0f89307cc4aff87ab6,374,Cc1ccc(C=O)c(C)c1,unlabeled
1425370602,30,a5d9706079ccfee3bdf4,375,COCCOC(=O)CC(C)=O,unlabeled
1425370602,30,bacef06b4d4d7374a4e4,376,COCCOC(=O)CC(C)=O,test
1425370602,30,74097878150c8a5a8d79,377,COCCOC(=O)CC(C)=O,unlabeled
1425370602,30,47404d0982a587f0393e,378,COCCOC(=O)CC(C)=O,unlabeled
1425370602,30,fb80794857ddc46e142c,379,CC(=O)c1ccc2c(c1)OCO2,unlabeled
1425370602,30,6f34563b6236c57b9c60,380,CC(=O)c1ccc2c(c1)OCO2,unlabeled
1425370602,30,147b560e4c606680c7b2,381,CC(=O)c1ccc2c(c1)OCO2,test
1425370602,30,7396668aaa8d372aa464,382,CC(=O)c1ccc2c(c1)OCO2,unlabeled
1425370602,30,78b04c44dfa852f4e621,383,CC(=O)c1ccc2c(c1)OCO2,unlabeled
1425370602,30,f191e08b3e95928a5423,384,CC(=O)c1ccc2c(c1)OCO2,unlabeled
1425370602,30,f5634113e0822bda1c03,385,CC(=O)c1ccc2c(c1)OCO2,unlabeled
1425370602,30,45264f1c88b241fb888c,386,CC(=O)c1c(C)cc(C)cc1C,unlabeled
1425370602,30,7b0fa77cbbcbd8e7c87a,387,CC(=O)c1c(C)cc(C)cc1C,unlabeled
1425370602,30,c514f60c28973fc116c5,388,CC(=O)c1c(C)cc(C)cc1C,unlabeled
1425370602,30,b63d546347919cb66716,389,CC(=O)c1c(C)cc(C)cc1C,test
1425370602,30,823c667f35cddfcbc346,390,CC(=O)c1c(C)cc(C)cc1C,test
1425370602,30,d2955aa36bd2b103c981,391,CC(=O)c1c(C)cc(C)cc1C,unlabeled
1425370602,30,4ce730c9ad4e20a0386e,392,CC(=O)c1c(C)cc(C)cc1C,unlabeled
1425370602,30,f3531a1565c8159ac5e2,393,CC(=O)c1ccc(C)cc1C,validation
1425370602,30,c359fd726e50e2123f43,394,CC(=O)c1ccc(C)cc1C,unlabeled
1425370602,30,a9a623a9853c6b493ce4,395,CC(=O)c1ccc(C)cc1C,unlabeled
1425370602,30,784ca4af1517dac8cd11,396,CC(=O)c1ccc(C)cc1C,unlabeled
1425370602,30,4c36e8e7d179b4bfa11a,397,CC(=O)c1ccc(C)cc1C,unlabeled
1425370602,30,77fe8c752e01feedccfa,398,CC(=O)c1ccc(C)cc1C,gradient_train
1425370602,30,0a1949b42050f41b0db4,399,CC(=O)c1ccc(C)cc1C,unlabeled
1425370602,30,118d66c0e53f510c51ed,400,CC(=O)c1ccc2c(c1)Cc1ccccc1-2,unlabeled
1425370602,30,38aa81d53a6b39e9d8ef,401,CC(=O)c1ccc2c(c1)Cc1ccccc1-2,unlabeled
1425370602,30,c780d2f5194817087e07,402,CC(=O)c1ccc2c(c1)Cc1ccccc1-2,validation
1425370602,30,546046afb5114d631360,403,CC(=O)c1ccc2c(c1)Cc1ccccc1-2,unlabeled
1425370602,30,dc9f747c03c55d77bf72,404,BrC(=C(c1ccccc1)c1ccccc1)c1ccccc1,unlabeled
1425370602,30,d29c00125d1c5dc55586,405,BrC(=C(c1ccccc1)c1ccccc1)c1ccccc1,unlabeled
1425370602,30,509e53644c411798f5b0,406,BrC(=C(c1ccccc1)c1ccccc1)c1ccccc1,unlabeled
1425370602,30,5ac5df671efee45d3ddf,407,BrC(=C(c1ccccc1)c1ccccc1)c1ccccc1,unlabeled
1425370602,30,1e8c03a5d84f08329475,408,BrC(=C(c1ccccc1)c1ccccc1)c1ccccc1,unlabeled
1425370602,30,a7f9a08159d001c30f67,409,BrC(=C(c1ccccc1)c1ccccc1)c1ccccc1,unlabeled
1425370602,30,97feb43dae8371e80d3b,410,BrC(=C(c1ccccc1)c1ccccc1)c1ccccc1,unlabeled
1425370602,30,2f612d3ec5e270672ad1,411,C/C(=N\O)c1ccccc1,unlabeled
1425370602,30,b089551184e4d70e386d,412,C/C(=N\O)c1ccccc1,unlabeled
1425370602,30,95f7b6c8f44b25feade0,413,C/C(=N\O)c1ccccc1,test
1425370602,30,b0f39affa1970d2700b7,414,C/C(=N\O)c1ccccc1,unlabeled
1425370602,30,af2973fb82b6d79d8c5e,415,C/C(=N\O)c1ccccc1,unlabeled
1425370602,30,3545611fd9950a160288,416,C/C(=N\O)c1ccccc1,unlabeled
1425370602,30,786c4179676f46638e4a,417,O=C(c1ccccc1)c1ccc(Cl)cc1,unlabeled
1425370602,30,937105af8867732c56ec,418,O=C(c1ccccc1)c1ccc(Cl)cc1,unlabeled
1425370602,30,711f210d4869259d0651,419,O=C(c1ccccc1)c1ccc(Cl)cc1,unlabeled
1425370602,30,26bb8ff67b7738527484,420,O=C(c1ccccc1)c1ccc(Cl)cc1,unlabeled
1425370602,30,6624c43f78e6697c8ac9,421,O=C(c1ccccc1)c1ccc(Cl)cc1,unlabeled
1425370602,30,f9b97e958092bd5cb81a,422,O=C(c1ccccc1)c1ccc(Cl)cc1,unlabeled
1425370602,30,2d53109003f718b780fa,423,Cc1ccc(C(=O)c2ccccc2)cc1C,unlabeled
1425370602,30,b9b624baffe611c30836,424,Cc1ccc(C(=O)c2ccccc2)cc1C,unlabeled
1425370602,30,f8a590eaa91d155f61da,425,Cc1ccc(C(=O)c2ccccc2)cc1C,unlabeled
1425370602,30,2fcaa537474ba2ae579f,426,Cc1ccc(C(=O)c2ccccc2)cc1C,unlabeled
1425370602,30,d914e4c833f2df567cac,427,Cc1ccc(C(=O)c2ccccc2)cc1C,unlabeled
1425370602,30,5048acae682925888d12,428,Cc1ccc(C(=O)c2ccccc2)cc1C,unlabeled
1425370602,30,41927f703a0632f098fb,429,CC(=O)CC(=O)c1ccccc1,unlabeled
1425370602,30,760d0bf0ec31747d3969,430,CC(=O)CC(=O)c1ccccc1,unlabeled
1425370602,30,d71aab82a8179d05294a,431,CC(=O)CC(=O)c1ccccc1,unlabeled
1425370602,30,25ffb25df5bec65a633b,432,CC(=O)CC(=O)c1ccccc1,unlabeled
1425370602,30,92d69b1849c34b7f1a80,433,CCOC(=O)C(Cc1ccccc1)C(C)=O,unlabeled
1425370602,30,a289439d96e27bec7cbc,434,CCOC(=O)C(Cc1ccccc1)C(C)=O,unlabeled
1425370602,30,4707a180fe4230c208ff,435,CCOC(=O)C(Cc1ccccc1)C(C)=O,unlabeled
1425370602,30,41921840a5681261ba98,436,CCOC(=O)C(Cc1ccccc1)C(C)=O,unlabeled
1425370602,30,b5080cde4f493a415fc5,437,CCOC(=O)C(Cc1ccccc1)C(C)=O,unlabeled
1425370602,30,1bbec08f4838f06da0fb,438,CCOC(=O)C(Cc1ccccc1)C(C)=O,validation
1425370602,30,bd0519702a5756bc3c94,439,CCOC(=O)C(Cc1ccccc1)C(C)=O,unlabeled
1425370602,30,b7fa3dd8e6040788ae14,440,CCOC(=O)c1cccnc1,test
1425370602,30,2deca509a22158d15375,441,CCOC(=O)c1cccnc1,unlabeled
1425370602,30,b48dea92ecfc07816494,442,CCOC(=O)c1cccnc1,test
1425370602,30,82fa7e7b3bd183853280,443,CCOC(=O)c1cccnc1,unlabeled
1425370602,30,7ba2cf5e6ca289d9810f,444,CCOC(=O)c1cccnc1,unlabeled
1425370602,30,7dec4c1259ce3660b729,445,COc1ccc(OC)c(Br)c1,unlabeled
1425370602,30,768064b2e2a953d147d0,446,COc1ccc(OC)c(Br)c1,unlabeled
1425370602,30,212154e56fe15a3333a2,447,COc1ccc(OC)c(Br)c1,test
1425370602,30,c56a92db4ce7de66bee1,448,COc1ccc(OC)c(Br)c1,unlabeled
1425370602,30,48b99ebef2fd7718f678,449,COc1ccc(OC)c(Br)c1,unlabeled
1425370602,30,6da48b9dd6e1ed7e26fd,450,COc1ccc(OC)c(Br)c1,unlabeled
1425370602,30,a2eeeea4e6525c9d22d4,451,COc1ccc(OC)c(Br)c1,unlabeled
1425370602,30,1e0e33b1a77df72f4dd8,452,OCc1cccc(Br)c1,unlabeled
1425370602,30,371711577127c07527e3,453,OCc1cccc(Br)c1,unlabeled
1425370602,30,78d4810a82f060b5cf49,454,OCc1cccc(Br)c1,test
1425370602,30,1c04f02c0ea8c00b358d,455,OCc1cccc(Br)c1,unlabeled
1425370602,30,4bc0dc84991def63aa1b,456,O=C1CCCc2ccccc21,test
1425370602,30,2433f7a3f7959e1d1b74,457,O=C1CCCc2ccccc21,unlabeled
1425370602,30,944f0a85ec8978a60444,458,O=C1CCCc2ccccc21,test
1425370602,30,8afc083342d1c2e7f78a,459,O=C1CCCc2ccccc21,unlabeled
1425370602,30,c35ed383b2db14b3bc06,460,O=C1CCCc2ccccc21,test
1425370602,30,d7c72c92165e2c129547,461,O=C1CCCc2ccccc21,unlabeled
1425370602,30,e375bb01e53e46f8faee,462,O=C1CCCc2ccccc21,unlabeled
1425370602,30,fdc873b5607287090ff3,463,CSc1ccc(C=O)cc1,gradient_train
1425370602,30,80b4e33a8434ac29ed52,464,CSc1ccc(C=O)cc1,unlabeled
1425370602,30,ee60c3ffc43a4c2c965e,465,CSc1ccc(C=O)cc1,test
1425370602,30,95f10fffb85ea1b1f47a,466,CSc1ccc(C=O)cc1,unlabeled
1425370602,30,793d8259fd7820530cfe,467,Cc1ccccc1C=O,unlabeled
1425370602,30,13fb1511fffef8fc96e0,468,Cc1ccccc1C=O,test
1425370602,30,532a47d1b45e54d6326b,469,Cc1ccccc1C=O,unlabeled
1425370602,30,dcd70c2b5039c4268d56,470,Cc1ccccc1C=O,unlabeled
1425370602,30,22d860e7f246ca4272a4,471,Cc1ccccc1C=O,unlabeled
1425370602,30,f21df276243d861dc2b2,472,Cc1ccccc1C=O,unlabeled
1425370602,30,08820514e662ce6ea8f0,473,Cc1ccccc1C=O,unlabeled
1425370602,30,d60e09bca01342c7cfa6,474,O=Cc1ccc(Br)cc1O,unlabeled
1425370602,30,9dda290379fb047fc74d,475,O=Cc1ccc(Br)cc1O,unlabeled
1425370602,30,4a58b799c494875f6f27,476,O=Cc1ccc(Br)cc1O,gradient_train
1425370602,30,98a1ca00445d60f415d4,477,O=Cc1ccc(Br)cc1O,unlabeled
1425370602,30,ddecd252bb1099fb20f7,478,O=Cc1ccc(Br)cc1O,unlabeled
1425370602,30,226ebdbf914ce9333de8,479,O=Cc1ccc(Br)cc1O,unlabeled
1425370602,30,99dd4a9a47de5c84b7c0,480,O=Cc1ccc(Br)cc1O,unlabeled
1425370602,30,ecc7e2759499addc038f,481,CC(=O)c1ccc(Br)cc1,unlabeled
1425370602,30,66c1ee6eed3d1587de50,482,CC(=O)c1ccc(Br)cc1,gradient_train
1425370602,30,a26a131344d4dbd9645b,483,CC(=O)c1ccc(Br)cc1,unlabeled
1425370602,30,f0edd899ac987a1de9dd,484,CC(=O)c1ccc(Br)cc1,unlabeled
1425370602,30,0e13b08b0f9c772699e1,485,CC(=O)c1ccc(Br)cc1,unlabeled
1425370602,30,1254297404cc9db52ee2,486,CC(=O)c1ccc(Br)cc1,unlabeled
1425370602,30,bc8e1d805b36b63cbfbe,487,CC(=O)c1ccc(Br)cc1,unlabeled
1425370602,30,cd998cddd3dcb4fc8c92,488,O=C(Cc1ccccc1)c1ccccc1,unlabeled
1425370602,30,12e11e8eaee71fc57209,489,O=C(Cc1ccccc1)c1ccccc1,unlabeled
1425370602,30,054457c7699aabd6c619,490,O=C(Cc1ccccc1)c1ccccc1,unlabeled
1425370602,30,893e4c91da1b0b2f7d3e,491,O=C(Cc1ccccc1)c1ccccc1,unlabeled
1425370602,30,18e8a9c1ea6aa15c0d01,492,O=C(Cc1ccccc1)c1ccccc1,unlabeled
1425370602,30,bc582f1f4f4225f6d249,493,O=C(Cc1ccccc1)c1ccccc1,unlabeled
1425370602,30,d92ef85db0d1c0979197,494,O=C(Cc1ccccc1)c1ccccc1,unlabeled
1425370602,30,ddc0b27538aa926cbb6e,495,O=Cc1ccc(-c2ccccc2)cc1,test
1425370602,30,6dcfe9b1e0958f22523b,496,O=Cc1ccc(-c2ccccc2)cc1,unlabeled
1425370602,30,3cdf1bcd3739e20f72d2,497,O=Cc1ccc(-c2ccccc2)cc1,unlabeled
1425370602,30,a8e4c6001ce3245c634b,498,O=Cc1ccc(-c2ccccc2)cc1,unlabeled
1425370602,30,24b540d7814b4d9c5183,499,O=Cc1ccc(-c2ccccc2)cc1,unlabeled
1425370602,30,b0cadf050313e9a3a162,500,O=Cc1ccc(-c2ccccc2)cc1,unlabeled
1425370602,30,8837a8a19c37b63d2e48,501,O=Cc1ccc(-c2ccccc2)cc1,unlabeled
1425370602,30,23a832560d234735d954,502,O=Cc1ccc2ccccc2c1Br,test
1425370602,30,90777be8090491479de1,503,O=Cc1ccc2ccccc2c1Br,unlabeled
1425370602,30,926a7862066269f98d62,504,O=Cc1ccc2ccccc2c1Br,unlabeled
1425370602,30,2c51476c6fa3121c5dfc,505,O=Cc1ccc2ccccc2c1Br,gradient_train
1425370602,30,5a9449a7562d442b8669,506,O=Cc1ccc2ccccc2c1Br,gradient_train
1425370602,30,2cbca950d64fdcd81660,507,O=Cc1ccc2ccccc2c1Br,unlabeled
1425370602,30,fb1fdaa4bc60434648f7,508,O=Cc1ccc2ccccc2c1Br,unlabeled
1425370602,30,9e46dbe8a460d3f96a27,509,O=C(/C=C/c1ccccc1)c1ccccc1,unlabeled
1425370602,30,31e75b850983502aa64f,510,O=C(/C=C/c1ccccc1)c1ccccc1,unlabeled
1425370602,30,b566ed83f272904657ba,511,O=C(/C=C/c1ccccc1)c1ccccc1,unlabeled
1425370602,30,c2be1e8f7c2c080f49f5,512,O=C(/C=C/c1ccccc1)c1ccccc1,unlabeled
1425370602,30,fde2d968ab29d13d4f1d,513,O=C(/C=C/c1ccccc1)c1ccccc1,unlabeled
1425370602,30,240da69c823911ff5ccc,514,O=C(/C=C/c1ccccc1)c1ccccc1,test
1425370602,30,b2b26956a788c2a8c7e9,515,O=C(/C=C/c1ccccc1)c1ccccc1,unlabeled
1425370602,30,f3b80f5fe97d26fd8383,516,O=C(/C=C/c1ccccc1)/C=C/c1ccccc1,unlabeled
1425370602,30,d60f7e6b21ea96567843,517,O=C(/C=C/c1ccccc1)/C=C/c1ccccc1,unlabeled
1425370602,30,bb61793cbbbe2bfa4e12,518,O=C(/C=C/c1ccccc1)/C=C/c1ccccc1,unlabeled
1425370602,30,d078d930aa37448ec4aa,519,O=C(/C=C/c1ccccc1)/C=C/c1ccccc1,unlabeled
1425370602,30,8cd132f293d2823adc8d,520,O=C(/C=C/c1ccccc1)/C=C/c1ccccc1,unlabeled
1425370602,30,88f58ab7b7cf02f8f134,521,O=C(/C=C/c1ccccc1)/C=C/c1ccccc1,unlabeled
1425370602,30,17bdb259a18419ca296f,522,O=C(/C=C/c1ccccc1)/C=C/c1ccccc1,unlabeled
1425370602,30,77c599d272254892b6ec,523,CC1CCC(=O)c2ccccc21,unlabeled
1425370602,30,b393af61f6769ceccbc0,524,CC1CCC(=O)c2ccccc21,unlabeled
1425370602,30,49668be051b44a819f00,525,CC1CCC(=O)c2ccccc21,unlabeled
1425370602,30,ffa86b2ffa5ac89b0720,526,CC1CCC(=O)c2ccccc21,unlabeled
1425370602,30,43aa4f12be94a8a96b35,527,CC1CCC(=O)c2ccccc21,unlabeled
1425370602,30,c09fbafa246c8d17b677,528,CC1CCC(=O)c2ccccc21,gradient_train
1425370602,30,f38afd5febe30c01c852,529,CC1CCC(=O)c2ccccc21,unlabeled
1425370602,30,490ab56dde175e9b97f5,530,O=C(Cc1ccccc1F)C1CC1,unlabeled
1425370602,30,3156893d5d2368c286a5,531,O=C(Cc1ccccc1F)C1CC1,unlabeled
1425370602,30,5ca73775e77c8e07812b,532,O=C(Cc1ccccc1F)C1CC1,unlabeled
1425370602,30,e90e636dced92c2b53d7,533,O=C(Cc1ccccc1F)C1CC1,unlabeled
1425370602,30,21e4905ef98fba65035a,534,O=C(Cc1ccccc1F)C1CC1,unlabeled
1425370602,30,2eda4e5a40a9021016cb,535,O=C(Cc1ccccc1F)C1CC1,unlabeled
1425370602,30,9c357cc9e9b8199eb1e0,536,O=C(Cc1ccccc1F)C1CC1,unlabeled
1425370602,30,51091e7a7f83732eaf1b,537,CCC(=O)c1cccc(Br)c1,unlabeled
1425370602,30,71577790a52cb379d81f,538,CCC(=O)c1cccc(Br)c1,validation
1425370602,30,e3b2ac778da2b86aa873,539,CCC(=O)c1cccc(Br)c1,unlabeled
1425370602,30,1046fdfaf24728b107ba,540,CCC(=O)c1cccc(Br)c1,unlabeled
1425370602,30,2e10d8b186d86053260f,541,CCC(=O)c1cccc(Br)c1,unlabeled
1425370602,30,5111664a952a4ab7d54e,542,CCC(=O)c1cccc(Br)c1,unlabeled
1425370602,30,ffcab07e0d31056e0d4a,543,CCC(=O)c1cccc(Br)c1,unlabeled
1425370602,30,b6bb9be5584029502820,544,COCCCCC(=O)c1ccc(C(F)(F)F)cc1,unlabeled
1425370602,30,60a000cb56517513c4d2,545,COCCCCC(=O)c1ccc(C(F)(F)F)cc1,unlabeled
1425370602,30,677c30b5727454c7a81e,546,COCCCCC(=O)c1ccc(C(F)(F)F)cc1,unlabeled
1425370602,30,94bc1858c275dcb3d476,547,COCCCCC(=O)c1ccc(C(F)(F)F)cc1,unlabeled
1425370602,30,06c29062334b43b0d12f,548,COCCCCC(=O)c1ccc(C(F)(F)F)cc1,unlabeled
1425370602,30,80e66bd0e8e9450537bb,549,COCCCCC(=O)c1ccc(C(F)(F)F)cc1,unlabeled
1425370602,30,b82c7c8060589ec1974b,550,CCCC(=O)c1ccc(-c2ccccc2)cc1,unlabeled
1425370602,30,57e291b74a249c9dd3ff,551,CCCC(=O)c1ccc(-c2ccccc2)cc1,unlabeled
1425370602,30,7d6bcd84e5a6861fc8fc,552,CCCC(=O)c1ccc(-c2ccccc2)cc1,test
1425370602,30,2d37adf0d65a19bc2c0c,553,CCCC(=O)c1ccc(-c2ccccc2)cc1,validation
1425370602,30,3c892a45de6ec4625f37,554,CCCC(=O)c1ccc(-c2ccccc2)cc1,unlabeled
1425370602,30,e2c826d98b2bbeb6f48b,555,CCCC(=O)c1ccc(-c2ccccc2)cc1,unlabeled
1425370602,30,ce61c0bd799e65402b75,556,CCCC(=O)c1ccc(-c2ccccc2)cc1,test
1425370602,30,0f05b5ba6eb528d54b4b,557,O=C(c1ccccc1)c1cccc(C(=O)c2ccccc2)c1,gradient_train
1425370602,30,c4412adf038c7f6ea3c2,558,O=C(c1ccccc1)c1cccc(C(=O)c2ccccc2)c1,unlabeled
1425370602,30,182fc7fe888dbb9535bb,559,O=C(c1ccccc1)c1cccc(C(=O)c2ccccc2)c1,unlabeled
1425370602,30,8abf9c0719e2d67a22f9,560,O=C(c1ccccc1)c1cccc(C(=O)c2ccccc2)c1,unlabeled
1425370602,30,b8a4c06710d95c33cfe1,561,O=C(c1ccccc1)c1cccc(C(=O)c2ccccc2)c1,unlabeled
1425370602,30,7e451fd74af5bfa51ac9,562,O=C(c1ccccc1)c1cccc(C(=O)c2ccccc2)c1,unlabeled
1425370602,30,07e9bc7a9d27fdd58c2f,563,O=C(c1ccccc1)c1cccc(C(=O)c2ccccc2)c1,unlabeled
1425370602,30,2f828b7aa8c3e93352da,564,CCC(=O)c1cccnc1,unlabeled
1425370602,30,4365d2fb106c18823aac,565,CCC(=O)c1cccnc1,unlabeled
1425370602,30,4c6a8ef1c87748df99f2,566,CCC(=O)c1cccnc1,unlabeled
1425370602,30,aca0ef1613a0a07a0431,567,O=C(CCCCl)c1ccc(F)cc1,unlabeled
1425370602,30,f98f5943ca73a5b809a1,568,O=C(CCCCl)c1ccc(F)cc1,unlabeled
1425370602,30,405638494c5a95206866,569,O=C(CCCCl)c1ccc(F)cc1,unlabeled
1425370602,30,76e188b0e48b99f36582,570,O=C(CCCCl)c1ccc(F)cc1,unlabeled
1425370602,30,26aa0143305ac532a560,571,O=C(CCCCl)c1ccc(F)cc1,unlabeled
1425370602,30,283be89c092cfa4a5cbb,572,O=C(CCCCl)c1ccc(F)cc1,unlabeled
1425370602,30,0ffc20c3f979502b8a09,573,O=C(CCCCl)c1ccc(F)cc1,unlabeled
1425370602,50,bbabdb9085edbb8c178b,0,CC(C)(CCl)c1ccccc1,unlabeled
1425370602,50,96dc3dc2ebd074200228,1,CC(C)(CCl)c1ccccc1,test
1425370602,50,6322e8f867a741eed74c,2,CC(C)(CCl)c1ccccc1,unlabeled
1425370602,50,c2b0aff65443af0a8618,3,CC(C)(CCl)c1ccccc1,unlabeled
1425370602,50,f4b69d88ad1d916ee71a,4,CC(C)(CCl)c1ccccc1,unlabeled
1425370602,50,0f3559d035355b0eec80,5,CC(C)(CCl)c1ccccc1,unlabeled
1425370602,50,d29a94054067cd60dd70,6,CC(C)(CCl)c1ccccc1,unlabeled
1425370602,50,31d92ca6486b229184cf,7,OCCCc1ccccc1,unlabeled
1425370602,50,8a84cca322477165b719,8,OCCCc1ccccc1,unlabeled
1425370602,50,9cf769277f6b42d15f11,9,OCCCc1ccccc1,unlabeled
1425370602,50,7a0a82051f50d5b0c89c,10,OCCCc1ccccc1,unlabeled
1425370602,50,c79f29f048bbfd157f98,11,BrCCCc1ccccc1,unlabeled
1425370602,50,df0074b49eeb620c0768,12,BrCCCc1ccccc1,unlabeled
1425370602,50,f0097bc6b7827ef65922,13,BrCCCc1ccccc1,gradient_train
1425370602,50,44348f5c4aea3b41ee9d,14,BrCCCc1ccccc1,unlabeled
1425370602,50,482cb91fac7f2a936dca,15,BrCCCc1ccccc1,unlabeled
1425370602,50,a5c6210123f05414ffc0,16,BrCCCc1ccccc1,unlabeled
1425370602,50,a82e55e1cd19814ea307,17,BrCCCc1ccccc1,unlabeled
1425370602,50,6ee3c70647b37dcd5417,18,ClCCCc1ccccc1,unlabeled
1425370602,50,2c7e37ef828eb17c78fb,19,ClCCCc1ccccc1,unlabeled
1425370602,50,7ab9c351196ad891e172,20,ClCCCc1ccccc1,unlabeled
1425370602,50,7062ca665af0f9bba6c9,21,ClCCCc1ccccc1,gradient_train
1425370602,50,6644e934f59d8b816b9f,22,ClCCCc1ccccc1,gradient_train
1425370602,50,8cc7c76a92a4474d7c6a,23,ClCCCc1ccccc1,test
1425370602,50,c883df6ea04f89f45f03,24,ClCCCc1ccccc1,test
1425370602,50,46ed1e35ca65ace74790,25,COc1ccc(CO)cc1,unlabeled
1425370602,50,ec581cec37da9563e756,26,COc1ccc(CO)cc1,test
1425370602,50,c2bd8e8f13a96726e7fc,27,COc1ccc(CO)cc1,unlabeled
1425370602,50,f1afcbd393ce4f5a6316,28,COc1ccc(CO)cc1,unlabeled
1425370602,50,2909efb29670d8f2286d,29,CCOC(=O)C(C)(C)Br,test
1425370602,50,56b391fdec7a2a622e52,30,CCOC(=O)C(C)(C)Br,unlabeled
1425370602,50,8a9485661ac2c4576006,31,CCOC(=O)C(C)(C)Br,unlabeled
1425370602,50,7f6d1cdee16de4a37a21,32,CCOC(=O)C(C)(C)Br,unlabeled
1425370602,50,fd7bf535ef538434b384,33,CCOC(=O)C(C)(C)Br,unlabeled
1425370602,50,651bb6b60c62819a4323,34,CCOC(=O)C(C)(C)Br,unlabeled
1425370602,50,2a61203b59218a3cbdc6,35,CCOC(=O)C(C)(C)Br,unlabeled
1425370602,50,6d6c0510303dec89b2fe,36,COc1ccc(C=O)cc1,test
1425370602,50,f81dc37125414986a0bb,37,COc1ccc(C=O)cc1,test
1425370602,50,400615278105cebb3ed9,38,COc1ccc(C=O)cc1,test
1425370602,50,5d04f6757b59f5c356bb,39,COc1ccc(C=O)cc1,test
1425370602,50,a074620f6970d8f89567,40,COc1ccc(C=O)cc1,unlabeled
1425370602,50,454c1ea3beebbec4befe,41,COc1ccc(C=O)cc1,unlabeled
1425370602,50,f95928e2618ed15e654f,42,COc1ccc(C=O)cc1,unlabeled
1425370602,50,3a02b99399bb0c3e9ff9,43,COC(=O)C#CC(=O)OC,unlabeled
1425370602,50,b80a4f9e4b61f534ee9e,44,COC(=O)C#CC(=O)OC,unlabeled
1425370602,50,2690de155843f45b00a3,45,COC(=O)C#CC(=O)OC,unlabeled
1425370602,50,549eb8499df5181b3558,46,COC(=O)C#CC(=O)OC,validation
1425370602,50,02c141e2551937d10f4e,47,COC(=O)C#CC(=O)OC,unlabeled
1425370602,50,9069807baff6cbfbde75,48,COC(=O)C#CC(=O)OC,unlabeled
1425370602,50,1fe1163f7d97c16f3822,49,CC(=O)c1ccccc1,unlabeled
1425370602,50,1e86d81fe1995d367fe1,50,CC(=O)c1ccccc1,unlabeled
1425370602,50,614e6d0929b0845d454b,51,CC(=O)c1ccccc1,test
1425370602,50,358681452207464d171e,52,CC(=O)c1ccccc1,test
1425370602,50,c00e01085f35d19cd90f,53,CC(=O)c1ccccc1,unlabeled
1425370602,50,a542d702abb1fa77a6fc,54,CC(=O)c1ccccc1,unlabeled
1425370602,50,77577e6f6f0aa6789972,55,CCOC(=O)C(C)Br,unlabeled
1425370602,50,298017c801a97653f57d,56,CCOC(=O)C(C)Br,unlabeled
1425370602,50,849796401ee485c617a5,57,CCOC(=O)C(C)Br,unlabeled
1425370602,50,67cc8304e3e618d7416a,58,CCOC(=O)C(C)Br,unlabeled
1425370602,50,c7bc53c45a1962a88ec3,59,CCOC(=O)C(C)Br,unlabeled
1425370602,50,76b9db19f45b8222d962,60,CCOC(=O)C(C)Br,test
1425370602,50,0279fb0f7dba4b54a816,61,CCOC(=O)CC(=O)c1ccccc1,unlabeled
1425370602,50,ca203ccf20ce8e74d86d,62,CCOC(=O)CC(=O)c1ccccc1,unlabeled
1425370602,50,029d48fc98a886c9fec4,63,CCOC(=O)CC(=O)c1ccccc1,unlabeled
1425370602,50,1e578360bd7749f6b397,64,CCOC(=O)CC(=O)c1ccccc1,unlabeled
1425370602,50,05c14d26f4aa6f7c48b0,65,CCOC(=O)CC(=O)c1ccccc1,unlabeled
1425370602,50,53d046afde1259a727f9,66,CCOC(=O)CC(=O)c1ccccc1,unlabeled
1425370602,50,35ba50ab027f5f170aba,67,CCOC(=O)CC(=O)c1ccccc1,unlabeled
1425370602,50,130d76d2d46a287c5dea,68,CC(=O)c1ccccc1C,unlabeled
1425370602,50,3ef4b1ab56fe40940b42,69,CC(=O)c1ccccc1C,unlabeled
1425370602,50,a340148c4096f80cc125,70,CC(=O)c1ccccc1C,test
1425370602,50,57af4b867d9cd419ebb9,71,CC(=O)c1ccccc1C,unlabeled
1425370602,50,ff8745125a0eeb17c1e5,72,CC(=O)c1ccccc1C,unlabeled
1425370602,50,41a468134f078d2de17d,73,CC(=O)c1ccccc1C,unlabeled
1425370602,50,b4899d5d03e44fbf885c,74,CC(=O)c1ccccc1C,unlabeled
1425370602,50,bd93eaa60288fd0d5e89,75,CC(=O)c1ccc(C)cc1,unlabeled
1425370602,50,2797757b00a9f254ef2e,76,CC(=O)c1ccc(C)cc1,unlabeled
1425370602,50,fad37552a4a2eae19961,77,CC(=O)c1ccc(C)cc1,unlabeled
1425370602,50,6936556d392803de12ed,78,CC(=O)c1ccc(C)cc1,unlabeled
1425370602,50,fd3f8b6ec11d13a8412d,79,CC(=O)c1ccc(C)cc1,unlabeled
1425370602,50,b71b23379d73c3637a76,80,CC(=O)c1ccc(C)cc1,unlabeled
1425370602,50,2a9d111386ac232bbf79,81,CC(=O)c1ccc(C)cc1,unlabeled
1425370602,50,ca00dd1990fd356443cb,82,COC(=O)c1ccccc1O,unlabeled
1425370602,50,924106530353757625ba,83,COC(=O)c1ccccc1O,unlabeled
1425370602,50,f0d3ae15346c6cb6928d,84,COC(=O)c1ccccc1O,test
1425370602,50,0b6fe9b9da26ddc80e99,85,COC(=O)c1ccccc1O,unlabeled
1425370602,50,a9a4b1ef530ce6f46a1c,86,COC(=O)c1ccccc1O,unlabeled
1425370602,50,f0245d145e2758fc9ff8,87,COC(=O)c1ccccc1O,unlabeled
1425370602,50,f33380e15f0fd8b62027,88,COC(=O)c1ccccc1O,unlabeled
1425370602,50,1773be1aaa4102ae19f0,89,CC(=O)CC(=O)OC(C)(C)C,unlabeled
1425370602,50,1895e2147dd146c4e564,90,CC(=O)CC(=O)OC(C)(C)C,unlabeled
1425370602,50,e7c8cd496e2795b23cb3,91,CC(=O)CC(=O)OC(C)(C)C,unlabeled
1425370602,50,60f64adee75a0999c5d5,92,CC(=O)CC(=O)OC(C)(C)C,unlabeled
1425370602,50,851993fe56d61c8bf074,93,CC(=O)CC(=O)OC(C)(C)C,unlabeled
1425370602,50,4e6d2ab0e823ac1d4b58,94,CC(=O)CC(=O)OC(C)(C)C,test
1425370602,50,452aebfcddc0b031c20d,95,CCOC(=O)Cc1ccccc1,unlabeled
1425370602,50,a67ee30ac22b3511e0af,96,CCOC(=O)Cc1ccccc1,unlabeled
1425370602,50,4c52102f0b5a693d59bc,97,CCOC(=O)Cc1ccccc1,unlabeled
1425370602,50,f21e8077ac7b6ec1d038,98,CCOC(=O)Cc1ccccc1,unlabeled
1425370602,50,982611df66af1cf7c2f5,99,CCOC(=O)Cc1ccccc1,unlabeled
1425370602,50,d9e344f199dc9a567b5f,100,CCOC(=O)Cc1ccccc1,unlabeled
1425370602,50,74706f7e5d10b9245796,101,CCOC(=O)Cc1ccccc1,unlabeled
1425370602,50,f5d7ae6c2608335325ff,102,COC(=O)c1ccccc1N,unlabeled
1425370602,50,f66e095007d9d0923ce2,103,COC(=O)c1ccccc1N,unlabeled
1425370602,50,c9a57e8accca7da9758b,104,COC(=O)c1ccccc1N,unlabeled
1425370602,50,f7b1b9737459397f9ace,105,COC(=O)c1ccccc1N,unlabeled
1425370602,50,68feec66f657364ebeaa,106,COC(=O)c1ccccc1N,test
1425370602,50,96ccc1b8240fc2e9c1f3,107,COC(=O)c1ccccc1N,unlabeled
1425370602,50,16eec4a03ec235274042,108,CCOC(=O)/C=C/c1ccccc1,unlabeled
1425370602,50,92e4f80b3943134ebe86,109,CCOC(=O)/C=C/c1ccccc1,unlabeled
1425370602,50,e15e8a4f329d3a08aff9,110,CCOC(=O)/C=C/c1ccccc1,test
1425370602,50,6cec450baf7517436df6,111,CCOC(=O)/C=C/c1ccccc1,unlabeled
1425370602,50,48b79e49508df9f5fd6d,112,CCOC(=O)/C=C/c1ccccc1,unlabeled
1425370602,50,404dc3e2801a9a9d52aa,113,CCOC(=O)/C=C/c1ccccc1,unlabeled
1425370602,50,c72867f0f2e38c70aa8c,114,CCOC(=O)/C=C/c1ccccc1,unlabeled
1425370602,50,d9d3d24a75ff511e108a,115,COC(=O)c1ccc(C(C)(C)C)cc1,unlabeled
1425370602,50,f40ca479a9e86b5d5458,116,COC(=O)c1ccc(C(C)(C)C)cc1,unlabeled
1425370602,50,b7770c04c72527e1d9f6,117,COC(=O)c1ccc(C(C)(C)C)cc1,unlabeled
1425370602,50,a433dc0f6a13e9ace41d,118,COC(=O)c1ccc(C(C)(C)C)cc1,unlabeled
1425370602,50,e399250d7156727de0fd,119,COC(=O)c1ccc(C(C)(C)C)cc1,unlabeled
1425370602,50,3122a2210bde68deb81e,120,COC(=O)c1ccc(C(C)(C)C)cc1,unlabeled
1425370602,50,c9460286f85a5ec0f4fc,121,COC(=O)c1ccc(C(C)(C)C)cc1,unlabeled
1425370602,50,13b0b7952199157a8399,122,CCOC(=O)/C=C(/C)N,unlabeled
1425370602,50,759d5133ee82740013bf,123,CCOC(=O)/C=C(/C)N,unlabeled
1425370602,50,c9bf385316b464cd2e8d,124,CCOC(=O)/C=C(/C)N,gradient_train
1425370602,50,f248b9b89d62a22b03c3,125,CCOC(=O)/C=C(/C)N,unlabeled
1425370602,50,10d51839b15b94f0ae56,126,CCOC(=O)/C=C(/C)N,unlabeled
1425370602,50,e66b24ec1e4dfa9a9a57,127,CCOC(=O)/C=C(/C)N,unlabeled
1425370602,50,506597d02ff322a77a8d,128,CCOC(=O)/C=C(/C)N,test
1425370602,50,d2951bd3bb1608688f0d,129,CCOC(=O)/C=C(/C)N,validation
1425370602,50,7d3c6ef279245ca08a2f,130,CCOC(=O)/C=C(/C)N,unlabeled
1425370602,50,e6886d2fb3090517172b,131,CCOC(=O)/C=C(/C)N,unlabeled
1425370602,50,d31d42caff135d7154c4,132,CCOC(=O)/C=C(/C)N,unlabeled
1425370602,50,3d7aa38258001eb6ba67,133,CC(C)COC(=O)c1ccccc1,unlabeled
1425370602,50,b3409bbbf3b06d73afca,134,CC(C)COC(=O)c1ccccc1,unlabeled
1425370602,50,5ce75d3f6df6d318cb8a,135,CC(C)COC(=O)c1ccccc1,test
1425370602,50,28f4ab2563d03e831cf0,136,CC(C)COC(=O)c1ccccc1,unlabeled
1425370602,50,b95bbdf393e00f41a6df,137,CC(C)COC(=O)c1ccccc1,unlabeled
1425370602,50,1e73138aa057a5e2b67f,138,CC(C)COC(=O)c1ccccc1,unlabeled
1425370602,50,1319bf7018ee9b9a5b9f,139,CCOC(=O)c1ccccc1,gradient_train
1425370602,50,99398d649f02f80651f1,140,CCOC(=O)c1ccccc1,unlabeled
1425370602,50,240787bdbf2abc17e093,141,CCOC(=O)c1ccccc1,unlabeled
1425370602,50,4afc7ef2732850bea176,142,CCOC(=O)c1ccccc1,unlabeled
1425370602,50,181f6c7852b17df8f194,143,CCOC(=O)c1ccccc1,unlabeled
1425370602,50,474238f822b0c38795c6,144,CCOC(=O)c1ccccc1,gradient_train
1425370602,50,5eb80e21463443b22d14,145,CCOC(=O)c1ccccc1,unlabeled
1425370602,50,f6e991e3dc3a3d3c5d89,146,COc1ccc(CCO)cc1,gradient_train
1425370602,50,9991421da8e18008fc91,147,COc1ccc(CCO)cc1,unlabeled
1425370602,50,9e93bad2014e7ab1a680,148,COc1ccc(CCO)cc1,unlabeled
1425370602,50,3d5dc8831f4c74f7b7d1,149,COc1ccc(CCO)cc1,gradient_train
1425370602,50,d5a7e1d47a58e1323805,150,Cc1ccc(C(C)C)cc1,unlabeled
1425370602,50,5c32bb6f3bbf72dcb37e,151,Cc1ccc(C(C)C)cc1,unlabeled
1425370602,50,e545485bf1a51a3ea557,152,Cc1ccc(C(C)C)cc1,unlabeled
1425370602,50,8ea9d90b217f4096f42f,153,Cc1ccc(C(C)C)cc1,unlabeled
1425370602,50,9ed80c28328fabe87261,154,Cc1ccc(C(C)C)cc1,unlabeled
1425370602,50,f1ea027f4cb80b10d15b,155,Cc1ccc(C(C)C)cc1,unlabeled
1425370602,50,dcfc9eaebf799d451fdb,156,Cc1ccc(C(C)C)cc1,unlabeled
1425370602,50,6c1f19a34a40cbf98728,157,CC(C)(O)CCc1ccccc1,unlabeled
1425370602,50,cf45ee02778c0243ad50,158,CC(C)(O)CCc1ccccc1,gradient_train
1425370602,50,88581d99a415bf271788,159,CC(C)(O)CCc1ccccc1,unlabeled
1425370602,50,8753ab545dd1cf036a3a,160,CC(C)(O)CCc1ccccc1,unlabeled
1425370602,50,d59d233a1606de5b6deb,161,CC(C)(O)CCc1ccccc1,unlabeled
1425370602,50,964a62fb7d677de0f711,162,CC(C)CCOC(=O)c1ccccc1,unlabeled
1425370602,50,f35f8782c107387233ed,163,CC(C)CCOC(=O)c1ccccc1,unlabeled
1425370602,50,4d602abaaf336ac523e4,164,CC(C)CCOC(=O)c1ccccc1,unlabeled
1425370602,50,4768b747981033fbdf34,165,CC(C)CCOC(=O)c1ccccc1,unlabeled
1425370602,50,3df34ab1c0d58c86999e,166,CC(C)CCOC(=O)c1ccccc1,unlabeled
1425370602,50,8b67a1246fe892b6581d,167,CC(C)CCOC(=O)c1ccccc1,gradient_train
1425370602,50,2bafcbea1bb66eb60a71,168,CC(C)CCOC(=O)c1ccccc1,unlabeled
1425370602,50,2beadb75e05408973f02,169,CCOC(=O)/C=C/c1ccccc1,test
1425370602,50,dd7cae2667a1348a2caf,170,CCOC(=O)/C=C/c1ccccc1,unlabeled
1425370602,50,56f1cecfc0c6c3d224be,171,CCOC(=O)/C=C/c1ccccc1,unlabeled
1425370602,50,6278b7d64a22dbe3844e,172,CCOC(=O)/C=C/c1ccccc1,unlabeled
1425370602,50,a75e421e756083edea35,173,CCOC(=O)/C=C/c1ccccc1,test
1425370602,50,c9f7ab78e90454873661,174,CCOC(=O)/C=C/c1ccccc1,unlabeled
1425370602,50,b36d7c12e6d3072467ee,175,CCOC(=O)/C=C/c1ccccc1,gradient_train
1425370602,50,5dc7d31c57624ac47575,176,COc1ccc(C)cc1OC,unlabeled
1425370602,50,7dea14d96460814919d3,177,COc1ccc(C)cc1OC,unlabeled
1425370602,50,83a16763654b3b743265,178,COc1ccc(C)cc1OC,unlabeled
1425370602,50,ee96bcc328a38cb12519,179,COc1ccc(C)cc1OC,test
1425370602,50,62763fd48ebc7554402f,180,COc1ccc(C)cc1OC,unlabeled
1425370602,50,dd29d0f859e11f70f4ec,181,COc1ccc(C)cc1OC,gradient_train
1425370602,50,826e9f40c328ce2478ec,182,COc1ccc(C)cc1OC,unlabeled
1425370602,50,2e684264400b651dae88,183,C1=Cc2ccccc2C1,unlabeled
1425370602,50,e4f37e6e6def0eec724a,184,C1=Cc2ccccc2C1,unlabeled
1425370602,50,fda6d7aa920e5400a222,185,C1=Cc2ccccc2C1,unlabeled
1425370602,50,ee0eba88726c692c7f0c,186,C1=Cc2ccccc2C1,unlabeled
1425370602,50,c438c37de3a60de0e84a,187,C1=Cc2ccccc2C1,unlabeled
1425370602,50,f51bc35441c8ba7713b6,188,C1=Cc2ccccc2C1,unlabeled
1425370602,50,cb1bb21d54890633943c,189,C1=Cc2ccccc2C1,unlabeled
1425370602,50,2e561b136ec088ba3eff,190,Cc1ccc(C)cc1,unlabeled
1425370602,50,0d6f66d7971473a2cef9,191,Cc1ccc(C)cc1,unlabeled
1425370602,50,6950f8ebe95298defec5,192,Cc1ccc(C)cc1,unlabeled
1425370602,50,1837a52df085e2fc70d1,193,Cc1ccc(C)cc1,unlabeled
1425370602,50,8067767b73f132489d46,194,Cc1ccc(C)cc1,unlabeled
1425370602,50,bc3f10fed296515e66e5,195,Cc1ccc(C)cc1,unlabeled
1425370602,50,369517a8e4fab7d4e0e5,196,Cc1ccc(C)cc1,unlabeled
1425370602,50,acc1a540efdb60e4fa76,197,ClCCc1ccccc1,unlabeled
1425370602,50,b849b02cc7a096ff6f6a,198,ClCCc1ccccc1,unlabeled
1425370602,50,75b105d94d176eec90ba,199,ClCCc1ccccc1,unlabeled
1425370602,50,4699975b36aa2351be18,200,ClCCc1ccccc1,unlabeled
1425370602,50,a2ecd7c05da585c2a35e,201,ClCCc1ccccc1,unlabeled
1425370602,50,82843c7e3b9005c1abb0,202,ClCCc1ccccc1,unlabeled
1425370602,50,216e9e13c0587f197c0b,203,ClCCc1ccccc1,unlabeled
1425370602,50,31162ac7e21c9688cbdc,204,CC(O)c1ccccc1,validation
1425370602,50,82ffe9abc3d02f4b970f,205,CC(O)c1ccccc1,unlabeled
1425370602,50,35eae227e68fe7434e68,206,CC(O)c1ccccc1,unlabeled
1425370602,50,82b6a0a8f122317d79d4,207,CC(O)c1ccccc1,unlabeled
1425370602,50,9b28c23ad1d4dda9fe1a,208,CC(O)c1ccccc1,unlabeled
1425370602,50,4455212440cbaf6d51e2,209,COc1ccccc1,unlabeled
1425370602,50,fcea8574ae051fe11483,210,COc1ccccc1,unlabeled
1425370602,50,04d4a16ff682bc7c55c8,211,COc1ccccc1,unlabeled
1425370602,50,62ca5eadee5ef28e9aeb,212,COc1ccccc1,unlabeled
1425370602,50,42f031acb8211bfbf67f,213,COc1ccccc1,unlabeled
1425370602,50,472b8f06caf25ffe6c7a,214,COc1ccccc1,unlabeled
1425370602,50,d532e4ccbab971232d40,215,COc1ccccc1,unlabeled
1425370602,50,bae9f1ce7c04e7ccf16b,216,CCOC(=O)C(Br)C(=O)OCC,unlabeled
1425370602,50,fc58ac30a03fcb0ec051,217,CCOC(=O)C(Br)C(=O)OCC,gradient_train
1425370602,50,c4b569d1149e4ec87b12,218,CCOC(=O)C(Br)C(=O)OCC,unlabeled
1425370602,50,53d7fb31d852cbb33059,219,CCOC(=O)C(Br)C(=O)OCC,unlabeled
1425370602,50,265addbdd355a85c628d,220,CCOC(=O)C(Br)C(=O)OCC,unlabeled
1425370602,50,b07e3b186c5f9a698624,221,CCOC(=O)C(Br)C(=O)OCC,unlabeled
1425370602,50,28c4b7ec4bf7f486b68c,222,CCOC(=O)C(Br)C(=O)OCC,unlabeled
1425370602,50,c9d7d885160197c7f67c,223,c1ccc(COCc2ccccc2)cc1,unlabeled
1425370602,50,e2869f5cf5635b6ae9c1,224,c1ccc(COCc2ccccc2)cc1,gradient_train
1425370602,50,49865eda3c0e936157be,225,c1ccc(COCc2ccccc2)cc1,unlabeled
1425370602,50,d26cffd9ef4da9800470,226,c1ccc(COCc2ccccc2)cc1,unlabeled
1425370602,50,ce9ac115ce41ab41f01d,227,c1ccc(COCc2ccccc2)cc1,test
1425370602,50,b2b5155e06ff9134c6a4,228,c1ccc(COCc2ccccc2)cc1,gradient_train
1425370602,50,f1aabb6243aed53011cb,229,c1ccc(COCc2ccccc2)cc1,gradient_train
1425370602,50,ebc9c107c2207e99cf79,230,CCOC(=O)CC(C)=O,unlabeled
1425370602,50,f373e0ffa24cb51dd13a,231,CCOC(=O)CC(C)=O,unlabeled
1425370602,50,bcb35848089ca50a1eef,232,CCOC(=O)CC(C)=O,gradient_train
1425370602,50,ef8527c6b63d54b73966,233,CCOC(=O)CC(C)=O,unlabeled
1425370602,50,86f385aa0925171d22cc,234,CCOC(=O)CC(C)=O,unlabeled
1425370602,50,9c7a6ce4172638d2abc7,235,CCOC(=O)CC(C)=O,unlabeled
1425370602,50,982585c1a4e89f10713f,236,O=CCCc1ccccc1,unlabeled
1425370602,50,36af0c588eb2e094a55e,237,O=CCCc1ccccc1,unlabeled
1425370602,50,afcb9ffea06f12f9e0f5,238,O=CCCc1ccccc1,gradient_train
1425370602,50,e584c52185ccefd22a26,239,O=CCCc1ccccc1,unlabeled
1425370602,50,39e40f336da135e6a7b5,240,O=CCCc1ccccc1,unlabeled
1425370602,50,e3c9408f01aa7642870f,241,O=CCCc1ccccc1,gradient_train
1425370602,50,155ad3f702726e253c4d,242,O=CCCc1ccccc1,unlabeled
1425370602,50,f84aa17604ca7f927b8c,243,C=CC(=O)OCCOc1ccccc1,unlabeled
1425370602,50,6b8023df74ccc51e5c76,244,C=CC(=O)OCCOc1ccccc1,unlabeled
1425370602,50,b056b793f5b571e6cdee,245,C=CC(=O)OCCOc1ccccc1,unlabeled
1425370602,50,934f00061cc32bab10e8,246,C=CC(=O)OCCOc1ccccc1,unlabeled
1425370602,50,b983d4c3094d909b570e,247,C=CC(=O)OCCOc1ccccc1,unlabeled
1425370602,50,b6f53d16978daf702470,248,C=CC(=O)OCCOc1ccccc1,unlabeled
1425370602,50,9563dde5c28fb62e4f7e,249,C=CC(=O)OCCOc1ccccc1,unlabeled
1425370602,50,de2563a5f711307823f1,250,C=CC(=O)OC1CCCCC1,unlabeled
1425370602,50,e2e681b0653ec64f7c14,251,C=CC(=O)OC1CCCCC1,unlabeled
1425370602,50,fbf392edaddff6347b58,252,C=CC(=O)OC1CCCCC1,gradient_train
1425370602,50,3955ae590ac179d279b6,253,C=CC(=O)OC1CCCCC1,unlabeled
1425370602,50,db51f6df02555cb9c264,254,C=CC(=O)OC1CCCCC1,unlabeled
1425370602,50,2195290d04210cdb253f,255,C=CC(=O)OC1CCCCC1,unlabeled
1425370602,50,8063e3de9de70b75def1,256,C=CC(=O)OC1CCCCC1,unlabeled
1425370602,50,88771c5c64ed839a4436,257,C=CC(=O)OCc1ccccc1,unlabeled
1425370602,50,b5365d56777fde5c4dfc,258,C=CC(=O)OCc1ccccc1,unlabeled
1425370602,50,4513e318c9d037303b13,259,C=CC(=O)OCc1ccccc1,unlabeled
1425370602,50,efca00a284b2cadc5737,260,C=CC(=O)OCc1ccccc1,unlabeled
1425370602,50,b473ef06a415d0f114b0,261,C=CC(=O)OCc1ccccc1,unlabeled
1425370602,50,df02863943321996441f,262,C=CC(=O)OCc1ccccc1,unlabeled
1425370602,50,194278dd9ee3d2407ed5,263,C=CC(=O)OCc1ccccc1,gradient_train
1425370602,50,cc31b914acbab022eb9a,264,COC(=O)C(C)(C)Br,unlabeled
1425370602,50,a9eea85ddeee2da33706,265,COC(=O)C(C)(C)Br,unlabeled
1425370602,50,640353c89b3ce64ee98b,266,COC(=O)C(C)(C)Br,unlabeled
1425370602,50,b11bb6293c307f7f7282,267,COC(=O)C(C)(C)Br,unlabeled
1425370602,50,77b0577e6b0adb649e63,268,COC(=O)C(C)(C)Br,test
1425370602,50,543561ac99bc28db6f2f,269,COC(=O)C(C)(C)Br,unlabeled
1425370602,50,056255620b7acc9c630f,270,COC(=O)C(C)(C)Br,gradient_train
1425370602,50,7b1589ae321d27608509,271,COC(=O)CS,test
1425370602,50,0fee19a828ef997229fd,272,COC(=O)CS,gradient_train
1425370602,50,222dede783147d5efa63,273,COC(=O)CS,unlabeled
1425370602,50,d9a40ac35b79fbcf214a,274,COC(=O)CS,unlabeled
1425370602,50,aaf22f8324aad12a55fa,275,COC(=O)CS,unlabeled
1425370602,50,a9bfabe931467745353e,276,COC(=O)CS,unlabeled
1425370602,50,be7d68067464e72d0b8d,277,COC(=O)CS,unlabeled
1425370602,50,b418a712463f5abf8b81,278,CC(=O)CCCCl,unlabeled
1425370602,50,850a69ce73ac04035aa3,279,CC(=O)CCCCl,unlabeled
1425370602,50,7c4153fe9561da818ae1,280,CC(=O)CCCCl,unlabeled
1425370602,50,a67016d937c499be9d64,281,CC(C)=CCBr,unlabeled
1425370602,50,4559d83db38cc3c39d13,282,CC(C)=CCBr,test
1425370602,50,bf8409f12dae2388c6a0,283,CC(C)=CCBr,unlabeled
1425370602,50,832899abb44b8d2246cd,284,CC(C)=CCBr,unlabeled
1425370602,50,5729cc87eb48a75655ad,285,CC(C)=CCBr,unlabeled
1425370602,50,adb6d48eec0fb576d7fc,286,CC(C)=CCBr,unlabeled
1425370602,50,bc789871fe39d967a9e0,287,CC(C)=CCBr,unlabeled
1425370602,50,fff65bc451d163b1b106,288,C=CC(=O)OCCCCCCCCCCCC,unlabeled
1425370602,50,c761659793c5929e2214,289,C=CC(=O)OCCCCCCCCCCCC,test
1425370602,50,4c7d7c5f8b0c317c5548,290,C=CC(=O)OCCCCCCCCCCCC,unlabeled
1425370602,50,a9656ffd805f80fcf143,291,C=CC(=O)OCCCCCCCCCCCC,unlabeled
1425370602,50,da10d2f67a989e8b16b5,292,C=CC(=O)OCCCCCCCCCCCC,unlabeled
1425370602,50,7ca22b2f4d23a7afb10e,293,C=CC(=O)OCCCCCCCCCCCC,unlabeled
1425370602,50,38f57a9d08efd5f070d0,294,C=CC(=O)OCCCCCCCCCCCC,unlabeled
1425370602,50,1619a0c8b233772ba0c0,295,C=CC(=O)O[C@@H]1C[C@H]2CC[C@]1(C)C2(C)C,test
1425370602,50,0b9968c1280b5e4f726a,296,C=CC(=O)O[C@@H]1C[C@H]2CC[C@]1(C)C2(C)C,unlabeled
1425370602,50,0d5196ceda603b66bd22,297,C=CC(=O)O[C@@H]1C[C@H]2CC[C@]1(C)C2(C)C,test
1425370602,50,244e5c6375ff0c923725,298,C=CC(=O)O[C@@H]1C[C@H]2CC[C@]1(C)C2(C)C,unlabeled
1425370602,50,4f34bbce67c94a44318a,299,C=CC(=O)O[C@@H]1C[C@H]2CC[C@]1(C)C2(C)C,unlabeled
1425370602,50,0f8a39d1c0a7eaf35c75,300,C=CC(=O)O[C@@H]1C[C@H]2CC[C@]1(C)C2(C)C,unlabeled
1425370602,50,6de4f7fd8ac19d183348,301,C=CC(=O)O[C@@H]1C[C@H]2CC[C@]1(C)C2(C)C,unlabeled
1425370602,50,8bac25cfab022a9fb887,302,C=CC(=O)OCC(CC)CCCC,unlabeled
1425370602,50,aeef2128392508cc81cc,303,C=CC(=O)OCC(CC)CCCC,unlabeled
1425370602,50,a2eefb55da4d47a4347b,304,C=CC(=O)OCC(CC)CCCC,unlabeled
1425370602,50,3c7f7a7105a5eb39ca89,305,C=CC(=O)OCC(CC)CCCC,unlabeled
1425370602,50,2bf67acb4c861cf83990,306,C=CC(=O)OCC(CC)CCCC,unlabeled
1425370602,50,d67e364fd6830aa2bf6f,307,C=CC(=O)OCC(CC)CCCC,unlabeled
1425370602,50,84caf30ea66b29e2ea91,308,C=CC(=O)OCC(CC)CCCC,unlabeled
1425370602,50,1bd5bb3744b78ada7307,309,FC(F)(F)c1cc(Br)cc(C(F)(F)F)c1,unlabeled
1425370602,50,dd7fdbe3fa3800e6499f,310,FC(F)(F)c1cc(Br)cc(C(F)(F)F)c1,gradient_train
1425370602,50,ab84efb31c801e49c87c,311,FC(F)(F)c1cc(Br)cc(C(F)(F)F)c1,unlabeled
1425370602,50,69f6dbdc304c0475f868,312,FC(F)(F)c1cc(Br)cc(C(F)(F)F)c1,test
1425370602,50,a43656cab81e1b0fcccf,313,FC(F)(F)c1cc(Br)cc(C(F)(F)F)c1,unlabeled
1425370602,50,bcf8bb13e4fca185fe68,314,FC(F)(F)c1cc(Br)cc(C(F)(F)F)c1,unlabeled
1425370602,50,fe71f29c800d4ee35138,315,FC(F)(F)c1cc(Br)cc(C(F)(F)F)c1,unlabeled
1425370602,50,2416be80d114ff60224d,316,O=Cc1ccc(Cl)cc1Br,unlabeled
1425370602,50,9201cead3641f52a1f20,317,O=Cc1ccc(Cl)cc1Br,test
1425370602,50,49276f9b1cc72d41bbfd,318,O=Cc1ccc(Cl)cc1Br,unlabeled
1425370602,50,6cb8bbf843e6064ce249,319,O=Cc1ccc(Cl)cc1Br,unlabeled
1425370602,50,a6b1d92e3de602f8963c,320,O=Cc1ccc(Cl)cc1Br,test
1425370602,50,135ac7deca522d1e7929,321,O=Cc1ccc(Cl)cc1Br,unlabeled
1425370602,50,0f3bd8418ab9ba9d1ed2,322,O=Cc1ccc(Cl)cc1Br,unlabeled
1425370602,50,6cd5860914563da59932,323,O=Cc1ccc2c(c1)CCO2,unlabeled
1425370602,50,5179c3962ada5450dde7,324,O=Cc1ccc2c(c1)CCO2,test
1425370602,50,ad45b4b8aaed2c2b0b33,325,O=Cc1ccc2c(c1)CCO2,unlabeled
1425370602,50,6c8de7fb3dbd4f5adabf,326,O=Cc1ccc2c(c1)CCO2,test
1425370602,50,f72724ff299c47641488,327,COc1cc(F)cc(Br)c1,unlabeled
1425370602,50,2cde006ff48a36a368d2,328,COc1cc(F)cc(Br)c1,unlabeled
1425370602,50,09879f6853acb50e1280,329,COc1cc(F)cc(Br)c1,unlabeled
1425370602,50,cd492dbc52d170e5a396,330,COc1cc(F)cc(Br)c1,unlabeled
1425370602,50,e1244cc412f81ac11bd3,331,COc1cc(F)cc(Br)c1,unlabeled
1425370602,50,69bed1df8dc3cf82927c,332,COc1cc(F)cc(Br)c1,gradient_train
1425370602,50,adc9f476f8b5d66fa85d,333,COc1cc(F)cc(Br)c1,unlabeled
1425370602,50,e7e3cdff8a4b43574b19,334,CC(C)(C)c1cc(C=O)cc(C(C)(C)C)c1,unlabeled
1425370602,50,22fcaa293d9525e1f4e7,335,CC(C)(C)c1cc(C=O)cc(C(C)(C)C)c1,unlabeled
1425370602,50,5965305884ee5fba94d8,336,CC(C)(C)c1cc(C=O)cc(C(C)(C)C)c1,gradient_train
1425370602,50,556baeed852270e9c0fc,337,CC(C)(C)c1cc(C=O)cc(C(C)(C)C)c1,gradient_train
1425370602,50,376fc6387117429bcb19,338,CC(C)(C)c1cc(C=O)cc(C(C)(C)C)c1,gradient_train
1425370602,50,3fbc880a145bcc2155c9,339,CC(C)(C)c1cc(C=O)cc(C(C)(C)C)c1,unlabeled
1425370602,50,2964279ae2fd8a820ae1,340,CC(C)(C)c1cc(C=O)cc(C(C)(C)C)c1,unlabeled
1425370602,50,c084940b1be4fa61738d,341,COc1cc(Br)cc(OC)c1,unlabeled
1425370602,50,deac65153d9204a230ec,342,COc1cc(Br)cc(OC)c1,unlabeled
1425370602,50,b5f0b6271cd244ade9a3,343,COc1cc(Br)cc(OC)c1,unlabeled
1425370602,50,79723584590c0a689474,344,COc1cc(Br)cc(OC)c1,unlabeled
1425370602,50,984bc17b1da105c753eb,345,COc1cc(Br)cc(OC)c1,test
1425370602,50,1b7e334ea83516d08ff5,346,COc1cc(Br)cc(OC)c1,unlabeled
1425370602,50,b8018c4bdaadd42a057a,347,COc1cc(Br)cc(OC)c1,unlabeled
1425370602,50,3b03dfa8ff44ff554734,348,O=Cc1cc(Br)ccc1O,unlabeled
1425370602,50,167f49f748fa35bdb29e,349,O=Cc1cc(Br)ccc1O,unlabeled
1425370602,50,7e19b816ecd8282ce2a1,350,O=Cc1cc(Br)ccc1O,unlabeled
1425370602,50,0dffde5d00d50ee96173,351,O=Cc1cc(Br)ccc1O,unlabeled
1425370602,50,65bfb38b53dd53bc4f4c,352,O=Cc1cc(Br)ccc1O,unlabeled
1425370602,50,e79c5aedcfa41a5f23c9,353,O=Cc1cc(Br)ccc1O,unlabeled
1425370602,50,27b234a05f8c66fd059f,354,O=Cc1cc(Br)ccc1O,unlabeled
1425370602,50,1bf52d57e3b0d9ef0662,355,Cc1ccc(Cl)cc1Br,unlabeled
1425370602,50,867407c66038f21466a8,356,Cc1ccc(Cl)cc1Br,test
1425370602,50,fb19bbc052a528249f36,357,Cc1ccc(Cl)cc1Br,unlabeled
1425370602,50,13bebd0b1ab22fc7e93b,358,Cc1ccc(Cl)cc1Br,unlabeled
1425370602,50,c1b4c0f7481c01c40ec6,359,Cc1ccc(Cl)cc1Br,unlabeled
1425370602,50,bb159f5b8695e842d4ff,360,Cc1ccc(Cl)cc1Br,unlabeled
1425370602,50,ce70dba7026ce0b64f62,361,Cc1ccc(Cl)cc1Br,unlabeled
1425370602,50,a5ea3136b642f8a49607,362,N#Cc1ccccc1Br,unlabeled
1425370602,50,8671b386166171ebd7f7,363,N#Cc1ccccc1Br,unlabeled
1425370602,50,d344b363b8c01e73a6fa,364,N#Cc1ccccc1Br,unlabeled
1425370602,50,70e13ddfe9e6cc9b0f56,365,N#Cc1ccccc1Br,unlabeled
1425370602,50,35046c5ff35d8c8617bb,366,N#Cc1ccccc1Br,unlabeled
1425370602,50,848f6c84b4d5fc44c3c2,367,N#Cc1ccccc1Br,test
1425370602,50,0974fc9cbeb3820c4065,368,Cc1ccc(C=O)c(C)c1,test
1425370602,50,bc486e940c369b85ce28,369,Cc1ccc(C=O)c(C)c1,unlabeled
1425370602,50,9a29b268530b7a3321a0,370,Cc1ccc(C=O)c(C)c1,unlabeled
1425370602,50,51394d9af7adc7eff816,371,Cc1ccc(C=O)c(C)c1,unlabeled
1425370602,50,5cbed870fef2de105046,372,Cc1ccc(C=O)c(C)c1,unlabeled
1425370602,50,dbb854b36df7ed31d95f,373,Cc1ccc(C=O)c(C)c1,test
1425370602,50,0c0f89307cc4aff87ab6,374,Cc1ccc(C=O)c(C)c1,unlabeled
1425370602,50,a5d9706079ccfee3bdf4,375,COCCOC(=O)CC(C)=O,unlabeled
1425370602,50,bacef06b4d4d7374a4e4,376,COCCOC(=O)CC(C)=O,test
1425370602,50,74097878150c8a5a8d79,377,COCCOC(=O)CC(C)=O,unlabeled
1425370602,50,47404d0982a587f0393e,378,COCCOC(=O)CC(C)=O,unlabeled
1425370602,50,fb80794857ddc46e142c,379,CC(=O)c1ccc2c(c1)OCO2,unlabeled
1425370602,50,6f34563b6236c57b9c60,380,CC(=O)c1ccc2c(c1)OCO2,unlabeled
1425370602,50,147b560e4c606680c7b2,381,CC(=O)c1ccc2c(c1)OCO2,test
1425370602,50,7396668aaa8d372aa464,382,CC(=O)c1ccc2c(c1)OCO2,unlabeled
1425370602,50,78b04c44dfa852f4e621,383,CC(=O)c1ccc2c(c1)OCO2,unlabeled
1425370602,50,f191e08b3e95928a5423,384,CC(=O)c1ccc2c(c1)OCO2,unlabeled
1425370602,50,f5634113e0822bda1c03,385,CC(=O)c1ccc2c(c1)OCO2,unlabeled
1425370602,50,45264f1c88b241fb888c,386,CC(=O)c1c(C)cc(C)cc1C,unlabeled
1425370602,50,7b0fa77cbbcbd8e7c87a,387,CC(=O)c1c(C)cc(C)cc1C,unlabeled
1425370602,50,c514f60c28973fc116c5,388,CC(=O)c1c(C)cc(C)cc1C,unlabeled
1425370602,50,b63d546347919cb66716,389,CC(=O)c1c(C)cc(C)cc1C,test
1425370602,50,823c667f35cddfcbc346,390,CC(=O)c1c(C)cc(C)cc1C,test
1425370602,50,d2955aa36bd2b103c981,391,CC(=O)c1c(C)cc(C)cc1C,unlabeled
1425370602,50,4ce730c9ad4e20a0386e,392,CC(=O)c1c(C)cc(C)cc1C,unlabeled
1425370602,50,f3531a1565c8159ac5e2,393,CC(=O)c1ccc(C)cc1C,validation
1425370602,50,c359fd726e50e2123f43,394,CC(=O)c1ccc(C)cc1C,unlabeled
1425370602,50,a9a623a9853c6b493ce4,395,CC(=O)c1ccc(C)cc1C,unlabeled
1425370602,50,784ca4af1517dac8cd11,396,CC(=O)c1ccc(C)cc1C,unlabeled
1425370602,50,4c36e8e7d179b4bfa11a,397,CC(=O)c1ccc(C)cc1C,unlabeled
1425370602,50,77fe8c752e01feedccfa,398,CC(=O)c1ccc(C)cc1C,gradient_train
1425370602,50,0a1949b42050f41b0db4,399,CC(=O)c1ccc(C)cc1C,unlabeled
1425370602,50,118d66c0e53f510c51ed,400,CC(=O)c1ccc2c(c1)Cc1ccccc1-2,unlabeled
1425370602,50,38aa81d53a6b39e9d8ef,401,CC(=O)c1ccc2c(c1)Cc1ccccc1-2,unlabeled
1425370602,50,c780d2f5194817087e07,402,CC(=O)c1ccc2c(c1)Cc1ccccc1-2,validation
1425370602,50,546046afb5114d631360,403,CC(=O)c1ccc2c(c1)Cc1ccccc1-2,unlabeled
1425370602,50,dc9f747c03c55d77bf72,404,BrC(=C(c1ccccc1)c1ccccc1)c1ccccc1,unlabeled
1425370602,50,d29c00125d1c5dc55586,405,BrC(=C(c1ccccc1)c1ccccc1)c1ccccc1,unlabeled
1425370602,50,509e53644c411798f5b0,406,BrC(=C(c1ccccc1)c1ccccc1)c1ccccc1,unlabeled
1425370602,50,5ac5df671efee45d3ddf,407,BrC(=C(c1ccccc1)c1ccccc1)c1ccccc1,unlabeled
1425370602,50,1e8c03a5d84f08329475,408,BrC(=C(c1ccccc1)c1ccccc1)c1ccccc1,unlabeled
1425370602,50,a7f9a08159d001c30f67,409,BrC(=C(c1ccccc1)c1ccccc1)c1ccccc1,unlabeled
1425370602,50,97feb43dae8371e80d3b,410,BrC(=C(c1ccccc1)c1ccccc1)c1ccccc1,unlabeled
1425370602,50,2f612d3ec5e270672ad1,411,C/C(=N\O)c1ccccc1,unlabeled
1425370602,50,b089551184e4d70e386d,412,C/C(=N\O)c1ccccc1,unlabeled
1425370602,50,95f7b6c8f44b25feade0,413,C/C(=N\O)c1ccccc1,test
1425370602,50,b0f39affa1970d2700b7,414,C/C(=N\O)c1ccccc1,unlabeled
1425370602,50,af2973fb82b6d79d8c5e,415,C/C(=N\O)c1ccccc1,unlabeled
1425370602,50,3545611fd9950a160288,416,C/C(=N\O)c1ccccc1,unlabeled
1425370602,50,786c4179676f46638e4a,417,O=C(c1ccccc1)c1ccc(Cl)cc1,unlabeled
1425370602,50,937105af8867732c56ec,418,O=C(c1ccccc1)c1ccc(Cl)cc1,unlabeled
1425370602,50,711f210d4869259d0651,419,O=C(c1ccccc1)c1ccc(Cl)cc1,unlabeled
1425370602,50,26bb8ff67b7738527484,420,O=C(c1ccccc1)c1ccc(Cl)cc1,unlabeled
1425370602,50,6624c43f78e6697c8ac9,421,O=C(c1ccccc1)c1ccc(Cl)cc1,unlabeled
1425370602,50,f9b97e958092bd5cb81a,422,O=C(c1ccccc1)c1ccc(Cl)cc1,unlabeled
1425370602,50,2d53109003f718b780fa,423,Cc1ccc(C(=O)c2ccccc2)cc1C,unlabeled
1425370602,50,b9b624baffe611c30836,424,Cc1ccc(C(=O)c2ccccc2)cc1C,unlabeled
1425370602,50,f8a590eaa91d155f61da,425,Cc1ccc(C(=O)c2ccccc2)cc1C,unlabeled
1425370602,50,2fcaa537474ba2ae579f,426,Cc1ccc(C(=O)c2ccccc2)cc1C,unlabeled
1425370602,50,d914e4c833f2df567cac,427,Cc1ccc(C(=O)c2ccccc2)cc1C,unlabeled
1425370602,50,5048acae682925888d12,428,Cc1ccc(C(=O)c2ccccc2)cc1C,unlabeled
1425370602,50,41927f703a0632f098fb,429,CC(=O)CC(=O)c1ccccc1,unlabeled
1425370602,50,760d0bf0ec31747d3969,430,CC(=O)CC(=O)c1ccccc1,unlabeled
1425370602,50,d71aab82a8179d05294a,431,CC(=O)CC(=O)c1ccccc1,unlabeled
1425370602,50,25ffb25df5bec65a633b,432,CC(=O)CC(=O)c1ccccc1,unlabeled
1425370602,50,92d69b1849c34b7f1a80,433,CCOC(=O)C(Cc1ccccc1)C(C)=O,unlabeled
1425370602,50,a289439d96e27bec7cbc,434,CCOC(=O)C(Cc1ccccc1)C(C)=O,unlabeled
1425370602,50,4707a180fe4230c208ff,435,CCOC(=O)C(Cc1ccccc1)C(C)=O,unlabeled
1425370602,50,41921840a5681261ba98,436,CCOC(=O)C(Cc1ccccc1)C(C)=O,unlabeled
1425370602,50,b5080cde4f493a415fc5,437,CCOC(=O)C(Cc1ccccc1)C(C)=O,unlabeled
1425370602,50,1bbec08f4838f06da0fb,438,CCOC(=O)C(Cc1ccccc1)C(C)=O,validation
1425370602,50,bd0519702a5756bc3c94,439,CCOC(=O)C(Cc1ccccc1)C(C)=O,unlabeled
1425370602,50,b7fa3dd8e6040788ae14,440,CCOC(=O)c1cccnc1,test
1425370602,50,2deca509a22158d15375,441,CCOC(=O)c1cccnc1,unlabeled
1425370602,50,b48dea92ecfc07816494,442,CCOC(=O)c1cccnc1,test
1425370602,50,82fa7e7b3bd183853280,443,CCOC(=O)c1cccnc1,unlabeled
1425370602,50,7ba2cf5e6ca289d9810f,444,CCOC(=O)c1cccnc1,unlabeled
1425370602,50,7dec4c1259ce3660b729,445,COc1ccc(OC)c(Br)c1,unlabeled
1425370602,50,768064b2e2a953d147d0,446,COc1ccc(OC)c(Br)c1,unlabeled
1425370602,50,212154e56fe15a3333a2,447,COc1ccc(OC)c(Br)c1,test
1425370602,50,c56a92db4ce7de66bee1,448,COc1ccc(OC)c(Br)c1,unlabeled
1425370602,50,48b99ebef2fd7718f678,449,COc1ccc(OC)c(Br)c1,unlabeled
1425370602,50,6da48b9dd6e1ed7e26fd,450,COc1ccc(OC)c(Br)c1,unlabeled
1425370602,50,a2eeeea4e6525c9d22d4,451,COc1ccc(OC)c(Br)c1,unlabeled
1425370602,50,1e0e33b1a77df72f4dd8,452,OCc1cccc(Br)c1,unlabeled
1425370602,50,371711577127c07527e3,453,OCc1cccc(Br)c1,unlabeled
1425370602,50,78d4810a82f060b5cf49,454,OCc1cccc(Br)c1,test
1425370602,50,1c04f02c0ea8c00b358d,455,OCc1cccc(Br)c1,unlabeled
1425370602,50,4bc0dc84991def63aa1b,456,O=C1CCCc2ccccc21,test
1425370602,50,2433f7a3f7959e1d1b74,457,O=C1CCCc2ccccc21,unlabeled
1425370602,50,944f0a85ec8978a60444,458,O=C1CCCc2ccccc21,test
1425370602,50,8afc083342d1c2e7f78a,459,O=C1CCCc2ccccc21,gradient_train
1425370602,50,c35ed383b2db14b3bc06,460,O=C1CCCc2ccccc21,test
1425370602,50,d7c72c92165e2c129547,461,O=C1CCCc2ccccc21,unlabeled
1425370602,50,e375bb01e53e46f8faee,462,O=C1CCCc2ccccc21,unlabeled
1425370602,50,fdc873b5607287090ff3,463,CSc1ccc(C=O)cc1,gradient_train
1425370602,50,80b4e33a8434ac29ed52,464,CSc1ccc(C=O)cc1,unlabeled
1425370602,50,ee60c3ffc43a4c2c965e,465,CSc1ccc(C=O)cc1,test
1425370602,50,95f10fffb85ea1b1f47a,466,CSc1ccc(C=O)cc1,unlabeled
1425370602,50,793d8259fd7820530cfe,467,Cc1ccccc1C=O,unlabeled
1425370602,50,13fb1511fffef8fc96e0,468,Cc1ccccc1C=O,test
1425370602,50,532a47d1b45e54d6326b,469,Cc1ccccc1C=O,unlabeled
1425370602,50,dcd70c2b5039c4268d56,470,Cc1ccccc1C=O,unlabeled
1425370602,50,22d860e7f246ca4272a4,471,Cc1ccccc1C=O,unlabeled
1425370602,50,f21df276243d861dc2b2,472,Cc1ccccc1C=O,unlabeled
1425370602,50,08820514e662ce6ea8f0,473,Cc1ccccc1C=O,unlabeled
1425370602,50,d60e09bca01342c7cfa6,474,O=Cc1ccc(Br)cc1O,unlabeled
1425370602,50,9dda290379fb047fc74d,475,O=Cc1ccc(Br)cc1O,unlabeled
1425370602,50,4a58b799c494875f6f27,476,O=Cc1ccc(Br)cc1O,gradient_train
1425370602,50,98a1ca00445d60f415d4,477,O=Cc1ccc(Br)cc1O,unlabeled
1425370602,50,ddecd252bb1099fb20f7,478,O=Cc1ccc(Br)cc1O,unlabeled
1425370602,50,226ebdbf914ce9333de8,479,O=Cc1ccc(Br)cc1O,unlabeled
1425370602,50,99dd4a9a47de5c84b7c0,480,O=Cc1ccc(Br)cc1O,unlabeled
1425370602,50,ecc7e2759499addc038f,481,CC(=O)c1ccc(Br)cc1,unlabeled
1425370602,50,66c1ee6eed3d1587de50,482,CC(=O)c1ccc(Br)cc1,gradient_train
1425370602,50,a26a131344d4dbd9645b,483,CC(=O)c1ccc(Br)cc1,unlabeled
1425370602,50,f0edd899ac987a1de9dd,484,CC(=O)c1ccc(Br)cc1,unlabeled
1425370602,50,0e13b08b0f9c772699e1,485,CC(=O)c1ccc(Br)cc1,unlabeled
1425370602,50,1254297404cc9db52ee2,486,CC(=O)c1ccc(Br)cc1,unlabeled
1425370602,50,bc8e1d805b36b63cbfbe,487,CC(=O)c1ccc(Br)cc1,unlabeled
1425370602,50,cd998cddd3dcb4fc8c92,488,O=C(Cc1ccccc1)c1ccccc1,unlabeled
1425370602,50,12e11e8eaee71fc57209,489,O=C(Cc1ccccc1)c1ccccc1,unlabeled
1425370602,50,054457c7699aabd6c619,490,O=C(Cc1ccccc1)c1ccccc1,unlabeled
1425370602,50,893e4c91da1b0b2f7d3e,491,O=C(Cc1ccccc1)c1ccccc1,unlabeled
1425370602,50,18e8a9c1ea6aa15c0d01,492,O=C(Cc1ccccc1)c1ccccc1,unlabeled
1425370602,50,bc582f1f4f4225f6d249,493,O=C(Cc1ccccc1)c1ccccc1,unlabeled
1425370602,50,d92ef85db0d1c0979197,494,O=C(Cc1ccccc1)c1ccccc1,unlabeled
1425370602,50,ddc0b27538aa926cbb6e,495,O=Cc1ccc(-c2ccccc2)cc1,test
1425370602,50,6dcfe9b1e0958f22523b,496,O=Cc1ccc(-c2ccccc2)cc1,unlabeled
1425370602,50,3cdf1bcd3739e20f72d2,497,O=Cc1ccc(-c2ccccc2)cc1,unlabeled
1425370602,50,a8e4c6001ce3245c634b,498,O=Cc1ccc(-c2ccccc2)cc1,unlabeled
1425370602,50,24b540d7814b4d9c5183,499,O=Cc1ccc(-c2ccccc2)cc1,unlabeled
1425370602,50,b0cadf050313e9a3a162,500,O=Cc1ccc(-c2ccccc2)cc1,unlabeled
1425370602,50,8837a8a19c37b63d2e48,501,O=Cc1ccc(-c2ccccc2)cc1,unlabeled
1425370602,50,23a832560d234735d954,502,O=Cc1ccc2ccccc2c1Br,test
1425370602,50,90777be8090491479de1,503,O=Cc1ccc2ccccc2c1Br,unlabeled
1425370602,50,926a7862066269f98d62,504,O=Cc1ccc2ccccc2c1Br,unlabeled
1425370602,50,2c51476c6fa3121c5dfc,505,O=Cc1ccc2ccccc2c1Br,gradient_train
1425370602,50,5a9449a7562d442b8669,506,O=Cc1ccc2ccccc2c1Br,gradient_train
1425370602,50,2cbca950d64fdcd81660,507,O=Cc1ccc2ccccc2c1Br,unlabeled
1425370602,50,fb1fdaa4bc60434648f7,508,O=Cc1ccc2ccccc2c1Br,unlabeled
1425370602,50,9e46dbe8a460d3f96a27,509,O=C(/C=C/c1ccccc1)c1ccccc1,gradient_train
1425370602,50,31e75b850983502aa64f,510,O=C(/C=C/c1ccccc1)c1ccccc1,unlabeled
1425370602,50,b566ed83f272904657ba,511,O=C(/C=C/c1ccccc1)c1ccccc1,unlabeled
1425370602,50,c2be1e8f7c2c080f49f5,512,O=C(/C=C/c1ccccc1)c1ccccc1,gradient_train
1425370602,50,fde2d968ab29d13d4f1d,513,O=C(/C=C/c1ccccc1)c1ccccc1,unlabeled
1425370602,50,240da69c823911ff5ccc,514,O=C(/C=C/c1ccccc1)c1ccccc1,test
1425370602,50,b2b26956a788c2a8c7e9,515,O=C(/C=C/c1ccccc1)c1ccccc1,unlabeled
1425370602,50,f3b80f5fe97d26fd8383,516,O=C(/C=C/c1ccccc1)/C=C/c1ccccc1,unlabeled
1425370602,50,d60f7e6b21ea96567843,517,O=C(/C=C/c1ccccc1)/C=C/c1ccccc1,gradient_train
1425370602,50,bb61793cbbbe2bfa4e12,518,O=C(/C=C/c1ccccc1)/C=C/c1ccccc1,unlabeled
1425370602,50,d078d930aa37448ec4aa,519,O=C(/C=C/c1ccccc1)/C=C/c1ccccc1,unlabeled
1425370602,50,8cd132f293d2823adc8d,520,O=C(/C=C/c1ccccc1)/C=C/c1ccccc1,unlabeled
1425370602,50,88f58ab7b7cf02f8f134,521,O=C(/C=C/c1ccccc1)/C=C/c1ccccc1,unlabeled
1425370602,50,17bdb259a18419ca296f,522,O=C(/C=C/c1ccccc1)/C=C/c1ccccc1,unlabeled
1425370602,50,77c599d272254892b6ec,523,CC1CCC(=O)c2ccccc21,unlabeled
1425370602,50,b393af61f6769ceccbc0,524,CC1CCC(=O)c2ccccc21,unlabeled
1425370602,50,49668be051b44a819f00,525,CC1CCC(=O)c2ccccc21,unlabeled
1425370602,50,ffa86b2ffa5ac89b0720,526,CC1CCC(=O)c2ccccc21,unlabeled
1425370602,50,43aa4f12be94a8a96b35,527,CC1CCC(=O)c2ccccc21,unlabeled
1425370602,50,c09fbafa246c8d17b677,528,CC1CCC(=O)c2ccccc21,gradient_train
1425370602,50,f38afd5febe30c01c852,529,CC1CCC(=O)c2ccccc21,unlabeled
1425370602,50,490ab56dde175e9b97f5,530,O=C(Cc1ccccc1F)C1CC1,unlabeled
1425370602,50,3156893d5d2368c286a5,531,O=C(Cc1ccccc1F)C1CC1,unlabeled
1425370602,50,5ca73775e77c8e07812b,532,O=C(Cc1ccccc1F)C1CC1,unlabeled
1425370602,50,e90e636dced92c2b53d7,533,O=C(Cc1ccccc1F)C1CC1,unlabeled
1425370602,50,21e4905ef98fba65035a,534,O=C(Cc1ccccc1F)C1CC1,unlabeled
1425370602,50,2eda4e5a40a9021016cb,535,O=C(Cc1ccccc1F)C1CC1,unlabeled
1425370602,50,9c357cc9e9b8199eb1e0,536,O=C(Cc1ccccc1F)C1CC1,unlabeled
1425370602,50,51091e7a7f83732eaf1b,537,CCC(=O)c1cccc(Br)c1,unlabeled
1425370602,50,71577790a52cb379d81f,538,CCC(=O)c1cccc(Br)c1,validation
1425370602,50,e3b2ac778da2b86aa873,539,CCC(=O)c1cccc(Br)c1,unlabeled
1425370602,50,1046fdfaf24728b107ba,540,CCC(=O)c1cccc(Br)c1,unlabeled
1425370602,50,2e10d8b186d86053260f,541,CCC(=O)c1cccc(Br)c1,unlabeled
1425370602,50,5111664a952a4ab7d54e,542,CCC(=O)c1cccc(Br)c1,unlabeled
1425370602,50,ffcab07e0d31056e0d4a,543,CCC(=O)c1cccc(Br)c1,unlabeled
1425370602,50,b6bb9be5584029502820,544,COCCCCC(=O)c1ccc(C(F)(F)F)cc1,unlabeled
1425370602,50,60a000cb56517513c4d2,545,COCCCCC(=O)c1ccc(C(F)(F)F)cc1,unlabeled
1425370602,50,677c30b5727454c7a81e,546,COCCCCC(=O)c1ccc(C(F)(F)F)cc1,unlabeled
1425370602,50,94bc1858c275dcb3d476,547,COCCCCC(=O)c1ccc(C(F)(F)F)cc1,unlabeled
1425370602,50,06c29062334b43b0d12f,548,COCCCCC(=O)c1ccc(C(F)(F)F)cc1,gradient_train
1425370602,50,80e66bd0e8e9450537bb,549,COCCCCC(=O)c1ccc(C(F)(F)F)cc1,unlabeled
1425370602,50,b82c7c8060589ec1974b,550,CCCC(=O)c1ccc(-c2ccccc2)cc1,unlabeled
1425370602,50,57e291b74a249c9dd3ff,551,CCCC(=O)c1ccc(-c2ccccc2)cc1,unlabeled
1425370602,50,7d6bcd84e5a6861fc8fc,552,CCCC(=O)c1ccc(-c2ccccc2)cc1,test
1425370602,50,2d37adf0d65a19bc2c0c,553,CCCC(=O)c1ccc(-c2ccccc2)cc1,validation
1425370602,50,3c892a45de6ec4625f37,554,CCCC(=O)c1ccc(-c2ccccc2)cc1,unlabeled
1425370602,50,e2c826d98b2bbeb6f48b,555,CCCC(=O)c1ccc(-c2ccccc2)cc1,unlabeled
1425370602,50,ce61c0bd799e65402b75,556,CCCC(=O)c1ccc(-c2ccccc2)cc1,test
1425370602,50,0f05b5ba6eb528d54b4b,557,O=C(c1ccccc1)c1cccc(C(=O)c2ccccc2)c1,gradient_train
1425370602,50,c4412adf038c7f6ea3c2,558,O=C(c1ccccc1)c1cccc(C(=O)c2ccccc2)c1,gradient_train
1425370602,50,182fc7fe888dbb9535bb,559,O=C(c1ccccc1)c1cccc(C(=O)c2ccccc2)c1,unlabeled
1425370602,50,8abf9c0719e2d67a22f9,560,O=C(c1ccccc1)c1cccc(C(=O)c2ccccc2)c1,unlabeled
1425370602,50,b8a4c06710d95c33cfe1,561,O=C(c1ccccc1)c1cccc(C(=O)c2ccccc2)c1,unlabeled
1425370602,50,7e451fd74af5bfa51ac9,562,O=C(c1ccccc1)c1cccc(C(=O)c2ccccc2)c1,unlabeled
1425370602,50,07e9bc7a9d27fdd58c2f,563,O=C(c1ccccc1)c1cccc(C(=O)c2ccccc2)c1,unlabeled
1425370602,50,2f828b7aa8c3e93352da,564,CCC(=O)c1cccnc1,unlabeled
1425370602,50,4365d2fb106c18823aac,565,CCC(=O)c1cccnc1,unlabeled
1425370602,50,4c6a8ef1c87748df99f2,566,CCC(=O)c1cccnc1,unlabeled
1425370602,50,aca0ef1613a0a07a0431,567,O=C(CCCCl)c1ccc(F)cc1,unlabeled
1425370602,50,f98f5943ca73a5b809a1,568,O=C(CCCCl)c1ccc(F)cc1,unlabeled
1425370602,50,405638494c5a95206866,569,O=C(CCCCl)c1ccc(F)cc1,unlabeled
1425370602,50,76e188b0e48b99f36582,570,O=C(CCCCl)c1ccc(F)cc1,unlabeled
1425370602,50,26aa0143305ac532a560,571,O=C(CCCCl)c1ccc(F)cc1,unlabeled
1425370602,50,283be89c092cfa4a5cbb,572,O=C(CCCCl)c1ccc(F)cc1,unlabeled
1425370602,50,0ffc20c3f979502b8a09,573,O=C(CCCCl)c1ccc(F)cc1,unlabeled
1425370602,70,bbabdb9085edbb8c178b,0,CC(C)(CCl)c1ccccc1,unlabeled
1425370602,70,96dc3dc2ebd074200228,1,CC(C)(CCl)c1ccccc1,test
1425370602,70,6322e8f867a741eed74c,2,CC(C)(CCl)c1ccccc1,unlabeled
1425370602,70,c2b0aff65443af0a8618,3,CC(C)(CCl)c1ccccc1,unlabeled
1425370602,70,f4b69d88ad1d916ee71a,4,CC(C)(CCl)c1ccccc1,unlabeled
1425370602,70,0f3559d035355b0eec80,5,CC(C)(CCl)c1ccccc1,unlabeled
1425370602,70,d29a94054067cd60dd70,6,CC(C)(CCl)c1ccccc1,unlabeled
1425370602,70,31d92ca6486b229184cf,7,OCCCc1ccccc1,unlabeled
1425370602,70,8a84cca322477165b719,8,OCCCc1ccccc1,unlabeled
1425370602,70,9cf769277f6b42d15f11,9,OCCCc1ccccc1,unlabeled
1425370602,70,7a0a82051f50d5b0c89c,10,OCCCc1ccccc1,unlabeled
1425370602,70,c79f29f048bbfd157f98,11,BrCCCc1ccccc1,unlabeled
1425370602,70,df0074b49eeb620c0768,12,BrCCCc1ccccc1,unlabeled
1425370602,70,f0097bc6b7827ef65922,13,BrCCCc1ccccc1,gradient_train
1425370602,70,44348f5c4aea3b41ee9d,14,BrCCCc1ccccc1,unlabeled
1425370602,70,482cb91fac7f2a936dca,15,BrCCCc1ccccc1,unlabeled
1425370602,70,a5c6210123f05414ffc0,16,BrCCCc1ccccc1,unlabeled
1425370602,70,a82e55e1cd19814ea307,17,BrCCCc1ccccc1,unlabeled
1425370602,70,6ee3c70647b37dcd5417,18,ClCCCc1ccccc1,unlabeled
1425370602,70,2c7e37ef828eb17c78fb,19,ClCCCc1ccccc1,unlabeled
1425370602,70,7ab9c351196ad891e172,20,ClCCCc1ccccc1,unlabeled
1425370602,70,7062ca665af0f9bba6c9,21,ClCCCc1ccccc1,gradient_train
1425370602,70,6644e934f59d8b816b9f,22,ClCCCc1ccccc1,gradient_train
1425370602,70,8cc7c76a92a4474d7c6a,23,ClCCCc1ccccc1,test
1425370602,70,c883df6ea04f89f45f03,24,ClCCCc1ccccc1,test
1425370602,70,46ed1e35ca65ace74790,25,COc1ccc(CO)cc1,unlabeled
1425370602,70,ec581cec37da9563e756,26,COc1ccc(CO)cc1,test
1425370602,70,c2bd8e8f13a96726e7fc,27,COc1ccc(CO)cc1,unlabeled
1425370602,70,f1afcbd393ce4f5a6316,28,COc1ccc(CO)cc1,unlabeled
1425370602,70,2909efb29670d8f2286d,29,CCOC(=O)C(C)(C)Br,test
1425370602,70,56b391fdec7a2a622e52,30,CCOC(=O)C(C)(C)Br,unlabeled
1425370602,70,8a9485661ac2c4576006,31,CCOC(=O)C(C)(C)Br,unlabeled
1425370602,70,7f6d1cdee16de4a37a21,32,CCOC(=O)C(C)(C)Br,unlabeled
1425370602,70,fd7bf535ef538434b384,33,CCOC(=O)C(C)(C)Br,unlabeled
1425370602,70,651bb6b60c62819a4323,34,CCOC(=O)C(C)(C)Br,unlabeled
1425370602,70,2a61203b59218a3cbdc6,35,CCOC(=O)C(C)(C)Br,unlabeled
1425370602,70,6d6c0510303dec89b2fe,36,COc1ccc(C=O)cc1,test
1425370602,70,f81dc37125414986a0bb,37,COc1ccc(C=O)cc1,test
1425370602,70,400615278105cebb3ed9,38,COc1ccc(C=O)cc1,test
1425370602,70,5d04f6757b59f5c356bb,39,COc1ccc(C=O)cc1,test
1425370602,70,a074620f6970d8f89567,40,COc1ccc(C=O)cc1,unlabeled
1425370602,70,454c1ea3beebbec4befe,41,COc1ccc(C=O)cc1,unlabeled
1425370602,70,f95928e2618ed15e654f,42,COc1ccc(C=O)cc1,unlabeled
1425370602,70,3a02b99399bb0c3e9ff9,43,COC(=O)C#CC(=O)OC,unlabeled
1425370602,70,b80a4f9e4b61f534ee9e,44,COC(=O)C#CC(=O)OC,unlabeled
1425370602,70,2690de155843f45b00a3,45,COC(=O)C#CC(=O)OC,unlabeled
1425370602,70,549eb8499df5181b3558,46,COC(=O)C#CC(=O)OC,validation
1425370602,70,02c141e2551937d10f4e,47,COC(=O)C#CC(=O)OC,unlabeled
1425370602,70,9069807baff6cbfbde75,48,COC(=O)C#CC(=O)OC,unlabeled
1425370602,70,1fe1163f7d97c16f3822,49,CC(=O)c1ccccc1,unlabeled
1425370602,70,1e86d81fe1995d367fe1,50,CC(=O)c1ccccc1,unlabeled
1425370602,70,614e6d0929b0845d454b,51,CC(=O)c1ccccc1,test
1425370602,70,358681452207464d171e,52,CC(=O)c1ccccc1,test
1425370602,70,c00e01085f35d19cd90f,53,CC(=O)c1ccccc1,unlabeled
1425370602,70,a542d702abb1fa77a6fc,54,CC(=O)c1ccccc1,unlabeled
1425370602,70,77577e6f6f0aa6789972,55,CCOC(=O)C(C)Br,unlabeled
1425370602,70,298017c801a97653f57d,56,CCOC(=O)C(C)Br,unlabeled
1425370602,70,849796401ee485c617a5,57,CCOC(=O)C(C)Br,unlabeled
1425370602,70,67cc8304e3e618d7416a,58,CCOC(=O)C(C)Br,unlabeled
1425370602,70,c7bc53c45a1962a88ec3,59,CCOC(=O)C(C)Br,unlabeled
1425370602,70,76b9db19f45b8222d962,60,CCOC(=O)C(C)Br,test
1425370602,70,0279fb0f7dba4b54a816,61,CCOC(=O)CC(=O)c1ccccc1,unlabeled
1425370602,70,ca203ccf20ce8e74d86d,62,CCOC(=O)CC(=O)c1ccccc1,unlabeled
1425370602,70,029d48fc98a886c9fec4,63,CCOC(=O)CC(=O)c1ccccc1,unlabeled
1425370602,70,1e578360bd7749f6b397,64,CCOC(=O)CC(=O)c1ccccc1,unlabeled
1425370602,70,05c14d26f4aa6f7c48b0,65,CCOC(=O)CC(=O)c1ccccc1,unlabeled
1425370602,70,53d046afde1259a727f9,66,CCOC(=O)CC(=O)c1ccccc1,unlabeled
1425370602,70,35ba50ab027f5f170aba,67,CCOC(=O)CC(=O)c1ccccc1,unlabeled
1425370602,70,130d76d2d46a287c5dea,68,CC(=O)c1ccccc1C,unlabeled
1425370602,70,3ef4b1ab56fe40940b42,69,CC(=O)c1ccccc1C,unlabeled
1425370602,70,a340148c4096f80cc125,70,CC(=O)c1ccccc1C,test
1425370602,70,57af4b867d9cd419ebb9,71,CC(=O)c1ccccc1C,unlabeled
1425370602,70,ff8745125a0eeb17c1e5,72,CC(=O)c1ccccc1C,gradient_train
1425370602,70,41a468134f078d2de17d,73,CC(=O)c1ccccc1C,unlabeled
1425370602,70,b4899d5d03e44fbf885c,74,CC(=O)c1ccccc1C,unlabeled
1425370602,70,bd93eaa60288fd0d5e89,75,CC(=O)c1ccc(C)cc1,unlabeled
1425370602,70,2797757b00a9f254ef2e,76,CC(=O)c1ccc(C)cc1,unlabeled
1425370602,70,fad37552a4a2eae19961,77,CC(=O)c1ccc(C)cc1,unlabeled
1425370602,70,6936556d392803de12ed,78,CC(=O)c1ccc(C)cc1,unlabeled
1425370602,70,fd3f8b6ec11d13a8412d,79,CC(=O)c1ccc(C)cc1,unlabeled
1425370602,70,b71b23379d73c3637a76,80,CC(=O)c1ccc(C)cc1,unlabeled
1425370602,70,2a9d111386ac232bbf79,81,CC(=O)c1ccc(C)cc1,unlabeled
1425370602,70,ca00dd1990fd356443cb,82,COC(=O)c1ccccc1O,unlabeled
1425370602,70,924106530353757625ba,83,COC(=O)c1ccccc1O,unlabeled
1425370602,70,f0d3ae15346c6cb6928d,84,COC(=O)c1ccccc1O,test
1425370602,70,0b6fe9b9da26ddc80e99,85,COC(=O)c1ccccc1O,unlabeled
1425370602,70,a9a4b1ef530ce6f46a1c,86,COC(=O)c1ccccc1O,unlabeled
1425370602,70,f0245d145e2758fc9ff8,87,COC(=O)c1ccccc1O,unlabeled
1425370602,70,f33380e15f0fd8b62027,88,COC(=O)c1ccccc1O,unlabeled
1425370602,70,1773be1aaa4102ae19f0,89,CC(=O)CC(=O)OC(C)(C)C,unlabeled
1425370602,70,1895e2147dd146c4e564,90,CC(=O)CC(=O)OC(C)(C)C,unlabeled
1425370602,70,e7c8cd496e2795b23cb3,91,CC(=O)CC(=O)OC(C)(C)C,unlabeled
1425370602,70,60f64adee75a0999c5d5,92,CC(=O)CC(=O)OC(C)(C)C,unlabeled
1425370602,70,851993fe56d61c8bf074,93,CC(=O)CC(=O)OC(C)(C)C,unlabeled
1425370602,70,4e6d2ab0e823ac1d4b58,94,CC(=O)CC(=O)OC(C)(C)C,test
1425370602,70,452aebfcddc0b031c20d,95,CCOC(=O)Cc1ccccc1,unlabeled
1425370602,70,a67ee30ac22b3511e0af,96,CCOC(=O)Cc1ccccc1,unlabeled
1425370602,70,4c52102f0b5a693d59bc,97,CCOC(=O)Cc1ccccc1,unlabeled
1425370602,70,f21e8077ac7b6ec1d038,98,CCOC(=O)Cc1ccccc1,unlabeled
1425370602,70,982611df66af1cf7c2f5,99,CCOC(=O)Cc1ccccc1,unlabeled
1425370602,70,d9e344f199dc9a567b5f,100,CCOC(=O)Cc1ccccc1,unlabeled
1425370602,70,74706f7e5d10b9245796,101,CCOC(=O)Cc1ccccc1,unlabeled
1425370602,70,f5d7ae6c2608335325ff,102,COC(=O)c1ccccc1N,gradient_train
1425370602,70,f66e095007d9d0923ce2,103,COC(=O)c1ccccc1N,unlabeled
1425370602,70,c9a57e8accca7da9758b,104,COC(=O)c1ccccc1N,unlabeled
1425370602,70,f7b1b9737459397f9ace,105,COC(=O)c1ccccc1N,gradient_train
1425370602,70,68feec66f657364ebeaa,106,COC(=O)c1ccccc1N,test
1425370602,70,96ccc1b8240fc2e9c1f3,107,COC(=O)c1ccccc1N,unlabeled
1425370602,70,16eec4a03ec235274042,108,CCOC(=O)/C=C/c1ccccc1,unlabeled
1425370602,70,92e4f80b3943134ebe86,109,CCOC(=O)/C=C/c1ccccc1,unlabeled
1425370602,70,e15e8a4f329d3a08aff9,110,CCOC(=O)/C=C/c1ccccc1,test
1425370602,70,6cec450baf7517436df6,111,CCOC(=O)/C=C/c1ccccc1,unlabeled
1425370602,70,48b79e49508df9f5fd6d,112,CCOC(=O)/C=C/c1ccccc1,unlabeled
1425370602,70,404dc3e2801a9a9d52aa,113,CCOC(=O)/C=C/c1ccccc1,unlabeled
1425370602,70,c72867f0f2e38c70aa8c,114,CCOC(=O)/C=C/c1ccccc1,unlabeled
1425370602,70,d9d3d24a75ff511e108a,115,COC(=O)c1ccc(C(C)(C)C)cc1,unlabeled
1425370602,70,f40ca479a9e86b5d5458,116,COC(=O)c1ccc(C(C)(C)C)cc1,unlabeled
1425370602,70,b7770c04c72527e1d9f6,117,COC(=O)c1ccc(C(C)(C)C)cc1,unlabeled
1425370602,70,a433dc0f6a13e9ace41d,118,COC(=O)c1ccc(C(C)(C)C)cc1,unlabeled
1425370602,70,e399250d7156727de0fd,119,COC(=O)c1ccc(C(C)(C)C)cc1,unlabeled
1425370602,70,3122a2210bde68deb81e,120,COC(=O)c1ccc(C(C)(C)C)cc1,gradient_train
1425370602,70,c9460286f85a5ec0f4fc,121,COC(=O)c1ccc(C(C)(C)C)cc1,unlabeled
1425370602,70,13b0b7952199157a8399,122,CCOC(=O)/C=C(/C)N,unlabeled
1425370602,70,759d5133ee82740013bf,123,CCOC(=O)/C=C(/C)N,unlabeled
1425370602,70,c9bf385316b464cd2e8d,124,CCOC(=O)/C=C(/C)N,gradient_train
1425370602,70,f248b9b89d62a22b03c3,125,CCOC(=O)/C=C(/C)N,unlabeled
1425370602,70,10d51839b15b94f0ae56,126,CCOC(=O)/C=C(/C)N,unlabeled
1425370602,70,e66b24ec1e4dfa9a9a57,127,CCOC(=O)/C=C(/C)N,unlabeled
1425370602,70,506597d02ff322a77a8d,128,CCOC(=O)/C=C(/C)N,test
1425370602,70,d2951bd3bb1608688f0d,129,CCOC(=O)/C=C(/C)N,validation
1425370602,70,7d3c6ef279245ca08a2f,130,CCOC(=O)/C=C(/C)N,unlabeled
1425370602,70,e6886d2fb3090517172b,131,CCOC(=O)/C=C(/C)N,unlabeled
1425370602,70,d31d42caff135d7154c4,132,CCOC(=O)/C=C(/C)N,unlabeled
1425370602,70,3d7aa38258001eb6ba67,133,CC(C)COC(=O)c1ccccc1,unlabeled
1425370602,70,b3409bbbf3b06d73afca,134,CC(C)COC(=O)c1ccccc1,unlabeled
1425370602,70,5ce75d3f6df6d318cb8a,135,CC(C)COC(=O)c1ccccc1,test
1425370602,70,28f4ab2563d03e831cf0,136,CC(C)COC(=O)c1ccccc1,unlabeled
1425370602,70,b95bbdf393e00f41a6df,137,CC(C)COC(=O)c1ccccc1,unlabeled
1425370602,70,1e73138aa057a5e2b67f,138,CC(C)COC(=O)c1ccccc1,unlabeled
1425370602,70,1319bf7018ee9b9a5b9f,139,CCOC(=O)c1ccccc1,gradient_train
1425370602,70,99398d649f02f80651f1,140,CCOC(=O)c1ccccc1,unlabeled
1425370602,70,240787bdbf2abc17e093,141,CCOC(=O)c1ccccc1,unlabeled
1425370602,70,4afc7ef2732850bea176,142,CCOC(=O)c1ccccc1,unlabeled
1425370602,70,181f6c7852b17df8f194,143,CCOC(=O)c1ccccc1,unlabeled
1425370602,70,474238f822b0c38795c6,144,CCOC(=O)c1ccccc1,gradient_train
1425370602,70,5eb80e21463443b22d14,145,CCOC(=O)c1ccccc1,unlabeled
1425370602,70,f6e991e3dc3a3d3c5d89,146,COc1ccc(CCO)cc1,gradient_train
1425370602,70,9991421da8e18008fc91,147,COc1ccc(CCO)cc1,unlabeled
1425370602,70,9e93bad2014e7ab1a680,148,COc1ccc(CCO)cc1,unlabeled
1425370602,70,3d5dc8831f4c74f7b7d1,149,COc1ccc(CCO)cc1,gradient_train
1425370602,70,d5a7e1d47a58e1323805,150,Cc1ccc(C(C)C)cc1,unlabeled
1425370602,70,5c32bb6f3bbf72dcb37e,151,Cc1ccc(C(C)C)cc1,unlabeled
1425370602,70,e545485bf1a51a3ea557,152,Cc1ccc(C(C)C)cc1,unlabeled
1425370602,70,8ea9d90b217f4096f42f,153,Cc1ccc(C(C)C)cc1,unlabeled
1425370602,70,9ed80c28328fabe87261,154,Cc1ccc(C(C)C)cc1,unlabeled
1425370602,70,f1ea027f4cb80b10d15b,155,Cc1ccc(C(C)C)cc1,unlabeled
1425370602,70,dcfc9eaebf799d451fdb,156,Cc1ccc(C(C)C)cc1,unlabeled
1425370602,70,6c1f19a34a40cbf98728,157,CC(C)(O)CCc1ccccc1,unlabeled
1425370602,70,cf45ee02778c0243ad50,158,CC(C)(O)CCc1ccccc1,gradient_train
1425370602,70,88581d99a415bf271788,159,CC(C)(O)CCc1ccccc1,unlabeled
1425370602,70,8753ab545dd1cf036a3a,160,CC(C)(O)CCc1ccccc1,unlabeled
1425370602,70,d59d233a1606de5b6deb,161,CC(C)(O)CCc1ccccc1,unlabeled
1425370602,70,964a62fb7d677de0f711,162,CC(C)CCOC(=O)c1ccccc1,unlabeled
1425370602,70,f35f8782c107387233ed,163,CC(C)CCOC(=O)c1ccccc1,unlabeled
1425370602,70,4d602abaaf336ac523e4,164,CC(C)CCOC(=O)c1ccccc1,unlabeled
1425370602,70,4768b747981033fbdf34,165,CC(C)CCOC(=O)c1ccccc1,unlabeled
1425370602,70,3df34ab1c0d58c86999e,166,CC(C)CCOC(=O)c1ccccc1,unlabeled
1425370602,70,8b67a1246fe892b6581d,167,CC(C)CCOC(=O)c1ccccc1,gradient_train
1425370602,70,2bafcbea1bb66eb60a71,168,CC(C)CCOC(=O)c1ccccc1,unlabeled
1425370602,70,2beadb75e05408973f02,169,CCOC(=O)/C=C/c1ccccc1,test
1425370602,70,dd7cae2667a1348a2caf,170,CCOC(=O)/C=C/c1ccccc1,unlabeled
1425370602,70,56f1cecfc0c6c3d224be,171,CCOC(=O)/C=C/c1ccccc1,unlabeled
1425370602,70,6278b7d64a22dbe3844e,172,CCOC(=O)/C=C/c1ccccc1,unlabeled
1425370602,70,a75e421e756083edea35,173,CCOC(=O)/C=C/c1ccccc1,test
1425370602,70,c9f7ab78e90454873661,174,CCOC(=O)/C=C/c1ccccc1,unlabeled
1425370602,70,b36d7c12e6d3072467ee,175,CCOC(=O)/C=C/c1ccccc1,gradient_train
1425370602,70,5dc7d31c57624ac47575,176,COc1ccc(C)cc1OC,unlabeled
1425370602,70,7dea14d96460814919d3,177,COc1ccc(C)cc1OC,unlabeled
1425370602,70,83a16763654b3b743265,178,COc1ccc(C)cc1OC,unlabeled
1425370602,70,ee96bcc328a38cb12519,179,COc1ccc(C)cc1OC,test
1425370602,70,62763fd48ebc7554402f,180,COc1ccc(C)cc1OC,unlabeled
1425370602,70,dd29d0f859e11f70f4ec,181,COc1ccc(C)cc1OC,gradient_train
1425370602,70,826e9f40c328ce2478ec,182,COc1ccc(C)cc1OC,unlabeled
1425370602,70,2e684264400b651dae88,183,C1=Cc2ccccc2C1,unlabeled
1425370602,70,e4f37e6e6def0eec724a,184,C1=Cc2ccccc2C1,unlabeled
1425370602,70,fda6d7aa920e5400a222,185,C1=Cc2ccccc2C1,unlabeled
1425370602,70,ee0eba88726c692c7f0c,186,C1=Cc2ccccc2C1,unlabeled
1425370602,70,c438c37de3a60de0e84a,187,C1=Cc2ccccc2C1,unlabeled
1425370602,70,f51bc35441c8ba7713b6,188,C1=Cc2ccccc2C1,unlabeled
1425370602,70,cb1bb21d54890633943c,189,C1=Cc2ccccc2C1,unlabeled
1425370602,70,2e561b136ec088ba3eff,190,Cc1ccc(C)cc1,unlabeled
1425370602,70,0d6f66d7971473a2cef9,191,Cc1ccc(C)cc1,unlabeled
1425370602,70,6950f8ebe95298defec5,192,Cc1ccc(C)cc1,unlabeled
1425370602,70,1837a52df085e2fc70d1,193,Cc1ccc(C)cc1,unlabeled
1425370602,70,8067767b73f132489d46,194,Cc1ccc(C)cc1,unlabeled
1425370602,70,bc3f10fed296515e66e5,195,Cc1ccc(C)cc1,unlabeled
1425370602,70,369517a8e4fab7d4e0e5,196,Cc1ccc(C)cc1,unlabeled
1425370602,70,acc1a540efdb60e4fa76,197,ClCCc1ccccc1,unlabeled
1425370602,70,b849b02cc7a096ff6f6a,198,ClCCc1ccccc1,unlabeled
1425370602,70,75b105d94d176eec90ba,199,ClCCc1ccccc1,unlabeled
1425370602,70,4699975b36aa2351be18,200,ClCCc1ccccc1,unlabeled
1425370602,70,a2ecd7c05da585c2a35e,201,ClCCc1ccccc1,unlabeled
1425370602,70,82843c7e3b9005c1abb0,202,ClCCc1ccccc1,unlabeled
1425370602,70,216e9e13c0587f197c0b,203,ClCCc1ccccc1,unlabeled
1425370602,70,31162ac7e21c9688cbdc,204,CC(O)c1ccccc1,validation
1425370602,70,82ffe9abc3d02f4b970f,205,CC(O)c1ccccc1,unlabeled
1425370602,70,35eae227e68fe7434e68,206,CC(O)c1ccccc1,unlabeled
1425370602,70,82b6a0a8f122317d79d4,207,CC(O)c1ccccc1,unlabeled
1425370602,70,9b28c23ad1d4dda9fe1a,208,CC(O)c1ccccc1,unlabeled
1425370602,70,4455212440cbaf6d51e2,209,COc1ccccc1,gradient_train
1425370602,70,fcea8574ae051fe11483,210,COc1ccccc1,unlabeled
1425370602,70,04d4a16ff682bc7c55c8,211,COc1ccccc1,unlabeled
1425370602,70,62ca5eadee5ef28e9aeb,212,COc1ccccc1,unlabeled
1425370602,70,42f031acb8211bfbf67f,213,COc1ccccc1,gradient_train
1425370602,70,472b8f06caf25ffe6c7a,214,COc1ccccc1,unlabeled
1425370602,70,d532e4ccbab971232d40,215,COc1ccccc1,unlabeled
1425370602,70,bae9f1ce7c04e7ccf16b,216,CCOC(=O)C(Br)C(=O)OCC,unlabeled
1425370602,70,fc58ac30a03fcb0ec051,217,CCOC(=O)C(Br)C(=O)OCC,gradient_train
1425370602,70,c4b569d1149e4ec87b12,218,CCOC(=O)C(Br)C(=O)OCC,unlabeled
1425370602,70,53d7fb31d852cbb33059,219,CCOC(=O)C(Br)C(=O)OCC,unlabeled
1425370602,70,265addbdd355a85c628d,220,CCOC(=O)C(Br)C(=O)OCC,unlabeled
1425370602,70,b07e3b186c5f9a698624,221,CCOC(=O)C(Br)C(=O)OCC,unlabeled
1425370602,70,28c4b7ec4bf7f486b68c,222,CCOC(=O)C(Br)C(=O)OCC,unlabeled
1425370602,70,c9d7d885160197c7f67c,223,c1ccc(COCc2ccccc2)cc1,gradient_train
1425370602,70,e2869f5cf5635b6ae9c1,224,c1ccc(COCc2ccccc2)cc1,gradient_train
1425370602,70,49865eda3c0e936157be,225,c1ccc(COCc2ccccc2)cc1,unlabeled
1425370602,70,d26cffd9ef4da9800470,226,c1ccc(COCc2ccccc2)cc1,unlabeled
1425370602,70,ce9ac115ce41ab41f01d,227,c1ccc(COCc2ccccc2)cc1,test
1425370602,70,b2b5155e06ff9134c6a4,228,c1ccc(COCc2ccccc2)cc1,gradient_train
1425370602,70,f1aabb6243aed53011cb,229,c1ccc(COCc2ccccc2)cc1,gradient_train
1425370602,70,ebc9c107c2207e99cf79,230,CCOC(=O)CC(C)=O,unlabeled
1425370602,70,f373e0ffa24cb51dd13a,231,CCOC(=O)CC(C)=O,unlabeled
1425370602,70,bcb35848089ca50a1eef,232,CCOC(=O)CC(C)=O,gradient_train
1425370602,70,ef8527c6b63d54b73966,233,CCOC(=O)CC(C)=O,unlabeled
1425370602,70,86f385aa0925171d22cc,234,CCOC(=O)CC(C)=O,unlabeled
1425370602,70,9c7a6ce4172638d2abc7,235,CCOC(=O)CC(C)=O,unlabeled
1425370602,70,982585c1a4e89f10713f,236,O=CCCc1ccccc1,unlabeled
1425370602,70,36af0c588eb2e094a55e,237,O=CCCc1ccccc1,unlabeled
1425370602,70,afcb9ffea06f12f9e0f5,238,O=CCCc1ccccc1,gradient_train
1425370602,70,e584c52185ccefd22a26,239,O=CCCc1ccccc1,unlabeled
1425370602,70,39e40f336da135e6a7b5,240,O=CCCc1ccccc1,unlabeled
1425370602,70,e3c9408f01aa7642870f,241,O=CCCc1ccccc1,gradient_train
1425370602,70,155ad3f702726e253c4d,242,O=CCCc1ccccc1,unlabeled
1425370602,70,f84aa17604ca7f927b8c,243,C=CC(=O)OCCOc1ccccc1,unlabeled
1425370602,70,6b8023df74ccc51e5c76,244,C=CC(=O)OCCOc1ccccc1,unlabeled
1425370602,70,b056b793f5b571e6cdee,245,C=CC(=O)OCCOc1ccccc1,unlabeled
1425370602,70,934f00061cc32bab10e8,246,C=CC(=O)OCCOc1ccccc1,unlabeled
1425370602,70,b983d4c3094d909b570e,247,C=CC(=O)OCCOc1ccccc1,unlabeled
1425370602,70,b6f53d16978daf702470,248,C=CC(=O)OCCOc1ccccc1,unlabeled
1425370602,70,9563dde5c28fb62e4f7e,249,C=CC(=O)OCCOc1ccccc1,unlabeled
1425370602,70,de2563a5f711307823f1,250,C=CC(=O)OC1CCCCC1,unlabeled
1425370602,70,e2e681b0653ec64f7c14,251,C=CC(=O)OC1CCCCC1,unlabeled
1425370602,70,fbf392edaddff6347b58,252,C=CC(=O)OC1CCCCC1,gradient_train
1425370602,70,3955ae590ac179d279b6,253,C=CC(=O)OC1CCCCC1,unlabeled
1425370602,70,db51f6df02555cb9c264,254,C=CC(=O)OC1CCCCC1,unlabeled
1425370602,70,2195290d04210cdb253f,255,C=CC(=O)OC1CCCCC1,unlabeled
1425370602,70,8063e3de9de70b75def1,256,C=CC(=O)OC1CCCCC1,unlabeled
1425370602,70,88771c5c64ed839a4436,257,C=CC(=O)OCc1ccccc1,unlabeled
1425370602,70,b5365d56777fde5c4dfc,258,C=CC(=O)OCc1ccccc1,unlabeled
1425370602,70,4513e318c9d037303b13,259,C=CC(=O)OCc1ccccc1,unlabeled
1425370602,70,efca00a284b2cadc5737,260,C=CC(=O)OCc1ccccc1,unlabeled
1425370602,70,b473ef06a415d0f114b0,261,C=CC(=O)OCc1ccccc1,unlabeled
1425370602,70,df02863943321996441f,262,C=CC(=O)OCc1ccccc1,unlabeled
1425370602,70,194278dd9ee3d2407ed5,263,C=CC(=O)OCc1ccccc1,gradient_train
1425370602,70,cc31b914acbab022eb9a,264,COC(=O)C(C)(C)Br,unlabeled
1425370602,70,a9eea85ddeee2da33706,265,COC(=O)C(C)(C)Br,unlabeled
1425370602,70,640353c89b3ce64ee98b,266,COC(=O)C(C)(C)Br,gradient_train
1425370602,70,b11bb6293c307f7f7282,267,COC(=O)C(C)(C)Br,unlabeled
1425370602,70,77b0577e6b0adb649e63,268,COC(=O)C(C)(C)Br,test
1425370602,70,543561ac99bc28db6f2f,269,COC(=O)C(C)(C)Br,unlabeled
1425370602,70,056255620b7acc9c630f,270,COC(=O)C(C)(C)Br,gradient_train
1425370602,70,7b1589ae321d27608509,271,COC(=O)CS,test
1425370602,70,0fee19a828ef997229fd,272,COC(=O)CS,gradient_train
1425370602,70,222dede783147d5efa63,273,COC(=O)CS,unlabeled
1425370602,70,d9a40ac35b79fbcf214a,274,COC(=O)CS,unlabeled
1425370602,70,aaf22f8324aad12a55fa,275,COC(=O)CS,unlabeled
1425370602,70,a9bfabe931467745353e,276,COC(=O)CS,unlabeled
1425370602,70,be7d68067464e72d0b8d,277,COC(=O)CS,unlabeled
1425370602,70,b418a712463f5abf8b81,278,CC(=O)CCCCl,unlabeled
1425370602,70,850a69ce73ac04035aa3,279,CC(=O)CCCCl,unlabeled
1425370602,70,7c4153fe9561da818ae1,280,CC(=O)CCCCl,unlabeled
1425370602,70,a67016d937c499be9d64,281,CC(C)=CCBr,unlabeled
1425370602,70,4559d83db38cc3c39d13,282,CC(C)=CCBr,test
1425370602,70,bf8409f12dae2388c6a0,283,CC(C)=CCBr,unlabeled
1425370602,70,832899abb44b8d2246cd,284,CC(C)=CCBr,unlabeled
1425370602,70,5729cc87eb48a75655ad,285,CC(C)=CCBr,unlabeled
1425370602,70,adb6d48eec0fb576d7fc,286,CC(C)=CCBr,unlabeled
1425370602,70,bc789871fe39d967a9e0,287,CC(C)=CCBr,unlabeled
1425370602,70,fff65bc451d163b1b106,288,C=CC(=O)OCCCCCCCCCCCC,unlabeled
1425370602,70,c761659793c5929e2214,289,C=CC(=O)OCCCCCCCCCCCC,test
1425370602,70,4c7d7c5f8b0c317c5548,290,C=CC(=O)OCCCCCCCCCCCC,unlabeled
1425370602,70,a9656ffd805f80fcf143,291,C=CC(=O)OCCCCCCCCCCCC,unlabeled
1425370602,70,da10d2f67a989e8b16b5,292,C=CC(=O)OCCCCCCCCCCCC,unlabeled
1425370602,70,7ca22b2f4d23a7afb10e,293,C=CC(=O)OCCCCCCCCCCCC,unlabeled
1425370602,70,38f57a9d08efd5f070d0,294,C=CC(=O)OCCCCCCCCCCCC,gradient_train
1425370602,70,1619a0c8b233772ba0c0,295,C=CC(=O)O[C@@H]1C[C@H]2CC[C@]1(C)C2(C)C,test
1425370602,70,0b9968c1280b5e4f726a,296,C=CC(=O)O[C@@H]1C[C@H]2CC[C@]1(C)C2(C)C,unlabeled
1425370602,70,0d5196ceda603b66bd22,297,C=CC(=O)O[C@@H]1C[C@H]2CC[C@]1(C)C2(C)C,test
1425370602,70,244e5c6375ff0c923725,298,C=CC(=O)O[C@@H]1C[C@H]2CC[C@]1(C)C2(C)C,unlabeled
1425370602,70,4f34bbce67c94a44318a,299,C=CC(=O)O[C@@H]1C[C@H]2CC[C@]1(C)C2(C)C,unlabeled
1425370602,70,0f8a39d1c0a7eaf35c75,300,C=CC(=O)O[C@@H]1C[C@H]2CC[C@]1(C)C2(C)C,unlabeled
1425370602,70,6de4f7fd8ac19d183348,301,C=CC(=O)O[C@@H]1C[C@H]2CC[C@]1(C)C2(C)C,unlabeled
1425370602,70,8bac25cfab022a9fb887,302,C=CC(=O)OCC(CC)CCCC,gradient_train
1425370602,70,aeef2128392508cc81cc,303,C=CC(=O)OCC(CC)CCCC,unlabeled
1425370602,70,a2eefb55da4d47a4347b,304,C=CC(=O)OCC(CC)CCCC,unlabeled
1425370602,70,3c7f7a7105a5eb39ca89,305,C=CC(=O)OCC(CC)CCCC,unlabeled
1425370602,70,2bf67acb4c861cf83990,306,C=CC(=O)OCC(CC)CCCC,unlabeled
1425370602,70,d67e364fd6830aa2bf6f,307,C=CC(=O)OCC(CC)CCCC,unlabeled
1425370602,70,84caf30ea66b29e2ea91,308,C=CC(=O)OCC(CC)CCCC,gradient_train
1425370602,70,1bd5bb3744b78ada7307,309,FC(F)(F)c1cc(Br)cc(C(F)(F)F)c1,unlabeled
1425370602,70,dd7fdbe3fa3800e6499f,310,FC(F)(F)c1cc(Br)cc(C(F)(F)F)c1,gradient_train
1425370602,70,ab84efb31c801e49c87c,311,FC(F)(F)c1cc(Br)cc(C(F)(F)F)c1,unlabeled
1425370602,70,69f6dbdc304c0475f868,312,FC(F)(F)c1cc(Br)cc(C(F)(F)F)c1,test
1425370602,70,a43656cab81e1b0fcccf,313,FC(F)(F)c1cc(Br)cc(C(F)(F)F)c1,unlabeled
1425370602,70,bcf8bb13e4fca185fe68,314,FC(F)(F)c1cc(Br)cc(C(F)(F)F)c1,unlabeled
1425370602,70,fe71f29c800d4ee35138,315,FC(F)(F)c1cc(Br)cc(C(F)(F)F)c1,unlabeled
1425370602,70,2416be80d114ff60224d,316,O=Cc1ccc(Cl)cc1Br,gradient_train
1425370602,70,9201cead3641f52a1f20,317,O=Cc1ccc(Cl)cc1Br,test
1425370602,70,49276f9b1cc72d41bbfd,318,O=Cc1ccc(Cl)cc1Br,gradient_train
1425370602,70,6cb8bbf843e6064ce249,319,O=Cc1ccc(Cl)cc1Br,unlabeled
1425370602,70,a6b1d92e3de602f8963c,320,O=Cc1ccc(Cl)cc1Br,test
1425370602,70,135ac7deca522d1e7929,321,O=Cc1ccc(Cl)cc1Br,unlabeled
1425370602,70,0f3bd8418ab9ba9d1ed2,322,O=Cc1ccc(Cl)cc1Br,unlabeled
1425370602,70,6cd5860914563da59932,323,O=Cc1ccc2c(c1)CCO2,unlabeled
1425370602,70,5179c3962ada5450dde7,324,O=Cc1ccc2c(c1)CCO2,test
1425370602,70,ad45b4b8aaed2c2b0b33,325,O=Cc1ccc2c(c1)CCO2,unlabeled
1425370602,70,6c8de7fb3dbd4f5adabf,326,O=Cc1ccc2c(c1)CCO2,test
1425370602,70,f72724ff299c47641488,327,COc1cc(F)cc(Br)c1,unlabeled
1425370602,70,2cde006ff48a36a368d2,328,COc1cc(F)cc(Br)c1,unlabeled
1425370602,70,09879f6853acb50e1280,329,COc1cc(F)cc(Br)c1,unlabeled
1425370602,70,cd492dbc52d170e5a396,330,COc1cc(F)cc(Br)c1,unlabeled
1425370602,70,e1244cc412f81ac11bd3,331,COc1cc(F)cc(Br)c1,unlabeled
1425370602,70,69bed1df8dc3cf82927c,332,COc1cc(F)cc(Br)c1,gradient_train
1425370602,70,adc9f476f8b5d66fa85d,333,COc1cc(F)cc(Br)c1,unlabeled
1425370602,70,e7e3cdff8a4b43574b19,334,CC(C)(C)c1cc(C=O)cc(C(C)(C)C)c1,unlabeled
1425370602,70,22fcaa293d9525e1f4e7,335,CC(C)(C)c1cc(C=O)cc(C(C)(C)C)c1,unlabeled
1425370602,70,5965305884ee5fba94d8,336,CC(C)(C)c1cc(C=O)cc(C(C)(C)C)c1,gradient_train
1425370602,70,556baeed852270e9c0fc,337,CC(C)(C)c1cc(C=O)cc(C(C)(C)C)c1,gradient_train
1425370602,70,376fc6387117429bcb19,338,CC(C)(C)c1cc(C=O)cc(C(C)(C)C)c1,gradient_train
1425370602,70,3fbc880a145bcc2155c9,339,CC(C)(C)c1cc(C=O)cc(C(C)(C)C)c1,unlabeled
1425370602,70,2964279ae2fd8a820ae1,340,CC(C)(C)c1cc(C=O)cc(C(C)(C)C)c1,unlabeled
1425370602,70,c084940b1be4fa61738d,341,COc1cc(Br)cc(OC)c1,unlabeled
1425370602,70,deac65153d9204a230ec,342,COc1cc(Br)cc(OC)c1,unlabeled
1425370602,70,b5f0b6271cd244ade9a3,343,COc1cc(Br)cc(OC)c1,unlabeled
1425370602,70,79723584590c0a689474,344,COc1cc(Br)cc(OC)c1,unlabeled
1425370602,70,984bc17b1da105c753eb,345,COc1cc(Br)cc(OC)c1,test
1425370602,70,1b7e334ea83516d08ff5,346,COc1cc(Br)cc(OC)c1,unlabeled
1425370602,70,b8018c4bdaadd42a057a,347,COc1cc(Br)cc(OC)c1,unlabeled
1425370602,70,3b03dfa8ff44ff554734,348,O=Cc1cc(Br)ccc1O,unlabeled
1425370602,70,167f49f748fa35bdb29e,349,O=Cc1cc(Br)ccc1O,unlabeled
1425370602,70,7e19b816ecd8282ce2a1,350,O=Cc1cc(Br)ccc1O,unlabeled
1425370602,70,0dffde5d00d50ee96173,351,O=Cc1cc(Br)ccc1O,unlabeled
1425370602,70,65bfb38b53dd53bc4f4c,352,O=Cc1cc(Br)ccc1O,unlabeled
1425370602,70,e79c5aedcfa41a5f23c9,353,O=Cc1cc(Br)ccc1O,unlabeled
1425370602,70,27b234a05f8c66fd059f,354,O=Cc1cc(Br)ccc1O,unlabeled
1425370602,70,1bf52d57e3b0d9ef0662,355,Cc1ccc(Cl)cc1Br,gradient_train
1425370602,70,867407c66038f21466a8,356,Cc1ccc(Cl)cc1Br,test
1425370602,70,fb19bbc052a528249f36,357,Cc1ccc(Cl)cc1Br,unlabeled
1425370602,70,13bebd0b1ab22fc7e93b,358,Cc1ccc(Cl)cc1Br,unlabeled
1425370602,70,c1b4c0f7481c01c40ec6,359,Cc1ccc(Cl)cc1Br,unlabeled
1425370602,70,bb159f5b8695e842d4ff,360,Cc1ccc(Cl)cc1Br,unlabeled
1425370602,70,ce70dba7026ce0b64f62,361,Cc1ccc(Cl)cc1Br,unlabeled
1425370602,70,a5ea3136b642f8a49607,362,N#Cc1ccccc1Br,unlabeled
1425370602,70,8671b386166171ebd7f7,363,N#Cc1ccccc1Br,gradient_train
1425370602,70,d344b363b8c01e73a6fa,364,N#Cc1ccccc1Br,unlabeled
1425370602,70,70e13ddfe9e6cc9b0f56,365,N#Cc1ccccc1Br,unlabeled
1425370602,70,35046c5ff35d8c8617bb,366,N#Cc1ccccc1Br,unlabeled
1425370602,70,848f6c84b4d5fc44c3c2,367,N#Cc1ccccc1Br,test
1425370602,70,0974fc9cbeb3820c4065,368,Cc1ccc(C=O)c(C)c1,test
1425370602,70,bc486e940c369b85ce28,369,Cc1ccc(C=O)c(C)c1,unlabeled
1425370602,70,9a29b268530b7a3321a0,370,Cc1ccc(C=O)c(C)c1,unlabeled
1425370602,70,51394d9af7adc7eff816,371,Cc1ccc(C=O)c(C)c1,unlabeled
1425370602,70,5cbed870fef2de105046,372,Cc1ccc(C=O)c(C)c1,unlabeled
1425370602,70,dbb854b36df7ed31d95f,373,Cc1ccc(C=O)c(C)c1,test
1425370602,70,0c0f89307cc4aff87ab6,374,Cc1ccc(C=O)c(C)c1,unlabeled
1425370602,70,a5d9706079ccfee3bdf4,375,COCCOC(=O)CC(C)=O,unlabeled
1425370602,70,bacef06b4d4d7374a4e4,376,COCCOC(=O)CC(C)=O,test
1425370602,70,74097878150c8a5a8d79,377,COCCOC(=O)CC(C)=O,unlabeled
1425370602,70,47404d0982a587f0393e,378,COCCOC(=O)CC(C)=O,unlabeled
1425370602,70,fb80794857ddc46e142c,379,CC(=O)c1ccc2c(c1)OCO2,unlabeled
1425370602,70,6f34563b6236c57b9c60,380,CC(=O)c1ccc2c(c1)OCO2,unlabeled
1425370602,70,147b560e4c606680c7b2,381,CC(=O)c1ccc2c(c1)OCO2,test
1425370602,70,7396668aaa8d372aa464,382,CC(=O)c1ccc2c(c1)OCO2,unlabeled
1425370602,70,78b04c44dfa852f4e621,383,CC(=O)c1ccc2c(c1)OCO2,unlabeled
1425370602,70,f191e08b3e95928a5423,384,CC(=O)c1ccc2c(c1)OCO2,unlabeled
1425370602,70,f5634113e0822bda1c03,385,CC(=O)c1ccc2c(c1)OCO2,unlabeled
1425370602,70,45264f1c88b241fb888c,386,CC(=O)c1c(C)cc(C)cc1C,unlabeled
1425370602,70,7b0fa77cbbcbd8e7c87a,387,CC(=O)c1c(C)cc(C)cc1C,unlabeled
1425370602,70,c514f60c28973fc116c5,388,CC(=O)c1c(C)cc(C)cc1C,unlabeled
1425370602,70,b63d546347919cb66716,389,CC(=O)c1c(C)cc(C)cc1C,test
1425370602,70,823c667f35cddfcbc346,390,CC(=O)c1c(C)cc(C)cc1C,test
1425370602,70,d2955aa36bd2b103c981,391,CC(=O)c1c(C)cc(C)cc1C,unlabeled
1425370602,70,4ce730c9ad4e20a0386e,392,CC(=O)c1c(C)cc(C)cc1C,unlabeled
1425370602,70,f3531a1565c8159ac5e2,393,CC(=O)c1ccc(C)cc1C,validation
1425370602,70,c359fd726e50e2123f43,394,CC(=O)c1ccc(C)cc1C,unlabeled
1425370602,70,a9a623a9853c6b493ce4,395,CC(=O)c1ccc(C)cc1C,unlabeled
1425370602,70,784ca4af1517dac8cd11,396,CC(=O)c1ccc(C)cc1C,unlabeled
1425370602,70,4c36e8e7d179b4bfa11a,397,CC(=O)c1ccc(C)cc1C,unlabeled
1425370602,70,77fe8c752e01feedccfa,398,CC(=O)c1ccc(C)cc1C,gradient_train
1425370602,70,0a1949b42050f41b0db4,399,CC(=O)c1ccc(C)cc1C,unlabeled
1425370602,70,118d66c0e53f510c51ed,400,CC(=O)c1ccc2c(c1)Cc1ccccc1-2,gradient_train
1425370602,70,38aa81d53a6b39e9d8ef,401,CC(=O)c1ccc2c(c1)Cc1ccccc1-2,unlabeled
1425370602,70,c780d2f5194817087e07,402,CC(=O)c1ccc2c(c1)Cc1ccccc1-2,validation
1425370602,70,546046afb5114d631360,403,CC(=O)c1ccc2c(c1)Cc1ccccc1-2,unlabeled
1425370602,70,dc9f747c03c55d77bf72,404,BrC(=C(c1ccccc1)c1ccccc1)c1ccccc1,gradient_train
1425370602,70,d29c00125d1c5dc55586,405,BrC(=C(c1ccccc1)c1ccccc1)c1ccccc1,unlabeled
1425370602,70,509e53644c411798f5b0,406,BrC(=C(c1ccccc1)c1ccccc1)c1ccccc1,unlabeled
1425370602,70,5ac5df671efee45d3ddf,407,BrC(=C(c1ccccc1)c1ccccc1)c1ccccc1,unlabeled
1425370602,70,1e8c03a5d84f08329475,408,BrC(=C(c1ccccc1)c1ccccc1)c1ccccc1,unlabeled
1425370602,70,a7f9a08159d001c30f67,409,BrC(=C(c1ccccc1)c1ccccc1)c1ccccc1,unlabeled
1425370602,70,97feb43dae8371e80d3b,410,BrC(=C(c1ccccc1)c1ccccc1)c1ccccc1,unlabeled
1425370602,70,2f612d3ec5e270672ad1,411,C/C(=N\O)c1ccccc1,unlabeled
1425370602,70,b089551184e4d70e386d,412,C/C(=N\O)c1ccccc1,unlabeled
1425370602,70,95f7b6c8f44b25feade0,413,C/C(=N\O)c1ccccc1,test
1425370602,70,b0f39affa1970d2700b7,414,C/C(=N\O)c1ccccc1,unlabeled
1425370602,70,af2973fb82b6d79d8c5e,415,C/C(=N\O)c1ccccc1,unlabeled
1425370602,70,3545611fd9950a160288,416,C/C(=N\O)c1ccccc1,unlabeled
1425370602,70,786c4179676f46638e4a,417,O=C(c1ccccc1)c1ccc(Cl)cc1,unlabeled
1425370602,70,937105af8867732c56ec,418,O=C(c1ccccc1)c1ccc(Cl)cc1,unlabeled
1425370602,70,711f210d4869259d0651,419,O=C(c1ccccc1)c1ccc(Cl)cc1,unlabeled
1425370602,70,26bb8ff67b7738527484,420,O=C(c1ccccc1)c1ccc(Cl)cc1,unlabeled
1425370602,70,6624c43f78e6697c8ac9,421,O=C(c1ccccc1)c1ccc(Cl)cc1,unlabeled
1425370602,70,f9b97e958092bd5cb81a,422,O=C(c1ccccc1)c1ccc(Cl)cc1,unlabeled
1425370602,70,2d53109003f718b780fa,423,Cc1ccc(C(=O)c2ccccc2)cc1C,unlabeled
1425370602,70,b9b624baffe611c30836,424,Cc1ccc(C(=O)c2ccccc2)cc1C,unlabeled
1425370602,70,f8a590eaa91d155f61da,425,Cc1ccc(C(=O)c2ccccc2)cc1C,unlabeled
1425370602,70,2fcaa537474ba2ae579f,426,Cc1ccc(C(=O)c2ccccc2)cc1C,unlabeled
1425370602,70,d914e4c833f2df567cac,427,Cc1ccc(C(=O)c2ccccc2)cc1C,unlabeled
1425370602,70,5048acae682925888d12,428,Cc1ccc(C(=O)c2ccccc2)cc1C,unlabeled
1425370602,70,41927f703a0632f098fb,429,CC(=O)CC(=O)c1ccccc1,unlabeled
1425370602,70,760d0bf0ec31747d3969,430,CC(=O)CC(=O)c1ccccc1,unlabeled
1425370602,70,d71aab82a8179d05294a,431,CC(=O)CC(=O)c1ccccc1,unlabeled
1425370602,70,25ffb25df5bec65a633b,432,CC(=O)CC(=O)c1ccccc1,unlabeled
1425370602,70,92d69b1849c34b7f1a80,433,CCOC(=O)C(Cc1ccccc1)C(C)=O,unlabeled
1425370602,70,a289439d96e27bec7cbc,434,CCOC(=O)C(Cc1ccccc1)C(C)=O,unlabeled
1425370602,70,4707a180fe4230c208ff,435,CCOC(=O)C(Cc1ccccc1)C(C)=O,unlabeled
1425370602,70,41921840a5681261ba98,436,CCOC(=O)C(Cc1ccccc1)C(C)=O,unlabeled
1425370602,70,b5080cde4f493a415fc5,437,CCOC(=O)C(Cc1ccccc1)C(C)=O,unlabeled
1425370602,70,1bbec08f4838f06da0fb,438,CCOC(=O)C(Cc1ccccc1)C(C)=O,validation
1425370602,70,bd0519702a5756bc3c94,439,CCOC(=O)C(Cc1ccccc1)C(C)=O,unlabeled
1425370602,70,b7fa3dd8e6040788ae14,440,CCOC(=O)c1cccnc1,test
1425370602,70,2deca509a22158d15375,441,CCOC(=O)c1cccnc1,unlabeled
1425370602,70,b48dea92ecfc07816494,442,CCOC(=O)c1cccnc1,test
1425370602,70,82fa7e7b3bd183853280,443,CCOC(=O)c1cccnc1,unlabeled
1425370602,70,7ba2cf5e6ca289d9810f,444,CCOC(=O)c1cccnc1,gradient_train
1425370602,70,7dec4c1259ce3660b729,445,COc1ccc(OC)c(Br)c1,unlabeled
1425370602,70,768064b2e2a953d147d0,446,COc1ccc(OC)c(Br)c1,unlabeled
1425370602,70,212154e56fe15a3333a2,447,COc1ccc(OC)c(Br)c1,test
1425370602,70,c56a92db4ce7de66bee1,448,COc1ccc(OC)c(Br)c1,unlabeled
1425370602,70,48b99ebef2fd7718f678,449,COc1ccc(OC)c(Br)c1,unlabeled
1425370602,70,6da48b9dd6e1ed7e26fd,450,COc1ccc(OC)c(Br)c1,unlabeled
1425370602,70,a2eeeea4e6525c9d22d4,451,COc1ccc(OC)c(Br)c1,unlabeled
1425370602,70,1e0e33b1a77df72f4dd8,452,OCc1cccc(Br)c1,unlabeled
1425370602,70,371711577127c07527e3,453,OCc1cccc(Br)c1,unlabeled
1425370602,70,78d4810a82f060b5cf49,454,OCc1cccc(Br)c1,test
1425370602,70,1c04f02c0ea8c00b358d,455,OCc1cccc(Br)c1,unlabeled
1425370602,70,4bc0dc84991def63aa1b,456,O=C1CCCc2ccccc21,test
1425370602,70,2433f7a3f7959e1d1b74,457,O=C1CCCc2ccccc21,unlabeled
1425370602,70,944f0a85ec8978a60444,458,O=C1CCCc2ccccc21,test
1425370602,70,8afc083342d1c2e7f78a,459,O=C1CCCc2ccccc21,gradient_train
1425370602,70,c35ed383b2db14b3bc06,460,O=C1CCCc2ccccc21,test
1425370602,70,d7c72c92165e2c129547,461,O=C1CCCc2ccccc21,unlabeled
1425370602,70,e375bb01e53e46f8faee,462,O=C1CCCc2ccccc21,unlabeled
1425370602,70,fdc873b5607287090ff3,463,CSc1ccc(C=O)cc1,gradient_train
1425370602,70,80b4e33a8434ac29ed52,464,CSc1ccc(C=O)cc1,unlabeled
1425370602,70,ee60c3ffc43a4c2c965e,465,CSc1ccc(C=O)cc1,test
1425370602,70,95f10fffb85ea1b1f47a,466,CSc1ccc(C=O)cc1,unlabeled
1425370602,70,793d8259fd7820530cfe,467,Cc1ccccc1C=O,unlabeled
1425370602,70,13fb1511fffef8fc96e0,468,Cc1ccccc1C=O,test
1425370602,70,532a47d1b45e54d6326b,469,Cc1ccccc1C=O,unlabeled
1425370602,70,dcd70c2b5039c4268d56,470,Cc1ccccc1C=O,unlabeled
1425370602,70,22d860e7f246ca4272a4,471,Cc1ccccc1C=O,unlabeled
1425370602,70,f21df276243d861dc2b2,472,Cc1ccccc1C=O,unlabeled
1425370602,70,08820514e662ce6ea8f0,473,Cc1ccccc1C=O,unlabeled
1425370602,70,d60e09bca01342c7cfa6,474,O=Cc1ccc(Br)cc1O,unlabeled
1425370602,70,9dda290379fb047fc74d,475,O=Cc1ccc(Br)cc1O,unlabeled
1425370602,70,4a58b799c494875f6f27,476,O=Cc1ccc(Br)cc1O,gradient_train
1425370602,70,98a1ca00445d60f415d4,477,O=Cc1ccc(Br)cc1O,unlabeled
1425370602,70,ddecd252bb1099fb20f7,478,O=Cc1ccc(Br)cc1O,unlabeled
1425370602,70,226ebdbf914ce9333de8,479,O=Cc1ccc(Br)cc1O,unlabeled
1425370602,70,99dd4a9a47de5c84b7c0,480,O=Cc1ccc(Br)cc1O,unlabeled
1425370602,70,ecc7e2759499addc038f,481,CC(=O)c1ccc(Br)cc1,unlabeled
1425370602,70,66c1ee6eed3d1587de50,482,CC(=O)c1ccc(Br)cc1,gradient_train
1425370602,70,a26a131344d4dbd9645b,483,CC(=O)c1ccc(Br)cc1,unlabeled
1425370602,70,f0edd899ac987a1de9dd,484,CC(=O)c1ccc(Br)cc1,unlabeled
1425370602,70,0e13b08b0f9c772699e1,485,CC(=O)c1ccc(Br)cc1,unlabeled
1425370602,70,1254297404cc9db52ee2,486,CC(=O)c1ccc(Br)cc1,unlabeled
1425370602,70,bc8e1d805b36b63cbfbe,487,CC(=O)c1ccc(Br)cc1,unlabeled
1425370602,70,cd998cddd3dcb4fc8c92,488,O=C(Cc1ccccc1)c1ccccc1,unlabeled
1425370602,70,12e11e8eaee71fc57209,489,O=C(Cc1ccccc1)c1ccccc1,unlabeled
1425370602,70,054457c7699aabd6c619,490,O=C(Cc1ccccc1)c1ccccc1,unlabeled
1425370602,70,893e4c91da1b0b2f7d3e,491,O=C(Cc1ccccc1)c1ccccc1,unlabeled
1425370602,70,18e8a9c1ea6aa15c0d01,492,O=C(Cc1ccccc1)c1ccccc1,unlabeled
1425370602,70,bc582f1f4f4225f6d249,493,O=C(Cc1ccccc1)c1ccccc1,unlabeled
1425370602,70,d92ef85db0d1c0979197,494,O=C(Cc1ccccc1)c1ccccc1,unlabeled
1425370602,70,ddc0b27538aa926cbb6e,495,O=Cc1ccc(-c2ccccc2)cc1,test
1425370602,70,6dcfe9b1e0958f22523b,496,O=Cc1ccc(-c2ccccc2)cc1,unlabeled
1425370602,70,3cdf1bcd3739e20f72d2,497,O=Cc1ccc(-c2ccccc2)cc1,unlabeled
1425370602,70,a8e4c6001ce3245c634b,498,O=Cc1ccc(-c2ccccc2)cc1,unlabeled
1425370602,70,24b540d7814b4d9c5183,499,O=Cc1ccc(-c2ccccc2)cc1,unlabeled
1425370602,70,b0cadf050313e9a3a162,500,O=Cc1ccc(-c2ccccc2)cc1,unlabeled
1425370602,70,8837a8a19c37b63d2e48,501,O=Cc1ccc(-c2ccccc2)cc1,unlabeled
1425370602,70,23a832560d234735d954,502,O=Cc1ccc2ccccc2c1Br,test
1425370602,70,90777be8090491479de1,503,O=Cc1ccc2ccccc2c1Br,unlabeled
1425370602,70,926a7862066269f98d62,504,O=Cc1ccc2ccccc2c1Br,unlabeled
1425370602,70,2c51476c6fa3121c5dfc,505,O=Cc1ccc2ccccc2c1Br,gradient_train
1425370602,70,5a9449a7562d442b8669,506,O=Cc1ccc2ccccc2c1Br,gradient_train
1425370602,70,2cbca950d64fdcd81660,507,O=Cc1ccc2ccccc2c1Br,unlabeled
1425370602,70,fb1fdaa4bc60434648f7,508,O=Cc1ccc2ccccc2c1Br,unlabeled
1425370602,70,9e46dbe8a460d3f96a27,509,O=C(/C=C/c1ccccc1)c1ccccc1,gradient_train
1425370602,70,31e75b850983502aa64f,510,O=C(/C=C/c1ccccc1)c1ccccc1,unlabeled
1425370602,70,b566ed83f272904657ba,511,O=C(/C=C/c1ccccc1)c1ccccc1,unlabeled
1425370602,70,c2be1e8f7c2c080f49f5,512,O=C(/C=C/c1ccccc1)c1ccccc1,gradient_train
1425370602,70,fde2d968ab29d13d4f1d,513,O=C(/C=C/c1ccccc1)c1ccccc1,unlabeled
1425370602,70,240da69c823911ff5ccc,514,O=C(/C=C/c1ccccc1)c1ccccc1,test
1425370602,70,b2b26956a788c2a8c7e9,515,O=C(/C=C/c1ccccc1)c1ccccc1,unlabeled
1425370602,70,f3b80f5fe97d26fd8383,516,O=C(/C=C/c1ccccc1)/C=C/c1ccccc1,unlabeled
1425370602,70,d60f7e6b21ea96567843,517,O=C(/C=C/c1ccccc1)/C=C/c1ccccc1,gradient_train
1425370602,70,bb61793cbbbe2bfa4e12,518,O=C(/C=C/c1ccccc1)/C=C/c1ccccc1,unlabeled
1425370602,70,d078d930aa37448ec4aa,519,O=C(/C=C/c1ccccc1)/C=C/c1ccccc1,unlabeled
1425370602,70,8cd132f293d2823adc8d,520,O=C(/C=C/c1ccccc1)/C=C/c1ccccc1,unlabeled
1425370602,70,88f58ab7b7cf02f8f134,521,O=C(/C=C/c1ccccc1)/C=C/c1ccccc1,unlabeled
1425370602,70,17bdb259a18419ca296f,522,O=C(/C=C/c1ccccc1)/C=C/c1ccccc1,unlabeled
1425370602,70,77c599d272254892b6ec,523,CC1CCC(=O)c2ccccc21,unlabeled
1425370602,70,b393af61f6769ceccbc0,524,CC1CCC(=O)c2ccccc21,unlabeled
1425370602,70,49668be051b44a819f00,525,CC1CCC(=O)c2ccccc21,unlabeled
1425370602,70,ffa86b2ffa5ac89b0720,526,CC1CCC(=O)c2ccccc21,unlabeled
1425370602,70,43aa4f12be94a8a96b35,527,CC1CCC(=O)c2ccccc21,unlabeled
1425370602,70,c09fbafa246c8d17b677,528,CC1CCC(=O)c2ccccc21,gradient_train
1425370602,70,f38afd5febe30c01c852,529,CC1CCC(=O)c2ccccc21,unlabeled
1425370602,70,490ab56dde175e9b97f5,530,O=C(Cc1ccccc1F)C1CC1,unlabeled
1425370602,70,3156893d5d2368c286a5,531,O=C(Cc1ccccc1F)C1CC1,unlabeled
1425370602,70,5ca73775e77c8e07812b,532,O=C(Cc1ccccc1F)C1CC1,unlabeled
1425370602,70,e90e636dced92c2b53d7,533,O=C(Cc1ccccc1F)C1CC1,unlabeled
1425370602,70,21e4905ef98fba65035a,534,O=C(Cc1ccccc1F)C1CC1,unlabeled
1425370602,70,2eda4e5a40a9021016cb,535,O=C(Cc1ccccc1F)C1CC1,unlabeled
1425370602,70,9c357cc9e9b8199eb1e0,536,O=C(Cc1ccccc1F)C1CC1,unlabeled
1425370602,70,51091e7a7f83732eaf1b,537,CCC(=O)c1cccc(Br)c1,unlabeled
1425370602,70,71577790a52cb379d81f,538,CCC(=O)c1cccc(Br)c1,validation
1425370602,70,e3b2ac778da2b86aa873,539,CCC(=O)c1cccc(Br)c1,unlabeled
1425370602,70,1046fdfaf24728b107ba,540,CCC(=O)c1cccc(Br)c1,unlabeled
1425370602,70,2e10d8b186d86053260f,541,CCC(=O)c1cccc(Br)c1,unlabeled
1425370602,70,5111664a952a4ab7d54e,542,CCC(=O)c1cccc(Br)c1,unlabeled
1425370602,70,ffcab07e0d31056e0d4a,543,CCC(=O)c1cccc(Br)c1,unlabeled
1425370602,70,b6bb9be5584029502820,544,COCCCCC(=O)c1ccc(C(F)(F)F)cc1,unlabeled
1425370602,70,60a000cb56517513c4d2,545,COCCCCC(=O)c1ccc(C(F)(F)F)cc1,unlabeled
1425370602,70,677c30b5727454c7a81e,546,COCCCCC(=O)c1ccc(C(F)(F)F)cc1,unlabeled
1425370602,70,94bc1858c275dcb3d476,547,COCCCCC(=O)c1ccc(C(F)(F)F)cc1,unlabeled
1425370602,70,06c29062334b43b0d12f,548,COCCCCC(=O)c1ccc(C(F)(F)F)cc1,gradient_train
1425370602,70,80e66bd0e8e9450537bb,549,COCCCCC(=O)c1ccc(C(F)(F)F)cc1,unlabeled
1425370602,70,b82c7c8060589ec1974b,550,CCCC(=O)c1ccc(-c2ccccc2)cc1,unlabeled
1425370602,70,57e291b74a249c9dd3ff,551,CCCC(=O)c1ccc(-c2ccccc2)cc1,gradient_train
1425370602,70,7d6bcd84e5a6861fc8fc,552,CCCC(=O)c1ccc(-c2ccccc2)cc1,test
1425370602,70,2d37adf0d65a19bc2c0c,553,CCCC(=O)c1ccc(-c2ccccc2)cc1,validation
1425370602,70,3c892a45de6ec4625f37,554,CCCC(=O)c1ccc(-c2ccccc2)cc1,gradient_train
1425370602,70,e2c826d98b2bbeb6f48b,555,CCCC(=O)c1ccc(-c2ccccc2)cc1,unlabeled
1425370602,70,ce61c0bd799e65402b75,556,CCCC(=O)c1ccc(-c2ccccc2)cc1,test
1425370602,70,0f05b5ba6eb528d54b4b,557,O=C(c1ccccc1)c1cccc(C(=O)c2ccccc2)c1,gradient_train
1425370602,70,c4412adf038c7f6ea3c2,558,O=C(c1ccccc1)c1cccc(C(=O)c2ccccc2)c1,gradient_train
1425370602,70,182fc7fe888dbb9535bb,559,O=C(c1ccccc1)c1cccc(C(=O)c2ccccc2)c1,unlabeled
1425370602,70,8abf9c0719e2d67a22f9,560,O=C(c1ccccc1)c1cccc(C(=O)c2ccccc2)c1,unlabeled
1425370602,70,b8a4c06710d95c33cfe1,561,O=C(c1ccccc1)c1cccc(C(=O)c2ccccc2)c1,unlabeled
1425370602,70,7e451fd74af5bfa51ac9,562,O=C(c1ccccc1)c1cccc(C(=O)c2ccccc2)c1,unlabeled
1425370602,70,07e9bc7a9d27fdd58c2f,563,O=C(c1ccccc1)c1cccc(C(=O)c2ccccc2)c1,unlabeled
1425370602,70,2f828b7aa8c3e93352da,564,CCC(=O)c1cccnc1,unlabeled
1425370602,70,4365d2fb106c18823aac,565,CCC(=O)c1cccnc1,unlabeled
1425370602,70,4c6a8ef1c87748df99f2,566,CCC(=O)c1cccnc1,unlabeled
1425370602,70,aca0ef1613a0a07a0431,567,O=C(CCCCl)c1ccc(F)cc1,unlabeled
1425370602,70,f98f5943ca73a5b809a1,568,O=C(CCCCl)c1ccc(F)cc1,unlabeled
1425370602,70,405638494c5a95206866,569,O=C(CCCCl)c1ccc(F)cc1,unlabeled
1425370602,70,76e188b0e48b99f36582,570,O=C(CCCCl)c1ccc(F)cc1,unlabeled
1425370602,70,26aa0143305ac532a560,571,O=C(CCCCl)c1ccc(F)cc1,unlabeled
1425370602,70,283be89c092cfa4a5cbb,572,O=C(CCCCl)c1ccc(F)cc1,unlabeled
1425370602,70,0ffc20c3f979502b8a09,573,O=C(CCCCl)c1ccc(F)cc1,unlabeled
1425370602,100,bbabdb9085edbb8c178b,0,CC(C)(CCl)c1ccccc1,unlabeled
1425370602,100,96dc3dc2ebd074200228,1,CC(C)(CCl)c1ccccc1,test
1425370602,100,6322e8f867a741eed74c,2,CC(C)(CCl)c1ccccc1,unlabeled
1425370602,100,c2b0aff65443af0a8618,3,CC(C)(CCl)c1ccccc1,unlabeled
1425370602,100,f4b69d88ad1d916ee71a,4,CC(C)(CCl)c1ccccc1,unlabeled
1425370602,100,0f3559d035355b0eec80,5,CC(C)(CCl)c1ccccc1,unlabeled
1425370602,100,d29a94054067cd60dd70,6,CC(C)(CCl)c1ccccc1,unlabeled
1425370602,100,31d92ca6486b229184cf,7,OCCCc1ccccc1,unlabeled
1425370602,100,8a84cca322477165b719,8,OCCCc1ccccc1,unlabeled
1425370602,100,9cf769277f6b42d15f11,9,OCCCc1ccccc1,unlabeled
1425370602,100,7a0a82051f50d5b0c89c,10,OCCCc1ccccc1,unlabeled
1425370602,100,c79f29f048bbfd157f98,11,BrCCCc1ccccc1,unlabeled
1425370602,100,df0074b49eeb620c0768,12,BrCCCc1ccccc1,unlabeled
1425370602,100,f0097bc6b7827ef65922,13,BrCCCc1ccccc1,gradient_train
1425370602,100,44348f5c4aea3b41ee9d,14,BrCCCc1ccccc1,unlabeled
1425370602,100,482cb91fac7f2a936dca,15,BrCCCc1ccccc1,unlabeled
1425370602,100,a5c6210123f05414ffc0,16,BrCCCc1ccccc1,unlabeled
1425370602,100,a82e55e1cd19814ea307,17,BrCCCc1ccccc1,unlabeled
1425370602,100,6ee3c70647b37dcd5417,18,ClCCCc1ccccc1,gradient_train
1425370602,100,2c7e37ef828eb17c78fb,19,ClCCCc1ccccc1,unlabeled
1425370602,100,7ab9c351196ad891e172,20,ClCCCc1ccccc1,unlabeled
1425370602,100,7062ca665af0f9bba6c9,21,ClCCCc1ccccc1,gradient_train
1425370602,100,6644e934f59d8b816b9f,22,ClCCCc1ccccc1,gradient_train
1425370602,100,8cc7c76a92a4474d7c6a,23,ClCCCc1ccccc1,test
1425370602,100,c883df6ea04f89f45f03,24,ClCCCc1ccccc1,test
1425370602,100,46ed1e35ca65ace74790,25,COc1ccc(CO)cc1,unlabeled
1425370602,100,ec581cec37da9563e756,26,COc1ccc(CO)cc1,test
1425370602,100,c2bd8e8f13a96726e7fc,27,COc1ccc(CO)cc1,unlabeled
1425370602,100,f1afcbd393ce4f5a6316,28,COc1ccc(CO)cc1,unlabeled
1425370602,100,2909efb29670d8f2286d,29,CCOC(=O)C(C)(C)Br,test
1425370602,100,56b391fdec7a2a622e52,30,CCOC(=O)C(C)(C)Br,gradient_train
1425370602,100,8a9485661ac2c4576006,31,CCOC(=O)C(C)(C)Br,unlabeled
1425370602,100,7f6d1cdee16de4a37a21,32,CCOC(=O)C(C)(C)Br,unlabeled
1425370602,100,fd7bf535ef538434b384,33,CCOC(=O)C(C)(C)Br,unlabeled
1425370602,100,651bb6b60c62819a4323,34,CCOC(=O)C(C)(C)Br,unlabeled
1425370602,100,2a61203b59218a3cbdc6,35,CCOC(=O)C(C)(C)Br,unlabeled
1425370602,100,6d6c0510303dec89b2fe,36,COc1ccc(C=O)cc1,test
1425370602,100,f81dc37125414986a0bb,37,COc1ccc(C=O)cc1,test
1425370602,100,400615278105cebb3ed9,38,COc1ccc(C=O)cc1,test
1425370602,100,5d04f6757b59f5c356bb,39,COc1ccc(C=O)cc1,test
1425370602,100,a074620f6970d8f89567,40,COc1ccc(C=O)cc1,unlabeled
1425370602,100,454c1ea3beebbec4befe,41,COc1ccc(C=O)cc1,unlabeled
1425370602,100,f95928e2618ed15e654f,42,COc1ccc(C=O)cc1,unlabeled
1425370602,100,3a02b99399bb0c3e9ff9,43,COC(=O)C#CC(=O)OC,unlabeled
1425370602,100,b80a4f9e4b61f534ee9e,44,COC(=O)C#CC(=O)OC,unlabeled
1425370602,100,2690de155843f45b00a3,45,COC(=O)C#CC(=O)OC,unlabeled
1425370602,100,549eb8499df5181b3558,46,COC(=O)C#CC(=O)OC,validation
1425370602,100,02c141e2551937d10f4e,47,COC(=O)C#CC(=O)OC,unlabeled
1425370602,100,9069807baff6cbfbde75,48,COC(=O)C#CC(=O)OC,unlabeled
1425370602,100,1fe1163f7d97c16f3822,49,CC(=O)c1ccccc1,unlabeled
1425370602,100,1e86d81fe1995d367fe1,50,CC(=O)c1ccccc1,unlabeled
1425370602,100,614e6d0929b0845d454b,51,CC(=O)c1ccccc1,test
1425370602,100,358681452207464d171e,52,CC(=O)c1ccccc1,test
1425370602,100,c00e01085f35d19cd90f,53,CC(=O)c1ccccc1,unlabeled
1425370602,100,a542d702abb1fa77a6fc,54,CC(=O)c1ccccc1,gradient_train
1425370602,100,77577e6f6f0aa6789972,55,CCOC(=O)C(C)Br,unlabeled
1425370602,100,298017c801a97653f57d,56,CCOC(=O)C(C)Br,unlabeled
1425370602,100,849796401ee485c617a5,57,CCOC(=O)C(C)Br,unlabeled
1425370602,100,67cc8304e3e618d7416a,58,CCOC(=O)C(C)Br,unlabeled
1425370602,100,c7bc53c45a1962a88ec3,59,CCOC(=O)C(C)Br,unlabeled
1425370602,100,76b9db19f45b8222d962,60,CCOC(=O)C(C)Br,test
1425370602,100,0279fb0f7dba4b54a816,61,CCOC(=O)CC(=O)c1ccccc1,unlabeled
1425370602,100,ca203ccf20ce8e74d86d,62,CCOC(=O)CC(=O)c1ccccc1,unlabeled
1425370602,100,029d48fc98a886c9fec4,63,CCOC(=O)CC(=O)c1ccccc1,unlabeled
1425370602,100,1e578360bd7749f6b397,64,CCOC(=O)CC(=O)c1ccccc1,unlabeled
1425370602,100,05c14d26f4aa6f7c48b0,65,CCOC(=O)CC(=O)c1ccccc1,unlabeled
1425370602,100,53d046afde1259a727f9,66,CCOC(=O)CC(=O)c1ccccc1,unlabeled
1425370602,100,35ba50ab027f5f170aba,67,CCOC(=O)CC(=O)c1ccccc1,unlabeled
1425370602,100,130d76d2d46a287c5dea,68,CC(=O)c1ccccc1C,unlabeled
1425370602,100,3ef4b1ab56fe40940b42,69,CC(=O)c1ccccc1C,unlabeled
1425370602,100,a340148c4096f80cc125,70,CC(=O)c1ccccc1C,test
1425370602,100,57af4b867d9cd419ebb9,71,CC(=O)c1ccccc1C,unlabeled
1425370602,100,ff8745125a0eeb17c1e5,72,CC(=O)c1ccccc1C,gradient_train
1425370602,100,41a468134f078d2de17d,73,CC(=O)c1ccccc1C,unlabeled
1425370602,100,b4899d5d03e44fbf885c,74,CC(=O)c1ccccc1C,unlabeled
1425370602,100,bd93eaa60288fd0d5e89,75,CC(=O)c1ccc(C)cc1,unlabeled
1425370602,100,2797757b00a9f254ef2e,76,CC(=O)c1ccc(C)cc1,unlabeled
1425370602,100,fad37552a4a2eae19961,77,CC(=O)c1ccc(C)cc1,unlabeled
1425370602,100,6936556d392803de12ed,78,CC(=O)c1ccc(C)cc1,unlabeled
1425370602,100,fd3f8b6ec11d13a8412d,79,CC(=O)c1ccc(C)cc1,unlabeled
1425370602,100,b71b23379d73c3637a76,80,CC(=O)c1ccc(C)cc1,unlabeled
1425370602,100,2a9d111386ac232bbf79,81,CC(=O)c1ccc(C)cc1,unlabeled
1425370602,100,ca00dd1990fd356443cb,82,COC(=O)c1ccccc1O,unlabeled
1425370602,100,924106530353757625ba,83,COC(=O)c1ccccc1O,unlabeled
1425370602,100,f0d3ae15346c6cb6928d,84,COC(=O)c1ccccc1O,test
1425370602,100,0b6fe9b9da26ddc80e99,85,COC(=O)c1ccccc1O,unlabeled
1425370602,100,a9a4b1ef530ce6f46a1c,86,COC(=O)c1ccccc1O,unlabeled
1425370602,100,f0245d145e2758fc9ff8,87,COC(=O)c1ccccc1O,unlabeled
1425370602,100,f33380e15f0fd8b62027,88,COC(=O)c1ccccc1O,unlabeled
1425370602,100,1773be1aaa4102ae19f0,89,CC(=O)CC(=O)OC(C)(C)C,unlabeled
1425370602,100,1895e2147dd146c4e564,90,CC(=O)CC(=O)OC(C)(C)C,unlabeled
1425370602,100,e7c8cd496e2795b23cb3,91,CC(=O)CC(=O)OC(C)(C)C,unlabeled
1425370602,100,60f64adee75a0999c5d5,92,CC(=O)CC(=O)OC(C)(C)C,unlabeled
1425370602,100,851993fe56d61c8bf074,93,CC(=O)CC(=O)OC(C)(C)C,unlabeled
1425370602,100,4e6d2ab0e823ac1d4b58,94,CC(=O)CC(=O)OC(C)(C)C,test
1425370602,100,452aebfcddc0b031c20d,95,CCOC(=O)Cc1ccccc1,unlabeled
1425370602,100,a67ee30ac22b3511e0af,96,CCOC(=O)Cc1ccccc1,unlabeled
1425370602,100,4c52102f0b5a693d59bc,97,CCOC(=O)Cc1ccccc1,unlabeled
1425370602,100,f21e8077ac7b6ec1d038,98,CCOC(=O)Cc1ccccc1,unlabeled
1425370602,100,982611df66af1cf7c2f5,99,CCOC(=O)Cc1ccccc1,unlabeled
1425370602,100,d9e344f199dc9a567b5f,100,CCOC(=O)Cc1ccccc1,unlabeled
1425370602,100,74706f7e5d10b9245796,101,CCOC(=O)Cc1ccccc1,unlabeled
1425370602,100,f5d7ae6c2608335325ff,102,COC(=O)c1ccccc1N,gradient_train
1425370602,100,f66e095007d9d0923ce2,103,COC(=O)c1ccccc1N,unlabeled
1425370602,100,c9a57e8accca7da9758b,104,COC(=O)c1ccccc1N,unlabeled
1425370602,100,f7b1b9737459397f9ace,105,COC(=O)c1ccccc1N,gradient_train
1425370602,100,68feec66f657364ebeaa,106,COC(=O)c1ccccc1N,test
1425370602,100,96ccc1b8240fc2e9c1f3,107,COC(=O)c1ccccc1N,unlabeled
1425370602,100,16eec4a03ec235274042,108,CCOC(=O)/C=C/c1ccccc1,unlabeled
1425370602,100,92e4f80b3943134ebe86,109,CCOC(=O)/C=C/c1ccccc1,unlabeled
1425370602,100,e15e8a4f329d3a08aff9,110,CCOC(=O)/C=C/c1ccccc1,test
1425370602,100,6cec450baf7517436df6,111,CCOC(=O)/C=C/c1ccccc1,unlabeled
1425370602,100,48b79e49508df9f5fd6d,112,CCOC(=O)/C=C/c1ccccc1,unlabeled
1425370602,100,404dc3e2801a9a9d52aa,113,CCOC(=O)/C=C/c1ccccc1,unlabeled
1425370602,100,c72867f0f2e38c70aa8c,114,CCOC(=O)/C=C/c1ccccc1,unlabeled
1425370602,100,d9d3d24a75ff511e108a,115,COC(=O)c1ccc(C(C)(C)C)cc1,unlabeled
1425370602,100,f40ca479a9e86b5d5458,116,COC(=O)c1ccc(C(C)(C)C)cc1,unlabeled
1425370602,100,b7770c04c72527e1d9f6,117,COC(=O)c1ccc(C(C)(C)C)cc1,unlabeled
1425370602,100,a433dc0f6a13e9ace41d,118,COC(=O)c1ccc(C(C)(C)C)cc1,unlabeled
1425370602,100,e399250d7156727de0fd,119,COC(=O)c1ccc(C(C)(C)C)cc1,unlabeled
1425370602,100,3122a2210bde68deb81e,120,COC(=O)c1ccc(C(C)(C)C)cc1,gradient_train
1425370602,100,c9460286f85a5ec0f4fc,121,COC(=O)c1ccc(C(C)(C)C)cc1,unlabeled
1425370602,100,13b0b7952199157a8399,122,CCOC(=O)/C=C(/C)N,unlabeled
1425370602,100,759d5133ee82740013bf,123,CCOC(=O)/C=C(/C)N,unlabeled
1425370602,100,c9bf385316b464cd2e8d,124,CCOC(=O)/C=C(/C)N,gradient_train
1425370602,100,f248b9b89d62a22b03c3,125,CCOC(=O)/C=C(/C)N,unlabeled
1425370602,100,10d51839b15b94f0ae56,126,CCOC(=O)/C=C(/C)N,unlabeled
1425370602,100,e66b24ec1e4dfa9a9a57,127,CCOC(=O)/C=C(/C)N,unlabeled
1425370602,100,506597d02ff322a77a8d,128,CCOC(=O)/C=C(/C)N,test
1425370602,100,d2951bd3bb1608688f0d,129,CCOC(=O)/C=C(/C)N,validation
1425370602,100,7d3c6ef279245ca08a2f,130,CCOC(=O)/C=C(/C)N,unlabeled
1425370602,100,e6886d2fb3090517172b,131,CCOC(=O)/C=C(/C)N,unlabeled
1425370602,100,d31d42caff135d7154c4,132,CCOC(=O)/C=C(/C)N,unlabeled
1425370602,100,3d7aa38258001eb6ba67,133,CC(C)COC(=O)c1ccccc1,unlabeled
1425370602,100,b3409bbbf3b06d73afca,134,CC(C)COC(=O)c1ccccc1,unlabeled
1425370602,100,5ce75d3f6df6d318cb8a,135,CC(C)COC(=O)c1ccccc1,test
1425370602,100,28f4ab2563d03e831cf0,136,CC(C)COC(=O)c1ccccc1,unlabeled
1425370602,100,b95bbdf393e00f41a6df,137,CC(C)COC(=O)c1ccccc1,unlabeled
1425370602,100,1e73138aa057a5e2b67f,138,CC(C)COC(=O)c1ccccc1,unlabeled
1425370602,100,1319bf7018ee9b9a5b9f,139,CCOC(=O)c1ccccc1,gradient_train
1425370602,100,99398d649f02f80651f1,140,CCOC(=O)c1ccccc1,unlabeled
1425370602,100,240787bdbf2abc17e093,141,CCOC(=O)c1ccccc1,unlabeled
1425370602,100,4afc7ef2732850bea176,142,CCOC(=O)c1ccccc1,unlabeled
1425370602,100,181f6c7852b17df8f194,143,CCOC(=O)c1ccccc1,unlabeled
1425370602,100,474238f822b0c38795c6,144,CCOC(=O)c1ccccc1,gradient_train
1425370602,100,5eb80e21463443b22d14,145,CCOC(=O)c1ccccc1,unlabeled
1425370602,100,f6e991e3dc3a3d3c5d89,146,COc1ccc(CCO)cc1,gradient_train
1425370602,100,9991421da8e18008fc91,147,COc1ccc(CCO)cc1,unlabeled
1425370602,100,9e93bad2014e7ab1a680,148,COc1ccc(CCO)cc1,unlabeled
1425370602,100,3d5dc8831f4c74f7b7d1,149,COc1ccc(CCO)cc1,gradient_train
1425370602,100,d5a7e1d47a58e1323805,150,Cc1ccc(C(C)C)cc1,unlabeled
1425370602,100,5c32bb6f3bbf72dcb37e,151,Cc1ccc(C(C)C)cc1,unlabeled
1425370602,100,e545485bf1a51a3ea557,152,Cc1ccc(C(C)C)cc1,unlabeled
1425370602,100,8ea9d90b217f4096f42f,153,Cc1ccc(C(C)C)cc1,unlabeled
1425370602,100,9ed80c28328fabe87261,154,Cc1ccc(C(C)C)cc1,unlabeled
1425370602,100,f1ea027f4cb80b10d15b,155,Cc1ccc(C(C)C)cc1,gradient_train
1425370602,100,dcfc9eaebf799d451fdb,156,Cc1ccc(C(C)C)cc1,unlabeled
1425370602,100,6c1f19a34a40cbf98728,157,CC(C)(O)CCc1ccccc1,unlabeled
1425370602,100,cf45ee02778c0243ad50,158,CC(C)(O)CCc1ccccc1,gradient_train
1425370602,100,88581d99a415bf271788,159,CC(C)(O)CCc1ccccc1,unlabeled
1425370602,100,8753ab545dd1cf036a3a,160,CC(C)(O)CCc1ccccc1,unlabeled
1425370602,100,d59d233a1606de5b6deb,161,CC(C)(O)CCc1ccccc1,unlabeled
1425370602,100,964a62fb7d677de0f711,162,CC(C)CCOC(=O)c1ccccc1,unlabeled
1425370602,100,f35f8782c107387233ed,163,CC(C)CCOC(=O)c1ccccc1,unlabeled
1425370602,100,4d602abaaf336ac523e4,164,CC(C)CCOC(=O)c1ccccc1,unlabeled
1425370602,100,4768b747981033fbdf34,165,CC(C)CCOC(=O)c1ccccc1,unlabeled
1425370602,100,3df34ab1c0d58c86999e,166,CC(C)CCOC(=O)c1ccccc1,unlabeled
1425370602,100,8b67a1246fe892b6581d,167,CC(C)CCOC(=O)c1ccccc1,gradient_train
1425370602,100,2bafcbea1bb66eb60a71,168,CC(C)CCOC(=O)c1ccccc1,unlabeled
1425370602,100,2beadb75e05408973f02,169,CCOC(=O)/C=C/c1ccccc1,test
1425370602,100,dd7cae2667a1348a2caf,170,CCOC(=O)/C=C/c1ccccc1,gradient_train
1425370602,100,56f1cecfc0c6c3d224be,171,CCOC(=O)/C=C/c1ccccc1,unlabeled
1425370602,100,6278b7d64a22dbe3844e,172,CCOC(=O)/C=C/c1ccccc1,unlabeled
1425370602,100,a75e421e756083edea35,173,CCOC(=O)/C=C/c1ccccc1,test
1425370602,100,c9f7ab78e90454873661,174,CCOC(=O)/C=C/c1ccccc1,unlabeled
1425370602,100,b36d7c12e6d3072467ee,175,CCOC(=O)/C=C/c1ccccc1,gradient_train
1425370602,100,5dc7d31c57624ac47575,176,COc1ccc(C)cc1OC,unlabeled
1425370602,100,7dea14d96460814919d3,177,COc1ccc(C)cc1OC,unlabeled
1425370602,100,83a16763654b3b743265,178,COc1ccc(C)cc1OC,unlabeled
1425370602,100,ee96bcc328a38cb12519,179,COc1ccc(C)cc1OC,test
1425370602,100,62763fd48ebc7554402f,180,COc1ccc(C)cc1OC,unlabeled
1425370602,100,dd29d0f859e11f70f4ec,181,COc1ccc(C)cc1OC,gradient_train
1425370602,100,826e9f40c328ce2478ec,182,COc1ccc(C)cc1OC,unlabeled
1425370602,100,2e684264400b651dae88,183,C1=Cc2ccccc2C1,unlabeled
1425370602,100,e4f37e6e6def0eec724a,184,C1=Cc2ccccc2C1,unlabeled
1425370602,100,fda6d7aa920e5400a222,185,C1=Cc2ccccc2C1,unlabeled
1425370602,100,ee0eba88726c692c7f0c,186,C1=Cc2ccccc2C1,unlabeled
1425370602,100,c438c37de3a60de0e84a,187,C1=Cc2ccccc2C1,unlabeled
1425370602,100,f51bc35441c8ba7713b6,188,C1=Cc2ccccc2C1,unlabeled
1425370602,100,cb1bb21d54890633943c,189,C1=Cc2ccccc2C1,unlabeled
1425370602,100,2e561b136ec088ba3eff,190,Cc1ccc(C)cc1,unlabeled
1425370602,100,0d6f66d7971473a2cef9,191,Cc1ccc(C)cc1,unlabeled
1425370602,100,6950f8ebe95298defec5,192,Cc1ccc(C)cc1,unlabeled
1425370602,100,1837a52df085e2fc70d1,193,Cc1ccc(C)cc1,unlabeled
1425370602,100,8067767b73f132489d46,194,Cc1ccc(C)cc1,unlabeled
1425370602,100,bc3f10fed296515e66e5,195,Cc1ccc(C)cc1,unlabeled
1425370602,100,369517a8e4fab7d4e0e5,196,Cc1ccc(C)cc1,unlabeled
1425370602,100,acc1a540efdb60e4fa76,197,ClCCc1ccccc1,unlabeled
1425370602,100,b849b02cc7a096ff6f6a,198,ClCCc1ccccc1,unlabeled
1425370602,100,75b105d94d176eec90ba,199,ClCCc1ccccc1,unlabeled
1425370602,100,4699975b36aa2351be18,200,ClCCc1ccccc1,unlabeled
1425370602,100,a2ecd7c05da585c2a35e,201,ClCCc1ccccc1,unlabeled
1425370602,100,82843c7e3b9005c1abb0,202,ClCCc1ccccc1,unlabeled
1425370602,100,216e9e13c0587f197c0b,203,ClCCc1ccccc1,unlabeled
1425370602,100,31162ac7e21c9688cbdc,204,CC(O)c1ccccc1,validation
1425370602,100,82ffe9abc3d02f4b970f,205,CC(O)c1ccccc1,unlabeled
1425370602,100,35eae227e68fe7434e68,206,CC(O)c1ccccc1,unlabeled
1425370602,100,82b6a0a8f122317d79d4,207,CC(O)c1ccccc1,unlabeled
1425370602,100,9b28c23ad1d4dda9fe1a,208,CC(O)c1ccccc1,unlabeled
1425370602,100,4455212440cbaf6d51e2,209,COc1ccccc1,gradient_train
1425370602,100,fcea8574ae051fe11483,210,COc1ccccc1,unlabeled
1425370602,100,04d4a16ff682bc7c55c8,211,COc1ccccc1,unlabeled
1425370602,100,62ca5eadee5ef28e9aeb,212,COc1ccccc1,unlabeled
1425370602,100,42f031acb8211bfbf67f,213,COc1ccccc1,gradient_train
1425370602,100,472b8f06caf25ffe6c7a,214,COc1ccccc1,unlabeled
1425370602,100,d532e4ccbab971232d40,215,COc1ccccc1,unlabeled
1425370602,100,bae9f1ce7c04e7ccf16b,216,CCOC(=O)C(Br)C(=O)OCC,unlabeled
1425370602,100,fc58ac30a03fcb0ec051,217,CCOC(=O)C(Br)C(=O)OCC,gradient_train
1425370602,100,c4b569d1149e4ec87b12,218,CCOC(=O)C(Br)C(=O)OCC,unlabeled
1425370602,100,53d7fb31d852cbb33059,219,CCOC(=O)C(Br)C(=O)OCC,unlabeled
1425370602,100,265addbdd355a85c628d,220,CCOC(=O)C(Br)C(=O)OCC,unlabeled
1425370602,100,b07e3b186c5f9a698624,221,CCOC(=O)C(Br)C(=O)OCC,unlabeled
1425370602,100,28c4b7ec4bf7f486b68c,222,CCOC(=O)C(Br)C(=O)OCC,unlabeled
1425370602,100,c9d7d885160197c7f67c,223,c1ccc(COCc2ccccc2)cc1,gradient_train
1425370602,100,e2869f5cf5635b6ae9c1,224,c1ccc(COCc2ccccc2)cc1,gradient_train
1425370602,100,49865eda3c0e936157be,225,c1ccc(COCc2ccccc2)cc1,unlabeled
1425370602,100,d26cffd9ef4da9800470,226,c1ccc(COCc2ccccc2)cc1,unlabeled
1425370602,100,ce9ac115ce41ab41f01d,227,c1ccc(COCc2ccccc2)cc1,test
1425370602,100,b2b5155e06ff9134c6a4,228,c1ccc(COCc2ccccc2)cc1,gradient_train
1425370602,100,f1aabb6243aed53011cb,229,c1ccc(COCc2ccccc2)cc1,gradient_train
1425370602,100,ebc9c107c2207e99cf79,230,CCOC(=O)CC(C)=O,gradient_train
1425370602,100,f373e0ffa24cb51dd13a,231,CCOC(=O)CC(C)=O,unlabeled
1425370602,100,bcb35848089ca50a1eef,232,CCOC(=O)CC(C)=O,gradient_train
1425370602,100,ef8527c6b63d54b73966,233,CCOC(=O)CC(C)=O,unlabeled
1425370602,100,86f385aa0925171d22cc,234,CCOC(=O)CC(C)=O,unlabeled
1425370602,100,9c7a6ce4172638d2abc7,235,CCOC(=O)CC(C)=O,unlabeled
1425370602,100,982585c1a4e89f10713f,236,O=CCCc1ccccc1,gradient_train
1425370602,100,36af0c588eb2e094a55e,237,O=CCCc1ccccc1,unlabeled
1425370602,100,afcb9ffea06f12f9e0f5,238,O=CCCc1ccccc1,gradient_train
1425370602,100,e584c52185ccefd22a26,239,O=CCCc1ccccc1,unlabeled
1425370602,100,39e40f336da135e6a7b5,240,O=CCCc1ccccc1,unlabeled
1425370602,100,e3c9408f01aa7642870f,241,O=CCCc1ccccc1,gradient_train
1425370602,100,155ad3f702726e253c4d,242,O=CCCc1ccccc1,unlabeled
1425370602,100,f84aa17604ca7f927b8c,243,C=CC(=O)OCCOc1ccccc1,unlabeled
1425370602,100,6b8023df74ccc51e5c76,244,C=CC(=O)OCCOc1ccccc1,unlabeled
1425370602,100,b056b793f5b571e6cdee,245,C=CC(=O)OCCOc1ccccc1,gradient_train
1425370602,100,934f00061cc32bab10e8,246,C=CC(=O)OCCOc1ccccc1,unlabeled
1425370602,100,b983d4c3094d909b570e,247,C=CC(=O)OCCOc1ccccc1,unlabeled
1425370602,100,b6f53d16978daf702470,248,C=CC(=O)OCCOc1ccccc1,unlabeled
1425370602,100,9563dde5c28fb62e4f7e,249,C=CC(=O)OCCOc1ccccc1,unlabeled
1425370602,100,de2563a5f711307823f1,250,C=CC(=O)OC1CCCCC1,gradient_train
1425370602,100,e2e681b0653ec64f7c14,251,C=CC(=O)OC1CCCCC1,unlabeled
1425370602,100,fbf392edaddff6347b58,252,C=CC(=O)OC1CCCCC1,gradient_train
1425370602,100,3955ae590ac179d279b6,253,C=CC(=O)OC1CCCCC1,unlabeled
1425370602,100,db51f6df02555cb9c264,254,C=CC(=O)OC1CCCCC1,unlabeled
1425370602,100,2195290d04210cdb253f,255,C=CC(=O)OC1CCCCC1,unlabeled
1425370602,100,8063e3de9de70b75def1,256,C=CC(=O)OC1CCCCC1,unlabeled
1425370602,100,88771c5c64ed839a4436,257,C=CC(=O)OCc1ccccc1,unlabeled
1425370602,100,b5365d56777fde5c4dfc,258,C=CC(=O)OCc1ccccc1,unlabeled
1425370602,100,4513e318c9d037303b13,259,C=CC(=O)OCc1ccccc1,unlabeled
1425370602,100,efca00a284b2cadc5737,260,C=CC(=O)OCc1ccccc1,unlabeled
1425370602,100,b473ef06a415d0f114b0,261,C=CC(=O)OCc1ccccc1,unlabeled
1425370602,100,df02863943321996441f,262,C=CC(=O)OCc1ccccc1,unlabeled
1425370602,100,194278dd9ee3d2407ed5,263,C=CC(=O)OCc1ccccc1,gradient_train
1425370602,100,cc31b914acbab022eb9a,264,COC(=O)C(C)(C)Br,unlabeled
1425370602,100,a9eea85ddeee2da33706,265,COC(=O)C(C)(C)Br,unlabeled
1425370602,100,640353c89b3ce64ee98b,266,COC(=O)C(C)(C)Br,gradient_train
1425370602,100,b11bb6293c307f7f7282,267,COC(=O)C(C)(C)Br,unlabeled
1425370602,100,77b0577e6b0adb649e63,268,COC(=O)C(C)(C)Br,test
1425370602,100,543561ac99bc28db6f2f,269,COC(=O)C(C)(C)Br,gradient_train
1425370602,100,056255620b7acc9c630f,270,COC(=O)C(C)(C)Br,gradient_train
1425370602,100,7b1589ae321d27608509,271,COC(=O)CS,test
1425370602,100,0fee19a828ef997229fd,272,COC(=O)CS,gradient_train
1425370602,100,222dede783147d5efa63,273,COC(=O)CS,unlabeled
1425370602,100,d9a40ac35b79fbcf214a,274,COC(=O)CS,unlabeled
1425370602,100,aaf22f8324aad12a55fa,275,COC(=O)CS,unlabeled
1425370602,100,a9bfabe931467745353e,276,COC(=O)CS,unlabeled
1425370602,100,be7d68067464e72d0b8d,277,COC(=O)CS,unlabeled
1425370602,100,b418a712463f5abf8b81,278,CC(=O)CCCCl,unlabeled
1425370602,100,850a69ce73ac04035aa3,279,CC(=O)CCCCl,unlabeled
1425370602,100,7c4153fe9561da818ae1,280,CC(=O)CCCCl,unlabeled
1425370602,100,a67016d937c499be9d64,281,CC(C)=CCBr,unlabeled
1425370602,100,4559d83db38cc3c39d13,282,CC(C)=CCBr,test
1425370602,100,bf8409f12dae2388c6a0,283,CC(C)=CCBr,unlabeled
1425370602,100,832899abb44b8d2246cd,284,CC(C)=CCBr,unlabeled
1425370602,100,5729cc87eb48a75655ad,285,CC(C)=CCBr,unlabeled
1425370602,100,adb6d48eec0fb576d7fc,286,CC(C)=CCBr,unlabeled
1425370602,100,bc789871fe39d967a9e0,287,CC(C)=CCBr,unlabeled
1425370602,100,fff65bc451d163b1b106,288,C=CC(=O)OCCCCCCCCCCCC,unlabeled
1425370602,100,c761659793c5929e2214,289,C=CC(=O)OCCCCCCCCCCCC,test
1425370602,100,4c7d7c5f8b0c317c5548,290,C=CC(=O)OCCCCCCCCCCCC,gradient_train
1425370602,100,a9656ffd805f80fcf143,291,C=CC(=O)OCCCCCCCCCCCC,unlabeled
1425370602,100,da10d2f67a989e8b16b5,292,C=CC(=O)OCCCCCCCCCCCC,unlabeled
1425370602,100,7ca22b2f4d23a7afb10e,293,C=CC(=O)OCCCCCCCCCCCC,unlabeled
1425370602,100,38f57a9d08efd5f070d0,294,C=CC(=O)OCCCCCCCCCCCC,gradient_train
1425370602,100,1619a0c8b233772ba0c0,295,C=CC(=O)O[C@@H]1C[C@H]2CC[C@]1(C)C2(C)C,test
1425370602,100,0b9968c1280b5e4f726a,296,C=CC(=O)O[C@@H]1C[C@H]2CC[C@]1(C)C2(C)C,gradient_train
1425370602,100,0d5196ceda603b66bd22,297,C=CC(=O)O[C@@H]1C[C@H]2CC[C@]1(C)C2(C)C,test
1425370602,100,244e5c6375ff0c923725,298,C=CC(=O)O[C@@H]1C[C@H]2CC[C@]1(C)C2(C)C,unlabeled
1425370602,100,4f34bbce67c94a44318a,299,C=CC(=O)O[C@@H]1C[C@H]2CC[C@]1(C)C2(C)C,unlabeled
1425370602,100,0f8a39d1c0a7eaf35c75,300,C=CC(=O)O[C@@H]1C[C@H]2CC[C@]1(C)C2(C)C,unlabeled
1425370602,100,6de4f7fd8ac19d183348,301,C=CC(=O)O[C@@H]1C[C@H]2CC[C@]1(C)C2(C)C,unlabeled
1425370602,100,8bac25cfab022a9fb887,302,C=CC(=O)OCC(CC)CCCC,gradient_train
1425370602,100,aeef2128392508cc81cc,303,C=CC(=O)OCC(CC)CCCC,unlabeled
1425370602,100,a2eefb55da4d47a4347b,304,C=CC(=O)OCC(CC)CCCC,unlabeled
1425370602,100,3c7f7a7105a5eb39ca89,305,C=CC(=O)OCC(CC)CCCC,unlabeled
1425370602,100,2bf67acb4c861cf83990,306,C=CC(=O)OCC(CC)CCCC,unlabeled
1425370602,100,d67e364fd6830aa2bf6f,307,C=CC(=O)OCC(CC)CCCC,unlabeled
1425370602,100,84caf30ea66b29e2ea91,308,C=CC(=O)OCC(CC)CCCC,gradient_train
1425370602,100,1bd5bb3744b78ada7307,309,FC(F)(F)c1cc(Br)cc(C(F)(F)F)c1,unlabeled
1425370602,100,dd7fdbe3fa3800e6499f,310,FC(F)(F)c1cc(Br)cc(C(F)(F)F)c1,gradient_train
1425370602,100,ab84efb31c801e49c87c,311,FC(F)(F)c1cc(Br)cc(C(F)(F)F)c1,unlabeled
1425370602,100,69f6dbdc304c0475f868,312,FC(F)(F)c1cc(Br)cc(C(F)(F)F)c1,test
1425370602,100,a43656cab81e1b0fcccf,313,FC(F)(F)c1cc(Br)cc(C(F)(F)F)c1,unlabeled
1425370602,100,bcf8bb13e4fca185fe68,314,FC(F)(F)c1cc(Br)cc(C(F)(F)F)c1,unlabeled
1425370602,100,fe71f29c800d4ee35138,315,FC(F)(F)c1cc(Br)cc(C(F)(F)F)c1,unlabeled
1425370602,100,2416be80d114ff60224d,316,O=Cc1ccc(Cl)cc1Br,gradient_train
1425370602,100,9201cead3641f52a1f20,317,O=Cc1ccc(Cl)cc1Br,test
1425370602,100,49276f9b1cc72d41bbfd,318,O=Cc1ccc(Cl)cc1Br,gradient_train
1425370602,100,6cb8bbf843e6064ce249,319,O=Cc1ccc(Cl)cc1Br,unlabeled
1425370602,100,a6b1d92e3de602f8963c,320,O=Cc1ccc(Cl)cc1Br,test
1425370602,100,135ac7deca522d1e7929,321,O=Cc1ccc(Cl)cc1Br,unlabeled
1425370602,100,0f3bd8418ab9ba9d1ed2,322,O=Cc1ccc(Cl)cc1Br,unlabeled
1425370602,100,6cd5860914563da59932,323,O=Cc1ccc2c(c1)CCO2,unlabeled
1425370602,100,5179c3962ada5450dde7,324,O=Cc1ccc2c(c1)CCO2,test
1425370602,100,ad45b4b8aaed2c2b0b33,325,O=Cc1ccc2c(c1)CCO2,unlabeled
1425370602,100,6c8de7fb3dbd4f5adabf,326,O=Cc1ccc2c(c1)CCO2,test
1425370602,100,f72724ff299c47641488,327,COc1cc(F)cc(Br)c1,unlabeled
1425370602,100,2cde006ff48a36a368d2,328,COc1cc(F)cc(Br)c1,gradient_train
1425370602,100,09879f6853acb50e1280,329,COc1cc(F)cc(Br)c1,unlabeled
1425370602,100,cd492dbc52d170e5a396,330,COc1cc(F)cc(Br)c1,unlabeled
1425370602,100,e1244cc412f81ac11bd3,331,COc1cc(F)cc(Br)c1,gradient_train
1425370602,100,69bed1df8dc3cf82927c,332,COc1cc(F)cc(Br)c1,gradient_train
1425370602,100,adc9f476f8b5d66fa85d,333,COc1cc(F)cc(Br)c1,unlabeled
1425370602,100,e7e3cdff8a4b43574b19,334,CC(C)(C)c1cc(C=O)cc(C(C)(C)C)c1,unlabeled
1425370602,100,22fcaa293d9525e1f4e7,335,CC(C)(C)c1cc(C=O)cc(C(C)(C)C)c1,unlabeled
1425370602,100,5965305884ee5fba94d8,336,CC(C)(C)c1cc(C=O)cc(C(C)(C)C)c1,gradient_train
1425370602,100,556baeed852270e9c0fc,337,CC(C)(C)c1cc(C=O)cc(C(C)(C)C)c1,gradient_train
1425370602,100,376fc6387117429bcb19,338,CC(C)(C)c1cc(C=O)cc(C(C)(C)C)c1,gradient_train
1425370602,100,3fbc880a145bcc2155c9,339,CC(C)(C)c1cc(C=O)cc(C(C)(C)C)c1,unlabeled
1425370602,100,2964279ae2fd8a820ae1,340,CC(C)(C)c1cc(C=O)cc(C(C)(C)C)c1,unlabeled
1425370602,100,c084940b1be4fa61738d,341,COc1cc(Br)cc(OC)c1,unlabeled
1425370602,100,deac65153d9204a230ec,342,COc1cc(Br)cc(OC)c1,unlabeled
1425370602,100,b5f0b6271cd244ade9a3,343,COc1cc(Br)cc(OC)c1,unlabeled
1425370602,100,79723584590c0a689474,344,COc1cc(Br)cc(OC)c1,unlabeled
1425370602,100,984bc17b1da105c753eb,345,COc1cc(Br)cc(OC)c1,test
1425370602,100,1b7e334ea83516d08ff5,346,COc1cc(Br)cc(OC)c1,unlabeled
1425370602,100,b8018c4bdaadd42a057a,347,COc1cc(Br)cc(OC)c1,unlabeled
1425370602,100,3b03dfa8ff44ff554734,348,O=Cc1cc(Br)ccc1O,unlabeled
1425370602,100,167f49f748fa35bdb29e,349,O=Cc1cc(Br)ccc1O,unlabeled
1425370602,100,7e19b816ecd8282ce2a1,350,O=Cc1cc(Br)ccc1O,unlabeled
1425370602,100,0dffde5d00d50ee96173,351,O=Cc1cc(Br)ccc1O,unlabeled
1425370602,100,65bfb38b53dd53bc4f4c,352,O=Cc1cc(Br)ccc1O,unlabeled
1425370602,100,e79c5aedcfa41a5f23c9,353,O=Cc1cc(Br)ccc1O,unlabeled
1425370602,100,27b234a05f8c66fd059f,354,O=Cc1cc(Br)ccc1O,unlabeled
1425370602,100,1bf52d57e3b0d9ef0662,355,Cc1ccc(Cl)cc1Br,gradient_train
1425370602,100,867407c66038f21466a8,356,Cc1ccc(Cl)cc1Br,test
1425370602,100,fb19bbc052a528249f36,357,Cc1ccc(Cl)cc1Br,unlabeled
1425370602,100,13bebd0b1ab22fc7e93b,358,Cc1ccc(Cl)cc1Br,unlabeled
1425370602,100,c1b4c0f7481c01c40ec6,359,Cc1ccc(Cl)cc1Br,unlabeled
1425370602,100,bb159f5b8695e842d4ff,360,Cc1ccc(Cl)cc1Br,unlabeled
1425370602,100,ce70dba7026ce0b64f62,361,Cc1ccc(Cl)cc1Br,unlabeled
1425370602,100,a5ea3136b642f8a49607,362,N#Cc1ccccc1Br,unlabeled
1425370602,100,8671b386166171ebd7f7,363,N#Cc1ccccc1Br,gradient_train
1425370602,100,d344b363b8c01e73a6fa,364,N#Cc1ccccc1Br,unlabeled
1425370602,100,70e13ddfe9e6cc9b0f56,365,N#Cc1ccccc1Br,gradient_train
1425370602,100,35046c5ff35d8c8617bb,366,N#Cc1ccccc1Br,unlabeled
1425370602,100,848f6c84b4d5fc44c3c2,367,N#Cc1ccccc1Br,test
1425370602,100,0974fc9cbeb3820c4065,368,Cc1ccc(C=O)c(C)c1,test
1425370602,100,bc486e940c369b85ce28,369,Cc1ccc(C=O)c(C)c1,unlabeled
1425370602,100,9a29b268530b7a3321a0,370,Cc1ccc(C=O)c(C)c1,unlabeled
1425370602,100,51394d9af7adc7eff816,371,Cc1ccc(C=O)c(C)c1,unlabeled
1425370602,100,5cbed870fef2de105046,372,Cc1ccc(C=O)c(C)c1,unlabeled
1425370602,100,dbb854b36df7ed31d95f,373,Cc1ccc(C=O)c(C)c1,test
1425370602,100,0c0f89307cc4aff87ab6,374,Cc1ccc(C=O)c(C)c1,unlabeled
1425370602,100,a5d9706079ccfee3bdf4,375,COCCOC(=O)CC(C)=O,gradient_train
1425370602,100,bacef06b4d4d7374a4e4,376,COCCOC(=O)CC(C)=O,test
1425370602,100,74097878150c8a5a8d79,377,COCCOC(=O)CC(C)=O,unlabeled
1425370602,100,47404d0982a587f0393e,378,COCCOC(=O)CC(C)=O,unlabeled
1425370602,100,fb80794857ddc46e142c,379,CC(=O)c1ccc2c(c1)OCO2,unlabeled
1425370602,100,6f34563b6236c57b9c60,380,CC(=O)c1ccc2c(c1)OCO2,gradient_train
1425370602,100,147b560e4c606680c7b2,381,CC(=O)c1ccc2c(c1)OCO2,test
1425370602,100,7396668aaa8d372aa464,382,CC(=O)c1ccc2c(c1)OCO2,unlabeled
1425370602,100,78b04c44dfa852f4e621,383,CC(=O)c1ccc2c(c1)OCO2,unlabeled
1425370602,100,f191e08b3e95928a5423,384,CC(=O)c1ccc2c(c1)OCO2,unlabeled
1425370602,100,f5634113e0822bda1c03,385,CC(=O)c1ccc2c(c1)OCO2,unlabeled
1425370602,100,45264f1c88b241fb888c,386,CC(=O)c1c(C)cc(C)cc1C,unlabeled
1425370602,100,7b0fa77cbbcbd8e7c87a,387,CC(=O)c1c(C)cc(C)cc1C,unlabeled
1425370602,100,c514f60c28973fc116c5,388,CC(=O)c1c(C)cc(C)cc1C,unlabeled
1425370602,100,b63d546347919cb66716,389,CC(=O)c1c(C)cc(C)cc1C,test
1425370602,100,823c667f35cddfcbc346,390,CC(=O)c1c(C)cc(C)cc1C,test
1425370602,100,d2955aa36bd2b103c981,391,CC(=O)c1c(C)cc(C)cc1C,unlabeled
1425370602,100,4ce730c9ad4e20a0386e,392,CC(=O)c1c(C)cc(C)cc1C,unlabeled
1425370602,100,f3531a1565c8159ac5e2,393,CC(=O)c1ccc(C)cc1C,validation
1425370602,100,c359fd726e50e2123f43,394,CC(=O)c1ccc(C)cc1C,unlabeled
1425370602,100,a9a623a9853c6b493ce4,395,CC(=O)c1ccc(C)cc1C,unlabeled
1425370602,100,784ca4af1517dac8cd11,396,CC(=O)c1ccc(C)cc1C,unlabeled
1425370602,100,4c36e8e7d179b4bfa11a,397,CC(=O)c1ccc(C)cc1C,unlabeled
1425370602,100,77fe8c752e01feedccfa,398,CC(=O)c1ccc(C)cc1C,gradient_train
1425370602,100,0a1949b42050f41b0db4,399,CC(=O)c1ccc(C)cc1C,unlabeled
1425370602,100,118d66c0e53f510c51ed,400,CC(=O)c1ccc2c(c1)Cc1ccccc1-2,gradient_train
1425370602,100,38aa81d53a6b39e9d8ef,401,CC(=O)c1ccc2c(c1)Cc1ccccc1-2,unlabeled
1425370602,100,c780d2f5194817087e07,402,CC(=O)c1ccc2c(c1)Cc1ccccc1-2,validation
1425370602,100,546046afb5114d631360,403,CC(=O)c1ccc2c(c1)Cc1ccccc1-2,unlabeled
1425370602,100,dc9f747c03c55d77bf72,404,BrC(=C(c1ccccc1)c1ccccc1)c1ccccc1,gradient_train
1425370602,100,d29c00125d1c5dc55586,405,BrC(=C(c1ccccc1)c1ccccc1)c1ccccc1,unlabeled
1425370602,100,509e53644c411798f5b0,406,BrC(=C(c1ccccc1)c1ccccc1)c1ccccc1,unlabeled
1425370602,100,5ac5df671efee45d3ddf,407,BrC(=C(c1ccccc1)c1ccccc1)c1ccccc1,unlabeled
1425370602,100,1e8c03a5d84f08329475,408,BrC(=C(c1ccccc1)c1ccccc1)c1ccccc1,unlabeled
1425370602,100,a7f9a08159d001c30f67,409,BrC(=C(c1ccccc1)c1ccccc1)c1ccccc1,gradient_train
1425370602,100,97feb43dae8371e80d3b,410,BrC(=C(c1ccccc1)c1ccccc1)c1ccccc1,unlabeled
1425370602,100,2f612d3ec5e270672ad1,411,C/C(=N\O)c1ccccc1,unlabeled
1425370602,100,b089551184e4d70e386d,412,C/C(=N\O)c1ccccc1,unlabeled
1425370602,100,95f7b6c8f44b25feade0,413,C/C(=N\O)c1ccccc1,test
1425370602,100,b0f39affa1970d2700b7,414,C/C(=N\O)c1ccccc1,unlabeled
1425370602,100,af2973fb82b6d79d8c5e,415,C/C(=N\O)c1ccccc1,unlabeled
1425370602,100,3545611fd9950a160288,416,C/C(=N\O)c1ccccc1,unlabeled
1425370602,100,786c4179676f46638e4a,417,O=C(c1ccccc1)c1ccc(Cl)cc1,unlabeled
1425370602,100,937105af8867732c56ec,418,O=C(c1ccccc1)c1ccc(Cl)cc1,unlabeled
1425370602,100,711f210d4869259d0651,419,O=C(c1ccccc1)c1ccc(Cl)cc1,unlabeled
1425370602,100,26bb8ff67b7738527484,420,O=C(c1ccccc1)c1ccc(Cl)cc1,unlabeled
1425370602,100,6624c43f78e6697c8ac9,421,O=C(c1ccccc1)c1ccc(Cl)cc1,unlabeled
1425370602,100,f9b97e958092bd5cb81a,422,O=C(c1ccccc1)c1ccc(Cl)cc1,unlabeled
1425370602,100,2d53109003f718b780fa,423,Cc1ccc(C(=O)c2ccccc2)cc1C,unlabeled
1425370602,100,b9b624baffe611c30836,424,Cc1ccc(C(=O)c2ccccc2)cc1C,unlabeled
1425370602,100,f8a590eaa91d155f61da,425,Cc1ccc(C(=O)c2ccccc2)cc1C,unlabeled
1425370602,100,2fcaa537474ba2ae579f,426,Cc1ccc(C(=O)c2ccccc2)cc1C,unlabeled
1425370602,100,d914e4c833f2df567cac,427,Cc1ccc(C(=O)c2ccccc2)cc1C,gradient_train
1425370602,100,5048acae682925888d12,428,Cc1ccc(C(=O)c2ccccc2)cc1C,unlabeled
1425370602,100,41927f703a0632f098fb,429,CC(=O)CC(=O)c1ccccc1,unlabeled
1425370602,100,760d0bf0ec31747d3969,430,CC(=O)CC(=O)c1ccccc1,unlabeled
1425370602,100,d71aab82a8179d05294a,431,CC(=O)CC(=O)c1ccccc1,unlabeled
1425370602,100,25ffb25df5bec65a633b,432,CC(=O)CC(=O)c1ccccc1,unlabeled
1425370602,100,92d69b1849c34b7f1a80,433,CCOC(=O)C(Cc1ccccc1)C(C)=O,unlabeled
1425370602,100,a289439d96e27bec7cbc,434,CCOC(=O)C(Cc1ccccc1)C(C)=O,unlabeled
1425370602,100,4707a180fe4230c208ff,435,CCOC(=O)C(Cc1ccccc1)C(C)=O,gradient_train
1425370602,100,41921840a5681261ba98,436,CCOC(=O)C(Cc1ccccc1)C(C)=O,unlabeled
1425370602,100,b5080cde4f493a415fc5,437,CCOC(=O)C(Cc1ccccc1)C(C)=O,unlabeled
1425370602,100,1bbec08f4838f06da0fb,438,CCOC(=O)C(Cc1ccccc1)C(C)=O,validation
1425370602,100,bd0519702a5756bc3c94,439,CCOC(=O)C(Cc1ccccc1)C(C)=O,unlabeled
1425370602,100,b7fa3dd8e6040788ae14,440,CCOC(=O)c1cccnc1,test
1425370602,100,2deca509a22158d15375,441,CCOC(=O)c1cccnc1,unlabeled
1425370602,100,b48dea92ecfc07816494,442,CCOC(=O)c1cccnc1,test
1425370602,100,82fa7e7b3bd183853280,443,CCOC(=O)c1cccnc1,unlabeled
1425370602,100,7ba2cf5e6ca289d9810f,444,CCOC(=O)c1cccnc1,gradient_train
1425370602,100,7dec4c1259ce3660b729,445,COc1ccc(OC)c(Br)c1,unlabeled
1425370602,100,768064b2e2a953d147d0,446,COc1ccc(OC)c(Br)c1,unlabeled
1425370602,100,212154e56fe15a3333a2,447,COc1ccc(OC)c(Br)c1,test
1425370602,100,c56a92db4ce7de66bee1,448,COc1ccc(OC)c(Br)c1,unlabeled
1425370602,100,48b99ebef2fd7718f678,449,COc1ccc(OC)c(Br)c1,unlabeled
1425370602,100,6da48b9dd6e1ed7e26fd,450,COc1ccc(OC)c(Br)c1,unlabeled
1425370602,100,a2eeeea4e6525c9d22d4,451,COc1ccc(OC)c(Br)c1,unlabeled
1425370602,100,1e0e33b1a77df72f4dd8,452,OCc1cccc(Br)c1,gradient_train
1425370602,100,371711577127c07527e3,453,OCc1cccc(Br)c1,unlabeled
1425370602,100,78d4810a82f060b5cf49,454,OCc1cccc(Br)c1,test
1425370602,100,1c04f02c0ea8c00b358d,455,OCc1cccc(Br)c1,unlabeled
1425370602,100,4bc0dc84991def63aa1b,456,O=C1CCCc2ccccc21,test
1425370602,100,2433f7a3f7959e1d1b74,457,O=C1CCCc2ccccc21,unlabeled
1425370602,100,944f0a85ec8978a60444,458,O=C1CCCc2ccccc21,test
1425370602,100,8afc083342d1c2e7f78a,459,O=C1CCCc2ccccc21,gradient_train
1425370602,100,c35ed383b2db14b3bc06,460,O=C1CCCc2ccccc21,test
1425370602,100,d7c72c92165e2c129547,461,O=C1CCCc2ccccc21,unlabeled
1425370602,100,e375bb01e53e46f8faee,462,O=C1CCCc2ccccc21,unlabeled
1425370602,100,fdc873b5607287090ff3,463,CSc1ccc(C=O)cc1,gradient_train
1425370602,100,80b4e33a8434ac29ed52,464,CSc1ccc(C=O)cc1,unlabeled
1425370602,100,ee60c3ffc43a4c2c965e,465,CSc1ccc(C=O)cc1,test
1425370602,100,95f10fffb85ea1b1f47a,466,CSc1ccc(C=O)cc1,unlabeled
1425370602,100,793d8259fd7820530cfe,467,Cc1ccccc1C=O,unlabeled
1425370602,100,13fb1511fffef8fc96e0,468,Cc1ccccc1C=O,test
1425370602,100,532a47d1b45e54d6326b,469,Cc1ccccc1C=O,unlabeled
1425370602,100,dcd70c2b5039c4268d56,470,Cc1ccccc1C=O,unlabeled
1425370602,100,22d860e7f246ca4272a4,471,Cc1ccccc1C=O,unlabeled
1425370602,100,f21df276243d861dc2b2,472,Cc1ccccc1C=O,unlabeled
1425370602,100,08820514e662ce6ea8f0,473,Cc1ccccc1C=O,unlabeled
1425370602,100,d60e09bca01342c7cfa6,474,O=Cc1ccc(Br)cc1O,unlabeled
1425370602,100,9dda290379fb047fc74d,475,O=Cc1ccc(Br)cc1O,unlabeled
1425370602,100,4a58b799c494875f6f27,476,O=Cc1ccc(Br)cc1O,gradient_train
1425370602,100,98a1ca00445d60f415d4,477,O=Cc1ccc(Br)cc1O,unlabeled
1425370602,100,ddecd252bb1099fb20f7,478,O=Cc1ccc(Br)cc1O,unlabeled
1425370602,100,226ebdbf914ce9333de8,479,O=Cc1ccc(Br)cc1O,unlabeled
1425370602,100,99dd4a9a47de5c84b7c0,480,O=Cc1ccc(Br)cc1O,gradient_train
1425370602,100,ecc7e2759499addc038f,481,CC(=O)c1ccc(Br)cc1,gradient_train
1425370602,100,66c1ee6eed3d1587de50,482,CC(=O)c1ccc(Br)cc1,gradient_train
1425370602,100,a26a131344d4dbd9645b,483,CC(=O)c1ccc(Br)cc1,unlabeled
1425370602,100,f0edd899ac987a1de9dd,484,CC(=O)c1ccc(Br)cc1,unlabeled
1425370602,100,0e13b08b0f9c772699e1,485,CC(=O)c1ccc(Br)cc1,unlabeled
1425370602,100,1254297404cc9db52ee2,486,CC(=O)c1ccc(Br)cc1,unlabeled
1425370602,100,bc8e1d805b36b63cbfbe,487,CC(=O)c1ccc(Br)cc1,unlabeled
1425370602,100,cd998cddd3dcb4fc8c92,488,O=C(Cc1ccccc1)c1ccccc1,unlabeled
1425370602,100,12e11e8eaee71fc57209,489,O=C(Cc1ccccc1)c1ccccc1,unlabeled
1425370602,100,054457c7699aabd6c619,490,O=C(Cc1ccccc1)c1ccccc1,unlabeled
1425370602,100,893e4c91da1b0b2f7d3e,491,O=C(Cc1ccccc1)c1ccccc1,unlabeled
1425370602,100,18e8a9c1ea6aa15c0d01,492,O=C(Cc1ccccc1)c1ccccc1,unlabeled
1425370602,100,bc582f1f4f4225f6d249,493,O=C(Cc1ccccc1)c1ccccc1,unlabeled
1425370602,100,d92ef85db0d1c0979197,494,O=C(Cc1ccccc1)c1ccccc1,unlabeled
1425370602,100,ddc0b27538aa926cbb6e,495,O=Cc1ccc(-c2ccccc2)cc1,test
1425370602,100,6dcfe9b1e0958f22523b,496,O=Cc1ccc(-c2ccccc2)cc1,unlabeled
1425370602,100,3cdf1bcd3739e20f72d2,497,O=Cc1ccc(-c2ccccc2)cc1,gradient_train
1425370602,100,a8e4c6001ce3245c634b,498,O=Cc1ccc(-c2ccccc2)cc1,unlabeled
1425370602,100,24b540d7814b4d9c5183,499,O=Cc1ccc(-c2ccccc2)cc1,unlabeled
1425370602,100,b0cadf050313e9a3a162,500,O=Cc1ccc(-c2ccccc2)cc1,unlabeled
1425370602,100,8837a8a19c37b63d2e48,501,O=Cc1ccc(-c2ccccc2)cc1,gradient_train
1425370602,100,23a832560d234735d954,502,O=Cc1ccc2ccccc2c1Br,test
1425370602,100,90777be8090491479de1,503,O=Cc1ccc2ccccc2c1Br,unlabeled
1425370602,100,926a7862066269f98d62,504,O=Cc1ccc2ccccc2c1Br,unlabeled
1425370602,100,2c51476c6fa3121c5dfc,505,O=Cc1ccc2ccccc2c1Br,gradient_train
1425370602,100,5a9449a7562d442b8669,506,O=Cc1ccc2ccccc2c1Br,gradient_train
1425370602,100,2cbca950d64fdcd81660,507,O=Cc1ccc2ccccc2c1Br,gradient_train
1425370602,100,fb1fdaa4bc60434648f7,508,O=Cc1ccc2ccccc2c1Br,unlabeled
1425370602,100,9e46dbe8a460d3f96a27,509,O=C(/C=C/c1ccccc1)c1ccccc1,gradient_train
1425370602,100,31e75b850983502aa64f,510,O=C(/C=C/c1ccccc1)c1ccccc1,gradient_train
1425370602,100,b566ed83f272904657ba,511,O=C(/C=C/c1ccccc1)c1ccccc1,unlabeled
1425370602,100,c2be1e8f7c2c080f49f5,512,O=C(/C=C/c1ccccc1)c1ccccc1,gradient_train
1425370602,100,fde2d968ab29d13d4f1d,513,O=C(/C=C/c1ccccc1)c1ccccc1,unlabeled
1425370602,100,240da69c823911ff5ccc,514,O=C(/C=C/c1ccccc1)c1ccccc1,test
1425370602,100,b2b26956a788c2a8c7e9,515,O=C(/C=C/c1ccccc1)c1ccccc1,unlabeled
1425370602,100,f3b80f5fe97d26fd8383,516,O=C(/C=C/c1ccccc1)/C=C/c1ccccc1,unlabeled
1425370602,100,d60f7e6b21ea96567843,517,O=C(/C=C/c1ccccc1)/C=C/c1ccccc1,gradient_train
1425370602,100,bb61793cbbbe2bfa4e12,518,O=C(/C=C/c1ccccc1)/C=C/c1ccccc1,unlabeled
1425370602,100,d078d930aa37448ec4aa,519,O=C(/C=C/c1ccccc1)/C=C/c1ccccc1,unlabeled
1425370602,100,8cd132f293d2823adc8d,520,O=C(/C=C/c1ccccc1)/C=C/c1ccccc1,unlabeled
1425370602,100,88f58ab7b7cf02f8f134,521,O=C(/C=C/c1ccccc1)/C=C/c1ccccc1,unlabeled
1425370602,100,17bdb259a18419ca296f,522,O=C(/C=C/c1ccccc1)/C=C/c1ccccc1,unlabeled
1425370602,100,77c599d272254892b6ec,523,CC1CCC(=O)c2ccccc21,gradient_train
1425370602,100,b393af61f6769ceccbc0,524,CC1CCC(=O)c2ccccc21,unlabeled
1425370602,100,49668be051b44a819f00,525,CC1CCC(=O)c2ccccc21,unlabeled
1425370602,100,ffa86b2ffa5ac89b0720,526,CC1CCC(=O)c2ccccc21,unlabeled
1425370602,100,43aa4f12be94a8a96b35,527,CC1CCC(=O)c2ccccc21,unlabeled
1425370602,100,c09fbafa246c8d17b677,528,CC1CCC(=O)c2ccccc21,gradient_train
1425370602,100,f38afd5febe30c01c852,529,CC1CCC(=O)c2ccccc21,unlabeled
1425370602,100,490ab56dde175e9b97f5,530,O=C(Cc1ccccc1F)C1CC1,unlabeled
1425370602,100,3156893d5d2368c286a5,531,O=C(Cc1ccccc1F)C1CC1,unlabeled
1425370602,100,5ca73775e77c8e07812b,532,O=C(Cc1ccccc1F)C1CC1,unlabeled
1425370602,100,e90e636dced92c2b53d7,533,O=C(Cc1ccccc1F)C1CC1,unlabeled
1425370602,100,21e4905ef98fba65035a,534,O=C(Cc1ccccc1F)C1CC1,unlabeled
1425370602,100,2eda4e5a40a9021016cb,535,O=C(Cc1ccccc1F)C1CC1,unlabeled
1425370602,100,9c357cc9e9b8199eb1e0,536,O=C(Cc1ccccc1F)C1CC1,unlabeled
1425370602,100,51091e7a7f83732eaf1b,537,CCC(=O)c1cccc(Br)c1,unlabeled
1425370602,100,71577790a52cb379d81f,538,CCC(=O)c1cccc(Br)c1,validation
1425370602,100,e3b2ac778da2b86aa873,539,CCC(=O)c1cccc(Br)c1,gradient_train
1425370602,100,1046fdfaf24728b107ba,540,CCC(=O)c1cccc(Br)c1,unlabeled
1425370602,100,2e10d8b186d86053260f,541,CCC(=O)c1cccc(Br)c1,unlabeled
1425370602,100,5111664a952a4ab7d54e,542,CCC(=O)c1cccc(Br)c1,unlabeled
1425370602,100,ffcab07e0d31056e0d4a,543,CCC(=O)c1cccc(Br)c1,unlabeled
1425370602,100,b6bb9be5584029502820,544,COCCCCC(=O)c1ccc(C(F)(F)F)cc1,unlabeled
1425370602,100,60a000cb56517513c4d2,545,COCCCCC(=O)c1ccc(C(F)(F)F)cc1,unlabeled
1425370602,100,677c30b5727454c7a81e,546,COCCCCC(=O)c1ccc(C(F)(F)F)cc1,unlabeled
1425370602,100,94bc1858c275dcb3d476,547,COCCCCC(=O)c1ccc(C(F)(F)F)cc1,unlabeled
1425370602,100,06c29062334b43b0d12f,548,COCCCCC(=O)c1ccc(C(F)(F)F)cc1,gradient_train
1425370602,100,80e66bd0e8e9450537bb,549,COCCCCC(=O)c1ccc(C(F)(F)F)cc1,unlabeled
1425370602,100,b82c7c8060589ec1974b,550,CCCC(=O)c1ccc(-c2ccccc2)cc1,gradient_train
1425370602,100,57e291b74a249c9dd3ff,551,CCCC(=O)c1ccc(-c2ccccc2)cc1,gradient_train
1425370602,100,7d6bcd84e5a6861fc8fc,552,CCCC(=O)c1ccc(-c2ccccc2)cc1,test
1425370602,100,2d37adf0d65a19bc2c0c,553,CCCC(=O)c1ccc(-c2ccccc2)cc1,validation
1425370602,100,3c892a45de6ec4625f37,554,CCCC(=O)c1ccc(-c2ccccc2)cc1,gradient_train
1425370602,100,e2c826d98b2bbeb6f48b,555,CCCC(=O)c1ccc(-c2ccccc2)cc1,unlabeled
1425370602,100,ce61c0bd799e65402b75,556,CCCC(=O)c1ccc(-c2ccccc2)cc1,test
1425370602,100,0f05b5ba6eb528d54b4b,557,O=C(c1ccccc1)c1cccc(C(=O)c2ccccc2)c1,gradient_train
1425370602,100,c4412adf038c7f6ea3c2,558,O=C(c1ccccc1)c1cccc(C(=O)c2ccccc2)c1,gradient_train
1425370602,100,182fc7fe888dbb9535bb,559,O=C(c1ccccc1)c1cccc(C(=O)c2ccccc2)c1,unlabeled
1425370602,100,8abf9c0719e2d67a22f9,560,O=C(c1ccccc1)c1cccc(C(=O)c2ccccc2)c1,unlabeled
1425370602,100,b8a4c06710d95c33cfe1,561,O=C(c1ccccc1)c1cccc(C(=O)c2ccccc2)c1,unlabeled
1425370602,100,7e451fd74af5bfa51ac9,562,O=C(c1ccccc1)c1cccc(C(=O)c2ccccc2)c1,unlabeled
1425370602,100,07e9bc7a9d27fdd58c2f,563,O=C(c1ccccc1)c1cccc(C(=O)c2ccccc2)c1,unlabeled
1425370602,100,2f828b7aa8c3e93352da,564,CCC(=O)c1cccnc1,unlabeled
1425370602,100,4365d2fb106c18823aac,565,CCC(=O)c1cccnc1,unlabeled
1425370602,100,4c6a8ef1c87748df99f2,566,CCC(=O)c1cccnc1,unlabeled
1425370602,100,aca0ef1613a0a07a0431,567,O=C(CCCCl)c1ccc(F)cc1,unlabeled
1425370602,100,f98f5943ca73a5b809a1,568,O=C(CCCCl)c1ccc(F)cc1,unlabeled
1425370602,100,405638494c5a95206866,569,O=C(CCCCl)c1ccc(F)cc1,unlabeled
1425370602,100,76e188b0e48b99f36582,570,O=C(CCCCl)c1ccc(F)cc1,unlabeled
1425370602,100,26aa0143305ac532a560,571,O=C(CCCCl)c1ccc(F)cc1,unlabeled
1425370602,100,283be89c092cfa4a5cbb,572,O=C(CCCCl)c1ccc(F)cc1,unlabeled
1425370602,100,0ffc20c3f979502b8a09,573,O=C(CCCCl)c1ccc(F)cc1,unlabeled
536279090,30,bbabdb9085edbb8c178b,0,CC(C)(CCl)c1ccccc1,test
536279090,30,96dc3dc2ebd074200228,1,CC(C)(CCl)c1ccccc1,unlabeled
536279090,30,6322e8f867a741eed74c,2,CC(C)(CCl)c1ccccc1,unlabeled
536279090,30,c2b0aff65443af0a8618,3,CC(C)(CCl)c1ccccc1,unlabeled
536279090,30,f4b69d88ad1d916ee71a,4,CC(C)(CCl)c1ccccc1,unlabeled
536279090,30,0f3559d035355b0eec80,5,CC(C)(CCl)c1ccccc1,unlabeled
536279090,30,d29a94054067cd60dd70,6,CC(C)(CCl)c1ccccc1,unlabeled
536279090,30,31d92ca6486b229184cf,7,OCCCc1ccccc1,unlabeled
536279090,30,8a84cca322477165b719,8,OCCCc1ccccc1,unlabeled
536279090,30,9cf769277f6b42d15f11,9,OCCCc1ccccc1,unlabeled
536279090,30,7a0a82051f50d5b0c89c,10,OCCCc1ccccc1,test
536279090,30,c79f29f048bbfd157f98,11,BrCCCc1ccccc1,unlabeled
536279090,30,df0074b49eeb620c0768,12,BrCCCc1ccccc1,unlabeled
536279090,30,f0097bc6b7827ef65922,13,BrCCCc1ccccc1,test
536279090,30,44348f5c4aea3b41ee9d,14,BrCCCc1ccccc1,unlabeled
536279090,30,482cb91fac7f2a936dca,15,BrCCCc1ccccc1,unlabeled
536279090,30,a5c6210123f05414ffc0,16,BrCCCc1ccccc1,unlabeled
536279090,30,a82e55e1cd19814ea307,17,BrCCCc1ccccc1,gradient_train
536279090,30,6ee3c70647b37dcd5417,18,ClCCCc1ccccc1,unlabeled
536279090,30,2c7e37ef828eb17c78fb,19,ClCCCc1ccccc1,gradient_train
536279090,30,7ab9c351196ad891e172,20,ClCCCc1ccccc1,unlabeled
536279090,30,7062ca665af0f9bba6c9,21,ClCCCc1ccccc1,unlabeled
536279090,30,6644e934f59d8b816b9f,22,ClCCCc1ccccc1,unlabeled
536279090,30,8cc7c76a92a4474d7c6a,23,ClCCCc1ccccc1,gradient_train
536279090,30,c883df6ea04f89f45f03,24,ClCCCc1ccccc1,test
536279090,30,46ed1e35ca65ace74790,25,COc1ccc(CO)cc1,unlabeled
536279090,30,ec581cec37da9563e756,26,COc1ccc(CO)cc1,unlabeled
536279090,30,c2bd8e8f13a96726e7fc,27,COc1ccc(CO)cc1,unlabeled
536279090,30,f1afcbd393ce4f5a6316,28,COc1ccc(CO)cc1,unlabeled
536279090,30,2909efb29670d8f2286d,29,CCOC(=O)C(C)(C)Br,unlabeled
536279090,30,56b391fdec7a2a622e52,30,CCOC(=O)C(C)(C)Br,unlabeled
536279090,30,8a9485661ac2c4576006,31,CCOC(=O)C(C)(C)Br,unlabeled
536279090,30,7f6d1cdee16de4a37a21,32,CCOC(=O)C(C)(C)Br,unlabeled
536279090,30,fd7bf535ef538434b384,33,CCOC(=O)C(C)(C)Br,unlabeled
536279090,30,651bb6b60c62819a4323,34,CCOC(=O)C(C)(C)Br,unlabeled
536279090,30,2a61203b59218a3cbdc6,35,CCOC(=O)C(C)(C)Br,unlabeled
536279090,30,6d6c0510303dec89b2fe,36,COc1ccc(C=O)cc1,test
536279090,30,f81dc37125414986a0bb,37,COc1ccc(C=O)cc1,unlabeled
536279090,30,400615278105cebb3ed9,38,COc1ccc(C=O)cc1,unlabeled
536279090,30,5d04f6757b59f5c356bb,39,COc1ccc(C=O)cc1,unlabeled
536279090,30,a074620f6970d8f89567,40,COc1ccc(C=O)cc1,unlabeled
536279090,30,454c1ea3beebbec4befe,41,COc1ccc(C=O)cc1,test
536279090,30,f95928e2618ed15e654f,42,COc1ccc(C=O)cc1,gradient_train
536279090,30,3a02b99399bb0c3e9ff9,43,COC(=O)C#CC(=O)OC,unlabeled
536279090,30,b80a4f9e4b61f534ee9e,44,COC(=O)C#CC(=O)OC,unlabeled
536279090,30,2690de155843f45b00a3,45,COC(=O)C#CC(=O)OC,unlabeled
536279090,30,549eb8499df5181b3558,46,COC(=O)C#CC(=O)OC,gradient_train
536279090,30,02c141e2551937d10f4e,47,COC(=O)C#CC(=O)OC,unlabeled
536279090,30,9069807baff6cbfbde75,48,COC(=O)C#CC(=O)OC,unlabeled
536279090,30,1fe1163f7d97c16f3822,49,CC(=O)c1ccccc1,unlabeled
536279090,30,1e86d81fe1995d367fe1,50,CC(=O)c1ccccc1,unlabeled
536279090,30,614e6d0929b0845d454b,51,CC(=O)c1ccccc1,unlabeled
536279090,30,358681452207464d171e,52,CC(=O)c1ccccc1,unlabeled
536279090,30,c00e01085f35d19cd90f,53,CC(=O)c1ccccc1,unlabeled
536279090,30,a542d702abb1fa77a6fc,54,CC(=O)c1ccccc1,unlabeled
536279090,30,77577e6f6f0aa6789972,55,CCOC(=O)C(C)Br,unlabeled
536279090,30,298017c801a97653f57d,56,CCOC(=O)C(C)Br,unlabeled
536279090,30,849796401ee485c617a5,57,CCOC(=O)C(C)Br,test
536279090,30,67cc8304e3e618d7416a,58,CCOC(=O)C(C)Br,unlabeled
536279090,30,c7bc53c45a1962a88ec3,59,CCOC(=O)C(C)Br,unlabeled
536279090,30,76b9db19f45b8222d962,60,CCOC(=O)C(C)Br,unlabeled
536279090,30,0279fb0f7dba4b54a816,61,CCOC(=O)CC(=O)c1ccccc1,unlabeled
536279090,30,ca203ccf20ce8e74d86d,62,CCOC(=O)CC(=O)c1ccccc1,unlabeled
536279090,30,029d48fc98a886c9fec4,63,CCOC(=O)CC(=O)c1ccccc1,unlabeled
536279090,30,1e578360bd7749f6b397,64,CCOC(=O)CC(=O)c1ccccc1,unlabeled
536279090,30,05c14d26f4aa6f7c48b0,65,CCOC(=O)CC(=O)c1ccccc1,unlabeled
536279090,30,53d046afde1259a727f9,66,CCOC(=O)CC(=O)c1ccccc1,unlabeled
536279090,30,35ba50ab027f5f170aba,67,CCOC(=O)CC(=O)c1ccccc1,unlabeled
536279090,30,130d76d2d46a287c5dea,68,CC(=O)c1ccccc1C,unlabeled
536279090,30,3ef4b1ab56fe40940b42,69,CC(=O)c1ccccc1C,unlabeled
536279090,30,a340148c4096f80cc125,70,CC(=O)c1ccccc1C,unlabeled
536279090,30,57af4b867d9cd419ebb9,71,CC(=O)c1ccccc1C,test
536279090,30,ff8745125a0eeb17c1e5,72,CC(=O)c1ccccc1C,unlabeled
536279090,30,41a468134f078d2de17d,73,CC(=O)c1ccccc1C,gradient_train
536279090,30,b4899d5d03e44fbf885c,74,CC(=O)c1ccccc1C,unlabeled
536279090,30,bd93eaa60288fd0d5e89,75,CC(=O)c1ccc(C)cc1,unlabeled
536279090,30,2797757b00a9f254ef2e,76,CC(=O)c1ccc(C)cc1,unlabeled
536279090,30,fad37552a4a2eae19961,77,CC(=O)c1ccc(C)cc1,gradient_train
536279090,30,6936556d392803de12ed,78,CC(=O)c1ccc(C)cc1,unlabeled
536279090,30,fd3f8b6ec11d13a8412d,79,CC(=O)c1ccc(C)cc1,unlabeled
536279090,30,b71b23379d73c3637a76,80,CC(=O)c1ccc(C)cc1,gradient_train
536279090,30,2a9d111386ac232bbf79,81,CC(=O)c1ccc(C)cc1,unlabeled
536279090,30,ca00dd1990fd356443cb,82,COC(=O)c1ccccc1O,test
536279090,30,924106530353757625ba,83,COC(=O)c1ccccc1O,unlabeled
536279090,30,f0d3ae15346c6cb6928d,84,COC(=O)c1ccccc1O,unlabeled
536279090,30,0b6fe9b9da26ddc80e99,85,COC(=O)c1ccccc1O,unlabeled
536279090,30,a9a4b1ef530ce6f46a1c,86,COC(=O)c1ccccc1O,unlabeled
536279090,30,f0245d145e2758fc9ff8,87,COC(=O)c1ccccc1O,unlabeled
536279090,30,f33380e15f0fd8b62027,88,COC(=O)c1ccccc1O,test
536279090,30,1773be1aaa4102ae19f0,89,CC(=O)CC(=O)OC(C)(C)C,unlabeled
536279090,30,1895e2147dd146c4e564,90,CC(=O)CC(=O)OC(C)(C)C,test
536279090,30,e7c8cd496e2795b23cb3,91,CC(=O)CC(=O)OC(C)(C)C,unlabeled
536279090,30,60f64adee75a0999c5d5,92,CC(=O)CC(=O)OC(C)(C)C,unlabeled
536279090,30,851993fe56d61c8bf074,93,CC(=O)CC(=O)OC(C)(C)C,test
536279090,30,4e6d2ab0e823ac1d4b58,94,CC(=O)CC(=O)OC(C)(C)C,unlabeled
536279090,30,452aebfcddc0b031c20d,95,CCOC(=O)Cc1ccccc1,unlabeled
536279090,30,a67ee30ac22b3511e0af,96,CCOC(=O)Cc1ccccc1,unlabeled
536279090,30,4c52102f0b5a693d59bc,97,CCOC(=O)Cc1ccccc1,unlabeled
536279090,30,f21e8077ac7b6ec1d038,98,CCOC(=O)Cc1ccccc1,unlabeled
536279090,30,982611df66af1cf7c2f5,99,CCOC(=O)Cc1ccccc1,unlabeled
536279090,30,d9e344f199dc9a567b5f,100,CCOC(=O)Cc1ccccc1,unlabeled
536279090,30,74706f7e5d10b9245796,101,CCOC(=O)Cc1ccccc1,unlabeled
536279090,30,f5d7ae6c2608335325ff,102,COC(=O)c1ccccc1N,unlabeled
536279090,30,f66e095007d9d0923ce2,103,COC(=O)c1ccccc1N,unlabeled
536279090,30,c9a57e8accca7da9758b,104,COC(=O)c1ccccc1N,unlabeled
536279090,30,f7b1b9737459397f9ace,105,COC(=O)c1ccccc1N,unlabeled
536279090,30,68feec66f657364ebeaa,106,COC(=O)c1ccccc1N,unlabeled
536279090,30,96ccc1b8240fc2e9c1f3,107,COC(=O)c1ccccc1N,unlabeled
536279090,30,16eec4a03ec235274042,108,CCOC(=O)/C=C/c1ccccc1,unlabeled
536279090,30,92e4f80b3943134ebe86,109,CCOC(=O)/C=C/c1ccccc1,unlabeled
536279090,30,e15e8a4f329d3a08aff9,110,CCOC(=O)/C=C/c1ccccc1,unlabeled
536279090,30,6cec450baf7517436df6,111,CCOC(=O)/C=C/c1ccccc1,unlabeled
536279090,30,48b79e49508df9f5fd6d,112,CCOC(=O)/C=C/c1ccccc1,gradient_train
536279090,30,404dc3e2801a9a9d52aa,113,CCOC(=O)/C=C/c1ccccc1,unlabeled
536279090,30,c72867f0f2e38c70aa8c,114,CCOC(=O)/C=C/c1ccccc1,gradient_train
536279090,30,d9d3d24a75ff511e108a,115,COC(=O)c1ccc(C(C)(C)C)cc1,unlabeled
536279090,30,f40ca479a9e86b5d5458,116,COC(=O)c1ccc(C(C)(C)C)cc1,unlabeled
536279090,30,b7770c04c72527e1d9f6,117,COC(=O)c1ccc(C(C)(C)C)cc1,unlabeled
536279090,30,a433dc0f6a13e9ace41d,118,COC(=O)c1ccc(C(C)(C)C)cc1,unlabeled
536279090,30,e399250d7156727de0fd,119,COC(=O)c1ccc(C(C)(C)C)cc1,unlabeled
536279090,30,3122a2210bde68deb81e,120,COC(=O)c1ccc(C(C)(C)C)cc1,unlabeled
536279090,30,c9460286f85a5ec0f4fc,121,COC(=O)c1ccc(C(C)(C)C)cc1,validation
536279090,30,13b0b7952199157a8399,122,CCOC(=O)/C=C(/C)N,unlabeled
536279090,30,759d5133ee82740013bf,123,CCOC(=O)/C=C(/C)N,unlabeled
536279090,30,c9bf385316b464cd2e8d,124,CCOC(=O)/C=C(/C)N,unlabeled
536279090,30,f248b9b89d62a22b03c3,125,CCOC(=O)/C=C(/C)N,unlabeled
536279090,30,10d51839b15b94f0ae56,126,CCOC(=O)/C=C(/C)N,unlabeled
536279090,30,e66b24ec1e4dfa9a9a57,127,CCOC(=O)/C=C(/C)N,unlabeled
536279090,30,506597d02ff322a77a8d,128,CCOC(=O)/C=C(/C)N,unlabeled
536279090,30,d2951bd3bb1608688f0d,129,CCOC(=O)/C=C(/C)N,unlabeled
536279090,30,7d3c6ef279245ca08a2f,130,CCOC(=O)/C=C(/C)N,unlabeled
536279090,30,e6886d2fb3090517172b,131,CCOC(=O)/C=C(/C)N,unlabeled
536279090,30,d31d42caff135d7154c4,132,CCOC(=O)/C=C(/C)N,unlabeled
536279090,30,3d7aa38258001eb6ba67,133,CC(C)COC(=O)c1ccccc1,unlabeled
536279090,30,b3409bbbf3b06d73afca,134,CC(C)COC(=O)c1ccccc1,unlabeled
536279090,30,5ce75d3f6df6d318cb8a,135,CC(C)COC(=O)c1ccccc1,unlabeled
536279090,30,28f4ab2563d03e831cf0,136,CC(C)COC(=O)c1ccccc1,unlabeled
536279090,30,b95bbdf393e00f41a6df,137,CC(C)COC(=O)c1ccccc1,unlabeled
536279090,30,1e73138aa057a5e2b67f,138,CC(C)COC(=O)c1ccccc1,test
536279090,30,1319bf7018ee9b9a5b9f,139,CCOC(=O)c1ccccc1,unlabeled
536279090,30,99398d649f02f80651f1,140,CCOC(=O)c1ccccc1,unlabeled
536279090,30,240787bdbf2abc17e093,141,CCOC(=O)c1ccccc1,unlabeled
536279090,30,4afc7ef2732850bea176,142,CCOC(=O)c1ccccc1,test
536279090,30,181f6c7852b17df8f194,143,CCOC(=O)c1ccccc1,unlabeled
536279090,30,474238f822b0c38795c6,144,CCOC(=O)c1ccccc1,unlabeled
536279090,30,5eb80e21463443b22d14,145,CCOC(=O)c1ccccc1,unlabeled
536279090,30,f6e991e3dc3a3d3c5d89,146,COc1ccc(CCO)cc1,unlabeled
536279090,30,9991421da8e18008fc91,147,COc1ccc(CCO)cc1,unlabeled
536279090,30,9e93bad2014e7ab1a680,148,COc1ccc(CCO)cc1,test
536279090,30,3d5dc8831f4c74f7b7d1,149,COc1ccc(CCO)cc1,unlabeled
536279090,30,d5a7e1d47a58e1323805,150,Cc1ccc(C(C)C)cc1,unlabeled
536279090,30,5c32bb6f3bbf72dcb37e,151,Cc1ccc(C(C)C)cc1,unlabeled
536279090,30,e545485bf1a51a3ea557,152,Cc1ccc(C(C)C)cc1,gradient_train
536279090,30,8ea9d90b217f4096f42f,153,Cc1ccc(C(C)C)cc1,unlabeled
536279090,30,9ed80c28328fabe87261,154,Cc1ccc(C(C)C)cc1,unlabeled
536279090,30,f1ea027f4cb80b10d15b,155,Cc1ccc(C(C)C)cc1,gradient_train
536279090,30,dcfc9eaebf799d451fdb,156,Cc1ccc(C(C)C)cc1,unlabeled
536279090,30,6c1f19a34a40cbf98728,157,CC(C)(O)CCc1ccccc1,test
536279090,30,cf45ee02778c0243ad50,158,CC(C)(O)CCc1ccccc1,unlabeled
536279090,30,88581d99a415bf271788,159,CC(C)(O)CCc1ccccc1,unlabeled
536279090,30,8753ab545dd1cf036a3a,160,CC(C)(O)CCc1ccccc1,unlabeled
536279090,30,d59d233a1606de5b6deb,161,CC(C)(O)CCc1ccccc1,validation
536279090,30,964a62fb7d677de0f711,162,CC(C)CCOC(=O)c1ccccc1,unlabeled
536279090,30,f35f8782c107387233ed,163,CC(C)CCOC(=O)c1ccccc1,unlabeled
536279090,30,4d602abaaf336ac523e4,164,CC(C)CCOC(=O)c1ccccc1,unlabeled
536279090,30,4768b747981033fbdf34,165,CC(C)CCOC(=O)c1ccccc1,unlabeled
536279090,30,3df34ab1c0d58c86999e,166,CC(C)CCOC(=O)c1ccccc1,test
536279090,30,8b67a1246fe892b6581d,167,CC(C)CCOC(=O)c1ccccc1,unlabeled
536279090,30,2bafcbea1bb66eb60a71,168,CC(C)CCOC(=O)c1ccccc1,unlabeled
536279090,30,2beadb75e05408973f02,169,CCOC(=O)/C=C/c1ccccc1,unlabeled
536279090,30,dd7cae2667a1348a2caf,170,CCOC(=O)/C=C/c1ccccc1,unlabeled
536279090,30,56f1cecfc0c6c3d224be,171,CCOC(=O)/C=C/c1ccccc1,unlabeled
536279090,30,6278b7d64a22dbe3844e,172,CCOC(=O)/C=C/c1ccccc1,unlabeled
536279090,30,a75e421e756083edea35,173,CCOC(=O)/C=C/c1ccccc1,unlabeled
536279090,30,c9f7ab78e90454873661,174,CCOC(=O)/C=C/c1ccccc1,unlabeled
536279090,30,b36d7c12e6d3072467ee,175,CCOC(=O)/C=C/c1ccccc1,unlabeled
536279090,30,5dc7d31c57624ac47575,176,COc1ccc(C)cc1OC,unlabeled
536279090,30,7dea14d96460814919d3,177,COc1ccc(C)cc1OC,unlabeled
536279090,30,83a16763654b3b743265,178,COc1ccc(C)cc1OC,unlabeled
536279090,30,ee96bcc328a38cb12519,179,COc1ccc(C)cc1OC,test
536279090,30,62763fd48ebc7554402f,180,COc1ccc(C)cc1OC,test
536279090,30,dd29d0f859e11f70f4ec,181,COc1ccc(C)cc1OC,unlabeled
536279090,30,826e9f40c328ce2478ec,182,COc1ccc(C)cc1OC,unlabeled
536279090,30,2e684264400b651dae88,183,C1=Cc2ccccc2C1,unlabeled
536279090,30,e4f37e6e6def0eec724a,184,C1=Cc2ccccc2C1,unlabeled
536279090,30,fda6d7aa920e5400a222,185,C1=Cc2ccccc2C1,unlabeled
536279090,30,ee0eba88726c692c7f0c,186,C1=Cc2ccccc2C1,unlabeled
536279090,30,c438c37de3a60de0e84a,187,C1=Cc2ccccc2C1,test
536279090,30,f51bc35441c8ba7713b6,188,C1=Cc2ccccc2C1,unlabeled
536279090,30,cb1bb21d54890633943c,189,C1=Cc2ccccc2C1,unlabeled
536279090,30,2e561b136ec088ba3eff,190,Cc1ccc(C)cc1,unlabeled
536279090,30,0d6f66d7971473a2cef9,191,Cc1ccc(C)cc1,unlabeled
536279090,30,6950f8ebe95298defec5,192,Cc1ccc(C)cc1,unlabeled
536279090,30,1837a52df085e2fc70d1,193,Cc1ccc(C)cc1,unlabeled
536279090,30,8067767b73f132489d46,194,Cc1ccc(C)cc1,unlabeled
536279090,30,bc3f10fed296515e66e5,195,Cc1ccc(C)cc1,unlabeled
536279090,30,369517a8e4fab7d4e0e5,196,Cc1ccc(C)cc1,gradient_train
536279090,30,acc1a540efdb60e4fa76,197,ClCCc1ccccc1,unlabeled
536279090,30,b849b02cc7a096ff6f6a,198,ClCCc1ccccc1,unlabeled
536279090,30,75b105d94d176eec90ba,199,ClCCc1ccccc1,unlabeled
536279090,30,4699975b36aa2351be18,200,ClCCc1ccccc1,unlabeled
536279090,30,a2ecd7c05da585c2a35e,201,ClCCc1ccccc1,unlabeled
536279090,30,82843c7e3b9005c1abb0,202,ClCCc1ccccc1,unlabeled
536279090,30,216e9e13c0587f197c0b,203,ClCCc1ccccc1,gradient_train
536279090,30,31162ac7e21c9688cbdc,204,CC(O)c1ccccc1,unlabeled
536279090,30,82ffe9abc3d02f4b970f,205,CC(O)c1ccccc1,unlabeled
536279090,30,35eae227e68fe7434e68,206,CC(O)c1ccccc1,unlabeled
536279090,30,82b6a0a8f122317d79d4,207,CC(O)c1ccccc1,unlabeled
536279090,30,9b28c23ad1d4dda9fe1a,208,CC(O)c1ccccc1,unlabeled
536279090,30,4455212440cbaf6d51e2,209,COc1ccccc1,unlabeled
536279090,30,fcea8574ae051fe11483,210,COc1ccccc1,unlabeled
536279090,30,04d4a16ff682bc7c55c8,211,COc1ccccc1,unlabeled
536279090,30,62ca5eadee5ef28e9aeb,212,COc1ccccc1,unlabeled
536279090,30,42f031acb8211bfbf67f,213,COc1ccccc1,unlabeled
536279090,30,472b8f06caf25ffe6c7a,214,COc1ccccc1,unlabeled
536279090,30,d532e4ccbab971232d40,215,COc1ccccc1,unlabeled
536279090,30,bae9f1ce7c04e7ccf16b,216,CCOC(=O)C(Br)C(=O)OCC,unlabeled
536279090,30,fc58ac30a03fcb0ec051,217,CCOC(=O)C(Br)C(=O)OCC,validation
536279090,30,c4b569d1149e4ec87b12,218,CCOC(=O)C(Br)C(=O)OCC,unlabeled
536279090,30,53d7fb31d852cbb33059,219,CCOC(=O)C(Br)C(=O)OCC,unlabeled
536279090,30,265addbdd355a85c628d,220,CCOC(=O)C(Br)C(=O)OCC,unlabeled
536279090,30,b07e3b186c5f9a698624,221,CCOC(=O)C(Br)C(=O)OCC,unlabeled
536279090,30,28c4b7ec4bf7f486b68c,222,CCOC(=O)C(Br)C(=O)OCC,unlabeled
536279090,30,c9d7d885160197c7f67c,223,c1ccc(COCc2ccccc2)cc1,unlabeled
536279090,30,e2869f5cf5635b6ae9c1,224,c1ccc(COCc2ccccc2)cc1,unlabeled
536279090,30,49865eda3c0e936157be,225,c1ccc(COCc2ccccc2)cc1,unlabeled
536279090,30,d26cffd9ef4da9800470,226,c1ccc(COCc2ccccc2)cc1,unlabeled
536279090,30,ce9ac115ce41ab41f01d,227,c1ccc(COCc2ccccc2)cc1,unlabeled
536279090,30,b2b5155e06ff9134c6a4,228,c1ccc(COCc2ccccc2)cc1,unlabeled
536279090,30,f1aabb6243aed53011cb,229,c1ccc(COCc2ccccc2)cc1,test
536279090,30,ebc9c107c2207e99cf79,230,CCOC(=O)CC(C)=O,unlabeled
536279090,30,f373e0ffa24cb51dd13a,231,CCOC(=O)CC(C)=O,unlabeled
536279090,30,bcb35848089ca50a1eef,232,CCOC(=O)CC(C)=O,unlabeled
536279090,30,ef8527c6b63d54b73966,233,CCOC(=O)CC(C)=O,unlabeled
536279090,30,86f385aa0925171d22cc,234,CCOC(=O)CC(C)=O,unlabeled
536279090,30,9c7a6ce4172638d2abc7,235,CCOC(=O)CC(C)=O,unlabeled
536279090,30,982585c1a4e89f10713f,236,O=CCCc1ccccc1,unlabeled
536279090,30,36af0c588eb2e094a55e,237,O=CCCc1ccccc1,unlabeled
536279090,30,afcb9ffea06f12f9e0f5,238,O=CCCc1ccccc1,unlabeled
536279090,30,e584c52185ccefd22a26,239,O=CCCc1ccccc1,unlabeled
536279090,30,39e40f336da135e6a7b5,240,O=CCCc1ccccc1,validation
536279090,30,e3c9408f01aa7642870f,241,O=CCCc1ccccc1,test
536279090,30,155ad3f702726e253c4d,242,O=CCCc1ccccc1,unlabeled
536279090,30,f84aa17604ca7f927b8c,243,C=CC(=O)OCCOc1ccccc1,unlabeled
536279090,30,6b8023df74ccc51e5c76,244,C=CC(=O)OCCOc1ccccc1,unlabeled
536279090,30,b056b793f5b571e6cdee,245,C=CC(=O)OCCOc1ccccc1,unlabeled
536279090,30,934f00061cc32bab10e8,246,C=CC(=O)OCCOc1ccccc1,unlabeled
536279090,30,b983d4c3094d909b570e,247,C=CC(=O)OCCOc1ccccc1,unlabeled
536279090,30,b6f53d16978daf702470,248,C=CC(=O)OCCOc1ccccc1,unlabeled
536279090,30,9563dde5c28fb62e4f7e,249,C=CC(=O)OCCOc1ccccc1,test
536279090,30,de2563a5f711307823f1,250,C=CC(=O)OC1CCCCC1,unlabeled
536279090,30,e2e681b0653ec64f7c14,251,C=CC(=O)OC1CCCCC1,unlabeled
536279090,30,fbf392edaddff6347b58,252,C=CC(=O)OC1CCCCC1,unlabeled
536279090,30,3955ae590ac179d279b6,253,C=CC(=O)OC1CCCCC1,unlabeled
536279090,30,db51f6df02555cb9c264,254,C=CC(=O)OC1CCCCC1,unlabeled
536279090,30,2195290d04210cdb253f,255,C=CC(=O)OC1CCCCC1,gradient_train
536279090,30,8063e3de9de70b75def1,256,C=CC(=O)OC1CCCCC1,unlabeled
536279090,30,88771c5c64ed839a4436,257,C=CC(=O)OCc1ccccc1,unlabeled
536279090,30,b5365d56777fde5c4dfc,258,C=CC(=O)OCc1ccccc1,unlabeled
536279090,30,4513e318c9d037303b13,259,C=CC(=O)OCc1ccccc1,test
536279090,30,efca00a284b2cadc5737,260,C=CC(=O)OCc1ccccc1,unlabeled
536279090,30,b473ef06a415d0f114b0,261,C=CC(=O)OCc1ccccc1,unlabeled
536279090,30,df02863943321996441f,262,C=CC(=O)OCc1ccccc1,test
536279090,30,194278dd9ee3d2407ed5,263,C=CC(=O)OCc1ccccc1,unlabeled
536279090,30,cc31b914acbab022eb9a,264,COC(=O)C(C)(C)Br,unlabeled
536279090,30,a9eea85ddeee2da33706,265,COC(=O)C(C)(C)Br,test
536279090,30,640353c89b3ce64ee98b,266,COC(=O)C(C)(C)Br,unlabeled
536279090,30,b11bb6293c307f7f7282,267,COC(=O)C(C)(C)Br,unlabeled
536279090,30,77b0577e6b0adb649e63,268,COC(=O)C(C)(C)Br,unlabeled
536279090,30,543561ac99bc28db6f2f,269,COC(=O)C(C)(C)Br,unlabeled
536279090,30,056255620b7acc9c630f,270,COC(=O)C(C)(C)Br,unlabeled
536279090,30,7b1589ae321d27608509,271,COC(=O)CS,unlabeled
536279090,30,0fee19a828ef997229fd,272,COC(=O)CS,test
536279090,30,222dede783147d5efa63,273,COC(=O)CS,unlabeled
536279090,30,d9a40ac35b79fbcf214a,274,COC(=O)CS,unlabeled
536279090,30,aaf22f8324aad12a55fa,275,COC(=O)CS,unlabeled
536279090,30,a9bfabe931467745353e,276,COC(=O)CS,unlabeled
536279090,30,be7d68067464e72d0b8d,277,COC(=O)CS,test
536279090,30,b418a712463f5abf8b81,278,CC(=O)CCCCl,unlabeled
536279090,30,850a69ce73ac04035aa3,279,CC(=O)CCCCl,unlabeled
536279090,30,7c4153fe9561da818ae1,280,CC(=O)CCCCl,unlabeled
536279090,30,a67016d937c499be9d64,281,CC(C)=CCBr,unlabeled
536279090,30,4559d83db38cc3c39d13,282,CC(C)=CCBr,unlabeled
536279090,30,bf8409f12dae2388c6a0,283,CC(C)=CCBr,unlabeled
536279090,30,832899abb44b8d2246cd,284,CC(C)=CCBr,unlabeled
536279090,30,5729cc87eb48a75655ad,285,CC(C)=CCBr,unlabeled
536279090,30,adb6d48eec0fb576d7fc,286,CC(C)=CCBr,unlabeled
536279090,30,bc789871fe39d967a9e0,287,CC(C)=CCBr,unlabeled
536279090,30,fff65bc451d163b1b106,288,C=CC(=O)OCCCCCCCCCCCC,unlabeled
536279090,30,c761659793c5929e2214,289,C=CC(=O)OCCCCCCCCCCCC,test
536279090,30,4c7d7c5f8b0c317c5548,290,C=CC(=O)OCCCCCCCCCCCC,unlabeled
536279090,30,a9656ffd805f80fcf143,291,C=CC(=O)OCCCCCCCCCCCC,unlabeled
536279090,30,da10d2f67a989e8b16b5,292,C=CC(=O)OCCCCCCCCCCCC,unlabeled
536279090,30,7ca22b2f4d23a7afb10e,293,C=CC(=O)OCCCCCCCCCCCC,unlabeled
536279090,30,38f57a9d08efd5f070d0,294,C=CC(=O)OCCCCCCCCCCCC,unlabeled
536279090,30,1619a0c8b233772ba0c0,295,C=CC(=O)O[C@@H]1C[C@H]2CC[C@]1(C)C2(C)C,test
536279090,30,0b9968c1280b5e4f726a,296,C=CC(=O)O[C@@H]1C[C@H]2CC[C@]1(C)C2(C)C,unlabeled
536279090,30,0d5196ceda603b66bd22,297,C=CC(=O)O[C@@H]1C[C@H]2CC[C@]1(C)C2(C)C,unlabeled
536279090,30,244e5c6375ff0c923725,298,C=CC(=O)O[C@@H]1C[C@H]2CC[C@]1(C)C2(C)C,unlabeled
536279090,30,4f34bbce67c94a44318a,299,C=CC(=O)O[C@@H]1C[C@H]2CC[C@]1(C)C2(C)C,unlabeled
536279090,30,0f8a39d1c0a7eaf35c75,300,C=CC(=O)O[C@@H]1C[C@H]2CC[C@]1(C)C2(C)C,unlabeled
536279090,30,6de4f7fd8ac19d183348,301,C=CC(=O)O[C@@H]1C[C@H]2CC[C@]1(C)C2(C)C,gradient_train
536279090,30,8bac25cfab022a9fb887,302,C=CC(=O)OCC(CC)CCCC,unlabeled
536279090,30,aeef2128392508cc81cc,303,C=CC(=O)OCC(CC)CCCC,unlabeled
536279090,30,a2eefb55da4d47a4347b,304,C=CC(=O)OCC(CC)CCCC,unlabeled
536279090,30,3c7f7a7105a5eb39ca89,305,C=CC(=O)OCC(CC)CCCC,unlabeled
536279090,30,2bf67acb4c861cf83990,306,C=CC(=O)OCC(CC)CCCC,unlabeled
536279090,30,d67e364fd6830aa2bf6f,307,C=CC(=O)OCC(CC)CCCC,unlabeled
536279090,30,84caf30ea66b29e2ea91,308,C=CC(=O)OCC(CC)CCCC,unlabeled
536279090,30,1bd5bb3744b78ada7307,309,FC(F)(F)c1cc(Br)cc(C(F)(F)F)c1,unlabeled
536279090,30,dd7fdbe3fa3800e6499f,310,FC(F)(F)c1cc(Br)cc(C(F)(F)F)c1,unlabeled
536279090,30,ab84efb31c801e49c87c,311,FC(F)(F)c1cc(Br)cc(C(F)(F)F)c1,unlabeled
536279090,30,69f6dbdc304c0475f868,312,FC(F)(F)c1cc(Br)cc(C(F)(F)F)c1,validation
536279090,30,a43656cab81e1b0fcccf,313,FC(F)(F)c1cc(Br)cc(C(F)(F)F)c1,test
536279090,30,bcf8bb13e4fca185fe68,314,FC(F)(F)c1cc(Br)cc(C(F)(F)F)c1,unlabeled
536279090,30,fe71f29c800d4ee35138,315,FC(F)(F)c1cc(Br)cc(C(F)(F)F)c1,unlabeled
536279090,30,2416be80d114ff60224d,316,O=Cc1ccc(Cl)cc1Br,unlabeled
536279090,30,9201cead3641f52a1f20,317,O=Cc1ccc(Cl)cc1Br,unlabeled
536279090,30,49276f9b1cc72d41bbfd,318,O=Cc1ccc(Cl)cc1Br,unlabeled
536279090,30,6cb8bbf843e6064ce249,319,O=Cc1ccc(Cl)cc1Br,unlabeled
536279090,30,a6b1d92e3de602f8963c,320,O=Cc1ccc(Cl)cc1Br,unlabeled
536279090,30,135ac7deca522d1e7929,321,O=Cc1ccc(Cl)cc1Br,unlabeled
536279090,30,0f3bd8418ab9ba9d1ed2,322,O=Cc1ccc(Cl)cc1Br,unlabeled
536279090,30,6cd5860914563da59932,323,O=Cc1ccc2c(c1)CCO2,unlabeled
536279090,30,5179c3962ada5450dde7,324,O=Cc1ccc2c(c1)CCO2,unlabeled
536279090,30,ad45b4b8aaed2c2b0b33,325,O=Cc1ccc2c(c1)CCO2,test
536279090,30,6c8de7fb3dbd4f5adabf,326,O=Cc1ccc2c(c1)CCO2,unlabeled
536279090,30,f72724ff299c47641488,327,COc1cc(F)cc(Br)c1,unlabeled
536279090,30,2cde006ff48a36a368d2,328,COc1cc(F)cc(Br)c1,unlabeled
536279090,30,09879f6853acb50e1280,329,COc1cc(F)cc(Br)c1,test
536279090,30,cd492dbc52d170e5a396,330,COc1cc(F)cc(Br)c1,unlabeled
536279090,30,e1244cc412f81ac11bd3,331,COc1cc(F)cc(Br)c1,unlabeled
536279090,30,69bed1df8dc3cf82927c,332,COc1cc(F)cc(Br)c1,unlabeled
536279090,30,adc9f476f8b5d66fa85d,333,COc1cc(F)cc(Br)c1,unlabeled
536279090,30,e7e3cdff8a4b43574b19,334,CC(C)(C)c1cc(C=O)cc(C(C)(C)C)c1,test
536279090,30,22fcaa293d9525e1f4e7,335,CC(C)(C)c1cc(C=O)cc(C(C)(C)C)c1,unlabeled
536279090,30,5965305884ee5fba94d8,336,CC(C)(C)c1cc(C=O)cc(C(C)(C)C)c1,unlabeled
536279090,30,556baeed852270e9c0fc,337,CC(C)(C)c1cc(C=O)cc(C(C)(C)C)c1,unlabeled
536279090,30,376fc6387117429bcb19,338,CC(C)(C)c1cc(C=O)cc(C(C)(C)C)c1,unlabeled
536279090,30,3fbc880a145bcc2155c9,339,CC(C)(C)c1cc(C=O)cc(C(C)(C)C)c1,unlabeled
536279090,30,2964279ae2fd8a820ae1,340,CC(C)(C)c1cc(C=O)cc(C(C)(C)C)c1,gradient_train
536279090,30,c084940b1be4fa61738d,341,COc1cc(Br)cc(OC)c1,unlabeled
536279090,30,deac65153d9204a230ec,342,COc1cc(Br)cc(OC)c1,unlabeled
536279090,30,b5f0b6271cd244ade9a3,343,COc1cc(Br)cc(OC)c1,gradient_train
536279090,30,79723584590c0a689474,344,COc1cc(Br)cc(OC)c1,unlabeled
536279090,30,984bc17b1da105c753eb,345,COc1cc(Br)cc(OC)c1,unlabeled
536279090,30,1b7e334ea83516d08ff5,346,COc1cc(Br)cc(OC)c1,unlabeled
536279090,30,b8018c4bdaadd42a057a,347,COc1cc(Br)cc(OC)c1,test
536279090,30,3b03dfa8ff44ff554734,348,O=Cc1cc(Br)ccc1O,test
536279090,30,167f49f748fa35bdb29e,349,O=Cc1cc(Br)ccc1O,unlabeled
536279090,30,7e19b816ecd8282ce2a1,350,O=Cc1cc(Br)ccc1O,unlabeled
536279090,30,0dffde5d00d50ee96173,351,O=Cc1cc(Br)ccc1O,unlabeled
536279090,30,65bfb38b53dd53bc4f4c,352,O=Cc1cc(Br)ccc1O,unlabeled
536279090,30,e79c5aedcfa41a5f23c9,353,O=Cc1cc(Br)ccc1O,unlabeled
536279090,30,27b234a05f8c66fd059f,354,O=Cc1cc(Br)ccc1O,unlabeled
536279090,30,1bf52d57e3b0d9ef0662,355,Cc1ccc(Cl)cc1Br,unlabeled
536279090,30,867407c66038f21466a8,356,Cc1ccc(Cl)cc1Br,unlabeled
536279090,30,fb19bbc052a528249f36,357,Cc1ccc(Cl)cc1Br,unlabeled
536279090,30,13bebd0b1ab22fc7e93b,358,Cc1ccc(Cl)cc1Br,unlabeled
536279090,30,c1b4c0f7481c01c40ec6,359,Cc1ccc(Cl)cc1Br,unlabeled
536279090,30,bb159f5b8695e842d4ff,360,Cc1ccc(Cl)cc1Br,unlabeled
536279090,30,ce70dba7026ce0b64f62,361,Cc1ccc(Cl)cc1Br,unlabeled
536279090,30,a5ea3136b642f8a49607,362,N#Cc1ccccc1Br,unlabeled
536279090,30,8671b386166171ebd7f7,363,N#Cc1ccccc1Br,unlabeled
536279090,30,d344b363b8c01e73a6fa,364,N#Cc1ccccc1Br,unlabeled
536279090,30,70e13ddfe9e6cc9b0f56,365,N#Cc1ccccc1Br,unlabeled
536279090,30,35046c5ff35d8c8617bb,366,N#Cc1ccccc1Br,unlabeled
536279090,30,848f6c84b4d5fc44c3c2,367,N#Cc1ccccc1Br,test
536279090,30,0974fc9cbeb3820c4065,368,Cc1ccc(C=O)c(C)c1,test
536279090,30,bc486e940c369b85ce28,369,Cc1ccc(C=O)c(C)c1,unlabeled
536279090,30,9a29b268530b7a3321a0,370,Cc1ccc(C=O)c(C)c1,unlabeled
536279090,30,51394d9af7adc7eff816,371,Cc1ccc(C=O)c(C)c1,unlabeled
536279090,30,5cbed870fef2de105046,372,Cc1ccc(C=O)c(C)c1,unlabeled
536279090,30,dbb854b36df7ed31d95f,373,Cc1ccc(C=O)c(C)c1,unlabeled
536279090,30,0c0f89307cc4aff87ab6,374,Cc1ccc(C=O)c(C)c1,test
536279090,30,a5d9706079ccfee3bdf4,375,COCCOC(=O)CC(C)=O,unlabeled
536279090,30,bacef06b4d4d7374a4e4,376,COCCOC(=O)CC(C)=O,unlabeled
536279090,30,74097878150c8a5a8d79,377,COCCOC(=O)CC(C)=O,unlabeled
536279090,30,47404d0982a587f0393e,378,COCCOC(=O)CC(C)=O,unlabeled
536279090,30,fb80794857ddc46e142c,379,CC(=O)c1ccc2c(c1)OCO2,unlabeled
536279090,30,6f34563b6236c57b9c60,380,CC(=O)c1ccc2c(c1)OCO2,unlabeled
536279090,30,147b560e4c606680c7b2,381,CC(=O)c1ccc2c(c1)OCO2,unlabeled
536279090,30,7396668aaa8d372aa464,382,CC(=O)c1ccc2c(c1)OCO2,unlabeled
536279090,30,78b04c44dfa852f4e621,383,CC(=O)c1ccc2c(c1)OCO2,unlabeled
536279090,30,f191e08b3e95928a5423,384,CC(=O)c1ccc2c(c1)OCO2,unlabeled
536279090,30,f5634113e0822bda1c03,385,CC(=O)c1ccc2c(c1)OCO2,unlabeled
536279090,30,45264f1c88b241fb888c,386,CC(=O)c1c(C)cc(C)cc1C,unlabeled
536279090,30,7b0fa77cbbcbd8e7c87a,387,CC(=O)c1c(C)cc(C)cc1C,unlabeled
536279090,30,c514f60c28973fc116c5,388,CC(=O)c1c(C)cc(C)cc1C,unlabeled
536279090,30,b63d546347919cb66716,389,CC(=O)c1c(C)cc(C)cc1C,unlabeled
536279090,30,823c667f35cddfcbc346,390,CC(=O)c1c(C)cc(C)cc1C,validation
536279090,30,d2955aa36bd2b103c981,391,CC(=O)c1c(C)cc(C)cc1C,unlabeled
536279090,30,4ce730c9ad4e20a0386e,392,CC(=O)c1c(C)cc(C)cc1C,unlabeled
536279090,30,f3531a1565c8159ac5e2,393,CC(=O)c1ccc(C)cc1C,unlabeled
536279090,30,c359fd726e50e2123f43,394,CC(=O)c1ccc(C)cc1C,unlabeled
536279090,30,a9a623a9853c6b493ce4,395,CC(=O)c1ccc(C)cc1C,unlabeled
536279090,30,784ca4af1517dac8cd11,396,CC(=O)c1ccc(C)cc1C,unlabeled
536279090,30,4c36e8e7d179b4bfa11a,397,CC(=O)c1ccc(C)cc1C,unlabeled
536279090,30,77fe8c752e01feedccfa,398,CC(=O)c1ccc(C)cc1C,unlabeled
536279090,30,0a1949b42050f41b0db4,399,CC(=O)c1ccc(C)cc1C,unlabeled
536279090,30,118d66c0e53f510c51ed,400,CC(=O)c1ccc2c(c1)Cc1ccccc1-2,unlabeled
536279090,30,38aa81d53a6b39e9d8ef,401,CC(=O)c1ccc2c(c1)Cc1ccccc1-2,unlabeled
536279090,30,c780d2f5194817087e07,402,CC(=O)c1ccc2c(c1)Cc1ccccc1-2,unlabeled
536279090,30,546046afb5114d631360,403,CC(=O)c1ccc2c(c1)Cc1ccccc1-2,unlabeled
536279090,30,dc9f747c03c55d77bf72,404,BrC(=C(c1ccccc1)c1ccccc1)c1ccccc1,unlabeled
536279090,30,d29c00125d1c5dc55586,405,BrC(=C(c1ccccc1)c1ccccc1)c1ccccc1,unlabeled
536279090,30,509e53644c411798f5b0,406,BrC(=C(c1ccccc1)c1ccccc1)c1ccccc1,unlabeled
536279090,30,5ac5df671efee45d3ddf,407,BrC(=C(c1ccccc1)c1ccccc1)c1ccccc1,unlabeled
536279090,30,1e8c03a5d84f08329475,408,BrC(=C(c1ccccc1)c1ccccc1)c1ccccc1,unlabeled
536279090,30,a7f9a08159d001c30f67,409,BrC(=C(c1ccccc1)c1ccccc1)c1ccccc1,test
536279090,30,97feb43dae8371e80d3b,410,BrC(=C(c1ccccc1)c1ccccc1)c1ccccc1,unlabeled
536279090,30,2f612d3ec5e270672ad1,411,C/C(=N\O)c1ccccc1,unlabeled
536279090,30,b089551184e4d70e386d,412,C/C(=N\O)c1ccccc1,test
536279090,30,95f7b6c8f44b25feade0,413,C/C(=N\O)c1ccccc1,unlabeled
536279090,30,b0f39affa1970d2700b7,414,C/C(=N\O)c1ccccc1,unlabeled
536279090,30,af2973fb82b6d79d8c5e,415,C/C(=N\O)c1ccccc1,unlabeled
536279090,30,3545611fd9950a160288,416,C/C(=N\O)c1ccccc1,test
536279090,30,786c4179676f46638e4a,417,O=C(c1ccccc1)c1ccc(Cl)cc1,unlabeled
536279090,30,937105af8867732c56ec,418,O=C(c1ccccc1)c1ccc(Cl)cc1,unlabeled
536279090,30,711f210d4869259d0651,419,O=C(c1ccccc1)c1ccc(Cl)cc1,unlabeled
536279090,30,26bb8ff67b7738527484,420,O=C(c1ccccc1)c1ccc(Cl)cc1,unlabeled
536279090,30,6624c43f78e6697c8ac9,421,O=C(c1ccccc1)c1ccc(Cl)cc1,unlabeled
536279090,30,f9b97e958092bd5cb81a,422,O=C(c1ccccc1)c1ccc(Cl)cc1,unlabeled
536279090,30,2d53109003f718b780fa,423,Cc1ccc(C(=O)c2ccccc2)cc1C,unlabeled
536279090,30,b9b624baffe611c30836,424,Cc1ccc(C(=O)c2ccccc2)cc1C,test
536279090,30,f8a590eaa91d155f61da,425,Cc1ccc(C(=O)c2ccccc2)cc1C,unlabeled
536279090,30,2fcaa537474ba2ae579f,426,Cc1ccc(C(=O)c2ccccc2)cc1C,unlabeled
536279090,30,d914e4c833f2df567cac,427,Cc1ccc(C(=O)c2ccccc2)cc1C,unlabeled
536279090,30,5048acae682925888d12,428,Cc1ccc(C(=O)c2ccccc2)cc1C,unlabeled
536279090,30,41927f703a0632f098fb,429,CC(=O)CC(=O)c1ccccc1,unlabeled
536279090,30,760d0bf0ec31747d3969,430,CC(=O)CC(=O)c1ccccc1,unlabeled
536279090,30,d71aab82a8179d05294a,431,CC(=O)CC(=O)c1ccccc1,unlabeled
536279090,30,25ffb25df5bec65a633b,432,CC(=O)CC(=O)c1ccccc1,unlabeled
536279090,30,92d69b1849c34b7f1a80,433,CCOC(=O)C(Cc1ccccc1)C(C)=O,unlabeled
536279090,30,a289439d96e27bec7cbc,434,CCOC(=O)C(Cc1ccccc1)C(C)=O,unlabeled
536279090,30,4707a180fe4230c208ff,435,CCOC(=O)C(Cc1ccccc1)C(C)=O,unlabeled
536279090,30,41921840a5681261ba98,436,CCOC(=O)C(Cc1ccccc1)C(C)=O,unlabeled
536279090,30,b5080cde4f493a415fc5,437,CCOC(=O)C(Cc1ccccc1)C(C)=O,unlabeled
536279090,30,1bbec08f4838f06da0fb,438,CCOC(=O)C(Cc1ccccc1)C(C)=O,unlabeled
536279090,30,bd0519702a5756bc3c94,439,CCOC(=O)C(Cc1ccccc1)C(C)=O,test
536279090,30,b7fa3dd8e6040788ae14,440,CCOC(=O)c1cccnc1,unlabeled
536279090,30,2deca509a22158d15375,441,CCOC(=O)c1cccnc1,unlabeled
536279090,30,b48dea92ecfc07816494,442,CCOC(=O)c1cccnc1,unlabeled
536279090,30,82fa7e7b3bd183853280,443,CCOC(=O)c1cccnc1,unlabeled
536279090,30,7ba2cf5e6ca289d9810f,444,CCOC(=O)c1cccnc1,unlabeled
536279090,30,7dec4c1259ce3660b729,445,COc1ccc(OC)c(Br)c1,unlabeled
536279090,30,768064b2e2a953d147d0,446,COc1ccc(OC)c(Br)c1,unlabeled
536279090,30,212154e56fe15a3333a2,447,COc1ccc(OC)c(Br)c1,unlabeled
536279090,30,c56a92db4ce7de66bee1,448,COc1ccc(OC)c(Br)c1,unlabeled
536279090,30,48b99ebef2fd7718f678,449,COc1ccc(OC)c(Br)c1,unlabeled
536279090,30,6da48b9dd6e1ed7e26fd,450,COc1ccc(OC)c(Br)c1,unlabeled
536279090,30,a2eeeea4e6525c9d22d4,451,COc1ccc(OC)c(Br)c1,unlabeled
536279090,30,1e0e33b1a77df72f4dd8,452,OCc1cccc(Br)c1,unlabeled
536279090,30,371711577127c07527e3,453,OCc1cccc(Br)c1,unlabeled
536279090,30,78d4810a82f060b5cf49,454,OCc1cccc(Br)c1,unlabeled
536279090,30,1c04f02c0ea8c00b358d,455,OCc1cccc(Br)c1,unlabeled
536279090,30,4bc0dc84991def63aa1b,456,O=C1CCCc2ccccc21,unlabeled
536279090,30,2433f7a3f7959e1d1b74,457,O=C1CCCc2ccccc21,unlabeled
536279090,30,944f0a85ec8978a60444,458,O=C1CCCc2ccccc21,unlabeled
536279090,30,8afc083342d1c2e7f78a,459,O=C1CCCc2ccccc21,test
536279090,30,c35ed383b2db14b3bc06,460,O=C1CCCc2ccccc21,unlabeled
536279090,30,d7c72c92165e2c129547,461,O=C1CCCc2ccccc21,unlabeled
536279090,30,e375bb01e53e46f8faee,462,O=C1CCCc2ccccc21,unlabeled
536279090,30,fdc873b5607287090ff3,463,CSc1ccc(C=O)cc1,unlabeled
536279090,30,80b4e33a8434ac29ed52,464,CSc1ccc(C=O)cc1,unlabeled
536279090,30,ee60c3ffc43a4c2c965e,465,CSc1ccc(C=O)cc1,unlabeled
536279090,30,95f10fffb85ea1b1f47a,466,CSc1ccc(C=O)cc1,unlabeled
536279090,30,793d8259fd7820530cfe,467,Cc1ccccc1C=O,unlabeled
536279090,30,13fb1511fffef8fc96e0,468,Cc1ccccc1C=O,unlabeled
536279090,30,532a47d1b45e54d6326b,469,Cc1ccccc1C=O,unlabeled
536279090,30,dcd70c2b5039c4268d56,470,Cc1ccccc1C=O,unlabeled
536279090,30,22d860e7f246ca4272a4,471,Cc1ccccc1C=O,unlabeled
536279090,30,f21df276243d861dc2b2,472,Cc1ccccc1C=O,gradient_train
536279090,30,08820514e662ce6ea8f0,473,Cc1ccccc1C=O,unlabeled
536279090,30,d60e09bca01342c7cfa6,474,O=Cc1ccc(Br)cc1O,unlabeled
536279090,30,9dda290379fb047fc74d,475,O=Cc1ccc(Br)cc1O,unlabeled
536279090,30,4a58b799c494875f6f27,476,O=Cc1ccc(Br)cc1O,unlabeled
536279090,30,98a1ca00445d60f415d4,477,O=Cc1ccc(Br)cc1O,unlabeled
536279090,30,ddecd252bb1099fb20f7,478,O=Cc1ccc(Br)cc1O,test
536279090,30,226ebdbf914ce9333de8,479,O=Cc1ccc(Br)cc1O,unlabeled
536279090,30,99dd4a9a47de5c84b7c0,480,O=Cc1ccc(Br)cc1O,unlabeled
536279090,30,ecc7e2759499addc038f,481,CC(=O)c1ccc(Br)cc1,unlabeled
536279090,30,66c1ee6eed3d1587de50,482,CC(=O)c1ccc(Br)cc1,unlabeled
536279090,30,a26a131344d4dbd9645b,483,CC(=O)c1ccc(Br)cc1,test
536279090,30,f0edd899ac987a1de9dd,484,CC(=O)c1ccc(Br)cc1,unlabeled
536279090,30,0e13b08b0f9c772699e1,485,CC(=O)c1ccc(Br)cc1,unlabeled
536279090,30,1254297404cc9db52ee2,486,CC(=O)c1ccc(Br)cc1,test
536279090,30,bc8e1d805b36b63cbfbe,487,CC(=O)c1ccc(Br)cc1,unlabeled
536279090,30,cd998cddd3dcb4fc8c92,488,O=C(Cc1ccccc1)c1ccccc1,gradient_train
536279090,30,12e11e8eaee71fc57209,489,O=C(Cc1ccccc1)c1ccccc1,unlabeled
536279090,30,054457c7699aabd6c619,490,O=C(Cc1ccccc1)c1ccccc1,unlabeled
536279090,30,893e4c91da1b0b2f7d3e,491,O=C(Cc1ccccc1)c1ccccc1,unlabeled
536279090,30,18e8a9c1ea6aa15c0d01,492,O=C(Cc1ccccc1)c1ccccc1,unlabeled
536279090,30,bc582f1f4f4225f6d249,493,O=C(Cc1ccccc1)c1ccccc1,gradient_train
536279090,30,d92ef85db0d1c0979197,494,O=C(Cc1ccccc1)c1ccccc1,unlabeled
536279090,30,ddc0b27538aa926cbb6e,495,O=Cc1ccc(-c2ccccc2)cc1,test
536279090,30,6dcfe9b1e0958f22523b,496,O=Cc1ccc(-c2ccccc2)cc1,validation
536279090,30,3cdf1bcd3739e20f72d2,497,O=Cc1ccc(-c2ccccc2)cc1,unlabeled
536279090,30,a8e4c6001ce3245c634b,498,O=Cc1ccc(-c2ccccc2)cc1,unlabeled
536279090,30,24b540d7814b4d9c5183,499,O=Cc1ccc(-c2ccccc2)cc1,unlabeled
536279090,30,b0cadf050313e9a3a162,500,O=Cc1ccc(-c2ccccc2)cc1,unlabeled
536279090,30,8837a8a19c37b63d2e48,501,O=Cc1ccc(-c2ccccc2)cc1,unlabeled
536279090,30,23a832560d234735d954,502,O=Cc1ccc2ccccc2c1Br,unlabeled
536279090,30,90777be8090491479de1,503,O=Cc1ccc2ccccc2c1Br,unlabeled
536279090,30,926a7862066269f98d62,504,O=Cc1ccc2ccccc2c1Br,unlabeled
536279090,30,2c51476c6fa3121c5dfc,505,O=Cc1ccc2ccccc2c1Br,test
536279090,30,5a9449a7562d442b8669,506,O=Cc1ccc2ccccc2c1Br,unlabeled
536279090,30,2cbca950d64fdcd81660,507,O=Cc1ccc2ccccc2c1Br,unlabeled
536279090,30,fb1fdaa4bc60434648f7,508,O=Cc1ccc2ccccc2c1Br,unlabeled
536279090,30,9e46dbe8a460d3f96a27,509,O=C(/C=C/c1ccccc1)c1ccccc1,test
536279090,30,31e75b850983502aa64f,510,O=C(/C=C/c1ccccc1)c1ccccc1,validation
536279090,30,b566ed83f272904657ba,511,O=C(/C=C/c1ccccc1)c1ccccc1,unlabeled
536279090,30,c2be1e8f7c2c080f49f5,512,O=C(/C=C/c1ccccc1)c1ccccc1,unlabeled
536279090,30,fde2d968ab29d13d4f1d,513,O=C(/C=C/c1ccccc1)c1ccccc1,test
536279090,30,240da69c823911ff5ccc,514,O=C(/C=C/c1ccccc1)c1ccccc1,unlabeled
536279090,30,b2b26956a788c2a8c7e9,515,O=C(/C=C/c1ccccc1)c1ccccc1,test
536279090,30,f3b80f5fe97d26fd8383,516,O=C(/C=C/c1ccccc1)/C=C/c1ccccc1,unlabeled
536279090,30,d60f7e6b21ea96567843,517,O=C(/C=C/c1ccccc1)/C=C/c1ccccc1,test
536279090,30,bb61793cbbbe2bfa4e12,518,O=C(/C=C/c1ccccc1)/C=C/c1ccccc1,unlabeled
536279090,30,d078d930aa37448ec4aa,519,O=C(/C=C/c1ccccc1)/C=C/c1ccccc1,unlabeled
536279090,30,8cd132f293d2823adc8d,520,O=C(/C=C/c1ccccc1)/C=C/c1ccccc1,unlabeled
536279090,30,88f58ab7b7cf02f8f134,521,O=C(/C=C/c1ccccc1)/C=C/c1ccccc1,unlabeled
536279090,30,17bdb259a18419ca296f,522,O=C(/C=C/c1ccccc1)/C=C/c1ccccc1,unlabeled
536279090,30,77c599d272254892b6ec,523,CC1CCC(=O)c2ccccc21,unlabeled
536279090,30,b393af61f6769ceccbc0,524,CC1CCC(=O)c2ccccc21,unlabeled
536279090,30,49668be051b44a819f00,525,CC1CCC(=O)c2ccccc21,unlabeled
536279090,30,ffa86b2ffa5ac89b0720,526,CC1CCC(=O)c2ccccc21,unlabeled
536279090,30,43aa4f12be94a8a96b35,527,CC1CCC(=O)c2ccccc21,unlabeled
536279090,30,c09fbafa246c8d17b677,528,CC1CCC(=O)c2ccccc21,unlabeled
536279090,30,f38afd5febe30c01c852,529,CC1CCC(=O)c2ccccc21,unlabeled
536279090,30,490ab56dde175e9b97f5,530,O=C(Cc1ccccc1F)C1CC1,test
536279090,30,3156893d5d2368c286a5,531,O=C(Cc1ccccc1F)C1CC1,unlabeled
536279090,30,5ca73775e77c8e07812b,532,O=C(Cc1ccccc1F)C1CC1,unlabeled
536279090,30,e90e636dced92c2b53d7,533,O=C(Cc1ccccc1F)C1CC1,unlabeled
536279090,30,21e4905ef98fba65035a,534,O=C(Cc1ccccc1F)C1CC1,unlabeled
536279090,30,2eda4e5a40a9021016cb,535,O=C(Cc1ccccc1F)C1CC1,unlabeled
536279090,30,9c357cc9e9b8199eb1e0,536,O=C(Cc1ccccc1F)C1CC1,unlabeled
536279090,30,51091e7a7f83732eaf1b,537,CCC(=O)c1cccc(Br)c1,test
536279090,30,71577790a52cb379d81f,538,CCC(=O)c1cccc(Br)c1,unlabeled
536279090,30,e3b2ac778da2b86aa873,539,CCC(=O)c1cccc(Br)c1,unlabeled
536279090,30,1046fdfaf24728b107ba,540,CCC(=O)c1cccc(Br)c1,test
536279090,30,2e10d8b186d86053260f,541,CCC(=O)c1cccc(Br)c1,unlabeled
536279090,30,5111664a952a4ab7d54e,542,CCC(=O)c1cccc(Br)c1,unlabeled
536279090,30,ffcab07e0d31056e0d4a,543,CCC(=O)c1cccc(Br)c1,unlabeled
536279090,30,b6bb9be5584029502820,544,COCCCCC(=O)c1ccc(C(F)(F)F)cc1,unlabeled
536279090,30,60a000cb56517513c4d2,545,COCCCCC(=O)c1ccc(C(F)(F)F)cc1,unlabeled
536279090,30,677c30b5727454c7a81e,546,COCCCCC(=O)c1ccc(C(F)(F)F)cc1,unlabeled
536279090,30,94bc1858c275dcb3d476,547,COCCCCC(=O)c1ccc(C(F)(F)F)cc1,unlabeled
536279090,30,06c29062334b43b0d12f,548,COCCCCC(=O)c1ccc(C(F)(F)F)cc1,unlabeled
536279090,30,80e66bd0e8e9450537bb,549,COCCCCC(=O)c1ccc(C(F)(F)F)cc1,unlabeled
536279090,30,b82c7c8060589ec1974b,550,CCCC(=O)c1ccc(-c2ccccc2)cc1,unlabeled
536279090,30,57e291b74a249c9dd3ff,551,CCCC(=O)c1ccc(-c2ccccc2)cc1,unlabeled
536279090,30,7d6bcd84e5a6861fc8fc,552,CCCC(=O)c1ccc(-c2ccccc2)cc1,gradient_train
536279090,30,2d37adf0d65a19bc2c0c,553,CCCC(=O)c1ccc(-c2ccccc2)cc1,test
536279090,30,3c892a45de6ec4625f37,554,CCCC(=O)c1ccc(-c2ccccc2)cc1,unlabeled
536279090,30,e2c826d98b2bbeb6f48b,555,CCCC(=O)c1ccc(-c2ccccc2)cc1,unlabeled
536279090,30,ce61c0bd799e65402b75,556,CCCC(=O)c1ccc(-c2ccccc2)cc1,unlabeled
536279090,30,0f05b5ba6eb528d54b4b,557,O=C(c1ccccc1)c1cccc(C(=O)c2ccccc2)c1,unlabeled
536279090,30,c4412adf038c7f6ea3c2,558,O=C(c1ccccc1)c1cccc(C(=O)c2ccccc2)c1,unlabeled
536279090,30,182fc7fe888dbb9535bb,559,O=C(c1ccccc1)c1cccc(C(=O)c2ccccc2)c1,unlabeled
536279090,30,8abf9c0719e2d67a22f9,560,O=C(c1ccccc1)c1cccc(C(=O)c2ccccc2)c1,unlabeled
536279090,30,b8a4c06710d95c33cfe1,561,O=C(c1ccccc1)c1cccc(C(=O)c2ccccc2)c1,unlabeled
536279090,30,7e451fd74af5bfa51ac9,562,O=C(c1ccccc1)c1cccc(C(=O)c2ccccc2)c1,unlabeled
536279090,30,07e9bc7a9d27fdd58c2f,563,O=C(c1ccccc1)c1cccc(C(=O)c2ccccc2)c1,unlabeled
536279090,30,2f828b7aa8c3e93352da,564,CCC(=O)c1cccnc1,unlabeled
536279090,30,4365d2fb106c18823aac,565,CCC(=O)c1cccnc1,unlabeled
536279090,30,4c6a8ef1c87748df99f2,566,CCC(=O)c1cccnc1,unlabeled
536279090,30,aca0ef1613a0a07a0431,567,O=C(CCCCl)c1ccc(F)cc1,unlabeled
536279090,30,f98f5943ca73a5b809a1,568,O=C(CCCCl)c1ccc(F)cc1,unlabeled
536279090,30,405638494c5a95206866,569,O=C(CCCCl)c1ccc(F)cc1,unlabeled
536279090,30,76e188b0e48b99f36582,570,O=C(CCCCl)c1ccc(F)cc1,unlabeled
536279090,30,26aa0143305ac532a560,571,O=C(CCCCl)c1ccc(F)cc1,unlabeled
536279090,30,283be89c092cfa4a5cbb,572,O=C(CCCCl)c1ccc(F)cc1,unlabeled
536279090,30,0ffc20c3f979502b8a09,573,O=C(CCCCl)c1ccc(F)cc1,unlabeled
536279090,50,bbabdb9085edbb8c178b,0,CC(C)(CCl)c1ccccc1,test
536279090,50,96dc3dc2ebd074200228,1,CC(C)(CCl)c1ccccc1,unlabeled
536279090,50,6322e8f867a741eed74c,2,CC(C)(CCl)c1ccccc1,unlabeled
536279090,50,c2b0aff65443af0a8618,3,CC(C)(CCl)c1ccccc1,unlabeled
536279090,50,f4b69d88ad1d916ee71a,4,CC(C)(CCl)c1ccccc1,unlabeled
536279090,50,0f3559d035355b0eec80,5,CC(C)(CCl)c1ccccc1,unlabeled
536279090,50,d29a94054067cd60dd70,6,CC(C)(CCl)c1ccccc1,unlabeled
536279090,50,31d92ca6486b229184cf,7,OCCCc1ccccc1,unlabeled
536279090,50,8a84cca322477165b719,8,OCCCc1ccccc1,unlabeled
536279090,50,9cf769277f6b42d15f11,9,OCCCc1ccccc1,unlabeled
536279090,50,7a0a82051f50d5b0c89c,10,OCCCc1ccccc1,test
536279090,50,c79f29f048bbfd157f98,11,BrCCCc1ccccc1,unlabeled
536279090,50,df0074b49eeb620c0768,12,BrCCCc1ccccc1,unlabeled
536279090,50,f0097bc6b7827ef65922,13,BrCCCc1ccccc1,test
536279090,50,44348f5c4aea3b41ee9d,14,BrCCCc1ccccc1,unlabeled
536279090,50,482cb91fac7f2a936dca,15,BrCCCc1ccccc1,unlabeled
536279090,50,a5c6210123f05414ffc0,16,BrCCCc1ccccc1,unlabeled
536279090,50,a82e55e1cd19814ea307,17,BrCCCc1ccccc1,gradient_train
536279090,50,6ee3c70647b37dcd5417,18,ClCCCc1ccccc1,unlabeled
536279090,50,2c7e37ef828eb17c78fb,19,ClCCCc1ccccc1,gradient_train
536279090,50,7ab9c351196ad891e172,20,ClCCCc1ccccc1,unlabeled
536279090,50,7062ca665af0f9bba6c9,21,ClCCCc1ccccc1,unlabeled
536279090,50,6644e934f59d8b816b9f,22,ClCCCc1ccccc1,unlabeled
536279090,50,8cc7c76a92a4474d7c6a,23,ClCCCc1ccccc1,gradient_train
536279090,50,c883df6ea04f89f45f03,24,ClCCCc1ccccc1,test
536279090,50,46ed1e35ca65ace74790,25,COc1ccc(CO)cc1,unlabeled
536279090,50,ec581cec37da9563e756,26,COc1ccc(CO)cc1,unlabeled
536279090,50,c2bd8e8f13a96726e7fc,27,COc1ccc(CO)cc1,unlabeled
536279090,50,f1afcbd393ce4f5a6316,28,COc1ccc(CO)cc1,unlabeled
536279090,50,2909efb29670d8f2286d,29,CCOC(=O)C(C)(C)Br,gradient_train
536279090,50,56b391fdec7a2a622e52,30,CCOC(=O)C(C)(C)Br,unlabeled
536279090,50,8a9485661ac2c4576006,31,CCOC(=O)C(C)(C)Br,unlabeled
536279090,50,7f6d1cdee16de4a37a21,32,CCOC(=O)C(C)(C)Br,unlabeled
536279090,50,fd7bf535ef538434b384,33,CCOC(=O)C(C)(C)Br,unlabeled
536279090,50,651bb6b60c62819a4323,34,CCOC(=O)C(C)(C)Br,unlabeled
536279090,50,2a61203b59218a3cbdc6,35,CCOC(=O)C(C)(C)Br,unlabeled
536279090,50,6d6c0510303dec89b2fe,36,COc1ccc(C=O)cc1,test
536279090,50,f81dc37125414986a0bb,37,COc1ccc(C=O)cc1,unlabeled
536279090,50,400615278105cebb3ed9,38,COc1ccc(C=O)cc1,unlabeled
536279090,50,5d04f6757b59f5c356bb,39,COc1ccc(C=O)cc1,unlabeled
536279090,50,a074620f6970d8f89567,40,COc1ccc(C=O)cc1,unlabeled
536279090,50,454c1ea3beebbec4befe,41,COc1ccc(C=O)cc1,test
536279090,50,f95928e2618ed15e654f,42,COc1ccc(C=O)cc1,gradient_train
536279090,50,3a02b99399bb0c3e9ff9,43,COC(=O)C#CC(=O)OC,unlabeled
536279090,50,b80a4f9e4b61f534ee9e,44,COC(=O)C#CC(=O)OC,unlabeled
536279090,50,2690de155843f45b00a3,45,COC(=O)C#CC(=O)OC,unlabeled
536279090,50,549eb8499df5181b3558,46,COC(=O)C#CC(=O)OC,gradient_train
536279090,50,02c141e2551937d10f4e,47,COC(=O)C#CC(=O)OC,unlabeled
536279090,50,9069807baff6cbfbde75,48,COC(=O)C#CC(=O)OC,unlabeled
536279090,50,1fe1163f7d97c16f3822,49,CC(=O)c1ccccc1,unlabeled
536279090,50,1e86d81fe1995d367fe1,50,CC(=O)c1ccccc1,unlabeled
536279090,50,614e6d0929b0845d454b,51,CC(=O)c1ccccc1,unlabeled
536279090,50,358681452207464d171e,52,CC(=O)c1ccccc1,unlabeled
536279090,50,c00e01085f35d19cd90f,53,CC(=O)c1ccccc1,unlabeled
536279090,50,a542d702abb1fa77a6fc,54,CC(=O)c1ccccc1,gradient_train
536279090,50,77577e6f6f0aa6789972,55,CCOC(=O)C(C)Br,unlabeled
536279090,50,298017c801a97653f57d,56,CCOC(=O)C(C)Br,unlabeled
536279090,50,849796401ee485c617a5,57,CCOC(=O)C(C)Br,test
536279090,50,67cc8304e3e618d7416a,58,CCOC(=O)C(C)Br,unlabeled
536279090,50,c7bc53c45a1962a88ec3,59,CCOC(=O)C(C)Br,unlabeled
536279090,50,76b9db19f45b8222d962,60,CCOC(=O)C(C)Br,unlabeled
536279090,50,0279fb0f7dba4b54a816,61,CCOC(=O)CC(=O)c1ccccc1,unlabeled
536279090,50,ca203ccf20ce8e74d86d,62,CCOC(=O)CC(=O)c1ccccc1,unlabeled
536279090,50,029d48fc98a886c9fec4,63,CCOC(=O)CC(=O)c1ccccc1,unlabeled
536279090,50,1e578360bd7749f6b397,64,CCOC(=O)CC(=O)c1ccccc1,unlabeled
536279090,50,05c14d26f4aa6f7c48b0,65,CCOC(=O)CC(=O)c1ccccc1,unlabeled
536279090,50,53d046afde1259a727f9,66,CCOC(=O)CC(=O)c1ccccc1,unlabeled
536279090,50,35ba50ab027f5f170aba,67,CCOC(=O)CC(=O)c1ccccc1,unlabeled
536279090,50,130d76d2d46a287c5dea,68,CC(=O)c1ccccc1C,unlabeled
536279090,50,3ef4b1ab56fe40940b42,69,CC(=O)c1ccccc1C,unlabeled
536279090,50,a340148c4096f80cc125,70,CC(=O)c1ccccc1C,unlabeled
536279090,50,57af4b867d9cd419ebb9,71,CC(=O)c1ccccc1C,test
536279090,50,ff8745125a0eeb17c1e5,72,CC(=O)c1ccccc1C,unlabeled
536279090,50,41a468134f078d2de17d,73,CC(=O)c1ccccc1C,gradient_train
536279090,50,b4899d5d03e44fbf885c,74,CC(=O)c1ccccc1C,unlabeled
536279090,50,bd93eaa60288fd0d5e89,75,CC(=O)c1ccc(C)cc1,unlabeled
536279090,50,2797757b00a9f254ef2e,76,CC(=O)c1ccc(C)cc1,unlabeled
536279090,50,fad37552a4a2eae19961,77,CC(=O)c1ccc(C)cc1,gradient_train
536279090,50,6936556d392803de12ed,78,CC(=O)c1ccc(C)cc1,unlabeled
536279090,50,fd3f8b6ec11d13a8412d,79,CC(=O)c1ccc(C)cc1,unlabeled
536279090,50,b71b23379d73c3637a76,80,CC(=O)c1ccc(C)cc1,gradient_train
536279090,50,2a9d111386ac232bbf79,81,CC(=O)c1ccc(C)cc1,unlabeled
536279090,50,ca00dd1990fd356443cb,82,COC(=O)c1ccccc1O,test
536279090,50,924106530353757625ba,83,COC(=O)c1ccccc1O,unlabeled
536279090,50,f0d3ae15346c6cb6928d,84,COC(=O)c1ccccc1O,unlabeled
536279090,50,0b6fe9b9da26ddc80e99,85,COC(=O)c1ccccc1O,gradient_train
536279090,50,a9a4b1ef530ce6f46a1c,86,COC(=O)c1ccccc1O,unlabeled
536279090,50,f0245d145e2758fc9ff8,87,COC(=O)c1ccccc1O,unlabeled
536279090,50,f33380e15f0fd8b62027,88,COC(=O)c1ccccc1O,test
536279090,50,1773be1aaa4102ae19f0,89,CC(=O)CC(=O)OC(C)(C)C,unlabeled
536279090,50,1895e2147dd146c4e564,90,CC(=O)CC(=O)OC(C)(C)C,test
536279090,50,e7c8cd496e2795b23cb3,91,CC(=O)CC(=O)OC(C)(C)C,unlabeled
536279090,50,60f64adee75a0999c5d5,92,CC(=O)CC(=O)OC(C)(C)C,unlabeled
536279090,50,851993fe56d61c8bf074,93,CC(=O)CC(=O)OC(C)(C)C,test
536279090,50,4e6d2ab0e823ac1d4b58,94,CC(=O)CC(=O)OC(C)(C)C,unlabeled
536279090,50,452aebfcddc0b031c20d,95,CCOC(=O)Cc1ccccc1,unlabeled
536279090,50,a67ee30ac22b3511e0af,96,CCOC(=O)Cc1ccccc1,unlabeled
536279090,50,4c52102f0b5a693d59bc,97,CCOC(=O)Cc1ccccc1,unlabeled
536279090,50,f21e8077ac7b6ec1d038,98,CCOC(=O)Cc1ccccc1,unlabeled
536279090,50,982611df66af1cf7c2f5,99,CCOC(=O)Cc1ccccc1,unlabeled
536279090,50,d9e344f199dc9a567b5f,100,CCOC(=O)Cc1ccccc1,unlabeled
536279090,50,74706f7e5d10b9245796,101,CCOC(=O)Cc1ccccc1,unlabeled
536279090,50,f5d7ae6c2608335325ff,102,COC(=O)c1ccccc1N,unlabeled
536279090,50,f66e095007d9d0923ce2,103,COC(=O)c1ccccc1N,unlabeled
536279090,50,c9a57e8accca7da9758b,104,COC(=O)c1ccccc1N,unlabeled
536279090,50,f7b1b9737459397f9ace,105,COC(=O)c1ccccc1N,unlabeled
536279090,50,68feec66f657364ebeaa,106,COC(=O)c1ccccc1N,unlabeled
536279090,50,96ccc1b8240fc2e9c1f3,107,COC(=O)c1ccccc1N,unlabeled
536279090,50,16eec4a03ec235274042,108,CCOC(=O)/C=C/c1ccccc1,unlabeled
536279090,50,92e4f80b3943134ebe86,109,CCOC(=O)/C=C/c1ccccc1,unlabeled
536279090,50,e15e8a4f329d3a08aff9,110,CCOC(=O)/C=C/c1ccccc1,unlabeled
536279090,50,6cec450baf7517436df6,111,CCOC(=O)/C=C/c1ccccc1,gradient_train
536279090,50,48b79e49508df9f5fd6d,112,CCOC(=O)/C=C/c1ccccc1,gradient_train
536279090,50,404dc3e2801a9a9d52aa,113,CCOC(=O)/C=C/c1ccccc1,unlabeled
536279090,50,c72867f0f2e38c70aa8c,114,CCOC(=O)/C=C/c1ccccc1,gradient_train
536279090,50,d9d3d24a75ff511e108a,115,COC(=O)c1ccc(C(C)(C)C)cc1,unlabeled
536279090,50,f40ca479a9e86b5d5458,116,COC(=O)c1ccc(C(C)(C)C)cc1,unlabeled
536279090,50,b7770c04c72527e1d9f6,117,COC(=O)c1ccc(C(C)(C)C)cc1,unlabeled
536279090,50,a433dc0f6a13e9ace41d,118,COC(=O)c1ccc(C(C)(C)C)cc1,unlabeled
536279090,50,e399250d7156727de0fd,119,COC(=O)c1ccc(C(C)(C)C)cc1,unlabeled
536279090,50,3122a2210bde68deb81e,120,COC(=O)c1ccc(C(C)(C)C)cc1,unlabeled
536279090,50,c9460286f85a5ec0f4fc,121,COC(=O)c1ccc(C(C)(C)C)cc1,validation
536279090,50,13b0b7952199157a8399,122,CCOC(=O)/C=C(/C)N,unlabeled
536279090,50,759d5133ee82740013bf,123,CCOC(=O)/C=C(/C)N,unlabeled
536279090,50,c9bf385316b464cd2e8d,124,CCOC(=O)/C=C(/C)N,unlabeled
536279090,50,f248b9b89d62a22b03c3,125,CCOC(=O)/C=C(/C)N,unlabeled
536279090,50,10d51839b15b94f0ae56,126,CCOC(=O)/C=C(/C)N,unlabeled
536279090,50,e66b24ec1e4dfa9a9a57,127,CCOC(=O)/C=C(/C)N,unlabeled
536279090,50,506597d02ff322a77a8d,128,CCOC(=O)/C=C(/C)N,unlabeled
536279090,50,d2951bd3bb1608688f0d,129,CCOC(=O)/C=C(/C)N,unlabeled
536279090,50,7d3c6ef279245ca08a2f,130,CCOC(=O)/C=C(/C)N,unlabeled
536279090,50,e6886d2fb3090517172b,131,CCOC(=O)/C=C(/C)N,unlabeled
536279090,50,d31d42caff135d7154c4,132,CCOC(=O)/C=C(/C)N,unlabeled
536279090,50,3d7aa38258001eb6ba67,133,CC(C)COC(=O)c1ccccc1,unlabeled
536279090,50,b3409bbbf3b06d73afca,134,CC(C)COC(=O)c1ccccc1,unlabeled
536279090,50,5ce75d3f6df6d318cb8a,135,CC(C)COC(=O)c1ccccc1,unlabeled
536279090,50,28f4ab2563d03e831cf0,136,CC(C)COC(=O)c1ccccc1,unlabeled
536279090,50,b95bbdf393e00f41a6df,137,CC(C)COC(=O)c1ccccc1,unlabeled
536279090,50,1e73138aa057a5e2b67f,138,CC(C)COC(=O)c1ccccc1,test
536279090,50,1319bf7018ee9b9a5b9f,139,CCOC(=O)c1ccccc1,unlabeled
536279090,50,99398d649f02f80651f1,140,CCOC(=O)c1ccccc1,unlabeled
536279090,50,240787bdbf2abc17e093,141,CCOC(=O)c1ccccc1,unlabeled
536279090,50,4afc7ef2732850bea176,142,CCOC(=O)c1ccccc1,test
536279090,50,181f6c7852b17df8f194,143,CCOC(=O)c1ccccc1,unlabeled
536279090,50,474238f822b0c38795c6,144,CCOC(=O)c1ccccc1,unlabeled
536279090,50,5eb80e21463443b22d14,145,CCOC(=O)c1ccccc1,unlabeled
536279090,50,f6e991e3dc3a3d3c5d89,146,COc1ccc(CCO)cc1,unlabeled
536279090,50,9991421da8e18008fc91,147,COc1ccc(CCO)cc1,gradient_train
536279090,50,9e93bad2014e7ab1a680,148,COc1ccc(CCO)cc1,test
536279090,50,3d5dc8831f4c74f7b7d1,149,COc1ccc(CCO)cc1,unlabeled
536279090,50,d5a7e1d47a58e1323805,150,Cc1ccc(C(C)C)cc1,unlabeled
536279090,50,5c32bb6f3bbf72dcb37e,151,Cc1ccc(C(C)C)cc1,unlabeled
536279090,50,e545485bf1a51a3ea557,152,Cc1ccc(C(C)C)cc1,gradient_train
536279090,50,8ea9d90b217f4096f42f,153,Cc1ccc(C(C)C)cc1,unlabeled
536279090,50,9ed80c28328fabe87261,154,Cc1ccc(C(C)C)cc1,unlabeled
536279090,50,f1ea027f4cb80b10d15b,155,Cc1ccc(C(C)C)cc1,gradient_train
536279090,50,dcfc9eaebf799d451fdb,156,Cc1ccc(C(C)C)cc1,unlabeled
536279090,50,6c1f19a34a40cbf98728,157,CC(C)(O)CCc1ccccc1,test
536279090,50,cf45ee02778c0243ad50,158,CC(C)(O)CCc1ccccc1,unlabeled
536279090,50,88581d99a415bf271788,159,CC(C)(O)CCc1ccccc1,unlabeled
536279090,50,8753ab545dd1cf036a3a,160,CC(C)(O)CCc1ccccc1,unlabeled
536279090,50,d59d233a1606de5b6deb,161,CC(C)(O)CCc1ccccc1,validation
536279090,50,964a62fb7d677de0f711,162,CC(C)CCOC(=O)c1ccccc1,unlabeled
536279090,50,f35f8782c107387233ed,163,CC(C)CCOC(=O)c1ccccc1,unlabeled
536279090,50,4d602abaaf336ac523e4,164,CC(C)CCOC(=O)c1ccccc1,unlabeled
536279090,50,4768b747981033fbdf34,165,CC(C)CCOC(=O)c1ccccc1,unlabeled
536279090,50,3df34ab1c0d58c86999e,166,CC(C)CCOC(=O)c1ccccc1,test
536279090,50,8b67a1246fe892b6581d,167,CC(C)CCOC(=O)c1ccccc1,unlabeled
536279090,50,2bafcbea1bb66eb60a71,168,CC(C)CCOC(=O)c1ccccc1,unlabeled
536279090,50,2beadb75e05408973f02,169,CCOC(=O)/C=C/c1ccccc1,unlabeled
536279090,50,dd7cae2667a1348a2caf,170,CCOC(=O)/C=C/c1ccccc1,unlabeled
536279090,50,56f1cecfc0c6c3d224be,171,CCOC(=O)/C=C/c1ccccc1,unlabeled
536279090,50,6278b7d64a22dbe3844e,172,CCOC(=O)/C=C/c1ccccc1,unlabeled
536279090,50,a75e421e756083edea35,173,CCOC(=O)/C=C/c1ccccc1,unlabeled
536279090,50,c9f7ab78e90454873661,174,CCOC(=O)/C=C/c1ccccc1,unlabeled
536279090,50,b36d7c12e6d3072467ee,175,CCOC(=O)/C=C/c1ccccc1,unlabeled
536279090,50,5dc7d31c57624ac47575,176,COc1ccc(C)cc1OC,unlabeled
536279090,50,7dea14d96460814919d3,177,COc1ccc(C)cc1OC,unlabeled
536279090,50,83a16763654b3b743265,178,COc1ccc(C)cc1OC,unlabeled
536279090,50,ee96bcc328a38cb12519,179,COc1ccc(C)cc1OC,test
536279090,50,62763fd48ebc7554402f,180,COc1ccc(C)cc1OC,test
536279090,50,dd29d0f859e11f70f4ec,181,COc1ccc(C)cc1OC,unlabeled
536279090,50,826e9f40c328ce2478ec,182,COc1ccc(C)cc1OC,gradient_train
536279090,50,2e684264400b651dae88,183,C1=Cc2ccccc2C1,unlabeled
536279090,50,e4f37e6e6def0eec724a,184,C1=Cc2ccccc2C1,unlabeled
536279090,50,fda6d7aa920e5400a222,185,C1=Cc2ccccc2C1,unlabeled
536279090,50,ee0eba88726c692c7f0c,186,C1=Cc2ccccc2C1,unlabeled
536279090,50,c438c37de3a60de0e84a,187,C1=Cc2ccccc2C1,test
536279090,50,f51bc35441c8ba7713b6,188,C1=Cc2ccccc2C1,unlabeled
536279090,50,cb1bb21d54890633943c,189,C1=Cc2ccccc2C1,unlabeled
536279090,50,2e561b136ec088ba3eff,190,Cc1ccc(C)cc1,unlabeled
536279090,50,0d6f66d7971473a2cef9,191,Cc1ccc(C)cc1,unlabeled
536279090,50,6950f8ebe95298defec5,192,Cc1ccc(C)cc1,gradient_train
536279090,50,1837a52df085e2fc70d1,193,Cc1ccc(C)cc1,unlabeled
536279090,50,8067767b73f132489d46,194,Cc1ccc(C)cc1,unlabeled
536279090,50,bc3f10fed296515e66e5,195,Cc1ccc(C)cc1,unlabeled
536279090,50,369517a8e4fab7d4e0e5,196,Cc1ccc(C)cc1,gradient_train
536279090,50,acc1a540efdb60e4fa76,197,ClCCc1ccccc1,unlabeled
536279090,50,b849b02cc7a096ff6f6a,198,ClCCc1ccccc1,unlabeled
536279090,50,75b105d94d176eec90ba,199,ClCCc1ccccc1,unlabeled
536279090,50,4699975b36aa2351be18,200,ClCCc1ccccc1,unlabeled
536279090,50,a2ecd7c05da585c2a35e,201,ClCCc1ccccc1,unlabeled
536279090,50,82843c7e3b9005c1abb0,202,ClCCc1ccccc1,unlabeled
536279090,50,216e9e13c0587f197c0b,203,ClCCc1ccccc1,gradient_train
536279090,50,31162ac7e21c9688cbdc,204,CC(O)c1ccccc1,unlabeled
536279090,50,82ffe9abc3d02f4b970f,205,CC(O)c1ccccc1,unlabeled
536279090,50,35eae227e68fe7434e68,206,CC(O)c1ccccc1,unlabeled
536279090,50,82b6a0a8f122317d79d4,207,CC(O)c1ccccc1,unlabeled
536279090,50,9b28c23ad1d4dda9fe1a,208,CC(O)c1ccccc1,unlabeled
536279090,50,4455212440cbaf6d51e2,209,COc1ccccc1,unlabeled
536279090,50,fcea8574ae051fe11483,210,COc1ccccc1,unlabeled
536279090,50,04d4a16ff682bc7c55c8,211,COc1ccccc1,unlabeled
536279090,50,62ca5eadee5ef28e9aeb,212,COc1ccccc1,gradient_train
536279090,50,42f031acb8211bfbf67f,213,COc1ccccc1,unlabeled
536279090,50,472b8f06caf25ffe6c7a,214,COc1ccccc1,unlabeled
536279090,50,d532e4ccbab971232d40,215,COc1ccccc1,unlabeled
536279090,50,bae9f1ce7c04e7ccf16b,216,CCOC(=O)C(Br)C(=O)OCC,unlabeled
536279090,50,fc58ac30a03fcb0ec051,217,CCOC(=O)C(Br)C(=O)OCC,validation
536279090,50,c4b569d1149e4ec87b12,218,CCOC(=O)C(Br)C(=O)OCC,unlabeled
536279090,50,53d7fb31d852cbb33059,219,CCOC(=O)C(Br)C(=O)OCC,unlabeled
536279090,50,265addbdd355a85c628d,220,CCOC(=O)C(Br)C(=O)OCC,unlabeled
536279090,50,b07e3b186c5f9a698624,221,CCOC(=O)C(Br)C(=O)OCC,unlabeled
536279090,50,28c4b7ec4bf7f486b68c,222,CCOC(=O)C(Br)C(=O)OCC,unlabeled
536279090,50,c9d7d885160197c7f67c,223,c1ccc(COCc2ccccc2)cc1,unlabeled
536279090,50,e2869f5cf5635b6ae9c1,224,c1ccc(COCc2ccccc2)cc1,unlabeled
536279090,50,49865eda3c0e936157be,225,c1ccc(COCc2ccccc2)cc1,unlabeled
536279090,50,d26cffd9ef4da9800470,226,c1ccc(COCc2ccccc2)cc1,unlabeled
536279090,50,ce9ac115ce41ab41f01d,227,c1ccc(COCc2ccccc2)cc1,unlabeled
536279090,50,b2b5155e06ff9134c6a4,228,c1ccc(COCc2ccccc2)cc1,unlabeled
536279090,50,f1aabb6243aed53011cb,229,c1ccc(COCc2ccccc2)cc1,test
536279090,50,ebc9c107c2207e99cf79,230,CCOC(=O)CC(C)=O,gradient_train
536279090,50,f373e0ffa24cb51dd13a,231,CCOC(=O)CC(C)=O,gradient_train
536279090,50,bcb35848089ca50a1eef,232,CCOC(=O)CC(C)=O,unlabeled
536279090,50,ef8527c6b63d54b73966,233,CCOC(=O)CC(C)=O,unlabeled
536279090,50,86f385aa0925171d22cc,234,CCOC(=O)CC(C)=O,unlabeled
536279090,50,9c7a6ce4172638d2abc7,235,CCOC(=O)CC(C)=O,unlabeled
536279090,50,982585c1a4e89f10713f,236,O=CCCc1ccccc1,unlabeled
536279090,50,36af0c588eb2e094a55e,237,O=CCCc1ccccc1,unlabeled
536279090,50,afcb9ffea06f12f9e0f5,238,O=CCCc1ccccc1,unlabeled
536279090,50,e584c52185ccefd22a26,239,O=CCCc1ccccc1,unlabeled
536279090,50,39e40f336da135e6a7b5,240,O=CCCc1ccccc1,validation
536279090,50,e3c9408f01aa7642870f,241,O=CCCc1ccccc1,test
536279090,50,155ad3f702726e253c4d,242,O=CCCc1ccccc1,unlabeled
536279090,50,f84aa17604ca7f927b8c,243,C=CC(=O)OCCOc1ccccc1,unlabeled
536279090,50,6b8023df74ccc51e5c76,244,C=CC(=O)OCCOc1ccccc1,unlabeled
536279090,50,b056b793f5b571e6cdee,245,C=CC(=O)OCCOc1ccccc1,unlabeled
536279090,50,934f00061cc32bab10e8,246,C=CC(=O)OCCOc1ccccc1,unlabeled
536279090,50,b983d4c3094d909b570e,247,C=CC(=O)OCCOc1ccccc1,unlabeled
536279090,50,b6f53d16978daf702470,248,C=CC(=O)OCCOc1ccccc1,unlabeled
536279090,50,9563dde5c28fb62e4f7e,249,C=CC(=O)OCCOc1ccccc1,test
536279090,50,de2563a5f711307823f1,250,C=CC(=O)OC1CCCCC1,unlabeled
536279090,50,e2e681b0653ec64f7c14,251,C=CC(=O)OC1CCCCC1,unlabeled
536279090,50,fbf392edaddff6347b58,252,C=CC(=O)OC1CCCCC1,unlabeled
536279090,50,3955ae590ac179d279b6,253,C=CC(=O)OC1CCCCC1,unlabeled
536279090,50,db51f6df02555cb9c264,254,C=CC(=O)OC1CCCCC1,unlabeled
536279090,50,2195290d04210cdb253f,255,C=CC(=O)OC1CCCCC1,gradient_train
536279090,50,8063e3de9de70b75def1,256,C=CC(=O)OC1CCCCC1,unlabeled
536279090,50,88771c5c64ed839a4436,257,C=CC(=O)OCc1ccccc1,unlabeled
536279090,50,b5365d56777fde5c4dfc,258,C=CC(=O)OCc1ccccc1,unlabeled
536279090,50,4513e318c9d037303b13,259,C=CC(=O)OCc1ccccc1,test
536279090,50,efca00a284b2cadc5737,260,C=CC(=O)OCc1ccccc1,unlabeled
536279090,50,b473ef06a415d0f114b0,261,C=CC(=O)OCc1ccccc1,unlabeled
536279090,50,df02863943321996441f,262,C=CC(=O)OCc1ccccc1,test
536279090,50,194278dd9ee3d2407ed5,263,C=CC(=O)OCc1ccccc1,unlabeled
536279090,50,cc31b914acbab022eb9a,264,COC(=O)C(C)(C)Br,unlabeled
536279090,50,a9eea85ddeee2da33706,265,COC(=O)C(C)(C)Br,test
536279090,50,640353c89b3ce64ee98b,266,COC(=O)C(C)(C)Br,unlabeled
536279090,50,b11bb6293c307f7f7282,267,COC(=O)C(C)(C)Br,unlabeled
536279090,50,77b0577e6b0adb649e63,268,COC(=O)C(C)(C)Br,unlabeled
536279090,50,543561ac99bc28db6f2f,269,COC(=O)C(C)(C)Br,unlabeled
536279090,50,056255620b7acc9c630f,270,COC(=O)C(C)(C)Br,unlabeled
536279090,50,7b1589ae321d27608509,271,COC(=O)CS,unlabeled
536279090,50,0fee19a828ef997229fd,272,COC(=O)CS,test
536279090,50,222dede783147d5efa63,273,COC(=O)CS,unlabeled
536279090,50,d9a40ac35b79fbcf214a,274,COC(=O)CS,unlabeled
536279090,50,aaf22f8324aad12a55fa,275,COC(=O)CS,unlabeled
536279090,50,a9bfabe931467745353e,276,COC(=O)CS,unlabeled
536279090,50,be7d68067464e72d0b8d,277,COC(=O)CS,test
536279090,50,b418a712463f5abf8b81,278,CC(=O)CCCCl,unlabeled
536279090,50,850a69ce73ac04035aa3,279,CC(=O)CCCCl,unlabeled
536279090,50,7c4153fe9561da818ae1,280,CC(=O)CCCCl,unlabeled
536279090,50,a67016d937c499be9d64,281,CC(C)=CCBr,unlabeled
536279090,50,4559d83db38cc3c39d13,282,CC(C)=CCBr,unlabeled
536279090,50,bf8409f12dae2388c6a0,283,CC(C)=CCBr,unlabeled
536279090,50,832899abb44b8d2246cd,284,CC(C)=CCBr,unlabeled
536279090,50,5729cc87eb48a75655ad,285,CC(C)=CCBr,unlabeled
536279090,50,adb6d48eec0fb576d7fc,286,CC(C)=CCBr,unlabeled
536279090,50,bc789871fe39d967a9e0,287,CC(C)=CCBr,unlabeled
536279090,50,fff65bc451d163b1b106,288,C=CC(=O)OCCCCCCCCCCCC,unlabeled
536279090,50,c761659793c5929e2214,289,C=CC(=O)OCCCCCCCCCCCC,test
536279090,50,4c7d7c5f8b0c317c5548,290,C=CC(=O)OCCCCCCCCCCCC,unlabeled
536279090,50,a9656ffd805f80fcf143,291,C=CC(=O)OCCCCCCCCCCCC,unlabeled
536279090,50,da10d2f67a989e8b16b5,292,C=CC(=O)OCCCCCCCCCCCC,unlabeled
536279090,50,7ca22b2f4d23a7afb10e,293,C=CC(=O)OCCCCCCCCCCCC,unlabeled
536279090,50,38f57a9d08efd5f070d0,294,C=CC(=O)OCCCCCCCCCCCC,unlabeled
536279090,50,1619a0c8b233772ba0c0,295,C=CC(=O)O[C@@H]1C[C@H]2CC[C@]1(C)C2(C)C,test
536279090,50,0b9968c1280b5e4f726a,296,C=CC(=O)O[C@@H]1C[C@H]2CC[C@]1(C)C2(C)C,unlabeled
536279090,50,0d5196ceda603b66bd22,297,C=CC(=O)O[C@@H]1C[C@H]2CC[C@]1(C)C2(C)C,unlabeled
536279090,50,244e5c6375ff0c923725,298,C=CC(=O)O[C@@H]1C[C@H]2CC[C@]1(C)C2(C)C,unlabeled
536279090,50,4f34bbce67c94a44318a,299,C=CC(=O)O[C@@H]1C[C@H]2CC[C@]1(C)C2(C)C,unlabeled
536279090,50,0f8a39d1c0a7eaf35c75,300,C=CC(=O)O[C@@H]1C[C@H]2CC[C@]1(C)C2(C)C,unlabeled
536279090,50,6de4f7fd8ac19d183348,301,C=CC(=O)O[C@@H]1C[C@H]2CC[C@]1(C)C2(C)C,gradient_train
536279090,50,8bac25cfab022a9fb887,302,C=CC(=O)OCC(CC)CCCC,unlabeled
536279090,50,aeef2128392508cc81cc,303,C=CC(=O)OCC(CC)CCCC,unlabeled
536279090,50,a2eefb55da4d47a4347b,304,C=CC(=O)OCC(CC)CCCC,unlabeled
536279090,50,3c7f7a7105a5eb39ca89,305,C=CC(=O)OCC(CC)CCCC,unlabeled
536279090,50,2bf67acb4c861cf83990,306,C=CC(=O)OCC(CC)CCCC,unlabeled
536279090,50,d67e364fd6830aa2bf6f,307,C=CC(=O)OCC(CC)CCCC,unlabeled
536279090,50,84caf30ea66b29e2ea91,308,C=CC(=O)OCC(CC)CCCC,unlabeled
536279090,50,1bd5bb3744b78ada7307,309,FC(F)(F)c1cc(Br)cc(C(F)(F)F)c1,gradient_train
536279090,50,dd7fdbe3fa3800e6499f,310,FC(F)(F)c1cc(Br)cc(C(F)(F)F)c1,unlabeled
536279090,50,ab84efb31c801e49c87c,311,FC(F)(F)c1cc(Br)cc(C(F)(F)F)c1,unlabeled
536279090,50,69f6dbdc304c0475f868,312,FC(F)(F)c1cc(Br)cc(C(F)(F)F)c1,validation
536279090,50,a43656cab81e1b0fcccf,313,FC(F)(F)c1cc(Br)cc(C(F)(F)F)c1,test
536279090,50,bcf8bb13e4fca185fe68,314,FC(F)(F)c1cc(Br)cc(C(F)(F)F)c1,unlabeled
536279090,50,fe71f29c800d4ee35138,315,FC(F)(F)c1cc(Br)cc(C(F)(F)F)c1,unlabeled
536279090,50,2416be80d114ff60224d,316,O=Cc1ccc(Cl)cc1Br,unlabeled
536279090,50,9201cead3641f52a1f20,317,O=Cc1ccc(Cl)cc1Br,unlabeled
536279090,50,49276f9b1cc72d41bbfd,318,O=Cc1ccc(Cl)cc1Br,unlabeled
536279090,50,6cb8bbf843e6064ce249,319,O=Cc1ccc(Cl)cc1Br,unlabeled
536279090,50,a6b1d92e3de602f8963c,320,O=Cc1ccc(Cl)cc1Br,unlabeled
536279090,50,135ac7deca522d1e7929,321,O=Cc1ccc(Cl)cc1Br,unlabeled
536279090,50,0f3bd8418ab9ba9d1ed2,322,O=Cc1ccc(Cl)cc1Br,unlabeled
536279090,50,6cd5860914563da59932,323,O=Cc1ccc2c(c1)CCO2,unlabeled
536279090,50,5179c3962ada5450dde7,324,O=Cc1ccc2c(c1)CCO2,unlabeled
536279090,50,ad45b4b8aaed2c2b0b33,325,O=Cc1ccc2c(c1)CCO2,test
536279090,50,6c8de7fb3dbd4f5adabf,326,O=Cc1ccc2c(c1)CCO2,unlabeled
536279090,50,f72724ff299c47641488,327,COc1cc(F)cc(Br)c1,unlabeled
536279090,50,2cde006ff48a36a368d2,328,COc1cc(F)cc(Br)c1,unlabeled
536279090,50,09879f6853acb50e1280,329,COc1cc(F)cc(Br)c1,test
536279090,50,cd492dbc52d170e5a396,330,COc1cc(F)cc(Br)c1,unlabeled
536279090,50,e1244cc412f81ac11bd3,331,COc1cc(F)cc(Br)c1,unlabeled
536279090,50,69bed1df8dc3cf82927c,332,COc1cc(F)cc(Br)c1,unlabeled
536279090,50,adc9f476f8b5d66fa85d,333,COc1cc(F)cc(Br)c1,unlabeled
536279090,50,e7e3cdff8a4b43574b19,334,CC(C)(C)c1cc(C=O)cc(C(C)(C)C)c1,test
536279090,50,22fcaa293d9525e1f4e7,335,CC(C)(C)c1cc(C=O)cc(C(C)(C)C)c1,unlabeled
536279090,50,5965305884ee5fba94d8,336,CC(C)(C)c1cc(C=O)cc(C(C)(C)C)c1,unlabeled
536279090,50,556baeed852270e9c0fc,337,CC(C)(C)c1cc(C=O)cc(C(C)(C)C)c1,unlabeled
536279090,50,376fc6387117429bcb19,338,CC(C)(C)c1cc(C=O)cc(C(C)(C)C)c1,unlabeled
536279090,50,3fbc880a145bcc2155c9,339,CC(C)(C)c1cc(C=O)cc(C(C)(C)C)c1,gradient_train
536279090,50,2964279ae2fd8a820ae1,340,CC(C)(C)c1cc(C=O)cc(C(C)(C)C)c1,gradient_train
536279090,50,c084940b1be4fa61738d,341,COc1cc(Br)cc(OC)c1,unlabeled
536279090,50,deac65153d9204a230ec,342,COc1cc(Br)cc(OC)c1,unlabeled
536279090,50,b5f0b6271cd244ade9a3,343,COc1cc(Br)cc(OC)c1,gradient_train
536279090,50,79723584590c0a689474,344,COc1cc(Br)cc(OC)c1,unlabeled
536279090,50,984bc17b1da105c753eb,345,COc1cc(Br)cc(OC)c1,unlabeled
536279090,50,1b7e334ea83516d08ff5,346,COc1cc(Br)cc(OC)c1,unlabeled
536279090,50,b8018c4bdaadd42a057a,347,COc1cc(Br)cc(OC)c1,test
536279090,50,3b03dfa8ff44ff554734,348,O=Cc1cc(Br)ccc1O,test
536279090,50,167f49f748fa35bdb29e,349,O=Cc1cc(Br)ccc1O,unlabeled
536279090,50,7e19b816ecd8282ce2a1,350,O=Cc1cc(Br)ccc1O,unlabeled
536279090,50,0dffde5d00d50ee96173,351,O=Cc1cc(Br)ccc1O,unlabeled
536279090,50,65bfb38b53dd53bc4f4c,352,O=Cc1cc(Br)ccc1O,unlabeled
536279090,50,e79c5aedcfa41a5f23c9,353,O=Cc1cc(Br)ccc1O,gradient_train
536279090,50,27b234a05f8c66fd059f,354,O=Cc1cc(Br)ccc1O,unlabeled
536279090,50,1bf52d57e3b0d9ef0662,355,Cc1ccc(Cl)cc1Br,unlabeled
536279090,50,867407c66038f21466a8,356,Cc1ccc(Cl)cc1Br,unlabeled
536279090,50,fb19bbc052a528249f36,357,Cc1ccc(Cl)cc1Br,unlabeled
536279090,50,13bebd0b1ab22fc7e93b,358,Cc1ccc(Cl)cc1Br,unlabeled
536279090,50,c1b4c0f7481c01c40ec6,359,Cc1ccc(Cl)cc1Br,gradient_train
536279090,50,bb159f5b8695e842d4ff,360,Cc1ccc(Cl)cc1Br,unlabeled
536279090,50,ce70dba7026ce0b64f62,361,Cc1ccc(Cl)cc1Br,unlabeled
536279090,50,a5ea3136b642f8a49607,362,N#Cc1ccccc1Br,unlabeled
536279090,50,8671b386166171ebd7f7,363,N#Cc1ccccc1Br,unlabeled
536279090,50,d344b363b8c01e73a6fa,364,N#Cc1ccccc1Br,unlabeled
536279090,50,70e13ddfe9e6cc9b0f56,365,N#Cc1ccccc1Br,unlabeled
536279090,50,35046c5ff35d8c8617bb,366,N#Cc1ccccc1Br,unlabeled
536279090,50,848f6c84b4d5fc44c3c2,367,N#Cc1ccccc1Br,test
536279090,50,0974fc9cbeb3820c4065,368,Cc1ccc(C=O)c(C)c1,test
536279090,50,bc486e940c369b85ce28,369,Cc1ccc(C=O)c(C)c1,unlabeled
536279090,50,9a29b268530b7a3321a0,370,Cc1ccc(C=O)c(C)c1,unlabeled
536279090,50,51394d9af7adc7eff816,371,Cc1ccc(C=O)c(C)c1,unlabeled
536279090,50,5cbed870fef2de105046,372,Cc1ccc(C=O)c(C)c1,unlabeled
536279090,50,dbb854b36df7ed31d95f,373,Cc1ccc(C=O)c(C)c1,unlabeled
536279090,50,0c0f89307cc4aff87ab6,374,Cc1ccc(C=O)c(C)c1,test
536279090,50,a5d9706079ccfee3bdf4,375,COCCOC(=O)CC(C)=O,unlabeled
536279090,50,bacef06b4d4d7374a4e4,376,COCCOC(=O)CC(C)=O,unlabeled
536279090,50,74097878150c8a5a8d79,377,COCCOC(=O)CC(C)=O,unlabeled
536279090,50,47404d0982a587f0393e,378,COCCOC(=O)CC(C)=O,unlabeled
536279090,50,fb80794857ddc46e142c,379,CC(=O)c1ccc2c(c1)OCO2,unlabeled
536279090,50,6f34563b6236c57b9c60,380,CC(=O)c1ccc2c(c1)OCO2,unlabeled
536279090,50,147b560e4c606680c7b2,381,CC(=O)c1ccc2c(c1)OCO2,unlabeled
536279090,50,7396668aaa8d372aa464,382,CC(=O)c1ccc2c(c1)OCO2,unlabeled
536279090,50,78b04c44dfa852f4e621,383,CC(=O)c1ccc2c(c1)OCO2,unlabeled
536279090,50,f191e08b3e95928a5423,384,CC(=O)c1ccc2c(c1)OCO2,unlabeled
536279090,50,f5634113e0822bda1c03,385,CC(=O)c1ccc2c(c1)OCO2,gradient_train
536279090,50,45264f1c88b241fb888c,386,CC(=O)c1c(C)cc(C)cc1C,unlabeled
536279090,50,7b0fa77cbbcbd8e7c87a,387,CC(=O)c1c(C)cc(C)cc1C,unlabeled
536279090,50,c514f60c28973fc116c5,388,CC(=O)c1c(C)cc(C)cc1C,unlabeled
536279090,50,b63d546347919cb66716,389,CC(=O)c1c(C)cc(C)cc1C,unlabeled
536279090,50,823c667f35cddfcbc346,390,CC(=O)c1c(C)cc(C)cc1C,validation
536279090,50,d2955aa36bd2b103c981,391,CC(=O)c1c(C)cc(C)cc1C,unlabeled
536279090,50,4ce730c9ad4e20a0386e,392,CC(=O)c1c(C)cc(C)cc1C,unlabeled
536279090,50,f3531a1565c8159ac5e2,393,CC(=O)c1ccc(C)cc1C,gradient_train
536279090,50,c359fd726e50e2123f43,394,CC(=O)c1ccc(C)cc1C,unlabeled
536279090,50,a9a623a9853c6b493ce4,395,CC(=O)c1ccc(C)cc1C,unlabeled
536279090,50,784ca4af1517dac8cd11,396,CC(=O)c1ccc(C)cc1C,unlabeled
536279090,50,4c36e8e7d179b4bfa11a,397,CC(=O)c1ccc(C)cc1C,unlabeled
536279090,50,77fe8c752e01feedccfa,398,CC(=O)c1ccc(C)cc1C,unlabeled
536279090,50,0a1949b42050f41b0db4,399,CC(=O)c1ccc(C)cc1C,unlabeled
536279090,50,118d66c0e53f510c51ed,400,CC(=O)c1ccc2c(c1)Cc1ccccc1-2,unlabeled
536279090,50,38aa81d53a6b39e9d8ef,401,CC(=O)c1ccc2c(c1)Cc1ccccc1-2,unlabeled
536279090,50,c780d2f5194817087e07,402,CC(=O)c1ccc2c(c1)Cc1ccccc1-2,unlabeled
536279090,50,546046afb5114d631360,403,CC(=O)c1ccc2c(c1)Cc1ccccc1-2,unlabeled
536279090,50,dc9f747c03c55d77bf72,404,BrC(=C(c1ccccc1)c1ccccc1)c1ccccc1,unlabeled
536279090,50,d29c00125d1c5dc55586,405,BrC(=C(c1ccccc1)c1ccccc1)c1ccccc1,unlabeled
536279090,50,509e53644c411798f5b0,406,BrC(=C(c1ccccc1)c1ccccc1)c1ccccc1,unlabeled
536279090,50,5ac5df671efee45d3ddf,407,BrC(=C(c1ccccc1)c1ccccc1)c1ccccc1,unlabeled
536279090,50,1e8c03a5d84f08329475,408,BrC(=C(c1ccccc1)c1ccccc1)c1ccccc1,unlabeled
536279090,50,a7f9a08159d001c30f67,409,BrC(=C(c1ccccc1)c1ccccc1)c1ccccc1,test
536279090,50,97feb43dae8371e80d3b,410,BrC(=C(c1ccccc1)c1ccccc1)c1ccccc1,unlabeled
536279090,50,2f612d3ec5e270672ad1,411,C/C(=N\O)c1ccccc1,unlabeled
536279090,50,b089551184e4d70e386d,412,C/C(=N\O)c1ccccc1,test
536279090,50,95f7b6c8f44b25feade0,413,C/C(=N\O)c1ccccc1,unlabeled
536279090,50,b0f39affa1970d2700b7,414,C/C(=N\O)c1ccccc1,unlabeled
536279090,50,af2973fb82b6d79d8c5e,415,C/C(=N\O)c1ccccc1,unlabeled
536279090,50,3545611fd9950a160288,416,C/C(=N\O)c1ccccc1,test
536279090,50,786c4179676f46638e4a,417,O=C(c1ccccc1)c1ccc(Cl)cc1,unlabeled
536279090,50,937105af8867732c56ec,418,O=C(c1ccccc1)c1ccc(Cl)cc1,unlabeled
536279090,50,711f210d4869259d0651,419,O=C(c1ccccc1)c1ccc(Cl)cc1,gradient_train
536279090,50,26bb8ff67b7738527484,420,O=C(c1ccccc1)c1ccc(Cl)cc1,unlabeled
536279090,50,6624c43f78e6697c8ac9,421,O=C(c1ccccc1)c1ccc(Cl)cc1,unlabeled
536279090,50,f9b97e958092bd5cb81a,422,O=C(c1ccccc1)c1ccc(Cl)cc1,unlabeled
536279090,50,2d53109003f718b780fa,423,Cc1ccc(C(=O)c2ccccc2)cc1C,unlabeled
536279090,50,b9b624baffe611c30836,424,Cc1ccc(C(=O)c2ccccc2)cc1C,test
536279090,50,f8a590eaa91d155f61da,425,Cc1ccc(C(=O)c2ccccc2)cc1C,unlabeled
536279090,50,2fcaa537474ba2ae579f,426,Cc1ccc(C(=O)c2ccccc2)cc1C,unlabeled
536279090,50,d914e4c833f2df567cac,427,Cc1ccc(C(=O)c2ccccc2)cc1C,unlabeled
536279090,50,5048acae682925888d12,428,Cc1ccc(C(=O)c2ccccc2)cc1C,unlabeled
536279090,50,41927f703a0632f098fb,429,CC(=O)CC(=O)c1ccccc1,unlabeled
536279090,50,760d0bf0ec31747d3969,430,CC(=O)CC(=O)c1ccccc1,unlabeled
536279090,50,d71aab82a8179d05294a,431,CC(=O)CC(=O)c1ccccc1,unlabeled
536279090,50,25ffb25df5bec65a633b,432,CC(=O)CC(=O)c1ccccc1,unlabeled
536279090,50,92d69b1849c34b7f1a80,433,CCOC(=O)C(Cc1ccccc1)C(C)=O,unlabeled
536279090,50,a289439d96e27bec7cbc,434,CCOC(=O)C(Cc1ccccc1)C(C)=O,unlabeled
536279090,50,4707a180fe4230c208ff,435,CCOC(=O)C(Cc1ccccc1)C(C)=O,unlabeled
536279090,50,41921840a5681261ba98,436,CCOC(=O)C(Cc1ccccc1)C(C)=O,unlabeled
536279090,50,b5080cde4f493a415fc5,437,CCOC(=O)C(Cc1ccccc1)C(C)=O,unlabeled
536279090,50,1bbec08f4838f06da0fb,438,CCOC(=O)C(Cc1ccccc1)C(C)=O,unlabeled
536279090,50,bd0519702a5756bc3c94,439,CCOC(=O)C(Cc1ccccc1)C(C)=O,test
536279090,50,b7fa3dd8e6040788ae14,440,CCOC(=O)c1cccnc1,unlabeled
536279090,50,2deca509a22158d15375,441,CCOC(=O)c1cccnc1,unlabeled
536279090,50,b48dea92ecfc07816494,442,CCOC(=O)c1cccnc1,unlabeled
536279090,50,82fa7e7b3bd183853280,443,CCOC(=O)c1cccnc1,unlabeled
536279090,50,7ba2cf5e6ca289d9810f,444,CCOC(=O)c1cccnc1,unlabeled
536279090,50,7dec4c1259ce3660b729,445,COc1ccc(OC)c(Br)c1,unlabeled
536279090,50,768064b2e2a953d147d0,446,COc1ccc(OC)c(Br)c1,unlabeled
536279090,50,212154e56fe15a3333a2,447,COc1ccc(OC)c(Br)c1,unlabeled
536279090,50,c56a92db4ce7de66bee1,448,COc1ccc(OC)c(Br)c1,unlabeled
536279090,50,48b99ebef2fd7718f678,449,COc1ccc(OC)c(Br)c1,unlabeled
536279090,50,6da48b9dd6e1ed7e26fd,450,COc1ccc(OC)c(Br)c1,unlabeled
536279090,50,a2eeeea4e6525c9d22d4,451,COc1ccc(OC)c(Br)c1,unlabeled
536279090,50,1e0e33b1a77df72f4dd8,452,OCc1cccc(Br)c1,gradient_train
536279090,50,371711577127c07527e3,453,OCc1cccc(Br)c1,unlabeled
536279090,50,78d4810a82f060b5cf49,454,OCc1cccc(Br)c1,unlabeled
536279090,50,1c04f02c0ea8c00b358d,455,OCc1cccc(Br)c1,unlabeled
536279090,50,4bc0dc84991def63aa1b,456,O=C1CCCc2ccccc21,unlabeled
536279090,50,2433f7a3f7959e1d1b74,457,O=C1CCCc2ccccc21,unlabeled
536279090,50,944f0a85ec8978a60444,458,O=C1CCCc2ccccc21,unlabeled
536279090,50,8afc083342d1c2e7f78a,459,O=C1CCCc2ccccc21,test
536279090,50,c35ed383b2db14b3bc06,460,O=C1CCCc2ccccc21,unlabeled
536279090,50,d7c72c92165e2c129547,461,O=C1CCCc2ccccc21,unlabeled
536279090,50,e375bb01e53e46f8faee,462,O=C1CCCc2ccccc21,unlabeled
536279090,50,fdc873b5607287090ff3,463,CSc1ccc(C=O)cc1,unlabeled
536279090,50,80b4e33a8434ac29ed52,464,CSc1ccc(C=O)cc1,unlabeled
536279090,50,ee60c3ffc43a4c2c965e,465,CSc1ccc(C=O)cc1,unlabeled
536279090,50,95f10fffb85ea1b1f47a,466,CSc1ccc(C=O)cc1,unlabeled
536279090,50,793d8259fd7820530cfe,467,Cc1ccccc1C=O,unlabeled
536279090,50,13fb1511fffef8fc96e0,468,Cc1ccccc1C=O,unlabeled
536279090,50,532a47d1b45e54d6326b,469,Cc1ccccc1C=O,unlabeled
536279090,50,dcd70c2b5039c4268d56,470,Cc1ccccc1C=O,unlabeled
536279090,50,22d860e7f246ca4272a4,471,Cc1ccccc1C=O,unlabeled
536279090,50,f21df276243d861dc2b2,472,Cc1ccccc1C=O,gradient_train
536279090,50,08820514e662ce6ea8f0,473,Cc1ccccc1C=O,unlabeled
536279090,50,d60e09bca01342c7cfa6,474,O=Cc1ccc(Br)cc1O,unlabeled
536279090,50,9dda290379fb047fc74d,475,O=Cc1ccc(Br)cc1O,unlabeled
536279090,50,4a58b799c494875f6f27,476,O=Cc1ccc(Br)cc1O,unlabeled
536279090,50,98a1ca00445d60f415d4,477,O=Cc1ccc(Br)cc1O,unlabeled
536279090,50,ddecd252bb1099fb20f7,478,O=Cc1ccc(Br)cc1O,test
536279090,50,226ebdbf914ce9333de8,479,O=Cc1ccc(Br)cc1O,unlabeled
536279090,50,99dd4a9a47de5c84b7c0,480,O=Cc1ccc(Br)cc1O,unlabeled
536279090,50,ecc7e2759499addc038f,481,CC(=O)c1ccc(Br)cc1,unlabeled
536279090,50,66c1ee6eed3d1587de50,482,CC(=O)c1ccc(Br)cc1,unlabeled
536279090,50,a26a131344d4dbd9645b,483,CC(=O)c1ccc(Br)cc1,test
536279090,50,f0edd899ac987a1de9dd,484,CC(=O)c1ccc(Br)cc1,unlabeled
536279090,50,0e13b08b0f9c772699e1,485,CC(=O)c1ccc(Br)cc1,unlabeled
536279090,50,1254297404cc9db52ee2,486,CC(=O)c1ccc(Br)cc1,test
536279090,50,bc8e1d805b36b63cbfbe,487,CC(=O)c1ccc(Br)cc1,unlabeled
536279090,50,cd998cddd3dcb4fc8c92,488,O=C(Cc1ccccc1)c1ccccc1,gradient_train
536279090,50,12e11e8eaee71fc57209,489,O=C(Cc1ccccc1)c1ccccc1,unlabeled
536279090,50,054457c7699aabd6c619,490,O=C(Cc1ccccc1)c1ccccc1,unlabeled
536279090,50,893e4c91da1b0b2f7d3e,491,O=C(Cc1ccccc1)c1ccccc1,unlabeled
536279090,50,18e8a9c1ea6aa15c0d01,492,O=C(Cc1ccccc1)c1ccccc1,unlabeled
536279090,50,bc582f1f4f4225f6d249,493,O=C(Cc1ccccc1)c1ccccc1,gradient_train
536279090,50,d92ef85db0d1c0979197,494,O=C(Cc1ccccc1)c1ccccc1,unlabeled
536279090,50,ddc0b27538aa926cbb6e,495,O=Cc1ccc(-c2ccccc2)cc1,test
536279090,50,6dcfe9b1e0958f22523b,496,O=Cc1ccc(-c2ccccc2)cc1,validation
536279090,50,3cdf1bcd3739e20f72d2,497,O=Cc1ccc(-c2ccccc2)cc1,unlabeled
536279090,50,a8e4c6001ce3245c634b,498,O=Cc1ccc(-c2ccccc2)cc1,unlabeled
536279090,50,24b540d7814b4d9c5183,499,O=Cc1ccc(-c2ccccc2)cc1,unlabeled
536279090,50,b0cadf050313e9a3a162,500,O=Cc1ccc(-c2ccccc2)cc1,unlabeled
536279090,50,8837a8a19c37b63d2e48,501,O=Cc1ccc(-c2ccccc2)cc1,unlabeled
536279090,50,23a832560d234735d954,502,O=Cc1ccc2ccccc2c1Br,unlabeled
536279090,50,90777be8090491479de1,503,O=Cc1ccc2ccccc2c1Br,unlabeled
536279090,50,926a7862066269f98d62,504,O=Cc1ccc2ccccc2c1Br,unlabeled
536279090,50,2c51476c6fa3121c5dfc,505,O=Cc1ccc2ccccc2c1Br,test
536279090,50,5a9449a7562d442b8669,506,O=Cc1ccc2ccccc2c1Br,unlabeled
536279090,50,2cbca950d64fdcd81660,507,O=Cc1ccc2ccccc2c1Br,unlabeled
536279090,50,fb1fdaa4bc60434648f7,508,O=Cc1ccc2ccccc2c1Br,unlabeled
536279090,50,9e46dbe8a460d3f96a27,509,O=C(/C=C/c1ccccc1)c1ccccc1,test
536279090,50,31e75b850983502aa64f,510,O=C(/C=C/c1ccccc1)c1ccccc1,validation
536279090,50,b566ed83f272904657ba,511,O=C(/C=C/c1ccccc1)c1ccccc1,unlabeled
536279090,50,c2be1e8f7c2c080f49f5,512,O=C(/C=C/c1ccccc1)c1ccccc1,unlabeled
536279090,50,fde2d968ab29d13d4f1d,513,O=C(/C=C/c1ccccc1)c1ccccc1,test
536279090,50,240da69c823911ff5ccc,514,O=C(/C=C/c1ccccc1)c1ccccc1,unlabeled
536279090,50,b2b26956a788c2a8c7e9,515,O=C(/C=C/c1ccccc1)c1ccccc1,test
536279090,50,f3b80f5fe97d26fd8383,516,O=C(/C=C/c1ccccc1)/C=C/c1ccccc1,unlabeled
536279090,50,d60f7e6b21ea96567843,517,O=C(/C=C/c1ccccc1)/C=C/c1ccccc1,test
536279090,50,bb61793cbbbe2bfa4e12,518,O=C(/C=C/c1ccccc1)/C=C/c1ccccc1,unlabeled
536279090,50,d078d930aa37448ec4aa,519,O=C(/C=C/c1ccccc1)/C=C/c1ccccc1,unlabeled
536279090,50,8cd132f293d2823adc8d,520,O=C(/C=C/c1ccccc1)/C=C/c1ccccc1,unlabeled
536279090,50,88f58ab7b7cf02f8f134,521,O=C(/C=C/c1ccccc1)/C=C/c1ccccc1,unlabeled
536279090,50,17bdb259a18419ca296f,522,O=C(/C=C/c1ccccc1)/C=C/c1ccccc1,unlabeled
536279090,50,77c599d272254892b6ec,523,CC1CCC(=O)c2ccccc21,unlabeled
536279090,50,b393af61f6769ceccbc0,524,CC1CCC(=O)c2ccccc21,unlabeled
536279090,50,49668be051b44a819f00,525,CC1CCC(=O)c2ccccc21,unlabeled
536279090,50,ffa86b2ffa5ac89b0720,526,CC1CCC(=O)c2ccccc21,unlabeled
536279090,50,43aa4f12be94a8a96b35,527,CC1CCC(=O)c2ccccc21,unlabeled
536279090,50,c09fbafa246c8d17b677,528,CC1CCC(=O)c2ccccc21,unlabeled
536279090,50,f38afd5febe30c01c852,529,CC1CCC(=O)c2ccccc21,unlabeled
536279090,50,490ab56dde175e9b97f5,530,O=C(Cc1ccccc1F)C1CC1,test
536279090,50,3156893d5d2368c286a5,531,O=C(Cc1ccccc1F)C1CC1,unlabeled
536279090,50,5ca73775e77c8e07812b,532,O=C(Cc1ccccc1F)C1CC1,unlabeled
536279090,50,e90e636dced92c2b53d7,533,O=C(Cc1ccccc1F)C1CC1,unlabeled
536279090,50,21e4905ef98fba65035a,534,O=C(Cc1ccccc1F)C1CC1,unlabeled
536279090,50,2eda4e5a40a9021016cb,535,O=C(Cc1ccccc1F)C1CC1,unlabeled
536279090,50,9c357cc9e9b8199eb1e0,536,O=C(Cc1ccccc1F)C1CC1,unlabeled
536279090,50,51091e7a7f83732eaf1b,537,CCC(=O)c1cccc(Br)c1,test
536279090,50,71577790a52cb379d81f,538,CCC(=O)c1cccc(Br)c1,unlabeled
536279090,50,e3b2ac778da2b86aa873,539,CCC(=O)c1cccc(Br)c1,unlabeled
536279090,50,1046fdfaf24728b107ba,540,CCC(=O)c1cccc(Br)c1,test
536279090,50,2e10d8b186d86053260f,541,CCC(=O)c1cccc(Br)c1,unlabeled
536279090,50,5111664a952a4ab7d54e,542,CCC(=O)c1cccc(Br)c1,unlabeled
536279090,50,ffcab07e0d31056e0d4a,543,CCC(=O)c1cccc(Br)c1,unlabeled
536279090,50,b6bb9be5584029502820,544,COCCCCC(=O)c1ccc(C(F)(F)F)cc1,unlabeled
536279090,50,60a000cb56517513c4d2,545,COCCCCC(=O)c1ccc(C(F)(F)F)cc1,unlabeled
536279090,50,677c30b5727454c7a81e,546,COCCCCC(=O)c1ccc(C(F)(F)F)cc1,unlabeled
536279090,50,94bc1858c275dcb3d476,547,COCCCCC(=O)c1ccc(C(F)(F)F)cc1,unlabeled
536279090,50,06c29062334b43b0d12f,548,COCCCCC(=O)c1ccc(C(F)(F)F)cc1,unlabeled
536279090,50,80e66bd0e8e9450537bb,549,COCCCCC(=O)c1ccc(C(F)(F)F)cc1,unlabeled
536279090,50,b82c7c8060589ec1974b,550,CCCC(=O)c1ccc(-c2ccccc2)cc1,unlabeled
536279090,50,57e291b74a249c9dd3ff,551,CCCC(=O)c1ccc(-c2ccccc2)cc1,unlabeled
536279090,50,7d6bcd84e5a6861fc8fc,552,CCCC(=O)c1ccc(-c2ccccc2)cc1,gradient_train
536279090,50,2d37adf0d65a19bc2c0c,553,CCCC(=O)c1ccc(-c2ccccc2)cc1,test
536279090,50,3c892a45de6ec4625f37,554,CCCC(=O)c1ccc(-c2ccccc2)cc1,unlabeled
536279090,50,e2c826d98b2bbeb6f48b,555,CCCC(=O)c1ccc(-c2ccccc2)cc1,unlabeled
536279090,50,ce61c0bd799e65402b75,556,CCCC(=O)c1ccc(-c2ccccc2)cc1,unlabeled
536279090,50,0f05b5ba6eb528d54b4b,557,O=C(c1ccccc1)c1cccc(C(=O)c2ccccc2)c1,unlabeled
536279090,50,c4412adf038c7f6ea3c2,558,O=C(c1ccccc1)c1cccc(C(=O)c2ccccc2)c1,gradient_train
536279090,50,182fc7fe888dbb9535bb,559,O=C(c1ccccc1)c1cccc(C(=O)c2ccccc2)c1,unlabeled
536279090,50,8abf9c0719e2d67a22f9,560,O=C(c1ccccc1)c1cccc(C(=O)c2ccccc2)c1,unlabeled
536279090,50,b8a4c06710d95c33cfe1,561,O=C(c1ccccc1)c1cccc(C(=O)c2ccccc2)c1,unlabeled
536279090,50,7e451fd74af5bfa51ac9,562,O=C(c1ccccc1)c1cccc(C(=O)c2ccccc2)c1,unlabeled
536279090,50,07e9bc7a9d27fdd58c2f,563,O=C(c1ccccc1)c1cccc(C(=O)c2ccccc2)c1,unlabeled
536279090,50,2f828b7aa8c3e93352da,564,CCC(=O)c1cccnc1,unlabeled
536279090,50,4365d2fb106c18823aac,565,CCC(=O)c1cccnc1,unlabeled
536279090,50,4c6a8ef1c87748df99f2,566,CCC(=O)c1cccnc1,unlabeled
536279090,50,aca0ef1613a0a07a0431,567,O=C(CCCCl)c1ccc(F)cc1,unlabeled
536279090,50,f98f5943ca73a5b809a1,568,O=C(CCCCl)c1ccc(F)cc1,unlabeled
536279090,50,405638494c5a95206866,569,O=C(CCCCl)c1ccc(F)cc1,unlabeled
536279090,50,76e188b0e48b99f36582,570,O=C(CCCCl)c1ccc(F)cc1,unlabeled
536279090,50,26aa0143305ac532a560,571,O=C(CCCCl)c1ccc(F)cc1,gradient_train
536279090,50,283be89c092cfa4a5cbb,572,O=C(CCCCl)c1ccc(F)cc1,unlabeled
536279090,50,0ffc20c3f979502b8a09,573,O=C(CCCCl)c1ccc(F)cc1,unlabeled
536279090,70,bbabdb9085edbb8c178b,0,CC(C)(CCl)c1ccccc1,test
536279090,70,96dc3dc2ebd074200228,1,CC(C)(CCl)c1ccccc1,unlabeled
536279090,70,6322e8f867a741eed74c,2,CC(C)(CCl)c1ccccc1,unlabeled
536279090,70,c2b0aff65443af0a8618,3,CC(C)(CCl)c1ccccc1,unlabeled
536279090,70,f4b69d88ad1d916ee71a,4,CC(C)(CCl)c1ccccc1,unlabeled
536279090,70,0f3559d035355b0eec80,5,CC(C)(CCl)c1ccccc1,unlabeled
536279090,70,d29a94054067cd60dd70,6,CC(C)(CCl)c1ccccc1,unlabeled
536279090,70,31d92ca6486b229184cf,7,OCCCc1ccccc1,unlabeled
536279090,70,8a84cca322477165b719,8,OCCCc1ccccc1,unlabeled
536279090,70,9cf769277f6b42d15f11,9,OCCCc1ccccc1,unlabeled
536279090,70,7a0a82051f50d5b0c89c,10,OCCCc1ccccc1,test
536279090,70,c79f29f048bbfd157f98,11,BrCCCc1ccccc1,unlabeled
536279090,70,df0074b49eeb620c0768,12,BrCCCc1ccccc1,unlabeled
536279090,70,f0097bc6b7827ef65922,13,BrCCCc1ccccc1,test
536279090,70,44348f5c4aea3b41ee9d,14,BrCCCc1ccccc1,unlabeled
536279090,70,482cb91fac7f2a936dca,15,BrCCCc1ccccc1,unlabeled
536279090,70,a5c6210123f05414ffc0,16,BrCCCc1ccccc1,unlabeled
536279090,70,a82e55e1cd19814ea307,17,BrCCCc1ccccc1,gradient_train
536279090,70,6ee3c70647b37dcd5417,18,ClCCCc1ccccc1,unlabeled
536279090,70,2c7e37ef828eb17c78fb,19,ClCCCc1ccccc1,gradient_train
536279090,70,7ab9c351196ad891e172,20,ClCCCc1ccccc1,unlabeled
536279090,70,7062ca665af0f9bba6c9,21,ClCCCc1ccccc1,unlabeled
536279090,70,6644e934f59d8b816b9f,22,ClCCCc1ccccc1,unlabeled
536279090,70,8cc7c76a92a4474d7c6a,23,ClCCCc1ccccc1,gradient_train
536279090,70,c883df6ea04f89f45f03,24,ClCCCc1ccccc1,test
536279090,70,46ed1e35ca65ace74790,25,COc1ccc(CO)cc1,unlabeled
536279090,70,ec581cec37da9563e756,26,COc1ccc(CO)cc1,unlabeled
536279090,70,c2bd8e8f13a96726e7fc,27,COc1ccc(CO)cc1,unlabeled
536279090,70,f1afcbd393ce4f5a6316,28,COc1ccc(CO)cc1,unlabeled
536279090,70,2909efb29670d8f2286d,29,CCOC(=O)C(C)(C)Br,gradient_train
536279090,70,56b391fdec7a2a622e52,30,CCOC(=O)C(C)(C)Br,unlabeled
536279090,70,8a9485661ac2c4576006,31,CCOC(=O)C(C)(C)Br,unlabeled
536279090,70,7f6d1cdee16de4a37a21,32,CCOC(=O)C(C)(C)Br,unlabeled
536279090,70,fd7bf535ef538434b384,33,CCOC(=O)C(C)(C)Br,unlabeled
536279090,70,651bb6b60c62819a4323,34,CCOC(=O)C(C)(C)Br,unlabeled
536279090,70,2a61203b59218a3cbdc6,35,CCOC(=O)C(C)(C)Br,gradient_train
536279090,70,6d6c0510303dec89b2fe,36,COc1ccc(C=O)cc1,test
536279090,70,f81dc37125414986a0bb,37,COc1ccc(C=O)cc1,unlabeled
536279090,70,400615278105cebb3ed9,38,COc1ccc(C=O)cc1,unlabeled
536279090,70,5d04f6757b59f5c356bb,39,COc1ccc(C=O)cc1,unlabeled
536279090,70,a074620f6970d8f89567,40,COc1ccc(C=O)cc1,unlabeled
536279090,70,454c1ea3beebbec4befe,41,COc1ccc(C=O)cc1,test
536279090,70,f95928e2618ed15e654f,42,COc1ccc(C=O)cc1,gradient_train
536279090,70,3a02b99399bb0c3e9ff9,43,COC(=O)C#CC(=O)OC,unlabeled
536279090,70,b80a4f9e4b61f534ee9e,44,COC(=O)C#CC(=O)OC,unlabeled
536279090,70,2690de155843f45b00a3,45,COC(=O)C#CC(=O)OC,unlabeled
536279090,70,549eb8499df5181b3558,46,COC(=O)C#CC(=O)OC,gradient_train
536279090,70,02c141e2551937d10f4e,47,COC(=O)C#CC(=O)OC,unlabeled
536279090,70,9069807baff6cbfbde75,48,COC(=O)C#CC(=O)OC,unlabeled
536279090,70,1fe1163f7d97c16f3822,49,CC(=O)c1ccccc1,unlabeled
536279090,70,1e86d81fe1995d367fe1,50,CC(=O)c1ccccc1,unlabeled
536279090,70,614e6d0929b0845d454b,51,CC(=O)c1ccccc1,gradient_train
536279090,70,358681452207464d171e,52,CC(=O)c1ccccc1,unlabeled
536279090,70,c00e01085f35d19cd90f,53,CC(=O)c1ccccc1,unlabeled
536279090,70,a542d702abb1fa77a6fc,54,CC(=O)c1ccccc1,gradient_train
536279090,70,77577e6f6f0aa6789972,55,CCOC(=O)C(C)Br,unlabeled
536279090,70,298017c801a97653f57d,56,CCOC(=O)C(C)Br,unlabeled
536279090,70,849796401ee485c617a5,57,CCOC(=O)C(C)Br,test
536279090,70,67cc8304e3e618d7416a,58,CCOC(=O)C(C)Br,unlabeled
536279090,70,c7bc53c45a1962a88ec3,59,CCOC(=O)C(C)Br,unlabeled
536279090,70,76b9db19f45b8222d962,60,CCOC(=O)C(C)Br,unlabeled
536279090,70,0279fb0f7dba4b54a816,61,CCOC(=O)CC(=O)c1ccccc1,unlabeled
536279090,70,ca203ccf20ce8e74d86d,62,CCOC(=O)CC(=O)c1ccccc1,unlabeled
536279090,70,029d48fc98a886c9fec4,63,CCOC(=O)CC(=O)c1ccccc1,unlabeled
536279090,70,1e578360bd7749f6b397,64,CCOC(=O)CC(=O)c1ccccc1,unlabeled
536279090,70,05c14d26f4aa6f7c48b0,65,CCOC(=O)CC(=O)c1ccccc1,unlabeled
536279090,70,53d046afde1259a727f9,66,CCOC(=O)CC(=O)c1ccccc1,unlabeled
536279090,70,35ba50ab027f5f170aba,67,CCOC(=O)CC(=O)c1ccccc1,unlabeled
536279090,70,130d76d2d46a287c5dea,68,CC(=O)c1ccccc1C,unlabeled
536279090,70,3ef4b1ab56fe40940b42,69,CC(=O)c1ccccc1C,unlabeled
536279090,70,a340148c4096f80cc125,70,CC(=O)c1ccccc1C,unlabeled
536279090,70,57af4b867d9cd419ebb9,71,CC(=O)c1ccccc1C,test
536279090,70,ff8745125a0eeb17c1e5,72,CC(=O)c1ccccc1C,unlabeled
536279090,70,41a468134f078d2de17d,73,CC(=O)c1ccccc1C,gradient_train
536279090,70,b4899d5d03e44fbf885c,74,CC(=O)c1ccccc1C,unlabeled
536279090,70,bd93eaa60288fd0d5e89,75,CC(=O)c1ccc(C)cc1,unlabeled
536279090,70,2797757b00a9f254ef2e,76,CC(=O)c1ccc(C)cc1,unlabeled
536279090,70,fad37552a4a2eae19961,77,CC(=O)c1ccc(C)cc1,gradient_train
536279090,70,6936556d392803de12ed,78,CC(=O)c1ccc(C)cc1,unlabeled
536279090,70,fd3f8b6ec11d13a8412d,79,CC(=O)c1ccc(C)cc1,unlabeled
536279090,70,b71b23379d73c3637a76,80,CC(=O)c1ccc(C)cc1,gradient_train
536279090,70,2a9d111386ac232bbf79,81,CC(=O)c1ccc(C)cc1,unlabeled
536279090,70,ca00dd1990fd356443cb,82,COC(=O)c1ccccc1O,test
536279090,70,924106530353757625ba,83,COC(=O)c1ccccc1O,unlabeled
536279090,70,f0d3ae15346c6cb6928d,84,COC(=O)c1ccccc1O,unlabeled
536279090,70,0b6fe9b9da26ddc80e99,85,COC(=O)c1ccccc1O,gradient_train
536279090,70,a9a4b1ef530ce6f46a1c,86,COC(=O)c1ccccc1O,unlabeled
536279090,70,f0245d145e2758fc9ff8,87,COC(=O)c1ccccc1O,unlabeled
536279090,70,f33380e15f0fd8b62027,88,COC(=O)c1ccccc1O,test
536279090,70,1773be1aaa4102ae19f0,89,CC(=O)CC(=O)OC(C)(C)C,unlabeled
536279090,70,1895e2147dd146c4e564,90,CC(=O)CC(=O)OC(C)(C)C,test
536279090,70,e7c8cd496e2795b23cb3,91,CC(=O)CC(=O)OC(C)(C)C,unlabeled
536279090,70,60f64adee75a0999c5d5,92,CC(=O)CC(=O)OC(C)(C)C,unlabeled
536279090,70,851993fe56d61c8bf074,93,CC(=O)CC(=O)OC(C)(C)C,test
536279090,70,4e6d2ab0e823ac1d4b58,94,CC(=O)CC(=O)OC(C)(C)C,unlabeled
536279090,70,452aebfcddc0b031c20d,95,CCOC(=O)Cc1ccccc1,unlabeled
536279090,70,a67ee30ac22b3511e0af,96,CCOC(=O)Cc1ccccc1,unlabeled
536279090,70,4c52102f0b5a693d59bc,97,CCOC(=O)Cc1ccccc1,unlabeled
536279090,70,f21e8077ac7b6ec1d038,98,CCOC(=O)Cc1ccccc1,unlabeled
536279090,70,982611df66af1cf7c2f5,99,CCOC(=O)Cc1ccccc1,unlabeled
536279090,70,d9e344f199dc9a567b5f,100,CCOC(=O)Cc1ccccc1,unlabeled
536279090,70,74706f7e5d10b9245796,101,CCOC(=O)Cc1ccccc1,unlabeled
536279090,70,f5d7ae6c2608335325ff,102,COC(=O)c1ccccc1N,unlabeled
536279090,70,f66e095007d9d0923ce2,103,COC(=O)c1ccccc1N,unlabeled
536279090,70,c9a57e8accca7da9758b,104,COC(=O)c1ccccc1N,unlabeled
536279090,70,f7b1b9737459397f9ace,105,COC(=O)c1ccccc1N,unlabeled
536279090,70,68feec66f657364ebeaa,106,COC(=O)c1ccccc1N,unlabeled
536279090,70,96ccc1b8240fc2e9c1f3,107,COC(=O)c1ccccc1N,unlabeled
536279090,70,16eec4a03ec235274042,108,CCOC(=O)/C=C/c1ccccc1,unlabeled
536279090,70,92e4f80b3943134ebe86,109,CCOC(=O)/C=C/c1ccccc1,unlabeled
536279090,70,e15e8a4f329d3a08aff9,110,CCOC(=O)/C=C/c1ccccc1,unlabeled
536279090,70,6cec450baf7517436df6,111,CCOC(=O)/C=C/c1ccccc1,gradient_train
536279090,70,48b79e49508df9f5fd6d,112,CCOC(=O)/C=C/c1ccccc1,gradient_train
536279090,70,404dc3e2801a9a9d52aa,113,CCOC(=O)/C=C/c1ccccc1,unlabeled
536279090,70,c72867f0f2e38c70aa8c,114,CCOC(=O)/C=C/c1ccccc1,gradient_train
536279090,70,d9d3d24a75ff511e108a,115,COC(=O)c1ccc(C(C)(C)C)cc1,unlabeled
536279090,70,f40ca479a9e86b5d5458,116,COC(=O)c1ccc(C(C)(C)C)cc1,unlabeled
536279090,70,b7770c04c72527e1d9f6,117,COC(=O)c1ccc(C(C)(C)C)cc1,unlabeled
536279090,70,a433dc0f6a13e9ace41d,118,COC(=O)c1ccc(C(C)(C)C)cc1,unlabeled
536279090,70,e399250d7156727de0fd,119,COC(=O)c1ccc(C(C)(C)C)cc1,unlabeled
536279090,70,3122a2210bde68deb81e,120,COC(=O)c1ccc(C(C)(C)C)cc1,unlabeled
536279090,70,c9460286f85a5ec0f4fc,121,COC(=O)c1ccc(C(C)(C)C)cc1,validation
536279090,70,13b0b7952199157a8399,122,CCOC(=O)/C=C(/C)N,unlabeled
536279090,70,759d5133ee82740013bf,123,CCOC(=O)/C=C(/C)N,unlabeled
536279090,70,c9bf385316b464cd2e8d,124,CCOC(=O)/C=C(/C)N,unlabeled
536279090,70,f248b9b89d62a22b03c3,125,CCOC(=O)/C=C(/C)N,unlabeled
536279090,70,10d51839b15b94f0ae56,126,CCOC(=O)/C=C(/C)N,unlabeled
536279090,70,e66b24ec1e4dfa9a9a57,127,CCOC(=O)/C=C(/C)N,unlabeled
536279090,70,506597d02ff322a77a8d,128,CCOC(=O)/C=C(/C)N,unlabeled
536279090,70,d2951bd3bb1608688f0d,129,CCOC(=O)/C=C(/C)N,unlabeled
536279090,70,7d3c6ef279245ca08a2f,130,CCOC(=O)/C=C(/C)N,unlabeled
536279090,70,e6886d2fb3090517172b,131,CCOC(=O)/C=C(/C)N,gradient_train
536279090,70,d31d42caff135d7154c4,132,CCOC(=O)/C=C(/C)N,unlabeled
536279090,70,3d7aa38258001eb6ba67,133,CC(C)COC(=O)c1ccccc1,unlabeled
536279090,70,b3409bbbf3b06d73afca,134,CC(C)COC(=O)c1ccccc1,unlabeled
536279090,70,5ce75d3f6df6d318cb8a,135,CC(C)COC(=O)c1ccccc1,unlabeled
536279090,70,28f4ab2563d03e831cf0,136,CC(C)COC(=O)c1ccccc1,unlabeled
536279090,70,b95bbdf393e00f41a6df,137,CC(C)COC(=O)c1ccccc1,unlabeled
536279090,70,1e73138aa057a5e2b67f,138,CC(C)COC(=O)c1ccccc1,test
536279090,70,1319bf7018ee9b9a5b9f,139,CCOC(=O)c1ccccc1,unlabeled
536279090,70,99398d649f02f80651f1,140,CCOC(=O)c1ccccc1,unlabeled
536279090,70,240787bdbf2abc17e093,141,CCOC(=O)c1ccccc1,unlabeled
536279090,70,4afc7ef2732850bea176,142,CCOC(=O)c1ccccc1,test
536279090,70,181f6c7852b17df8f194,143,CCOC(=O)c1ccccc1,unlabeled
536279090,70,474238f822b0c38795c6,144,CCOC(=O)c1ccccc1,unlabeled
536279090,70,5eb80e21463443b22d14,145,CCOC(=O)c1ccccc1,unlabeled
536279090,70,f6e991e3dc3a3d3c5d89,146,COc1ccc(CCO)cc1,unlabeled
536279090,70,9991421da8e18008fc91,147,COc1ccc(CCO)cc1,gradient_train
536279090,70,9e93bad2014e7ab1a680,148,COc1ccc(CCO)cc1,test
536279090,70,3d5dc8831f4c74f7b7d1,149,COc1ccc(CCO)cc1,unlabeled
536279090,70,d5a7e1d47a58e1323805,150,Cc1ccc(C(C)C)cc1,unlabeled
536279090,70,5c32bb6f3bbf72dcb37e,151,Cc1ccc(C(C)C)cc1,unlabeled
536279090,70,e545485bf1a51a3ea557,152,Cc1ccc(C(C)C)cc1,gradient_train
536279090,70,8ea9d90b217f4096f42f,153,Cc1ccc(C(C)C)cc1,unlabeled
536279090,70,9ed80c28328fabe87261,154,Cc1ccc(C(C)C)cc1,unlabeled
536279090,70,f1ea027f4cb80b10d15b,155,Cc1ccc(C(C)C)cc1,gradient_train
536279090,70,dcfc9eaebf799d451fdb,156,Cc1ccc(C(C)C)cc1,unlabeled
536279090,70,6c1f19a34a40cbf98728,157,CC(C)(O)CCc1ccccc1,test
536279090,70,cf45ee02778c0243ad50,158,CC(C)(O)CCc1ccccc1,unlabeled
536279090,70,88581d99a415bf271788,159,CC(C)(O)CCc1ccccc1,unlabeled
536279090,70,8753ab545dd1cf036a3a,160,CC(C)(O)CCc1ccccc1,unlabeled
536279090,70,d59d233a1606de5b6deb,161,CC(C)(O)CCc1ccccc1,validation
536279090,70,964a62fb7d677de0f711,162,CC(C)CCOC(=O)c1ccccc1,unlabeled
536279090,70,f35f8782c107387233ed,163,CC(C)CCOC(=O)c1ccccc1,unlabeled
536279090,70,4d602abaaf336ac523e4,164,CC(C)CCOC(=O)c1ccccc1,gradient_train
536279090,70,4768b747981033fbdf34,165,CC(C)CCOC(=O)c1ccccc1,unlabeled
536279090,70,3df34ab1c0d58c86999e,166,CC(C)CCOC(=O)c1ccccc1,test
536279090,70,8b67a1246fe892b6581d,167,CC(C)CCOC(=O)c1ccccc1,unlabeled
536279090,70,2bafcbea1bb66eb60a71,168,CC(C)CCOC(=O)c1ccccc1,unlabeled
536279090,70,2beadb75e05408973f02,169,CCOC(=O)/C=C/c1ccccc1,unlabeled
536279090,70,dd7cae2667a1348a2caf,170,CCOC(=O)/C=C/c1ccccc1,unlabeled
536279090,70,56f1cecfc0c6c3d224be,171,CCOC(=O)/C=C/c1ccccc1,unlabeled
536279090,70,6278b7d64a22dbe3844e,172,CCOC(=O)/C=C/c1ccccc1,unlabeled
536279090,70,a75e421e756083edea35,173,CCOC(=O)/C=C/c1ccccc1,unlabeled
536279090,70,c9f7ab78e90454873661,174,CCOC(=O)/C=C/c1ccccc1,unlabeled
536279090,70,b36d7c12e6d3072467ee,175,CCOC(=O)/C=C/c1ccccc1,unlabeled
536279090,70,5dc7d31c57624ac47575,176,COc1ccc(C)cc1OC,unlabeled
536279090,70,7dea14d96460814919d3,177,COc1ccc(C)cc1OC,unlabeled
536279090,70,83a16763654b3b743265,178,COc1ccc(C)cc1OC,unlabeled
536279090,70,ee96bcc328a38cb12519,179,COc1ccc(C)cc1OC,test
536279090,70,62763fd48ebc7554402f,180,COc1ccc(C)cc1OC,test
536279090,70,dd29d0f859e11f70f4ec,181,COc1ccc(C)cc1OC,unlabeled
536279090,70,826e9f40c328ce2478ec,182,COc1ccc(C)cc1OC,gradient_train
536279090,70,2e684264400b651dae88,183,C1=Cc2ccccc2C1,unlabeled
536279090,70,e4f37e6e6def0eec724a,184,C1=Cc2ccccc2C1,unlabeled
536279090,70,fda6d7aa920e5400a222,185,C1=Cc2ccccc2C1,unlabeled
536279090,70,ee0eba88726c692c7f0c,186,C1=Cc2ccccc2C1,unlabeled
536279090,70,c438c37de3a60de0e84a,187,C1=Cc2ccccc2C1,test
536279090,70,f51bc35441c8ba7713b6,188,C1=Cc2ccccc2C1,unlabeled
536279090,70,cb1bb21d54890633943c,189,C1=Cc2ccccc2C1,unlabeled
536279090,70,2e561b136ec088ba3eff,190,Cc1ccc(C)cc1,unlabeled
536279090,70,0d6f66d7971473a2cef9,191,Cc1ccc(C)cc1,unlabeled
536279090,70,6950f8ebe95298defec5,192,Cc1ccc(C)cc1,gradient_train
536279090,70,1837a52df085e2fc70d1,193,Cc1ccc(C)cc1,unlabeled
536279090,70,8067767b73f132489d46,194,Cc1ccc(C)cc1,unlabeled
536279090,70,bc3f10fed296515e66e5,195,Cc1ccc(C)cc1,unlabeled
536279090,70,369517a8e4fab7d4e0e5,196,Cc1ccc(C)cc1,gradient_train
536279090,70,acc1a540efdb60e4fa76,197,ClCCc1ccccc1,unlabeled
536279090,70,b849b02cc7a096ff6f6a,198,ClCCc1ccccc1,unlabeled
536279090,70,75b105d94d176eec90ba,199,ClCCc1ccccc1,unlabeled
536279090,70,4699975b36aa2351be18,200,ClCCc1ccccc1,unlabeled
536279090,70,a2ecd7c05da585c2a35e,201,ClCCc1ccccc1,unlabeled
536279090,70,82843c7e3b9005c1abb0,202,ClCCc1ccccc1,unlabeled
536279090,70,216e9e13c0587f197c0b,203,ClCCc1ccccc1,gradient_train
536279090,70,31162ac7e21c9688cbdc,204,CC(O)c1ccccc1,unlabeled
536279090,70,82ffe9abc3d02f4b970f,205,CC(O)c1ccccc1,unlabeled
536279090,70,35eae227e68fe7434e68,206,CC(O)c1ccccc1,unlabeled
536279090,70,82b6a0a8f122317d79d4,207,CC(O)c1ccccc1,unlabeled
536279090,70,9b28c23ad1d4dda9fe1a,208,CC(O)c1ccccc1,unlabeled
536279090,70,4455212440cbaf6d51e2,209,COc1ccccc1,unlabeled
536279090,70,fcea8574ae051fe11483,210,COc1ccccc1,unlabeled
536279090,70,04d4a16ff682bc7c55c8,211,COc1ccccc1,unlabeled
536279090,70,62ca5eadee5ef28e9aeb,212,COc1ccccc1,gradient_train
536279090,70,42f031acb8211bfbf67f,213,COc1ccccc1,unlabeled
536279090,70,472b8f06caf25ffe6c7a,214,COc1ccccc1,unlabeled
536279090,70,d532e4ccbab971232d40,215,COc1ccccc1,unlabeled
536279090,70,bae9f1ce7c04e7ccf16b,216,CCOC(=O)C(Br)C(=O)OCC,unlabeled
536279090,70,fc58ac30a03fcb0ec051,217,CCOC(=O)C(Br)C(=O)OCC,validation
536279090,70,c4b569d1149e4ec87b12,218,CCOC(=O)C(Br)C(=O)OCC,unlabeled
536279090,70,53d7fb31d852cbb33059,219,CCOC(=O)C(Br)C(=O)OCC,unlabeled
536279090,70,265addbdd355a85c628d,220,CCOC(=O)C(Br)C(=O)OCC,gradient_train
536279090,70,b07e3b186c5f9a698624,221,CCOC(=O)C(Br)C(=O)OCC,unlabeled
536279090,70,28c4b7ec4bf7f486b68c,222,CCOC(=O)C(Br)C(=O)OCC,unlabeled
536279090,70,c9d7d885160197c7f67c,223,c1ccc(COCc2ccccc2)cc1,unlabeled
536279090,70,e2869f5cf5635b6ae9c1,224,c1ccc(COCc2ccccc2)cc1,unlabeled
536279090,70,49865eda3c0e936157be,225,c1ccc(COCc2ccccc2)cc1,unlabeled
536279090,70,d26cffd9ef4da9800470,226,c1ccc(COCc2ccccc2)cc1,unlabeled
536279090,70,ce9ac115ce41ab41f01d,227,c1ccc(COCc2ccccc2)cc1,unlabeled
536279090,70,b2b5155e06ff9134c6a4,228,c1ccc(COCc2ccccc2)cc1,unlabeled
536279090,70,f1aabb6243aed53011cb,229,c1ccc(COCc2ccccc2)cc1,test
536279090,70,ebc9c107c2207e99cf79,230,CCOC(=O)CC(C)=O,gradient_train
536279090,70,f373e0ffa24cb51dd13a,231,CCOC(=O)CC(C)=O,gradient_train
536279090,70,bcb35848089ca50a1eef,232,CCOC(=O)CC(C)=O,unlabeled
536279090,70,ef8527c6b63d54b73966,233,CCOC(=O)CC(C)=O,unlabeled
536279090,70,86f385aa0925171d22cc,234,CCOC(=O)CC(C)=O,unlabeled
536279090,70,9c7a6ce4172638d2abc7,235,CCOC(=O)CC(C)=O,unlabeled
536279090,70,982585c1a4e89f10713f,236,O=CCCc1ccccc1,unlabeled
536279090,70,36af0c588eb2e094a55e,237,O=CCCc1ccccc1,unlabeled
536279090,70,afcb9ffea06f12f9e0f5,238,O=CCCc1ccccc1,unlabeled
536279090,70,e584c52185ccefd22a26,239,O=CCCc1ccccc1,unlabeled
536279090,70,39e40f336da135e6a7b5,240,O=CCCc1ccccc1,validation
536279090,70,e3c9408f01aa7642870f,241,O=CCCc1ccccc1,test
536279090,70,155ad3f702726e253c4d,242,O=CCCc1ccccc1,unlabeled
536279090,70,f84aa17604ca7f927b8c,243,C=CC(=O)OCCOc1ccccc1,unlabeled
536279090,70,6b8023df74ccc51e5c76,244,C=CC(=O)OCCOc1ccccc1,unlabeled
536279090,70,b056b793f5b571e6cdee,245,C=CC(=O)OCCOc1ccccc1,unlabeled
536279090,70,934f00061cc32bab10e8,246,C=CC(=O)OCCOc1ccccc1,unlabeled
536279090,70,b983d4c3094d909b570e,247,C=CC(=O)OCCOc1ccccc1,unlabeled
536279090,70,b6f53d16978daf702470,248,C=CC(=O)OCCOc1ccccc1,unlabeled
536279090,70,9563dde5c28fb62e4f7e,249,C=CC(=O)OCCOc1ccccc1,test
536279090,70,de2563a5f711307823f1,250,C=CC(=O)OC1CCCCC1,unlabeled
536279090,70,e2e681b0653ec64f7c14,251,C=CC(=O)OC1CCCCC1,unlabeled
536279090,70,fbf392edaddff6347b58,252,C=CC(=O)OC1CCCCC1,unlabeled
536279090,70,3955ae590ac179d279b6,253,C=CC(=O)OC1CCCCC1,gradient_train
536279090,70,db51f6df02555cb9c264,254,C=CC(=O)OC1CCCCC1,unlabeled
536279090,70,2195290d04210cdb253f,255,C=CC(=O)OC1CCCCC1,gradient_train
536279090,70,8063e3de9de70b75def1,256,C=CC(=O)OC1CCCCC1,unlabeled
536279090,70,88771c5c64ed839a4436,257,C=CC(=O)OCc1ccccc1,unlabeled
536279090,70,b5365d56777fde5c4dfc,258,C=CC(=O)OCc1ccccc1,unlabeled
536279090,70,4513e318c9d037303b13,259,C=CC(=O)OCc1ccccc1,test
536279090,70,efca00a284b2cadc5737,260,C=CC(=O)OCc1ccccc1,unlabeled
536279090,70,b473ef06a415d0f114b0,261,C=CC(=O)OCc1ccccc1,unlabeled
536279090,70,df02863943321996441f,262,C=CC(=O)OCc1ccccc1,test
536279090,70,194278dd9ee3d2407ed5,263,C=CC(=O)OCc1ccccc1,unlabeled
536279090,70,cc31b914acbab022eb9a,264,COC(=O)C(C)(C)Br,unlabeled
536279090,70,a9eea85ddeee2da33706,265,COC(=O)C(C)(C)Br,test
536279090,70,640353c89b3ce64ee98b,266,COC(=O)C(C)(C)Br,gradient_train
536279090,70,b11bb6293c307f7f7282,267,COC(=O)C(C)(C)Br,unlabeled
536279090,70,77b0577e6b0adb649e63,268,COC(=O)C(C)(C)Br,unlabeled
536279090,70,543561ac99bc28db6f2f,269,COC(=O)C(C)(C)Br,unlabeled
536279090,70,056255620b7acc9c630f,270,COC(=O)C(C)(C)Br,unlabeled
536279090,70,7b1589ae321d27608509,271,COC(=O)CS,unlabeled
536279090,70,0fee19a828ef997229fd,272,COC(=O)CS,test
536279090,70,222dede783147d5efa63,273,COC(=O)CS,unlabeled
536279090,70,d9a40ac35b79fbcf214a,274,COC(=O)CS,unlabeled
536279090,70,aaf22f8324aad12a55fa,275,COC(=O)CS,unlabeled
536279090,70,a9bfabe931467745353e,276,COC(=O)CS,unlabeled
536279090,70,be7d68067464e72d0b8d,277,COC(=O)CS,test
536279090,70,b418a712463f5abf8b81,278,CC(=O)CCCCl,unlabeled
536279090,70,850a69ce73ac04035aa3,279,CC(=O)CCCCl,unlabeled
536279090,70,7c4153fe9561da818ae1,280,CC(=O)CCCCl,unlabeled
536279090,70,a67016d937c499be9d64,281,CC(C)=CCBr,unlabeled
536279090,70,4559d83db38cc3c39d13,282,CC(C)=CCBr,unlabeled
536279090,70,bf8409f12dae2388c6a0,283,CC(C)=CCBr,gradient_train
536279090,70,832899abb44b8d2246cd,284,CC(C)=CCBr,unlabeled
536279090,70,5729cc87eb48a75655ad,285,CC(C)=CCBr,unlabeled
536279090,70,adb6d48eec0fb576d7fc,286,CC(C)=CCBr,unlabeled
536279090,70,bc789871fe39d967a9e0,287,CC(C)=CCBr,unlabeled
536279090,70,fff65bc451d163b1b106,288,C=CC(=O)OCCCCCCCCCCCC,unlabeled
536279090,70,c761659793c5929e2214,289,C=CC(=O)OCCCCCCCCCCCC,test
536279090,70,4c7d7c5f8b0c317c5548,290,C=CC(=O)OCCCCCCCCCCCC,unlabeled
536279090,70,a9656ffd805f80fcf143,291,C=CC(=O)OCCCCCCCCCCCC,unlabeled
536279090,70,da10d2f67a989e8b16b5,292,C=CC(=O)OCCCCCCCCCCCC,unlabeled
536279090,70,7ca22b2f4d23a7afb10e,293,C=CC(=O)OCCCCCCCCCCCC,unlabeled
536279090,70,38f57a9d08efd5f070d0,294,C=CC(=O)OCCCCCCCCCCCC,unlabeled
536279090,70,1619a0c8b233772ba0c0,295,C=CC(=O)O[C@@H]1C[C@H]2CC[C@]1(C)C2(C)C,test
536279090,70,0b9968c1280b5e4f726a,296,C=CC(=O)O[C@@H]1C[C@H]2CC[C@]1(C)C2(C)C,unlabeled
536279090,70,0d5196ceda603b66bd22,297,C=CC(=O)O[C@@H]1C[C@H]2CC[C@]1(C)C2(C)C,unlabeled
536279090,70,244e5c6375ff0c923725,298,C=CC(=O)O[C@@H]1C[C@H]2CC[C@]1(C)C2(C)C,unlabeled
536279090,70,4f34bbce67c94a44318a,299,C=CC(=O)O[C@@H]1C[C@H]2CC[C@]1(C)C2(C)C,unlabeled
536279090,70,0f8a39d1c0a7eaf35c75,300,C=CC(=O)O[C@@H]1C[C@H]2CC[C@]1(C)C2(C)C,unlabeled
536279090,70,6de4f7fd8ac19d183348,301,C=CC(=O)O[C@@H]1C[C@H]2CC[C@]1(C)C2(C)C,gradient_train
536279090,70,8bac25cfab022a9fb887,302,C=CC(=O)OCC(CC)CCCC,unlabeled
536279090,70,aeef2128392508cc81cc,303,C=CC(=O)OCC(CC)CCCC,unlabeled
536279090,70,a2eefb55da4d47a4347b,304,C=CC(=O)OCC(CC)CCCC,unlabeled
536279090,70,3c7f7a7105a5eb39ca89,305,C=CC(=O)OCC(CC)CCCC,unlabeled
536279090,70,2bf67acb4c861cf83990,306,C=CC(=O)OCC(CC)CCCC,unlabeled
536279090,70,d67e364fd6830aa2bf6f,307,C=CC(=O)OCC(CC)CCCC,unlabeled
536279090,70,84caf30ea66b29e2ea91,308,C=CC(=O)OCC(CC)CCCC,unlabeled
536279090,70,1bd5bb3744b78ada7307,309,FC(F)(F)c1cc(Br)cc(C(F)(F)F)c1,gradient_train
536279090,70,dd7fdbe3fa3800e6499f,310,FC(F)(F)c1cc(Br)cc(C(F)(F)F)c1,unlabeled
536279090,70,ab84efb31c801e49c87c,311,FC(F)(F)c1cc(Br)cc(C(F)(F)F)c1,unlabeled
536279090,70,69f6dbdc304c0475f868,312,FC(F)(F)c1cc(Br)cc(C(F)(F)F)c1,validation
536279090,70,a43656cab81e1b0fcccf,313,FC(F)(F)c1cc(Br)cc(C(F)(F)F)c1,test
536279090,70,bcf8bb13e4fca185fe68,314,FC(F)(F)c1cc(Br)cc(C(F)(F)F)c1,unlabeled
536279090,70,fe71f29c800d4ee35138,315,FC(F)(F)c1cc(Br)cc(C(F)(F)F)c1,unlabeled
536279090,70,2416be80d114ff60224d,316,O=Cc1ccc(Cl)cc1Br,unlabeled
536279090,70,9201cead3641f52a1f20,317,O=Cc1ccc(Cl)cc1Br,unlabeled
536279090,70,49276f9b1cc72d41bbfd,318,O=Cc1ccc(Cl)cc1Br,gradient_train
536279090,70,6cb8bbf843e6064ce249,319,O=Cc1ccc(Cl)cc1Br,unlabeled
536279090,70,a6b1d92e3de602f8963c,320,O=Cc1ccc(Cl)cc1Br,unlabeled
536279090,70,135ac7deca522d1e7929,321,O=Cc1ccc(Cl)cc1Br,unlabeled
536279090,70,0f3bd8418ab9ba9d1ed2,322,O=Cc1ccc(Cl)cc1Br,unlabeled
536279090,70,6cd5860914563da59932,323,O=Cc1ccc2c(c1)CCO2,unlabeled
536279090,70,5179c3962ada5450dde7,324,O=Cc1ccc2c(c1)CCO2,unlabeled
536279090,70,ad45b4b8aaed2c2b0b33,325,O=Cc1ccc2c(c1)CCO2,test
536279090,70,6c8de7fb3dbd4f5adabf,326,O=Cc1ccc2c(c1)CCO2,unlabeled
536279090,70,f72724ff299c47641488,327,COc1cc(F)cc(Br)c1,unlabeled
536279090,70,2cde006ff48a36a368d2,328,COc1cc(F)cc(Br)c1,unlabeled
536279090,70,09879f6853acb50e1280,329,COc1cc(F)cc(Br)c1,test
536279090,70,cd492dbc52d170e5a396,330,COc1cc(F)cc(Br)c1,unlabeled
536279090,70,e1244cc412f81ac11bd3,331,COc1cc(F)cc(Br)c1,unlabeled
536279090,70,69bed1df8dc3cf82927c,332,COc1cc(F)cc(Br)c1,unlabeled
536279090,70,adc9f476f8b5d66fa85d,333,COc1cc(F)cc(Br)c1,unlabeled
536279090,70,e7e3cdff8a4b43574b19,334,CC(C)(C)c1cc(C=O)cc(C(C)(C)C)c1,test
536279090,70,22fcaa293d9525e1f4e7,335,CC(C)(C)c1cc(C=O)cc(C(C)(C)C)c1,unlabeled
536279090,70,5965305884ee5fba94d8,336,CC(C)(C)c1cc(C=O)cc(C(C)(C)C)c1,unlabeled
536279090,70,556baeed852270e9c0fc,337,CC(C)(C)c1cc(C=O)cc(C(C)(C)C)c1,unlabeled
536279090,70,376fc6387117429bcb19,338,CC(C)(C)c1cc(C=O)cc(C(C)(C)C)c1,unlabeled
536279090,70,3fbc880a145bcc2155c9,339,CC(C)(C)c1cc(C=O)cc(C(C)(C)C)c1,gradient_train
536279090,70,2964279ae2fd8a820ae1,340,CC(C)(C)c1cc(C=O)cc(C(C)(C)C)c1,gradient_train
536279090,70,c084940b1be4fa61738d,341,COc1cc(Br)cc(OC)c1,unlabeled
536279090,70,deac65153d9204a230ec,342,COc1cc(Br)cc(OC)c1,unlabeled
536279090,70,b5f0b6271cd244ade9a3,343,COc1cc(Br)cc(OC)c1,gradient_train
536279090,70,79723584590c0a689474,344,COc1cc(Br)cc(OC)c1,unlabeled
536279090,70,984bc17b1da105c753eb,345,COc1cc(Br)cc(OC)c1,gradient_train
536279090,70,1b7e334ea83516d08ff5,346,COc1cc(Br)cc(OC)c1,unlabeled
536279090,70,b8018c4bdaadd42a057a,347,COc1cc(Br)cc(OC)c1,test
536279090,70,3b03dfa8ff44ff554734,348,O=Cc1cc(Br)ccc1O,test
536279090,70,167f49f748fa35bdb29e,349,O=Cc1cc(Br)ccc1O,unlabeled
536279090,70,7e19b816ecd8282ce2a1,350,O=Cc1cc(Br)ccc1O,unlabeled
536279090,70,0dffde5d00d50ee96173,351,O=Cc1cc(Br)ccc1O,unlabeled
536279090,70,65bfb38b53dd53bc4f4c,352,O=Cc1cc(Br)ccc1O,unlabeled
536279090,70,e79c5aedcfa41a5f23c9,353,O=Cc1cc(Br)ccc1O,gradient_train
536279090,70,27b234a05f8c66fd059f,354,O=Cc1cc(Br)ccc1O,gradient_train
536279090,70,1bf52d57e3b0d9ef0662,355,Cc1ccc(Cl)cc1Br,unlabeled
536279090,70,867407c66038f21466a8,356,Cc1ccc(Cl)cc1Br,unlabeled
536279090,70,fb19bbc052a528249f36,357,Cc1ccc(Cl)cc1Br,unlabeled
536279090,70,13bebd0b1ab22fc7e93b,358,Cc1ccc(Cl)cc1Br,unlabeled
536279090,70,c1b4c0f7481c01c40ec6,359,Cc1ccc(Cl)cc1Br,gradient_train
536279090,70,bb159f5b8695e842d4ff,360,Cc1ccc(Cl)cc1Br,unlabeled
536279090,70,ce70dba7026ce0b64f62,361,Cc1ccc(Cl)cc1Br,unlabeled
536279090,70,a5ea3136b642f8a49607,362,N#Cc1ccccc1Br,unlabeled
536279090,70,8671b386166171ebd7f7,363,N#Cc1ccccc1Br,unlabeled
536279090,70,d344b363b8c01e73a6fa,364,N#Cc1ccccc1Br,unlabeled
536279090,70,70e13ddfe9e6cc9b0f56,365,N#Cc1ccccc1Br,unlabeled
536279090,70,35046c5ff35d8c8617bb,366,N#Cc1ccccc1Br,unlabeled
536279090,70,848f6c84b4d5fc44c3c2,367,N#Cc1ccccc1Br,test
536279090,70,0974fc9cbeb3820c4065,368,Cc1ccc(C=O)c(C)c1,test
536279090,70,bc486e940c369b85ce28,369,Cc1ccc(C=O)c(C)c1,unlabeled
536279090,70,9a29b268530b7a3321a0,370,Cc1ccc(C=O)c(C)c1,unlabeled
536279090,70,51394d9af7adc7eff816,371,Cc1ccc(C=O)c(C)c1,unlabeled
536279090,70,5cbed870fef2de105046,372,Cc1ccc(C=O)c(C)c1,unlabeled
536279090,70,dbb854b36df7ed31d95f,373,Cc1ccc(C=O)c(C)c1,unlabeled
536279090,70,0c0f89307cc4aff87ab6,374,Cc1ccc(C=O)c(C)c1,test
536279090,70,a5d9706079ccfee3bdf4,375,COCCOC(=O)CC(C)=O,unlabeled
536279090,70,bacef06b4d4d7374a4e4,376,COCCOC(=O)CC(C)=O,unlabeled
536279090,70,74097878150c8a5a8d79,377,COCCOC(=O)CC(C)=O,unlabeled
536279090,70,47404d0982a587f0393e,378,COCCOC(=O)CC(C)=O,unlabeled
536279090,70,fb80794857ddc46e142c,379,CC(=O)c1ccc2c(c1)OCO2,unlabeled
536279090,70,6f34563b6236c57b9c60,380,CC(=O)c1ccc2c(c1)OCO2,unlabeled
536279090,70,147b560e4c606680c7b2,381,CC(=O)c1ccc2c(c1)OCO2,gradient_train
536279090,70,7396668aaa8d372aa464,382,CC(=O)c1ccc2c(c1)OCO2,unlabeled
536279090,70,78b04c44dfa852f4e621,383,CC(=O)c1ccc2c(c1)OCO2,unlabeled
536279090,70,f191e08b3e95928a5423,384,CC(=O)c1ccc2c(c1)OCO2,unlabeled
536279090,70,f5634113e0822bda1c03,385,CC(=O)c1ccc2c(c1)OCO2,gradient_train
536279090,70,45264f1c88b241fb888c,386,CC(=O)c1c(C)cc(C)cc1C,unlabeled
536279090,70,7b0fa77cbbcbd8e7c87a,387,CC(=O)c1c(C)cc(C)cc1C,unlabeled
536279090,70,c514f60c28973fc116c5,388,CC(=O)c1c(C)cc(C)cc1C,unlabeled
536279090,70,b63d546347919cb66716,389,CC(=O)c1c(C)cc(C)cc1C,unlabeled
536279090,70,823c667f35cddfcbc346,390,CC(=O)c1c(C)cc(C)cc1C,validation
536279090,70,d2955aa36bd2b103c981,391,CC(=O)c1c(C)cc(C)cc1C,unlabeled
536279090,70,4ce730c9ad4e20a0386e,392,CC(=O)c1c(C)cc(C)cc1C,gradient_train
536279090,70,f3531a1565c8159ac5e2,393,CC(=O)c1ccc(C)cc1C,gradient_train
536279090,70,c359fd726e50e2123f43,394,CC(=O)c1ccc(C)cc1C,unlabeled
536279090,70,a9a623a9853c6b493ce4,395,CC(=O)c1ccc(C)cc1C,unlabeled
536279090,70,784ca4af1517dac8cd11,396,CC(=O)c1ccc(C)cc1C,unlabeled
536279090,70,4c36e8e7d179b4bfa11a,397,CC(=O)c1ccc(C)cc1C,unlabeled
536279090,70,77fe8c752e01feedccfa,398,CC(=O)c1ccc(C)cc1C,unlabeled
536279090,70,0a1949b42050f41b0db4,399,CC(=O)c1ccc(C)cc1C,unlabeled
536279090,70,118d66c0e53f510c51ed,400,CC(=O)c1ccc2c(c1)Cc1ccccc1-2,unlabeled
536279090,70,38aa81d53a6b39e9d8ef,401,CC(=O)c1ccc2c(c1)Cc1ccccc1-2,unlabeled
536279090,70,c780d2f5194817087e07,402,CC(=O)c1ccc2c(c1)Cc1ccccc1-2,unlabeled
536279090,70,546046afb5114d631360,403,CC(=O)c1ccc2c(c1)Cc1ccccc1-2,unlabeled
536279090,70,dc9f747c03c55d77bf72,404,BrC(=C(c1ccccc1)c1ccccc1)c1ccccc1,unlabeled
536279090,70,d29c00125d1c5dc55586,405,BrC(=C(c1ccccc1)c1ccccc1)c1ccccc1,unlabeled
536279090,70,509e53644c411798f5b0,406,BrC(=C(c1ccccc1)c1ccccc1)c1ccccc1,unlabeled
536279090,70,5ac5df671efee45d3ddf,407,BrC(=C(c1ccccc1)c1ccccc1)c1ccccc1,unlabeled
536279090,70,1e8c03a5d84f08329475,408,BrC(=C(c1ccccc1)c1ccccc1)c1ccccc1,unlabeled
536279090,70,a7f9a08159d001c30f67,409,BrC(=C(c1ccccc1)c1ccccc1)c1ccccc1,test
536279090,70,97feb43dae8371e80d3b,410,BrC(=C(c1ccccc1)c1ccccc1)c1ccccc1,unlabeled
536279090,70,2f612d3ec5e270672ad1,411,C/C(=N\O)c1ccccc1,unlabeled
536279090,70,b089551184e4d70e386d,412,C/C(=N\O)c1ccccc1,test
536279090,70,95f7b6c8f44b25feade0,413,C/C(=N\O)c1ccccc1,unlabeled
536279090,70,b0f39affa1970d2700b7,414,C/C(=N\O)c1ccccc1,unlabeled
536279090,70,af2973fb82b6d79d8c5e,415,C/C(=N\O)c1ccccc1,unlabeled
536279090,70,3545611fd9950a160288,416,C/C(=N\O)c1ccccc1,test
536279090,70,786c4179676f46638e4a,417,O=C(c1ccccc1)c1ccc(Cl)cc1,unlabeled
536279090,70,937105af8867732c56ec,418,O=C(c1ccccc1)c1ccc(Cl)cc1,unlabeled
536279090,70,711f210d4869259d0651,419,O=C(c1ccccc1)c1ccc(Cl)cc1,gradient_train
536279090,70,26bb8ff67b7738527484,420,O=C(c1ccccc1)c1ccc(Cl)cc1,unlabeled
536279090,70,6624c43f78e6697c8ac9,421,O=C(c1ccccc1)c1ccc(Cl)cc1,unlabeled
536279090,70,f9b97e958092bd5cb81a,422,O=C(c1ccccc1)c1ccc(Cl)cc1,unlabeled
536279090,70,2d53109003f718b780fa,423,Cc1ccc(C(=O)c2ccccc2)cc1C,unlabeled
536279090,70,b9b624baffe611c30836,424,Cc1ccc(C(=O)c2ccccc2)cc1C,test
536279090,70,f8a590eaa91d155f61da,425,Cc1ccc(C(=O)c2ccccc2)cc1C,unlabeled
536279090,70,2fcaa537474ba2ae579f,426,Cc1ccc(C(=O)c2ccccc2)cc1C,unlabeled
536279090,70,d914e4c833f2df567cac,427,Cc1ccc(C(=O)c2ccccc2)cc1C,unlabeled
536279090,70,5048acae682925888d12,428,Cc1ccc(C(=O)c2ccccc2)cc1C,unlabeled
536279090,70,41927f703a0632f098fb,429,CC(=O)CC(=O)c1ccccc1,unlabeled
536279090,70,760d0bf0ec31747d3969,430,CC(=O)CC(=O)c1ccccc1,unlabeled
536279090,70,d71aab82a8179d05294a,431,CC(=O)CC(=O)c1ccccc1,unlabeled
536279090,70,25ffb25df5bec65a633b,432,CC(=O)CC(=O)c1ccccc1,unlabeled
536279090,70,92d69b1849c34b7f1a80,433,CCOC(=O)C(Cc1ccccc1)C(C)=O,unlabeled
536279090,70,a289439d96e27bec7cbc,434,CCOC(=O)C(Cc1ccccc1)C(C)=O,unlabeled
536279090,70,4707a180fe4230c208ff,435,CCOC(=O)C(Cc1ccccc1)C(C)=O,unlabeled
536279090,70,41921840a5681261ba98,436,CCOC(=O)C(Cc1ccccc1)C(C)=O,unlabeled
536279090,70,b5080cde4f493a415fc5,437,CCOC(=O)C(Cc1ccccc1)C(C)=O,unlabeled
536279090,70,1bbec08f4838f06da0fb,438,CCOC(=O)C(Cc1ccccc1)C(C)=O,unlabeled
536279090,70,bd0519702a5756bc3c94,439,CCOC(=O)C(Cc1ccccc1)C(C)=O,test
536279090,70,b7fa3dd8e6040788ae14,440,CCOC(=O)c1cccnc1,unlabeled
536279090,70,2deca509a22158d15375,441,CCOC(=O)c1cccnc1,unlabeled
536279090,70,b48dea92ecfc07816494,442,CCOC(=O)c1cccnc1,unlabeled
536279090,70,82fa7e7b3bd183853280,443,CCOC(=O)c1cccnc1,unlabeled
536279090,70,7ba2cf5e6ca289d9810f,444,CCOC(=O)c1cccnc1,unlabeled
536279090,70,7dec4c1259ce3660b729,445,COc1ccc(OC)c(Br)c1,unlabeled
536279090,70,768064b2e2a953d147d0,446,COc1ccc(OC)c(Br)c1,unlabeled
536279090,70,212154e56fe15a3333a2,447,COc1ccc(OC)c(Br)c1,gradient_train
536279090,70,c56a92db4ce7de66bee1,448,COc1ccc(OC)c(Br)c1,unlabeled
536279090,70,48b99ebef2fd7718f678,449,COc1ccc(OC)c(Br)c1,unlabeled
536279090,70,6da48b9dd6e1ed7e26fd,450,COc1ccc(OC)c(Br)c1,unlabeled
536279090,70,a2eeeea4e6525c9d22d4,451,COc1ccc(OC)c(Br)c1,unlabeled
536279090,70,1e0e33b1a77df72f4dd8,452,OCc1cccc(Br)c1,gradient_train
536279090,70,371711577127c07527e3,453,OCc1cccc(Br)c1,unlabeled
536279090,70,78d4810a82f060b5cf49,454,OCc1cccc(Br)c1,unlabeled
536279090,70,1c04f02c0ea8c00b358d,455,OCc1cccc(Br)c1,gradient_train
536279090,70,4bc0dc84991def63aa1b,456,O=C1CCCc2ccccc21,unlabeled
536279090,70,2433f7a3f7959e1d1b74,457,O=C1CCCc2ccccc21,unlabeled
536279090,70,944f0a85ec8978a60444,458,O=C1CCCc2ccccc21,unlabeled
536279090,70,8afc083342d1c2e7f78a,459,O=C1CCCc2ccccc21,test
536279090,70,c35ed383b2db14b3bc06,460,O=C1CCCc2ccccc21,unlabeled
536279090,70,d7c72c92165e2c129547,461,O=C1CCCc2ccccc21,unlabeled
536279090,70,e375bb01e53e46f8faee,462,O=C1CCCc2ccccc21,unlabeled
536279090,70,fdc873b5607287090ff3,463,CSc1ccc(C=O)cc1,unlabeled
536279090,70,80b4e33a8434ac29ed52,464,CSc1ccc(C=O)cc1,unlabeled
536279090,70,ee60c3ffc43a4c2c965e,465,CSc1ccc(C=O)cc1,unlabeled
536279090,70,95f10fffb85ea1b1f47a,466,CSc1ccc(C=O)cc1,unlabeled
536279090,70,793d8259fd7820530cfe,467,Cc1ccccc1C=O,unlabeled
536279090,70,13fb1511fffef8fc96e0,468,Cc1ccccc1C=O,unlabeled
536279090,70,532a47d1b45e54d6326b,469,Cc1ccccc1C=O,unlabeled
536279090,70,dcd70c2b5039c4268d56,470,Cc1ccccc1C=O,unlabeled
536279090,70,22d860e7f246ca4272a4,471,Cc1ccccc1C=O,unlabeled
536279090,70,f21df276243d861dc2b2,472,Cc1ccccc1C=O,gradient_train
536279090,70,08820514e662ce6ea8f0,473,Cc1ccccc1C=O,unlabeled
536279090,70,d60e09bca01342c7cfa6,474,O=Cc1ccc(Br)cc1O,unlabeled
536279090,70,9dda290379fb047fc74d,475,O=Cc1ccc(Br)cc1O,unlabeled
536279090,70,4a58b799c494875f6f27,476,O=Cc1ccc(Br)cc1O,unlabeled
536279090,70,98a1ca00445d60f415d4,477,O=Cc1ccc(Br)cc1O,unlabeled
536279090,70,ddecd252bb1099fb20f7,478,O=Cc1ccc(Br)cc1O,test
536279090,70,226ebdbf914ce9333de8,479,O=Cc1ccc(Br)cc1O,unlabeled
536279090,70,99dd4a9a47de5c84b7c0,480,O=Cc1ccc(Br)cc1O,unlabeled
536279090,70,ecc7e2759499addc038f,481,CC(=O)c1ccc(Br)cc1,unlabeled
536279090,70,66c1ee6eed3d1587de50,482,CC(=O)c1ccc(Br)cc1,unlabeled
536279090,70,a26a131344d4dbd9645b,483,CC(=O)c1ccc(Br)cc1,test
536279090,70,f0edd899ac987a1de9dd,484,CC(=O)c1ccc(Br)cc1,unlabeled
536279090,70,0e13b08b0f9c772699e1,485,CC(=O)c1ccc(Br)cc1,unlabeled
536279090,70,1254297404cc9db52ee2,486,CC(=O)c1ccc(Br)cc1,test
536279090,70,bc8e1d805b36b63cbfbe,487,CC(=O)c1ccc(Br)cc1,unlabeled
536279090,70,cd998cddd3dcb4fc8c92,488,O=C(Cc1ccccc1)c1ccccc1,gradient_train
536279090,70,12e11e8eaee71fc57209,489,O=C(Cc1ccccc1)c1ccccc1,unlabeled
536279090,70,054457c7699aabd6c619,490,O=C(Cc1ccccc1)c1ccccc1,unlabeled
536279090,70,893e4c91da1b0b2f7d3e,491,O=C(Cc1ccccc1)c1ccccc1,unlabeled
536279090,70,18e8a9c1ea6aa15c0d01,492,O=C(Cc1ccccc1)c1ccccc1,unlabeled
536279090,70,bc582f1f4f4225f6d249,493,O=C(Cc1ccccc1)c1ccccc1,gradient_train
536279090,70,d92ef85db0d1c0979197,494,O=C(Cc1ccccc1)c1ccccc1,unlabeled
536279090,70,ddc0b27538aa926cbb6e,495,O=Cc1ccc(-c2ccccc2)cc1,test
536279090,70,6dcfe9b1e0958f22523b,496,O=Cc1ccc(-c2ccccc2)cc1,validation
536279090,70,3cdf1bcd3739e20f72d2,497,O=Cc1ccc(-c2ccccc2)cc1,unlabeled
536279090,70,a8e4c6001ce3245c634b,498,O=Cc1ccc(-c2ccccc2)cc1,unlabeled
536279090,70,24b540d7814b4d9c5183,499,O=Cc1ccc(-c2ccccc2)cc1,unlabeled
536279090,70,b0cadf050313e9a3a162,500,O=Cc1ccc(-c2ccccc2)cc1,unlabeled
536279090,70,8837a8a19c37b63d2e48,501,O=Cc1ccc(-c2ccccc2)cc1,unlabeled
536279090,70,23a832560d234735d954,502,O=Cc1ccc2ccccc2c1Br,unlabeled
536279090,70,90777be8090491479de1,503,O=Cc1ccc2ccccc2c1Br,unlabeled
536279090,70,926a7862066269f98d62,504,O=Cc1ccc2ccccc2c1Br,unlabeled
536279090,70,2c51476c6fa3121c5dfc,505,O=Cc1ccc2ccccc2c1Br,test
536279090,70,5a9449a7562d442b8669,506,O=Cc1ccc2ccccc2c1Br,unlabeled
536279090,70,2cbca950d64fdcd81660,507,O=Cc1ccc2ccccc2c1Br,unlabeled
536279090,70,fb1fdaa4bc60434648f7,508,O=Cc1ccc2ccccc2c1Br,unlabeled
536279090,70,9e46dbe8a460d3f96a27,509,O=C(/C=C/c1ccccc1)c1ccccc1,test
536279090,70,31e75b850983502aa64f,510,O=C(/C=C/c1ccccc1)c1ccccc1,validation
536279090,70,b566ed83f272904657ba,511,O=C(/C=C/c1ccccc1)c1ccccc1,unlabeled
536279090,70,c2be1e8f7c2c080f49f5,512,O=C(/C=C/c1ccccc1)c1ccccc1,unlabeled
536279090,70,fde2d968ab29d13d4f1d,513,O=C(/C=C/c1ccccc1)c1ccccc1,test
536279090,70,240da69c823911ff5ccc,514,O=C(/C=C/c1ccccc1)c1ccccc1,unlabeled
536279090,70,b2b26956a788c2a8c7e9,515,O=C(/C=C/c1ccccc1)c1ccccc1,test
536279090,70,f3b80f5fe97d26fd8383,516,O=C(/C=C/c1ccccc1)/C=C/c1ccccc1,unlabeled
536279090,70,d60f7e6b21ea96567843,517,O=C(/C=C/c1ccccc1)/C=C/c1ccccc1,test
536279090,70,bb61793cbbbe2bfa4e12,518,O=C(/C=C/c1ccccc1)/C=C/c1ccccc1,unlabeled
536279090,70,d078d930aa37448ec4aa,519,O=C(/C=C/c1ccccc1)/C=C/c1ccccc1,unlabeled
536279090,70,8cd132f293d2823adc8d,520,O=C(/C=C/c1ccccc1)/C=C/c1ccccc1,unlabeled
536279090,70,88f58ab7b7cf02f8f134,521,O=C(/C=C/c1ccccc1)/C=C/c1ccccc1,unlabeled
536279090,70,17bdb259a18419ca296f,522,O=C(/C=C/c1ccccc1)/C=C/c1ccccc1,unlabeled
536279090,70,77c599d272254892b6ec,523,CC1CCC(=O)c2ccccc21,unlabeled
536279090,70,b393af61f6769ceccbc0,524,CC1CCC(=O)c2ccccc21,unlabeled
536279090,70,49668be051b44a819f00,525,CC1CCC(=O)c2ccccc21,unlabeled
536279090,70,ffa86b2ffa5ac89b0720,526,CC1CCC(=O)c2ccccc21,unlabeled
536279090,70,43aa4f12be94a8a96b35,527,CC1CCC(=O)c2ccccc21,unlabeled
536279090,70,c09fbafa246c8d17b677,528,CC1CCC(=O)c2ccccc21,unlabeled
536279090,70,f38afd5febe30c01c852,529,CC1CCC(=O)c2ccccc21,unlabeled
536279090,70,490ab56dde175e9b97f5,530,O=C(Cc1ccccc1F)C1CC1,test
536279090,70,3156893d5d2368c286a5,531,O=C(Cc1ccccc1F)C1CC1,unlabeled
536279090,70,5ca73775e77c8e07812b,532,O=C(Cc1ccccc1F)C1CC1,unlabeled
536279090,70,e90e636dced92c2b53d7,533,O=C(Cc1ccccc1F)C1CC1,unlabeled
536279090,70,21e4905ef98fba65035a,534,O=C(Cc1ccccc1F)C1CC1,unlabeled
536279090,70,2eda4e5a40a9021016cb,535,O=C(Cc1ccccc1F)C1CC1,gradient_train
536279090,70,9c357cc9e9b8199eb1e0,536,O=C(Cc1ccccc1F)C1CC1,unlabeled
536279090,70,51091e7a7f83732eaf1b,537,CCC(=O)c1cccc(Br)c1,test
536279090,70,71577790a52cb379d81f,538,CCC(=O)c1cccc(Br)c1,unlabeled
536279090,70,e3b2ac778da2b86aa873,539,CCC(=O)c1cccc(Br)c1,unlabeled
536279090,70,1046fdfaf24728b107ba,540,CCC(=O)c1cccc(Br)c1,test
536279090,70,2e10d8b186d86053260f,541,CCC(=O)c1cccc(Br)c1,gradient_train
536279090,70,5111664a952a4ab7d54e,542,CCC(=O)c1cccc(Br)c1,unlabeled
536279090,70,ffcab07e0d31056e0d4a,543,CCC(=O)c1cccc(Br)c1,unlabeled
536279090,70,b6bb9be5584029502820,544,COCCCCC(=O)c1ccc(C(F)(F)F)cc1,unlabeled
536279090,70,60a000cb56517513c4d2,545,COCCCCC(=O)c1ccc(C(F)(F)F)cc1,unlabeled
536279090,70,677c30b5727454c7a81e,546,COCCCCC(=O)c1ccc(C(F)(F)F)cc1,gradient_train
536279090,70,94bc1858c275dcb3d476,547,COCCCCC(=O)c1ccc(C(F)(F)F)cc1,unlabeled
536279090,70,06c29062334b43b0d12f,548,COCCCCC(=O)c1ccc(C(F)(F)F)cc1,unlabeled
536279090,70,80e66bd0e8e9450537bb,549,COCCCCC(=O)c1ccc(C(F)(F)F)cc1,unlabeled
536279090,70,b82c7c8060589ec1974b,550,CCCC(=O)c1ccc(-c2ccccc2)cc1,unlabeled
536279090,70,57e291b74a249c9dd3ff,551,CCCC(=O)c1ccc(-c2ccccc2)cc1,unlabeled
536279090,70,7d6bcd84e5a6861fc8fc,552,CCCC(=O)c1ccc(-c2ccccc2)cc1,gradient_train
536279090,70,2d37adf0d65a19bc2c0c,553,CCCC(=O)c1ccc(-c2ccccc2)cc1,test
536279090,70,3c892a45de6ec4625f37,554,CCCC(=O)c1ccc(-c2ccccc2)cc1,unlabeled
536279090,70,e2c826d98b2bbeb6f48b,555,CCCC(=O)c1ccc(-c2ccccc2)cc1,unlabeled
536279090,70,ce61c0bd799e65402b75,556,CCCC(=O)c1ccc(-c2ccccc2)cc1,unlabeled
536279090,70,0f05b5ba6eb528d54b4b,557,O=C(c1ccccc1)c1cccc(C(=O)c2ccccc2)c1,unlabeled
536279090,70,c4412adf038c7f6ea3c2,558,O=C(c1ccccc1)c1cccc(C(=O)c2ccccc2)c1,gradient_train
536279090,70,182fc7fe888dbb9535bb,559,O=C(c1ccccc1)c1cccc(C(=O)c2ccccc2)c1,gradient_train
536279090,70,8abf9c0719e2d67a22f9,560,O=C(c1ccccc1)c1cccc(C(=O)c2ccccc2)c1,unlabeled
536279090,70,b8a4c06710d95c33cfe1,561,O=C(c1ccccc1)c1cccc(C(=O)c2ccccc2)c1,unlabeled
536279090,70,7e451fd74af5bfa51ac9,562,O=C(c1ccccc1)c1cccc(C(=O)c2ccccc2)c1,unlabeled
536279090,70,07e9bc7a9d27fdd58c2f,563,O=C(c1ccccc1)c1cccc(C(=O)c2ccccc2)c1,unlabeled
536279090,70,2f828b7aa8c3e93352da,564,CCC(=O)c1cccnc1,unlabeled
536279090,70,4365d2fb106c18823aac,565,CCC(=O)c1cccnc1,unlabeled
536279090,70,4c6a8ef1c87748df99f2,566,CCC(=O)c1cccnc1,unlabeled
536279090,70,aca0ef1613a0a07a0431,567,O=C(CCCCl)c1ccc(F)cc1,unlabeled
536279090,70,f98f5943ca73a5b809a1,568,O=C(CCCCl)c1ccc(F)cc1,unlabeled
536279090,70,405638494c5a95206866,569,O=C(CCCCl)c1ccc(F)cc1,unlabeled
536279090,70,76e188b0e48b99f36582,570,O=C(CCCCl)c1ccc(F)cc1,unlabeled
536279090,70,26aa0143305ac532a560,571,O=C(CCCCl)c1ccc(F)cc1,gradient_train
536279090,70,283be89c092cfa4a5cbb,572,O=C(CCCCl)c1ccc(F)cc1,unlabeled
536279090,70,0ffc20c3f979502b8a09,573,O=C(CCCCl)c1ccc(F)cc1,gradient_train
536279090,100,bbabdb9085edbb8c178b,0,CC(C)(CCl)c1ccccc1,test
536279090,100,96dc3dc2ebd074200228,1,CC(C)(CCl)c1ccccc1,gradient_train
536279090,100,6322e8f867a741eed74c,2,CC(C)(CCl)c1ccccc1,unlabeled
536279090,100,c2b0aff65443af0a8618,3,CC(C)(CCl)c1ccccc1,unlabeled
536279090,100,f4b69d88ad1d916ee71a,4,CC(C)(CCl)c1ccccc1,unlabeled
536279090,100,0f3559d035355b0eec80,5,CC(C)(CCl)c1ccccc1,unlabeled
536279090,100,d29a94054067cd60dd70,6,CC(C)(CCl)c1ccccc1,unlabeled
536279090,100,31d92ca6486b229184cf,7,OCCCc1ccccc1,unlabeled
536279090,100,8a84cca322477165b719,8,OCCCc1ccccc1,gradient_train
536279090,100,9cf769277f6b42d15f11,9,OCCCc1ccccc1,unlabeled
536279090,100,7a0a82051f50d5b0c89c,10,OCCCc1ccccc1,test
536279090,100,c79f29f048bbfd157f98,11,BrCCCc1ccccc1,unlabeled
536279090,100,df0074b49eeb620c0768,12,BrCCCc1ccccc1,unlabeled
536279090,100,f0097bc6b7827ef65922,13,BrCCCc1ccccc1,test
536279090,100,44348f5c4aea3b41ee9d,14,BrCCCc1ccccc1,unlabeled
536279090,100,482cb91fac7f2a936dca,15,BrCCCc1ccccc1,unlabeled
536279090,100,a5c6210123f05414ffc0,16,BrCCCc1ccccc1,unlabeled
536279090,100,a82e55e1cd19814ea307,17,BrCCCc1ccccc1,gradient_train
536279090,100,6ee3c70647b37dcd5417,18,ClCCCc1ccccc1,unlabeled
536279090,100,2c7e37ef828eb17c78fb,19,ClCCCc1ccccc1,gradient_train
536279090,100,7ab9c351196ad891e172,20,ClCCCc1ccccc1,unlabeled
536279090,100,7062ca665af0f9bba6c9,21,ClCCCc1ccccc1,unlabeled
536279090,100,6644e934f59d8b816b9f,22,ClCCCc1ccccc1,unlabeled
536279090,100,8cc7c76a92a4474d7c6a,23,ClCCCc1ccccc1,gradient_train
536279090,100,c883df6ea04f89f45f03,24,ClCCCc1ccccc1,test
536279090,100,46ed1e35ca65ace74790,25,COc1ccc(CO)cc1,unlabeled
536279090,100,ec581cec37da9563e756,26,COc1ccc(CO)cc1,unlabeled
536279090,100,c2bd8e8f13a96726e7fc,27,COc1ccc(CO)cc1,unlabeled
536279090,100,f1afcbd393ce4f5a6316,28,COc1ccc(CO)cc1,unlabeled
536279090,100,2909efb29670d8f2286d,29,CCOC(=O)C(C)(C)Br,gradient_train
536279090,100,56b391fdec7a2a622e52,30,CCOC(=O)C(C)(C)Br,unlabeled
536279090,100,8a9485661ac2c4576006,31,CCOC(=O)C(C)(C)Br,gradient_train
536279090,100,7f6d1cdee16de4a37a21,32,CCOC(=O)C(C)(C)Br,unlabeled
536279090,100,fd7bf535ef538434b384,33,CCOC(=O)C(C)(C)Br,unlabeled
536279090,100,651bb6b60c62819a4323,34,CCOC(=O)C(C)(C)Br,unlabeled
536279090,100,2a61203b59218a3cbdc6,35,CCOC(=O)C(C)(C)Br,gradient_train
536279090,100,6d6c0510303dec89b2fe,36,COc1ccc(C=O)cc1,test
536279090,100,f81dc37125414986a0bb,37,COc1ccc(C=O)cc1,unlabeled
536279090,100,400615278105cebb3ed9,38,COc1ccc(C=O)cc1,unlabeled
536279090,100,5d04f6757b59f5c356bb,39,COc1ccc(C=O)cc1,unlabeled
536279090,100,a074620f6970d8f89567,40,COc1ccc(C=O)cc1,unlabeled
536279090,100,454c1ea3beebbec4befe,41,COc1ccc(C=O)cc1,test
536279090,100,f95928e2618ed15e654f,42,COc1ccc(C=O)cc1,gradient_train
536279090,100,3a02b99399bb0c3e9ff9,43,COC(=O)C#CC(=O)OC,unlabeled
536279090,100,b80a4f9e4b61f534ee9e,44,COC(=O)C#CC(=O)OC,unlabeled
536279090,100,2690de155843f45b00a3,45,COC(=O)C#CC(=O)OC,unlabeled
536279090,100,549eb8499df5181b3558,46,COC(=O)C#CC(=O)OC,gradient_train
536279090,100,02c141e2551937d10f4e,47,COC(=O)C#CC(=O)OC,unlabeled
536279090,100,9069807baff6cbfbde75,48,COC(=O)C#CC(=O)OC,unlabeled
536279090,100,1fe1163f7d97c16f3822,49,CC(=O)c1ccccc1,unlabeled
536279090,100,1e86d81fe1995d367fe1,50,CC(=O)c1ccccc1,unlabeled
536279090,100,614e6d0929b0845d454b,51,CC(=O)c1ccccc1,gradient_train
536279090,100,358681452207464d171e,52,CC(=O)c1ccccc1,unlabeled
536279090,100,c00e01085f35d19cd90f,53,CC(=O)c1ccccc1,unlabeled
536279090,100,a542d702abb1fa77a6fc,54,CC(=O)c1ccccc1,gradient_train
536279090,100,77577e6f6f0aa6789972,55,CCOC(=O)C(C)Br,unlabeled
536279090,100,298017c801a97653f57d,56,CCOC(=O)C(C)Br,unlabeled
536279090,100,849796401ee485c617a5,57,CCOC(=O)C(C)Br,test
536279090,100,67cc8304e3e618d7416a,58,CCOC(=O)C(C)Br,unlabeled
536279090,100,c7bc53c45a1962a88ec3,59,CCOC(=O)C(C)Br,unlabeled
536279090,100,76b9db19f45b8222d962,60,CCOC(=O)C(C)Br,unlabeled
536279090,100,0279fb0f7dba4b54a816,61,CCOC(=O)CC(=O)c1ccccc1,unlabeled
536279090,100,ca203ccf20ce8e74d86d,62,CCOC(=O)CC(=O)c1ccccc1,unlabeled
536279090,100,029d48fc98a886c9fec4,63,CCOC(=O)CC(=O)c1ccccc1,unlabeled
536279090,100,1e578360bd7749f6b397,64,CCOC(=O)CC(=O)c1ccccc1,unlabeled
536279090,100,05c14d26f4aa6f7c48b0,65,CCOC(=O)CC(=O)c1ccccc1,unlabeled
536279090,100,53d046afde1259a727f9,66,CCOC(=O)CC(=O)c1ccccc1,unlabeled
536279090,100,35ba50ab027f5f170aba,67,CCOC(=O)CC(=O)c1ccccc1,unlabeled
536279090,100,130d76d2d46a287c5dea,68,CC(=O)c1ccccc1C,unlabeled
536279090,100,3ef4b1ab56fe40940b42,69,CC(=O)c1ccccc1C,unlabeled
536279090,100,a340148c4096f80cc125,70,CC(=O)c1ccccc1C,unlabeled
536279090,100,57af4b867d9cd419ebb9,71,CC(=O)c1ccccc1C,test
536279090,100,ff8745125a0eeb17c1e5,72,CC(=O)c1ccccc1C,unlabeled
536279090,100,41a468134f078d2de17d,73,CC(=O)c1ccccc1C,gradient_train
536279090,100,b4899d5d03e44fbf885c,74,CC(=O)c1ccccc1C,unlabeled
536279090,100,bd93eaa60288fd0d5e89,75,CC(=O)c1ccc(C)cc1,unlabeled
536279090,100,2797757b00a9f254ef2e,76,CC(=O)c1ccc(C)cc1,unlabeled
536279090,100,fad37552a4a2eae19961,77,CC(=O)c1ccc(C)cc1,gradient_train
536279090,100,6936556d392803de12ed,78,CC(=O)c1ccc(C)cc1,unlabeled
536279090,100,fd3f8b6ec11d13a8412d,79,CC(=O)c1ccc(C)cc1,gradient_train
536279090,100,b71b23379d73c3637a76,80,CC(=O)c1ccc(C)cc1,gradient_train
536279090,100,2a9d111386ac232bbf79,81,CC(=O)c1ccc(C)cc1,unlabeled
536279090,100,ca00dd1990fd356443cb,82,COC(=O)c1ccccc1O,test
536279090,100,924106530353757625ba,83,COC(=O)c1ccccc1O,gradient_train
536279090,100,f0d3ae15346c6cb6928d,84,COC(=O)c1ccccc1O,unlabeled
536279090,100,0b6fe9b9da26ddc80e99,85,COC(=O)c1ccccc1O,gradient_train
536279090,100,a9a4b1ef530ce6f46a1c,86,COC(=O)c1ccccc1O,unlabeled
536279090,100,f0245d145e2758fc9ff8,87,COC(=O)c1ccccc1O,unlabeled
536279090,100,f33380e15f0fd8b62027,88,COC(=O)c1ccccc1O,test
536279090,100,1773be1aaa4102ae19f0,89,CC(=O)CC(=O)OC(C)(C)C,unlabeled
536279090,100,1895e2147dd146c4e564,90,CC(=O)CC(=O)OC(C)(C)C,test
536279090,100,e7c8cd496e2795b23cb3,91,CC(=O)CC(=O)OC(C)(C)C,unlabeled
536279090,100,60f64adee75a0999c5d5,92,CC(=O)CC(=O)OC(C)(C)C,unlabeled
536279090,100,851993fe56d61c8bf074,93,CC(=O)CC(=O)OC(C)(C)C,test
536279090,100,4e6d2ab0e823ac1d4b58,94,CC(=O)CC(=O)OC(C)(C)C,unlabeled
536279090,100,452aebfcddc0b031c20d,95,CCOC(=O)Cc1ccccc1,unlabeled
536279090,100,a67ee30ac22b3511e0af,96,CCOC(=O)Cc1ccccc1,unlabeled
536279090,100,4c52102f0b5a693d59bc,97,CCOC(=O)Cc1ccccc1,gradient_train
536279090,100,f21e8077ac7b6ec1d038,98,CCOC(=O)Cc1ccccc1,unlabeled
536279090,100,982611df66af1cf7c2f5,99,CCOC(=O)Cc1ccccc1,unlabeled
536279090,100,d9e344f199dc9a567b5f,100,CCOC(=O)Cc1ccccc1,unlabeled
536279090,100,74706f7e5d10b9245796,101,CCOC(=O)Cc1ccccc1,unlabeled
536279090,100,f5d7ae6c2608335325ff,102,COC(=O)c1ccccc1N,unlabeled
536279090,100,f66e095007d9d0923ce2,103,COC(=O)c1ccccc1N,gradient_train
536279090,100,c9a57e8accca7da9758b,104,COC(=O)c1ccccc1N,unlabeled
536279090,100,f7b1b9737459397f9ace,105,COC(=O)c1ccccc1N,unlabeled
536279090,100,68feec66f657364ebeaa,106,COC(=O)c1ccccc1N,unlabeled
536279090,100,96ccc1b8240fc2e9c1f3,107,COC(=O)c1ccccc1N,unlabeled
536279090,100,16eec4a03ec235274042,108,CCOC(=O)/C=C/c1ccccc1,unlabeled
536279090,100,92e4f80b3943134ebe86,109,CCOC(=O)/C=C/c1ccccc1,unlabeled
536279090,100,e15e8a4f329d3a08aff9,110,CCOC(=O)/C=C/c1ccccc1,gradient_train
536279090,100,6cec450baf7517436df6,111,CCOC(=O)/C=C/c1ccccc1,gradient_train
536279090,100,48b79e49508df9f5fd6d,112,CCOC(=O)/C=C/c1ccccc1,gradient_train
536279090,100,404dc3e2801a9a9d52aa,113,CCOC(=O)/C=C/c1ccccc1,unlabeled
536279090,100,c72867f0f2e38c70aa8c,114,CCOC(=O)/C=C/c1ccccc1,gradient_train
536279090,100,d9d3d24a75ff511e108a,115,COC(=O)c1ccc(C(C)(C)C)cc1,unlabeled
536279090,100,f40ca479a9e86b5d5458,116,COC(=O)c1ccc(C(C)(C)C)cc1,gradient_train
536279090,100,b7770c04c72527e1d9f6,117,COC(=O)c1ccc(C(C)(C)C)cc1,unlabeled
536279090,100,a433dc0f6a13e9ace41d,118,COC(=O)c1ccc(C(C)(C)C)cc1,unlabeled
536279090,100,e399250d7156727de0fd,119,COC(=O)c1ccc(C(C)(C)C)cc1,unlabeled
536279090,100,3122a2210bde68deb81e,120,COC(=O)c1ccc(C(C)(C)C)cc1,unlabeled
536279090,100,c9460286f85a5ec0f4fc,121,COC(=O)c1ccc(C(C)(C)C)cc1,validation
536279090,100,13b0b7952199157a8399,122,CCOC(=O)/C=C(/C)N,unlabeled
536279090,100,759d5133ee82740013bf,123,CCOC(=O)/C=C(/C)N,unlabeled
536279090,100,c9bf385316b464cd2e8d,124,CCOC(=O)/C=C(/C)N,unlabeled
536279090,100,f248b9b89d62a22b03c3,125,CCOC(=O)/C=C(/C)N,unlabeled
536279090,100,10d51839b15b94f0ae56,126,CCOC(=O)/C=C(/C)N,unlabeled
536279090,100,e66b24ec1e4dfa9a9a57,127,CCOC(=O)/C=C(/C)N,unlabeled
536279090,100,506597d02ff322a77a8d,128,CCOC(=O)/C=C(/C)N,unlabeled
536279090,100,d2951bd3bb1608688f0d,129,CCOC(=O)/C=C(/C)N,unlabeled
536279090,100,7d3c6ef279245ca08a2f,130,CCOC(=O)/C=C(/C)N,unlabeled
536279090,100,e6886d2fb3090517172b,131,CCOC(=O)/C=C(/C)N,gradient_train
536279090,100,d31d42caff135d7154c4,132,CCOC(=O)/C=C(/C)N,unlabeled
536279090,100,3d7aa38258001eb6ba67,133,CC(C)COC(=O)c1ccccc1,gradient_train
536279090,100,b3409bbbf3b06d73afca,134,CC(C)COC(=O)c1ccccc1,unlabeled
536279090,100,5ce75d3f6df6d318cb8a,135,CC(C)COC(=O)c1ccccc1,unlabeled
536279090,100,28f4ab2563d03e831cf0,136,CC(C)COC(=O)c1ccccc1,unlabeled
536279090,100,b95bbdf393e00f41a6df,137,CC(C)COC(=O)c1ccccc1,unlabeled
536279090,100,1e73138aa057a5e2b67f,138,CC(C)COC(=O)c1ccccc1,test
536279090,100,1319bf7018ee9b9a5b9f,139,CCOC(=O)c1ccccc1,unlabeled
536279090,100,99398d649f02f80651f1,140,CCOC(=O)c1ccccc1,unlabeled
536279090,100,240787bdbf2abc17e093,141,CCOC(=O)c1ccccc1,unlabeled
536279090,100,4afc7ef2732850bea176,142,CCOC(=O)c1ccccc1,test
536279090,100,181f6c7852b17df8f194,143,CCOC(=O)c1ccccc1,unlabeled
536279090,100,474238f822b0c38795c6,144,CCOC(=O)c1ccccc1,unlabeled
536279090,100,5eb80e21463443b22d14,145,CCOC(=O)c1ccccc1,unlabeled
536279090,100,f6e991e3dc3a3d3c5d89,146,COc1ccc(CCO)cc1,gradient_train
536279090,100,9991421da8e18008fc91,147,COc1ccc(CCO)cc1,gradient_train
536279090,100,9e93bad2014e7ab1a680,148,COc1ccc(CCO)cc1,test
536279090,100,3d5dc8831f4c74f7b7d1,149,COc1ccc(CCO)cc1,unlabeled
536279090,100,d5a7e1d47a58e1323805,150,Cc1ccc(C(C)C)cc1,unlabeled
536279090,100,5c32bb6f3bbf72dcb37e,151,Cc1ccc(C(C)C)cc1,unlabeled
536279090,100,e545485bf1a51a3ea557,152,Cc1ccc(C(C)C)cc1,gradient_train
536279090,100,8ea9d90b217f4096f42f,153,Cc1ccc(C(C)C)cc1,unlabeled
536279090,100,9ed80c28328fabe87261,154,Cc1ccc(C(C)C)cc1,gradient_train
536279090,100,f1ea027f4cb80b10d15b,155,Cc1ccc(C(C)C)cc1,gradient_train
536279090,100,dcfc9eaebf799d451fdb,156,Cc1ccc(C(C)C)cc1,unlabeled
536279090,100,6c1f19a34a40cbf98728,157,CC(C)(O)CCc1ccccc1,test
536279090,100,cf45ee02778c0243ad50,158,CC(C)(O)CCc1ccccc1,unlabeled
536279090,100,88581d99a415bf271788,159,CC(C)(O)CCc1ccccc1,unlabeled
536279090,100,8753ab545dd1cf036a3a,160,CC(C)(O)CCc1ccccc1,unlabeled
536279090,100,d59d233a1606de5b6deb,161,CC(C)(O)CCc1ccccc1,validation
536279090,100,964a62fb7d677de0f711,162,CC(C)CCOC(=O)c1ccccc1,unlabeled
536279090,100,f35f8782c107387233ed,163,CC(C)CCOC(=O)c1ccccc1,unlabeled
536279090,100,4d602abaaf336ac523e4,164,CC(C)CCOC(=O)c1ccccc1,gradient_train
536279090,100,4768b747981033fbdf34,165,CC(C)CCOC(=O)c1ccccc1,unlabeled
536279090,100,3df34ab1c0d58c86999e,166,CC(C)CCOC(=O)c1ccccc1,test
536279090,100,8b67a1246fe892b6581d,167,CC(C)CCOC(=O)c1ccccc1,unlabeled
536279090,100,2bafcbea1bb66eb60a71,168,CC(C)CCOC(=O)c1ccccc1,unlabeled
536279090,100,2beadb75e05408973f02,169,CCOC(=O)/C=C/c1ccccc1,gradient_train
536279090,100,dd7cae2667a1348a2caf,170,CCOC(=O)/C=C/c1ccccc1,unlabeled
536279090,100,56f1cecfc0c6c3d224be,171,CCOC(=O)/C=C/c1ccccc1,unlabeled
536279090,100,6278b7d64a22dbe3844e,172,CCOC(=O)/C=C/c1ccccc1,unlabeled
536279090,100,a75e421e756083edea35,173,CCOC(=O)/C=C/c1ccccc1,unlabeled
536279090,100,c9f7ab78e90454873661,174,CCOC(=O)/C=C/c1ccccc1,unlabeled
536279090,100,b36d7c12e6d3072467ee,175,CCOC(=O)/C=C/c1ccccc1,unlabeled
536279090,100,5dc7d31c57624ac47575,176,COc1ccc(C)cc1OC,unlabeled
536279090,100,7dea14d96460814919d3,177,COc1ccc(C)cc1OC,unlabeled
536279090,100,83a16763654b3b743265,178,COc1ccc(C)cc1OC,unlabeled
536279090,100,ee96bcc328a38cb12519,179,COc1ccc(C)cc1OC,test
536279090,100,62763fd48ebc7554402f,180,COc1ccc(C)cc1OC,test
536279090,100,dd29d0f859e11f70f4ec,181,COc1ccc(C)cc1OC,unlabeled
536279090,100,826e9f40c328ce2478ec,182,COc1ccc(C)cc1OC,gradient_train
536279090,100,2e684264400b651dae88,183,C1=Cc2ccccc2C1,unlabeled
536279090,100,e4f37e6e6def0eec724a,184,C1=Cc2ccccc2C1,unlabeled
536279090,100,fda6d7aa920e5400a222,185,C1=Cc2ccccc2C1,unlabeled
536279090,100,ee0eba88726c692c7f0c,186,C1=Cc2ccccc2C1,unlabeled
536279090,100,c438c37de3a60de0e84a,187,C1=Cc2ccccc2C1,test
536279090,100,f51bc35441c8ba7713b6,188,C1=Cc2ccccc2C1,gradient_train
536279090,100,cb1bb21d54890633943c,189,C1=Cc2ccccc2C1,unlabeled
536279090,100,2e561b136ec088ba3eff,190,Cc1ccc(C)cc1,unlabeled
536279090,100,0d6f66d7971473a2cef9,191,Cc1ccc(C)cc1,unlabeled
536279090,100,6950f8ebe95298defec5,192,Cc1ccc(C)cc1,gradient_train
536279090,100,1837a52df085e2fc70d1,193,Cc1ccc(C)cc1,unlabeled
536279090,100,8067767b73f132489d46,194,Cc1ccc(C)cc1,unlabeled
536279090,100,bc3f10fed296515e66e5,195,Cc1ccc(C)cc1,unlabeled
536279090,100,369517a8e4fab7d4e0e5,196,Cc1ccc(C)cc1,gradient_train
536279090,100,acc1a540efdb60e4fa76,197,ClCCc1ccccc1,unlabeled
536279090,100,b849b02cc7a096ff6f6a,198,ClCCc1ccccc1,unlabeled
536279090,100,75b105d94d176eec90ba,199,ClCCc1ccccc1,unlabeled
536279090,100,4699975b36aa2351be18,200,ClCCc1ccccc1,unlabeled
536279090,100,a2ecd7c05da585c2a35e,201,ClCCc1ccccc1,unlabeled
536279090,100,82843c7e3b9005c1abb0,202,ClCCc1ccccc1,unlabeled
536279090,100,216e9e13c0587f197c0b,203,ClCCc1ccccc1,gradient_train
536279090,100,31162ac7e21c9688cbdc,204,CC(O)c1ccccc1,unlabeled
536279090,100,82ffe9abc3d02f4b970f,205,CC(O)c1ccccc1,unlabeled
536279090,100,35eae227e68fe7434e68,206,CC(O)c1ccccc1,unlabeled
536279090,100,82b6a0a8f122317d79d4,207,CC(O)c1ccccc1,unlabeled
536279090,100,9b28c23ad1d4dda9fe1a,208,CC(O)c1ccccc1,unlabeled
536279090,100,4455212440cbaf6d51e2,209,COc1ccccc1,unlabeled
536279090,100,fcea8574ae051fe11483,210,COc1ccccc1,unlabeled
536279090,100,04d4a16ff682bc7c55c8,211,COc1ccccc1,unlabeled
536279090,100,62ca5eadee5ef28e9aeb,212,COc1ccccc1,gradient_train
536279090,100,42f031acb8211bfbf67f,213,COc1ccccc1,unlabeled
536279090,100,472b8f06caf25ffe6c7a,214,COc1ccccc1,unlabeled
536279090,100,d532e4ccbab971232d40,215,COc1ccccc1,unlabeled
536279090,100,bae9f1ce7c04e7ccf16b,216,CCOC(=O)C(Br)C(=O)OCC,unlabeled
536279090,100,fc58ac30a03fcb0ec051,217,CCOC(=O)C(Br)C(=O)OCC,validation
536279090,100,c4b569d1149e4ec87b12,218,CCOC(=O)C(Br)C(=O)OCC,unlabeled
536279090,100,53d7fb31d852cbb33059,219,CCOC(=O)C(Br)C(=O)OCC,unlabeled
536279090,100,265addbdd355a85c628d,220,CCOC(=O)C(Br)C(=O)OCC,gradient_train
536279090,100,b07e3b186c5f9a698624,221,CCOC(=O)C(Br)C(=O)OCC,unlabeled
536279090,100,28c4b7ec4bf7f486b68c,222,CCOC(=O)C(Br)C(=O)OCC,unlabeled
536279090,100,c9d7d885160197c7f67c,223,c1ccc(COCc2ccccc2)cc1,unlabeled
536279090,100,e2869f5cf5635b6ae9c1,224,c1ccc(COCc2ccccc2)cc1,unlabeled
536279090,100,49865eda3c0e936157be,225,c1ccc(COCc2ccccc2)cc1,unlabeled
536279090,100,d26cffd9ef4da9800470,226,c1ccc(COCc2ccccc2)cc1,unlabeled
536279090,100,ce9ac115ce41ab41f01d,227,c1ccc(COCc2ccccc2)cc1,unlabeled
536279090,100,b2b5155e06ff9134c6a4,228,c1ccc(COCc2ccccc2)cc1,gradient_train
536279090,100,f1aabb6243aed53011cb,229,c1ccc(COCc2ccccc2)cc1,test
536279090,100,ebc9c107c2207e99cf79,230,CCOC(=O)CC(C)=O,gradient_train
536279090,100,f373e0ffa24cb51dd13a,231,CCOC(=O)CC(C)=O,gradient_train
536279090,100,bcb35848089ca50a1eef,232,CCOC(=O)CC(C)=O,unlabeled
536279090,100,ef8527c6b63d54b73966,233,CCOC(=O)CC(C)=O,unlabeled
536279090,100,86f385aa0925171d22cc,234,CCOC(=O)CC(C)=O,unlabeled
536279090,100,9c7a6ce4172638d2abc7,235,CCOC(=O)CC(C)=O,gradient_train
536279090,100,982585c1a4e89f10713f,236,O=CCCc1ccccc1,unlabeled
536279090,100,36af0c588eb2e094a55e,237,O=CCCc1ccccc1,gradient_train
536279090,100,afcb9ffea06f12f9e0f5,238,O=CCCc1ccccc1,unlabeled
536279090,100,e584c52185ccefd22a26,239,O=CCCc1ccccc1,unlabeled
536279090,100,39e40f336da135e6a7b5,240,O=CCCc1ccccc1,validation
536279090,100,e3c9408f01aa7642870f,241,O=CCCc1ccccc1,test
536279090,100,155ad3f702726e253c4d,242,O=CCCc1ccccc1,unlabeled
536279090,100,f84aa17604ca7f927b8c,243,C=CC(=O)OCCOc1ccccc1,unlabeled
536279090,100,6b8023df74ccc51e5c76,244,C=CC(=O)OCCOc1ccccc1,unlabeled
536279090,100,b056b793f5b571e6cdee,245,C=CC(=O)OCCOc1ccccc1,unlabeled
536279090,100,934f00061cc32bab10e8,246,C=CC(=O)OCCOc1ccccc1,unlabeled
536279090,100,b983d4c3094d909b570e,247,C=CC(=O)OCCOc1ccccc1,unlabeled
536279090,100,b6f53d16978daf702470,248,C=CC(=O)OCCOc1ccccc1,unlabeled
536279090,100,9563dde5c28fb62e4f7e,249,C=CC(=O)OCCOc1ccccc1,test
536279090,100,de2563a5f711307823f1,250,C=CC(=O)OC1CCCCC1,unlabeled
536279090,100,e2e681b0653ec64f7c14,251,C=CC(=O)OC1CCCCC1,unlabeled
536279090,100,fbf392edaddff6347b58,252,C=CC(=O)OC1CCCCC1,unlabeled
536279090,100,3955ae590ac179d279b6,253,C=CC(=O)OC1CCCCC1,gradient_train
536279090,100,db51f6df02555cb9c264,254,C=CC(=O)OC1CCCCC1,unlabeled
536279090,100,2195290d04210cdb253f,255,C=CC(=O)OC1CCCCC1,gradient_train
536279090,100,8063e3de9de70b75def1,256,C=CC(=O)OC1CCCCC1,unlabeled
536279090,100,88771c5c64ed839a4436,257,C=CC(=O)OCc1ccccc1,unlabeled
536279090,100,b5365d56777fde5c4dfc,258,C=CC(=O)OCc1ccccc1,unlabeled
536279090,100,4513e318c9d037303b13,259,C=CC(=O)OCc1ccccc1,test
536279090,100,efca00a284b2cadc5737,260,C=CC(=O)OCc1ccccc1,unlabeled
536279090,100,b473ef06a415d0f114b0,261,C=CC(=O)OCc1ccccc1,unlabeled
536279090,100,df02863943321996441f,262,C=CC(=O)OCc1ccccc1,test
536279090,100,194278dd9ee3d2407ed5,263,C=CC(=O)OCc1ccccc1,unlabeled
536279090,100,cc31b914acbab022eb9a,264,COC(=O)C(C)(C)Br,unlabeled
536279090,100,a9eea85ddeee2da33706,265,COC(=O)C(C)(C)Br,test
536279090,100,640353c89b3ce64ee98b,266,COC(=O)C(C)(C)Br,gradient_train
536279090,100,b11bb6293c307f7f7282,267,COC(=O)C(C)(C)Br,unlabeled
536279090,100,77b0577e6b0adb649e63,268,COC(=O)C(C)(C)Br,unlabeled
536279090,100,543561ac99bc28db6f2f,269,COC(=O)C(C)(C)Br,unlabeled
536279090,100,056255620b7acc9c630f,270,COC(=O)C(C)(C)Br,unlabeled
536279090,100,7b1589ae321d27608509,271,COC(=O)CS,unlabeled
536279090,100,0fee19a828ef997229fd,272,COC(=O)CS,test
536279090,100,222dede783147d5efa63,273,COC(=O)CS,unlabeled
536279090,100,d9a40ac35b79fbcf214a,274,COC(=O)CS,unlabeled
536279090,100,aaf22f8324aad12a55fa,275,COC(=O)CS,unlabeled
536279090,100,a9bfabe931467745353e,276,COC(=O)CS,unlabeled
536279090,100,be7d68067464e72d0b8d,277,COC(=O)CS,test
536279090,100,b418a712463f5abf8b81,278,CC(=O)CCCCl,unlabeled
536279090,100,850a69ce73ac04035aa3,279,CC(=O)CCCCl,unlabeled
536279090,100,7c4153fe9561da818ae1,280,CC(=O)CCCCl,unlabeled
536279090,100,a67016d937c499be9d64,281,CC(C)=CCBr,unlabeled
536279090,100,4559d83db38cc3c39d13,282,CC(C)=CCBr,gradient_train
536279090,100,bf8409f12dae2388c6a0,283,CC(C)=CCBr,gradient_train
536279090,100,832899abb44b8d2246cd,284,CC(C)=CCBr,unlabeled
536279090,100,5729cc87eb48a75655ad,285,CC(C)=CCBr,unlabeled
536279090,100,adb6d48eec0fb576d7fc,286,CC(C)=CCBr,unlabeled
536279090,100,bc789871fe39d967a9e0,287,CC(C)=CCBr,unlabeled
536279090,100,fff65bc451d163b1b106,288,C=CC(=O)OCCCCCCCCCCCC,unlabeled
536279090,100,c761659793c5929e2214,289,C=CC(=O)OCCCCCCCCCCCC,test
536279090,100,4c7d7c5f8b0c317c5548,290,C=CC(=O)OCCCCCCCCCCCC,unlabeled
536279090,100,a9656ffd805f80fcf143,291,C=CC(=O)OCCCCCCCCCCCC,unlabeled
536279090,100,da10d2f67a989e8b16b5,292,C=CC(=O)OCCCCCCCCCCCC,unlabeled
536279090,100,7ca22b2f4d23a7afb10e,293,C=CC(=O)OCCCCCCCCCCCC,unlabeled
536279090,100,38f57a9d08efd5f070d0,294,C=CC(=O)OCCCCCCCCCCCC,unlabeled
536279090,100,1619a0c8b233772ba0c0,295,C=CC(=O)O[C@@H]1C[C@H]2CC[C@]1(C)C2(C)C,test
536279090,100,0b9968c1280b5e4f726a,296,C=CC(=O)O[C@@H]1C[C@H]2CC[C@]1(C)C2(C)C,unlabeled
536279090,100,0d5196ceda603b66bd22,297,C=CC(=O)O[C@@H]1C[C@H]2CC[C@]1(C)C2(C)C,unlabeled
536279090,100,244e5c6375ff0c923725,298,C=CC(=O)O[C@@H]1C[C@H]2CC[C@]1(C)C2(C)C,unlabeled
536279090,100,4f34bbce67c94a44318a,299,C=CC(=O)O[C@@H]1C[C@H]2CC[C@]1(C)C2(C)C,unlabeled
536279090,100,0f8a39d1c0a7eaf35c75,300,C=CC(=O)O[C@@H]1C[C@H]2CC[C@]1(C)C2(C)C,unlabeled
536279090,100,6de4f7fd8ac19d183348,301,C=CC(=O)O[C@@H]1C[C@H]2CC[C@]1(C)C2(C)C,gradient_train
536279090,100,8bac25cfab022a9fb887,302,C=CC(=O)OCC(CC)CCCC,unlabeled
536279090,100,aeef2128392508cc81cc,303,C=CC(=O)OCC(CC)CCCC,unlabeled
536279090,100,a2eefb55da4d47a4347b,304,C=CC(=O)OCC(CC)CCCC,unlabeled
536279090,100,3c7f7a7105a5eb39ca89,305,C=CC(=O)OCC(CC)CCCC,unlabeled
536279090,100,2bf67acb4c861cf83990,306,C=CC(=O)OCC(CC)CCCC,unlabeled
536279090,100,d67e364fd6830aa2bf6f,307,C=CC(=O)OCC(CC)CCCC,unlabeled
536279090,100,84caf30ea66b29e2ea91,308,C=CC(=O)OCC(CC)CCCC,unlabeled
536279090,100,1bd5bb3744b78ada7307,309,FC(F)(F)c1cc(Br)cc(C(F)(F)F)c1,gradient_train
536279090,100,dd7fdbe3fa3800e6499f,310,FC(F)(F)c1cc(Br)cc(C(F)(F)F)c1,unlabeled
536279090,100,ab84efb31c801e49c87c,311,FC(F)(F)c1cc(Br)cc(C(F)(F)F)c1,unlabeled
536279090,100,69f6dbdc304c0475f868,312,FC(F)(F)c1cc(Br)cc(C(F)(F)F)c1,validation
536279090,100,a43656cab81e1b0fcccf,313,FC(F)(F)c1cc(Br)cc(C(F)(F)F)c1,test
536279090,100,bcf8bb13e4fca185fe68,314,FC(F)(F)c1cc(Br)cc(C(F)(F)F)c1,unlabeled
536279090,100,fe71f29c800d4ee35138,315,FC(F)(F)c1cc(Br)cc(C(F)(F)F)c1,unlabeled
536279090,100,2416be80d114ff60224d,316,O=Cc1ccc(Cl)cc1Br,unlabeled
536279090,100,9201cead3641f52a1f20,317,O=Cc1ccc(Cl)cc1Br,unlabeled
536279090,100,49276f9b1cc72d41bbfd,318,O=Cc1ccc(Cl)cc1Br,gradient_train
536279090,100,6cb8bbf843e6064ce249,319,O=Cc1ccc(Cl)cc1Br,unlabeled
536279090,100,a6b1d92e3de602f8963c,320,O=Cc1ccc(Cl)cc1Br,unlabeled
536279090,100,135ac7deca522d1e7929,321,O=Cc1ccc(Cl)cc1Br,unlabeled
536279090,100,0f3bd8418ab9ba9d1ed2,322,O=Cc1ccc(Cl)cc1Br,unlabeled
536279090,100,6cd5860914563da59932,323,O=Cc1ccc2c(c1)CCO2,unlabeled
536279090,100,5179c3962ada5450dde7,324,O=Cc1ccc2c(c1)CCO2,unlabeled
536279090,100,ad45b4b8aaed2c2b0b33,325,O=Cc1ccc2c(c1)CCO2,test
536279090,100,6c8de7fb3dbd4f5adabf,326,O=Cc1ccc2c(c1)CCO2,unlabeled
536279090,100,f72724ff299c47641488,327,COc1cc(F)cc(Br)c1,unlabeled
536279090,100,2cde006ff48a36a368d2,328,COc1cc(F)cc(Br)c1,unlabeled
536279090,100,09879f6853acb50e1280,329,COc1cc(F)cc(Br)c1,test
536279090,100,cd492dbc52d170e5a396,330,COc1cc(F)cc(Br)c1,unlabeled
536279090,100,e1244cc412f81ac11bd3,331,COc1cc(F)cc(Br)c1,unlabeled
536279090,100,69bed1df8dc3cf82927c,332,COc1cc(F)cc(Br)c1,unlabeled
536279090,100,adc9f476f8b5d66fa85d,333,COc1cc(F)cc(Br)c1,unlabeled
536279090,100,e7e3cdff8a4b43574b19,334,CC(C)(C)c1cc(C=O)cc(C(C)(C)C)c1,test
536279090,100,22fcaa293d9525e1f4e7,335,CC(C)(C)c1cc(C=O)cc(C(C)(C)C)c1,unlabeled
536279090,100,5965305884ee5fba94d8,336,CC(C)(C)c1cc(C=O)cc(C(C)(C)C)c1,unlabeled
536279090,100,556baeed852270e9c0fc,337,CC(C)(C)c1cc(C=O)cc(C(C)(C)C)c1,unlabeled
536279090,100,376fc6387117429bcb19,338,CC(C)(C)c1cc(C=O)cc(C(C)(C)C)c1,unlabeled
536279090,100,3fbc880a145bcc2155c9,339,CC(C)(C)c1cc(C=O)cc(C(C)(C)C)c1,gradient_train
536279090,100,2964279ae2fd8a820ae1,340,CC(C)(C)c1cc(C=O)cc(C(C)(C)C)c1,gradient_train
536279090,100,c084940b1be4fa61738d,341,COc1cc(Br)cc(OC)c1,unlabeled
536279090,100,deac65153d9204a230ec,342,COc1cc(Br)cc(OC)c1,unlabeled
536279090,100,b5f0b6271cd244ade9a3,343,COc1cc(Br)cc(OC)c1,gradient_train
536279090,100,79723584590c0a689474,344,COc1cc(Br)cc(OC)c1,unlabeled
536279090,100,984bc17b1da105c753eb,345,COc1cc(Br)cc(OC)c1,gradient_train
536279090,100,1b7e334ea83516d08ff5,346,COc1cc(Br)cc(OC)c1,unlabeled
536279090,100,b8018c4bdaadd42a057a,347,COc1cc(Br)cc(OC)c1,test
536279090,100,3b03dfa8ff44ff554734,348,O=Cc1cc(Br)ccc1O,test
536279090,100,167f49f748fa35bdb29e,349,O=Cc1cc(Br)ccc1O,unlabeled
536279090,100,7e19b816ecd8282ce2a1,350,O=Cc1cc(Br)ccc1O,unlabeled
536279090,100,0dffde5d00d50ee96173,351,O=Cc1cc(Br)ccc1O,unlabeled
536279090,100,65bfb38b53dd53bc4f4c,352,O=Cc1cc(Br)ccc1O,unlabeled
536279090,100,e79c5aedcfa41a5f23c9,353,O=Cc1cc(Br)ccc1O,gradient_train
536279090,100,27b234a05f8c66fd059f,354,O=Cc1cc(Br)ccc1O,gradient_train
536279090,100,1bf52d57e3b0d9ef0662,355,Cc1ccc(Cl)cc1Br,unlabeled
536279090,100,867407c66038f21466a8,356,Cc1ccc(Cl)cc1Br,unlabeled
536279090,100,fb19bbc052a528249f36,357,Cc1ccc(Cl)cc1Br,unlabeled
536279090,100,13bebd0b1ab22fc7e93b,358,Cc1ccc(Cl)cc1Br,unlabeled
536279090,100,c1b4c0f7481c01c40ec6,359,Cc1ccc(Cl)cc1Br,gradient_train
536279090,100,bb159f5b8695e842d4ff,360,Cc1ccc(Cl)cc1Br,unlabeled
536279090,100,ce70dba7026ce0b64f62,361,Cc1ccc(Cl)cc1Br,unlabeled
536279090,100,a5ea3136b642f8a49607,362,N#Cc1ccccc1Br,unlabeled
536279090,100,8671b386166171ebd7f7,363,N#Cc1ccccc1Br,unlabeled
536279090,100,d344b363b8c01e73a6fa,364,N#Cc1ccccc1Br,unlabeled
536279090,100,70e13ddfe9e6cc9b0f56,365,N#Cc1ccccc1Br,unlabeled
536279090,100,35046c5ff35d8c8617bb,366,N#Cc1ccccc1Br,unlabeled
536279090,100,848f6c84b4d5fc44c3c2,367,N#Cc1ccccc1Br,test
536279090,100,0974fc9cbeb3820c4065,368,Cc1ccc(C=O)c(C)c1,test
536279090,100,bc486e940c369b85ce28,369,Cc1ccc(C=O)c(C)c1,gradient_train
536279090,100,9a29b268530b7a3321a0,370,Cc1ccc(C=O)c(C)c1,unlabeled
536279090,100,51394d9af7adc7eff816,371,Cc1ccc(C=O)c(C)c1,unlabeled
536279090,100,5cbed870fef2de105046,372,Cc1ccc(C=O)c(C)c1,unlabeled
536279090,100,dbb854b36df7ed31d95f,373,Cc1ccc(C=O)c(C)c1,unlabeled
536279090,100,0c0f89307cc4aff87ab6,374,Cc1ccc(C=O)c(C)c1,test
536279090,100,a5d9706079ccfee3bdf4,375,COCCOC(=O)CC(C)=O,unlabeled
536279090,100,bacef06b4d4d7374a4e4,376,COCCOC(=O)CC(C)=O,unlabeled
536279090,100,74097878150c8a5a8d79,377,COCCOC(=O)CC(C)=O,unlabeled
536279090,100,47404d0982a587f0393e,378,COCCOC(=O)CC(C)=O,unlabeled
536279090,100,fb80794857ddc46e142c,379,CC(=O)c1ccc2c(c1)OCO2,unlabeled
536279090,100,6f34563b6236c57b9c60,380,CC(=O)c1ccc2c(c1)OCO2,gradient_train
536279090,100,147b560e4c606680c7b2,381,CC(=O)c1ccc2c(c1)OCO2,gradient_train
536279090,100,7396668aaa8d372aa464,382,CC(=O)c1ccc2c(c1)OCO2,unlabeled
536279090,100,78b04c44dfa852f4e621,383,CC(=O)c1ccc2c(c1)OCO2,unlabeled
536279090,100,f191e08b3e95928a5423,384,CC(=O)c1ccc2c(c1)OCO2,unlabeled
536279090,100,f5634113e0822bda1c03,385,CC(=O)c1ccc2c(c1)OCO2,gradient_train
536279090,100,45264f1c88b241fb888c,386,CC(=O)c1c(C)cc(C)cc1C,unlabeled
536279090,100,7b0fa77cbbcbd8e7c87a,387,CC(=O)c1c(C)cc(C)cc1C,unlabeled
536279090,100,c514f60c28973fc116c5,388,CC(=O)c1c(C)cc(C)cc1C,gradient_train
536279090,100,b63d546347919cb66716,389,CC(=O)c1c(C)cc(C)cc1C,unlabeled
536279090,100,823c667f35cddfcbc346,390,CC(=O)c1c(C)cc(C)cc1C,validation
536279090,100,d2955aa36bd2b103c981,391,CC(=O)c1c(C)cc(C)cc1C,unlabeled
536279090,100,4ce730c9ad4e20a0386e,392,CC(=O)c1c(C)cc(C)cc1C,gradient_train
536279090,100,f3531a1565c8159ac5e2,393,CC(=O)c1ccc(C)cc1C,gradient_train
536279090,100,c359fd726e50e2123f43,394,CC(=O)c1ccc(C)cc1C,unlabeled
536279090,100,a9a623a9853c6b493ce4,395,CC(=O)c1ccc(C)cc1C,unlabeled
536279090,100,784ca4af1517dac8cd11,396,CC(=O)c1ccc(C)cc1C,unlabeled
536279090,100,4c36e8e7d179b4bfa11a,397,CC(=O)c1ccc(C)cc1C,unlabeled
536279090,100,77fe8c752e01feedccfa,398,CC(=O)c1ccc(C)cc1C,unlabeled
536279090,100,0a1949b42050f41b0db4,399,CC(=O)c1ccc(C)cc1C,unlabeled
536279090,100,118d66c0e53f510c51ed,400,CC(=O)c1ccc2c(c1)Cc1ccccc1-2,unlabeled
536279090,100,38aa81d53a6b39e9d8ef,401,CC(=O)c1ccc2c(c1)Cc1ccccc1-2,unlabeled
536279090,100,c780d2f5194817087e07,402,CC(=O)c1ccc2c(c1)Cc1ccccc1-2,unlabeled
536279090,100,546046afb5114d631360,403,CC(=O)c1ccc2c(c1)Cc1ccccc1-2,unlabeled
536279090,100,dc9f747c03c55d77bf72,404,BrC(=C(c1ccccc1)c1ccccc1)c1ccccc1,unlabeled
536279090,100,d29c00125d1c5dc55586,405,BrC(=C(c1ccccc1)c1ccccc1)c1ccccc1,unlabeled
536279090,100,509e53644c411798f5b0,406,BrC(=C(c1ccccc1)c1ccccc1)c1ccccc1,unlabeled
536279090,100,5ac5df671efee45d3ddf,407,BrC(=C(c1ccccc1)c1ccccc1)c1ccccc1,unlabeled
536279090,100,1e8c03a5d84f08329475,408,BrC(=C(c1ccccc1)c1ccccc1)c1ccccc1,unlabeled
536279090,100,a7f9a08159d001c30f67,409,BrC(=C(c1ccccc1)c1ccccc1)c1ccccc1,test
536279090,100,97feb43dae8371e80d3b,410,BrC(=C(c1ccccc1)c1ccccc1)c1ccccc1,unlabeled
536279090,100,2f612d3ec5e270672ad1,411,C/C(=N\O)c1ccccc1,unlabeled
536279090,100,b089551184e4d70e386d,412,C/C(=N\O)c1ccccc1,test
536279090,100,95f7b6c8f44b25feade0,413,C/C(=N\O)c1ccccc1,unlabeled
536279090,100,b0f39affa1970d2700b7,414,C/C(=N\O)c1ccccc1,unlabeled
536279090,100,af2973fb82b6d79d8c5e,415,C/C(=N\O)c1ccccc1,unlabeled
536279090,100,3545611fd9950a160288,416,C/C(=N\O)c1ccccc1,test
536279090,100,786c4179676f46638e4a,417,O=C(c1ccccc1)c1ccc(Cl)cc1,unlabeled
536279090,100,937105af8867732c56ec,418,O=C(c1ccccc1)c1ccc(Cl)cc1,unlabeled
536279090,100,711f210d4869259d0651,419,O=C(c1ccccc1)c1ccc(Cl)cc1,gradient_train
536279090,100,26bb8ff67b7738527484,420,O=C(c1ccccc1)c1ccc(Cl)cc1,unlabeled
536279090,100,6624c43f78e6697c8ac9,421,O=C(c1ccccc1)c1ccc(Cl)cc1,unlabeled
536279090,100,f9b97e958092bd5cb81a,422,O=C(c1ccccc1)c1ccc(Cl)cc1,unlabeled
536279090,100,2d53109003f718b780fa,423,Cc1ccc(C(=O)c2ccccc2)cc1C,unlabeled
536279090,100,b9b624baffe611c30836,424,Cc1ccc(C(=O)c2ccccc2)cc1C,test
536279090,100,f8a590eaa91d155f61da,425,Cc1ccc(C(=O)c2ccccc2)cc1C,unlabeled
536279090,100,2fcaa537474ba2ae579f,426,Cc1ccc(C(=O)c2ccccc2)cc1C,gradient_train
536279090,100,d914e4c833f2df567cac,427,Cc1ccc(C(=O)c2ccccc2)cc1C,unlabeled
536279090,100,5048acae682925888d12,428,Cc1ccc(C(=O)c2ccccc2)cc1C,unlabeled
536279090,100,41927f703a0632f098fb,429,CC(=O)CC(=O)c1ccccc1,unlabeled
536279090,100,760d0bf0ec31747d3969,430,CC(=O)CC(=O)c1ccccc1,unlabeled
536279090,100,d71aab82a8179d05294a,431,CC(=O)CC(=O)c1ccccc1,unlabeled
536279090,100,25ffb25df5bec65a633b,432,CC(=O)CC(=O)c1ccccc1,unlabeled
536279090,100,92d69b1849c34b7f1a80,433,CCOC(=O)C(Cc1ccccc1)C(C)=O,unlabeled
536279090,100,a289439d96e27bec7cbc,434,CCOC(=O)C(Cc1ccccc1)C(C)=O,unlabeled
536279090,100,4707a180fe4230c208ff,435,CCOC(=O)C(Cc1ccccc1)C(C)=O,unlabeled
536279090,100,41921840a5681261ba98,436,CCOC(=O)C(Cc1ccccc1)C(C)=O,unlabeled
536279090,100,b5080cde4f493a415fc5,437,CCOC(=O)C(Cc1ccccc1)C(C)=O,unlabeled
536279090,100,1bbec08f4838f06da0fb,438,CCOC(=O)C(Cc1ccccc1)C(C)=O,unlabeled
536279090,100,bd0519702a5756bc3c94,439,CCOC(=O)C(Cc1ccccc1)C(C)=O,test
536279090,100,b7fa3dd8e6040788ae14,440,CCOC(=O)c1cccnc1,gradient_train
536279090,100,2deca509a22158d15375,441,CCOC(=O)c1cccnc1,unlabeled
536279090,100,b48dea92ecfc07816494,442,CCOC(=O)c1cccnc1,unlabeled
536279090,100,82fa7e7b3bd183853280,443,CCOC(=O)c1cccnc1,unlabeled
536279090,100,7ba2cf5e6ca289d9810f,444,CCOC(=O)c1cccnc1,unlabeled
536279090,100,7dec4c1259ce3660b729,445,COc1ccc(OC)c(Br)c1,gradient_train
536279090,100,768064b2e2a953d147d0,446,COc1ccc(OC)c(Br)c1,unlabeled
536279090,100,212154e56fe15a3333a2,447,COc1ccc(OC)c(Br)c1,gradient_train
536279090,100,c56a92db4ce7de66bee1,448,COc1ccc(OC)c(Br)c1,unlabeled
536279090,100,48b99ebef2fd7718f678,449,COc1ccc(OC)c(Br)c1,unlabeled
536279090,100,6da48b9dd6e1ed7e26fd,450,COc1ccc(OC)c(Br)c1,unlabeled
536279090,100,a2eeeea4e6525c9d22d4,451,COc1ccc(OC)c(Br)c1,unlabeled
536279090,100,1e0e33b1a77df72f4dd8,452,OCc1cccc(Br)c1,gradient_train
536279090,100,371711577127c07527e3,453,OCc1cccc(Br)c1,unlabeled
536279090,100,78d4810a82f060b5cf49,454,OCc1cccc(Br)c1,unlabeled
536279090,100,1c04f02c0ea8c00b358d,455,OCc1cccc(Br)c1,gradient_train
536279090,100,4bc0dc84991def63aa1b,456,O=C1CCCc2ccccc21,unlabeled
536279090,100,2433f7a3f7959e1d1b74,457,O=C1CCCc2ccccc21,unlabeled
536279090,100,944f0a85ec8978a60444,458,O=C1CCCc2ccccc21,unlabeled
536279090,100,8afc083342d1c2e7f78a,459,O=C1CCCc2ccccc21,test
536279090,100,c35ed383b2db14b3bc06,460,O=C1CCCc2ccccc21,unlabeled
536279090,100,d7c72c92165e2c129547,461,O=C1CCCc2ccccc21,unlabeled
536279090,100,e375bb01e53e46f8faee,462,O=C1CCCc2ccccc21,unlabeled
536279090,100,fdc873b5607287090ff3,463,CSc1ccc(C=O)cc1,unlabeled
536279090,100,80b4e33a8434ac29ed52,464,CSc1ccc(C=O)cc1,unlabeled
536279090,100,ee60c3ffc43a4c2c965e,465,CSc1ccc(C=O)cc1,unlabeled
536279090,100,95f10fffb85ea1b1f47a,466,CSc1ccc(C=O)cc1,unlabeled
536279090,100,793d8259fd7820530cfe,467,Cc1ccccc1C=O,unlabeled
536279090,100,13fb1511fffef8fc96e0,468,Cc1ccccc1C=O,unlabeled
536279090,100,532a47d1b45e54d6326b,469,Cc1ccccc1C=O,unlabeled
536279090,100,dcd70c2b5039c4268d56,470,Cc1ccccc1C=O,unlabeled
536279090,100,22d860e7f246ca4272a4,471,Cc1ccccc1C=O,unlabeled
536279090,100,f21df276243d861dc2b2,472,Cc1ccccc1C=O,gradient_train
536279090,100,08820514e662ce6ea8f0,473,Cc1ccccc1C=O,unlabeled
536279090,100,d60e09bca01342c7cfa6,474,O=Cc1ccc(Br)cc1O,unlabeled
536279090,100,9dda290379fb047fc74d,475,O=Cc1ccc(Br)cc1O,unlabeled
536279090,100,4a58b799c494875f6f27,476,O=Cc1ccc(Br)cc1O,unlabeled
536279090,100,98a1ca00445d60f415d4,477,O=Cc1ccc(Br)cc1O,unlabeled
536279090,100,ddecd252bb1099fb20f7,478,O=Cc1ccc(Br)cc1O,test
536279090,100,226ebdbf914ce9333de8,479,O=Cc1ccc(Br)cc1O,unlabeled
536279090,100,99dd4a9a47de5c84b7c0,480,O=Cc1ccc(Br)cc1O,unlabeled
536279090,100,ecc7e2759499addc038f,481,CC(=O)c1ccc(Br)cc1,unlabeled
536279090,100,66c1ee6eed3d1587de50,482,CC(=O)c1ccc(Br)cc1,unlabeled
536279090,100,a26a131344d4dbd9645b,483,CC(=O)c1ccc(Br)cc1,test
536279090,100,f0edd899ac987a1de9dd,484,CC(=O)c1ccc(Br)cc1,gradient_train
536279090,100,0e13b08b0f9c772699e1,485,CC(=O)c1ccc(Br)cc1,unlabeled
536279090,100,1254297404cc9db52ee2,486,CC(=O)c1ccc(Br)cc1,test
536279090,100,bc8e1d805b36b63cbfbe,487,CC(=O)c1ccc(Br)cc1,unlabeled
536279090,100,cd998cddd3dcb4fc8c92,488,O=C(Cc1ccccc1)c1ccccc1,gradient_train
536279090,100,12e11e8eaee71fc57209,489,O=C(Cc1ccccc1)c1ccccc1,unlabeled
536279090,100,054457c7699aabd6c619,490,O=C(Cc1ccccc1)c1ccccc1,unlabeled
536279090,100,893e4c91da1b0b2f7d3e,491,O=C(Cc1ccccc1)c1ccccc1,unlabeled
536279090,100,18e8a9c1ea6aa15c0d01,492,O=C(Cc1ccccc1)c1ccccc1,unlabeled
536279090,100,bc582f1f4f4225f6d249,493,O=C(Cc1ccccc1)c1ccccc1,gradient_train
536279090,100,d92ef85db0d1c0979197,494,O=C(Cc1ccccc1)c1ccccc1,unlabeled
536279090,100,ddc0b27538aa926cbb6e,495,O=Cc1ccc(-c2ccccc2)cc1,test
536279090,100,6dcfe9b1e0958f22523b,496,O=Cc1ccc(-c2ccccc2)cc1,validation
536279090,100,3cdf1bcd3739e20f72d2,497,O=Cc1ccc(-c2ccccc2)cc1,unlabeled
536279090,100,a8e4c6001ce3245c634b,498,O=Cc1ccc(-c2ccccc2)cc1,unlabeled
536279090,100,24b540d7814b4d9c5183,499,O=Cc1ccc(-c2ccccc2)cc1,unlabeled
536279090,100,b0cadf050313e9a3a162,500,O=Cc1ccc(-c2ccccc2)cc1,unlabeled
536279090,100,8837a8a19c37b63d2e48,501,O=Cc1ccc(-c2ccccc2)cc1,unlabeled
536279090,100,23a832560d234735d954,502,O=Cc1ccc2ccccc2c1Br,unlabeled
536279090,100,90777be8090491479de1,503,O=Cc1ccc2ccccc2c1Br,unlabeled
536279090,100,926a7862066269f98d62,504,O=Cc1ccc2ccccc2c1Br,unlabeled
536279090,100,2c51476c6fa3121c5dfc,505,O=Cc1ccc2ccccc2c1Br,test
536279090,100,5a9449a7562d442b8669,506,O=Cc1ccc2ccccc2c1Br,unlabeled
536279090,100,2cbca950d64fdcd81660,507,O=Cc1ccc2ccccc2c1Br,unlabeled
536279090,100,fb1fdaa4bc60434648f7,508,O=Cc1ccc2ccccc2c1Br,unlabeled
536279090,100,9e46dbe8a460d3f96a27,509,O=C(/C=C/c1ccccc1)c1ccccc1,test
536279090,100,31e75b850983502aa64f,510,O=C(/C=C/c1ccccc1)c1ccccc1,validation
536279090,100,b566ed83f272904657ba,511,O=C(/C=C/c1ccccc1)c1ccccc1,unlabeled
536279090,100,c2be1e8f7c2c080f49f5,512,O=C(/C=C/c1ccccc1)c1ccccc1,unlabeled
536279090,100,fde2d968ab29d13d4f1d,513,O=C(/C=C/c1ccccc1)c1ccccc1,test
536279090,100,240da69c823911ff5ccc,514,O=C(/C=C/c1ccccc1)c1ccccc1,unlabeled
536279090,100,b2b26956a788c2a8c7e9,515,O=C(/C=C/c1ccccc1)c1ccccc1,test
536279090,100,f3b80f5fe97d26fd8383,516,O=C(/C=C/c1ccccc1)/C=C/c1ccccc1,gradient_train
536279090,100,d60f7e6b21ea96567843,517,O=C(/C=C/c1ccccc1)/C=C/c1ccccc1,test
536279090,100,bb61793cbbbe2bfa4e12,518,O=C(/C=C/c1ccccc1)/C=C/c1ccccc1,unlabeled
536279090,100,d078d930aa37448ec4aa,519,O=C(/C=C/c1ccccc1)/C=C/c1ccccc1,unlabeled
536279090,100,8cd132f293d2823adc8d,520,O=C(/C=C/c1ccccc1)/C=C/c1ccccc1,gradient_train
536279090,100,88f58ab7b7cf02f8f134,521,O=C(/C=C/c1ccccc1)/C=C/c1ccccc1,unlabeled
536279090,100,17bdb259a18419ca296f,522,O=C(/C=C/c1ccccc1)/C=C/c1ccccc1,unlabeled
536279090,100,77c599d272254892b6ec,523,CC1CCC(=O)c2ccccc21,gradient_train
536279090,100,b393af61f6769ceccbc0,524,CC1CCC(=O)c2ccccc21,unlabeled
536279090,100,49668be051b44a819f00,525,CC1CCC(=O)c2ccccc21,unlabeled
536279090,100,ffa86b2ffa5ac89b0720,526,CC1CCC(=O)c2ccccc21,gradient_train
536279090,100,43aa4f12be94a8a96b35,527,CC1CCC(=O)c2ccccc21,unlabeled
536279090,100,c09fbafa246c8d17b677,528,CC1CCC(=O)c2ccccc21,unlabeled
536279090,100,f38afd5febe30c01c852,529,CC1CCC(=O)c2ccccc21,unlabeled
536279090,100,490ab56dde175e9b97f5,530,O=C(Cc1ccccc1F)C1CC1,test
536279090,100,3156893d5d2368c286a5,531,O=C(Cc1ccccc1F)C1CC1,unlabeled
536279090,100,5ca73775e77c8e07812b,532,O=C(Cc1ccccc1F)C1CC1,unlabeled
536279090,100,e90e636dced92c2b53d7,533,O=C(Cc1ccccc1F)C1CC1,unlabeled
536279090,100,21e4905ef98fba65035a,534,O=C(Cc1ccccc1F)C1CC1,unlabeled
536279090,100,2eda4e5a40a9021016cb,535,O=C(Cc1ccccc1F)C1CC1,gradient_train
536279090,100,9c357cc9e9b8199eb1e0,536,O=C(Cc1ccccc1F)C1CC1,unlabeled
536279090,100,51091e7a7f83732eaf1b,537,CCC(=O)c1cccc(Br)c1,test
536279090,100,71577790a52cb379d81f,538,CCC(=O)c1cccc(Br)c1,gradient_train
536279090,100,e3b2ac778da2b86aa873,539,CCC(=O)c1cccc(Br)c1,unlabeled
536279090,100,1046fdfaf24728b107ba,540,CCC(=O)c1cccc(Br)c1,test
536279090,100,2e10d8b186d86053260f,541,CCC(=O)c1cccc(Br)c1,gradient_train
536279090,100,5111664a952a4ab7d54e,542,CCC(=O)c1cccc(Br)c1,unlabeled
536279090,100,ffcab07e0d31056e0d4a,543,CCC(=O)c1cccc(Br)c1,unlabeled
536279090,100,b6bb9be5584029502820,544,COCCCCC(=O)c1ccc(C(F)(F)F)cc1,unlabeled
536279090,100,60a000cb56517513c4d2,545,COCCCCC(=O)c1ccc(C(F)(F)F)cc1,unlabeled
536279090,100,677c30b5727454c7a81e,546,COCCCCC(=O)c1ccc(C(F)(F)F)cc1,gradient_train
536279090,100,94bc1858c275dcb3d476,547,COCCCCC(=O)c1ccc(C(F)(F)F)cc1,unlabeled
536279090,100,06c29062334b43b0d12f,548,COCCCCC(=O)c1ccc(C(F)(F)F)cc1,unlabeled
536279090,100,80e66bd0e8e9450537bb,549,COCCCCC(=O)c1ccc(C(F)(F)F)cc1,unlabeled
536279090,100,b82c7c8060589ec1974b,550,CCCC(=O)c1ccc(-c2ccccc2)cc1,unlabeled
536279090,100,57e291b74a249c9dd3ff,551,CCCC(=O)c1ccc(-c2ccccc2)cc1,unlabeled
536279090,100,7d6bcd84e5a6861fc8fc,552,CCCC(=O)c1ccc(-c2ccccc2)cc1,gradient_train
536279090,100,2d37adf0d65a19bc2c0c,553,CCCC(=O)c1ccc(-c2ccccc2)cc1,test
536279090,100,3c892a45de6ec4625f37,554,CCCC(=O)c1ccc(-c2ccccc2)cc1,unlabeled
536279090,100,e2c826d98b2bbeb6f48b,555,CCCC(=O)c1ccc(-c2ccccc2)cc1,unlabeled
536279090,100,ce61c0bd799e65402b75,556,CCCC(=O)c1ccc(-c2ccccc2)cc1,unlabeled
536279090,100,0f05b5ba6eb528d54b4b,557,O=C(c1ccccc1)c1cccc(C(=O)c2ccccc2)c1,unlabeled
536279090,100,c4412adf038c7f6ea3c2,558,O=C(c1ccccc1)c1cccc(C(=O)c2ccccc2)c1,gradient_train
536279090,100,182fc7fe888dbb9535bb,559,O=C(c1ccccc1)c1cccc(C(=O)c2ccccc2)c1,gradient_train
536279090,100,8abf9c0719e2d67a22f9,560,O=C(c1ccccc1)c1cccc(C(=O)c2ccccc2)c1,unlabeled
536279090,100,b8a4c06710d95c33cfe1,561,O=C(c1ccccc1)c1cccc(C(=O)c2ccccc2)c1,unlabeled
536279090,100,7e451fd74af5bfa51ac9,562,O=C(c1ccccc1)c1cccc(C(=O)c2ccccc2)c1,unlabeled
536279090,100,07e9bc7a9d27fdd58c2f,563,O=C(c1ccccc1)c1cccc(C(=O)c2ccccc2)c1,unlabeled
536279090,100,2f828b7aa8c3e93352da,564,CCC(=O)c1cccnc1,unlabeled
536279090,100,4365d2fb106c18823aac,565,CCC(=O)c1cccnc1,unlabeled
536279090,100,4c6a8ef1c87748df99f2,566,CCC(=O)c1cccnc1,unlabeled
536279090,100,aca0ef1613a0a07a0431,567,O=C(CCCCl)c1ccc(F)cc1,unlabeled
536279090,100,f98f5943ca73a5b809a1,568,O=C(CCCCl)c1ccc(F)cc1,unlabeled
536279090,100,405638494c5a95206866,569,O=C(CCCCl)c1ccc(F)cc1,unlabeled
536279090,100,76e188b0e48b99f36582,570,O=C(CCCCl)c1ccc(F)cc1,unlabeled
536279090,100,26aa0143305ac532a560,571,O=C(CCCCl)c1ccc(F)cc1,gradient_train
536279090,100,283be89c092cfa4a5cbb,572,O=C(CCCCl)c1ccc(F)cc1,unlabeled
536279090,100,0ffc20c3f979502b8a09,573,O=C(CCCCl)c1ccc(F)cc1,gradient_train
2767143051,30,bbabdb9085edbb8c178b,0,CC(C)(CCl)c1ccccc1,unlabeled
2767143051,30,96dc3dc2ebd074200228,1,CC(C)(CCl)c1ccccc1,unlabeled
2767143051,30,6322e8f867a741eed74c,2,CC(C)(CCl)c1ccccc1,unlabeled
2767143051,30,c2b0aff65443af0a8618,3,CC(C)(CCl)c1ccccc1,test
2767143051,30,f4b69d88ad1d916ee71a,4,CC(C)(CCl)c1ccccc1,unlabeled
2767143051,30,0f3559d035355b0eec80,5,CC(C)(CCl)c1ccccc1,unlabeled
2767143051,30,d29a94054067cd60dd70,6,CC(C)(CCl)c1ccccc1,unlabeled
2767143051,30,31d92ca6486b229184cf,7,OCCCc1ccccc1,unlabeled
2767143051,30,8a84cca322477165b719,8,OCCCc1ccccc1,unlabeled
2767143051,30,9cf769277f6b42d15f11,9,OCCCc1ccccc1,unlabeled
2767143051,30,7a0a82051f50d5b0c89c,10,OCCCc1ccccc1,unlabeled
2767143051,30,c79f29f048bbfd157f98,11,BrCCCc1ccccc1,unlabeled
2767143051,30,df0074b49eeb620c0768,12,BrCCCc1ccccc1,unlabeled
2767143051,30,f0097bc6b7827ef65922,13,BrCCCc1ccccc1,unlabeled
2767143051,30,44348f5c4aea3b41ee9d,14,BrCCCc1ccccc1,unlabeled
2767143051,30,482cb91fac7f2a936dca,15,BrCCCc1ccccc1,unlabeled
2767143051,30,a5c6210123f05414ffc0,16,BrCCCc1ccccc1,unlabeled
2767143051,30,a82e55e1cd19814ea307,17,BrCCCc1ccccc1,unlabeled
2767143051,30,6ee3c70647b37dcd5417,18,ClCCCc1ccccc1,unlabeled
2767143051,30,2c7e37ef828eb17c78fb,19,ClCCCc1ccccc1,unlabeled
2767143051,30,7ab9c351196ad891e172,20,ClCCCc1ccccc1,unlabeled
2767143051,30,7062ca665af0f9bba6c9,21,ClCCCc1ccccc1,unlabeled
2767143051,30,6644e934f59d8b816b9f,22,ClCCCc1ccccc1,unlabeled
2767143051,30,8cc7c76a92a4474d7c6a,23,ClCCCc1ccccc1,unlabeled
2767143051,30,c883df6ea04f89f45f03,24,ClCCCc1ccccc1,unlabeled
2767143051,30,46ed1e35ca65ace74790,25,COc1ccc(CO)cc1,unlabeled
2767143051,30,ec581cec37da9563e756,26,COc1ccc(CO)cc1,unlabeled
2767143051,30,c2bd8e8f13a96726e7fc,27,COc1ccc(CO)cc1,unlabeled
2767143051,30,f1afcbd393ce4f5a6316,28,COc1ccc(CO)cc1,unlabeled
2767143051,30,2909efb29670d8f2286d,29,CCOC(=O)C(C)(C)Br,unlabeled
2767143051,30,56b391fdec7a2a622e52,30,CCOC(=O)C(C)(C)Br,unlabeled
2767143051,30,8a9485661ac2c4576006,31,CCOC(=O)C(C)(C)Br,unlabeled
2767143051,30,7f6d1cdee16de4a37a21,32,CCOC(=O)C(C)(C)Br,unlabeled
2767143051,30,fd7bf535ef538434b384,33,CCOC(=O)C(C)(C)Br,unlabeled
2767143051,30,651bb6b60c62819a4323,34,CCOC(=O)C(C)(C)Br,unlabeled
2767143051,30,2a61203b59218a3cbdc6,35,CCOC(=O)C(C)(C)Br,unlabeled
2767143051,30,6d6c0510303dec89b2fe,36,COc1ccc(C=O)cc1,unlabeled
2767143051,30,f81dc37125414986a0bb,37,COc1ccc(C=O)cc1,unlabeled
2767143051,30,400615278105cebb3ed9,38,COc1ccc(C=O)cc1,unlabeled
2767143051,30,5d04f6757b59f5c356bb,39,COc1ccc(C=O)cc1,unlabeled
2767143051,30,a074620f6970d8f89567,40,COc1ccc(C=O)cc1,unlabeled
2767143051,30,454c1ea3beebbec4befe,41,COc1ccc(C=O)cc1,unlabeled
2767143051,30,f95928e2618ed15e654f,42,COc1ccc(C=O)cc1,unlabeled
2767143051,30,3a02b99399bb0c3e9ff9,43,COC(=O)C#CC(=O)OC,unlabeled
2767143051,30,b80a4f9e4b61f534ee9e,44,COC(=O)C#CC(=O)OC,unlabeled
2767143051,30,2690de155843f45b00a3,45,COC(=O)C#CC(=O)OC,unlabeled
2767143051,30,549eb8499df5181b3558,46,COC(=O)C#CC(=O)OC,unlabeled
2767143051,30,02c141e2551937d10f4e,47,COC(=O)C#CC(=O)OC,unlabeled
2767143051,30,9069807baff6cbfbde75,48,COC(=O)C#CC(=O)OC,unlabeled
2767143051,30,1fe1163f7d97c16f3822,49,CC(=O)c1ccccc1,unlabeled
2767143051,30,1e86d81fe1995d367fe1,50,CC(=O)c1ccccc1,unlabeled
2767143051,30,614e6d0929b0845d454b,51,CC(=O)c1ccccc1,unlabeled
2767143051,30,358681452207464d171e,52,CC(=O)c1ccccc1,unlabeled
2767143051,30,c00e01085f35d19cd90f,53,CC(=O)c1ccccc1,unlabeled
2767143051,30,a542d702abb1fa77a6fc,54,CC(=O)c1ccccc1,validation
2767143051,30,77577e6f6f0aa6789972,55,CCOC(=O)C(C)Br,unlabeled
2767143051,30,298017c801a97653f57d,56,CCOC(=O)C(C)Br,unlabeled
2767143051,30,849796401ee485c617a5,57,CCOC(=O)C(C)Br,test
2767143051,30,67cc8304e3e618d7416a,58,CCOC(=O)C(C)Br,unlabeled
2767143051,30,c7bc53c45a1962a88ec3,59,CCOC(=O)C(C)Br,unlabeled
2767143051,30,76b9db19f45b8222d962,60,CCOC(=O)C(C)Br,test
2767143051,30,0279fb0f7dba4b54a816,61,CCOC(=O)CC(=O)c1ccccc1,unlabeled
2767143051,30,ca203ccf20ce8e74d86d,62,CCOC(=O)CC(=O)c1ccccc1,test
2767143051,30,029d48fc98a886c9fec4,63,CCOC(=O)CC(=O)c1ccccc1,unlabeled
2767143051,30,1e578360bd7749f6b397,64,CCOC(=O)CC(=O)c1ccccc1,unlabeled
2767143051,30,05c14d26f4aa6f7c48b0,65,CCOC(=O)CC(=O)c1ccccc1,unlabeled
2767143051,30,53d046afde1259a727f9,66,CCOC(=O)CC(=O)c1ccccc1,gradient_train
2767143051,30,35ba50ab027f5f170aba,67,CCOC(=O)CC(=O)c1ccccc1,unlabeled
2767143051,30,130d76d2d46a287c5dea,68,CC(=O)c1ccccc1C,unlabeled
2767143051,30,3ef4b1ab56fe40940b42,69,CC(=O)c1ccccc1C,gradient_train
2767143051,30,a340148c4096f80cc125,70,CC(=O)c1ccccc1C,unlabeled
2767143051,30,57af4b867d9cd419ebb9,71,CC(=O)c1ccccc1C,unlabeled
2767143051,30,ff8745125a0eeb17c1e5,72,CC(=O)c1ccccc1C,unlabeled
2767143051,30,41a468134f078d2de17d,73,CC(=O)c1ccccc1C,unlabeled
2767143051,30,b4899d5d03e44fbf885c,74,CC(=O)c1ccccc1C,unlabeled
2767143051,30,bd93eaa60288fd0d5e89,75,CC(=O)c1ccc(C)cc1,unlabeled
2767143051,30,2797757b00a9f254ef2e,76,CC(=O)c1ccc(C)cc1,unlabeled
2767143051,30,fad37552a4a2eae19961,77,CC(=O)c1ccc(C)cc1,unlabeled
2767143051,30,6936556d392803de12ed,78,CC(=O)c1ccc(C)cc1,gradient_train
2767143051,30,fd3f8b6ec11d13a8412d,79,CC(=O)c1ccc(C)cc1,unlabeled
2767143051,30,b71b23379d73c3637a76,80,CC(=O)c1ccc(C)cc1,unlabeled
2767143051,30,2a9d111386ac232bbf79,81,CC(=O)c1ccc(C)cc1,unlabeled
2767143051,30,ca00dd1990fd356443cb,82,COC(=O)c1ccccc1O,unlabeled
2767143051,30,924106530353757625ba,83,COC(=O)c1ccccc1O,test
2767143051,30,f0d3ae15346c6cb6928d,84,COC(=O)c1ccccc1O,unlabeled
2767143051,30,0b6fe9b9da26ddc80e99,85,COC(=O)c1ccccc1O,unlabeled
2767143051,30,a9a4b1ef530ce6f46a1c,86,COC(=O)c1ccccc1O,unlabeled
2767143051,30,f0245d145e2758fc9ff8,87,COC(=O)c1ccccc1O,unlabeled
2767143051,30,f33380e15f0fd8b62027,88,COC(=O)c1ccccc1O,unlabeled
2767143051,30,1773be1aaa4102ae19f0,89,CC(=O)CC(=O)OC(C)(C)C,unlabeled
2767143051,30,1895e2147dd146c4e564,90,CC(=O)CC(=O)OC(C)(C)C,unlabeled
2767143051,30,e7c8cd496e2795b23cb3,91,CC(=O)CC(=O)OC(C)(C)C,unlabeled
2767143051,30,60f64adee75a0999c5d5,92,CC(=O)CC(=O)OC(C)(C)C,unlabeled
2767143051,30,851993fe56d61c8bf074,93,CC(=O)CC(=O)OC(C)(C)C,unlabeled
2767143051,30,4e6d2ab0e823ac1d4b58,94,CC(=O)CC(=O)OC(C)(C)C,unlabeled
2767143051,30,452aebfcddc0b031c20d,95,CCOC(=O)Cc1ccccc1,unlabeled
2767143051,30,a67ee30ac22b3511e0af,96,CCOC(=O)Cc1ccccc1,test
2767143051,30,4c52102f0b5a693d59bc,97,CCOC(=O)Cc1ccccc1,unlabeled
2767143051,30,f21e8077ac7b6ec1d038,98,CCOC(=O)Cc1ccccc1,unlabeled
2767143051,30,982611df66af1cf7c2f5,99,CCOC(=O)Cc1ccccc1,unlabeled
2767143051,30,d9e344f199dc9a567b5f,100,CCOC(=O)Cc1ccccc1,unlabeled
2767143051,30,74706f7e5d10b9245796,101,CCOC(=O)Cc1ccccc1,unlabeled
2767143051,30,f5d7ae6c2608335325ff,102,COC(=O)c1ccccc1N,unlabeled
2767143051,30,f66e095007d9d0923ce2,103,COC(=O)c1ccccc1N,test
2767143051,30,c9a57e8accca7da9758b,104,COC(=O)c1ccccc1N,unlabeled
2767143051,30,f7b1b9737459397f9ace,105,COC(=O)c1ccccc1N,unlabeled
2767143051,30,68feec66f657364ebeaa,106,COC(=O)c1ccccc1N,unlabeled
2767143051,30,96ccc1b8240fc2e9c1f3,107,COC(=O)c1ccccc1N,unlabeled
2767143051,30,16eec4a03ec235274042,108,CCOC(=O)/C=C/c1ccccc1,unlabeled
2767143051,30,92e4f80b3943134ebe86,109,CCOC(=O)/C=C/c1ccccc1,unlabeled
2767143051,30,e15e8a4f329d3a08aff9,110,CCOC(=O)/C=C/c1ccccc1,unlabeled
2767143051,30,6cec450baf7517436df6,111,CCOC(=O)/C=C/c1ccccc1,unlabeled
2767143051,30,48b79e49508df9f5fd6d,112,CCOC(=O)/C=C/c1ccccc1,unlabeled
2767143051,30,404dc3e2801a9a9d52aa,113,CCOC(=O)/C=C/c1ccccc1,unlabeled
2767143051,30,c72867f0f2e38c70aa8c,114,CCOC(=O)/C=C/c1ccccc1,unlabeled
2767143051,30,d9d3d24a75ff511e108a,115,COC(=O)c1ccc(C(C)(C)C)cc1,unlabeled
2767143051,30,f40ca479a9e86b5d5458,116,COC(=O)c1ccc(C(C)(C)C)cc1,unlabeled
2767143051,30,b7770c04c72527e1d9f6,117,COC(=O)c1ccc(C(C)(C)C)cc1,test
2767143051,30,a433dc0f6a13e9ace41d,118,COC(=O)c1ccc(C(C)(C)C)cc1,unlabeled
2767143051,30,e399250d7156727de0fd,119,COC(=O)c1ccc(C(C)(C)C)cc1,unlabeled
2767143051,30,3122a2210bde68deb81e,120,COC(=O)c1ccc(C(C)(C)C)cc1,unlabeled
2767143051,30,c9460286f85a5ec0f4fc,121,COC(=O)c1ccc(C(C)(C)C)cc1,unlabeled
2767143051,30,13b0b7952199157a8399,122,CCOC(=O)/C=C(/C)N,unlabeled
2767143051,30,759d5133ee82740013bf,123,CCOC(=O)/C=C(/C)N,unlabeled
2767143051,30,c9bf385316b464cd2e8d,124,CCOC(=O)/C=C(/C)N,unlabeled
2767143051,30,f248b9b89d62a22b03c3,125,CCOC(=O)/C=C(/C)N,unlabeled
2767143051,30,10d51839b15b94f0ae56,126,CCOC(=O)/C=C(/C)N,unlabeled
2767143051,30,e66b24ec1e4dfa9a9a57,127,CCOC(=O)/C=C(/C)N,unlabeled
2767143051,30,506597d02ff322a77a8d,128,CCOC(=O)/C=C(/C)N,unlabeled
2767143051,30,d2951bd3bb1608688f0d,129,CCOC(=O)/C=C(/C)N,unlabeled
2767143051,30,7d3c6ef279245ca08a2f,130,CCOC(=O)/C=C(/C)N,unlabeled
2767143051,30,e6886d2fb3090517172b,131,CCOC(=O)/C=C(/C)N,unlabeled
2767143051,30,d31d42caff135d7154c4,132,CCOC(=O)/C=C(/C)N,unlabeled
2767143051,30,3d7aa38258001eb6ba67,133,CC(C)COC(=O)c1ccccc1,unlabeled
2767143051,30,b3409bbbf3b06d73afca,134,CC(C)COC(=O)c1ccccc1,unlabeled
2767143051,30,5ce75d3f6df6d318cb8a,135,CC(C)COC(=O)c1ccccc1,unlabeled
2767143051,30,28f4ab2563d03e831cf0,136,CC(C)COC(=O)c1ccccc1,unlabeled
2767143051,30,b95bbdf393e00f41a6df,137,CC(C)COC(=O)c1ccccc1,unlabeled
2767143051,30,1e73138aa057a5e2b67f,138,CC(C)COC(=O)c1ccccc1,gradient_train
2767143051,30,1319bf7018ee9b9a5b9f,139,CCOC(=O)c1ccccc1,unlabeled
2767143051,30,99398d649f02f80651f1,140,CCOC(=O)c1ccccc1,unlabeled
2767143051,30,240787bdbf2abc17e093,141,CCOC(=O)c1ccccc1,unlabeled
2767143051,30,4afc7ef2732850bea176,142,CCOC(=O)c1ccccc1,unlabeled
2767143051,30,181f6c7852b17df8f194,143,CCOC(=O)c1ccccc1,test
2767143051,30,474238f822b0c38795c6,144,CCOC(=O)c1ccccc1,unlabeled
2767143051,30,5eb80e21463443b22d14,145,CCOC(=O)c1ccccc1,unlabeled
2767143051,30,f6e991e3dc3a3d3c5d89,146,COc1ccc(CCO)cc1,unlabeled
2767143051,30,9991421da8e18008fc91,147,COc1ccc(CCO)cc1,unlabeled
2767143051,30,9e93bad2014e7ab1a680,148,COc1ccc(CCO)cc1,unlabeled
2767143051,30,3d5dc8831f4c74f7b7d1,149,COc1ccc(CCO)cc1,test
2767143051,30,d5a7e1d47a58e1323805,150,Cc1ccc(C(C)C)cc1,unlabeled
2767143051,30,5c32bb6f3bbf72dcb37e,151,Cc1ccc(C(C)C)cc1,unlabeled
2767143051,30,e545485bf1a51a3ea557,152,Cc1ccc(C(C)C)cc1,unlabeled
2767143051,30,8ea9d90b217f4096f42f,153,Cc1ccc(C(C)C)cc1,unlabeled
2767143051,30,9ed80c28328fabe87261,154,Cc1ccc(C(C)C)cc1,unlabeled
2767143051,30,f1ea027f4cb80b10d15b,155,Cc1ccc(C(C)C)cc1,unlabeled
2767143051,30,dcfc9eaebf799d451fdb,156,Cc1ccc(C(C)C)cc1,unlabeled
2767143051,30,6c1f19a34a40cbf98728,157,CC(C)(O)CCc1ccccc1,unlabeled
2767143051,30,cf45ee02778c0243ad50,158,CC(C)(O)CCc1ccccc1,validation
2767143051,30,88581d99a415bf271788,159,CC(C)(O)CCc1ccccc1,unlabeled
2767143051,30,8753ab545dd1cf036a3a,160,CC(C)(O)CCc1ccccc1,unlabeled
2767143051,30,d59d233a1606de5b6deb,161,CC(C)(O)CCc1ccccc1,unlabeled
2767143051,30,964a62fb7d677de0f711,162,CC(C)CCOC(=O)c1ccccc1,unlabeled
2767143051,30,f35f8782c107387233ed,163,CC(C)CCOC(=O)c1ccccc1,unlabeled
2767143051,30,4d602abaaf336ac523e4,164,CC(C)CCOC(=O)c1ccccc1,test
2767143051,30,4768b747981033fbdf34,165,CC(C)CCOC(=O)c1ccccc1,gradient_train
2767143051,30,3df34ab1c0d58c86999e,166,CC(C)CCOC(=O)c1ccccc1,unlabeled
2767143051,30,8b67a1246fe892b6581d,167,CC(C)CCOC(=O)c1ccccc1,unlabeled
2767143051,30,2bafcbea1bb66eb60a71,168,CC(C)CCOC(=O)c1ccccc1,unlabeled
2767143051,30,2beadb75e05408973f02,169,CCOC(=O)/C=C/c1ccccc1,unlabeled
2767143051,30,dd7cae2667a1348a2caf,170,CCOC(=O)/C=C/c1ccccc1,test
2767143051,30,56f1cecfc0c6c3d224be,171,CCOC(=O)/C=C/c1ccccc1,unlabeled
2767143051,30,6278b7d64a22dbe3844e,172,CCOC(=O)/C=C/c1ccccc1,unlabeled
2767143051,30,a75e421e756083edea35,173,CCOC(=O)/C=C/c1ccccc1,unlabeled
2767143051,30,c9f7ab78e90454873661,174,CCOC(=O)/C=C/c1ccccc1,unlabeled
2767143051,30,b36d7c12e6d3072467ee,175,CCOC(=O)/C=C/c1ccccc1,unlabeled
2767143051,30,5dc7d31c57624ac47575,176,COc1ccc(C)cc1OC,unlabeled
2767143051,30,7dea14d96460814919d3,177,COc1ccc(C)cc1OC,unlabeled
2767143051,30,83a16763654b3b743265,178,COc1ccc(C)cc1OC,unlabeled
2767143051,30,ee96bcc328a38cb12519,179,COc1ccc(C)cc1OC,unlabeled
2767143051,30,62763fd48ebc7554402f,180,COc1ccc(C)cc1OC,unlabeled
2767143051,30,dd29d0f859e11f70f4ec,181,COc1ccc(C)cc1OC,unlabeled
2767143051,30,826e9f40c328ce2478ec,182,COc1ccc(C)cc1OC,unlabeled
2767143051,30,2e684264400b651dae88,183,C1=Cc2ccccc2C1,unlabeled
2767143051,30,e4f37e6e6def0eec724a,184,C1=Cc2ccccc2C1,unlabeled
2767143051,30,fda6d7aa920e5400a222,185,C1=Cc2ccccc2C1,unlabeled
2767143051,30,ee0eba88726c692c7f0c,186,C1=Cc2ccccc2C1,unlabeled
2767143051,30,c438c37de3a60de0e84a,187,C1=Cc2ccccc2C1,unlabeled
2767143051,30,f51bc35441c8ba7713b6,188,C1=Cc2ccccc2C1,unlabeled
2767143051,30,cb1bb21d54890633943c,189,C1=Cc2ccccc2C1,test
2767143051,30,2e561b136ec088ba3eff,190,Cc1ccc(C)cc1,unlabeled
2767143051,30,0d6f66d7971473a2cef9,191,Cc1ccc(C)cc1,gradient_train
2767143051,30,6950f8ebe95298defec5,192,Cc1ccc(C)cc1,unlabeled
2767143051,30,1837a52df085e2fc70d1,193,Cc1ccc(C)cc1,unlabeled
2767143051,30,8067767b73f132489d46,194,Cc1ccc(C)cc1,unlabeled
2767143051,30,bc3f10fed296515e66e5,195,Cc1ccc(C)cc1,unlabeled
2767143051,30,369517a8e4fab7d4e0e5,196,Cc1ccc(C)cc1,unlabeled
2767143051,30,acc1a540efdb60e4fa76,197,ClCCc1ccccc1,unlabeled
2767143051,30,b849b02cc7a096ff6f6a,198,ClCCc1ccccc1,unlabeled
2767143051,30,75b105d94d176eec90ba,199,ClCCc1ccccc1,unlabeled
2767143051,30,4699975b36aa2351be18,200,ClCCc1ccccc1,unlabeled
2767143051,30,a2ecd7c05da585c2a35e,201,ClCCc1ccccc1,unlabeled
2767143051,30,82843c7e3b9005c1abb0,202,ClCCc1ccccc1,unlabeled
2767143051,30,216e9e13c0587f197c0b,203,ClCCc1ccccc1,unlabeled
2767143051,30,31162ac7e21c9688cbdc,204,CC(O)c1ccccc1,unlabeled
2767143051,30,82ffe9abc3d02f4b970f,205,CC(O)c1ccccc1,unlabeled
2767143051,30,35eae227e68fe7434e68,206,CC(O)c1ccccc1,unlabeled
2767143051,30,82b6a0a8f122317d79d4,207,CC(O)c1ccccc1,unlabeled
2767143051,30,9b28c23ad1d4dda9fe1a,208,CC(O)c1ccccc1,unlabeled
2767143051,30,4455212440cbaf6d51e2,209,COc1ccccc1,unlabeled
2767143051,30,fcea8574ae051fe11483,210,COc1ccccc1,unlabeled
2767143051,30,04d4a16ff682bc7c55c8,211,COc1ccccc1,unlabeled
2767143051,30,62ca5eadee5ef28e9aeb,212,COc1ccccc1,unlabeled
2767143051,30,42f031acb8211bfbf67f,213,COc1ccccc1,unlabeled
2767143051,30,472b8f06caf25ffe6c7a,214,COc1ccccc1,test
2767143051,30,d532e4ccbab971232d40,215,COc1ccccc1,unlabeled
2767143051,30,bae9f1ce7c04e7ccf16b,216,CCOC(=O)C(Br)C(=O)OCC,unlabeled
2767143051,30,fc58ac30a03fcb0ec051,217,CCOC(=O)C(Br)C(=O)OCC,unlabeled
2767143051,30,c4b569d1149e4ec87b12,218,CCOC(=O)C(Br)C(=O)OCC,unlabeled
2767143051,30,53d7fb31d852cbb33059,219,CCOC(=O)C(Br)C(=O)OCC,unlabeled
2767143051,30,265addbdd355a85c628d,220,CCOC(=O)C(Br)C(=O)OCC,unlabeled
2767143051,30,b07e3b186c5f9a698624,221,CCOC(=O)C(Br)C(=O)OCC,unlabeled
2767143051,30,28c4b7ec4bf7f486b68c,222,CCOC(=O)C(Br)C(=O)OCC,unlabeled
2767143051,30,c9d7d885160197c7f67c,223,c1ccc(COCc2ccccc2)cc1,unlabeled
2767143051,30,e2869f5cf5635b6ae9c1,224,c1ccc(COCc2ccccc2)cc1,unlabeled
2767143051,30,49865eda3c0e936157be,225,c1ccc(COCc2ccccc2)cc1,unlabeled
2767143051,30,d26cffd9ef4da9800470,226,c1ccc(COCc2ccccc2)cc1,unlabeled
2767143051,30,ce9ac115ce41ab41f01d,227,c1ccc(COCc2ccccc2)cc1,unlabeled
2767143051,30,b2b5155e06ff9134c6a4,228,c1ccc(COCc2ccccc2)cc1,test
2767143051,30,f1aabb6243aed53011cb,229,c1ccc(COCc2ccccc2)cc1,unlabeled
2767143051,30,ebc9c107c2207e99cf79,230,CCOC(=O)CC(C)=O,unlabeled
2767143051,30,f373e0ffa24cb51dd13a,231,CCOC(=O)CC(C)=O,test
2767143051,30,bcb35848089ca50a1eef,232,CCOC(=O)CC(C)=O,unlabeled
2767143051,30,ef8527c6b63d54b73966,233,CCOC(=O)CC(C)=O,unlabeled
2767143051,30,86f385aa0925171d22cc,234,CCOC(=O)CC(C)=O,unlabeled
2767143051,30,9c7a6ce4172638d2abc7,235,CCOC(=O)CC(C)=O,unlabeled
2767143051,30,982585c1a4e89f10713f,236,O=CCCc1ccccc1,unlabeled
2767143051,30,36af0c588eb2e094a55e,237,O=CCCc1ccccc1,gradient_train
2767143051,30,afcb9ffea06f12f9e0f5,238,O=CCCc1ccccc1,unlabeled
2767143051,30,e584c52185ccefd22a26,239,O=CCCc1ccccc1,unlabeled
2767143051,30,39e40f336da135e6a7b5,240,O=CCCc1ccccc1,unlabeled
2767143051,30,e3c9408f01aa7642870f,241,O=CCCc1ccccc1,unlabeled
2767143051,30,155ad3f702726e253c4d,242,O=CCCc1ccccc1,unlabeled
2767143051,30,f84aa17604ca7f927b8c,243,C=CC(=O)OCCOc1ccccc1,test
2767143051,30,6b8023df74ccc51e5c76,244,C=CC(=O)OCCOc1ccccc1,unlabeled
2767143051,30,b056b793f5b571e6cdee,245,C=CC(=O)OCCOc1ccccc1,unlabeled
2767143051,30,934f00061cc32bab10e8,246,C=CC(=O)OCCOc1ccccc1,unlabeled
2767143051,30,b983d4c3094d909b570e,247,C=CC(=O)OCCOc1ccccc1,unlabeled
2767143051,30,b6f53d16978daf702470,248,C=CC(=O)OCCOc1ccccc1,unlabeled
2767143051,30,9563dde5c28fb62e4f7e,249,C=CC(=O)OCCOc1ccccc1,validation
2767143051,30,de2563a5f711307823f1,250,C=CC(=O)OC1CCCCC1,unlabeled
2767143051,30,e2e681b0653ec64f7c14,251,C=CC(=O)OC1CCCCC1,unlabeled
2767143051,30,fbf392edaddff6347b58,252,C=CC(=O)OC1CCCCC1,unlabeled
2767143051,30,3955ae590ac179d279b6,253,C=CC(=O)OC1CCCCC1,unlabeled
2767143051,30,db51f6df02555cb9c264,254,C=CC(=O)OC1CCCCC1,gradient_train
2767143051,30,2195290d04210cdb253f,255,C=CC(=O)OC1CCCCC1,unlabeled
2767143051,30,8063e3de9de70b75def1,256,C=CC(=O)OC1CCCCC1,unlabeled
2767143051,30,88771c5c64ed839a4436,257,C=CC(=O)OCc1ccccc1,unlabeled
2767143051,30,b5365d56777fde5c4dfc,258,C=CC(=O)OCc1ccccc1,unlabeled
2767143051,30,4513e318c9d037303b13,259,C=CC(=O)OCc1ccccc1,test
2767143051,30,efca00a284b2cadc5737,260,C=CC(=O)OCc1ccccc1,unlabeled
2767143051,30,b473ef06a415d0f114b0,261,C=CC(=O)OCc1ccccc1,unlabeled
2767143051,30,df02863943321996441f,262,C=CC(=O)OCc1ccccc1,unlabeled
2767143051,30,194278dd9ee3d2407ed5,263,C=CC(=O)OCc1ccccc1,unlabeled
2767143051,30,cc31b914acbab022eb9a,264,COC(=O)C(C)(C)Br,unlabeled
2767143051,30,a9eea85ddeee2da33706,265,COC(=O)C(C)(C)Br,unlabeled
2767143051,30,640353c89b3ce64ee98b,266,COC(=O)C(C)(C)Br,unlabeled
2767143051,30,b11bb6293c307f7f7282,267,COC(=O)C(C)(C)Br,unlabeled
2767143051,30,77b0577e6b0adb649e63,268,COC(=O)C(C)(C)Br,unlabeled
2767143051,30,543561ac99bc28db6f2f,269,COC(=O)C(C)(C)Br,test
2767143051,30,056255620b7acc9c630f,270,COC(=O)C(C)(C)Br,unlabeled
2767143051,30,7b1589ae321d27608509,271,COC(=O)CS,unlabeled
2767143051,30,0fee19a828ef997229fd,272,COC(=O)CS,unlabeled
2767143051,30,222dede783147d5efa63,273,COC(=O)CS,unlabeled
2767143051,30,d9a40ac35b79fbcf214a,274,COC(=O)CS,unlabeled
2767143051,30,aaf22f8324aad12a55fa,275,COC(=O)CS,gradient_train
2767143051,30,a9bfabe931467745353e,276,COC(=O)CS,unlabeled
2767143051,30,be7d68067464e72d0b8d,277,COC(=O)CS,unlabeled
2767143051,30,b418a712463f5abf8b81,278,CC(=O)CCCCl,unlabeled
2767143051,30,850a69ce73ac04035aa3,279,CC(=O)CCCCl,unlabeled
2767143051,30,7c4153fe9561da818ae1,280,CC(=O)CCCCl,unlabeled
2767143051,30,a67016d937c499be9d64,281,CC(C)=CCBr,unlabeled
2767143051,30,4559d83db38cc3c39d13,282,CC(C)=CCBr,validation
2767143051,30,bf8409f12dae2388c6a0,283,CC(C)=CCBr,unlabeled
2767143051,30,832899abb44b8d2246cd,284,CC(C)=CCBr,test
2767143051,30,5729cc87eb48a75655ad,285,CC(C)=CCBr,unlabeled
2767143051,30,adb6d48eec0fb576d7fc,286,CC(C)=CCBr,unlabeled
2767143051,30,bc789871fe39d967a9e0,287,CC(C)=CCBr,test
2767143051,30,fff65bc451d163b1b106,288,C=CC(=O)OCCCCCCCCCCCC,unlabeled
2767143051,30,c761659793c5929e2214,289,C=CC(=O)OCCCCCCCCCCCC,unlabeled
2767143051,30,4c7d7c5f8b0c317c5548,290,C=CC(=O)OCCCCCCCCCCCC,unlabeled
2767143051,30,a9656ffd805f80fcf143,291,C=CC(=O)OCCCCCCCCCCCC,unlabeled
2767143051,30,da10d2f67a989e8b16b5,292,C=CC(=O)OCCCCCCCCCCCC,unlabeled
2767143051,30,7ca22b2f4d23a7afb10e,293,C=CC(=O)OCCCCCCCCCCCC,unlabeled
2767143051,30,38f57a9d08efd5f070d0,294,C=CC(=O)OCCCCCCCCCCCC,gradient_train
2767143051,30,1619a0c8b233772ba0c0,295,C=CC(=O)O[C@@H]1C[C@H]2CC[C@]1(C)C2(C)C,unlabeled
2767143051,30,0b9968c1280b5e4f726a,296,C=CC(=O)O[C@@H]1C[C@H]2CC[C@]1(C)C2(C)C,unlabeled
2767143051,30,0d5196ceda603b66bd22,297,C=CC(=O)O[C@@H]1C[C@H]2CC[C@]1(C)C2(C)C,validation
2767143051,30,244e5c6375ff0c923725,298,C=CC(=O)O[C@@H]1C[C@H]2CC[C@]1(C)C2(C)C,unlabeled
2767143051,30,4f34bbce67c94a44318a,299,C=CC(=O)O[C@@H]1C[C@H]2CC[C@]1(C)C2(C)C,unlabeled
2767143051,30,0f8a39d1c0a7eaf35c75,300,C=CC(=O)O[C@@H]1C[C@H]2CC[C@]1(C)C2(C)C,validation
2767143051,30,6de4f7fd8ac19d183348,301,C=CC(=O)O[C@@H]1C[C@H]2CC[C@]1(C)C2(C)C,unlabeled
2767143051,30,8bac25cfab022a9fb887,302,C=CC(=O)OCC(CC)CCCC,unlabeled
2767143051,30,aeef2128392508cc81cc,303,C=CC(=O)OCC(CC)CCCC,test
2767143051,30,a2eefb55da4d47a4347b,304,C=CC(=O)OCC(CC)CCCC,unlabeled
2767143051,30,3c7f7a7105a5eb39ca89,305,C=CC(=O)OCC(CC)CCCC,unlabeled
2767143051,30,2bf67acb4c861cf83990,306,C=CC(=O)OCC(CC)CCCC,unlabeled
2767143051,30,d67e364fd6830aa2bf6f,307,C=CC(=O)OCC(CC)CCCC,unlabeled
2767143051,30,84caf30ea66b29e2ea91,308,C=CC(=O)OCC(CC)CCCC,unlabeled
2767143051,30,1bd5bb3744b78ada7307,309,FC(F)(F)c1cc(Br)cc(C(F)(F)F)c1,gradient_train
2767143051,30,dd7fdbe3fa3800e6499f,310,FC(F)(F)c1cc(Br)cc(C(F)(F)F)c1,unlabeled
2767143051,30,ab84efb31c801e49c87c,311,FC(F)(F)c1cc(Br)cc(C(F)(F)F)c1,unlabeled
2767143051,30,69f6dbdc304c0475f868,312,FC(F)(F)c1cc(Br)cc(C(F)(F)F)c1,unlabeled
2767143051,30,a43656cab81e1b0fcccf,313,FC(F)(F)c1cc(Br)cc(C(F)(F)F)c1,gradient_train
2767143051,30,bcf8bb13e4fca185fe68,314,FC(F)(F)c1cc(Br)cc(C(F)(F)F)c1,test
2767143051,30,fe71f29c800d4ee35138,315,FC(F)(F)c1cc(Br)cc(C(F)(F)F)c1,unlabeled
2767143051,30,2416be80d114ff60224d,316,O=Cc1ccc(Cl)cc1Br,unlabeled
2767143051,30,9201cead3641f52a1f20,317,O=Cc1ccc(Cl)cc1Br,unlabeled
2767143051,30,49276f9b1cc72d41bbfd,318,O=Cc1ccc(Cl)cc1Br,unlabeled
2767143051,30,6cb8bbf843e6064ce249,319,O=Cc1ccc(Cl)cc1Br,unlabeled
2767143051,30,a6b1d92e3de602f8963c,320,O=Cc1ccc(Cl)cc1Br,unlabeled
2767143051,30,135ac7deca522d1e7929,321,O=Cc1ccc(Cl)cc1Br,unlabeled
2767143051,30,0f3bd8418ab9ba9d1ed2,322,O=Cc1ccc(Cl)cc1Br,unlabeled
2767143051,30,6cd5860914563da59932,323,O=Cc1ccc2c(c1)CCO2,unlabeled
2767143051,30,5179c3962ada5450dde7,324,O=Cc1ccc2c(c1)CCO2,gradient_train
2767143051,30,ad45b4b8aaed2c2b0b33,325,O=Cc1ccc2c(c1)CCO2,unlabeled
2767143051,30,6c8de7fb3dbd4f5adabf,326,O=Cc1ccc2c(c1)CCO2,gradient_train
2767143051,30,f72724ff299c47641488,327,COc1cc(F)cc(Br)c1,unlabeled
2767143051,30,2cde006ff48a36a368d2,328,COc1cc(F)cc(Br)c1,gradient_train
2767143051,30,09879f6853acb50e1280,329,COc1cc(F)cc(Br)c1,unlabeled
2767143051,30,cd492dbc52d170e5a396,330,COc1cc(F)cc(Br)c1,unlabeled
2767143051,30,e1244cc412f81ac11bd3,331,COc1cc(F)cc(Br)c1,unlabeled
2767143051,30,69bed1df8dc3cf82927c,332,COc1cc(F)cc(Br)c1,test
2767143051,30,adc9f476f8b5d66fa85d,333,COc1cc(F)cc(Br)c1,unlabeled
2767143051,30,e7e3cdff8a4b43574b19,334,CC(C)(C)c1cc(C=O)cc(C(C)(C)C)c1,unlabeled
2767143051,30,22fcaa293d9525e1f4e7,335,CC(C)(C)c1cc(C=O)cc(C(C)(C)C)c1,unlabeled
2767143051,30,5965305884ee5fba94d8,336,CC(C)(C)c1cc(C=O)cc(C(C)(C)C)c1,unlabeled
2767143051,30,556baeed852270e9c0fc,337,CC(C)(C)c1cc(C=O)cc(C(C)(C)C)c1,unlabeled
2767143051,30,376fc6387117429bcb19,338,CC(C)(C)c1cc(C=O)cc(C(C)(C)C)c1,unlabeled
2767143051,30,3fbc880a145bcc2155c9,339,CC(C)(C)c1cc(C=O)cc(C(C)(C)C)c1,unlabeled
2767143051,30,2964279ae2fd8a820ae1,340,CC(C)(C)c1cc(C=O)cc(C(C)(C)C)c1,unlabeled
2767143051,30,c084940b1be4fa61738d,341,COc1cc(Br)cc(OC)c1,unlabeled
2767143051,30,deac65153d9204a230ec,342,COc1cc(Br)cc(OC)c1,test
2767143051,30,b5f0b6271cd244ade9a3,343,COc1cc(Br)cc(OC)c1,test
2767143051,30,79723584590c0a689474,344,COc1cc(Br)cc(OC)c1,unlabeled
2767143051,30,984bc17b1da105c753eb,345,COc1cc(Br)cc(OC)c1,unlabeled
2767143051,30,1b7e334ea83516d08ff5,346,COc1cc(Br)cc(OC)c1,unlabeled
2767143051,30,b8018c4bdaadd42a057a,347,COc1cc(Br)cc(OC)c1,test
2767143051,30,3b03dfa8ff44ff554734,348,O=Cc1cc(Br)ccc1O,unlabeled
2767143051,30,167f49f748fa35bdb29e,349,O=Cc1cc(Br)ccc1O,unlabeled
2767143051,30,7e19b816ecd8282ce2a1,350,O=Cc1cc(Br)ccc1O,validation
2767143051,30,0dffde5d00d50ee96173,351,O=Cc1cc(Br)ccc1O,test
2767143051,30,65bfb38b53dd53bc4f4c,352,O=Cc1cc(Br)ccc1O,unlabeled
2767143051,30,e79c5aedcfa41a5f23c9,353,O=Cc1cc(Br)ccc1O,unlabeled
2767143051,30,27b234a05f8c66fd059f,354,O=Cc1cc(Br)ccc1O,unlabeled
2767143051,30,1bf52d57e3b0d9ef0662,355,Cc1ccc(Cl)cc1Br,unlabeled
2767143051,30,867407c66038f21466a8,356,Cc1ccc(Cl)cc1Br,unlabeled
2767143051,30,fb19bbc052a528249f36,357,Cc1ccc(Cl)cc1Br,unlabeled
2767143051,30,13bebd0b1ab22fc7e93b,358,Cc1ccc(Cl)cc1Br,unlabeled
2767143051,30,c1b4c0f7481c01c40ec6,359,Cc1ccc(Cl)cc1Br,unlabeled
2767143051,30,bb159f5b8695e842d4ff,360,Cc1ccc(Cl)cc1Br,unlabeled
2767143051,30,ce70dba7026ce0b64f62,361,Cc1ccc(Cl)cc1Br,test
2767143051,30,a5ea3136b642f8a49607,362,N#Cc1ccccc1Br,test
2767143051,30,8671b386166171ebd7f7,363,N#Cc1ccccc1Br,unlabeled
2767143051,30,d344b363b8c01e73a6fa,364,N#Cc1ccccc1Br,unlabeled
2767143051,30,70e13ddfe9e6cc9b0f56,365,N#Cc1ccccc1Br,unlabeled
2767143051,30,35046c5ff35d8c8617bb,366,N#Cc1ccccc1Br,unlabeled
2767143051,30,848f6c84b4d5fc44c3c2,367,N#Cc1ccccc1Br,unlabeled
2767143051,30,0974fc9cbeb3820c4065,368,Cc1ccc(C=O)c(C)c1,unlabeled
2767143051,30,bc486e940c369b85ce28,369,Cc1ccc(C=O)c(C)c1,unlabeled
2767143051,30,9a29b268530b7a3321a0,370,Cc1ccc(C=O)c(C)c1,unlabeled
2767143051,30,51394d9af7adc7eff816,371,Cc1ccc(C=O)c(C)c1,unlabeled
2767143051,30,5cbed870fef2de105046,372,Cc1ccc(C=O)c(C)c1,unlabeled
2767143051,30,dbb854b36df7ed31d95f,373,Cc1ccc(C=O)c(C)c1,unlabeled
2767143051,30,0c0f89307cc4aff87ab6,374,Cc1ccc(C=O)c(C)c1,unlabeled
2767143051,30,a5d9706079ccfee3bdf4,375,COCCOC(=O)CC(C)=O,unlabeled
2767143051,30,bacef06b4d4d7374a4e4,376,COCCOC(=O)CC(C)=O,unlabeled
2767143051,30,74097878150c8a5a8d79,377,COCCOC(=O)CC(C)=O,unlabeled
2767143051,30,47404d0982a587f0393e,378,COCCOC(=O)CC(C)=O,unlabeled
2767143051,30,fb80794857ddc46e142c,379,CC(=O)c1ccc2c(c1)OCO2,unlabeled
2767143051,30,6f34563b6236c57b9c60,380,CC(=O)c1ccc2c(c1)OCO2,unlabeled
2767143051,30,147b560e4c606680c7b2,381,CC(=O)c1ccc2c(c1)OCO2,test
2767143051,30,7396668aaa8d372aa464,382,CC(=O)c1ccc2c(c1)OCO2,test
2767143051,30,78b04c44dfa852f4e621,383,CC(=O)c1ccc2c(c1)OCO2,gradient_train
2767143051,30,f191e08b3e95928a5423,384,CC(=O)c1ccc2c(c1)OCO2,unlabeled
2767143051,30,f5634113e0822bda1c03,385,CC(=O)c1ccc2c(c1)OCO2,gradient_train
2767143051,30,45264f1c88b241fb888c,386,CC(=O)c1c(C)cc(C)cc1C,unlabeled
2767143051,30,7b0fa77cbbcbd8e7c87a,387,CC(=O)c1c(C)cc(C)cc1C,unlabeled
2767143051,30,c514f60c28973fc116c5,388,CC(=O)c1c(C)cc(C)cc1C,unlabeled
2767143051,30,b63d546347919cb66716,389,CC(=O)c1c(C)cc(C)cc1C,test
2767143051,30,823c667f35cddfcbc346,390,CC(=O)c1c(C)cc(C)cc1C,test
2767143051,30,d2955aa36bd2b103c981,391,CC(=O)c1c(C)cc(C)cc1C,unlabeled
2767143051,30,4ce730c9ad4e20a0386e,392,CC(=O)c1c(C)cc(C)cc1C,unlabeled
2767143051,30,f3531a1565c8159ac5e2,393,CC(=O)c1ccc(C)cc1C,unlabeled
2767143051,30,c359fd726e50e2123f43,394,CC(=O)c1ccc(C)cc1C,unlabeled
2767143051,30,a9a623a9853c6b493ce4,395,CC(=O)c1ccc(C)cc1C,unlabeled
2767143051,30,784ca4af1517dac8cd11,396,CC(=O)c1ccc(C)cc1C,unlabeled
2767143051,30,4c36e8e7d179b4bfa11a,397,CC(=O)c1ccc(C)cc1C,unlabeled
2767143051,30,77fe8c752e01feedccfa,398,CC(=O)c1ccc(C)cc1C,unlabeled
2767143051,30,0a1949b42050f41b0db4,399,CC(=O)c1ccc(C)cc1C,unlabeled
2767143051,30,118d66c0e53f510c51ed,400,CC(=O)c1ccc2c(c1)Cc1ccccc1-2,unlabeled
2767143051,30,38aa81d53a6b39e9d8ef,401,CC(=O)c1ccc2c(c1)Cc1ccccc1-2,unlabeled
2767143051,30,c780d2f5194817087e07,402,CC(=O)c1ccc2c(c1)Cc1ccccc1-2,unlabeled
2767143051,30,546046afb5114d631360,403,CC(=O)c1ccc2c(c1)Cc1ccccc1-2,test
2767143051,30,dc9f747c03c55d77bf72,404,BrC(=C(c1ccccc1)c1ccccc1)c1ccccc1,test
2767143051,30,d29c00125d1c5dc55586,405,BrC(=C(c1ccccc1)c1ccccc1)c1ccccc1,unlabeled
2767143051,30,509e53644c411798f5b0,406,BrC(=C(c1ccccc1)c1ccccc1)c1ccccc1,unlabeled
2767143051,30,5ac5df671efee45d3ddf,407,BrC(=C(c1ccccc1)c1ccccc1)c1ccccc1,unlabeled
2767143051,30,1e8c03a5d84f08329475,408,BrC(=C(c1ccccc1)c1ccccc1)c1ccccc1,unlabeled
2767143051,30,a7f9a08159d001c30f67,409,BrC(=C(c1ccccc1)c1ccccc1)c1ccccc1,unlabeled
2767143051,30,97feb43dae8371e80d3b,410,BrC(=C(c1ccccc1)c1ccccc1)c1ccccc1,unlabeled
2767143051,30,2f612d3ec5e270672ad1,411,C/C(=N\O)c1ccccc1,unlabeled
2767143051,30,b089551184e4d70e386d,412,C/C(=N\O)c1ccccc1,unlabeled
2767143051,30,95f7b6c8f44b25feade0,413,C/C(=N\O)c1ccccc1,unlabeled
2767143051,30,b0f39affa1970d2700b7,414,C/C(=N\O)c1ccccc1,unlabeled
2767143051,30,af2973fb82b6d79d8c5e,415,C/C(=N\O)c1ccccc1,unlabeled
2767143051,30,3545611fd9950a160288,416,C/C(=N\O)c1ccccc1,unlabeled
2767143051,30,786c4179676f46638e4a,417,O=C(c1ccccc1)c1ccc(Cl)cc1,unlabeled
2767143051,30,937105af8867732c56ec,418,O=C(c1ccccc1)c1ccc(Cl)cc1,test
2767143051,30,711f210d4869259d0651,419,O=C(c1ccccc1)c1ccc(Cl)cc1,unlabeled
2767143051,30,26bb8ff67b7738527484,420,O=C(c1ccccc1)c1ccc(Cl)cc1,unlabeled
2767143051,30,6624c43f78e6697c8ac9,421,O=C(c1ccccc1)c1ccc(Cl)cc1,unlabeled
2767143051,30,f9b97e958092bd5cb81a,422,O=C(c1ccccc1)c1ccc(Cl)cc1,unlabeled
2767143051,30,2d53109003f718b780fa,423,Cc1ccc(C(=O)c2ccccc2)cc1C,unlabeled
2767143051,30,b9b624baffe611c30836,424,Cc1ccc(C(=O)c2ccccc2)cc1C,test
2767143051,30,f8a590eaa91d155f61da,425,Cc1ccc(C(=O)c2ccccc2)cc1C,test
2767143051,30,2fcaa537474ba2ae579f,426,Cc1ccc(C(=O)c2ccccc2)cc1C,unlabeled
2767143051,30,d914e4c833f2df567cac,427,Cc1ccc(C(=O)c2ccccc2)cc1C,unlabeled
2767143051,30,5048acae682925888d12,428,Cc1ccc(C(=O)c2ccccc2)cc1C,unlabeled
2767143051,30,41927f703a0632f098fb,429,CC(=O)CC(=O)c1ccccc1,unlabeled
2767143051,30,760d0bf0ec31747d3969,430,CC(=O)CC(=O)c1ccccc1,unlabeled
2767143051,30,d71aab82a8179d05294a,431,CC(=O)CC(=O)c1ccccc1,unlabeled
2767143051,30,25ffb25df5bec65a633b,432,CC(=O)CC(=O)c1ccccc1,unlabeled
2767143051,30,92d69b1849c34b7f1a80,433,CCOC(=O)C(Cc1ccccc1)C(C)=O,unlabeled
2767143051,30,a289439d96e27bec7cbc,434,CCOC(=O)C(Cc1ccccc1)C(C)=O,unlabeled
2767143051,30,4707a180fe4230c208ff,435,CCOC(=O)C(Cc1ccccc1)C(C)=O,unlabeled
2767143051,30,41921840a5681261ba98,436,CCOC(=O)C(Cc1ccccc1)C(C)=O,unlabeled
2767143051,30,b5080cde4f493a415fc5,437,CCOC(=O)C(Cc1ccccc1)C(C)=O,unlabeled
2767143051,30,1bbec08f4838f06da0fb,438,CCOC(=O)C(Cc1ccccc1)C(C)=O,unlabeled
2767143051,30,bd0519702a5756bc3c94,439,CCOC(=O)C(Cc1ccccc1)C(C)=O,unlabeled
2767143051,30,b7fa3dd8e6040788ae14,440,CCOC(=O)c1cccnc1,unlabeled
2767143051,30,2deca509a22158d15375,441,CCOC(=O)c1cccnc1,unlabeled
2767143051,30,b48dea92ecfc07816494,442,CCOC(=O)c1cccnc1,unlabeled
2767143051,30,82fa7e7b3bd183853280,443,CCOC(=O)c1cccnc1,unlabeled
2767143051,30,7ba2cf5e6ca289d9810f,444,CCOC(=O)c1cccnc1,unlabeled
2767143051,30,7dec4c1259ce3660b729,445,COc1ccc(OC)c(Br)c1,gradient_train
2767143051,30,768064b2e2a953d147d0,446,COc1ccc(OC)c(Br)c1,unlabeled
2767143051,30,212154e56fe15a3333a2,447,COc1ccc(OC)c(Br)c1,unlabeled
2767143051,30,c56a92db4ce7de66bee1,448,COc1ccc(OC)c(Br)c1,unlabeled
2767143051,30,48b99ebef2fd7718f678,449,COc1ccc(OC)c(Br)c1,unlabeled
2767143051,30,6da48b9dd6e1ed7e26fd,450,COc1ccc(OC)c(Br)c1,unlabeled
2767143051,30,a2eeeea4e6525c9d22d4,451,COc1ccc(OC)c(Br)c1,unlabeled
2767143051,30,1e0e33b1a77df72f4dd8,452,OCc1cccc(Br)c1,unlabeled
2767143051,30,371711577127c07527e3,453,OCc1cccc(Br)c1,unlabeled
2767143051,30,78d4810a82f060b5cf49,454,OCc1cccc(Br)c1,unlabeled
2767143051,30,1c04f02c0ea8c00b358d,455,OCc1cccc(Br)c1,unlabeled
2767143051,30,4bc0dc84991def63aa1b,456,O=C1CCCc2ccccc21,unlabeled
2767143051,30,2433f7a3f7959e1d1b74,457,O=C1CCCc2ccccc21,unlabeled
2767143051,30,944f0a85ec8978a60444,458,O=C1CCCc2ccccc21,unlabeled
2767143051,30,8afc083342d1c2e7f78a,459,O=C1CCCc2ccccc21,unlabeled
2767143051,30,c35ed383b2db14b3bc06,460,O=C1CCCc2ccccc21,unlabeled
2767143051,30,d7c72c92165e2c129547,461,O=C1CCCc2ccccc21,unlabeled
2767143051,30,e375bb01e53e46f8faee,462,O=C1CCCc2ccccc21,unlabeled
2767143051,30,fdc873b5607287090ff3,463,CSc1ccc(C=O)cc1,test
2767143051,30,80b4e33a8434ac29ed52,464,CSc1ccc(C=O)cc1,unlabeled
2767143051,30,ee60c3ffc43a4c2c965e,465,CSc1ccc(C=O)cc1,unlabeled
2767143051,30,95f10fffb85ea1b1f47a,466,CSc1ccc(C=O)cc1,unlabeled
2767143051,30,793d8259fd7820530cfe,467,Cc1ccccc1C=O,test
2767143051,30,13fb1511fffef8fc96e0,468,Cc1ccccc1C=O,gradient_train
2767143051,30,532a47d1b45e54d6326b,469,Cc1ccccc1C=O,unlabeled
2767143051,30,dcd70c2b5039c4268d56,470,Cc1ccccc1C=O,unlabeled
2767143051,30,22d860e7f246ca4272a4,471,Cc1ccccc1C=O,unlabeled
2767143051,30,f21df276243d861dc2b2,472,Cc1ccccc1C=O,test
2767143051,30,08820514e662ce6ea8f0,473,Cc1ccccc1C=O,test
2767143051,30,d60e09bca01342c7cfa6,474,O=Cc1ccc(Br)cc1O,unlabeled
2767143051,30,9dda290379fb047fc74d,475,O=Cc1ccc(Br)cc1O,unlabeled
2767143051,30,4a58b799c494875f6f27,476,O=Cc1ccc(Br)cc1O,unlabeled
2767143051,30,98a1ca00445d60f415d4,477,O=Cc1ccc(Br)cc1O,unlabeled
2767143051,30,ddecd252bb1099fb20f7,478,O=Cc1ccc(Br)cc1O,gradient_train
2767143051,30,226ebdbf914ce9333de8,479,O=Cc1ccc(Br)cc1O,test
2767143051,30,99dd4a9a47de5c84b7c0,480,O=Cc1ccc(Br)cc1O,unlabeled
2767143051,30,ecc7e2759499addc038f,481,CC(=O)c1ccc(Br)cc1,unlabeled
2767143051,30,66c1ee6eed3d1587de50,482,CC(=O)c1ccc(Br)cc1,unlabeled
2767143051,30,a26a131344d4dbd9645b,483,CC(=O)c1ccc(Br)cc1,unlabeled
2767143051,30,f0edd899ac987a1de9dd,484,CC(=O)c1ccc(Br)cc1,unlabeled
2767143051,30,0e13b08b0f9c772699e1,485,CC(=O)c1ccc(Br)cc1,unlabeled
2767143051,30,1254297404cc9db52ee2,486,CC(=O)c1ccc(Br)cc1,unlabeled
2767143051,30,bc8e1d805b36b63cbfbe,487,CC(=O)c1ccc(Br)cc1,test
2767143051,30,cd998cddd3dcb4fc8c92,488,O=C(Cc1ccccc1)c1ccccc1,unlabeled
2767143051,30,12e11e8eaee71fc57209,489,O=C(Cc1ccccc1)c1ccccc1,unlabeled
2767143051,30,054457c7699aabd6c619,490,O=C(Cc1ccccc1)c1ccccc1,unlabeled
2767143051,30,893e4c91da1b0b2f7d3e,491,O=C(Cc1ccccc1)c1ccccc1,unlabeled
2767143051,30,18e8a9c1ea6aa15c0d01,492,O=C(Cc1ccccc1)c1ccccc1,unlabeled
2767143051,30,bc582f1f4f4225f6d249,493,O=C(Cc1ccccc1)c1ccccc1,test
2767143051,30,d92ef85db0d1c0979197,494,O=C(Cc1ccccc1)c1ccccc1,test
2767143051,30,ddc0b27538aa926cbb6e,495,O=Cc1ccc(-c2ccccc2)cc1,unlabeled
2767143051,30,6dcfe9b1e0958f22523b,496,O=Cc1ccc(-c2ccccc2)cc1,unlabeled
2767143051,30,3cdf1bcd3739e20f72d2,497,O=Cc1ccc(-c2ccccc2)cc1,unlabeled
2767143051,30,a8e4c6001ce3245c634b,498,O=Cc1ccc(-c2ccccc2)cc1,test
2767143051,30,24b540d7814b4d9c5183,499,O=Cc1ccc(-c2ccccc2)cc1,unlabeled
2767143051,30,b0cadf050313e9a3a162,500,O=Cc1ccc(-c2ccccc2)cc1,test
2767143051,30,8837a8a19c37b63d2e48,501,O=Cc1ccc(-c2ccccc2)cc1,test
2767143051,30,23a832560d234735d954,502,O=Cc1ccc2ccccc2c1Br,unlabeled
2767143051,30,90777be8090491479de1,503,O=Cc1ccc2ccccc2c1Br,unlabeled
2767143051,30,926a7862066269f98d62,504,O=Cc1ccc2ccccc2c1Br,unlabeled
2767143051,30,2c51476c6fa3121c5dfc,505,O=Cc1ccc2ccccc2c1Br,unlabeled
2767143051,30,5a9449a7562d442b8669,506,O=Cc1ccc2ccccc2c1Br,unlabeled
2767143051,30,2cbca950d64fdcd81660,507,O=Cc1ccc2ccccc2c1Br,unlabeled
2767143051,30,fb1fdaa4bc60434648f7,508,O=Cc1ccc2ccccc2c1Br,unlabeled
2767143051,30,9e46dbe8a460d3f96a27,509,O=C(/C=C/c1ccccc1)c1ccccc1,gradient_train
2767143051,30,31e75b850983502aa64f,510,O=C(/C=C/c1ccccc1)c1ccccc1,unlabeled
2767143051,30,b566ed83f272904657ba,511,O=C(/C=C/c1ccccc1)c1ccccc1,unlabeled
2767143051,30,c2be1e8f7c2c080f49f5,512,O=C(/C=C/c1ccccc1)c1ccccc1,unlabeled
2767143051,30,fde2d968ab29d13d4f1d,513,O=C(/C=C/c1ccccc1)c1ccccc1,unlabeled
2767143051,30,240da69c823911ff5ccc,514,O=C(/C=C/c1ccccc1)c1ccccc1,unlabeled
2767143051,30,b2b26956a788c2a8c7e9,515,O=C(/C=C/c1ccccc1)c1ccccc1,unlabeled
2767143051,30,f3b80f5fe97d26fd8383,516,O=C(/C=C/c1ccccc1)/C=C/c1ccccc1,test
2767143051,30,d60f7e6b21ea96567843,517,O=C(/C=C/c1ccccc1)/C=C/c1ccccc1,unlabeled
2767143051,30,bb61793cbbbe2bfa4e12,518,O=C(/C=C/c1ccccc1)/C=C/c1ccccc1,test
2767143051,30,d078d930aa37448ec4aa,519,O=C(/C=C/c1ccccc1)/C=C/c1ccccc1,unlabeled
2767143051,30,8cd132f293d2823adc8d,520,O=C(/C=C/c1ccccc1)/C=C/c1ccccc1,unlabeled
2767143051,30,88f58ab7b7cf02f8f134,521,O=C(/C=C/c1ccccc1)/C=C/c1ccccc1,unlabeled
2767143051,30,17bdb259a18419ca296f,522,O=C(/C=C/c1ccccc1)/C=C/c1ccccc1,unlabeled
2767143051,30,77c599d272254892b6ec,523,CC1CCC(=O)c2ccccc21,unlabeled
2767143051,30,b393af61f6769ceccbc0,524,CC1CCC(=O)c2ccccc21,unlabeled
2767143051,30,49668be051b44a819f00,525,CC1CCC(=O)c2ccccc21,unlabeled
2767143051,30,ffa86b2ffa5ac89b0720,526,CC1CCC(=O)c2ccccc21,unlabeled
2767143051,30,43aa4f12be94a8a96b35,527,CC1CCC(=O)c2ccccc21,gradient_train
2767143051,30,c09fbafa246c8d17b677,528,CC1CCC(=O)c2ccccc21,unlabeled
2767143051,30,f38afd5febe30c01c852,529,CC1CCC(=O)c2ccccc21,test
2767143051,30,490ab56dde175e9b97f5,530,O=C(Cc1ccccc1F)C1CC1,unlabeled
2767143051,30,3156893d5d2368c286a5,531,O=C(Cc1ccccc1F)C1CC1,test
2767143051,30,5ca73775e77c8e07812b,532,O=C(Cc1ccccc1F)C1CC1,unlabeled
2767143051,30,e90e636dced92c2b53d7,533,O=C(Cc1ccccc1F)C1CC1,unlabeled
2767143051,30,21e4905ef98fba65035a,534,O=C(Cc1ccccc1F)C1CC1,validation
2767143051,30,2eda4e5a40a9021016cb,535,O=C(Cc1ccccc1F)C1CC1,unlabeled
2767143051,30,9c357cc9e9b8199eb1e0,536,O=C(Cc1ccccc1F)C1CC1,unlabeled
2767143051,30,51091e7a7f83732eaf1b,537,CCC(=O)c1cccc(Br)c1,unlabeled
2767143051,30,71577790a52cb379d81f,538,CCC(=O)c1cccc(Br)c1,unlabeled
2767143051,30,e3b2ac778da2b86aa873,539,CCC(=O)c1cccc(Br)c1,unlabeled
2767143051,30,1046fdfaf24728b107ba,540,CCC(=O)c1cccc(Br)c1,unlabeled
2767143051,30,2e10d8b186d86053260f,541,CCC(=O)c1cccc(Br)c1,unlabeled
2767143051,30,5111664a952a4ab7d54e,542,CCC(=O)c1cccc(Br)c1,unlabeled
2767143051,30,ffcab07e0d31056e0d4a,543,CCC(=O)c1cccc(Br)c1,unlabeled
2767143051,30,b6bb9be5584029502820,544,COCCCCC(=O)c1ccc(C(F)(F)F)cc1,unlabeled
2767143051,30,60a000cb56517513c4d2,545,COCCCCC(=O)c1ccc(C(F)(F)F)cc1,test
2767143051,30,677c30b5727454c7a81e,546,COCCCCC(=O)c1ccc(C(F)(F)F)cc1,unlabeled
2767143051,30,94bc1858c275dcb3d476,547,COCCCCC(=O)c1ccc(C(F)(F)F)cc1,test
2767143051,30,06c29062334b43b0d12f,548,COCCCCC(=O)c1ccc(C(F)(F)F)cc1,unlabeled
2767143051,30,80e66bd0e8e9450537bb,549,COCCCCC(=O)c1ccc(C(F)(F)F)cc1,unlabeled
2767143051,30,b82c7c8060589ec1974b,550,CCCC(=O)c1ccc(-c2ccccc2)cc1,unlabeled
2767143051,30,57e291b74a249c9dd3ff,551,CCCC(=O)c1ccc(-c2ccccc2)cc1,unlabeled
2767143051,30,7d6bcd84e5a6861fc8fc,552,CCCC(=O)c1ccc(-c2ccccc2)cc1,unlabeled
2767143051,30,2d37adf0d65a19bc2c0c,553,CCCC(=O)c1ccc(-c2ccccc2)cc1,unlabeled
2767143051,30,3c892a45de6ec4625f37,554,CCCC(=O)c1ccc(-c2ccccc2)cc1,unlabeled
2767143051,30,e2c826d98b2bbeb6f48b,555,CCCC(=O)c1ccc(-c2ccccc2)cc1,unlabeled
2767143051,30,ce61c0bd799e65402b75,556,CCCC(=O)c1ccc(-c2ccccc2)cc1,unlabeled
2767143051,30,0f05b5ba6eb528d54b4b,557,O=C(c1ccccc1)c1cccc(C(=O)c2ccccc2)c1,unlabeled
2767143051,30,c4412adf038c7f6ea3c2,558,O=C(c1ccccc1)c1cccc(C(=O)c2ccccc2)c1,unlabeled
2767143051,30,182fc7fe888dbb9535bb,559,O=C(c1ccccc1)c1cccc(C(=O)c2ccccc2)c1,unlabeled
2767143051,30,8abf9c0719e2d67a22f9,560,O=C(c1ccccc1)c1cccc(C(=O)c2ccccc2)c1,unlabeled
2767143051,30,b8a4c06710d95c33cfe1,561,O=C(c1ccccc1)c1cccc(C(=O)c2ccccc2)c1,unlabeled
2767143051,30,7e451fd74af5bfa51ac9,562,O=C(c1ccccc1)c1cccc(C(=O)c2ccccc2)c1,unlabeled
2767143051,30,07e9bc7a9d27fdd58c2f,563,O=C(c1ccccc1)c1cccc(C(=O)c2ccccc2)c1,unlabeled
2767143051,30,2f828b7aa8c3e93352da,564,CCC(=O)c1cccnc1,test
2767143051,30,4365d2fb106c18823aac,565,CCC(=O)c1cccnc1,test
2767143051,30,4c6a8ef1c87748df99f2,566,CCC(=O)c1cccnc1,unlabeled
2767143051,30,aca0ef1613a0a07a0431,567,O=C(CCCCl)c1ccc(F)cc1,unlabeled
2767143051,30,f98f5943ca73a5b809a1,568,O=C(CCCCl)c1ccc(F)cc1,unlabeled
2767143051,30,405638494c5a95206866,569,O=C(CCCCl)c1ccc(F)cc1,unlabeled
2767143051,30,76e188b0e48b99f36582,570,O=C(CCCCl)c1ccc(F)cc1,unlabeled
2767143051,30,26aa0143305ac532a560,571,O=C(CCCCl)c1ccc(F)cc1,unlabeled
2767143051,30,283be89c092cfa4a5cbb,572,O=C(CCCCl)c1ccc(F)cc1,unlabeled
2767143051,30,0ffc20c3f979502b8a09,573,O=C(CCCCl)c1ccc(F)cc1,unlabeled
2767143051,50,bbabdb9085edbb8c178b,0,CC(C)(CCl)c1ccccc1,unlabeled
2767143051,50,96dc3dc2ebd074200228,1,CC(C)(CCl)c1ccccc1,unlabeled
2767143051,50,6322e8f867a741eed74c,2,CC(C)(CCl)c1ccccc1,unlabeled
2767143051,50,c2b0aff65443af0a8618,3,CC(C)(CCl)c1ccccc1,test
2767143051,50,f4b69d88ad1d916ee71a,4,CC(C)(CCl)c1ccccc1,unlabeled
2767143051,50,0f3559d035355b0eec80,5,CC(C)(CCl)c1ccccc1,unlabeled
2767143051,50,d29a94054067cd60dd70,6,CC(C)(CCl)c1ccccc1,gradient_train
2767143051,50,31d92ca6486b229184cf,7,OCCCc1ccccc1,unlabeled
2767143051,50,8a84cca322477165b719,8,OCCCc1ccccc1,unlabeled
2767143051,50,9cf769277f6b42d15f11,9,OCCCc1ccccc1,unlabeled
2767143051,50,7a0a82051f50d5b0c89c,10,OCCCc1ccccc1,unlabeled
2767143051,50,c79f29f048bbfd157f98,11,BrCCCc1ccccc1,unlabeled
2767143051,50,df0074b49eeb620c0768,12,BrCCCc1ccccc1,gradient_train
2767143051,50,f0097bc6b7827ef65922,13,BrCCCc1ccccc1,unlabeled
2767143051,50,44348f5c4aea3b41ee9d,14,BrCCCc1ccccc1,gradient_train
2767143051,50,482cb91fac7f2a936dca,15,BrCCCc1ccccc1,unlabeled
2767143051,50,a5c6210123f05414ffc0,16,BrCCCc1ccccc1,unlabeled
2767143051,50,a82e55e1cd19814ea307,17,BrCCCc1ccccc1,unlabeled
2767143051,50,6ee3c70647b37dcd5417,18,ClCCCc1ccccc1,unlabeled
2767143051,50,2c7e37ef828eb17c78fb,19,ClCCCc1ccccc1,unlabeled
2767143051,50,7ab9c351196ad891e172,20,ClCCCc1ccccc1,unlabeled
2767143051,50,7062ca665af0f9bba6c9,21,ClCCCc1ccccc1,unlabeled
2767143051,50,6644e934f59d8b816b9f,22,ClCCCc1ccccc1,unlabeled
2767143051,50,8cc7c76a92a4474d7c6a,23,ClCCCc1ccccc1,unlabeled
2767143051,50,c883df6ea04f89f45f03,24,ClCCCc1ccccc1,unlabeled
2767143051,50,46ed1e35ca65ace74790,25,COc1ccc(CO)cc1,unlabeled
2767143051,50,ec581cec37da9563e756,26,COc1ccc(CO)cc1,unlabeled
2767143051,50,c2bd8e8f13a96726e7fc,27,COc1ccc(CO)cc1,unlabeled
2767143051,50,f1afcbd393ce4f5a6316,28,COc1ccc(CO)cc1,unlabeled
2767143051,50,2909efb29670d8f2286d,29,CCOC(=O)C(C)(C)Br,unlabeled
2767143051,50,56b391fdec7a2a622e52,30,CCOC(=O)C(C)(C)Br,unlabeled
2767143051,50,8a9485661ac2c4576006,31,CCOC(=O)C(C)(C)Br,unlabeled
2767143051,50,7f6d1cdee16de4a37a21,32,CCOC(=O)C(C)(C)Br,unlabeled
2767143051,50,fd7bf535ef538434b384,33,CCOC(=O)C(C)(C)Br,unlabeled
2767143051,50,651bb6b60c62819a4323,34,CCOC(=O)C(C)(C)Br,unlabeled
2767143051,50,2a61203b59218a3cbdc6,35,CCOC(=O)C(C)(C)Br,unlabeled
2767143051,50,6d6c0510303dec89b2fe,36,COc1ccc(C=O)cc1,unlabeled
2767143051,50,f81dc37125414986a0bb,37,COc1ccc(C=O)cc1,unlabeled
2767143051,50,400615278105cebb3ed9,38,COc1ccc(C=O)cc1,unlabeled
2767143051,50,5d04f6757b59f5c356bb,39,COc1ccc(C=O)cc1,unlabeled
2767143051,50,a074620f6970d8f89567,40,COc1ccc(C=O)cc1,gradient_train
2767143051,50,454c1ea3beebbec4befe,41,COc1ccc(C=O)cc1,unlabeled
2767143051,50,f95928e2618ed15e654f,42,COc1ccc(C=O)cc1,unlabeled
2767143051,50,3a02b99399bb0c3e9ff9,43,COC(=O)C#CC(=O)OC,unlabeled
2767143051,50,b80a4f9e4b61f534ee9e,44,COC(=O)C#CC(=O)OC,unlabeled
2767143051,50,2690de155843f45b00a3,45,COC(=O)C#CC(=O)OC,unlabeled
2767143051,50,549eb8499df5181b3558,46,COC(=O)C#CC(=O)OC,unlabeled
2767143051,50,02c141e2551937d10f4e,47,COC(=O)C#CC(=O)OC,unlabeled
2767143051,50,9069807baff6cbfbde75,48,COC(=O)C#CC(=O)OC,unlabeled
2767143051,50,1fe1163f7d97c16f3822,49,CC(=O)c1ccccc1,unlabeled
2767143051,50,1e86d81fe1995d367fe1,50,CC(=O)c1ccccc1,unlabeled
2767143051,50,614e6d0929b0845d454b,51,CC(=O)c1ccccc1,unlabeled
2767143051,50,358681452207464d171e,52,CC(=O)c1ccccc1,unlabeled
2767143051,50,c00e01085f35d19cd90f,53,CC(=O)c1ccccc1,unlabeled
2767143051,50,a542d702abb1fa77a6fc,54,CC(=O)c1ccccc1,validation
2767143051,50,77577e6f6f0aa6789972,55,CCOC(=O)C(C)Br,unlabeled
2767143051,50,298017c801a97653f57d,56,CCOC(=O)C(C)Br,unlabeled
2767143051,50,849796401ee485c617a5,57,CCOC(=O)C(C)Br,test
2767143051,50,67cc8304e3e618d7416a,58,CCOC(=O)C(C)Br,unlabeled
2767143051,50,c7bc53c45a1962a88ec3,59,CCOC(=O)C(C)Br,unlabeled
2767143051,50,76b9db19f45b8222d962,60,CCOC(=O)C(C)Br,test
2767143051,50,0279fb0f7dba4b54a816,61,CCOC(=O)CC(=O)c1ccccc1,unlabeled
2767143051,50,ca203ccf20ce8e74d86d,62,CCOC(=O)CC(=O)c1ccccc1,test
2767143051,50,029d48fc98a886c9fec4,63,CCOC(=O)CC(=O)c1ccccc1,unlabeled
2767143051,50,1e578360bd7749f6b397,64,CCOC(=O)CC(=O)c1ccccc1,unlabeled
2767143051,50,05c14d26f4aa6f7c48b0,65,CCOC(=O)CC(=O)c1ccccc1,unlabeled
2767143051,50,53d046afde1259a727f9,66,CCOC(=O)CC(=O)c1ccccc1,gradient_train
2767143051,50,35ba50ab027f5f170aba,67,CCOC(=O)CC(=O)c1ccccc1,unlabeled
2767143051,50,130d76d2d46a287c5dea,68,CC(=O)c1ccccc1C,unlabeled
2767143051,50,3ef4b1ab56fe40940b42,69,CC(=O)c1ccccc1C,gradient_train
2767143051,50,a340148c4096f80cc125,70,CC(=O)c1ccccc1C,unlabeled
2767143051,50,57af4b867d9cd419ebb9,71,CC(=O)c1ccccc1C,unlabeled
2767143051,50,ff8745125a0eeb17c1e5,72,CC(=O)c1ccccc1C,unlabeled
2767143051,50,41a468134f078d2de17d,73,CC(=O)c1ccccc1C,unlabeled
2767143051,50,b4899d5d03e44fbf885c,74,CC(=O)c1ccccc1C,unlabeled
2767143051,50,bd93eaa60288fd0d5e89,75,CC(=O)c1ccc(C)cc1,gradient_train
2767143051,50,2797757b00a9f254ef2e,76,CC(=O)c1ccc(C)cc1,unlabeled
2767143051,50,fad37552a4a2eae19961,77,CC(=O)c1ccc(C)cc1,unlabeled
2767143051,50,6936556d392803de12ed,78,CC(=O)c1ccc(C)cc1,gradient_train
2767143051,50,fd3f8b6ec11d13a8412d,79,CC(=O)c1ccc(C)cc1,gradient_train
2767143051,50,b71b23379d73c3637a76,80,CC(=O)c1ccc(C)cc1,unlabeled
2767143051,50,2a9d111386ac232bbf79,81,CC(=O)c1ccc(C)cc1,unlabeled
2767143051,50,ca00dd1990fd356443cb,82,COC(=O)c1ccccc1O,unlabeled
2767143051,50,924106530353757625ba,83,COC(=O)c1ccccc1O,test
2767143051,50,f0d3ae15346c6cb6928d,84,COC(=O)c1ccccc1O,unlabeled
2767143051,50,0b6fe9b9da26ddc80e99,85,COC(=O)c1ccccc1O,unlabeled
2767143051,50,a9a4b1ef530ce6f46a1c,86,COC(=O)c1ccccc1O,unlabeled
2767143051,50,f0245d145e2758fc9ff8,87,COC(=O)c1ccccc1O,unlabeled
2767143051,50,f33380e15f0fd8b62027,88,COC(=O)c1ccccc1O,unlabeled
2767143051,50,1773be1aaa4102ae19f0,89,CC(=O)CC(=O)OC(C)(C)C,unlabeled
2767143051,50,1895e2147dd146c4e564,90,CC(=O)CC(=O)OC(C)(C)C,unlabeled
2767143051,50,e7c8cd496e2795b23cb3,91,CC(=O)CC(=O)OC(C)(C)C,unlabeled
2767143051,50,60f64adee75a0999c5d5,92,CC(=O)CC(=O)OC(C)(C)C,unlabeled
2767143051,50,851993fe56d61c8bf074,93,CC(=O)CC(=O)OC(C)(C)C,unlabeled
2767143051,50,4e6d2ab0e823ac1d4b58,94,CC(=O)CC(=O)OC(C)(C)C,unlabeled
2767143051,50,452aebfcddc0b031c20d,95,CCOC(=O)Cc1ccccc1,unlabeled
2767143051,50,a67ee30ac22b3511e0af,96,CCOC(=O)Cc1ccccc1,test
2767143051,50,4c52102f0b5a693d59bc,97,CCOC(=O)Cc1ccccc1,unlabeled
2767143051,50,f21e8077ac7b6ec1d038,98,CCOC(=O)Cc1ccccc1,unlabeled
2767143051,50,982611df66af1cf7c2f5,99,CCOC(=O)Cc1ccccc1,unlabeled
2767143051,50,d9e344f199dc9a567b5f,100,CCOC(=O)Cc1ccccc1,unlabeled
2767143051,50,74706f7e5d10b9245796,101,CCOC(=O)Cc1ccccc1,unlabeled
2767143051,50,f5d7ae6c2608335325ff,102,COC(=O)c1ccccc1N,unlabeled
2767143051,50,f66e095007d9d0923ce2,103,COC(=O)c1ccccc1N,test
2767143051,50,c9a57e8accca7da9758b,104,COC(=O)c1ccccc1N,unlabeled
2767143051,50,f7b1b9737459397f9ace,105,COC(=O)c1ccccc1N,unlabeled
2767143051,50,68feec66f657364ebeaa,106,COC(=O)c1ccccc1N,unlabeled
2767143051,50,96ccc1b8240fc2e9c1f3,107,COC(=O)c1ccccc1N,unlabeled
2767143051,50,16eec4a03ec235274042,108,CCOC(=O)/C=C/c1ccccc1,unlabeled
2767143051,50,92e4f80b3943134ebe86,109,CCOC(=O)/C=C/c1ccccc1,unlabeled
2767143051,50,e15e8a4f329d3a08aff9,110,CCOC(=O)/C=C/c1ccccc1,unlabeled
2767143051,50,6cec450baf7517436df6,111,CCOC(=O)/C=C/c1ccccc1,unlabeled
2767143051,50,48b79e49508df9f5fd6d,112,CCOC(=O)/C=C/c1ccccc1,unlabeled
2767143051,50,404dc3e2801a9a9d52aa,113,CCOC(=O)/C=C/c1ccccc1,gradient_train
2767143051,50,c72867f0f2e38c70aa8c,114,CCOC(=O)/C=C/c1ccccc1,unlabeled
2767143051,50,d9d3d24a75ff511e108a,115,COC(=O)c1ccc(C(C)(C)C)cc1,unlabeled
2767143051,50,f40ca479a9e86b5d5458,116,COC(=O)c1ccc(C(C)(C)C)cc1,unlabeled
2767143051,50,b7770c04c72527e1d9f6,117,COC(=O)c1ccc(C(C)(C)C)cc1,test
2767143051,50,a433dc0f6a13e9ace41d,118,COC(=O)c1ccc(C(C)(C)C)cc1,unlabeled
2767143051,50,e399250d7156727de0fd,119,COC(=O)c1ccc(C(C)(C)C)cc1,unlabeled
2767143051,50,3122a2210bde68deb81e,120,COC(=O)c1ccc(C(C)(C)C)cc1,unlabeled
2767143051,50,c9460286f85a5ec0f4fc,121,COC(=O)c1ccc(C(C)(C)C)cc1,unlabeled
2767143051,50,13b0b7952199157a8399,122,CCOC(=O)/C=C(/C)N,gradient_train
2767143051,50,759d5133ee82740013bf,123,CCOC(=O)/C=C(/C)N,unlabeled
2767143051,50,c9bf385316b464cd2e8d,124,CCOC(=O)/C=C(/C)N,unlabeled
2767143051,50,f248b9b89d62a22b03c3,125,CCOC(=O)/C=C(/C)N,unlabeled
2767143051,50,10d51839b15b94f0ae56,126,CCOC(=O)/C=C(/C)N,unlabeled
2767143051,50,e66b24ec1e4dfa9a9a57,127,CCOC(=O)/C=C(/C)N,unlabeled
2767143051,50,506597d02ff322a77a8d,128,CCOC(=O)/C=C(/C)N,unlabeled
2767143051,50,d2951bd3bb1608688f0d,129,CCOC(=O)/C=C(/C)N,unlabeled
2767143051,50,7d3c6ef279245ca08a2f,130,CCOC(=O)/C=C(/C)N,unlabeled
2767143051,50,e6886d2fb3090517172b,131,CCOC(=O)/C=C(/C)N,unlabeled
2767143051,50,d31d42caff135d7154c4,132,CCOC(=O)/C=C(/C)N,unlabeled
2767143051,50,3d7aa38258001eb6ba67,133,CC(C)COC(=O)c1ccccc1,unlabeled
2767143051,50,b3409bbbf3b06d73afca,134,CC(C)COC(=O)c1ccccc1,unlabeled
2767143051,50,5ce75d3f6df6d318cb8a,135,CC(C)COC(=O)c1ccccc1,unlabeled
2767143051,50,28f4ab2563d03e831cf0,136,CC(C)COC(=O)c1ccccc1,unlabeled
2767143051,50,b95bbdf393e00f41a6df,137,CC(C)COC(=O)c1ccccc1,unlabeled
2767143051,50,1e73138aa057a5e2b67f,138,CC(C)COC(=O)c1ccccc1,gradient_train
2767143051,50,1319bf7018ee9b9a5b9f,139,CCOC(=O)c1ccccc1,unlabeled
2767143051,50,99398d649f02f80651f1,140,CCOC(=O)c1ccccc1,unlabeled
2767143051,50,240787bdbf2abc17e093,141,CCOC(=O)c1ccccc1,unlabeled
2767143051,50,4afc7ef2732850bea176,142,CCOC(=O)c1ccccc1,unlabeled
2767143051,50,181f6c7852b17df8f194,143,CCOC(=O)c1ccccc1,test
2767143051,50,474238f822b0c38795c6,144,CCOC(=O)c1ccccc1,unlabeled
2767143051,50,5eb80e21463443b22d14,145,CCOC(=O)c1ccccc1,unlabeled
2767143051,50,f6e991e3dc3a3d3c5d89,146,COc1ccc(CCO)cc1,unlabeled
2767143051,50,9991421da8e18008fc91,147,COc1ccc(CCO)cc1,unlabeled
2767143051,50,9e93bad2014e7ab1a680,148,COc1ccc(CCO)cc1,unlabeled
2767143051,50,3d5dc8831f4c74f7b7d1,149,COc1ccc(CCO)cc1,test
2767143051,50,d5a7e1d47a58e1323805,150,Cc1ccc(C(C)C)cc1,unlabeled
2767143051,50,5c32bb6f3bbf72dcb37e,151,Cc1ccc(C(C)C)cc1,unlabeled
2767143051,50,e545485bf1a51a3ea557,152,Cc1ccc(C(C)C)cc1,unlabeled
2767143051,50,8ea9d90b217f4096f42f,153,Cc1ccc(C(C)C)cc1,unlabeled
2767143051,50,9ed80c28328fabe87261,154,Cc1ccc(C(C)C)cc1,unlabeled
2767143051,50,f1ea027f4cb80b10d15b,155,Cc1ccc(C(C)C)cc1,unlabeled
2767143051,50,dcfc9eaebf799d451fdb,156,Cc1ccc(C(C)C)cc1,unlabeled
2767143051,50,6c1f19a34a40cbf98728,157,CC(C)(O)CCc1ccccc1,unlabeled
2767143051,50,cf45ee02778c0243ad50,158,CC(C)(O)CCc1ccccc1,validation
2767143051,50,88581d99a415bf271788,159,CC(C)(O)CCc1ccccc1,unlabeled
2767143051,50,8753ab545dd1cf036a3a,160,CC(C)(O)CCc1ccccc1,unlabeled
2767143051,50,d59d233a1606de5b6deb,161,CC(C)(O)CCc1ccccc1,unlabeled
2767143051,50,964a62fb7d677de0f711,162,CC(C)CCOC(=O)c1ccccc1,unlabeled
2767143051,50,f35f8782c107387233ed,163,CC(C)CCOC(=O)c1ccccc1,unlabeled
2767143051,50,4d602abaaf336ac523e4,164,CC(C)CCOC(=O)c1ccccc1,test
2767143051,50,4768b747981033fbdf34,165,CC(C)CCOC(=O)c1ccccc1,gradient_train
2767143051,50,3df34ab1c0d58c86999e,166,CC(C)CCOC(=O)c1ccccc1,unlabeled
2767143051,50,8b67a1246fe892b6581d,167,CC(C)CCOC(=O)c1ccccc1,unlabeled
2767143051,50,2bafcbea1bb66eb60a71,168,CC(C)CCOC(=O)c1ccccc1,unlabeled
2767143051,50,2beadb75e05408973f02,169,CCOC(=O)/C=C/c1ccccc1,unlabeled
2767143051,50,dd7cae2667a1348a2caf,170,CCOC(=O)/C=C/c1ccccc1,test
2767143051,50,56f1cecfc0c6c3d224be,171,CCOC(=O)/C=C/c1ccccc1,unlabeled
2767143051,50,6278b7d64a22dbe3844e,172,CCOC(=O)/C=C/c1ccccc1,gradient_train
2767143051,50,a75e421e756083edea35,173,CCOC(=O)/C=C/c1ccccc1,unlabeled
2767143051,50,c9f7ab78e90454873661,174,CCOC(=O)/C=C/c1ccccc1,gradient_train
2767143051,50,b36d7c12e6d3072467ee,175,CCOC(=O)/C=C/c1ccccc1,unlabeled
2767143051,50,5dc7d31c57624ac47575,176,COc1ccc(C)cc1OC,unlabeled
2767143051,50,7dea14d96460814919d3,177,COc1ccc(C)cc1OC,unlabeled
2767143051,50,83a16763654b3b743265,178,COc1ccc(C)cc1OC,unlabeled
2767143051,50,ee96bcc328a38cb12519,179,COc1ccc(C)cc1OC,unlabeled
2767143051,50,62763fd48ebc7554402f,180,COc1ccc(C)cc1OC,unlabeled
2767143051,50,dd29d0f859e11f70f4ec,181,COc1ccc(C)cc1OC,unlabeled
2767143051,50,826e9f40c328ce2478ec,182,COc1ccc(C)cc1OC,unlabeled
2767143051,50,2e684264400b651dae88,183,C1=Cc2ccccc2C1,unlabeled
2767143051,50,e4f37e6e6def0eec724a,184,C1=Cc2ccccc2C1,unlabeled
2767143051,50,fda6d7aa920e5400a222,185,C1=Cc2ccccc2C1,unlabeled
2767143051,50,ee0eba88726c692c7f0c,186,C1=Cc2ccccc2C1,unlabeled
2767143051,50,c438c37de3a60de0e84a,187,C1=Cc2ccccc2C1,unlabeled
2767143051,50,f51bc35441c8ba7713b6,188,C1=Cc2ccccc2C1,unlabeled
2767143051,50,cb1bb21d54890633943c,189,C1=Cc2ccccc2C1,test
2767143051,50,2e561b136ec088ba3eff,190,Cc1ccc(C)cc1,unlabeled
2767143051,50,0d6f66d7971473a2cef9,191,Cc1ccc(C)cc1,gradient_train
2767143051,50,6950f8ebe95298defec5,192,Cc1ccc(C)cc1,unlabeled
2767143051,50,1837a52df085e2fc70d1,193,Cc1ccc(C)cc1,unlabeled
2767143051,50,8067767b73f132489d46,194,Cc1ccc(C)cc1,unlabeled
2767143051,50,bc3f10fed296515e66e5,195,Cc1ccc(C)cc1,unlabeled
2767143051,50,369517a8e4fab7d4e0e5,196,Cc1ccc(C)cc1,unlabeled
2767143051,50,acc1a540efdb60e4fa76,197,ClCCc1ccccc1,unlabeled
2767143051,50,b849b02cc7a096ff6f6a,198,ClCCc1ccccc1,unlabeled
2767143051,50,75b105d94d176eec90ba,199,ClCCc1ccccc1,unlabeled
2767143051,50,4699975b36aa2351be18,200,ClCCc1ccccc1,unlabeled
2767143051,50,a2ecd7c05da585c2a35e,201,ClCCc1ccccc1,unlabeled
2767143051,50,82843c7e3b9005c1abb0,202,ClCCc1ccccc1,unlabeled
2767143051,50,216e9e13c0587f197c0b,203,ClCCc1ccccc1,unlabeled
2767143051,50,31162ac7e21c9688cbdc,204,CC(O)c1ccccc1,unlabeled
2767143051,50,82ffe9abc3d02f4b970f,205,CC(O)c1ccccc1,unlabeled
2767143051,50,35eae227e68fe7434e68,206,CC(O)c1ccccc1,unlabeled
2767143051,50,82b6a0a8f122317d79d4,207,CC(O)c1ccccc1,unlabeled
2767143051,50,9b28c23ad1d4dda9fe1a,208,CC(O)c1ccccc1,gradient_train
2767143051,50,4455212440cbaf6d51e2,209,COc1ccccc1,unlabeled
2767143051,50,fcea8574ae051fe11483,210,COc1ccccc1,unlabeled
2767143051,50,04d4a16ff682bc7c55c8,211,COc1ccccc1,unlabeled
2767143051,50,62ca5eadee5ef28e9aeb,212,COc1ccccc1,unlabeled
2767143051,50,42f031acb8211bfbf67f,213,COc1ccccc1,unlabeled
2767143051,50,472b8f06caf25ffe6c7a,214,COc1ccccc1,test
2767143051,50,d532e4ccbab971232d40,215,COc1ccccc1,unlabeled
2767143051,50,bae9f1ce7c04e7ccf16b,216,CCOC(=O)C(Br)C(=O)OCC,unlabeled
2767143051,50,fc58ac30a03fcb0ec051,217,CCOC(=O)C(Br)C(=O)OCC,unlabeled
2767143051,50,c4b569d1149e4ec87b12,218,CCOC(=O)C(Br)C(=O)OCC,unlabeled
2767143051,50,53d7fb31d852cbb33059,219,CCOC(=O)C(Br)C(=O)OCC,unlabeled
2767143051,50,265addbdd355a85c628d,220,CCOC(=O)C(Br)C(=O)OCC,unlabeled
2767143051,50,b07e3b186c5f9a698624,221,CCOC(=O)C(Br)C(=O)OCC,unlabeled
2767143051,50,28c4b7ec4bf7f486b68c,222,CCOC(=O)C(Br)C(=O)OCC,unlabeled
2767143051,50,c9d7d885160197c7f67c,223,c1ccc(COCc2ccccc2)cc1,unlabeled
2767143051,50,e2869f5cf5635b6ae9c1,224,c1ccc(COCc2ccccc2)cc1,unlabeled
2767143051,50,49865eda3c0e936157be,225,c1ccc(COCc2ccccc2)cc1,unlabeled
2767143051,50,d26cffd9ef4da9800470,226,c1ccc(COCc2ccccc2)cc1,unlabeled
2767143051,50,ce9ac115ce41ab41f01d,227,c1ccc(COCc2ccccc2)cc1,unlabeled
2767143051,50,b2b5155e06ff9134c6a4,228,c1ccc(COCc2ccccc2)cc1,test
2767143051,50,f1aabb6243aed53011cb,229,c1ccc(COCc2ccccc2)cc1,unlabeled
2767143051,50,ebc9c107c2207e99cf79,230,CCOC(=O)CC(C)=O,unlabeled
2767143051,50,f373e0ffa24cb51dd13a,231,CCOC(=O)CC(C)=O,test
2767143051,50,bcb35848089ca50a1eef,232,CCOC(=O)CC(C)=O,unlabeled
2767143051,50,ef8527c6b63d54b73966,233,CCOC(=O)CC(C)=O,unlabeled
2767143051,50,86f385aa0925171d22cc,234,CCOC(=O)CC(C)=O,unlabeled
2767143051,50,9c7a6ce4172638d2abc7,235,CCOC(=O)CC(C)=O,unlabeled
2767143051,50,982585c1a4e89f10713f,236,O=CCCc1ccccc1,unlabeled
2767143051,50,36af0c588eb2e094a55e,237,O=CCCc1ccccc1,gradient_train
2767143051,50,afcb9ffea06f12f9e0f5,238,O=CCCc1ccccc1,unlabeled
2767143051,50,e584c52185ccefd22a26,239,O=CCCc1ccccc1,unlabeled
2767143051,50,39e40f336da135e6a7b5,240,O=CCCc1ccccc1,unlabeled
2767143051,50,e3c9408f01aa7642870f,241,O=CCCc1ccccc1,unlabeled
2767143051,50,155ad3f702726e253c4d,242,O=CCCc1ccccc1,unlabeled
2767143051,50,f84aa17604ca7f927b8c,243,C=CC(=O)OCCOc1ccccc1,test
2767143051,50,6b8023df74ccc51e5c76,244,C=CC(=O)OCCOc1ccccc1,unlabeled
2767143051,50,b056b793f5b571e6cdee,245,C=CC(=O)OCCOc1ccccc1,unlabeled
2767143051,50,934f00061cc32bab10e8,246,C=CC(=O)OCCOc1ccccc1,unlabeled
2767143051,50,b983d4c3094d909b570e,247,C=CC(=O)OCCOc1ccccc1,unlabeled
2767143051,50,b6f53d16978daf702470,248,C=CC(=O)OCCOc1ccccc1,unlabeled
2767143051,50,9563dde5c28fb62e4f7e,249,C=CC(=O)OCCOc1ccccc1,validation
2767143051,50,de2563a5f711307823f1,250,C=CC(=O)OC1CCCCC1,unlabeled
2767143051,50,e2e681b0653ec64f7c14,251,C=CC(=O)OC1CCCCC1,unlabeled
2767143051,50,fbf392edaddff6347b58,252,C=CC(=O)OC1CCCCC1,unlabeled
2767143051,50,3955ae590ac179d279b6,253,C=CC(=O)OC1CCCCC1,unlabeled
2767143051,50,db51f6df02555cb9c264,254,C=CC(=O)OC1CCCCC1,gradient_train
2767143051,50,2195290d04210cdb253f,255,C=CC(=O)OC1CCCCC1,unlabeled
2767143051,50,8063e3de9de70b75def1,256,C=CC(=O)OC1CCCCC1,unlabeled
2767143051,50,88771c5c64ed839a4436,257,C=CC(=O)OCc1ccccc1,unlabeled
2767143051,50,b5365d56777fde5c4dfc,258,C=CC(=O)OCc1ccccc1,unlabeled
2767143051,50,4513e318c9d037303b13,259,C=CC(=O)OCc1ccccc1,test
2767143051,50,efca00a284b2cadc5737,260,C=CC(=O)OCc1ccccc1,unlabeled
2767143051,50,b473ef06a415d0f114b0,261,C=CC(=O)OCc1ccccc1,unlabeled
2767143051,50,df02863943321996441f,262,C=CC(=O)OCc1ccccc1,unlabeled
2767143051,50,194278dd9ee3d2407ed5,263,C=CC(=O)OCc1ccccc1,gradient_train
2767143051,50,cc31b914acbab022eb9a,264,COC(=O)C(C)(C)Br,unlabeled
2767143051,50,a9eea85ddeee2da33706,265,COC(=O)C(C)(C)Br,unlabeled
2767143051,50,640353c89b3ce64ee98b,266,COC(=O)C(C)(C)Br,unlabeled
2767143051,50,b11bb6293c307f7f7282,267,COC(=O)C(C)(C)Br,unlabeled
2767143051,50,77b0577e6b0adb649e63,268,COC(=O)C(C)(C)Br,unlabeled
2767143051,50,543561ac99bc28db6f2f,269,COC(=O)C(C)(C)Br,test
2767143051,50,056255620b7acc9c630f,270,COC(=O)C(C)(C)Br,unlabeled
2767143051,50,7b1589ae321d27608509,271,COC(=O)CS,unlabeled
2767143051,50,0fee19a828ef997229fd,272,COC(=O)CS,unlabeled
2767143051,50,222dede783147d5efa63,273,COC(=O)CS,unlabeled
2767143051,50,d9a40ac35b79fbcf214a,274,COC(=O)CS,unlabeled
2767143051,50,aaf22f8324aad12a55fa,275,COC(=O)CS,gradient_train
2767143051,50,a9bfabe931467745353e,276,COC(=O)CS,unlabeled
2767143051,50,be7d68067464e72d0b8d,277,COC(=O)CS,unlabeled
2767143051,50,b418a712463f5abf8b81,278,CC(=O)CCCCl,unlabeled
2767143051,50,850a69ce73ac04035aa3,279,CC(=O)CCCCl,unlabeled
2767143051,50,7c4153fe9561da818ae1,280,CC(=O)CCCCl,unlabeled
2767143051,50,a67016d937c499be9d64,281,CC(C)=CCBr,unlabeled
2767143051,50,4559d83db38cc3c39d13,282,CC(C)=CCBr,validation
2767143051,50,bf8409f12dae2388c6a0,283,CC(C)=CCBr,unlabeled
2767143051,50,832899abb44b8d2246cd,284,CC(C)=CCBr,test
2767143051,50,5729cc87eb48a75655ad,285,CC(C)=CCBr,unlabeled
2767143051,50,adb6d48eec0fb576d7fc,286,CC(C)=CCBr,unlabeled
2767143051,50,bc789871fe39d967a9e0,287,CC(C)=CCBr,test
2767143051,50,fff65bc451d163b1b106,288,C=CC(=O)OCCCCCCCCCCCC,unlabeled
2767143051,50,c761659793c5929e2214,289,C=CC(=O)OCCCCCCCCCCCC,unlabeled
2767143051,50,4c7d7c5f8b0c317c5548,290,C=CC(=O)OCCCCCCCCCCCC,unlabeled
2767143051,50,a9656ffd805f80fcf143,291,C=CC(=O)OCCCCCCCCCCCC,unlabeled
2767143051,50,da10d2f67a989e8b16b5,292,C=CC(=O)OCCCCCCCCCCCC,unlabeled
2767143051,50,7ca22b2f4d23a7afb10e,293,C=CC(=O)OCCCCCCCCCCCC,unlabeled
2767143051,50,38f57a9d08efd5f070d0,294,C=CC(=O)OCCCCCCCCCCCC,gradient_train
2767143051,50,1619a0c8b233772ba0c0,295,C=CC(=O)O[C@@H]1C[C@H]2CC[C@]1(C)C2(C)C,unlabeled
2767143051,50,0b9968c1280b5e4f726a,296,C=CC(=O)O[C@@H]1C[C@H]2CC[C@]1(C)C2(C)C,unlabeled
2767143051,50,0d5196ceda603b66bd22,297,C=CC(=O)O[C@@H]1C[C@H]2CC[C@]1(C)C2(C)C,validation
2767143051,50,244e5c6375ff0c923725,298,C=CC(=O)O[C@@H]1C[C@H]2CC[C@]1(C)C2(C)C,unlabeled
2767143051,50,4f34bbce67c94a44318a,299,C=CC(=O)O[C@@H]1C[C@H]2CC[C@]1(C)C2(C)C,unlabeled
2767143051,50,0f8a39d1c0a7eaf35c75,300,C=CC(=O)O[C@@H]1C[C@H]2CC[C@]1(C)C2(C)C,validation
2767143051,50,6de4f7fd8ac19d183348,301,C=CC(=O)O[C@@H]1C[C@H]2CC[C@]1(C)C2(C)C,unlabeled
2767143051,50,8bac25cfab022a9fb887,302,C=CC(=O)OCC(CC)CCCC,unlabeled
2767143051,50,aeef2128392508cc81cc,303,C=CC(=O)OCC(CC)CCCC,test
2767143051,50,a2eefb55da4d47a4347b,304,C=CC(=O)OCC(CC)CCCC,unlabeled
2767143051,50,3c7f7a7105a5eb39ca89,305,C=CC(=O)OCC(CC)CCCC,unlabeled
2767143051,50,2bf67acb4c861cf83990,306,C=CC(=O)OCC(CC)CCCC,unlabeled
2767143051,50,d67e364fd6830aa2bf6f,307,C=CC(=O)OCC(CC)CCCC,unlabeled
2767143051,50,84caf30ea66b29e2ea91,308,C=CC(=O)OCC(CC)CCCC,unlabeled
2767143051,50,1bd5bb3744b78ada7307,309,FC(F)(F)c1cc(Br)cc(C(F)(F)F)c1,gradient_train
2767143051,50,dd7fdbe3fa3800e6499f,310,FC(F)(F)c1cc(Br)cc(C(F)(F)F)c1,unlabeled
2767143051,50,ab84efb31c801e49c87c,311,FC(F)(F)c1cc(Br)cc(C(F)(F)F)c1,unlabeled
2767143051,50,69f6dbdc304c0475f868,312,FC(F)(F)c1cc(Br)cc(C(F)(F)F)c1,unlabeled
2767143051,50,a43656cab81e1b0fcccf,313,FC(F)(F)c1cc(Br)cc(C(F)(F)F)c1,gradient_train
2767143051,50,bcf8bb13e4fca185fe68,314,FC(F)(F)c1cc(Br)cc(C(F)(F)F)c1,test
2767143051,50,fe71f29c800d4ee35138,315,FC(F)(F)c1cc(Br)cc(C(F)(F)F)c1,unlabeled
2767143051,50,2416be80d114ff60224d,316,O=Cc1ccc(Cl)cc1Br,unlabeled
2767143051,50,9201cead3641f52a1f20,317,O=Cc1ccc(Cl)cc1Br,unlabeled
2767143051,50,49276f9b1cc72d41bbfd,318,O=Cc1ccc(Cl)cc1Br,unlabeled
2767143051,50,6cb8bbf843e6064ce249,319,O=Cc1ccc(Cl)cc1Br,unlabeled
2767143051,50,a6b1d92e3de602f8963c,320,O=Cc1ccc(Cl)cc1Br,unlabeled
2767143051,50,135ac7deca522d1e7929,321,O=Cc1ccc(Cl)cc1Br,unlabeled
2767143051,50,0f3bd8418ab9ba9d1ed2,322,O=Cc1ccc(Cl)cc1Br,unlabeled
2767143051,50,6cd5860914563da59932,323,O=Cc1ccc2c(c1)CCO2,unlabeled
2767143051,50,5179c3962ada5450dde7,324,O=Cc1ccc2c(c1)CCO2,gradient_train
2767143051,50,ad45b4b8aaed2c2b0b33,325,O=Cc1ccc2c(c1)CCO2,unlabeled
2767143051,50,6c8de7fb3dbd4f5adabf,326,O=Cc1ccc2c(c1)CCO2,gradient_train
2767143051,50,f72724ff299c47641488,327,COc1cc(F)cc(Br)c1,unlabeled
2767143051,50,2cde006ff48a36a368d2,328,COc1cc(F)cc(Br)c1,gradient_train
2767143051,50,09879f6853acb50e1280,329,COc1cc(F)cc(Br)c1,unlabeled
2767143051,50,cd492dbc52d170e5a396,330,COc1cc(F)cc(Br)c1,unlabeled
2767143051,50,e1244cc412f81ac11bd3,331,COc1cc(F)cc(Br)c1,unlabeled
2767143051,50,69bed1df8dc3cf82927c,332,COc1cc(F)cc(Br)c1,test
2767143051,50,adc9f476f8b5d66fa85d,333,COc1cc(F)cc(Br)c1,unlabeled
2767143051,50,e7e3cdff8a4b43574b19,334,CC(C)(C)c1cc(C=O)cc(C(C)(C)C)c1,unlabeled
2767143051,50,22fcaa293d9525e1f4e7,335,CC(C)(C)c1cc(C=O)cc(C(C)(C)C)c1,unlabeled
2767143051,50,5965305884ee5fba94d8,336,CC(C)(C)c1cc(C=O)cc(C(C)(C)C)c1,unlabeled
2767143051,50,556baeed852270e9c0fc,337,CC(C)(C)c1cc(C=O)cc(C(C)(C)C)c1,unlabeled
2767143051,50,376fc6387117429bcb19,338,CC(C)(C)c1cc(C=O)cc(C(C)(C)C)c1,unlabeled
2767143051,50,3fbc880a145bcc2155c9,339,CC(C)(C)c1cc(C=O)cc(C(C)(C)C)c1,unlabeled
2767143051,50,2964279ae2fd8a820ae1,340,CC(C)(C)c1cc(C=O)cc(C(C)(C)C)c1,unlabeled
2767143051,50,c084940b1be4fa61738d,341,COc1cc(Br)cc(OC)c1,unlabeled
2767143051,50,deac65153d9204a230ec,342,COc1cc(Br)cc(OC)c1,test
2767143051,50,b5f0b6271cd244ade9a3,343,COc1cc(Br)cc(OC)c1,test
2767143051,50,79723584590c0a689474,344,COc1cc(Br)cc(OC)c1,unlabeled
2767143051,50,984bc17b1da105c753eb,345,COc1cc(Br)cc(OC)c1,unlabeled
2767143051,50,1b7e334ea83516d08ff5,346,COc1cc(Br)cc(OC)c1,unlabeled
2767143051,50,b8018c4bdaadd42a057a,347,COc1cc(Br)cc(OC)c1,test
2767143051,50,3b03dfa8ff44ff554734,348,O=Cc1cc(Br)ccc1O,gradient_train
2767143051,50,167f49f748fa35bdb29e,349,O=Cc1cc(Br)ccc1O,unlabeled
2767143051,50,7e19b816ecd8282ce2a1,350,O=Cc1cc(Br)ccc1O,validation
2767143051,50,0dffde5d00d50ee96173,351,O=Cc1cc(Br)ccc1O,test
2767143051,50,65bfb38b53dd53bc4f4c,352,O=Cc1cc(Br)ccc1O,unlabeled
2767143051,50,e79c5aedcfa41a5f23c9,353,O=Cc1cc(Br)ccc1O,unlabeled
2767143051,50,27b234a05f8c66fd059f,354,O=Cc1cc(Br)ccc1O,unlabeled
2767143051,50,1bf52d57e3b0d9ef0662,355,Cc1ccc(Cl)cc1Br,unlabeled
2767143051,50,867407c66038f21466a8,356,Cc1ccc(Cl)cc1Br,unlabeled
2767143051,50,fb19bbc052a528249f36,357,Cc1ccc(Cl)cc1Br,unlabeled
2767143051,50,13bebd0b1ab22fc7e93b,358,Cc1ccc(Cl)cc1Br,unlabeled
2767143051,50,c1b4c0f7481c01c40ec6,359,Cc1ccc(Cl)cc1Br,unlabeled
2767143051,50,bb159f5b8695e842d4ff,360,Cc1ccc(Cl)cc1Br,unlabeled
2767143051,50,ce70dba7026ce0b64f62,361,Cc1ccc(Cl)cc1Br,test
2767143051,50,a5ea3136b642f8a49607,362,N#Cc1ccccc1Br,test
2767143051,50,8671b386166171ebd7f7,363,N#Cc1ccccc1Br,unlabeled
2767143051,50,d344b363b8c01e73a6fa,364,N#Cc1ccccc1Br,unlabeled
2767143051,50,70e13ddfe9e6cc9b0f56,365,N#Cc1ccccc1Br,unlabeled
2767143051,50,35046c5ff35d8c8617bb,366,N#Cc1ccccc1Br,unlabeled
2767143051,50,848f6c84b4d5fc44c3c2,367,N#Cc1ccccc1Br,unlabeled
2767143051,50,0974fc9cbeb3820c4065,368,Cc1ccc(C=O)c(C)c1,unlabeled
2767143051,50,bc486e940c369b85ce28,369,Cc1ccc(C=O)c(C)c1,unlabeled
2767143051,50,9a29b268530b7a3321a0,370,Cc1ccc(C=O)c(C)c1,unlabeled
2767143051,50,51394d9af7adc7eff816,371,Cc1ccc(C=O)c(C)c1,unlabeled
2767143051,50,5cbed870fef2de105046,372,Cc1ccc(C=O)c(C)c1,unlabeled
2767143051,50,dbb854b36df7ed31d95f,373,Cc1ccc(C=O)c(C)c1,unlabeled
2767143051,50,0c0f89307cc4aff87ab6,374,Cc1ccc(C=O)c(C)c1,gradient_train
2767143051,50,a5d9706079ccfee3bdf4,375,COCCOC(=O)CC(C)=O,unlabeled
2767143051,50,bacef06b4d4d7374a4e4,376,COCCOC(=O)CC(C)=O,unlabeled
2767143051,50,74097878150c8a5a8d79,377,COCCOC(=O)CC(C)=O,unlabeled
2767143051,50,47404d0982a587f0393e,378,COCCOC(=O)CC(C)=O,unlabeled
2767143051,50,fb80794857ddc46e142c,379,CC(=O)c1ccc2c(c1)OCO2,unlabeled
2767143051,50,6f34563b6236c57b9c60,380,CC(=O)c1ccc2c(c1)OCO2,unlabeled
2767143051,50,147b560e4c606680c7b2,381,CC(=O)c1ccc2c(c1)OCO2,test
2767143051,50,7396668aaa8d372aa464,382,CC(=O)c1ccc2c(c1)OCO2,test
2767143051,50,78b04c44dfa852f4e621,383,CC(=O)c1ccc2c(c1)OCO2,gradient_train
2767143051,50,f191e08b3e95928a5423,384,CC(=O)c1ccc2c(c1)OCO2,unlabeled
2767143051,50,f5634113e0822bda1c03,385,CC(=O)c1ccc2c(c1)OCO2,gradient_train
2767143051,50,45264f1c88b241fb888c,386,CC(=O)c1c(C)cc(C)cc1C,unlabeled
2767143051,50,7b0fa77cbbcbd8e7c87a,387,CC(=O)c1c(C)cc(C)cc1C,unlabeled
2767143051,50,c514f60c28973fc116c5,388,CC(=O)c1c(C)cc(C)cc1C,unlabeled
2767143051,50,b63d546347919cb66716,389,CC(=O)c1c(C)cc(C)cc1C,test
2767143051,50,823c667f35cddfcbc346,390,CC(=O)c1c(C)cc(C)cc1C,test
2767143051,50,d2955aa36bd2b103c981,391,CC(=O)c1c(C)cc(C)cc1C,unlabeled
2767143051,50,4ce730c9ad4e20a0386e,392,CC(=O)c1c(C)cc(C)cc1C,unlabeled
2767143051,50,f3531a1565c8159ac5e2,393,CC(=O)c1ccc(C)cc1C,unlabeled
2767143051,50,c359fd726e50e2123f43,394,CC(=O)c1ccc(C)cc1C,unlabeled
2767143051,50,a9a623a9853c6b493ce4,395,CC(=O)c1ccc(C)cc1C,unlabeled
2767143051,50,784ca4af1517dac8cd11,396,CC(=O)c1ccc(C)cc1C,unlabeled
2767143051,50,4c36e8e7d179b4bfa11a,397,CC(=O)c1ccc(C)cc1C,gradient_train
2767143051,50,77fe8c752e01feedccfa,398,CC(=O)c1ccc(C)cc1C,unlabeled
2767143051,50,0a1949b42050f41b0db4,399,CC(=O)c1ccc(C)cc1C,unlabeled
2767143051,50,118d66c0e53f510c51ed,400,CC(=O)c1ccc2c(c1)Cc1ccccc1-2,unlabeled
2767143051,50,38aa81d53a6b39e9d8ef,401,CC(=O)c1ccc2c(c1)Cc1ccccc1-2,unlabeled
2767143051,50,c780d2f5194817087e07,402,CC(=O)c1ccc2c(c1)Cc1ccccc1-2,unlabeled
2767143051,50,546046afb5114d631360,403,CC(=O)c1ccc2c(c1)Cc1ccccc1-2,test
2767143051,50,dc9f747c03c55d77bf72,404,BrC(=C(c1ccccc1)c1ccccc1)c1ccccc1,test
2767143051,50,d29c00125d1c5dc55586,405,BrC(=C(c1ccccc1)c1ccccc1)c1ccccc1,unlabeled
2767143051,50,509e53644c411798f5b0,406,BrC(=C(c1ccccc1)c1ccccc1)c1ccccc1,unlabeled
2767143051,50,5ac5df671efee45d3ddf,407,BrC(=C(c1ccccc1)c1ccccc1)c1ccccc1,unlabeled
2767143051,50,1e8c03a5d84f08329475,408,BrC(=C(c1ccccc1)c1ccccc1)c1ccccc1,unlabeled
2767143051,50,a7f9a08159d001c30f67,409,BrC(=C(c1ccccc1)c1ccccc1)c1ccccc1,unlabeled
2767143051,50,97feb43dae8371e80d3b,410,BrC(=C(c1ccccc1)c1ccccc1)c1ccccc1,unlabeled
2767143051,50,2f612d3ec5e270672ad1,411,C/C(=N\O)c1ccccc1,unlabeled
2767143051,50,b089551184e4d70e386d,412,C/C(=N\O)c1ccccc1,unlabeled
2767143051,50,95f7b6c8f44b25feade0,413,C/C(=N\O)c1ccccc1,unlabeled
2767143051,50,b0f39affa1970d2700b7,414,C/C(=N\O)c1ccccc1,unlabeled
2767143051,50,af2973fb82b6d79d8c5e,415,C/C(=N\O)c1ccccc1,unlabeled
2767143051,50,3545611fd9950a160288,416,C/C(=N\O)c1ccccc1,unlabeled
2767143051,50,786c4179676f46638e4a,417,O=C(c1ccccc1)c1ccc(Cl)cc1,unlabeled
2767143051,50,937105af8867732c56ec,418,O=C(c1ccccc1)c1ccc(Cl)cc1,test
2767143051,50,711f210d4869259d0651,419,O=C(c1ccccc1)c1ccc(Cl)cc1,unlabeled
2767143051,50,26bb8ff67b7738527484,420,O=C(c1ccccc1)c1ccc(Cl)cc1,unlabeled
2767143051,50,6624c43f78e6697c8ac9,421,O=C(c1ccccc1)c1ccc(Cl)cc1,unlabeled
2767143051,50,f9b97e958092bd5cb81a,422,O=C(c1ccccc1)c1ccc(Cl)cc1,unlabeled
2767143051,50,2d53109003f718b780fa,423,Cc1ccc(C(=O)c2ccccc2)cc1C,unlabeled
2767143051,50,b9b624baffe611c30836,424,Cc1ccc(C(=O)c2ccccc2)cc1C,test
2767143051,50,f8a590eaa91d155f61da,425,Cc1ccc(C(=O)c2ccccc2)cc1C,test
2767143051,50,2fcaa537474ba2ae579f,426,Cc1ccc(C(=O)c2ccccc2)cc1C,gradient_train
2767143051,50,d914e4c833f2df567cac,427,Cc1ccc(C(=O)c2ccccc2)cc1C,unlabeled
2767143051,50,5048acae682925888d12,428,Cc1ccc(C(=O)c2ccccc2)cc1C,unlabeled
2767143051,50,41927f703a0632f098fb,429,CC(=O)CC(=O)c1ccccc1,unlabeled
2767143051,50,760d0bf0ec31747d3969,430,CC(=O)CC(=O)c1ccccc1,unlabeled
2767143051,50,d71aab82a8179d05294a,431,CC(=O)CC(=O)c1ccccc1,unlabeled
2767143051,50,25ffb25df5bec65a633b,432,CC(=O)CC(=O)c1ccccc1,unlabeled
2767143051,50,92d69b1849c34b7f1a80,433,CCOC(=O)C(Cc1ccccc1)C(C)=O,unlabeled
2767143051,50,a289439d96e27bec7cbc,434,CCOC(=O)C(Cc1ccccc1)C(C)=O,unlabeled
2767143051,50,4707a180fe4230c208ff,435,CCOC(=O)C(Cc1ccccc1)C(C)=O,unlabeled
2767143051,50,41921840a5681261ba98,436,CCOC(=O)C(Cc1ccccc1)C(C)=O,unlabeled
2767143051,50,b5080cde4f493a415fc5,437,CCOC(=O)C(Cc1ccccc1)C(C)=O,unlabeled
2767143051,50,1bbec08f4838f06da0fb,438,CCOC(=O)C(Cc1ccccc1)C(C)=O,unlabeled
2767143051,50,bd0519702a5756bc3c94,439,CCOC(=O)C(Cc1ccccc1)C(C)=O,unlabeled
2767143051,50,b7fa3dd8e6040788ae14,440,CCOC(=O)c1cccnc1,unlabeled
2767143051,50,2deca509a22158d15375,441,CCOC(=O)c1cccnc1,gradient_train
2767143051,50,b48dea92ecfc07816494,442,CCOC(=O)c1cccnc1,unlabeled
2767143051,50,82fa7e7b3bd183853280,443,CCOC(=O)c1cccnc1,unlabeled
2767143051,50,7ba2cf5e6ca289d9810f,444,CCOC(=O)c1cccnc1,unlabeled
2767143051,50,7dec4c1259ce3660b729,445,COc1ccc(OC)c(Br)c1,gradient_train
2767143051,50,768064b2e2a953d147d0,446,COc1ccc(OC)c(Br)c1,unlabeled
2767143051,50,212154e56fe15a3333a2,447,COc1ccc(OC)c(Br)c1,unlabeled
2767143051,50,c56a92db4ce7de66bee1,448,COc1ccc(OC)c(Br)c1,unlabeled
2767143051,50,48b99ebef2fd7718f678,449,COc1ccc(OC)c(Br)c1,unlabeled
2767143051,50,6da48b9dd6e1ed7e26fd,450,COc1ccc(OC)c(Br)c1,unlabeled
2767143051,50,a2eeeea4e6525c9d22d4,451,COc1ccc(OC)c(Br)c1,unlabeled
2767143051,50,1e0e33b1a77df72f4dd8,452,OCc1cccc(Br)c1,unlabeled
2767143051,50,371711577127c07527e3,453,OCc1cccc(Br)c1,unlabeled
2767143051,50,78d4810a82f060b5cf49,454,OCc1cccc(Br)c1,unlabeled
2767143051,50,1c04f02c0ea8c00b358d,455,OCc1cccc(Br)c1,unlabeled
2767143051,50,4bc0dc84991def63aa1b,456,O=C1CCCc2ccccc21,unlabeled
2767143051,50,2433f7a3f7959e1d1b74,457,O=C1CCCc2ccccc21,unlabeled
2767143051,50,944f0a85ec8978a60444,458,O=C1CCCc2ccccc21,unlabeled
2767143051,50,8afc083342d1c2e7f78a,459,O=C1CCCc2ccccc21,unlabeled
2767143051,50,c35ed383b2db14b3bc06,460,O=C1CCCc2ccccc21,unlabeled
2767143051,50,d7c72c92165e2c129547,461,O=C1CCCc2ccccc21,unlabeled
2767143051,50,e375bb01e53e46f8faee,462,O=C1CCCc2ccccc21,unlabeled
2767143051,50,fdc873b5607287090ff3,463,CSc1ccc(C=O)cc1,test
2767143051,50,80b4e33a8434ac29ed52,464,CSc1ccc(C=O)cc1,unlabeled
2767143051,50,ee60c3ffc43a4c2c965e,465,CSc1ccc(C=O)cc1,unlabeled
2767143051,50,95f10fffb85ea1b1f47a,466,CSc1ccc(C=O)cc1,unlabeled
2767143051,50,793d8259fd7820530cfe,467,Cc1ccccc1C=O,test
2767143051,50,13fb1511fffef8fc96e0,468,Cc1ccccc1C=O,gradient_train
2767143051,50,532a47d1b45e54d6326b,469,Cc1ccccc1C=O,unlabeled
2767143051,50,dcd70c2b5039c4268d56,470,Cc1ccccc1C=O,unlabeled
2767143051,50,22d860e7f246ca4272a4,471,Cc1ccccc1C=O,unlabeled
2767143051,50,f21df276243d861dc2b2,472,Cc1ccccc1C=O,test
2767143051,50,08820514e662ce6ea8f0,473,Cc1ccccc1C=O,test
2767143051,50,d60e09bca01342c7cfa6,474,O=Cc1ccc(Br)cc1O,unlabeled
2767143051,50,9dda290379fb047fc74d,475,O=Cc1ccc(Br)cc1O,unlabeled
2767143051,50,4a58b799c494875f6f27,476,O=Cc1ccc(Br)cc1O,unlabeled
2767143051,50,98a1ca00445d60f415d4,477,O=Cc1ccc(Br)cc1O,unlabeled
2767143051,50,ddecd252bb1099fb20f7,478,O=Cc1ccc(Br)cc1O,gradient_train
2767143051,50,226ebdbf914ce9333de8,479,O=Cc1ccc(Br)cc1O,test
2767143051,50,99dd4a9a47de5c84b7c0,480,O=Cc1ccc(Br)cc1O,unlabeled
2767143051,50,ecc7e2759499addc038f,481,CC(=O)c1ccc(Br)cc1,unlabeled
2767143051,50,66c1ee6eed3d1587de50,482,CC(=O)c1ccc(Br)cc1,unlabeled
2767143051,50,a26a131344d4dbd9645b,483,CC(=O)c1ccc(Br)cc1,unlabeled
2767143051,50,f0edd899ac987a1de9dd,484,CC(=O)c1ccc(Br)cc1,unlabeled
2767143051,50,0e13b08b0f9c772699e1,485,CC(=O)c1ccc(Br)cc1,unlabeled
2767143051,50,1254297404cc9db52ee2,486,CC(=O)c1ccc(Br)cc1,unlabeled
2767143051,50,bc8e1d805b36b63cbfbe,487,CC(=O)c1ccc(Br)cc1,test
2767143051,50,cd998cddd3dcb4fc8c92,488,O=C(Cc1ccccc1)c1ccccc1,unlabeled
2767143051,50,12e11e8eaee71fc57209,489,O=C(Cc1ccccc1)c1ccccc1,unlabeled
2767143051,50,054457c7699aabd6c619,490,O=C(Cc1ccccc1)c1ccccc1,unlabeled
2767143051,50,893e4c91da1b0b2f7d3e,491,O=C(Cc1ccccc1)c1ccccc1,unlabeled
2767143051,50,18e8a9c1ea6aa15c0d01,492,O=C(Cc1ccccc1)c1ccccc1,unlabeled
2767143051,50,bc582f1f4f4225f6d249,493,O=C(Cc1ccccc1)c1ccccc1,test
2767143051,50,d92ef85db0d1c0979197,494,O=C(Cc1ccccc1)c1ccccc1,test
2767143051,50,ddc0b27538aa926cbb6e,495,O=Cc1ccc(-c2ccccc2)cc1,unlabeled
2767143051,50,6dcfe9b1e0958f22523b,496,O=Cc1ccc(-c2ccccc2)cc1,unlabeled
2767143051,50,3cdf1bcd3739e20f72d2,497,O=Cc1ccc(-c2ccccc2)cc1,unlabeled
2767143051,50,a8e4c6001ce3245c634b,498,O=Cc1ccc(-c2ccccc2)cc1,test
2767143051,50,24b540d7814b4d9c5183,499,O=Cc1ccc(-c2ccccc2)cc1,unlabeled
2767143051,50,b0cadf050313e9a3a162,500,O=Cc1ccc(-c2ccccc2)cc1,test
2767143051,50,8837a8a19c37b63d2e48,501,O=Cc1ccc(-c2ccccc2)cc1,test
2767143051,50,23a832560d234735d954,502,O=Cc1ccc2ccccc2c1Br,unlabeled
2767143051,50,90777be8090491479de1,503,O=Cc1ccc2ccccc2c1Br,unlabeled
2767143051,50,926a7862066269f98d62,504,O=Cc1ccc2ccccc2c1Br,unlabeled
2767143051,50,2c51476c6fa3121c5dfc,505,O=Cc1ccc2ccccc2c1Br,unlabeled
2767143051,50,5a9449a7562d442b8669,506,O=Cc1ccc2ccccc2c1Br,unlabeled
2767143051,50,2cbca950d64fdcd81660,507,O=Cc1ccc2ccccc2c1Br,unlabeled
2767143051,50,fb1fdaa4bc60434648f7,508,O=Cc1ccc2ccccc2c1Br,unlabeled
2767143051,50,9e46dbe8a460d3f96a27,509,O=C(/C=C/c1ccccc1)c1ccccc1,gradient_train
2767143051,50,31e75b850983502aa64f,510,O=C(/C=C/c1ccccc1)c1ccccc1,unlabeled
2767143051,50,b566ed83f272904657ba,511,O=C(/C=C/c1ccccc1)c1ccccc1,unlabeled
2767143051,50,c2be1e8f7c2c080f49f5,512,O=C(/C=C/c1ccccc1)c1ccccc1,unlabeled
2767143051,50,fde2d968ab29d13d4f1d,513,O=C(/C=C/c1ccccc1)c1ccccc1,unlabeled
2767143051,50,240da69c823911ff5ccc,514,O=C(/C=C/c1ccccc1)c1ccccc1,unlabeled
2767143051,50,b2b26956a788c2a8c7e9,515,O=C(/C=C/c1ccccc1)c1ccccc1,unlabeled
2767143051,50,f3b80f5fe97d26fd8383,516,O=C(/C=C/c1ccccc1)/C=C/c1ccccc1,test
2767143051,50,d60f7e6b21ea96567843,517,O=C(/C=C/c1ccccc1)/C=C/c1ccccc1,unlabeled
2767143051,50,bb61793cbbbe2bfa4e12,518,O=C(/C=C/c1ccccc1)/C=C/c1ccccc1,test
2767143051,50,d078d930aa37448ec4aa,519,O=C(/C=C/c1ccccc1)/C=C/c1ccccc1,unlabeled
2767143051,50,8cd132f293d2823adc8d,520,O=C(/C=C/c1ccccc1)/C=C/c1ccccc1,unlabeled
2767143051,50,88f58ab7b7cf02f8f134,521,O=C(/C=C/c1ccccc1)/C=C/c1ccccc1,unlabeled
2767143051,50,17bdb259a18419ca296f,522,O=C(/C=C/c1ccccc1)/C=C/c1ccccc1,unlabeled
2767143051,50,77c599d272254892b6ec,523,CC1CCC(=O)c2ccccc21,unlabeled
2767143051,50,b393af61f6769ceccbc0,524,CC1CCC(=O)c2ccccc21,unlabeled
2767143051,50,49668be051b44a819f00,525,CC1CCC(=O)c2ccccc21,unlabeled
2767143051,50,ffa86b2ffa5ac89b0720,526,CC1CCC(=O)c2ccccc21,unlabeled
2767143051,50,43aa4f12be94a8a96b35,527,CC1CCC(=O)c2ccccc21,gradient_train
2767143051,50,c09fbafa246c8d17b677,528,CC1CCC(=O)c2ccccc21,unlabeled
2767143051,50,f38afd5febe30c01c852,529,CC1CCC(=O)c2ccccc21,test
2767143051,50,490ab56dde175e9b97f5,530,O=C(Cc1ccccc1F)C1CC1,unlabeled
2767143051,50,3156893d5d2368c286a5,531,O=C(Cc1ccccc1F)C1CC1,test
2767143051,50,5ca73775e77c8e07812b,532,O=C(Cc1ccccc1F)C1CC1,unlabeled
2767143051,50,e90e636dced92c2b53d7,533,O=C(Cc1ccccc1F)C1CC1,unlabeled
2767143051,50,21e4905ef98fba65035a,534,O=C(Cc1ccccc1F)C1CC1,validation
2767143051,50,2eda4e5a40a9021016cb,535,O=C(Cc1ccccc1F)C1CC1,unlabeled
2767143051,50,9c357cc9e9b8199eb1e0,536,O=C(Cc1ccccc1F)C1CC1,unlabeled
2767143051,50,51091e7a7f83732eaf1b,537,CCC(=O)c1cccc(Br)c1,unlabeled
2767143051,50,71577790a52cb379d81f,538,CCC(=O)c1cccc(Br)c1,unlabeled
2767143051,50,e3b2ac778da2b86aa873,539,CCC(=O)c1cccc(Br)c1,unlabeled
2767143051,50,1046fdfaf24728b107ba,540,CCC(=O)c1cccc(Br)c1,unlabeled
2767143051,50,2e10d8b186d86053260f,541,CCC(=O)c1cccc(Br)c1,unlabeled
2767143051,50,5111664a952a4ab7d54e,542,CCC(=O)c1cccc(Br)c1,gradient_train
2767143051,50,ffcab07e0d31056e0d4a,543,CCC(=O)c1cccc(Br)c1,unlabeled
2767143051,50,b6bb9be5584029502820,544,COCCCCC(=O)c1ccc(C(F)(F)F)cc1,unlabeled
2767143051,50,60a000cb56517513c4d2,545,COCCCCC(=O)c1ccc(C(F)(F)F)cc1,test
2767143051,50,677c30b5727454c7a81e,546,COCCCCC(=O)c1ccc(C(F)(F)F)cc1,unlabeled
2767143051,50,94bc1858c275dcb3d476,547,COCCCCC(=O)c1ccc(C(F)(F)F)cc1,test
2767143051,50,06c29062334b43b0d12f,548,COCCCCC(=O)c1ccc(C(F)(F)F)cc1,gradient_train
2767143051,50,80e66bd0e8e9450537bb,549,COCCCCC(=O)c1ccc(C(F)(F)F)cc1,unlabeled
2767143051,50,b82c7c8060589ec1974b,550,CCCC(=O)c1ccc(-c2ccccc2)cc1,unlabeled
2767143051,50,57e291b74a249c9dd3ff,551,CCCC(=O)c1ccc(-c2ccccc2)cc1,unlabeled
2767143051,50,7d6bcd84e5a6861fc8fc,552,CCCC(=O)c1ccc(-c2ccccc2)cc1,unlabeled
2767143051,50,2d37adf0d65a19bc2c0c,553,CCCC(=O)c1ccc(-c2ccccc2)cc1,unlabeled
2767143051,50,3c892a45de6ec4625f37,554,CCCC(=O)c1ccc(-c2ccccc2)cc1,gradient_train
2767143051,50,e2c826d98b2bbeb6f48b,555,CCCC(=O)c1ccc(-c2ccccc2)cc1,unlabeled
2767143051,50,ce61c0bd799e65402b75,556,CCCC(=O)c1ccc(-c2ccccc2)cc1,unlabeled
2767143051,50,0f05b5ba6eb528d54b4b,557,O=C(c1ccccc1)c1cccc(C(=O)c2ccccc2)c1,unlabeled
2767143051,50,c4412adf038c7f6ea3c2,558,O=C(c1ccccc1)c1cccc(C(=O)c2ccccc2)c1,unlabeled
2767143051,50,182fc7fe888dbb9535bb,559,O=C(c1ccccc1)c1cccc(C(=O)c2ccccc2)c1,unlabeled
2767143051,50,8abf9c0719e2d67a22f9,560,O=C(c1ccccc1)c1cccc(C(=O)c2ccccc2)c1,unlabeled
2767143051,50,b8a4c06710d95c33cfe1,561,O=C(c1ccccc1)c1cccc(C(=O)c2ccccc2)c1,unlabeled
2767143051,50,7e451fd74af5bfa51ac9,562,O=C(c1ccccc1)c1cccc(C(=O)c2ccccc2)c1,unlabeled
2767143051,50,07e9bc7a9d27fdd58c2f,563,O=C(c1ccccc1)c1cccc(C(=O)c2ccccc2)c1,unlabeled
2767143051,50,2f828b7aa8c3e93352da,564,CCC(=O)c1cccnc1,test
2767143051,50,4365d2fb106c18823aac,565,CCC(=O)c1cccnc1,test
2767143051,50,4c6a8ef1c87748df99f2,566,CCC(=O)c1cccnc1,unlabeled
2767143051,50,aca0ef1613a0a07a0431,567,O=C(CCCCl)c1ccc(F)cc1,unlabeled
2767143051,50,f98f5943ca73a5b809a1,568,O=C(CCCCl)c1ccc(F)cc1,unlabeled
2767143051,50,405638494c5a95206866,569,O=C(CCCCl)c1ccc(F)cc1,unlabeled
2767143051,50,76e188b0e48b99f36582,570,O=C(CCCCl)c1ccc(F)cc1,unlabeled
2767143051,50,26aa0143305ac532a560,571,O=C(CCCCl)c1ccc(F)cc1,unlabeled
2767143051,50,283be89c092cfa4a5cbb,572,O=C(CCCCl)c1ccc(F)cc1,unlabeled
2767143051,50,0ffc20c3f979502b8a09,573,O=C(CCCCl)c1ccc(F)cc1,unlabeled
2767143051,70,bbabdb9085edbb8c178b,0,CC(C)(CCl)c1ccccc1,unlabeled
2767143051,70,96dc3dc2ebd074200228,1,CC(C)(CCl)c1ccccc1,unlabeled
2767143051,70,6322e8f867a741eed74c,2,CC(C)(CCl)c1ccccc1,unlabeled
2767143051,70,c2b0aff65443af0a8618,3,CC(C)(CCl)c1ccccc1,test
2767143051,70,f4b69d88ad1d916ee71a,4,CC(C)(CCl)c1ccccc1,unlabeled
2767143051,70,0f3559d035355b0eec80,5,CC(C)(CCl)c1ccccc1,unlabeled
2767143051,70,d29a94054067cd60dd70,6,CC(C)(CCl)c1ccccc1,gradient_train
2767143051,70,31d92ca6486b229184cf,7,OCCCc1ccccc1,unlabeled
2767143051,70,8a84cca322477165b719,8,OCCCc1ccccc1,unlabeled
2767143051,70,9cf769277f6b42d15f11,9,OCCCc1ccccc1,gradient_train
2767143051,70,7a0a82051f50d5b0c89c,10,OCCCc1ccccc1,unlabeled
2767143051,70,c79f29f048bbfd157f98,11,BrCCCc1ccccc1,unlabeled
2767143051,70,df0074b49eeb620c0768,12,BrCCCc1ccccc1,gradient_train
2767143051,70,f0097bc6b7827ef65922,13,BrCCCc1ccccc1,unlabeled
2767143051,70,44348f5c4aea3b41ee9d,14,BrCCCc1ccccc1,gradient_train
2767143051,70,482cb91fac7f2a936dca,15,BrCCCc1ccccc1,unlabeled
2767143051,70,a5c6210123f05414ffc0,16,BrCCCc1ccccc1,gradient_train
2767143051,70,a82e55e1cd19814ea307,17,BrCCCc1ccccc1,unlabeled
2767143051,70,6ee3c70647b37dcd5417,18,ClCCCc1ccccc1,unlabeled
2767143051,70,2c7e37ef828eb17c78fb,19,ClCCCc1ccccc1,unlabeled
2767143051,70,7ab9c351196ad891e172,20,ClCCCc1ccccc1,unlabeled
2767143051,70,7062ca665af0f9bba6c9,21,ClCCCc1ccccc1,unlabeled
2767143051,70,6644e934f59d8b816b9f,22,ClCCCc1ccccc1,unlabeled
2767143051,70,8cc7c76a92a4474d7c6a,23,ClCCCc1ccccc1,unlabeled
2767143051,70,c883df6ea04f89f45f03,24,ClCCCc1ccccc1,unlabeled
2767143051,70,46ed1e35ca65ace74790,25,COc1ccc(CO)cc1,unlabeled
2767143051,70,ec581cec37da9563e756,26,COc1ccc(CO)cc1,unlabeled
2767143051,70,c2bd8e8f13a96726e7fc,27,COc1ccc(CO)cc1,unlabeled
2767143051,70,f1afcbd393ce4f5a6316,28,COc1ccc(CO)cc1,unlabeled
2767143051,70,2909efb29670d8f2286d,29,CCOC(=O)C(C)(C)Br,unlabeled
2767143051,70,56b391fdec7a2a622e52,30,CCOC(=O)C(C)(C)Br,unlabeled
2767143051,70,8a9485661ac2c4576006,31,CCOC(=O)C(C)(C)Br,unlabeled
2767143051,70,7f6d1cdee16de4a37a21,32,CCOC(=O)C(C)(C)Br,unlabeled
2767143051,70,fd7bf535ef538434b384,33,CCOC(=O)C(C)(C)Br,unlabeled
2767143051,70,651bb6b60c62819a4323,34,CCOC(=O)C(C)(C)Br,unlabeled
2767143051,70,2a61203b59218a3cbdc6,35,CCOC(=O)C(C)(C)Br,unlabeled
2767143051,70,6d6c0510303dec89b2fe,36,COc1ccc(C=O)cc1,gradient_train
2767143051,70,f81dc37125414986a0bb,37,COc1ccc(C=O)cc1,unlabeled
2767143051,70,400615278105cebb3ed9,38,COc1ccc(C=O)cc1,unlabeled
2767143051,70,5d04f6757b59f5c356bb,39,COc1ccc(C=O)cc1,unlabeled
2767143051,70,a074620f6970d8f89567,40,COc1ccc(C=O)cc1,gradient_train
2767143051,70,454c1ea3beebbec4befe,41,COc1ccc(C=O)cc1,unlabeled
2767143051,70,f95928e2618ed15e654f,42,COc1ccc(C=O)cc1,unlabeled
2767143051,70,3a02b99399bb0c3e9ff9,43,COC(=O)C#CC(=O)OC,unlabeled
2767143051,70,b80a4f9e4b61f534ee9e,44,COC(=O)C#CC(=O)OC,unlabeled
2767143051,70,2690de155843f45b00a3,45,COC(=O)C#CC(=O)OC,unlabeled
2767143051,70,549eb8499df5181b3558,46,COC(=O)C#CC(=O)OC,unlabeled
2767143051,70,02c141e2551937d10f4e,47,COC(=O)C#CC(=O)OC,unlabeled
2767143051,70,9069807baff6cbfbde75,48,COC(=O)C#CC(=O)OC,unlabeled
2767143051,70,1fe1163f7d97c16f3822,49,CC(=O)c1ccccc1,unlabeled
2767143051,70,1e86d81fe1995d367fe1,50,CC(=O)c1ccccc1,unlabeled
2767143051,70,614e6d0929b0845d454b,51,CC(=O)c1ccccc1,unlabeled
2767143051,70,358681452207464d171e,52,CC(=O)c1ccccc1,unlabeled
2767143051,70,c00e01085f35d19cd90f,53,CC(=O)c1ccccc1,unlabeled
2767143051,70,a542d702abb1fa77a6fc,54,CC(=O)c1ccccc1,validation
2767143051,70,77577e6f6f0aa6789972,55,CCOC(=O)C(C)Br,unlabeled
2767143051,70,298017c801a97653f57d,56,CCOC(=O)C(C)Br,unlabeled
2767143051,70,849796401ee485c617a5,57,CCOC(=O)C(C)Br,test
2767143051,70,67cc8304e3e618d7416a,58,CCOC(=O)C(C)Br,unlabeled
2767143051,70,c7bc53c45a1962a88ec3,59,CCOC(=O)C(C)Br,unlabeled
2767143051,70,76b9db19f45b8222d962,60,CCOC(=O)C(C)Br,test
2767143051,70,0279fb0f7dba4b54a816,61,CCOC(=O)CC(=O)c1ccccc1,unlabeled
2767143051,70,ca203ccf20ce8e74d86d,62,CCOC(=O)CC(=O)c1ccccc1,test
2767143051,70,029d48fc98a886c9fec4,63,CCOC(=O)CC(=O)c1ccccc1,unlabeled
2767143051,70,1e578360bd7749f6b397,64,CCOC(=O)CC(=O)c1ccccc1,unlabeled
2767143051,70,05c14d26f4aa6f7c48b0,65,CCOC(=O)CC(=O)c1ccccc1,unlabeled
2767143051,70,53d046afde1259a727f9,66,CCOC(=O)CC(=O)c1ccccc1,gradient_train
2767143051,70,35ba50ab027f5f170aba,67,CCOC(=O)CC(=O)c1ccccc1,unlabeled
2767143051,70,130d76d2d46a287c5dea,68,CC(=O)c1ccccc1C,unlabeled
2767143051,70,3ef4b1ab56fe40940b42,69,CC(=O)c1ccccc1C,gradient_train
2767143051,70,a340148c4096f80cc125,70,CC(=O)c1ccccc1C,unlabeled
2767143051,70,57af4b867d9cd419ebb9,71,CC(=O)c1ccccc1C,gradient_train
2767143051,70,ff8745125a0eeb17c1e5,72,CC(=O)c1ccccc1C,unlabeled
2767143051,70,41a468134f078d2de17d,73,CC(=O)c1ccccc1C,unlabeled
2767143051,70,b4899d5d03e44fbf885c,74,CC(=O)c1ccccc1C,unlabeled
2767143051,70,bd93eaa60288fd0d5e89,75,CC(=O)c1ccc(C)cc1,gradient_train
2767143051,70,2797757b00a9f254ef2e,76,CC(=O)c1ccc(C)cc1,unlabeled
2767143051,70,fad37552a4a2eae19961,77,CC(=O)c1ccc(C)cc1,unlabeled
2767143051,70,6936556d392803de12ed,78,CC(=O)c1ccc(C)cc1,gradient_train
2767143051,70,fd3f8b6ec11d13a8412d,79,CC(=O)c1ccc(C)cc1,gradient_train
2767143051,70,b71b23379d73c3637a76,80,CC(=O)c1ccc(C)cc1,unlabeled
2767143051,70,2a9d111386ac232bbf79,81,CC(=O)c1ccc(C)cc1,unlabeled
2767143051,70,ca00dd1990fd356443cb,82,COC(=O)c1ccccc1O,unlabeled
2767143051,70,924106530353757625ba,83,COC(=O)c1ccccc1O,test
2767143051,70,f0d3ae15346c6cb6928d,84,COC(=O)c1ccccc1O,unlabeled
2767143051,70,0b6fe9b9da26ddc80e99,85,COC(=O)c1ccccc1O,unlabeled
2767143051,70,a9a4b1ef530ce6f46a1c,86,COC(=O)c1ccccc1O,unlabeled
2767143051,70,f0245d145e2758fc9ff8,87,COC(=O)c1ccccc1O,unlabeled
2767143051,70,f33380e15f0fd8b62027,88,COC(=O)c1ccccc1O,unlabeled
2767143051,70,1773be1aaa4102ae19f0,89,CC(=O)CC(=O)OC(C)(C)C,unlabeled
2767143051,70,1895e2147dd146c4e564,90,CC(=O)CC(=O)OC(C)(C)C,unlabeled
2767143051,70,e7c8cd496e2795b23cb3,91,CC(=O)CC(=O)OC(C)(C)C,unlabeled
2767143051,70,60f64adee75a0999c5d5,92,CC(=O)CC(=O)OC(C)(C)C,unlabeled
2767143051,70,851993fe56d61c8bf074,93,CC(=O)CC(=O)OC(C)(C)C,unlabeled
2767143051,70,4e6d2ab0e823ac1d4b58,94,CC(=O)CC(=O)OC(C)(C)C,unlabeled
2767143051,70,452aebfcddc0b031c20d,95,CCOC(=O)Cc1ccccc1,unlabeled
2767143051,70,a67ee30ac22b3511e0af,96,CCOC(=O)Cc1ccccc1,test
2767143051,70,4c52102f0b5a693d59bc,97,CCOC(=O)Cc1ccccc1,unlabeled
2767143051,70,f21e8077ac7b6ec1d038,98,CCOC(=O)Cc1ccccc1,unlabeled
2767143051,70,982611df66af1cf7c2f5,99,CCOC(=O)Cc1ccccc1,unlabeled
2767143051,70,d9e344f199dc9a567b5f,100,CCOC(=O)Cc1ccccc1,unlabeled
2767143051,70,74706f7e5d10b9245796,101,CCOC(=O)Cc1ccccc1,unlabeled
2767143051,70,f5d7ae6c2608335325ff,102,COC(=O)c1ccccc1N,unlabeled
2767143051,70,f66e095007d9d0923ce2,103,COC(=O)c1ccccc1N,test
2767143051,70,c9a57e8accca7da9758b,104,COC(=O)c1ccccc1N,unlabeled
2767143051,70,f7b1b9737459397f9ace,105,COC(=O)c1ccccc1N,unlabeled
2767143051,70,68feec66f657364ebeaa,106,COC(=O)c1ccccc1N,unlabeled
2767143051,70,96ccc1b8240fc2e9c1f3,107,COC(=O)c1ccccc1N,unlabeled
2767143051,70,16eec4a03ec235274042,108,CCOC(=O)/C=C/c1ccccc1,unlabeled
2767143051,70,92e4f80b3943134ebe86,109,CCOC(=O)/C=C/c1ccccc1,unlabeled
2767143051,70,e15e8a4f329d3a08aff9,110,CCOC(=O)/C=C/c1ccccc1,unlabeled
2767143051,70,6cec450baf7517436df6,111,CCOC(=O)/C=C/c1ccccc1,unlabeled
2767143051,70,48b79e49508df9f5fd6d,112,CCOC(=O)/C=C/c1ccccc1,unlabeled
2767143051,70,404dc3e2801a9a9d52aa,113,CCOC(=O)/C=C/c1ccccc1,gradient_train
2767143051,70,c72867f0f2e38c70aa8c,114,CCOC(=O)/C=C/c1ccccc1,unlabeled
2767143051,70,d9d3d24a75ff511e108a,115,COC(=O)c1ccc(C(C)(C)C)cc1,unlabeled
2767143051,70,f40ca479a9e86b5d5458,116,COC(=O)c1ccc(C(C)(C)C)cc1,unlabeled
2767143051,70,b7770c04c72527e1d9f6,117,COC(=O)c1ccc(C(C)(C)C)cc1,test
2767143051,70,a433dc0f6a13e9ace41d,118,COC(=O)c1ccc(C(C)(C)C)cc1,unlabeled
2767143051,70,e399250d7156727de0fd,119,COC(=O)c1ccc(C(C)(C)C)cc1,unlabeled
2767143051,70,3122a2210bde68deb81e,120,COC(=O)c1ccc(C(C)(C)C)cc1,unlabeled
2767143051,70,c9460286f85a5ec0f4fc,121,COC(=O)c1ccc(C(C)(C)C)cc1,unlabeled
2767143051,70,13b0b7952199157a8399,122,CCOC(=O)/C=C(/C)N,gradient_train
2767143051,70,759d5133ee82740013bf,123,CCOC(=O)/C=C(/C)N,unlabeled
2767143051,70,c9bf385316b464cd2e8d,124,CCOC(=O)/C=C(/C)N,unlabeled
2767143051,70,f248b9b89d62a22b03c3,125,CCOC(=O)/C=C(/C)N,unlabeled
2767143051,70,10d51839b15b94f0ae56,126,CCOC(=O)/C=C(/C)N,unlabeled
2767143051,70,e66b24ec1e4dfa9a9a57,127,CCOC(=O)/C=C(/C)N,unlabeled
2767143051,70,506597d02ff322a77a8d,128,CCOC(=O)/C=C(/C)N,unlabeled
2767143051,70,d2951bd3bb1608688f0d,129,CCOC(=O)/C=C(/C)N,unlabeled
2767143051,70,7d3c6ef279245ca08a2f,130,CCOC(=O)/C=C(/C)N,unlabeled
2767143051,70,e6886d2fb3090517172b,131,CCOC(=O)/C=C(/C)N,unlabeled
2767143051,70,d31d42caff135d7154c4,132,CCOC(=O)/C=C(/C)N,unlabeled
2767143051,70,3d7aa38258001eb6ba67,133,CC(C)COC(=O)c1ccccc1,unlabeled
2767143051,70,b3409bbbf3b06d73afca,134,CC(C)COC(=O)c1ccccc1,gradient_train
2767143051,70,5ce75d3f6df6d318cb8a,135,CC(C)COC(=O)c1ccccc1,unlabeled
2767143051,70,28f4ab2563d03e831cf0,136,CC(C)COC(=O)c1ccccc1,unlabeled
2767143051,70,b95bbdf393e00f41a6df,137,CC(C)COC(=O)c1ccccc1,unlabeled
2767143051,70,1e73138aa057a5e2b67f,138,CC(C)COC(=O)c1ccccc1,gradient_train
2767143051,70,1319bf7018ee9b9a5b9f,139,CCOC(=O)c1ccccc1,unlabeled
2767143051,70,99398d649f02f80651f1,140,CCOC(=O)c1ccccc1,gradient_train
2767143051,70,240787bdbf2abc17e093,141,CCOC(=O)c1ccccc1,unlabeled
2767143051,70,4afc7ef2732850bea176,142,CCOC(=O)c1ccccc1,unlabeled
2767143051,70,181f6c7852b17df8f194,143,CCOC(=O)c1ccccc1,test
2767143051,70,474238f822b0c38795c6,144,CCOC(=O)c1ccccc1,unlabeled
2767143051,70,5eb80e21463443b22d14,145,CCOC(=O)c1ccccc1,unlabeled
2767143051,70,f6e991e3dc3a3d3c5d89,146,COc1ccc(CCO)cc1,unlabeled
2767143051,70,9991421da8e18008fc91,147,COc1ccc(CCO)cc1,unlabeled
2767143051,70,9e93bad2014e7ab1a680,148,COc1ccc(CCO)cc1,unlabeled
2767143051,70,3d5dc8831f4c74f7b7d1,149,COc1ccc(CCO)cc1,test
2767143051,70,d5a7e1d47a58e1323805,150,Cc1ccc(C(C)C)cc1,unlabeled
2767143051,70,5c32bb6f3bbf72dcb37e,151,Cc1ccc(C(C)C)cc1,unlabeled
2767143051,70,e545485bf1a51a3ea557,152,Cc1ccc(C(C)C)cc1,unlabeled
2767143051,70,8ea9d90b217f4096f42f,153,Cc1ccc(C(C)C)cc1,unlabeled
2767143051,70,9ed80c28328fabe87261,154,Cc1ccc(C(C)C)cc1,unlabeled
2767143051,70,f1ea027f4cb80b10d15b,155,Cc1ccc(C(C)C)cc1,unlabeled
2767143051,70,dcfc9eaebf799d451fdb,156,Cc1ccc(C(C)C)cc1,unlabeled
2767143051,70,6c1f19a34a40cbf98728,157,CC(C)(O)CCc1ccccc1,unlabeled
2767143051,70,cf45ee02778c0243ad50,158,CC(C)(O)CCc1ccccc1,validation
2767143051,70,88581d99a415bf271788,159,CC(C)(O)CCc1ccccc1,unlabeled
2767143051,70,8753ab545dd1cf036a3a,160,CC(C)(O)CCc1ccccc1,unlabeled
2767143051,70,d59d233a1606de5b6deb,161,CC(C)(O)CCc1ccccc1,unlabeled
2767143051,70,964a62fb7d677de0f711,162,CC(C)CCOC(=O)c1ccccc1,unlabeled
2767143051,70,f35f8782c107387233ed,163,CC(C)CCOC(=O)c1ccccc1,unlabeled
2767143051,70,4d602abaaf336ac523e4,164,CC(C)CCOC(=O)c1ccccc1,test
2767143051,70,4768b747981033fbdf34,165,CC(C)CCOC(=O)c1ccccc1,gradient_train
2767143051,70,3df34ab1c0d58c86999e,166,CC(C)CCOC(=O)c1ccccc1,unlabeled
2767143051,70,8b67a1246fe892b6581d,167,CC(C)CCOC(=O)c1ccccc1,unlabeled
2767143051,70,2bafcbea1bb66eb60a71,168,CC(C)CCOC(=O)c1ccccc1,unlabeled
2767143051,70,2beadb75e05408973f02,169,CCOC(=O)/C=C/c1ccccc1,unlabeled
2767143051,70,dd7cae2667a1348a2caf,170,CCOC(=O)/C=C/c1ccccc1,test
2767143051,70,56f1cecfc0c6c3d224be,171,CCOC(=O)/C=C/c1ccccc1,unlabeled
2767143051,70,6278b7d64a22dbe3844e,172,CCOC(=O)/C=C/c1ccccc1,gradient_train
2767143051,70,a75e421e756083edea35,173,CCOC(=O)/C=C/c1ccccc1,unlabeled
2767143051,70,c9f7ab78e90454873661,174,CCOC(=O)/C=C/c1ccccc1,gradient_train
2767143051,70,b36d7c12e6d3072467ee,175,CCOC(=O)/C=C/c1ccccc1,gradient_train
2767143051,70,5dc7d31c57624ac47575,176,COc1ccc(C)cc1OC,unlabeled
2767143051,70,7dea14d96460814919d3,177,COc1ccc(C)cc1OC,unlabeled
2767143051,70,83a16763654b3b743265,178,COc1ccc(C)cc1OC,unlabeled
2767143051,70,ee96bcc328a38cb12519,179,COc1ccc(C)cc1OC,unlabeled
2767143051,70,62763fd48ebc7554402f,180,COc1ccc(C)cc1OC,unlabeled
2767143051,70,dd29d0f859e11f70f4ec,181,COc1ccc(C)cc1OC,unlabeled
2767143051,70,826e9f40c328ce2478ec,182,COc1ccc(C)cc1OC,unlabeled
2767143051,70,2e684264400b651dae88,183,C1=Cc2ccccc2C1,unlabeled
2767143051,70,e4f37e6e6def0eec724a,184,C1=Cc2ccccc2C1,unlabeled
2767143051,70,fda6d7aa920e5400a222,185,C1=Cc2ccccc2C1,unlabeled
2767143051,70,ee0eba88726c692c7f0c,186,C1=Cc2ccccc2C1,unlabeled
2767143051,70,c438c37de3a60de0e84a,187,C1=Cc2ccccc2C1,unlabeled
2767143051,70,f51bc35441c8ba7713b6,188,C1=Cc2ccccc2C1,unlabeled
2767143051,70,cb1bb21d54890633943c,189,C1=Cc2ccccc2C1,test
2767143051,70,2e561b136ec088ba3eff,190,Cc1ccc(C)cc1,unlabeled
2767143051,70,0d6f66d7971473a2cef9,191,Cc1ccc(C)cc1,gradient_train
2767143051,70,6950f8ebe95298defec5,192,Cc1ccc(C)cc1,unlabeled
2767143051,70,1837a52df085e2fc70d1,193,Cc1ccc(C)cc1,unlabeled
2767143051,70,8067767b73f132489d46,194,Cc1ccc(C)cc1,unlabeled
2767143051,70,bc3f10fed296515e66e5,195,Cc1ccc(C)cc1,unlabeled
2767143051,70,369517a8e4fab7d4e0e5,196,Cc1ccc(C)cc1,unlabeled
2767143051,70,acc1a540efdb60e4fa76,197,ClCCc1ccccc1,unlabeled
2767143051,70,b849b02cc7a096ff6f6a,198,ClCCc1ccccc1,unlabeled
2767143051,70,75b105d94d176eec90ba,199,ClCCc1ccccc1,unlabeled
2767143051,70,4699975b36aa2351be18,200,ClCCc1ccccc1,unlabeled
2767143051,70,a2ecd7c05da585c2a35e,201,ClCCc1ccccc1,unlabeled
2767143051,70,82843c7e3b9005c1abb0,202,ClCCc1ccccc1,unlabeled
2767143051,70,216e9e13c0587f197c0b,203,ClCCc1ccccc1,unlabeled
2767143051,70,31162ac7e21c9688cbdc,204,CC(O)c1ccccc1,unlabeled
2767143051,70,82ffe9abc3d02f4b970f,205,CC(O)c1ccccc1,unlabeled
2767143051,70,35eae227e68fe7434e68,206,CC(O)c1ccccc1,unlabeled
2767143051,70,82b6a0a8f122317d79d4,207,CC(O)c1ccccc1,unlabeled
2767143051,70,9b28c23ad1d4dda9fe1a,208,CC(O)c1ccccc1,gradient_train
2767143051,70,4455212440cbaf6d51e2,209,COc1ccccc1,unlabeled
2767143051,70,fcea8574ae051fe11483,210,COc1ccccc1,unlabeled
2767143051,70,04d4a16ff682bc7c55c8,211,COc1ccccc1,unlabeled
2767143051,70,62ca5eadee5ef28e9aeb,212,COc1ccccc1,unlabeled
2767143051,70,42f031acb8211bfbf67f,213,COc1ccccc1,unlabeled
2767143051,70,472b8f06caf25ffe6c7a,214,COc1ccccc1,test
2767143051,70,d532e4ccbab971232d40,215,COc1ccccc1,unlabeled
2767143051,70,bae9f1ce7c04e7ccf16b,216,CCOC(=O)C(Br)C(=O)OCC,unlabeled
2767143051,70,fc58ac30a03fcb0ec051,217,CCOC(=O)C(Br)C(=O)OCC,unlabeled
2767143051,70,c4b569d1149e4ec87b12,218,CCOC(=O)C(Br)C(=O)OCC,unlabeled
2767143051,70,53d7fb31d852cbb33059,219,CCOC(=O)C(Br)C(=O)OCC,unlabeled
2767143051,70,265addbdd355a85c628d,220,CCOC(=O)C(Br)C(=O)OCC,unlabeled
2767143051,70,b07e3b186c5f9a698624,221,CCOC(=O)C(Br)C(=O)OCC,unlabeled
2767143051,70,28c4b7ec4bf7f486b68c,222,CCOC(=O)C(Br)C(=O)OCC,unlabeled
2767143051,70,c9d7d885160197c7f67c,223,c1ccc(COCc2ccccc2)cc1,unlabeled
2767143051,70,e2869f5cf5635b6ae9c1,224,c1ccc(COCc2ccccc2)cc1,unlabeled
2767143051,70,49865eda3c0e936157be,225,c1ccc(COCc2ccccc2)cc1,gradient_train
2767143051,70,d26cffd9ef4da9800470,226,c1ccc(COCc2ccccc2)cc1,unlabeled
2767143051,70,ce9ac115ce41ab41f01d,227,c1ccc(COCc2ccccc2)cc1,unlabeled
2767143051,70,b2b5155e06ff9134c6a4,228,c1ccc(COCc2ccccc2)cc1,test
2767143051,70,f1aabb6243aed53011cb,229,c1ccc(COCc2ccccc2)cc1,unlabeled
2767143051,70,ebc9c107c2207e99cf79,230,CCOC(=O)CC(C)=O,unlabeled
2767143051,70,f373e0ffa24cb51dd13a,231,CCOC(=O)CC(C)=O,test
2767143051,70,bcb35848089ca50a1eef,232,CCOC(=O)CC(C)=O,unlabeled
2767143051,70,ef8527c6b63d54b73966,233,CCOC(=O)CC(C)=O,gradient_train
2767143051,70,86f385aa0925171d22cc,234,CCOC(=O)CC(C)=O,unlabeled
2767143051,70,9c7a6ce4172638d2abc7,235,CCOC(=O)CC(C)=O,unlabeled
2767143051,70,982585c1a4e89f10713f,236,O=CCCc1ccccc1,unlabeled
2767143051,70,36af0c588eb2e094a55e,237,O=CCCc1ccccc1,gradient_train
2767143051,70,afcb9ffea06f12f9e0f5,238,O=CCCc1ccccc1,unlabeled
2767143051,70,e584c52185ccefd22a26,239,O=CCCc1ccccc1,unlabeled
2767143051,70,39e40f336da135e6a7b5,240,O=CCCc1ccccc1,unlabeled
2767143051,70,e3c9408f01aa7642870f,241,O=CCCc1ccccc1,unlabeled
2767143051,70,155ad3f702726e253c4d,242,O=CCCc1ccccc1,unlabeled
2767143051,70,f84aa17604ca7f927b8c,243,C=CC(=O)OCCOc1ccccc1,test
2767143051,70,6b8023df74ccc51e5c76,244,C=CC(=O)OCCOc1ccccc1,unlabeled
2767143051,70,b056b793f5b571e6cdee,245,C=CC(=O)OCCOc1ccccc1,unlabeled
2767143051,70,934f00061cc32bab10e8,246,C=CC(=O)OCCOc1ccccc1,unlabeled
2767143051,70,b983d4c3094d909b570e,247,C=CC(=O)OCCOc1ccccc1,unlabeled
2767143051,70,b6f53d16978daf702470,248,C=CC(=O)OCCOc1ccccc1,unlabeled
2767143051,70,9563dde5c28fb62e4f7e,249,C=CC(=O)OCCOc1ccccc1,validation
2767143051,70,de2563a5f711307823f1,250,C=CC(=O)OC1CCCCC1,unlabeled
2767143051,70,e2e681b0653ec64f7c14,251,C=CC(=O)OC1CCCCC1,gradient_train
2767143051,70,fbf392edaddff6347b58,252,C=CC(=O)OC1CCCCC1,gradient_train
2767143051,70,3955ae590ac179d279b6,253,C=CC(=O)OC1CCCCC1,unlabeled
2767143051,70,db51f6df02555cb9c264,254,C=CC(=O)OC1CCCCC1,gradient_train
2767143051,70,2195290d04210cdb253f,255,C=CC(=O)OC1CCCCC1,unlabeled
2767143051,70,8063e3de9de70b75def1,256,C=CC(=O)OC1CCCCC1,unlabeled
2767143051,70,88771c5c64ed839a4436,257,C=CC(=O)OCc1ccccc1,unlabeled
2767143051,70,b5365d56777fde5c4dfc,258,C=CC(=O)OCc1ccccc1,unlabeled
2767143051,70,4513e318c9d037303b13,259,C=CC(=O)OCc1ccccc1,test
2767143051,70,efca00a284b2cadc5737,260,C=CC(=O)OCc1ccccc1,unlabeled
2767143051,70,b473ef06a415d0f114b0,261,C=CC(=O)OCc1ccccc1,unlabeled
2767143051,70,df02863943321996441f,262,C=CC(=O)OCc1ccccc1,gradient_train
2767143051,70,194278dd9ee3d2407ed5,263,C=CC(=O)OCc1ccccc1,gradient_train
2767143051,70,cc31b914acbab022eb9a,264,COC(=O)C(C)(C)Br,unlabeled
2767143051,70,a9eea85ddeee2da33706,265,COC(=O)C(C)(C)Br,unlabeled
2767143051,70,640353c89b3ce64ee98b,266,COC(=O)C(C)(C)Br,unlabeled
2767143051,70,b11bb6293c307f7f7282,267,COC(=O)C(C)(C)Br,unlabeled
2767143051,70,77b0577e6b0adb649e63,268,COC(=O)C(C)(C)Br,unlabeled
2767143051,70,543561ac99bc28db6f2f,269,COC(=O)C(C)(C)Br,test
2767143051,70,056255620b7acc9c630f,270,COC(=O)C(C)(C)Br,unlabeled
2767143051,70,7b1589ae321d27608509,271,COC(=O)CS,unlabeled
2767143051,70,0fee19a828ef997229fd,272,COC(=O)CS,unlabeled
2767143051,70,222dede783147d5efa63,273,COC(=O)CS,unlabeled
2767143051,70,d9a40ac35b79fbcf214a,274,COC(=O)CS,unlabeled
2767143051,70,aaf22f8324aad12a55fa,275,COC(=O)CS,gradient_train
2767143051,70,a9bfabe931467745353e,276,COC(=O)CS,unlabeled
2767143051,70,be7d68067464e72d0b8d,277,COC(=O)CS,unlabeled
2767143051,70,b418a712463f5abf8b81,278,CC(=O)CCCCl,unlabeled
2767143051,70,850a69ce73ac04035aa3,279,CC(=O)CCCCl,unlabeled
2767143051,70,7c4153fe9561da818ae1,280,CC(=O)CCCCl,gradient_train
2767143051,70,a67016d937c499be9d64,281,CC(C)=CCBr,unlabeled
2767143051,70,4559d83db38cc3c39d13,282,CC(C)=CCBr,validation
2767143051,70,bf8409f12dae2388c6a0,283,CC(C)=CCBr,gradient_train
2767143051,70,832899abb44b8d2246cd,284,CC(C)=CCBr,test
2767143051,70,5729cc87eb48a75655ad,285,CC(C)=CCBr,unlabeled
2767143051,70,adb6d48eec0fb576d7fc,286,CC(C)=CCBr,unlabeled
2767143051,70,bc789871fe39d967a9e0,287,CC(C)=CCBr,test
2767143051,70,fff65bc451d163b1b106,288,C=CC(=O)OCCCCCCCCCCCC,unlabeled
2767143051,70,c761659793c5929e2214,289,C=CC(=O)OCCCCCCCCCCCC,unlabeled
2767143051,70,4c7d7c5f8b0c317c5548,290,C=CC(=O)OCCCCCCCCCCCC,unlabeled
2767143051,70,a9656ffd805f80fcf143,291,C=CC(=O)OCCCCCCCCCCCC,unlabeled
2767143051,70,da10d2f67a989e8b16b5,292,C=CC(=O)OCCCCCCCCCCCC,unlabeled
2767143051,70,7ca22b2f4d23a7afb10e,293,C=CC(=O)OCCCCCCCCCCCC,unlabeled
2767143051,70,38f57a9d08efd5f070d0,294,C=CC(=O)OCCCCCCCCCCCC,gradient_train
2767143051,70,1619a0c8b233772ba0c0,295,C=CC(=O)O[C@@H]1C[C@H]2CC[C@]1(C)C2(C)C,unlabeled
2767143051,70,0b9968c1280b5e4f726a,296,C=CC(=O)O[C@@H]1C[C@H]2CC[C@]1(C)C2(C)C,unlabeled
2767143051,70,0d5196ceda603b66bd22,297,C=CC(=O)O[C@@H]1C[C@H]2CC[C@]1(C)C2(C)C,validation
2767143051,70,244e5c6375ff0c923725,298,C=CC(=O)O[C@@H]1C[C@H]2CC[C@]1(C)C2(C)C,gradient_train
2767143051,70,4f34bbce67c94a44318a,299,C=CC(=O)O[C@@H]1C[C@H]2CC[C@]1(C)C2(C)C,unlabeled
2767143051,70,0f8a39d1c0a7eaf35c75,300,C=CC(=O)O[C@@H]1C[C@H]2CC[C@]1(C)C2(C)C,validation
2767143051,70,6de4f7fd8ac19d183348,301,C=CC(=O)O[C@@H]1C[C@H]2CC[C@]1(C)C2(C)C,unlabeled
2767143051,70,8bac25cfab022a9fb887,302,C=CC(=O)OCC(CC)CCCC,unlabeled
2767143051,70,aeef2128392508cc81cc,303,C=CC(=O)OCC(CC)CCCC,test
2767143051,70,a2eefb55da4d47a4347b,304,C=CC(=O)OCC(CC)CCCC,unlabeled
2767143051,70,3c7f7a7105a5eb39ca89,305,C=CC(=O)OCC(CC)CCCC,unlabeled
2767143051,70,2bf67acb4c861cf83990,306,C=CC(=O)OCC(CC)CCCC,gradient_train
2767143051,70,d67e364fd6830aa2bf6f,307,C=CC(=O)OCC(CC)CCCC,unlabeled
2767143051,70,84caf30ea66b29e2ea91,308,C=CC(=O)OCC(CC)CCCC,unlabeled
2767143051,70,1bd5bb3744b78ada7307,309,FC(F)(F)c1cc(Br)cc(C(F)(F)F)c1,gradient_train
2767143051,70,dd7fdbe3fa3800e6499f,310,FC(F)(F)c1cc(Br)cc(C(F)(F)F)c1,unlabeled
2767143051,70,ab84efb31c801e49c87c,311,FC(F)(F)c1cc(Br)cc(C(F)(F)F)c1,unlabeled
2767143051,70,69f6dbdc304c0475f868,312,FC(F)(F)c1cc(Br)cc(C(F)(F)F)c1,unlabeled
2767143051,70,a43656cab81e1b0fcccf,313,FC(F)(F)c1cc(Br)cc(C(F)(F)F)c1,gradient_train
2767143051,70,bcf8bb13e4fca185fe68,314,FC(F)(F)c1cc(Br)cc(C(F)(F)F)c1,test
2767143051,70,fe71f29c800d4ee35138,315,FC(F)(F)c1cc(Br)cc(C(F)(F)F)c1,unlabeled
2767143051,70,2416be80d114ff60224d,316,O=Cc1ccc(Cl)cc1Br,unlabeled
2767143051,70,9201cead3641f52a1f20,317,O=Cc1ccc(Cl)cc1Br,unlabeled
2767143051,70,49276f9b1cc72d41bbfd,318,O=Cc1ccc(Cl)cc1Br,unlabeled
2767143051,70,6cb8bbf843e6064ce249,319,O=Cc1ccc(Cl)cc1Br,unlabeled
2767143051,70,a6b1d92e3de602f8963c,320,O=Cc1ccc(Cl)cc1Br,unlabeled
2767143051,70,135ac7deca522d1e7929,321,O=Cc1ccc(Cl)cc1Br,unlabeled
2767143051,70,0f3bd8418ab9ba9d1ed2,322,O=Cc1ccc(Cl)cc1Br,unlabeled
2767143051,70,6cd5860914563da59932,323,O=Cc1ccc2c(c1)CCO2,unlabeled
2767143051,70,5179c3962ada5450dde7,324,O=Cc1ccc2c(c1)CCO2,gradient_train
2767143051,70,ad45b4b8aaed2c2b0b33,325,O=Cc1ccc2c(c1)CCO2,unlabeled
2767143051,70,6c8de7fb3dbd4f5adabf,326,O=Cc1ccc2c(c1)CCO2,gradient_train
2767143051,70,f72724ff299c47641488,327,COc1cc(F)cc(Br)c1,unlabeled
2767143051,70,2cde006ff48a36a368d2,328,COc1cc(F)cc(Br)c1,gradient_train
2767143051,70,09879f6853acb50e1280,329,COc1cc(F)cc(Br)c1,unlabeled
2767143051,70,cd492dbc52d170e5a396,330,COc1cc(F)cc(Br)c1,unlabeled
2767143051,70,e1244cc412f81ac11bd3,331,COc1cc(F)cc(Br)c1,unlabeled
2767143051,70,69bed1df8dc3cf82927c,332,COc1cc(F)cc(Br)c1,test
2767143051,70,adc9f476f8b5d66fa85d,333,COc1cc(F)cc(Br)c1,unlabeled
2767143051,70,e7e3cdff8a4b43574b19,334,CC(C)(C)c1cc(C=O)cc(C(C)(C)C)c1,unlabeled
2767143051,70,22fcaa293d9525e1f4e7,335,CC(C)(C)c1cc(C=O)cc(C(C)(C)C)c1,unlabeled
2767143051,70,5965305884ee5fba94d8,336,CC(C)(C)c1cc(C=O)cc(C(C)(C)C)c1,unlabeled
2767143051,70,556baeed852270e9c0fc,337,CC(C)(C)c1cc(C=O)cc(C(C)(C)C)c1,unlabeled
2767143051,70,376fc6387117429bcb19,338,CC(C)(C)c1cc(C=O)cc(C(C)(C)C)c1,unlabeled
2767143051,70,3fbc880a145bcc2155c9,339,CC(C)(C)c1cc(C=O)cc(C(C)(C)C)c1,unlabeled
2767143051,70,2964279ae2fd8a820ae1,340,CC(C)(C)c1cc(C=O)cc(C(C)(C)C)c1,unlabeled
2767143051,70,c084940b1be4fa61738d,341,COc1cc(Br)cc(OC)c1,unlabeled
2767143051,70,deac65153d9204a230ec,342,COc1cc(Br)cc(OC)c1,test
2767143051,70,b5f0b6271cd244ade9a3,343,COc1cc(Br)cc(OC)c1,test
2767143051,70,79723584590c0a689474,344,COc1cc(Br)cc(OC)c1,unlabeled
2767143051,70,984bc17b1da105c753eb,345,COc1cc(Br)cc(OC)c1,unlabeled
2767143051,70,1b7e334ea83516d08ff5,346,COc1cc(Br)cc(OC)c1,unlabeled
2767143051,70,b8018c4bdaadd42a057a,347,COc1cc(Br)cc(OC)c1,test
2767143051,70,3b03dfa8ff44ff554734,348,O=Cc1cc(Br)ccc1O,gradient_train
2767143051,70,167f49f748fa35bdb29e,349,O=Cc1cc(Br)ccc1O,unlabeled
2767143051,70,7e19b816ecd8282ce2a1,350,O=Cc1cc(Br)ccc1O,validation
2767143051,70,0dffde5d00d50ee96173,351,O=Cc1cc(Br)ccc1O,test
2767143051,70,65bfb38b53dd53bc4f4c,352,O=Cc1cc(Br)ccc1O,unlabeled
2767143051,70,e79c5aedcfa41a5f23c9,353,O=Cc1cc(Br)ccc1O,unlabeled
2767143051,70,27b234a05f8c66fd059f,354,O=Cc1cc(Br)ccc1O,unlabeled
2767143051,70,1bf52d57e3b0d9ef0662,355,Cc1ccc(Cl)cc1Br,unlabeled
2767143051,70,867407c66038f21466a8,356,Cc1ccc(Cl)cc1Br,unlabeled
2767143051,70,fb19bbc052a528249f36,357,Cc1ccc(Cl)cc1Br,unlabeled
2767143051,70,13bebd0b1ab22fc7e93b,358,Cc1ccc(Cl)cc1Br,unlabeled
2767143051,70,c1b4c0f7481c01c40ec6,359,Cc1ccc(Cl)cc1Br,unlabeled
2767143051,70,bb159f5b8695e842d4ff,360,Cc1ccc(Cl)cc1Br,unlabeled
2767143051,70,ce70dba7026ce0b64f62,361,Cc1ccc(Cl)cc1Br,test
2767143051,70,a5ea3136b642f8a49607,362,N#Cc1ccccc1Br,test
2767143051,70,8671b386166171ebd7f7,363,N#Cc1ccccc1Br,unlabeled
2767143051,70,d344b363b8c01e73a6fa,364,N#Cc1ccccc1Br,unlabeled
2767143051,70,70e13ddfe9e6cc9b0f56,365,N#Cc1ccccc1Br,unlabeled
2767143051,70,35046c5ff35d8c8617bb,366,N#Cc1ccccc1Br,unlabeled
2767143051,70,848f6c84b4d5fc44c3c2,367,N#Cc1ccccc1Br,unlabeled
2767143051,70,0974fc9cbeb3820c4065,368,Cc1ccc(C=O)c(C)c1,unlabeled
2767143051,70,bc486e940c369b85ce28,369,Cc1ccc(C=O)c(C)c1,unlabeled
2767143051,70,9a29b268530b7a3321a0,370,Cc1ccc(C=O)c(C)c1,unlabeled
2767143051,70,51394d9af7adc7eff816,371,Cc1ccc(C=O)c(C)c1,unlabeled
2767143051,70,5cbed870fef2de105046,372,Cc1ccc(C=O)c(C)c1,unlabeled
2767143051,70,dbb854b36df7ed31d95f,373,Cc1ccc(C=O)c(C)c1,unlabeled
2767143051,70,0c0f89307cc4aff87ab6,374,Cc1ccc(C=O)c(C)c1,gradient_train
2767143051,70,a5d9706079ccfee3bdf4,375,COCCOC(=O)CC(C)=O,unlabeled
2767143051,70,bacef06b4d4d7374a4e4,376,COCCOC(=O)CC(C)=O,unlabeled
2767143051,70,74097878150c8a5a8d79,377,COCCOC(=O)CC(C)=O,unlabeled
2767143051,70,47404d0982a587f0393e,378,COCCOC(=O)CC(C)=O,unlabeled
2767143051,70,fb80794857ddc46e142c,379,CC(=O)c1ccc2c(c1)OCO2,unlabeled
2767143051,70,6f34563b6236c57b9c60,380,CC(=O)c1ccc2c(c1)OCO2,unlabeled
2767143051,70,147b560e4c606680c7b2,381,CC(=O)c1ccc2c(c1)OCO2,test
2767143051,70,7396668aaa8d372aa464,382,CC(=O)c1ccc2c(c1)OCO2,test
2767143051,70,78b04c44dfa852f4e621,383,CC(=O)c1ccc2c(c1)OCO2,gradient_train
2767143051,70,f191e08b3e95928a5423,384,CC(=O)c1ccc2c(c1)OCO2,unlabeled
2767143051,70,f5634113e0822bda1c03,385,CC(=O)c1ccc2c(c1)OCO2,gradient_train
2767143051,70,45264f1c88b241fb888c,386,CC(=O)c1c(C)cc(C)cc1C,unlabeled
2767143051,70,7b0fa77cbbcbd8e7c87a,387,CC(=O)c1c(C)cc(C)cc1C,unlabeled
2767143051,70,c514f60c28973fc116c5,388,CC(=O)c1c(C)cc(C)cc1C,unlabeled
2767143051,70,b63d546347919cb66716,389,CC(=O)c1c(C)cc(C)cc1C,test
2767143051,70,823c667f35cddfcbc346,390,CC(=O)c1c(C)cc(C)cc1C,test
2767143051,70,d2955aa36bd2b103c981,391,CC(=O)c1c(C)cc(C)cc1C,unlabeled
2767143051,70,4ce730c9ad4e20a0386e,392,CC(=O)c1c(C)cc(C)cc1C,gradient_train
2767143051,70,f3531a1565c8159ac5e2,393,CC(=O)c1ccc(C)cc1C,unlabeled
2767143051,70,c359fd726e50e2123f43,394,CC(=O)c1ccc(C)cc1C,unlabeled
2767143051,70,a9a623a9853c6b493ce4,395,CC(=O)c1ccc(C)cc1C,unlabeled
2767143051,70,784ca4af1517dac8cd11,396,CC(=O)c1ccc(C)cc1C,unlabeled
2767143051,70,4c36e8e7d179b4bfa11a,397,CC(=O)c1ccc(C)cc1C,gradient_train
2767143051,70,77fe8c752e01feedccfa,398,CC(=O)c1ccc(C)cc1C,unlabeled
2767143051,70,0a1949b42050f41b0db4,399,CC(=O)c1ccc(C)cc1C,unlabeled
2767143051,70,118d66c0e53f510c51ed,400,CC(=O)c1ccc2c(c1)Cc1ccccc1-2,unlabeled
2767143051,70,38aa81d53a6b39e9d8ef,401,CC(=O)c1ccc2c(c1)Cc1ccccc1-2,unlabeled
2767143051,70,c780d2f5194817087e07,402,CC(=O)c1ccc2c(c1)Cc1ccccc1-2,unlabeled
2767143051,70,546046afb5114d631360,403,CC(=O)c1ccc2c(c1)Cc1ccccc1-2,test
2767143051,70,dc9f747c03c55d77bf72,404,BrC(=C(c1ccccc1)c1ccccc1)c1ccccc1,test
2767143051,70,d29c00125d1c5dc55586,405,BrC(=C(c1ccccc1)c1ccccc1)c1ccccc1,unlabeled
2767143051,70,509e53644c411798f5b0,406,BrC(=C(c1ccccc1)c1ccccc1)c1ccccc1,unlabeled
2767143051,70,5ac5df671efee45d3ddf,407,BrC(=C(c1ccccc1)c1ccccc1)c1ccccc1,unlabeled
2767143051,70,1e8c03a5d84f08329475,408,BrC(=C(c1ccccc1)c1ccccc1)c1ccccc1,unlabeled
2767143051,70,a7f9a08159d001c30f67,409,BrC(=C(c1ccccc1)c1ccccc1)c1ccccc1,unlabeled
2767143051,70,97feb43dae8371e80d3b,410,BrC(=C(c1ccccc1)c1ccccc1)c1ccccc1,unlabeled
2767143051,70,2f612d3ec5e270672ad1,411,C/C(=N\O)c1ccccc1,gradient_train
2767143051,70,b089551184e4d70e386d,412,C/C(=N\O)c1ccccc1,unlabeled
2767143051,70,95f7b6c8f44b25feade0,413,C/C(=N\O)c1ccccc1,unlabeled
2767143051,70,b0f39affa1970d2700b7,414,C/C(=N\O)c1ccccc1,unlabeled
2767143051,70,af2973fb82b6d79d8c5e,415,C/C(=N\O)c1ccccc1,unlabeled
2767143051,70,3545611fd9950a160288,416,C/C(=N\O)c1ccccc1,unlabeled
2767143051,70,786c4179676f46638e4a,417,O=C(c1ccccc1)c1ccc(Cl)cc1,unlabeled
2767143051,70,937105af8867732c56ec,418,O=C(c1ccccc1)c1ccc(Cl)cc1,test
2767143051,70,711f210d4869259d0651,419,O=C(c1ccccc1)c1ccc(Cl)cc1,unlabeled
2767143051,70,26bb8ff67b7738527484,420,O=C(c1ccccc1)c1ccc(Cl)cc1,unlabeled
2767143051,70,6624c43f78e6697c8ac9,421,O=C(c1ccccc1)c1ccc(Cl)cc1,unlabeled
2767143051,70,f9b97e958092bd5cb81a,422,O=C(c1ccccc1)c1ccc(Cl)cc1,unlabeled
2767143051,70,2d53109003f718b780fa,423,Cc1ccc(C(=O)c2ccccc2)cc1C,unlabeled
2767143051,70,b9b624baffe611c30836,424,Cc1ccc(C(=O)c2ccccc2)cc1C,test
2767143051,70,f8a590eaa91d155f61da,425,Cc1ccc(C(=O)c2ccccc2)cc1C,test
2767143051,70,2fcaa537474ba2ae579f,426,Cc1ccc(C(=O)c2ccccc2)cc1C,gradient_train
2767143051,70,d914e4c833f2df567cac,427,Cc1ccc(C(=O)c2ccccc2)cc1C,unlabeled
2767143051,70,5048acae682925888d12,428,Cc1ccc(C(=O)c2ccccc2)cc1C,unlabeled
2767143051,70,41927f703a0632f098fb,429,CC(=O)CC(=O)c1ccccc1,unlabeled
2767143051,70,760d0bf0ec31747d3969,430,CC(=O)CC(=O)c1ccccc1,unlabeled
2767143051,70,d71aab82a8179d05294a,431,CC(=O)CC(=O)c1ccccc1,unlabeled
2767143051,70,25ffb25df5bec65a633b,432,CC(=O)CC(=O)c1ccccc1,unlabeled
2767143051,70,92d69b1849c34b7f1a80,433,CCOC(=O)C(Cc1ccccc1)C(C)=O,unlabeled
2767143051,70,a289439d96e27bec7cbc,434,CCOC(=O)C(Cc1ccccc1)C(C)=O,unlabeled
2767143051,70,4707a180fe4230c208ff,435,CCOC(=O)C(Cc1ccccc1)C(C)=O,unlabeled
2767143051,70,41921840a5681261ba98,436,CCOC(=O)C(Cc1ccccc1)C(C)=O,unlabeled
2767143051,70,b5080cde4f493a415fc5,437,CCOC(=O)C(Cc1ccccc1)C(C)=O,unlabeled
2767143051,70,1bbec08f4838f06da0fb,438,CCOC(=O)C(Cc1ccccc1)C(C)=O,unlabeled
2767143051,70,bd0519702a5756bc3c94,439,CCOC(=O)C(Cc1ccccc1)C(C)=O,unlabeled
2767143051,70,b7fa3dd8e6040788ae14,440,CCOC(=O)c1cccnc1,unlabeled
2767143051,70,2deca509a22158d15375,441,CCOC(=O)c1cccnc1,gradient_train
2767143051,70,b48dea92ecfc07816494,442,CCOC(=O)c1cccnc1,unlabeled
2767143051,70,82fa7e7b3bd183853280,443,CCOC(=O)c1cccnc1,unlabeled
2767143051,70,7ba2cf5e6ca289d9810f,444,CCOC(=O)c1cccnc1,unlabeled
2767143051,70,7dec4c1259ce3660b729,445,COc1ccc(OC)c(Br)c1,gradient_train
2767143051,70,768064b2e2a953d147d0,446,COc1ccc(OC)c(Br)c1,unlabeled
2767143051,70,212154e56fe15a3333a2,447,COc1ccc(OC)c(Br)c1,unlabeled
2767143051,70,c56a92db4ce7de66bee1,448,COc1ccc(OC)c(Br)c1,unlabeled
2767143051,70,48b99ebef2fd7718f678,449,COc1ccc(OC)c(Br)c1,unlabeled
2767143051,70,6da48b9dd6e1ed7e26fd,450,COc1ccc(OC)c(Br)c1,unlabeled
2767143051,70,a2eeeea4e6525c9d22d4,451,COc1ccc(OC)c(Br)c1,unlabeled
2767143051,70,1e0e33b1a77df72f4dd8,452,OCc1cccc(Br)c1,unlabeled
2767143051,70,371711577127c07527e3,453,OCc1cccc(Br)c1,unlabeled
2767143051,70,78d4810a82f060b5cf49,454,OCc1cccc(Br)c1,unlabeled
2767143051,70,1c04f02c0ea8c00b358d,455,OCc1cccc(Br)c1,unlabeled
2767143051,70,4bc0dc84991def63aa1b,456,O=C1CCCc2ccccc21,unlabeled
2767143051,70,2433f7a3f7959e1d1b74,457,O=C1CCCc2ccccc21,unlabeled
2767143051,70,944f0a85ec8978a60444,458,O=C1CCCc2ccccc21,unlabeled
2767143051,70,8afc083342d1c2e7f78a,459,O=C1CCCc2ccccc21,unlabeled
2767143051,70,c35ed383b2db14b3bc06,460,O=C1CCCc2ccccc21,unlabeled
2767143051,70,d7c72c92165e2c129547,461,O=C1CCCc2ccccc21,unlabeled
2767143051,70,e375bb01e53e46f8faee,462,O=C1CCCc2ccccc21,unlabeled
2767143051,70,fdc873b5607287090ff3,463,CSc1ccc(C=O)cc1,test
2767143051,70,80b4e33a8434ac29ed52,464,CSc1ccc(C=O)cc1,gradient_train
2767143051,70,ee60c3ffc43a4c2c965e,465,CSc1ccc(C=O)cc1,unlabeled
2767143051,70,95f10fffb85ea1b1f47a,466,CSc1ccc(C=O)cc1,gradient_train
2767143051,70,793d8259fd7820530cfe,467,Cc1ccccc1C=O,test
2767143051,70,13fb1511fffef8fc96e0,468,Cc1ccccc1C=O,gradient_train
2767143051,70,532a47d1b45e54d6326b,469,Cc1ccccc1C=O,unlabeled
2767143051,70,dcd70c2b5039c4268d56,470,Cc1ccccc1C=O,unlabeled
2767143051,70,22d860e7f246ca4272a4,471,Cc1ccccc1C=O,unlabeled
2767143051,70,f21df276243d861dc2b2,472,Cc1ccccc1C=O,test
2767143051,70,08820514e662ce6ea8f0,473,Cc1ccccc1C=O,test
2767143051,70,d60e09bca01342c7cfa6,474,O=Cc1ccc(Br)cc1O,unlabeled
2767143051,70,9dda290379fb047fc74d,475,O=Cc1ccc(Br)cc1O,unlabeled
2767143051,70,4a58b799c494875f6f27,476,O=Cc1ccc(Br)cc1O,unlabeled
2767143051,70,98a1ca00445d60f415d4,477,O=Cc1ccc(Br)cc1O,unlabeled
2767143051,70,ddecd252bb1099fb20f7,478,O=Cc1ccc(Br)cc1O,gradient_train
2767143051,70,226ebdbf914ce9333de8,479,O=Cc1ccc(Br)cc1O,test
2767143051,70,99dd4a9a47de5c84b7c0,480,O=Cc1ccc(Br)cc1O,unlabeled
2767143051,70,ecc7e2759499addc038f,481,CC(=O)c1ccc(Br)cc1,unlabeled
2767143051,70,66c1ee6eed3d1587de50,482,CC(=O)c1ccc(Br)cc1,unlabeled
2767143051,70,a26a131344d4dbd9645b,483,CC(=O)c1ccc(Br)cc1,unlabeled
2767143051,70,f0edd899ac987a1de9dd,484,CC(=O)c1ccc(Br)cc1,unlabeled
2767143051,70,0e13b08b0f9c772699e1,485,CC(=O)c1ccc(Br)cc1,unlabeled
2767143051,70,1254297404cc9db52ee2,486,CC(=O)c1ccc(Br)cc1,unlabeled
2767143051,70,bc8e1d805b36b63cbfbe,487,CC(=O)c1ccc(Br)cc1,test
2767143051,70,cd998cddd3dcb4fc8c92,488,O=C(Cc1ccccc1)c1ccccc1,unlabeled
2767143051,70,12e11e8eaee71fc57209,489,O=C(Cc1ccccc1)c1ccccc1,unlabeled
2767143051,70,054457c7699aabd6c619,490,O=C(Cc1ccccc1)c1ccccc1,unlabeled
2767143051,70,893e4c91da1b0b2f7d3e,491,O=C(Cc1ccccc1)c1ccccc1,unlabeled
2767143051,70,18e8a9c1ea6aa15c0d01,492,O=C(Cc1ccccc1)c1ccccc1,unlabeled
2767143051,70,bc582f1f4f4225f6d249,493,O=C(Cc1ccccc1)c1ccccc1,test
2767143051,70,d92ef85db0d1c0979197,494,O=C(Cc1ccccc1)c1ccccc1,test
2767143051,70,ddc0b27538aa926cbb6e,495,O=Cc1ccc(-c2ccccc2)cc1,unlabeled
2767143051,70,6dcfe9b1e0958f22523b,496,O=Cc1ccc(-c2ccccc2)cc1,unlabeled
2767143051,70,3cdf1bcd3739e20f72d2,497,O=Cc1ccc(-c2ccccc2)cc1,unlabeled
2767143051,70,a8e4c6001ce3245c634b,498,O=Cc1ccc(-c2ccccc2)cc1,test
2767143051,70,24b540d7814b4d9c5183,499,O=Cc1ccc(-c2ccccc2)cc1,unlabeled
2767143051,70,b0cadf050313e9a3a162,500,O=Cc1ccc(-c2ccccc2)cc1,test
2767143051,70,8837a8a19c37b63d2e48,501,O=Cc1ccc(-c2ccccc2)cc1,test
2767143051,70,23a832560d234735d954,502,O=Cc1ccc2ccccc2c1Br,unlabeled
2767143051,70,90777be8090491479de1,503,O=Cc1ccc2ccccc2c1Br,unlabeled
2767143051,70,926a7862066269f98d62,504,O=Cc1ccc2ccccc2c1Br,unlabeled
2767143051,70,2c51476c6fa3121c5dfc,505,O=Cc1ccc2ccccc2c1Br,unlabeled
2767143051,70,5a9449a7562d442b8669,506,O=Cc1ccc2ccccc2c1Br,unlabeled
2767143051,70,2cbca950d64fdcd81660,507,O=Cc1ccc2ccccc2c1Br,unlabeled
2767143051,70,fb1fdaa4bc60434648f7,508,O=Cc1ccc2ccccc2c1Br,unlabeled
2767143051,70,9e46dbe8a460d3f96a27,509,O=C(/C=C/c1ccccc1)c1ccccc1,gradient_train
2767143051,70,31e75b850983502aa64f,510,O=C(/C=C/c1ccccc1)c1ccccc1,unlabeled
2767143051,70,b566ed83f272904657ba,511,O=C(/C=C/c1ccccc1)c1ccccc1,unlabeled
2767143051,70,c2be1e8f7c2c080f49f5,512,O=C(/C=C/c1ccccc1)c1ccccc1,unlabeled
2767143051,70,fde2d968ab29d13d4f1d,513,O=C(/C=C/c1ccccc1)c1ccccc1,unlabeled
2767143051,70,240da69c823911ff5ccc,514,O=C(/C=C/c1ccccc1)c1ccccc1,unlabeled
2767143051,70,b2b26956a788c2a8c7e9,515,O=C(/C=C/c1ccccc1)c1ccccc1,unlabeled
2767143051,70,f3b80f5fe97d26fd8383,516,O=C(/C=C/c1ccccc1)/C=C/c1ccccc1,test
2767143051,70,d60f7e6b21ea96567843,517,O=C(/C=C/c1ccccc1)/C=C/c1ccccc1,unlabeled
2767143051,70,bb61793cbbbe2bfa4e12,518,O=C(/C=C/c1ccccc1)/C=C/c1ccccc1,test
2767143051,70,d078d930aa37448ec4aa,519,O=C(/C=C/c1ccccc1)/C=C/c1ccccc1,unlabeled
2767143051,70,8cd132f293d2823adc8d,520,O=C(/C=C/c1ccccc1)/C=C/c1ccccc1,unlabeled
2767143051,70,88f58ab7b7cf02f8f134,521,O=C(/C=C/c1ccccc1)/C=C/c1ccccc1,unlabeled
2767143051,70,17bdb259a18419ca296f,522,O=C(/C=C/c1ccccc1)/C=C/c1ccccc1,unlabeled
2767143051,70,77c599d272254892b6ec,523,CC1CCC(=O)c2ccccc21,unlabeled
2767143051,70,b393af61f6769ceccbc0,524,CC1CCC(=O)c2ccccc21,unlabeled
2767143051,70,49668be051b44a819f00,525,CC1CCC(=O)c2ccccc21,unlabeled
2767143051,70,ffa86b2ffa5ac89b0720,526,CC1CCC(=O)c2ccccc21,unlabeled
2767143051,70,43aa4f12be94a8a96b35,527,CC1CCC(=O)c2ccccc21,gradient_train
2767143051,70,c09fbafa246c8d17b677,528,CC1CCC(=O)c2ccccc21,unlabeled
2767143051,70,f38afd5febe30c01c852,529,CC1CCC(=O)c2ccccc21,test
2767143051,70,490ab56dde175e9b97f5,530,O=C(Cc1ccccc1F)C1CC1,unlabeled
2767143051,70,3156893d5d2368c286a5,531,O=C(Cc1ccccc1F)C1CC1,test
2767143051,70,5ca73775e77c8e07812b,532,O=C(Cc1ccccc1F)C1CC1,unlabeled
2767143051,70,e90e636dced92c2b53d7,533,O=C(Cc1ccccc1F)C1CC1,unlabeled
2767143051,70,21e4905ef98fba65035a,534,O=C(Cc1ccccc1F)C1CC1,validation
2767143051,70,2eda4e5a40a9021016cb,535,O=C(Cc1ccccc1F)C1CC1,unlabeled
2767143051,70,9c357cc9e9b8199eb1e0,536,O=C(Cc1ccccc1F)C1CC1,unlabeled
2767143051,70,51091e7a7f83732eaf1b,537,CCC(=O)c1cccc(Br)c1,unlabeled
2767143051,70,71577790a52cb379d81f,538,CCC(=O)c1cccc(Br)c1,unlabeled
2767143051,70,e3b2ac778da2b86aa873,539,CCC(=O)c1cccc(Br)c1,unlabeled
2767143051,70,1046fdfaf24728b107ba,540,CCC(=O)c1cccc(Br)c1,unlabeled
2767143051,70,2e10d8b186d86053260f,541,CCC(=O)c1cccc(Br)c1,unlabeled
2767143051,70,5111664a952a4ab7d54e,542,CCC(=O)c1cccc(Br)c1,gradient_train
2767143051,70,ffcab07e0d31056e0d4a,543,CCC(=O)c1cccc(Br)c1,unlabeled
2767143051,70,b6bb9be5584029502820,544,COCCCCC(=O)c1ccc(C(F)(F)F)cc1,unlabeled
2767143051,70,60a000cb56517513c4d2,545,COCCCCC(=O)c1ccc(C(F)(F)F)cc1,test
2767143051,70,677c30b5727454c7a81e,546,COCCCCC(=O)c1ccc(C(F)(F)F)cc1,unlabeled
2767143051,70,94bc1858c275dcb3d476,547,COCCCCC(=O)c1ccc(C(F)(F)F)cc1,test
2767143051,70,06c29062334b43b0d12f,548,COCCCCC(=O)c1ccc(C(F)(F)F)cc1,gradient_train
2767143051,70,80e66bd0e8e9450537bb,549,COCCCCC(=O)c1ccc(C(F)(F)F)cc1,unlabeled
2767143051,70,b82c7c8060589ec1974b,550,CCCC(=O)c1ccc(-c2ccccc2)cc1,unlabeled
2767143051,70,57e291b74a249c9dd3ff,551,CCCC(=O)c1ccc(-c2ccccc2)cc1,unlabeled
2767143051,70,7d6bcd84e5a6861fc8fc,552,CCCC(=O)c1ccc(-c2ccccc2)cc1,unlabeled
2767143051,70,2d37adf0d65a19bc2c0c,553,CCCC(=O)c1ccc(-c2ccccc2)cc1,unlabeled
2767143051,70,3c892a45de6ec4625f37,554,CCCC(=O)c1ccc(-c2ccccc2)cc1,gradient_train
2767143051,70,e2c826d98b2bbeb6f48b,555,CCCC(=O)c1ccc(-c2ccccc2)cc1,unlabeled
2767143051,70,ce61c0bd799e65402b75,556,CCCC(=O)c1ccc(-c2ccccc2)cc1,unlabeled
2767143051,70,0f05b5ba6eb528d54b4b,557,O=C(c1ccccc1)c1cccc(C(=O)c2ccccc2)c1,unlabeled
2767143051,70,c4412adf038c7f6ea3c2,558,O=C(c1ccccc1)c1cccc(C(=O)c2ccccc2)c1,unlabeled
2767143051,70,182fc7fe888dbb9535bb,559,O=C(c1ccccc1)c1cccc(C(=O)c2ccccc2)c1,unlabeled
2767143051,70,8abf9c0719e2d67a22f9,560,O=C(c1ccccc1)c1cccc(C(=O)c2ccccc2)c1,unlabeled
2767143051,70,b8a4c06710d95c33cfe1,561,O=C(c1ccccc1)c1cccc(C(=O)c2ccccc2)c1,unlabeled
2767143051,70,7e451fd74af5bfa51ac9,562,O=C(c1ccccc1)c1cccc(C(=O)c2ccccc2)c1,unlabeled
2767143051,70,07e9bc7a9d27fdd58c2f,563,O=C(c1ccccc1)c1cccc(C(=O)c2ccccc2)c1,unlabeled
2767143051,70,2f828b7aa8c3e93352da,564,CCC(=O)c1cccnc1,test
2767143051,70,4365d2fb106c18823aac,565,CCC(=O)c1cccnc1,test
2767143051,70,4c6a8ef1c87748df99f2,566,CCC(=O)c1cccnc1,unlabeled
2767143051,70,aca0ef1613a0a07a0431,567,O=C(CCCCl)c1ccc(F)cc1,unlabeled
2767143051,70,f98f5943ca73a5b809a1,568,O=C(CCCCl)c1ccc(F)cc1,unlabeled
2767143051,70,405638494c5a95206866,569,O=C(CCCCl)c1ccc(F)cc1,unlabeled
2767143051,70,76e188b0e48b99f36582,570,O=C(CCCCl)c1ccc(F)cc1,unlabeled
2767143051,70,26aa0143305ac532a560,571,O=C(CCCCl)c1ccc(F)cc1,unlabeled
2767143051,70,283be89c092cfa4a5cbb,572,O=C(CCCCl)c1ccc(F)cc1,unlabeled
2767143051,70,0ffc20c3f979502b8a09,573,O=C(CCCCl)c1ccc(F)cc1,unlabeled
2767143051,100,bbabdb9085edbb8c178b,0,CC(C)(CCl)c1ccccc1,unlabeled
2767143051,100,96dc3dc2ebd074200228,1,CC(C)(CCl)c1ccccc1,unlabeled
2767143051,100,6322e8f867a741eed74c,2,CC(C)(CCl)c1ccccc1,unlabeled
2767143051,100,c2b0aff65443af0a8618,3,CC(C)(CCl)c1ccccc1,test
2767143051,100,f4b69d88ad1d916ee71a,4,CC(C)(CCl)c1ccccc1,unlabeled
2767143051,100,0f3559d035355b0eec80,5,CC(C)(CCl)c1ccccc1,unlabeled
2767143051,100,d29a94054067cd60dd70,6,CC(C)(CCl)c1ccccc1,gradient_train
2767143051,100,31d92ca6486b229184cf,7,OCCCc1ccccc1,gradient_train
2767143051,100,8a84cca322477165b719,8,OCCCc1ccccc1,unlabeled
2767143051,100,9cf769277f6b42d15f11,9,OCCCc1ccccc1,gradient_train
2767143051,100,7a0a82051f50d5b0c89c,10,OCCCc1ccccc1,unlabeled
2767143051,100,c79f29f048bbfd157f98,11,BrCCCc1ccccc1,unlabeled
2767143051,100,df0074b49eeb620c0768,12,BrCCCc1ccccc1,gradient_train
2767143051,100,f0097bc6b7827ef65922,13,BrCCCc1ccccc1,unlabeled
2767143051,100,44348f5c4aea3b41ee9d,14,BrCCCc1ccccc1,gradient_train
2767143051,100,482cb91fac7f2a936dca,15,BrCCCc1ccccc1,unlabeled
2767143051,100,a5c6210123f05414ffc0,16,BrCCCc1ccccc1,gradient_train
2767143051,100,a82e55e1cd19814ea307,17,BrCCCc1ccccc1,unlabeled
2767143051,100,6ee3c70647b37dcd5417,18,ClCCCc1ccccc1,unlabeled
2767143051,100,2c7e37ef828eb17c78fb,19,ClCCCc1ccccc1,unlabeled
2767143051,100,7ab9c351196ad891e172,20,ClCCCc1ccccc1,unlabeled
2767143051,100,7062ca665af0f9bba6c9,21,ClCCCc1ccccc1,unlabeled
2767143051,100,6644e934f59d8b816b9f,22,ClCCCc1ccccc1,unlabeled
2767143051,100,8cc7c76a92a4474d7c6a,23,ClCCCc1ccccc1,unlabeled
2767143051,100,c883df6ea04f89f45f03,24,ClCCCc1ccccc1,unlabeled
2767143051,100,46ed1e35ca65ace74790,25,COc1ccc(CO)cc1,unlabeled
2767143051,100,ec581cec37da9563e756,26,COc1ccc(CO)cc1,unlabeled
2767143051,100,c2bd8e8f13a96726e7fc,27,COc1ccc(CO)cc1,unlabeled
2767143051,100,f1afcbd393ce4f5a6316,28,COc1ccc(CO)cc1,unlabeled
2767143051,100,2909efb29670d8f2286d,29,CCOC(=O)C(C)(C)Br,unlabeled
2767143051,100,56b391fdec7a2a622e52,30,CCOC(=O)C(C)(C)Br,unlabeled
2767143051,100,8a9485661ac2c4576006,31,CCOC(=O)C(C)(C)Br,unlabeled
2767143051,100,7f6d1cdee16de4a37a21,32,CCOC(=O)C(C)(C)Br,unlabeled
2767143051,100,fd7bf535ef538434b384,33,CCOC(=O)C(C)(C)Br,unlabeled
2767143051,100,651bb6b60c62819a4323,34,CCOC(=O)C(C)(C)Br,unlabeled
2767143051,100,2a61203b59218a3cbdc6,35,CCOC(=O)C(C)(C)Br,unlabeled
2767143051,100,6d6c0510303dec89b2fe,36,COc1ccc(C=O)cc1,gradient_train
2767143051,100,f81dc37125414986a0bb,37,COc1ccc(C=O)cc1,unlabeled
2767143051,100,400615278105cebb3ed9,38,COc1ccc(C=O)cc1,unlabeled
2767143051,100,5d04f6757b59f5c356bb,39,COc1ccc(C=O)cc1,unlabeled
2767143051,100,a074620f6970d8f89567,40,COc1ccc(C=O)cc1,gradient_train
2767143051,100,454c1ea3beebbec4befe,41,COc1ccc(C=O)cc1,unlabeled
2767143051,100,f95928e2618ed15e654f,42,COc1ccc(C=O)cc1,unlabeled
2767143051,100,3a02b99399bb0c3e9ff9,43,COC(=O)C#CC(=O)OC,unlabeled
2767143051,100,b80a4f9e4b61f534ee9e,44,COC(=O)C#CC(=O)OC,unlabeled
2767143051,100,2690de155843f45b00a3,45,COC(=O)C#CC(=O)OC,unlabeled
2767143051,100,549eb8499df5181b3558,46,COC(=O)C#CC(=O)OC,unlabeled
2767143051,100,02c141e2551937d10f4e,47,COC(=O)C#CC(=O)OC,unlabeled
2767143051,100,9069807baff6cbfbde75,48,COC(=O)C#CC(=O)OC,unlabeled
2767143051,100,1fe1163f7d97c16f3822,49,CC(=O)c1ccccc1,unlabeled
2767143051,100,1e86d81fe1995d367fe1,50,CC(=O)c1ccccc1,unlabeled
2767143051,100,614e6d0929b0845d454b,51,CC(=O)c1ccccc1,unlabeled
2767143051,100,358681452207464d171e,52,CC(=O)c1ccccc1,unlabeled
2767143051,100,c00e01085f35d19cd90f,53,CC(=O)c1ccccc1,unlabeled
2767143051,100,a542d702abb1fa77a6fc,54,CC(=O)c1ccccc1,validation
2767143051,100,77577e6f6f0aa6789972,55,CCOC(=O)C(C)Br,unlabeled
2767143051,100,298017c801a97653f57d,56,CCOC(=O)C(C)Br,unlabeled
2767143051,100,849796401ee485c617a5,57,CCOC(=O)C(C)Br,test
2767143051,100,67cc8304e3e618d7416a,58,CCOC(=O)C(C)Br,unlabeled
2767143051,100,c7bc53c45a1962a88ec3,59,CCOC(=O)C(C)Br,unlabeled
2767143051,100,76b9db19f45b8222d962,60,CCOC(=O)C(C)Br,test
2767143051,100,0279fb0f7dba4b54a816,61,CCOC(=O)CC(=O)c1ccccc1,unlabeled
2767143051,100,ca203ccf20ce8e74d86d,62,CCOC(=O)CC(=O)c1ccccc1,test
2767143051,100,029d48fc98a886c9fec4,63,CCOC(=O)CC(=O)c1ccccc1,unlabeled
2767143051,100,1e578360bd7749f6b397,64,CCOC(=O)CC(=O)c1ccccc1,unlabeled
2767143051,100,05c14d26f4aa6f7c48b0,65,CCOC(=O)CC(=O)c1ccccc1,unlabeled
2767143051,100,53d046afde1259a727f9,66,CCOC(=O)CC(=O)c1ccccc1,gradient_train
2767143051,100,35ba50ab027f5f170aba,67,CCOC(=O)CC(=O)c1ccccc1,gradient_train
2767143051,100,130d76d2d46a287c5dea,68,CC(=O)c1ccccc1C,unlabeled
2767143051,100,3ef4b1ab56fe40940b42,69,CC(=O)c1ccccc1C,gradient_train
2767143051,100,a340148c4096f80cc125,70,CC(=O)c1ccccc1C,unlabeled
2767143051,100,57af4b867d9cd419ebb9,71,CC(=O)c1ccccc1C,gradient_train
2767143051,100,ff8745125a0eeb17c1e5,72,CC(=O)c1ccccc1C,unlabeled
2767143051,100,41a468134f078d2de17d,73,CC(=O)c1ccccc1C,unlabeled
2767143051,100,b4899d5d03e44fbf885c,74,CC(=O)c1ccccc1C,unlabeled
2767143051,100,bd93eaa60288fd0d5e89,75,CC(=O)c1ccc(C)cc1,gradient_train
2767143051,100,2797757b00a9f254ef2e,76,CC(=O)c1ccc(C)cc1,unlabeled
2767143051,100,fad37552a4a2eae19961,77,CC(=O)c1ccc(C)cc1,unlabeled
2767143051,100,6936556d392803de12ed,78,CC(=O)c1ccc(C)cc1,gradient_train
2767143051,100,fd3f8b6ec11d13a8412d,79,CC(=O)c1ccc(C)cc1,gradient_train
2767143051,100,b71b23379d73c3637a76,80,CC(=O)c1ccc(C)cc1,unlabeled
2767143051,100,2a9d111386ac232bbf79,81,CC(=O)c1ccc(C)cc1,unlabeled
2767143051,100,ca00dd1990fd356443cb,82,COC(=O)c1ccccc1O,unlabeled
2767143051,100,924106530353757625ba,83,COC(=O)c1ccccc1O,test
2767143051,100,f0d3ae15346c6cb6928d,84,COC(=O)c1ccccc1O,unlabeled
2767143051,100,0b6fe9b9da26ddc80e99,85,COC(=O)c1ccccc1O,unlabeled
2767143051,100,a9a4b1ef530ce6f46a1c,86,COC(=O)c1ccccc1O,unlabeled
2767143051,100,f0245d145e2758fc9ff8,87,COC(=O)c1ccccc1O,unlabeled
2767143051,100,f33380e15f0fd8b62027,88,COC(=O)c1ccccc1O,unlabeled
2767143051,100,1773be1aaa4102ae19f0,89,CC(=O)CC(=O)OC(C)(C)C,unlabeled
2767143051,100,1895e2147dd146c4e564,90,CC(=O)CC(=O)OC(C)(C)C,unlabeled
2767143051,100,e7c8cd496e2795b23cb3,91,CC(=O)CC(=O)OC(C)(C)C,unlabeled
2767143051,100,60f64adee75a0999c5d5,92,CC(=O)CC(=O)OC(C)(C)C,unlabeled
2767143051,100,851993fe56d61c8bf074,93,CC(=O)CC(=O)OC(C)(C)C,gradient_train
2767143051,100,4e6d2ab0e823ac1d4b58,94,CC(=O)CC(=O)OC(C)(C)C,unlabeled
2767143051,100,452aebfcddc0b031c20d,95,CCOC(=O)Cc1ccccc1,unlabeled
2767143051,100,a67ee30ac22b3511e0af,96,CCOC(=O)Cc1ccccc1,test
2767143051,100,4c52102f0b5a693d59bc,97,CCOC(=O)Cc1ccccc1,unlabeled
2767143051,100,f21e8077ac7b6ec1d038,98,CCOC(=O)Cc1ccccc1,unlabeled
2767143051,100,982611df66af1cf7c2f5,99,CCOC(=O)Cc1ccccc1,unlabeled
2767143051,100,d9e344f199dc9a567b5f,100,CCOC(=O)Cc1ccccc1,unlabeled
2767143051,100,74706f7e5d10b9245796,101,CCOC(=O)Cc1ccccc1,unlabeled
2767143051,100,f5d7ae6c2608335325ff,102,COC(=O)c1ccccc1N,unlabeled
2767143051,100,f66e095007d9d0923ce2,103,COC(=O)c1ccccc1N,test
2767143051,100,c9a57e8accca7da9758b,104,COC(=O)c1ccccc1N,unlabeled
2767143051,100,f7b1b9737459397f9ace,105,COC(=O)c1ccccc1N,unlabeled
2767143051,100,68feec66f657364ebeaa,106,COC(=O)c1ccccc1N,gradient_train
2767143051,100,96ccc1b8240fc2e9c1f3,107,COC(=O)c1ccccc1N,unlabeled
2767143051,100,16eec4a03ec235274042,108,CCOC(=O)/C=C/c1ccccc1,unlabeled
2767143051,100,92e4f80b3943134ebe86,109,CCOC(=O)/C=C/c1ccccc1,unlabeled
2767143051,100,e15e8a4f329d3a08aff9,110,CCOC(=O)/C=C/c1ccccc1,unlabeled
2767143051,100,6cec450baf7517436df6,111,CCOC(=O)/C=C/c1ccccc1,gradient_train
2767143051,100,48b79e49508df9f5fd6d,112,CCOC(=O)/C=C/c1ccccc1,unlabeled
2767143051,100,404dc3e2801a9a9d52aa,113,CCOC(=O)/C=C/c1ccccc1,gradient_train
2767143051,100,c72867f0f2e38c70aa8c,114,CCOC(=O)/C=C/c1ccccc1,unlabeled
2767143051,100,d9d3d24a75ff511e108a,115,COC(=O)c1ccc(C(C)(C)C)cc1,unlabeled
2767143051,100,f40ca479a9e86b5d5458,116,COC(=O)c1ccc(C(C)(C)C)cc1,unlabeled
2767143051,100,b7770c04c72527e1d9f6,117,COC(=O)c1ccc(C(C)(C)C)cc1,test
2767143051,100,a433dc0f6a13e9ace41d,118,COC(=O)c1ccc(C(C)(C)C)cc1,unlabeled
2767143051,100,e399250d7156727de0fd,119,COC(=O)c1ccc(C(C)(C)C)cc1,gradient_train
2767143051,100,3122a2210bde68deb81e,120,COC(=O)c1ccc(C(C)(C)C)cc1,unlabeled
2767143051,100,c9460286f85a5ec0f4fc,121,COC(=O)c1ccc(C(C)(C)C)cc1,unlabeled
2767143051,100,13b0b7952199157a8399,122,CCOC(=O)/C=C(/C)N,gradient_train
2767143051,100,759d5133ee82740013bf,123,CCOC(=O)/C=C(/C)N,unlabeled
2767143051,100,c9bf385316b464cd2e8d,124,CCOC(=O)/C=C(/C)N,unlabeled
2767143051,100,f248b9b89d62a22b03c3,125,CCOC(=O)/C=C(/C)N,unlabeled
2767143051,100,10d51839b15b94f0ae56,126,CCOC(=O)/C=C(/C)N,unlabeled
2767143051,100,e66b24ec1e4dfa9a9a57,127,CCOC(=O)/C=C(/C)N,unlabeled
2767143051,100,506597d02ff322a77a8d,128,CCOC(=O)/C=C(/C)N,unlabeled
2767143051,100,d2951bd3bb1608688f0d,129,CCOC(=O)/C=C(/C)N,unlabeled
2767143051,100,7d3c6ef279245ca08a2f,130,CCOC(=O)/C=C(/C)N,gradient_train
2767143051,100,e6886d2fb3090517172b,131,CCOC(=O)/C=C(/C)N,unlabeled
2767143051,100,d31d42caff135d7154c4,132,CCOC(=O)/C=C(/C)N,unlabeled
2767143051,100,3d7aa38258001eb6ba67,133,CC(C)COC(=O)c1ccccc1,unlabeled
2767143051,100,b3409bbbf3b06d73afca,134,CC(C)COC(=O)c1ccccc1,gradient_train
2767143051,100,5ce75d3f6df6d318cb8a,135,CC(C)COC(=O)c1ccccc1,unlabeled
2767143051,100,28f4ab2563d03e831cf0,136,CC(C)COC(=O)c1ccccc1,unlabeled
2767143051,100,b95bbdf393e00f41a6df,137,CC(C)COC(=O)c1ccccc1,unlabeled
2767143051,100,1e73138aa057a5e2b67f,138,CC(C)COC(=O)c1ccccc1,gradient_train
2767143051,100,1319bf7018ee9b9a5b9f,139,CCOC(=O)c1ccccc1,unlabeled
2767143051,100,99398d649f02f80651f1,140,CCOC(=O)c1ccccc1,gradient_train
2767143051,100,240787bdbf2abc17e093,141,CCOC(=O)c1ccccc1,unlabeled
2767143051,100,4afc7ef2732850bea176,142,CCOC(=O)c1ccccc1,unlabeled
2767143051,100,181f6c7852b17df8f194,143,CCOC(=O)c1ccccc1,test
2767143051,100,474238f822b0c38795c6,144,CCOC(=O)c1ccccc1,unlabeled
2767143051,100,5eb80e21463443b22d14,145,CCOC(=O)c1ccccc1,unlabeled
2767143051,100,f6e991e3dc3a3d3c5d89,146,COc1ccc(CCO)cc1,gradient_train
2767143051,100,9991421da8e18008fc91,147,COc1ccc(CCO)cc1,unlabeled
2767143051,100,9e93bad2014e7ab1a680,148,COc1ccc(CCO)cc1,unlabeled
2767143051,100,3d5dc8831f4c74f7b7d1,149,COc1ccc(CCO)cc1,test
2767143051,100,d5a7e1d47a58e1323805,150,Cc1ccc(C(C)C)cc1,unlabeled
2767143051,100,5c32bb6f3bbf72dcb37e,151,Cc1ccc(C(C)C)cc1,unlabeled
2767143051,100,e545485bf1a51a3ea557,152,Cc1ccc(C(C)C)cc1,unlabeled
2767143051,100,8ea9d90b217f4096f42f,153,Cc1ccc(C(C)C)cc1,unlabeled
2767143051,100,9ed80c28328fabe87261,154,Cc1ccc(C(C)C)cc1,unlabeled
2767143051,100,f1ea027f4cb80b10d15b,155,Cc1ccc(C(C)C)cc1,unlabeled
2767143051,100,dcfc9eaebf799d451fdb,156,Cc1ccc(C(C)C)cc1,unlabeled
2767143051,100,6c1f19a34a40cbf98728,157,CC(C)(O)CCc1ccccc1,unlabeled
2767143051,100,cf45ee02778c0243ad50,158,CC(C)(O)CCc1ccccc1,validation
2767143051,100,88581d99a415bf271788,159,CC(C)(O)CCc1ccccc1,unlabeled
2767143051,100,8753ab545dd1cf036a3a,160,CC(C)(O)CCc1ccccc1,unlabeled
2767143051,100,d59d233a1606de5b6deb,161,CC(C)(O)CCc1ccccc1,unlabeled
2767143051,100,964a62fb7d677de0f711,162,CC(C)CCOC(=O)c1ccccc1,unlabeled
2767143051,100,f35f8782c107387233ed,163,CC(C)CCOC(=O)c1ccccc1,unlabeled
2767143051,100,4d602abaaf336ac523e4,164,CC(C)CCOC(=O)c1ccccc1,test
2767143051,100,4768b747981033fbdf34,165,CC(C)CCOC(=O)c1ccccc1,gradient_train
2767143051,100,3df34ab1c0d58c86999e,166,CC(C)CCOC(=O)c1ccccc1,unlabeled
2767143051,100,8b67a1246fe892b6581d,167,CC(C)CCOC(=O)c1ccccc1,unlabeled
2767143051,100,2bafcbea1bb66eb60a71,168,CC(C)CCOC(=O)c1ccccc1,unlabeled
2767143051,100,2beadb75e05408973f02,169,CCOC(=O)/C=C/c1ccccc1,unlabeled
2767143051,100,dd7cae2667a1348a2caf,170,CCOC(=O)/C=C/c1ccccc1,test
2767143051,100,56f1cecfc0c6c3d224be,171,CCOC(=O)/C=C/c1ccccc1,unlabeled
2767143051,100,6278b7d64a22dbe3844e,172,CCOC(=O)/C=C/c1ccccc1,gradient_train
2767143051,100,a75e421e756083edea35,173,CCOC(=O)/C=C/c1ccccc1,unlabeled
2767143051,100,c9f7ab78e90454873661,174,CCOC(=O)/C=C/c1ccccc1,gradient_train
2767143051,100,b36d7c12e6d3072467ee,175,CCOC(=O)/C=C/c1ccccc1,gradient_train
2767143051,100,5dc7d31c57624ac47575,176,COc1ccc(C)cc1OC,unlabeled
2767143051,100,7dea14d96460814919d3,177,COc1ccc(C)cc1OC,unlabeled
2767143051,100,83a16763654b3b743265,178,COc1ccc(C)cc1OC,unlabeled
2767143051,100,ee96bcc328a38cb12519,179,COc1ccc(C)cc1OC,unlabeled
2767143051,100,62763fd48ebc7554402f,180,COc1ccc(C)cc1OC,unlabeled
2767143051,100,dd29d0f859e11f70f4ec,181,COc1ccc(C)cc1OC,unlabeled
2767143051,100,826e9f40c328ce2478ec,182,COc1ccc(C)cc1OC,unlabeled
2767143051,100,2e684264400b651dae88,183,C1=Cc2ccccc2C1,unlabeled
2767143051,100,e4f37e6e6def0eec724a,184,C1=Cc2ccccc2C1,unlabeled
2767143051,100,fda6d7aa920e5400a222,185,C1=Cc2ccccc2C1,gradient_train
2767143051,100,ee0eba88726c692c7f0c,186,C1=Cc2ccccc2C1,unlabeled
2767143051,100,c438c37de3a60de0e84a,187,C1=Cc2ccccc2C1,unlabeled
2767143051,100,f51bc35441c8ba7713b6,188,C1=Cc2ccccc2C1,unlabeled
2767143051,100,cb1bb21d54890633943c,189,C1=Cc2ccccc2C1,test
2767143051,100,2e561b136ec088ba3eff,190,Cc1ccc(C)cc1,unlabeled
2767143051,100,0d6f66d7971473a2cef9,191,Cc1ccc(C)cc1,gradient_train
2767143051,100,6950f8ebe95298defec5,192,Cc1ccc(C)cc1,unlabeled
2767143051,100,1837a52df085e2fc70d1,193,Cc1ccc(C)cc1,unlabeled
2767143051,100,8067767b73f132489d46,194,Cc1ccc(C)cc1,unlabeled
2767143051,100,bc3f10fed296515e66e5,195,Cc1ccc(C)cc1,unlabeled
2767143051,100,369517a8e4fab7d4e0e5,196,Cc1ccc(C)cc1,unlabeled
2767143051,100,acc1a540efdb60e4fa76,197,ClCCc1ccccc1,unlabeled
2767143051,100,b849b02cc7a096ff6f6a,198,ClCCc1ccccc1,unlabeled
2767143051,100,75b105d94d176eec90ba,199,ClCCc1ccccc1,unlabeled
2767143051,100,4699975b36aa2351be18,200,ClCCc1ccccc1,unlabeled
2767143051,100,a2ecd7c05da585c2a35e,201,ClCCc1ccccc1,unlabeled
2767143051,100,82843c7e3b9005c1abb0,202,ClCCc1ccccc1,unlabeled
2767143051,100,216e9e13c0587f197c0b,203,ClCCc1ccccc1,unlabeled
2767143051,100,31162ac7e21c9688cbdc,204,CC(O)c1ccccc1,unlabeled
2767143051,100,82ffe9abc3d02f4b970f,205,CC(O)c1ccccc1,unlabeled
2767143051,100,35eae227e68fe7434e68,206,CC(O)c1ccccc1,unlabeled
2767143051,100,82b6a0a8f122317d79d4,207,CC(O)c1ccccc1,unlabeled
2767143051,100,9b28c23ad1d4dda9fe1a,208,CC(O)c1ccccc1,gradient_train
2767143051,100,4455212440cbaf6d51e2,209,COc1ccccc1,unlabeled
2767143051,100,fcea8574ae051fe11483,210,COc1ccccc1,unlabeled
2767143051,100,04d4a16ff682bc7c55c8,211,COc1ccccc1,unlabeled
2767143051,100,62ca5eadee5ef28e9aeb,212,COc1ccccc1,gradient_train
2767143051,100,42f031acb8211bfbf67f,213,COc1ccccc1,gradient_train
2767143051,100,472b8f06caf25ffe6c7a,214,COc1ccccc1,test
2767143051,100,d532e4ccbab971232d40,215,COc1ccccc1,unlabeled
2767143051,100,bae9f1ce7c04e7ccf16b,216,CCOC(=O)C(Br)C(=O)OCC,unlabeled
2767143051,100,fc58ac30a03fcb0ec051,217,CCOC(=O)C(Br)C(=O)OCC,unlabeled
2767143051,100,c4b569d1149e4ec87b12,218,CCOC(=O)C(Br)C(=O)OCC,unlabeled
2767143051,100,53d7fb31d852cbb33059,219,CCOC(=O)C(Br)C(=O)OCC,unlabeled
2767143051,100,265addbdd355a85c628d,220,CCOC(=O)C(Br)C(=O)OCC,unlabeled
2767143051,100,b07e3b186c5f9a698624,221,CCOC(=O)C(Br)C(=O)OCC,unlabeled
2767143051,100,28c4b7ec4bf7f486b68c,222,CCOC(=O)C(Br)C(=O)OCC,unlabeled
2767143051,100,c9d7d885160197c7f67c,223,c1ccc(COCc2ccccc2)cc1,unlabeled
2767143051,100,e2869f5cf5635b6ae9c1,224,c1ccc(COCc2ccccc2)cc1,unlabeled
2767143051,100,49865eda3c0e936157be,225,c1ccc(COCc2ccccc2)cc1,gradient_train
2767143051,100,d26cffd9ef4da9800470,226,c1ccc(COCc2ccccc2)cc1,unlabeled
2767143051,100,ce9ac115ce41ab41f01d,227,c1ccc(COCc2ccccc2)cc1,unlabeled
2767143051,100,b2b5155e06ff9134c6a4,228,c1ccc(COCc2ccccc2)cc1,test
2767143051,100,f1aabb6243aed53011cb,229,c1ccc(COCc2ccccc2)cc1,unlabeled
2767143051,100,ebc9c107c2207e99cf79,230,CCOC(=O)CC(C)=O,unlabeled
2767143051,100,f373e0ffa24cb51dd13a,231,CCOC(=O)CC(C)=O,test
2767143051,100,bcb35848089ca50a1eef,232,CCOC(=O)CC(C)=O,unlabeled
2767143051,100,ef8527c6b63d54b73966,233,CCOC(=O)CC(C)=O,gradient_train
2767143051,100,86f385aa0925171d22cc,234,CCOC(=O)CC(C)=O,unlabeled
2767143051,100,9c7a6ce4172638d2abc7,235,CCOC(=O)CC(C)=O,unlabeled
2767143051,100,982585c1a4e89f10713f,236,O=CCCc1ccccc1,unlabeled
2767143051,100,36af0c588eb2e094a55e,237,O=CCCc1ccccc1,gradient_train
2767143051,100,afcb9ffea06f12f9e0f5,238,O=CCCc1ccccc1,unlabeled
2767143051,100,e584c52185ccefd22a26,239,O=CCCc1ccccc1,unlabeled
2767143051,100,39e40f336da135e6a7b5,240,O=CCCc1ccccc1,unlabeled
2767143051,100,e3c9408f01aa7642870f,241,O=CCCc1ccccc1,unlabeled
2767143051,100,155ad3f702726e253c4d,242,O=CCCc1ccccc1,unlabeled
2767143051,100,f84aa17604ca7f927b8c,243,C=CC(=O)OCCOc1ccccc1,test
2767143051,100,6b8023df74ccc51e5c76,244,C=CC(=O)OCCOc1ccccc1,unlabeled
2767143051,100,b056b793f5b571e6cdee,245,C=CC(=O)OCCOc1ccccc1,unlabeled
2767143051,100,934f00061cc32bab10e8,246,C=CC(=O)OCCOc1ccccc1,unlabeled
2767143051,100,b983d4c3094d909b570e,247,C=CC(=O)OCCOc1ccccc1,unlabeled
2767143051,100,b6f53d16978daf702470,248,C=CC(=O)OCCOc1ccccc1,unlabeled
2767143051,100,9563dde5c28fb62e4f7e,249,C=CC(=O)OCCOc1ccccc1,validation
2767143051,100,de2563a5f711307823f1,250,C=CC(=O)OC1CCCCC1,gradient_train
2767143051,100,e2e681b0653ec64f7c14,251,C=CC(=O)OC1CCCCC1,gradient_train
2767143051,100,fbf392edaddff6347b58,252,C=CC(=O)OC1CCCCC1,gradient_train
2767143051,100,3955ae590ac179d279b6,253,C=CC(=O)OC1CCCCC1,unlabeled
2767143051,100,db51f6df02555cb9c264,254,C=CC(=O)OC1CCCCC1,gradient_train
2767143051,100,2195290d04210cdb253f,255,C=CC(=O)OC1CCCCC1,unlabeled
2767143051,100,8063e3de9de70b75def1,256,C=CC(=O)OC1CCCCC1,unlabeled
2767143051,100,88771c5c64ed839a4436,257,C=CC(=O)OCc1ccccc1,unlabeled
2767143051,100,b5365d56777fde5c4dfc,258,C=CC(=O)OCc1ccccc1,unlabeled
2767143051,100,4513e318c9d037303b13,259,C=CC(=O)OCc1ccccc1,test
2767143051,100,efca00a284b2cadc5737,260,C=CC(=O)OCc1ccccc1,unlabeled
2767143051,100,b473ef06a415d0f114b0,261,C=CC(=O)OCc1ccccc1,unlabeled
2767143051,100,df02863943321996441f,262,C=CC(=O)OCc1ccccc1,gradient_train
2767143051,100,194278dd9ee3d2407ed5,263,C=CC(=O)OCc1ccccc1,gradient_train
2767143051,100,cc31b914acbab022eb9a,264,COC(=O)C(C)(C)Br,unlabeled
2767143051,100,a9eea85ddeee2da33706,265,COC(=O)C(C)(C)Br,unlabeled
2767143051,100,640353c89b3ce64ee98b,266,COC(=O)C(C)(C)Br,gradient_train
2767143051,100,b11bb6293c307f7f7282,267,COC(=O)C(C)(C)Br,unlabeled
2767143051,100,77b0577e6b0adb649e63,268,COC(=O)C(C)(C)Br,unlabeled
2767143051,100,543561ac99bc28db6f2f,269,COC(=O)C(C)(C)Br,test
2767143051,100,056255620b7acc9c630f,270,COC(=O)C(C)(C)Br,unlabeled
2767143051,100,7b1589ae321d27608509,271,COC(=O)CS,unlabeled
2767143051,100,0fee19a828ef997229fd,272,COC(=O)CS,unlabeled
2767143051,100,222dede783147d5efa63,273,COC(=O)CS,gradient_train
2767143051,100,d9a40ac35b79fbcf214a,274,COC(=O)CS,unlabeled
2767143051,100,aaf22f8324aad12a55fa,275,COC(=O)CS,gradient_train
2767143051,100,a9bfabe931467745353e,276,COC(=O)CS,unlabeled
2767143051,100,be7d68067464e72d0b8d,277,COC(=O)CS,gradient_train
2767143051,100,b418a712463f5abf8b81,278,CC(=O)CCCCl,unlabeled
2767143051,100,850a69ce73ac04035aa3,279,CC(=O)CCCCl,unlabeled
2767143051,100,7c4153fe9561da818ae1,280,CC(=O)CCCCl,gradient_train
2767143051,100,a67016d937c499be9d64,281,CC(C)=CCBr,unlabeled
2767143051,100,4559d83db38cc3c39d13,282,CC(C)=CCBr,validation
2767143051,100,bf8409f12dae2388c6a0,283,CC(C)=CCBr,gradient_train
2767143051,100,832899abb44b8d2246cd,284,CC(C)=CCBr,test
2767143051,100,5729cc87eb48a75655ad,285,CC(C)=CCBr,gradient_train
2767143051,100,adb6d48eec0fb576d7fc,286,CC(C)=CCBr,unlabeled
2767143051,100,bc789871fe39d967a9e0,287,CC(C)=CCBr,test
2767143051,100,fff65bc451d163b1b106,288,C=CC(=O)OCCCCCCCCCCCC,unlabeled
2767143051,100,c761659793c5929e2214,289,C=CC(=O)OCCCCCCCCCCCC,unlabeled
2767143051,100,4c7d7c5f8b0c317c5548,290,C=CC(=O)OCCCCCCCCCCCC,unlabeled
2767143051,100,a9656ffd805f80fcf143,291,C=CC(=O)OCCCCCCCCCCCC,unlabeled
2767143051,100,da10d2f67a989e8b16b5,292,C=CC(=O)OCCCCCCCCCCCC,unlabeled
2767143051,100,7ca22b2f4d23a7afb10e,293,C=CC(=O)OCCCCCCCCCCCC,unlabeled
2767143051,100,38f57a9d08efd5f070d0,294,C=CC(=O)OCCCCCCCCCCCC,gradient_train
2767143051,100,1619a0c8b233772ba0c0,295,C=CC(=O)O[C@@H]1C[C@H]2CC[C@]1(C)C2(C)C,unlabeled
2767143051,100,0b9968c1280b5e4f726a,296,C=CC(=O)O[C@@H]1C[C@H]2CC[C@]1(C)C2(C)C,unlabeled
2767143051,100,0d5196ceda603b66bd22,297,C=CC(=O)O[C@@H]1C[C@H]2CC[C@]1(C)C2(C)C,validation
2767143051,100,244e5c6375ff0c923725,298,C=CC(=O)O[C@@H]1C[C@H]2CC[C@]1(C)C2(C)C,gradient_train
2767143051,100,4f34bbce67c94a44318a,299,C=CC(=O)O[C@@H]1C[C@H]2CC[C@]1(C)C2(C)C,unlabeled
2767143051,100,0f8a39d1c0a7eaf35c75,300,C=CC(=O)O[C@@H]1C[C@H]2CC[C@]1(C)C2(C)C,validation
2767143051,100,6de4f7fd8ac19d183348,301,C=CC(=O)O[C@@H]1C[C@H]2CC[C@]1(C)C2(C)C,unlabeled
2767143051,100,8bac25cfab022a9fb887,302,C=CC(=O)OCC(CC)CCCC,unlabeled
2767143051,100,aeef2128392508cc81cc,303,C=CC(=O)OCC(CC)CCCC,test
2767143051,100,a2eefb55da4d47a4347b,304,C=CC(=O)OCC(CC)CCCC,unlabeled
2767143051,100,3c7f7a7105a5eb39ca89,305,C=CC(=O)OCC(CC)CCCC,unlabeled
2767143051,100,2bf67acb4c861cf83990,306,C=CC(=O)OCC(CC)CCCC,gradient_train
2767143051,100,d67e364fd6830aa2bf6f,307,C=CC(=O)OCC(CC)CCCC,unlabeled
2767143051,100,84caf30ea66b29e2ea91,308,C=CC(=O)OCC(CC)CCCC,unlabeled
2767143051,100,1bd5bb3744b78ada7307,309,FC(F)(F)c1cc(Br)cc(C(F)(F)F)c1,gradient_train
2767143051,100,dd7fdbe3fa3800e6499f,310,FC(F)(F)c1cc(Br)cc(C(F)(F)F)c1,unlabeled
2767143051,100,ab84efb31c801e49c87c,311,FC(F)(F)c1cc(Br)cc(C(F)(F)F)c1,unlabeled
2767143051,100,69f6dbdc304c0475f868,312,FC(F)(F)c1cc(Br)cc(C(F)(F)F)c1,unlabeled
2767143051,100,a43656cab81e1b0fcccf,313,FC(F)(F)c1cc(Br)cc(C(F)(F)F)c1,gradient_train
2767143051,100,bcf8bb13e4fca185fe68,314,FC(F)(F)c1cc(Br)cc(C(F)(F)F)c1,test
2767143051,100,fe71f29c800d4ee35138,315,FC(F)(F)c1cc(Br)cc(C(F)(F)F)c1,unlabeled
2767143051,100,2416be80d114ff60224d,316,O=Cc1ccc(Cl)cc1Br,unlabeled
2767143051,100,9201cead3641f52a1f20,317,O=Cc1ccc(Cl)cc1Br,unlabeled
2767143051,100,49276f9b1cc72d41bbfd,318,O=Cc1ccc(Cl)cc1Br,unlabeled
2767143051,100,6cb8bbf843e6064ce249,319,O=Cc1ccc(Cl)cc1Br,unlabeled
2767143051,100,a6b1d92e3de602f8963c,320,O=Cc1ccc(Cl)cc1Br,unlabeled
2767143051,100,135ac7deca522d1e7929,321,O=Cc1ccc(Cl)cc1Br,unlabeled
2767143051,100,0f3bd8418ab9ba9d1ed2,322,O=Cc1ccc(Cl)cc1Br,unlabeled
2767143051,100,6cd5860914563da59932,323,O=Cc1ccc2c(c1)CCO2,unlabeled
2767143051,100,5179c3962ada5450dde7,324,O=Cc1ccc2c(c1)CCO2,gradient_train
2767143051,100,ad45b4b8aaed2c2b0b33,325,O=Cc1ccc2c(c1)CCO2,unlabeled
2767143051,100,6c8de7fb3dbd4f5adabf,326,O=Cc1ccc2c(c1)CCO2,gradient_train
2767143051,100,f72724ff299c47641488,327,COc1cc(F)cc(Br)c1,unlabeled
2767143051,100,2cde006ff48a36a368d2,328,COc1cc(F)cc(Br)c1,gradient_train
2767143051,100,09879f6853acb50e1280,329,COc1cc(F)cc(Br)c1,unlabeled
2767143051,100,cd492dbc52d170e5a396,330,COc1cc(F)cc(Br)c1,gradient_train
2767143051,100,e1244cc412f81ac11bd3,331,COc1cc(F)cc(Br)c1,unlabeled
2767143051,100,69bed1df8dc3cf82927c,332,COc1cc(F)cc(Br)c1,test
2767143051,100,adc9f476f8b5d66fa85d,333,COc1cc(F)cc(Br)c1,unlabeled
2767143051,100,e7e3cdff8a4b43574b19,334,CC(C)(C)c1cc(C=O)cc(C(C)(C)C)c1,unlabeled
2767143051,100,22fcaa293d9525e1f4e7,335,CC(C)(C)c1cc(C=O)cc(C(C)(C)C)c1,gradient_train
2767143051,100,5965305884ee5fba94d8,336,CC(C)(C)c1cc(C=O)cc(C(C)(C)C)c1,unlabeled
2767143051,100,556baeed852270e9c0fc,337,CC(C)(C)c1cc(C=O)cc(C(C)(C)C)c1,unlabeled
2767143051,100,376fc6387117429bcb19,338,CC(C)(C)c1cc(C=O)cc(C(C)(C)C)c1,unlabeled
2767143051,100,3fbc880a145bcc2155c9,339,CC(C)(C)c1cc(C=O)cc(C(C)(C)C)c1,gradient_train
2767143051,100,2964279ae2fd8a820ae1,340,CC(C)(C)c1cc(C=O)cc(C(C)(C)C)c1,unlabeled
2767143051,100,c084940b1be4fa61738d,341,COc1cc(Br)cc(OC)c1,unlabeled
2767143051,100,deac65153d9204a230ec,342,COc1cc(Br)cc(OC)c1,test
2767143051,100,b5f0b6271cd244ade9a3,343,COc1cc(Br)cc(OC)c1,test
2767143051,100,79723584590c0a689474,344,COc1cc(Br)cc(OC)c1,unlabeled
2767143051,100,984bc17b1da105c753eb,345,COc1cc(Br)cc(OC)c1,unlabeled
2767143051,100,1b7e334ea83516d08ff5,346,COc1cc(Br)cc(OC)c1,unlabeled
2767143051,100,b8018c4bdaadd42a057a,347,COc1cc(Br)cc(OC)c1,test
2767143051,100,3b03dfa8ff44ff554734,348,O=Cc1cc(Br)ccc1O,gradient_train
2767143051,100,167f49f748fa35bdb29e,349,O=Cc1cc(Br)ccc1O,unlabeled
2767143051,100,7e19b816ecd8282ce2a1,350,O=Cc1cc(Br)ccc1O,validation
2767143051,100,0dffde5d00d50ee96173,351,O=Cc1cc(Br)ccc1O,test
2767143051,100,65bfb38b53dd53bc4f4c,352,O=Cc1cc(Br)ccc1O,unlabeled
2767143051,100,e79c5aedcfa41a5f23c9,353,O=Cc1cc(Br)ccc1O,unlabeled
2767143051,100,27b234a05f8c66fd059f,354,O=Cc1cc(Br)ccc1O,unlabeled
2767143051,100,1bf52d57e3b0d9ef0662,355,Cc1ccc(Cl)cc1Br,unlabeled
2767143051,100,867407c66038f21466a8,356,Cc1ccc(Cl)cc1Br,unlabeled
2767143051,100,fb19bbc052a528249f36,357,Cc1ccc(Cl)cc1Br,unlabeled
2767143051,100,13bebd0b1ab22fc7e93b,358,Cc1ccc(Cl)cc1Br,unlabeled
2767143051,100,c1b4c0f7481c01c40ec6,359,Cc1ccc(Cl)cc1Br,unlabeled
2767143051,100,bb159f5b8695e842d4ff,360,Cc1ccc(Cl)cc1Br,unlabeled
2767143051,100,ce70dba7026ce0b64f62,361,Cc1ccc(Cl)cc1Br,test
2767143051,100,a5ea3136b642f8a49607,362,N#Cc1ccccc1Br,test
2767143051,100,8671b386166171ebd7f7,363,N#Cc1ccccc1Br,unlabeled
2767143051,100,d344b363b8c01e73a6fa,364,N#Cc1ccccc1Br,unlabeled
2767143051,100,70e13ddfe9e6cc9b0f56,365,N#Cc1ccccc1Br,unlabeled
2767143051,100,35046c5ff35d8c8617bb,366,N#Cc1ccccc1Br,unlabeled
2767143051,100,848f6c84b4d5fc44c3c2,367,N#Cc1ccccc1Br,unlabeled
2767143051,100,0974fc9cbeb3820c4065,368,Cc1ccc(C=O)c(C)c1,unlabeled
2767143051,100,bc486e940c369b85ce28,369,Cc1ccc(C=O)c(C)c1,unlabeled
2767143051,100,9a29b268530b7a3321a0,370,Cc1ccc(C=O)c(C)c1,unlabeled
2767143051,100,51394d9af7adc7eff816,371,Cc1ccc(C=O)c(C)c1,unlabeled
2767143051,100,5cbed870fef2de105046,372,Cc1ccc(C=O)c(C)c1,unlabeled
2767143051,100,dbb854b36df7ed31d95f,373,Cc1ccc(C=O)c(C)c1,gradient_train
2767143051,100,0c0f89307cc4aff87ab6,374,Cc1ccc(C=O)c(C)c1,gradient_train
2767143051,100,a5d9706079ccfee3bdf4,375,COCCOC(=O)CC(C)=O,unlabeled
2767143051,100,bacef06b4d4d7374a4e4,376,COCCOC(=O)CC(C)=O,unlabeled
2767143051,100,74097878150c8a5a8d79,377,COCCOC(=O)CC(C)=O,unlabeled
2767143051,100,47404d0982a587f0393e,378,COCCOC(=O)CC(C)=O,unlabeled
2767143051,100,fb80794857ddc46e142c,379,CC(=O)c1ccc2c(c1)OCO2,unlabeled
2767143051,100,6f34563b6236c57b9c60,380,CC(=O)c1ccc2c(c1)OCO2,unlabeled
2767143051,100,147b560e4c606680c7b2,381,CC(=O)c1ccc2c(c1)OCO2,test
2767143051,100,7396668aaa8d372aa464,382,CC(=O)c1ccc2c(c1)OCO2,test
2767143051,100,78b04c44dfa852f4e621,383,CC(=O)c1ccc2c(c1)OCO2,gradient_train
2767143051,100,f191e08b3e95928a5423,384,CC(=O)c1ccc2c(c1)OCO2,unlabeled
2767143051,100,f5634113e0822bda1c03,385,CC(=O)c1ccc2c(c1)OCO2,gradient_train
2767143051,100,45264f1c88b241fb888c,386,CC(=O)c1c(C)cc(C)cc1C,unlabeled
2767143051,100,7b0fa77cbbcbd8e7c87a,387,CC(=O)c1c(C)cc(C)cc1C,unlabeled
2767143051,100,c514f60c28973fc116c5,388,CC(=O)c1c(C)cc(C)cc1C,unlabeled
2767143051,100,b63d546347919cb66716,389,CC(=O)c1c(C)cc(C)cc1C,test
2767143051,100,823c667f35cddfcbc346,390,CC(=O)c1c(C)cc(C)cc1C,test
2767143051,100,d2955aa36bd2b103c981,391,CC(=O)c1c(C)cc(C)cc1C,unlabeled
2767143051,100,4ce730c9ad4e20a0386e,392,CC(=O)c1c(C)cc(C)cc1C,gradient_train
2767143051,100,f3531a1565c8159ac5e2,393,CC(=O)c1ccc(C)cc1C,unlabeled
2767143051,100,c359fd726e50e2123f43,394,CC(=O)c1ccc(C)cc1C,unlabeled
2767143051,100,a9a623a9853c6b493ce4,395,CC(=O)c1ccc(C)cc1C,unlabeled
2767143051,100,784ca4af1517dac8cd11,396,CC(=O)c1ccc(C)cc1C,unlabeled
2767143051,100,4c36e8e7d179b4bfa11a,397,CC(=O)c1ccc(C)cc1C,gradient_train
2767143051,100,77fe8c752e01feedccfa,398,CC(=O)c1ccc(C)cc1C,unlabeled
2767143051,100,0a1949b42050f41b0db4,399,CC(=O)c1ccc(C)cc1C,unlabeled
2767143051,100,118d66c0e53f510c51ed,400,CC(=O)c1ccc2c(c1)Cc1ccccc1-2,unlabeled
2767143051,100,38aa81d53a6b39e9d8ef,401,CC(=O)c1ccc2c(c1)Cc1ccccc1-2,unlabeled
2767143051,100,c780d2f5194817087e07,402,CC(=O)c1ccc2c(c1)Cc1ccccc1-2,unlabeled
2767143051,100,546046afb5114d631360,403,CC(=O)c1ccc2c(c1)Cc1ccccc1-2,test
2767143051,100,dc9f747c03c55d77bf72,404,BrC(=C(c1ccccc1)c1ccccc1)c1ccccc1,test
2767143051,100,d29c00125d1c5dc55586,405,BrC(=C(c1ccccc1)c1ccccc1)c1ccccc1,unlabeled
2767143051,100,509e53644c411798f5b0,406,BrC(=C(c1ccccc1)c1ccccc1)c1ccccc1,unlabeled
2767143051,100,5ac5df671efee45d3ddf,407,BrC(=C(c1ccccc1)c1ccccc1)c1ccccc1,unlabeled
2767143051,100,1e8c03a5d84f08329475,408,BrC(=C(c1ccccc1)c1ccccc1)c1ccccc1,unlabeled
2767143051,100,a7f9a08159d001c30f67,409,BrC(=C(c1ccccc1)c1ccccc1)c1ccccc1,unlabeled
2767143051,100,97feb43dae8371e80d3b,410,BrC(=C(c1ccccc1)c1ccccc1)c1ccccc1,unlabeled
2767143051,100,2f612d3ec5e270672ad1,411,C/C(=N\O)c1ccccc1,gradient_train
2767143051,100,b089551184e4d70e386d,412,C/C(=N\O)c1ccccc1,unlabeled
2767143051,100,95f7b6c8f44b25feade0,413,C/C(=N\O)c1ccccc1,unlabeled
2767143051,100,b0f39affa1970d2700b7,414,C/C(=N\O)c1ccccc1,unlabeled
2767143051,100,af2973fb82b6d79d8c5e,415,C/C(=N\O)c1ccccc1,unlabeled
2767143051,100,3545611fd9950a160288,416,C/C(=N\O)c1ccccc1,unlabeled
2767143051,100,786c4179676f46638e4a,417,O=C(c1ccccc1)c1ccc(Cl)cc1,unlabeled
2767143051,100,937105af8867732c56ec,418,O=C(c1ccccc1)c1ccc(Cl)cc1,test
2767143051,100,711f210d4869259d0651,419,O=C(c1ccccc1)c1ccc(Cl)cc1,unlabeled
2767143051,100,26bb8ff67b7738527484,420,O=C(c1ccccc1)c1ccc(Cl)cc1,unlabeled
2767143051,100,6624c43f78e6697c8ac9,421,O=C(c1ccccc1)c1ccc(Cl)cc1,gradient_train
2767143051,100,f9b97e958092bd5cb81a,422,O=C(c1ccccc1)c1ccc(Cl)cc1,unlabeled
2767143051,100,2d53109003f718b780fa,423,Cc1ccc(C(=O)c2ccccc2)cc1C,gradient_train
2767143051,100,b9b624baffe611c30836,424,Cc1ccc(C(=O)c2ccccc2)cc1C,test
2767143051,100,f8a590eaa91d155f61da,425,Cc1ccc(C(=O)c2ccccc2)cc1C,test
2767143051,100,2fcaa537474ba2ae579f,426,Cc1ccc(C(=O)c2ccccc2)cc1C,gradient_train
2767143051,100,d914e4c833f2df567cac,427,Cc1ccc(C(=O)c2ccccc2)cc1C,unlabeled
2767143051,100,5048acae682925888d12,428,Cc1ccc(C(=O)c2ccccc2)cc1C,unlabeled
2767143051,100,41927f703a0632f098fb,429,CC(=O)CC(=O)c1ccccc1,unlabeled
2767143051,100,760d0bf0ec31747d3969,430,CC(=O)CC(=O)c1ccccc1,unlabeled
2767143051,100,d71aab82a8179d05294a,431,CC(=O)CC(=O)c1ccccc1,unlabeled
2767143051,100,25ffb25df5bec65a633b,432,CC(=O)CC(=O)c1ccccc1,unlabeled
2767143051,100,92d69b1849c34b7f1a80,433,CCOC(=O)C(Cc1ccccc1)C(C)=O,unlabeled
2767143051,100,a289439d96e27bec7cbc,434,CCOC(=O)C(Cc1ccccc1)C(C)=O,unlabeled
2767143051,100,4707a180fe4230c208ff,435,CCOC(=O)C(Cc1ccccc1)C(C)=O,unlabeled
2767143051,100,41921840a5681261ba98,436,CCOC(=O)C(Cc1ccccc1)C(C)=O,unlabeled
2767143051,100,b5080cde4f493a415fc5,437,CCOC(=O)C(Cc1ccccc1)C(C)=O,unlabeled
2767143051,100,1bbec08f4838f06da0fb,438,CCOC(=O)C(Cc1ccccc1)C(C)=O,unlabeled
2767143051,100,bd0519702a5756bc3c94,439,CCOC(=O)C(Cc1ccccc1)C(C)=O,unlabeled
2767143051,100,b7fa3dd8e6040788ae14,440,CCOC(=O)c1cccnc1,gradient_train
2767143051,100,2deca509a22158d15375,441,CCOC(=O)c1cccnc1,gradient_train
2767143051,100,b48dea92ecfc07816494,442,CCOC(=O)c1cccnc1,unlabeled
2767143051,100,82fa7e7b3bd183853280,443,CCOC(=O)c1cccnc1,gradient_train
2767143051,100,7ba2cf5e6ca289d9810f,444,CCOC(=O)c1cccnc1,unlabeled
2767143051,100,7dec4c1259ce3660b729,445,COc1ccc(OC)c(Br)c1,gradient_train
2767143051,100,768064b2e2a953d147d0,446,COc1ccc(OC)c(Br)c1,unlabeled
2767143051,100,212154e56fe15a3333a2,447,COc1ccc(OC)c(Br)c1,unlabeled
2767143051,100,c56a92db4ce7de66bee1,448,COc1ccc(OC)c(Br)c1,unlabeled
2767143051,100,48b99ebef2fd7718f678,449,COc1ccc(OC)c(Br)c1,unlabeled
2767143051,100,6da48b9dd6e1ed7e26fd,450,COc1ccc(OC)c(Br)c1,gradient_train
2767143051,100,a2eeeea4e6525c9d22d4,451,COc1ccc(OC)c(Br)c1,unlabeled
2767143051,100,1e0e33b1a77df72f4dd8,452,OCc1cccc(Br)c1,unlabeled
2767143051,100,371711577127c07527e3,453,OCc1cccc(Br)c1,unlabeled
2767143051,100,78d4810a82f060b5cf49,454,OCc1cccc(Br)c1,unlabeled
2767143051,100,1c04f02c0ea8c00b358d,455,OCc1cccc(Br)c1,unlabeled
2767143051,100,4bc0dc84991def63aa1b,456,O=C1CCCc2ccccc21,unlabeled
2767143051,100,2433f7a3f7959e1d1b74,457,O=C1CCCc2ccccc21,unlabeled
2767143051,100,944f0a85ec8978a60444,458,O=C1CCCc2ccccc21,gradient_train
2767143051,100,8afc083342d1c2e7f78a,459,O=C1CCCc2ccccc21,unlabeled
2767143051,100,c35ed383b2db14b3bc06,460,O=C1CCCc2ccccc21,unlabeled
2767143051,100,d7c72c92165e2c129547,461,O=C1CCCc2ccccc21,unlabeled
2767143051,100,e375bb01e53e46f8faee,462,O=C1CCCc2ccccc21,unlabeled
2767143051,100,fdc873b5607287090ff3,463,CSc1ccc(C=O)cc1,test
2767143051,100,80b4e33a8434ac29ed52,464,CSc1ccc(C=O)cc1,gradient_train
2767143051,100,ee60c3ffc43a4c2c965e,465,CSc1ccc(C=O)cc1,unlabeled
2767143051,100,95f10fffb85ea1b1f47a,466,CSc1ccc(C=O)cc1,gradient_train
2767143051,100,793d8259fd7820530cfe,467,Cc1ccccc1C=O,test
2767143051,100,13fb1511fffef8fc96e0,468,Cc1ccccc1C=O,gradient_train
2767143051,100,532a47d1b45e54d6326b,469,Cc1ccccc1C=O,unlabeled
2767143051,100,dcd70c2b5039c4268d56,470,Cc1ccccc1C=O,unlabeled
2767143051,100,22d860e7f246ca4272a4,471,Cc1ccccc1C=O,unlabeled
2767143051,100,f21df276243d861dc2b2,472,Cc1ccccc1C=O,test
2767143051,100,08820514e662ce6ea8f0,473,Cc1ccccc1C=O,test
2767143051,100,d60e09bca01342c7cfa6,474,O=Cc1ccc(Br)cc1O,unlabeled
2767143051,100,9dda290379fb047fc74d,475,O=Cc1ccc(Br)cc1O,unlabeled
2767143051,100,4a58b799c494875f6f27,476,O=Cc1ccc(Br)cc1O,unlabeled
2767143051,100,98a1ca00445d60f415d4,477,O=Cc1ccc(Br)cc1O,unlabeled
2767143051,100,ddecd252bb1099fb20f7,478,O=Cc1ccc(Br)cc1O,gradient_train
2767143051,100,226ebdbf914ce9333de8,479,O=Cc1ccc(Br)cc1O,test
2767143051,100,99dd4a9a47de5c84b7c0,480,O=Cc1ccc(Br)cc1O,unlabeled
2767143051,100,ecc7e2759499addc038f,481,CC(=O)c1ccc(Br)cc1,unlabeled
2767143051,100,66c1ee6eed3d1587de50,482,CC(=O)c1ccc(Br)cc1,gradient_train
2767143051,100,a26a131344d4dbd9645b,483,CC(=O)c1ccc(Br)cc1,unlabeled
2767143051,100,f0edd899ac987a1de9dd,484,CC(=O)c1ccc(Br)cc1,unlabeled
2767143051,100,0e13b08b0f9c772699e1,485,CC(=O)c1ccc(Br)cc1,unlabeled
2767143051,100,1254297404cc9db52ee2,486,CC(=O)c1ccc(Br)cc1,unlabeled
2767143051,100,bc8e1d805b36b63cbfbe,487,CC(=O)c1ccc(Br)cc1,test
2767143051,100,cd998cddd3dcb4fc8c92,488,O=C(Cc1ccccc1)c1ccccc1,gradient_train
2767143051,100,12e11e8eaee71fc57209,489,O=C(Cc1ccccc1)c1ccccc1,unlabeled
2767143051,100,054457c7699aabd6c619,490,O=C(Cc1ccccc1)c1ccccc1,unlabeled
2767143051,100,893e4c91da1b0b2f7d3e,491,O=C(Cc1ccccc1)c1ccccc1,unlabeled
2767143051,100,18e8a9c1ea6aa15c0d01,492,O=C(Cc1ccccc1)c1ccccc1,unlabeled
2767143051,100,bc582f1f4f4225f6d249,493,O=C(Cc1ccccc1)c1ccccc1,test
2767143051,100,d92ef85db0d1c0979197,494,O=C(Cc1ccccc1)c1ccccc1,test
2767143051,100,ddc0b27538aa926cbb6e,495,O=Cc1ccc(-c2ccccc2)cc1,unlabeled
2767143051,100,6dcfe9b1e0958f22523b,496,O=Cc1ccc(-c2ccccc2)cc1,unlabeled
2767143051,100,3cdf1bcd3739e20f72d2,497,O=Cc1ccc(-c2ccccc2)cc1,unlabeled
2767143051,100,a8e4c6001ce3245c634b,498,O=Cc1ccc(-c2ccccc2)cc1,test
2767143051,100,24b540d7814b4d9c5183,499,O=Cc1ccc(-c2ccccc2)cc1,unlabeled
2767143051,100,b0cadf050313e9a3a162,500,O=Cc1ccc(-c2ccccc2)cc1,test
2767143051,100,8837a8a19c37b63d2e48,501,O=Cc1ccc(-c2ccccc2)cc1,test
2767143051,100,23a832560d234735d954,502,O=Cc1ccc2ccccc2c1Br,unlabeled
2767143051,100,90777be8090491479de1,503,O=Cc1ccc2ccccc2c1Br,unlabeled
2767143051,100,926a7862066269f98d62,504,O=Cc1ccc2ccccc2c1Br,unlabeled
2767143051,100,2c51476c6fa3121c5dfc,505,O=Cc1ccc2ccccc2c1Br,unlabeled
2767143051,100,5a9449a7562d442b8669,506,O=Cc1ccc2ccccc2c1Br,unlabeled
2767143051,100,2cbca950d64fdcd81660,507,O=Cc1ccc2ccccc2c1Br,unlabeled
2767143051,100,fb1fdaa4bc60434648f7,508,O=Cc1ccc2ccccc2c1Br,unlabeled
2767143051,100,9e46dbe8a460d3f96a27,509,O=C(/C=C/c1ccccc1)c1ccccc1,gradient_train
2767143051,100,31e75b850983502aa64f,510,O=C(/C=C/c1ccccc1)c1ccccc1,unlabeled
2767143051,100,b566ed83f272904657ba,511,O=C(/C=C/c1ccccc1)c1ccccc1,gradient_train
2767143051,100,c2be1e8f7c2c080f49f5,512,O=C(/C=C/c1ccccc1)c1ccccc1,unlabeled
2767143051,100,fde2d968ab29d13d4f1d,513,O=C(/C=C/c1ccccc1)c1ccccc1,unlabeled
2767143051,100,240da69c823911ff5ccc,514,O=C(/C=C/c1ccccc1)c1ccccc1,unlabeled
2767143051,100,b2b26956a788c2a8c7e9,515,O=C(/C=C/c1ccccc1)c1ccccc1,unlabeled
2767143051,100,f3b80f5fe97d26fd8383,516,O=C(/C=C/c1ccccc1)/C=C/c1ccccc1,test
2767143051,100,d60f7e6b21ea96567843,517,O=C(/C=C/c1ccccc1)/C=C/c1ccccc1,unlabeled
2767143051,100,bb61793cbbbe2bfa4e12,518,O=C(/C=C/c1ccccc1)/C=C/c1ccccc1,test
2767143051,100,d078d930aa37448ec4aa,519,O=C(/C=C/c1ccccc1)/C=C/c1ccccc1,unlabeled
2767143051,100,8cd132f293d2823adc8d,520,O=C(/C=C/c1ccccc1)/C=C/c1ccccc1,unlabeled
2767143051,100,88f58ab7b7cf02f8f134,521,O=C(/C=C/c1ccccc1)/C=C/c1ccccc1,unlabeled
2767143051,100,17bdb259a18419ca296f,522,O=C(/C=C/c1ccccc1)/C=C/c1ccccc1,unlabeled
2767143051,100,77c599d272254892b6ec,523,CC1CCC(=O)c2ccccc21,unlabeled
2767143051,100,b393af61f6769ceccbc0,524,CC1CCC(=O)c2ccccc21,unlabeled
2767143051,100,49668be051b44a819f00,525,CC1CCC(=O)c2ccccc21,unlabeled
2767143051,100,ffa86b2ffa5ac89b0720,526,CC1CCC(=O)c2ccccc21,unlabeled
2767143051,100,43aa4f12be94a8a96b35,527,CC1CCC(=O)c2ccccc21,gradient_train
2767143051,100,c09fbafa246c8d17b677,528,CC1CCC(=O)c2ccccc21,unlabeled
2767143051,100,f38afd5febe30c01c852,529,CC1CCC(=O)c2ccccc21,test
2767143051,100,490ab56dde175e9b97f5,530,O=C(Cc1ccccc1F)C1CC1,unlabeled
2767143051,100,3156893d5d2368c286a5,531,O=C(Cc1ccccc1F)C1CC1,test
2767143051,100,5ca73775e77c8e07812b,532,O=C(Cc1ccccc1F)C1CC1,unlabeled
2767143051,100,e90e636dced92c2b53d7,533,O=C(Cc1ccccc1F)C1CC1,unlabeled
2767143051,100,21e4905ef98fba65035a,534,O=C(Cc1ccccc1F)C1CC1,validation
2767143051,100,2eda4e5a40a9021016cb,535,O=C(Cc1ccccc1F)C1CC1,unlabeled
2767143051,100,9c357cc9e9b8199eb1e0,536,O=C(Cc1ccccc1F)C1CC1,gradient_train
2767143051,100,51091e7a7f83732eaf1b,537,CCC(=O)c1cccc(Br)c1,unlabeled
2767143051,100,71577790a52cb379d81f,538,CCC(=O)c1cccc(Br)c1,unlabeled
2767143051,100,e3b2ac778da2b86aa873,539,CCC(=O)c1cccc(Br)c1,unlabeled
2767143051,100,1046fdfaf24728b107ba,540,CCC(=O)c1cccc(Br)c1,unlabeled
2767143051,100,2e10d8b186d86053260f,541,CCC(=O)c1cccc(Br)c1,unlabeled
2767143051,100,5111664a952a4ab7d54e,542,CCC(=O)c1cccc(Br)c1,gradient_train
2767143051,100,ffcab07e0d31056e0d4a,543,CCC(=O)c1cccc(Br)c1,unlabeled
2767143051,100,b6bb9be5584029502820,544,COCCCCC(=O)c1ccc(C(F)(F)F)cc1,unlabeled
2767143051,100,60a000cb56517513c4d2,545,COCCCCC(=O)c1ccc(C(F)(F)F)cc1,test
2767143051,100,677c30b5727454c7a81e,546,COCCCCC(=O)c1ccc(C(F)(F)F)cc1,unlabeled
2767143051,100,94bc1858c275dcb3d476,547,COCCCCC(=O)c1ccc(C(F)(F)F)cc1,test
2767143051,100,06c29062334b43b0d12f,548,COCCCCC(=O)c1ccc(C(F)(F)F)cc1,gradient_train
2767143051,100,80e66bd0e8e9450537bb,549,COCCCCC(=O)c1ccc(C(F)(F)F)cc1,unlabeled
2767143051,100,b82c7c8060589ec1974b,550,CCCC(=O)c1ccc(-c2ccccc2)cc1,unlabeled
2767143051,100,57e291b74a249c9dd3ff,551,CCCC(=O)c1ccc(-c2ccccc2)cc1,unlabeled
2767143051,100,7d6bcd84e5a6861fc8fc,552,CCCC(=O)c1ccc(-c2ccccc2)cc1,unlabeled
2767143051,100,2d37adf0d65a19bc2c0c,553,CCCC(=O)c1ccc(-c2ccccc2)cc1,unlabeled
2767143051,100,3c892a45de6ec4625f37,554,CCCC(=O)c1ccc(-c2ccccc2)cc1,gradient_train
2767143051,100,e2c826d98b2bbeb6f48b,555,CCCC(=O)c1ccc(-c2ccccc2)cc1,unlabeled
2767143051,100,ce61c0bd799e65402b75,556,CCCC(=O)c1ccc(-c2ccccc2)cc1,unlabeled
2767143051,100,0f05b5ba6eb528d54b4b,557,O=C(c1ccccc1)c1cccc(C(=O)c2ccccc2)c1,unlabeled
2767143051,100,c4412adf038c7f6ea3c2,558,O=C(c1ccccc1)c1cccc(C(=O)c2ccccc2)c1,unlabeled
2767143051,100,182fc7fe888dbb9535bb,559,O=C(c1ccccc1)c1cccc(C(=O)c2ccccc2)c1,unlabeled
2767143051,100,8abf9c0719e2d67a22f9,560,O=C(c1ccccc1)c1cccc(C(=O)c2ccccc2)c1,unlabeled
2767143051,100,b8a4c06710d95c33cfe1,561,O=C(c1ccccc1)c1cccc(C(=O)c2ccccc2)c1,unlabeled
2767143051,100,7e451fd74af5bfa51ac9,562,O=C(c1ccccc1)c1cccc(C(=O)c2ccccc2)c1,unlabeled
2767143051,100,07e9bc7a9d27fdd58c2f,563,O=C(c1ccccc1)c1cccc(C(=O)c2ccccc2)c1,unlabeled
2767143051,100,2f828b7aa8c3e93352da,564,CCC(=O)c1cccnc1,test
2767143051,100,4365d2fb106c18823aac,565,CCC(=O)c1cccnc1,test
2767143051,100,4c6a8ef1c87748df99f2,566,CCC(=O)c1cccnc1,unlabeled
2767143051,100,aca0ef1613a0a07a0431,567,O=C(CCCCl)c1ccc(F)cc1,unlabeled
2767143051,100,f98f5943ca73a5b809a1,568,O=C(CCCCl)c1ccc(F)cc1,unlabeled
2767143051,100,405638494c5a95206866,569,O=C(CCCCl)c1ccc(F)cc1,unlabeled
2767143051,100,76e188b0e48b99f36582,570,O=C(CCCCl)c1ccc(F)cc1,unlabeled
2767143051,100,26aa0143305ac532a560,571,O=C(CCCCl)c1ccc(F)cc1,unlabeled
2767143051,100,283be89c092cfa4a5cbb,572,O=C(CCCCl)c1ccc(F)cc1,unlabeled
2767143051,100,0ffc20c3f979502b8a09,573,O=C(CCCCl)c1ccc(F)cc1,unlabeled
1362771960,30,bbabdb9085edbb8c178b,0,CC(C)(CCl)c1ccccc1,unlabeled
1362771960,30,96dc3dc2ebd074200228,1,CC(C)(CCl)c1ccccc1,unlabeled
1362771960,30,6322e8f867a741eed74c,2,CC(C)(CCl)c1ccccc1,unlabeled
1362771960,30,c2b0aff65443af0a8618,3,CC(C)(CCl)c1ccccc1,test
1362771960,30,f4b69d88ad1d916ee71a,4,CC(C)(CCl)c1ccccc1,unlabeled
1362771960,30,0f3559d035355b0eec80,5,CC(C)(CCl)c1ccccc1,unlabeled
1362771960,30,d29a94054067cd60dd70,6,CC(C)(CCl)c1ccccc1,unlabeled
1362771960,30,31d92ca6486b229184cf,7,OCCCc1ccccc1,unlabeled
1362771960,30,8a84cca322477165b719,8,OCCCc1ccccc1,unlabeled
1362771960,30,9cf769277f6b42d15f11,9,OCCCc1ccccc1,unlabeled
1362771960,30,7a0a82051f50d5b0c89c,10,OCCCc1ccccc1,unlabeled
1362771960,30,c79f29f048bbfd157f98,11,BrCCCc1ccccc1,unlabeled
1362771960,30,df0074b49eeb620c0768,12,BrCCCc1ccccc1,unlabeled
1362771960,30,f0097bc6b7827ef65922,13,BrCCCc1ccccc1,unlabeled
1362771960,30,44348f5c4aea3b41ee9d,14,BrCCCc1ccccc1,unlabeled
1362771960,30,482cb91fac7f2a936dca,15,BrCCCc1ccccc1,unlabeled
1362771960,30,a5c6210123f05414ffc0,16,BrCCCc1ccccc1,test
1362771960,30,a82e55e1cd19814ea307,17,BrCCCc1ccccc1,unlabeled
1362771960,30,6ee3c70647b37dcd5417,18,ClCCCc1ccccc1,unlabeled
1362771960,30,2c7e37ef828eb17c78fb,19,ClCCCc1ccccc1,validation
1362771960,30,7ab9c351196ad891e172,20,ClCCCc1ccccc1,unlabeled
1362771960,30,7062ca665af0f9bba6c9,21,ClCCCc1ccccc1,unlabeled
1362771960,30,6644e934f59d8b816b9f,22,ClCCCc1ccccc1,unlabeled
1362771960,30,8cc7c76a92a4474d7c6a,23,ClCCCc1ccccc1,unlabeled
1362771960,30,c883df6ea04f89f45f03,24,ClCCCc1ccccc1,unlabeled
1362771960,30,46ed1e35ca65ace74790,25,COc1ccc(CO)cc1,unlabeled
1362771960,30,ec581cec37da9563e756,26,COc1ccc(CO)cc1,unlabeled
1362771960,30,c2bd8e8f13a96726e7fc,27,COc1ccc(CO)cc1,unlabeled
1362771960,30,f1afcbd393ce4f5a6316,28,COc1ccc(CO)cc1,unlabeled
1362771960,30,2909efb29670d8f2286d,29,CCOC(=O)C(C)(C)Br,unlabeled
1362771960,30,56b391fdec7a2a622e52,30,CCOC(=O)C(C)(C)Br,unlabeled
1362771960,30,8a9485661ac2c4576006,31,CCOC(=O)C(C)(C)Br,unlabeled
1362771960,30,7f6d1cdee16de4a37a21,32,CCOC(=O)C(C)(C)Br,unlabeled
1362771960,30,fd7bf535ef538434b384,33,CCOC(=O)C(C)(C)Br,unlabeled
1362771960,30,651bb6b60c62819a4323,34,CCOC(=O)C(C)(C)Br,unlabeled
1362771960,30,2a61203b59218a3cbdc6,35,CCOC(=O)C(C)(C)Br,unlabeled
1362771960,30,6d6c0510303dec89b2fe,36,COc1ccc(C=O)cc1,unlabeled
1362771960,30,f81dc37125414986a0bb,37,COc1ccc(C=O)cc1,unlabeled
1362771960,30,400615278105cebb3ed9,38,COc1ccc(C=O)cc1,unlabeled
1362771960,30,5d04f6757b59f5c356bb,39,COc1ccc(C=O)cc1,unlabeled
1362771960,30,a074620f6970d8f89567,40,COc1ccc(C=O)cc1,unlabeled
1362771960,30,454c1ea3beebbec4befe,41,COc1ccc(C=O)cc1,unlabeled
1362771960,30,f95928e2618ed15e654f,42,COc1ccc(C=O)cc1,test
1362771960,30,3a02b99399bb0c3e9ff9,43,COC(=O)C#CC(=O)OC,unlabeled
1362771960,30,b80a4f9e4b61f534ee9e,44,COC(=O)C#CC(=O)OC,unlabeled
1362771960,30,2690de155843f45b00a3,45,COC(=O)C#CC(=O)OC,unlabeled
1362771960,30,549eb8499df5181b3558,46,COC(=O)C#CC(=O)OC,unlabeled
1362771960,30,02c141e2551937d10f4e,47,COC(=O)C#CC(=O)OC,unlabeled
1362771960,30,9069807baff6cbfbde75,48,COC(=O)C#CC(=O)OC,unlabeled
1362771960,30,1fe1163f7d97c16f3822,49,CC(=O)c1ccccc1,unlabeled
1362771960,30,1e86d81fe1995d367fe1,50,CC(=O)c1ccccc1,unlabeled
1362771960,30,614e6d0929b0845d454b,51,CC(=O)c1ccccc1,unlabeled
1362771960,30,358681452207464d171e,52,CC(=O)c1ccccc1,unlabeled
1362771960,30,c00e01085f35d19cd90f,53,CC(=O)c1ccccc1,unlabeled
1362771960,30,a542d702abb1fa77a6fc,54,CC(=O)c1ccccc1,unlabeled
1362771960,30,77577e6f6f0aa6789972,55,CCOC(=O)C(C)Br,unlabeled
1362771960,30,298017c801a97653f57d,56,CCOC(=O)C(C)Br,unlabeled
1362771960,30,849796401ee485c617a5,57,CCOC(=O)C(C)Br,unlabeled
1362771960,30,67cc8304e3e618d7416a,58,CCOC(=O)C(C)Br,unlabeled
1362771960,30,c7bc53c45a1962a88ec3,59,CCOC(=O)C(C)Br,test
1362771960,30,76b9db19f45b8222d962,60,CCOC(=O)C(C)Br,unlabeled
1362771960,30,0279fb0f7dba4b54a816,61,CCOC(=O)CC(=O)c1ccccc1,unlabeled
1362771960,30,ca203ccf20ce8e74d86d,62,CCOC(=O)CC(=O)c1ccccc1,unlabeled
1362771960,30,029d48fc98a886c9fec4,63,CCOC(=O)CC(=O)c1ccccc1,unlabeled
1362771960,30,1e578360bd7749f6b397,64,CCOC(=O)CC(=O)c1ccccc1,unlabeled
1362771960,30,05c14d26f4aa6f7c48b0,65,CCOC(=O)CC(=O)c1ccccc1,unlabeled
1362771960,30,53d046afde1259a727f9,66,CCOC(=O)CC(=O)c1ccccc1,unlabeled
1362771960,30,35ba50ab027f5f170aba,67,CCOC(=O)CC(=O)c1ccccc1,unlabeled
1362771960,30,130d76d2d46a287c5dea,68,CC(=O)c1ccccc1C,unlabeled
1362771960,30,3ef4b1ab56fe40940b42,69,CC(=O)c1ccccc1C,unlabeled
1362771960,30,a340148c4096f80cc125,70,CC(=O)c1ccccc1C,test
1362771960,30,57af4b867d9cd419ebb9,71,CC(=O)c1ccccc1C,unlabeled
1362771960,30,ff8745125a0eeb17c1e5,72,CC(=O)c1ccccc1C,unlabeled
1362771960,30,41a468134f078d2de17d,73,CC(=O)c1ccccc1C,unlabeled
1362771960,30,b4899d5d03e44fbf885c,74,CC(=O)c1ccccc1C,unlabeled
1362771960,30,bd93eaa60288fd0d5e89,75,CC(=O)c1ccc(C)cc1,unlabeled
1362771960,30,2797757b00a9f254ef2e,76,CC(=O)c1ccc(C)cc1,unlabeled
1362771960,30,fad37552a4a2eae19961,77,CC(=O)c1ccc(C)cc1,unlabeled
1362771960,30,6936556d392803de12ed,78,CC(=O)c1ccc(C)cc1,unlabeled
1362771960,30,fd3f8b6ec11d13a8412d,79,CC(=O)c1ccc(C)cc1,unlabeled
1362771960,30,b71b23379d73c3637a76,80,CC(=O)c1ccc(C)cc1,test
1362771960,30,2a9d111386ac232bbf79,81,CC(=O)c1ccc(C)cc1,unlabeled
1362771960,30,ca00dd1990fd356443cb,82,COC(=O)c1ccccc1O,unlabeled
1362771960,30,924106530353757625ba,83,COC(=O)c1ccccc1O,unlabeled
1362771960,30,f0d3ae15346c6cb6928d,84,COC(=O)c1ccccc1O,unlabeled
1362771960,30,0b6fe9b9da26ddc80e99,85,COC(=O)c1ccccc1O,unlabeled
1362771960,30,a9a4b1ef530ce6f46a1c,86,COC(=O)c1ccccc1O,unlabeled
1362771960,30,f0245d145e2758fc9ff8,87,COC(=O)c1ccccc1O,unlabeled
1362771960,30,f33380e15f0fd8b62027,88,COC(=O)c1ccccc1O,unlabeled
1362771960,30,1773be1aaa4102ae19f0,89,CC(=O)CC(=O)OC(C)(C)C,unlabeled
1362771960,30,1895e2147dd146c4e564,90,CC(=O)CC(=O)OC(C)(C)C,unlabeled
1362771960,30,e7c8cd496e2795b23cb3,91,CC(=O)CC(=O)OC(C)(C)C,unlabeled
1362771960,30,60f64adee75a0999c5d5,92,CC(=O)CC(=O)OC(C)(C)C,unlabeled
1362771960,30,851993fe56d61c8bf074,93,CC(=O)CC(=O)OC(C)(C)C,test
1362771960,30,4e6d2ab0e823ac1d4b58,94,CC(=O)CC(=O)OC(C)(C)C,unlabeled
1362771960,30,452aebfcddc0b031c20d,95,CCOC(=O)Cc1ccccc1,unlabeled
1362771960,30,a67ee30ac22b3511e0af,96,CCOC(=O)Cc1ccccc1,test
1362771960,30,4c52102f0b5a693d59bc,97,CCOC(=O)Cc1ccccc1,test
1362771960,30,f21e8077ac7b6ec1d038,98,CCOC(=O)Cc1ccccc1,unlabeled
1362771960,30,982611df66af1cf7c2f5,99,CCOC(=O)Cc1ccccc1,unlabeled
1362771960,30,d9e344f199dc9a567b5f,100,CCOC(=O)Cc1ccccc1,test
1362771960,30,74706f7e5d10b9245796,101,CCOC(=O)Cc1ccccc1,gradient_train
1362771960,30,f5d7ae6c2608335325ff,102,COC(=O)c1ccccc1N,unlabeled
1362771960,30,f66e095007d9d0923ce2,103,COC(=O)c1ccccc1N,unlabeled
1362771960,30,c9a57e8accca7da9758b,104,COC(=O)c1ccccc1N,unlabeled
1362771960,30,f7b1b9737459397f9ace,105,COC(=O)c1ccccc1N,unlabeled
1362771960,30,68feec66f657364ebeaa,106,COC(=O)c1ccccc1N,unlabeled
1362771960,30,96ccc1b8240fc2e9c1f3,107,COC(=O)c1ccccc1N,unlabeled
1362771960,30,16eec4a03ec235274042,108,CCOC(=O)/C=C/c1ccccc1,unlabeled
1362771960,30,92e4f80b3943134ebe86,109,CCOC(=O)/C=C/c1ccccc1,unlabeled
1362771960,30,e15e8a4f329d3a08aff9,110,CCOC(=O)/C=C/c1ccccc1,unlabeled
1362771960,30,6cec450baf7517436df6,111,CCOC(=O)/C=C/c1ccccc1,test
1362771960,30,48b79e49508df9f5fd6d,112,CCOC(=O)/C=C/c1ccccc1,unlabeled
1362771960,30,404dc3e2801a9a9d52aa,113,CCOC(=O)/C=C/c1ccccc1,unlabeled
1362771960,30,c72867f0f2e38c70aa8c,114,CCOC(=O)/C=C/c1ccccc1,unlabeled
1362771960,30,d9d3d24a75ff511e108a,115,COC(=O)c1ccc(C(C)(C)C)cc1,test
1362771960,30,f40ca479a9e86b5d5458,116,COC(=O)c1ccc(C(C)(C)C)cc1,unlabeled
1362771960,30,b7770c04c72527e1d9f6,117,COC(=O)c1ccc(C(C)(C)C)cc1,unlabeled
1362771960,30,a433dc0f6a13e9ace41d,118,COC(=O)c1ccc(C(C)(C)C)cc1,unlabeled
1362771960,30,e399250d7156727de0fd,119,COC(=O)c1ccc(C(C)(C)C)cc1,unlabeled
1362771960,30,3122a2210bde68deb81e,120,COC(=O)c1ccc(C(C)(C)C)cc1,test
1362771960,30,c9460286f85a5ec0f4fc,121,COC(=O)c1ccc(C(C)(C)C)cc1,unlabeled
1362771960,30,13b0b7952199157a8399,122,CCOC(=O)/C=C(/C)N,unlabeled
1362771960,30,759d5133ee82740013bf,123,CCOC(=O)/C=C(/C)N,unlabeled
1362771960,30,c9bf385316b464cd2e8d,124,CCOC(=O)/C=C(/C)N,unlabeled
1362771960,30,f248b9b89d62a22b03c3,125,CCOC(=O)/C=C(/C)N,unlabeled
1362771960,30,10d51839b15b94f0ae56,126,CCOC(=O)/C=C(/C)N,unlabeled
1362771960,30,e66b24ec1e4dfa9a9a57,127,CCOC(=O)/C=C(/C)N,unlabeled
1362771960,30,506597d02ff322a77a8d,128,CCOC(=O)/C=C(/C)N,unlabeled
1362771960,30,d2951bd3bb1608688f0d,129,CCOC(=O)/C=C(/C)N,unlabeled
1362771960,30,7d3c6ef279245ca08a2f,130,CCOC(=O)/C=C(/C)N,unlabeled
1362771960,30,e6886d2fb3090517172b,131,CCOC(=O)/C=C(/C)N,unlabeled
1362771960,30,d31d42caff135d7154c4,132,CCOC(=O)/C=C(/C)N,unlabeled
1362771960,30,3d7aa38258001eb6ba67,133,CC(C)COC(=O)c1ccccc1,test
1362771960,30,b3409bbbf3b06d73afca,134,CC(C)COC(=O)c1ccccc1,unlabeled
1362771960,30,5ce75d3f6df6d318cb8a,135,CC(C)COC(=O)c1ccccc1,unlabeled
1362771960,30,28f4ab2563d03e831cf0,136,CC(C)COC(=O)c1ccccc1,unlabeled
1362771960,30,b95bbdf393e00f41a6df,137,CC(C)COC(=O)c1ccccc1,unlabeled
1362771960,30,1e73138aa057a5e2b67f,138,CC(C)COC(=O)c1ccccc1,unlabeled
1362771960,30,1319bf7018ee9b9a5b9f,139,CCOC(=O)c1ccccc1,gradient_train
1362771960,30,99398d649f02f80651f1,140,CCOC(=O)c1ccccc1,unlabeled
1362771960,30,240787bdbf2abc17e093,141,CCOC(=O)c1ccccc1,unlabeled
1362771960,30,4afc7ef2732850bea176,142,CCOC(=O)c1ccccc1,unlabeled
1362771960,30,181f6c7852b17df8f194,143,CCOC(=O)c1ccccc1,unlabeled
1362771960,30,474238f822b0c38795c6,144,CCOC(=O)c1ccccc1,unlabeled
1362771960,30,5eb80e21463443b22d14,145,CCOC(=O)c1ccccc1,unlabeled
1362771960,30,f6e991e3dc3a3d3c5d89,146,COc1ccc(CCO)cc1,unlabeled
1362771960,30,9991421da8e18008fc91,147,COc1ccc(CCO)cc1,unlabeled
1362771960,30,9e93bad2014e7ab1a680,148,COc1ccc(CCO)cc1,unlabeled
1362771960,30,3d5dc8831f4c74f7b7d1,149,COc1ccc(CCO)cc1,unlabeled
1362771960,30,d5a7e1d47a58e1323805,150,Cc1ccc(C(C)C)cc1,unlabeled
1362771960,30,5c32bb6f3bbf72dcb37e,151,Cc1ccc(C(C)C)cc1,test
1362771960,30,e545485bf1a51a3ea557,152,Cc1ccc(C(C)C)cc1,unlabeled
1362771960,30,8ea9d90b217f4096f42f,153,Cc1ccc(C(C)C)cc1,unlabeled
1362771960,30,9ed80c28328fabe87261,154,Cc1ccc(C(C)C)cc1,unlabeled
1362771960,30,f1ea027f4cb80b10d15b,155,Cc1ccc(C(C)C)cc1,unlabeled
1362771960,30,dcfc9eaebf799d451fdb,156,Cc1ccc(C(C)C)cc1,unlabeled
1362771960,30,6c1f19a34a40cbf98728,157,CC(C)(O)CCc1ccccc1,unlabeled
1362771960,30,cf45ee02778c0243ad50,158,CC(C)(O)CCc1ccccc1,unlabeled
1362771960,30,88581d99a415bf271788,159,CC(C)(O)CCc1ccccc1,validation
1362771960,30,8753ab545dd1cf036a3a,160,CC(C)(O)CCc1ccccc1,unlabeled
1362771960,30,d59d233a1606de5b6deb,161,CC(C)(O)CCc1ccccc1,unlabeled
1362771960,30,964a62fb7d677de0f711,162,CC(C)CCOC(=O)c1ccccc1,unlabeled
1362771960,30,f35f8782c107387233ed,163,CC(C)CCOC(=O)c1ccccc1,test
1362771960,30,4d602abaaf336ac523e4,164,CC(C)CCOC(=O)c1ccccc1,unlabeled
1362771960,30,4768b747981033fbdf34,165,CC(C)CCOC(=O)c1ccccc1,unlabeled
1362771960,30,3df34ab1c0d58c86999e,166,CC(C)CCOC(=O)c1ccccc1,unlabeled
1362771960,30,8b67a1246fe892b6581d,167,CC(C)CCOC(=O)c1ccccc1,unlabeled
1362771960,30,2bafcbea1bb66eb60a71,168,CC(C)CCOC(=O)c1ccccc1,unlabeled
1362771960,30,2beadb75e05408973f02,169,CCOC(=O)/C=C/c1ccccc1,gradient_train
1362771960,30,dd7cae2667a1348a2caf,170,CCOC(=O)/C=C/c1ccccc1,test
1362771960,30,56f1cecfc0c6c3d224be,171,CCOC(=O)/C=C/c1ccccc1,unlabeled
1362771960,30,6278b7d64a22dbe3844e,172,CCOC(=O)/C=C/c1ccccc1,unlabeled
1362771960,30,a75e421e756083edea35,173,CCOC(=O)/C=C/c1ccccc1,unlabeled
1362771960,30,c9f7ab78e90454873661,174,CCOC(=O)/C=C/c1ccccc1,unlabeled
1362771960,30,b36d7c12e6d3072467ee,175,CCOC(=O)/C=C/c1ccccc1,unlabeled
1362771960,30,5dc7d31c57624ac47575,176,COc1ccc(C)cc1OC,unlabeled
1362771960,30,7dea14d96460814919d3,177,COc1ccc(C)cc1OC,unlabeled
1362771960,30,83a16763654b3b743265,178,COc1ccc(C)cc1OC,unlabeled
1362771960,30,ee96bcc328a38cb12519,179,COc1ccc(C)cc1OC,unlabeled
1362771960,30,62763fd48ebc7554402f,180,COc1ccc(C)cc1OC,unlabeled
1362771960,30,dd29d0f859e11f70f4ec,181,COc1ccc(C)cc1OC,unlabeled
1362771960,30,826e9f40c328ce2478ec,182,COc1ccc(C)cc1OC,unlabeled
1362771960,30,2e684264400b651dae88,183,C1=Cc2ccccc2C1,unlabeled
1362771960,30,e4f37e6e6def0eec724a,184,C1=Cc2ccccc2C1,test
1362771960,30,fda6d7aa920e5400a222,185,C1=Cc2ccccc2C1,gradient_train
1362771960,30,ee0eba88726c692c7f0c,186,C1=Cc2ccccc2C1,test
1362771960,30,c438c37de3a60de0e84a,187,C1=Cc2ccccc2C1,unlabeled
1362771960,30,f51bc35441c8ba7713b6,188,C1=Cc2ccccc2C1,unlabeled
1362771960,30,cb1bb21d54890633943c,189,C1=Cc2ccccc2C1,unlabeled
1362771960,30,2e561b136ec088ba3eff,190,Cc1ccc(C)cc1,unlabeled
1362771960,30,0d6f66d7971473a2cef9,191,Cc1ccc(C)cc1,unlabeled
1362771960,30,6950f8ebe95298defec5,192,Cc1ccc(C)cc1,unlabeled
1362771960,30,1837a52df085e2fc70d1,193,Cc1ccc(C)cc1,unlabeled
1362771960,30,8067767b73f132489d46,194,Cc1ccc(C)cc1,unlabeled
1362771960,30,bc3f10fed296515e66e5,195,Cc1ccc(C)cc1,unlabeled
1362771960,30,369517a8e4fab7d4e0e5,196,Cc1ccc(C)cc1,unlabeled
1362771960,30,acc1a540efdb60e4fa76,197,ClCCc1ccccc1,unlabeled
1362771960,30,b849b02cc7a096ff6f6a,198,ClCCc1ccccc1,unlabeled
1362771960,30,75b105d94d176eec90ba,199,ClCCc1ccccc1,unlabeled
1362771960,30,4699975b36aa2351be18,200,ClCCc1ccccc1,unlabeled
1362771960,30,a2ecd7c05da585c2a35e,201,ClCCc1ccccc1,unlabeled
1362771960,30,82843c7e3b9005c1abb0,202,ClCCc1ccccc1,unlabeled
1362771960,30,216e9e13c0587f197c0b,203,ClCCc1ccccc1,unlabeled
1362771960,30,31162ac7e21c9688cbdc,204,CC(O)c1ccccc1,test
1362771960,30,82ffe9abc3d02f4b970f,205,CC(O)c1ccccc1,unlabeled
1362771960,30,35eae227e68fe7434e68,206,CC(O)c1ccccc1,unlabeled
1362771960,30,82b6a0a8f122317d79d4,207,CC(O)c1ccccc1,unlabeled
1362771960,30,9b28c23ad1d4dda9fe1a,208,CC(O)c1ccccc1,unlabeled
1362771960,30,4455212440cbaf6d51e2,209,COc1ccccc1,unlabeled
1362771960,30,fcea8574ae051fe11483,210,COc1ccccc1,unlabeled
1362771960,30,04d4a16ff682bc7c55c8,211,COc1ccccc1,validation
1362771960,30,62ca5eadee5ef28e9aeb,212,COc1ccccc1,unlabeled
1362771960,30,42f031acb8211bfbf67f,213,COc1ccccc1,unlabeled
1362771960,30,472b8f06caf25ffe6c7a,214,COc1ccccc1,unlabeled
1362771960,30,d532e4ccbab971232d40,215,COc1ccccc1,unlabeled
1362771960,30,bae9f1ce7c04e7ccf16b,216,CCOC(=O)C(Br)C(=O)OCC,unlabeled
1362771960,30,fc58ac30a03fcb0ec051,217,CCOC(=O)C(Br)C(=O)OCC,unlabeled
1362771960,30,c4b569d1149e4ec87b12,218,CCOC(=O)C(Br)C(=O)OCC,gradient_train
1362771960,30,53d7fb31d852cbb33059,219,CCOC(=O)C(Br)C(=O)OCC,test
1362771960,30,265addbdd355a85c628d,220,CCOC(=O)C(Br)C(=O)OCC,test
1362771960,30,b07e3b186c5f9a698624,221,CCOC(=O)C(Br)C(=O)OCC,unlabeled
1362771960,30,28c4b7ec4bf7f486b68c,222,CCOC(=O)C(Br)C(=O)OCC,unlabeled
1362771960,30,c9d7d885160197c7f67c,223,c1ccc(COCc2ccccc2)cc1,unlabeled
1362771960,30,e2869f5cf5635b6ae9c1,224,c1ccc(COCc2ccccc2)cc1,unlabeled
1362771960,30,49865eda3c0e936157be,225,c1ccc(COCc2ccccc2)cc1,unlabeled
1362771960,30,d26cffd9ef4da9800470,226,c1ccc(COCc2ccccc2)cc1,unlabeled
1362771960,30,ce9ac115ce41ab41f01d,227,c1ccc(COCc2ccccc2)cc1,unlabeled
1362771960,30,b2b5155e06ff9134c6a4,228,c1ccc(COCc2ccccc2)cc1,test
1362771960,30,f1aabb6243aed53011cb,229,c1ccc(COCc2ccccc2)cc1,unlabeled
1362771960,30,ebc9c107c2207e99cf79,230,CCOC(=O)CC(C)=O,gradient_train
1362771960,30,f373e0ffa24cb51dd13a,231,CCOC(=O)CC(C)=O,unlabeled
1362771960,30,bcb35848089ca50a1eef,232,CCOC(=O)CC(C)=O,unlabeled
1362771960,30,ef8527c6b63d54b73966,233,CCOC(=O)CC(C)=O,unlabeled
1362771960,30,86f385aa0925171d22cc,234,CCOC(=O)CC(C)=O,gradient_train
1362771960,30,9c7a6ce4172638d2abc7,235,CCOC(=O)CC(C)=O,unlabeled
1362771960,30,982585c1a4e89f10713f,236,O=CCCc1ccccc1,unlabeled
1362771960,30,36af0c588eb2e094a55e,237,O=CCCc1ccccc1,test
1362771960,30,afcb9ffea06f12f9e0f5,238,O=CCCc1ccccc1,unlabeled
1362771960,30,e584c52185ccefd22a26,239,O=CCCc1ccccc1,unlabeled
1362771960,30,39e40f336da135e6a7b5,240,O=CCCc1ccccc1,unlabeled
1362771960,30,e3c9408f01aa7642870f,241,O=CCCc1ccccc1,gradient_train
1362771960,30,155ad3f702726e253c4d,242,O=CCCc1ccccc1,unlabeled
1362771960,30,f84aa17604ca7f927b8c,243,C=CC(=O)OCCOc1ccccc1,unlabeled
1362771960,30,6b8023df74ccc51e5c76,244,C=CC(=O)OCCOc1ccccc1,unlabeled
1362771960,30,b056b793f5b571e6cdee,245,C=CC(=O)OCCOc1ccccc1,unlabeled
1362771960,30,934f00061cc32bab10e8,246,C=CC(=O)OCCOc1ccccc1,unlabeled
1362771960,30,b983d4c3094d909b570e,247,C=CC(=O)OCCOc1ccccc1,unlabeled
1362771960,30,b6f53d16978daf702470,248,C=CC(=O)OCCOc1ccccc1,unlabeled
1362771960,30,9563dde5c28fb62e4f7e,249,C=CC(=O)OCCOc1ccccc1,unlabeled
1362771960,30,de2563a5f711307823f1,250,C=CC(=O)OC1CCCCC1,unlabeled
1362771960,30,e2e681b0653ec64f7c14,251,C=CC(=O)OC1CCCCC1,unlabeled
1362771960,30,fbf392edaddff6347b58,252,C=CC(=O)OC1CCCCC1,unlabeled
1362771960,30,3955ae590ac179d279b6,253,C=CC(=O)OC1CCCCC1,unlabeled
1362771960,30,db51f6df02555cb9c264,254,C=CC(=O)OC1CCCCC1,unlabeled
1362771960,30,2195290d04210cdb253f,255,C=CC(=O)OC1CCCCC1,unlabeled
1362771960,30,8063e3de9de70b75def1,256,C=CC(=O)OC1CCCCC1,unlabeled
1362771960,30,88771c5c64ed839a4436,257,C=CC(=O)OCc1ccccc1,unlabeled
1362771960,30,b5365d56777fde5c4dfc,258,C=CC(=O)OCc1ccccc1,unlabeled
1362771960,30,4513e318c9d037303b13,259,C=CC(=O)OCc1ccccc1,unlabeled
1362771960,30,efca00a284b2cadc5737,260,C=CC(=O)OCc1ccccc1,test
1362771960,30,b473ef06a415d0f114b0,261,C=CC(=O)OCc1ccccc1,unlabeled
1362771960,30,df02863943321996441f,262,C=CC(=O)OCc1ccccc1,unlabeled
1362771960,30,194278dd9ee3d2407ed5,263,C=CC(=O)OCc1ccccc1,unlabeled
1362771960,30,cc31b914acbab022eb9a,264,COC(=O)C(C)(C)Br,unlabeled
1362771960,30,a9eea85ddeee2da33706,265,COC(=O)C(C)(C)Br,unlabeled
1362771960,30,640353c89b3ce64ee98b,266,COC(=O)C(C)(C)Br,unlabeled
1362771960,30,b11bb6293c307f7f7282,267,COC(=O)C(C)(C)Br,unlabeled
1362771960,30,77b0577e6b0adb649e63,268,COC(=O)C(C)(C)Br,unlabeled
1362771960,30,543561ac99bc28db6f2f,269,COC(=O)C(C)(C)Br,unlabeled
1362771960,30,056255620b7acc9c630f,270,COC(=O)C(C)(C)Br,unlabeled
1362771960,30,7b1589ae321d27608509,271,COC(=O)CS,unlabeled
1362771960,30,0fee19a828ef997229fd,272,COC(=O)CS,unlabeled
1362771960,30,222dede783147d5efa63,273,COC(=O)CS,unlabeled
1362771960,30,d9a40ac35b79fbcf214a,274,COC(=O)CS,unlabeled
1362771960,30,aaf22f8324aad12a55fa,275,COC(=O)CS,test
1362771960,30,a9bfabe931467745353e,276,COC(=O)CS,unlabeled
1362771960,30,be7d68067464e72d0b8d,277,COC(=O)CS,unlabeled
1362771960,30,b418a712463f5abf8b81,278,CC(=O)CCCCl,unlabeled
1362771960,30,850a69ce73ac04035aa3,279,CC(=O)CCCCl,test
1362771960,30,7c4153fe9561da818ae1,280,CC(=O)CCCCl,unlabeled
1362771960,30,a67016d937c499be9d64,281,CC(C)=CCBr,unlabeled
1362771960,30,4559d83db38cc3c39d13,282,CC(C)=CCBr,unlabeled
1362771960,30,bf8409f12dae2388c6a0,283,CC(C)=CCBr,unlabeled
1362771960,30,832899abb44b8d2246cd,284,CC(C)=CCBr,test
1362771960,30,5729cc87eb48a75655ad,285,CC(C)=CCBr,unlabeled
1362771960,30,adb6d48eec0fb576d7fc,286,CC(C)=CCBr,test
1362771960,30,bc789871fe39d967a9e0,287,CC(C)=CCBr,unlabeled
1362771960,30,fff65bc451d163b1b106,288,C=CC(=O)OCCCCCCCCCCCC,unlabeled
1362771960,30,c761659793c5929e2214,289,C=CC(=O)OCCCCCCCCCCCC,unlabeled
1362771960,30,4c7d7c5f8b0c317c5548,290,C=CC(=O)OCCCCCCCCCCCC,unlabeled
1362771960,30,a9656ffd805f80fcf143,291,C=CC(=O)OCCCCCCCCCCCC,unlabeled
1362771960,30,da10d2f67a989e8b16b5,292,C=CC(=O)OCCCCCCCCCCCC,unlabeled
1362771960,30,7ca22b2f4d23a7afb10e,293,C=CC(=O)OCCCCCCCCCCCC,unlabeled
1362771960,30,38f57a9d08efd5f070d0,294,C=CC(=O)OCCCCCCCCCCCC,unlabeled
1362771960,30,1619a0c8b233772ba0c0,295,C=CC(=O)O[C@@H]1C[C@H]2CC[C@]1(C)C2(C)C,unlabeled
1362771960,30,0b9968c1280b5e4f726a,296,C=CC(=O)O[C@@H]1C[C@H]2CC[C@]1(C)C2(C)C,unlabeled
1362771960,30,0d5196ceda603b66bd22,297,C=CC(=O)O[C@@H]1C[C@H]2CC[C@]1(C)C2(C)C,unlabeled
1362771960,30,244e5c6375ff0c923725,298,C=CC(=O)O[C@@H]1C[C@H]2CC[C@]1(C)C2(C)C,unlabeled
1362771960,30,4f34bbce67c94a44318a,299,C=CC(=O)O[C@@H]1C[C@H]2CC[C@]1(C)C2(C)C,test
1362771960,30,0f8a39d1c0a7eaf35c75,300,C=CC(=O)O[C@@H]1C[C@H]2CC[C@]1(C)C2(C)C,unlabeled
1362771960,30,6de4f7fd8ac19d183348,301,C=CC(=O)O[C@@H]1C[C@H]2CC[C@]1(C)C2(C)C,unlabeled
1362771960,30,8bac25cfab022a9fb887,302,C=CC(=O)OCC(CC)CCCC,unlabeled
1362771960,30,aeef2128392508cc81cc,303,C=CC(=O)OCC(CC)CCCC,test
1362771960,30,a2eefb55da4d47a4347b,304,C=CC(=O)OCC(CC)CCCC,unlabeled
1362771960,30,3c7f7a7105a5eb39ca89,305,C=CC(=O)OCC(CC)CCCC,unlabeled
1362771960,30,2bf67acb4c861cf83990,306,C=CC(=O)OCC(CC)CCCC,unlabeled
1362771960,30,d67e364fd6830aa2bf6f,307,C=CC(=O)OCC(CC)CCCC,test
1362771960,30,84caf30ea66b29e2ea91,308,C=CC(=O)OCC(CC)CCCC,unlabeled
1362771960,30,1bd5bb3744b78ada7307,309,FC(F)(F)c1cc(Br)cc(C(F)(F)F)c1,unlabeled
1362771960,30,dd7fdbe3fa3800e6499f,310,FC(F)(F)c1cc(Br)cc(C(F)(F)F)c1,unlabeled
1362771960,30,ab84efb31c801e49c87c,311,FC(F)(F)c1cc(Br)cc(C(F)(F)F)c1,validation
1362771960,30,69f6dbdc304c0475f868,312,FC(F)(F)c1cc(Br)cc(C(F)(F)F)c1,unlabeled
1362771960,30,a43656cab81e1b0fcccf,313,FC(F)(F)c1cc(Br)cc(C(F)(F)F)c1,unlabeled
1362771960,30,bcf8bb13e4fca185fe68,314,FC(F)(F)c1cc(Br)cc(C(F)(F)F)c1,unlabeled
1362771960,30,fe71f29c800d4ee35138,315,FC(F)(F)c1cc(Br)cc(C(F)(F)F)c1,unlabeled
1362771960,30,2416be80d114ff60224d,316,O=Cc1ccc(Cl)cc1Br,unlabeled
1362771960,30,9201cead3641f52a1f20,317,O=Cc1ccc(Cl)cc1Br,unlabeled
1362771960,30,49276f9b1cc72d41bbfd,318,O=Cc1ccc(Cl)cc1Br,unlabeled
1362771960,30,6cb8bbf843e6064ce249,319,O=Cc1ccc(Cl)cc1Br,unlabeled
1362771960,30,a6b1d92e3de602f8963c,320,O=Cc1ccc(Cl)cc1Br,unlabeled
1362771960,30,135ac7deca522d1e7929,321,O=Cc1ccc(Cl)cc1Br,unlabeled
1362771960,30,0f3bd8418ab9ba9d1ed2,322,O=Cc1ccc(Cl)cc1Br,unlabeled
1362771960,30,6cd5860914563da59932,323,O=Cc1ccc2c(c1)CCO2,unlabeled
1362771960,30,5179c3962ada5450dde7,324,O=Cc1ccc2c(c1)CCO2,unlabeled
1362771960,30,ad45b4b8aaed2c2b0b33,325,O=Cc1ccc2c(c1)CCO2,unlabeled
1362771960,30,6c8de7fb3dbd4f5adabf,326,O=Cc1ccc2c(c1)CCO2,test
1362771960,30,f72724ff299c47641488,327,COc1cc(F)cc(Br)c1,unlabeled
1362771960,30,2cde006ff48a36a368d2,328,COc1cc(F)cc(Br)c1,unlabeled
1362771960,30,09879f6853acb50e1280,329,COc1cc(F)cc(Br)c1,unlabeled
1362771960,30,cd492dbc52d170e5a396,330,COc1cc(F)cc(Br)c1,unlabeled
1362771960,30,e1244cc412f81ac11bd3,331,COc1cc(F)cc(Br)c1,unlabeled
1362771960,30,69bed1df8dc3cf82927c,332,COc1cc(F)cc(Br)c1,unlabeled
1362771960,30,adc9f476f8b5d66fa85d,333,COc1cc(F)cc(Br)c1,unlabeled
1362771960,30,e7e3cdff8a4b43574b19,334,CC(C)(C)c1cc(C=O)cc(C(C)(C)C)c1,unlabeled
1362771960,30,22fcaa293d9525e1f4e7,335,CC(C)(C)c1cc(C=O)cc(C(C)(C)C)c1,unlabeled
1362771960,30,5965305884ee5fba94d8,336,CC(C)(C)c1cc(C=O)cc(C(C)(C)C)c1,unlabeled
1362771960,30,556baeed852270e9c0fc,337,CC(C)(C)c1cc(C=O)cc(C(C)(C)C)c1,gradient_train
1362771960,30,376fc6387117429bcb19,338,CC(C)(C)c1cc(C=O)cc(C(C)(C)C)c1,test
1362771960,30,3fbc880a145bcc2155c9,339,CC(C)(C)c1cc(C=O)cc(C(C)(C)C)c1,unlabeled
1362771960,30,2964279ae2fd8a820ae1,340,CC(C)(C)c1cc(C=O)cc(C(C)(C)C)c1,unlabeled
1362771960,30,c084940b1be4fa61738d,341,COc1cc(Br)cc(OC)c1,unlabeled
1362771960,30,deac65153d9204a230ec,342,COc1cc(Br)cc(OC)c1,unlabeled
1362771960,30,b5f0b6271cd244ade9a3,343,COc1cc(Br)cc(OC)c1,unlabeled
1362771960,30,79723584590c0a689474,344,COc1cc(Br)cc(OC)c1,unlabeled
1362771960,30,984bc17b1da105c753eb,345,COc1cc(Br)cc(OC)c1,gradient_train
1362771960,30,1b7e334ea83516d08ff5,346,COc1cc(Br)cc(OC)c1,unlabeled
1362771960,30,b8018c4bdaadd42a057a,347,COc1cc(Br)cc(OC)c1,unlabeled
1362771960,30,3b03dfa8ff44ff554734,348,O=Cc1cc(Br)ccc1O,unlabeled
1362771960,30,167f49f748fa35bdb29e,349,O=Cc1cc(Br)ccc1O,gradient_train
1362771960,30,7e19b816ecd8282ce2a1,350,O=Cc1cc(Br)ccc1O,unlabeled
1362771960,30,0dffde5d00d50ee96173,351,O=Cc1cc(Br)ccc1O,unlabeled
1362771960,30,65bfb38b53dd53bc4f4c,352,O=Cc1cc(Br)ccc1O,unlabeled
1362771960,30,e79c5aedcfa41a5f23c9,353,O=Cc1cc(Br)ccc1O,unlabeled
1362771960,30,27b234a05f8c66fd059f,354,O=Cc1cc(Br)ccc1O,unlabeled
1362771960,30,1bf52d57e3b0d9ef0662,355,Cc1ccc(Cl)cc1Br,unlabeled
1362771960,30,867407c66038f21466a8,356,Cc1ccc(Cl)cc1Br,unlabeled
1362771960,30,fb19bbc052a528249f36,357,Cc1ccc(Cl)cc1Br,gradient_train
1362771960,30,13bebd0b1ab22fc7e93b,358,Cc1ccc(Cl)cc1Br,unlabeled
1362771960,30,c1b4c0f7481c01c40ec6,359,Cc1ccc(Cl)cc1Br,validation
1362771960,30,bb159f5b8695e842d4ff,360,Cc1ccc(Cl)cc1Br,unlabeled
1362771960,30,ce70dba7026ce0b64f62,361,Cc1ccc(Cl)cc1Br,gradient_train
1362771960,30,a5ea3136b642f8a49607,362,N#Cc1ccccc1Br,unlabeled
1362771960,30,8671b386166171ebd7f7,363,N#Cc1ccccc1Br,unlabeled
1362771960,30,d344b363b8c01e73a6fa,364,N#Cc1ccccc1Br,unlabeled
1362771960,30,70e13ddfe9e6cc9b0f56,365,N#Cc1ccccc1Br,unlabeled
1362771960,30,35046c5ff35d8c8617bb,366,N#Cc1ccccc1Br,unlabeled
1362771960,30,848f6c84b4d5fc44c3c2,367,N#Cc1ccccc1Br,unlabeled
1362771960,30,0974fc9cbeb3820c4065,368,Cc1ccc(C=O)c(C)c1,test
1362771960,30,bc486e940c369b85ce28,369,Cc1ccc(C=O)c(C)c1,unlabeled
1362771960,30,9a29b268530b7a3321a0,370,Cc1ccc(C=O)c(C)c1,validation
1362771960,30,51394d9af7adc7eff816,371,Cc1ccc(C=O)c(C)c1,unlabeled
1362771960,30,5cbed870fef2de105046,372,Cc1ccc(C=O)c(C)c1,unlabeled
1362771960,30,dbb854b36df7ed31d95f,373,Cc1ccc(C=O)c(C)c1,unlabeled
1362771960,30,0c0f89307cc4aff87ab6,374,Cc1ccc(C=O)c(C)c1,unlabeled
1362771960,30,a5d9706079ccfee3bdf4,375,COCCOC(=O)CC(C)=O,unlabeled
1362771960,30,bacef06b4d4d7374a4e4,376,COCCOC(=O)CC(C)=O,unlabeled
1362771960,30,74097878150c8a5a8d79,377,COCCOC(=O)CC(C)=O,gradient_train
1362771960,30,47404d0982a587f0393e,378,COCCOC(=O)CC(C)=O,unlabeled
1362771960,30,fb80794857ddc46e142c,379,CC(=O)c1ccc2c(c1)OCO2,unlabeled
1362771960,30,6f34563b6236c57b9c60,380,CC(=O)c1ccc2c(c1)OCO2,unlabeled
1362771960,30,147b560e4c606680c7b2,381,CC(=O)c1ccc2c(c1)OCO2,unlabeled
1362771960,30,7396668aaa8d372aa464,382,CC(=O)c1ccc2c(c1)OCO2,unlabeled
1362771960,30,78b04c44dfa852f4e621,383,CC(=O)c1ccc2c(c1)OCO2,unlabeled
1362771960,30,f191e08b3e95928a5423,384,CC(=O)c1ccc2c(c1)OCO2,unlabeled
1362771960,30,f5634113e0822bda1c03,385,CC(=O)c1ccc2c(c1)OCO2,unlabeled
1362771960,30,45264f1c88b241fb888c,386,CC(=O)c1c(C)cc(C)cc1C,unlabeled
1362771960,30,7b0fa77cbbcbd8e7c87a,387,CC(=O)c1c(C)cc(C)cc1C,unlabeled
1362771960,30,c514f60c28973fc116c5,388,CC(=O)c1c(C)cc(C)cc1C,gradient_train
1362771960,30,b63d546347919cb66716,389,CC(=O)c1c(C)cc(C)cc1C,unlabeled
1362771960,30,823c667f35cddfcbc346,390,CC(=O)c1c(C)cc(C)cc1C,unlabeled
1362771960,30,d2955aa36bd2b103c981,391,CC(=O)c1c(C)cc(C)cc1C,unlabeled
1362771960,30,4ce730c9ad4e20a0386e,392,CC(=O)c1c(C)cc(C)cc1C,gradient_train
1362771960,30,f3531a1565c8159ac5e2,393,CC(=O)c1ccc(C)cc1C,unlabeled
1362771960,30,c359fd726e50e2123f43,394,CC(=O)c1ccc(C)cc1C,unlabeled
1362771960,30,a9a623a9853c6b493ce4,395,CC(=O)c1ccc(C)cc1C,unlabeled
1362771960,30,784ca4af1517dac8cd11,396,CC(=O)c1ccc(C)cc1C,unlabeled
1362771960,30,4c36e8e7d179b4bfa11a,397,CC(=O)c1ccc(C)cc1C,unlabeled
1362771960,30,77fe8c752e01feedccfa,398,CC(=O)c1ccc(C)cc1C,test
1362771960,30,0a1949b42050f41b0db4,399,CC(=O)c1ccc(C)cc1C,test
1362771960,30,118d66c0e53f510c51ed,400,CC(=O)c1ccc2c(c1)Cc1ccccc1-2,unlabeled
1362771960,30,38aa81d53a6b39e9d8ef,401,CC(=O)c1ccc2c(c1)Cc1ccccc1-2,unlabeled
1362771960,30,c780d2f5194817087e07,402,CC(=O)c1ccc2c(c1)Cc1ccccc1-2,unlabeled
1362771960,30,546046afb5114d631360,403,CC(=O)c1ccc2c(c1)Cc1ccccc1-2,test
1362771960,30,dc9f747c03c55d77bf72,404,BrC(=C(c1ccccc1)c1ccccc1)c1ccccc1,unlabeled
1362771960,30,d29c00125d1c5dc55586,405,BrC(=C(c1ccccc1)c1ccccc1)c1ccccc1,unlabeled
1362771960,30,509e53644c411798f5b0,406,BrC(=C(c1ccccc1)c1ccccc1)c1ccccc1,test
1362771960,30,5ac5df671efee45d3ddf,407,BrC(=C(c1ccccc1)c1ccccc1)c1ccccc1,test
1362771960,30,1e8c03a5d84f08329475,408,BrC(=C(c1ccccc1)c1ccccc1)c1ccccc1,test
1362771960,30,a7f9a08159d001c30f67,409,BrC(=C(c1ccccc1)c1ccccc1)c1ccccc1,unlabeled
1362771960,30,97feb43dae8371e80d3b,410,BrC(=C(c1ccccc1)c1ccccc1)c1ccccc1,unlabeled
1362771960,30,2f612d3ec5e270672ad1,411,C/C(=N\O)c1ccccc1,unlabeled
1362771960,30,b089551184e4d70e386d,412,C/C(=N\O)c1ccccc1,unlabeled
1362771960,30,95f7b6c8f44b25feade0,413,C/C(=N\O)c1ccccc1,unlabeled
1362771960,30,b0f39affa1970d2700b7,414,C/C(=N\O)c1ccccc1,unlabeled
1362771960,30,af2973fb82b6d79d8c5e,415,C/C(=N\O)c1ccccc1,unlabeled
1362771960,30,3545611fd9950a160288,416,C/C(=N\O)c1ccccc1,unlabeled
1362771960,30,786c4179676f46638e4a,417,O=C(c1ccccc1)c1ccc(Cl)cc1,test
1362771960,30,937105af8867732c56ec,418,O=C(c1ccccc1)c1ccc(Cl)cc1,unlabeled
1362771960,30,711f210d4869259d0651,419,O=C(c1ccccc1)c1ccc(Cl)cc1,unlabeled
1362771960,30,26bb8ff67b7738527484,420,O=C(c1ccccc1)c1ccc(Cl)cc1,unlabeled
1362771960,30,6624c43f78e6697c8ac9,421,O=C(c1ccccc1)c1ccc(Cl)cc1,unlabeled
1362771960,30,f9b97e958092bd5cb81a,422,O=C(c1ccccc1)c1ccc(Cl)cc1,unlabeled
1362771960,30,2d53109003f718b780fa,423,Cc1ccc(C(=O)c2ccccc2)cc1C,unlabeled
1362771960,30,b9b624baffe611c30836,424,Cc1ccc(C(=O)c2ccccc2)cc1C,unlabeled
1362771960,30,f8a590eaa91d155f61da,425,Cc1ccc(C(=O)c2ccccc2)cc1C,unlabeled
1362771960,30,2fcaa537474ba2ae579f,426,Cc1ccc(C(=O)c2ccccc2)cc1C,unlabeled
1362771960,30,d914e4c833f2df567cac,427,Cc1ccc(C(=O)c2ccccc2)cc1C,unlabeled
1362771960,30,5048acae682925888d12,428,Cc1ccc(C(=O)c2ccccc2)cc1C,unlabeled
1362771960,30,41927f703a0632f098fb,429,CC(=O)CC(=O)c1ccccc1,unlabeled
1362771960,30,760d0bf0ec31747d3969,430,CC(=O)CC(=O)c1ccccc1,gradient_train
1362771960,30,d71aab82a8179d05294a,431,CC(=O)CC(=O)c1ccccc1,gradient_train
1362771960,30,25ffb25df5bec65a633b,432,CC(=O)CC(=O)c1ccccc1,unlabeled
1362771960,30,92d69b1849c34b7f1a80,433,CCOC(=O)C(Cc1ccccc1)C(C)=O,unlabeled
1362771960,30,a289439d96e27bec7cbc,434,CCOC(=O)C(Cc1ccccc1)C(C)=O,unlabeled
1362771960,30,4707a180fe4230c208ff,435,CCOC(=O)C(Cc1ccccc1)C(C)=O,unlabeled
1362771960,30,41921840a5681261ba98,436,CCOC(=O)C(Cc1ccccc1)C(C)=O,unlabeled
1362771960,30,b5080cde4f493a415fc5,437,CCOC(=O)C(Cc1ccccc1)C(C)=O,unlabeled
1362771960,30,1bbec08f4838f06da0fb,438,CCOC(=O)C(Cc1ccccc1)C(C)=O,unlabeled
1362771960,30,bd0519702a5756bc3c94,439,CCOC(=O)C(Cc1ccccc1)C(C)=O,unlabeled
1362771960,30,b7fa3dd8e6040788ae14,440,CCOC(=O)c1cccnc1,unlabeled
1362771960,30,2deca509a22158d15375,441,CCOC(=O)c1cccnc1,unlabeled
1362771960,30,b48dea92ecfc07816494,442,CCOC(=O)c1cccnc1,unlabeled
1362771960,30,82fa7e7b3bd183853280,443,CCOC(=O)c1cccnc1,unlabeled
1362771960,30,7ba2cf5e6ca289d9810f,444,CCOC(=O)c1cccnc1,unlabeled
1362771960,30,7dec4c1259ce3660b729,445,COc1ccc(OC)c(Br)c1,unlabeled
1362771960,30,768064b2e2a953d147d0,446,COc1ccc(OC)c(Br)c1,unlabeled
1362771960,30,212154e56fe15a3333a2,447,COc1ccc(OC)c(Br)c1,unlabeled
1362771960,30,c56a92db4ce7de66bee1,448,COc1ccc(OC)c(Br)c1,unlabeled
1362771960,30,48b99ebef2fd7718f678,449,COc1ccc(OC)c(Br)c1,unlabeled
1362771960,30,6da48b9dd6e1ed7e26fd,450,COc1ccc(OC)c(Br)c1,test
1362771960,30,a2eeeea4e6525c9d22d4,451,COc1ccc(OC)c(Br)c1,unlabeled
1362771960,30,1e0e33b1a77df72f4dd8,452,OCc1cccc(Br)c1,unlabeled
1362771960,30,371711577127c07527e3,453,OCc1cccc(Br)c1,unlabeled
1362771960,30,78d4810a82f060b5cf49,454,OCc1cccc(Br)c1,unlabeled
1362771960,30,1c04f02c0ea8c00b358d,455,OCc1cccc(Br)c1,test
1362771960,30,4bc0dc84991def63aa1b,456,O=C1CCCc2ccccc21,unlabeled
1362771960,30,2433f7a3f7959e1d1b74,457,O=C1CCCc2ccccc21,unlabeled
1362771960,30,944f0a85ec8978a60444,458,O=C1CCCc2ccccc21,unlabeled
1362771960,30,8afc083342d1c2e7f78a,459,O=C1CCCc2ccccc21,unlabeled
1362771960,30,c35ed383b2db14b3bc06,460,O=C1CCCc2ccccc21,gradient_train
1362771960,30,d7c72c92165e2c129547,461,O=C1CCCc2ccccc21,unlabeled
1362771960,30,e375bb01e53e46f8faee,462,O=C1CCCc2ccccc21,unlabeled
1362771960,30,fdc873b5607287090ff3,463,CSc1ccc(C=O)cc1,unlabeled
1362771960,30,80b4e33a8434ac29ed52,464,CSc1ccc(C=O)cc1,unlabeled
1362771960,30,ee60c3ffc43a4c2c965e,465,CSc1ccc(C=O)cc1,unlabeled
1362771960,30,95f10fffb85ea1b1f47a,466,CSc1ccc(C=O)cc1,unlabeled
1362771960,30,793d8259fd7820530cfe,467,Cc1ccccc1C=O,unlabeled
1362771960,30,13fb1511fffef8fc96e0,468,Cc1ccccc1C=O,unlabeled
1362771960,30,532a47d1b45e54d6326b,469,Cc1ccccc1C=O,unlabeled
1362771960,30,dcd70c2b5039c4268d56,470,Cc1ccccc1C=O,unlabeled
1362771960,30,22d860e7f246ca4272a4,471,Cc1ccccc1C=O,unlabeled
1362771960,30,f21df276243d861dc2b2,472,Cc1ccccc1C=O,unlabeled
1362771960,30,08820514e662ce6ea8f0,473,Cc1ccccc1C=O,validation
1362771960,30,d60e09bca01342c7cfa6,474,O=Cc1ccc(Br)cc1O,unlabeled
1362771960,30,9dda290379fb047fc74d,475,O=Cc1ccc(Br)cc1O,unlabeled
1362771960,30,4a58b799c494875f6f27,476,O=Cc1ccc(Br)cc1O,unlabeled
1362771960,30,98a1ca00445d60f415d4,477,O=Cc1ccc(Br)cc1O,unlabeled
1362771960,30,ddecd252bb1099fb20f7,478,O=Cc1ccc(Br)cc1O,test
1362771960,30,226ebdbf914ce9333de8,479,O=Cc1ccc(Br)cc1O,gradient_train
1362771960,30,99dd4a9a47de5c84b7c0,480,O=Cc1ccc(Br)cc1O,unlabeled
1362771960,30,ecc7e2759499addc038f,481,CC(=O)c1ccc(Br)cc1,unlabeled
1362771960,30,66c1ee6eed3d1587de50,482,CC(=O)c1ccc(Br)cc1,unlabeled
1362771960,30,a26a131344d4dbd9645b,483,CC(=O)c1ccc(Br)cc1,unlabeled
1362771960,30,f0edd899ac987a1de9dd,484,CC(=O)c1ccc(Br)cc1,unlabeled
1362771960,30,0e13b08b0f9c772699e1,485,CC(=O)c1ccc(Br)cc1,unlabeled
1362771960,30,1254297404cc9db52ee2,486,CC(=O)c1ccc(Br)cc1,unlabeled
1362771960,30,bc8e1d805b36b63cbfbe,487,CC(=O)c1ccc(Br)cc1,unlabeled
1362771960,30,cd998cddd3dcb4fc8c92,488,O=C(Cc1ccccc1)c1ccccc1,unlabeled
1362771960,30,12e11e8eaee71fc57209,489,O=C(Cc1ccccc1)c1ccccc1,test
1362771960,30,054457c7699aabd6c619,490,O=C(Cc1ccccc1)c1ccccc1,unlabeled
1362771960,30,893e4c91da1b0b2f7d3e,491,O=C(Cc1ccccc1)c1ccccc1,unlabeled
1362771960,30,18e8a9c1ea6aa15c0d01,492,O=C(Cc1ccccc1)c1ccccc1,unlabeled
1362771960,30,bc582f1f4f4225f6d249,493,O=C(Cc1ccccc1)c1ccccc1,unlabeled
1362771960,30,d92ef85db0d1c0979197,494,O=C(Cc1ccccc1)c1ccccc1,unlabeled
1362771960,30,ddc0b27538aa926cbb6e,495,O=Cc1ccc(-c2ccccc2)cc1,unlabeled
1362771960,30,6dcfe9b1e0958f22523b,496,O=Cc1ccc(-c2ccccc2)cc1,unlabeled
1362771960,30,3cdf1bcd3739e20f72d2,497,O=Cc1ccc(-c2ccccc2)cc1,test
1362771960,30,a8e4c6001ce3245c634b,498,O=Cc1ccc(-c2ccccc2)cc1,unlabeled
1362771960,30,24b540d7814b4d9c5183,499,O=Cc1ccc(-c2ccccc2)cc1,unlabeled
1362771960,30,b0cadf050313e9a3a162,500,O=Cc1ccc(-c2ccccc2)cc1,unlabeled
1362771960,30,8837a8a19c37b63d2e48,501,O=Cc1ccc(-c2ccccc2)cc1,unlabeled
1362771960,30,23a832560d234735d954,502,O=Cc1ccc2ccccc2c1Br,unlabeled
1362771960,30,90777be8090491479de1,503,O=Cc1ccc2ccccc2c1Br,unlabeled
1362771960,30,926a7862066269f98d62,504,O=Cc1ccc2ccccc2c1Br,unlabeled
1362771960,30,2c51476c6fa3121c5dfc,505,O=Cc1ccc2ccccc2c1Br,unlabeled
1362771960,30,5a9449a7562d442b8669,506,O=Cc1ccc2ccccc2c1Br,unlabeled
1362771960,30,2cbca950d64fdcd81660,507,O=Cc1ccc2ccccc2c1Br,unlabeled
1362771960,30,fb1fdaa4bc60434648f7,508,O=Cc1ccc2ccccc2c1Br,unlabeled
1362771960,30,9e46dbe8a460d3f96a27,509,O=C(/C=C/c1ccccc1)c1ccccc1,gradient_train
1362771960,30,31e75b850983502aa64f,510,O=C(/C=C/c1ccccc1)c1ccccc1,unlabeled
1362771960,30,b566ed83f272904657ba,511,O=C(/C=C/c1ccccc1)c1ccccc1,unlabeled
1362771960,30,c2be1e8f7c2c080f49f5,512,O=C(/C=C/c1ccccc1)c1ccccc1,unlabeled
1362771960,30,fde2d968ab29d13d4f1d,513,O=C(/C=C/c1ccccc1)c1ccccc1,unlabeled
1362771960,30,240da69c823911ff5ccc,514,O=C(/C=C/c1ccccc1)c1ccccc1,unlabeled
1362771960,30,b2b26956a788c2a8c7e9,515,O=C(/C=C/c1ccccc1)c1ccccc1,unlabeled
1362771960,30,f3b80f5fe97d26fd8383,516,O=C(/C=C/c1ccccc1)/C=C/c1ccccc1,unlabeled
1362771960,30,d60f7e6b21ea96567843,517,O=C(/C=C/c1ccccc1)/C=C/c1ccccc1,unlabeled
1362771960,30,bb61793cbbbe2bfa4e12,518,O=C(/C=C/c1ccccc1)/C=C/c1ccccc1,test
1362771960,30,d078d930aa37448ec4aa,519,O=C(/C=C/c1ccccc1)/C=C/c1ccccc1,unlabeled
1362771960,30,8cd132f293d2823adc8d,520,O=C(/C=C/c1ccccc1)/C=C/c1ccccc1,unlabeled
1362771960,30,88f58ab7b7cf02f8f134,521,O=C(/C=C/c1ccccc1)/C=C/c1ccccc1,unlabeled
1362771960,30,17bdb259a18419ca296f,522,O=C(/C=C/c1ccccc1)/C=C/c1ccccc1,unlabeled
1362771960,30,77c599d272254892b6ec,523,CC1CCC(=O)c2ccccc21,test
1362771960,30,b393af61f6769ceccbc0,524,CC1CCC(=O)c2ccccc21,test
1362771960,30,49668be051b44a819f00,525,CC1CCC(=O)c2ccccc21,unlabeled
1362771960,30,ffa86b2ffa5ac89b0720,526,CC1CCC(=O)c2ccccc21,unlabeled
1362771960,30,43aa4f12be94a8a96b35,527,CC1CCC(=O)c2ccccc21,unlabeled
1362771960,30,c09fbafa246c8d17b677,528,CC1CCC(=O)c2ccccc21,unlabeled
1362771960,30,f38afd5febe30c01c852,529,CC1CCC(=O)c2ccccc21,unlabeled
1362771960,30,490ab56dde175e9b97f5,530,O=C(Cc1ccccc1F)C1CC1,unlabeled
1362771960,30,3156893d5d2368c286a5,531,O=C(Cc1ccccc1F)C1CC1,unlabeled
1362771960,30,5ca73775e77c8e07812b,532,O=C(Cc1ccccc1F)C1CC1,unlabeled
1362771960,30,e90e636dced92c2b53d7,533,O=C(Cc1ccccc1F)C1CC1,unlabeled
1362771960,30,21e4905ef98fba65035a,534,O=C(Cc1ccccc1F)C1CC1,unlabeled
1362771960,30,2eda4e5a40a9021016cb,535,O=C(Cc1ccccc1F)C1CC1,unlabeled
1362771960,30,9c357cc9e9b8199eb1e0,536,O=C(Cc1ccccc1F)C1CC1,unlabeled
1362771960,30,51091e7a7f83732eaf1b,537,CCC(=O)c1cccc(Br)c1,unlabeled
1362771960,30,71577790a52cb379d81f,538,CCC(=O)c1cccc(Br)c1,unlabeled
1362771960,30,e3b2ac778da2b86aa873,539,CCC(=O)c1cccc(Br)c1,unlabeled
1362771960,30,1046fdfaf24728b107ba,540,CCC(=O)c1cccc(Br)c1,unlabeled
1362771960,30,2e10d8b186d86053260f,541,CCC(=O)c1cccc(Br)c1,test
1362771960,30,5111664a952a4ab7d54e,542,CCC(=O)c1cccc(Br)c1,validation
1362771960,30,ffcab07e0d31056e0d4a,543,CCC(=O)c1cccc(Br)c1,unlabeled
1362771960,30,b6bb9be5584029502820,544,COCCCCC(=O)c1ccc(C(F)(F)F)cc1,unlabeled
1362771960,30,60a000cb56517513c4d2,545,COCCCCC(=O)c1ccc(C(F)(F)F)cc1,test
1362771960,30,677c30b5727454c7a81e,546,COCCCCC(=O)c1ccc(C(F)(F)F)cc1,test
1362771960,30,94bc1858c275dcb3d476,547,COCCCCC(=O)c1ccc(C(F)(F)F)cc1,unlabeled
1362771960,30,06c29062334b43b0d12f,548,COCCCCC(=O)c1ccc(C(F)(F)F)cc1,unlabeled
1362771960,30,80e66bd0e8e9450537bb,549,COCCCCC(=O)c1ccc(C(F)(F)F)cc1,unlabeled
1362771960,30,b82c7c8060589ec1974b,550,CCCC(=O)c1ccc(-c2ccccc2)cc1,unlabeled
1362771960,30,57e291b74a249c9dd3ff,551,CCCC(=O)c1ccc(-c2ccccc2)cc1,test
1362771960,30,7d6bcd84e5a6861fc8fc,552,CCCC(=O)c1ccc(-c2ccccc2)cc1,unlabeled
1362771960,30,2d37adf0d65a19bc2c0c,553,CCCC(=O)c1ccc(-c2ccccc2)cc1,unlabeled
1362771960,30,3c892a45de6ec4625f37,554,CCCC(=O)c1ccc(-c2ccccc2)cc1,unlabeled
1362771960,30,e2c826d98b2bbeb6f48b,555,CCCC(=O)c1ccc(-c2ccccc2)cc1,gradient_train
1362771960,30,ce61c0bd799e65402b75,556,CCCC(=O)c1ccc(-c2ccccc2)cc1,unlabeled
1362771960,30,0f05b5ba6eb528d54b4b,557,O=C(c1ccccc1)c1cccc(C(=O)c2ccccc2)c1,unlabeled
1362771960,30,c4412adf038c7f6ea3c2,558,O=C(c1ccccc1)c1cccc(C(=O)c2ccccc2)c1,unlabeled
1362771960,30,182fc7fe888dbb9535bb,559,O=C(c1ccccc1)c1cccc(C(=O)c2ccccc2)c1,unlabeled
1362771960,30,8abf9c0719e2d67a22f9,560,O=C(c1ccccc1)c1cccc(C(=O)c2ccccc2)c1,unlabeled
1362771960,30,b8a4c06710d95c33cfe1,561,O=C(c1ccccc1)c1cccc(C(=O)c2ccccc2)c1,unlabeled
1362771960,30,7e451fd74af5bfa51ac9,562,O=C(c1ccccc1)c1cccc(C(=O)c2ccccc2)c1,unlabeled
1362771960,30,07e9bc7a9d27fdd58c2f,563,O=C(c1ccccc1)c1cccc(C(=O)c2ccccc2)c1,unlabeled
1362771960,30,2f828b7aa8c3e93352da,564,CCC(=O)c1cccnc1,unlabeled
1362771960,30,4365d2fb106c18823aac,565,CCC(=O)c1cccnc1,test
1362771960,30,4c6a8ef1c87748df99f2,566,CCC(=O)c1cccnc1,test
1362771960,30,aca0ef1613a0a07a0431,567,O=C(CCCCl)c1ccc(F)cc1,unlabeled
1362771960,30,f98f5943ca73a5b809a1,568,O=C(CCCCl)c1ccc(F)cc1,unlabeled
1362771960,30,405638494c5a95206866,569,O=C(CCCCl)c1ccc(F)cc1,unlabeled
1362771960,30,76e188b0e48b99f36582,570,O=C(CCCCl)c1ccc(F)cc1,test
1362771960,30,26aa0143305ac532a560,571,O=C(CCCCl)c1ccc(F)cc1,test
1362771960,30,283be89c092cfa4a5cbb,572,O=C(CCCCl)c1ccc(F)cc1,unlabeled
1362771960,30,0ffc20c3f979502b8a09,573,O=C(CCCCl)c1ccc(F)cc1,unlabeled
1362771960,50,bbabdb9085edbb8c178b,0,CC(C)(CCl)c1ccccc1,unlabeled
1362771960,50,96dc3dc2ebd074200228,1,CC(C)(CCl)c1ccccc1,unlabeled
1362771960,50,6322e8f867a741eed74c,2,CC(C)(CCl)c1ccccc1,unlabeled
1362771960,50,c2b0aff65443af0a8618,3,CC(C)(CCl)c1ccccc1,test
1362771960,50,f4b69d88ad1d916ee71a,4,CC(C)(CCl)c1ccccc1,unlabeled
1362771960,50,0f3559d035355b0eec80,5,CC(C)(CCl)c1ccccc1,unlabeled
1362771960,50,d29a94054067cd60dd70,6,CC(C)(CCl)c1ccccc1,unlabeled
1362771960,50,31d92ca6486b229184cf,7,OCCCc1ccccc1,unlabeled
1362771960,50,8a84cca322477165b719,8,OCCCc1ccccc1,unlabeled
1362771960,50,9cf769277f6b42d15f11,9,OCCCc1ccccc1,unlabeled
1362771960,50,7a0a82051f50d5b0c89c,10,OCCCc1ccccc1,unlabeled
1362771960,50,c79f29f048bbfd157f98,11,BrCCCc1ccccc1,unlabeled
1362771960,50,df0074b49eeb620c0768,12,BrCCCc1ccccc1,unlabeled
1362771960,50,f0097bc6b7827ef65922,13,BrCCCc1ccccc1,unlabeled
1362771960,50,44348f5c4aea3b41ee9d,14,BrCCCc1ccccc1,unlabeled
1362771960,50,482cb91fac7f2a936dca,15,BrCCCc1ccccc1,unlabeled
1362771960,50,a5c6210123f05414ffc0,16,BrCCCc1ccccc1,test
1362771960,50,a82e55e1cd19814ea307,17,BrCCCc1ccccc1,unlabeled
1362771960,50,6ee3c70647b37dcd5417,18,ClCCCc1ccccc1,unlabeled
1362771960,50,2c7e37ef828eb17c78fb,19,ClCCCc1ccccc1,validation
1362771960,50,7ab9c351196ad891e172,20,ClCCCc1ccccc1,unlabeled
1362771960,50,7062ca665af0f9bba6c9,21,ClCCCc1ccccc1,unlabeled
1362771960,50,6644e934f59d8b816b9f,22,ClCCCc1ccccc1,unlabeled
1362771960,50,8cc7c76a92a4474d7c6a,23,ClCCCc1ccccc1,unlabeled
1362771960,50,c883df6ea04f89f45f03,24,ClCCCc1ccccc1,unlabeled
1362771960,50,46ed1e35ca65ace74790,25,COc1ccc(CO)cc1,unlabeled
1362771960,50,ec581cec37da9563e756,26,COc1ccc(CO)cc1,unlabeled
1362771960,50,c2bd8e8f13a96726e7fc,27,COc1ccc(CO)cc1,unlabeled
1362771960,50,f1afcbd393ce4f5a6316,28,COc1ccc(CO)cc1,unlabeled
1362771960,50,2909efb29670d8f2286d,29,CCOC(=O)C(C)(C)Br,unlabeled
1362771960,50,56b391fdec7a2a622e52,30,CCOC(=O)C(C)(C)Br,unlabeled
1362771960,50,8a9485661ac2c4576006,31,CCOC(=O)C(C)(C)Br,unlabeled
1362771960,50,7f6d1cdee16de4a37a21,32,CCOC(=O)C(C)(C)Br,unlabeled
1362771960,50,fd7bf535ef538434b384,33,CCOC(=O)C(C)(C)Br,unlabeled
1362771960,50,651bb6b60c62819a4323,34,CCOC(=O)C(C)(C)Br,gradient_train
1362771960,50,2a61203b59218a3cbdc6,35,CCOC(=O)C(C)(C)Br,gradient_train
1362771960,50,6d6c0510303dec89b2fe,36,COc1ccc(C=O)cc1,unlabeled
1362771960,50,f81dc37125414986a0bb,37,COc1ccc(C=O)cc1,unlabeled
1362771960,50,400615278105cebb3ed9,38,COc1ccc(C=O)cc1,unlabeled
1362771960,50,5d04f6757b59f5c356bb,39,COc1ccc(C=O)cc1,unlabeled
1362771960,50,a074620f6970d8f89567,40,COc1ccc(C=O)cc1,unlabeled
1362771960,50,454c1ea3beebbec4befe,41,COc1ccc(C=O)cc1,unlabeled
1362771960,50,f95928e2618ed15e654f,42,COc1ccc(C=O)cc1,test
1362771960,50,3a02b99399bb0c3e9ff9,43,COC(=O)C#CC(=O)OC,unlabeled
1362771960,50,b80a4f9e4b61f534ee9e,44,COC(=O)C#CC(=O)OC,unlabeled
1362771960,50,2690de155843f45b00a3,45,COC(=O)C#CC(=O)OC,unlabeled
1362771960,50,549eb8499df5181b3558,46,COC(=O)C#CC(=O)OC,unlabeled
1362771960,50,02c141e2551937d10f4e,47,COC(=O)C#CC(=O)OC,unlabeled
1362771960,50,9069807baff6cbfbde75,48,COC(=O)C#CC(=O)OC,unlabeled
1362771960,50,1fe1163f7d97c16f3822,49,CC(=O)c1ccccc1,unlabeled
1362771960,50,1e86d81fe1995d367fe1,50,CC(=O)c1ccccc1,unlabeled
1362771960,50,614e6d0929b0845d454b,51,CC(=O)c1ccccc1,unlabeled
1362771960,50,358681452207464d171e,52,CC(=O)c1ccccc1,unlabeled
1362771960,50,c00e01085f35d19cd90f,53,CC(=O)c1ccccc1,unlabeled
1362771960,50,a542d702abb1fa77a6fc,54,CC(=O)c1ccccc1,unlabeled
1362771960,50,77577e6f6f0aa6789972,55,CCOC(=O)C(C)Br,unlabeled
1362771960,50,298017c801a97653f57d,56,CCOC(=O)C(C)Br,unlabeled
1362771960,50,849796401ee485c617a5,57,CCOC(=O)C(C)Br,unlabeled
1362771960,50,67cc8304e3e618d7416a,58,CCOC(=O)C(C)Br,unlabeled
1362771960,50,c7bc53c45a1962a88ec3,59,CCOC(=O)C(C)Br,test
1362771960,50,76b9db19f45b8222d962,60,CCOC(=O)C(C)Br,unlabeled
1362771960,50,0279fb0f7dba4b54a816,61,CCOC(=O)CC(=O)c1ccccc1,unlabeled
1362771960,50,ca203ccf20ce8e74d86d,62,CCOC(=O)CC(=O)c1ccccc1,unlabeled
1362771960,50,029d48fc98a886c9fec4,63,CCOC(=O)CC(=O)c1ccccc1,gradient_train
1362771960,50,1e578360bd7749f6b397,64,CCOC(=O)CC(=O)c1ccccc1,unlabeled
1362771960,50,05c14d26f4aa6f7c48b0,65,CCOC(=O)CC(=O)c1ccccc1,unlabeled
1362771960,50,53d046afde1259a727f9,66,CCOC(=O)CC(=O)c1ccccc1,unlabeled
1362771960,50,35ba50ab027f5f170aba,67,CCOC(=O)CC(=O)c1ccccc1,unlabeled
1362771960,50,130d76d2d46a287c5dea,68,CC(=O)c1ccccc1C,unlabeled
1362771960,50,3ef4b1ab56fe40940b42,69,CC(=O)c1ccccc1C,unlabeled
1362771960,50,a340148c4096f80cc125,70,CC(=O)c1ccccc1C,test
1362771960,50,57af4b867d9cd419ebb9,71,CC(=O)c1ccccc1C,unlabeled
1362771960,50,ff8745125a0eeb17c1e5,72,CC(=O)c1ccccc1C,unlabeled
1362771960,50,41a468134f078d2de17d,73,CC(=O)c1ccccc1C,unlabeled
1362771960,50,b4899d5d03e44fbf885c,74,CC(=O)c1ccccc1C,unlabeled
1362771960,50,bd93eaa60288fd0d5e89,75,CC(=O)c1ccc(C)cc1,unlabeled
1362771960,50,2797757b00a9f254ef2e,76,CC(=O)c1ccc(C)cc1,unlabeled
1362771960,50,fad37552a4a2eae19961,77,CC(=O)c1ccc(C)cc1,unlabeled
1362771960,50,6936556d392803de12ed,78,CC(=O)c1ccc(C)cc1,unlabeled
1362771960,50,fd3f8b6ec11d13a8412d,79,CC(=O)c1ccc(C)cc1,unlabeled
1362771960,50,b71b23379d73c3637a76,80,CC(=O)c1ccc(C)cc1,test
1362771960,50,2a9d111386ac232bbf79,81,CC(=O)c1ccc(C)cc1,unlabeled
1362771960,50,ca00dd1990fd356443cb,82,COC(=O)c1ccccc1O,unlabeled
1362771960,50,924106530353757625ba,83,COC(=O)c1ccccc1O,unlabeled
1362771960,50,f0d3ae15346c6cb6928d,84,COC(=O)c1ccccc1O,unlabeled
1362771960,50,0b6fe9b9da26ddc80e99,85,COC(=O)c1ccccc1O,unlabeled
1362771960,50,a9a4b1ef530ce6f46a1c,86,COC(=O)c1ccccc1O,unlabeled
1362771960,50,f0245d145e2758fc9ff8,87,COC(=O)c1ccccc1O,unlabeled
1362771960,50,f33380e15f0fd8b62027,88,COC(=O)c1ccccc1O,unlabeled
1362771960,50,1773be1aaa4102ae19f0,89,CC(=O)CC(=O)OC(C)(C)C,unlabeled
1362771960,50,1895e2147dd146c4e564,90,CC(=O)CC(=O)OC(C)(C)C,unlabeled
1362771960,50,e7c8cd496e2795b23cb3,91,CC(=O)CC(=O)OC(C)(C)C,unlabeled
1362771960,50,60f64adee75a0999c5d5,92,CC(=O)CC(=O)OC(C)(C)C,unlabeled
1362771960,50,851993fe56d61c8bf074,93,CC(=O)CC(=O)OC(C)(C)C,test
1362771960,50,4e6d2ab0e823ac1d4b58,94,CC(=O)CC(=O)OC(C)(C)C,unlabeled
1362771960,50,452aebfcddc0b031c20d,95,CCOC(=O)Cc1ccccc1,unlabeled
1362771960,50,a67ee30ac22b3511e0af,96,CCOC(=O)Cc1ccccc1,test
1362771960,50,4c52102f0b5a693d59bc,97,CCOC(=O)Cc1ccccc1,test
1362771960,50,f21e8077ac7b6ec1d038,98,CCOC(=O)Cc1ccccc1,unlabeled
1362771960,50,982611df66af1cf7c2f5,99,CCOC(=O)Cc1ccccc1,unlabeled
1362771960,50,d9e344f199dc9a567b5f,100,CCOC(=O)Cc1ccccc1,test
1362771960,50,74706f7e5d10b9245796,101,CCOC(=O)Cc1ccccc1,gradient_train
1362771960,50,f5d7ae6c2608335325ff,102,COC(=O)c1ccccc1N,unlabeled
1362771960,50,f66e095007d9d0923ce2,103,COC(=O)c1ccccc1N,unlabeled
1362771960,50,c9a57e8accca7da9758b,104,COC(=O)c1ccccc1N,unlabeled
1362771960,50,f7b1b9737459397f9ace,105,COC(=O)c1ccccc1N,unlabeled
1362771960,50,68feec66f657364ebeaa,106,COC(=O)c1ccccc1N,unlabeled
1362771960,50,96ccc1b8240fc2e9c1f3,107,COC(=O)c1ccccc1N,unlabeled
1362771960,50,16eec4a03ec235274042,108,CCOC(=O)/C=C/c1ccccc1,unlabeled
1362771960,50,92e4f80b3943134ebe86,109,CCOC(=O)/C=C/c1ccccc1,unlabeled
1362771960,50,e15e8a4f329d3a08aff9,110,CCOC(=O)/C=C/c1ccccc1,unlabeled
1362771960,50,6cec450baf7517436df6,111,CCOC(=O)/C=C/c1ccccc1,test
1362771960,50,48b79e49508df9f5fd6d,112,CCOC(=O)/C=C/c1ccccc1,unlabeled
1362771960,50,404dc3e2801a9a9d52aa,113,CCOC(=O)/C=C/c1ccccc1,unlabeled
1362771960,50,c72867f0f2e38c70aa8c,114,CCOC(=O)/C=C/c1ccccc1,unlabeled
1362771960,50,d9d3d24a75ff511e108a,115,COC(=O)c1ccc(C(C)(C)C)cc1,test
1362771960,50,f40ca479a9e86b5d5458,116,COC(=O)c1ccc(C(C)(C)C)cc1,unlabeled
1362771960,50,b7770c04c72527e1d9f6,117,COC(=O)c1ccc(C(C)(C)C)cc1,unlabeled
1362771960,50,a433dc0f6a13e9ace41d,118,COC(=O)c1ccc(C(C)(C)C)cc1,unlabeled
1362771960,50,e399250d7156727de0fd,119,COC(=O)c1ccc(C(C)(C)C)cc1,unlabeled
1362771960,50,3122a2210bde68deb81e,120,COC(=O)c1ccc(C(C)(C)C)cc1,test
1362771960,50,c9460286f85a5ec0f4fc,121,COC(=O)c1ccc(C(C)(C)C)cc1,unlabeled
1362771960,50,13b0b7952199157a8399,122,CCOC(=O)/C=C(/C)N,unlabeled
1362771960,50,759d5133ee82740013bf,123,CCOC(=O)/C=C(/C)N,unlabeled
1362771960,50,c9bf385316b464cd2e8d,124,CCOC(=O)/C=C(/C)N,unlabeled
1362771960,50,f248b9b89d62a22b03c3,125,CCOC(=O)/C=C(/C)N,unlabeled
1362771960,50,10d51839b15b94f0ae56,126,CCOC(=O)/C=C(/C)N,unlabeled
1362771960,50,e66b24ec1e4dfa9a9a57,127,CCOC(=O)/C=C(/C)N,unlabeled
1362771960,50,506597d02ff322a77a8d,128,CCOC(=O)/C=C(/C)N,unlabeled
1362771960,50,d2951bd3bb1608688f0d,129,CCOC(=O)/C=C(/C)N,unlabeled
1362771960,50,7d3c6ef279245ca08a2f,130,CCOC(=O)/C=C(/C)N,gradient_train
1362771960,50,e6886d2fb3090517172b,131,CCOC(=O)/C=C(/C)N,unlabeled
1362771960,50,d31d42caff135d7154c4,132,CCOC(=O)/C=C(/C)N,unlabeled
1362771960,50,3d7aa38258001eb6ba67,133,CC(C)COC(=O)c1ccccc1,test
1362771960,50,b3409bbbf3b06d73afca,134,CC(C)COC(=O)c1ccccc1,unlabeled
1362771960,50,5ce75d3f6df6d318cb8a,135,CC(C)COC(=O)c1ccccc1,unlabeled
1362771960,50,28f4ab2563d03e831cf0,136,CC(C)COC(=O)c1ccccc1,unlabeled
1362771960,50,b95bbdf393e00f41a6df,137,CC(C)COC(=O)c1ccccc1,unlabeled
1362771960,50,1e73138aa057a5e2b67f,138,CC(C)COC(=O)c1ccccc1,unlabeled
1362771960,50,1319bf7018ee9b9a5b9f,139,CCOC(=O)c1ccccc1,gradient_train
1362771960,50,99398d649f02f80651f1,140,CCOC(=O)c1ccccc1,unlabeled
1362771960,50,240787bdbf2abc17e093,141,CCOC(=O)c1ccccc1,unlabeled
1362771960,50,4afc7ef2732850bea176,142,CCOC(=O)c1ccccc1,unlabeled
1362771960,50,181f6c7852b17df8f194,143,CCOC(=O)c1ccccc1,unlabeled
1362771960,50,474238f822b0c38795c6,144,CCOC(=O)c1ccccc1,unlabeled
1362771960,50,5eb80e21463443b22d14,145,CCOC(=O)c1ccccc1,unlabeled
1362771960,50,f6e991e3dc3a3d3c5d89,146,COc1ccc(CCO)cc1,unlabeled
1362771960,50,9991421da8e18008fc91,147,COc1ccc(CCO)cc1,unlabeled
1362771960,50,9e93bad2014e7ab1a680,148,COc1ccc(CCO)cc1,unlabeled
1362771960,50,3d5dc8831f4c74f7b7d1,149,COc1ccc(CCO)cc1,unlabeled
1362771960,50,d5a7e1d47a58e1323805,150,Cc1ccc(C(C)C)cc1,unlabeled
1362771960,50,5c32bb6f3bbf72dcb37e,151,Cc1ccc(C(C)C)cc1,test
1362771960,50,e545485bf1a51a3ea557,152,Cc1ccc(C(C)C)cc1,unlabeled
1362771960,50,8ea9d90b217f4096f42f,153,Cc1ccc(C(C)C)cc1,unlabeled
1362771960,50,9ed80c28328fabe87261,154,Cc1ccc(C(C)C)cc1,unlabeled
1362771960,50,f1ea027f4cb80b10d15b,155,Cc1ccc(C(C)C)cc1,unlabeled
1362771960,50,dcfc9eaebf799d451fdb,156,Cc1ccc(C(C)C)cc1,unlabeled
1362771960,50,6c1f19a34a40cbf98728,157,CC(C)(O)CCc1ccccc1,unlabeled
1362771960,50,cf45ee02778c0243ad50,158,CC(C)(O)CCc1ccccc1,unlabeled
1362771960,50,88581d99a415bf271788,159,CC(C)(O)CCc1ccccc1,validation
1362771960,50,8753ab545dd1cf036a3a,160,CC(C)(O)CCc1ccccc1,unlabeled
1362771960,50,d59d233a1606de5b6deb,161,CC(C)(O)CCc1ccccc1,unlabeled
1362771960,50,964a62fb7d677de0f711,162,CC(C)CCOC(=O)c1ccccc1,unlabeled
1362771960,50,f35f8782c107387233ed,163,CC(C)CCOC(=O)c1ccccc1,test
1362771960,50,4d602abaaf336ac523e4,164,CC(C)CCOC(=O)c1ccccc1,unlabeled
1362771960,50,4768b747981033fbdf34,165,CC(C)CCOC(=O)c1ccccc1,unlabeled
1362771960,50,3df34ab1c0d58c86999e,166,CC(C)CCOC(=O)c1ccccc1,unlabeled
1362771960,50,8b67a1246fe892b6581d,167,CC(C)CCOC(=O)c1ccccc1,unlabeled
1362771960,50,2bafcbea1bb66eb60a71,168,CC(C)CCOC(=O)c1ccccc1,unlabeled
1362771960,50,2beadb75e05408973f02,169,CCOC(=O)/C=C/c1ccccc1,gradient_train
1362771960,50,dd7cae2667a1348a2caf,170,CCOC(=O)/C=C/c1ccccc1,test
1362771960,50,56f1cecfc0c6c3d224be,171,CCOC(=O)/C=C/c1ccccc1,unlabeled
1362771960,50,6278b7d64a22dbe3844e,172,CCOC(=O)/C=C/c1ccccc1,unlabeled
1362771960,50,a75e421e756083edea35,173,CCOC(=O)/C=C/c1ccccc1,unlabeled
1362771960,50,c9f7ab78e90454873661,174,CCOC(=O)/C=C/c1ccccc1,unlabeled
1362771960,50,b36d7c12e6d3072467ee,175,CCOC(=O)/C=C/c1ccccc1,unlabeled
1362771960,50,5dc7d31c57624ac47575,176,COc1ccc(C)cc1OC,unlabeled
1362771960,50,7dea14d96460814919d3,177,COc1ccc(C)cc1OC,unlabeled
1362771960,50,83a16763654b3b743265,178,COc1ccc(C)cc1OC,unlabeled
1362771960,50,ee96bcc328a38cb12519,179,COc1ccc(C)cc1OC,unlabeled
1362771960,50,62763fd48ebc7554402f,180,COc1ccc(C)cc1OC,unlabeled
1362771960,50,dd29d0f859e11f70f4ec,181,COc1ccc(C)cc1OC,unlabeled
1362771960,50,826e9f40c328ce2478ec,182,COc1ccc(C)cc1OC,gradient_train
1362771960,50,2e684264400b651dae88,183,C1=Cc2ccccc2C1,gradient_train
1362771960,50,e4f37e6e6def0eec724a,184,C1=Cc2ccccc2C1,test
1362771960,50,fda6d7aa920e5400a222,185,C1=Cc2ccccc2C1,gradient_train
1362771960,50,ee0eba88726c692c7f0c,186,C1=Cc2ccccc2C1,test
1362771960,50,c438c37de3a60de0e84a,187,C1=Cc2ccccc2C1,unlabeled
1362771960,50,f51bc35441c8ba7713b6,188,C1=Cc2ccccc2C1,unlabeled
1362771960,50,cb1bb21d54890633943c,189,C1=Cc2ccccc2C1,unlabeled
1362771960,50,2e561b136ec088ba3eff,190,Cc1ccc(C)cc1,unlabeled
1362771960,50,0d6f66d7971473a2cef9,191,Cc1ccc(C)cc1,unlabeled
1362771960,50,6950f8ebe95298defec5,192,Cc1ccc(C)cc1,unlabeled
1362771960,50,1837a52df085e2fc70d1,193,Cc1ccc(C)cc1,unlabeled
1362771960,50,8067767b73f132489d46,194,Cc1ccc(C)cc1,unlabeled
1362771960,50,bc3f10fed296515e66e5,195,Cc1ccc(C)cc1,unlabeled
1362771960,50,369517a8e4fab7d4e0e5,196,Cc1ccc(C)cc1,unlabeled
1362771960,50,acc1a540efdb60e4fa76,197,ClCCc1ccccc1,unlabeled
1362771960,50,b849b02cc7a096ff6f6a,198,ClCCc1ccccc1,unlabeled
1362771960,50,75b105d94d176eec90ba,199,ClCCc1ccccc1,unlabeled
1362771960,50,4699975b36aa2351be18,200,ClCCc1ccccc1,unlabeled
1362771960,50,a2ecd7c05da585c2a35e,201,ClCCc1ccccc1,unlabeled
1362771960,50,82843c7e3b9005c1abb0,202,ClCCc1ccccc1,unlabeled
1362771960,50,216e9e13c0587f197c0b,203,ClCCc1ccccc1,unlabeled
1362771960,50,31162ac7e21c9688cbdc,204,CC(O)c1ccccc1,test
1362771960,50,82ffe9abc3d02f4b970f,205,CC(O)c1ccccc1,unlabeled
1362771960,50,35eae227e68fe7434e68,206,CC(O)c1ccccc1,gradient_train
1362771960,50,82b6a0a8f122317d79d4,207,CC(O)c1ccccc1,unlabeled
1362771960,50,9b28c23ad1d4dda9fe1a,208,CC(O)c1ccccc1,unlabeled
1362771960,50,4455212440cbaf6d51e2,209,COc1ccccc1,unlabeled
1362771960,50,fcea8574ae051fe11483,210,COc1ccccc1,unlabeled
1362771960,50,04d4a16ff682bc7c55c8,211,COc1ccccc1,validation
1362771960,50,62ca5eadee5ef28e9aeb,212,COc1ccccc1,unlabeled
1362771960,50,42f031acb8211bfbf67f,213,COc1ccccc1,unlabeled
1362771960,50,472b8f06caf25ffe6c7a,214,COc1ccccc1,unlabeled
1362771960,50,d532e4ccbab971232d40,215,COc1ccccc1,unlabeled
1362771960,50,bae9f1ce7c04e7ccf16b,216,CCOC(=O)C(Br)C(=O)OCC,gradient_train
1362771960,50,fc58ac30a03fcb0ec051,217,CCOC(=O)C(Br)C(=O)OCC,unlabeled
1362771960,50,c4b569d1149e4ec87b12,218,CCOC(=O)C(Br)C(=O)OCC,gradient_train
1362771960,50,53d7fb31d852cbb33059,219,CCOC(=O)C(Br)C(=O)OCC,test
1362771960,50,265addbdd355a85c628d,220,CCOC(=O)C(Br)C(=O)OCC,test
1362771960,50,b07e3b186c5f9a698624,221,CCOC(=O)C(Br)C(=O)OCC,unlabeled
1362771960,50,28c4b7ec4bf7f486b68c,222,CCOC(=O)C(Br)C(=O)OCC,unlabeled
1362771960,50,c9d7d885160197c7f67c,223,c1ccc(COCc2ccccc2)cc1,unlabeled
1362771960,50,e2869f5cf5635b6ae9c1,224,c1ccc(COCc2ccccc2)cc1,unlabeled
1362771960,50,49865eda3c0e936157be,225,c1ccc(COCc2ccccc2)cc1,gradient_train
1362771960,50,d26cffd9ef4da9800470,226,c1ccc(COCc2ccccc2)cc1,unlabeled
1362771960,50,ce9ac115ce41ab41f01d,227,c1ccc(COCc2ccccc2)cc1,unlabeled
1362771960,50,b2b5155e06ff9134c6a4,228,c1ccc(COCc2ccccc2)cc1,test
1362771960,50,f1aabb6243aed53011cb,229,c1ccc(COCc2ccccc2)cc1,unlabeled
1362771960,50,ebc9c107c2207e99cf79,230,CCOC(=O)CC(C)=O,gradient_train
1362771960,50,f373e0ffa24cb51dd13a,231,CCOC(=O)CC(C)=O,unlabeled
1362771960,50,bcb35848089ca50a1eef,232,CCOC(=O)CC(C)=O,unlabeled
1362771960,50,ef8527c6b63d54b73966,233,CCOC(=O)CC(C)=O,unlabeled
1362771960,50,86f385aa0925171d22cc,234,CCOC(=O)CC(C)=O,gradient_train
1362771960,50,9c7a6ce4172638d2abc7,235,CCOC(=O)CC(C)=O,unlabeled
1362771960,50,982585c1a4e89f10713f,236,O=CCCc1ccccc1,unlabeled
1362771960,50,36af0c588eb2e094a55e,237,O=CCCc1ccccc1,test
1362771960,50,afcb9ffea06f12f9e0f5,238,O=CCCc1ccccc1,unlabeled
1362771960,50,e584c52185ccefd22a26,239,O=CCCc1ccccc1,unlabeled
1362771960,50,39e40f336da135e6a7b5,240,O=CCCc1ccccc1,unlabeled
1362771960,50,e3c9408f01aa7642870f,241,O=CCCc1ccccc1,gradient_train
1362771960,50,155ad3f702726e253c4d,242,O=CCCc1ccccc1,unlabeled
1362771960,50,f84aa17604ca7f927b8c,243,C=CC(=O)OCCOc1ccccc1,unlabeled
1362771960,50,6b8023df74ccc51e5c76,244,C=CC(=O)OCCOc1ccccc1,unlabeled
1362771960,50,b056b793f5b571e6cdee,245,C=CC(=O)OCCOc1ccccc1,unlabeled
1362771960,50,934f00061cc32bab10e8,246,C=CC(=O)OCCOc1ccccc1,gradient_train
1362771960,50,b983d4c3094d909b570e,247,C=CC(=O)OCCOc1ccccc1,unlabeled
1362771960,50,b6f53d16978daf702470,248,C=CC(=O)OCCOc1ccccc1,unlabeled
1362771960,50,9563dde5c28fb62e4f7e,249,C=CC(=O)OCCOc1ccccc1,gradient_train
1362771960,50,de2563a5f711307823f1,250,C=CC(=O)OC1CCCCC1,unlabeled
1362771960,50,e2e681b0653ec64f7c14,251,C=CC(=O)OC1CCCCC1,unlabeled
1362771960,50,fbf392edaddff6347b58,252,C=CC(=O)OC1CCCCC1,unlabeled
1362771960,50,3955ae590ac179d279b6,253,C=CC(=O)OC1CCCCC1,unlabeled
1362771960,50,db51f6df02555cb9c264,254,C=CC(=O)OC1CCCCC1,unlabeled
1362771960,50,2195290d04210cdb253f,255,C=CC(=O)OC1CCCCC1,unlabeled
1362771960,50,8063e3de9de70b75def1,256,C=CC(=O)OC1CCCCC1,unlabeled
1362771960,50,88771c5c64ed839a4436,257,C=CC(=O)OCc1ccccc1,unlabeled
1362771960,50,b5365d56777fde5c4dfc,258,C=CC(=O)OCc1ccccc1,unlabeled
1362771960,50,4513e318c9d037303b13,259,C=CC(=O)OCc1ccccc1,unlabeled
1362771960,50,efca00a284b2cadc5737,260,C=CC(=O)OCc1ccccc1,test
1362771960,50,b473ef06a415d0f114b0,261,C=CC(=O)OCc1ccccc1,unlabeled
1362771960,50,df02863943321996441f,262,C=CC(=O)OCc1ccccc1,unlabeled
1362771960,50,194278dd9ee3d2407ed5,263,C=CC(=O)OCc1ccccc1,unlabeled
1362771960,50,cc31b914acbab022eb9a,264,COC(=O)C(C)(C)Br,unlabeled
1362771960,50,a9eea85ddeee2da33706,265,COC(=O)C(C)(C)Br,unlabeled
1362771960,50,640353c89b3ce64ee98b,266,COC(=O)C(C)(C)Br,unlabeled
1362771960,50,b11bb6293c307f7f7282,267,COC(=O)C(C)(C)Br,unlabeled
1362771960,50,77b0577e6b0adb649e63,268,COC(=O)C(C)(C)Br,unlabeled
1362771960,50,543561ac99bc28db6f2f,269,COC(=O)C(C)(C)Br,gradient_train
1362771960,50,056255620b7acc9c630f,270,COC(=O)C(C)(C)Br,unlabeled
1362771960,50,7b1589ae321d27608509,271,COC(=O)CS,unlabeled
1362771960,50,0fee19a828ef997229fd,272,COC(=O)CS,unlabeled
1362771960,50,222dede783147d5efa63,273,COC(=O)CS,unlabeled
1362771960,50,d9a40ac35b79fbcf214a,274,COC(=O)CS,unlabeled
1362771960,50,aaf22f8324aad12a55fa,275,COC(=O)CS,test
1362771960,50,a9bfabe931467745353e,276,COC(=O)CS,unlabeled
1362771960,50,be7d68067464e72d0b8d,277,COC(=O)CS,unlabeled
1362771960,50,b418a712463f5abf8b81,278,CC(=O)CCCCl,gradient_train
1362771960,50,850a69ce73ac04035aa3,279,CC(=O)CCCCl,test
1362771960,50,7c4153fe9561da818ae1,280,CC(=O)CCCCl,unlabeled
1362771960,50,a67016d937c499be9d64,281,CC(C)=CCBr,unlabeled
1362771960,50,4559d83db38cc3c39d13,282,CC(C)=CCBr,unlabeled
1362771960,50,bf8409f12dae2388c6a0,283,CC(C)=CCBr,unlabeled
1362771960,50,832899abb44b8d2246cd,284,CC(C)=CCBr,test
1362771960,50,5729cc87eb48a75655ad,285,CC(C)=CCBr,unlabeled
1362771960,50,adb6d48eec0fb576d7fc,286,CC(C)=CCBr,test
1362771960,50,bc789871fe39d967a9e0,287,CC(C)=CCBr,unlabeled
1362771960,50,fff65bc451d163b1b106,288,C=CC(=O)OCCCCCCCCCCCC,unlabeled
1362771960,50,c761659793c5929e2214,289,C=CC(=O)OCCCCCCCCCCCC,unlabeled
1362771960,50,4c7d7c5f8b0c317c5548,290,C=CC(=O)OCCCCCCCCCCCC,unlabeled
1362771960,50,a9656ffd805f80fcf143,291,C=CC(=O)OCCCCCCCCCCCC,unlabeled
1362771960,50,da10d2f67a989e8b16b5,292,C=CC(=O)OCCCCCCCCCCCC,unlabeled
1362771960,50,7ca22b2f4d23a7afb10e,293,C=CC(=O)OCCCCCCCCCCCC,unlabeled
1362771960,50,38f57a9d08efd5f070d0,294,C=CC(=O)OCCCCCCCCCCCC,unlabeled
1362771960,50,1619a0c8b233772ba0c0,295,C=CC(=O)O[C@@H]1C[C@H]2CC[C@]1(C)C2(C)C,unlabeled
1362771960,50,0b9968c1280b5e4f726a,296,C=CC(=O)O[C@@H]1C[C@H]2CC[C@]1(C)C2(C)C,unlabeled
1362771960,50,0d5196ceda603b66bd22,297,C=CC(=O)O[C@@H]1C[C@H]2CC[C@]1(C)C2(C)C,unlabeled
1362771960,50,244e5c6375ff0c923725,298,C=CC(=O)O[C@@H]1C[C@H]2CC[C@]1(C)C2(C)C,unlabeled
1362771960,50,4f34bbce67c94a44318a,299,C=CC(=O)O[C@@H]1C[C@H]2CC[C@]1(C)C2(C)C,test
1362771960,50,0f8a39d1c0a7eaf35c75,300,C=CC(=O)O[C@@H]1C[C@H]2CC[C@]1(C)C2(C)C,unlabeled
1362771960,50,6de4f7fd8ac19d183348,301,C=CC(=O)O[C@@H]1C[C@H]2CC[C@]1(C)C2(C)C,unlabeled
1362771960,50,8bac25cfab022a9fb887,302,C=CC(=O)OCC(CC)CCCC,unlabeled
1362771960,50,aeef2128392508cc81cc,303,C=CC(=O)OCC(CC)CCCC,test
1362771960,50,a2eefb55da4d47a4347b,304,C=CC(=O)OCC(CC)CCCC,unlabeled
1362771960,50,3c7f7a7105a5eb39ca89,305,C=CC(=O)OCC(CC)CCCC,unlabeled
1362771960,50,2bf67acb4c861cf83990,306,C=CC(=O)OCC(CC)CCCC,unlabeled
1362771960,50,d67e364fd6830aa2bf6f,307,C=CC(=O)OCC(CC)CCCC,test
1362771960,50,84caf30ea66b29e2ea91,308,C=CC(=O)OCC(CC)CCCC,unlabeled
1362771960,50,1bd5bb3744b78ada7307,309,FC(F)(F)c1cc(Br)cc(C(F)(F)F)c1,unlabeled
1362771960,50,dd7fdbe3fa3800e6499f,310,FC(F)(F)c1cc(Br)cc(C(F)(F)F)c1,unlabeled
1362771960,50,ab84efb31c801e49c87c,311,FC(F)(F)c1cc(Br)cc(C(F)(F)F)c1,validation
1362771960,50,69f6dbdc304c0475f868,312,FC(F)(F)c1cc(Br)cc(C(F)(F)F)c1,unlabeled
1362771960,50,a43656cab81e1b0fcccf,313,FC(F)(F)c1cc(Br)cc(C(F)(F)F)c1,unlabeled
1362771960,50,bcf8bb13e4fca185fe68,314,FC(F)(F)c1cc(Br)cc(C(F)(F)F)c1,unlabeled
1362771960,50,fe71f29c800d4ee35138,315,FC(F)(F)c1cc(Br)cc(C(F)(F)F)c1,unlabeled
1362771960,50,2416be80d114ff60224d,316,O=Cc1ccc(Cl)cc1Br,unlabeled
1362771960,50,9201cead3641f52a1f20,317,O=Cc1ccc(Cl)cc1Br,unlabeled
1362771960,50,49276f9b1cc72d41bbfd,318,O=Cc1ccc(Cl)cc1Br,unlabeled
1362771960,50,6cb8bbf843e6064ce249,319,O=Cc1ccc(Cl)cc1Br,unlabeled
1362771960,50,a6b1d92e3de602f8963c,320,O=Cc1ccc(Cl)cc1Br,unlabeled
1362771960,50,135ac7deca522d1e7929,321,O=Cc1ccc(Cl)cc1Br,unlabeled
1362771960,50,0f3bd8418ab9ba9d1ed2,322,O=Cc1ccc(Cl)cc1Br,unlabeled
1362771960,50,6cd5860914563da59932,323,O=Cc1ccc2c(c1)CCO2,gradient_train
1362771960,50,5179c3962ada5450dde7,324,O=Cc1ccc2c(c1)CCO2,unlabeled
1362771960,50,ad45b4b8aaed2c2b0b33,325,O=Cc1ccc2c(c1)CCO2,unlabeled
1362771960,50,6c8de7fb3dbd4f5adabf,326,O=Cc1ccc2c(c1)CCO2,test
1362771960,50,f72724ff299c47641488,327,COc1cc(F)cc(Br)c1,unlabeled
1362771960,50,2cde006ff48a36a368d2,328,COc1cc(F)cc(Br)c1,unlabeled
1362771960,50,09879f6853acb50e1280,329,COc1cc(F)cc(Br)c1,unlabeled
1362771960,50,cd492dbc52d170e5a396,330,COc1cc(F)cc(Br)c1,unlabeled
1362771960,50,e1244cc412f81ac11bd3,331,COc1cc(F)cc(Br)c1,unlabeled
1362771960,50,69bed1df8dc3cf82927c,332,COc1cc(F)cc(Br)c1,unlabeled
1362771960,50,adc9f476f8b5d66fa85d,333,COc1cc(F)cc(Br)c1,unlabeled
1362771960,50,e7e3cdff8a4b43574b19,334,CC(C)(C)c1cc(C=O)cc(C(C)(C)C)c1,unlabeled
1362771960,50,22fcaa293d9525e1f4e7,335,CC(C)(C)c1cc(C=O)cc(C(C)(C)C)c1,unlabeled
1362771960,50,5965305884ee5fba94d8,336,CC(C)(C)c1cc(C=O)cc(C(C)(C)C)c1,unlabeled
1362771960,50,556baeed852270e9c0fc,337,CC(C)(C)c1cc(C=O)cc(C(C)(C)C)c1,gradient_train
1362771960,50,376fc6387117429bcb19,338,CC(C)(C)c1cc(C=O)cc(C(C)(C)C)c1,test
1362771960,50,3fbc880a145bcc2155c9,339,CC(C)(C)c1cc(C=O)cc(C(C)(C)C)c1,unlabeled
1362771960,50,2964279ae2fd8a820ae1,340,CC(C)(C)c1cc(C=O)cc(C(C)(C)C)c1,unlabeled
1362771960,50,c084940b1be4fa61738d,341,COc1cc(Br)cc(OC)c1,unlabeled
1362771960,50,deac65153d9204a230ec,342,COc1cc(Br)cc(OC)c1,unlabeled
1362771960,50,b5f0b6271cd244ade9a3,343,COc1cc(Br)cc(OC)c1,unlabeled
1362771960,50,79723584590c0a689474,344,COc1cc(Br)cc(OC)c1,unlabeled
1362771960,50,984bc17b1da105c753eb,345,COc1cc(Br)cc(OC)c1,gradient_train
1362771960,50,1b7e334ea83516d08ff5,346,COc1cc(Br)cc(OC)c1,unlabeled
1362771960,50,b8018c4bdaadd42a057a,347,COc1cc(Br)cc(OC)c1,unlabeled
1362771960,50,3b03dfa8ff44ff554734,348,O=Cc1cc(Br)ccc1O,unlabeled
1362771960,50,167f49f748fa35bdb29e,349,O=Cc1cc(Br)ccc1O,gradient_train
1362771960,50,7e19b816ecd8282ce2a1,350,O=Cc1cc(Br)ccc1O,unlabeled
1362771960,50,0dffde5d00d50ee96173,351,O=Cc1cc(Br)ccc1O,unlabeled
1362771960,50,65bfb38b53dd53bc4f4c,352,O=Cc1cc(Br)ccc1O,unlabeled
1362771960,50,e79c5aedcfa41a5f23c9,353,O=Cc1cc(Br)ccc1O,gradient_train
1362771960,50,27b234a05f8c66fd059f,354,O=Cc1cc(Br)ccc1O,unlabeled
1362771960,50,1bf52d57e3b0d9ef0662,355,Cc1ccc(Cl)cc1Br,unlabeled
1362771960,50,867407c66038f21466a8,356,Cc1ccc(Cl)cc1Br,unlabeled
1362771960,50,fb19bbc052a528249f36,357,Cc1ccc(Cl)cc1Br,gradient_train
1362771960,50,13bebd0b1ab22fc7e93b,358,Cc1ccc(Cl)cc1Br,unlabeled
1362771960,50,c1b4c0f7481c01c40ec6,359,Cc1ccc(Cl)cc1Br,validation
1362771960,50,bb159f5b8695e842d4ff,360,Cc1ccc(Cl)cc1Br,unlabeled
1362771960,50,ce70dba7026ce0b64f62,361,Cc1ccc(Cl)cc1Br,gradient_train
1362771960,50,a5ea3136b642f8a49607,362,N#Cc1ccccc1Br,unlabeled
1362771960,50,8671b386166171ebd7f7,363,N#Cc1ccccc1Br,unlabeled
1362771960,50,d344b363b8c01e73a6fa,364,N#Cc1ccccc1Br,unlabeled
1362771960,50,70e13ddfe9e6cc9b0f56,365,N#Cc1ccccc1Br,unlabeled
1362771960,50,35046c5ff35d8c8617bb,366,N#Cc1ccccc1Br,unlabeled
1362771960,50,848f6c84b4d5fc44c3c2,367,N#Cc1ccccc1Br,unlabeled
1362771960,50,0974fc9cbeb3820c4065,368,Cc1ccc(C=O)c(C)c1,test
1362771960,50,bc486e940c369b85ce28,369,Cc1ccc(C=O)c(C)c1,unlabeled
1362771960,50,9a29b268530b7a3321a0,370,Cc1ccc(C=O)c(C)c1,validation
1362771960,50,51394d9af7adc7eff816,371,Cc1ccc(C=O)c(C)c1,unlabeled
1362771960,50,5cbed870fef2de105046,372,Cc1ccc(C=O)c(C)c1,unlabeled
1362771960,50,dbb854b36df7ed31d95f,373,Cc1ccc(C=O)c(C)c1,unlabeled
1362771960,50,0c0f89307cc4aff87ab6,374,Cc1ccc(C=O)c(C)c1,unlabeled
1362771960,50,a5d9706079ccfee3bdf4,375,COCCOC(=O)CC(C)=O,unlabeled
1362771960,50,bacef06b4d4d7374a4e4,376,COCCOC(=O)CC(C)=O,unlabeled
1362771960,50,74097878150c8a5a8d79,377,COCCOC(=O)CC(C)=O,gradient_train
1362771960,50,47404d0982a587f0393e,378,COCCOC(=O)CC(C)=O,unlabeled
1362771960,50,fb80794857ddc46e142c,379,CC(=O)c1ccc2c(c1)OCO2,unlabeled
1362771960,50,6f34563b6236c57b9c60,380,CC(=O)c1ccc2c(c1)OCO2,unlabeled
1362771960,50,147b560e4c606680c7b2,381,CC(=O)c1ccc2c(c1)OCO2,unlabeled
1362771960,50,7396668aaa8d372aa464,382,CC(=O)c1ccc2c(c1)OCO2,gradient_train
1362771960,50,78b04c44dfa852f4e621,383,CC(=O)c1ccc2c(c1)OCO2,unlabeled
1362771960,50,f191e08b3e95928a5423,384,CC(=O)c1ccc2c(c1)OCO2,unlabeled
1362771960,50,f5634113e0822bda1c03,385,CC(=O)c1ccc2c(c1)OCO2,unlabeled
1362771960,50,45264f1c88b241fb888c,386,CC(=O)c1c(C)cc(C)cc1C,unlabeled
1362771960,50,7b0fa77cbbcbd8e7c87a,387,CC(=O)c1c(C)cc(C)cc1C,unlabeled
1362771960,50,c514f60c28973fc116c5,388,CC(=O)c1c(C)cc(C)cc1C,gradient_train
1362771960,50,b63d546347919cb66716,389,CC(=O)c1c(C)cc(C)cc1C,unlabeled
1362771960,50,823c667f35cddfcbc346,390,CC(=O)c1c(C)cc(C)cc1C,unlabeled
1362771960,50,d2955aa36bd2b103c981,391,CC(=O)c1c(C)cc(C)cc1C,unlabeled
1362771960,50,4ce730c9ad4e20a0386e,392,CC(=O)c1c(C)cc(C)cc1C,gradient_train
1362771960,50,f3531a1565c8159ac5e2,393,CC(=O)c1ccc(C)cc1C,unlabeled
1362771960,50,c359fd726e50e2123f43,394,CC(=O)c1ccc(C)cc1C,unlabeled
1362771960,50,a9a623a9853c6b493ce4,395,CC(=O)c1ccc(C)cc1C,unlabeled
1362771960,50,784ca4af1517dac8cd11,396,CC(=O)c1ccc(C)cc1C,unlabeled
1362771960,50,4c36e8e7d179b4bfa11a,397,CC(=O)c1ccc(C)cc1C,unlabeled
1362771960,50,77fe8c752e01feedccfa,398,CC(=O)c1ccc(C)cc1C,test
1362771960,50,0a1949b42050f41b0db4,399,CC(=O)c1ccc(C)cc1C,test
1362771960,50,118d66c0e53f510c51ed,400,CC(=O)c1ccc2c(c1)Cc1ccccc1-2,unlabeled
1362771960,50,38aa81d53a6b39e9d8ef,401,CC(=O)c1ccc2c(c1)Cc1ccccc1-2,unlabeled
1362771960,50,c780d2f5194817087e07,402,CC(=O)c1ccc2c(c1)Cc1ccccc1-2,unlabeled
1362771960,50,546046afb5114d631360,403,CC(=O)c1ccc2c(c1)Cc1ccccc1-2,test
1362771960,50,dc9f747c03c55d77bf72,404,BrC(=C(c1ccccc1)c1ccccc1)c1ccccc1,unlabeled
1362771960,50,d29c00125d1c5dc55586,405,BrC(=C(c1ccccc1)c1ccccc1)c1ccccc1,unlabeled
1362771960,50,509e53644c411798f5b0,406,BrC(=C(c1ccccc1)c1ccccc1)c1ccccc1,test
1362771960,50,5ac5df671efee45d3ddf,407,BrC(=C(c1ccccc1)c1ccccc1)c1ccccc1,test
1362771960,50,1e8c03a5d84f08329475,408,BrC(=C(c1ccccc1)c1ccccc1)c1ccccc1,test
1362771960,50,a7f9a08159d001c30f67,409,BrC(=C(c1ccccc1)c1ccccc1)c1ccccc1,unlabeled
1362771960,50,97feb43dae8371e80d3b,410,BrC(=C(c1ccccc1)c1ccccc1)c1ccccc1,unlabeled
1362771960,50,2f612d3ec5e270672ad1,411,C/C(=N\O)c1ccccc1,unlabeled
1362771960,50,b089551184e4d70e386d,412,C/C(=N\O)c1ccccc1,unlabeled
1362771960,50,95f7b6c8f44b25feade0,413,C/C(=N\O)c1ccccc1,unlabeled
1362771960,50,b0f39affa1970d2700b7,414,C/C(=N\O)c1ccccc1,unlabeled
1362771960,50,af2973fb82b6d79d8c5e,415,C/C(=N\O)c1ccccc1,unlabeled
1362771960,50,3545611fd9950a160288,416,C/C(=N\O)c1ccccc1,unlabeled
1362771960,50,786c4179676f46638e4a,417,O=C(c1ccccc1)c1ccc(Cl)cc1,test
1362771960,50,937105af8867732c56ec,418,O=C(c1ccccc1)c1ccc(Cl)cc1,unlabeled
1362771960,50,711f210d4869259d0651,419,O=C(c1ccccc1)c1ccc(Cl)cc1,unlabeled
1362771960,50,26bb8ff67b7738527484,420,O=C(c1ccccc1)c1ccc(Cl)cc1,unlabeled
1362771960,50,6624c43f78e6697c8ac9,421,O=C(c1ccccc1)c1ccc(Cl)cc1,gradient_train
1362771960,50,f9b97e958092bd5cb81a,422,O=C(c1ccccc1)c1ccc(Cl)cc1,unlabeled
1362771960,50,2d53109003f718b780fa,423,Cc1ccc(C(=O)c2ccccc2)cc1C,unlabeled
1362771960,50,b9b624baffe611c30836,424,Cc1ccc(C(=O)c2ccccc2)cc1C,unlabeled
1362771960,50,f8a590eaa91d155f61da,425,Cc1ccc(C(=O)c2ccccc2)cc1C,unlabeled
1362771960,50,2fcaa537474ba2ae579f,426,Cc1ccc(C(=O)c2ccccc2)cc1C,unlabeled
1362771960,50,d914e4c833f2df567cac,427,Cc1ccc(C(=O)c2ccccc2)cc1C,unlabeled
1362771960,50,5048acae682925888d12,428,Cc1ccc(C(=O)c2ccccc2)cc1C,unlabeled
1362771960,50,41927f703a0632f098fb,429,CC(=O)CC(=O)c1ccccc1,unlabeled
1362771960,50,760d0bf0ec31747d3969,430,CC(=O)CC(=O)c1ccccc1,gradient_train
1362771960,50,d71aab82a8179d05294a,431,CC(=O)CC(=O)c1ccccc1,gradient_train
1362771960,50,25ffb25df5bec65a633b,432,CC(=O)CC(=O)c1ccccc1,unlabeled
1362771960,50,92d69b1849c34b7f1a80,433,CCOC(=O)C(Cc1ccccc1)C(C)=O,unlabeled
1362771960,50,a289439d96e27bec7cbc,434,CCOC(=O)C(Cc1ccccc1)C(C)=O,unlabeled
1362771960,50,4707a180fe4230c208ff,435,CCOC(=O)C(Cc1ccccc1)C(C)=O,unlabeled
1362771960,50,41921840a5681261ba98,436,CCOC(=O)C(Cc1ccccc1)C(C)=O,unlabeled
1362771960,50,b5080cde4f493a415fc5,437,CCOC(=O)C(Cc1ccccc1)C(C)=O,unlabeled
1362771960,50,1bbec08f4838f06da0fb,438,CCOC(=O)C(Cc1ccccc1)C(C)=O,unlabeled
1362771960,50,bd0519702a5756bc3c94,439,CCOC(=O)C(Cc1ccccc1)C(C)=O,unlabeled
1362771960,50,b7fa3dd8e6040788ae14,440,CCOC(=O)c1cccnc1,unlabeled
1362771960,50,2deca509a22158d15375,441,CCOC(=O)c1cccnc1,unlabeled
1362771960,50,b48dea92ecfc07816494,442,CCOC(=O)c1cccnc1,unlabeled
1362771960,50,82fa7e7b3bd183853280,443,CCOC(=O)c1cccnc1,unlabeled
1362771960,50,7ba2cf5e6ca289d9810f,444,CCOC(=O)c1cccnc1,unlabeled
1362771960,50,7dec4c1259ce3660b729,445,COc1ccc(OC)c(Br)c1,unlabeled
1362771960,50,768064b2e2a953d147d0,446,COc1ccc(OC)c(Br)c1,unlabeled
1362771960,50,212154e56fe15a3333a2,447,COc1ccc(OC)c(Br)c1,unlabeled
1362771960,50,c56a92db4ce7de66bee1,448,COc1ccc(OC)c(Br)c1,unlabeled
1362771960,50,48b99ebef2fd7718f678,449,COc1ccc(OC)c(Br)c1,unlabeled
1362771960,50,6da48b9dd6e1ed7e26fd,450,COc1ccc(OC)c(Br)c1,test
1362771960,50,a2eeeea4e6525c9d22d4,451,COc1ccc(OC)c(Br)c1,unlabeled
1362771960,50,1e0e33b1a77df72f4dd8,452,OCc1cccc(Br)c1,unlabeled
1362771960,50,371711577127c07527e3,453,OCc1cccc(Br)c1,unlabeled
1362771960,50,78d4810a82f060b5cf49,454,OCc1cccc(Br)c1,unlabeled
1362771960,50,1c04f02c0ea8c00b358d,455,OCc1cccc(Br)c1,test
1362771960,50,4bc0dc84991def63aa1b,456,O=C1CCCc2ccccc21,unlabeled
1362771960,50,2433f7a3f7959e1d1b74,457,O=C1CCCc2ccccc21,unlabeled
1362771960,50,944f0a85ec8978a60444,458,O=C1CCCc2ccccc21,unlabeled
1362771960,50,8afc083342d1c2e7f78a,459,O=C1CCCc2ccccc21,unlabeled
1362771960,50,c35ed383b2db14b3bc06,460,O=C1CCCc2ccccc21,gradient_train
1362771960,50,d7c72c92165e2c129547,461,O=C1CCCc2ccccc21,unlabeled
1362771960,50,e375bb01e53e46f8faee,462,O=C1CCCc2ccccc21,unlabeled
1362771960,50,fdc873b5607287090ff3,463,CSc1ccc(C=O)cc1,unlabeled
1362771960,50,80b4e33a8434ac29ed52,464,CSc1ccc(C=O)cc1,unlabeled
1362771960,50,ee60c3ffc43a4c2c965e,465,CSc1ccc(C=O)cc1,unlabeled
1362771960,50,95f10fffb85ea1b1f47a,466,CSc1ccc(C=O)cc1,unlabeled
1362771960,50,793d8259fd7820530cfe,467,Cc1ccccc1C=O,unlabeled
1362771960,50,13fb1511fffef8fc96e0,468,Cc1ccccc1C=O,unlabeled
1362771960,50,532a47d1b45e54d6326b,469,Cc1ccccc1C=O,gradient_train
1362771960,50,dcd70c2b5039c4268d56,470,Cc1ccccc1C=O,unlabeled
1362771960,50,22d860e7f246ca4272a4,471,Cc1ccccc1C=O,unlabeled
1362771960,50,f21df276243d861dc2b2,472,Cc1ccccc1C=O,unlabeled
1362771960,50,08820514e662ce6ea8f0,473,Cc1ccccc1C=O,validation
1362771960,50,d60e09bca01342c7cfa6,474,O=Cc1ccc(Br)cc1O,unlabeled
1362771960,50,9dda290379fb047fc74d,475,O=Cc1ccc(Br)cc1O,unlabeled
1362771960,50,4a58b799c494875f6f27,476,O=Cc1ccc(Br)cc1O,unlabeled
1362771960,50,98a1ca00445d60f415d4,477,O=Cc1ccc(Br)cc1O,unlabeled
1362771960,50,ddecd252bb1099fb20f7,478,O=Cc1ccc(Br)cc1O,test
1362771960,50,226ebdbf914ce9333de8,479,O=Cc1ccc(Br)cc1O,gradient_train
1362771960,50,99dd4a9a47de5c84b7c0,480,O=Cc1ccc(Br)cc1O,unlabeled
1362771960,50,ecc7e2759499addc038f,481,CC(=O)c1ccc(Br)cc1,unlabeled
1362771960,50,66c1ee6eed3d1587de50,482,CC(=O)c1ccc(Br)cc1,unlabeled
1362771960,50,a26a131344d4dbd9645b,483,CC(=O)c1ccc(Br)cc1,unlabeled
1362771960,50,f0edd899ac987a1de9dd,484,CC(=O)c1ccc(Br)cc1,unlabeled
1362771960,50,0e13b08b0f9c772699e1,485,CC(=O)c1ccc(Br)cc1,gradient_train
1362771960,50,1254297404cc9db52ee2,486,CC(=O)c1ccc(Br)cc1,unlabeled
1362771960,50,bc8e1d805b36b63cbfbe,487,CC(=O)c1ccc(Br)cc1,unlabeled
1362771960,50,cd998cddd3dcb4fc8c92,488,O=C(Cc1ccccc1)c1ccccc1,unlabeled
1362771960,50,12e11e8eaee71fc57209,489,O=C(Cc1ccccc1)c1ccccc1,test
1362771960,50,054457c7699aabd6c619,490,O=C(Cc1ccccc1)c1ccccc1,unlabeled
1362771960,50,893e4c91da1b0b2f7d3e,491,O=C(Cc1ccccc1)c1ccccc1,unlabeled
1362771960,50,18e8a9c1ea6aa15c0d01,492,O=C(Cc1ccccc1)c1ccccc1,unlabeled
1362771960,50,bc582f1f4f4225f6d249,493,O=C(Cc1ccccc1)c1ccccc1,unlabeled
1362771960,50,d92ef85db0d1c0979197,494,O=C(Cc1ccccc1)c1ccccc1,unlabeled
1362771960,50,ddc0b27538aa926cbb6e,495,O=Cc1ccc(-c2ccccc2)cc1,unlabeled
1362771960,50,6dcfe9b1e0958f22523b,496,O=Cc1ccc(-c2ccccc2)cc1,unlabeled
1362771960,50,3cdf1bcd3739e20f72d2,497,O=Cc1ccc(-c2ccccc2)cc1,test
1362771960,50,a8e4c6001ce3245c634b,498,O=Cc1ccc(-c2ccccc2)cc1,unlabeled
1362771960,50,24b540d7814b4d9c5183,499,O=Cc1ccc(-c2ccccc2)cc1,unlabeled
1362771960,50,b0cadf050313e9a3a162,500,O=Cc1ccc(-c2ccccc2)cc1,unlabeled
1362771960,50,8837a8a19c37b63d2e48,501,O=Cc1ccc(-c2ccccc2)cc1,unlabeled
1362771960,50,23a832560d234735d954,502,O=Cc1ccc2ccccc2c1Br,unlabeled
1362771960,50,90777be8090491479de1,503,O=Cc1ccc2ccccc2c1Br,unlabeled
1362771960,50,926a7862066269f98d62,504,O=Cc1ccc2ccccc2c1Br,unlabeled
1362771960,50,2c51476c6fa3121c5dfc,505,O=Cc1ccc2ccccc2c1Br,unlabeled
1362771960,50,5a9449a7562d442b8669,506,O=Cc1ccc2ccccc2c1Br,unlabeled
1362771960,50,2cbca950d64fdcd81660,507,O=Cc1ccc2ccccc2c1Br,unlabeled
1362771960,50,fb1fdaa4bc60434648f7,508,O=Cc1ccc2ccccc2c1Br,unlabeled
1362771960,50,9e46dbe8a460d3f96a27,509,O=C(/C=C/c1ccccc1)c1ccccc1,gradient_train
1362771960,50,31e75b850983502aa64f,510,O=C(/C=C/c1ccccc1)c1ccccc1,unlabeled
1362771960,50,b566ed83f272904657ba,511,O=C(/C=C/c1ccccc1)c1ccccc1,unlabeled
1362771960,50,c2be1e8f7c2c080f49f5,512,O=C(/C=C/c1ccccc1)c1ccccc1,unlabeled
1362771960,50,fde2d968ab29d13d4f1d,513,O=C(/C=C/c1ccccc1)c1ccccc1,unlabeled
1362771960,50,240da69c823911ff5ccc,514,O=C(/C=C/c1ccccc1)c1ccccc1,unlabeled
1362771960,50,b2b26956a788c2a8c7e9,515,O=C(/C=C/c1ccccc1)c1ccccc1,unlabeled
1362771960,50,f3b80f5fe97d26fd8383,516,O=C(/C=C/c1ccccc1)/C=C/c1ccccc1,unlabeled
1362771960,50,d60f7e6b21ea96567843,517,O=C(/C=C/c1ccccc1)/C=C/c1ccccc1,unlabeled
1362771960,50,bb61793cbbbe2bfa4e12,518,O=C(/C=C/c1ccccc1)/C=C/c1ccccc1,test
1362771960,50,d078d930aa37448ec4aa,519,O=C(/C=C/c1ccccc1)/C=C/c1ccccc1,unlabeled
1362771960,50,8cd132f293d2823adc8d,520,O=C(/C=C/c1ccccc1)/C=C/c1ccccc1,unlabeled
1362771960,50,88f58ab7b7cf02f8f134,521,O=C(/C=C/c1ccccc1)/C=C/c1ccccc1,unlabeled
1362771960,50,17bdb259a18419ca296f,522,O=C(/C=C/c1ccccc1)/C=C/c1ccccc1,unlabeled
1362771960,50,77c599d272254892b6ec,523,CC1CCC(=O)c2ccccc21,test
1362771960,50,b393af61f6769ceccbc0,524,CC1CCC(=O)c2ccccc21,test
1362771960,50,49668be051b44a819f00,525,CC1CCC(=O)c2ccccc21,unlabeled
1362771960,50,ffa86b2ffa5ac89b0720,526,CC1CCC(=O)c2ccccc21,unlabeled
1362771960,50,43aa4f12be94a8a96b35,527,CC1CCC(=O)c2ccccc21,unlabeled
1362771960,50,c09fbafa246c8d17b677,528,CC1CCC(=O)c2ccccc21,unlabeled
1362771960,50,f38afd5febe30c01c852,529,CC1CCC(=O)c2ccccc21,unlabeled
1362771960,50,490ab56dde175e9b97f5,530,O=C(Cc1ccccc1F)C1CC1,unlabeled
1362771960,50,3156893d5d2368c286a5,531,O=C(Cc1ccccc1F)C1CC1,unlabeled
1362771960,50,5ca73775e77c8e07812b,532,O=C(Cc1ccccc1F)C1CC1,unlabeled
1362771960,50,e90e636dced92c2b53d7,533,O=C(Cc1ccccc1F)C1CC1,unlabeled
1362771960,50,21e4905ef98fba65035a,534,O=C(Cc1ccccc1F)C1CC1,unlabeled
1362771960,50,2eda4e5a40a9021016cb,535,O=C(Cc1ccccc1F)C1CC1,unlabeled
1362771960,50,9c357cc9e9b8199eb1e0,536,O=C(Cc1ccccc1F)C1CC1,unlabeled
1362771960,50,51091e7a7f83732eaf1b,537,CCC(=O)c1cccc(Br)c1,unlabeled
1362771960,50,71577790a52cb379d81f,538,CCC(=O)c1cccc(Br)c1,unlabeled
1362771960,50,e3b2ac778da2b86aa873,539,CCC(=O)c1cccc(Br)c1,unlabeled
1362771960,50,1046fdfaf24728b107ba,540,CCC(=O)c1cccc(Br)c1,gradient_train
1362771960,50,2e10d8b186d86053260f,541,CCC(=O)c1cccc(Br)c1,test
1362771960,50,5111664a952a4ab7d54e,542,CCC(=O)c1cccc(Br)c1,validation
1362771960,50,ffcab07e0d31056e0d4a,543,CCC(=O)c1cccc(Br)c1,unlabeled
1362771960,50,b6bb9be5584029502820,544,COCCCCC(=O)c1ccc(C(F)(F)F)cc1,unlabeled
1362771960,50,60a000cb56517513c4d2,545,COCCCCC(=O)c1ccc(C(F)(F)F)cc1,test
1362771960,50,677c30b5727454c7a81e,546,COCCCCC(=O)c1ccc(C(F)(F)F)cc1,test
1362771960,50,94bc1858c275dcb3d476,547,COCCCCC(=O)c1ccc(C(F)(F)F)cc1,unlabeled
1362771960,50,06c29062334b43b0d12f,548,COCCCCC(=O)c1ccc(C(F)(F)F)cc1,unlabeled
1362771960,50,80e66bd0e8e9450537bb,549,COCCCCC(=O)c1ccc(C(F)(F)F)cc1,unlabeled
1362771960,50,b82c7c8060589ec1974b,550,CCCC(=O)c1ccc(-c2ccccc2)cc1,unlabeled
1362771960,50,57e291b74a249c9dd3ff,551,CCCC(=O)c1ccc(-c2ccccc2)cc1,test
1362771960,50,7d6bcd84e5a6861fc8fc,552,CCCC(=O)c1ccc(-c2ccccc2)cc1,unlabeled
1362771960,50,2d37adf0d65a19bc2c0c,553,CCCC(=O)c1ccc(-c2ccccc2)cc1,unlabeled
1362771960,50,3c892a45de6ec4625f37,554,CCCC(=O)c1ccc(-c2ccccc2)cc1,unlabeled
1362771960,50,e2c826d98b2bbeb6f48b,555,CCCC(=O)c1ccc(-c2ccccc2)cc1,gradient_train
1362771960,50,ce61c0bd799e65402b75,556,CCCC(=O)c1ccc(-c2ccccc2)cc1,unlabeled
1362771960,50,0f05b5ba6eb528d54b4b,557,O=C(c1ccccc1)c1cccc(C(=O)c2ccccc2)c1,unlabeled
1362771960,50,c4412adf038c7f6ea3c2,558,O=C(c1ccccc1)c1cccc(C(=O)c2ccccc2)c1,unlabeled
1362771960,50,182fc7fe888dbb9535bb,559,O=C(c1ccccc1)c1cccc(C(=O)c2ccccc2)c1,unlabeled
1362771960,50,8abf9c0719e2d67a22f9,560,O=C(c1ccccc1)c1cccc(C(=O)c2ccccc2)c1,unlabeled
1362771960,50,b8a4c06710d95c33cfe1,561,O=C(c1ccccc1)c1cccc(C(=O)c2ccccc2)c1,unlabeled
1362771960,50,7e451fd74af5bfa51ac9,562,O=C(c1ccccc1)c1cccc(C(=O)c2ccccc2)c1,unlabeled
1362771960,50,07e9bc7a9d27fdd58c2f,563,O=C(c1ccccc1)c1cccc(C(=O)c2ccccc2)c1,unlabeled
1362771960,50,2f828b7aa8c3e93352da,564,CCC(=O)c1cccnc1,unlabeled
1362771960,50,4365d2fb106c18823aac,565,CCC(=O)c1cccnc1,test
1362771960,50,4c6a8ef1c87748df99f2,566,CCC(=O)c1cccnc1,test
1362771960,50,aca0ef1613a0a07a0431,567,O=C(CCCCl)c1ccc(F)cc1,unlabeled
1362771960,50,f98f5943ca73a5b809a1,568,O=C(CCCCl)c1ccc(F)cc1,unlabeled
1362771960,50,405638494c5a95206866,569,O=C(CCCCl)c1ccc(F)cc1,unlabeled
1362771960,50,76e188b0e48b99f36582,570,O=C(CCCCl)c1ccc(F)cc1,test
1362771960,50,26aa0143305ac532a560,571,O=C(CCCCl)c1ccc(F)cc1,test
1362771960,50,283be89c092cfa4a5cbb,572,O=C(CCCCl)c1ccc(F)cc1,unlabeled
1362771960,50,0ffc20c3f979502b8a09,573,O=C(CCCCl)c1ccc(F)cc1,unlabeled
1362771960,70,bbabdb9085edbb8c178b,0,CC(C)(CCl)c1ccccc1,unlabeled
1362771960,70,96dc3dc2ebd074200228,1,CC(C)(CCl)c1ccccc1,unlabeled
1362771960,70,6322e8f867a741eed74c,2,CC(C)(CCl)c1ccccc1,unlabeled
1362771960,70,c2b0aff65443af0a8618,3,CC(C)(CCl)c1ccccc1,test
1362771960,70,f4b69d88ad1d916ee71a,4,CC(C)(CCl)c1ccccc1,unlabeled
1362771960,70,0f3559d035355b0eec80,5,CC(C)(CCl)c1ccccc1,unlabeled
1362771960,70,d29a94054067cd60dd70,6,CC(C)(CCl)c1ccccc1,unlabeled
1362771960,70,31d92ca6486b229184cf,7,OCCCc1ccccc1,unlabeled
1362771960,70,8a84cca322477165b719,8,OCCCc1ccccc1,unlabeled
1362771960,70,9cf769277f6b42d15f11,9,OCCCc1ccccc1,unlabeled
1362771960,70,7a0a82051f50d5b0c89c,10,OCCCc1ccccc1,unlabeled
1362771960,70,c79f29f048bbfd157f98,11,BrCCCc1ccccc1,unlabeled
1362771960,70,df0074b49eeb620c0768,12,BrCCCc1ccccc1,unlabeled
1362771960,70,f0097bc6b7827ef65922,13,BrCCCc1ccccc1,unlabeled
1362771960,70,44348f5c4aea3b41ee9d,14,BrCCCc1ccccc1,unlabeled
1362771960,70,482cb91fac7f2a936dca,15,BrCCCc1ccccc1,unlabeled
1362771960,70,a5c6210123f05414ffc0,16,BrCCCc1ccccc1,test
1362771960,70,a82e55e1cd19814ea307,17,BrCCCc1ccccc1,unlabeled
1362771960,70,6ee3c70647b37dcd5417,18,ClCCCc1ccccc1,unlabeled
1362771960,70,2c7e37ef828eb17c78fb,19,ClCCCc1ccccc1,validation
1362771960,70,7ab9c351196ad891e172,20,ClCCCc1ccccc1,unlabeled
1362771960,70,7062ca665af0f9bba6c9,21,ClCCCc1ccccc1,unlabeled
1362771960,70,6644e934f59d8b816b9f,22,ClCCCc1ccccc1,unlabeled
1362771960,70,8cc7c76a92a4474d7c6a,23,ClCCCc1ccccc1,unlabeled
1362771960,70,c883df6ea04f89f45f03,24,ClCCCc1ccccc1,unlabeled
1362771960,70,46ed1e35ca65ace74790,25,COc1ccc(CO)cc1,unlabeled
1362771960,70,ec581cec37da9563e756,26,COc1ccc(CO)cc1,unlabeled
1362771960,70,c2bd8e8f13a96726e7fc,27,COc1ccc(CO)cc1,unlabeled
1362771960,70,f1afcbd393ce4f5a6316,28,COc1ccc(CO)cc1,unlabeled
1362771960,70,2909efb29670d8f2286d,29,CCOC(=O)C(C)(C)Br,unlabeled
1362771960,70,56b391fdec7a2a622e52,30,CCOC(=O)C(C)(C)Br,unlabeled
1362771960,70,8a9485661ac2c4576006,31,CCOC(=O)C(C)(C)Br,unlabeled
1362771960,70,7f6d1cdee16de4a37a21,32,CCOC(=O)C(C)(C)Br,unlabeled
1362771960,70,fd7bf535ef538434b384,33,CCOC(=O)C(C)(C)Br,unlabeled
1362771960,70,651bb6b60c62819a4323,34,CCOC(=O)C(C)(C)Br,gradient_train
1362771960,70,2a61203b59218a3cbdc6,35,CCOC(=O)C(C)(C)Br,gradient_train
1362771960,70,6d6c0510303dec89b2fe,36,COc1ccc(C=O)cc1,unlabeled
1362771960,70,f81dc37125414986a0bb,37,COc1ccc(C=O)cc1,unlabeled
1362771960,70,400615278105cebb3ed9,38,COc1ccc(C=O)cc1,unlabeled
1362771960,70,5d04f6757b59f5c356bb,39,COc1ccc(C=O)cc1,unlabeled
1362771960,70,a074620f6970d8f89567,40,COc1ccc(C=O)cc1,unlabeled
1362771960,70,454c1ea3beebbec4befe,41,COc1ccc(C=O)cc1,gradient_train
1362771960,70,f95928e2618ed15e654f,42,COc1ccc(C=O)cc1,test
1362771960,70,3a02b99399bb0c3e9ff9,43,COC(=O)C#CC(=O)OC,unlabeled
1362771960,70,b80a4f9e4b61f534ee9e,44,COC(=O)C#CC(=O)OC,unlabeled
1362771960,70,2690de155843f45b00a3,45,COC(=O)C#CC(=O)OC,unlabeled
1362771960,70,549eb8499df5181b3558,46,COC(=O)C#CC(=O)OC,unlabeled
1362771960,70,02c141e2551937d10f4e,47,COC(=O)C#CC(=O)OC,unlabeled
1362771960,70,9069807baff6cbfbde75,48,COC(=O)C#CC(=O)OC,gradient_train
1362771960,70,1fe1163f7d97c16f3822,49,CC(=O)c1ccccc1,unlabeled
1362771960,70,1e86d81fe1995d367fe1,50,CC(=O)c1ccccc1,unlabeled
1362771960,70,614e6d0929b0845d454b,51,CC(=O)c1ccccc1,unlabeled
1362771960,70,358681452207464d171e,52,CC(=O)c1ccccc1,unlabeled
1362771960,70,c00e01085f35d19cd90f,53,CC(=O)c1ccccc1,unlabeled
1362771960,70,a542d702abb1fa77a6fc,54,CC(=O)c1ccccc1,unlabeled
1362771960,70,77577e6f6f0aa6789972,55,CCOC(=O)C(C)Br,unlabeled
1362771960,70,298017c801a97653f57d,56,CCOC(=O)C(C)Br,unlabeled
1362771960,70,849796401ee485c617a5,57,CCOC(=O)C(C)Br,unlabeled
1362771960,70,67cc8304e3e618d7416a,58,CCOC(=O)C(C)Br,unlabeled
1362771960,70,c7bc53c45a1962a88ec3,59,CCOC(=O)C(C)Br,test
1362771960,70,76b9db19f45b8222d962,60,CCOC(=O)C(C)Br,unlabeled
1362771960,70,0279fb0f7dba4b54a816,61,CCOC(=O)CC(=O)c1ccccc1,unlabeled
1362771960,70,ca203ccf20ce8e74d86d,62,CCOC(=O)CC(=O)c1ccccc1,unlabeled
1362771960,70,029d48fc98a886c9fec4,63,CCOC(=O)CC(=O)c1ccccc1,gradient_train
1362771960,70,1e578360bd7749f6b397,64,CCOC(=O)CC(=O)c1ccccc1,unlabeled
1362771960,70,05c14d26f4aa6f7c48b0,65,CCOC(=O)CC(=O)c1ccccc1,unlabeled
1362771960,70,53d046afde1259a727f9,66,CCOC(=O)CC(=O)c1ccccc1,unlabeled
1362771960,70,35ba50ab027f5f170aba,67,CCOC(=O)CC(=O)c1ccccc1,unlabeled
1362771960,70,130d76d2d46a287c5dea,68,CC(=O)c1ccccc1C,unlabeled
1362771960,70,3ef4b1ab56fe40940b42,69,CC(=O)c1ccccc1C,unlabeled
1362771960,70,a340148c4096f80cc125,70,CC(=O)c1ccccc1C,test
1362771960,70,57af4b867d9cd419ebb9,71,CC(=O)c1ccccc1C,unlabeled
1362771960,70,ff8745125a0eeb17c1e5,72,CC(=O)c1ccccc1C,unlabeled
1362771960,70,41a468134f078d2de17d,73,CC(=O)c1ccccc1C,unlabeled
1362771960,70,b4899d5d03e44fbf885c,74,CC(=O)c1ccccc1C,unlabeled
1362771960,70,bd93eaa60288fd0d5e89,75,CC(=O)c1ccc(C)cc1,unlabeled
1362771960,70,2797757b00a9f254ef2e,76,CC(=O)c1ccc(C)cc1,gradient_train
1362771960,70,fad37552a4a2eae19961,77,CC(=O)c1ccc(C)cc1,unlabeled
1362771960,70,6936556d392803de12ed,78,CC(=O)c1ccc(C)cc1,unlabeled
1362771960,70,fd3f8b6ec11d13a8412d,79,CC(=O)c1ccc(C)cc1,unlabeled
1362771960,70,b71b23379d73c3637a76,80,CC(=O)c1ccc(C)cc1,test
1362771960,70,2a9d111386ac232bbf79,81,CC(=O)c1ccc(C)cc1,unlabeled
1362771960,70,ca00dd1990fd356443cb,82,COC(=O)c1ccccc1O,unlabeled
1362771960,70,924106530353757625ba,83,COC(=O)c1ccccc1O,gradient_train
1362771960,70,f0d3ae15346c6cb6928d,84,COC(=O)c1ccccc1O,unlabeled
1362771960,70,0b6fe9b9da26ddc80e99,85,COC(=O)c1ccccc1O,unlabeled
1362771960,70,a9a4b1ef530ce6f46a1c,86,COC(=O)c1ccccc1O,unlabeled
1362771960,70,f0245d145e2758fc9ff8,87,COC(=O)c1ccccc1O,unlabeled
1362771960,70,f33380e15f0fd8b62027,88,COC(=O)c1ccccc1O,gradient_train
1362771960,70,1773be1aaa4102ae19f0,89,CC(=O)CC(=O)OC(C)(C)C,unlabeled
1362771960,70,1895e2147dd146c4e564,90,CC(=O)CC(=O)OC(C)(C)C,unlabeled
1362771960,70,e7c8cd496e2795b23cb3,91,CC(=O)CC(=O)OC(C)(C)C,unlabeled
1362771960,70,60f64adee75a0999c5d5,92,CC(=O)CC(=O)OC(C)(C)C,unlabeled
1362771960,70,851993fe56d61c8bf074,93,CC(=O)CC(=O)OC(C)(C)C,test
1362771960,70,4e6d2ab0e823ac1d4b58,94,CC(=O)CC(=O)OC(C)(C)C,unlabeled
1362771960,70,452aebfcddc0b031c20d,95,CCOC(=O)Cc1ccccc1,unlabeled
1362771960,70,a67ee30ac22b3511e0af,96,CCOC(=O)Cc1ccccc1,test
1362771960,70,4c52102f0b5a693d59bc,97,CCOC(=O)Cc1ccccc1,test
1362771960,70,f21e8077ac7b6ec1d038,98,CCOC(=O)Cc1ccccc1,unlabeled
1362771960,70,982611df66af1cf7c2f5,99,CCOC(=O)Cc1ccccc1,unlabeled
1362771960,70,d9e344f199dc9a567b5f,100,CCOC(=O)Cc1ccccc1,test
1362771960,70,74706f7e5d10b9245796,101,CCOC(=O)Cc1ccccc1,gradient_train
1362771960,70,f5d7ae6c2608335325ff,102,COC(=O)c1ccccc1N,unlabeled
1362771960,70,f66e095007d9d0923ce2,103,COC(=O)c1ccccc1N,unlabeled
1362771960,70,c9a57e8accca7da9758b,104,COC(=O)c1ccccc1N,unlabeled
1362771960,70,f7b1b9737459397f9ace,105,COC(=O)c1ccccc1N,unlabeled
1362771960,70,68feec66f657364ebeaa,106,COC(=O)c1ccccc1N,unlabeled
1362771960,70,96ccc1b8240fc2e9c1f3,107,COC(=O)c1ccccc1N,unlabeled
1362771960,70,16eec4a03ec235274042,108,CCOC(=O)/C=C/c1ccccc1,unlabeled
1362771960,70,92e4f80b3943134ebe86,109,CCOC(=O)/C=C/c1ccccc1,unlabeled
1362771960,70,e15e8a4f329d3a08aff9,110,CCOC(=O)/C=C/c1ccccc1,unlabeled
1362771960,70,6cec450baf7517436df6,111,CCOC(=O)/C=C/c1ccccc1,test
1362771960,70,48b79e49508df9f5fd6d,112,CCOC(=O)/C=C/c1ccccc1,gradient_train
1362771960,70,404dc3e2801a9a9d52aa,113,CCOC(=O)/C=C/c1ccccc1,gradient_train
1362771960,70,c72867f0f2e38c70aa8c,114,CCOC(=O)/C=C/c1ccccc1,unlabeled
1362771960,70,d9d3d24a75ff511e108a,115,COC(=O)c1ccc(C(C)(C)C)cc1,test
1362771960,70,f40ca479a9e86b5d5458,116,COC(=O)c1ccc(C(C)(C)C)cc1,unlabeled
1362771960,70,b7770c04c72527e1d9f6,117,COC(=O)c1ccc(C(C)(C)C)cc1,unlabeled
1362771960,70,a433dc0f6a13e9ace41d,118,COC(=O)c1ccc(C(C)(C)C)cc1,gradient_train
1362771960,70,e399250d7156727de0fd,119,COC(=O)c1ccc(C(C)(C)C)cc1,unlabeled
1362771960,70,3122a2210bde68deb81e,120,COC(=O)c1ccc(C(C)(C)C)cc1,test
1362771960,70,c9460286f85a5ec0f4fc,121,COC(=O)c1ccc(C(C)(C)C)cc1,unlabeled
1362771960,70,13b0b7952199157a8399,122,CCOC(=O)/C=C(/C)N,unlabeled
1362771960,70,759d5133ee82740013bf,123,CCOC(=O)/C=C(/C)N,unlabeled
1362771960,70,c9bf385316b464cd2e8d,124,CCOC(=O)/C=C(/C)N,unlabeled
1362771960,70,f248b9b89d62a22b03c3,125,CCOC(=O)/C=C(/C)N,unlabeled
1362771960,70,10d51839b15b94f0ae56,126,CCOC(=O)/C=C(/C)N,unlabeled
1362771960,70,e66b24ec1e4dfa9a9a57,127,CCOC(=O)/C=C(/C)N,unlabeled
1362771960,70,506597d02ff322a77a8d,128,CCOC(=O)/C=C(/C)N,unlabeled
1362771960,70,d2951bd3bb1608688f0d,129,CCOC(=O)/C=C(/C)N,unlabeled
1362771960,70,7d3c6ef279245ca08a2f,130,CCOC(=O)/C=C(/C)N,gradient_train
1362771960,70,e6886d2fb3090517172b,131,CCOC(=O)/C=C(/C)N,unlabeled
1362771960,70,d31d42caff135d7154c4,132,CCOC(=O)/C=C(/C)N,unlabeled
1362771960,70,3d7aa38258001eb6ba67,133,CC(C)COC(=O)c1ccccc1,test
1362771960,70,b3409bbbf3b06d73afca,134,CC(C)COC(=O)c1ccccc1,unlabeled
1362771960,70,5ce75d3f6df6d318cb8a,135,CC(C)COC(=O)c1ccccc1,unlabeled
1362771960,70,28f4ab2563d03e831cf0,136,CC(C)COC(=O)c1ccccc1,unlabeled
1362771960,70,b95bbdf393e00f41a6df,137,CC(C)COC(=O)c1ccccc1,unlabeled
1362771960,70,1e73138aa057a5e2b67f,138,CC(C)COC(=O)c1ccccc1,unlabeled
1362771960,70,1319bf7018ee9b9a5b9f,139,CCOC(=O)c1ccccc1,gradient_train
1362771960,70,99398d649f02f80651f1,140,CCOC(=O)c1ccccc1,unlabeled
1362771960,70,240787bdbf2abc17e093,141,CCOC(=O)c1ccccc1,unlabeled
1362771960,70,4afc7ef2732850bea176,142,CCOC(=O)c1ccccc1,unlabeled
1362771960,70,181f6c7852b17df8f194,143,CCOC(=O)c1ccccc1,unlabeled
1362771960,70,474238f822b0c38795c6,144,CCOC(=O)c1ccccc1,unlabeled
1362771960,70,5eb80e21463443b22d14,145,CCOC(=O)c1ccccc1,unlabeled
1362771960,70,f6e991e3dc3a3d3c5d89,146,COc1ccc(CCO)cc1,unlabeled
1362771960,70,9991421da8e18008fc91,147,COc1ccc(CCO)cc1,unlabeled
1362771960,70,9e93bad2014e7ab1a680,148,COc1ccc(CCO)cc1,unlabeled
1362771960,70,3d5dc8831f4c74f7b7d1,149,COc1ccc(CCO)cc1,unlabeled
1362771960,70,d5a7e1d47a58e1323805,150,Cc1ccc(C(C)C)cc1,unlabeled
1362771960,70,5c32bb6f3bbf72dcb37e,151,Cc1ccc(C(C)C)cc1,test
1362771960,70,e545485bf1a51a3ea557,152,Cc1ccc(C(C)C)cc1,unlabeled
1362771960,70,8ea9d90b217f4096f42f,153,Cc1ccc(C(C)C)cc1,unlabeled
1362771960,70,9ed80c28328fabe87261,154,Cc1ccc(C(C)C)cc1,unlabeled
1362771960,70,f1ea027f4cb80b10d15b,155,Cc1ccc(C(C)C)cc1,unlabeled
1362771960,70,dcfc9eaebf799d451fdb,156,Cc1ccc(C(C)C)cc1,unlabeled
1362771960,70,6c1f19a34a40cbf98728,157,CC(C)(O)CCc1ccccc1,unlabeled
1362771960,70,cf45ee02778c0243ad50,158,CC(C)(O)CCc1ccccc1,unlabeled
1362771960,70,88581d99a415bf271788,159,CC(C)(O)CCc1ccccc1,validation
1362771960,70,8753ab545dd1cf036a3a,160,CC(C)(O)CCc1ccccc1,unlabeled
1362771960,70,d59d233a1606de5b6deb,161,CC(C)(O)CCc1ccccc1,unlabeled
1362771960,70,964a62fb7d677de0f711,162,CC(C)CCOC(=O)c1ccccc1,unlabeled
1362771960,70,f35f8782c107387233ed,163,CC(C)CCOC(=O)c1ccccc1,test
1362771960,70,4d602abaaf336ac523e4,164,CC(C)CCOC(=O)c1ccccc1,unlabeled
1362771960,70,4768b747981033fbdf34,165,CC(C)CCOC(=O)c1ccccc1,unlabeled
1362771960,70,3df34ab1c0d58c86999e,166,CC(C)CCOC(=O)c1ccccc1,unlabeled
1362771960,70,8b67a1246fe892b6581d,167,CC(C)CCOC(=O)c1ccccc1,unlabeled
1362771960,70,2bafcbea1bb66eb60a71,168,CC(C)CCOC(=O)c1ccccc1,unlabeled
1362771960,70,2beadb75e05408973f02,169,CCOC(=O)/C=C/c1ccccc1,gradient_train
1362771960,70,dd7cae2667a1348a2caf,170,CCOC(=O)/C=C/c1ccccc1,test
1362771960,70,56f1cecfc0c6c3d224be,171,CCOC(=O)/C=C/c1ccccc1,unlabeled
1362771960,70,6278b7d64a22dbe3844e,172,CCOC(=O)/C=C/c1ccccc1,unlabeled
1362771960,70,a75e421e756083edea35,173,CCOC(=O)/C=C/c1ccccc1,unlabeled
1362771960,70,c9f7ab78e90454873661,174,CCOC(=O)/C=C/c1ccccc1,unlabeled
1362771960,70,b36d7c12e6d3072467ee,175,CCOC(=O)/C=C/c1ccccc1,unlabeled
1362771960,70,5dc7d31c57624ac47575,176,COc1ccc(C)cc1OC,unlabeled
1362771960,70,7dea14d96460814919d3,177,COc1ccc(C)cc1OC,unlabeled
1362771960,70,83a16763654b3b743265,178,COc1ccc(C)cc1OC,unlabeled
1362771960,70,ee96bcc328a38cb12519,179,COc1ccc(C)cc1OC,unlabeled
1362771960,70,62763fd48ebc7554402f,180,COc1ccc(C)cc1OC,unlabeled
1362771960,70,dd29d0f859e11f70f4ec,181,COc1ccc(C)cc1OC,unlabeled
1362771960,70,826e9f40c328ce2478ec,182,COc1ccc(C)cc1OC,gradient_train
1362771960,70,2e684264400b651dae88,183,C1=Cc2ccccc2C1,gradient_train
1362771960,70,e4f37e6e6def0eec724a,184,C1=Cc2ccccc2C1,test
1362771960,70,fda6d7aa920e5400a222,185,C1=Cc2ccccc2C1,gradient_train
1362771960,70,ee0eba88726c692c7f0c,186,C1=Cc2ccccc2C1,test
1362771960,70,c438c37de3a60de0e84a,187,C1=Cc2ccccc2C1,unlabeled
1362771960,70,f51bc35441c8ba7713b6,188,C1=Cc2ccccc2C1,unlabeled
1362771960,70,cb1bb21d54890633943c,189,C1=Cc2ccccc2C1,unlabeled
1362771960,70,2e561b136ec088ba3eff,190,Cc1ccc(C)cc1,unlabeled
1362771960,70,0d6f66d7971473a2cef9,191,Cc1ccc(C)cc1,unlabeled
1362771960,70,6950f8ebe95298defec5,192,Cc1ccc(C)cc1,unlabeled
1362771960,70,1837a52df085e2fc70d1,193,Cc1ccc(C)cc1,unlabeled
1362771960,70,8067767b73f132489d46,194,Cc1ccc(C)cc1,unlabeled
1362771960,70,bc3f10fed296515e66e5,195,Cc1ccc(C)cc1,unlabeled
1362771960,70,369517a8e4fab7d4e0e5,196,Cc1ccc(C)cc1,unlabeled
1362771960,70,acc1a540efdb60e4fa76,197,ClCCc1ccccc1,unlabeled
1362771960,70,b849b02cc7a096ff6f6a,198,ClCCc1ccccc1,unlabeled
1362771960,70,75b105d94d176eec90ba,199,ClCCc1ccccc1,unlabeled
1362771960,70,4699975b36aa2351be18,200,ClCCc1ccccc1,unlabeled
1362771960,70,a2ecd7c05da585c2a35e,201,ClCCc1ccccc1,unlabeled
1362771960,70,82843c7e3b9005c1abb0,202,ClCCc1ccccc1,unlabeled
1362771960,70,216e9e13c0587f197c0b,203,ClCCc1ccccc1,unlabeled
1362771960,70,31162ac7e21c9688cbdc,204,CC(O)c1ccccc1,test
1362771960,70,82ffe9abc3d02f4b970f,205,CC(O)c1ccccc1,unlabeled
1362771960,70,35eae227e68fe7434e68,206,CC(O)c1ccccc1,gradient_train
1362771960,70,82b6a0a8f122317d79d4,207,CC(O)c1ccccc1,unlabeled
1362771960,70,9b28c23ad1d4dda9fe1a,208,CC(O)c1ccccc1,unlabeled
1362771960,70,4455212440cbaf6d51e2,209,COc1ccccc1,unlabeled
1362771960,70,fcea8574ae051fe11483,210,COc1ccccc1,unlabeled
1362771960,70,04d4a16ff682bc7c55c8,211,COc1ccccc1,validation
1362771960,70,62ca5eadee5ef28e9aeb,212,COc1ccccc1,unlabeled
1362771960,70,42f031acb8211bfbf67f,213,COc1ccccc1,unlabeled
1362771960,70,472b8f06caf25ffe6c7a,214,COc1ccccc1,unlabeled
1362771960,70,d532e4ccbab971232d40,215,COc1ccccc1,unlabeled
1362771960,70,bae9f1ce7c04e7ccf16b,216,CCOC(=O)C(Br)C(=O)OCC,gradient_train
1362771960,70,fc58ac30a03fcb0ec051,217,CCOC(=O)C(Br)C(=O)OCC,unlabeled
1362771960,70,c4b569d1149e4ec87b12,218,CCOC(=O)C(Br)C(=O)OCC,gradient_train
1362771960,70,53d7fb31d852cbb33059,219,CCOC(=O)C(Br)C(=O)OCC,test
1362771960,70,265addbdd355a85c628d,220,CCOC(=O)C(Br)C(=O)OCC,test
1362771960,70,b07e3b186c5f9a698624,221,CCOC(=O)C(Br)C(=O)OCC,unlabeled
1362771960,70,28c4b7ec4bf7f486b68c,222,CCOC(=O)C(Br)C(=O)OCC,unlabeled
1362771960,70,c9d7d885160197c7f67c,223,c1ccc(COCc2ccccc2)cc1,unlabeled
1362771960,70,e2869f5cf5635b6ae9c1,224,c1ccc(COCc2ccccc2)cc1,unlabeled
1362771960,70,49865eda3c0e936157be,225,c1ccc(COCc2ccccc2)cc1,gradient_train
1362771960,70,d26cffd9ef4da9800470,226,c1ccc(COCc2ccccc2)cc1,gradient_train
1362771960,70,ce9ac115ce41ab41f01d,227,c1ccc(COCc2ccccc2)cc1,unlabeled
1362771960,70,b2b5155e06ff9134c6a4,228,c1ccc(COCc2ccccc2)cc1,test
1362771960,70,f1aabb6243aed53011cb,229,c1ccc(COCc2ccccc2)cc1,unlabeled
1362771960,70,ebc9c107c2207e99cf79,230,CCOC(=O)CC(C)=O,gradient_train
1362771960,70,f373e0ffa24cb51dd13a,231,CCOC(=O)CC(C)=O,unlabeled
1362771960,70,bcb35848089ca50a1eef,232,CCOC(=O)CC(C)=O,unlabeled
1362771960,70,ef8527c6b63d54b73966,233,CCOC(=O)CC(C)=O,unlabeled
1362771960,70,86f385aa0925171d22cc,234,CCOC(=O)CC(C)=O,gradient_train
1362771960,70,9c7a6ce4172638d2abc7,235,CCOC(=O)CC(C)=O,unlabeled
1362771960,70,982585c1a4e89f10713f,236,O=CCCc1ccccc1,unlabeled
1362771960,70,36af0c588eb2e094a55e,237,O=CCCc1ccccc1,test
1362771960,70,afcb9ffea06f12f9e0f5,238,O=CCCc1ccccc1,unlabeled
1362771960,70,e584c52185ccefd22a26,239,O=CCCc1ccccc1,unlabeled
1362771960,70,39e40f336da135e6a7b5,240,O=CCCc1ccccc1,unlabeled
1362771960,70,e3c9408f01aa7642870f,241,O=CCCc1ccccc1,gradient_train
1362771960,70,155ad3f702726e253c4d,242,O=CCCc1ccccc1,unlabeled
1362771960,70,f84aa17604ca7f927b8c,243,C=CC(=O)OCCOc1ccccc1,unlabeled
1362771960,70,6b8023df74ccc51e5c76,244,C=CC(=O)OCCOc1ccccc1,unlabeled
1362771960,70,b056b793f5b571e6cdee,245,C=CC(=O)OCCOc1ccccc1,unlabeled
1362771960,70,934f00061cc32bab10e8,246,C=CC(=O)OCCOc1ccccc1,gradient_train
1362771960,70,b983d4c3094d909b570e,247,C=CC(=O)OCCOc1ccccc1,unlabeled
1362771960,70,b6f53d16978daf702470,248,C=CC(=O)OCCOc1ccccc1,unlabeled
1362771960,70,9563dde5c28fb62e4f7e,249,C=CC(=O)OCCOc1ccccc1,gradient_train
1362771960,70,de2563a5f711307823f1,250,C=CC(=O)OC1CCCCC1,unlabeled
1362771960,70,e2e681b0653ec64f7c14,251,C=CC(=O)OC1CCCCC1,unlabeled
1362771960,70,fbf392edaddff6347b58,252,C=CC(=O)OC1CCCCC1,unlabeled
1362771960,70,3955ae590ac179d279b6,253,C=CC(=O)OC1CCCCC1,unlabeled
1362771960,70,db51f6df02555cb9c264,254,C=CC(=O)OC1CCCCC1,unlabeled
1362771960,70,2195290d04210cdb253f,255,C=CC(=O)OC1CCCCC1,unlabeled
1362771960,70,8063e3de9de70b75def1,256,C=CC(=O)OC1CCCCC1,unlabeled
1362771960,70,88771c5c64ed839a4436,257,C=CC(=O)OCc1ccccc1,unlabeled
1362771960,70,b5365d56777fde5c4dfc,258,C=CC(=O)OCc1ccccc1,unlabeled
1362771960,70,4513e318c9d037303b13,259,C=CC(=O)OCc1ccccc1,unlabeled
1362771960,70,efca00a284b2cadc5737,260,C=CC(=O)OCc1ccccc1,test
1362771960,70,b473ef06a415d0f114b0,261,C=CC(=O)OCc1ccccc1,unlabeled
1362771960,70,df02863943321996441f,262,C=CC(=O)OCc1ccccc1,unlabeled
1362771960,70,194278dd9ee3d2407ed5,263,C=CC(=O)OCc1ccccc1,unlabeled
1362771960,70,cc31b914acbab022eb9a,264,COC(=O)C(C)(C)Br,unlabeled
1362771960,70,a9eea85ddeee2da33706,265,COC(=O)C(C)(C)Br,gradient_train
1362771960,70,640353c89b3ce64ee98b,266,COC(=O)C(C)(C)Br,unlabeled
1362771960,70,b11bb6293c307f7f7282,267,COC(=O)C(C)(C)Br,unlabeled
1362771960,70,77b0577e6b0adb649e63,268,COC(=O)C(C)(C)Br,unlabeled
1362771960,70,543561ac99bc28db6f2f,269,COC(=O)C(C)(C)Br,gradient_train
1362771960,70,056255620b7acc9c630f,270,COC(=O)C(C)(C)Br,unlabeled
1362771960,70,7b1589ae321d27608509,271,COC(=O)CS,gradient_train
1362771960,70,0fee19a828ef997229fd,272,COC(=O)CS,unlabeled
1362771960,70,222dede783147d5efa63,273,COC(=O)CS,unlabeled
1362771960,70,d9a40ac35b79fbcf214a,274,COC(=O)CS,unlabeled
1362771960,70,aaf22f8324aad12a55fa,275,COC(=O)CS,test
1362771960,70,a9bfabe931467745353e,276,COC(=O)CS,unlabeled
1362771960,70,be7d68067464e72d0b8d,277,COC(=O)CS,unlabeled
1362771960,70,b418a712463f5abf8b81,278,CC(=O)CCCCl,gradient_train
1362771960,70,850a69ce73ac04035aa3,279,CC(=O)CCCCl,test
1362771960,70,7c4153fe9561da818ae1,280,CC(=O)CCCCl,unlabeled
1362771960,70,a67016d937c499be9d64,281,CC(C)=CCBr,unlabeled
1362771960,70,4559d83db38cc3c39d13,282,CC(C)=CCBr,unlabeled
1362771960,70,bf8409f12dae2388c6a0,283,CC(C)=CCBr,unlabeled
1362771960,70,832899abb44b8d2246cd,284,CC(C)=CCBr,test
1362771960,70,5729cc87eb48a75655ad,285,CC(C)=CCBr,unlabeled
1362771960,70,adb6d48eec0fb576d7fc,286,CC(C)=CCBr,test
1362771960,70,bc789871fe39d967a9e0,287,CC(C)=CCBr,unlabeled
1362771960,70,fff65bc451d163b1b106,288,C=CC(=O)OCCCCCCCCCCCC,gradient_train
1362771960,70,c761659793c5929e2214,289,C=CC(=O)OCCCCCCCCCCCC,unlabeled
1362771960,70,4c7d7c5f8b0c317c5548,290,C=CC(=O)OCCCCCCCCCCCC,unlabeled
1362771960,70,a9656ffd805f80fcf143,291,C=CC(=O)OCCCCCCCCCCCC,unlabeled
1362771960,70,da10d2f67a989e8b16b5,292,C=CC(=O)OCCCCCCCCCCCC,unlabeled
1362771960,70,7ca22b2f4d23a7afb10e,293,C=CC(=O)OCCCCCCCCCCCC,unlabeled
1362771960,70,38f57a9d08efd5f070d0,294,C=CC(=O)OCCCCCCCCCCCC,unlabeled
1362771960,70,1619a0c8b233772ba0c0,295,C=CC(=O)O[C@@H]1C[C@H]2CC[C@]1(C)C2(C)C,unlabeled
1362771960,70,0b9968c1280b5e4f726a,296,C=CC(=O)O[C@@H]1C[C@H]2CC[C@]1(C)C2(C)C,unlabeled
1362771960,70,0d5196ceda603b66bd22,297,C=CC(=O)O[C@@H]1C[C@H]2CC[C@]1(C)C2(C)C,unlabeled
1362771960,70,244e5c6375ff0c923725,298,C=CC(=O)O[C@@H]1C[C@H]2CC[C@]1(C)C2(C)C,unlabeled
1362771960,70,4f34bbce67c94a44318a,299,C=CC(=O)O[C@@H]1C[C@H]2CC[C@]1(C)C2(C)C,test
1362771960,70,0f8a39d1c0a7eaf35c75,300,C=CC(=O)O[C@@H]1C[C@H]2CC[C@]1(C)C2(C)C,unlabeled
1362771960,70,6de4f7fd8ac19d183348,301,C=CC(=O)O[C@@H]1C[C@H]2CC[C@]1(C)C2(C)C,unlabeled
1362771960,70,8bac25cfab022a9fb887,302,C=CC(=O)OCC(CC)CCCC,unlabeled
1362771960,70,aeef2128392508cc81cc,303,C=CC(=O)OCC(CC)CCCC,test
1362771960,70,a2eefb55da4d47a4347b,304,C=CC(=O)OCC(CC)CCCC,unlabeled
1362771960,70,3c7f7a7105a5eb39ca89,305,C=CC(=O)OCC(CC)CCCC,unlabeled
1362771960,70,2bf67acb4c861cf83990,306,C=CC(=O)OCC(CC)CCCC,unlabeled
1362771960,70,d67e364fd6830aa2bf6f,307,C=CC(=O)OCC(CC)CCCC,test
1362771960,70,84caf30ea66b29e2ea91,308,C=CC(=O)OCC(CC)CCCC,unlabeled
1362771960,70,1bd5bb3744b78ada7307,309,FC(F)(F)c1cc(Br)cc(C(F)(F)F)c1,unlabeled
1362771960,70,dd7fdbe3fa3800e6499f,310,FC(F)(F)c1cc(Br)cc(C(F)(F)F)c1,unlabeled
1362771960,70,ab84efb31c801e49c87c,311,FC(F)(F)c1cc(Br)cc(C(F)(F)F)c1,validation
1362771960,70,69f6dbdc304c0475f868,312,FC(F)(F)c1cc(Br)cc(C(F)(F)F)c1,unlabeled
1362771960,70,a43656cab81e1b0fcccf,313,FC(F)(F)c1cc(Br)cc(C(F)(F)F)c1,unlabeled
1362771960,70,bcf8bb13e4fca185fe68,314,FC(F)(F)c1cc(Br)cc(C(F)(F)F)c1,unlabeled
1362771960,70,fe71f29c800d4ee35138,315,FC(F)(F)c1cc(Br)cc(C(F)(F)F)c1,unlabeled
1362771960,70,2416be80d114ff60224d,316,O=Cc1ccc(Cl)cc1Br,unlabeled
1362771960,70,9201cead3641f52a1f20,317,O=Cc1ccc(Cl)cc1Br,unlabeled
1362771960,70,49276f9b1cc72d41bbfd,318,O=Cc1ccc(Cl)cc1Br,unlabeled
1362771960,70,6cb8bbf843e6064ce249,319,O=Cc1ccc(Cl)cc1Br,unlabeled
1362771960,70,a6b1d92e3de602f8963c,320,O=Cc1ccc(Cl)cc1Br,unlabeled
1362771960,70,135ac7deca522d1e7929,321,O=Cc1ccc(Cl)cc1Br,unlabeled
1362771960,70,0f3bd8418ab9ba9d1ed2,322,O=Cc1ccc(Cl)cc1Br,unlabeled
1362771960,70,6cd5860914563da59932,323,O=Cc1ccc2c(c1)CCO2,gradient_train
1362771960,70,5179c3962ada5450dde7,324,O=Cc1ccc2c(c1)CCO2,unlabeled
1362771960,70,ad45b4b8aaed2c2b0b33,325,O=Cc1ccc2c(c1)CCO2,unlabeled
1362771960,70,6c8de7fb3dbd4f5adabf,326,O=Cc1ccc2c(c1)CCO2,test
1362771960,70,f72724ff299c47641488,327,COc1cc(F)cc(Br)c1,unlabeled
1362771960,70,2cde006ff48a36a368d2,328,COc1cc(F)cc(Br)c1,unlabeled
1362771960,70,09879f6853acb50e1280,329,COc1cc(F)cc(Br)c1,unlabeled
1362771960,70,cd492dbc52d170e5a396,330,COc1cc(F)cc(Br)c1,unlabeled
1362771960,70,e1244cc412f81ac11bd3,331,COc1cc(F)cc(Br)c1,unlabeled
1362771960,70,69bed1df8dc3cf82927c,332,COc1cc(F)cc(Br)c1,gradient_train
1362771960,70,adc9f476f8b5d66fa85d,333,COc1cc(F)cc(Br)c1,gradient_train
1362771960,70,e7e3cdff8a4b43574b19,334,CC(C)(C)c1cc(C=O)cc(C(C)(C)C)c1,unlabeled
1362771960,70,22fcaa293d9525e1f4e7,335,CC(C)(C)c1cc(C=O)cc(C(C)(C)C)c1,unlabeled
1362771960,70,5965305884ee5fba94d8,336,CC(C)(C)c1cc(C=O)cc(C(C)(C)C)c1,unlabeled
1362771960,70,556baeed852270e9c0fc,337,CC(C)(C)c1cc(C=O)cc(C(C)(C)C)c1,gradient_train
1362771960,70,376fc6387117429bcb19,338,CC(C)(C)c1cc(C=O)cc(C(C)(C)C)c1,test
1362771960,70,3fbc880a145bcc2155c9,339,CC(C)(C)c1cc(C=O)cc(C(C)(C)C)c1,unlabeled
1362771960,70,2964279ae2fd8a820ae1,340,CC(C)(C)c1cc(C=O)cc(C(C)(C)C)c1,unlabeled
1362771960,70,c084940b1be4fa61738d,341,COc1cc(Br)cc(OC)c1,unlabeled
1362771960,70,deac65153d9204a230ec,342,COc1cc(Br)cc(OC)c1,gradient_train
1362771960,70,b5f0b6271cd244ade9a3,343,COc1cc(Br)cc(OC)c1,unlabeled
1362771960,70,79723584590c0a689474,344,COc1cc(Br)cc(OC)c1,unlabeled
1362771960,70,984bc17b1da105c753eb,345,COc1cc(Br)cc(OC)c1,gradient_train
1362771960,70,1b7e334ea83516d08ff5,346,COc1cc(Br)cc(OC)c1,unlabeled
1362771960,70,b8018c4bdaadd42a057a,347,COc1cc(Br)cc(OC)c1,unlabeled
1362771960,70,3b03dfa8ff44ff554734,348,O=Cc1cc(Br)ccc1O,unlabeled
1362771960,70,167f49f748fa35bdb29e,349,O=Cc1cc(Br)ccc1O,gradient_train
1362771960,70,7e19b816ecd8282ce2a1,350,O=Cc1cc(Br)ccc1O,unlabeled
1362771960,70,0dffde5d00d50ee96173,351,O=Cc1cc(Br)ccc1O,unlabeled
1362771960,70,65bfb38b53dd53bc4f4c,352,O=Cc1cc(Br)ccc1O,unlabeled
1362771960,70,e79c5aedcfa41a5f23c9,353,O=Cc1cc(Br)ccc1O,gradient_train
1362771960,70,27b234a05f8c66fd059f,354,O=Cc1cc(Br)ccc1O,unlabeled
1362771960,70,1bf52d57e3b0d9ef0662,355,Cc1ccc(Cl)cc1Br,unlabeled
1362771960,70,867407c66038f21466a8,356,Cc1ccc(Cl)cc1Br,unlabeled
1362771960,70,fb19bbc052a528249f36,357,Cc1ccc(Cl)cc1Br,gradient_train
1362771960,70,13bebd0b1ab22fc7e93b,358,Cc1ccc(Cl)cc1Br,unlabeled
1362771960,70,c1b4c0f7481c01c40ec6,359,Cc1ccc(Cl)cc1Br,validation
1362771960,70,bb159f5b8695e842d4ff,360,Cc1ccc(Cl)cc1Br,unlabeled
1362771960,70,ce70dba7026ce0b64f62,361,Cc1ccc(Cl)cc1Br,gradient_train
1362771960,70,a5ea3136b642f8a49607,362,N#Cc1ccccc1Br,unlabeled
1362771960,70,8671b386166171ebd7f7,363,N#Cc1ccccc1Br,unlabeled
1362771960,70,d344b363b8c01e73a6fa,364,N#Cc1ccccc1Br,unlabeled
1362771960,70,70e13ddfe9e6cc9b0f56,365,N#Cc1ccccc1Br,unlabeled
1362771960,70,35046c5ff35d8c8617bb,366,N#Cc1ccccc1Br,gradient_train
1362771960,70,848f6c84b4d5fc44c3c2,367,N#Cc1ccccc1Br,unlabeled
1362771960,70,0974fc9cbeb3820c4065,368,Cc1ccc(C=O)c(C)c1,test
1362771960,70,bc486e940c369b85ce28,369,Cc1ccc(C=O)c(C)c1,unlabeled
1362771960,70,9a29b268530b7a3321a0,370,Cc1ccc(C=O)c(C)c1,validation
1362771960,70,51394d9af7adc7eff816,371,Cc1ccc(C=O)c(C)c1,unlabeled
1362771960,70,5cbed870fef2de105046,372,Cc1ccc(C=O)c(C)c1,unlabeled
1362771960,70,dbb854b36df7ed31d95f,373,Cc1ccc(C=O)c(C)c1,unlabeled
1362771960,70,0c0f89307cc4aff87ab6,374,Cc1ccc(C=O)c(C)c1,unlabeled
1362771960,70,a5d9706079ccfee3bdf4,375,COCCOC(=O)CC(C)=O,unlabeled
1362771960,70,bacef06b4d4d7374a4e4,376,COCCOC(=O)CC(C)=O,unlabeled
1362771960,70,74097878150c8a5a8d79,377,COCCOC(=O)CC(C)=O,gradient_train
1362771960,70,47404d0982a587f0393e,378,COCCOC(=O)CC(C)=O,unlabeled
1362771960,70,fb80794857ddc46e142c,379,CC(=O)c1ccc2c(c1)OCO2,unlabeled
1362771960,70,6f34563b6236c57b9c60,380,CC(=O)c1ccc2c(c1)OCO2,unlabeled
1362771960,70,147b560e4c606680c7b2,381,CC(=O)c1ccc2c(c1)OCO2,unlabeled
1362771960,70,7396668aaa8d372aa464,382,CC(=O)c1ccc2c(c1)OCO2,gradient_train
1362771960,70,78b04c44dfa852f4e621,383,CC(=O)c1ccc2c(c1)OCO2,unlabeled
1362771960,70,f191e08b3e95928a5423,384,CC(=O)c1ccc2c(c1)OCO2,unlabeled
1362771960,70,f5634113e0822bda1c03,385,CC(=O)c1ccc2c(c1)OCO2,gradient_train
1362771960,70,45264f1c88b241fb888c,386,CC(=O)c1c(C)cc(C)cc1C,unlabeled
1362771960,70,7b0fa77cbbcbd8e7c87a,387,CC(=O)c1c(C)cc(C)cc1C,unlabeled
1362771960,70,c514f60c28973fc116c5,388,CC(=O)c1c(C)cc(C)cc1C,gradient_train
1362771960,70,b63d546347919cb66716,389,CC(=O)c1c(C)cc(C)cc1C,unlabeled
1362771960,70,823c667f35cddfcbc346,390,CC(=O)c1c(C)cc(C)cc1C,unlabeled
1362771960,70,d2955aa36bd2b103c981,391,CC(=O)c1c(C)cc(C)cc1C,unlabeled
1362771960,70,4ce730c9ad4e20a0386e,392,CC(=O)c1c(C)cc(C)cc1C,gradient_train
1362771960,70,f3531a1565c8159ac5e2,393,CC(=O)c1ccc(C)cc1C,unlabeled
1362771960,70,c359fd726e50e2123f43,394,CC(=O)c1ccc(C)cc1C,unlabeled
1362771960,70,a9a623a9853c6b493ce4,395,CC(=O)c1ccc(C)cc1C,unlabeled
1362771960,70,784ca4af1517dac8cd11,396,CC(=O)c1ccc(C)cc1C,unlabeled
1362771960,70,4c36e8e7d179b4bfa11a,397,CC(=O)c1ccc(C)cc1C,unlabeled
1362771960,70,77fe8c752e01feedccfa,398,CC(=O)c1ccc(C)cc1C,test
1362771960,70,0a1949b42050f41b0db4,399,CC(=O)c1ccc(C)cc1C,test
1362771960,70,118d66c0e53f510c51ed,400,CC(=O)c1ccc2c(c1)Cc1ccccc1-2,unlabeled
1362771960,70,38aa81d53a6b39e9d8ef,401,CC(=O)c1ccc2c(c1)Cc1ccccc1-2,unlabeled
1362771960,70,c780d2f5194817087e07,402,CC(=O)c1ccc2c(c1)Cc1ccccc1-2,unlabeled
1362771960,70,546046afb5114d631360,403,CC(=O)c1ccc2c(c1)Cc1ccccc1-2,test
1362771960,70,dc9f747c03c55d77bf72,404,BrC(=C(c1ccccc1)c1ccccc1)c1ccccc1,unlabeled
1362771960,70,d29c00125d1c5dc55586,405,BrC(=C(c1ccccc1)c1ccccc1)c1ccccc1,unlabeled
1362771960,70,509e53644c411798f5b0,406,BrC(=C(c1ccccc1)c1ccccc1)c1ccccc1,test
1362771960,70,5ac5df671efee45d3ddf,407,BrC(=C(c1ccccc1)c1ccccc1)c1ccccc1,test
1362771960,70,1e8c03a5d84f08329475,408,BrC(=C(c1ccccc1)c1ccccc1)c1ccccc1,test
1362771960,70,a7f9a08159d001c30f67,409,BrC(=C(c1ccccc1)c1ccccc1)c1ccccc1,unlabeled
1362771960,70,97feb43dae8371e80d3b,410,BrC(=C(c1ccccc1)c1ccccc1)c1ccccc1,unlabeled
1362771960,70,2f612d3ec5e270672ad1,411,C/C(=N\O)c1ccccc1,unlabeled
1362771960,70,b089551184e4d70e386d,412,C/C(=N\O)c1ccccc1,unlabeled
1362771960,70,95f7b6c8f44b25feade0,413,C/C(=N\O)c1ccccc1,unlabeled
1362771960,70,b0f39affa1970d2700b7,414,C/C(=N\O)c1ccccc1,unlabeled
1362771960,70,af2973fb82b6d79d8c5e,415,C/C(=N\O)c1ccccc1,unlabeled
1362771960,70,3545611fd9950a160288,416,C/C(=N\O)c1ccccc1,unlabeled
1362771960,70,786c4179676f46638e4a,417,O=C(c1ccccc1)c1ccc(Cl)cc1,test
1362771960,70,937105af8867732c56ec,418,O=C(c1ccccc1)c1ccc(Cl)cc1,unlabeled
1362771960,70,711f210d4869259d0651,419,O=C(c1ccccc1)c1ccc(Cl)cc1,unlabeled
1362771960,70,26bb8ff67b7738527484,420,O=C(c1ccccc1)c1ccc(Cl)cc1,unlabeled
1362771960,70,6624c43f78e6697c8ac9,421,O=C(c1ccccc1)c1ccc(Cl)cc1,gradient_train
1362771960,70,f9b97e958092bd5cb81a,422,O=C(c1ccccc1)c1ccc(Cl)cc1,unlabeled
1362771960,70,2d53109003f718b780fa,423,Cc1ccc(C(=O)c2ccccc2)cc1C,unlabeled
1362771960,70,b9b624baffe611c30836,424,Cc1ccc(C(=O)c2ccccc2)cc1C,unlabeled
1362771960,70,f8a590eaa91d155f61da,425,Cc1ccc(C(=O)c2ccccc2)cc1C,unlabeled
1362771960,70,2fcaa537474ba2ae579f,426,Cc1ccc(C(=O)c2ccccc2)cc1C,unlabeled
1362771960,70,d914e4c833f2df567cac,427,Cc1ccc(C(=O)c2ccccc2)cc1C,unlabeled
1362771960,70,5048acae682925888d12,428,Cc1ccc(C(=O)c2ccccc2)cc1C,unlabeled
1362771960,70,41927f703a0632f098fb,429,CC(=O)CC(=O)c1ccccc1,unlabeled
1362771960,70,760d0bf0ec31747d3969,430,CC(=O)CC(=O)c1ccccc1,gradient_train
1362771960,70,d71aab82a8179d05294a,431,CC(=O)CC(=O)c1ccccc1,gradient_train
1362771960,70,25ffb25df5bec65a633b,432,CC(=O)CC(=O)c1ccccc1,unlabeled
1362771960,70,92d69b1849c34b7f1a80,433,CCOC(=O)C(Cc1ccccc1)C(C)=O,unlabeled
1362771960,70,a289439d96e27bec7cbc,434,CCOC(=O)C(Cc1ccccc1)C(C)=O,unlabeled
1362771960,70,4707a180fe4230c208ff,435,CCOC(=O)C(Cc1ccccc1)C(C)=O,unlabeled
1362771960,70,41921840a5681261ba98,436,CCOC(=O)C(Cc1ccccc1)C(C)=O,unlabeled
1362771960,70,b5080cde4f493a415fc5,437,CCOC(=O)C(Cc1ccccc1)C(C)=O,unlabeled
1362771960,70,1bbec08f4838f06da0fb,438,CCOC(=O)C(Cc1ccccc1)C(C)=O,unlabeled
1362771960,70,bd0519702a5756bc3c94,439,CCOC(=O)C(Cc1ccccc1)C(C)=O,unlabeled
1362771960,70,b7fa3dd8e6040788ae14,440,CCOC(=O)c1cccnc1,unlabeled
1362771960,70,2deca509a22158d15375,441,CCOC(=O)c1cccnc1,unlabeled
1362771960,70,b48dea92ecfc07816494,442,CCOC(=O)c1cccnc1,unlabeled
1362771960,70,82fa7e7b3bd183853280,443,CCOC(=O)c1cccnc1,unlabeled
1362771960,70,7ba2cf5e6ca289d9810f,444,CCOC(=O)c1cccnc1,unlabeled
1362771960,70,7dec4c1259ce3660b729,445,COc1ccc(OC)c(Br)c1,unlabeled
1362771960,70,768064b2e2a953d147d0,446,COc1ccc(OC)c(Br)c1,unlabeled
1362771960,70,212154e56fe15a3333a2,447,COc1ccc(OC)c(Br)c1,unlabeled
1362771960,70,c56a92db4ce7de66bee1,448,COc1ccc(OC)c(Br)c1,unlabeled
1362771960,70,48b99ebef2fd7718f678,449,COc1ccc(OC)c(Br)c1,unlabeled
1362771960,70,6da48b9dd6e1ed7e26fd,450,COc1ccc(OC)c(Br)c1,test
1362771960,70,a2eeeea4e6525c9d22d4,451,COc1ccc(OC)c(Br)c1,unlabeled
1362771960,70,1e0e33b1a77df72f4dd8,452,OCc1cccc(Br)c1,gradient_train
1362771960,70,371711577127c07527e3,453,OCc1cccc(Br)c1,unlabeled
1362771960,70,78d4810a82f060b5cf49,454,OCc1cccc(Br)c1,unlabeled
1362771960,70,1c04f02c0ea8c00b358d,455,OCc1cccc(Br)c1,test
1362771960,70,4bc0dc84991def63aa1b,456,O=C1CCCc2ccccc21,unlabeled
1362771960,70,2433f7a3f7959e1d1b74,457,O=C1CCCc2ccccc21,unlabeled
1362771960,70,944f0a85ec8978a60444,458,O=C1CCCc2ccccc21,unlabeled
1362771960,70,8afc083342d1c2e7f78a,459,O=C1CCCc2ccccc21,unlabeled
1362771960,70,c35ed383b2db14b3bc06,460,O=C1CCCc2ccccc21,gradient_train
1362771960,70,d7c72c92165e2c129547,461,O=C1CCCc2ccccc21,unlabeled
1362771960,70,e375bb01e53e46f8faee,462,O=C1CCCc2ccccc21,unlabeled
1362771960,70,fdc873b5607287090ff3,463,CSc1ccc(C=O)cc1,unlabeled
1362771960,70,80b4e33a8434ac29ed52,464,CSc1ccc(C=O)cc1,unlabeled
1362771960,70,ee60c3ffc43a4c2c965e,465,CSc1ccc(C=O)cc1,unlabeled
1362771960,70,95f10fffb85ea1b1f47a,466,CSc1ccc(C=O)cc1,unlabeled
1362771960,70,793d8259fd7820530cfe,467,Cc1ccccc1C=O,unlabeled
1362771960,70,13fb1511fffef8fc96e0,468,Cc1ccccc1C=O,unlabeled
1362771960,70,532a47d1b45e54d6326b,469,Cc1ccccc1C=O,gradient_train
1362771960,70,dcd70c2b5039c4268d56,470,Cc1ccccc1C=O,unlabeled
1362771960,70,22d860e7f246ca4272a4,471,Cc1ccccc1C=O,unlabeled
1362771960,70,f21df276243d861dc2b2,472,Cc1ccccc1C=O,unlabeled
1362771960,70,08820514e662ce6ea8f0,473,Cc1ccccc1C=O,validation
1362771960,70,d60e09bca01342c7cfa6,474,O=Cc1ccc(Br)cc1O,unlabeled
1362771960,70,9dda290379fb047fc74d,475,O=Cc1ccc(Br)cc1O,unlabeled
1362771960,70,4a58b799c494875f6f27,476,O=Cc1ccc(Br)cc1O,gradient_train
1362771960,70,98a1ca00445d60f415d4,477,O=Cc1ccc(Br)cc1O,unlabeled
1362771960,70,ddecd252bb1099fb20f7,478,O=Cc1ccc(Br)cc1O,test
1362771960,70,226ebdbf914ce9333de8,479,O=Cc1ccc(Br)cc1O,gradient_train
1362771960,70,99dd4a9a47de5c84b7c0,480,O=Cc1ccc(Br)cc1O,unlabeled
1362771960,70,ecc7e2759499addc038f,481,CC(=O)c1ccc(Br)cc1,unlabeled
1362771960,70,66c1ee6eed3d1587de50,482,CC(=O)c1ccc(Br)cc1,unlabeled
1362771960,70,a26a131344d4dbd9645b,483,CC(=O)c1ccc(Br)cc1,unlabeled
1362771960,70,f0edd899ac987a1de9dd,484,CC(=O)c1ccc(Br)cc1,unlabeled
1362771960,70,0e13b08b0f9c772699e1,485,CC(=O)c1ccc(Br)cc1,gradient_train
1362771960,70,1254297404cc9db52ee2,486,CC(=O)c1ccc(Br)cc1,unlabeled
1362771960,70,bc8e1d805b36b63cbfbe,487,CC(=O)c1ccc(Br)cc1,unlabeled
1362771960,70,cd998cddd3dcb4fc8c92,488,O=C(Cc1ccccc1)c1ccccc1,unlabeled
1362771960,70,12e11e8eaee71fc57209,489,O=C(Cc1ccccc1)c1ccccc1,test
1362771960,70,054457c7699aabd6c619,490,O=C(Cc1ccccc1)c1ccccc1,unlabeled
1362771960,70,893e4c91da1b0b2f7d3e,491,O=C(Cc1ccccc1)c1ccccc1,unlabeled
1362771960,70,18e8a9c1ea6aa15c0d01,492,O=C(Cc1ccccc1)c1ccccc1,unlabeled
1362771960,70,bc582f1f4f4225f6d249,493,O=C(Cc1ccccc1)c1ccccc1,unlabeled
1362771960,70,d92ef85db0d1c0979197,494,O=C(Cc1ccccc1)c1ccccc1,unlabeled
1362771960,70,ddc0b27538aa926cbb6e,495,O=Cc1ccc(-c2ccccc2)cc1,unlabeled
1362771960,70,6dcfe9b1e0958f22523b,496,O=Cc1ccc(-c2ccccc2)cc1,unlabeled
1362771960,70,3cdf1bcd3739e20f72d2,497,O=Cc1ccc(-c2ccccc2)cc1,test
1362771960,70,a8e4c6001ce3245c634b,498,O=Cc1ccc(-c2ccccc2)cc1,unlabeled
1362771960,70,24b540d7814b4d9c5183,499,O=Cc1ccc(-c2ccccc2)cc1,unlabeled
1362771960,70,b0cadf050313e9a3a162,500,O=Cc1ccc(-c2ccccc2)cc1,unlabeled
1362771960,70,8837a8a19c37b63d2e48,501,O=Cc1ccc(-c2ccccc2)cc1,unlabeled
1362771960,70,23a832560d234735d954,502,O=Cc1ccc2ccccc2c1Br,unlabeled
1362771960,70,90777be8090491479de1,503,O=Cc1ccc2ccccc2c1Br,unlabeled
1362771960,70,926a7862066269f98d62,504,O=Cc1ccc2ccccc2c1Br,unlabeled
1362771960,70,2c51476c6fa3121c5dfc,505,O=Cc1ccc2ccccc2c1Br,unlabeled
1362771960,70,5a9449a7562d442b8669,506,O=Cc1ccc2ccccc2c1Br,unlabeled
1362771960,70,2cbca950d64fdcd81660,507,O=Cc1ccc2ccccc2c1Br,unlabeled
1362771960,70,fb1fdaa4bc60434648f7,508,O=Cc1ccc2ccccc2c1Br,unlabeled
1362771960,70,9e46dbe8a460d3f96a27,509,O=C(/C=C/c1ccccc1)c1ccccc1,gradient_train
1362771960,70,31e75b850983502aa64f,510,O=C(/C=C/c1ccccc1)c1ccccc1,unlabeled
1362771960,70,b566ed83f272904657ba,511,O=C(/C=C/c1ccccc1)c1ccccc1,unlabeled
1362771960,70,c2be1e8f7c2c080f49f5,512,O=C(/C=C/c1ccccc1)c1ccccc1,unlabeled
1362771960,70,fde2d968ab29d13d4f1d,513,O=C(/C=C/c1ccccc1)c1ccccc1,unlabeled
1362771960,70,240da69c823911ff5ccc,514,O=C(/C=C/c1ccccc1)c1ccccc1,unlabeled
1362771960,70,b2b26956a788c2a8c7e9,515,O=C(/C=C/c1ccccc1)c1ccccc1,unlabeled
1362771960,70,f3b80f5fe97d26fd8383,516,O=C(/C=C/c1ccccc1)/C=C/c1ccccc1,unlabeled
1362771960,70,d60f7e6b21ea96567843,517,O=C(/C=C/c1ccccc1)/C=C/c1ccccc1,unlabeled
1362771960,70,bb61793cbbbe2bfa4e12,518,O=C(/C=C/c1ccccc1)/C=C/c1ccccc1,test
1362771960,70,d078d930aa37448ec4aa,519,O=C(/C=C/c1ccccc1)/C=C/c1ccccc1,unlabeled
1362771960,70,8cd132f293d2823adc8d,520,O=C(/C=C/c1ccccc1)/C=C/c1ccccc1,unlabeled
1362771960,70,88f58ab7b7cf02f8f134,521,O=C(/C=C/c1ccccc1)/C=C/c1ccccc1,unlabeled
1362771960,70,17bdb259a18419ca296f,522,O=C(/C=C/c1ccccc1)/C=C/c1ccccc1,unlabeled
1362771960,70,77c599d272254892b6ec,523,CC1CCC(=O)c2ccccc21,test
1362771960,70,b393af61f6769ceccbc0,524,CC1CCC(=O)c2ccccc21,test
1362771960,70,49668be051b44a819f00,525,CC1CCC(=O)c2ccccc21,unlabeled
1362771960,70,ffa86b2ffa5ac89b0720,526,CC1CCC(=O)c2ccccc21,unlabeled
1362771960,70,43aa4f12be94a8a96b35,527,CC1CCC(=O)c2ccccc21,unlabeled
1362771960,70,c09fbafa246c8d17b677,528,CC1CCC(=O)c2ccccc21,unlabeled
1362771960,70,f38afd5febe30c01c852,529,CC1CCC(=O)c2ccccc21,unlabeled
1362771960,70,490ab56dde175e9b97f5,530,O=C(Cc1ccccc1F)C1CC1,unlabeled
1362771960,70,3156893d5d2368c286a5,531,O=C(Cc1ccccc1F)C1CC1,unlabeled
1362771960,70,5ca73775e77c8e07812b,532,O=C(Cc1ccccc1F)C1CC1,unlabeled
1362771960,70,e90e636dced92c2b53d7,533,O=C(Cc1ccccc1F)C1CC1,unlabeled
1362771960,70,21e4905ef98fba65035a,534,O=C(Cc1ccccc1F)C1CC1,unlabeled
1362771960,70,2eda4e5a40a9021016cb,535,O=C(Cc1ccccc1F)C1CC1,unlabeled
1362771960,70,9c357cc9e9b8199eb1e0,536,O=C(Cc1ccccc1F)C1CC1,unlabeled
1362771960,70,51091e7a7f83732eaf1b,537,CCC(=O)c1cccc(Br)c1,unlabeled
1362771960,70,71577790a52cb379d81f,538,CCC(=O)c1cccc(Br)c1,unlabeled
1362771960,70,e3b2ac778da2b86aa873,539,CCC(=O)c1cccc(Br)c1,unlabeled
1362771960,70,1046fdfaf24728b107ba,540,CCC(=O)c1cccc(Br)c1,gradient_train
1362771960,70,2e10d8b186d86053260f,541,CCC(=O)c1cccc(Br)c1,test
1362771960,70,5111664a952a4ab7d54e,542,CCC(=O)c1cccc(Br)c1,validation
1362771960,70,ffcab07e0d31056e0d4a,543,CCC(=O)c1cccc(Br)c1,unlabeled
1362771960,70,b6bb9be5584029502820,544,COCCCCC(=O)c1ccc(C(F)(F)F)cc1,gradient_train
1362771960,70,60a000cb56517513c4d2,545,COCCCCC(=O)c1ccc(C(F)(F)F)cc1,test
1362771960,70,677c30b5727454c7a81e,546,COCCCCC(=O)c1ccc(C(F)(F)F)cc1,test
1362771960,70,94bc1858c275dcb3d476,547,COCCCCC(=O)c1ccc(C(F)(F)F)cc1,unlabeled
1362771960,70,06c29062334b43b0d12f,548,COCCCCC(=O)c1ccc(C(F)(F)F)cc1,unlabeled
1362771960,70,80e66bd0e8e9450537bb,549,COCCCCC(=O)c1ccc(C(F)(F)F)cc1,unlabeled
1362771960,70,b82c7c8060589ec1974b,550,CCCC(=O)c1ccc(-c2ccccc2)cc1,unlabeled
1362771960,70,57e291b74a249c9dd3ff,551,CCCC(=O)c1ccc(-c2ccccc2)cc1,test
1362771960,70,7d6bcd84e5a6861fc8fc,552,CCCC(=O)c1ccc(-c2ccccc2)cc1,unlabeled
1362771960,70,2d37adf0d65a19bc2c0c,553,CCCC(=O)c1ccc(-c2ccccc2)cc1,unlabeled
1362771960,70,3c892a45de6ec4625f37,554,CCCC(=O)c1ccc(-c2ccccc2)cc1,unlabeled
1362771960,70,e2c826d98b2bbeb6f48b,555,CCCC(=O)c1ccc(-c2ccccc2)cc1,gradient_train
1362771960,70,ce61c0bd799e65402b75,556,CCCC(=O)c1ccc(-c2ccccc2)cc1,unlabeled
1362771960,70,0f05b5ba6eb528d54b4b,557,O=C(c1ccccc1)c1cccc(C(=O)c2ccccc2)c1,unlabeled
1362771960,70,c4412adf038c7f6ea3c2,558,O=C(c1ccccc1)c1cccc(C(=O)c2ccccc2)c1,unlabeled
1362771960,70,182fc7fe888dbb9535bb,559,O=C(c1ccccc1)c1cccc(C(=O)c2ccccc2)c1,unlabeled
1362771960,70,8abf9c0719e2d67a22f9,560,O=C(c1ccccc1)c1cccc(C(=O)c2ccccc2)c1,unlabeled
1362771960,70,b8a4c06710d95c33cfe1,561,O=C(c1ccccc1)c1cccc(C(=O)c2ccccc2)c1,unlabeled
1362771960,70,7e451fd74af5bfa51ac9,562,O=C(c1ccccc1)c1cccc(C(=O)c2ccccc2)c1,unlabeled
1362771960,70,07e9bc7a9d27fdd58c2f,563,O=C(c1ccccc1)c1cccc(C(=O)c2ccccc2)c1,unlabeled
1362771960,70,2f828b7aa8c3e93352da,564,CCC(=O)c1cccnc1,unlabeled
1362771960,70,4365d2fb106c18823aac,565,CCC(=O)c1cccnc1,test
1362771960,70,4c6a8ef1c87748df99f2,566,CCC(=O)c1cccnc1,test
1362771960,70,aca0ef1613a0a07a0431,567,O=C(CCCCl)c1ccc(F)cc1,unlabeled
1362771960,70,f98f5943ca73a5b809a1,568,O=C(CCCCl)c1ccc(F)cc1,unlabeled
1362771960,70,405638494c5a95206866,569,O=C(CCCCl)c1ccc(F)cc1,unlabeled
1362771960,70,76e188b0e48b99f36582,570,O=C(CCCCl)c1ccc(F)cc1,test
1362771960,70,26aa0143305ac532a560,571,O=C(CCCCl)c1ccc(F)cc1,test
1362771960,70,283be89c092cfa4a5cbb,572,O=C(CCCCl)c1ccc(F)cc1,unlabeled
1362771960,70,0ffc20c3f979502b8a09,573,O=C(CCCCl)c1ccc(F)cc1,unlabeled
1362771960,100,bbabdb9085edbb8c178b,0,CC(C)(CCl)c1ccccc1,unlabeled
1362771960,100,96dc3dc2ebd074200228,1,CC(C)(CCl)c1ccccc1,unlabeled
1362771960,100,6322e8f867a741eed74c,2,CC(C)(CCl)c1ccccc1,unlabeled
1362771960,100,c2b0aff65443af0a8618,3,CC(C)(CCl)c1ccccc1,test
1362771960,100,f4b69d88ad1d916ee71a,4,CC(C)(CCl)c1ccccc1,unlabeled
1362771960,100,0f3559d035355b0eec80,5,CC(C)(CCl)c1ccccc1,unlabeled
1362771960,100,d29a94054067cd60dd70,6,CC(C)(CCl)c1ccccc1,gradient_train
1362771960,100,31d92ca6486b229184cf,7,OCCCc1ccccc1,unlabeled
1362771960,100,8a84cca322477165b719,8,OCCCc1ccccc1,gradient_train
1362771960,100,9cf769277f6b42d15f11,9,OCCCc1ccccc1,unlabeled
1362771960,100,7a0a82051f50d5b0c89c,10,OCCCc1ccccc1,gradient_train
1362771960,100,c79f29f048bbfd157f98,11,BrCCCc1ccccc1,unlabeled
1362771960,100,df0074b49eeb620c0768,12,BrCCCc1ccccc1,unlabeled
1362771960,100,f0097bc6b7827ef65922,13,BrCCCc1ccccc1,unlabeled
1362771960,100,44348f5c4aea3b41ee9d,14,BrCCCc1ccccc1,unlabeled
1362771960,100,482cb91fac7f2a936dca,15,BrCCCc1ccccc1,unlabeled
1362771960,100,a5c6210123f05414ffc0,16,BrCCCc1ccccc1,test
1362771960,100,a82e55e1cd19814ea307,17,BrCCCc1ccccc1,unlabeled
1362771960,100,6ee3c70647b37dcd5417,18,ClCCCc1ccccc1,unlabeled
1362771960,100,2c7e37ef828eb17c78fb,19,ClCCCc1ccccc1,validation
1362771960,100,7ab9c351196ad891e172,20,ClCCCc1ccccc1,unlabeled
1362771960,100,7062ca665af0f9bba6c9,21,ClCCCc1ccccc1,unlabeled
1362771960,100,6644e934f59d8b816b9f,22,ClCCCc1ccccc1,unlabeled
1362771960,100,8cc7c76a92a4474d7c6a,23,ClCCCc1ccccc1,unlabeled
1362771960,100,c883df6ea04f89f45f03,24,ClCCCc1ccccc1,unlabeled
1362771960,100,46ed1e35ca65ace74790,25,COc1ccc(CO)cc1,unlabeled
1362771960,100,ec581cec37da9563e756,26,COc1ccc(CO)cc1,unlabeled
1362771960,100,c2bd8e8f13a96726e7fc,27,COc1ccc(CO)cc1,unlabeled
1362771960,100,f1afcbd393ce4f5a6316,28,COc1ccc(CO)cc1,unlabeled
1362771960,100,2909efb29670d8f2286d,29,CCOC(=O)C(C)(C)Br,unlabeled
1362771960,100,56b391fdec7a2a622e52,30,CCOC(=O)C(C)(C)Br,unlabeled
1362771960,100,8a9485661ac2c4576006,31,CCOC(=O)C(C)(C)Br,unlabeled
1362771960,100,7f6d1cdee16de4a37a21,32,CCOC(=O)C(C)(C)Br,unlabeled
1362771960,100,fd7bf535ef538434b384,33,CCOC(=O)C(C)(C)Br,unlabeled
1362771960,100,651bb6b60c62819a4323,34,CCOC(=O)C(C)(C)Br,gradient_train
1362771960,100,2a61203b59218a3cbdc6,35,CCOC(=O)C(C)(C)Br,gradient_train
1362771960,100,6d6c0510303dec89b2fe,36,COc1ccc(C=O)cc1,unlabeled
1362771960,100,f81dc37125414986a0bb,37,COc1ccc(C=O)cc1,unlabeled
1362771960,100,400615278105cebb3ed9,38,COc1ccc(C=O)cc1,unlabeled
1362771960,100,5d04f6757b59f5c356bb,39,COc1ccc(C=O)cc1,unlabeled
1362771960,100,a074620f6970d8f89567,40,COc1ccc(C=O)cc1,unlabeled
1362771960,100,454c1ea3beebbec4befe,41,COc1ccc(C=O)cc1,gradient_train
1362771960,100,f95928e2618ed15e654f,42,COc1ccc(C=O)cc1,test
1362771960,100,3a02b99399bb0c3e9ff9,43,COC(=O)C#CC(=O)OC,unlabeled
1362771960,100,b80a4f9e4b61f534ee9e,44,COC(=O)C#CC(=O)OC,unlabeled
1362771960,100,2690de155843f45b00a3,45,COC(=O)C#CC(=O)OC,unlabeled
1362771960,100,549eb8499df5181b3558,46,COC(=O)C#CC(=O)OC,unlabeled
1362771960,100,02c141e2551937d10f4e,47,COC(=O)C#CC(=O)OC,unlabeled
1362771960,100,9069807baff6cbfbde75,48,COC(=O)C#CC(=O)OC,gradient_train
1362771960,100,1fe1163f7d97c16f3822,49,CC(=O)c1ccccc1,unlabeled
1362771960,100,1e86d81fe1995d367fe1,50,CC(=O)c1ccccc1,gradient_train
1362771960,100,614e6d0929b0845d454b,51,CC(=O)c1ccccc1,gradient_train
1362771960,100,358681452207464d171e,52,CC(=O)c1ccccc1,unlabeled
1362771960,100,c00e01085f35d19cd90f,53,CC(=O)c1ccccc1,unlabeled
1362771960,100,a542d702abb1fa77a6fc,54,CC(=O)c1ccccc1,unlabeled
1362771960,100,77577e6f6f0aa6789972,55,CCOC(=O)C(C)Br,unlabeled
1362771960,100,298017c801a97653f57d,56,CCOC(=O)C(C)Br,unlabeled
1362771960,100,849796401ee485c617a5,57,CCOC(=O)C(C)Br,unlabeled
1362771960,100,67cc8304e3e618d7416a,58,CCOC(=O)C(C)Br,unlabeled
1362771960,100,c7bc53c45a1962a88ec3,59,CCOC(=O)C(C)Br,test
1362771960,100,76b9db19f45b8222d962,60,CCOC(=O)C(C)Br,unlabeled
1362771960,100,0279fb0f7dba4b54a816,61,CCOC(=O)CC(=O)c1ccccc1,unlabeled
1362771960,100,ca203ccf20ce8e74d86d,62,CCOC(=O)CC(=O)c1ccccc1,unlabeled
1362771960,100,029d48fc98a886c9fec4,63,CCOC(=O)CC(=O)c1ccccc1,gradient_train
1362771960,100,1e578360bd7749f6b397,64,CCOC(=O)CC(=O)c1ccccc1,unlabeled
1362771960,100,05c14d26f4aa6f7c48b0,65,CCOC(=O)CC(=O)c1ccccc1,unlabeled
1362771960,100,53d046afde1259a727f9,66,CCOC(=O)CC(=O)c1ccccc1,unlabeled
1362771960,100,35ba50ab027f5f170aba,67,CCOC(=O)CC(=O)c1ccccc1,unlabeled
1362771960,100,130d76d2d46a287c5dea,68,CC(=O)c1ccccc1C,unlabeled
1362771960,100,3ef4b1ab56fe40940b42,69,CC(=O)c1ccccc1C,unlabeled
1362771960,100,a340148c4096f80cc125,70,CC(=O)c1ccccc1C,test
1362771960,100,57af4b867d9cd419ebb9,71,CC(=O)c1ccccc1C,unlabeled
1362771960,100,ff8745125a0eeb17c1e5,72,CC(=O)c1ccccc1C,unlabeled
1362771960,100,41a468134f078d2de17d,73,CC(=O)c1ccccc1C,unlabeled
1362771960,100,b4899d5d03e44fbf885c,74,CC(=O)c1ccccc1C,unlabeled
1362771960,100,bd93eaa60288fd0d5e89,75,CC(=O)c1ccc(C)cc1,unlabeled
1362771960,100,2797757b00a9f254ef2e,76,CC(=O)c1ccc(C)cc1,gradient_train
1362771960,100,fad37552a4a2eae19961,77,CC(=O)c1ccc(C)cc1,unlabeled
1362771960,100,6936556d392803de12ed,78,CC(=O)c1ccc(C)cc1,unlabeled
1362771960,100,fd3f8b6ec11d13a8412d,79,CC(=O)c1ccc(C)cc1,unlabeled
1362771960,100,b71b23379d73c3637a76,80,CC(=O)c1ccc(C)cc1,test
1362771960,100,2a9d111386ac232bbf79,81,CC(=O)c1ccc(C)cc1,unlabeled
1362771960,100,ca00dd1990fd356443cb,82,COC(=O)c1ccccc1O,gradient_train
1362771960,100,924106530353757625ba,83,COC(=O)c1ccccc1O,gradient_train
1362771960,100,f0d3ae15346c6cb6928d,84,COC(=O)c1ccccc1O,unlabeled
1362771960,100,0b6fe9b9da26ddc80e99,85,COC(=O)c1ccccc1O,unlabeled
1362771960,100,a9a4b1ef530ce6f46a1c,86,COC(=O)c1ccccc1O,unlabeled
1362771960,100,f0245d145e2758fc9ff8,87,COC(=O)c1ccccc1O,unlabeled
1362771960,100,f33380e15f0fd8b62027,88,COC(=O)c1ccccc1O,gradient_train
1362771960,100,1773be1aaa4102ae19f0,89,CC(=O)CC(=O)OC(C)(C)C,unlabeled
1362771960,100,1895e2147dd146c4e564,90,CC(=O)CC(=O)OC(C)(C)C,unlabeled
1362771960,100,e7c8cd496e2795b23cb3,91,CC(=O)CC(=O)OC(C)(C)C,unlabeled
1362771960,100,60f64adee75a0999c5d5,92,CC(=O)CC(=O)OC(C)(C)C,unlabeled
1362771960,100,851993fe56d61c8bf074,93,CC(=O)CC(=O)OC(C)(C)C,test
1362771960,100,4e6d2ab0e823ac1d4b58,94,CC(=O)CC(=O)OC(C)(C)C,unlabeled
1362771960,100,452aebfcddc0b031c20d,95,CCOC(=O)Cc1ccccc1,unlabeled
1362771960,100,a67ee30ac22b3511e0af,96,CCOC(=O)Cc1ccccc1,test
1362771960,100,4c52102f0b5a693d59bc,97,CCOC(=O)Cc1ccccc1,test
1362771960,100,f21e8077ac7b6ec1d038,98,CCOC(=O)Cc1ccccc1,unlabeled
1362771960,100,982611df66af1cf7c2f5,99,CCOC(=O)Cc1ccccc1,unlabeled
1362771960,100,d9e344f199dc9a567b5f,100,CCOC(=O)Cc1ccccc1,test
1362771960,100,74706f7e5d10b9245796,101,CCOC(=O)Cc1ccccc1,gradient_train
1362771960,100,f5d7ae6c2608335325ff,102,COC(=O)c1ccccc1N,unlabeled
1362771960,100,f66e095007d9d0923ce2,103,COC(=O)c1ccccc1N,unlabeled
1362771960,100,c9a57e8accca7da9758b,104,COC(=O)c1ccccc1N,unlabeled
1362771960,100,f7b1b9737459397f9ace,105,COC(=O)c1ccccc1N,unlabeled
1362771960,100,68feec66f657364ebeaa,106,COC(=O)c1ccccc1N,unlabeled
1362771960,100,96ccc1b8240fc2e9c1f3,107,COC(=O)c1ccccc1N,unlabeled
1362771960,100,16eec4a03ec235274042,108,CCOC(=O)/C=C/c1ccccc1,gradient_train
1362771960,100,92e4f80b3943134ebe86,109,CCOC(=O)/C=C/c1ccccc1,unlabeled
1362771960,100,e15e8a4f329d3a08aff9,110,CCOC(=O)/C=C/c1ccccc1,unlabeled
1362771960,100,6cec450baf7517436df6,111,CCOC(=O)/C=C/c1ccccc1,test
1362771960,100,48b79e49508df9f5fd6d,112,CCOC(=O)/C=C/c1ccccc1,gradient_train
1362771960,100,404dc3e2801a9a9d52aa,113,CCOC(=O)/C=C/c1ccccc1,gradient_train
1362771960,100,c72867f0f2e38c70aa8c,114,CCOC(=O)/C=C/c1ccccc1,unlabeled
1362771960,100,d9d3d24a75ff511e108a,115,COC(=O)c1ccc(C(C)(C)C)cc1,test
1362771960,100,f40ca479a9e86b5d5458,116,COC(=O)c1ccc(C(C)(C)C)cc1,unlabeled
1362771960,100,b7770c04c72527e1d9f6,117,COC(=O)c1ccc(C(C)(C)C)cc1,unlabeled
1362771960,100,a433dc0f6a13e9ace41d,118,COC(=O)c1ccc(C(C)(C)C)cc1,gradient_train
1362771960,100,e399250d7156727de0fd,119,COC(=O)c1ccc(C(C)(C)C)cc1,unlabeled
1362771960,100,3122a2210bde68deb81e,120,COC(=O)c1ccc(C(C)(C)C)cc1,test
1362771960,100,c9460286f85a5ec0f4fc,121,COC(=O)c1ccc(C(C)(C)C)cc1,unlabeled
1362771960,100,13b0b7952199157a8399,122,CCOC(=O)/C=C(/C)N,unlabeled
1362771960,100,759d5133ee82740013bf,123,CCOC(=O)/C=C(/C)N,unlabeled
1362771960,100,c9bf385316b464cd2e8d,124,CCOC(=O)/C=C(/C)N,unlabeled
1362771960,100,f248b9b89d62a22b03c3,125,CCOC(=O)/C=C(/C)N,unlabeled
1362771960,100,10d51839b15b94f0ae56,126,CCOC(=O)/C=C(/C)N,unlabeled
1362771960,100,e66b24ec1e4dfa9a9a57,127,CCOC(=O)/C=C(/C)N,unlabeled
1362771960,100,506597d02ff322a77a8d,128,CCOC(=O)/C=C(/C)N,unlabeled
1362771960,100,d2951bd3bb1608688f0d,129,CCOC(=O)/C=C(/C)N,unlabeled
1362771960,100,7d3c6ef279245ca08a2f,130,CCOC(=O)/C=C(/C)N,gradient_train
1362771960,100,e6886d2fb3090517172b,131,CCOC(=O)/C=C(/C)N,unlabeled
1362771960,100,d31d42caff135d7154c4,132,CCOC(=O)/C=C(/C)N,unlabeled
1362771960,100,3d7aa38258001eb6ba67,133,CC(C)COC(=O)c1ccccc1,test
1362771960,100,b3409bbbf3b06d73afca,134,CC(C)COC(=O)c1ccccc1,unlabeled
1362771960,100,5ce75d3f6df6d318cb8a,135,CC(C)COC(=O)c1ccccc1,unlabeled
1362771960,100,28f4ab2563d03e831cf0,136,CC(C)COC(=O)c1ccccc1,unlabeled
1362771960,100,b95bbdf393e00f41a6df,137,CC(C)COC(=O)c1ccccc1,unlabeled
1362771960,100,1e73138aa057a5e2b67f,138,CC(C)COC(=O)c1ccccc1,unlabeled
1362771960,100,1319bf7018ee9b9a5b9f,139,CCOC(=O)c1ccccc1,gradient_train
1362771960,100,99398d649f02f80651f1,140,CCOC(=O)c1ccccc1,unlabeled
1362771960,100,240787bdbf2abc17e093,141,CCOC(=O)c1ccccc1,unlabeled
1362771960,100,4afc7ef2732850bea176,142,CCOC(=O)c1ccccc1,unlabeled
1362771960,100,181f6c7852b17df8f194,143,CCOC(=O)c1ccccc1,unlabeled
1362771960,100,474238f822b0c38795c6,144,CCOC(=O)c1ccccc1,unlabeled
1362771960,100,5eb80e21463443b22d14,145,CCOC(=O)c1ccccc1,unlabeled
1362771960,100,f6e991e3dc3a3d3c5d89,146,COc1ccc(CCO)cc1,unlabeled
1362771960,100,9991421da8e18008fc91,147,COc1ccc(CCO)cc1,unlabeled
1362771960,100,9e93bad2014e7ab1a680,148,COc1ccc(CCO)cc1,unlabeled
1362771960,100,3d5dc8831f4c74f7b7d1,149,COc1ccc(CCO)cc1,unlabeled
1362771960,100,d5a7e1d47a58e1323805,150,Cc1ccc(C(C)C)cc1,unlabeled
1362771960,100,5c32bb6f3bbf72dcb37e,151,Cc1ccc(C(C)C)cc1,test
1362771960,100,e545485bf1a51a3ea557,152,Cc1ccc(C(C)C)cc1,unlabeled
1362771960,100,8ea9d90b217f4096f42f,153,Cc1ccc(C(C)C)cc1,unlabeled
1362771960,100,9ed80c28328fabe87261,154,Cc1ccc(C(C)C)cc1,unlabeled
1362771960,100,f1ea027f4cb80b10d15b,155,Cc1ccc(C(C)C)cc1,unlabeled
1362771960,100,dcfc9eaebf799d451fdb,156,Cc1ccc(C(C)C)cc1,unlabeled
1362771960,100,6c1f19a34a40cbf98728,157,CC(C)(O)CCc1ccccc1,gradient_train
1362771960,100,cf45ee02778c0243ad50,158,CC(C)(O)CCc1ccccc1,unlabeled
1362771960,100,88581d99a415bf271788,159,CC(C)(O)CCc1ccccc1,validation
1362771960,100,8753ab545dd1cf036a3a,160,CC(C)(O)CCc1ccccc1,unlabeled
1362771960,100,d59d233a1606de5b6deb,161,CC(C)(O)CCc1ccccc1,unlabeled
1362771960,100,964a62fb7d677de0f711,162,CC(C)CCOC(=O)c1ccccc1,unlabeled
1362771960,100,f35f8782c107387233ed,163,CC(C)CCOC(=O)c1ccccc1,test
1362771960,100,4d602abaaf336ac523e4,164,CC(C)CCOC(=O)c1ccccc1,unlabeled
1362771960,100,4768b747981033fbdf34,165,CC(C)CCOC(=O)c1ccccc1,unlabeled
1362771960,100,3df34ab1c0d58c86999e,166,CC(C)CCOC(=O)c1ccccc1,unlabeled
1362771960,100,8b67a1246fe892b6581d,167,CC(C)CCOC(=O)c1ccccc1,gradient_train
1362771960,100,2bafcbea1bb66eb60a71,168,CC(C)CCOC(=O)c1ccccc1,unlabeled
1362771960,100,2beadb75e05408973f02,169,CCOC(=O)/C=C/c1ccccc1,gradient_train
1362771960,100,dd7cae2667a1348a2caf,170,CCOC(=O)/C=C/c1ccccc1,test
1362771960,100,56f1cecfc0c6c3d224be,171,CCOC(=O)/C=C/c1ccccc1,unlabeled
1362771960,100,6278b7d64a22dbe3844e,172,CCOC(=O)/C=C/c1ccccc1,unlabeled
1362771960,100,a75e421e756083edea35,173,CCOC(=O)/C=C/c1ccccc1,unlabeled
1362771960,100,c9f7ab78e90454873661,174,CCOC(=O)/C=C/c1ccccc1,unlabeled
1362771960,100,b36d7c12e6d3072467ee,175,CCOC(=O)/C=C/c1ccccc1,unlabeled
1362771960,100,5dc7d31c57624ac47575,176,COc1ccc(C)cc1OC,unlabeled
1362771960,100,7dea14d96460814919d3,177,COc1ccc(C)cc1OC,unlabeled
1362771960,100,83a16763654b3b743265,178,COc1ccc(C)cc1OC,unlabeled
1362771960,100,ee96bcc328a38cb12519,179,COc1ccc(C)cc1OC,unlabeled
1362771960,100,62763fd48ebc7554402f,180,COc1ccc(C)cc1OC,unlabeled
1362771960,100,dd29d0f859e11f70f4ec,181,COc1ccc(C)cc1OC,unlabeled
1362771960,100,826e9f40c328ce2478ec,182,COc1ccc(C)cc1OC,gradient_train
1362771960,100,2e684264400b651dae88,183,C1=Cc2ccccc2C1,gradient_train
1362771960,100,e4f37e6e6def0eec724a,184,C1=Cc2ccccc2C1,test
1362771960,100,fda6d7aa920e5400a222,185,C1=Cc2ccccc2C1,gradient_train
1362771960,100,ee0eba88726c692c7f0c,186,C1=Cc2ccccc2C1,test
1362771960,100,c438c37de3a60de0e84a,187,C1=Cc2ccccc2C1,unlabeled
1362771960,100,f51bc35441c8ba7713b6,188,C1=Cc2ccccc2C1,unlabeled
1362771960,100,cb1bb21d54890633943c,189,C1=Cc2ccccc2C1,unlabeled
1362771960,100,2e561b136ec088ba3eff,190,Cc1ccc(C)cc1,unlabeled
1362771960,100,0d6f66d7971473a2cef9,191,Cc1ccc(C)cc1,unlabeled
1362771960,100,6950f8ebe95298defec5,192,Cc1ccc(C)cc1,unlabeled
1362771960,100,1837a52df085e2fc70d1,193,Cc1ccc(C)cc1,unlabeled
1362771960,100,8067767b73f132489d46,194,Cc1ccc(C)cc1,unlabeled
1362771960,100,bc3f10fed296515e66e5,195,Cc1ccc(C)cc1,unlabeled
1362771960,100,369517a8e4fab7d4e0e5,196,Cc1ccc(C)cc1,unlabeled
1362771960,100,acc1a540efdb60e4fa76,197,ClCCc1ccccc1,unlabeled
1362771960,100,b849b02cc7a096ff6f6a,198,ClCCc1ccccc1,unlabeled
1362771960,100,75b105d94d176eec90ba,199,ClCCc1ccccc1,unlabeled
1362771960,100,4699975b36aa2351be18,200,ClCCc1ccccc1,unlabeled
1362771960,100,a2ecd7c05da585c2a35e,201,ClCCc1ccccc1,unlabeled
1362771960,100,82843c7e3b9005c1abb0,202,ClCCc1ccccc1,unlabeled
1362771960,100,216e9e13c0587f197c0b,203,ClCCc1ccccc1,unlabeled
1362771960,100,31162ac7e21c9688cbdc,204,CC(O)c1ccccc1,test
1362771960,100,82ffe9abc3d02f4b970f,205,CC(O)c1ccccc1,unlabeled
1362771960,100,35eae227e68fe7434e68,206,CC(O)c1ccccc1,gradient_train
1362771960,100,82b6a0a8f122317d79d4,207,CC(O)c1ccccc1,unlabeled
1362771960,100,9b28c23ad1d4dda9fe1a,208,CC(O)c1ccccc1,unlabeled
1362771960,100,4455212440cbaf6d51e2,209,COc1ccccc1,unlabeled
1362771960,100,fcea8574ae051fe11483,210,COc1ccccc1,unlabeled
1362771960,100,04d4a16ff682bc7c55c8,211,COc1ccccc1,validation
1362771960,100,62ca5eadee5ef28e9aeb,212,COc1ccccc1,unlabeled
1362771960,100,42f031acb8211bfbf67f,213,COc1ccccc1,unlabeled
1362771960,100,472b8f06caf25ffe6c7a,214,COc1ccccc1,gradient_train
1362771960,100,d532e4ccbab971232d40,215,COc1ccccc1,unlabeled
1362771960,100,bae9f1ce7c04e7ccf16b,216,CCOC(=O)C(Br)C(=O)OCC,gradient_train
1362771960,100,fc58ac30a03fcb0ec051,217,CCOC(=O)C(Br)C(=O)OCC,unlabeled
1362771960,100,c4b569d1149e4ec87b12,218,CCOC(=O)C(Br)C(=O)OCC,gradient_train
1362771960,100,53d7fb31d852cbb33059,219,CCOC(=O)C(Br)C(=O)OCC,test
1362771960,100,265addbdd355a85c628d,220,CCOC(=O)C(Br)C(=O)OCC,test
1362771960,100,b07e3b186c5f9a698624,221,CCOC(=O)C(Br)C(=O)OCC,unlabeled
1362771960,100,28c4b7ec4bf7f486b68c,222,CCOC(=O)C(Br)C(=O)OCC,unlabeled
1362771960,100,c9d7d885160197c7f67c,223,c1ccc(COCc2ccccc2)cc1,unlabeled
1362771960,100,e2869f5cf5635b6ae9c1,224,c1ccc(COCc2ccccc2)cc1,unlabeled
1362771960,100,49865eda3c0e936157be,225,c1ccc(COCc2ccccc2)cc1,gradient_train
1362771960,100,d26cffd9ef4da9800470,226,c1ccc(COCc2ccccc2)cc1,gradient_train
1362771960,100,ce9ac115ce41ab41f01d,227,c1ccc(COCc2ccccc2)cc1,unlabeled
1362771960,100,b2b5155e06ff9134c6a4,228,c1ccc(COCc2ccccc2)cc1,test
1362771960,100,f1aabb6243aed53011cb,229,c1ccc(COCc2ccccc2)cc1,unlabeled
1362771960,100,ebc9c107c2207e99cf79,230,CCOC(=O)CC(C)=O,gradient_train
1362771960,100,f373e0ffa24cb51dd13a,231,CCOC(=O)CC(C)=O,unlabeled
1362771960,100,bcb35848089ca50a1eef,232,CCOC(=O)CC(C)=O,unlabeled
1362771960,100,ef8527c6b63d54b73966,233,CCOC(=O)CC(C)=O,unlabeled
1362771960,100,86f385aa0925171d22cc,234,CCOC(=O)CC(C)=O,gradient_train
1362771960,100,9c7a6ce4172638d2abc7,235,CCOC(=O)CC(C)=O,unlabeled
1362771960,100,982585c1a4e89f10713f,236,O=CCCc1ccccc1,unlabeled
1362771960,100,36af0c588eb2e094a55e,237,O=CCCc1ccccc1,test
1362771960,100,afcb9ffea06f12f9e0f5,238,O=CCCc1ccccc1,unlabeled
1362771960,100,e584c52185ccefd22a26,239,O=CCCc1ccccc1,unlabeled
1362771960,100,39e40f336da135e6a7b5,240,O=CCCc1ccccc1,unlabeled
1362771960,100,e3c9408f01aa7642870f,241,O=CCCc1ccccc1,gradient_train
1362771960,100,155ad3f702726e253c4d,242,O=CCCc1ccccc1,unlabeled
1362771960,100,f84aa17604ca7f927b8c,243,C=CC(=O)OCCOc1ccccc1,unlabeled
1362771960,100,6b8023df74ccc51e5c76,244,C=CC(=O)OCCOc1ccccc1,unlabeled
1362771960,100,b056b793f5b571e6cdee,245,C=CC(=O)OCCOc1ccccc1,unlabeled
1362771960,100,934f00061cc32bab10e8,246,C=CC(=O)OCCOc1ccccc1,gradient_train
1362771960,100,b983d4c3094d909b570e,247,C=CC(=O)OCCOc1ccccc1,unlabeled
1362771960,100,b6f53d16978daf702470,248,C=CC(=O)OCCOc1ccccc1,unlabeled
1362771960,100,9563dde5c28fb62e4f7e,249,C=CC(=O)OCCOc1ccccc1,gradient_train
1362771960,100,de2563a5f711307823f1,250,C=CC(=O)OC1CCCCC1,unlabeled
1362771960,100,e2e681b0653ec64f7c14,251,C=CC(=O)OC1CCCCC1,unlabeled
1362771960,100,fbf392edaddff6347b58,252,C=CC(=O)OC1CCCCC1,unlabeled
1362771960,100,3955ae590ac179d279b6,253,C=CC(=O)OC1CCCCC1,unlabeled
1362771960,100,db51f6df02555cb9c264,254,C=CC(=O)OC1CCCCC1,gradient_train
1362771960,100,2195290d04210cdb253f,255,C=CC(=O)OC1CCCCC1,gradient_train
1362771960,100,8063e3de9de70b75def1,256,C=CC(=O)OC1CCCCC1,unlabeled
1362771960,100,88771c5c64ed839a4436,257,C=CC(=O)OCc1ccccc1,unlabeled
1362771960,100,b5365d56777fde5c4dfc,258,C=CC(=O)OCc1ccccc1,gradient_train
1362771960,100,4513e318c9d037303b13,259,C=CC(=O)OCc1ccccc1,unlabeled
1362771960,100,efca00a284b2cadc5737,260,C=CC(=O)OCc1ccccc1,test
1362771960,100,b473ef06a415d0f114b0,261,C=CC(=O)OCc1ccccc1,unlabeled
1362771960,100,df02863943321996441f,262,C=CC(=O)OCc1ccccc1,unlabeled
1362771960,100,194278dd9ee3d2407ed5,263,C=CC(=O)OCc1ccccc1,unlabeled
1362771960,100,cc31b914acbab022eb9a,264,COC(=O)C(C)(C)Br,unlabeled
1362771960,100,a9eea85ddeee2da33706,265,COC(=O)C(C)(C)Br,gradient_train
1362771960,100,640353c89b3ce64ee98b,266,COC(=O)C(C)(C)Br,unlabeled
1362771960,100,b11bb6293c307f7f7282,267,COC(=O)C(C)(C)Br,unlabeled
1362771960,100,77b0577e6b0adb649e63,268,COC(=O)C(C)(C)Br,unlabeled
1362771960,100,543561ac99bc28db6f2f,269,COC(=O)C(C)(C)Br,gradient_train
1362771960,100,056255620b7acc9c630f,270,COC(=O)C(C)(C)Br,unlabeled
1362771960,100,7b1589ae321d27608509,271,COC(=O)CS,gradient_train
1362771960,100,0fee19a828ef997229fd,272,COC(=O)CS,unlabeled
1362771960,100,222dede783147d5efa63,273,COC(=O)CS,unlabeled
1362771960,100,d9a40ac35b79fbcf214a,274,COC(=O)CS,unlabeled
1362771960,100,aaf22f8324aad12a55fa,275,COC(=O)CS,test
1362771960,100,a9bfabe931467745353e,276,COC(=O)CS,unlabeled
1362771960,100,be7d68067464e72d0b8d,277,COC(=O)CS,unlabeled
1362771960,100,b418a712463f5abf8b81,278,CC(=O)CCCCl,gradient_train
1362771960,100,850a69ce73ac04035aa3,279,CC(=O)CCCCl,test
1362771960,100,7c4153fe9561da818ae1,280,CC(=O)CCCCl,unlabeled
1362771960,100,a67016d937c499be9d64,281,CC(C)=CCBr,unlabeled
1362771960,100,4559d83db38cc3c39d13,282,CC(C)=CCBr,unlabeled
1362771960,100,bf8409f12dae2388c6a0,283,CC(C)=CCBr,unlabeled
1362771960,100,832899abb44b8d2246cd,284,CC(C)=CCBr,test
1362771960,100,5729cc87eb48a75655ad,285,CC(C)=CCBr,unlabeled
1362771960,100,adb6d48eec0fb576d7fc,286,CC(C)=CCBr,test
1362771960,100,bc789871fe39d967a9e0,287,CC(C)=CCBr,unlabeled
1362771960,100,fff65bc451d163b1b106,288,C=CC(=O)OCCCCCCCCCCCC,gradient_train
1362771960,100,c761659793c5929e2214,289,C=CC(=O)OCCCCCCCCCCCC,unlabeled
1362771960,100,4c7d7c5f8b0c317c5548,290,C=CC(=O)OCCCCCCCCCCCC,gradient_train
1362771960,100,a9656ffd805f80fcf143,291,C=CC(=O)OCCCCCCCCCCCC,unlabeled
1362771960,100,da10d2f67a989e8b16b5,292,C=CC(=O)OCCCCCCCCCCCC,unlabeled
1362771960,100,7ca22b2f4d23a7afb10e,293,C=CC(=O)OCCCCCCCCCCCC,unlabeled
1362771960,100,38f57a9d08efd5f070d0,294,C=CC(=O)OCCCCCCCCCCCC,gradient_train
1362771960,100,1619a0c8b233772ba0c0,295,C=CC(=O)O[C@@H]1C[C@H]2CC[C@]1(C)C2(C)C,unlabeled
1362771960,100,0b9968c1280b5e4f726a,296,C=CC(=O)O[C@@H]1C[C@H]2CC[C@]1(C)C2(C)C,unlabeled
1362771960,100,0d5196ceda603b66bd22,297,C=CC(=O)O[C@@H]1C[C@H]2CC[C@]1(C)C2(C)C,unlabeled
1362771960,100,244e5c6375ff0c923725,298,C=CC(=O)O[C@@H]1C[C@H]2CC[C@]1(C)C2(C)C,unlabeled
1362771960,100,4f34bbce67c94a44318a,299,C=CC(=O)O[C@@H]1C[C@H]2CC[C@]1(C)C2(C)C,test
1362771960,100,0f8a39d1c0a7eaf35c75,300,C=CC(=O)O[C@@H]1C[C@H]2CC[C@]1(C)C2(C)C,unlabeled
1362771960,100,6de4f7fd8ac19d183348,301,C=CC(=O)O[C@@H]1C[C@H]2CC[C@]1(C)C2(C)C,unlabeled
1362771960,100,8bac25cfab022a9fb887,302,C=CC(=O)OCC(CC)CCCC,unlabeled
1362771960,100,aeef2128392508cc81cc,303,C=CC(=O)OCC(CC)CCCC,test
1362771960,100,a2eefb55da4d47a4347b,304,C=CC(=O)OCC(CC)CCCC,unlabeled
1362771960,100,3c7f7a7105a5eb39ca89,305,C=CC(=O)OCC(CC)CCCC,unlabeled
1362771960,100,2bf67acb4c861cf83990,306,C=CC(=O)OCC(CC)CCCC,unlabeled
1362771960,100,d67e364fd6830aa2bf6f,307,C=CC(=O)OCC(CC)CCCC,test
1362771960,100,84caf30ea66b29e2ea91,308,C=CC(=O)OCC(CC)CCCC,unlabeled
1362771960,100,1bd5bb3744b78ada7307,309,FC(F)(F)c1cc(Br)cc(C(F)(F)F)c1,unlabeled
1362771960,100,dd7fdbe3fa3800e6499f,310,FC(F)(F)c1cc(Br)cc(C(F)(F)F)c1,unlabeled
1362771960,100,ab84efb31c801e49c87c,311,FC(F)(F)c1cc(Br)cc(C(F)(F)F)c1,validation
1362771960,100,69f6dbdc304c0475f868,312,FC(F)(F)c1cc(Br)cc(C(F)(F)F)c1,unlabeled
1362771960,100,a43656cab81e1b0fcccf,313,FC(F)(F)c1cc(Br)cc(C(F)(F)F)c1,unlabeled
1362771960,100,bcf8bb13e4fca185fe68,314,FC(F)(F)c1cc(Br)cc(C(F)(F)F)c1,unlabeled
1362771960,100,fe71f29c800d4ee35138,315,FC(F)(F)c1cc(Br)cc(C(F)(F)F)c1,unlabeled
1362771960,100,2416be80d114ff60224d,316,O=Cc1ccc(Cl)cc1Br,unlabeled
1362771960,100,9201cead3641f52a1f20,317,O=Cc1ccc(Cl)cc1Br,unlabeled
1362771960,100,49276f9b1cc72d41bbfd,318,O=Cc1ccc(Cl)cc1Br,unlabeled
1362771960,100,6cb8bbf843e6064ce249,319,O=Cc1ccc(Cl)cc1Br,unlabeled
1362771960,100,a6b1d92e3de602f8963c,320,O=Cc1ccc(Cl)cc1Br,unlabeled
1362771960,100,135ac7deca522d1e7929,321,O=Cc1ccc(Cl)cc1Br,gradient_train
1362771960,100,0f3bd8418ab9ba9d1ed2,322,O=Cc1ccc(Cl)cc1Br,unlabeled
1362771960,100,6cd5860914563da59932,323,O=Cc1ccc2c(c1)CCO2,gradient_train
1362771960,100,5179c3962ada5450dde7,324,O=Cc1ccc2c(c1)CCO2,unlabeled
1362771960,100,ad45b4b8aaed2c2b0b33,325,O=Cc1ccc2c(c1)CCO2,gradient_train
1362771960,100,6c8de7fb3dbd4f5adabf,326,O=Cc1ccc2c(c1)CCO2,test
1362771960,100,f72724ff299c47641488,327,COc1cc(F)cc(Br)c1,unlabeled
1362771960,100,2cde006ff48a36a368d2,328,COc1cc(F)cc(Br)c1,unlabeled
1362771960,100,09879f6853acb50e1280,329,COc1cc(F)cc(Br)c1,unlabeled
1362771960,100,cd492dbc52d170e5a396,330,COc1cc(F)cc(Br)c1,unlabeled
1362771960,100,e1244cc412f81ac11bd3,331,COc1cc(F)cc(Br)c1,unlabeled
1362771960,100,69bed1df8dc3cf82927c,332,COc1cc(F)cc(Br)c1,gradient_train
1362771960,100,adc9f476f8b5d66fa85d,333,COc1cc(F)cc(Br)c1,gradient_train
1362771960,100,e7e3cdff8a4b43574b19,334,CC(C)(C)c1cc(C=O)cc(C(C)(C)C)c1,unlabeled
1362771960,100,22fcaa293d9525e1f4e7,335,CC(C)(C)c1cc(C=O)cc(C(C)(C)C)c1,unlabeled
1362771960,100,5965305884ee5fba94d8,336,CC(C)(C)c1cc(C=O)cc(C(C)(C)C)c1,unlabeled
1362771960,100,556baeed852270e9c0fc,337,CC(C)(C)c1cc(C=O)cc(C(C)(C)C)c1,gradient_train
1362771960,100,376fc6387117429bcb19,338,CC(C)(C)c1cc(C=O)cc(C(C)(C)C)c1,test
1362771960,100,3fbc880a145bcc2155c9,339,CC(C)(C)c1cc(C=O)cc(C(C)(C)C)c1,unlabeled
1362771960,100,2964279ae2fd8a820ae1,340,CC(C)(C)c1cc(C=O)cc(C(C)(C)C)c1,unlabeled
1362771960,100,c084940b1be4fa61738d,341,COc1cc(Br)cc(OC)c1,gradient_train
1362771960,100,deac65153d9204a230ec,342,COc1cc(Br)cc(OC)c1,gradient_train
1362771960,100,b5f0b6271cd244ade9a3,343,COc1cc(Br)cc(OC)c1,unlabeled
1362771960,100,79723584590c0a689474,344,COc1cc(Br)cc(OC)c1,unlabeled
1362771960,100,984bc17b1da105c753eb,345,COc1cc(Br)cc(OC)c1,gradient_train
1362771960,100,1b7e334ea83516d08ff5,346,COc1cc(Br)cc(OC)c1,unlabeled
1362771960,100,b8018c4bdaadd42a057a,347,COc1cc(Br)cc(OC)c1,unlabeled
1362771960,100,3b03dfa8ff44ff554734,348,O=Cc1cc(Br)ccc1O,gradient_train
1362771960,100,167f49f748fa35bdb29e,349,O=Cc1cc(Br)ccc1O,gradient_train
1362771960,100,7e19b816ecd8282ce2a1,350,O=Cc1cc(Br)ccc1O,unlabeled
1362771960,100,0dffde5d00d50ee96173,351,O=Cc1cc(Br)ccc1O,unlabeled
1362771960,100,65bfb38b53dd53bc4f4c,352,O=Cc1cc(Br)ccc1O,unlabeled
1362771960,100,e79c5aedcfa41a5f23c9,353,O=Cc1cc(Br)ccc1O,gradient_train
1362771960,100,27b234a05f8c66fd059f,354,O=Cc1cc(Br)ccc1O,unlabeled
1362771960,100,1bf52d57e3b0d9ef0662,355,Cc1ccc(Cl)cc1Br,unlabeled
1362771960,100,867407c66038f21466a8,356,Cc1ccc(Cl)cc1Br,unlabeled
1362771960,100,fb19bbc052a528249f36,357,Cc1ccc(Cl)cc1Br,gradient_train
1362771960,100,13bebd0b1ab22fc7e93b,358,Cc1ccc(Cl)cc1Br,unlabeled
1362771960,100,c1b4c0f7481c01c40ec6,359,Cc1ccc(Cl)cc1Br,validation
1362771960,100,bb159f5b8695e842d4ff,360,Cc1ccc(Cl)cc1Br,unlabeled
1362771960,100,ce70dba7026ce0b64f62,361,Cc1ccc(Cl)cc1Br,gradient_train
1362771960,100,a5ea3136b642f8a49607,362,N#Cc1ccccc1Br,unlabeled
1362771960,100,8671b386166171ebd7f7,363,N#Cc1ccccc1Br,unlabeled
1362771960,100,d344b363b8c01e73a6fa,364,N#Cc1ccccc1Br,unlabeled
1362771960,100,70e13ddfe9e6cc9b0f56,365,N#Cc1ccccc1Br,unlabeled
1362771960,100,35046c5ff35d8c8617bb,366,N#Cc1ccccc1Br,gradient_train
1362771960,100,848f6c84b4d5fc44c3c2,367,N#Cc1ccccc1Br,unlabeled
1362771960,100,0974fc9cbeb3820c4065,368,Cc1ccc(C=O)c(C)c1,test
1362771960,100,bc486e940c369b85ce28,369,Cc1ccc(C=O)c(C)c1,unlabeled
1362771960,100,9a29b268530b7a3321a0,370,Cc1ccc(C=O)c(C)c1,validation
1362771960,100,51394d9af7adc7eff816,371,Cc1ccc(C=O)c(C)c1,unlabeled
1362771960,100,5cbed870fef2de105046,372,Cc1ccc(C=O)c(C)c1,unlabeled
1362771960,100,dbb854b36df7ed31d95f,373,Cc1ccc(C=O)c(C)c1,unlabeled
1362771960,100,0c0f89307cc4aff87ab6,374,Cc1ccc(C=O)c(C)c1,unlabeled
1362771960,100,a5d9706079ccfee3bdf4,375,COCCOC(=O)CC(C)=O,unlabeled
1362771960,100,bacef06b4d4d7374a4e4,376,COCCOC(=O)CC(C)=O,unlabeled
1362771960,100,74097878150c8a5a8d79,377,COCCOC(=O)CC(C)=O,gradient_train
1362771960,100,47404d0982a587f0393e,378,COCCOC(=O)CC(C)=O,gradient_train
1362771960,100,fb80794857ddc46e142c,379,CC(=O)c1ccc2c(c1)OCO2,unlabeled
1362771960,100,6f34563b6236c57b9c60,380,CC(=O)c1ccc2c(c1)OCO2,unlabeled
1362771960,100,147b560e4c606680c7b2,381,CC(=O)c1ccc2c(c1)OCO2,unlabeled
1362771960,100,7396668aaa8d372aa464,382,CC(=O)c1ccc2c(c1)OCO2,gradient_train
1362771960,100,78b04c44dfa852f4e621,383,CC(=O)c1ccc2c(c1)OCO2,unlabeled
1362771960,100,f191e08b3e95928a5423,384,CC(=O)c1ccc2c(c1)OCO2,unlabeled
1362771960,100,f5634113e0822bda1c03,385,CC(=O)c1ccc2c(c1)OCO2,gradient_train
1362771960,100,45264f1c88b241fb888c,386,CC(=O)c1c(C)cc(C)cc1C,unlabeled
1362771960,100,7b0fa77cbbcbd8e7c87a,387,CC(=O)c1c(C)cc(C)cc1C,unlabeled
1362771960,100,c514f60c28973fc116c5,388,CC(=O)c1c(C)cc(C)cc1C,gradient_train
1362771960,100,b63d546347919cb66716,389,CC(=O)c1c(C)cc(C)cc1C,unlabeled
1362771960,100,823c667f35cddfcbc346,390,CC(=O)c1c(C)cc(C)cc1C,unlabeled
1362771960,100,d2955aa36bd2b103c981,391,CC(=O)c1c(C)cc(C)cc1C,unlabeled
1362771960,100,4ce730c9ad4e20a0386e,392,CC(=O)c1c(C)cc(C)cc1C,gradient_train
1362771960,100,f3531a1565c8159ac5e2,393,CC(=O)c1ccc(C)cc1C,unlabeled
1362771960,100,c359fd726e50e2123f43,394,CC(=O)c1ccc(C)cc1C,unlabeled
1362771960,100,a9a623a9853c6b493ce4,395,CC(=O)c1ccc(C)cc1C,unlabeled
1362771960,100,784ca4af1517dac8cd11,396,CC(=O)c1ccc(C)cc1C,unlabeled
1362771960,100,4c36e8e7d179b4bfa11a,397,CC(=O)c1ccc(C)cc1C,unlabeled
1362771960,100,77fe8c752e01feedccfa,398,CC(=O)c1ccc(C)cc1C,test
1362771960,100,0a1949b42050f41b0db4,399,CC(=O)c1ccc(C)cc1C,test
1362771960,100,118d66c0e53f510c51ed,400,CC(=O)c1ccc2c(c1)Cc1ccccc1-2,unlabeled
1362771960,100,38aa81d53a6b39e9d8ef,401,CC(=O)c1ccc2c(c1)Cc1ccccc1-2,unlabeled
1362771960,100,c780d2f5194817087e07,402,CC(=O)c1ccc2c(c1)Cc1ccccc1-2,unlabeled
1362771960,100,546046afb5114d631360,403,CC(=O)c1ccc2c(c1)Cc1ccccc1-2,test
1362771960,100,dc9f747c03c55d77bf72,404,BrC(=C(c1ccccc1)c1ccccc1)c1ccccc1,unlabeled
1362771960,100,d29c00125d1c5dc55586,405,BrC(=C(c1ccccc1)c1ccccc1)c1ccccc1,unlabeled
1362771960,100,509e53644c411798f5b0,406,BrC(=C(c1ccccc1)c1ccccc1)c1ccccc1,test
1362771960,100,5ac5df671efee45d3ddf,407,BrC(=C(c1ccccc1)c1ccccc1)c1ccccc1,test
1362771960,100,1e8c03a5d84f08329475,408,BrC(=C(c1ccccc1)c1ccccc1)c1ccccc1,test
1362771960,100,a7f9a08159d001c30f67,409,BrC(=C(c1ccccc1)c1ccccc1)c1ccccc1,unlabeled
1362771960,100,97feb43dae8371e80d3b,410,BrC(=C(c1ccccc1)c1ccccc1)c1ccccc1,unlabeled
1362771960,100,2f612d3ec5e270672ad1,411,C/C(=N\O)c1ccccc1,unlabeled
1362771960,100,b089551184e4d70e386d,412,C/C(=N\O)c1ccccc1,unlabeled
1362771960,100,95f7b6c8f44b25feade0,413,C/C(=N\O)c1ccccc1,unlabeled
1362771960,100,b0f39affa1970d2700b7,414,C/C(=N\O)c1ccccc1,unlabeled
1362771960,100,af2973fb82b6d79d8c5e,415,C/C(=N\O)c1ccccc1,unlabeled
1362771960,100,3545611fd9950a160288,416,C/C(=N\O)c1ccccc1,unlabeled
1362771960,100,786c4179676f46638e4a,417,O=C(c1ccccc1)c1ccc(Cl)cc1,test
1362771960,100,937105af8867732c56ec,418,O=C(c1ccccc1)c1ccc(Cl)cc1,unlabeled
1362771960,100,711f210d4869259d0651,419,O=C(c1ccccc1)c1ccc(Cl)cc1,unlabeled
1362771960,100,26bb8ff67b7738527484,420,O=C(c1ccccc1)c1ccc(Cl)cc1,unlabeled
1362771960,100,6624c43f78e6697c8ac9,421,O=C(c1ccccc1)c1ccc(Cl)cc1,gradient_train
1362771960,100,f9b97e958092bd5cb81a,422,O=C(c1ccccc1)c1ccc(Cl)cc1,unlabeled
1362771960,100,2d53109003f718b780fa,423,Cc1ccc(C(=O)c2ccccc2)cc1C,unlabeled
1362771960,100,b9b624baffe611c30836,424,Cc1ccc(C(=O)c2ccccc2)cc1C,unlabeled
1362771960,100,f8a590eaa91d155f61da,425,Cc1ccc(C(=O)c2ccccc2)cc1C,unlabeled
1362771960,100,2fcaa537474ba2ae579f,426,Cc1ccc(C(=O)c2ccccc2)cc1C,unlabeled
1362771960,100,d914e4c833f2df567cac,427,Cc1ccc(C(=O)c2ccccc2)cc1C,unlabeled
1362771960,100,5048acae682925888d12,428,Cc1ccc(C(=O)c2ccccc2)cc1C,unlabeled
1362771960,100,41927f703a0632f098fb,429,CC(=O)CC(=O)c1ccccc1,unlabeled
1362771960,100,760d0bf0ec31747d3969,430,CC(=O)CC(=O)c1ccccc1,gradient_train
1362771960,100,d71aab82a8179d05294a,431,CC(=O)CC(=O)c1ccccc1,gradient_train
1362771960,100,25ffb25df5bec65a633b,432,CC(=O)CC(=O)c1ccccc1,unlabeled
1362771960,100,92d69b1849c34b7f1a80,433,CCOC(=O)C(Cc1ccccc1)C(C)=O,unlabeled
1362771960,100,a289439d96e27bec7cbc,434,CCOC(=O)C(Cc1ccccc1)C(C)=O,unlabeled
1362771960,100,4707a180fe4230c208ff,435,CCOC(=O)C(Cc1ccccc1)C(C)=O,unlabeled
1362771960,100,41921840a5681261ba98,436,CCOC(=O)C(Cc1ccccc1)C(C)=O,unlabeled
1362771960,100,b5080cde4f493a415fc5,437,CCOC(=O)C(Cc1ccccc1)C(C)=O,unlabeled
1362771960,100,1bbec08f4838f06da0fb,438,CCOC(=O)C(Cc1ccccc1)C(C)=O,unlabeled
1362771960,100,bd0519702a5756bc3c94,439,CCOC(=O)C(Cc1ccccc1)C(C)=O,unlabeled
1362771960,100,b7fa3dd8e6040788ae14,440,CCOC(=O)c1cccnc1,unlabeled
1362771960,100,2deca509a22158d15375,441,CCOC(=O)c1cccnc1,unlabeled
1362771960,100,b48dea92ecfc07816494,442,CCOC(=O)c1cccnc1,unlabeled
1362771960,100,82fa7e7b3bd183853280,443,CCOC(=O)c1cccnc1,gradient_train
1362771960,100,7ba2cf5e6ca289d9810f,444,CCOC(=O)c1cccnc1,unlabeled
1362771960,100,7dec4c1259ce3660b729,445,COc1ccc(OC)c(Br)c1,unlabeled
1362771960,100,768064b2e2a953d147d0,446,COc1ccc(OC)c(Br)c1,unlabeled
1362771960,100,212154e56fe15a3333a2,447,COc1ccc(OC)c(Br)c1,unlabeled
1362771960,100,c56a92db4ce7de66bee1,448,COc1ccc(OC)c(Br)c1,unlabeled
1362771960,100,48b99ebef2fd7718f678,449,COc1ccc(OC)c(Br)c1,gradient_train
1362771960,100,6da48b9dd6e1ed7e26fd,450,COc1ccc(OC)c(Br)c1,test
1362771960,100,a2eeeea4e6525c9d22d4,451,COc1ccc(OC)c(Br)c1,unlabeled
1362771960,100,1e0e33b1a77df72f4dd8,452,OCc1cccc(Br)c1,gradient_train
1362771960,100,371711577127c07527e3,453,OCc1cccc(Br)c1,unlabeled
1362771960,100,78d4810a82f060b5cf49,454,OCc1cccc(Br)c1,unlabeled
1362771960,100,1c04f02c0ea8c00b358d,455,OCc1cccc(Br)c1,test
1362771960,100,4bc0dc84991def63aa1b,456,O=C1CCCc2ccccc21,unlabeled
1362771960,100,2433f7a3f7959e1d1b74,457,O=C1CCCc2ccccc21,unlabeled
1362771960,100,944f0a85ec8978a60444,458,O=C1CCCc2ccccc21,unlabeled
1362771960,100,8afc083342d1c2e7f78a,459,O=C1CCCc2ccccc21,unlabeled
1362771960,100,c35ed383b2db14b3bc06,460,O=C1CCCc2ccccc21,gradient_train
1362771960,100,d7c72c92165e2c129547,461,O=C1CCCc2ccccc21,unlabeled
1362771960,100,e375bb01e53e46f8faee,462,O=C1CCCc2ccccc21,unlabeled
1362771960,100,fdc873b5607287090ff3,463,CSc1ccc(C=O)cc1,unlabeled
1362771960,100,80b4e33a8434ac29ed52,464,CSc1ccc(C=O)cc1,unlabeled
1362771960,100,ee60c3ffc43a4c2c965e,465,CSc1ccc(C=O)cc1,unlabeled
1362771960,100,95f10fffb85ea1b1f47a,466,CSc1ccc(C=O)cc1,unlabeled
1362771960,100,793d8259fd7820530cfe,467,Cc1ccccc1C=O,unlabeled
1362771960,100,13fb1511fffef8fc96e0,468,Cc1ccccc1C=O,unlabeled
1362771960,100,532a47d1b45e54d6326b,469,Cc1ccccc1C=O,gradient_train
1362771960,100,dcd70c2b5039c4268d56,470,Cc1ccccc1C=O,unlabeled
1362771960,100,22d860e7f246ca4272a4,471,Cc1ccccc1C=O,unlabeled
1362771960,100,f21df276243d861dc2b2,472,Cc1ccccc1C=O,unlabeled
1362771960,100,08820514e662ce6ea8f0,473,Cc1ccccc1C=O,validation
1362771960,100,d60e09bca01342c7cfa6,474,O=Cc1ccc(Br)cc1O,unlabeled
1362771960,100,9dda290379fb047fc74d,475,O=Cc1ccc(Br)cc1O,unlabeled
1362771960,100,4a58b799c494875f6f27,476,O=Cc1ccc(Br)cc1O,gradient_train
1362771960,100,98a1ca00445d60f415d4,477,O=Cc1ccc(Br)cc1O,unlabeled
1362771960,100,ddecd252bb1099fb20f7,478,O=Cc1ccc(Br)cc1O,test
1362771960,100,226ebdbf914ce9333de8,479,O=Cc1ccc(Br)cc1O,gradient_train
1362771960,100,99dd4a9a47de5c84b7c0,480,O=Cc1ccc(Br)cc1O,gradient_train
1362771960,100,ecc7e2759499addc038f,481,CC(=O)c1ccc(Br)cc1,unlabeled
1362771960,100,66c1ee6eed3d1587de50,482,CC(=O)c1ccc(Br)cc1,unlabeled
1362771960,100,a26a131344d4dbd9645b,483,CC(=O)c1ccc(Br)cc1,unlabeled
1362771960,100,f0edd899ac987a1de9dd,484,CC(=O)c1ccc(Br)cc1,unlabeled
1362771960,100,0e13b08b0f9c772699e1,485,CC(=O)c1ccc(Br)cc1,gradient_train
1362771960,100,1254297404cc9db52ee2,486,CC(=O)c1ccc(Br)cc1,unlabeled
1362771960,100,bc8e1d805b36b63cbfbe,487,CC(=O)c1ccc(Br)cc1,unlabeled
1362771960,100,cd998cddd3dcb4fc8c92,488,O=C(Cc1ccccc1)c1ccccc1,unlabeled
1362771960,100,12e11e8eaee71fc57209,489,O=C(Cc1ccccc1)c1ccccc1,test
1362771960,100,054457c7699aabd6c619,490,O=C(Cc1ccccc1)c1ccccc1,unlabeled
1362771960,100,893e4c91da1b0b2f7d3e,491,O=C(Cc1ccccc1)c1ccccc1,gradient_train
1362771960,100,18e8a9c1ea6aa15c0d01,492,O=C(Cc1ccccc1)c1ccccc1,gradient_train
1362771960,100,bc582f1f4f4225f6d249,493,O=C(Cc1ccccc1)c1ccccc1,unlabeled
1362771960,100,d92ef85db0d1c0979197,494,O=C(Cc1ccccc1)c1ccccc1,unlabeled
1362771960,100,ddc0b27538aa926cbb6e,495,O=Cc1ccc(-c2ccccc2)cc1,unlabeled
1362771960,100,6dcfe9b1e0958f22523b,496,O=Cc1ccc(-c2ccccc2)cc1,unlabeled
1362771960,100,3cdf1bcd3739e20f72d2,497,O=Cc1ccc(-c2ccccc2)cc1,test
1362771960,100,a8e4c6001ce3245c634b,498,O=Cc1ccc(-c2ccccc2)cc1,unlabeled
1362771960,100,24b540d7814b4d9c5183,499,O=Cc1ccc(-c2ccccc2)cc1,unlabeled
1362771960,100,b0cadf050313e9a3a162,500,O=Cc1ccc(-c2ccccc2)cc1,unlabeled
1362771960,100,8837a8a19c37b63d2e48,501,O=Cc1ccc(-c2ccccc2)cc1,unlabeled
1362771960,100,23a832560d234735d954,502,O=Cc1ccc2ccccc2c1Br,unlabeled
1362771960,100,90777be8090491479de1,503,O=Cc1ccc2ccccc2c1Br,unlabeled
1362771960,100,926a7862066269f98d62,504,O=Cc1ccc2ccccc2c1Br,unlabeled
1362771960,100,2c51476c6fa3121c5dfc,505,O=Cc1ccc2ccccc2c1Br,unlabeled
1362771960,100,5a9449a7562d442b8669,506,O=Cc1ccc2ccccc2c1Br,unlabeled
1362771960,100,2cbca950d64fdcd81660,507,O=Cc1ccc2ccccc2c1Br,unlabeled
1362771960,100,fb1fdaa4bc60434648f7,508,O=Cc1ccc2ccccc2c1Br,unlabeled
1362771960,100,9e46dbe8a460d3f96a27,509,O=C(/C=C/c1ccccc1)c1ccccc1,gradient_train
1362771960,100,31e75b850983502aa64f,510,O=C(/C=C/c1ccccc1)c1ccccc1,unlabeled
1362771960,100,b566ed83f272904657ba,511,O=C(/C=C/c1ccccc1)c1ccccc1,unlabeled
1362771960,100,c2be1e8f7c2c080f49f5,512,O=C(/C=C/c1ccccc1)c1ccccc1,unlabeled
1362771960,100,fde2d968ab29d13d4f1d,513,O=C(/C=C/c1ccccc1)c1ccccc1,gradient_train
1362771960,100,240da69c823911ff5ccc,514,O=C(/C=C/c1ccccc1)c1ccccc1,unlabeled
1362771960,100,b2b26956a788c2a8c7e9,515,O=C(/C=C/c1ccccc1)c1ccccc1,unlabeled
1362771960,100,f3b80f5fe97d26fd8383,516,O=C(/C=C/c1ccccc1)/C=C/c1ccccc1,unlabeled
1362771960,100,d60f7e6b21ea96567843,517,O=C(/C=C/c1ccccc1)/C=C/c1ccccc1,unlabeled
1362771960,100,bb61793cbbbe2bfa4e12,518,O=C(/C=C/c1ccccc1)/C=C/c1ccccc1,test
1362771960,100,d078d930aa37448ec4aa,519,O=C(/C=C/c1ccccc1)/C=C/c1ccccc1,unlabeled
1362771960,100,8cd132f293d2823adc8d,520,O=C(/C=C/c1ccccc1)/C=C/c1ccccc1,unlabeled
1362771960,100,88f58ab7b7cf02f8f134,521,O=C(/C=C/c1ccccc1)/C=C/c1ccccc1,unlabeled
1362771960,100,17bdb259a18419ca296f,522,O=C(/C=C/c1ccccc1)/C=C/c1ccccc1,unlabeled
1362771960,100,77c599d272254892b6ec,523,CC1CCC(=O)c2ccccc21,test
1362771960,100,b393af61f6769ceccbc0,524,CC1CCC(=O)c2ccccc21,test
1362771960,100,49668be051b44a819f00,525,CC1CCC(=O)c2ccccc21,unlabeled
1362771960,100,ffa86b2ffa5ac89b0720,526,CC1CCC(=O)c2ccccc21,unlabeled
1362771960,100,43aa4f12be94a8a96b35,527,CC1CCC(=O)c2ccccc21,unlabeled
1362771960,100,c09fbafa246c8d17b677,528,CC1CCC(=O)c2ccccc21,unlabeled
1362771960,100,f38afd5febe30c01c852,529,CC1CCC(=O)c2ccccc21,unlabeled
1362771960,100,490ab56dde175e9b97f5,530,O=C(Cc1ccccc1F)C1CC1,unlabeled
1362771960,100,3156893d5d2368c286a5,531,O=C(Cc1ccccc1F)C1CC1,gradient_train
1362771960,100,5ca73775e77c8e07812b,532,O=C(Cc1ccccc1F)C1CC1,unlabeled
1362771960,100,e90e636dced92c2b53d7,533,O=C(Cc1ccccc1F)C1CC1,unlabeled
1362771960,100,21e4905ef98fba65035a,534,O=C(Cc1ccccc1F)C1CC1,unlabeled
1362771960,100,2eda4e5a40a9021016cb,535,O=C(Cc1ccccc1F)C1CC1,unlabeled
1362771960,100,9c357cc9e9b8199eb1e0,536,O=C(Cc1ccccc1F)C1CC1,unlabeled
1362771960,100,51091e7a7f83732eaf1b,537,CCC(=O)c1cccc(Br)c1,unlabeled
1362771960,100,71577790a52cb379d81f,538,CCC(=O)c1cccc(Br)c1,unlabeled
1362771960,100,e3b2ac778da2b86aa873,539,CCC(=O)c1cccc(Br)c1,unlabeled
1362771960,100,1046fdfaf24728b107ba,540,CCC(=O)c1cccc(Br)c1,gradient_train
1362771960,100,2e10d8b186d86053260f,541,CCC(=O)c1cccc(Br)c1,test
1362771960,100,5111664a952a4ab7d54e,542,CCC(=O)c1cccc(Br)c1,validation
1362771960,100,ffcab07e0d31056e0d4a,543,CCC(=O)c1cccc(Br)c1,unlabeled
1362771960,100,b6bb9be5584029502820,544,COCCCCC(=O)c1ccc(C(F)(F)F)cc1,gradient_train
1362771960,100,60a000cb56517513c4d2,545,COCCCCC(=O)c1ccc(C(F)(F)F)cc1,test
1362771960,100,677c30b5727454c7a81e,546,COCCCCC(=O)c1ccc(C(F)(F)F)cc1,test
1362771960,100,94bc1858c275dcb3d476,547,COCCCCC(=O)c1ccc(C(F)(F)F)cc1,unlabeled
1362771960,100,06c29062334b43b0d12f,548,COCCCCC(=O)c1ccc(C(F)(F)F)cc1,unlabeled
1362771960,100,80e66bd0e8e9450537bb,549,COCCCCC(=O)c1ccc(C(F)(F)F)cc1,unlabeled
1362771960,100,b82c7c8060589ec1974b,550,CCCC(=O)c1ccc(-c2ccccc2)cc1,unlabeled
1362771960,100,57e291b74a249c9dd3ff,551,CCCC(=O)c1ccc(-c2ccccc2)cc1,test
1362771960,100,7d6bcd84e5a6861fc8fc,552,CCCC(=O)c1ccc(-c2ccccc2)cc1,gradient_train
1362771960,100,2d37adf0d65a19bc2c0c,553,CCCC(=O)c1ccc(-c2ccccc2)cc1,gradient_train
1362771960,100,3c892a45de6ec4625f37,554,CCCC(=O)c1ccc(-c2ccccc2)cc1,unlabeled
1362771960,100,e2c826d98b2bbeb6f48b,555,CCCC(=O)c1ccc(-c2ccccc2)cc1,gradient_train
1362771960,100,ce61c0bd799e65402b75,556,CCCC(=O)c1ccc(-c2ccccc2)cc1,unlabeled
1362771960,100,0f05b5ba6eb528d54b4b,557,O=C(c1ccccc1)c1cccc(C(=O)c2ccccc2)c1,unlabeled
1362771960,100,c4412adf038c7f6ea3c2,558,O=C(c1ccccc1)c1cccc(C(=O)c2ccccc2)c1,unlabeled
1362771960,100,182fc7fe888dbb9535bb,559,O=C(c1ccccc1)c1cccc(C(=O)c2ccccc2)c1,unlabeled
1362771960,100,8abf9c0719e2d67a22f9,560,O=C(c1ccccc1)c1cccc(C(=O)c2ccccc2)c1,unlabeled
1362771960,100,b8a4c06710d95c33cfe1,561,O=C(c1ccccc1)c1cccc(C(=O)c2ccccc2)c1,unlabeled
1362771960,100,7e451fd74af5bfa51ac9,562,O=C(c1ccccc1)c1cccc(C(=O)c2ccccc2)c1,unlabeled
1362771960,100,07e9bc7a9d27fdd58c2f,563,O=C(c1ccccc1)c1cccc(C(=O)c2ccccc2)c1,unlabeled
1362771960,100,2f828b7aa8c3e93352da,564,CCC(=O)c1cccnc1,unlabeled
1362771960,100,4365d2fb106c18823aac,565,CCC(=O)c1cccnc1,test
1362771960,100,4c6a8ef1c87748df99f2,566,CCC(=O)c1cccnc1,test
1362771960,100,aca0ef1613a0a07a0431,567,O=C(CCCCl)c1ccc(F)cc1,unlabeled
1362771960,100,f98f5943ca73a5b809a1,568,O=C(CCCCl)c1ccc(F)cc1,unlabeled
1362771960,100,405638494c5a95206866,569,O=C(CCCCl)c1ccc(F)cc1,gradient_train
1362771960,100,76e188b0e48b99f36582,570,O=C(CCCCl)c1ccc(F)cc1,test
1362771960,100,26aa0143305ac532a560,571,O=C(CCCCl)c1ccc(F)cc1,test
1362771960,100,283be89c092cfa4a5cbb,572,O=C(CCCCl)c1ccc(F)cc1,unlabeled
1362771960,100,0ffc20c3f979502b8a09,573,O=C(CCCCl)c1ccc(F)cc1,unlabeled
