epoch,train_loss,validation_V1_rmse,validation_V1_mae,validation_V1_r2,validation_V1_q10_q90_coverage,validation_V1_interval_width,validation_V1_mean_pinball_loss,validation_V1_quantile_crossing_rate,validation_V2_rmse,validation_V2_mae,validation_V2_r2,validation_V2_q10_q90_coverage,validation_V2_interval_width,validation_V2_mean_pinball_loss,validation_V2_quantile_crossing_rate,validation_within_target_quantile_crossing_rate,validation_q50_V1_gt_q50_V2_rate,validation_V1_q90_gt_V2_q10_rate,validation_combined_normalized_rmse,validation_all_outputs_finite
1,671.1957397460938,11.027956008911133,7.575879096984863,-0.8545792102813721,0.0,1.508129358291626,3.4927443811717707,0.0,24.44322967529297,17.538665771484375,-1.0509989261627197,0.0,1.6151093244552612,8.505154334390776,0.0,0.0,0.6081730769230769,1.0,1.4838803864449752,True
2,609.9620361328125,10.561941146850586,6.9161763191223145,-0.7011508941650391,0.0,1.7262818813323975,3.093582194327162,0.0,23.67686653137207,16.498048782348633,-0.9244059324264526,0.0,1.8281443119049072,7.945368625682134,0.0,0.0,0.19951923076923078,1.0,1.4299961340565188,True
3,588.3501281738281,10.223457336425781,6.385412216186523,-0.593862771987915,0.002403846153846154,1.8207238912582397,2.787578239158178,0.0,22.9431095123291,15.430280685424805,-0.8069778680801392,0.0,1.752989411354065,7.419841887782782,0.0,0.0,0.0,1.0,1.384998892372435,True
4,552.11279296875,10.043231964111328,6.0764946937561035,-0.5381630659103394,0.04567307692307692,1.869209885597229,2.607999514769285,0.0,22.492624282836914,14.737970352172852,-0.7367147207260132,0.0,1.6042094230651855,7.084356220334003,0.0,0.0,0.0,0.9783653846153846,1.359056055289215,True
5,535.5831146240234,9.903115272521973,5.852663516998291,-0.49554359912872314,0.1658653846153846,1.948781132698059,2.468749014966381,0.0,22.184803009033203,14.257725715637207,-0.6895045042037964,0.004807692307692308,1.5700416564941406,6.83565676420545,0.0,0.0,0.0,0.9519230769230769,1.3402937561823522,True
6,529.4219665527344,9.742658615112305,5.59026575088501,-0.44747257232666016,0.3125,2.0583860874176025,2.3188526575572976,0.0,21.930879592895508,13.859416961669922,-0.6510504484176636,0.009615384615384616,1.6473910808563232,6.600134281833202,0.0,0.0,0.0,0.9567307692307693,1.322081413447009,True
7,511.8357238769531,9.57878303527832,5.306448936462402,-0.3991878032684326,0.4567307692307692,2.1874465942382812,2.17972434165004,0.0,21.69746208190918,13.488337516784668,-0.6160920858383179,0.02403846153846154,1.775684118270874,6.362698009457344,0.0,0.0,0.0,0.9711538461538461,1.3043527297675352,True
8,504.81524658203125,9.426827430725098,5.032665729522705,-0.35514724254608154,0.5817307692307693,2.327918529510498,2.0667903041419313,0.0,21.474563598632812,13.130573272705078,-0.58305823802948,0.038461538461538464,1.931617259979248,6.124998085277203,0.0,0.0,0.0,0.9903846153846154,1.287709331911475,True
9,493.3484191894531,9.287901878356934,4.77397346496582,-0.3154991865158081,0.6442307692307693,2.473571300506592,1.9725680550321556,0.0,21.260284423828125,12.783040046691895,-0.5516238212585449,0.08413461538461539,2.099966526031494,5.894278676081926,0.0,0.0,0.0,0.9975961538461539,1.2721507774350695,True
10,477.7718963623047,9.160781860351562,4.541057109832764,-0.27973616123199463,0.6514423076923077,2.620701789855957,1.8941655194721163,0.0,21.05387306213379,12.443779945373535,-0.5216410160064697,0.15625,2.275214195251465,5.678395127638792,0.0,0.0,0.0,0.9975961538461539,1.2575739281279246,True
11,456.46270751953125,9.042607307434082,4.3409271240234375,-0.246931791305542,0.6105769230769231,2.7686779499053955,1.8286774038504332,0.0,20.855085372924805,12.113901138305664,-0.49304258823394775,0.19951923076923078,2.458028554916382,5.4772221489976625,0.0,0.0,0.0,1.0,1.2437955581876077,True
12,458.3263854980469,8.934468269348145,4.189712047576904,-0.21728646755218506,0.5456730769230769,2.918532371520996,1.7807286292887652,0.0,20.663448333740234,11.794987678527832,-0.4657294750213623,0.2620192307692308,2.6503827571868896,5.291264111988055,0.0,0.0,0.0,1.0,1.2308632443745664,True
13,448.8344421386719,8.835469245910645,4.08415412902832,-0.1904594898223877,0.46153846153846156,3.0709903240203857,1.7497881229680319,0.0,20.478126525878906,11.491580963134766,-0.439556360244751,0.2980769230769231,2.852724552154541,5.120355576544236,0.0,0.0,0.0,1.0,1.2186933290573598,True
14,439.8941192626953,8.745244026184082,4.01575231552124,-0.16627037525177002,0.3870192307692308,3.226285457611084,1.7319940949097656,0.0,20.29830551147461,11.203989028930664,-0.41438543796539307,0.3293269230769231,3.062521457672119,4.965596735783113,0.0,0.0,0.0,1.0,1.2072351103977736,True
15,432.55018615722656,8.662538528442383,3.97947096824646,-0.14431524276733398,0.3245192307692308,3.3837053775787354,1.725362061747374,0.0,20.12406349182129,10.93680477142334,-0.3902074098587036,0.33413461538461536,3.278501033782959,4.825704805514752,0.0,0.0,0.0,1.0,1.1964152901157927,True
16,417.25489807128906,8.58464241027832,3.9653751850128174,-0.12382793426513672,0.29086538461538464,3.5419275760650635,1.7271887016984135,0.0,19.9556884765625,10.696990966796875,-0.36704134941101074,0.3317307692307692,3.5001275539398193,4.702095319254276,0.0,0.0,0.0,1.0,1.1860810548201555,True
17,415.4424285888672,8.511850357055664,3.9673562049865723,-0.1048499345779419,0.25,3.6990694999694824,1.7340816401900394,0.0,19.793222427368164,10.480836868286133,-0.3448728322982788,0.33653846153846156,3.7250125408172607,4.5941744769230874,0.0,0.0,0.0,1.0,1.1762512923525648,True
18,409.5657043457031,8.442298889160156,3.9856960773468018,-0.0868680477142334,0.19951923076923078,3.8554773330688477,1.745316451940781,0.0,19.636669158935547,10.288677215576172,-0.32368266582489014,0.3269230769230769,3.9519007205963135,4.499868581195672,0.0,0.0,0.0,0.9975961538461539,1.1668146538331234,True
19,405.90150451660156,8.37622356414795,4.0095295906066895,-0.06992137432098389,0.18990384615384615,4.01202917098999,1.7576324835037571,0.0,19.486074447631836,10.123067855834961,-0.30345773696899414,0.3076923076923077,4.178974628448486,4.418014218180608,0.0,0.0,0.0,0.9975961538461539,1.1577867430981048,True
20,393.5521697998047,8.312922477722168,4.041788578033447,-0.05381119251251221,0.16105769230769232,4.172883033752441,1.7699484835068386,0.0,19.34099769592285,9.97848129272461,-0.28412115573883057,0.28846153846153844,4.4054975509643555,4.3462969688268815,0.0,0.0,0.0,0.9951923076923077,1.149110737684473,True
21,389.48211669921875,8.25444221496582,4.072457313537598,-0.03903651237487793,0.15865384615384615,4.34236478805542,1.778965374063223,0.0,19.20116424560547,9.855072021484375,-0.26561999320983887,0.28846153846153844,4.628310203552246,4.284888377747475,0.0,0.0,0.0,0.9951923076923077,1.1408996829418223,True
22,393.1717071533203,8.198835372924805,4.10167932510376,-0.025084614753723145,0.15625,4.52574348449707,1.7826100984827065,0.0,19.06670570373535,9.753747940063477,-0.24795687198638916,0.28125,4.846939563751221,4.236374318332244,0.0,0.0,0.0,0.9831730769230769,1.133041648407597,True
23,377.2462615966797,8.14633560180664,4.126883506774902,-0.011998772621154785,0.15865384615384615,4.729715347290039,1.7786879309094867,0.0,18.936918258666992,9.667838096618652,-0.23102498054504395,0.2692307692307692,5.061661720275879,4.1963344019574995,0.0,0.0,0.0,0.9567307692307693,1.125526891143129,True
24,366.68284606933594,8.096171379089355,4.14401912689209,0.00042641162872314453,0.1778846153846154,4.9619903564453125,1.764648410983575,0.0,18.81203269958496,9.596014976501465,-0.21484172344207764,0.25,5.271529197692871,4.1621832146858555,0.0,0.0,0.0,0.9182692307692307,1.1183170931252284,True
25,375.54685974121094,8.048090934753418,4.152237415313721,0.012263476848602295,0.20192307692307693,5.2290873527526855,1.7395769545283075,0.0,18.69203758239746,9.5343656539917,-0.1993931531906128,0.24519230769230768,5.477477550506592,4.132249312828749,0.0,0.0,0.0,0.8677884615384616,1.1113968183943324,True
26,369.1478576660156,8.000093460083008,4.149487018585205,0.024009764194488525,0.24759615384615385,5.536194801330566,1.7050802135505738,0.0,18.57634735107422,9.476835250854492,-0.18459224700927734,0.24519230769230768,5.67787504196167,4.103671408922244,0.0,0.0,0.0,0.8221153846153846,1.104626621310397,True
27,360.7255554199219,7.950211048126221,4.135497570037842,0.03614276647567749,0.3125,5.883212566375732,1.6632579903763072,0.0,18.464635848999023,9.42275619506836,-0.17038774490356445,0.24519230769230768,5.87200927734375,4.075504787304462,0.0,0.0,0.0,0.78125,1.097877738633593,True
28,354.2122039794922,7.899084568023682,4.10542106628418,0.04849976301193237,0.3870192307692308,6.259486198425293,1.6167860477016522,0.0,18.356029510498047,9.364988327026367,-0.15665984153747559,0.25240384615384615,6.059989929199219,4.044462411755171,0.0,0.0,0.0,0.7331730769230769,1.0911591291310625,True
29,355.17091369628906,7.846954822540283,4.0722832679748535,0.06101715564727783,0.4735576923076923,6.647397994995117,1.573607864861305,0.0,18.250043869018555,9.307119369506836,-0.14334166049957275,0.2403846153846154,6.250133991241455,4.007492895615407,0.0,0.0,0.0,0.7043269230769231,1.0844689962067282,True
30,344.1464080810547,7.79649019241333,4.044357776641846,0.0730556845664978,0.5528846153846154,7.030221939086914,1.5363471475931314,0.0,18.145408630371094,9.24489688873291,-0.13026869297027588,0.24519230769230768,6.454988956451416,3.9637924705942478,0.0,0.0,0.0,0.6706730769230769,1.077924090534918,True
31,346.81715393066406,7.751373767852783,4.017990589141846,0.08375269174575806,0.6610576923076923,7.382663249969482,1.508385483872814,0.0,18.042274475097656,9.176076889038086,-0.11745691299438477,0.25721153846153844,6.679238319396973,3.9097902377828575,0.0,0.0,0.0,0.6514423076923077,1.0717494470243683,True
32,346.8451843261719,7.713423728942871,3.991274833679199,0.09270250797271729,0.7259615384615384,7.6639180183410645,1.4908395451230878,0.0,17.94220733642578,9.091826438903809,-0.10509598255157471,0.27403846153846156,6.919768333435059,3.8401656825190935,0.0,0.0,0.0,0.6201923076923077,1.0661064952792274,True
33,325.6112365722656,7.667307376861572,3.9965193271636963,0.10351884365081787,0.7668269230769231,7.896003723144531,1.482932393042705,0.0,17.84406852722168,9.011184692382812,-0.093039870262146,0.3317307692307692,7.216736793518066,3.7714636861895903,0.0,0.0,0.0,0.6538461538461539,1.0600405656666823,True
34,323.64564514160156,7.614494323730469,4.023627758026123,0.11582648754119873,0.7836538461538461,8.12795639038086,1.4791116873614298,0.0,17.74672508239746,8.952213287353516,-0.08114683628082275,0.35336538461538464,7.597717761993408,3.7158589259554176,0.0,0.0,0.0,0.7475961538461539,1.0536016236967467,True
35,322.7388458251953,7.594842433929443,4.054368495941162,0.12038445472717285,0.7908653846153846,8.3485107421875,1.4805571181651873,0.0,17.65494728088379,8.910898208618164,-0.06999337673187256,0.3701923076923077,8.037684440612793,3.669617803241962,0.0,0.0,0.0,0.8125,1.0493315114073314,True
36,320.63926696777344,7.529597759246826,4.062930107116699,0.13543248176574707,0.8004807692307693,8.457999229431152,1.469322682114748,0.0,17.55754280090332,8.864096641540527,-0.05821943283081055,0.4254807692307692,8.460897445678711,3.613429187008968,0.0,0.0,0.0,0.8605769230769231,1.0421477292986716,True
37,316.53302001953125,7.488228797912598,4.099822521209717,0.14490646123886108,0.7956730769230769,8.619559288024902,1.4689087344954412,0.0,17.464872360229492,8.828786849975586,-0.04707813262939453,0.45913461538461536,8.954713821411133,3.566436301401029,0.0,0.0,0.0,0.9086538461538461,1.0365500665483884,True
38,309.6881408691406,7.424524784088135,4.101654529571533,0.15939360857009888,0.78125,8.681761741638184,1.4578547068799916,0.0,17.379281997680664,8.785558700561523,-0.03684043884277344,0.5024038461538461,9.40263843536377,3.528051250179609,0.0,0.0,0.0,0.9206730769230769,1.0298601749149265,True
39,307.2859191894531,7.421321392059326,4.018682479858398,0.16011881828308105,0.8076923076923077,8.641114234924316,1.4430910256810676,0.0,17.306406021118164,8.723036766052246,-0.02816307544708252,0.5432692307692307,9.820366859436035,3.4708554596855095,0.0,0.0,0.0,0.9278846153846154,1.0272068615292416,True
40,305.556884765625,7.3356499671936035,4.057652473449707,0.1793980598449707,0.7668269230769231,8.577386856079102,1.4364672975662427,0.0,17.22853660583496,8.705923080444336,-0.01893150806427002,0.5649038461538461,10.155582427978516,3.46526744812727,0.0,0.0,0.0,0.9495192307692307,1.0194710355937573,True
41,302.3331298828125,7.368293762207031,4.054615020751953,0.17207837104797363,0.7884615384615384,8.591238975524902,1.4367956169331684,0.0,17.144405364990234,8.628253936767578,-0.009004354476928711,0.6033653846153846,10.595969200134277,3.3944250965347655,0.0,0.0,0.0,0.9423076923076923,1.018573363334405,True
42,300.1754150390625,7.242880344390869,4.050466537475586,0.2000221610069275,0.7307692307692307,8.51150131225586,1.4215170144079587,0.0,17.065752029418945,8.644933700561523,0.00023233890533447266,0.6009615384615384,10.85089111328125,3.399903708772782,0.0,0.0,0.0,0.9495192307692307,1.0084453774777447,True
43,292.04335021972656,7.256825923919678,4.00764274597168,0.19693845510482788,0.7668269230769231,8.48734188079834,1.407745981044494,0.0,16.96225357055664,8.49174690246582,0.012322068214416504,0.6322115384615384,11.212724685668945,3.315469053693307,0.0,0.0,0.0,0.9495192307692307,1.0057710271298483,True
44,300.1530303955078,7.182466506958008,4.053750038146973,0.21331191062927246,0.6971153846153846,8.37789249420166,1.419899630517914,0.0,16.908308029174805,8.521872520446777,0.01859426498413086,0.6201923076923077,11.365774154663086,3.335797691287903,0.0,0.0,0.0,0.9543269230769231,0.9995219763094092,True
45,293.08604431152344,7.139172077178955,3.8618111610412598,0.22276723384857178,0.7451923076923077,7.898259162902832,1.377511204435275,0.0,16.84349822998047,8.428549766540527,0.026103317737579346,0.6442307692307693,11.239323616027832,3.2953314657394706,0.0,0.0,0.0,0.9350961538461539,0.9947555905964881,True
46,286.75074768066406,7.1234660148620605,3.9797322750091553,0.22618335485458374,0.6899038461538461,8.177266120910645,1.396646362485794,0.0,16.704933166503906,8.287885665893555,0.04206132888793945,0.6682692307692307,11.704366683959961,3.223184273372858,0.0,0.0,0.0,0.9399038461538461,0.9891274301329996,True
47,285.6334991455078,7.084784030914307,4.0368852615356445,0.23456448316574097,0.6778846153846154,8.305930137634277,1.4048942713019175,0.0,16.638826370239258,8.339118003845215,0.04962813854217529,0.6538461538461539,11.995015144348145,3.2222113023392662,0.0,0.0,0.0,0.9519230769230769,0.9845891782231192,True
48,284.22314453125,7.068423271179199,4.150177955627441,0.23809558153152466,0.6442307692307693,8.545348167419434,1.4201321938958689,0.0,16.527467727661133,8.288232803344727,0.06230658292770386,0.6514423076923077,12.349031448364258,3.174420530043351,0.0,0.0,0.0,0.9567307692307693,0.9798480065540606,True
49,279.123779296875,7.0462565422058105,4.157659530639648,0.24286681413650513,0.6514423076923077,8.449039459228516,1.4219835160443415,0.0,16.47080421447754,8.260954856872559,0.06872516870498657,0.6514423076923077,12.345580101013184,3.166031898290683,0.0,0.0,0.0,0.9471153846153846,0.9766118398921173,True
50,281.5492858886719,6.960256576538086,3.923161506652832,0.261235773563385,0.6971153846153846,8.100164413452148,1.3644189274463896,0.0,16.351634979248047,8.03628921508789,0.08215242624282837,0.7043269230769231,12.089588165283203,3.0831095851002592,0.0,0.0,0.0,0.9302884615384616,0.9674616068637916,True
51,280.1486053466797,6.929027080535889,3.8325345516204834,0.2678503394126892,0.7043269230769231,7.925732135772705,1.3462769998953892,0.0,16.294126510620117,7.9938554763793945,0.0885971188545227,0.6995192307692307,11.957164764404297,3.0714917974976395,0.0,0.0,0.0,0.9254807692307693,0.9636579762188356,True
52,276.5466613769531,6.935176849365234,3.8420674800872803,0.26655006408691406,0.7019230769230769,7.8499979972839355,1.3542431397888903,0.0,16.26230239868164,7.986716270446777,0.09215378761291504,0.6706730769230769,11.856973648071289,3.069819171860432,0.0,0.0,0.0,0.9206730769230769,0.962945961372315,True
53,270.5329895019531,6.985030651092529,3.877549409866333,0.25596731901168823,0.6947115384615384,7.547133922576904,1.3760686968572629,0.0,16.24540138244629,7.9167914390563965,0.0940396785736084,0.6754807692307693,11.468613624572754,3.059564796854288,0.0,0.0,0.0,0.9182692307692307,0.9653481010888836,True
54,264.80577087402344,6.975536346435547,3.829242467880249,0.2579885721206665,0.7043269230769231,7.42357873916626,1.3673952849056477,0.0,16.201337814331055,7.9012064933776855,0.09894770383834839,0.6730769230769231,11.28738021850586,3.057544204688225,0.0,0.0,0.0,0.9014423076923077,0.9632949101432834,True
55,269.9170684814453,6.869924545288086,3.8549678325653076,0.2802870273590088,0.6995192307692307,7.828272819519043,1.3480397279923542,0.0,16.04184913635254,7.855784893035889,0.11660051345825195,0.6658653846153846,11.646885871887207,2.994581566273402,0.0,0.0,0.0,0.9038461538461539,0.9516054398863937,True
56,267.731689453125,6.835078716278076,3.8172223567962646,0.28756970167160034,0.6923076923076923,7.809501647949219,1.3390163300224605,0.0,15.96075439453125,7.7736053466796875,0.12550956010818481,0.6875,11.57938003540039,2.9573434187242618,0.0,0.0,0.0,0.8822115384615384,0.9467879076237459,True
57,262.6072998046875,6.854117393493652,3.7996532917022705,0.2835952043533325,0.6971153846153846,7.6058573722839355,1.3460033113566727,0.0,15.950913429260254,7.771010398864746,0.12658756971359253,0.6802884615384616,11.287425994873047,2.9733605338212774,0.0,0.0,0.0,0.8653846153846154,0.9475922569302343,True
58,255.06621551513672,6.882275581359863,3.798692464828491,0.27769696712493896,0.6971153846153846,7.560300827026367,1.3566415377916434,0.0,15.93044376373291,7.738712787628174,0.12882786989212036,0.6706730769230769,11.161518096923828,2.9634468960456357,0.0,0.0,0.0,0.8629807692307693,0.9485877360950782,True
59,252.67432403564453,6.818475246429443,3.7339742183685303,0.29102665185928345,0.6995192307692307,7.626157283782959,1.3311610456651601,0.0,15.846024513244629,7.690433025360107,0.13803648948669434,0.6826923076923077,11.182887077331543,2.9327467300188848,0.0,0.0,0.0,0.8509615384615384,0.9419247654313329,True
60,261.1574401855469,6.749796390533447,3.739976167678833,0.30523693561553955,0.7139423076923077,7.8983378410339355,1.3178457684337328,0.0,15.729100227355957,7.6479949951171875,0.15070998668670654,0.6634615384615384,11.422760009765625,2.8933874559708133,0.0,0.0,0.0,0.8509615384615384,0.9338770092158328,True
61,249.5819854736328,6.711016654968262,3.7106173038482666,0.3131972551345825,0.7235576923076923,7.846632957458496,1.3094484702707865,0.0,15.665555953979492,7.615629196166992,0.15755832195281982,0.6730769230769231,11.341313362121582,2.874371089022129,0.0,0.0,0.0,0.8293269230769231,0.9294172467811912,True
62,249.20742797851562,6.679362773895264,3.703314781188965,0.3196609616279602,0.7043269230769231,7.904788017272949,1.3032870928255413,0.0,15.588189125061035,7.566108703613281,0.16585880517959595,0.6826923076923077,11.379435539245605,2.846623073938565,0.0,0.0,0.0,0.8197115384615384,0.9249160294804847,True
63,241.280517578125,6.612706661224365,3.726731538772583,0.33317190408706665,0.7163461538461539,8.239568710327148,1.2897363511320108,0.0,15.462722778320312,7.5578508377075195,0.17923235893249512,0.6706730769230769,11.730043411254883,2.814612390846014,0.0,0.0,0.0,0.8269230769230769,0.9167026841028835,True
64,248.528076171875,6.566006660461426,3.7780442237854004,0.3425571322441101,0.7259615384615384,8.613895416259766,1.2847011915193154,0.0,15.372403144836426,7.622398853302002,0.188792884349823,0.6442307692307693,12.181936264038086,2.806461141965328,0.0,0.0,0.0,0.8413461538461539,0.9108671154969108,True
65,239.96306610107422,6.560473918914795,3.7952215671539307,0.34366464614868164,0.7115384615384616,8.844528198242188,1.2850974553001997,0.0,15.320347785949707,7.679142951965332,0.19427752494812012,0.6394230769230769,12.479593276977539,2.8078278537935173,0.0,0.0,0.0,0.8701923076923077,0.9087779632965414,True
66,241.34458923339844,6.686474323272705,4.131013870239258,0.3182114362716675,0.6875,9.368897438049316,1.3726356908105886,0.0,15.426261901855469,8.12651538848877,0.18309861421585083,0.6033653846153846,13.124509811401367,2.9589824376006924,0.0,0.0,0.0,0.8629807692307693,0.9198866870291708,True
67,237.17850494384766,6.578652858734131,3.9567387104034424,0.3400222659111023,0.7067307692307693,9.325687408447266,1.3239732660257664,0.0,15.264989852905273,7.894067764282227,0.20008975267410278,0.5961538461538461,13.260787010192871,2.85907838636866,0.0,0.0,0.0,0.8725961538461539,0.9079965994580395,True
68,244.95933532714844,6.656418323516846,3.8454625606536865,0.3243269920349121,0.6826923076923077,8.289027214050293,1.324423469392917,0.0,15.379735946655273,7.7111711502075195,0.18801873922348022,0.6129807692307693,12.008926391601562,2.856323024764275,0.0,0.0,0.0,0.84375,0.9165186962915636,True
69,238.85030364990234,6.653475284576416,3.87143874168396,0.3249242901802063,0.6850961538461539,8.323360443115234,1.3372272695486362,0.0,15.287169456481934,7.5659003257751465,0.1977635622024536,0.6442307692307693,11.973735809326172,2.818674315741429,0.0,0.0,0.0,0.8677884615384616,0.9132330548237602,True
70,236.02569580078125,6.669139862060547,3.933497190475464,0.32174187898635864,0.6706730769230769,8.428892135620117,1.358920383768586,0.0,15.199239730834961,7.540150165557861,0.20696574449539185,0.6682692307692307,12.094487190246582,2.798518435007487,0.0,0.0,0.0,0.8822115384615384,0.9112338128016388,True
71,229.80681610107422,6.659368991851807,3.852897882461548,0.3237277865409851,0.6850961538461539,8.251273155212402,1.3458971405927185,0.0,15.186980247497559,7.544158458709717,0.20824450254440308,0.6586538461538461,11.968036651611328,2.807794664093317,0.0,0.0,0.0,0.8701923076923077,0.9102333511380803,True
72,231.78317260742188,6.627409934997559,3.8428895473480225,0.33020317554473877,0.6875,8.448238372802734,1.330736325834042,0.0,15.109821319580078,7.465479373931885,0.21626925468444824,0.6778846153846154,12.307870864868164,2.7671728194906158,0.0,0.0,0.0,0.8798076923076923,0.9057221243533564,True
73,228.3151397705078,6.605259895324707,3.887233257293701,0.3346729278564453,0.6947115384615384,8.537088394165039,1.3271828750005135,0.0,15.046772003173828,7.472401142120361,0.22279620170593262,0.6923076923076923,12.39522647857666,2.752873905022175,0.0,0.0,0.0,0.8966346153846154,0.9022755925559912,True
74,225.06310272216797,6.613777160644531,3.836498498916626,0.3329559564590454,0.6754807692307693,8.405803680419922,1.32374199280181,0.0,15.021227836608887,7.44366455078125,0.22543281316757202,0.6754807692307693,12.19191837310791,2.7621060097637846,0.0,0.0,0.0,0.9158653846153846,0.9019380772017589,True
75,226.9824676513672,6.669788360595703,3.8609578609466553,0.3216099739074707,0.6754807692307693,8.21739387512207,1.3353735800068347,0.0,15.064114570617676,7.430460453033447,0.22100359201431274,0.6778846153846154,11.885190963745117,2.796760004567794,0.0,0.0,0.0,0.9206730769230769,0.9067657931290288,True
76,225.24179077148438,6.600074291229248,3.891179084777832,0.33571720123291016,0.6875,8.655143737792969,1.3292011359085638,0.0,14.930575370788574,7.3860955238342285,0.2347535490989685,0.6826923076923077,12.456155776977539,2.746887007699563,0.0,0.0,0.0,0.9254807692307693,0.8980844587770742,True
77,222.22994232177734,6.5540642738342285,3.983109474182129,0.3449465036392212,0.6995192307692307,9.273810386657715,1.3351010210430012,0.0,14.766580581665039,7.413017749786377,0.2514718770980835,0.6850961538461539,13.199926376342773,2.704518515139054,0.0,0.0,0.0,0.9567307692307693,0.8898297301830822,True
78,217.6783905029297,6.491223335266113,3.9921751022338867,0.35744768381118774,0.7043269230769231,9.570428848266602,1.3249663789780475,0.0,14.660850524902344,7.442237377166748,0.2621525526046753,0.6730769230769231,13.498767852783203,2.6878341503823413,0.0,0.0,0.0,0.9663461538461539,0.882490850691739,True
79,220.20806121826172,6.400071144104004,3.9229724407196045,0.3753669261932373,0.6850961538461539,9.421858787536621,1.293833046998733,0.0,14.60153579711914,7.361299991607666,0.26811081171035767,0.6923076923076923,13.199021339416504,2.6653378368188174,0.0,0.0,0.0,0.9663461538461539,0.8749884471216307,True
80,220.44432830810547,6.353829860687256,4.005621433258057,0.38436049222946167,0.6875,9.708280563354492,1.2999355758420932,0.0,14.527800559997559,7.349289894104004,0.27548402547836304,0.6658653846153846,13.435955047607422,2.6465155145105643,0.0,0.0,0.0,0.9831730769230769,0.8697291801983759,True
81,216.2462158203125,6.362687587738037,4.035492420196533,0.3826427459716797,0.6826923076923077,9.732622146606445,1.3064724628264321,0.0,14.502097129821777,7.344008445739746,0.2780454158782959,0.6730769230769231,13.38009262084961,2.6585272801037014,0.0,0.0,0.0,0.9807692307692307,0.8694044955832009,True
82,210.32577514648438,6.401087760925293,4.01521110534668,0.37516850233078003,0.71875,9.530574798583984,1.3049448609161072,0.0,14.53085708618164,7.314460277557373,0.27517908811569214,0.6706730769230769,13.050190925598145,2.676159783873038,0.0,0.0,0.0,0.9807692307692307,0.8726891412804938,True
83,207.10220336914062,6.342924118041992,4.017236709594727,0.3864719867706299,0.7163461538461539,9.732266426086426,1.2947119788004038,0.0,14.403955459594727,7.338240623474121,0.2877839207649231,0.6610576923076923,13.298941612243652,2.651717740469254,0.0,0.0,0.0,0.9903846153846154,0.8649307181198022,True
84,211.40746307373047,6.3312530517578125,4.064748764038086,0.38872772455215454,0.7091346153846154,9.995607376098633,1.2997582271886177,0.0,14.319957733154297,7.386115550994873,0.29606640338897705,0.6490384615384616,13.636849403381348,2.633371882350781,0.0,0.0,0.0,0.9927884615384616,0.8614223420238478,True
85,202.77960205078125,6.342641353607178,4.111093997955322,0.3865267038345337,0.7211538461538461,10.34153938293457,1.3111711913958572,0.0,14.253983497619629,7.42540979385376,0.3025376796722412,0.6706730769230769,14.152139663696289,2.6223403171277964,0.0,0.0,0.0,0.9903846153846154,0.8599205226938178,True
86,209.77104949951172,6.307758808135986,4.0221734046936035,0.39325594902038574,0.7307692307692307,10.13387393951416,1.2906598029610437,0.0,14.232826232910156,7.3298163414001465,0.3046066164970398,0.6610576923076923,13.886336326599121,2.609993086449611,0.0,0.0,0.0,0.9903846153846154,0.85709403052342,True
87,207.09308624267578,6.330808639526367,3.9819998741149902,0.38881349563598633,0.75,9.692426681518555,1.2780808380112434,0.0,14.286468505859375,7.311014175415039,0.29935503005981445,0.6682692307692307,13.335963249206543,2.6376838595248184,0.0,0.0,0.0,0.9831730769230769,0.8602803540080268,True
88,203.31339263916016,6.343827724456787,3.9720399379730225,0.38629716634750366,0.7740384615384616,9.788997650146484,1.2709040914781584,0.0,14.211161613464355,7.2231621742248535,0.3067220449447632,0.6947115384615384,13.597123146057129,2.596178912791686,0.0,0.0,0.0,0.9807692307692307,0.858571556595131,True
89,202.97711181640625,6.340431213378906,3.9685375690460205,0.386954128742218,0.7644230769230769,9.992654800415039,1.270526762192066,0.0,14.155684471130371,7.223830699920654,0.31212425231933594,0.6971153846153846,13.939594268798828,2.5779747654230167,0.0,0.0,0.0,0.9831730769230769,0.8565254070470361,True
90,202.54141235351562,6.306615352630615,3.951569080352783,0.39347589015960693,0.7596153846153846,9.935856819152832,1.2644133968804125,0.0,14.126379013061523,7.2682695388793945,0.3149694800376892,0.6899038461538461,13.831870079040527,2.588684265812238,0.0,0.0,0.0,0.9831730769230769,0.8534881133556741,True
91,202.6913833618164,6.263420581817627,3.976654529571533,0.40175580978393555,0.7620192307692307,10.101643562316895,1.2646414429331436,0.0,14.0603609085083,7.259644508361816,0.3213573694229126,0.6875,14.083256721496582,2.5784302873871265,0.0,0.0,0.0,0.9903846153846154,0.8486623354745505,True
92,208.16616821289062,6.246984481811523,4.036200046539307,0.4048914313316345,0.7403846153846154,10.259113311767578,1.2742031773695577,0.0,14.041011810302734,7.270390510559082,0.3232238292694092,0.6826923076923077,14.303909301757812,2.5774390243566954,0.0,0.0,0.0,0.9903846153846154,0.847018036262308,True
93,200.77303314208984,6.230430603027344,4.03741979598999,0.40804117918014526,0.7451923076923077,10.175172805786133,1.2710843269641583,0.0,13.988504409790039,7.252968788146973,0.32827603816986084,0.6802884615384616,14.204381942749023,2.573149235966878,0.0,0.0,0.0,0.9927884615384616,0.8442654184172167,True
94,199.32089233398438,6.2197346687316895,4.052607536315918,0.4100719690322876,0.7403846153846154,10.251810073852539,1.2740897812140293,0.0,13.930350303649902,7.2770819664001465,0.33384960889816284,0.6850961538461539,14.348878860473633,2.570978072858774,0.0,0.0,0.0,0.9927884615384616,0.8416831975433928,True
95,195.0638198852539,6.233725547790527,4.0254597663879395,0.40741485357284546,0.7620192307692307,10.248345375061035,1.2722500206568303,0.0,13.914487838745117,7.249081134796143,0.33536577224731445,0.6850961538461539,14.341264724731445,2.565388544171285,0.0,0.0,0.0,0.9927884615384616,0.8420124120632716,True
96,198.73041534423828,6.300634860992432,4.00662899017334,0.39462560415267944,0.7596153846153846,9.897298812866211,1.268234221656353,0.0,13.980046272277832,7.213982582092285,0.32908815145492554,0.6899038461538461,13.866086959838867,2.583305725092307,0.0,0.0,0.0,0.9879807692307693,0.8482791931924712,True
97,199.2616195678711,6.240261077880859,4.01060152053833,0.4061717391014099,0.7764423076923077,10.031347274780273,1.2600525298179723,0.0,13.900260925292969,7.187799453735352,0.3367242217063904,0.7043269230769231,14.15390396118164,2.557928349746343,0.0,0.0,0.0,0.9831730769230769,0.8419414629411796,True
98,198.36184692382812,6.210898399353027,4.036933898925781,0.4117468595504761,0.7764423076923077,10.318490982055664,1.265073418063231,0.0,13.847190856933594,7.2397685050964355,0.3417791724205017,0.6923076923076923,14.655611038208008,2.5462243728339673,0.0,0.0,0.0,0.9879807692307693,0.8383880042856703,True
99,194.7658462524414,6.235583305358887,4.014799118041992,0.4070616364479065,0.7692307692307693,10.261249542236328,1.2635351621187652,0.0,13.824201583862305,7.258175849914551,0.34396296739578247,0.6875,14.556548118591309,2.5587590371377953,0.0,0.0,0.0,0.9927884615384616,0.83914113674615,True
100,194.33943939208984,6.213852405548096,4.001469135284424,0.41118723154067993,0.7620192307692307,10.318037986755371,1.2615710939734408,0.0,13.789822578430176,7.294161319732666,0.34722191095352173,0.6947115384615384,14.606817245483398,2.5692390474753504,0.0,0.0,0.0,0.9927884615384616,0.8366723436196642,True
101,193.95134735107422,6.189774513244629,4.012202262878418,0.415741503238678,0.7692307692307693,10.387008666992188,1.260173356704987,0.0,13.736775398254395,7.2657365798950195,0.35223448276519775,0.6875,14.867445945739746,2.547651933381955,0.0,0.0,0.0,0.9807692307692307,0.8334431134959462,True
102,190.8988494873047,6.179452419281006,4.030735969543457,0.4176885485649109,0.7740384615384616,10.382680892944336,1.2617790395250688,0.0,13.70185375213623,7.257226943969727,0.3555237650871277,0.6826923076923077,15.031790733337402,2.5405442623373786,0.0,0.0,0.0,0.9663461538461539,0.8316565491142521,True
103,188.62844848632812,6.179248332977295,4.0299272537231445,0.417726993560791,0.7427884615384616,10.36636734008789,1.2631330608843991,0.0,13.660414695739746,7.28578519821167,0.359416127204895,0.6995192307692307,15.048508644104004,2.5463654118852737,0.0,0.0,0.0,0.9615384615384616,0.8302768877990565,True
104,185.82229614257812,6.164121150970459,4.040070533752441,0.4205743670463562,0.7524038461538461,10.446954727172852,1.2659338825979292,0.0,13.623031616210938,7.324092388153076,0.36291736364364624,0.6995192307692307,15.147624969482422,2.549766923754643,0.0,0.0,0.0,0.9735576923076923,0.8281143802016235,True
105,190.40065002441406,6.159839153289795,4.0425825119018555,0.42137908935546875,0.7572115384615384,10.485508918762207,1.2641687515072333,0.0,13.608561515808105,7.270243167877197,0.36427003145217896,0.7043269230769231,15.292377471923828,2.529411306996376,0.0,0.0,0.0,0.9759615384615384,0.8273740914982225,True
106,189.27418518066406,6.133442401885986,4.040416240692139,0.42632758617401123,0.75,10.480880737304688,1.261361790725436,0.0,13.570329666137695,7.268649578094482,0.3678370714187622,0.6971153846153846,15.421980857849121,2.5232308809955915,0.0,0.0,0.0,0.9639423076923077,0.8244907426988775,True
107,189.94036102294922,6.117763042449951,4.058041095733643,0.4292568564414978,0.7475961538461539,10.532320022583008,1.263265975832175,0.0,13.527546882629395,7.309037208557129,0.37181681394577026,0.6995192307692307,15.612910270690918,2.5263709064668567,0.0,0.0,0.0,0.9615384615384616,0.8221161926310587,True
108,188.86343383789062,6.189637184143066,4.139841079711914,0.41576749086380005,0.7259615384615384,10.811126708984375,1.2904917168502625,0.0,13.538206100463867,7.438866138458252,0.3708263635635376,0.6947115384615384,16.086238861083984,2.545378110309442,0.0,0.0,0.0,0.9711538461538461,0.8268982533561432,True
109,183.0643539428711,6.170398712158203,4.115424156188965,0.41939353942871094,0.7451923076923077,10.585761070251465,1.2784606389701367,0.0,13.517162322998047,7.331596374511719,0.37278085947036743,0.6995192307692307,15.851922035217285,2.5284809879385506,0.0,0.0,0.0,0.9759615384615384,0.8250184673989233,True
110,185.47203826904297,6.121735095977783,4.069735050201416,0.42851555347442627,0.7548076923076923,10.375215530395508,1.2612350513537725,0.0,13.472933769226074,7.304681777954102,0.37687867879867554,0.7043269230769231,15.662355422973633,2.5322673857594147,0.0,0.0,0.0,0.9326923076923077,0.8205619131539725,True
111,181.22846221923828,6.1021728515625,4.034845352172852,0.4321621060371399,0.7572115384615384,10.34976577758789,1.255145817116285,0.0,13.449542999267578,7.312987327575684,0.3790404796600342,0.6971153846153846,15.769219398498535,2.530412678688,0.0,0.0,0.0,0.9182692307692307,0.8185869113637195,True
112,182.3946304321289,6.142139434814453,4.048119068145752,0.424699604511261,0.7451923076923077,10.383495330810547,1.268645529448986,0.0,13.48121452331543,7.330589771270752,0.37611258029937744,0.6995192307692307,15.800500869750977,2.5423230354984603,0.0,0.0,0.0,0.9375,0.8220926471158642,True
113,180.62139892578125,6.140372276306152,4.073695659637451,0.42503052949905396,0.7379807692307693,10.386850357055664,1.2703778447057956,0.0,13.445967674255371,7.3666157722473145,0.3793705701828003,0.7043269230769231,15.890390396118164,2.543448780400631,0.0,0.0,0.0,0.9471153846153846,0.8208259178645261,True
114,189.57174682617188,6.12125301361084,4.089443683624268,0.4286055564880371,0.7379807692307693,10.466257095336914,1.2690192957146047,0.0,13.382287979125977,7.334615707397461,0.3852351903915405,0.7019230769230769,16.187992095947266,2.5158175755578736,0.0,0.0,0.0,0.9350961538461539,0.8175543783169781,True
115,180.4801788330078,6.121957778930664,4.09963321685791,0.42847394943237305,0.7355769230769231,10.546319007873535,1.2730839318954026,0.0,13.353599548339844,7.332110404968262,0.3878682255744934,0.7067307692307693,16.354610443115234,2.509007040124673,0.0,0.0,0.0,0.9086538461538461,0.8166575098479506,True
116,181.20195770263672,6.107891082763672,4.0671892166137695,0.4310973286628723,0.7427884615384616,10.397541999816895,1.2632002874444692,0.0,13.333505630493164,7.319299697875977,0.3897089958190918,0.7043269230769231,16.06075668334961,2.5161914583391103,0.0,0.0,0.0,0.9254807692307693,0.815128066163243,True
117,179.16505432128906,6.087347030639648,4.110613822937012,0.4349179267883301,0.75,10.615248680114746,1.2681112273476827,0.0,13.303339958190918,7.36000394821167,0.3924673795700073,0.7163461538461539,16.529203414916992,2.509299634740903,0.0,0.0,0.0,0.9230769230769231,0.8128677239657283,True
118,181.97109985351562,6.092113494873047,4.1156840324401855,0.434032678604126,0.7596153846153846,10.678025245666504,1.2699067475799568,0.0,13.297048568725586,7.399716854095459,0.3930419087409973,0.7043269230769231,16.824155807495117,2.5164746876901543,0.0,0.0,0.0,0.9134615384615384,0.8129564366612189,True
119,178.019287109375,6.142673969268799,4.10871696472168,0.42459940910339355,0.75,10.277141571044922,1.2716615530351798,0.0,13.378839492797852,7.398111343383789,0.38555198907852173,0.6995192307692307,16.18558120727539,2.547940963239242,0.0,0.0,0.0,0.9086538461538461,0.8187676442671806,True
120,179.1212921142578,6.132791042327881,4.082608222961426,0.42644941806793213,0.75,10.046131134033203,1.2628712707987195,0.0,13.38440990447998,7.391999244689941,0.3850402235984802,0.6923076923076923,15.8553466796875,2.5551037127199843,0.0,0.0,0.0,0.9014423076923077,0.81833793801462,True
121,178.27015686035156,6.085206985473633,4.1093621253967285,0.43531525135040283,0.7620192307692307,10.416400909423828,1.2647647679998324,0.0,13.260132789611816,7.392209053039551,0.39640724658966064,0.71875,16.610801696777344,2.513800593331838,0.0,0.0,0.0,0.9110576923076923,0.8113192247001237,True
122,178.53025817871094,6.083658695220947,4.122698783874512,0.4356025457382202,0.75,10.432841300964355,1.2671112123208168,0.0,13.245077133178711,7.397861003875732,0.39777714014053345,0.6971153846153846,16.76433753967285,2.5203091464363614,0.0,0.0,0.0,0.9086538461538461,0.8107302917738919,True
123,177.81561279296875,6.035806655883789,4.088815689086914,0.4444463849067688,0.7451923076923077,10.455448150634766,1.2599599661544347,0.0,13.195502281188965,7.367645740509033,0.40227681398391724,0.6971153846153846,16.816844940185547,2.5168129517672915,0.0,0.0,0.0,0.9086538461538461,0.8061427291764446,True
124,180.76376342773438,6.031147003173828,4.1222615242004395,0.445303738117218,0.7475961538461539,10.554628372192383,1.2668267578459704,0.0,13.153663635253906,7.387623310089111,0.40606123208999634,0.6971153846153846,16.969575881958008,2.516125369301209,0.0,0.0,0.0,0.9326923076923077,0.8044827885810228,True
125,178.38224029541016,6.057287216186523,4.119910717010498,0.44048500061035156,0.7548076923076923,10.375537872314453,1.2647136082633945,0.0,13.177129745483398,7.381034851074219,0.4039400815963745,0.7067307692307693,16.806602478027344,2.5179519813603313,0.0,0.0,0.0,0.9302884615384616,0.806871194357235,True
126,173.8747100830078,6.050603866577148,4.105222702026367,0.441719114780426,0.7716346153846154,10.292980194091797,1.2582669763801952,0.0,13.175115585327148,7.4315185546875,0.4041222929954529,0.7019230769230769,16.88525390625,2.525181896182207,0.0,0.0,0.0,0.8918269230769231,0.8063908928057203,True
127,170.68568420410156,6.08690071105957,4.095262050628662,0.43500083684921265,0.7644230769230769,10.280319213867188,1.2668859862555295,0.0,13.239376068115234,7.5018720626831055,0.39829546213150024,0.6899038461538461,16.75363540649414,2.5450901735096405,0.0,0.0,0.0,0.9158653846153846,0.8107447234569717,True
128,172.41831970214844,6.126152038574219,4.103262424468994,0.4276905059814453,0.7644230769230769,10.103267669677734,1.2727375951523963,0.0,13.286270141601562,7.4401140213012695,0.3940255045890808,0.7067307692307693,16.502147674560547,2.5469635255443746,0.0,0.0,0.0,0.9134615384615384,0.8147145025758815,True
129,172.64128875732422,6.145027160644531,4.173096179962158,0.42415839433670044,0.7764423076923077,10.040376663208008,1.2806713038721145,0.0,13.238213539123535,7.435023307800293,0.398401141166687,0.6995192307692307,16.786134719848633,2.5315577030181884,0.0,0.0,0.0,0.8774038461538461,0.81432113816586,True
130,176.55601501464844,6.072658538818359,4.1512532234191895,0.4376416802406311,0.7548076923076923,10.373729705810547,1.2758451311825179,0.0,13.129027366638184,7.496951580047607,0.40828394889831543,0.7091346153846154,17.33742904663086,2.5210551768159255,0.0,0.0,0.0,0.9110576923076923,0.8062541825210132,True
131,173.5263442993164,6.02556037902832,4.115898609161377,0.4463309049606323,0.7524038461538461,10.38173770904541,1.264042393137247,0.0,13.101056098937988,7.477755069732666,0.41080260276794434,0.7115384615384616,17.27576446533203,2.508095295402484,0.0,0.0,0.0,0.9254807692307693,0.8024141388198046,True
132,175.2440643310547,6.010420799255371,4.109364986419678,0.44910967350006104,0.7596153846153846,10.1689453125,1.250830863358883,0.0,13.064299583435059,7.462900161743164,0.41410398483276367,0.7067307692307693,17.42816734313965,2.5035832426677906,0.0,0.0,0.0,0.8605769230769231,0.8002724244485218,True
133,168.4842300415039,6.053905487060547,4.141918182373047,0.4411095976829529,0.7692307692307693,9.99147891998291,1.2570433533344512,0.0,13.05566120147705,7.434392929077148,0.41487860679626465,0.7163461538461539,17.47486686706543,2.508337526214428,0.0,0.0,0.0,0.8341346153846154,0.8026940115649317,True
134,172.99028778076172,6.02623176574707,4.105556964874268,0.44620758295059204,0.7620192307692307,10.048053741455078,1.2525749286015828,0.0,13.02821159362793,7.446526050567627,0.41733646392822266,0.7139423076923077,17.520816802978516,2.5115748433921583,0.0,0.0,0.0,0.8485576923076923,0.8000757890835587,True
135,169.47113800048828,5.982137680053711,4.05113410949707,0.45428210496902466,0.7475961538461539,10.042243003845215,1.2463689604439794,0.0,12.990593910217285,7.47977876663208,0.4206963777542114,0.7067307692307693,17.358097076416016,2.519880389040097,0.0,0.0,0.0,0.8653846153846154,0.7961066418513448,True
136,171.97564697265625,6.054841995239258,4.112954616546631,0.44093674421310425,0.7548076923076923,10.005105018615723,1.2676198386229003,0.0,13.044377326965332,7.52202033996582,0.4158895015716553,0.7139423076923077,17.416461944580078,2.5343967573000836,0.0,0.0,0.0,0.8509615384615384,0.8023847024037035,True
137,169.9554443359375,6.115148067474365,4.176083087921143,0.4297447204589844,0.7475961538461539,10.010326385498047,1.2809660290678342,0.0,13.072393417358398,7.510893821716309,0.4133777618408203,0.7091346153846154,17.64954948425293,2.5254139803541014,0.0,0.0,0.0,0.8413461538461539,0.8070628029620592,True
138,164.98973083496094,6.115441799163818,4.244873046875,0.429689884185791,0.7572115384615384,10.2982177734375,1.2892511178667727,0.0,13.02475643157959,7.578670978546143,0.41764551401138306,0.7139423076923077,18.222566604614258,2.5258438085134216,0.0,0.0,0.0,0.8557692307692307,0.8055364131510672,True
139,170.51983642578125,6.056464672088623,4.21141242980957,0.4406369924545288,0.7716346153846154,10.274959564208984,1.2758599943457505,0.0,12.982650756835938,7.536971569061279,0.4214046597480774,0.7259615384615384,17.99074363708496,2.5135623815350043,0.0,0.0,0.0,0.8822115384615384,0.8004775456726378,True
140,169.75640869140625,6.016573905944824,4.1582489013671875,0.44798117876052856,0.7668269230769231,10.344218254089355,1.271181738930635,0.0,12.97134017944336,7.5714335441589355,0.42241227626800537,0.7211538461538461,18.10318946838379,2.5140977672659433,0.0,0.0,0.0,0.8942307692307693,0.7976199148411995,True
141,173.18218994140625,6.031413555145264,4.116970539093018,0.4452548027038574,0.7572115384615384,9.943483352661133,1.2599520647755036,0.0,12.999320030212402,7.507126808166504,0.41991788148880005,0.7163461538461539,17.702768325805664,2.519246221257326,0.0,0.0,0.0,0.8461538461538461,0.7994564353769185,True
142,167.40799713134766,6.012548923492432,4.14251708984375,0.44871950149536133,0.75,9.915980339050293,1.262690773434364,0.0,12.98171615600586,7.465952396392822,0.42148786783218384,0.7211538461538461,17.675600051879883,2.5207235931012875,0.0,0.0,0.0,0.8485576923076923,0.7977074400578473,True
143,169.0917205810547,6.0220160484313965,4.175688743591309,0.44698208570480347,0.7548076923076923,10.11434268951416,1.27056388612359,0.0,13.00015640258789,7.516242504119873,0.4198431968688965,0.7043269230769231,17.89181900024414,2.529897319258023,0.0,0.0,0.0,0.8701923076923077,0.798898253455752,True
144,171.3325653076172,6.035867214202881,4.229278564453125,0.4444352388381958,0.7475961538461539,10.118074417114258,1.2781798539826503,0.0,12.95407772064209,7.613718032836914,0.4239485263824463,0.7019230769230769,18.194124221801758,2.5418665916300736,0.0,0.0,0.0,0.8509615384615384,0.7982616717481855,True
145,167.0495376586914,6.027584075927734,4.247410297393799,0.4459589123725891,0.7451923076923077,10.049447059631348,1.2777654668650564,0.0,12.914718627929688,7.6360931396484375,0.4274437427520752,0.7115384615384616,18.12269401550293,2.542016911143676,0.0,0.0,0.0,0.8461538461538461,0.7964646812223203,True
146,165.22103881835938,6.096542835235596,4.230956077575684,0.4332094192504883,0.7572115384615384,9.829546928405762,1.2801595845474647,0.0,13.087343215942383,7.601663589477539,0.41203534603118896,0.7043269230769231,17.407358169555664,2.5567906093712036,0.0,0.0,0.0,0.8701923076923077,0.8063852113052834,True
147,168.91620635986328,6.092456340789795,4.189804553985596,0.4339689612388611,0.7475961538461539,9.807501792907715,1.279287629459913,0.0,13.056083679199219,7.5399088859558105,0.4148407578468323,0.7115384615384616,17.57392120361328,2.5323248968101466,0.0,0.0,0.0,0.8533653846153846,0.8051136791690388,True
148,168.1886978149414,6.06770133972168,4.207582950592041,0.43855947256088257,0.7668269230769231,9.90944766998291,1.277562909000195,0.0,12.934033393859863,7.5551557540893555,0.4257299304008484,0.7091346153846154,18.231992721557617,2.5161154800882706,0.0,0.0,0.0,0.8076923076923077,0.7996029804409674,True
149,163.63201141357422,6.0521016120910645,4.217581748962402,0.441442608833313,0.7620192307692307,9.805532455444336,1.2744844185809294,0.0,12.885382652282715,7.606149673461914,0.43004196882247925,0.7043269230769231,18.02410888671875,2.5265686816320967,0.0,0.0,0.0,0.8245192307692307,0.7970482898910476,True
150,165.9263458251953,6.117495059967041,4.244793891906738,0.42930686473846436,0.7740384615384616,9.725719451904297,1.283032151292532,0.0,12.950039863586426,7.6428961753845215,0.424307644367218,0.7019230769230769,17.811595916748047,2.539718448790984,0.0,0.0,0.0,0.8533653846153846,0.8032480889923087,True
151,164.1661376953125,6.0640034675598145,4.237672328948975,0.4392435550689697,0.78125,10.081258773803711,1.2810351732067573,0.0,12.86738109588623,7.642077922821045,0.4316334128379822,0.7139423076923077,18.412494659423828,2.514775589089363,0.0,0.0,0.0,0.8605769230769231,0.7972128326239779,True
152,162.53324127197266,5.990190505981445,4.220553874969482,0.45281195640563965,0.7740384615384616,10.08504581451416,1.2725768864154816,0.0,12.83953857421875,7.613879203796387,0.43409043550491333,0.71875,18.410982131958008,2.513275655874839,0.0,0.0,0.0,0.8557692307692307,0.7916841305761521,True
153,161.60419464111328,5.935117721557617,4.2355780601501465,0.462827205657959,0.75,10.079090118408203,1.2697817844076034,0.0,12.819351196289062,7.5866780281066895,0.4358685612678528,0.7235576923076923,18.34952163696289,2.5127945321301617,0.0,0.0,0.0,0.8653846153846154,0.7875914479329497,True
154,162.97164916992188,5.882142543792725,4.213071823120117,0.4723736643791199,0.7668269230769231,10.327817916870117,1.2670187443112717,0.0,12.745172500610352,7.5895843505859375,0.44237828254699707,0.71875,18.808612823486328,2.4946940742242028,0.0,0.0,0.0,0.875,0.7818751572890035,True
155,165.10822296142578,5.8615217208862305,4.2107930183410645,0.47606658935546875,0.7548076923076923,10.182469367980957,1.2597794470114587,0.0,12.69971752166748,7.60872220993042,0.4463486671447754,0.7115384615384616,18.781017303466797,2.5039962810392566,0.0,0.0,0.0,0.8485576923076923,0.7791088613168571,True
156,163.2257843017578,5.888381481170654,4.2521138191223145,0.47125381231307983,0.7596153846153846,10.14205551147461,1.2658167197345158,0.0,12.664972305297852,7.6327619552612305,0.4493740200996399,0.7115384615384616,18.907405853271484,2.5079240740682835,0.0,0.0,0.0,0.84375,0.7796485272688618,True
157,163.14239501953125,5.920809268951416,4.260262966156006,0.46541404724121094,0.7620192307692307,10.153810501098633,1.2729333686905029,0.0,12.686422348022461,7.6250104904174805,0.44750726222991943,0.7139423076923077,18.924144744873047,2.508362439083747,0.0,0.0,0.0,0.8485576923076923,0.7823714047859138,True
158,167.66030883789062,5.93495512008667,4.266951560974121,0.46285659074783325,0.7572115384615384,10.120176315307617,1.2748031925887635,0.0,12.72488784790039,7.663198471069336,0.4441518783569336,0.7067307692307693,18.911964416503906,2.5163830772997473,0.0,0.0,0.0,0.8509615384615384,0.7845056587525245,True
159,158.87300872802734,5.924813747406006,4.2442145347595215,0.4646906852722168,0.7596153846153846,10.085077285766602,1.270610361221509,0.0,12.74415111541748,7.712151527404785,0.4424676299095154,0.7139423076923077,18.809946060180664,2.5230254236322183,0.0,0.0,0.002403846153846154,0.8557692307692307,0.784498978393348,True
160,157.80034637451172,5.919857501983643,4.2143683433532715,0.46558594703674316,0.7620192307692307,9.895780563354492,1.265643549213807,0.0,12.801935195922852,7.688974380493164,0.43740034103393555,0.7067307692307693,18.395994186401367,2.531456887588287,0.0,0.0,0.002403846153846154,0.8653846153846154,0.7860735593089313,True
161,163.0940170288086,5.940948009490967,4.234848976135254,0.46177130937576294,0.7716346153846154,10.020893096923828,1.2750254795146294,0.0,12.786842346191406,7.675661563873291,0.4387260675430298,0.7211538461538461,18.703203201293945,2.515979057798783,0.0,0.0,0.002403846153846154,0.8629807692307693,0.7868953245614406,True
162,156.84832763671875,5.9341583251953125,4.255950450897217,0.4630008339881897,0.7644230769230769,9.975240707397461,1.2741513344339834,0.0,12.734217643737793,7.6804728507995605,0.44333648681640625,0.7235576923076923,18.935731887817383,2.5138483986067466,0.0,0.0,0.004807692307692308,0.8269230769230769,0.7847591774994221,True
163,157.85836029052734,5.888528823852539,4.214477062225342,0.47122734785079956,0.7788461538461539,9.97053337097168,1.2597183308540245,0.0,12.668343544006348,7.654426097869873,0.44908082485198975,0.7211538461538461,19.028329849243164,2.5015734317593084,0.0,0.0,0.002403846153846154,0.8221153846153846,0.7797674633265198,True
164,161.3765640258789,5.8597917556762695,4.160970211029053,0.4763758182525635,0.7884615384615384,9.986621856689453,1.2492344377514644,0.0,12.63863468170166,7.690898418426514,0.45166170597076416,0.7115384615384616,19.09337615966797,2.5026789892369354,0.0,0.0,0.002403846153846154,0.8365384615384616,0.7770081784736055,True
165,160.84697723388672,5.9042768478393555,4.187302112579346,0.46839529275894165,0.7836538461538461,9.984136581420898,1.2592983872175982,0.0,12.656793594360352,7.687371253967285,0.450084924697876,0.7283653846153846,19.130237579345703,2.4989310242426703,0.0,0.0,0.002403846153846154,0.8365384615384616,0.7803751382581804,True
166,160.6386260986328,5.921452522277832,4.2560319900512695,0.4652979373931885,0.7668269230769231,10.104965209960938,1.27384601844809,0.0,12.635175704956055,7.747147560119629,0.45196181535720825,0.7283653846153846,19.466747283935547,2.507634238191904,0.0,0.0,0.004807692307692308,0.8269230769230769,0.780748159335585,True
167,163.90398406982422,5.900758266448975,4.2902021408081055,0.4690287113189697,0.7740384615384616,10.091207504272461,1.275804674033171,0.0,12.602973937988281,7.688961982727051,0.4547516703605652,0.7355769230769231,19.546857833862305,2.4960544508619185,0.0,0.0,0.002403846153846154,0.8245192307692307,0.7784073966921788,True
168,160.03623962402344,5.924455165863037,4.29262638092041,0.4647555351257324,0.7788461538461539,9.86769962310791,1.2756605039804412,0.0,12.645928382873535,7.652984619140625,0.45102864503860474,0.71875,19.220861434936523,2.491225566676794,0.0,0.0,0.002403846153846154,0.8293269230769231,0.78128499554348,True
169,158.20059204101562,5.912471771240234,4.245315074920654,0.46691858768463135,0.7836538461538461,9.784017562866211,1.2690682257597263,0.0,12.638862609863281,7.658873558044434,0.45164191722869873,0.7259615384615384,19.018070220947266,2.4836613976993624,0.0,0.0,0.002403846153846154,0.8413461538461539,0.780305355237165,True
170,162.0430908203125,5.8555426597595215,4.227253437042236,0.4771348834037781,0.7836538461538461,9.913145065307617,1.2596032770971457,0.0,12.53497314453125,7.709290504455566,0.4606197476387024,0.7283653846153846,19.404579162597656,2.4803465243333425,0.0,0.0,0.0,0.8389423076923077,0.7733701765083136,True
171,153.81410217285156,5.8296732902526855,4.222021102905273,0.48174458742141724,0.7836538461538461,9.904938697814941,1.2527519931204807,0.0,12.502827644348145,7.791306018829346,0.4633826017379761,0.7307692307692307,19.533443450927734,2.486871097867305,0.0,0.0,0.004807692307692308,0.8076923076923077,0.7707083906090452,True
172,158.93649291992188,5.8033294677734375,4.187904357910156,0.4864180088043213,0.7764423076923077,9.89768123626709,1.245288675202009,0.0,12.50497817993164,7.769894123077393,0.4631980061531067,0.71875,19.455169677734375,2.4819171203443635,0.0,0.0,0.01201923076923077,0.8365384615384616,0.7691342722871877,True
173,158.44921875,5.802934646606445,4.199121952056885,0.48648786544799805,0.7740384615384616,10.097501754760742,1.2564502457586617,0.0,12.488106727600098,7.722884178161621,0.46464550495147705,0.7283653846153846,19.85859489440918,2.480067460487286,0.0,0.0,0.014423076923076924,0.8605769230769231,0.7685601614226791,True
174,155.6735610961914,5.78149938583374,4.211638450622559,0.4902745485305786,0.7644230769230769,9.871917724609375,1.2530041909370668,0.0,12.47689437866211,7.708095073699951,0.4656064510345459,0.7355769230769231,19.66979217529297,2.4832811754865523,0.0,0.0,0.016826923076923076,0.8245192307692307,0.7668588364222553,True
175,156.5162582397461,5.7511162757873535,4.194152355194092,0.49561792612075806,0.7548076923076923,9.662735939025879,1.2472367618519524,0.0,12.478902816772461,7.7631402015686035,0.46543437242507935,0.7331730769230769,19.328086853027344,2.4889022480982996,0.0,0.0,0.019230769230769232,0.8413461538461539,0.7650348153866857,True
176,160.38419342041016,5.747775077819824,4.202972412109375,0.49620378017425537,0.7668269230769231,9.80893325805664,1.250657521532132,0.0,12.443153381347656,7.775895118713379,0.4684928059577942,0.7379807692307693,19.599821090698242,2.4786152496169778,0.0,0.0,0.019230769230769232,0.8485576923076923,0.7636593305627231,True
177,158.00865936279297,5.784987449645996,4.22817325592041,0.48965924978256226,0.7596153846153846,9.688802719116211,1.255059679100911,0.0,12.492725372314453,7.79357385635376,0.46424949169158936,0.7475961538461539,19.46674919128418,2.4828587354757845,0.0,0.0,0.019230769230769232,0.8413461538461539,0.7675922505801467,True
178,157.33495330810547,5.807324409484863,4.234992980957031,0.48571062088012695,0.7572115384615384,9.527399063110352,1.2570254723039958,0.0,12.540772438049316,7.80354642868042,0.4601204991340637,0.7403846153846154,19.213899612426758,2.4891624913383756,0.0,0.0,0.019230769230769232,0.8293269230769231,0.7705498843368902,True
179,155.4978256225586,5.780887126922607,4.268209457397461,0.49038249254226685,0.78125,9.923415184020996,1.261571010106649,0.0,12.47840404510498,7.842129230499268,0.4654770493507385,0.7307692307692307,19.873971939086914,2.4926447845422306,0.0,0.0,0.016826923076923076,0.8341346153846154,0.7668699277289878,True
180,157.34734344482422,5.799676895141602,4.286351203918457,0.4870642423629761,0.7788461538461539,9.856918334960938,1.268550568016676,0.0,12.48462963104248,7.830805778503418,0.46494364738464355,0.7403846153846154,19.763944625854492,2.4956815489782733,0.0,0.0,0.016826923076923076,0.8341346153846154,0.7682437569342091,True
181,153.69869232177734,5.828845500946045,4.267943859100342,0.4818918704986572,0.7692307692307693,9.543699264526367,1.267882316569105,0.0,12.50009822845459,7.72782564163208,0.46361684799194336,0.7451923076923077,19.355789184570312,2.4773546892863054,0.0,0.0,0.016826923076923076,0.8173076923076923,0.7705679398924508,True
182,155.63279724121094,5.82020378112793,4.250319480895996,0.4834269881248474,0.78125,9.563952445983887,1.2626755863619157,0.0,12.485445976257324,7.74824857711792,0.46487361192703247,0.7475961538461539,19.42491912841797,2.472225475464112,0.0,0.0,0.019230769230769232,0.8221153846153846,0.769551648670948,True
183,152.6934356689453,5.790936470031738,4.213200569152832,0.48860907554626465,0.78125,9.480488777160645,1.2517818866822965,0.0,12.456877708435059,7.7454376220703125,0.46731966733932495,0.7475961538461539,19.44989776611328,2.464157454593059,0.0,0.0,0.021634615384615384,0.8028846153846154,0.7667950007800975,True
184,156.67247772216797,5.816585540771484,4.214433670043945,0.48406898975372314,0.7740384615384616,9.221839904785156,1.253594169765711,0.0,12.465568542480469,7.768106460571289,0.46657615900039673,0.7403846153846154,19.181476593017578,2.4655291551771836,0.0,0.0,0.02403846153846154,0.7740384615384616,0.7686794458565146,True
185,148.6841049194336,5.821342468261719,4.270138740539551,0.4832248091697693,0.7836538461538461,9.355222702026367,1.2607869093807844,0.0,12.449568748474121,7.801498889923096,0.46794456243515015,0.7451923076923077,19.451875686645508,2.4675438943008583,0.0,0.0,0.026442307692307692,0.7788461538461539,0.7684573051035736,True
186,156.44842529296875,5.813507556915283,4.224501609802246,0.48461484909057617,0.7884615384615384,9.207281112670898,1.2528508865107328,0.0,12.461434364318848,7.734101295471191,0.46692991256713867,0.7475961538461539,19.18958282470703,2.4570550034061456,0.0,0.0,0.026442307692307692,0.7884615384615384,0.7683526980315616,True
187,152.78890228271484,5.772594451904297,4.21569299697876,0.49184346199035645,0.7620192307692307,9.374221801757812,1.2501850301161024,0.0,12.363201141357422,7.757380485534668,0.4753011465072632,0.7427884615384616,19.71754264831543,2.458209865158185,0.0,0.0,0.021634615384615384,0.7620192307692307,0.7626030476495067,True
188,153.43899536132812,5.778919219970703,4.218605995178223,0.4907293915748596,0.75,9.331953048706055,1.2526299210121998,0.0,12.346491813659668,7.768431663513184,0.4767184853553772,0.7331730769230769,19.70828628540039,2.459160866187169,0.0,0.0,0.026442307692307692,0.7620192307692307,0.7624563081568491,True
189,155.73218536376953,5.748056888580322,4.215537071228027,0.49615442752838135,0.7884615384615384,9.389333724975586,1.244352455379871,0.0,12.327178001403809,7.79951810836792,0.4783543348312378,0.7403846153846154,19.64727020263672,2.4522916845404183,0.0,0.0,0.026442307692307692,0.7740384615384616,0.7598985812831415,True
190,155.8857421875,5.722446918487549,4.246735572814941,0.5006340742111206,0.7836538461538461,9.573233604431152,1.2466752040653657,0.0,12.282435417175293,7.861836910247803,0.48213422298431396,0.7403846153846154,20.026752471923828,2.4633015617155114,0.0,0.0,0.028846153846153848,0.7836538461538461,0.7568439008673289,True
191,151.1393585205078,5.739340305328369,4.221408367156982,0.49768126010894775,0.7740384615384616,9.184041976928711,1.2441906817257404,0.0,12.31347370147705,7.8108015060424805,0.4795135259628296,0.7572115384615384,19.41143798828125,2.4485452714065707,0.0,0.0,0.036057692307692304,0.7740384615384616,0.7589084342574607,True
192,152.11790466308594,5.734497547149658,4.182011604309082,0.4985285997390747,0.7836538461538461,9.010480880737305,1.2401281796395778,0.0,12.347477912902832,7.761706829071045,0.4766348600387573,0.7620192307692307,19.084766387939453,2.4469834769383456,0.0,0.0,0.04326923076923077,0.7764423076923077,0.7597126730632879,True
193,148.92535400390625,5.71082067489624,4.18101692199707,0.5026611089706421,0.7836538461538461,9.135581970214844,1.2406939314917111,0.0,12.305168151855469,7.746199607849121,0.48021548986434937,0.7716346153846154,19.37214469909668,2.4449117448658515,0.0,0.0,0.04326923076923077,0.7836538461538461,0.7568583801467993,True
194,152.2615737915039,5.736649036407471,4.193490028381348,0.49815231561660767,0.7572115384615384,9.002964973449707,1.248951693987235,0.0,12.290030479431152,7.745841979980469,0.4814934730529785,0.7572115384615384,19.300859451293945,2.441873950205552,0.0,0.0,0.05048076923076923,0.7788461538461539,0.7579782933151734,True
195,155.52184295654297,5.686953544616699,4.218997478485107,0.5068094730377197,0.7620192307692307,9.2698974609375,1.2443034132512716,0.0,12.217880249023438,7.814972400665283,0.4875636100769043,0.7572115384615384,19.853477478027344,2.4483914552781827,0.0,0.0,0.040865384615384616,0.7692307692307693,0.7525277551009307,True
196,153.11600494384766,5.677637100219727,4.247043132781982,0.5084240436553955,0.78125,9.34804630279541,1.242347240791871,0.0,12.251429557800293,7.858691692352295,0.48474550247192383,0.7620192307692307,19.90325927734375,2.453741249212852,0.0,0.0,0.038461538461538464,0.7932692307692307,0.7530394139930406,True
197,154.6412811279297,5.693843841552734,4.225068092346191,0.5056136846542358,0.7884615384615384,9.216897964477539,1.2389939702474153,0.0,12.288553237915039,7.835328102111816,0.48161816596984863,0.7716346153846154,19.67995262145996,2.451367221084925,0.0,0.0,0.040865384615384616,0.7908653846153846,0.7552591194354448,True
198,146.05552291870117,5.710733890533447,4.227908611297607,0.502676248550415,0.7860576923076923,9.266657829284668,1.2405017886501857,0.0,12.269458770751953,7.836954116821289,0.4832279086112976,0.7572115384615384,19.9283447265625,2.458400486925473,0.0,0.0,0.04326923076923077,0.78125,0.755690395664517,True
199,153.66004943847656,5.7257208824157715,4.208677768707275,0.5000624656677246,0.7475961538461539,8.987167358398438,1.240098489706333,0.0,12.277799606323242,7.79982328414917,0.482525110244751,0.7644230769230769,19.510984420776367,2.4453354522585866,0.0,0.0,0.052884615384615384,0.7668269230769231,0.7568977294907643,True
200,145.99105072021484,5.687316417694092,4.206568717956543,0.5067465901374817,0.7596153846153846,9.08780574798584,1.2353650206556688,0.0,12.242620468139648,7.850229263305664,0.4854862093925476,0.7596153846153846,19.654735565185547,2.445318663616975,0.0,0.0,0.052884615384615384,0.7764423076923077,0.7533556592330622,True
201,146.4824447631836,5.673531532287598,4.184623718261719,0.5091347098350525,0.7788461538461539,9.135290145874023,1.2286106428847863,0.0,12.246673583984375,7.88212251663208,0.4851455092430115,0.7596153846153846,19.694746017456055,2.4494042576505586,0.0,0.0,0.052884615384615384,0.7788461538461539,0.7526286597756016,True
202,154.70842742919922,5.682302474975586,4.17772912979126,0.507615864276886,0.7860576923076923,9.154973983764648,1.2334763029829052,0.0,12.226858139038086,7.935678482055664,0.48681020736694336,0.7620192307692307,19.764598846435547,2.4616085359301323,0.0,0.0,0.05048076923076923,0.7692307692307693,0.7525296993544865,True
203,149.90333557128906,5.715055465698242,4.283555030822754,0.5019233226776123,0.7692307692307693,9.340648651123047,1.2505073883976694,0.0,12.209606170654297,8.0055570602417,0.48825740814208984,0.7596153846153846,20.02180290222168,2.4677778695256283,0.0,0.0,0.04807692307692308,0.7620192307692307,0.7540159209873667,True
204,150.40369415283203,5.665566444396973,4.2539191246032715,0.5105119943618774,0.8004807692307693,9.404524803161621,1.2351863966156276,0.0,12.169034004211426,7.922432899475098,0.49165278673171997,0.7572115384615384,19.978015899658203,2.4464618698717695,0.0,0.0,0.04326923076923077,0.78125,0.7496034208168029,True
205,148.9024200439453,5.648336887359619,4.268773078918457,0.5134847164154053,0.8028846153846154,9.606904029846191,1.2406231197600182,0.0,12.12748908996582,7.869835376739502,0.49511784315109253,0.7716346153846154,20.313007354736328,2.4449163686388578,0.0,0.0,0.040865384615384616,0.8028846153846154,0.7471762044512729,True
206,145.67943572998047,5.633639335632324,4.232872486114502,0.5160132646560669,0.7956730769230769,9.464757919311523,1.2333578979262174,0.0,12.12336540222168,7.8431782722473145,0.4954611659049988,0.7644230769230769,20.10651969909668,2.439101423132114,0.0,0.0,0.04807692307692308,0.78125,0.7461246996196461,True
207,147.36358642578125,5.630445957183838,4.248909950256348,0.51656174659729,0.78125,9.341939926147461,1.2350541900556822,0.0,12.152230262756348,7.901458740234375,0.49305570125579834,0.7716346153846154,19.89180564880371,2.4483893781900403,0.0,0.0,0.055288461538461536,0.7884615384615384,0.746866130211803,True
208,144.9242172241211,5.591024398803711,4.220008373260498,0.5233076810836792,0.7788461538461539,9.235655784606934,1.225014944594258,0.0,12.13525104522705,7.8595075607299805,0.49447137117385864,0.7740384615384616,19.69256591796875,2.4360362420097377,0.0,0.0,0.0625,0.7932692307692307,0.743860373419927,True
209,146.0999526977539,5.563356876373291,4.13231897354126,0.5280139446258545,0.7956730769230769,9.057233810424805,1.2065802353123825,0.0,12.089512825012207,7.803921222686768,0.49827492237091064,0.7788461538461539,19.574922561645508,2.420305649210245,0.0,0.0,0.06490384615384616,0.7836538461538461,0.7406473850747971,True
210,147.3769989013672,5.575148582458496,4.156406879425049,0.5260109901428223,0.7908653846153846,9.095711708068848,1.215014222646371,0.0,12.042580604553223,7.832952499389648,0.5021628141403198,0.7716346153846154,19.81151580810547,2.4260308192708555,0.0,0.0,0.06971153846153846,0.7692307692307693,0.7398473453627589,True
211,143.8142547607422,5.616062164306641,4.229294300079346,0.5190287232398987,0.7668269230769231,9.06883716583252,1.2336269938219817,0.0,12.06197738647461,7.857294082641602,0.5005577802658081,0.7572115384615384,19.716794967651367,2.432710892496965,0.0,0.0,0.07932692307692307,0.7716346153846154,0.7430299376766263,True
212,147.73259735107422,5.668439865112305,4.218780040740967,0.5100153684616089,0.7788461538461539,8.890786170959473,1.236861258974442,0.0,12.154717445373535,7.823519229888916,0.49284815788269043,0.7716346153846154,19.274738311767578,2.4292907902445546,0.0,0.0,0.08173076923076923,0.7740384615384616,0.749317377671472,True
213,148.52770233154297,5.6212263107299805,4.235238075256348,0.5181437134742737,0.7956730769230769,9.149564743041992,1.2308181419013402,0.0,12.081156730651855,7.8695759773254395,0.498968243598938,0.7716346153846154,19.794666290283203,2.43576905182921,0.0,0.0,0.0625,0.7692307692307693,0.7439763131034877,True
214,144.62584686279297,5.599074840545654,4.243758201599121,0.521933913230896,0.7860576923076923,9.2344970703125,1.2277294344817982,0.0,12.047895431518555,7.936400413513184,0.5017231702804565,0.7692307692307693,19.999088287353516,2.4474072224436663,0.0,0.0,0.06009615384615385,0.7692307692307693,0.7415115022007278,True
215,146.37355041503906,5.623158931732178,4.18549919128418,0.5178123712539673,0.7884615384615384,8.848738670349121,1.2189014425453466,0.0,12.093706130981445,7.89348030090332,0.4979267120361328,0.7836538461538461,19.254287719726562,2.427255096095495,0.0,0.0,0.07692307692307693,0.7740384615384616,0.7445053367416019,True
216,145.82904815673828,5.640909194946289,4.192663669586182,0.514763355255127,0.7860576923076923,8.896560668945312,1.2247955937989248,0.0,12.063385009765625,7.870462417602539,0.5004411935806274,0.7860576923076923,19.33319091796875,2.4227838741663175,0.0,0.0,0.07692307692307693,0.7716346153846154,0.7446288804825132,True
217,143.1641082763672,5.643373966217041,4.209739685058594,0.5143392086029053,0.7836538461538461,9.002124786376953,1.2284719926233476,0.0,12.00847053527832,7.867282390594482,0.5049790143966675,0.7788461538461539,19.625831604003906,2.4212499982653517,0.0,0.0,0.07932692307692307,0.7692307692307693,0.743002755138314,True
218,146.22571563720703,5.640827655792236,4.191586971282959,0.5147773623466492,0.7740384615384616,8.75046443939209,1.2230976287180033,0.0,12.088044166564941,7.9211506843566895,0.49839675426483154,0.7908653846153846,19.121482849121094,2.429211614376459,0.0,0.0,0.09134615384615384,0.7716346153846154,0.7454246812160481,True
219,146.32879638671875,5.631379127502441,4.208817005157471,0.5164015889167786,0.7644230769230769,8.81173324584961,1.2235220034535115,0.0,12.14349365234375,7.962479591369629,0.4937843680381775,0.7908653846153846,19.163450241088867,2.4430540068791466,0.0,0.0,0.0889423076923077,0.78125,0.746639469355811,True
220,145.10369873046875,5.656278610229492,4.220743656158447,0.5121155977249146,0.7788461538461539,8.814887046813965,1.228333893704873,0.0,12.203095436096191,7.957912921905518,0.48880308866500854,0.7764423076923077,19.076120376586914,2.453965434584862,0.0,0.0,0.09134615384615384,0.7860576923076923,0.7501333673137495,True
221,143.5000228881836,5.672317981719971,4.233574390411377,0.5093446969985962,0.7836538461538461,8.770546913146973,1.2351470412161107,0.0,12.18695068359375,7.9585347175598145,0.49015480279922485,0.7668269230769231,18.986345291137695,2.4548032516852403,0.0,0.0,0.09134615384615384,0.7788461538461539,0.750607807982018,True
222,142.84552001953125,5.634298801422119,4.2248382568359375,0.5158999562263489,0.7836538461538461,8.884471893310547,1.2299028214353782,0.0,12.099403381347656,7.946072101593018,0.49745362997055054,0.78125,19.109647750854492,2.445235233180798,0.0,0.0,0.0889423076923077,0.7932692307692307,0.7453860618784456,True
223,141.88341522216797,5.616360187530518,4.205764293670654,0.5189776420593262,0.7860576923076923,8.844853401184082,1.2215857942708028,0.0,12.040975570678711,7.914648056030273,0.5022954940795898,0.7788461538461539,19.11113166809082,2.430800819912782,0.0,0.0,0.0889423076923077,0.7932692307692307,0.7423656747793037,True
224,143.95467376708984,5.643409252166748,4.223056316375732,0.5143331289291382,0.7932692307692307,8.78551959991455,1.2248292625905612,0.0,12.03184986114502,7.923858642578125,0.5030496120452881,0.8076923076923077,19.23752784729004,2.424198724138431,0.0,0.0,0.0889423076923077,0.7475961538461539,0.743762479819078,True
225,144.47608947753906,5.637279987335205,4.262174606323242,0.5153875350952148,0.7788461538461539,8.932867050170898,1.231621138847027,0.0,11.984546661376953,7.952797889709473,0.5069494247436523,0.7860576923076923,19.472715377807617,2.4266374364877357,0.0,0.0,0.08413461538461539,0.75,0.7418456643612517,True
226,143.29911041259766,5.633599281311035,4.226211071014404,0.5160201787948608,0.78125,8.834531784057617,1.2275196268581425,0.0,12.059545516967773,7.945395469665527,0.5007591247558594,0.7764423076923077,19.06647491455078,2.431939517935881,0.0,0.0,0.0889423076923077,0.7860576923076923,0.7440468643788068,True
227,145.76205444335938,5.659634113311768,4.179333686828613,0.5115365982055664,0.7716346153846154,8.519426345825195,1.220908960356162,0.0,12.099109649658203,7.895848274230957,0.49747800827026367,0.78125,18.625776290893555,2.4225909848243763,0.0,0.0,0.09134615384615384,0.7740384615384616,0.7469604502770263,True
228,143.74205017089844,5.69459867477417,4.2722368240356445,0.5054826140403748,0.7596153846153846,8.522493362426758,1.241837212175895,0.0,11.980483055114746,7.948812484741211,0.5072838068008423,0.7740384615384616,18.978668212890625,2.43099572140819,0.0,0.0,0.09134615384615384,0.7331730769230769,0.7453225008069109,True
229,139.83078384399414,5.674798011779785,4.3115715980529785,0.5089155435562134,0.7379807692307693,8.538111686706543,1.2483452186561548,0.0,11.952775955200195,8.007582664489746,0.5095601081848145,0.7572115384615384,18.937660217285156,2.4467469096565857,0.0,0.0,0.09375,0.7596153846153846,0.7431804041431097,True
230,139.09126663208008,5.651310443878174,4.251620292663574,0.5129722356796265,0.7596153846153846,8.477570533752441,1.2325736397734057,0.0,12.062840461730957,8.00092601776123,0.5004862546920776,0.7668269230769231,18.494047164916992,2.455317837573015,0.0,0.0,0.10576923076923077,0.7716346153846154,0.7452624567203245,True
231,142.93882751464844,5.639829158782959,4.265514850616455,0.5149491429328918,0.7716346153846154,8.68214225769043,1.2313927202079542,0.0,12.07286548614502,7.961184024810791,0.49965572357177734,0.7692307692307693,18.686613082885742,2.443002297366277,0.0,0.0,0.10576923076923077,0.7836538461538461,0.7448691439863105,True
232,142.19828033447266,5.637556552886963,4.265392780303955,0.5153399705886841,0.7908653846153846,8.703256607055664,1.228214966238309,0.0,12.009300231933594,7.91821813583374,0.5049105882644653,0.78125,18.694263458251953,2.423607309047992,0.0,0.0,0.0985576923076923,0.7692307692307693,0.7426647207591109,True
233,145.53929901123047,5.635261058807373,4.2254719734191895,0.5157346725463867,0.78125,8.681855201721191,1.2221822377771905,0.0,11.942216873168945,7.875079154968262,0.5104261636734009,0.7956730769230769,18.668651580810547,2.4072813767653245,0.0,0.0,0.0985576923076923,0.7692307692307693,0.7403495651622805,True
234,140.786865234375,5.603972911834717,4.2879719734191895,0.5210971832275391,0.7884615384615384,9.025635719299316,1.2348491938832478,0.0,11.862162590026855,7.970000743865967,0.5169679522514343,0.7884615384615384,19.26108169555664,2.424840198419033,0.0,0.0,0.09134615384615384,0.7932692307692307,0.7357947209583386,True
235,144.08094024658203,5.6385931968688965,4.25640869140625,0.5151617527008057,0.8149038461538461,8.81406307220459,1.2273895647663335,0.0,11.989823341369629,7.947619915008545,0.5065151453018188,0.7956730769230769,18.854963302612305,2.425826469827921,0.0,0.0,0.09615384615384616,0.78125,0.7420989217807792,True
236,142.8587646484375,5.7151288986206055,4.306990623474121,0.5019104480743408,0.8100961538461539,8.759647369384766,1.2424308354464861,0.0,12.074606895446777,7.9931864738464355,0.49951136112213135,0.7932692307692307,18.89883041381836,2.4438284618732253,0.0,0.0,0.09134615384615384,0.7524038461538461,0.7496517222788011,True
237,141.5849609375,5.709402084350586,4.310396671295166,0.5029081106185913,0.8028846153846154,8.69913387298584,1.24477549984287,0.0,11.995925903320312,7.983867168426514,0.5060126781463623,0.7860576923076923,18.872861862182617,2.4345367841613594,0.0,0.0,0.08653846153846154,0.7427884615384616,0.7467544359245089,True
238,142.8451919555664,5.643421173095703,4.2243475914001465,0.5143311023712158,0.78125,8.554325103759766,1.225185777457097,0.0,11.898618698120117,7.962186336517334,0.5139943361282349,0.7908653846153846,18.539278030395508,2.421376028122046,0.0,0.0,0.0985576923076923,0.7644230769230769,0.7394558661692822,True
239,142.69271850585938,5.611871242523193,4.221015453338623,0.5197462439537048,0.7740384615384616,8.581762313842773,1.220970248354551,0.0,11.856033325195312,7.945286750793457,0.5174669623374939,0.7908653846153846,18.50773048400879,2.412390143519793,0.0,0.0,0.09615384615384616,0.7788461538461539,0.7360940032869506,True
240,142.01190948486328,5.627387046813965,4.258124351501465,0.5170869827270508,0.7788461538461539,8.639230728149414,1.227710702136541,0.0,11.920928955078125,7.948144912719727,0.5121700763702393,0.7956730769230769,18.513103485107422,2.4165989335530846,0.0,0.0,0.09615384615384616,0.7740384615384616,0.7391663784992726,True
241,138.73577880859375,5.619943141937256,4.2646989822387695,0.5183636546134949,0.7836538461538461,8.60183048248291,1.2316901147938693,0.0,11.94137954711914,7.9760518074035645,0.5104948282241821,0.7908653846153846,18.385969161987305,2.425536470153393,0.0,0.0,0.0985576923076923,0.7788461538461539,0.7393599595864889,True
242,141.71822357177734,5.603025436401367,4.2726640701293945,0.521259069442749,0.7836538461538461,8.663222312927246,1.2336636840724027,0.0,11.893634796142578,7.9581379890441895,0.5144013166427612,0.78125,18.494220733642578,2.4202201711825833,0.0,0.0,0.0985576923076923,0.7764423076923077,0.7367525407573612,True
243,139.38352966308594,5.651613712310791,4.287855625152588,0.5129199624061584,0.7788461538461539,8.72822093963623,1.241133711563471,0.0,11.905338287353516,7.975723743438721,0.5134451985359192,0.7788461538461539,18.705562591552734,2.4248437706667643,0.0,0.0,0.10096153846153846,0.7668269230769231,0.7401891183815801,True
244,141.46429443359375,5.623194217681885,4.242746353149414,0.5178062915802002,0.8028846153846154,8.702483177185059,1.226832722624143,0.0,11.862098693847656,7.938319206237793,0.516973078250885,0.8028846153846154,18.76021385192871,2.411262547110136,0.0,0.0,0.0985576923076923,0.7572115384615384,0.7370031027646504,True
245,140.01596069335938,5.56989049911499,4.211329460144043,0.5269045829772949,0.8173076923076923,8.749590873718262,1.2130030955450657,0.0,11.803104400634766,7.9754638671875,0.5217657089233398,0.7788461538461539,18.925031661987305,2.4184990357512084,0.0,0.0,0.09134615384615384,0.7548076923076923,0.7317425778562902,True
246,138.21348571777344,5.574007987976074,4.178553104400635,0.5262049436569214,0.8173076923076923,8.662796974182129,1.208674958596627,0.0,11.799141883850098,7.963200092315674,0.5220867395401001,0.7716346153846154,18.81662940979004,2.419433442598734,0.0,0.0,0.09375,0.7451923076923077,0.7318735211437954,True
247,138.9624252319336,5.624527931213379,4.182249069213867,0.5175775289535522,0.8052884615384616,8.465897560119629,1.2159998766122722,0.0,11.868553161621094,7.937279224395752,0.5164473056793213,0.7740384615384616,18.420772552490234,2.4189937409682147,0.0,0.0,0.10096153846153846,0.75,0.7372953427972503,True
248,136.72391510009766,5.64631462097168,4.209940433502197,0.5138329267501831,0.7980769230769231,8.457487106323242,1.222788373992229,0.0,11.892457962036133,7.944991588592529,0.5144975185394287,0.7788461538461539,18.353208541870117,2.4183003798891334,0.0,0.0,0.10817307692307693,0.7548076923076923,0.7394397432063756,True
249,135.58490753173828,5.595054626464844,4.2198686599731445,0.5226202011108398,0.8052884615384616,8.596904754638672,1.2185570575870002,0.0,11.818158149719238,7.9441022872924805,0.5205450057983398,0.7836538461538461,18.555015563964844,2.4099977265947907,0.0,0.0,0.11057692307692307,0.7524038461538461,0.733812460617025,True
250,140.39244079589844,5.554839611053467,4.213541030883789,0.5294579267501831,0.8052884615384616,8.617399215698242,1.2097507104086571,0.0,11.760673522949219,7.918972969055176,0.5251979231834412,0.8004807692307693,18.545032501220703,2.3966379681649883,0.0,0.0,0.10817307692307693,0.7451923076923077,0.7294247793627189,True
251,140.8174285888672,5.5494585037231445,4.215729236602783,0.5303691625595093,0.8149038461538461,8.607637405395508,1.2112847332197887,0.0,11.730694770812988,7.917934894561768,0.5276154279708862,0.7908653846153846,18.510120391845703,2.3944911192625,0.0,0.0,0.10576923076923077,0.7644230769230769,0.7281179207165749,True
252,137.94937896728516,5.580748081207275,4.218101978302002,0.525058388710022,0.8052884615384616,8.568225860595703,1.2162138785498264,0.0,11.72032642364502,7.945699214935303,0.528450071811676,0.8004807692307693,18.56336212158203,2.3964271954618965,0.0,0.0,0.10576923076923077,0.7548076923076923,0.7297571282446613,True
253,141.33858489990234,5.615607261657715,4.21006965637207,0.5191065073013306,0.7956730769230769,8.339076042175293,1.2176274568606646,0.0,11.807877540588379,7.932592391967773,0.5213788747787476,0.8076923076923077,18.113670349121094,2.4030534187952677,0.0,0.0,0.10576923076923077,0.7620192307692307,0.7347771322527774,True
254,137.5603790283203,5.561912536621094,4.238223552703857,0.5282589197158813,0.8100961538461539,8.566686630249023,1.2181160701008942,0.0,11.740618705749512,8.009122848510742,0.5268157720565796,0.7932692307692307,18.582233428955078,2.4184231514541,0.0,0.0,0.10817307692307693,0.7475961538461539,0.7292226183975614,True
255,137.59038543701172,5.55743408203125,4.203794479370117,0.5290183424949646,0.8004807692307693,8.511834144592285,1.2119027792070154,0.0,11.762750625610352,7.976746559143066,0.5250301361083984,0.7860576923076923,18.40528106689453,2.4184119665469876,0.0,0.0,0.11538461538461539,0.7644230769230769,0.7296551147405966,True
256,136.64151763916016,5.581641674041748,4.197438716888428,0.5249063372612,0.7980769230769231,8.394704818725586,1.2109199698918904,0.0,11.849891662597656,7.991045951843262,0.5179667472839355,0.7836538461538461,18.026823043823242,2.4299752000050665,0.0,0.0,0.125,0.7764423076923077,0.7339940780363774,True
257,138.30224609375,5.596994400024414,4.244376182556152,0.5222891569137573,0.7956730769230769,8.480184555053711,1.2195104126364755,0.0,11.870109558105469,8.069494247436523,0.5163204669952393,0.7908653846153846,18.15212631225586,2.440791806922509,0.0,0.0,0.11298076923076923,0.7644230769230769,0.7356127095587685,True
258,139.0102996826172,5.617953300476074,4.279477596282959,0.5187047719955444,0.7836538461538461,8.528726577758789,1.2269134897643175,0.0,11.865312576293945,8.091429710388184,0.5167113542556763,0.7884615384615384,18.334747314453125,2.4445275078026145,0.0,0.0,0.10336538461538461,0.7427884615384616,0.736776552886135,True
259,137.4557876586914,5.638898849487305,4.257339000701904,0.5151091814041138,0.7956730769230769,8.377744674682617,1.2298015610720865,0.0,11.864089012145996,8.002394676208496,0.5168110132217407,0.7956730769230769,18.04027557373047,2.4314519734718862,0.0,0.0,0.0985576923076923,0.7379807692307693,0.738057792712567,True
260,140.41506958007812,5.617278575897217,4.249001502990723,0.5188202857971191,0.7932692307692307,8.370893478393555,1.2261572224207413,0.0,11.839204788208008,7.957172870635986,0.5188357830047607,0.7884615384615384,17.900188446044922,2.4214665620372844,0.0,0.0,0.10576923076923077,0.7427884615384616,0.7358919438248175,True
261,140.69910430908203,5.581210136413574,4.277430057525635,0.5249797105789185,0.7956730769230769,8.524794578552246,1.226080424300371,0.0,11.748213768005371,8.018798828125,0.5262033939361572,0.7884615384615384,18.19571304321289,2.4228709467901632,0.0,0.0,0.10576923076923077,0.7451923076923077,0.7306842855932475,True
262,140.9866943359375,5.568949222564697,4.268224716186523,0.5270645022392273,0.8004807692307693,8.508111953735352,1.2202042907476425,0.0,11.72044849395752,8.031082153320312,0.5284402966499329,0.78125,18.252037048339844,2.4171788850464884,0.0,0.0,0.10576923076923077,0.7379807692307693,0.729016069298918,True
263,135.28614807128906,5.604197025299072,4.249265670776367,0.5210587978363037,0.8004807692307693,8.366323471069336,1.222637214225072,0.0,11.749801635742188,7.946634292602539,0.5260753631591797,0.8004807692307693,17.919742584228516,2.406159494779049,0.0,0.0,0.11298076923076923,0.75,0.7321873747131848,True
264,133.57801055908203,5.604807376861572,4.252833366394043,0.5209544897079468,0.7860576923076923,8.41749382019043,1.2240577512253552,0.0,11.755451202392578,7.970459461212158,0.5256195068359375,0.7740384615384616,17.826763153076172,2.4150075759643164,0.0,0.0,0.125,0.7620192307692307,0.732407650037983,True
265,140.4231719970703,5.581143856048584,4.269112586975098,0.5249910354614258,0.7860576923076923,8.536784172058105,1.2227772202056189,0.0,11.739602088928223,8.015119552612305,0.5268977284431458,0.7884615384615384,17.935287475585938,2.4180001755937552,0.0,0.0,0.125,0.7740384615384616,0.7304026976990704,True
266,137.65425872802734,5.573807716369629,4.280670642852783,0.5262389183044434,0.7836538461538461,8.603474617004395,1.2209431018011692,0.0,11.722137451171875,8.067405700683594,0.5283043384552002,0.7836538461538461,18.058502197265625,2.4238305673003193,0.0,0.0,0.11778846153846154,0.7692307692307693,0.7293771287388789,True
267,136.805419921875,5.560847759246826,4.209987163543701,0.5284395217895508,0.8028846153846154,8.473695755004883,1.2099819574027488,0.0,11.68548583984375,8.00472354888916,0.5312494039535522,0.8028846153846154,17.886573791503906,2.40284401682707,0.0,0.0,0.125,0.7740384615384616,0.7273786869362557,True
268,140.46640014648438,5.513659477233887,4.182815074920654,0.5364086627960205,0.7980769230769231,8.536589622497559,1.201078300521924,0.0,11.593388557434082,7.935767650604248,0.5386090874671936,0.8076923076923077,18.066923141479492,2.386452940469369,0.0,0.0,0.12980769230769232,0.7740384615384616,0.7214337120416882,True
269,139.23094940185547,5.542453765869141,4.233065128326416,0.5315540432929993,0.8076923076923077,8.658223152160645,1.2132586625715096,0.0,11.636045455932617,7.984580039978027,0.5352075695991516,0.7980769230769231,18.214570999145508,2.3984953422194875,0.0,0.0,0.13221153846153846,0.7788461538461539,0.7246254950541503,True
270,135.9797592163086,5.601924896240234,4.238708019256592,0.5214471817016602,0.8149038461538461,8.435791015625,1.2145589956870446,0.0,11.767699241638184,8.004481315612793,0.5246304273605347,0.7932692307692307,17.697364807128906,2.412786479007739,0.0,0.0,0.13701923076923078,0.7716346153846154,0.732619570081725,True
271,136.54566192626953,5.587080955505371,4.250767707824707,0.523979902267456,0.8149038461538461,8.471803665161133,1.2163841034548404,0.0,11.728107452392578,7.979253768920898,0.5278237462043762,0.7884615384615384,17.702159881591797,2.4031018058650004,0.0,0.0,0.13942307692307693,0.7836538461538461,0.730407644756524,True
272,134.62206268310547,5.54760217666626,4.281357288360596,0.5306832790374756,0.8028846153846154,8.650899887084961,1.2205747998677767,0.0,11.637666702270508,8.034562110900879,0.5350780487060547,0.7764423076923077,18.065643310546875,2.404148419965536,0.0,0.0,0.13942307692307693,0.7956730769230769,0.7250030282956395,True
273,138.10900115966797,5.535027503967285,4.242771625518799,0.5328084826469421,0.8100961538461539,8.549626350402832,1.2128339123649474,0.0,11.625505447387695,7.9699931144714355,0.5360491871833801,0.7860576923076923,17.93480110168457,2.39447975015411,0.0,0.0,0.13701923076923078,0.7956730769230769,0.723817123302064,True
274,135.72935485839844,5.535543918609619,4.248566150665283,0.5327213406562805,0.7956730769230769,8.531488418579102,1.21403444034931,0.0,11.646150588989258,7.979127883911133,0.5343998670578003,0.7860576923076923,17.927669525146484,2.4034651995278327,0.0,0.0,0.1346153846153846,0.7716346153846154,0.7245144490211521,True
275,133.2023162841797,5.561517238616943,4.295248031616211,0.5283260345458984,0.7908653846153846,8.652409553527832,1.225100626433507,0.0,11.678833961486816,8.101938247680664,0.5317829847335815,0.7716346153846154,18.192047119140625,2.4341736647945185,0.0,0.0,0.13221153846153846,0.7644230769230769,0.7272068756645509,True
276,139.04677200317383,5.564126968383789,4.279285907745361,0.5278832316398621,0.7836538461538461,8.557498931884766,1.2241691898841123,0.0,11.6864595413208,8.09554386138916,0.5311713218688965,0.7668269230769231,17.975770950317383,2.431585782422469,0.0,0.0,0.13942307692307693,0.7716346153846154,0.7276171575045135,True
277,135.9002227783203,5.559952259063721,4.288650989532471,0.5285913944244385,0.7836538461538461,8.527159690856934,1.2252985591307664,0.0,11.673686981201172,8.079633712768555,0.5321955680847168,0.7668269230769231,17.808576583862305,2.426840389042329,0.0,0.0,0.14423076923076922,0.7884615384615384,0.7269423691638112,True
278,134.05785751342773,5.582183837890625,4.267825603485107,0.5248140096664429,0.7980769230769231,8.365059852600098,1.2191984452880347,0.0,11.733519554138184,8.044413566589355,0.5273878574371338,0.7764423076923077,17.401906967163086,2.4242018354817843,0.0,0.0,0.14903846153846154,0.78125,0.7302724906287318,True
279,134.59281158447266,5.583174228668213,4.267045497894287,0.5246453285217285,0.7956730769230769,8.31484317779541,1.2177915286177243,0.0,11.74128532409668,7.985918998718262,0.526762068271637,0.7860576923076923,17.32156753540039,2.412783803198582,0.0,0.0,0.1466346153846154,0.7644230769230769,0.7305850797100298,True
280,134.55609130859375,5.578690052032471,4.277055740356445,0.5254086256027222,0.7860576923076923,8.358846664428711,1.2206094610958529,0.0,11.748871803283691,7.979959487915039,0.5261503458023071,0.7860576923076923,17.39928436279297,2.4108216138604357,0.0,0.0,0.14182692307692307,0.7548076923076923,0.7305464909985535,True
281,134.9810028076172,5.563201904296875,4.223459720611572,0.5280401706695557,0.8004807692307693,8.189291954040527,1.2087888034299397,0.0,11.75998306274414,7.924938678741455,0.5252536535263062,0.7788461538461539,17.073625564575195,2.401324969625626,0.0,0.0,0.14903846153846154,0.7620192307692307,0.7299287737860782,True
282,135.88963317871094,5.538721561431885,4.235076904296875,0.5321846604347229,0.8004807692307693,8.294134140014648,1.2080570835715685,0.0,11.673139572143555,7.9929680824279785,0.5322394967079163,0.7836538461538461,17.277904510498047,2.4041993640172175,0.0,0.0,0.15625,0.7692307692307693,0.7255846111127329,True
283,135.8955078125,5.543162822723389,4.279496192932129,0.5314341187477112,0.7884615384615384,8.4633150100708,1.216983453872112,0.0,11.626413345336914,8.119575500488281,0.535976767539978,0.7788461538461539,17.62527847290039,2.423278231001817,0.0,0.0,0.14903846153846154,0.7692307692307693,0.7243604438877081,True
284,134.55543518066406,5.582612991333008,4.279837608337402,0.5247409343719482,0.8052884615384616,8.279623985290527,1.2217229247857362,0.0,11.701947212219238,8.094670295715332,0.5299278497695923,0.78125,17.262718200683594,2.4350230706807894,0.0,0.0,0.16105769230769232,0.7716346153846154,0.7292837843740557,True
285,135.1047592163086,5.584893226623535,4.247372627258301,0.5243526101112366,0.8052884615384616,8.250082015991211,1.2172900687234525,0.0,11.681136131286621,8.003595352172852,0.5315983295440674,0.7860576923076923,17.207918167114258,2.4164426675209634,0.0,0.0,0.15384615384615385,0.7716346153846154,0.7287592788654357,True
286,133.72386932373047,5.524906635284424,4.2557597160339355,0.5345155000686646,0.8052884615384616,8.476850509643555,1.2104567906031243,0.0,11.56863784790039,8.028932571411133,0.5405770540237427,0.7884615384615384,17.689043045043945,2.4103479710335916,0.0,0.0,0.13701923076923078,0.7524038461538461,0.7213483795018574,True
287,135.09893798828125,5.521585464477539,4.224277019500732,0.5350749492645264,0.8149038461538461,8.346967697143555,1.2020652589316552,0.0,11.589644432067871,7.9877095222473145,0.5389070510864258,0.78125,17.425739288330078,2.4010556741784783,0.0,0.0,0.14182692307692307,0.7451923076923077,0.7218138419348449,True
288,131.42815780639648,5.541874408721924,4.231695175170898,0.5316519737243652,0.8125,8.19580078125,1.2052028925755085,0.0,11.64736557006836,8.018684387207031,0.5343027114868164,0.8004807692307693,17.113065719604492,2.4092406835120457,0.0,0.0,0.14903846153846154,0.7548076923076923,0.7249532447317414,True
289,134.98719787597656,5.5058064460754395,4.267395496368408,0.5377283692359924,0.8028846153846154,8.414910316467285,1.2093502695552814,0.0,11.565464973449707,8.038581848144531,0.540829062461853,0.7764423076923077,17.59319305419922,2.403367617764534,0.0,0.0,0.14423076923076922,0.7475961538461539,0.7200388131068369,True
290,137.15758895874023,5.51485013961792,4.250483989715576,0.53620845079422,0.7956730769230769,8.368000984191895,1.2079186152571286,0.0,11.545341491699219,7.965639114379883,0.5424255132675171,0.7884615384615384,17.616947174072266,2.388142415078786,0.0,0.0,0.14423076923076922,0.7379807692307693,0.7199634235054571,True
291,135.0698013305664,5.532509803771973,4.253239154815674,0.5332334041595459,0.8004807692307693,8.303851127624512,1.2103937846727861,0.0,11.555950164794922,7.9693708419799805,0.5415842533111572,0.7860576923076923,17.46065902709961,2.390092264345059,0.0,0.0,0.15384615384615385,0.7572115384615384,0.7214222655355615,True
292,133.69904327392578,5.5319952964782715,4.285082817077637,0.5333201885223389,0.7980769230769231,8.370233535766602,1.217004965360348,0.0,11.562479972839355,8.036263465881348,0.54106605052948,0.7716346153846154,17.39054298400879,2.4065276893667686,0.0,0.0,0.15625,0.7716346153846154,0.7215993016050849,True
293,134.4932403564453,5.528078079223633,4.2825703620910645,0.5339809656143188,0.8004807692307693,8.331022262573242,1.2170911020766466,0.0,11.572484970092773,8.011866569519043,0.5402714014053345,0.78125,17.274574279785156,2.406162124967728,0.0,0.0,0.15625,0.7668269230769231,0.7216726823304154,True
294,134.97847747802734,5.559354782104492,4.276200294494629,0.5286927223205566,0.8028846153846154,8.287776947021484,1.2183155498634546,0.0,11.624683380126953,7.997420310974121,0.5361148118972778,0.7956730769230769,17.26685905456543,2.411058710553707,0.0,0.0,0.14903846153846154,0.7475961538461539,0.7253292712865299,True
295,133.66270446777344,5.572482585906982,4.280850410461426,0.5264642238616943,0.7908653846153846,8.285859107971191,1.2178936757338352,0.0,11.619065284729004,8.000741958618164,0.5365630388259888,0.7884615384615384,17.253742218017578,2.412098530183236,0.0,0.0,0.15384615384615385,0.75,0.7259807998205996,True
296,135.56836700439453,5.553946495056152,4.2607903480529785,0.5296092629432678,0.7860576923076923,8.171778678894043,1.2128018784026304,0.0,11.579248428344727,7.9409685134887695,0.53973388671875,0.7980769230769231,16.910202026367188,2.3969170027627396,0.0,0.0,0.15865384615384615,0.7427884615384616,0.7235284792540884,True
297,135.0280303955078,5.531055927276611,4.270723819732666,0.5334786772727966,0.7980769230769231,8.306293487548828,1.2114302519231268,0.0,11.521068572998047,7.973450660705566,0.5443475246429443,0.78125,17.046775817871094,2.3941038238696564,0.0,0.0,0.15384615384615385,0.7524038461538461,0.7202112200562134,True
298,134.50607299804688,5.531644344329834,4.261750221252441,0.5333794355392456,0.8076923076923077,8.303486824035645,1.2103758346002833,0.0,11.534744262695312,7.9785614013671875,0.5432651042938232,0.7908653846153846,16.988739013671875,2.393307881362927,0.0,0.0,0.16105769230769232,0.7572115384615384,0.7206870267759191,True
299,133.4012451171875,5.5577898025512695,4.233128070831299,0.5289580225944519,0.8197115384615384,8.141046524047852,1.2065567056529032,0.0,11.59355354309082,7.975670337677002,0.5385959148406982,0.7932692307692307,16.787750244140625,2.399071686504743,0.0,0.0,0.16346153846153846,0.7548076923076923,0.7242309725714945,True
300,132.7827911376953,5.53366231918335,4.214802265167236,0.5330389738082886,0.8221153846153846,8.239778518676758,1.201584177215894,0.0,11.532608032226562,7.987771987915039,0.5434342622756958,0.7860576923076923,17.13542938232422,2.395239784167363,0.0,0.0,0.15144230769230768,0.7475961538461539,0.7207464969086752,True
301,133.234619140625,5.519229888916016,4.224488258361816,0.535471498966217,0.8197115384615384,8.24661922454834,1.203557711132826,0.0,11.51404094696045,7.9640045166015625,0.5449031591415405,0.7884615384615384,17.160205841064453,2.390174331000218,0.0,0.0,0.15384615384615385,0.7403846153846154,0.719235883466446,True
302,133.70237731933594,5.534172058105469,4.236763000488281,0.5329529047012329,0.8149038461538461,8.151261329650879,1.2075756145020324,0.0,11.578923225402832,7.951340675354004,0.5397597551345825,0.7956730769230769,16.95328712463379,2.39502206127613,0.0,0.0,0.16105769230769232,0.7379807692307693,0.7222652160901897,True
303,134.6230697631836,5.507867813110352,4.264040946960449,0.5373821258544922,0.8149038461538461,8.288190841674805,1.2087095881883914,0.0,11.54453182220459,8.011870384216309,0.5424896478652954,0.7932692307692307,17.229736328125,2.4030167505909232,0.0,0.0,0.14903846153846154,0.7451923076923077,0.7194957016655585,True
304,135.00614166259766,5.502693176269531,4.273713111877441,0.5382509231567383,0.8149038461538461,8.28915786743164,1.2079579691474254,0.0,11.5156888961792,8.035534858703613,0.5447728633880615,0.7980769230769231,17.162168502807617,2.404109928661432,0.0,0.0,0.15625,0.7524038461538461,0.7182413205801381,True
305,133.21630096435547,5.541169166564941,4.263749122619629,0.531771183013916,0.8004807692307693,8.104836463928223,1.2098489135312729,0.0,11.594339370727539,8.028627395629883,0.5385334491729736,0.8028846153846154,16.75754737854004,2.4112198273722942,0.0,0.0,0.17307692307692307,0.7475961538461539,0.7232033501554763,True
306,134.46158981323242,5.534291744232178,4.248255252838135,0.5329327583312988,0.7884615384615384,8.032143592834473,1.206083449205527,0.0,11.588964462280273,7.983465194702148,0.5389611721038818,0.7884615384615384,16.561012268066406,2.4069245148163576,0.0,0.0,0.17067307692307693,0.7475961538461539,0.7225954221963616,True
307,133.12643432617188,5.532712936401367,4.2674760818481445,0.5331991910934448,0.7884615384615384,8.111019134521484,1.2109707792791038,0.0,11.567601203918457,8.014551162719727,0.5406594276428223,0.7764423076923077,16.739347457885742,2.413838504541379,0.0,0.0,0.15865384615384615,0.7427884615384616,0.7218091926710848,True
308,130.44580078125,5.544482231140137,4.2689690589904785,0.5312110185623169,0.8028846153846154,8.09782600402832,1.2115082561396637,0.0,11.611526489257812,8.037034034729004,0.5371643304824829,0.7932692307692307,16.711490631103516,2.4218273060061994,0.0,0.0,0.15865384615384615,0.7451923076923077,0.7239652629723545,True
309,129.7426414489746,5.575608253479004,4.269192695617676,0.5259328484535217,0.8100961538461539,8.064554214477539,1.213260342524602,0.0,11.653655052185059,8.023432731628418,0.5337997078895569,0.8052884615384616,16.6258544921875,2.417469460727313,0.0,0.0,0.16826923076923078,0.75,0.7272888379270891,True
310,133.80057525634766,5.528456211090088,4.280581474304199,0.5339171886444092,0.8052884615384616,8.250626564025879,1.211516328671804,0.0,11.535367965698242,8.015997886657715,0.5432157516479492,0.7980769230769231,16.977333068847656,2.403383721716893,0.0,0.0,0.16105769230769232,0.7475961538461539,0.7205049133429343,True
311,131.02976989746094,5.5104780197143555,4.300295352935791,0.5369436144828796,0.8004807692307693,8.307756423950195,1.2129865416540548,0.0,11.48216724395752,8.057336807250977,0.5474193692207336,0.7764423076923077,17.03745460510254,2.409863592951726,0.0,0.0,0.15625,0.7451923076923077,0.7176587361625971,True
312,132.55271911621094,5.532228946685791,4.270349502563477,0.5332807898521423,0.8149038461538461,8.097444534301758,1.208298557958542,0.0,11.534576416015625,7.995147228240967,0.5432783961296082,0.7980769230769231,16.586254119873047,2.401649569070492,0.0,0.0,0.17548076923076922,0.7451923076923077,0.720718713288069,True
313,132.84502410888672,5.557258129119873,4.274703502655029,0.5290481448173523,0.8173076923076923,8.155599594116211,1.2099467676037396,0.0,11.556612968444824,8.026839256286621,0.5415316224098206,0.7932692307692307,16.786602020263672,2.407075059815095,0.0,0.0,0.1658653846153846,0.7403846153846154,0.7230131751020873,True
314,133.01297760009766,5.525028228759766,4.280435562133789,0.5344949960708618,0.8173076923076923,8.258739471435547,1.2079794782667588,0.0,11.502299308776855,8.048430442810059,0.5458309054374695,0.7956730769230769,17.01842498779297,2.401851435788931,0.0,0.0,0.16105769230769232,0.7451923076923077,0.7192271874808261,True
315,130.70898818969727,5.507211685180664,4.273608684539795,0.5374923944473267,0.8100961538461539,8.227642059326172,1.205772139208439,0.0,11.49344253540039,8.043437004089355,0.5465301275253296,0.7884615384615384,16.859455108642578,2.400423365296462,0.0,0.0,0.1658653846153846,0.7524038461538461,0.7178132568052835,True
316,131.44049835205078,5.481649398803711,4.266982555389404,0.5417759418487549,0.8028846153846154,8.229381561279297,1.2023199584430608,0.0,11.44176959991455,8.04752254486084,0.5505983829498291,0.7860576923076923,16.965877532958984,2.397873985729156,0.0,0.0,0.16105769230769232,0.7572115384615384,0.7145351986837725,True
317,130.13067626953125,5.486095905303955,4.258442401885986,0.5410321950912476,0.8076923076923077,8.150415420532227,1.1995712331281259,0.0,11.44410228729248,8.02190113067627,0.5504151582717896,0.8052884615384616,16.936277389526367,2.3933095384102603,0.0,0.0,0.16346153846153846,0.7403846153846154,0.714891880796312,True
318,130.7506332397461,5.504216194152832,4.259698867797852,0.5379953384399414,0.8173076923076923,8.11863899230957,1.2008930472418284,0.0,11.489480018615723,7.9969706535339355,0.5468426942825317,0.8173076923076923,16.856428146362305,2.3922095100849106,0.0,0.0,0.16105769230769232,0.7403846153846154,0.7174962686429447,True
319,131.29448699951172,5.506336688995361,4.265846252441406,0.5376392602920532,0.8149038461538461,8.082667350769043,1.2017354321594422,0.0,11.478222846984863,7.961346626281738,0.5477302074432373,0.7980769230769231,16.64236068725586,2.3874815163895104,0.0,0.0,0.16346153846153846,0.7548076923076923,0.7172696016423682,True
320,131.74966430664062,5.521600723266602,4.294915199279785,0.5350723266601562,0.8125,8.094035148620605,1.2074713523189227,0.0,11.48018741607666,7.991013526916504,0.5475754737854004,0.7932692307692307,16.609989166259766,2.3943030570562067,0.0,0.0,0.17067307692307693,0.7475961538461539,0.7183012241913044,True
321,135.9374656677246,5.5264997482299805,4.283278465270996,0.5342469811439514,0.8028846153846154,8.072383880615234,1.2044692946550175,0.0,11.468480110168457,8.01386547088623,0.5484976768493652,0.8004807692307693,16.639188766479492,2.3933182111153233,0.0,0.0,0.17307692307692307,0.7451923076923077,0.7182377151370051,True
322,128.05805206298828,5.542093276977539,4.293599605560303,0.5316149592399597,0.8028846153846154,8.081409454345703,1.2083839348111398,0.0,11.505475044250488,8.053476333618164,0.5455801486968994,0.8004807692307693,16.628381729125977,2.4007722846781596,0.0,0.0,0.17307692307692307,0.7427884615384616,0.7204126235964923,True
323,131.42137908935547,5.536833763122559,4.293994426727295,0.5325034856796265,0.8125,8.134885787963867,1.2122329857295904,0.0,11.530872344970703,8.04001522064209,0.5435717105865479,0.7956730769230769,16.602663040161133,2.4052729457425768,0.0,0.0,0.18269230769230768,0.7572115384615384,0.720892043564185,True
324,131.0233917236328,5.494915008544922,4.295079231262207,0.5395554304122925,0.8100961538461539,8.216368675231934,1.2101088686058155,0.0,11.470176696777344,8.043033599853516,0.5483640432357788,0.78125,16.717741012573242,2.407608098288377,0.0,0.0,0.1875,0.7644230769230769,0.7162874142974904,True
325,130.81641387939453,5.462510585784912,4.270344257354736,0.5449701547622681,0.8028846153846154,8.176796913146973,1.1978272594702548,0.0,11.448796272277832,8.034969329833984,0.5500462055206299,0.7836538461538461,16.690818786621094,2.4046979674162006,0.0,0.0,0.18028846153846154,0.7548076923076923,0.713549235080941,True
326,130.0834846496582,5.475067615509033,4.292549133300781,0.5428756475448608,0.8149038461538461,8.234319686889648,1.201237886494551,0.0,11.447417259216309,8.076495170593262,0.5501545667648315,0.7932692307692307,16.847076416015625,2.4061371902624766,0.0,0.0,0.1778846153846154,0.7403846153846154,0.7142995465684493,True
327,131.38631439208984,5.503037452697754,4.3476176261901855,0.5381932258605957,0.8052884615384616,8.323442459106445,1.2162679634415186,0.0,11.503974914550781,8.144615173339844,0.5456985831260681,0.7932692307692307,16.908723831176758,2.422212255001068,0.0,0.0,0.18028846153846154,0.75,0.7178868718953655,True
328,130.1445083618164,5.513626575469971,4.3195061683654785,0.5364142656326294,0.8197115384615384,8.121193885803223,1.2126298500177188,0.0,11.541804313659668,8.06501579284668,0.5427058339118958,0.8149038461538461,16.538372039794922,2.410095656816012,0.0,0.0,0.19230769230769232,0.75,0.719772337143361,True
329,131.4400634765625,5.477828025817871,4.2987470626831055,0.5424145460128784,0.8221153846153846,8.146320343017578,1.2031160262532723,0.0,11.417596817016602,8.041337966918945,0.5524952411651611,0.7980769230769231,16.725454330444336,2.392755834032328,0.0,0.0,0.17548076923076922,0.7355769230769231,0.7135175636614886,True
330,131.77338409423828,5.466572284698486,4.303992748260498,0.5442931652069092,0.8076923076923077,8.282083511352539,1.2008103453196013,0.0,11.371931076049805,8.155740737915039,0.5560677647590637,0.7764423076923077,17.12735939025879,2.410998649398486,0.0,0.0,0.17307692307692307,0.7331730769230769,0.7113397760451735,True
331,129.7562255859375,5.507107257843018,4.262703895568848,0.5375099182128906,0.8197115384615384,8.06228256225586,1.2001867225536933,0.0,11.469438552856445,8.028437614440918,0.5484222173690796,0.8076923076923077,16.65058708190918,2.402015677954142,0.0,0.0,0.18269230769230768,0.7403846153846154,0.7170368616155669,True
332,131.23899841308594,5.559102535247803,4.2836785316467285,0.5287354588508606,0.8197115384615384,8.004408836364746,1.209183191240598,0.0,11.608779907226562,8.039127349853516,0.5373831987380981,0.8173076923076923,16.432872772216797,2.414950558466789,0.0,0.0,0.18028846153846154,0.7548076923076923,0.7248027210905166,True
333,129.84920501708984,5.5248003005981445,4.307918071746826,0.5345333814620972,0.8076923076923077,8.138946533203125,1.2101139328036554,0.0,11.538405418395996,8.106526374816895,0.5429751873016357,0.7956730769230769,16.750699996948242,2.4171807760993644,0.0,0.0,0.17548076923076922,0.7355769230769231,0.7203706981533484,True
334,131.66444396972656,5.500402927398682,4.273427486419678,0.53863525390625,0.8245192307692307,8.015172958374023,1.1995701028559453,0.0,11.47696304321289,8.047985076904297,0.5478295087814331,0.8173076923076923,16.577617645263672,2.395856732703172,0.0,0.0,0.18028846153846154,0.7331730769230769,0.7168529785179829,True
335,130.9669418334961,5.488839149475098,4.263972282409668,0.5405731201171875,0.8173076923076923,7.958978652954102,1.1967753705688011,0.0,11.49027156829834,8.02865219116211,0.5467802882194519,0.8076923076923077,16.36444854736328,2.394703434847104,0.0,0.0,0.19471153846153846,0.75,0.7165478992245583,True
336,131.4032745361328,5.469359874725342,4.301648139953613,0.5438282489776611,0.7980769230769231,8.104232788085938,1.2050398544623302,0.0,11.435843467712402,8.066697120666504,0.5510637760162354,0.7932692307692307,16.571691513061523,2.3993363413100055,0.0,0.0,0.18990384615384615,0.7427884615384616,0.7135664558311348,True
337,132.38793182373047,5.490240097045898,4.287382125854492,0.5403385758399963,0.8125,8.013716697692871,1.2029940478503705,0.0,11.489910125732422,8.040006637573242,0.5468087792396545,0.8004807692307693,16.398164749145508,2.4073922886107217,0.0,0.0,0.18990384615384615,0.7524038461538461,0.7166249452319914,True
338,128.89807510375977,5.526970863342285,4.274695873260498,0.5341675281524658,0.8100961538461539,7.84156608581543,1.2035449389845898,0.0,11.543452262878418,8.009037017822266,0.5425752997398376,0.8076923076923077,16.200023651123047,2.4098254838624062,0.0,0.0,0.1875,0.7427884615384616,0.720670201846055,True
339,132.87832641601562,5.485701560974121,4.273916244506836,0.5410982370376587,0.8197115384615384,7.9820556640625,1.1968195703167182,0.0,11.442388534545898,8.014585494995117,0.5505497455596924,0.8197115384615384,16.502260208129883,2.3992603673002657,0.0,0.0,0.18269230769230768,0.7307692307692307,0.7148119087593807,True
340,130.71231079101562,5.465089797973633,4.297928810119629,0.544540286064148,0.8197115384615384,8.132521629333496,1.197528078674506,0.0,11.393814086914062,8.092706680297852,0.5543575882911682,0.8028846153846154,16.787626266479492,2.4017536468612843,0.0,0.0,0.1778846153846154,0.7427884615384616,0.7119470972281244,True
341,130.6438751220703,5.455073356628418,4.269414901733398,0.5462082624435425,0.8076923076923077,8.00296401977539,1.1926980666625195,0.0,11.426896095275879,8.045348167419434,0.551766037940979,0.8076923076923077,16.42020034790039,2.3963633834360505,0.0,0.0,0.18509615384615385,0.7451923076923077,0.7123748054461829,True
342,130.19607543945312,5.4622392654418945,4.267956256866455,0.5450153350830078,0.8149038461538461,7.956512451171875,1.1936822613653464,0.0,11.453374862670898,8.055585861206055,0.5496863126754761,0.8076923076923077,16.32070541381836,2.399811527706109,0.0,0.0,0.18990384615384615,0.7427884615384616,0.7136793009209053,True
343,129.14654541015625,5.445821762084961,4.291731834411621,0.5477462410926819,0.8149038461538461,8.104753494262695,1.1979777305936203,0.0,11.38244342803955,8.114412307739258,0.5552465915679932,0.7980769230769231,16.761960983276367,2.3999989637961754,0.0,0.0,0.18028846153846154,0.7163461538461539,0.710361163580365,True
344,130.21076202392578,5.44099760055542,4.282956600189209,0.5485471487045288,0.8149038461538461,8.081740379333496,1.1966014192845578,0.0,11.353354454040527,8.085981369018555,0.5575169324874878,0.8125,16.86865997314453,2.3930513582168484,0.0,0.0,0.1778846153846154,0.7163461538461539,0.7091218961568397,True
345,128.41384887695312,5.445729732513428,4.276620864868164,0.5477614402770996,0.8293269230769231,8.081290245056152,1.1944077656246148,0.0,11.342960357666016,8.067612648010254,0.558326780796051,0.8221153846153846,16.96042823791504,2.3841886293620633,0.0,0.0,0.1778846153846154,0.7163461538461539,0.7090886643002885,True
346,131.83903121948242,5.431224346160889,4.3039422035217285,0.5501675605773926,0.8245192307692307,8.137589454650879,1.1950162438054879,0.0,11.312651634216309,8.066062927246094,0.5606839656829834,0.8076923076923077,16.95148468017578,2.3813246136101394,0.0,0.0,0.18269230769230768,0.7259615384615384,0.7071968619764052,True
347,130.52957916259766,5.4457550048828125,4.315269470214844,0.5477572679519653,0.8221153846153846,8.113593101501465,1.1981591875927573,0.0,11.330570220947266,8.03480052947998,0.5592911243438721,0.8076923076923077,16.688079833984375,2.3792440413855585,0.0,0.0,0.1875,0.7379807692307693,0.708693217973308,True
348,129.5910873413086,5.476380825042725,4.336559772491455,0.5426563620567322,0.8149038461538461,8.080697059631348,1.2076491572726995,0.0,11.420401573181152,8.073017120361328,0.5522753596305847,0.8125,16.519498825073242,2.397135354654911,0.0,0.0,0.18990384615384615,0.7451923076923077,0.7135157369105442,True
349,127.84770202636719,5.489700794219971,4.346881866455078,0.5404289364814758,0.8052884615384616,8.089791297912598,1.2119637219760662,0.0,11.452420234680176,8.134797096252441,0.5497613549232483,0.8028846153846154,16.599815368652344,2.4119160707562393,0.0,0.0,0.19230769230769232,0.7379807692307693,0.7153872338784665,True
350,129.63687896728516,5.456993579864502,4.313234806060791,0.5458887219429016,0.8052884615384616,8.040534973144531,1.2017584454172696,0.0,11.419401168823242,8.125443458557129,0.5523537993431091,0.7956730769230769,16.394805908203125,2.410027484022654,0.0,0.0,0.19951923076923078,0.7379807692307693,0.7122554630527249,True
351,131.1173210144043,5.432814121246338,4.302998065948486,0.5499041080474854,0.8028846153846154,8.049623489379883,1.1964940145802803,0.0,11.366499900817871,8.092266082763672,0.5564917325973511,0.7956730769230769,16.336261749267578,2.3994847120764926,0.0,0.0,0.20192307692307693,0.7427884615384616,0.7090255404447435,True
352,129.66751861572266,5.438409328460693,4.306179523468018,0.548976480960846,0.8028846153846154,8.054570198059082,1.194884490298155,0.0,11.341402053833008,8.043595314025879,0.558448076248169,0.7908653846153846,16.27301025390625,2.390277552241698,0.0,0.0,0.19471153846153846,0.7475961538461539,0.7085744076333791,True
353,127.9085464477539,5.449354648590088,4.293496131896973,0.5471592545509338,0.8100961538461539,8.010072708129883,1.195180051238873,0.0,11.373270988464355,8.006104469299316,0.5559630990028381,0.7956730769230769,16.212921142578125,2.3899753775925205,0.0,0.0,0.19471153846153846,0.7524038461538461,0.7102905835087036,True
354,128.19787979125977,5.444807052612305,4.286682605743408,0.5479147434234619,0.8197115384615384,8.010577201843262,1.1930502204367748,0.0,11.372025489807129,8.028922080993652,0.5560603737831116,0.7908653846153846,16.268753051757812,2.3932277677150875,0.0,0.0,0.20192307692307693,0.7572115384615384,0.7099624466312046,True
355,129.53404235839844,5.450982093811035,4.282994270324707,0.5468887090682983,0.8245192307692307,8.042356491088867,1.1930968039310896,0.0,11.345728874206543,8.067360877990723,0.5581111907958984,0.7908653846153846,16.470596313476562,2.392254378990485,0.0,0.0,0.19471153846153846,0.7379807692307693,0.7095106836099512,True
356,131.94478607177734,5.46254301071167,4.294809341430664,0.5449646711349487,0.8269230769230769,8.046384811401367,1.197306601722271,0.0,11.330170631408691,8.070954322814941,0.5593222379684448,0.7956730769230769,16.524852752685547,2.388862046159995,0.0,0.0,0.18990384615384615,0.7283653846153846,0.7097469728540676,True
357,131.03316497802734,5.46150016784668,4.267446041107178,0.5451383590698242,0.8293269230769231,8.023767471313477,1.1914277848715966,0.0,11.338013648986816,8.038965225219727,0.5587118864059448,0.8076923076923077,16.46257209777832,2.3812881189852186,0.0,0.0,0.19230769230769232,0.7259615384615384,0.709931622728646,True
358,128.90744400024414,5.4409637451171875,4.243058681488037,0.5485527515411377,0.8293269230769231,8.019868850708008,1.1839921101354636,0.0,11.322054862976074,7.994368553161621,0.5599533319473267,0.8100961538461539,16.34644889831543,2.3736947922752454,0.0,0.0,0.19951923076923078,0.7524038461538461,0.7081162645593112,True
359,130.7938461303711,5.426300048828125,4.280134201049805,0.5509827136993408,0.8221153846153846,8.157893180847168,1.1894257019727659,0.0,11.273457527160645,8.02277946472168,0.5637227892875671,0.7980769230769231,16.560659408569336,2.3740600307782493,0.0,0.0,0.1971153846153846,0.7644230769230769,0.7056286909850897,True
360,133.01030731201172,5.414885520935059,4.284127235412598,0.5528699159622192,0.8125,8.172712326049805,1.1896757139418368,0.0,11.2796630859375,8.028095245361328,0.5632424354553223,0.8028846153846154,16.627412796020508,2.3756329129521663,0.0,0.0,0.20432692307692307,0.7596153846153846,0.7051028398757455,True
361,127.16894912719727,5.412825584411621,4.265337944030762,0.5532100200653076,0.8269230769230769,8.053534507751465,1.18386258100852,0.0,11.321028709411621,8.006772994995117,0.5600330829620361,0.7980769230769231,16.347124099731445,2.379238290549853,0.0,0.0,0.2091346153846154,0.7692307692307693,0.7062995933335604,True
362,130.06280899047852,5.3981428146362305,4.272952556610107,0.5556306838989258,0.8197115384615384,8.094085693359375,1.1841931076194994,0.0,11.280218124389648,8.058155059814453,0.5631994009017944,0.7860576923076923,16.447776794433594,2.3829609686174456,0.0,0.0,0.2091346153846154,0.7572115384615384,0.7040593242570166,True
363,129.10548400878906,5.413949489593506,4.290352821350098,0.553024411201477,0.8052884615384616,8.14488410949707,1.190296919643879,0.0,11.301637649536133,8.09609317779541,0.5615389347076416,0.7956730769230769,16.585237503051758,2.386304091547544,0.0,0.0,0.20192307692307693,0.7475961538461539,0.7057482594563121,True
364,127.85541534423828,5.44248104095459,4.276844024658203,0.5483009219169617,0.8173076923076923,8.053302764892578,1.190137730156764,0.0,11.355238914489746,8.036744117736816,0.5573700666427612,0.7980769230769231,16.45526123046875,2.3800265464645167,0.0,0.0,0.20192307692307693,0.7427884615384616,0.7092763837888014,True
365,129.2252426147461,5.465817451477051,4.300954341888428,0.5444189310073853,0.8100961538461539,8.03080940246582,1.199558512178751,0.0,11.382295608520508,8.066671371459961,0.5552581548690796,0.7980769230769231,16.383506774902344,2.3929220794485166,0.0,0.0,0.20432692307692307,0.7572115384615384,0.7116239747451054,True
366,130.8471908569336,5.468190670013428,4.3341145515441895,0.5440232753753662,0.8100961538461539,8.104817390441895,1.2048365767949667,0.0,11.3602933883667,8.110784530639648,0.5569759607315063,0.7884615384615384,16.437179565429688,2.3993166947403015,0.0,0.0,0.20192307692307693,0.7524038461538461,0.7110698679999315,True
367,127.14183044433594,5.447593688964844,4.31524658203125,0.5474518537521362,0.8100961538461539,8.062554359436035,1.1971172815141007,0.0,11.340877532958984,8.093073844909668,0.5584890246391296,0.7764423076923077,16.292274475097656,2.398140918864654,0.0,0.0,0.21153846153846154,0.7427884615384616,0.7091401822527423,True
368,128.12639236450195,5.448289394378662,4.29579496383667,0.547336220741272,0.8197115384615384,7.987368583679199,1.193436035112693,0.0,11.366201400756836,8.062321662902832,0.5565149784088135,0.7836538461538461,16.131568908691406,2.39609137647427,0.0,0.0,0.2091346153846154,0.7572115384615384,0.7099962538235136,True
369,128.0588836669922,5.4600725173950195,4.3015828132629395,0.545376181602478,0.8197115384615384,8.007949829101562,1.1967388342588374,0.0,11.363787651062012,8.07496452331543,0.5567033290863037,0.8028846153846154,16.230424880981445,2.3965811555584273,0.0,0.0,0.20673076923076922,0.7475961538461539,0.7106662867882118,True
370,127.77993774414062,5.470626354217529,4.312774658203125,0.5436170101165771,0.8125,7.994790077209473,1.2012283275333735,0.0,11.368891716003418,8.081830978393555,0.5563050508499146,0.8028846153846154,16.252038955688477,2.400564573132075,0.0,0.0,0.20192307692307693,0.7307692307692307,0.7114998760108592,True
371,127.08177947998047,5.460306167602539,4.30825138092041,0.5453373193740845,0.8221153846153846,7.938422679901123,1.1976951222389174,0.0,11.350885391235352,8.051694869995117,0.5577094554901123,0.8004807692307693,16.13875961303711,2.3931902209535623,0.0,0.0,0.2091346153846154,0.7355769230769231,0.7102678281743199,True
372,130.2947998046875,5.4532270431518555,4.290209770202637,0.5465154051780701,0.8245192307692307,7.9158406257629395,1.1918346002124822,0.0,11.310365676879883,8.025739669799805,0.5608614683151245,0.7932692307692307,16.184192657470703,2.3817098637995047,0.0,0.0,0.2091346153846154,0.7331730769230769,0.7085211273897736,True
373,129.1317596435547,5.459719181060791,4.291605472564697,0.5454350113868713,0.8245192307692307,7.930476188659668,1.1945393225894525,0.0,11.313800811767578,8.061445236206055,0.5605946779251099,0.8052884615384616,16.372554779052734,2.3866651284389007,0.0,0.0,0.19951923076923078,0.7283653846153846,0.7090438635969032,True
374,128.22650527954102,5.45483922958374,4.28559684753418,0.5462472438812256,0.8293269230769231,7.88179349899292,1.1940994347517306,0.0,11.340574264526367,8.03347110748291,0.5585125684738159,0.8052884615384616,16.266197204589844,2.3854035933430375,0.0,0.0,0.20432692307692307,0.7259615384615384,0.7095904365196755,True
375,127.53269958496094,5.419154644012451,4.2778167724609375,0.5521645545959473,0.8269230769230769,7.914456844329834,1.188230503617953,0.0,11.307031631469727,8.01249885559082,0.5611202716827393,0.8052884615384616,16.250389099121094,2.377832870720289,0.0,0.0,0.20192307692307693,0.7355769230769231,0.7062512279986474,True
376,126.21228408813477,5.398009777069092,4.280068874359131,0.5556524991989136,0.8125,7.993895530700684,1.1834085029478258,0.0,11.232419967651367,8.02158260345459,0.5668932795524597,0.7980769230769231,16.316049575805664,2.368310459397542,0.0,0.0,0.20673076923076922,0.7427884615384616,0.7025179192440633,True
377,127.9585075378418,5.412571907043457,4.273167133331299,0.5532518625259399,0.8197115384615384,7.983790397644043,1.179488748503037,0.0,11.225985527038574,8.000598907470703,0.5673893690109253,0.8028846153846154,16.317882537841797,2.3621794695655502,0.0,0.0,0.2091346153846154,0.75,0.7032370547125709,True
378,125.77510070800781,5.433738708496094,4.2780046463012695,0.5497508645057678,0.8317307692307693,7.946132183074951,1.1835619228963667,0.0,11.256451606750488,8.004494667053223,0.5650380849838257,0.8076923076923077,16.187055587768555,2.3688854590058326,0.0,0.0,0.21394230769230768,0.75,0.7055575539369463,True
379,129.3067512512207,5.4393134117126465,4.2851481437683105,0.5488265156745911,0.8245192307692307,7.9802374839782715,1.1888689992710566,0.0,11.261762619018555,8.043808937072754,0.5646275281906128,0.8004807692307693,16.310855865478516,2.3786300578369546,0.0,0.0,0.20673076923076922,0.7403846153846154,0.7060820373009281,True
380,126.60201263427734,5.465325355529785,4.293100833892822,0.5445009469985962,0.8269230769230769,7.956711292266846,1.1944546078642209,0.0,11.323365211486816,8.058517456054688,0.5598514080047607,0.8052884615384616,16.28614616394043,2.3860999774474365,0.0,0.0,0.2091346153846154,0.7379807692307693,0.7097062914453812,True
381,128.21632385253906,5.48876953125,4.299283504486084,0.5405848026275635,0.8269230769230769,7.949306011199951,1.197728426849995,0.0,11.398819923400879,8.038066864013672,0.5539659261703491,0.8100961538461539,16.140491485595703,2.38993725662048,0.0,0.0,0.21875,0.7451923076923077,0.7136105969108479,True
382,126.9867172241211,5.458970069885254,4.333735466003418,0.5455597639083862,0.8173076923076923,8.125265121459961,1.2013512895275387,0.0,11.321712493896484,8.072065353393555,0.5599799156188965,0.7908653846153846,16.346555709838867,2.3824818477416647,0.0,0.0,0.21875,0.7475961538461539,0.709249240838142,True
383,127.80657958984375,5.4515180587768555,4.301506042480469,0.5467996597290039,0.8100961538461539,8.09231948852539,1.1943866456930454,0.0,11.312577247619629,8.047080039978027,0.5606896877288818,0.7980769230769231,16.31879997253418,2.374459052276917,0.0,0.0,0.22596153846153846,0.7403846153846154,0.7084832324360782,True
384,129.65349960327148,5.469030857086182,4.2863311767578125,0.5438831448554993,0.8221153846153846,7.984740257263184,1.1909216931042,0.0,11.379109382629395,8.053991317749023,0.5555071830749512,0.8028846153846154,16.217100143432617,2.3863050123819938,0.0,0.0,0.22355769230769232,0.7403846153846154,0.7117258148445844,True
385,127.73101425170898,5.468922138214111,4.30561637878418,0.5439013242721558,0.8173076923076923,8.048624992370605,1.1928078304307583,0.0,11.3302583694458,8.100650787353516,0.5593154430389404,0.7932692307692307,16.446353912353516,2.3887785463187936,0.0,0.0,0.20673076923076922,0.7331730769230769,0.710155488922195,True
386,129.87935638427734,5.460503578186035,4.295063495635986,0.5453043580055237,0.8100961538461539,7.967623233795166,1.1915214071862208,0.0,11.322240829467773,8.04682731628418,0.559938907623291,0.7956730769230769,16.302078247070312,2.3827497957990724,0.0,0.0,0.21875,0.7355769230769231,0.7093636518731461,True
387,127.72198486328125,5.433866500854492,4.301445960998535,0.5497297048568726,0.8197115384615384,7.970203876495361,1.190525411355954,0.0,11.285845756530762,8.025611877441406,0.5627634525299072,0.7908653846153846,16.248676300048828,2.3757478228746316,0.0,0.0,0.22115384615384615,0.7427884615384616,0.7065059744243604,True
388,128.5272102355957,5.428711414337158,4.312206745147705,0.5505837202072144,0.8100961538461539,7.979250431060791,1.1905842755658504,0.0,11.244812965393066,8.031695365905762,0.5659370422363281,0.7908653846153846,16.274051666259766,2.3692147374153136,0.0,0.0,0.23076923076923078,0.7427884615384616,0.7048656376633704,True
389,128.2934455871582,5.440576553344727,4.3051629066467285,0.5486170053482056,0.8100961538461539,7.9444804191589355,1.1892397554256975,0.0,11.241756439208984,8.03255558013916,0.5661729574203491,0.7956730769230769,16.338884353637695,2.366364363561838,0.0,0.0,0.22596153846153846,0.7355769230769231,0.7055233753467123,True
390,126.56161880493164,5.449038028717041,4.2958879470825195,0.5472118258476257,0.8149038461538461,7.9030842781066895,1.189444094304091,0.0,11.250381469726562,8.008310317993164,0.5655070543289185,0.8028846153846154,16.293798446655273,2.3641451112352887,0.0,0.0,0.22355769230769232,0.7427884615384616,0.706337848620268,True
391,126.31433868408203,5.4677815437316895,4.307610034942627,0.544091522693634,0.8173076923076923,7.9099931716918945,1.1941878871275828,0.0,11.32064437866211,8.057552337646484,0.5600628852844238,0.8076923076923077,16.226890563964844,2.380256809676305,0.0,0.0,0.22355769230769232,0.7475961538461539,0.7097756008170277,True
392,127.33542251586914,5.444735527038574,4.3000054359436035,0.5479265451431274,0.8125,7.926262378692627,1.1891860366058655,0.0,11.31745433807373,8.049062728881836,0.5603108406066895,0.8076923076923077,16.12875747680664,2.3787440023361106,0.0,0.0,0.22596153846153846,0.7524038461538461,0.708208390579616,True
393,126.62829208374023,5.408451080322266,4.287555694580078,0.5539319515228271,0.8100961538461539,7.956734657287598,1.1831733708580334,0.0,11.249151229858398,8.021026611328125,0.5656020641326904,0.7956730769230769,16.160968780517578,2.365624407888987,0.0,0.0,0.22355769230769232,0.7572115384615384,0.7037167597340185,True
394,128.68390655517578,5.419952869415283,4.273477554321289,0.5520325899124146,0.8269230769230769,7.9265642166137695,1.1798744569795254,0.0,11.248000144958496,7.983338356018066,0.5656909346580505,0.8125,16.162954330444336,2.3549922308669644,0.0,0.0,0.2283653846153846,0.7451923076923077,0.7044105809720227,True
395,127.51367568969727,5.430954933166504,4.307379722595215,0.5502120852470398,0.8317307692307693,8.026016235351562,1.1854621772200633,0.0,11.218448638916016,8.02076244354248,0.5679700374603271,0.7980769230769231,16.35295867919922,2.3539551951373237,0.0,0.0,0.22355769230769232,0.7331730769230769,0.7041662559072217,True
396,128.63817596435547,5.4501471519470215,4.322665691375732,0.547027587890625,0.8317307692307693,8.01950454711914,1.1922599027172114,0.0,11.244893074035645,8.037102699279785,0.5659308433532715,0.8004807692307693,16.24034309387207,2.3625393386643667,0.0,0.0,0.23076923076923078,0.7403846153846154,0.706233404965348,True
397,127.4934310913086,5.465901851654053,4.309691905975342,0.544404923915863,0.8269230769230769,7.906424522399902,1.1932799633687887,0.0,11.33808708190918,8.06290054321289,0.5587062835693359,0.7908653846153846,15.867076873779297,2.38809639586088,0.0,0.0,0.24759615384615385,0.75,0.710213765905169,True
398,126.10443878173828,5.4123053550720215,4.318272113800049,0.553295910358429,0.8100961538461539,8.045244216918945,1.1883451367991094,0.0,11.204798698425293,8.048640251159668,0.5690207481384277,0.7860576923076923,16.068925857543945,2.3683128115458363,0.0,0.0,0.24759615384615385,0.7572115384615384,0.7025426870772141,True
399,128.23221588134766,5.4214677810668945,4.302763938903809,0.5517821311950684,0.8197115384615384,7.979487419128418,1.1820966080786326,0.0,11.210644721984863,8.021265029907227,0.5685708522796631,0.7932692307692307,16.07012939453125,2.362197516763058,0.0,0.0,0.2403846153846154,0.7403846153846154,0.7033127553576201,True
400,126.72207260131836,5.467299938201904,4.299262046813965,0.5441718101501465,0.8245192307692307,7.901861190795898,1.1856299836284074,0.0,11.257962226867676,8.024053573608398,0.5649212598800659,0.7932692307692307,16.14333152770996,2.3670453668404847,0.0,0.0,0.22596153846153846,0.7235576923076923,0.7077442578194788,True
401,125.90357971191406,5.464940071105957,4.342763900756836,0.5445652604103088,0.8269230769230769,7.9807257652282715,1.1951656416822705,0.0,11.243612289428711,8.050278663635254,0.5660297870635986,0.7956730769230769,16.319414138793945,2.369823956909852,0.0,0.0,0.22115384615384615,0.71875,0.7071363261673677,True
402,128.23007202148438,5.453150749206543,4.36509895324707,0.5465281009674072,0.8149038461538461,8.03592586517334,1.2011600389885597,0.0,11.223527908325195,8.064194679260254,0.5675787925720215,0.7932692307692307,16.27515983581543,2.3694714372738814,0.0,0.0,0.23317307692307693,0.7427884615384616,0.7057437533780317,True
403,129.8534393310547,5.431319713592529,4.34323787689209,0.5501517057418823,0.8197115384615384,8.051713943481445,1.1934594633869635,0.0,11.203496932983398,8.057511329650879,0.5691208839416504,0.7956730769230769,16.30016326904297,2.3636216412943143,0.0,0.0,0.2283653846153846,0.7427884615384616,0.7037123520650461,True
404,127.66363906860352,5.418423175811768,4.3173604011535645,0.5522854328155518,0.8245192307692307,8.05569076538086,1.1851303308820111,0.0,11.1959867477417,8.055929183959961,0.5696983337402344,0.7956730769230769,16.323745727539062,2.3617053083120245,0.0,0.0,0.23317307692307693,0.7379807692307693,0.7026507408063455,True
405,127.40099334716797,5.425655841827393,4.2940778732299805,0.5510894060134888,0.8245192307692307,7.983522891998291,1.1804589681518383,0.0,11.231687545776367,8.03197193145752,0.5669498443603516,0.8052884615384616,16.186607360839844,2.361237552647407,0.0,0.0,0.23557692307692307,0.7403846153846154,0.704251676463945,True
406,124.08882141113281,5.425217151641846,4.284914970397949,0.5511620044708252,0.8269230769230769,7.953434944152832,1.1793651014375381,0.0,11.226238250732422,7.981195449829102,0.5673698782920837,0.8052884615384616,16.10732650756836,2.3505674538704064,0.0,0.0,0.23798076923076922,0.7475961538461539,0.7040496233446939,True
407,128.23102569580078,5.434030532836914,4.30078125,0.5497024655342102,0.8245192307692307,7.9267497062683105,1.1852608887239906,0.0,11.210554122924805,7.96339225769043,0.5685778856277466,0.7980769230769231,16.046947479248047,2.348038355184671,0.0,0.0,0.23557692307692307,0.7475961538461539,0.7041103326100404,True
408,127.24706268310547,5.43720817565918,4.3115692138671875,0.5491757392883301,0.8173076923076923,7.888679027557373,1.1871970560497198,0.0,11.196836471557617,7.997475624084473,0.5696330666542053,0.8004807692307693,16.087541580200195,2.3537404811344085,0.0,0.0,0.2283653846153846,0.7307692307692307,0.7038755632726345,True
409,126.10380554199219,5.457247734069824,4.31654167175293,0.5458464622497559,0.8269230769230769,7.816381454467773,1.191826660415301,0.0,11.237160682678223,8.023003578186035,0.5665276050567627,0.8076923076923077,15.997058868408203,2.3651395408388893,0.0,0.0,0.23317307692307693,0.7307692307692307,0.7064397254768354,True
410,126.52427673339844,5.433047294616699,4.341660022735596,0.5498654246330261,0.8365384615384616,7.950484752655029,1.1945205156619731,0.0,11.193510055541992,8.072221755981445,0.569888710975647,0.8052884615384616,16.215410232543945,2.3657902150964127,0.0,0.0,0.2283653846153846,0.7283653846153846,0.7035040290799933,True
411,125.8768424987793,5.426445484161377,4.343523979187012,0.5509587526321411,0.8221153846153846,8.002954483032227,1.194288014486814,0.0,11.185872077941895,8.080102920532227,0.5704754590988159,0.8004807692307693,16.218900680541992,2.3645670964167667,0.0,0.0,0.23076923076923078,0.7379807692307693,0.7028393455326566,True
412,127.75537872314453,5.4326395988464355,4.27749490737915,0.5499330163002014,0.8413461538461539,7.849945068359375,1.1811426602017419,0.0,11.262591361999512,8.003182411193848,0.5645633935928345,0.8076923076923077,15.889291763305664,2.3659158498048782,0.0,0.0,0.24759615384615385,0.7307692307692307,0.7056839582892421,True
413,129.07263946533203,5.382272720336914,4.252270698547363,0.5582396388053894,0.8341346153846154,7.9800920486450195,1.169111084498656,0.0,11.160117149353027,8.019001007080078,0.572451114654541,0.7980769230769231,16.179405212402344,2.354903697623656,0.0,0.0,0.23798076923076922,0.7259615384615384,0.6992035923847102,True
414,127.2406997680664,5.371427059173584,4.280799388885498,0.5600181818008423,0.8221153846153846,8.057537078857422,1.1730451254890515,0.0,11.161803245544434,8.054183959960938,0.5723219513893127,0.7980769230769231,16.252744674682617,2.3631433337353744,0.0,0.0,0.23798076923076922,0.7283653846153846,0.6985682413524397,True
415,128.08212280273438,5.417040824890137,4.266984462738037,0.552513837814331,0.8413461538461539,7.84218692779541,1.1756550775506558,0.0,11.269746780395508,7.99275541305542,0.5640100240707397,0.8076923076923077,15.862508773803711,2.3690460070203514,0.0,0.0,0.25721153846153844,0.7427884615384616,0.7049218461304223,True
416,125.57034683227539,5.401848793029785,4.293689250946045,0.555020272731781,0.8317307692307693,7.944402694702148,1.1785266771530494,0.0,11.162206649780273,7.990728378295898,0.5722910165786743,0.8100961538461539,16.153751373291016,2.3517262831712378,0.0,0.0,0.24278846153846154,0.7379807692307693,0.700516325149308,True
417,126.80916213989258,5.397781848907471,4.319301605224609,0.5556900501251221,0.8197115384615384,8.020233154296875,1.1833569839214668,0.0,11.110026359558105,8.04903793334961,0.5762804746627808,0.8004807692307693,16.325315475463867,2.354956942452834,0.0,0.0,0.22596153846153846,0.7355769230769231,0.6985925116386126,True
418,127.45616912841797,5.412242412567139,4.284658432006836,0.5533062815666199,0.8269230769230769,7.860818862915039,1.1798827618742602,0.0,11.212143898010254,8.010042190551758,0.5684555172920227,0.8076923076923077,15.911595344543457,2.3629624791634387,0.0,0.0,0.25240384615384615,0.7427884615384616,0.7027734643391138,True
419,127.38926696777344,5.399470329284668,4.279678821563721,0.5554120540618896,0.8149038461538461,7.906383991241455,1.1777348818687294,0.0,11.20029354095459,8.017065048217773,0.5693672895431519,0.8052884615384616,15.928802490234375,2.3621774247059455,0.0,0.0,0.25,0.7451923076923077,0.7015822005945589,True
420,126.51950454711914,5.4022297859191895,4.3247880935668945,0.5549575090408325,0.7980769230769231,8.10169506072998,1.1870975384918545,0.0,11.162872314453125,8.117056846618652,0.5722399950027466,0.7884615384615384,16.30423355102539,2.3680601512583404,0.0,0.0,0.23317307692307693,0.7427884615384616,0.7005618498033247,True
421,125.53689575195312,5.412318229675293,4.312317371368408,0.5532938241958618,0.8245192307692307,7.952086448669434,1.1844000218579402,0.0,11.249664306640625,8.048458099365234,0.5655624270439148,0.8052884615384616,15.948555946350098,2.3721063341085724,0.0,0.0,0.25,0.7524038461538461,0.7039787617664652,True
422,125.77215194702148,5.428461074829102,4.305473804473877,0.5506251454353333,0.8269230769230769,7.8753461837768555,1.185896055954389,0.0,11.294268608093262,8.022414207458496,0.5621105432510376,0.8100961538461539,15.764892578125,2.375267752049825,0.0,0.0,0.2620192307692308,0.7572115384615384,0.7064324070670812,True
423,126.25248718261719,5.396378993988037,4.33479642868042,0.5559209585189819,0.8125,8.09062385559082,1.1869265647270741,0.0,11.13985824584961,8.051529884338379,0.5740020275115967,0.7956730769230769,16.134113311767578,2.3581551602253548,0.0,0.0,0.25,0.7572115384615384,0.6994543970004559,True
424,125.72607803344727,5.392025947570801,4.285932540893555,0.556637167930603,0.8293269230769231,8.006155967712402,1.1781213434842919,0.0,11.214910507202148,7.977933883666992,0.5682424902915955,0.8100961538461539,15.860210418701172,2.3582568170359504,0.0,0.0,0.25,0.7620192307692307,0.7015771250302715,True
425,124.87680053710938,5.421356678009033,4.273594379425049,0.5518004894256592,0.84375,7.902196407318115,1.179859283566475,0.0,11.30932331085205,7.9948859214782715,0.5609424114227295,0.8173076923076923,15.683370590209961,2.3763563147340063,0.0,0.0,0.2620192307692308,0.7596153846153846,0.7064643337719929,True
426,124.14820861816406,5.414026737213135,4.302326202392578,0.5530116558074951,0.8173076923076923,8.049803733825684,1.186645170320303,0.0,11.183223724365234,8.035872459411621,0.5706788301467896,0.8125,16.06755828857422,2.3633973768124212,0.0,0.0,0.24759615384615385,0.7548076923076923,0.7019631707160112,True
427,125.51414489746094,5.398708343505859,4.291361331939697,0.5555375218391418,0.8221153846153846,7.9960551261901855,1.178101089138251,0.0,11.15714168548584,8.023453712463379,0.5726790428161621,0.8028846153846154,16.11074447631836,2.35325690584305,0.0,0.0,0.24519230769230768,0.7427884615384616,0.7001545494315842,True
428,127.60871124267578,5.420303821563721,4.27217435836792,0.5519746541976929,0.8197115384615384,7.8233747482299805,1.1752706669462034,0.0,11.254110336303711,8.002348899841309,0.5652190446853638,0.8004807692307693,15.84079647064209,2.3594938215727987,0.0,0.0,0.25,0.7331730769230769,0.7046284163603692,True
429,126.88480377197266,5.396576881408691,4.298838138580322,0.5558884143829346,0.8076923076923077,7.936239242553711,1.1762336827050417,0.0,11.178882598876953,8.049663543701172,0.5710121393203735,0.7908653846153846,16.02873992919922,2.355851320731334,0.0,0.0,0.24759615384615385,0.7379807692307693,0.7007134768731352,True
430,125.25019836425781,5.390508651733398,4.314568519592285,0.556886613368988,0.8149038461538461,7.928898811340332,1.18057096470625,0.0,11.171819686889648,8.081305503845215,0.5715540647506714,0.7980769230769231,15.965460777282715,2.3655070861944787,0.0,0.0,0.25240384615384615,0.7427884615384616,0.7001016321915562,True
431,128.1987533569336,5.395357608795166,4.287308216094971,0.5560890436172485,0.8149038461538461,7.836333274841309,1.177514561972557,0.0,11.21621036529541,8.047439575195312,0.5681424140930176,0.8076923076923077,15.828972816467285,2.3679305608646994,0.0,0.0,0.2548076923076923,0.7403846153846154,0.7018303138989774,True
432,125.57413101196289,5.372818946838379,4.281810283660889,0.5597901344299316,0.8245192307692307,7.950057029724121,1.1717468046989197,0.0,11.133208274841309,8.02525520324707,0.5745104551315308,0.7956730769230769,16.15705680847168,2.348195578177006,0.0,0.0,0.2403846153846154,0.7355769230769231,0.69774181594063,True
433,124.67678833007812,5.377498626708984,4.30237340927124,0.5590229034423828,0.8197115384615384,8.03870964050293,1.1727452274889516,0.0,11.13284683227539,8.040339469909668,0.5745380520820618,0.8028846153846154,16.335405349731445,2.346501547594865,0.0,0.0,0.23798076923076922,0.7307692307692307,0.698028016650633,True
434,125.58465576171875,5.373772621154785,4.29310417175293,0.5596337914466858,0.8245192307692307,7.984731197357178,1.1699930870189117,0.0,11.149333953857422,8.001787185668945,0.573276937007904,0.8052884615384616,16.15641212463379,2.340044274792457,0.0,0.0,0.25,0.7403846153846154,0.6983182106324498,True
435,123.35832977294922,5.36527681350708,4.302486419677734,0.5610251426696777,0.8221153846153846,8.01567554473877,1.1703185594234713,0.0,11.094111442565918,7.987951278686523,0.5774935483932495,0.8052884615384616,16.02328109741211,2.3330609368590207,0.0,0.0,0.25721153846153844,0.7475961538461539,0.6960123824899288,True
436,126.9815902709961,5.382254600524902,4.33583402633667,0.5582426190376282,0.8221153846153846,8.059168815612793,1.1788966441192688,0.0,11.07049560546875,8.005257606506348,0.5792903900146484,0.7980769230769231,15.98980712890625,2.3387277631996537,0.0,0.0,0.25721153846153844,0.7596153846153846,0.6963416906605148,True
437,125.15726470947266,5.392940044403076,4.327280044555664,0.5564868450164795,0.8293269230769231,8.02518367767334,1.1782505877315996,0.0,11.106030464172363,8.020709991455078,0.5765852928161621,0.8076923076923077,15.956360816955566,2.347573273304181,0.0,0.0,0.2548076923076923,0.7524038461538461,0.6981561434856196,True
438,127.42760848999023,5.393580436706543,4.28782844543457,0.5563814640045166,0.8341346153846154,7.883814334869385,1.1756192113726567,0.0,11.178520202636719,8.01154899597168,0.5710399150848389,0.8052884615384616,15.781686782836914,2.356315364784155,0.0,0.0,0.2620192307692308,0.7475961538461539,0.7005112734871157,True
439,126.295654296875,5.3553924560546875,4.287323951721191,0.5626410841941833,0.8245192307692307,7.969108581542969,1.1711038295466165,0.0,11.08104133605957,8.013848304748535,0.5784884691238403,0.8028846153846154,16.064321517944336,2.3410820526954454,0.0,0.0,0.25,0.7307692307692307,0.6949655155505492,True
440,126.67398452758789,5.354377746582031,4.29332160949707,0.5628068447113037,0.8197115384615384,7.978140830993652,1.1699682727074012,0.0,11.048994064331055,8.043244361877441,0.5809230804443359,0.7980769230769231,16.18897247314453,2.340055944522222,0.0,0.0,0.25240384615384615,0.7307692307692307,0.6938776304969232,True
441,126.14685821533203,5.37864875793457,4.2763800621032715,0.5588343143463135,0.8149038461538461,7.832082271575928,1.1702179436500255,0.0,11.101515769958496,7.990767478942871,0.5769294500350952,0.8149038461538461,15.907690048217773,2.341636215112148,0.0,0.0,0.25721153846153844,0.7331730769230769,0.6971007050782104,True
442,123.43386840820312,5.370558738708496,4.285667419433594,0.5601603984832764,0.8125,7.8742852210998535,1.1717597829225734,0.0,11.064530372619629,7.98915433883667,0.5797437429428101,0.8052884615384616,16.039356231689453,2.3376402657192488,0.0,0.0,0.25,0.7307692307692307,0.69540508133038,True
443,123.6988410949707,5.394825458526611,4.297255992889404,0.5561766624450684,0.8197115384615384,7.901803970336914,1.17744801293772,0.0,11.096435546875,8.024041175842285,0.5773165822029114,0.8052884615384616,16.236919403076172,2.34441816155345,0.0,0.0,0.2403846153846154,0.7283653846153846,0.6979707365825539,True
444,125.10427856445312,5.452035903930664,4.29779052734375,0.5467135310173035,0.8317307692307693,7.811205863952637,1.1844525763717217,0.0,11.229390144348145,8.042963027954102,0.5671269297599792,0.8197115384615384,16.102142333984375,2.360544170401035,0.0,0.0,0.24519230769230768,0.7211538461538461,0.7058594498492003,True
445,125.54391479492188,5.447782039642334,4.315793514251709,0.5474206209182739,0.8317307692307693,7.9256439208984375,1.1867658349183892,0.0,11.171854019165039,8.064287185668945,0.5715513825416565,0.8125,16.236696243286133,2.3564448265311047,0.0,0.0,0.24278846153846154,0.7283653846153846,0.7037555246683262,True
446,125.8249397277832,5.40791130065918,4.309828758239746,0.5540209412574768,0.8293269230769231,7.9907660484313965,1.178708601762087,0.0,11.089132308959961,8.061389923095703,0.5778727531433105,0.8052884615384616,16.182971954345703,2.3456172010073293,0.0,0.0,0.24519230769230768,0.7259615384615384,0.6985744638720917,True
447,125.25921630859375,5.401167392730713,4.268720626831055,0.5551325082778931,0.8221153846153846,7.906566143035889,1.1738507733322108,0.0,11.10246467590332,7.996376037597656,0.5768570899963379,0.8076923076923077,15.96990966796875,2.3413252562284472,0.0,0.0,0.2548076923076923,0.7403846153846154,0.6985677874805825,True
448,127.25855255126953,5.420712947845459,4.26870059967041,0.551906943321228,0.8221153846153846,7.8722662925720215,1.1773990599772868,0.0,11.152200698852539,7.9882612228393555,0.5730574727058411,0.8149038461538461,15.983460426330566,2.346520434702054,0.0,0.0,0.25961538461538464,0.7355769230769231,0.7014002253729597,True
449,123.48799514770508,5.40156364440918,4.27301025390625,0.5550673007965088,0.8293269230769231,7.9337921142578125,1.1731186776016003,0.0,11.140645980834961,7.996829509735107,0.573941707611084,0.8173076923076923,16.13355255126953,2.3452760484356148,0.0,0.0,0.2548076923076923,0.7331730769230769,0.6998100495188707,True
450,125.78518676757812,5.401124477386475,4.293362617492676,0.5551395416259766,0.8269230769230769,7.966583251953125,1.1735637723444363,0.0,11.148016929626465,7.99196195602417,0.5733777284622192,0.8125,16.04897117614746,2.345718589730752,0.0,0.0,0.2620192307692308,0.7379807692307693,0.7000172275758774,True
451,124.59588623046875,5.386568069458008,4.310883522033691,0.5575342774391174,0.8149038461538461,7.997603416442871,1.1752258844864674,0.0,11.151923179626465,8.042387962341309,0.5730787515640259,0.8004807692307693,15.838277816772461,2.3564338540419554,0.0,0.0,0.27403846153846156,0.7716346153846154,0.6992148728026971,True
452,126.62278366088867,5.323202610015869,4.311120986938477,0.5678830146789551,0.8125,8.057785034179688,1.169879230302878,0.0,11.050085067749023,8.040148735046387,0.5808403491973877,0.7932692307692307,15.840824127197266,2.3434203032117624,0.0,0.0,0.28125,0.7620192307692307,0.6919281638534432,True
453,127.23127365112305,5.297014236450195,4.2860002517700195,0.5721242427825928,0.8149038461538461,8.044529914855957,1.1659386224853687,0.0,10.980057716369629,8.007471084594727,0.5861361026763916,0.7836538461538461,15.943359375,2.331071292914641,0.0,0.0,0.2692307692307692,0.75,0.6880229991215774,True
454,123.82043838500977,5.3014373779296875,4.239654064178467,0.5714094042778015,0.8149038461538461,7.982917308807373,1.1569919144113858,0.0,11.006601333618164,7.963109016418457,0.5841327905654907,0.8004807692307693,16.020021438598633,2.3243114231870723,0.0,0.0,0.2620192307692308,0.7379807692307693,0.6891533608326021,True
455,124.26945495605469,5.345907211303711,4.249048709869385,0.5641890168190002,0.8245192307692307,7.975831985473633,1.1617992787598035,0.0,11.029833793640137,7.941711902618408,0.5823752880096436,0.8173076923076923,16.13234519958496,2.3216770043930945,0.0,0.0,0.25961538461538464,0.7355769230769231,0.6927262941195386,True
456,124.14225006103516,5.370260715484619,4.295097827911377,0.5602092742919922,0.8269230769230769,8.058603286743164,1.1730205619755463,0.0,11.025090217590332,7.9791975021362305,0.5827344059944153,0.8125,16.17243766784668,2.3279263924329707,0.0,0.0,0.25240384615384615,0.7427884615384616,0.6941296823263963,True
457,124.90163803100586,5.38755464553833,4.289350509643555,0.5573722124099731,0.8341346153846154,7.995512962341309,1.1761282580403183,0.0,11.105630874633789,7.981494426727295,0.5766158103942871,0.8173076923076923,15.89661693572998,2.3394638120746003,0.0,0.0,0.2692307692307692,0.7620192307692307,0.6977998295597716,True
458,125.51165390014648,5.365554332733154,4.293308734893799,0.5609797239303589,0.8245192307692307,8.035860061645508,1.173141222466261,0.0,11.052748680114746,7.986491680145264,0.5806381702423096,0.8173076923076923,15.964768409729004,2.333471612823315,0.0,0.0,0.2668269230769231,0.7572115384615384,0.6947101730643905,True
459,122.81291961669922,5.360713005065918,4.302039623260498,0.5617716312408447,0.8317307692307693,8.057272911071777,1.1706605364496891,0.0,11.048911094665527,8.018428802490234,0.5809293985366821,0.8052884615384616,16.05006980895996,2.337292077258611,0.0,0.0,0.2644230769230769,0.75,0.6942789608264754,True
460,124.48748016357422,5.412672996520996,4.331262588500977,0.5532351732254028,0.8269230769230769,7.9834675788879395,1.1814719717472026,0.0,11.146849632263184,8.04576587677002,0.5734671354293823,0.8149038461538461,15.906331062316895,2.354554827893392,0.0,0.0,0.2692307692307692,0.75,0.7007165165289609,True
461,124.8802375793457,5.4591450691223145,4.360663414001465,0.5455306172370911,0.8173076923076923,7.9073686599731445,1.1936532125832178,0.0,11.21830940246582,8.056577682495117,0.5679807662963867,0.8197115384615384,15.793893814086914,2.3644367480125177,0.0,0.0,0.2668269230769231,0.7572115384615384,0.705960297380963,True
462,125.7194595336914,5.418909549713135,4.360121726989746,0.5522050857543945,0.8173076923076923,8.01675033569336,1.1881910454004239,0.0,11.089119911193848,8.060159683227539,0.577873706817627,0.8197115384615384,16.073453903198242,2.3473620526874677,0.0,0.0,0.25961538461538464,0.7475961538461539,0.6992777867798597,True
463,124.88455581665039,5.407070159912109,4.32575798034668,0.5541596412658691,0.8245192307692307,7.9524078369140625,1.176904254903396,0.0,11.044567108154297,8.028542518615723,0.5812588930130005,0.8100961538461539,16.17820930480957,2.3323220160527107,0.0,0.0,0.2548076923076923,0.7355769230769231,0.6971044212779146,True
464,124.79413986206055,5.398091793060303,4.293026924133301,0.5556390285491943,0.8317307692307693,7.841498851776123,1.1714617519424513,0.0,11.027304649353027,7.974883556365967,0.5825667977333069,0.8197115384615384,16.179859161376953,2.3229931327777034,0.0,0.0,0.25721153846153844,0.7283653846153846,0.6959810784544859,True
465,123.54475402832031,5.391111850738525,4.292738914489746,0.556787371635437,0.8245192307692307,7.818291187286377,1.1732367188120498,0.0,11.041086196899414,8.000234603881836,0.5815227627754211,0.8317307692307693,16.2698974609375,2.3322059777302617,0.0,0.0,0.25240384615384615,0.7235576923076923,0.695971964205602,True
466,123.45851516723633,5.397097587585449,4.319140911102295,0.5558027029037476,0.8293269230769231,7.88413143157959,1.179172379943805,0.0,11.052268028259277,8.06090259552002,0.5806747078895569,0.8221153846153846,16.4129695892334,2.3463232084726675,0.0,0.0,0.2403846153846154,0.7235576923076923,0.696710462044589,True
467,123.21013259887695,5.403602600097656,4.33629846572876,0.5547313094139099,0.8365384615384616,7.91840124130249,1.1829673720284914,0.0,11.08198356628418,8.064305305480957,0.5784168243408203,0.8149038461538461,16.32794189453125,2.3492294600376717,0.0,0.0,0.25240384615384615,0.7283653846153846,0.698071525995924,True
468,123.96857833862305,5.424127578735352,4.34294319152832,0.551342248916626,0.8341346153846154,7.9214372634887695,1.186755543316786,0.0,11.102965354919434,8.054277420043945,0.5768189430236816,0.8149038461538461,16.14241600036621,2.34746020898605,0.0,0.0,0.2548076923076923,0.7379807692307693,0.7000517983619625,True
469,123.65312957763672,5.413516998291016,4.334555625915527,0.5530958771705627,0.8317307692307693,7.9720683097839355,1.183137541780105,0.0,11.0323486328125,8.037372589111328,0.5821848511695862,0.8028846153846154,16.171894073486328,2.33346172362948,0.0,0.0,0.24759615384615385,0.7331730769230769,0.6971300658769857,True
470,123.66947937011719,5.409021854400635,4.317348003387451,0.5538377165794373,0.8245192307692307,7.965869426727295,1.1784040275865642,0.0,11.0378999710083,8.040935516357422,0.5817642211914062,0.8004807692307693,16.180660247802734,2.330822470898812,0.0,0.0,0.24278846153846154,0.7235576923076923,0.6970178948222239,True
471,123.11576080322266,5.419086456298828,4.306571006774902,0.5521758794784546,0.8293269230769231,7.919827938079834,1.176426900139986,0.0,11.074790954589844,8.015117645263672,0.5789639353752136,0.8028846153846154,16.084644317626953,2.3306124959045493,0.0,0.0,0.24759615384615385,0.7211538461538461,0.6988339403941815,True
472,124.02354049682617,5.4019951820373535,4.337620735168457,0.554996132850647,0.8245192307692307,8.04262638092041,1.1794438240428764,0.0,11.055026054382324,8.03528881072998,0.5804654359817505,0.8076923076923077,16.07190704345703,2.335106517947637,0.0,0.0,0.24759615384615385,0.7283653846153846,0.6971115901344186,True
473,123.14912033081055,5.385630130767822,4.332151889801025,0.557688295841217,0.8173076923076923,8.03307819366455,1.1795600309203833,0.0,11.081372261047363,8.012571334838867,0.5784633159637451,0.8028846153846154,15.83914852142334,2.3377135419119623,0.0,0.0,0.2668269230769231,0.75,0.6969037341693084,True
474,122.73272705078125,5.365390777587891,4.3115553855896,0.561006486415863,0.8100961538461539,7.965827465057373,1.1762804568482514,0.0,11.104315757751465,8.016935348510742,0.5767160058021545,0.8028846153846154,15.6424560546875,2.345097901251836,0.0,0.0,0.27884615384615385,0.7572115384615384,0.6963456359979417,True
475,125.29170227050781,5.338922500610352,4.309844970703125,0.5653270483016968,0.8149038461538461,8.06594181060791,1.1725129994730918,0.0,10.981940269470215,8.000821113586426,0.5859942436218262,0.7980769230769231,15.975029945373535,2.3263453483008423,0.0,0.0,0.25961538461538464,0.7403846153846154,0.690753732692581,True
476,124.75231170654297,5.359276294708252,4.307051658630371,0.5620064735412598,0.8149038461538461,8.036248207092285,1.1718005610868716,0.0,11.007746696472168,8.027314186096191,0.5840461850166321,0.8052884615384616,16.167665481567383,2.3294575809286195,0.0,0.0,0.25,0.7259615384615384,0.6928756546982848,True
477,123.91390609741211,5.3894758224487305,4.2897443771362305,0.5570564270019531,0.8269230769230769,7.917601585388184,1.1740613735830172,0.0,11.097421646118164,8.021424293518066,0.5772414207458496,0.8269230769230769,16.010051727294922,2.340540761022996,0.0,0.0,0.25961538461538464,0.7355769230769231,0.697660667319398,True
478,123.95169830322266,5.378870010375977,4.3050923347473145,0.5587980151176453,0.8269230769230769,7.982208251953125,1.1749022697504514,0.0,11.054055213928223,8.040342330932617,0.5805391073226929,0.8245192307692307,16.080228805541992,2.3380355716324774,0.0,0.0,0.2548076923076923,0.7451923076923077,0.6956018998389626,True
479,124.0013656616211,5.395396709442139,4.330296039581299,0.5560826063156128,0.8245192307692307,8.038424491882324,1.1783906159110558,0.0,11.056251525878906,8.067163467407227,0.5803723335266113,0.8221153846153846,16.08949851989746,2.3406069500324054,0.0,0.0,0.2548076923076923,0.7427884615384616,0.6967282809922362,True
480,126.41751098632812,5.38136100769043,4.3167829513549805,0.5583893060684204,0.8293269230769231,8.019628524780273,1.1733844163135074,0.0,11.055081367492676,8.030374526977539,0.5804612040519714,0.8125,15.979147911071777,2.337625009853106,0.0,0.0,0.27163461538461536,0.75,0.6957937130417863,True
481,124.55094528198242,5.363250255584717,4.32573938369751,0.5613567233085632,0.8100961538461539,8.085326194763184,1.1738961735883584,0.0,11.005280494689941,8.032915115356445,0.5842325687408447,0.8076923076923077,16.060392379760742,2.3327399512705127,0.0,0.0,0.2692307692307692,0.7548076923076923,0.6930511515089887,True
482,124.35210418701172,5.3585920333862305,4.319467544555664,0.562118411064148,0.8173076923076923,8.063972473144531,1.1707725951304804,0.0,10.985837936401367,8.006953239440918,0.585700273513794,0.7980769230769231,16.06049919128418,2.325664282895816,0.0,0.0,0.2692307692307692,0.75,0.6921347708185472,True
483,122.94303512573242,5.382418632507324,4.327009677886963,0.5582156181335449,0.8100961538461539,8.010293960571289,1.1728823182387993,0.0,11.031085014343262,8.040733337402344,0.5822805166244507,0.8173076923076923,16.011730194091797,2.3365107253002817,0.0,0.0,0.2644230769230769,0.7427884615384616,0.6950977871142614,True
484,124.498046875,5.4189887046813965,4.35521125793457,0.5521920323371887,0.8149038461538461,8.016241073608398,1.1843683867500379,0.0,11.093026161193848,8.110136985778809,0.5775762796401978,0.8028846153846154,16.095867156982422,2.355392315945564,0.0,0.0,0.25961538461538464,0.7355769230769231,0.6994069912172782,True
485,123.76103591918945,5.4166059494018555,4.3527913093566895,0.5525857210159302,0.8076923076923077,8.020092010498047,1.184241242802296,0.0,11.120875358581543,8.125581741333008,0.5754525661468506,0.8028846153846154,16.0548095703125,2.3610511407829247,0.0,0.0,0.2620192307692308,0.7331730769230769,0.7001403397250137,True
486,122.05632019042969,5.403904438018799,4.324496746063232,0.5546815395355225,0.8221153846153846,7.955376148223877,1.1762650048503507,0.0,11.119739532470703,8.06401538848877,0.5755393505096436,0.8149038461538461,15.938709259033203,2.3492644521097343,0.0,0.0,0.2620192307692308,0.7307692307692307,0.6992928601390559,True
487,124.1143798828125,5.416956424713135,4.314809799194336,0.5525277853012085,0.8245192307692307,7.9379143714904785,1.1750967319004049,0.0,11.11929702758789,8.012274742126465,0.5755730867385864,0.8149038461538461,15.894939422607422,2.338908797158645,0.0,0.0,0.2548076923076923,0.7379807692307693,0.7001125071706835,True
488,125.33332824707031,5.42275333404541,4.314631938934326,0.5515695810317993,0.8269230769230769,7.978562355041504,1.177046751555724,0.0,11.081324577331543,7.997936725616455,0.5784670114517212,0.8221153846153846,15.976902961730957,2.331168916324774,0.0,0.0,0.2548076923076923,0.7331730769230769,0.6992763207216782,True
489,123.93401718139648,5.41408634185791,4.300955295562744,0.553001880645752,0.8197115384615384,7.919907093048096,1.1771418665368587,0.0,11.072379112243652,8.000347137451172,0.5791472792625427,0.8100961538461539,15.947080612182617,2.33237924841352,0.0,0.0,0.2668269230769231,0.7403846153846154,0.6984370868492332,True
490,125.24097442626953,5.390878200531006,4.297270774841309,0.5568258762359619,0.8221153846153846,7.867838382720947,1.1736019347245112,0.0,11.048991203308105,8.001522064208984,0.5809232592582703,0.8173076923076923,15.91353702545166,2.3313977552148013,0.0,0.0,0.27163461538461536,0.7379807692307693,0.6962083565742654,True
491,123.26739883422852,5.370254039764404,4.297995567321777,0.5602103471755981,0.8245192307692307,7.90342903137207,1.16958051221684,0.0,10.990966796875,7.9892578125,0.5853133201599121,0.8221153846153846,16.005067825317383,2.320362031650849,0.0,0.0,0.2548076923076923,0.7331730769230769,0.6930440278084952,True
492,123.67776489257812,5.36915922164917,4.306699752807617,0.5603895783424377,0.8269230769230769,7.92417573928833,1.170627536662878,0.0,10.981843948364258,7.997594833374023,0.586001455783844,0.8221153846153846,16.036907196044922,2.3212859525894505,0.0,0.0,0.25,0.7331730769230769,0.6926840678321378,True
493,124.2402572631836,5.387727737426758,4.298495769500732,0.5573437213897705,0.8269230769230769,7.878627300262451,1.1717529338999435,0.0,11.047473907470703,7.995696067810059,0.5810384154319763,0.8221153846153846,15.932175636291504,2.3321044128101605,0.0,0.0,0.25961538461538464,0.7379807692307693,0.6959585969265256,True
494,125.52871704101562,5.358637809753418,4.2984089851379395,0.5621108412742615,0.8293269230769231,8.00813102722168,1.1680687438983184,0.0,10.971503257751465,7.9855852127075195,0.5867807865142822,0.8269230769230769,16.052772521972656,2.320786111152325,0.0,0.0,0.2548076923076923,0.7379807692307693,0.6916819264525973,True
495,122.68798065185547,5.354823589324951,4.319777488708496,0.5627340078353882,0.8197115384615384,8.082088470458984,1.169512993393418,0.0,10.952064514160156,8.020180702209473,0.5882437229156494,0.8004807692307693,16.064937591552734,2.321545274230914,0.0,0.0,0.2644230769230769,0.7355769230769231,0.6908200557432672,True
496,124.57853317260742,5.374271392822266,4.2869181632995605,0.5595520734786987,0.8221153846153846,7.939115047454834,1.1685807831394366,0.0,11.03972053527832,7.9874467849731445,0.581626296043396,0.8125,15.794173240661621,2.329261055588722,0.0,0.0,0.2764423076923077,0.7451923076923077,0.6948516910425196,True
497,123.50517654418945,5.395153999328613,4.315849304199219,0.5561225414276123,0.8197115384615384,8.017560005187988,1.177317071858889,0.0,11.021748542785645,8.013140678405762,0.5829873085021973,0.8052884615384616,15.99428653717041,2.3289406271126025,0.0,0.0,0.2644230769230769,0.7475961538461539,0.6956164427904366,True
498,126.39715576171875,5.404109954833984,4.339885234832764,0.55464768409729,0.8197115384615384,8.096619606018066,1.1787809629279833,0.0,11.007880210876465,8.033289909362793,0.584036111831665,0.8028846153846154,16.179288864135742,2.328664310811422,0.0,0.0,0.2548076923076923,0.7427884615384616,0.6957506939100072,True
499,125.06612396240234,5.451143741607666,4.3784027099609375,0.5468618869781494,0.8197115384615384,8.110918045043945,1.194474465533709,0.0,11.104645729064941,8.060495376586914,0.5766907930374146,0.8004807692307693,16.034095764160156,2.346717653308924,0.0,0.0,0.25961538461538464,0.7451923076923077,0.7018364898337593,True
500,124.1406135559082,5.495089530944824,4.396938323974609,0.5395262241363525,0.7980769230769231,8.28607177734375,1.210960197276794,0.0,11.313546180725098,8.30892562866211,0.5606144666671753,0.78125,16.000802993774414,2.428127466562467,0.0,0.0,0.2692307692307692,0.7860576923076923,0.7112893968539744,True
501,126.12185668945312,5.439605236053467,4.384411811828613,0.5487781763076782,0.7956730769230769,8.218852996826172,1.1944606896871939,0.0,10.978757858276367,8.071118354797363,0.5862340927124023,0.8028846153846154,15.835590362548828,2.3413100987672806,0.0,0.0,0.2764423076923077,0.7908653846153846,0.6971123693958382,True
502,125.39223098754883,5.374960422515869,4.3590593338012695,0.5594391226768494,0.7980769230769231,8.13272762298584,1.1744013403184137,0.0,10.905902862548828,8.003145217895508,0.5917074084281921,0.8052884615384616,15.94149112701416,2.312786783067844,0.0,0.0,0.27163461538461536,0.7572115384615384,0.6906485388281507,True
503,124.7722053527832,5.32339334487915,4.32273006439209,0.5678520202636719,0.7980769230769231,8.074980735778809,1.1686563771313583,0.0,10.925240516662598,7.985467910766602,0.5902582406997681,0.8173076923076923,15.993875503540039,2.3184810941991136,0.0,0.0,0.2668269230769231,0.7379807692307693,0.6879562990095127,True
504,124.05104446411133,5.3531293869018555,4.404967308044434,0.5630106925964355,0.7884615384615384,8.154068946838379,1.185967560437245,0.0,10.922883033752441,8.057291030883789,0.5904350280761719,0.7932692307692307,16.151105880737305,2.3256385416174545,0.0,0.0,0.2644230769230769,0.75,0.6897850060457629,True
505,125.71424865722656,5.370327949523926,4.352747917175293,0.5601982474327087,0.7908653846153846,8.083733558654785,1.1769586250950128,0.0,11.01373291015625,8.070833206176758,0.5835936069488525,0.7884615384615384,15.939828872680664,2.3391551374242856,0.0,0.0,0.28125,0.7668269230769231,0.693772600323108,True
506,122.5731201171875,5.422696590423584,4.333528518676758,0.5515789985656738,0.7980769230769231,7.976150035858154,1.1817413688470155,0.0,11.096457481384277,8.121657371520996,0.5773148536682129,0.7932692307692307,15.878718376159668,2.3586216734578977,0.0,0.0,0.28846153846153844,0.7716346153846154,0.6997533855821078,True
507,125.36702728271484,5.398724555969238,4.327696800231934,0.555534839630127,0.8100961538461539,8.074541091918945,1.1804806407254473,0.0,11.04502010345459,8.147714614868164,0.5812245011329651,0.8004807692307693,16.16825294494629,2.3586039299766224,0.0,0.0,0.27403846153846156,0.7620192307692307,0.696584264312592,True
508,124.23512649536133,5.352950572967529,4.300990581512451,0.5630398392677307,0.8245192307692307,8.111159324645996,1.170101990455236,0.0,10.977532386779785,8.092726707458496,0.5863264799118042,0.7980769230769231,16.180816650390625,2.337519724819905,0.0,0.0,0.28846153846153844,0.7596153846153846,0.6915097998553211,True
509,122.8741340637207,5.419051647186279,4.278065204620361,0.552181601524353,0.8197115384615384,7.913437843322754,1.1721730706974482,0.0,11.062026977539062,8.054722785949707,0.5799338817596436,0.8052884615384616,15.912309646606445,2.340924769276992,0.0,0.0,0.29086538461538464,0.7475961538461539,0.6984264968598924,True
510,124.5744743347168,5.396310806274414,4.293450355529785,0.5559322237968445,0.8149038461538461,7.98152494430542,1.173919295290342,0.0,10.97054386138916,8.025263786315918,0.58685302734375,0.8076923076923077,16.22115707397461,2.3228492319583895,0.0,0.0,0.2764423076923077,0.7235576923076923,0.694066884839457,True
511,123.27327728271484,5.413298606872559,4.356693267822266,0.5531319379806519,0.8341346153846154,8.082120895385742,1.1879936463557759,0.0,11.071324348449707,8.126874923706055,0.5792274475097656,0.8125,16.354185104370117,2.353735499160412,0.0,0.0,0.27163461538461536,0.7211538461538461,0.6983531362302104,True
512,122.21459579467773,5.4714789390563965,4.3834919929504395,0.5434746742248535,0.8245192307692307,8.048177719116211,1.198853745473883,0.0,11.16445255279541,8.116421699523926,0.572118878364563,0.8149038461538461,16.12665557861328,2.3629613611751643,0.0,0.0,0.27163461538461536,0.7307692307692307,0.7050376797968193,True
513,126.00814437866211,5.466471195220947,4.408343315124512,0.5443100333213806,0.8173076923076923,8.201132774353027,1.198586246963495,0.0,11.0517578125,8.105846405029297,0.5807134509086609,0.8100961538461539,16.28816032409668,2.3420185381403336,0.0,0.0,0.2644230769230769,0.7451923076923077,0.701148174152158,True
514,125.2988395690918,5.465121746063232,4.404444217681885,0.5445349812507629,0.8004807692307693,8.192597389221191,1.197860115709213,0.0,11.038904190063477,8.095010757446289,0.5816881656646729,0.8052884615384616,16.26787567138672,2.3375971483878604,0.0,0.0,0.2668269230769231,0.7644230769230769,0.7006553521234188,True
515,123.1131820678711,5.46141242980957,4.381152629852295,0.545153021812439,0.8149038461538461,8.015253067016602,1.1943496573429842,0.0,11.133177757263184,8.089487075805664,0.574512779712677,0.8052884615384616,16.015750885009766,2.3525001353751387,0.0,0.0,0.2764423076923077,0.7427884615384616,0.7034000127757097,True
516,125.09770965576172,5.424750804901123,4.3326215744018555,0.5512391328811646,0.8076923076923077,7.933957576751709,1.1837188463753614,0.0,11.14730167388916,8.049424171447754,0.573432445526123,0.8004807692307693,15.837358474731445,2.3507210102409886,0.0,0.0,0.28365384615384615,0.7475961538461539,0.7015020583825289,True
517,124.56729888916016,5.361380100250244,4.317375659942627,0.5616625547409058,0.8197115384615384,8.039057731628418,1.1753555415245966,0.0,11.034285545349121,8.06800651550293,0.5820380449295044,0.7980769230769231,16.002973556518555,2.341222994831892,0.0,0.0,0.2692307692307692,0.7307692307692307,0.6938552954721847,True
518,122.62543869018555,5.359519004821777,4.308886528015137,0.5619667768478394,0.8100961538461539,7.994584083557129,1.169171190261841,0.0,11.045204162597656,8.072020530700684,0.5812104940414429,0.8028846153846154,15.864856719970703,2.341778550354334,0.0,0.0,0.2644230769230769,0.7307692307692307,0.694084590297213,True
519,124.38663864135742,5.367155075073242,4.316303730010986,0.5607177019119263,0.8052884615384616,7.999272346496582,1.1702544951859193,0.0,11.068772315979004,8.106545448303223,0.5794214010238647,0.7956730769230769,15.777886390686035,2.3504281336680433,0.0,0.0,0.27163461538461536,0.7427884615384616,0.695323264098008,True
520,121.9979133605957,5.373312473297119,4.355274200439453,0.5597091913223267,0.8173076923076923,8.118330955505371,1.1781217066809917,0.0,11.017169952392578,8.153253555297852,0.5833337306976318,0.7908653846153846,16.004859924316406,2.3485250589939266,0.0,0.0,0.28125,0.7475961538461539,0.6940727917370831,True
521,122.56050491333008,5.390058994293213,4.339777946472168,0.5569605231285095,0.8125,8.045101165771484,1.178823747447668,0.0,11.026790618896484,8.108575820922852,0.5826057195663452,0.7980769230769231,15.892915725708008,2.340247601977526,0.0,0.0,0.28365384615384615,0.75,0.6954502507177756,True
522,123.39410781860352,5.38895320892334,4.315049171447754,0.5571422576904297,0.8197115384615384,8.004182815551758,1.1745636240985151,0.0,10.99441146850586,8.056392669677734,0.5850534439086914,0.8052884615384616,15.858954429626465,2.3265670992625065,0.0,0.0,0.29086538461538464,0.7451923076923077,0.6943513544617084,True
523,124.77401733398438,5.3715949058532715,4.330165386199951,0.559990644454956,0.8197115384615384,8.146963119506836,1.1745246494618746,0.0,10.925348281860352,8.06572151184082,0.5902501344680786,0.7980769230769231,16.176307678222656,2.3191821071773004,0.0,0.0,0.27163461538461536,0.7331730769230769,0.6910479579277412,True
524,125.38594818115234,5.401158332824707,4.313873291015625,0.5551340579986572,0.8269230769230769,8.024956703186035,1.1749506243719505,0.0,11.034530639648438,8.051091194152832,0.5820195078849792,0.8173076923076923,15.950504302978516,2.3329544040255055,0.0,0.0,0.28125,0.7475961538461539,0.696406981429632,True
525,122.3296890258789,5.386140823364258,4.308597087860107,0.5576044321060181,0.8197115384615384,7.997403621673584,1.1717736140848736,0.0,11.061734199523926,8.043275833129883,0.5799560546875,0.8100961538461539,15.753646850585938,2.337901561306073,0.0,0.0,0.28125,0.7596153846153846,0.6963109226813269,True
526,122.69091415405273,5.369737148284912,4.311667442321777,0.5602949857711792,0.8076923076923077,8.06362247467041,1.1735864379276066,0.0,10.96250057220459,8.026766777038574,0.587458610534668,0.8004807692307693,15.840033531188965,2.328874562680721,0.0,0.0,0.27884615384615385,0.7644230769230769,0.6921068629341013,True
527,123.8726692199707,5.389105319976807,4.308304309844971,0.5571173429489136,0.8173076923076923,7.988652229309082,1.1728205606723443,0.0,10.980978012084961,8.007287979125977,0.5860667824745178,0.8052884615384616,15.858185768127441,2.3247841911820264,0.0,0.0,0.27163461538461536,0.7475961538461539,0.6939350167026506,True
528,124.39711380004883,5.436416149139404,4.32021427154541,0.5493070483207703,0.8100961538461539,7.902588844299316,1.1794112788752105,0.0,11.062196731567383,8.029069900512695,0.5799210071563721,0.8125,15.85129451751709,2.3365276893553064,0.0,0.0,0.2764423076923077,0.7451923076923077,0.6995457826359726,True
529,122.30325698852539,5.446155071258545,4.3606414794921875,0.5476908683776855,0.8028846153846154,8.03072452545166,1.1863014668417282,0.0,11.014018058776855,8.05948543548584,0.5835720896720886,0.8125,16.096574783325195,2.332079973568519,0.0,0.0,0.2668269230769231,0.7403846153846154,0.6986476737464342,True
530,122.78081130981445,5.427180767059326,4.366091728210449,0.5508370399475098,0.8052884615384616,8.098423957824707,1.1859579218408236,0.0,10.975991249084473,8.047497749328613,0.5864427089691162,0.8100961538461539,16.067811965942383,2.3239205026091674,0.0,0.0,0.2692307692307692,0.7524038461538461,0.6962245227815881,True
531,122.10516357421875,5.417806625366211,4.348773002624512,0.5523872971534729,0.8125,8.029531478881836,1.1814056801108213,0.0,11.010163307189941,8.017696380615234,0.5838635563850403,0.8100961538461539,15.910055160522461,2.323323688331323,0.0,0.0,0.28125,0.7572115384615384,0.6967024081660504,True
532,124.82650375366211,5.421204090118408,4.341312408447266,0.551825761795044,0.8052884615384616,7.957025527954102,1.1809471724125054,0.0,11.029234886169434,8.020157814025879,0.5824206471443176,0.8076923076923077,15.893071174621582,2.3293787976488085,0.0,0.0,0.2764423076923077,0.7548076923076923,0.697524708698715,True
533,123.45491790771484,5.4012451171875,4.349390506744385,0.5551197528839111,0.8076923076923077,8.038056373596191,1.1821561187505722,0.0,10.979575157165527,8.056661605834961,0.5861724615097046,0.8076923076923077,16.10894203186035,2.329243998879041,0.0,0.0,0.27163461538461536,0.7451923076923077,0.694669857294101,True
534,123.26150512695312,5.381595134735107,4.335376262664795,0.5583508610725403,0.8028846153846154,8.02992057800293,1.1768102361223636,0.0,10.981167793273926,8.053382873535156,0.586052417755127,0.8028846153846154,16.076580047607422,2.327802149187296,0.0,0.0,0.2764423076923077,0.7427884615384616,0.69345938885731,True
535,123.5968246459961,5.40010929107666,4.323317527770996,0.5553067922592163,0.8245192307692307,7.965120792388916,1.1754471639123483,0.0,11.036688804626465,8.032013893127441,0.5818560123443604,0.8125,15.986464500427246,2.3281263472178044,0.0,0.0,0.27884615384615385,0.7451923076923077,0.696408304718777,True
536,120.84925842285156,5.410024166107178,4.339731216430664,0.5536723136901855,0.8197115384615384,8.04319953918457,1.178424189067804,0.0,11.009990692138672,8.056463241577148,0.5838766098022461,0.8028846153846154,16.037235260009766,2.3267554593200863,0.0,0.0,0.28365384615384615,0.7475961538461539,0.6961971663782891,True
537,124.74811172485352,5.4248833656311035,4.33836030960083,0.5512171983718872,0.8076923076923077,8.001524925231934,1.1816221994658314,0.0,11.068215370178223,8.068013191223145,0.5794637203216553,0.7980769230769231,15.828843116760254,2.337747298887907,0.0,0.0,0.29086538461538464,0.7668269230769231,0.6989967200667232,True
538,123.20632553100586,5.403067588806152,4.311304092407227,0.5548194646835327,0.8125,7.969771862030029,1.1719948198932868,0.0,11.035491943359375,8.028940200805664,0.5819467306137085,0.8028846153846154,15.811258316040039,2.3264604969284473,0.0,0.0,0.2860576923076923,0.7596153846153846,0.6965598365937623,True
539,123.22748947143555,5.408636093139648,4.303452491760254,0.5539013147354126,0.8245192307692307,7.965787410736084,1.1703539294883227,0.0,11.019082069396973,8.004766464233398,0.5831891298294067,0.8125,15.93155574798584,2.319052209896155,0.0,0.0,0.27163461538461536,0.7355769230769231,0.6963962612643212,True
540,124.63551330566406,5.416847229003906,4.320004463195801,0.5525458455085754,0.8221153846153846,7.963953971862793,1.175715552041164,0.0,11.038104057312012,8.049138069152832,0.5817487835884094,0.8173076923076923,15.973383903503418,2.3319368853591955,0.0,0.0,0.2620192307692308,0.7355769230769231,0.6975262146995332,True
541,122.90202331542969,5.430212497711182,4.352523326873779,0.5503350496292114,0.8221153846153846,8.00096607208252,1.1848698640767579,0.0,11.094829559326172,8.106117248535156,0.5774388313293457,0.8173076923076923,16.0450496673584,2.3453517265808888,0.0,0.0,0.2692307692307692,0.7355769230769231,0.7001830188448657,True
542,122.6154670715332,5.387269496917725,4.345627307891846,0.5574190020561218,0.8125,8.033100128173828,1.1769140081909986,0.0,11.048213958740234,8.073569297790527,0.5809822082519531,0.8028846153846154,16.029998779296875,2.3332749192913376,0.0,0.0,0.28125,0.7379807692307693,0.6959528330412696,True
543,122.68375778198242,5.3535308837890625,4.337104320526123,0.5629451274871826,0.8221153846153846,8.072494506835938,1.1692254459628693,0.0,10.984813690185547,8.032588958740234,0.5857775211334229,0.8004807692307693,16.01531982421875,2.319155362000068,0.0,0.0,0.28125,0.7403846153846154,0.6917785558790608,True
544,123.00577926635742,5.338209629058838,4.338615417480469,0.5654431581497192,0.8125,8.125377655029297,1.167173397101653,0.0,10.916003227233887,8.006912231445312,0.5909507870674133,0.8004807692307693,16.107677459716797,2.3042813800657407,0.0,0.0,0.2764423076923077,0.7451923076923077,0.6886105927560232,True
545,122.0482063293457,5.3476386070251465,4.326039791107178,0.5639066696166992,0.8149038461538461,8.04859733581543,1.1657571159685272,0.0,10.97558307647705,8.006834983825684,0.5864734649658203,0.8076923076923077,16.01631736755371,2.310522400434965,0.0,0.0,0.28125,0.7524038461538461,0.6911081576092061,True
546,124.25366973876953,5.372768402099609,4.3293352127075195,0.5597983598709106,0.8173076923076923,8.022188186645508,1.1696231660648033,0.0,11.019911766052246,8.048572540283203,0.5831263065338135,0.8197115384615384,16.033103942871094,2.3250851361797404,0.0,0.0,0.2764423076923077,0.7475961538461539,0.6941252157451453,True
547,122.81324005126953,5.3735032081604,4.342050552368164,0.5596780180931091,0.8197115384615384,8.094389915466309,1.171636763988779,0.0,10.981147766113281,8.06913948059082,0.5860539674758911,0.8149038461538461,16.11311149597168,2.3213275037514856,0.0,0.0,0.27884615384615385,0.7331730769230769,0.6929401767225464,True
548,124.17603302001953,5.393559455871582,4.333142280578613,0.5563849210739136,0.8149038461538461,8.008667945861816,1.174461029527279,0.0,11.034716606140137,8.072455406188965,0.582005500793457,0.8100961538461539,15.874584197998047,2.327506967041737,0.0,0.0,0.2932692307692308,0.7524038461538461,0.6959261980869306,True
549,123.00233459472656,5.3821330070495605,4.334218502044678,0.5582625269889832,0.8076923076923077,8.062312126159668,1.173352235689377,0.0,10.979087829589844,8.072147369384766,0.586209237575531,0.8076923076923077,15.973384857177734,2.3195026710247384,0.0,0.0,0.29086538461538464,0.7475961538461539,0.6934278792087133,True
550,122.47852325439453,5.3831963539123535,4.341401100158691,0.558087944984436,0.8149038461538461,8.118863105773926,1.1731393152131484,0.0,10.982919692993164,8.08753776550293,0.5859203934669495,0.8004807692307693,16.092845916748047,2.322257827929197,0.0,0.0,0.2860576923076923,0.7451923076923077,0.6936176343979923,True
551,126.01260757446289,5.382833003997803,4.33119535446167,0.558147668838501,0.8197115384615384,8.079703330993652,1.170733121648813,0.0,11.001409530639648,8.034371376037598,0.5845249891281128,0.8149038461538461,15.965787887573242,2.31814028861431,0.0,0.0,0.28846153846153844,0.7596153846153846,0.6941812692760141,True
552,122.51478576660156,5.380316257476807,4.352065563201904,0.5585607290267944,0.8149038461538461,8.132813453674316,1.1717854414803859,0.0,10.985515594482422,8.067163467407227,0.5857245922088623,0.8076923076923077,15.924768447875977,2.3212543992851025,0.0,0.0,0.29086538461538464,0.7620192307692307,0.6935153961271956,True
553,122.12462615966797,5.3615827560424805,4.33131742477417,0.5616294145584106,0.8221153846153846,8.0889892578125,1.1671623444710024,0.0,10.994784355163574,8.070691108703613,0.5850251913070679,0.8100961538461539,15.79445743560791,2.3262009098170657,0.0,0.0,0.2932692307692308,0.7716346153846154,0.6926106023522568,True
554,122.15878295898438,5.346022605895996,4.305894374847412,0.5641701817512512,0.8317307692307693,8.098404884338379,1.1641729520108457,0.0,10.96161937713623,8.047567367553711,0.5875250101089478,0.8125,15.913949966430664,2.3163809437591296,0.0,0.0,0.2860576923076923,0.7644230769230769,0.6905605739948962,True
555,124.17063903808594,5.347447395324707,4.303517818450928,0.5639379024505615,0.8317307692307693,8.154952049255371,1.1646957620405236,0.0,10.933798789978027,8.055450439453125,0.5896160006523132,0.8125,16.148944854736328,2.309423233950749,0.0,0.0,0.28846153846153844,0.7548076923076923,0.6897674644869052,True
556,124.40234756469727,5.376562595367432,4.320996284484863,0.5591764450073242,0.8245192307692307,8.131830215454102,1.1683537917832534,0.0,10.995820999145508,8.07547378540039,0.5849469900131226,0.8052884615384616,16.10426139831543,2.317884095586263,0.0,0.0,0.2980769230769231,0.7572115384615384,0.6936021642214498,True
557,122.37830352783203,5.4025044441223145,4.333054065704346,0.5549123287200928,0.8197115384615384,8.086773872375488,1.1725085753469897,0.0,11.071433067321777,8.065033912658691,0.5792192220687866,0.7980769230769231,15.87032699584961,2.3276733501599383,0.0,0.0,0.3004807692307692,0.7716346153846154,0.6976657296963937,True
558,122.62004089355469,5.401220798492432,4.342735767364502,0.5551236867904663,0.8125,8.086012840270996,1.1753557792267737,0.0,11.0918550491333,8.0752592086792,0.5776654481887817,0.8004807692307693,15.783315658569336,2.334270327079755,0.0,0.0,0.2956730769230769,0.7716346153846154,0.6982333938339,True
559,122.09104919433594,5.391594409942627,4.329189777374268,0.5567080974578857,0.8173076923076923,8.075193405151367,1.1741372764588165,0.0,11.055837631225586,8.053796768188477,0.5804038047790527,0.8028846153846154,15.85257625579834,2.32716820910573,0.0,0.0,0.28365384615384615,0.7620192307692307,0.6964719152042426,True
560,122.87764739990234,5.403367042541504,4.331889629364014,0.5547701120376587,0.8149038461538461,8.067000389099121,1.1746872374453605,0.0,11.033319473266602,8.053587913513184,0.5821113586425781,0.8052884615384616,15.9639892578125,2.3224527254700664,0.0,0.0,0.28125,0.7644230769230769,0.6965100630408356,True
561,122.73166275024414,5.433194637298584,4.364470481872559,0.549841046333313,0.8125,8.08657169342041,1.1798540191772655,0.0,11.002703666687012,8.053841590881348,0.5844272375106812,0.8173076923076923,16.064132690429688,2.3157495570870545,0.0,0.0,0.28365384615384615,0.7572115384615384,0.6974557991917949,True
562,124.13733673095703,5.451881408691406,4.38093376159668,0.5467392206192017,0.8149038461538461,8.049981117248535,1.185340613556596,0.0,11.021722793579102,8.053133010864258,0.5829893350601196,0.8100961538461539,15.975289344787598,2.3176763099355573,0.0,0.0,0.2932692307692308,0.7668269230769231,0.6992598355176495,True
563,122.12517166137695,5.446944713592529,4.3890814781188965,0.5475596785545349,0.8149038461538461,8.08597469329834,1.1873012805691896,0.0,11.014004707336426,8.078405380249023,0.5835731029510498,0.8245192307692307,16.04651641845703,2.320442492304704,0.0,0.0,0.28125,0.7644230769230769,0.6986981045581158,True
564,124.12860107421875,5.435410499572754,4.370960712432861,0.549473762512207,0.8100961538461539,8.063210487365723,1.183853371766133,0.0,11.02048110961914,8.077118873596191,0.5830832123756409,0.8269230769230769,16.094154357910156,2.323142232325597,0.0,0.0,0.2764423076923077,0.7524038461538461,0.6981604931392216,True
565,122.18066024780273,5.425088882446289,4.353570461273193,0.5511832237243652,0.8125,8.002237319946289,1.1802109843836381,0.0,11.003080368041992,8.048507690429688,0.5843987464904785,0.8197115384615384,16.070987701416016,2.316954949249824,0.0,0.0,0.27884615384615385,0.7548076923076923,0.6969462752091581,True
566,121.31826782226562,5.403283596038818,4.334788799285889,0.554783821105957,0.8100961538461539,7.983283996582031,1.1746387300296472,0.0,11.00595760345459,8.03330135345459,0.5841813683509827,0.8197115384615384,15.964954376220703,2.3169039734089987,0.0,0.0,0.29086538461538464,0.75,0.6956367160434835,True
567,123.41114044189453,5.361355304718018,4.324608325958252,0.5616666078567505,0.8173076923076923,8.084808349609375,1.1665051059272047,0.0,10.951971054077148,8.032421112060547,0.5882507562637329,0.8125,15.977980613708496,2.3073746090325025,0.0,0.0,0.2956730769230769,0.75,0.6912354730479865,True
568,122.61045837402344,5.354572772979736,4.3379926681518555,0.5627750158309937,0.8173076923076923,8.150864601135254,1.166512193951087,0.0,10.96130657196045,8.06619930267334,0.5875484943389893,0.8149038461538461,16.038969039916992,2.312108507370337,0.0,0.0,0.2956730769230769,0.75,0.6910976654655283,True
569,123.13975143432617,5.363442897796631,4.32679557800293,0.561325192451477,0.8221153846153846,8.073919296264648,1.1652691000738205,0.0,11.029605865478516,8.079212188720703,0.5823925733566284,0.8028846153846154,15.927257537841797,2.322363647360068,0.0,0.0,0.2932692307692308,0.75,0.6938379007534474,True
570,125.38229370117188,5.368005275726318,4.331873893737793,0.5605785846710205,0.8173076923076923,8.078794479370117,1.1674475018508157,0.0,11.008865356445312,8.092672348022461,0.5839617252349854,0.8100961538461539,16.038820266723633,2.3202529730514074,0.0,0.0,0.28846153846153844,0.7451923076923077,0.6934692312613978,True
571,124.46946334838867,5.352602005004883,4.331441402435303,0.5630967617034912,0.8173076923076923,8.143593788146973,1.1673189617693425,0.0,10.965489387512207,8.129928588867188,0.5872336626052856,0.8100961538461539,16.28537940979004,2.3227092255957618,0.0,0.0,0.28125,0.7331730769230769,0.6911045117785549,True
572,124.85619354248047,5.349696636199951,4.31143856048584,0.5635709762573242,0.8197115384615384,8.117809295654297,1.1649524789590104,0.0,10.99234390258789,8.121804237365723,0.5852093696594238,0.8076923076923077,16.307024002075195,2.3260823491483165,0.0,0.0,0.27884615384615385,0.7331730769230769,0.6917732034831644,True
573,125.6179428100586,5.361233711242676,4.3117451667785645,0.5616865158081055,0.8269230769230769,8.121973037719727,1.1665240950309312,0.0,10.993705749511719,8.108424186706543,0.585106611251831,0.8125,16.247337341308594,2.32603024576719,0.0,0.0,0.2764423076923077,0.7403846153846154,0.6925539711962191,True
574,122.88640213012695,5.386817932128906,4.3437910079956055,0.5574932098388672,0.8173076923076923,8.161009788513184,1.1728851820604922,0.0,10.976881980895996,8.095834732055664,0.5863755941390991,0.8028846153846154,16.17803382873535,2.3206588819814034,0.0,0.0,0.28125,0.7427884615384616,0.6936583879986827,True
575,123.0029182434082,5.395962238311768,4.331063747406006,0.5559895634651184,0.8149038461538461,8.085114479064941,1.172410716383885,0.0,11.021162033081055,8.06063461303711,0.5830317139625549,0.7956730769230769,15.888607025146484,2.318487341759297,0.0,0.0,0.2956730769230769,0.7572115384615384,0.6956496103991601,True
576,125.14232635498047,5.386441707611084,4.331637382507324,0.5575549602508545,0.8076923076923077,8.140057563781738,1.1745971309259915,0.0,10.99513053894043,8.05994987487793,0.5849990844726562,0.8052884615384616,15.949309349060059,2.31883894726634,0.0,0.0,0.28846153846153844,0.7548076923076923,0.6942131691189604,True
577,123.94321823120117,5.394648551940918,4.326162815093994,0.5562057495117188,0.8173076923076923,8.088994979858398,1.1718524294021802,0.0,11.022684097290039,8.069584846496582,0.5829164981842041,0.8076923076923077,15.937152862548828,2.3230595546273083,0.0,0.0,0.29086538461538464,0.7548076923076923,0.6956137641092609,True
578,123.83682632446289,5.439308166503906,4.3293962478637695,0.5488274097442627,0.8125,7.959072589874268,1.1775649780264268,0.0,11.174243927001953,8.108582496643066,0.5713680386543274,0.8100961538461539,15.68727970123291,2.34928210391066,0.0,0.0,0.2956730769230769,0.7644230769230769,0.7032899286157501,True
579,123.27467727661133,5.409059047698975,4.3364691734313965,0.5538315773010254,0.8149038461538461,8.058314323425293,1.1741902532199253,0.0,11.080741882324219,8.083342552185059,0.5785113573074341,0.8028846153846154,15.77979564666748,2.33012377354197,0.0,0.0,0.2980769230769231,0.7620192307692307,0.6983810585330992,True
580,123.72496032714844,5.387548923492432,4.334056377410889,0.5573731064796448,0.8173076923076923,8.136844635009766,1.1726673839183956,0.0,11.005912780761719,8.057419776916504,0.5841848254203796,0.7956730769230769,15.927156448364258,2.315087361022448,0.0,0.0,0.2860576923076923,0.7692307692307693,0.6946263884241525,True
581,122.40302276611328,5.390575885772705,4.284043312072754,0.5568755865097046,0.8293269230769231,8.02685260772705,1.1643771085410546,0.0,11.08662223815918,8.038095474243164,0.5780638456344604,0.8221153846153846,15.846572875976562,2.322062058154589,0.0,0.0,0.3004807692307692,0.7692307692307693,0.6973867700874747,True
582,123.15731811523438,5.381418704986572,4.297060012817383,0.5583797693252563,0.8269230769230769,8.109848976135254,1.1651073639782576,0.0,11.040040016174316,8.088221549987793,0.5816020965576172,0.8100961538461539,16.12472152709961,2.3248620028106064,0.0,0.0,0.28846153846153844,0.75,0.6953186818181314,True
583,122.12234878540039,5.380705833435059,4.319192886352539,0.5584967136383057,0.8197115384615384,8.147478103637695,1.1689613823898328,0.0,11.046411514282227,8.146520614624023,0.5811189413070679,0.8028846153846154,16.07178497314453,2.337795651627657,0.0,0.0,0.29086538461538464,0.7572115384615384,0.6954758630914436,True
584,123.2094497680664,5.404506683349609,4.318769454956055,0.5545822381973267,0.8269230769230769,8.002762794494629,1.172604698764208,0.0,11.147095680236816,8.143586158752441,0.5734483003616333,0.8076923076923077,15.745159149169922,2.354306200261299,0.0,0.0,0.2980769230769231,0.7692307692307693,0.7002034539259138,True
585,123.48899841308594,5.407120704650879,4.331772327423096,0.5541512966156006,0.8149038461538461,8.04496955871582,1.1755924541025589,0.0,11.084711074829102,8.123509407043457,0.5782093405723572,0.8052884615384616,15.870691299438477,2.337128447359189,0.0,0.0,0.2956730769230769,0.7740384615384616,0.6983832763078717,True
586,121.17048645019531,5.40322732925415,4.336465358734131,0.554793119430542,0.8028846153846154,8.083172798156738,1.1759295421151013,0.0,11.034479141235352,8.099064826965332,0.5820234417915344,0.7980769230769231,15.96019172668457,2.323676362977578,0.0,0.0,0.28846153846153844,0.7644230769230769,0.696537921212084,True
587,122.15738296508789,5.413464069366455,4.305648326873779,0.5531045794487,0.8100961538461539,7.961031913757324,1.1715321432130459,0.0,11.07649040222168,8.03325080871582,0.5788347721099854,0.8052884615384616,15.811330795288086,2.3176484250869507,0.0,0.0,0.2956730769230769,0.7596153846153846,0.6985278613082203,True
588,122.79301452636719,5.41158390045166,4.293642997741699,0.5534150004386902,0.8100961538461539,7.915873050689697,1.1691767781972886,0.0,11.060741424560547,8.012530326843262,0.5800315141677856,0.8076923076923077,15.741578102111816,2.313039159373595,0.0,0.0,0.2860576923076923,0.7596153846153846,0.6979071757845784,True
589,122.73152160644531,5.385348796844482,4.298310279846191,0.557734489440918,0.8125,8.005365371704102,1.1653554105128232,0.0,10.977020263671875,8.019174575805664,0.5863651037216187,0.8125,15.87464714050293,2.302487783286816,0.0,0.0,0.2764423076923077,0.7524038461538461,0.6935685295510501,True
590,124.49654388427734,5.383219242095947,4.312043190002441,0.5580841898918152,0.8173076923076923,8.001476287841797,1.1669061289288294,0.0,11.011802673339844,8.045259475708008,0.5837396383285522,0.8149038461538461,15.852130889892578,2.313275556686597,0.0,0.0,0.2860576923076923,0.7524038461538461,0.6945361286015133,True
591,123.19656372070312,5.384091377258301,4.332274913787842,0.5579410791397095,0.8173076923076923,8.053318977355957,1.169701681458033,0.0,11.032109260559082,8.079842567443848,0.5822029113769531,0.8197115384615384,15.996856689453125,2.3215486675882953,0.0,0.0,0.2764423076923077,0.7475961538461539,0.6952373656602856,True
592,121.80398559570312,5.369434356689453,4.344701766967773,0.5603445768356323,0.8269230769230769,8.149117469787598,1.171026295538132,0.0,10.995895385742188,8.129103660583496,0.5849413871765137,0.8173076923076923,16.207571029663086,2.3253389684053567,0.0,0.0,0.27884615384615385,0.7451923076923077,0.6931482122462764,True
593,122.99598693847656,5.377645015716553,4.332868576049805,0.5589989423751831,0.8293269230769231,8.07963752746582,1.1692179275151249,0.0,11.030444145202637,8.11422061920166,0.5823290348052979,0.8365384615384616,16.05274200439453,2.3276750622842557,0.0,0.0,0.29086538461538464,0.7451923076923077,0.6947721056752838,True
594,123.51171112060547,5.381045341491699,4.311867713928223,0.5584410429000854,0.8269230769230769,8.03907585144043,1.1661913534005484,0.0,11.044366836547852,8.086440086364746,0.5812740325927734,0.8221153846153846,15.902332305908203,2.324808590419781,0.0,0.0,0.2980769230769231,0.7596153846153846,0.6954324911591802,True
595,123.0889892578125,5.350660800933838,4.311866760253906,0.5634136199951172,0.8173076923076923,8.189685821533203,1.1656097275324355,0.0,10.919671058654785,8.083586692810059,0.5906758904457092,0.8100961538461539,16.089012145996094,2.3066692827030635,0.0,0.0,0.28125,0.75,0.6895248272681422,True
596,122.88692092895508,5.339756488800049,4.304466247558594,0.5651912689208984,0.8125,8.17018985748291,1.1627898767399483,0.0,10.897592544555664,8.066349983215332,0.5923293828964233,0.8125,16.05810546875,2.3025226807365047,0.0,0.0,0.2860576923076923,0.7475961538461539,0.6881251751286169,True
597,122.40694427490234,5.350970268249512,4.297976970672607,0.5633630752563477,0.8245192307692307,8.062387466430664,1.1604022852216775,0.0,10.962563514709473,8.045781135559082,0.5874539017677307,0.8149038461538461,15.92529296875,2.305666940582868,0.0,0.0,0.2932692307692308,0.7524038461538461,0.6909070856254086,True
598,123.62104797363281,5.3626813888549805,4.314149856567383,0.5614497661590576,0.8149038461538461,8.062265396118164,1.163453825696921,0.0,10.966620445251465,8.03042984008789,0.5871484875679016,0.8197115384615384,15.962142944335938,2.2979343151816956,0.0,0.0,0.28365384615384615,0.7572115384615384,0.6917856424788792,True
599,124.50379943847656,5.365633964538574,4.3533244132995605,0.5609667301177979,0.8149038461538461,8.195046424865723,1.1696476698112792,0.0,10.93309211730957,8.057899475097656,0.5896690487861633,0.8173076923076923,16.150144577026367,2.296671558247927,0.0,0.0,0.28365384615384615,0.7524038461538461,0.6909107931280212,True
600,121.6176872253418,5.38227653503418,4.343681335449219,0.5582389831542969,0.8173076923076923,8.09184455871582,1.1698018900668008,0.0,11.017038345336914,8.06424331665039,0.5833436846733093,0.8052884615384616,15.885026931762695,2.306423885814654,0.0,0.0,0.2956730769230769,0.7548076923076923,0.6946421435668216,True
601,122.7914924621582,5.400331497192383,4.341312885284424,0.5552701950073242,0.8052884615384616,8.088382720947266,1.1727575308905962,0.0,11.055498123168945,8.096628189086914,0.5804295539855957,0.8076923076923077,15.831974983215332,2.319721467487323,0.0,0.0,0.2980769230769231,0.7596153846153846,0.6970200999138186,True
602,122.86161422729492,5.420135498046875,4.3635053634643555,0.5520024299621582,0.8076923076923077,8.154038429260254,1.176952818551889,0.0,11.031301498413086,8.131723403930664,0.5822641253471375,0.8076923076923077,16.011106491088867,2.323835198409282,0.0,0.0,0.28846153846153844,0.7572115384615384,0.697521591638662,True
603,123.18350219726562,5.4372406005859375,4.352283954620361,0.5491703152656555,0.8100961538461539,8.077336311340332,1.177117147182043,0.0,11.058223724365234,8.109376907348633,0.5802226066589355,0.8173076923076923,15.964895248413086,2.3246257353860598,0.0,0.0,0.28846153846153844,0.7596153846153846,0.6994728410560141,True
