sample_id,V1_prediction,V2_prediction,ensemble_score,outer_seed,shortlist_rank
54bc75cc4d64dac2ed48,30.427398681640625,50.0742073059082,0.384536474943161,17,295
7f4f64cb791c71ba0420,30.427398681640625,50.0742073059082,0.384536474943161,17,296
2424b103c34d3d2b6a9a,30.427398681640625,50.0742073059082,0.384536474943161,17,297
36b45fbdbace5950c108,30.427398681640625,50.0742073059082,0.384536474943161,17,298
9c74e865c47b45a09229,26.396102905273438,43.050479888916016,0.2574616074562073,17,461
54d9921472c8d46b7b9a,26.396102905273438,43.050479888916016,0.2574616074562073,17,462
6d07662cb17b795ea5e2,26.396102905273438,43.050479888916016,0.2574616074562073,17,463
cbedf4ab0af735b39b3a,26.396102905273438,43.050479888916016,0.2574616074562073,17,464
92bac523bed1042d6a75,20.84044075012207,34.387569427490234,0.1775282621383667,17,613
704ba630f25fe7f20166,20.84044075012207,34.387569427490234,0.1775282621383667,17,614
34cf0942ff52b1b80385,20.84044075012207,34.387569427490234,0.1775282621383667,17,615
91161a9006beb2042fa7,14.502528190612793,25.42244529724121,0.12201203405857086,17,811
591b1bb527d42e831f12,14.502528190612793,25.42244529724121,0.12201203405857086,17,812
c0c1e5902a4bf388fcd0,14.502528190612793,25.42244529724121,0.12201203405857086,17,813
28e9fea3e3293f2b8a0e,24.64116859436035,43.620479583740234,0.12111803889274597,17,819
9249ed2c527f70995033,24.64116859436035,43.620479583740234,0.12111803889274597,17,820
00f7bff5f3dab9ed9f49,8.643092155456543,17.974645614624023,0.1639445275068283,17,645
790d27f0fa045d91f307,8.643092155456543,17.974645614624023,0.1639445275068283,17,646
d1eeb016c4cf20b87e92,8.643092155456543,17.974645614624023,0.1639445275068283,17,647
6c1c34b12c66ebcf39a4,8.643092155456543,17.974645614624023,0.1639445275068283,17,648
c640425eaf27bc406362,8.643092155456543,17.974645614624023,0.1639445275068283,17,649
e2f15590b7142490599b,15.74909496307373,31.181428909301758,0.2828196883201599,17,414
0389a6366b3a51fad8b5,15.74909496307373,31.181428909301758,0.2828196883201599,17,415
4b8ba288d549f6cfc94b,15.74909496307373,31.181428909301758,0.2828196883201599,17,416
ab1062a71079c605f750,15.74909496307373,31.181428909301758,0.2828196883201599,17,417
ad0ace61c29817c678c2,15.74909496307373,31.181428909301758,0.2828196883201599,17,418
66da447ca0fe7160cc1c,26.77008628845215,51.655643463134766,0.40660595893859863,17,260
bbb514661c0a49694d6a,26.77008628845215,51.655643463134766,0.40660595893859863,17,261
8b58e9d7a710f55e49d3,26.77008628845215,51.655643463134766,0.40660595893859863,17,262
e9dc948c0e68a88eb621,26.77008628845215,51.655643463134766,0.40660595893859863,17,263
7caf1db075b91197ba34,32.95741653442383,63.88765335083008,0.46589434146881104,17,225
7b42519983cf93dd7efd,32.95741653442383,63.88765335083008,0.46589434146881104,17,226
9bbd36c8b484b5609808,32.95741653442383,63.88765335083008,0.46589434146881104,17,227
1844eab177de5d01fab6,32.95741653442383,63.88765335083008,0.46589434146881104,17,228
35afc3cdfff849ffe8c9,10.719975471496582,19.19205665588379,0.12674766778945923,17,793
6a14c52ea5a2435a909a,10.719975471496582,19.19205665588379,0.12674766778945923,17,794
67e9e23958a468891c07,10.719975471496582,19.19205665588379,0.12674766778945923,17,795
252b32b25d20e53396b4,10.719975471496582,19.19205665588379,0.12674766778945923,17,796
df93501912d2cfcfbc41,16.7492733001709,30.1981201171875,0.37875181436538696,17,303
3f1a96aa336ea0741b5a,16.7492733001709,30.1981201171875,0.37875181436538696,17,304
57163774ada660438e36,16.8679141998291,35.77070999145508,1.1880409717559814,17,72
693a65467095367c8e95,16.8679141998291,35.77070999145508,1.1880409717559814,17,73
4b39568fb3ff725fec83,16.8679141998291,35.77070999145508,1.1880409717559814,17,74
2becb9bc06add29280ba,16.8679141998291,35.77070999145508,1.1880409717559814,17,75
c6a55a8d89f33c69899b,16.8679141998291,35.77070999145508,1.1880409717559814,17,76
f6cfe706d71f58273c59,16.8679141998291,35.77070999145508,1.1880409717559814,17,77
fe40c32169d87261e1e9,20.601213455200195,44.689571380615234,1.4165728092193604,17,49
b6b8449bda1ec4f0697f,20.601213455200195,44.689571380615234,1.4165728092193604,17,50
74541dbf8571f881c454,20.601213455200195,44.689571380615234,1.4165728092193604,17,51
99a3c4452ddfa8ff12c0,20.601213455200195,44.689571380615234,1.4165728092193604,17,52
249b884b29177edb9df5,22.292428970336914,49.64877700805664,1.0864553451538086,17,84
547923973b121019625f,22.292428970336914,49.64877700805664,1.0864553451538086,17,85
390544a9eca0a0e37f04,22.5578556060791,30.410972595214844,0.19562754034996033,17,572
01472a37121478cb82be,22.5578556060791,30.410972595214844,0.19562754034996033,17,573
7312008fb6a636165c6b,22.5578556060791,30.410972595214844,0.19562754034996033,17,574
382c90a40989c39ceed1,22.5578556060791,30.410972595214844,0.19562754034996033,17,575
65e9c139dc66fe608a89,13.002083778381348,20.54634666442871,0.3048011064529419,17,384
987027dd660186de8266,13.002083778381348,20.54634666442871,0.3048011064529419,17,385
7654c7dcf0123ab04d15,13.002083778381348,20.54634666442871,0.3048011064529419,17,386
6bd522326fb91ebf1379,13.002083778381348,20.54634666442871,0.3048011064529419,17,387
da2750836408eb0e09a7,14.712611198425293,24.448450088500977,0.6487317681312561,17,131
af23f4f96549d4e1659f,14.712611198425293,24.448450088500977,0.6487317681312561,17,132
00fe2a10256cea9affd4,14.712611198425293,24.448450088500977,0.6487317681312561,17,133
25b1f8000dd22874bb29,20.30982780456543,34.4702262878418,1.2243000268936157,17,69
5fc63f69bdf7f0b71bbc,20.30982780456543,34.4702262878418,1.2243000268936157,17,70
2712213ca28bcadbfa61,20.30982780456543,34.4702262878418,1.2243000268936157,17,71
3ca8d2ff798fad4faffc,13.301690101623535,27.211999893188477,0.25754520297050476,17,457
f50c45b31cf41304c109,13.301690101623535,27.211999893188477,0.25754520297050476,17,458
cd2c80dae2f32a52732f,13.301690101623535,27.211999893188477,0.25754520297050476,17,459
3ad8ec5752f3c638e2ff,13.301690101623535,27.211999893188477,0.25754520297050476,17,460
b29c3ac2de3ba2d8b5c9,23.452606201171875,47.1828498840332,0.24073150753974915,17,491
61090cfdcf019e0891a3,23.387537002563477,45.332645416259766,0.2922092080116272,17,405
07a55cdab65b05f31561,23.387537002563477,45.332645416259766,0.2922092080116272,17,406
3b400f57f8dcc4cdbd83,23.387537002563477,45.332645416259766,0.2922092080116272,17,407
b6bf451b4911ee22d4a4,23.387537002563477,45.332645416259766,0.2922092080116272,17,408
0054790b9c9f40026ebe,8.020195960998535,23.7031192779541,0.2345017045736313,17,497
ae2f8bcd2e35d23b261d,8.020195960998535,23.7031192779541,0.2345017045736313,17,498
d162bab7a14b516919e2,8.020195960998535,23.7031192779541,0.2345017045736313,17,499
604bdef50dbc852e329e,8.020195960998535,23.7031192779541,0.2345017045736313,17,500
ae25864f890aaddebd63,8.020195960998535,23.7031192779541,0.2345017045736313,17,501
ab66de7edad40236ffd5,9.224011421203613,15.071459770202637,0.2705986499786377,17,438
aa65e86ee8638bded5d9,9.224011421203613,15.071459770202637,0.2705986499786377,17,439
4e69d770ec2e35212ede,9.224011421203613,15.071459770202637,0.2705986499786377,17,440
271f829efaeb0b6c03b9,9.224011421203613,15.071459770202637,0.2705986499786377,17,441
08ae0e5f727afabf1e71,9.224011421203613,15.071459770202637,0.2705986499786377,17,442
d7b0845793265cab0c33,8.543044090270996,12.482017517089844,0.18343248963356018,17,598
40fd02db79e028fe05a9,8.543044090270996,12.482017517089844,0.18343248963356018,17,599
4c469be3d7348703d469,8.543044090270996,12.482017517089844,0.18343248963356018,17,600
c8c273cfee014d3eee97,8.543044090270996,12.482017517089844,0.18343248963356018,17,601
26df752cf7c0673db585,8.543044090270996,12.482017517089844,0.18343248963356018,17,602
37c15d90032e66347ed6,7.958547115325928,10.669156074523926,0.1186630055308342,17,833
08155ffdcb0d27576050,7.958547115325928,10.669156074523926,0.1186630055308342,17,834
9c10e0827e86bb3c7681,7.958547115325928,10.669156074523926,0.1186630055308342,17,835
68ca46900cfea89e5164,7.958547115325928,10.669156074523926,0.1186630055308342,17,836
f7d57d8bb988f7016502,7.958547115325928,10.669156074523926,0.1186630055308342,17,837
93bcd806b8dcb8c0cab9,16.82340431213379,36.684478759765625,0.36430323123931885,17,314
7383949c431e18f39597,16.82340431213379,36.684478759765625,0.36430323123931885,17,315
a2f83665cfe821271b30,16.82340431213379,36.684478759765625,0.36430323123931885,17,316
334f7f55dcbf278e47ec,18.011350631713867,37.94681167602539,0.6481966376304626,17,134
1b1a9ec85268aa66d327,18.011350631713867,37.94681167602539,0.6481966376304626,17,135
5d6d4ac0c1dfacbde53d,18.011350631713867,37.94681167602539,0.6481966376304626,17,136
6f3dff9a427ee1563a3e,9.306622505187988,19.025768280029297,0.16112324595451355,17,659
b6017da51a674177d16d,9.306622505187988,19.025768280029297,0.16112324595451355,17,660
3b6524f5fc7e0343ff9b,9.306622505187988,19.025768280029297,0.16112324595451355,17,661
d21f08a7e8eaa163ecfc,16.237871170043945,33.418800354003906,0.34573641419410706,17,342
53774efff44f690d6f30,16.237871170043945,33.418800354003906,0.34573641419410706,17,343
7394fdb0a8cd53255d4a,16.237871170043945,33.418800354003906,0.34573641419410706,17,344
e6544a01d42439a41712,18.315582275390625,37.30693435668945,0.4202577471733093,17,243
327064e6ca2c38d79d76,18.315582275390625,37.30693435668945,0.4202577471733093,17,244
0af9d219be9872711215,18.315582275390625,37.30693435668945,0.4202577471733093,17,245
3fc05dc2025715e68174,18.348506927490234,36.81657028198242,0.41657280921936035,17,246
74701496b6fc5465eea7,18.348506927490234,36.81657028198242,0.41657280921936035,17,247
542f504077b58e444bc2,16.82340431213379,36.684478759765625,0.36430323123931885,17,317
bcd986158b7450087591,16.82340431213379,36.684478759765625,0.36430323123931885,17,318
48b79cabd9460cfc510b,16.82340431213379,36.684478759765625,0.36430323123931885,17,319
8e7636d7a60a6058305a,18.011350631713867,37.94681167602539,0.6481966376304626,17,137
754f1d33b0ed61557754,18.011350631713867,37.94681167602539,0.6481966376304626,17,138
79a8af9fd69d3ddbf3e3,9.91980266571045,21.10858154296875,0.29275235533714294,17,400
390d6dfe33afc329fb17,9.91980266571045,21.10858154296875,0.29275235533714294,17,401
ce11189a0e59d1798306,9.91980266571045,21.10858154296875,0.29275235533714294,17,402
eb6c235e6ed90084bfc9,9.91980266571045,21.10858154296875,0.29275235533714294,17,403
7d402b3fad455f06fe68,9.91980266571045,21.10858154296875,0.29275235533714294,17,404
db2709229820b71e283b,14.057395935058594,27.64105224609375,0.5659326910972595,17,170
6b8ff4c027d9c4c2d75f,14.057395935058594,27.64105224609375,0.5659326910972595,17,171
7e0c856a121512a6f891,14.057395935058594,27.64105224609375,0.5659326910972595,17,172
f4a4fc4d6e4dea59b061,20.167673110961914,38.93672561645508,0.9267188906669617,17,98
57646b9484b03f4076bb,20.167673110961914,38.93672561645508,0.9267188906669617,17,99
35944fdd59ac331c3fcb,24.369298934936523,48.4029541015625,0.21756696701049805,17,533
41f57dc6d50ee162801a,24.369298934936523,48.4029541015625,0.21756696701049805,17,534
08f5a209b38c4c65b5c3,24.369298934936523,48.4029541015625,0.21756696701049805,17,535
d448d8de2d8dacec62c3,26.621042251586914,51.8469352722168,0.4207350015640259,17,242
1a55639d058c08a1a06e,26.2907657623291,50.47499084472656,0.5112801790237427,17,195
5fd0921bbbba1e22abf9,26.2907657623291,50.47499084472656,0.5112801790237427,17,196
7bb758eca7db78231165,8.553425788879395,13.878079414367676,0.1287369579076767,17,784
02ddeed8a16d3adf3e28,8.553425788879395,13.878079414367676,0.1287369579076767,17,785
303a8a967047b5307933,8.553425788879395,13.878079414367676,0.1287369579076767,17,786
3d4f7f7de9025ed645c9,8.553425788879395,13.878079414367676,0.1287369579076767,17,787
d603d4af5fd62fa8b85e,8.553425788879395,13.878079414367676,0.1287369579076767,17,788
10aed2ae6d65e00f993a,9.780308723449707,16.016969680786133,0.536588728427887,17,178
a93680d827624e459a39,9.780308723449707,16.016969680786133,0.536588728427887,17,179
bc98537714d620facf79,12.386265754699707,21.080965042114258,1.5493369102478027,17,37
93f10a8edf06f7acae26,12.386265754699707,21.080965042114258,1.5493369102478027,17,38
58057b7c6f59599617ed,12.386265754699707,21.080965042114258,1.5493369102478027,17,39
48679ae48dd485ffb7a6,14.244818687438965,24.455835342407227,2.2897329330444336,17,21
03990d0d818a066d09b6,11.299456596374512,26.546470642089844,0.24189315736293793,17,483
68f56b81e86e40c37d6b,11.299456596374512,26.546470642089844,0.24189315736293793,17,484
e511eaf853100c310877,11.299456596374512,26.546470642089844,0.24189315736293793,17,485
9ea972636933bded6999,13.970887184143066,32.36234664916992,0.9339950084686279,17,96
467ccfac002f5113fe81,13.970887184143066,32.36234664916992,0.9339950084686279,17,97
655dc9dfb978b4ffd624,18.329103469848633,42.36463928222656,1.4055540561676025,17,53
10f14f6ee69ba06bbe68,18.329103469848633,42.36463928222656,1.4055540561676025,17,54
6ce2b891280aed137ab8,18.329103469848633,42.36463928222656,1.4055540561676025,17,55
6c4eacf7845534254af9,18.329103469848633,42.36463928222656,1.4055540561676025,17,56
302e458c5ed2285ca328,20.409944534301758,47.74509811401367,1.1570408344268799,17,80
bc7f0f83b39a1ec3a79f,6.109068393707275,22.451507568359375,0.22834829986095428,17,519
360713a1e601fcf4499d,6.109068393707275,22.451507568359375,0.22834829986095428,17,520
4b2c37e7fb416a420eab,6.109068393707275,22.451507568359375,0.22834829986095428,17,521
23a5d9abd2b0db31a8d6,6.258622646331787,16.018844604492188,0.14394669234752655,17,717
3a683d29eb52f6e51f7a,6.258622646331787,16.018844604492188,0.14394669234752655,17,718
4ed0e95e81e3b84fa38d,6.258622646331787,16.018844604492188,0.14394669234752655,17,719
ec10d46ed20579967ae2,5.617958068847656,12.578343391418457,0.13137251138687134,17,767
96b9b370ade7a60366fa,5.617958068847656,12.578343391418457,0.13137251138687134,17,768
7bde1bbf34aba54ccfef,5.617958068847656,12.578343391418457,0.13137251138687134,17,769
e9bdef57ef2c8ced88f0,5.617958068847656,12.578343391418457,0.13137251138687134,17,770
6553b9607d6093f257c7,5.617958068847656,12.578343391418457,0.13137251138687134,17,771
cb79e57eb461a7dcc59a,10.724564552307129,21.179723739624023,0.6450377106666565,17,139
b3b38f7212d8649d9ac1,10.724564552307129,21.179723739624023,0.6450377106666565,17,140
84cd955ed2d585ae02fe,8.906041145324707,15.760003089904785,0.17854732275009155,17,611
2f907b475ae6a261a87a,8.906041145324707,15.760003089904785,0.17854732275009155,17,612
e91447f673a599cc4cdb,10.697349548339844,16.320873260498047,0.13474620878696442,17,748
5dfa7a7352e7a66c29e6,10.697349548339844,16.320873260498047,0.13474620878696442,17,749
39dac9377600ed74a554,10.697349548339844,16.320873260498047,0.13474620878696442,17,750
5a95428cdfef6199c09a,10.697349548339844,16.320873260498047,0.13474620878696442,17,751
1f85bb83729347f5b0bb,23.894067764282227,35.28993606567383,0.1376894861459732,17,738
2012223149ba23d26ec2,23.894067764282227,35.28993606567383,0.1376894861459732,17,739
b4351e5f05f6d477a6c0,34.47483825683594,61.019805908203125,0.21697331964969635,17,536
4ee22742c686bdbb1cb9,13.956260681152344,26.22652244567871,0.2203148603439331,17,531
71abc36775b6cce56da7,27.497177124023438,44.92270278930664,0.16904105246067047,17,637
e4fd83fb3852eb354a66,27.497177124023438,44.92270278930664,0.16904105246067047,17,638
20913a7c2077b80b7351,27.497177124023438,44.92270278930664,0.16904105246067047,17,639
98586ac2d6d266ddb78c,11.12022876739502,28.029565811157227,0.20637771487236023,17,546
2cc254396123c76b9a13,23.285600662231445,49.81669235229492,0.13425804674625397,17,753
319e89d7000731f64e7f,23.285600662231445,49.81669235229492,0.13425804674625397,17,754
ea004678fc850c759752,23.285600662231445,49.81669235229492,0.13425804674625397,17,755
24a9086a8e2c8015c232,46.0644416809082,95.8593521118164,0.3938811719417572,17,282
fc27fa779102c4aeb8ab,46.0644416809082,95.8593521118164,0.3938811719417572,17,283
beda2205eedbe1688e1f,32.26625442504883,49.12373352050781,0.403184711933136,17,267
c352863d9fa4a8645481,32.26625442504883,49.12373352050781,0.403184711933136,17,268
5e45395722fa0dcc1d00,32.26625442504883,49.12373352050781,0.403184711933136,17,269
35eec7ac26c84401f860,5.7604804039001465,9.510164260864258,0.12087331712245941,17,822
ff36ed72f76515960408,5.7604804039001465,9.510164260864258,0.12087331712245941,17,823
fdfbce42a3ab76d533b0,5.7604804039001465,9.510164260864258,0.12087331712245941,17,824
8cc5dd51f0360e578ac3,15.552271842956543,27.20356559753418,0.2008398473262787,17,564
53c1be5b96937954b9fa,15.552271842956543,27.20356559753418,0.2008398473262787,17,565
6a39aff909ea35989c74,15.552271842956543,27.20356559753418,0.2008398473262787,17,566
45a1b11ae63f2dab2e48,20.41440773010254,31.0222110748291,0.15856686234474182,17,671
b7b1a1bb666c8cc99bad,20.41440773010254,31.0222110748291,0.15856686234474182,17,672
1211905ebc8972913270,20.41440773010254,31.0222110748291,0.15856686234474182,17,673
358461ff3742e78ea3b6,33.707427978515625,51.22377395629883,0.982708215713501,17,89
73502a52708e4f9c2391,33.707427978515625,51.22377395629883,0.982708215713501,17,90
24e5dc14b855baed89fd,6.706409454345703,18.493181228637695,0.38835182785987854,17,289
0776336aa1c106b4d645,6.706409454345703,18.493181228637695,0.38835182785987854,17,290
70714ec13048a5060224,6.706409454345703,18.493181228637695,0.38835182785987854,17,291
292e0342682192a69fce,31.72843360900879,69.23561096191406,0.11975260078907013,17,827
1ce749f818905d3c61d4,31.72843360900879,69.23561096191406,0.11975260078907013,17,828
1e77ce24daad192212f6,31.72843360900879,69.23561096191406,0.11975260078907013,17,829
a775926fce57b3bf9ec1,16.34299087524414,29.818357467651367,0.24225939810276031,17,480
17c1bb3be086a2b6ffec,16.34299087524414,29.818357467651367,0.24225939810276031,17,481
9e6c69af6f5142faa049,16.34299087524414,29.818357467651367,0.24225939810276031,17,482
2f03edb1177fc5048002,5.832912921905518,8.730026245117188,0.12931346893310547,17,782
e15a19eb93571ebf6dbf,5.832912921905518,8.730026245117188,0.12931346893310547,17,783
4f246d378709c2f974f8,6.407517910003662,9.672533988952637,0.23337993025779724,17,508
3c74589796aa180ea5ba,6.407517910003662,9.672533988952637,0.23337993025779724,17,509
e1c3c80c673cc63c7719,6.407517910003662,9.672533988952637,0.23337993025779724,17,510
4508cb72ef4489429d15,6.5920233726501465,10.142294883728027,0.2999945878982544,17,388
278eae367da048448147,6.5920233726501465,10.142294883728027,0.2999945878982544,17,389
ec53cb944de53e46b911,6.5920233726501465,10.142294883728027,0.2999945878982544,17,390
7ac5e8ade169be95e0fa,4.794618606567383,13.58924388885498,0.27009832859039307,17,443
64177ca0cbeb3fc11d57,4.794618606567383,13.58924388885498,0.27009832859039307,17,444
254ff4f90474bb68c388,4.794618606567383,13.58924388885498,0.27009832859039307,17,445
e7bded68a76c24544339,11.342219352722168,21.878067016601562,0.13199688494205475,17,762
a41b395c8efbc1de1aa7,11.342219352722168,21.878067016601562,0.13199688494205475,17,763
0da8847ecc094a8c14db,11.342219352722168,21.878067016601562,0.13199688494205475,17,764
fce2741d123dd81a8fa6,14.93100357055664,30.502107620239258,0.39862489700317383,17,274
5a365a8ac825ce487db4,14.93100357055664,30.502107620239258,0.39862489700317383,17,275
f6692bb42d91e0a11d81,14.93100357055664,30.502107620239258,0.39862489700317383,17,276
97b105f90c11a10a2cac,17.73493194580078,37.558349609375,0.9702013731002808,17,91
869ed39b28b73a5de24e,17.73493194580078,37.558349609375,0.9702013731002808,17,92
c3add4f9b8eb5e002281,17.73493194580078,37.558349609375,0.9702013731002808,17,93
09096996d08f0c063345,16.055810928344727,29.11310386657715,0.3886156678199768,17,287
c0adb1c6f9dbe862a4dc,16.055810928344727,29.11310386657715,0.3886156678199768,17,288
a3c1a0ac40733e8650fb,18.96879768371582,34.48930358886719,0.5866564512252808,17,160
55927e904f7c540fd4f2,19.711551666259766,36.01914596557617,0.5931302309036255,17,157
5d274cbcb3c8532e483f,19.711551666259766,36.01914596557617,0.5931302309036255,17,158
9cad3bab10930468747d,19.711551666259766,36.01914596557617,0.5931302309036255,17,159
bae7ff3dc7b9d8610a44,6.112497806549072,17.632078170776367,0.3985103964805603,17,277
ae187d6f3746213b630c,6.112497806549072,17.632078170776367,0.3985103964805603,17,278
1ae3618ec277b0463686,44.13224792480469,96.34375,0.21766217052936554,17,532
9cd02352c2ed7a3e2321,49.2287483215332,101.68175506591797,0.2971634864807129,17,392
222a68fc192f66c1c080,49.2287483215332,101.68175506591797,0.2971634864807129,17,393
502e41325a19473f9d08,10.569262504577637,23.09724235534668,0.251364141702652,17,472
036352f6818925e928f6,10.569262504577637,23.09724235534668,0.251364141702652,17,473
cdac505f97737176b1e0,10.569262504577637,23.09724235534668,0.251364141702652,17,474
76435080f7632be26e64,17.965269088745117,32.611961364746094,0.4062345027923584,17,264
477241eeda24d5f7e750,24.13649559020996,44.79704284667969,0.31097835302352905,17,374
fde9781e6b15ffbe093f,24.13649559020996,44.79704284667969,0.31097835302352905,17,375
d1fba30478d2e47ba5a1,24.13649559020996,44.79704284667969,0.31097835302352905,17,376
87996db5ddb7565fe66f,37.095306396484375,67.81336212158203,0.5771458148956299,17,168
f5d802ca42b1a7226fc0,37.095306396484375,67.81336212158203,0.5771458148956299,17,169
44c8b389a6faf44f1f4c,46.70625686645508,88.06137084960938,1.4781163930892944,17,45
85591a54c419ed02c5f5,46.70625686645508,88.06137084960938,1.4781163930892944,17,46
4d1e1e0eca90a46d77b2,46.70625686645508,88.06137084960938,1.4781163930892944,17,47
65723de539453b98b181,6.782083034515381,18.453367233276367,0.3729168772697449,17,310
468a11345970afe65576,6.782083034515381,18.453367233276367,0.3729168772697449,17,311
17418a1ba5c9443057c3,12.25423526763916,24.223447799682617,0.19833065569400787,17,570
c34f8af0b9b65f8bfc2e,12.25423526763916,24.223447799682617,0.19833065569400787,17,571
9de8edaa330ab971f479,15.73555850982666,27.620141983032227,1.0085630416870117,17,86
c3eb276f59965c3608f1,15.73555850982666,27.620141983032227,1.0085630416870117,17,87
5fd49a50595624496938,15.73555850982666,27.620141983032227,1.0085630416870117,17,88
7bfad75485e830b6d460,24.60209083557129,44.06236267089844,2.0771470069885254,17,22
f38088920e6edd19a62f,24.60209083557129,44.06236267089844,2.0771470069885254,17,23
22300151ccec3f1f1c24,24.60209083557129,44.06236267089844,2.0771470069885254,17,24
30d2db34bc1d4187f057,6.796966552734375,16.7332763671875,0.2221318781375885,17,528
82d7243f61695e1b94cf,13.227835655212402,26.38163185119629,0.3205840587615967,17,365
eceaa4f4139cde7ba166,13.227835655212402,26.38163185119629,0.3205840587615967,17,366
8436939a2a6a91fa470d,13.227835655212402,26.38163185119629,0.3205840587615967,17,367
434ffacb33eccce497c5,27.5495548248291,57.33494186401367,2.0301504135131836,17,25
74c8fcd8ac3f6caedcd2,27.5495548248291,57.33494186401367,2.0301504135131836,17,26
65f4f125b5e1f8137bd9,27.5495548248291,57.33494186401367,2.0301504135131836,17,27
7fb4f90753d40dd25be0,26.8043270111084,53.8996467590332,2.69284725189209,17,12
abca62b372239d49a61b,26.8043270111084,53.8996467590332,2.69284725189209,17,13
6f548d72f01fc85debdc,26.8043270111084,53.8996467590332,2.69284725189209,17,14
51f4126a3aadb3239225,21.98835563659668,43.07843017578125,1.9621546268463135,17,28
d2d6000790408687cc29,8.583154678344727,16.936962127685547,0.394290953874588,17,279
e84401538edd3a34ff69,8.583154678344727,16.936962127685547,0.394290953874588,17,280
3c43e519a9cf66b66ebc,8.583154678344727,16.936962127685547,0.394290953874588,17,281
95a211366968c4cd1f0f,13.910258293151855,22.85516929626465,0.4050248861312866,17,265
426ed16e4b39d346244b,13.910258293151855,22.85516929626465,0.4050248861312866,17,266
bf09d868ed4d68a97b40,16.853771209716797,25.46404266357422,0.12446658313274384,17,802
3e78a776ac9b885d378a,16.853771209716797,25.46404266357422,0.12446658313274384,17,803
7eb97a2a0856e78a4b76,16.853771209716797,25.46404266357422,0.12446658313274384,17,804
4fb92bd1fab3ba235858,28.04692840576172,43.45191955566406,0.2753959894180298,17,430
bad24d96575f423fe4fd,28.04692840576172,43.45191955566406,0.2753959894180298,17,431
19229d505f75d05a0bcb,28.04692840576172,43.45191955566406,0.2753959894180298,17,432
994a1f65509549a84ede,13.092247009277344,21.24196434020996,0.5955243110656738,17,155
067260cef0fb89f79291,13.092247009277344,21.24196434020996,0.5955243110656738,17,156
f15b726ca5b4897ed80c,21.279497146606445,32.12892532348633,0.20264407992362976,17,553
859ae738b615cf17b849,21.279497146606445,32.12892532348633,0.20264407992362976,17,554
5c0c92d58e46c156d478,6.305883884429932,10.537281036376953,0.14549708366394043,17,712
7bdb81ebd10a45bc8ad1,6.305883884429932,10.537281036376953,0.14549708366394043,17,713
8950945e8ef1b80f8d42,6.305883884429932,10.537281036376953,0.14549708366394043,17,714
eda42a3c0f94ffce3e99,7.811852931976318,19.793060302734375,0.374636173248291,17,307
4fce6e1a422b4f54c601,7.811852931976318,19.793060302734375,0.374636173248291,17,308
c343983d41d51a6a66c3,7.811852931976318,19.793060302734375,0.374636173248291,17,309
fe7d7af2c919facfe5f5,16.11896324157715,31.8465633392334,0.2929699420928955,17,397
9b1545dfa05c9439870b,16.11896324157715,31.8465633392334,0.2929699420928955,17,398
c06e784aecc76cea9d63,16.11896324157715,31.8465633392334,0.2929699420928955,17,399
bd3435c0f9b14ec7997d,20.768556594848633,42.578617095947266,0.35739925503730774,17,324
29b39881584c4fec1c58,20.768556594848633,42.578617095947266,0.35739925503730774,17,325
f49d1b5c0b35dbe61bef,16.362607955932617,27.64837074279785,0.3256802260875702,17,359
4a49effd313865c10fae,16.362607955932617,27.64837074279785,0.3256802260875702,17,360
34e3e4807176cfd57e57,16.362607955932617,27.64837074279785,0.3256802260875702,17,361
454eb2207b9abc0b2a6d,8.582793235778809,24.719655990600586,0.15399976074695587,17,691
44fdbadc2762d6900093,8.582793235778809,24.719655990600586,0.15399976074695587,17,692
61aca51ad135176924ec,7.967337131500244,20.100242614746094,0.11827756464481354,17,838
d227db4f4b8fdca822d5,7.967337131500244,20.100242614746094,0.11827756464481354,17,839
619663c2b3ffb3a6c497,26.775049209594727,61.76279067993164,0.23152059316635132,17,512
f42cc6b0f90fad5c1f7f,26.775049209594727,61.76279067993164,0.23152059316635132,17,513
1c25c350b171450ed58f,6.105546474456787,12.54076862335205,0.17265978455543518,17,627
0be315008cf0a051a356,6.105546474456787,12.54076862335205,0.17265978455543518,17,628
d0bae432e3ede2ada257,6.105546474456787,12.54076862335205,0.17265978455543518,17,629
e91adf33d8e63498e304,12.369719505310059,27.21502685546875,0.2712651491165161,17,436
062e85da36395276eb89,12.369719505310059,27.21502685546875,0.2712651491165161,17,437
f4ec546ae74a4b3888df,13.781620025634766,28.10011100769043,0.8716774582862854,17,105
b4e38c1386009c8311ab,13.781620025634766,28.10011100769043,0.8716774582862854,17,106
0cb4dac3d2afc696843b,13.781620025634766,28.10011100769043,0.8716774582862854,17,107
30296d2e8c07c81b40a6,13.635525703430176,26.999963760375977,0.5175603628158569,17,190
539544adb51a91c9a465,13.635525703430176,26.999963760375977,0.5175603628158569,17,191
54a23aa9aaa695bdc06b,13.635525703430176,26.999963760375977,0.5175603628158569,17,192
fe212637596386c24049,14.990944862365723,28.77178192138672,0.3684009313583374,17,312
741f33ecf2e66f9958fd,14.990944862365723,28.77178192138672,0.3684009313583374,17,313
18a189c89f59ac1d5a9f,7.5175299644470215,17.472448348999023,0.4086657762527466,17,254
ab4326dd3bd3b0e07f81,7.5175299644470215,17.472448348999023,0.4086657762527466,17,255
dee9f600ff021919b9d2,7.5175299644470215,17.472448348999023,0.4086657762527466,17,256
6defbf00ecb558b77d50,12.376755714416504,22.254568099975586,0.3805485963821411,17,299
e0f2b47154fd134db700,12.376755714416504,22.254568099975586,0.3805485963821411,17,300
d5234e966aa231be05e5,27.603492736816406,42.87399673461914,2.464594841003418,17,15
252c027cf5a42b92c953,27.603492736816406,42.87399673461914,2.464594841003418,17,16
89d752b5a7f7c8d0b91e,27.603492736816406,42.87399673461914,2.464594841003418,17,17
70cba7a21b5a01fb8e73,50.15169906616211,79.53985595703125,3.4232964515686035,17,4
942b8fc9cf013acda52b,50.15169906616211,79.53985595703125,3.4232964515686035,17,5
30970941542856ce8eb1,10.681107521057129,22.702280044555664,0.1412009298801422,17,724
4ec77f604fa08f281ef7,10.681107521057129,22.702280044555664,0.1412009298801422,17,725
87d4aa727f2254c554ac,10.681107521057129,22.702280044555664,0.1412009298801422,17,726
f7f0c7d2b8250e0e304f,13.14382553100586,27.02058219909668,0.26937347650527954,17,446
6e17f8e15aa8fdd6a9ea,13.14382553100586,27.02058219909668,0.26937347650527954,17,447
c5b88ffca991e883ab64,13.14382553100586,27.02058219909668,0.26937347650527954,17,448
c476eca5614cf9aa12d8,15.263633728027344,30.602874755859375,0.2283286154270172,17,522
cdc8c1db00222994a1aa,15.263633728027344,30.602874755859375,0.2283286154270172,17,523
0d588f7534b7a34cb10a,15.263633728027344,30.602874755859375,0.2283286154270172,17,524
d04db9386313746ba5e3,11.37204360961914,20.158367156982422,0.1356498748064041,17,744
eb8fe82f34df6bf3ff38,11.37204360961914,20.158367156982422,0.1356498748064041,17,745
7ee133012cffc506cac5,11.37204360961914,20.158367156982422,0.1356498748064041,17,746
8cdde884333140be60cb,17.14131736755371,28.440622329711914,0.3469521403312683,17,340
cf5c7a2e1940e3c09dd5,17.14131736755371,28.440622329711914,0.3469521403312683,17,341
3b41addf80b8138137db,7.427289962768555,12.405354499816895,0.20112398266792297,17,561
9477a123ce00501a8d98,7.427289962768555,12.405354499816895,0.20112398266792297,17,562
65e1a58ab8e4aa2f1eb6,7.427289962768555,12.405354499816895,0.20112398266792297,17,563
fc452a2ea628a6c49dee,14.71927261352539,22.16054344177246,0.1820870041847229,17,603
a1a20c44f0f897b9626c,14.71927261352539,22.16054344177246,0.1820870041847229,17,604
47400540be3a56b2328b,8.181286811828613,15.278834342956543,0.23433515429496765,17,502
22fc04337abf53335eb8,8.181286811828613,15.278834342956543,0.23433515429496765,17,503
afa524cfde2942b8e9de,8.181286811828613,15.278834342956543,0.23433515429496765,17,504
5cc67d02b8fad1c648d6,8.864764213562012,17.172029495239258,0.6327109932899475,17,144
fc47eff9bc6b7be6c207,8.864764213562012,17.172029495239258,0.6327109932899475,17,145
d7bff2b52f60b5fad4bd,8.864764213562012,17.172029495239258,0.6327109932899475,17,146
9409394cdc0bcfb31fbc,9.258159637451172,17.835840225219727,0.5027196407318115,17,205
d43d692e19100ebe5646,9.258159637451172,17.835840225219727,0.5027196407318115,17,206
4c544dce3570699bcb17,9.258159637451172,17.835840225219727,0.5027196407318115,17,207
b24f66ff77974f8ba6e1,9.464940071105957,18.53571128845215,0.3875713050365448,17,292
e6605c23fb1943a6b848,9.464940071105957,18.53571128845215,0.3875713050365448,17,293
53a9a2469f8d4ead8732,9.464940071105957,18.53571128845215,0.3875713050365448,17,294
18027828dc8e021e6926,4.659019947052002,11.000991821289062,0.1500053107738495,17,699
dd12114cad5ecbbef4df,4.659019947052002,11.000991821289062,0.1500053107738495,17,700
a9aa61b1ba22e0c6cdbe,4.659019947052002,11.000991821289062,0.1500053107738495,17,701
9130f4b77d0dd317c282,14.036038398742676,21.486879348754883,0.22133322060108185,17,529
5521fc40da3618079f6a,14.036038398742676,21.486879348754883,0.22133322060108185,17,530
d1ec836ef828ebbf94ad,10.374608039855957,16.256898880004883,0.11996673047542572,17,825
d6b28f60f89677468590,10.374608039855957,16.256898880004883,0.11996673047542572,17,826
81506810413492ce89ec,12.80179214477539,20.026260375976562,0.2034546434879303,17,550
6cfbe3ab4c27733a07b6,12.80179214477539,20.026260375976562,0.2034546434879303,17,551
3f51f959f0d663b61716,12.80179214477539,20.026260375976562,0.2034546434879303,17,552
946f712a81f3990f568f,14.316058158874512,22.76140594482422,0.261661559343338,17,452
fdf997fba3a74c11f802,14.316058158874512,22.76140594482422,0.261661559343338,17,453
68c511d842fc030aa84b,9.049263000488281,22.417877197265625,0.5310171842575073,17,180
d997636736faa38ac83a,9.049263000488281,22.417877197265625,0.5310171842575073,17,181
8e17cb06a37c48cc9ab5,9.049263000488281,22.417877197265625,0.5310171842575073,17,182
ef04e37e6ef5b90e7ffd,11.834120750427246,18.58118438720703,0.1676185429096222,17,640
6d21e9ec887b3408c612,13.75927734375,27.68693733215332,0.4075687825679779,17,257
304fb0fdb486ae4b7a07,13.75927734375,27.68693733215332,0.4075687825679779,17,258
906bd247e050658f99d8,13.75927734375,27.68693733215332,0.4075687825679779,17,259
3032c273eee09a2644c3,14.214621543884277,30.39548683166504,0.20908033847808838,17,540
aa3ac48b626bc54d5dc6,14.214621543884277,30.39548683166504,0.20908033847808838,17,541
9fde4f980246629c5b0d,14.214621543884277,30.39548683166504,0.20908033847808838,17,542
22f5284ebc07b484fc2d,8.063424110412598,16.954509735107422,0.30486583709716797,17,381
fb3a6d49af52de47c06e,8.063424110412598,16.954509735107422,0.30486583709716797,17,382
067c1cac53731e589c4b,8.063424110412598,16.954509735107422,0.30486583709716797,17,383
d1c43590b9e0a99ce3b8,10.130918502807617,19.771881103515625,0.4158242642879486,17,248
98f7b4e7c44ba0532e85,10.130918502807617,19.771881103515625,0.4158242642879486,17,249
2c843c0ebe8a201b2da1,10.130918502807617,19.771881103515625,0.4158242642879486,17,250
7c9b7238a83ed646815a,10.06391716003418,21.085126876831055,0.2084173560142517,17,543
c982fb7ecc03831b90a4,10.06391716003418,21.085126876831055,0.2084173560142517,17,544
0ae541927703401945de,10.06391716003418,21.085126876831055,0.2084173560142517,17,545
ab887fd709fc1dc0d59b,9.77518081665039,20.061925888061523,0.12305153906345367,17,808
a64d40ac128465d2bb6f,9.77518081665039,20.061925888061523,0.12305153906345367,17,809
e1820b06a1bf3612ff8c,9.77518081665039,20.061925888061523,0.12305153906345367,17,810
8d48112406e3064efdbc,18.67901039123535,37.86720275878906,1.6873903274536133,17,31
660a7ad5a1b46e40ee6b,18.67901039123535,37.86720275878906,1.6873903274536133,17,32
815afa4c05f8c4e7ef9c,18.67901039123535,37.86720275878906,1.6873903274536133,17,33
fea75df17d0bf593243f,35.124210357666016,68.97782135009766,3.8571557998657227,17,1
8f7bcdb92b0cd7acad94,35.124210357666016,68.97782135009766,3.8571557998657227,17,2
d4bcc09609c820442d3d,35.124210357666016,68.97782135009766,3.8571557998657227,17,3
ce39d1762993bbbafaca,46.10401916503906,91.71621704101562,2.7927370071411133,17,10
b070c3657459c06a4df1,46.10401916503906,91.71621704101562,2.7927370071411133,17,11
594f52943fa688878ad4,7.065101146697998,23.444618225097656,0.13978804647922516,17,727
b0cc544ceb575bae4069,7.065101146697998,23.444618225097656,0.13978804647922516,17,728
1a382a7d3a13ed7fb28f,7.065101146697998,23.444618225097656,0.13978804647922516,17,729
ff9bcaab8e95f60d70bc,8.496312141418457,26.35052490234375,0.15834641456604004,17,674
b645df00945e594953a6,8.496312141418457,26.35052490234375,0.15834641456604004,17,675
a15744dbeb99bc224e40,8.496312141418457,26.35052490234375,0.15834641456604004,17,676
8b9ff1a26d840aaa6a49,12.573391914367676,32.73062515258789,0.12976661324501038,17,779
c2334ccf8e6788ac6ca2,12.573391914367676,32.73062515258789,0.12976661324501038,17,780
4e93e36ab850bab3d594,12.573391914367676,32.73062515258789,0.12976661324501038,17,781
48853fd78c77153b963a,17.196311950683594,30.08745002746582,0.6777350902557373,17,120
e8f592c469b2f3c136d8,17.196311950683594,30.08745002746582,0.6777350902557373,17,121
a5446977630484ca5fe1,29.278352737426758,46.8018913269043,0.39967235922813416,17,271
716d04ed1943f0708912,29.278352737426758,46.8018913269043,0.39967235922813416,17,272
f9f0f4e29dbd30c000ee,29.278352737426758,46.8018913269043,0.39967235922813416,17,273
a01a137fa48c1391b9e7,22.663009643554688,53.495361328125,0.6333003044128418,17,142
c08c4700ae34281b3318,22.663009643554688,53.495361328125,0.6333003044128418,17,143
a5f9179bfb146ad70953,30.884897232055664,70.79254913330078,0.473312646150589,17,217
c28747d70e7b51a1cc95,30.884897232055664,70.79254913330078,0.473312646150589,17,218
b85305d91a9e7cfa6005,30.884897232055664,70.79254913330078,0.473312646150589,17,219
c39d248b49ed97dc0d77,14.175572395324707,26.700002670288086,0.31089937686920166,17,377
043a0d0addd3cb32d73b,14.175572395324707,26.700002670288086,0.31089937686920166,17,378
34a175fe276b9770fee4,14.175572395324707,26.700002670288086,0.31089937686920166,17,379
093976ba4eab5c49c742,32.22111892700195,60.9949951171875,1.815464973449707,17,29
ba56f0e652a97bcee1b2,32.22111892700195,60.9949951171875,1.815464973449707,17,30
c6159dcb5802e62284d1,45.9445686340332,89.82836151123047,1.241499900817871,17,67
a47a3987d45e7c542d38,45.9445686340332,89.82836151123047,1.241499900817871,17,68
9ae9c8b491a04e429a11,12.196221351623535,31.455854415893555,0.1587701141834259,17,668
38e6b8bf0f089fcadd80,12.196221351623535,31.455854415893555,0.1587701141834259,17,669
488727f2d41859d1ac45,12.196221351623535,31.455854415893555,0.1587701141834259,17,670
c70b471334f9747d6f98,33.01535415649414,72.09905242919922,0.5828995108604431,17,165
3ccd6444c8a55917fbf8,33.01535415649414,72.09905242919922,0.5828995108604431,17,166
9bc73e0c27d4d6b44abb,33.01535415649414,72.09905242919922,0.5828995108604431,17,167
c5cf43c25a1071ceb950,7.41022253036499,14.503619194030762,0.34970253705978394,17,333
640faac26ad46357bbbb,7.41022253036499,14.503619194030762,0.34970253705978394,17,334
2f0437567e9d50e90296,7.41022253036499,14.503619194030762,0.34970253705978394,17,335
5580a36d869fbaf15a47,7.62197732925415,19.58961296081543,0.2306986004114151,17,514
b7e9adfdbe7f57bf526f,7.62197732925415,19.58961296081543,0.2306986004114151,17,515
fc911fe23a3e1e8e87d2,10.548481941223145,26.483488082885742,0.5136865377426147,17,193
9f3b75bc3a2c4004a893,10.548481941223145,26.483488082885742,0.5136865377426147,17,194
183af335033005f96b97,12.576484680175781,26.325986862182617,0.42480218410491943,17,239
6b7209c2e8154837a8c7,12.576484680175781,26.325986862182617,0.42480218410491943,17,240
9fcf89b00bb880c8a5ba,12.576484680175781,26.325986862182617,0.42480218410491943,17,241
e71bdbb1d06ba82dc4cc,8.517630577087402,14.429532051086426,0.160413920879364,17,662
f525413ea8aed78db62a,8.517630577087402,14.429532051086426,0.160413920879364,17,663
1c1d7ff3d6c495744916,8.517630577087402,14.429532051086426,0.160413920879364,17,664
bd3f212c1910e0de6b6e,12.131568908691406,24.3939208984375,0.6653695702552795,17,126
bc62be727bf6ded3d86e,12.131568908691406,24.3939208984375,0.6653695702552795,17,127
52b474514f1e9ba6c4d2,4.491344928741455,13.599329948425293,0.14968864619731903,17,702
d6f36b5de45565d68603,4.491344928741455,13.599329948425293,0.14968864619731903,17,703
8f683baab6101dc15006,4.491344928741455,13.599329948425293,0.14968864619731903,17,704
74292a64ad6203713d6b,8.058845520019531,20.728544235229492,0.18139199912548065,17,605
bc3692f55b839d2f2c07,8.058845520019531,20.728544235229492,0.18139199912548065,17,606
d7603686249e1fb69a60,8.058845520019531,20.728544235229492,0.18139199912548065,17,607
c9e08e156472783dee4e,9.596768379211426,27.859725952148438,0.2767915725708008,17,425
7ad898a193c20e7a329c,9.596768379211426,27.859725952148438,0.2767915725708008,17,426
b5aa0bae2967975bdf4b,9.596768379211426,27.859725952148438,0.2767915725708008,17,427
db26f51c86dc787ac633,16.41341209411621,40.540740966796875,0.6243953704833984,17,147
19c8831adeb5f3e2fcd5,16.41341209411621,40.540740966796875,0.6243953704833984,17,148
204c95299f49a2bcdb61,16.41341209411621,40.540740966796875,0.6243953704833984,17,149
486e498e45d084ced568,23.428552627563477,52.43935012817383,1.4019513130187988,17,58
76b4150b436d217e5b3e,23.428552627563477,52.43935012817383,1.4019513130187988,17,59
e009f41aa23d4c7b3fff,23.428552627563477,52.43935012817383,1.4019513130187988,17,60
5442611ea6789d42bc86,9.276724815368652,29.4737491607666,0.2265709936618805,17,525
ce14dd2481560a984aea,9.276724815368652,29.4737491607666,0.2265709936618805,17,526
aef5cafc63ca445e92fa,9.276724815368652,29.4737491607666,0.2265709936618805,17,527
aa43fe84c0d8c825fe58,19.2138614654541,53.21977615356445,0.4260106682777405,17,237
5e276c1730fc0a9deba7,19.2138614654541,53.21977615356445,0.4260106682777405,17,238
4862e2fb71344ce16021,27.406763076782227,69.33636474609375,0.4347711205482483,17,235
b514312eda7950cdcf1c,27.406763076782227,69.33636474609375,0.4347711205482483,17,236
660b9817e57d6cbe989d,4.963171482086182,15.895480155944824,0.1278761774301529,17,789
d2f6f26430ab4e0e5123,4.963171482086182,15.895480155944824,0.1278761774301529,17,790
d53a30ff40b1bfdee07e,4.963171482086182,15.895480155944824,0.1278761774301529,17,791
5e5b7c697bc0c268b288,12.483512878417969,35.03480911254883,0.2437344342470169,17,477
b8abc8f40545556f07e0,12.483512878417969,35.03480911254883,0.2437344342470169,17,478
8db24ae10df4095ada47,12.483512878417969,35.03480911254883,0.2437344342470169,17,479
58394a71418a9623e18a,9.131749153137207,29.381967544555664,0.8481260538101196,17,110
c6e78c97267cbb98dc22,9.131749153137207,29.381967544555664,0.8481260538101196,17,111
79ff49052bce33597828,9.131749153137207,29.381967544555664,0.8481260538101196,17,112
a1dc71bed9d8f372c9e5,18.780872344970703,47.55259323120117,1.089775800704956,17,81
a738b1f204da6fcfd385,18.780872344970703,47.55259323120117,1.089775800704956,17,82
59b54ad3a60a52cc2b2c,18.780872344970703,47.55259323120117,1.089775800704956,17,83
a17bcdddcf0799baeee2,31.17072296142578,69.0327377319336,1.5246217250823975,17,40
1395836aef00d6a880b0,31.17072296142578,69.0327377319336,1.5246217250823975,17,41
a8ae74aecb3b1e85b73c,7.775915145874023,26.864700317382812,0.1308547854423523,17,774
fbf7711e24f45bf06d4f,7.775915145874023,26.864700317382812,0.1308547854423523,17,775
537a64f15ea470d73b03,7.775915145874023,26.864700317382812,0.1308547854423523,17,776
a60552f4d1a5ced4641f,42.481597900390625,96.55630493164062,0.35913345217704773,17,321
17902fa9c7f8ea9b456e,42.481597900390625,96.55630493164062,0.35913345217704773,17,322
3774a4dac6dd0f01d48d,42.481597900390625,96.55630493164062,0.35913345217704773,17,323
b52b86b1b9a2a78f0452,9.533892631530762,27.674880981445312,0.17121723294258118,17,630
53becf1a41d72abcc45a,9.533892631530762,27.674880981445312,0.17121723294258118,17,631
20711ea4080ba078e890,11.077025413513184,30.416900634765625,0.4713335335254669,17,220
b8c35c514f5ef6c0f3bc,11.077025413513184,30.416900634765625,0.4713335335254669,17,221
316b7260106904f99ae8,11.077025413513184,30.416900634765625,0.4713335335254669,17,222
b0802294da4fd71d0f9d,23.308738708496094,56.33396530151367,0.4965890049934387,17,208
62e730f8ad10cbdd613b,11.3577880859375,18.433984756469727,0.1310211718082428,17,772
eb151126b40eda411ab7,11.3577880859375,18.433984756469727,0.1310211718082428,17,773
9ed7c1fb1c2cc499bbf9,26.23456573486328,45.48952102661133,0.38904985785484314,17,284
080258046c2cae5fb2ab,26.23456573486328,45.48952102661133,0.38904985785484314,17,285
66747ae127e03516ffda,26.23456573486328,45.48952102661133,0.38904985785484314,17,286
27427ea5fe0b9eafb94a,10.682014465332031,21.163467407226562,0.1897854506969452,17,579
e69f027cda0eb00f0073,10.682014465332031,21.163467407226562,0.1897854506969452,17,580
0da0c1a34a53c41e368a,10.682014465332031,21.163467407226562,0.1897854506969452,17,581
199cdd47b9f05e12aaa1,17.439104080200195,33.96651840209961,0.31120043992996216,17,372
b4877b0011db295949d5,17.439104080200195,33.96651840209961,0.31120043992996216,17,373
53280227ec79d55f1912,7.170055389404297,15.734349250793457,0.12623204290866852,17,797
0f23bd97c7614a46ee0d,7.170055389404297,15.734349250793457,0.12623204290866852,17,798
f8235c550c614221a158,7.170055389404297,15.734349250793457,0.12623204290866852,17,799
209cc7cf667dbec940db,15.087352752685547,22.818246841430664,0.23348742723464966,17,505
47f2e980caaa77baa535,15.087352752685547,22.818246841430664,0.23348742723464966,17,506
cb6d3ef1b6dde291fbac,15.087352752685547,22.818246841430664,0.23348742723464966,17,507
2cf4f6424b85ab121943,32.59014892578125,52.438663482666016,0.3331804871559143,17,348
c627405cf70a0daacc94,32.59014892578125,52.438663482666016,0.3331804871559143,17,349
80f6a235bb59c2a7ea59,32.59014892578125,52.438663482666016,0.3331804871559143,17,350
8b197f0ed5860f909b5f,12.524517059326172,24.907989501953125,0.170652836561203,17,632
0c06011beeb8325569a8,12.524517059326172,24.907989501953125,0.170652836561203,17,633
ef809aee1c6b06021475,12.524517059326172,24.907989501953125,0.170652836561203,17,634
eed75e5b0d9c27fa754c,21.253347396850586,41.90591812133789,0.276687890291214,17,428
6d54149d618f026681ef,21.253347396850586,41.90591812133789,0.276687890291214,17,429
8a4623d640cc619f2639,29.755563735961914,59.56330490112305,0.41020268201828003,17,253
3cd0aa35793392d15513,18.565038681030273,34.75627517700195,0.117019422352314,17,840
4d3dddb7f2bd6bdeb5ea,18.565038681030273,34.75627517700195,0.117019422352314,17,841
c80022254967f6a925f3,29.185476303100586,53.371952056884766,0.2729560136795044,17,433
25fcfe22a4504f391482,29.185476303100586,53.371952056884766,0.2729560136795044,17,434
67fa39740fcf946a3154,29.185476303100586,53.371952056884766,0.2729560136795044,17,435
2cc7c8ae52cdb25ca284,22.151342391967773,37.09373474121094,0.15363556146621704,17,693
64c9e190e213bb061867,22.151342391967773,37.09373474121094,0.15363556146621704,17,694
87265e4a49086b6ac4eb,35.96446228027344,60.7724494934082,0.2413983792066574,17,487
0655d71fcec0d1c3c73f,35.96446228027344,60.7724494934082,0.2413983792066574,17,488
3163a9b58f1a52a1992c,45.440181732177734,81.30899047851562,0.48982876539230347,17,209
29db30571b2a1ae59cc7,39.322052001953125,94.74407958984375,0.27825433015823364,17,419
855832bd4005ac7abdc6,39.322052001953125,94.74407958984375,0.27825433015823364,17,420
b51b5dbcd2a38b174973,39.322052001953125,94.74407958984375,0.27825433015823364,17,421
96710afeabc594baa359,40.432342529296875,91.51309204101562,1.1851539611816406,17,78
c76d0420b34df595c0c9,40.432342529296875,91.51309204101562,1.1851539611816406,17,79
bd04bce318b9a6fe2f60,6.691457271575928,22.41246795654297,0.22891950607299805,17,517
3bb1d388702c98c505de,6.691457271575928,22.41246795654297,0.22891950607299805,17,518
60d0510d3f8c8d6644dd,7.061191558837891,22.64302635192871,0.23895274102687836,17,494
c25aed72c162a62800ce,7.061191558837891,22.64302635192871,0.23895274102687836,17,495
d4e24b1c20fdf74a197f,7.061191558837891,22.64302635192871,0.23895274102687836,17,496
f31917e9b529f3a4126a,9.337759971618652,26.956457138061523,0.680849552154541,17,117
8a7e4cadaea654017cb4,9.337759971618652,26.956457138061523,0.680849552154541,17,118
7c44f4c46906e8f36cd1,9.337759971618652,26.956457138061523,0.680849552154541,17,119
ece815bb9caf05c4cf62,4.823856830596924,11.353896141052246,0.19232891499996185,17,576
ada006a63d5f5bb2d92f,4.823856830596924,11.353896141052246,0.19232891499996185,17,577
8850f83121d2dae0c774,4.823856830596924,11.353896141052246,0.19232891499996185,17,578
09b222eabddb5c300af9,9.511547088623047,18.54210090637207,0.13143318891525269,17,765
8e0b5e430c52b11e3c3f,9.511547088623047,18.54210090637207,0.13143318891525269,17,766
18eb8ff2b9699bbdb4f1,15.492213249206543,28.06300926208496,0.19975188374519348,17,567
ede97e1f4b6e7fe9a7eb,15.492213249206543,28.06300926208496,0.19975188374519348,17,568
8d79808de7b5a47aefcd,15.492213249206543,28.06300926208496,0.19975188374519348,17,569
a50ebfd1e5bcdfe74722,9.228336334228516,18.692855834960938,0.13926514983177185,17,730
941f69aeb5995f34ea50,9.228336334228516,18.692855834960938,0.13926514983177185,17,731
2486f5f33a2106f6a2e5,9.228336334228516,18.692855834960938,0.13926514983177185,17,732
dbbaf7572643228cf3aa,14.479667663574219,28.137184143066406,0.15796613693237305,17,677
b10935e1e299a91c24c3,14.479667663574219,28.137184143066406,0.15796613693237305,17,678
636491dd3f00eef5ba6f,14.479667663574219,28.137184143066406,0.15796613693237305,17,679
cdf40bcb3f4392f8d7d1,23.779525756835938,42.02943420410156,2.8041152954101562,17,9
b7cf293311f83700cd9a,41.9010124206543,72.7170181274414,1.3054654598236084,17,61
422ee7951888bafd55f4,15.146204948425293,24.476150512695312,0.21480043232440948,17,537
e5e2c9dac97e9132f66f,15.146204948425293,24.476150512695312,0.21480043232440948,17,538
51da06b530ccda00427a,15.146204948425293,24.476150512695312,0.21480043232440948,17,539
80762b40f399bb68342a,24.82721519470215,39.47624206542969,0.37805235385894775,17,305
d737499ef6500d57b008,24.82721519470215,39.47624206542969,0.37805235385894775,17,306
105457e008d11073c7b7,34.66538619995117,56.48078536987305,0.24076111614704132,17,489
c7e762106a9ec0d9ea75,34.66538619995117,56.48078536987305,0.24076111614704132,17,490
67b03e9099ef99d26eb1,8.124752044677734,21.466684341430664,0.3566408157348633,17,326
36786ca0d1deaa0687ba,8.124752044677734,21.466684341430664,0.3566408157348633,17,327
3ef36e4ee22e16660eb4,8.124752044677734,21.466684341430664,0.3566408157348633,17,328
30456dafbfe681b5af70,9.779473304748535,19.214195251464844,0.18774466216564178,17,591
ad67d712133eac45ff64,9.779473304748535,19.214195251464844,0.18774466216564178,17,592
b43781cffcdb47081a21,9.779473304748535,19.214195251464844,0.18774466216564178,17,593
8e701efd2ee4729edc4b,17.958106994628906,29.315641403198242,0.173715740442276,17,622
12ab195583f05b9aa177,17.958106994628906,29.315641403198242,0.173715740442276,17,623
cd324df5485168c781fc,10.89989948272705,23.004547119140625,0.11962150782346725,17,830
a6a12fd9aa2dfc949207,10.89989948272705,23.004547119140625,0.11962150782346725,17,831
6000105cb6734cff8146,10.89989948272705,23.004547119140625,0.11962150782346725,17,832
2b97a1e0a6a4b944b760,27.58495330810547,54.2757453918457,0.2968670427799225,17,394
61771d230b285babe4b6,27.58495330810547,54.2757453918457,0.2968670427799225,17,395
eb3bc3fba39e57adbc2f,27.58495330810547,54.2757453918457,0.2968670427799225,17,396
143bf510fe2028583763,9.615492820739746,18.43426513671875,0.15542779862880707,17,685
f96cee9775323fbf1d8b,9.615492820739746,18.43426513671875,0.15542779862880707,17,686
769f1d04efb22c05cfdf,9.615492820739746,18.43426513671875,0.15542779862880707,17,687
d1172a49fca1e196a59f,15.611376762390137,28.896024703979492,0.9606428146362305,17,94
2cfa393cb79664e100ce,15.611376762390137,28.896024703979492,0.9606428146362305,17,95
6fbc3a0669e9db3520ba,3.2774171829223633,11.084193229675293,0.15401872992515564,17,689
bc2a96424966b655227f,3.2774171829223633,11.084193229675293,0.15401872992515564,17,690
c4bb286978fe9078a303,14.242351531982422,27.701950073242188,0.6855612993240356,17,115
9e3f598e00375ec93d9b,14.242351531982422,27.701950073242188,0.6855612993240356,17,116
09e3b02ff83bb8eb2941,6.743530750274658,11.954129219055176,0.14774823188781738,17,709
6b2f09e3927e984ec763,6.743530750274658,11.954129219055176,0.14774823188781738,17,710
2936f9841ca1e653aee7,6.743530750274658,11.954129219055176,0.14774823188781738,17,711
8a822ff1d8dbfc293743,7.136373043060303,12.692545890808105,0.2036624550819397,17,549
396f2396757216491f57,14.327570915222168,23.69740867614746,0.11678442358970642,17,842
658d43a24dbaba3e5104,14.327570915222168,23.69740867614746,0.11678442358970642,17,843
ee6b3465557d832e0b90,6.570377349853516,13.950177192687988,0.20163163542747498,17,555
4c15c048e4f33116df8d,6.570377349853516,13.950177192687988,0.20163163542747498,17,556
7f81423ec4cb301b12bf,6.570377349853516,13.950177192687988,0.20163163542747498,17,557
dc9dc88c690b5a1d563f,14.486526489257812,29.57259178161621,0.2835389971733093,17,411
60b2d87cf24b037a7193,14.486526489257812,29.57259178161621,0.2835389971733093,17,412
dff26ab879d89bb41790,14.486526489257812,29.57259178161621,0.2835389971733093,17,413
8c4e370263f89adb3bc6,14.47564697265625,28.37400245666504,0.5211875438690186,17,188
101e73ea321226570290,14.47564697265625,28.37400245666504,0.5211875438690186,17,189
4c3dce39521dcb1793a1,13.214177131652832,25.542238235473633,0.16947580873966217,17,635
da4ade272ce8100d5b06,13.214177131652832,25.542238235473633,0.16947580873966217,17,636
42b3b7216aee53ebe1cc,7.726487636566162,27.0523738861084,0.18829619884490967,17,588
f2f1228ed527e78379ef,7.726487636566162,27.0523738861084,0.18829619884490967,17,589
10c3ccc6c179f32c6ff3,7.726487636566162,27.0523738861084,0.18829619884490967,17,590
0418fe1a093c55dc73e1,6.8824615478515625,15.887687683105469,0.13620583713054657,17,740
2e6a6b82f8ddb64a9011,6.8824615478515625,15.887687683105469,0.13620583713054657,17,741
a2b4aaadfcd0dee51aef,6.8824615478515625,15.887687683105469,0.13620583713054657,17,742
99fb49a26d4f0f1440df,10.741324424743652,25.731027603149414,0.32127752900123596,17,362
65bb637fa567663f5c54,10.741324424743652,25.731027603149414,0.32127752900123596,17,363
5fc9dcdecdbc52f2e3ea,10.741324424743652,25.731027603149414,0.32127752900123596,17,364
502fb676c48c491c8131,9.640951156616211,23.811586380004883,0.8682889342308044,17,108
de3442604a546992b1e1,9.640951156616211,23.811586380004883,0.8682889342308044,17,109
b2ac848cc42390b01b9f,9.792742729187012,23.930330276489258,0.8904588222503662,17,103
65d07ddf4c4bdb3cf60b,9.792742729187012,23.930330276489258,0.8904588222503662,17,104
62d1db91c3839882736a,11.21410083770752,26.335891723632812,0.9088988304138184,17,100
63cda70afb5b740e4fa4,11.21410083770752,26.335891723632812,0.9088988304138184,17,101
b51a88b6dc4049704214,11.21410083770752,26.335891723632812,0.9088988304138184,17,102
912c3bd62a46978c8a22,6.143025875091553,13.05841064453125,0.1521250456571579,17,696
c5b069482139555cd052,6.143025875091553,13.05841064453125,0.1521250456571579,17,697
d5fd79e96156bc59e3fe,8.161253929138184,15.578055381774902,0.13878007233142853,17,734
8a9121a5453cc56bc6d1,8.161253929138184,15.578055381774902,0.13878007233142853,17,735
6e800c2cd97dce7ae296,13.457244873046875,24.19202995300293,0.46935421228408813,17,223
da42a0a387a029f477c4,4.932322025299072,14.94974136352539,0.1889520287513733,17,585
71a0de5c629cd04d2582,4.932322025299072,14.94974136352539,0.1889520287513733,17,586
02da4f87ea8775ba0ce2,4.932322025299072,14.94974136352539,0.1889520287513733,17,587
c17fee6d4419cf961d3a,5.556081295013428,17.043363571166992,0.1490323692560196,17,705
f10605f57638fcf2b4fb,5.556081295013428,17.043363571166992,0.1490323692560196,17,706
2ced3ffcad9d3e3d21e1,5.556081295013428,17.043363571166992,0.1490323692560196,17,707
2353a25bf629e6525ba2,6.952504634857178,19.559667587280273,0.18944133818149567,17,582
6344eef305d5c2c9e159,6.952504634857178,19.559667587280273,0.18944133818149567,17,583
6a9df58ba750ae76df13,6.952504634857178,19.559667587280273,0.18944133818149567,17,584
e9a7d193dc3d83532c1f,8.958161354064941,36.23441696166992,0.1766532063484192,17,616
483022b02f8329c323ac,8.958161354064941,36.23441696166992,0.1766532063484192,17,617
e4a7e43d15fcdee2ba1d,9.941588401794434,25.500070571899414,0.4585237503051758,17,229
c3070604fe243a9e8bc9,9.941588401794434,25.500070571899414,0.4585237503051758,17,230
f156391514f509a6ea3a,9.941588401794434,25.500070571899414,0.4585237503051758,17,231
bd62986a3ea6d28161ec,7.0706787109375,14.326763153076172,0.15949121117591858,17,665
ec71ea81bb34e0bf505e,7.0706787109375,14.326763153076172,0.15949121117591858,17,666
5a2d68dbe70436facec6,6.466040134429932,14.054316520690918,0.15791502594947815,17,680
0f8ae9a2f5ed927d4a08,6.466040134429932,14.054316520690918,0.15791502594947815,17,681
2f72c334253bbe94a8ab,9.90886402130127,23.6651611328125,0.2405112087726593,17,492
92f7fe9d8581717a9949,9.90886402130127,23.6651611328125,0.2405112087726593,17,493
55200f8e501a16ffa0cf,12.628384590148926,29.467666625976562,0.35095566511154175,17,331
69b09343d0b9995c3ae4,33.81620788574219,61.99716567993164,0.32721132040023804,17,354
facbcedbecb46072b04c,33.81620788574219,61.99716567993164,0.32721132040023804,17,355
761c3f82d640da44966c,41.98922348022461,71.26970672607422,0.6657335162162781,17,122
c4b5a5499258f39b7ac1,41.98922348022461,71.26970672607422,0.6657335162162781,17,123
06ebbf6e52fa3ea6aef3,41.98922348022461,71.26970672607422,0.6657335162162781,17,124
8668ae8196d5d6347a4b,8.495673179626465,16.979158401489258,0.12184353172779083,17,814
9f3ebf8842a868d87c20,8.495673179626465,16.979158401489258,0.12184353172779083,17,815
0639d01c2101c2bad557,11.461483001708984,23.076868057250977,0.3493165373802185,17,336
80163fc8fd05827e1716,11.461483001708984,23.076868057250977,0.3493165373802185,17,337
c5d46fe23a4cde01f738,13.78082275390625,27.76690101623535,0.507373571395874,17,200
70b0f8e7366d7227efd0,13.78082275390625,27.76690101623535,0.507373571395874,17,201
8f625c2f36dcacfc8ed5,13.78082275390625,27.76690101623535,0.507373571395874,17,202
c5879e8f93b99dcf6b34,6.5967936515808105,26.893707275390625,0.14371247589588165,17,720
162ffd9b0db1fd3c1509,6.5967936515808105,26.893707275390625,0.14371247589588165,17,721
3c4c856ec5ee29c66540,6.5967936515808105,26.893707275390625,0.14371247589588165,17,722
8641d0ec9c4b21727b9a,11.597704887390137,25.1201171875,0.5076813697814941,17,197
8aa79ce56a84843f3849,11.597704887390137,25.1201171875,0.5076813697814941,17,198
ae8805bc02bce03072e2,11.597704887390137,25.1201171875,0.5076813697814941,17,199
d824f03d11ae777a2d00,23.263463973999023,42.62181854248047,0.1554240584373474,17,688
f31a89256d8ee4192d55,38.4281120300293,68.88687133789062,0.25165706872940063,17,470
a6a0404c3ad65c6d9326,38.4281120300293,68.88687133789062,0.25165706872940063,17,471
cace6f00c46aea69fe39,14.777691841125488,40.09383010864258,0.4794076085090637,17,211
8f9a7ca0380c405ee685,14.777691841125488,40.09383010864258,0.4794076085090637,17,212
fd0fd67502640304b8fb,4.424009323120117,13.095366477966309,0.14487028121948242,17,715
a98f3e4664fd05c0f82c,4.424009323120117,13.095366477966309,0.14487028121948242,17,716
19e5d078bc0eb8a91e1e,11.113261222839355,29.000646591186523,0.317230224609375,17,368
b6a2baaa0410b39ac474,11.113261222839355,29.000646591186523,0.317230224609375,17,369
ef97fd8d3e9fcf6711de,3.4150307178497314,9.433965682983398,0.172830730676651,17,624
bfcfe9bcef40efc290f2,3.4150307178497314,9.433965682983398,0.172830730676651,17,625
6f9d141f9a5e7238a801,3.4150307178497314,9.433965682983398,0.172830730676651,17,626
def684761639e17b1a7e,9.09434986114502,16.821489334106445,0.15546995401382446,17,683
1e12081e646a951776b1,9.09434986114502,16.821489334106445,0.15546995401382446,17,684
28d8efb10e9abe6740a6,11.135506629943848,22.231430053710938,0.47527050971984863,17,216
fa6928fd61022384f96f,8.495673179626465,16.979158401489258,0.12184353172779083,17,816
e78030609295a056f86f,8.495673179626465,16.979158401489258,0.12184353172779083,17,817
46b4fda73cbe7dae99e5,8.495673179626465,16.979158401489258,0.12184353172779083,17,818
7f358fdf34624ad1a9d5,11.461483001708984,23.076868057250977,0.3493165373802185,17,338
dfd15398154ac2f524d5,11.461483001708984,23.076868057250977,0.3493165373802185,17,339
a30747adbe75d3a82d4f,13.78082275390625,27.76690101623535,0.507373571395874,17,203
56e3e54753e1a9275a6f,13.78082275390625,27.76690101623535,0.507373571395874,17,204
5c2bc1d92128a17d996d,33.81620788574219,61.99716567993164,0.32721132040023804,17,356
c8d43713db33bf820a1d,33.81620788574219,61.99716567993164,0.32721132040023804,17,357
19f19f196ba5787a01b0,33.81620788574219,61.99716567993164,0.32721132040023804,17,358
549daca56bed1c9d2bcc,41.98922348022461,71.26970672607422,0.6657335162162781,17,125
14db2dd214b08f84732a,6.614326477050781,17.833173751831055,0.12358769029378891,17,805
bfc5d8a0a4f7ca00ff61,6.614326477050781,17.833173751831055,0.12358769029378891,17,806
953c36233727e4998c93,6.614326477050781,17.833173751831055,0.12358769029378891,17,807
f3a9b0a4924369149487,10.340798377990723,23.723772048950195,0.16224944591522217,17,651
a134ef1942ffcd81d017,10.340798377990723,23.723772048950195,0.16224944591522217,17,652
d2b2a221080a75b4729f,12.10727596282959,28.044240951538086,0.5454800128936768,17,174
efc1e677ddbcf36b5ef9,12.10727596282959,28.044240951538086,0.5454800128936768,17,175
7d5a5e7ce28dafd856c2,12.10727596282959,28.044240951538086,0.5454800128936768,17,176
6c28e50241ca84637c9f,17.1292667388916,37.31611251831055,1.5614818334579468,17,34
c32500e81a05cfd2273d,17.1292667388916,37.31611251831055,1.5614818334579468,17,35
0e5b806832eaea6e01b6,17.1292667388916,37.31611251831055,1.5614818334579468,17,36
20d4b1612cbdd88b6755,14.41339111328125,30.062774658203125,0.16401049494743347,17,642
a1809a6c4c3ada20bcb0,14.41339111328125,30.062774658203125,0.16401049494743347,17,643
8a5443659239e3b52e14,14.41339111328125,30.062774658203125,0.16401049494743347,17,644
7ac90b210e42d27c5a04,24.237749099731445,49.71306228637695,0.4548836350440979,17,232
5b445b457a8b897a2d6c,24.237749099731445,49.71306228637695,0.4548836350440979,17,233
ffc70e28db22d1cc1f3f,28.163320541381836,56.0414924621582,1.3006930351257324,17,62
e3a799d0fa90b649a157,28.163320541381836,56.0414924621582,1.3006930351257324,17,63
ffffcd6f3b9393846ab4,28.163320541381836,56.0414924621582,1.3006930351257324,17,64
d035281432e410405550,25.7518367767334,53.85272216796875,0.6135680079460144,17,150
8232ed63909910ce88f2,25.7518367767334,53.85272216796875,0.6135680079460144,17,151
2d63ab3869184cde52bf,45.00868225097656,90.29312896728516,0.7337412238121033,17,113
0cf0d36290765378ae8d,45.00868225097656,90.29312896728516,0.7337412238121033,17,114
64cada072f5110a54c64,8.269698143005371,23.453493118286133,0.27733302116394043,17,422
b9008524c9352e3478a8,8.269698143005371,23.453493118286133,0.27733302116394043,17,423
5e4828fe9aca9bb895f2,8.269698143005371,23.453493118286133,0.27733302116394043,17,424
c060c367e4e5bf6955cb,11.899922370910645,29.592981338500977,0.6012652516365051,17,152
9bef8796fc48c4836e6b,11.899922370910645,29.592981338500977,0.6012652516365051,17,153
05ae46c25f5bd347b3a1,7.3898749351501465,21.16832160949707,0.17657825350761414,17,618
f394f6b40e55953df8e1,7.3898749351501465,21.16832160949707,0.17657825350761414,17,619
1cfbe67bb7b0a73807c3,11.622286796569824,30.06184959411621,0.5839768648147583,17,161
ba0d2f91eb0b005857f8,11.622286796569824,30.06184959411621,0.5839768648147583,17,162
b6788273a51c50c0e948,11.622286796569824,30.06184959411621,0.5839768648147583,17,163
95e11ec70cd7b493e3f8,15.393074035644531,36.0817985534668,0.5283790826797485,17,183
c692f211a6366b2f15c2,15.393074035644531,36.0817985534668,0.5283790826797485,17,184
d3ffe87bbab76e5d5d56,22.408544540405273,46.807674407958984,0.5276710987091064,17,185
fa851bcd2cdb1d84b91f,22.408544540405273,46.807674407958984,0.5276710987091064,17,186
6020a000a87663526cc8,22.408544540405273,46.807674407958984,0.5276710987091064,17,187
5830dbb35947aa6f58f0,8.929741859436035,22.2943058013916,0.13849177956581116,17,736
f73fd2f4c55177304721,8.929741859436035,22.2943058013916,0.13849177956581116,17,737
c40d715383d042030e93,11.292132377624512,22.85959815979004,0.1335260272026062,17,757
81ac865dd40a21b73e6d,11.292132377624512,22.85959815979004,0.1335260272026062,17,758
50fbcf5ece9bd5fc2d70,11.292132377624512,22.85959815979004,0.1335260272026062,17,759
8143c4fff6f999b7ad0e,18.630313873291016,37.025997161865234,0.31499600410461426,17,370
15d6bc57a87392fbeb98,18.630313873291016,37.025997161865234,0.31499600410461426,17,371
52b9af4df1f1e7cd4d9b,26.378232955932617,51.69038009643555,0.6600589156150818,17,128
a3ae677aae8a8faf5786,26.378232955932617,51.69038009643555,0.6600589156150818,17,129
c82167c626a1495ef750,26.378232955932617,51.69038009643555,0.6600589156150818,17,130
084212942b840ae3c1c7,7.12749719619751,18.830455780029297,0.20155467092990875,17,558
7fdf49a091a855c0138f,7.12749719619751,18.830455780029297,0.20155467092990875,17,559
01ed985e6ebf7d4a3dc8,7.12749719619751,18.830455780029297,0.20155467092990875,17,560
6ac700cf79bf6e05982e,9.965315818786621,22.792449951171875,0.18401789665222168,17,595
122ecf89b68742b1bf36,9.965315818786621,22.792449951171875,0.18401789665222168,17,596
bed2f1430d0964e86fcb,9.965315818786621,22.792449951171875,0.18401789665222168,17,597
6998dee6f6e69401798a,14.675965309143066,31.15380859375,0.2528115510940552,17,468
c096c324a71974b6ab37,14.675965309143066,31.15380859375,0.2528115510940552,17,469
bd9a1f4f201144d577d7,7.368068695068359,25.708269119262695,0.18122094869613647,17,608
04220e1eb53e9a22175c,7.368068695068359,25.708269119262695,0.18122094869613647,17,609
dc9e3983cd4f98689fa7,7.368068695068359,25.708269119262695,0.18122094869613647,17,610
a83fb14090f1518df5a7,11.541885375976562,34.215206146240234,0.2540288269519806,17,465
783cf2454912fc14bb80,11.541885375976562,34.215206146240234,0.2540288269519806,17,466
a917c928912c74862968,11.541885375976562,34.215206146240234,0.2540288269519806,17,467
7654254c03d9de79740f,20.93678092956543,49.36238479614258,0.17499211430549622,17,620
8bef7f788af60df5e18a,20.93678092956543,49.36238479614258,0.17499211430549622,17,621
d6ef05c62d2172fae39a,6.82284688949585,14.18047046661377,0.13009914755821228,17,777
5ae1e9580200827a709d,6.82284688949585,14.18047046661377,0.13009914755821228,17,778
156594686f5cf7182bcc,10.317048072814941,27.25347900390625,0.47793251276016235,17,213
f0b6d8fb9d1feea8b24b,10.317048072814941,27.25347900390625,0.47793251276016235,17,214
eb383b92fe958c91d272,10.317048072814941,27.25347900390625,0.47793251276016235,17,215
b3d9bb5afa82b99f2a11,13.365646362304688,33.49492263793945,1.4055321216583252,17,57
0f5a668aff17f4f3cc95,10.723416328430176,28.3676700592041,0.16742634773254395,17,641
85956151bfe869ac5ee6,16.693405151367188,38.59114456176758,0.33007827401161194,17,351
654a4a40363a388cf9cb,16.693405151367188,38.59114456176758,0.33007827401161194,17,352
67434b9a07488d70219b,16.693405151367188,38.59114456176758,0.33007827401161194,17,353
e8985293d175e0f0f8dd,14.543900489807129,32.58732604980469,0.25923025608062744,17,454
4da6e3b93f29af1efa94,14.543900489807129,32.58732604980469,0.25923025608062744,17,455
5a279bc25d91d033acdc,14.543900489807129,32.58732604980469,0.25923025608062744,17,456
fcb9019ffbdb889489f7,19.456056594848633,45.7736701965332,0.16204315423965454,17,653
e99da719af7e2c3e9a93,19.456056594848633,45.7736701965332,0.16204315423965454,17,654
3b4634411832718c26e4,13.406024932861328,27.174848556518555,1.2544734477996826,17,65
1182373ab8814dbe2f43,13.406024932861328,27.174848556518555,1.2544734477996826,17,66
efe14b6a1dc3741d71ba,26.596330642700195,48.34454345703125,1.5236413478851318,17,42
6b5982c6e1bbaadd6a95,26.596330642700195,48.34454345703125,1.5236413478851318,17,43
7d406784048b9e313d67,26.596330642700195,48.34454345703125,1.5236413478851318,17,44
79cb1738d945317e5bfa,32.15740203857422,60.377925872802734,2.4158072471618652,17,18
2f48e798c7917fb7d2ae,32.15740203857422,60.377925872802734,2.4158072471618652,17,19
a38fee52661fd3e3b7ea,32.15740203857422,60.377925872802734,2.4158072471618652,17,20
9ffee2813aef5c26f96f,34.63568115234375,66.84087371826172,3.308736801147461,17,6
efd84dffe823b6298db6,34.63568115234375,66.84087371826172,3.308736801147461,17,7
dc419b3ce4e1382aae7a,9.354607582092285,22.55706787109375,0.3444795608520508,17,345
796417d42eb6a5349404,9.354607582092285,22.55706787109375,0.3444795608520508,17,346
e97ed592e525b9c30dec,9.354607582092285,22.55706787109375,0.3444795608520508,17,347
20a5a5008211ea15a65a,11.346904754638672,26.76466941833496,0.41028276085853577,17,251
93d0b949ca6dc0685979,11.346904754638672,26.76466941833496,0.41028276085853577,17,252
09c2a4beb05ca5c84aab,16.97380828857422,43.926265716552734,0.26632797718048096,17,449
a7bc3fb68bdecbbe086f,16.97380828857422,43.926265716552734,0.26632797718048096,17,450
1d15ee46756cd1845a68,16.97380828857422,43.926265716552734,0.26632797718048096,17,451
72231b208c5287c32d70,23.0416316986084,58.291080474853516,0.24534466862678528,17,475
7e834c7b870ef7024d35,23.0416316986084,58.291080474853516,0.24534466862678528,17,476
b1801204c2c4a34a9278,27.390230178833008,67.5888671875,0.5838927030563354,17,164
5522a1ec1f8e39cedb13,8.89356517791748,28.560043334960938,0.12546801567077637,17,800
bfbe491a54086b98874d,13.99782657623291,34.51649856567383,0.20521943271160126,17,547
050e2fab4b407ea058cb,13.99782657623291,34.51649856567383,0.20521943271160126,17,548
db7f9ffa50eb931613f6,31.7777099609375,67.42772674560547,0.16126546263694763,17,656
351c17dfa8f46a8cb40a,31.7777099609375,67.42772674560547,0.16126546263694763,17,657
0dccaa29989ef4956786,31.7777099609375,67.42772674560547,0.16126546263694763,17,658
73a35f890e678b320073,7.122805118560791,15.611335754394531,0.1617031693458557,17,655
9ff75a89ec8d52e6f51c,10.888516426086426,24.592214584350586,0.14826136827468872,17,708
1668026caa5d708642cf,15.470019340515137,35.251949310302734,0.2985263466835022,17,391
52348febee6695107c49,19.5025634765625,43.99264144897461,0.35010281205177307,17,332
e05652bb38d9efd5b11e,10.545310020446777,24.0915584564209,0.134363055229187,17,752
4c46ceefd6147b1e0a7a,12.769974708557129,29.594694137573242,0.485626757144928,17,210
f4331eb64b6774466836,21.046201705932617,46.40043640136719,0.5959553718566895,17,154
f79cf892a214e3af8f61,9.766500473022461,21.625185012817383,0.1277530938386917,17,792
fd9cda2d3ab32ea2a360,10.160154342651367,30.85675048828125,0.1565142273902893,17,682
7c6e7b244de393e8554d,18.67940902709961,44.81698226928711,0.1389886736869812,17,733
7726f4a207a737256a86,10.017245292663574,29.91578483581543,0.3802010416984558,17,301
b7fffd840d208b29776c,19.741716384887695,51.98171615600586,0.3791998624801636,17,302
c65455de87b41e2ef577,7.707204341888428,18.259504318237305,0.1328783929347992,17,760
f9bba2e75f16ebadb0eb,10.014283180236816,24.367483139038086,0.22997240722179413,17,516
65f22906a14f74d756d4,12.130179405212402,30.321693420410156,0.15927700698375702,17,667
fd11ee7c408d95a1a8e6,9.211386680603027,21.888383865356445,0.18427222967147827,17,594
419f6eb4080dcb9d293b,11.603889465332031,26.444067001342773,0.23156709969043732,17,511
9449e3a7076ce90324ad,7.625494480133057,14.17319393157959,0.15242436528205872,17,695
84e56cf199f91314159c,7.912872791290283,17.044893264770508,0.24165648221969604,17,486
8b556440cbbd8224f6ff,11.196064949035645,18.697938919067383,0.1500629484653473,17,698
7155ede91e7e3232862a,12.397461891174316,22.567007064819336,0.5515458583831787,17,173
b1c5816f929ef59f5a87,13.71614933013916,26.65116310119629,0.6409575939178467,17,141
9f362bfe1dab6e9eac3d,9.066855430603027,25.834787368774414,0.5390492081642151,17,177
aed6d224edcb21e5d658,4.7008137702941895,17.501203536987305,0.306726336479187,17,380
17ff889395addf7d6295,8.416213035583496,21.078866958618164,0.12097598612308502,17,821
634f21e11a8442494ce3,12.242762565612793,36.351932525634766,0.36065059900283813,17,320
0c5c35afb3a24375c153,30.28812599182129,72.06045532226562,3.2190423011779785,17,8
8f5acbec0c511bb1ea89,9.314197540283203,19.720640182495117,0.13612942397594452,17,743
9b11493847c035abf800,9.45097827911377,19.25216293334961,0.40036261081695557,17,270
f46da3c00b2199795e4c,13.831687927246094,27.45490074157715,1.432982087135315,17,48
ac975c791f030093081f,6.8426833152771,14.987992286682129,0.13493192195892334,17,747
8b8becd233748ccae9e3,13.03950023651123,31.837251663208008,0.12481985241174698,17,801
fd73bcb28ed4a4959b1f,7.914002895355225,18.04874610900879,0.14187966287136078,17,723
20d2b3319fd90528853f,8.468416213989258,18.983938217163086,0.16228967905044556,17,650
5307ce95bcee2886afe0,9.687776565551758,20.839719772338867,0.1336730420589447,17,756
e6dcf9d6f65fa598a38e,17.981325149536133,30.40436363220215,0.4676717221736908,17,224
f90a5a5a54509c085ebd,7.0599045753479,23.200637817382812,0.2912371754646301,17,409
65fcce0299e031dedeb8,7.0599045753479,23.200637817382812,0.2912371754646301,17,410
0b247863fd6e8aaf44d8,10.947410583496094,27.162912368774414,0.3528001606464386,17,329
1e775e7d8dcbf48fd6f8,14.41490650177002,29.67315673828125,0.45073050260543823,17,234
9a32b65bc21fdc5f7286,10.947410583496094,27.162912368774414,0.3528001606464386,17,330
b37608f8c4a8ee4b8696,28.49114418029785,52.330509185791016,0.13207225501537323,17,761
c32ed74eba9d7dfc4860,9.01572036743164,20.88665199279785,0.1361827254295349,137,507
bfe9ce431b45599fd5e6,9.01572036743164,20.88665199279785,0.1361827254295349,137,508
6c387793968257d2f169,12.20479965209961,25.71613121032715,0.12392346560955048,137,562
812adebe27af25dc2242,12.20479965209961,25.71613121032715,0.12392346560955048,137,563
f159b69487cebc7dcf97,12.20479965209961,25.71613121032715,0.12392346560955048,137,564
0fb4ba3b33f8740a6a8a,12.20479965209961,25.71613121032715,0.12392346560955048,137,565
d0cc8f9af20c2aaeb9d5,10.940268516540527,27.423974990844727,0.2333430051803589,137,307
3016ab4b83227fcf83e4,10.940268516540527,27.423974990844727,0.2333430051803589,137,308
5c11321c1ad5aec4ddf1,9.1847505569458,22.85301971435547,0.10285498946905136,137,675
6291930c715370a3b84f,9.1847505569458,22.85301971435547,0.10285498946905136,137,676
b4c266d3fe67315f0adf,9.1847505569458,22.85301971435547,0.10285498946905136,137,677
781b8d96d8bc7c124dc9,10.940268516540527,27.423974990844727,0.2333430051803589,137,309
54bc75cc4d64dac2ed48,27.115293502807617,61.26771926879883,0.14296801388263702,137,479
7f4f64cb791c71ba0420,27.115293502807617,61.26771926879883,0.14296801388263702,137,480
2424b103c34d3d2b6a9a,27.115293502807617,61.26771926879883,0.14296801388263702,137,481
36b45fbdbace5950c108,27.115293502807617,61.26771926879883,0.14296801388263702,137,482
d0c994e30d2f33948394,8.41158390045166,17.762479782104492,0.12952956557273865,137,526
c641cb5b9e82e60de614,8.41158390045166,17.762479782104492,0.12952956557273865,137,527
f82f2844c7e27afd32bb,8.41158390045166,17.762479782104492,0.12952956557273865,137,528
28e9fea3e3293f2b8a0e,32.71421432495117,63.5316162109375,0.5049863457679749,137,140
9249ed2c527f70995033,32.71421432495117,63.5316162109375,0.5049863457679749,137,141
e2f15590b7142490599b,7.887294769287109,21.07259178161621,0.10437627881765366,137,655
0389a6366b3a51fad8b5,7.887294769287109,21.07259178161621,0.10437627881765366,137,656
4b8ba288d549f6cfc94b,7.887294769287109,21.07259178161621,0.10437627881765366,137,657
ab1062a71079c605f750,7.887294769287109,21.07259178161621,0.10437627881765366,137,658
50e113fcc37184809670,7.887294769287109,21.07259178161621,0.10437627881765366,137,659
ad0ace61c29817c678c2,7.887294769287109,21.07259178161621,0.10437627881765366,137,660
66da447ca0fe7160cc1c,13.345803260803223,34.78462219238281,0.09626416862010956,137,736
bbb514661c0a49694d6a,13.345803260803223,34.78462219238281,0.09626416862010956,137,737
e9dc948c0e68a88eb621,13.345803260803223,34.78462219238281,0.09626416862010956,137,738
7b42519983cf93dd7efd,20.55086326599121,60.86101150512695,0.3612157702445984,137,205
9bbd36c8b484b5609808,20.55086326599121,60.86101150512695,0.3612157702445984,137,206
1844eab177de5d01fab6,20.55086326599121,60.86101150512695,0.3612157702445984,137,207
9862563d18aae2868342,20.55086326599121,60.86101150512695,0.3612157702445984,137,208
0dd38abec3981f296cfb,9.063061714172363,19.75111961364746,0.09775589406490326,137,721
35afc3cdfff849ffe8c9,9.063061714172363,19.75111961364746,0.09775589406490326,137,722
17ae456a18a0b9437e9a,9.063061714172363,19.75111961364746,0.09775589406490326,137,723
67e9e23958a468891c07,9.063061714172363,19.75111961364746,0.09775589406490326,137,724
252b32b25d20e53396b4,9.063061714172363,19.75111961364746,0.09775589406490326,137,725
cd7c523e3df961c83524,13.531547546386719,29.526708602905273,0.2703913450241089,137,269
df93501912d2cfcfbc41,13.531547546386719,29.526708602905273,0.2703913450241089,137,270
3f1a96aa336ea0741b5a,13.531547546386719,29.526708602905273,0.2703913450241089,137,271
85924bdd0693438dc23a,11.983275413513184,23.635292053222656,0.09878990054130554,137,698
d2921349ba8d9cef15a4,11.983275413513184,23.635292053222656,0.09878990054130554,137,699
12ee64241e59d6b88e7a,9.994393348693848,13.62439250946045,0.10032955557107925,137,694
f38d5dff7d60bacd8a21,9.994393348693848,13.62439250946045,0.10032955557107925,137,695
0434c2f9b75e25782a13,26.25055503845215,42.31032180786133,0.11461806297302246,137,600
4756b7ebb0be7c63e552,26.25055503845215,42.31032180786133,0.11461806297302246,137,601
93bcd806b8dcb8c0cab9,20.119192123413086,49.09075927734375,0.26484233140945435,137,272
a2f83665cfe821271b30,20.119192123413086,49.09075927734375,0.26484233140945435,137,273
334f7f55dcbf278e47ec,24.81131935119629,62.98099136352539,0.2434697449207306,137,294
1b1a9ec85268aa66d327,24.81131935119629,62.98099136352539,0.2434697449207306,137,295
5d6d4ac0c1dfacbde53d,24.81131935119629,62.98099136352539,0.2434697449207306,137,296
0af9d219be9872711215,20.808481216430664,44.360530853271484,0.08591175079345703,137,821
3fc05dc2025715e68174,23.491012573242188,52.0849609375,0.10873975604772568,137,624
74701496b6fc5465eea7,23.491012573242188,52.0849609375,0.10873975604772568,137,625
542f504077b58e444bc2,20.119192123413086,49.09075927734375,0.26484233140945435,137,274
bcd986158b7450087591,20.119192123413086,49.09075927734375,0.26484233140945435,137,275
48b79cabd9460cfc510b,20.119192123413086,49.09075927734375,0.26484233140945435,137,276
8e7636d7a60a6058305a,24.81131935119629,62.98099136352539,0.2434697449207306,137,297
754f1d33b0ed61557754,24.81131935119629,62.98099136352539,0.2434697449207306,137,298
a387411cbcb6be48bde4,3.5608928203582764,19.587575912475586,0.1712726652622223,137,400
2cf789c87f7c6325c020,3.5608928203582764,19.587575912475586,0.1712726652622223,137,401
7bd4e959319ef8b7b0fe,3.5608928203582764,19.587575912475586,0.1712726652622223,137,402
ae21e5bf088e88892524,10.532136917114258,26.05656623840332,0.3777387738227844,137,185
c496cacfd9e40e5e6f71,10.532136917114258,26.05656623840332,0.3777387738227844,137,186
f4a4fc4d6e4dea59b061,17.13608741760254,35.94668960571289,0.37198305130004883,137,192
57646b9484b03f4076bb,17.13608741760254,35.94668960571289,0.37198305130004883,137,193
cd566862a517dd7cdc8d,13.614819526672363,36.433101654052734,0.24830102920532227,137,290
0ccbd28a4414f97dfad8,13.614819526672363,36.433101654052734,0.24830102920532227,137,291
35944fdd59ac331c3fcb,17.853965759277344,50.5613899230957,0.5150197744369507,137,133
41f57dc6d50ee162801a,17.853965759277344,50.5613899230957,0.5150197744369507,137,134
45e24a16b44a89653e4b,17.853965759277344,50.5613899230957,0.5150197744369507,137,135
08f5a209b38c4c65b5c3,17.853965759277344,50.5613899230957,0.5150197744369507,137,136
d448d8de2d8dacec62c3,21.617429733276367,64.88776397705078,0.36736389994621277,137,196
f402144b8672dd5ab2ab,21.617429733276367,64.88776397705078,0.36736389994621277,137,197
48679ae48dd485ffb7a6,10.581405639648438,26.649816513061523,0.20911474525928497,137,337
122fbec0df9ecf1c5d89,14.504928588867188,33.5719108581543,0.30332300066947937,137,245
655dc9dfb978b4ffd624,12.620712280273438,23.758081436157227,0.09234940260648727,137,771
10f14f6ee69ba06bbe68,12.620712280273438,23.758081436157227,0.09234940260648727,137,772
6ce2b891280aed137ab8,12.620712280273438,23.758081436157227,0.09234940260648727,137,773
6c4eacf7845534254af9,12.620712280273438,23.758081436157227,0.09234940260648727,137,774
485f8bcfb08d6eaf3463,13.27506160736084,33.4828987121582,0.08313801884651184,137,837
8af7ab6d0c4dde52bba2,13.27506160736084,33.4828987121582,0.08313801884651184,137,838
a8a8b4ab0ef68c063c29,8.424481391906738,17.750045776367188,0.19593122601509094,137,356
e868755bce7658ed8227,8.424481391906738,17.750045776367188,0.19593122601509094,137,357
c838aaaa480481570d39,8.424481391906738,17.750045776367188,0.19593122601509094,137,358
fa64656d7b055dec7f56,8.424481391906738,17.750045776367188,0.19593122601509094,137,359
a928362cc115f586e865,12.787193298339844,29.685134887695312,0.47281354665756226,137,150
c932a52e67c6aedcaa9a,12.787193298339844,29.685134887695312,0.47281354665756226,137,151
d2b769ab5d49a1bd9378,12.787193298339844,29.685134887695312,0.47281354665756226,137,152
5a7caf93a900dfc9dc85,8.453033447265625,14.980347633361816,0.08650407940149307,137,812
11f27c83c1e956b8b00a,8.453033447265625,14.980347633361816,0.08650407940149307,137,813
4f84797fc03e8f4f2473,8.453033447265625,14.980347633361816,0.08650407940149307,137,814
9dd4e8dae2357c6de73e,9.788372993469238,18.314695358276367,0.18512533605098724,137,382
5497a50fcc16a8bf1a07,9.788372993469238,18.314695358276367,0.18512533605098724,137,383
c5a12771920c4410d921,13.098018646240234,24.43255615234375,0.34963515400886536,137,220
ec10d46ed20579967ae2,8.56571102142334,17.24638557434082,0.10408355295658112,137,661
96b9b370ade7a60366fa,8.56571102142334,17.24638557434082,0.10408355295658112,137,662
7bde1bbf34aba54ccfef,8.56571102142334,17.24638557434082,0.10408355295658112,137,663
e9bdef57ef2c8ced88f0,8.56571102142334,17.24638557434082,0.10408355295658112,137,664
6553b9607d6093f257c7,8.56571102142334,17.24638557434082,0.10408355295658112,137,665
cd52e7c2ec49986121e2,12.42315673828125,21.440168380737305,0.1292213499546051,137,529
c1590fdeb07c00fa0187,12.42315673828125,21.440168380737305,0.1292213499546051,137,530
1f85bb83729347f5b0bb,18.881587982177734,35.58467483520508,0.527429461479187,137,128
2012223149ba23d26ec2,18.881587982177734,35.58467483520508,0.527429461479187,137,129
0ec6a7ff96d97b1417a5,8.384354591369629,19.832141876220703,0.09570308774709702,137,740
918504cfbad81b27c08e,8.384354591369629,19.832141876220703,0.09570308774709702,137,741
07d227507052d834608f,8.384354591369629,19.832141876220703,0.09570308774709702,137,742
60e1cb22d3dd7eda495a,5.5421223640441895,14.527409553527832,0.11265892535448074,137,615
d7452aadf19fd7c0248e,5.5421223640441895,14.527409553527832,0.11265892535448074,137,616
fc1bce3cffd86cabf1e3,5.5421223640441895,14.527409553527832,0.11265892535448074,137,617
c11d5c3acbc28dddd0cf,6.250397205352783,19.85553550720215,0.14910893142223358,137,454
f08f1f5e4f51796c1f81,6.250397205352783,19.85553550720215,0.14910893142223358,137,455
c8109aeddd391e369815,6.250397205352783,19.85553550720215,0.14910893142223358,137,456
71abc36775b6cce56da7,18.478452682495117,39.64994812011719,0.0985402911901474,137,704
e4fd83fb3852eb354a66,18.478452682495117,39.64994812011719,0.0985402911901474,137,705
20913a7c2077b80b7351,18.478452682495117,39.64994812011719,0.0985402911901474,137,706
2cc254396123c76b9a13,8.394389152526855,23.359817504882812,0.28681766986846924,137,259
319e89d7000731f64e7f,8.394389152526855,23.359817504882812,0.28681766986846924,137,260
ea004678fc850c759752,8.394389152526855,23.359817504882812,0.28681766986846924,137,261
24a9086a8e2c8015c232,13.845429420471191,34.13874435424805,0.876487135887146,137,73
fc27fa779102c4aeb8ab,13.845429420471191,34.13874435424805,0.876487135887146,137,74
2d178efe0181baca2bd5,21.10929298400879,49.5039176940918,1.1067346334457397,137,45
c9ad01493d938f825117,9.005558013916016,26.63987159729004,0.14044290781021118,137,492
1e3423563c1cfbda4889,9.005558013916016,26.63987159729004,0.14044290781021118,137,493
985361f6699d97f9464f,29.78352928161621,63.1993408203125,0.30238574743270874,137,246
62d7ea74ab73fa6214b4,29.78352928161621,63.1993408203125,0.30238574743270874,137,247
beda2205eedbe1688e1f,33.8078727722168,67.13970184326172,0.6536946296691895,137,101
c352863d9fa4a8645481,33.8078727722168,67.13970184326172,0.6536946296691895,137,102
5e45395722fa0dcc1d00,33.8078727722168,67.13970184326172,0.6536946296691895,137,103
5ade07cbab809516adec,7.339849948883057,11.016288757324219,0.09831429272890091,137,712
0a8147b86bc21cbe11d1,7.339849948883057,11.016288757324219,0.09831429272890091,137,713
9417e7b090eb5c31a3cc,7.339849948883057,11.016288757324219,0.09831429272890091,137,714
a3560ac8164465dbb406,6.2294769287109375,24.32746696472168,0.1247621402144432,137,553
c46b86dae7e6845f08cd,6.2294769287109375,24.32746696472168,0.1247621402144432,137,554
efba7e70f4e46055398b,6.2294769287109375,24.32746696472168,0.1247621402144432,137,555
53c1be5b96937954b9fa,11.232478141784668,34.15005111694336,0.4685817360877991,137,154
45a1b11ae63f2dab2e48,31.741302490234375,70.2964859008789,0.8069698214530945,137,81
b7b1a1bb666c8cc99bad,31.741302490234375,70.2964859008789,0.8069698214530945,137,82
1211905ebc8972913270,31.741302490234375,70.2964859008789,0.8069698214530945,137,83
358461ff3742e78ea3b6,34.21150207519531,72.50330352783203,0.5798122882843018,137,119
73502a52708e4f9c2391,34.21150207519531,72.50330352783203,0.5798122882843018,137,120
ecd17c7ea435a1e33f6b,5.856974124908447,12.1159029006958,0.08854810148477554,137,800
35dd0118b9a2d30ca70e,5.856974124908447,12.1159029006958,0.08854810148477554,137,801
9fb05d784e7952bd4741,5.856974124908447,12.1159029006958,0.08854810148477554,137,802
292e0342682192a69fce,17.052722930908203,38.26054763793945,0.4430660009384155,137,167
1ce749f818905d3c61d4,17.052722930908203,38.26054763793945,0.4430660009384155,137,168
1e77ce24daad192212f6,17.052722930908203,38.26054763793945,0.4430660009384155,137,169
d119d77f545c029deace,27.42122459411621,58.54500198364258,0.46627277135849,137,155
dd4829f39cdf781ffaf9,27.42122459411621,58.54500198364258,0.46627277135849,137,156
810b065b0b86ff8c9aae,27.42122459411621,58.54500198364258,0.46627277135849,137,157
434e465cfa7e0034f233,36.561466217041016,79.67240142822266,0.10660150647163391,137,645
bd2e9fee67bbba1155df,36.561466217041016,79.67240142822266,0.10660150647163391,137,646
a775926fce57b3bf9ec1,12.201289176940918,33.72918701171875,0.1674676388502121,137,412
17c1bb3be086a2b6ffec,12.201289176940918,33.72918701171875,0.1674676388502121,137,413
776ee2c1e85ebde75168,25.08256721496582,52.982818603515625,0.1295400857925415,137,524
e6e78489d1da4066c07e,25.08256721496582,52.982818603515625,0.1295400857925415,137,525
a0fb13951a097b6a1516,13.697501182556152,29.52349853515625,0.22660261392593384,137,313
8b0153f031bc52c2c1dd,13.697501182556152,29.52349853515625,0.22660261392593384,137,314
376ba323d8d487f80cee,13.697501182556152,29.52349853515625,0.22660261392593384,137,315
5bad82a6cffd60e7a6c9,16.08365821838379,37.69307327270508,0.5934426188468933,137,115
fd1d673cc647d6745303,16.08365821838379,37.69307327270508,0.5934426188468933,137,116
18aafc3a2522f8cc2983,16.08365821838379,37.69307327270508,0.5934426188468933,137,117
3c74589796aa180ea5ba,6.9227423667907715,7.817657470703125,0.10097277164459229,137,689
4508cb72ef4489429d15,8.017449378967285,9.2371187210083,0.13919270038604736,137,496
ec53cb944de53e46b911,8.017449378967285,9.2371187210083,0.13919270038604736,137,497
09096996d08f0c063345,11.574688911437988,25.44779396057129,0.09663192182779312,137,734
f5e5ad6e9b48aa9731b5,11.574688911437988,25.44779396057129,0.09663192182779312,137,735
55927e904f7c540fd4f2,16.535289764404297,36.85315704345703,0.08267204463481903,137,841
5d274cbcb3c8532e483f,16.535289764404297,36.85315704345703,0.08267204463481903,137,842
9cad3bab10930468747d,16.535289764404297,36.85315704345703,0.08267204463481903,137,843
ad383ab38ce1ef78a5ae,7.147033214569092,14.928269386291504,0.0952054038643837,137,743
2c1a26f1476e0550985e,7.147033214569092,14.928269386291504,0.0952054038643837,137,744
7b69466d230dfaae0ae1,7.147033214569092,14.928269386291504,0.0952054038643837,137,745
d1e71a8278523e7a10e3,5.374818801879883,11.236766815185547,0.14913195371627808,137,451
bea7a84fdcea344896f4,5.374818801879883,11.236766815185547,0.14913195371627808,137,452
504cddc93fa258cac929,5.374818801879883,11.236766815185547,0.14913195371627808,137,453
5097ef8f92148f920ca4,5.853660583496094,12.340596199035645,0.17103439569473267,137,404
e7bf6bd74f8498f1cb11,5.853660583496094,12.340596199035645,0.17103439569473267,137,405
07933c8c797c30bb0e8e,5.853660583496094,12.340596199035645,0.17103439569473267,137,406
1ae3618ec277b0463686,16.114179611206055,37.44488525390625,1.0619947910308838,137,53
33ffc69a253a89f15995,16.114179611206055,37.44488525390625,1.0619947910308838,137,54
c5185bd663026c64c816,16.114179611206055,37.44488525390625,1.0619947910308838,137,55
e47aebe2660b9e1528de,26.380189895629883,60.16362380981445,1.004573106765747,137,56
9cd02352c2ed7a3e2321,26.380189895629883,60.16362380981445,1.004573106765747,137,57
222a68fc192f66c1c080,26.380189895629883,60.16362380981445,1.004573106765747,137,58
93d3a2662181daf98172,8.143824577331543,11.990768432617188,0.09761551022529602,137,726
747af2ae1176c54b9e5d,8.143824577331543,11.990768432617188,0.09761551022529602,137,727
0f756a58174e946b976a,9.549373626708984,14.289015769958496,0.21666094660758972,137,326
06e93ab1e94cbced3c21,5.921064376831055,14.451844215393066,0.12674938142299652,137,547
bc08a8ecc11b4f3bcb67,5.921064376831055,14.451844215393066,0.12674938142299652,137,548
8c5919c128847d433188,5.921064376831055,14.451844215393066,0.12674938142299652,137,549
036352f6818925e928f6,10.18494701385498,19.544767379760742,0.2016320526599884,137,353
cdac505f97737176b1e0,10.18494701385498,19.544767379760742,0.2016320526599884,137,354
76435080f7632be26e64,14.492262840270996,25.963043212890625,0.1132504940032959,137,611
e506c0353a9b601af9ac,14.492262840270996,25.963043212890625,0.1132504940032959,137,612
fde9781e6b15ffbe093f,21.698087692260742,33.13333511352539,0.36386632919311523,137,201
85591a54c419ed02c5f5,44.63956832885742,67.77068328857422,0.12092766910791397,137,583
4d1e1e0eca90a46d77b2,44.63956832885742,67.77068328857422,0.12092766910791397,137,584
b6229f0445560a4a54ed,6.475839614868164,14.062728881835938,0.21455085277557373,137,330
9a58eec5ad3051be568a,6.475839614868164,14.062728881835938,0.21455085277557373,137,331
777a87b895af5e6bc380,6.475839614868164,14.062728881835938,0.21455085277557373,137,332
cf36dbeee8bb51632d84,7.4807610511779785,15.712420463562012,0.5291044116020203,137,125
2745c6978a8911fc3dda,7.4807610511779785,15.712420463562012,0.5291044116020203,137,126
56151359aadfa5411fc6,7.4807610511779785,15.712420463562012,0.5291044116020203,137,127
04a2e8ad27ca641a3a12,16.537446975708008,35.73081588745117,1.121934175491333,137,42
51f5ae6a991eea9e720e,16.537446975708008,35.73081588745117,1.121934175491333,137,43
61b73b8065ae2ece22eb,16.537446975708008,35.73081588745117,1.121934175491333,137,44
9e3ce3497298084abd83,24.953285217285156,53.99985122680664,1.6172683238983154,137,13
23ef03f3e75e40b20095,24.953285217285156,53.99985122680664,1.6172683238983154,137,14
2b7cd8ac357e176a9726,6.071723937988281,11.656208992004395,0.35042208433151245,137,218
de4e10d3a5d448ffcdda,6.071723937988281,11.656208992004395,0.35042208433151245,137,219
82d7243f61695e1b94cf,8.41580867767334,17.88608741760254,1.1487209796905518,137,39
eceaa4f4139cde7ba166,8.41580867767334,17.88608741760254,1.1487209796905518,137,40
8436939a2a6a91fa470d,8.41580867767334,17.88608741760254,1.1487209796905518,137,41
51f4126a3aadb3239225,25.016672134399414,57.90897750854492,0.11600681394338608,137,591
d2d6000790408687cc29,5.438614368438721,15.409981727600098,0.08591755479574203,137,818
e84401538edd3a34ff69,5.438614368438721,15.409981727600098,0.08591755479574203,137,819
3c43e519a9cf66b66ebc,5.438614368438721,15.409981727600098,0.08591755479574203,137,820
a1ea7a9303a5fc7a7b0f,8.703658103942871,22.685903549194336,0.13704150915145874,137,501
95a211366968c4cd1f0f,8.703658103942871,22.685903549194336,0.13704150915145874,137,502
426ed16e4b39d346244b,8.703658103942871,22.685903549194336,0.13704150915145874,137,503
bf09d868ed4d68a97b40,29.426239013671875,57.26260757446289,0.5177249908447266,137,130
3e78a776ac9b885d378a,29.426239013671875,57.26260757446289,0.5177249908447266,137,131
7eb97a2a0856e78a4b76,29.426239013671875,57.26260757446289,0.5177249908447266,137,132
4fb92bd1fab3ba235858,33.25774002075195,59.97709274291992,1.7496860027313232,137,10
bad24d96575f423fe4fd,33.25774002075195,59.97709274291992,1.7496860027313232,137,11
19229d505f75d05a0bcb,33.25774002075195,59.97709274291992,1.7496860027313232,137,12
f15b726ca5b4897ed80c,23.921972274780273,51.17435836791992,0.08292575180530548,137,839
859ae738b615cf17b849,23.921972274780273,51.17435836791992,0.08292575180530548,137,840
1b4be0410f927930d56e,20.72605323791504,55.22592544555664,0.09010787308216095,137,794
29b39881584c4fec1c58,20.72605323791504,55.22592544555664,0.09010787308216095,137,795
13ba7659fc6b864608f8,26.5064697265625,68.5251235961914,0.10053122043609619,137,690
7a461dbe017030c8ac23,7.436930179595947,12.972271919250488,0.18738770484924316,137,373
b1737f3e487bbd039406,7.436930179595947,12.972271919250488,0.18738770484924316,137,374
17ff70c0f8a083dcf5f0,8.479302406311035,14.65548038482666,0.2633103132247925,137,277
4b36447e7492369791f8,8.479302406311035,14.65548038482666,0.2633103132247925,137,278
638920730c17fcaca9ca,8.479302406311035,14.65548038482666,0.2633103132247925,137,279
a35c364f4fd2ced1ec2e,12.77783203125,37.612606048583984,0.3686586022377014,137,194
70abe1d9543e6cae908e,12.77783203125,37.612606048583984,0.3686586022377014,137,195
905c8843dd27543205a5,18.6385440826416,51.52339553833008,0.8805316686630249,137,69
619663c2b3ffb3a6c497,23.40443992614746,62.803165435791016,0.9579988718032837,137,60
f42cc6b0f90fad5c1f7f,23.40443992614746,62.803165435791016,0.9579988718032837,137,61
d7b688cd2da99329d657,23.40443992614746,62.803165435791016,0.9579988718032837,137,62
c395b34d5d170a501543,5.374258518218994,12.178462028503418,0.10227955877780914,137,682
595b6756e53ba1100289,5.374258518218994,12.178462028503418,0.10227955877780914,137,683
df576d6e2e33250f1208,5.374258518218994,12.178462028503418,0.10227955877780914,137,684
2554340571aee1a00fef,7.874327182769775,14.775103569030762,0.21925589442253113,137,320
93dec4e70431268ebbc3,7.874327182769775,14.775103569030762,0.21925589442253113,137,321
368328d329ceec73c0ab,7.874327182769775,14.775103569030762,0.21925589442253113,137,322
27c21665105a4679a090,8.299731254577637,12.891463279724121,0.28218764066696167,137,262
e8d25b0f93b5bcf88daf,8.299731254577637,12.891463279724121,0.28218764066696167,137,263
a87c513db4c6ac748d81,7.945242404937744,13.33177661895752,0.2056981772184372,137,344
28ade707bfe458664f60,7.945242404937744,13.33177661895752,0.2056981772184372,137,345
fa7b8202df1e985c228c,7.945242404937744,13.33177661895752,0.2056981772184372,137,346
185b059eb1bfc13b1497,8.121920585632324,16.178390502929688,0.22704839706420898,137,312
18a189c89f59ac1d5a9f,5.909688949584961,13.573616981506348,0.08350981771945953,137,834
ab4326dd3bd3b0e07f81,5.909688949584961,13.573616981506348,0.08350981771945953,137,835
dee9f600ff021919b9d2,5.909688949584961,13.573616981506348,0.08350981771945953,137,836
f6c49d6bc4b677f17278,16.36547088623047,37.31695556640625,0.293122798204422,137,252
6defbf00ecb558b77d50,16.36547088623047,37.31695556640625,0.293122798204422,137,253
e0f2b47154fd134db700,16.36547088623047,37.31695556640625,0.293122798204422,137,254
d5234e966aa231be05e5,53.45277786254883,104.0101547241211,5.823450088500977,137,3
252c027cf5a42b92c953,53.45277786254883,104.0101547241211,5.823450088500977,137,4
89d752b5a7f7c8d0b91e,53.45277786254883,104.0101547241211,5.823450088500977,137,5
70cba7a21b5a01fb8e73,60.73073959350586,114.48876190185547,8.669364929199219,137,1
942b8fc9cf013acda52b,60.73073959350586,114.48876190185547,8.669364929199219,137,2
e4202a81051e7245d311,4.971389293670654,15.959019660949707,0.10261589288711548,137,679
d83038f8278f7c0745ee,4.971389293670654,15.959019660949707,0.10261589288711548,137,680
9aa141b690ed5878facd,4.971389293670654,15.959019660949707,0.10261589288711548,137,681
30970941542856ce8eb1,9.359504699707031,23.774805068969727,0.3396494686603546,137,227
4ec77f604fa08f281ef7,9.359504699707031,23.774805068969727,0.3396494686603546,137,228
87d4aa727f2254c554ac,9.359504699707031,23.774805068969727,0.3396494686603546,137,229
6e17f8e15aa8fdd6a9ea,11.337158203125,29.268768310546875,0.7149626016616821,137,90
c5b88ffca991e883ab64,11.337158203125,29.268768310546875,0.7149626016616821,137,91
c476eca5614cf9aa12d8,13.553791999816895,34.64674758911133,0.9451256990432739,137,63
cdc8c1db00222994a1aa,13.553791999816895,34.64674758911133,0.9451256990432739,137,64
0d588f7534b7a34cb10a,13.553791999816895,34.64674758911133,0.9451256990432739,137,65
cdd3b7758b3405a7b53f,8.888954162597656,16.215822219848633,0.09180906414985657,137,781
d04db9386313746ba5e3,10.437312126159668,20.110342025756836,0.08812692761421204,137,803
eb8fe82f34df6bf3ff38,10.437312126159668,20.110342025756836,0.08812692761421204,137,804
7ee133012cffc506cac5,10.437312126159668,20.110342025756836,0.08812692761421204,137,805
8cdde884333140be60cb,13.560280799865723,28.157371520996094,0.0937015637755394,137,763
cf5c7a2e1940e3c09dd5,13.560280799865723,28.157371520996094,0.0937015637755394,137,764
1ac98da1ee548520f15b,10.072243690490723,17.38917350769043,0.09795399010181427,137,715
fae79bab43155a52988f,10.072243690490723,17.38917350769043,0.09795399010181427,137,716
208139770ae1a480855b,10.072243690490723,17.38917350769043,0.09795399010181427,137,717
1a462e0cc4fc1474a76c,7.555638790130615,11.390751838684082,0.17300479114055634,137,397
59192e4170140e48acdd,7.555638790130615,11.390751838684082,0.17300479114055634,137,398
98dd7f94e58da879b609,7.4551849365234375,24.928009033203125,0.19241634011268616,137,364
72113bad4beb4e7b8852,7.4551849365234375,24.928009033203125,0.19241634011268616,137,365
66454b90cefcad2e4125,7.4551849365234375,24.928009033203125,0.19241634011268616,137,366
cd3c75eca39365e943e4,4.613763332366943,11.996243476867676,0.11500868201255798,137,595
c63ed0daca6f4e0f5c52,4.613763332366943,11.996243476867676,0.11500868201255798,137,596
27f29e20ad7b3f90539d,4.613763332366943,11.996243476867676,0.11500868201255798,137,597
c11cd3254f56bcefba08,4.895435810089111,13.74713134765625,0.12474992871284485,137,556
f2a71cf81760d14bc8cf,4.895435810089111,13.74713134765625,0.12474992871284485,137,557
b74e52e34e191277dd69,4.895435810089111,13.74713134765625,0.12474992871284485,137,558
a7a814c9db59a62411a2,6.047939300537109,11.699437141418457,0.14226123690605164,137,485
27d50c1737f7940b2ab7,6.047939300537109,11.699437141418457,0.14226123690605164,137,486
5cc672fc502a8346577f,6.047939300537109,11.699437141418457,0.14226123690605164,137,487
571dc7d7b903eed7cdf6,6.022501468658447,10.28731918334961,0.12780681252479553,137,540
c1050421bf89c585cb4c,6.022501468658447,10.28731918334961,0.12780681252479553,137,541
48094ec5355600d7a0fa,6.022501468658447,10.28731918334961,0.12780681252479553,137,542
2f1ff409bb879ae9f62b,6.730482578277588,11.928967475891113,0.20908908545970917,137,338
ef04e37e6ef5b90e7ffd,6.730482578277588,11.928967475891113,0.20908908545970917,137,339
df71c07fd931cc29213b,7.418071746826172,17.536924362182617,0.10377492755651474,137,666
a247cee7090fdbb110b4,7.418071746826172,17.536924362182617,0.10377492755651474,137,667
15e10c24f9edb12543a2,7.418071746826172,17.536924362182617,0.10377492755651474,137,668
aa3ac48b626bc54d5dc6,9.36230182647705,23.609079360961914,0.12695077061653137,137,545
9fde4f980246629c5b0d,9.36230182647705,23.609079360961914,0.12695077061653137,137,546
51d7323891ad7051a817,4.684459686279297,9.460619926452637,0.11382781714200974,137,605
e7acdb127fe6371def7f,4.684459686279297,9.460619926452637,0.11382781714200974,137,606
9760dd7071ddcde45fb0,4.684459686279297,9.460619926452637,0.11382781714200974,137,607
5f02dc3c13f7f2daed32,21.472219467163086,52.98701858520508,1.3029836416244507,137,29
5ba8cead5a790ba93029,21.472219467163086,52.98701858520508,1.3029836416244507,137,30
e82a87ee526fdd9b1e8d,21.472219467163086,52.98701858520508,1.3029836416244507,137,31
41d19259284061aa29e7,6.685165882110596,16.439071655273438,0.14601533114910126,137,469
862513bccbf27b7e8f06,6.685165882110596,16.439071655273438,0.14601533114910126,137,470
658d8ba3d430dc7188d8,6.685165882110596,16.439071655273438,0.14601533114910126,137,471
7c9b7238a83ed646815a,11.984395027160645,23.29100799560547,0.46522611379623413,137,158
c982fb7ecc03831b90a4,11.984395027160645,23.29100799560547,0.46522611379623413,137,159
0ae541927703401945de,11.984395027160645,23.29100799560547,0.46522611379623413,137,160
ab887fd709fc1dc0d59b,11.02507495880127,18.710853576660156,0.1281185895204544,137,535
a64d40ac128465d2bb6f,11.02507495880127,18.710853576660156,0.1281185895204544,137,536
e1820b06a1bf3612ff8c,11.02507495880127,18.710853576660156,0.1281185895204544,137,537
8b9ff1a26d840aaa6a49,11.954940795898438,34.706390380859375,0.12832379341125488,137,532
c2334ccf8e6788ac6ca2,11.954940795898438,34.706390380859375,0.12832379341125488,137,533
4e93e36ab850bab3d594,11.954940795898438,34.706390380859375,0.12832379341125488,137,534
2b10c90b32f970e4b4c8,9.481525421142578,27.571157455444336,0.09383110702037811,137,759
1aceeb0ee0419209d1c7,9.481525421142578,27.571157455444336,0.09383110702037811,137,760
91b6bda771851a5c78ac,17.268478393554688,41.881717681884766,0.12388355284929276,137,566
48853fd78c77153b963a,51.848175048828125,103.19600677490234,0.14375364780426025,137,478
4db6b065867770d9dbd9,10.02377986907959,23.44246482849121,0.20643317699432373,137,342
82b6eb1475767aca619f,10.02377986907959,23.44246482849121,0.20643317699432373,137,343
a5446977630484ca5fe1,23.676362991333008,49.38771057128906,0.5402958393096924,137,121
716d04ed1943f0708912,23.676362991333008,49.38771057128906,0.5402958393096924,137,122
f9f0f4e29dbd30c000ee,23.676362991333008,49.38771057128906,0.5402958393096924,137,123
f433bc672465387d951a,30.361663818359375,64.33250427246094,0.8635915517807007,137,76
75232f4ee5de52a0499e,30.361663818359375,64.33250427246094,0.8635915517807007,137,77
d05a91dc8e32e9edd7d0,30.361663818359375,64.33250427246094,0.8635915517807007,137,78
f64ebc218e6ab29d7edc,8.380820274353027,24.068239212036133,0.1330154985189438,137,518
f9564b598f30f816ac19,8.380820274353027,24.068239212036133,0.1330154985189438,137,519
3e69cf586f3eb0f0fa8c,13.657753944396973,43.22544860839844,0.8782780766487122,137,70
6ae922f63e983b14e320,13.657753944396973,43.22544860839844,0.8782780766487122,137,71
0a79a24271d119590ae6,13.657753944396973,43.22544860839844,0.8782780766487122,137,72
a01a137fa48c1391b9e7,22.717124938964844,58.93731689453125,0.8208416700363159,137,79
c08c4700ae34281b3318,22.717124938964844,58.93731689453125,0.8208416700363159,137,80
a5f9179bfb146ad70953,28.10368537902832,71.67351531982422,0.6144496202468872,137,107
c39d248b49ed97dc0d77,7.850578784942627,13.554153442382812,0.13551555573940277,137,509
043a0d0addd3cb32d73b,7.850578784942627,13.554153442382812,0.13551555573940277,137,510
34a175fe276b9770fee4,7.850578784942627,13.554153442382812,0.13551555573940277,137,511
84d88494c6db5c1688d3,11.8435697555542,20.51271629333496,0.09018725901842117,137,792
ba56f0e652a97bcee1b2,11.8435697555542,20.51271629333496,0.09018725901842117,137,793
832eaa9c6b2f7a68f2a5,17.79166030883789,33.218017578125,0.14888247847557068,137,457
a47a3987d45e7c542d38,17.79166030883789,33.218017578125,0.14888247847557068,137,458
4908bb1bf155952cd305,13.299139976501465,37.48300552368164,0.12316301465034485,137,569
9de8f9fed06ef9d5befa,13.299139976501465,37.48300552368164,0.12316301465034485,137,570
65f6e8326897810ec715,13.299139976501465,37.48300552368164,0.12316301465034485,137,571
9ae9c8b491a04e429a11,23.906585693359375,58.13875961303711,0.414874792098999,137,175
38e6b8bf0f089fcadd80,23.906585693359375,58.13875961303711,0.414874792098999,137,176
606886b17304ec494aa0,29.658483505249023,72.46973419189453,0.3619998097419739,137,202
b6f1b33a5491968c645e,29.658483505249023,72.46973419189453,0.3619998097419739,137,203
3b2c663a28a9f32bd1d3,29.658483505249023,72.46973419189453,0.3619998097419739,137,204
96d0f62092b2b6aec96b,6.76087760925293,16.21869659423828,0.09234873950481415,137,775
53c040ff6322144b3053,8.711409568786621,20.81777000427246,0.21953003108501434,137,317
76d382617e5051b76435,8.711409568786621,20.81777000427246,0.21953003108501434,137,318
cd12334b3ac8c4cb255a,8.711409568786621,20.81777000427246,0.21953003108501434,137,319
5580a36d869fbaf15a47,14.346301078796387,30.976720809936523,0.15688841044902802,137,425
c98657e16e93ef4ede6b,14.346301078796387,30.976720809936523,0.15688841044902802,137,426
b7e9adfdbe7f57bf526f,14.346301078796387,30.976720809936523,0.15688841044902802,137,427
471287eecf7b94603e9e,20.770076751708984,43.23881149291992,0.1468416005373001,137,461
fc911fe23a3e1e8e87d2,20.770076751708984,43.23881149291992,0.1468416005373001,137,462
9f3b75bc3a2c4004a893,20.770076751708984,43.23881149291992,0.1468416005373001,137,463
97318de99bab4460cf4e,6.94174337387085,17.567869186401367,0.10852426290512085,137,626
7dace1dbecce79e17117,6.94174337387085,17.567869186401367,0.10852426290512085,137,627
5da8c25a3982216fb112,6.94174337387085,17.567869186401367,0.10852426290512085,137,628
a92f7617b135de150588,10.25339126586914,22.05022430419922,0.15682485699653625,137,428
3fbf4a3d05e84138e1e2,10.25339126586914,22.05022430419922,0.15682485699653625,137,429
f91285c618eacb53538b,10.25339126586914,22.05022430419922,0.15682485699653625,137,430
5a7a5139767fda9f7e9a,20.378686904907227,39.437137603759766,0.1206057071685791,137,585
0b8c6c59ae5e24b420e5,20.378686904907227,39.437137603759766,0.1206057071685791,137,586
b66aa101a244885dd587,20.378686904907227,39.437137603759766,0.1206057071685791,137,587
95d1d257dfea69f178f8,23.04814338684082,45.377227783203125,0.24893522262573242,137,289
d6faa7e77464f5f9a34b,6.099796295166016,16.84346580505371,0.09228307008743286,137,776
476cfe5a707e309dcbc1,6.099796295166016,16.84346580505371,0.09228307008743286,137,777
bef8e35136c28810eb6b,7.963315486907959,22.100744247436523,0.16356433928012848,137,417
52b474514f1e9ba6c4d2,7.737684726715088,18.319963455200195,0.36539676785469055,137,198
d6f36b5de45565d68603,7.737684726715088,18.319963455200195,0.36539676785469055,137,199
8f683baab6101dc15006,7.737684726715088,18.319963455200195,0.36539676785469055,137,200
25d11f28e27e3f751324,6.59523344039917,15.879422187805176,0.09849444031715393,137,710
195ef0093f90d8fd51ad,6.59523344039917,15.879422187805176,0.09849444031715393,137,711
74292a64ad6203713d6b,9.889694213867188,21.559152603149414,0.4764392673969269,137,147
bc3692f55b839d2f2c07,9.889694213867188,21.559152603149414,0.4764392673969269,137,148
d7603686249e1fb69a60,9.889694213867188,21.559152603149414,0.4764392673969269,137,149
c9e08e156472783dee4e,11.247695922851562,24.105804443359375,0.41195276379585266,137,180
b5aa0bae2967975bdf4b,11.247695922851562,24.105804443359375,0.41195276379585266,137,181
db26f51c86dc787ac633,13.162861824035645,30.34079933166504,0.6708128452301025,137,95
19c8831adeb5f3e2fcd5,13.162861824035645,30.34079933166504,0.6708128452301025,137,96
204c95299f49a2bcdb61,13.162861824035645,30.34079933166504,0.6708128452301025,137,97
486e498e45d084ced568,15.681208610534668,39.802120208740234,1.214005470275879,137,35
76b4150b436d217e5b3e,15.681208610534668,39.802120208740234,1.214005470275879,137,36
e009f41aa23d4c7b3fff,15.681208610534668,39.802120208740234,1.214005470275879,137,37
34a20bc9c1f8c8bdf357,4.516357898712158,9.975739479064941,0.123682901263237,137,567
4466eabae9624380fbc6,4.516357898712158,9.975739479064941,0.123682901263237,137,568
aa43fe84c0d8c825fe58,17.51811408996582,47.5003776550293,0.38201722502708435,137,183
5e276c1730fc0a9deba7,17.51811408996582,47.5003776550293,0.38201722502708435,137,184
5b706e17e8412d02342f,29.85835838317871,77.31275177001953,1.3440020084381104,137,25
4862e2fb71344ce16021,29.85835838317871,77.31275177001953,1.3440020084381104,137,26
b514312eda7950cdcf1c,29.85835838317871,77.31275177001953,1.3440020084381104,137,27
7b4c7795735c2133d544,6.556615352630615,14.279888153076172,0.15944616496562958,137,420
47517ae6403bfcb12df7,6.556615352630615,14.279888153076172,0.15944616496562958,137,421
00ae0f7f3fc62795a036,4.684459686279297,9.460619926452637,0.11382781714200974,137,608
e62c5d7d6c19714760e3,4.684459686279297,9.460619926452637,0.11382781714200974,137,609
90eea1593f255ed0107f,4.684459686279297,9.460619926452637,0.11382781714200974,137,610
5e5b7c697bc0c268b288,21.472219467163086,52.98701858520508,1.3029836416244507,137,32
8db24ae10df4095ada47,21.472219467163086,52.98701858520508,1.3029836416244507,137,33
a1dc71bed9d8f372c9e5,19.595867156982422,54.15592956542969,0.11398976296186447,137,602
a738b1f204da6fcfd385,19.595867156982422,54.15592956542969,0.11398976296186447,137,603
59b54ad3a60a52cc2b2c,19.595867156982422,54.15592956542969,0.11398976296186447,137,604
fbf7711e24f45bf06d4f,8.039973258972168,21.224599838256836,0.09250142425298691,137,768
537a64f15ea470d73b03,8.039973258972168,21.224599838256836,0.09250142425298691,137,769
b21061720e23b7a5bdcb,29.01618194580078,64.02275848388672,0.2785848379135132,137,264
2feb7d8e0a3566ddf97f,29.01618194580078,64.02275848388672,0.2785848379135132,137,265
36d971e3231c54486d05,29.01618194580078,64.02275848388672,0.2785848379135132,137,266
e12edd0198c0d750ecd5,25.760019302368164,56.95232009887695,0.16757169365882874,137,409
53a1acff30433cff819f,25.760019302368164,56.95232009887695,0.16757169365882874,137,410
0ced19fd8372ed93361c,25.760019302368164,56.95232009887695,0.16757169365882874,137,411
a60552f4d1a5ced4641f,34.351104736328125,82.87837982177734,0.15597562491893768,137,433
17902fa9c7f8ea9b456e,34.351104736328125,82.87837982177734,0.15597562491893768,137,434
3774a4dac6dd0f01d48d,34.351104736328125,82.87837982177734,0.15597562491893768,137,435
20711ea4080ba078e890,8.507923126220703,34.123661041259766,0.13034528493881226,137,521
b8c35c514f5ef6c0f3bc,8.507923126220703,34.123661041259766,0.13034528493881226,137,522
316b7260106904f99ae8,8.507923126220703,34.123661041259766,0.13034528493881226,137,523
b0802294da4fd71d0f9d,9.462542533874512,32.61768341064453,0.3068031668663025,137,244
3f951f34f769bade4d31,6.904445648193359,13.2261323928833,0.20206768810749054,137,350
d0c3cf60cb8fef1f9e7d,6.904445648193359,13.2261323928833,0.20206768810749054,137,351
a45500adef751d92ffd8,6.904445648193359,13.2261323928833,0.20206768810749054,137,352
8894e4be81344ed2e831,5.763701915740967,12.769843101501465,0.10780061036348343,137,635
b49e40952b28235162d1,5.763701915740967,12.769843101501465,0.10780061036348343,137,636
4a4b159460fe624a95fc,5.185534954071045,14.851344108581543,0.08569039404392242,137,822
b230f983a749fd9f1469,5.185534954071045,14.851344108581543,0.08569039404392242,137,823
e26e37dd7637158bb41c,5.185534954071045,14.851344108581543,0.08569039404392242,137,824
de48048a8916e9bf8c99,6.0998759269714355,13.829880714416504,0.10503002256155014,137,652
2050f421f2e882689760,6.0998759269714355,13.829880714416504,0.10503002256155014,137,653
585b6d8a77a998f21285,6.0998759269714355,13.829880714416504,0.10503002256155014,137,654
9fc58dd991e905ad49bb,5.5013298988342285,13.757193565368652,0.09518395364284515,137,746
b68827d8848513f2ec18,5.5013298988342285,13.757193565368652,0.09518395364284515,137,747
054d4605355a706a3605,5.5013298988342285,13.757193565368652,0.09518395364284515,137,748
e598b9cf54086c1c64b2,5.196224212646484,15.656628608703613,0.08610349893569946,137,815
a211438c3061e39632da,5.196224212646484,15.656628608703613,0.08610349893569946,137,816
072a39209a501d7d7db5,5.196224212646484,15.656628608703613,0.08610349893569946,137,817
ade362756cf5f89aea03,6.191425323486328,10.563664436340332,0.0938398689031601,137,756
153cd671a94c0407cc6b,6.191425323486328,10.563664436340332,0.0938398689031601,137,757
d550a2107daf4c532b6a,6.191425323486328,10.563664436340332,0.0938398689031601,137,758
9139c55b31e4e4b0e062,8.571165084838867,14.457636833190918,0.1408410668373108,137,489
d11074f9c4f74061ba15,8.571165084838867,14.457636833190918,0.1408410668373108,137,490
ce58f28250c053410654,8.571165084838867,14.457636833190918,0.1408410668373108,137,491
5885d427a26f03e522f3,24.7937068939209,36.9705696105957,0.32146501541137695,137,238
62e730f8ad10cbdd613b,24.7937068939209,36.9705696105957,0.32146501541137695,137,239
eb151126b40eda411ab7,24.7937068939209,36.9705696105957,0.32146501541137695,137,240
aa83ae83c0fa0cc37777,32.91328048706055,70.11064147949219,2.897097110748291,137,7
5e784130c58b8175024e,27.642709732055664,54.134002685546875,0.1870277225971222,137,376
a19f98569910dc7fd6c4,26.652435302734375,51.29438400268555,0.20694759488105774,137,340
ff3b6b1069b7d66ad021,26.652435302734375,51.29438400268555,0.20694759488105774,137,341
eed75e5b0d9c27fa754c,15.002528190612793,33.34671401977539,0.22203871607780457,137,316
810b16f35a3a86f451ce,23.68034553527832,50.0549430847168,0.3236863613128662,137,233
b7cbf8a3f54b6d586198,23.68034553527832,50.0549430847168,0.3236863613128662,137,234
4f88870ad666191b8ea7,6.73403787612915,20.295183181762695,0.1538437455892563,137,439
86258f5c8ffdb874521f,6.73403787612915,20.295183181762695,0.1538437455892563,137,440
7de812bda21b4dfe46dc,11.789710998535156,23.716766357421875,0.25098562240600586,137,286
902937db42f82f467718,11.789710998535156,23.716766357421875,0.25098562240600586,137,287
cb446680f62351d087a9,11.789710998535156,23.716766357421875,0.25098562240600586,137,288
6c79b254471fec29c482,11.51509952545166,21.06096076965332,0.09509395062923431,137,749
b3f456e3c4a350277eaa,11.51509952545166,21.06096076965332,0.09509395062923431,137,750
b40d8c452de81f2360b9,11.51509952545166,21.06096076965332,0.09509395062923431,137,751
3cd0aa35793392d15513,17.496929168701172,32.72528076171875,0.20510417222976685,137,347
752c884154a739045315,17.496929168701172,32.72528076171875,0.20510417222976685,137,348
4d3dddb7f2bd6bdeb5ea,17.496929168701172,32.72528076171875,0.20510417222976685,137,349
c80022254967f6a925f3,27.55328941345215,55.0223388671875,0.10542820394039154,137,649
25fcfe22a4504f391482,27.55328941345215,55.0223388671875,0.10542820394039154,137,650
2cc7c8ae52cdb25ca284,14.391913414001465,23.00075340270996,0.1076708659529686,137,637
989b2145455d703d3b6d,14.391913414001465,23.00075340270996,0.1076708659529686,137,638
64c9e190e213bb061867,14.391913414001465,23.00075340270996,0.1076708659529686,137,639
87265e4a49086b6ac4eb,19.109102249145508,31.468416213989258,0.27329152822494507,137,267
10ea0c665f5ba7c91bbf,19.109102249145508,31.468416213989258,0.27329152822494507,137,268
3163a9b58f1a52a1992c,23.8723201751709,41.42316818237305,0.8659685850143433,137,75
64f99f02d02cc2d0791d,6.318501949310303,13.281617164611816,0.09735219180583954,137,731
31232902f2b6f3a67c60,6.318501949310303,13.281617164611816,0.09735219180583954,137,732
6f827d26c4f82a1bfa90,6.318501949310303,13.281617164611816,0.09735219180583954,137,733
6a4e95d2a3cca31094a1,8.764739990234375,21.357099533081055,0.14003846049308777,137,494
22f82413c75481d74e9b,8.764739990234375,21.357099533081055,0.14003846049308777,137,495
855832bd4005ac7abdc6,10.749870300292969,26.76044273376465,0.24819788336753845,137,292
b51b5dbcd2a38b174973,10.749870300292969,26.76044273376465,0.24819788336753845,137,293
96710afeabc594baa359,12.404606819152832,30.512664794921875,0.18220460414886475,137,387
c76d0420b34df595c0c9,12.404606819152832,30.512664794921875,0.18220460414886475,137,388
18eb8ff2b9699bbdb4f1,12.911494255065918,27.248998641967773,0.09341540932655334,137,765
8d79808de7b5a47aefcd,12.911494255065918,27.248998641967773,0.09341540932655334,137,766
a4fc5d66da363324e2bf,6.4529805183410645,19.221141815185547,0.10272064059972763,137,678
13bfaf03c35b4cff3bd5,11.135323524475098,26.979745864868164,0.17166955769062042,137,399
614873124b33029a924c,29.34993553161621,57.61174392700195,0.12700074911117554,137,543
cdf40bcb3f4392f8d7d1,29.34993553161621,57.61174392700195,0.12700074911117554,137,544
b7cf293311f83700cd9a,37.811458587646484,76.3795166015625,0.1930982917547226,137,363
88d14a06520635fcb6ae,18.65483283996582,32.20442199707031,0.18632718920707703,137,380
80762b40f399bb68342a,18.65483283996582,32.20442199707031,0.18632718920707703,137,381
8e701efd2ee4729edc4b,8.240857124328613,18.647789001464844,0.19465911388397217,137,360
12ab195583f05b9aa177,8.240857124328613,18.647789001464844,0.19465911388397217,137,361
6ce607e4fe208a186dff,8.240857124328613,18.647789001464844,0.19465911388397217,137,362
d8fcb58722028dbf9c02,11.76480484008789,25.254859924316406,0.5057629346847534,137,137
c61c1a72306f2ee37df8,11.76480484008789,25.254859924316406,0.5057629346847534,137,138
7bbdec21c428010dd67b,11.76480484008789,25.254859924316406,0.5057629346847534,137,139
905aafee57f0e23c9490,8.105334281921387,21.28778839111328,0.11055602133274078,137,618
9c700f8ed9efad8bc73a,8.105334281921387,21.28778839111328,0.11055602133274078,137,619
6cc8a8235eb19b5ab514,8.105334281921387,21.28778839111328,0.11055602133274078,137,620
54be765bfa5d47a7d908,10.428236961364746,26.674245834350586,0.18416370451450348,137,384
41bda518b4b1e6fe001d,10.428236961364746,26.674245834350586,0.18416370451450348,137,385
2d55c475fcf1f4ced2d2,10.428236961364746,26.674245834350586,0.18416370451450348,137,386
9ccd4f4f61665ec641fe,14.738029479980469,30.006433486938477,0.09898898750543594,137,696
b5e6e9a4b5c6f0f838bd,14.738029479980469,30.006433486938477,0.09898898750543594,137,697
425fe9dfe0c3f345460b,30.96323585510254,58.62009811401367,0.6229516267776489,137,104
a44a22945d76c02aa6a7,30.96323585510254,58.62009811401367,0.6229516267776489,137,105
c65ac14ffed8749381c1,30.96323585510254,58.62009811401367,0.6229516267776489,137,106
2b97a1e0a6a4b944b760,51.0038948059082,100.70503997802734,0.14278966188430786,137,483
eb3bc3fba39e57adbc2f,51.0038948059082,100.70503997802734,0.14278966188430786,137,484
aa3d61e39adc96782513,7.433326244354248,14.181000709533691,0.1213340014219284,137,578
b7953b4cf8c561ff4cfe,7.433326244354248,14.181000709533691,0.1213340014219284,137,579
c6924324ddd95f249df6,12.279707908630371,27.93035888671875,0.12097058445215225,137,580
d1172a49fca1e196a59f,12.279707908630371,27.93035888671875,0.12097058445215225,137,581
2cfa393cb79664e100ce,12.279707908630371,27.93035888671875,0.12097058445215225,137,582
6fbc3a0669e9db3520ba,6.102790355682373,11.541890144348145,0.10744260251522064,137,640
bc2a96424966b655227f,6.102790355682373,11.541890144348145,0.10744260251522064,137,641
74ce463c8423fbd22dc4,10.295738220214844,20.497575759887695,0.34193915128707886,137,224
6573d8f84faaf7ce4a78,10.295738220214844,20.497575759887695,0.34193915128707886,137,225
2dbfdf9c2d5defd09f7a,10.295738220214844,20.497575759887695,0.34193915128707886,137,226
a421784c91de559c18e0,13.189404487609863,27.488311767578125,0.3508963882923126,137,213
5d530b2f228ed39ff952,13.189404487609863,27.488311767578125,0.3508963882923126,137,214
c4bb286978fe9078a303,17.43675422668457,38.41459655761719,0.7445087432861328,137,87
9e3f598e00375ec93d9b,17.43675422668457,38.41459655761719,0.7445087432861328,137,88
5aadd41cc94de38b9875,10.524184226989746,20.054655075073242,0.1503644734621048,137,446
c3168d5c44857ef4c782,10.524184226989746,20.054655075073242,0.1503644734621048,137,447
38e491895ef4f2c5a3ce,5.765727519989014,10.882227897644043,0.08752522617578506,137,807
50e7c46baee1bcdc90b0,5.765727519989014,10.882227897644043,0.08752522617578506,137,808
f21a4392bf1613c31212,5.765727519989014,10.882227897644043,0.08752522617578506,137,809
c5e5da5ea14a92dd18ac,6.255624294281006,10.395977020263672,0.09400950372219086,137,752
b9529a88ac5b822de9c4,6.255624294281006,10.395977020263672,0.09400950372219086,137,753
48dba5c341ba12a96231,6.255624294281006,10.395977020263672,0.09400950372219086,137,754
29adbc6e2d4e3aeac537,6.743849277496338,11.410774230957031,0.09194806218147278,137,778
99c52c931d5bd0f365b0,6.743849277496338,11.410774230957031,0.09194806218147278,137,779
25099bfb713642a2e7fe,6.743849277496338,11.410774230957031,0.09194806218147278,137,780
c2cb625cb6b43890925b,5.73453950881958,11.749153137207031,0.09060728549957275,137,789
ad02251a0bccf82e2001,5.73453950881958,11.749153137207031,0.09060728549957275,137,790
02ba043ace647ea2192f,5.73453950881958,11.749153137207031,0.09060728549957275,137,791
95c38850fe1789c7efcc,9.429966926574707,19.623260498046875,0.23470480740070343,137,304
806f355d8f9a30294e51,9.429966926574707,19.623260498046875,0.23470480740070343,137,305
3d473593f8a917401398,9.429966926574707,19.623260498046875,0.23470480740070343,137,306
ee49fe681eb18e851746,5.849084377288818,12.237931251525879,0.15915119647979736,137,422
5ce90b59d89383abc568,5.849084377288818,12.237931251525879,0.15915119647979736,137,423
a5bbf29595c5243c6ba1,5.849084377288818,12.237931251525879,0.15915119647979736,137,424
73df0d3029e8a947992e,6.806053161621094,14.545987129211426,0.3012043833732605,137,248
69d0a853b07ce34d002e,4.864866256713867,10.885172843933105,0.10780118405818939,137,632
b213664a8c509420288b,4.864866256713867,10.885172843933105,0.10780118405818939,137,633
5e1c073538cbbe740b6f,4.864866256713867,10.885172843933105,0.10780118405818939,137,634
fe80387e23f7c4a6c3d2,6.206017971038818,12.97713851928711,0.11463813483715057,137,598
6e76d05ababecc4be573,6.206017971038818,12.97713851928711,0.11463813483715057,137,599
42858a5819b8eb812861,6.99097204208374,14.328746795654297,0.1463049203157425,137,466
279654c9a255466c0dfa,6.99097204208374,14.328746795654297,0.1463049203157425,137,467
cfaabf6bb144f1603460,6.99097204208374,14.328746795654297,0.1463049203157425,137,468
60c07f57327c89c83ae9,21.164690017700195,40.224735260009766,0.15236347913742065,137,441
d415596f22ad889a6d7b,21.164690017700195,40.224735260009766,0.15236347913742065,137,442
a7adf2acd9c98e468b6a,21.164690017700195,40.224735260009766,0.15236347913742065,137,443
aafc5710406e440a4c8f,25.275808334350586,47.740238189697266,0.21507364511489868,137,327
04c495d5b53e3b1bceb7,25.275808334350586,47.740238189697266,0.21507364511489868,137,328
3ae1262572c1d989fe91,25.275808334350586,47.740238189697266,0.21507364511489868,137,329
39963f2ef0f22d86beed,28.94358253479004,56.07114028930664,0.21285447478294373,137,333
c023e9fab656fe2ce6a6,28.94358253479004,56.07114028930664,0.21285447478294373,137,334
014a5a6687748dfc0ebf,28.94358253479004,56.07114028930664,0.21285447478294373,137,335
6b8fefaf0647d2239858,31.98607063293457,63.45305252075195,0.3506734371185303,137,215
68a01853008546de06a1,31.98607063293457,63.45305252075195,0.3506734371185303,137,216
0296d31e8c2e55602a19,31.98607063293457,63.45305252075195,0.3506734371185303,137,217
751b439cc6f7eaa3bdc8,5.589998245239258,12.201446533203125,0.11531534790992737,137,592
186ff43c8f3dcf2ed444,5.589998245239258,12.201446533203125,0.11531534790992737,137,593
8c4e370263f89adb3bc6,14.014615058898926,32.71772384643555,0.09853306412696838,137,707
53d14fe6b27f5c325b09,14.014615058898926,32.71772384643555,0.09853306412696838,137,708
101e73ea321226570290,14.014615058898926,32.71772384643555,0.09853306412696838,137,709
ddb0a18bcd9c5fc460c2,6.962526798248291,15.092399597167969,0.3554447293281555,137,210
2bd50654bad989d82c87,6.962526798248291,15.092399597167969,0.3554447293281555,137,211
cefa66116f9a89542666,6.962526798248291,15.092399597167969,0.3554447293281555,137,212
65bb637fa567663f5c54,10.656609535217285,26.124765396118164,0.1821916699409485,137,389
5fc9dcdecdbc52f2e3ea,10.656609535217285,26.124765396118164,0.1821916699409485,137,390
502fb676c48c491c8131,12.422503471374512,30.636014938354492,0.08534759283065796,137,827
8677f09af6df7d38aa80,12.422503471374512,30.636014938354492,0.08534759283065796,137,828
de3442604a546992b1e1,12.422503471374512,30.636014938354492,0.08534759283065796,137,829
b2ac848cc42390b01b9f,14.855571746826172,36.18130111694336,0.08544750511646271,137,825
c53330d840e277502386,14.855571746826172,36.18130111694336,0.08544750511646271,137,826
62d1db91c3839882736a,17.046892166137695,40.54294967651367,0.1452542394399643,137,475
63cda70afb5b740e4fa4,17.046892166137695,40.54294967651367,0.1452542394399643,137,476
b51a88b6dc4049704214,17.046892166137695,40.54294967651367,0.1452542394399643,137,477
a2febf036cd726eb4526,5.905129909515381,15.454739570617676,0.2520882785320282,137,283
e831674d417af7d27b38,5.905129909515381,15.454739570617676,0.2520882785320282,137,284
a0507e669c939a982dd3,5.905129909515381,15.454739570617676,0.2520882785320282,137,285
9b63440194c1907efecf,7.7441864013671875,17.421409606933594,0.10224348306655884,137,685
16cee53cbe16b60fb395,7.7441864013671875,17.421409606933594,0.10224348306655884,137,686
8398d446af24cfce2962,5.3437676429748535,10.143153190612793,0.1368604451417923,137,504
da41b1fbf379bd1b8e24,5.3437676429748535,10.143153190612793,0.1368604451417923,137,505
7ea7715f3f6626cb5bfa,5.3437676429748535,10.143153190612793,0.1368604451417923,137,506
7609a0c63a8cd353dd97,8.796440124511719,14.396895408630371,0.1311645805835724,137,520
38e27006134935d923ca,14.379908561706543,21.7618465423584,0.4845549464225769,137,142
ac9bd2379845cb41edb8,14.379908561706543,21.7618465423584,0.4845549464225769,137,143
6e4a4c2f38801e15837c,14.379908561706543,21.7618465423584,0.4845549464225769,137,144
d5fd79e96156bc59e3fe,18.401874542236328,27.07936668395996,0.5959135890007019,137,112
a2dbe14788c85f0974a9,18.401874542236328,27.07936668395996,0.5959135890007019,137,113
8a9121a5453cc56bc6d1,18.401874542236328,27.07936668395996,0.5959135890007019,137,114
b94677e12c4d6aa11d9b,21.701894760131836,31.951345443725586,0.6107450723648071,137,108
6e800c2cd97dce7ae296,21.701894760131836,31.951345443725586,0.6107450723648071,137,109
0007449b058916cdcad1,21.701894760131836,31.951345443725586,0.6107450723648071,137,110
196c6af7a2a8d2ac178e,8.629997253417969,16.87321662902832,0.10036787390708923,137,691
206b2cd651e4b3a5a841,8.629997253417969,16.87321662902832,0.10036787390708923,137,692
3f79435038d038b87d4f,8.629997253417969,16.87321662902832,0.10036787390708923,137,693
7ac16a6d90180a350ff0,17.78963279724121,36.03337860107422,0.21751242876052856,137,323
80de1b57c56257d2ecae,17.78963279724121,36.03337860107422,0.21751242876052856,137,324
4c2ad10692512e8f23b8,17.78963279724121,36.03337860107422,0.21751242876052856,137,325
483022b02f8329c323ac,33.01544189453125,67.77397918701172,1.3166521787643433,137,28
bd62986a3ea6d28161ec,9.951899528503418,17.789697647094727,0.5324763655662537,137,124
2f9a457ea51fb6156dbc,9.022521018981934,18.59128761291504,0.1516982764005661,137,444
0774ceee565be86b891c,9.022521018981934,18.59128761291504,0.1516982764005661,137,445
40d5f6dbba8de32e9852,8.409778594970703,18.413606643676758,0.10824033617973328,137,629
21e09d52eac22fe25e15,8.409778594970703,18.413606643676758,0.10824033617973328,137,630
34aaca6f7a0768d743fe,8.409778594970703,18.413606643676758,0.10824033617973328,137,631
cdcabd704ebeeeca9183,18.929410934448242,40.97532653808594,0.4561256766319275,137,161
892c3900698d3de38b1c,18.929410934448242,40.97532653808594,0.4561256766319275,137,162
596bd04bfe916866f908,26.891990661621094,58.60215759277344,0.6102210283279419,137,111
761c3f82d640da44966c,14.142258644104004,32.866275787353516,0.18899601697921753,137,367
c4b5a5499258f39b7ac1,14.142258644104004,32.866275787353516,0.18899601697921753,137,368
06ebbf6e52fa3ea6aef3,14.142258644104004,32.866275787353516,0.18899601697921753,137,369
43a518f01fef0d4ae54b,7.043802261352539,20.01287841796875,0.10953334718942642,137,621
7ca4530921bfc12ce558,7.043802261352539,20.01287841796875,0.10953334718942642,137,622
89fc4c70c5a2e9ea04d3,7.043802261352539,20.01287841796875,0.10953334718942642,137,623
c5879e8f93b99dcf6b34,7.708398818969727,21.71744728088379,0.12280195206403732,137,572
162ffd9b0db1fd3c1509,7.708398818969727,21.71744728088379,0.12280195206403732,137,573
3c4c856ec5ee29c66540,7.708398818969727,21.71744728088379,0.12280195206403732,137,574
355a5a627bce3e736d4d,15.39404010772705,31.60528564453125,0.7972065210342407,137,84
8641d0ec9c4b21727b9a,15.542813301086426,30.245153427124023,0.23587334156036377,137,301
8aa79ce56a84843f3849,15.542813301086426,30.245153427124023,0.23587334156036377,137,302
ae8805bc02bce03072e2,15.542813301086426,30.245153427124023,0.23587334156036377,137,303
d824f03d11ae777a2d00,20.685815811157227,36.9728889465332,1.0995280742645264,137,46
1c52010cfa0344fd2b6b,20.685815811157227,36.9728889465332,1.0995280742645264,137,47
0892bc6cad36949f9030,20.685815811157227,36.9728889465332,1.0995280742645264,137,48
5524670e4337370c2ef6,29.11803436279297,51.329010009765625,1.4919642210006714,137,19
a6a0404c3ad65c6d9326,29.11803436279297,51.329010009765625,1.4919642210006714,137,20
2d870d7a88b5d7b7ef47,6.891969680786133,17.03483009338379,0.08899828791618347,137,797
0537c303027eef12ba09,6.891969680786133,17.03483009338379,0.08899828791618347,137,798
0bd57808d920c8e6f5c4,6.891969680786133,17.03483009338379,0.08899828791618347,137,799
cace6f00c46aea69fe39,14.390486717224121,32.01824951171875,0.10311241447925568,137,673
8f9a7ca0380c405ee685,14.390486717224121,32.01824951171875,0.10311241447925568,137,674
87dd1aa770dd9b7e4695,5.907202243804932,16.389238357543945,0.08683179318904877,137,810
dff32382a195c5399175,5.907202243804932,16.389238357543945,0.08683179318904877,137,811
dee5054e9bcc457f0464,7.926635265350342,19.79955291748047,0.14678260684013367,137,464
ff5dce68c6a7c86f1e2b,7.926635265350342,19.79955291748047,0.14678260684013367,137,465
19e5d078bc0eb8a91e1e,8.189530372619629,17.11119270324707,0.16736666858196259,137,414
b6a2baaa0410b39ac474,8.189530372619629,17.11119270324707,0.16736666858196259,137,415
12aed585647de3f03908,8.189530372619629,17.11119270324707,0.16736666858196259,137,416
dcd115d5903aa7c38191,8.137024879455566,13.944781303405762,0.15547384321689606,137,436
48a8b24b649031229980,8.137024879455566,13.944781303405762,0.15547384321689606,137,437
9e64d50cfa49998ac275,8.137024879455566,13.944781303405762,0.15547384321689606,137,438
40ea5a107cd72829ff82,10.841700553894043,18.786855697631836,0.3327063322067261,137,230
35fcb2fcbf9425af2c6c,10.841700553894043,18.786855697631836,0.3327063322067261,137,231
1ffdc26416a1526dd534,10.841700553894043,18.786855697631836,0.3327063322067261,137,232
46b8e4fc054b67296417,12.510921478271484,22.880483627319336,0.4369315505027771,137,170
b47cad6d1496e6fdaf2c,12.510921478271484,22.880483627319336,0.4369315505027771,137,171
16afd85aa788409b8d07,12.510921478271484,22.880483627319336,0.4369315505027771,137,172
9e971ba2075fa0b7d8fb,13.738675117492676,26.06597137451172,0.4502846598625183,137,163
5f81e2ff4fea8e839c4d,13.738675117492676,26.06597137451172,0.4502846598625183,137,164
75f973363b6239ac22da,9.061720848083496,20.55095863342285,0.12499642372131348,137,550
47da5f4843d3fa0b50d2,9.061720848083496,20.55095863342285,0.12499642372131348,137,551
862163fa99660a023b6f,9.061720848083496,20.55095863342285,0.12499642372131348,137,552
9c9d41f1f5f006de9819,10.307876586914062,24.585447311401367,0.28783345222473145,137,256
c82c1933ed710ffb4981,10.307876586914062,24.585447311401367,0.28783345222473145,137,257
ae377e903c7cb2c36b71,10.307876586914062,24.585447311401367,0.28783345222473145,137,258
dd055d2ba5398880d3da,12.438915252685547,30.236434936523438,0.3731251358985901,137,189
ed3a90d38ff02a38deba,12.438915252685547,30.236434936523438,0.3731251358985901,137,190
fdb317cc98ed1adc023b,12.438915252685547,30.236434936523438,0.3731251358985901,137,191
96e2b82e29c0b5205628,14.548847198486328,35.507232666015625,0.4130564332008362,137,177
7b8eaa0c9205349f60b1,14.548847198486328,35.507232666015625,0.4130564332008362,137,178
dc73b789d0821495353b,14.548847198486328,35.507232666015625,0.4130564332008362,137,179
780b13846ace50ede763,14.142258644104004,32.866275787353516,0.18899601697921753,137,370
74cf50c6ec476a394b01,14.142258644104004,32.866275787353516,0.18899601697921753,137,371
549daca56bed1c9d2bcc,14.142258644104004,32.866275787353516,0.18899601697921753,137,372
966bc0aaa6c98ecfa2ee,10.701605796813965,23.140968322753906,0.1069594994187355,137,642
f3ee8cbdb15889a1a50d,10.701605796813965,23.140968322753906,0.1069594994187355,137,643
b90d0d5fb80689b46cc3,10.701605796813965,23.140968322753906,0.1069594994187355,137,644
d2b2a221080a75b4729f,14.196666717529297,28.783212661743164,0.08534473180770874,137,830
efc1e677ddbcf36b5ef9,14.196666717529297,28.783212661743164,0.08534473180770874,137,831
7d5a5e7ce28dafd856c2,14.196666717529297,28.783212661743164,0.08534473180770874,137,832
20d4b1612cbdd88b6755,11.090689659118652,20.06916046142578,0.11968590319156647,137,588
a1809a6c4c3ada20bcb0,11.090689659118652,20.06916046142578,0.11968590319156647,137,589
8a5443659239e3b52e14,11.090689659118652,20.06916046142578,0.11968590319156647,137,590
7ac90b210e42d27c5a04,16.36229705810547,31.058929443359375,0.34947359561920166,137,221
668279c54bbf75e86496,16.36229705810547,31.058929443359375,0.34947359561920166,137,222
5b445b457a8b897a2d6c,16.36229705810547,31.058929443359375,0.34947359561920166,137,223
ffc70e28db22d1cc1f3f,23.636220932006836,48.56035232543945,0.47842371463775635,137,145
e3a799d0fa90b649a157,23.636220932006836,48.56035232543945,0.47842371463775635,137,146
8462ba67f9bfb0d7eab2,8.189560890197754,21.94983673095703,0.1872960925102234,137,375
cde49c2f3cf630c3a2a2,11.179144859313965,23.155019760131836,0.18120485544204712,137,391
5fb70d195002f8a4d518,11.179144859313965,23.155019760131836,0.18120485544204712,137,392
b8268449dc991ce92f3d,11.179144859313965,23.155019760131836,0.18120485544204712,137,393
8232ed63909910ce88f2,21.536043167114258,43.65957260131836,0.17409749329090118,137,395
e3c2b5ea1c83276cf63a,21.536043167114258,43.65957260131836,0.17409749329090118,137,396
44fcf641ccfa3b10a97c,37.71525573730469,80.8812255859375,0.095918208360672,137,739
95e11ec70cd7b493e3f8,19.221847534179688,50.679752349853516,0.14844229817390442,137,459
c692f211a6366b2f15c2,19.221847534179688,50.679752349853516,0.14844229817390442,137,460
d3ffe87bbab76e5d5d56,25.75468635559082,69.6439208984375,0.6690636873245239,137,98
fa851bcd2cdb1d84b91f,25.75468635559082,69.6439208984375,0.6690636873245239,137,99
6020a000a87663526cc8,25.75468635559082,69.6439208984375,0.6690636873245239,137,100
ac0a989229b7353f0794,8.13607406616211,22.163774490356445,0.09121760725975037,137,783
b99eb5b0204fb5f49372,8.13607406616211,22.163774490356445,0.09121760725975037,137,784
fb057a32ef260665f35c,8.13607406616211,22.163774490356445,0.09121760725975037,137,785
2bd4f8787a951ef0ee04,9.415923118591309,22.075265884399414,0.1502579152584076,137,448
66c6a533f485d5277f2f,9.415923118591309,22.075265884399414,0.1502579152584076,137,449
2bb48a2862bf80c30a36,9.415923118591309,22.075265884399414,0.1502579152584076,137,450
4e01f3a3b2efd49f7fbc,6.986263275146484,19.115781784057617,0.12155643850564957,137,575
c8b332c6c452d13fcc6e,6.986263275146484,19.115781784057617,0.12155643850564957,137,576
4caaa164908173f305cd,6.986263275146484,19.115781784057617,0.12155643850564957,137,577
23e0c45fe7c2db0d34ba,8.678199768066406,23.46599578857422,0.09751604497432709,137,728
21dff71e317a08aafbb2,8.678199768066406,23.46599578857422,0.09751604497432709,137,729
1c74260e06ef3cc0b7b8,8.678199768066406,23.46599578857422,0.09751604497432709,137,730
b176d0d8203294517e53,7.8323845863342285,19.462034225463867,0.09074504673480988,137,787
ba4d64425eed071718e4,7.8323845863342285,19.462034225463867,0.09074504673480988,137,788
c40d715383d042030e93,9.339118957519531,21.528593063354492,0.18651330471038818,137,377
81ac865dd40a21b73e6d,9.339118957519531,21.528593063354492,0.18651330471038818,137,378
50fbcf5ece9bd5fc2d70,9.339118957519531,21.528593063354492,0.18651330471038818,137,379
a3ae677aae8a8faf5786,10.314988136291504,26.787450790405273,0.08352351933717728,137,833
7654254c03d9de79740f,11.46240234375,36.21989822387695,0.3231663405895233,137,235
8bef7f788af60df5e18a,11.46240234375,36.21989822387695,0.3231663405895233,137,236
79362765eb92377a5970,11.46240234375,36.21989822387695,0.3231663405895233,137,237
386303f0b10c49ce93b4,5.5707879066467285,13.865959167480469,0.11276550590991974,137,613
434c05a62ac9e65dd102,5.5707879066467285,13.865959167480469,0.11276550590991974,137,614
2a4de703709973e74dd2,7.351212024688721,19.43254852294922,0.14588403701782227,137,472
c19b06649402d37faeba,7.351212024688721,19.43254852294922,0.14588403701782227,137,473
064249131c1c3106e540,7.351212024688721,19.43254852294922,0.14588403701782227,137,474
156594686f5cf7182bcc,11.214251518249512,31.421606063842773,0.29458069801330566,137,249
f0b6d8fb9d1feea8b24b,11.214251518249512,31.421606063842773,0.29458069801330566,137,250
eb383b92fe958c91d272,11.214251518249512,31.421606063842773,0.29458069801330566,137,251
b3d9bb5afa82b99f2a11,14.95714282989502,41.06394577026367,0.5910805463790894,137,118
7c14324532b02f7a3ab9,8.615424156188965,25.300756454467773,0.09376173466444016,137,761
0f5a668aff17f4f3cc95,8.615424156188965,25.300756454467773,0.09376173466444016,137,762
85956151bfe869ac5ee6,11.144579887390137,32.387569427490234,0.12402649223804474,137,559
654a4a40363a388cf9cb,11.144579887390137,32.387569427490234,0.12402649223804474,137,560
67434b9a07488d70219b,11.144579887390137,32.387569427490234,0.12402649223804474,137,561
f05558de399ad23eb6f6,6.628062725067139,16.536954879760742,0.10107150673866272,137,687
25dd969086d07da70d74,6.628062725067139,16.536954879760742,0.10107150673866272,137,688
7accad40a62307970be8,9.7289400100708,22.229074478149414,0.2271175980567932,137,310
ddf2f769007f3d9f75fd,9.7289400100708,22.229074478149414,0.2271175980567932,137,311
f4c58d48258027bb5485,16.935333251953125,41.479183197021484,0.7061330080032349,137,92
4df3d7b92b603fe8522f,16.935333251953125,41.479183197021484,0.7061330080032349,137,93
fa6fd34875fdc7acf6c1,16.935333251953125,41.479183197021484,0.7061330080032349,137,94
79faae5899539a97f8d9,15.2836275100708,33.002132415771484,0.7647961974143982,137,85
6fa96316d53d24c2c55c,15.2836275100708,33.002132415771484,0.7647961974143982,137,86
1723e818bb3500feacec,19.78030014038086,43.555599212646484,1.3493077754974365,137,22
5f1ae4e354b8b36ec691,19.78030014038086,43.555599212646484,1.3493077754974365,137,23
14636dfc9018393d202e,19.78030014038086,43.555599212646484,1.3493077754974365,137,24
5bf4578bc08db91b5967,23.7934627532959,53.65231704711914,1.079149603843689,137,50
2efa93ea474f798b712a,23.7934627532959,53.65231704711914,1.079149603843689,137,51
c45057c2cab40f4fa2be,23.7934627532959,53.65231704711914,1.079149603843689,137,52
66178a861f4bf31fa2e1,7.759013652801514,19.819377899169922,0.16030830144882202,137,419
cdaf95461fe3b3d80075,16.161104202270508,44.53322982788086,0.10321810841560364,137,670
163874b97308a1ea2507,16.161104202270508,44.53322982788086,0.10321810841560364,137,671
857ae40d0fdf1c7e387e,16.161104202270508,44.53322982788086,0.10321810841560364,137,672
8ab554cd154e9749790b,20.339214324951172,56.11659240722656,0.15627184510231018,137,431
0ac58929e586a4da4056,20.339214324951172,56.11659240722656,0.15627184510231018,137,432
692318a7ef5974282184,4.577663898468018,15.58859920501709,0.133760005235672,137,512
8b09df1985688231fe0e,4.577663898468018,15.58859920501709,0.133760005235672,137,513
9ff9df9d0885684c7f41,4.577663898468018,15.58859920501709,0.133760005235672,137,514
6b5982c6e1bbaadd6a95,17.76899528503418,40.87137985229492,0.42929214239120483,137,173
7d406784048b9e313d67,17.76899528503418,40.87137985229492,0.42929214239120483,137,174
79cb1738d945317e5bfa,22.512136459350586,53.46945571899414,1.4985543489456177,137,16
2f48e798c7917fb7d2ae,22.512136459350586,53.46945571899414,1.4985543489456177,137,17
a38fee52661fd3e3b7ea,22.512136459350586,53.46945571899414,1.4985543489456177,137,18
9ffee2813aef5c26f96f,26.92490577697754,64.0525131225586,2.0543527603149414,137,8
a97a618319325a403c10,10.165153503417969,23.15070343017578,0.13368955254554749,137,515
8fca5f8901efd254353e,10.165153503417969,23.15070343017578,0.13368955254554749,137,516
205465cd85c7d1cb8af6,10.165153503417969,23.15070343017578,0.13368955254554749,137,517
796417d42eb6a5349404,13.281323432922363,29.927841186523438,0.13785788416862488,137,498
20a5a5008211ea15a65a,16.556833267211914,36.83762741088867,0.3173196613788605,137,241
a31d24ee8162e1eca101,16.556833267211914,36.83762741088867,0.3173196613788605,137,242
93d0b949ca6dc0685979,16.556833267211914,36.83762741088867,0.3173196613788605,137,243
408ce1a4e23492a3ef31,7.401752471923828,20.043441772460938,0.09783448278903961,137,718
5079d0dfcde65893b224,7.401752471923828,20.043441772460938,0.09783448278903961,137,719
cac9ff0c40665baf313f,7.401752471923828,20.043441772460938,0.09783448278903961,137,720
c68db037670dea886720,9.562567710876465,22.213308334350586,0.12784555554389954,137,538
a0d6732883ffc7d063fb,9.562567710876465,22.213308334350586,0.12784555554389954,137,539
a7bc3fb68bdecbbe086f,15.378337860107422,35.65244674682617,0.443085253238678,137,165
1d15ee46756cd1845a68,15.378337860107422,35.65244674682617,0.443085253238678,137,166
72231b208c5287c32d70,21.39212989807129,51.48612594604492,0.25577712059020996,137,280
7e834c7b870ef7024d35,21.39212989807129,51.48612594604492,0.25577712059020996,137,281
b1801204c2c4a34a9278,26.489364624023438,65.36979675292969,0.09867896139621735,137,700
d9c8c8af50a10bf07765,26.489364624023438,65.36979675292969,0.09867896139621735,137,701
fe1a34b5975943e8f292,26.489364624023438,65.36979675292969,0.09867896139621735,137,702
be82391d6b3e742f1f26,12.341011047363281,46.34239196777344,0.16990895569324493,137,407
bfbe491a54086b98874d,12.341011047363281,46.34239196777344,0.16990895569324493,137,408
db7f9ffa50eb931613f6,17.055192947387695,53.835689544677734,0.8884321451187134,137,66
351c17dfa8f46a8cb40a,17.055192947387695,53.835689544677734,0.8884321451187134,137,67
0dccaa29989ef4956786,17.055192947387695,53.835689544677734,0.8884321451187134,137,68
52348febee6695107c49,14.838348388671875,26.25348472595215,0.14139264822006226,137,488
cf8ab33c25ad391a584c,19.028961181640625,44.55875015258789,1.2337093353271484,137,34
4c46ceefd6147b1e0a7a,24.60785484313965,56.583370208740234,1.5899975299835205,137,15
f4331eb64b6774466836,33.135868072509766,73.76419830322266,1.3805890083312988,137,21
d54c93a11164b4abac6e,39.92367935180664,87.80249786376953,1.0925812721252441,137,49
d1774335b45258bc173a,20.3126220703125,44.71073532104492,1.1831507682800293,137,38
7d9c7f40bc71ee7c4ef0,24.15935516357422,54.4537239074707,0.9691148996353149,137,59
5edaf16084f46f5b4726,6.7585015296936035,20.586116790771484,0.09245208650827408,137,770
ffa53b3aa054bc392704,9.901945114135742,26.539512634277344,0.19706693291664124,137,355
5df546d9e2f2a29dfc89,4.010772228240967,11.003813743591309,0.09315189719200134,137,767
3f6b817d855e67b3b406,4.104302883148193,28.504287719726562,0.23840029537677765,137,300
7726f4a207a737256a86,6.26677942276001,23.324411392211914,0.10556007921695709,137,648
b7fffd840d208b29776c,6.192798137664795,26.050254821777344,0.1052301675081253,137,651
c65455de87b41e2ef577,9.028645515441895,16.133583068847656,0.09165659546852112,137,782
f9bba2e75f16ebadb0eb,10.889143943786621,20.0289363861084,0.09863776713609695,137,703
c4b2566e6fe1d00b20ea,13.104174613952637,22.71533203125,0.37670648097991943,137,188
419f6eb4080dcb9d293b,19.54749298095703,37.400238037109375,0.16178448498249054,137,418
ed763ea5943e63a671c9,7.537377834320068,13.210529327392578,0.10353336483240128,137,669
8730f48ba29fd2e622ac,6.5348992347717285,13.954012870788574,0.09391708672046661,137,755
8b556440cbbd8224f6ff,7.4781880378723145,17.94205093383789,0.2542453408241272,137,282
b1c5816f929ef59f5a87,13.43854808807373,25.29547691345215,0.3585045635700226,137,209
aed6d224edcb21e5d658,5.6871795654296875,12.492485046386719,0.17820776998996735,137,394
634f21e11a8442494ce3,7.362411022186279,20.502281188964844,0.08777967840433121,137,806
855456da9ea892f7216b,11.170616149902344,30.12377166748047,0.7164441347122192,137,89
0c5c35afb3a24375c153,22.439077377319336,59.34576416015625,4.7440996170043945,137,6
8f5acbec0c511bb1ea89,5.496372699737549,11.960614204406738,0.11508297175168991,137,594
4659b6752f23c0b85f08,9.015392303466797,21.67085838317871,0.4004310369491577,137,182
49201b5817f204116f7f,14.031051635742188,32.41476058959961,0.47199901938438416,137,153
f46da3c00b2199795e4c,19.31260108947754,37.548892974853516,0.20992906391620636,137,336
8b8becd233748ccae9e3,11.644436836242676,18.915550231933594,0.1286400407552719,137,531
a36291cab664852df5e5,14.429267883300781,24.387163162231445,0.24234724044799805,137,299
20d2b3319fd90528853f,8.198491096496582,17.94021987915039,0.09090659022331238,137,786
5307ce95bcee2886afe0,10.75103759765625,24.599388122558594,0.1060541644692421,137,647
45dca237351265a8f169,3.5608928203582764,19.587575912475586,0.1712726652622223,137,403
0baeb34a1650e9409f2a,10.532136917114258,26.05656623840332,0.3777387738227844,137,187
e6dcf9d6f65fa598a38e,14.915229797363281,39.32026672363281,1.7982065677642822,137,9
6802f0b28c5a0c7b4c2a,3.181450128555298,13.574833869934082,0.13780316710472107,137,499
1e775e7d8dcbf48fd6f8,12.790255546569824,64.62125396728516,0.08913500607013702,137,796
87da8c37b16d810331a2,3.181450128555298,13.574833869934082,0.13780316710472107,137,500
b37608f8c4a8ee4b8696,20.00107765197754,75.3260726928711,0.2911011874675751,137,255
54bc75cc4d64dac2ed48,24.605073928833008,52.05478286743164,0.16988037526607513,941,733
7f4f64cb791c71ba0420,24.605073928833008,52.05478286743164,0.16988037526607513,941,734
2424b103c34d3d2b6a9a,24.605073928833008,52.05478286743164,0.16988037526607513,941,735
36b45fbdbace5950c108,24.605073928833008,52.05478286743164,0.16988037526607513,941,736
2635b25bb3c1c37f3b74,13.050640106201172,30.61266326904297,0.21532082557678223,941,501
1effe6f049d068dc08cf,13.050640106201172,30.61266326904297,0.21532082557678223,941,502
3726956d81fe3954e5b7,13.050640106201172,30.61266326904297,0.21532082557678223,941,503
dccd8753d89546cbf994,13.050640106201172,30.61266326904297,0.21532082557678223,941,504
ef8724fc040ffeca44b7,13.050640106201172,30.61266326904297,0.21532082557678223,941,505
e35fdc08a1113b193889,13.050640106201172,30.61266326904297,0.21532082557678223,941,506
de0d6e67668e5ebf5036,13.050640106201172,30.61266326904297,0.21532082557678223,941,507
28e9fea3e3293f2b8a0e,19.92628288269043,45.37858200073242,0.4964447021484375,941,151
9249ed2c527f70995033,19.92628288269043,45.37858200073242,0.4964447021484375,941,152
fe40c32169d87261e1e9,9.849169731140137,21.77124786376953,0.1812617927789688,941,667
b6b8449bda1ec4f0697f,9.849169731140137,21.77124786376953,0.1812617927789688,941,668
74541dbf8571f881c454,9.849169731140137,21.77124786376953,0.1812617927789688,941,669
99a3c4452ddfa8ff12c0,9.849169731140137,21.77124786376953,0.1812617927789688,941,670
547923973b121019625f,13.138450622558594,29.227941513061523,0.27541384100914,941,338
69f9cefb952abd22672c,12.264500617980957,28.441762924194336,0.18973392248153687,941,617
da2750836408eb0e09a7,12.264500617980957,28.441762924194336,0.18973392248153687,941,618
af23f4f96549d4e1659f,12.264500617980957,28.441762924194336,0.18973392248153687,941,619
00fe2a10256cea9affd4,12.264500617980957,28.441762924194336,0.18973392248153687,941,620
c4fb44ceb40c73758e28,3.5459775924682617,14.480140686035156,0.23517833650112152,941,430
55c26bfebf85e8f2e3b9,3.5459775924682617,14.480140686035156,0.23517833650112152,941,431
94e684031b1076eb7a49,3.5459775924682617,14.480140686035156,0.23517833650112152,941,432
44331cdf4060414870ea,8.20116138458252,15.950430870056152,0.189905047416687,941,611
dbe79bb4ca4ae4967721,8.20116138458252,15.950430870056152,0.189905047416687,941,612
29cb91974ec3630e8b9e,8.20116138458252,15.950430870056152,0.189905047416687,941,613
0e1f65d90ed00dc33731,8.20116138458252,15.950430870056152,0.189905047416687,941,614
418a798336105bff06e0,8.20116138458252,15.950430870056152,0.189905047416687,941,615
8697a6a0df89ae432a60,8.20116138458252,15.950430870056152,0.189905047416687,941,616
53503e59c4020a7d7137,8.313498497009277,21.0416202545166,0.25575241446495056,941,388
9c200a8ce916cb2ac23b,8.313498497009277,21.0416202545166,0.25575241446495056,941,389
e6aa01e185a9653117cd,8.313498497009277,21.0416202545166,0.25575241446495056,941,390
0866717579fac741a912,8.313498497009277,21.0416202545166,0.25575241446495056,941,391
f426aea97f298c587872,8.313498497009277,21.0416202545166,0.25575241446495056,941,392
0054790b9c9f40026ebe,10.639657020568848,25.26355743408203,0.6235429048538208,941,114
ae2f8bcd2e35d23b261d,10.639657020568848,25.26355743408203,0.6235429048538208,941,115
d162bab7a14b516919e2,10.639657020568848,25.26355743408203,0.6235429048538208,941,116
604bdef50dbc852e329e,10.639657020568848,25.26355743408203,0.6235429048538208,941,117
ae25864f890aaddebd63,10.639657020568848,25.26355743408203,0.6235429048538208,941,118
9807b8d6ea4e235596ef,3.255352020263672,6.248067855834961,0.1937209963798523,941,599
53586dc05216ecade4e4,3.255352020263672,6.248067855834961,0.1937209963798523,941,600
9bf0908bbb92616aa84a,3.255352020263672,6.248067855834961,0.1937209963798523,941,601
d2ff7a583ff7ba867f92,3.255352020263672,6.248067855834961,0.1937209963798523,941,602
d3b1f310cb3ebbca13af,3.111215591430664,6.847690582275391,0.23278972506523132,941,435
71f5df8c7d7e88d1afce,3.111215591430664,6.847690582275391,0.23278972506523132,941,436
ce8391d5c053e7fad6e4,3.111215591430664,6.847690582275391,0.23278972506523132,941,437
87c99ce6f9252fc3241e,3.111215591430664,6.847690582275391,0.23278972506523132,941,438
9fa9fb28b91ddf9af555,3.01908278465271,8.995365142822266,0.16346672177314758,941,773
f448a4f7519121eb227b,3.01908278465271,8.995365142822266,0.16346672177314758,941,774
0af4d354d29927a8a743,3.01908278465271,8.995365142822266,0.16346672177314758,941,775
749f06e2d4f714844341,3.01908278465271,8.995365142822266,0.16346672177314758,941,776
23d61ed36230cdd2e8fe,3.01908278465271,8.995365142822266,0.16346672177314758,941,777
9a207c449ef228ed648f,3.01908278465271,8.995365142822266,0.16346672177314758,941,778
430318f87f3b5a86d927,3.269244909286499,7.430319309234619,0.1745283156633377,941,700
9bdc860a29cf942d2e7e,3.269244909286499,7.430319309234619,0.1745283156633377,941,701
a047be17b8ee8bebb29a,3.111215591430664,6.847690582275391,0.23278972506523132,941,439
4299a86aae93463852d9,3.111215591430664,6.847690582275391,0.23278972506523132,941,440
3d5a3094cb10eee37b37,3.49214768409729,8.545013427734375,0.21214954555034637,941,529
b187c8a6f7beb2c7f61f,3.49214768409729,8.545013427734375,0.21214954555034637,941,530
51de9c0ea3a29bbcda54,3.49214768409729,8.545013427734375,0.21214954555034637,941,531
9955b65d41bf10d27b48,3.49214768409729,8.545013427734375,0.21214954555034637,941,532
2732471e4009311396ed,3.49214768409729,8.545013427734375,0.21214954555034637,941,533
cd566862a517dd7cdc8d,18.759069442749023,49.49020004272461,0.4635728597640991,941,163
0ccbd28a4414f97dfad8,18.759069442749023,49.49020004272461,0.4635728597640991,941,164
35944fdd59ac331c3fcb,23.43730926513672,58.8215446472168,0.6310460567474365,941,108
45e24a16b44a89653e4b,23.43730926513672,58.8215446472168,0.6310460567474365,941,109
08f5a209b38c4c65b5c3,23.43730926513672,58.8215446472168,0.6310460567474365,941,110
d448d8de2d8dacec62c3,24.24138641357422,58.68853759765625,0.6795644760131836,941,90
f402144b8672dd5ab2ab,24.24138641357422,58.68853759765625,0.6795644760131836,941,91
1a55639d058c08a1a06e,23.952287673950195,56.4374885559082,0.6751589775085449,941,92
5fd0921bbbba1e22abf9,23.952287673950195,56.4374885559082,0.6751589775085449,941,93
10aed2ae6d65e00f993a,12.115058898925781,27.4694881439209,0.390484482049942,941,214
bc98537714d620facf79,15.317103385925293,35.2398681640625,0.49763283133506775,941,145
93f10a8edf06f7acae26,15.317103385925293,35.2398681640625,0.49763283133506775,941,146
48679ae48dd485ffb7a6,17.996673583984375,41.03096008300781,0.6711068153381348,941,98
42685cebd51bb8d957c0,3.346808671951294,6.592195987701416,0.18148624897003174,941,661
044f47a795e848df0080,3.346808671951294,6.592195987701416,0.18148624897003174,941,662
dca8340531a35b3f9f64,3.242220640182495,12.013191223144531,0.22958111763000488,941,447
d686d29dfac970468ac6,3.242220640182495,12.013191223144531,0.22958111763000488,941,448
c8eaca5c64e92991b284,3.242220640182495,12.013191223144531,0.22958111763000488,941,449
056a228c0de193b126cf,3.242220640182495,12.013191223144531,0.22958111763000488,941,450
368ea7ae793fdfdcf602,3.242220640182495,12.013191223144531,0.22958111763000488,941,451
4276fb99ccd1d4c70a06,5.299510478973389,14.248990058898926,0.25170662999153137,941,394
03990d0d818a066d09b6,16.183671951293945,35.89118576049805,0.18532943725585938,941,644
68f56b81e86e40c37d6b,16.183671951293945,35.89118576049805,0.18532943725585938,941,645
e511eaf853100c310877,16.183671951293945,35.89118576049805,0.18532943725585938,941,646
5f2fc9606fb31b009ccc,16.183671951293945,35.89118576049805,0.18532943725585938,941,647
122fbec0df9ecf1c5d89,25.124460220336914,53.00071716308594,0.546352744102478,941,130
655dc9dfb978b4ffd624,10.9490327835083,24.379837036132812,0.21792079508304596,941,491
6ce2b891280aed137ab8,10.9490327835083,24.379837036132812,0.21792079508304596,941,492
73155d7feac7857188dd,10.9490327835083,24.379837036132812,0.21792079508304596,941,493
6c4eacf7845534254af9,10.9490327835083,24.379837036132812,0.21792079508304596,941,494
302e458c5ed2285ca328,14.815838813781738,32.86677169799805,0.3964504897594452,941,206
db81a705493a88f14ea0,4.133408546447754,10.239352226257324,0.18003594875335693,941,671
9eec792e8b2ea194dd3c,4.133408546447754,10.239352226257324,0.18003594875335693,941,672
2a4dce3f3faca1767ab8,4.133408546447754,10.239352226257324,0.18003594875335693,941,673
fa12b8327b9b59795c56,4.133408546447754,10.239352226257324,0.18003594875335693,941,674
f7db2a3e4a886fd5379f,3.1537792682647705,10.048205375671387,0.2124975323677063,941,524
9d3a4d340c6dfd54a0e9,3.1537792682647705,10.048205375671387,0.2124975323677063,941,525
ec10d46ed20579967ae2,3.821847915649414,13.249484062194824,0.30751240253448486,941,293
96b9b370ade7a60366fa,3.821847915649414,13.249484062194824,0.30751240253448486,941,294
7bde1bbf34aba54ccfef,3.821847915649414,13.249484062194824,0.30751240253448486,941,295
e9bdef57ef2c8ced88f0,3.821847915649414,13.249484062194824,0.30751240253448486,941,296
6553b9607d6093f257c7,3.821847915649414,13.249484062194824,0.30751240253448486,941,297
a8fc613b869b3fe26b4b,3.8600635528564453,9.026702880859375,0.16380728781223297,941,770
eb8bf4960fc4d556bab4,3.8600635528564453,9.026702880859375,0.16380728781223297,941,771
d9a6c373815a35cd0e05,3.8600635528564453,9.026702880859375,0.16380728781223297,941,772
71abc36775b6cce56da7,14.091259956359863,28.22951316833496,0.1956658959388733,941,590
e4fd83fb3852eb354a66,14.091259956359863,28.22951316833496,0.1956658959388733,941,591
20913a7c2077b80b7351,14.091259956359863,28.22951316833496,0.1956658959388733,941,592
966254b5be3c8ec5edd3,4.249845027923584,11.262493133544922,0.16666138172149658,941,757
ce1e18cf41501bc573ad,6.930239200592041,17.411935806274414,0.16257759928703308,941,782
0abac89ea336b403f597,6.930239200592041,17.411935806274414,0.16257759928703308,941,783
4e7e45a513ce579c5ce3,6.930239200592041,17.411935806274414,0.16257759928703308,941,784
2cc254396123c76b9a13,15.259539604187012,38.2386474609375,0.5007427334785461,941,143
319e89d7000731f64e7f,15.259539604187012,38.2386474609375,0.5007427334785461,941,144
fc27fa779102c4aeb8ab,22.68023681640625,52.23258590698242,0.9444398880004883,941,49
2d178efe0181baca2bd5,30.411605834960938,66.93431091308594,0.7560442686080933,941,68
ca6df7e85e3c4bd22b40,3.8553199768066406,11.1462984085083,0.3380652964115143,941,274
985361f6699d97f9464f,20.15764808654785,33.448917388916016,2.6694021224975586,941,8
62d7ea74ab73fa6214b4,20.15764808654785,33.448917388916016,2.6694021224975586,941,9
beda2205eedbe1688e1f,26.971799850463867,45.27768325805664,3.0933854579925537,941,6
5e45395722fa0dcc1d00,26.971799850463867,45.27768325805664,3.0933854579925537,941,7
76371e968e6f52e9b773,3.0750019550323486,8.440377235412598,0.17532144486904144,941,695
98e425538b985ab3d5a1,3.0750019550323486,8.440377235412598,0.17532144486904144,941,696
23fc3cce7e0bad6c114c,3.6911404132843018,10.99387264251709,0.2249203622341156,941,465
a3a9c58c8aa6145907a6,3.6911404132843018,10.99387264251709,0.2249203622341156,941,466
45a1b11ae63f2dab2e48,20.845924377441406,34.11876678466797,1.1437079906463623,941,37
b7b1a1bb666c8cc99bad,20.845924377441406,34.11876678466797,1.1437079906463623,941,38
1211905ebc8972913270,20.845924377441406,34.11876678466797,1.1437079906463623,941,39
358461ff3742e78ea3b6,26.50191307067871,43.677825927734375,1.269775629043579,941,31
73502a52708e4f9c2391,26.50191307067871,43.677825927734375,1.269775629043579,941,32
e6cc0bf41a57589c64b6,3.1703789234161377,13.671283721923828,0.20129579305648804,941,573
5dcf47b244ee77701b08,3.1703789234161377,13.671283721923828,0.20129579305648804,941,574
21cfd66397382d7ad042,3.1703789234161377,13.671283721923828,0.20129579305648804,941,575
70714ec13048a5060224,3.1390488147735596,10.044342994689941,0.1586860716342926,941,803
ecd17c7ea435a1e33f6b,8.83340835571289,16.690793991088867,0.17947939038276672,941,677
9fb05d784e7952bd4741,8.83340835571289,16.690793991088867,0.17947939038276672,941,678
292e0342682192a69fce,21.760055541992188,42.63699722290039,1.6526471376419067,941,17
1ce749f818905d3c61d4,21.760055541992188,42.63699722290039,1.6526471376419067,941,18
1e77ce24daad192212f6,21.760055541992188,42.63699722290039,1.6526471376419067,941,19
d119d77f545c029deace,26.770212173461914,49.925418853759766,0.7130578756332397,941,72
dd4829f39cdf781ffaf9,26.770212173461914,49.925418853759766,0.7130578756332397,941,73
810b065b0b86ff8c9aae,26.770212173461914,49.925418853759766,0.7130578756332397,941,74
bd2e9fee67bbba1155df,30.233543395996094,53.35526657104492,0.38998281955718994,941,215
35f2be5f5aa14265e8a4,34.483070373535156,61.21360397338867,0.2406063824892044,941,414
449b809e4efaaf2af86a,34.483070373535156,61.21360397338867,0.2406063824892044,941,415
0f06772820e6693753e3,34.483070373535156,61.21360397338867,0.2406063824892044,941,416
7ec572e99922baa664e1,4.046000957489014,11.77745532989502,0.2714689373970032,941,352
486a799fa205437ae1dc,4.046000957489014,11.77745532989502,0.2714689373970032,941,353
e6e78489d1da4066c07e,17.738718032836914,35.12406539916992,0.2392047643661499,941,419
b38269af25220f62d607,9.629480361938477,22.065185546875,0.17873059213161469,941,679
4b4d079fa6b12df47a35,9.629480361938477,22.065185546875,0.17873059213161469,941,680
0be038db2251642c6862,9.629480361938477,22.065185546875,0.17873059213161469,941,681
a0fb13951a097b6a1516,10.58067798614502,24.31280517578125,0.2653215825557709,941,369
8b0153f031bc52c2c1dd,10.58067798614502,24.31280517578125,0.2653215825557709,941,370
376ba323d8d487f80cee,10.58067798614502,24.31280517578125,0.2653215825557709,941,371
5bad82a6cffd60e7a6c9,11.368697166442871,26.029762268066406,0.35177865624427795,941,248
fd1d673cc647d6745303,11.368697166442871,26.029762268066406,0.35177865624427795,941,249
18aafc3a2522f8cc2983,11.368697166442871,26.029762268066406,0.35177865624427795,941,250
d22eb7805d90b684e45f,3.328653573989868,8.634129524230957,0.4138266444206238,941,191
adbaa4b00d492d64eed5,3.328653573989868,8.634129524230957,0.4138266444206238,941,192
eaaa3bb6872fb6f5a235,3.328653573989868,8.634129524230957,0.4138266444206238,941,193
2e714d4f0dc73256dd0b,4.021037578582764,8.039870262145996,0.29249170422554016,941,306
4fc25128f65d2cf6e786,4.021037578582764,8.039870262145996,0.29249170422554016,941,307
be1d1eac10cca873e4ef,4.021037578582764,8.039870262145996,0.29249170422554016,941,308
e7bded68a76c24544339,14.321090698242188,21.235872268676758,0.1606064736843109,941,791
a41b395c8efbc1de1aa7,14.321090698242188,21.235872268676758,0.1606064736843109,941,792
0da8847ecc094a8c14db,14.321090698242188,21.235872268676758,0.1606064736843109,941,793
fce2741d123dd81a8fa6,17.955018997192383,27.71175193786621,0.27529364824295044,941,339
5a365a8ac825ce487db4,17.955018997192383,27.71175193786621,0.27529364824295044,941,340
f6692bb42d91e0a11d81,17.955018997192383,27.71175193786621,0.27529364824295044,941,341
97b105f90c11a10a2cac,20.05955696105957,31.51569175720215,0.42210108041763306,941,186
869ed39b28b73a5de24e,20.05955696105957,31.51569175720215,0.42210108041763306,941,187
c3add4f9b8eb5e002281,20.05955696105957,31.51569175720215,0.42210108041763306,941,188
a2e635d2c20fa080aec6,3.19291615486145,8.580815315246582,0.17147865891456604,941,722
a63ce210564bfb05f06c,3.19291615486145,8.580815315246582,0.17147865891456604,941,723
64540ef50093a8bf866e,3.19291615486145,8.580815315246582,0.17147865891456604,941,724
a88f1c7eff88c4722032,3.298220634460449,9.541263580322266,0.2273469716310501,941,459
0b81c9c82d834e71f646,3.298220634460449,9.541263580322266,0.2273469716310501,941,460
df4a8ed8397b7a13f5ca,5.0886006355285645,7.389443874359131,0.1861291229724884,941,637
88258d33b6f66b11a60e,5.0886006355285645,7.389443874359131,0.1861291229724884,941,638
a74a5af182f6efc00698,5.458858489990234,8.041550636291504,0.2191520631313324,941,484
fb70c83ddbf839a2a341,5.458858489990234,8.041550636291504,0.2191520631313324,941,485
d922a9fd0b0ab9fa4223,5.458858489990234,8.041550636291504,0.2191520631313324,941,486
2c1a26f1476e0550985e,5.618383884429932,8.35643482208252,0.2206948846578598,941,482
7b69466d230dfaae0ae1,5.618383884429932,8.35643482208252,0.2206948846578598,941,483
bae7ff3dc7b9d8610a44,3.917684555053711,16.27617073059082,0.3951278626918793,941,210
eb56f25c331ea1ab9b2b,3.917684555053711,16.27617073059082,0.3951278626918793,941,211
504cddc93fa258cac929,6.116392612457275,14.633038520812988,0.31138360500335693,941,289
1ae3618ec277b0463686,38.065948486328125,76.68970489501953,0.8187870383262634,941,54
33ffc69a253a89f15995,38.065948486328125,76.68970489501953,0.8187870383262634,941,55
c5185bd663026c64c816,38.065948486328125,76.68970489501953,0.8187870383262634,941,56
e47aebe2660b9e1528de,47.53669738769531,94.88957977294922,0.2065615952014923,941,546
222a68fc192f66c1c080,47.53669738769531,94.88957977294922,0.2065615952014923,941,547
06e93ab1e94cbced3c21,3.081286668777466,10.10071849822998,0.21436497569084167,941,514
bc08a8ecc11b4f3bcb67,3.081286668777466,10.10071849822998,0.21436497569084167,941,515
d1fba30478d2e47ba5a1,15.955111503601074,34.86728286743164,0.4024648070335388,941,200
87996db5ddb7565fe66f,21.29191017150879,46.48500442504883,0.6169601678848267,941,119
f5d802ca42b1a7226fc0,21.29191017150879,46.48500442504883,0.6169601678848267,941,120
44c8b389a6faf44f1f4c,27.065759658813477,58.17533493041992,0.6798835396766663,941,87
85591a54c419ed02c5f5,27.065759658813477,58.17533493041992,0.6798835396766663,941,88
4d1e1e0eca90a46d77b2,27.065759658813477,58.17533493041992,0.6798835396766663,941,89
65723de539453b98b181,3.892468214035034,16.189340591430664,0.2935512065887451,941,304
468a11345970afe65576,3.892468214035034,16.189340591430664,0.2935512065887451,941,305
b6229f0445560a4a54ed,5.1557936668396,14.492195129394531,0.43787869811058044,941,174
9a58eec5ad3051be568a,5.1557936668396,14.492195129394531,0.43787869811058044,941,175
777a87b895af5e6bc380,5.1557936668396,14.492195129394531,0.43787869811058044,941,176
60f5ede1f947fc3c68b7,3.7907989025115967,12.444117546081543,0.26700273156166077,941,361
0a974fa5ccff4ce25b98,3.7907989025115967,12.444117546081543,0.26700273156166077,941,362
81481bf0d9bfc104fdc2,3.7907989025115967,12.444117546081543,0.26700273156166077,941,363
4ff4a4435ab70d96f0bf,3.499898910522461,12.140254974365234,0.21333163976669312,941,521
f768bef959891c647509,3.499898910522461,12.140254974365234,0.21333163976669312,941,522
30d2db34bc1d4187f057,3.499898910522461,12.140254974365234,0.21333163976669312,941,523
2b7cd8ac357e176a9726,4.7492146492004395,11.469279289245605,0.2638472318649292,941,376
de4e10d3a5d448ffcdda,4.7492146492004395,11.469279289245605,0.2638472318649292,941,377
f59dc07845ef4a376526,2.9403083324432373,10.19760799407959,0.16857996582984924,941,745
649f29ed092e13ef748e,2.9403083324432373,10.19760799407959,0.16857996582984924,941,746
4e469aa003df4dff5385,2.9403083324432373,10.19760799407959,0.16857996582984924,941,747
99cecaf5e0ea91ad4781,3.7717418670654297,10.76285171508789,0.3405531048774719,941,272
8de7bea3e86066a6c12b,3.7717418670654297,10.76285171508789,0.3405531048774719,941,273
bf09d868ed4d68a97b40,15.630509376525879,24.48878288269043,1.5007318258285522,941,23
3e78a776ac9b885d378a,15.630509376525879,24.48878288269043,1.5007318258285522,941,24
7eb97a2a0856e78a4b76,15.630509376525879,24.48878288269043,1.5007318258285522,941,25
bad24d96575f423fe4fd,22.584548950195312,35.7918586730957,1.733978509902954,941,14
19229d505f75d05a0bcb,22.584548950195312,35.7918586730957,1.733978509902954,941,15
d391f8d743d6c1a80b93,3.6265909671783447,10.443127632141113,0.33338236808776855,941,276
8fda0f40e131c051eac9,3.6265909671783447,10.443127632141113,0.33338236808776855,941,277
e1da389a795a7f30c216,3.6265909671783447,10.443127632141113,0.33338236808776855,941,278
e75030664990b64e9c05,14.319881439208984,25.369232177734375,0.20136401057243347,941,569
994a1f65509549a84ede,14.319881439208984,25.369232177734375,0.20136401057243347,941,570
f15b726ca5b4897ed80c,19.21617317199707,34.13240432739258,0.18302902579307556,941,656
859ae738b615cf17b849,19.21617317199707,34.13240432739258,0.18302902579307556,941,657
07b65328a3ec1d825fef,3.9667155742645264,10.467414855957031,0.2723039984703064,941,345
c7c87de08eb40f9343be,3.9667155742645264,10.467414855957031,0.2723039984703064,941,346
2a7062ac85d66260b3be,3.9667155742645264,10.467414855957031,0.2723039984703064,941,347
fe7d7af2c919facfe5f5,9.144209861755371,16.010042190551758,0.23095789551734924,941,444
9b1545dfa05c9439870b,9.144209861755371,16.010042190551758,0.23095789551734924,941,445
c06e784aecc76cea9d63,9.144209861755371,16.010042190551758,0.23095789551734924,941,446
bd3435c0f9b14ec7997d,11.981979370117188,22.93577003479004,0.5380051732063293,941,133
29b39881584c4fec1c58,11.981979370117188,22.93577003479004,0.5380051732063293,941,134
13ba7659fc6b864608f8,15.532740592956543,30.635107040405273,0.8567469120025635,941,52
80f546c47198fa7c6dbf,15.532740592956543,30.635107040405273,0.8567469120025635,941,53
f49d1b5c0b35dbe61bef,18.410987854003906,32.07405471801758,0.16547641158103943,941,761
34e3e4807176cfd57e57,18.410987854003906,32.07405471801758,0.16547641158103943,941,762
9138d3d29ef0d7169d74,3.0375969409942627,14.371746063232422,0.1947275996208191,941,593
d074d3b670ffc9e13369,3.0375969409942627,14.371746063232422,0.1947275996208191,941,594
72ffedc096093cc44cd1,3.0375969409942627,14.371746063232422,0.1947275996208191,941,595
0be315008cf0a051a356,3.351008176803589,9.467881202697754,0.18786491453647614,941,626
d0bae432e3ede2ada257,3.351008176803589,9.467881202697754,0.18786491453647614,941,627
f4ec546ae74a4b3888df,11.875197410583496,23.579328536987305,0.2112920880317688,941,536
b4e38c1386009c8311ab,11.875197410583496,23.579328536987305,0.2112920880317688,941,537
0cb4dac3d2afc696843b,11.875197410583496,23.579328536987305,0.2112920880317688,941,538
fe212637596386c24049,15.832588195800781,29.317167282104492,0.15851789712905884,941,807
4e417c41d918e49abba1,15.832588195800781,29.317167282104492,0.15851789712905884,941,808
ebf38d80f4c5674cf120,10.05545425415039,16.763002395629883,0.21900451183319092,941,487
6a11b71a3fb682d5f6da,10.05545425415039,16.763002395629883,0.21900451183319092,941,488
f1aa9023d49cdbe2d409,10.05545425415039,16.763002395629883,0.21900451183319092,941,489
f6c49d6bc4b677f17278,14.802861213684082,28.116485595703125,0.1850803792476654,941,648
e0f2b47154fd134db700,14.802861213684082,28.116485595703125,0.1850803792476654,941,649
d5234e966aa231be05e5,24.197053909301758,40.746978759765625,0.7693057060241699,941,63
252c027cf5a42b92c953,24.197053909301758,40.746978759765625,0.7693057060241699,941,64
70cba7a21b5a01fb8e73,37.89131546020508,61.82490539550781,1.3602898120880127,941,29
942b8fc9cf013acda52b,37.89131546020508,61.82490539550781,1.3602898120880127,941,30
9f2d5137dc74e98c0f59,3.4895401000976562,9.722797393798828,0.2013450413942337,941,571
3bb54d92fcc3ef0fc388,3.4895401000976562,9.722797393798828,0.2013450413942337,941,572
702ba575d6a3442b9a3b,7.123082637786865,10.575904846191406,0.20636427402496338,941,548
2e181a70e997f2b6d728,7.123082637786865,10.575904846191406,0.20636427402496338,941,549
e83cbe662d2235b30b7e,7.123082637786865,10.575904846191406,0.20636427402496338,941,550
30970941542856ce8eb1,8.258265495300293,12.103838920593262,0.2575500011444092,941,385
4ec77f604fa08f281ef7,8.258265495300293,12.103838920593262,0.2575500011444092,941,386
87d4aa727f2254c554ac,8.258265495300293,12.103838920593262,0.2575500011444092,941,387
f7f0c7d2b8250e0e304f,9.40624713897705,13.72222900390625,0.25914913415908813,941,382
6e17f8e15aa8fdd6a9ea,9.40624713897705,13.72222900390625,0.25914913415908813,941,383
c5b88ffca991e883ab64,9.40624713897705,13.72222900390625,0.25914913415908813,941,384
cdc8c1db00222994a1aa,10.236714363098145,15.009772300720215,0.25014784932136536,941,396
0d588f7534b7a34cb10a,10.236714363098145,15.009772300720215,0.25014784932136536,941,397
8cdde884333140be60cb,15.89920425415039,27.423049926757812,0.23189742863178253,941,441
1ac98da1ee548520f15b,6.3903679847717285,13.792343139648438,1.0521714687347412,941,41
fae79bab43155a52988f,6.3903679847717285,13.792343139648438,1.0521714687347412,941,42
96840797cfdea44e1467,12.89847183227539,17.286182403564453,0.1645122617483139,941,767
6757824312738e94bd8e,12.89847183227539,17.286182403564453,0.1645122617483139,941,768
8ec4b6e02bfa948a790c,2.80962872505188,5.516699314117432,0.1595361828804016,941,797
11f1d1ead8bfb4600086,2.80962872505188,5.516699314117432,0.1595361828804016,941,798
d903ad6791c65abe7c09,2.80962872505188,5.516699314117432,0.1595361828804016,941,799
cd3c75eca39365e943e4,6.9554314613342285,11.794018745422363,0.2790484130382538,941,326
c63ed0daca6f4e0f5c52,6.9554314613342285,11.794018745422363,0.2790484130382538,941,327
27f29e20ad7b3f90539d,6.9554314613342285,11.794018745422363,0.2790484130382538,941,328
5cc67d02b8fad1c648d6,9.861617088317871,22.1617431640625,0.36932408809661865,941,234
fc47eff9bc6b7be6c207,9.861617088317871,22.1617431640625,0.36932408809661865,941,235
d7bff2b52f60b5fad4bd,9.861617088317871,22.1617431640625,0.36932408809661865,941,236
9409394cdc0bcfb31fbc,12.762995719909668,29.292802810668945,0.6673876047134399,941,102
d43d692e19100ebe5646,12.762995719909668,29.292802810668945,0.6673876047134399,941,103
4c544dce3570699bcb17,12.762995719909668,29.292802810668945,0.6673876047134399,941,104
b24f66ff77974f8ba6e1,14.7465238571167,34.232791900634766,0.7120682001113892,941,75
53a9a2469f8d4ead8732,14.7465238571167,34.232791900634766,0.7120682001113892,941,76
6d9732a794f436a1207a,3.5254242420196533,17.03483772277832,0.3916070759296417,941,212
a1ee103259cc79515683,3.5254242420196533,17.03483772277832,0.3916070759296417,941,213
18027828dc8e021e6926,3.288036346435547,6.421435832977295,0.19468101859092712,941,596
cceed97177282611f5d2,3.375835418701172,6.4748616218566895,0.21572311222553253,941,499
c4b580f549c5ce3a5ad9,3.375835418701172,6.4748616218566895,0.21572311222553253,941,500
68c511d842fc030aa84b,2.056708812713623,7.429531097412109,0.156370609998703,941,833
d997636736faa38ac83a,2.056708812713623,7.429531097412109,0.156370609998703,941,834
8e17cb06a37c48cc9ab5,2.056708812713623,7.429531097412109,0.156370609998703,941,835
a595d5f1882c39914392,6.031062602996826,9.009895324707031,0.2210211455821991,941,479
9a60cb4735780275034e,6.031062602996826,9.009895324707031,0.2210211455821991,941,480
97297c71a28a2ccbdeeb,6.031062602996826,9.009895324707031,0.2210211455821991,941,481
0e09f8144b025e4b5a8a,3.052321195602417,12.213043212890625,0.1598638892173767,941,794
b9567f94a7b303ec27d4,3.052321195602417,12.213043212890625,0.1598638892173767,941,795
5924be549731349785e5,3.052321195602417,12.213043212890625,0.1598638892173767,941,796
39d0c96038ee0c9dace2,7.570444107055664,14.062153816223145,0.1895788460969925,941,621
117fb19e55f91e3dffa2,7.570444107055664,14.062153816223145,0.1895788460969925,941,622
df118a80070e524e5b67,7.570444107055664,14.062153816223145,0.1895788460969925,941,623
df71c07fd931cc29213b,9.968955039978027,19.34032440185547,0.27666163444519043,941,329
a247cee7090fdbb110b4,9.968955039978027,19.34032440185547,0.27666163444519043,941,330
15e10c24f9edb12543a2,9.968955039978027,19.34032440185547,0.27666163444519043,941,331
3032c273eee09a2644c3,12.486732482910156,25.524194717407227,0.7691628932952881,941,65
aa3ac48b626bc54d5dc6,12.486732482910156,25.524194717407227,0.7691628932952881,941,66
9fde4f980246629c5b0d,12.486732482910156,25.524194717407227,0.7691628932952881,941,67
666a97a156dc1d179eef,3.3598616123199463,10.701300621032715,0.17421554028987885,941,703
3ed4ccf323d05a9eb15f,3.3598616123199463,10.701300621032715,0.17421554028987885,941,704
5f02dc3c13f7f2daed32,26.76957130432129,60.19942092895508,0.3621116280555725,941,237
5ba8cead5a790ba93029,26.76957130432129,60.19942092895508,0.3621116280555725,941,238
3ba72d7e71d02ea168dd,4.412529945373535,12.073158264160156,0.35018178820610046,941,257
ac52c50de335acae588d,4.412529945373535,12.073158264160156,0.35018178820610046,941,258
aaf45151a9b4a7a5fa5c,4.412529945373535,12.073158264160156,0.35018178820610046,941,259
d4bcc09609c820442d3d,19.327966690063477,38.5022087097168,0.3360920250415802,941,275
d3047299bd8817ee87dd,25.247451782226562,50.430904388427734,0.5940696001052856,941,121
ce39d1762993bbbafaca,25.247451782226562,50.430904388427734,0.5940696001052856,941,122
b070c3657459c06a4df1,25.247451782226562,50.430904388427734,0.5940696001052856,941,123
e9a1a41c8d1f0476af75,3.445831298828125,11.126110076904297,0.18579921126365662,941,639
eb607d68bca471faa4ec,3.445831298828125,11.126110076904297,0.18579921126365662,941,640
ff9bcaab8e95f60d70bc,14.116013526916504,31.733259201049805,0.22293595969676971,941,470
b645df00945e594953a6,14.116013526916504,31.733259201049805,0.22293595969676971,941,471
a15744dbeb99bc224e40,14.116013526916504,31.733259201049805,0.22293595969676971,941,472
8b9ff1a26d840aaa6a49,18.75341033935547,42.27201461791992,0.9588557481765747,941,46
c2334ccf8e6788ac6ca2,18.75341033935547,42.27201461791992,0.9588557481765747,941,47
4e93e36ab850bab3d594,18.75341033935547,42.27201461791992,0.9588557481765747,941,48
c973d4c257be9ef08216,14.198504447937012,23.972198486328125,0.1970728188753128,941,588
91b6bda771851a5c78ac,14.198504447937012,23.972198486328125,0.1970728188753128,941,589
723a7255bbbef8dcad76,3.2631587982177734,11.8399076461792,0.21385467052459717,941,519
53dc2340c848330a9220,3.2631587982177734,11.8399076461792,0.21385467052459717,941,520
baae4c016e087caeda81,6.760500431060791,22.639923095703125,0.3115367293357849,941,287
246c01e213831d66a856,6.760500431060791,22.639923095703125,0.3115367293357849,941,288
f64ebc218e6ab29d7edc,10.17863941192627,32.866878509521484,0.40236544609069824,941,201
f9564b598f30f816ac19,10.17863941192627,32.866878509521484,0.40236544609069824,941,202
ca5c649ce727f8a36f41,10.17863941192627,32.866878509521484,0.40236544609069824,941,203
a01a137fa48c1391b9e7,26.142587661743164,67.70487976074219,0.21728548407554626,941,497
a5f9179bfb146ad70953,39.39378356933594,98.4852523803711,0.397391676902771,941,204
c28747d70e7b51a1cc95,39.39378356933594,98.4852523803711,0.397391676902771,941,205
71eae942541acd0523cb,3.335468292236328,10.452263832092285,0.20535649359226227,941,554
e55976e878649a1c45c4,3.335468292236328,10.452263832092285,0.20535649359226227,941,555
71cde2967a339690e3de,3.335468292236328,10.452263832092285,0.20535649359226227,941,556
1b610fb92b30df5ca03f,3.7433109283447266,9.56045913696289,0.15772584080696106,941,811
11894db76cfa703c36af,3.7433109283447266,9.56045913696289,0.15772584080696106,941,812
6a75887d279501f8d1a9,3.7433109283447266,9.56045913696289,0.15772584080696106,941,813
84d88494c6db5c1688d3,19.787336349487305,38.54102325439453,0.530206561088562,941,138
ba56f0e652a97bcee1b2,19.787336349487305,38.54102325439453,0.530206561088562,941,139
832eaa9c6b2f7a68f2a5,26.40123176574707,51.55549621582031,0.6809998750686646,941,85
a47a3987d45e7c542d38,26.40123176574707,51.55549621582031,0.6809998750686646,941,86
606886b17304ec494aa0,43.8507080078125,96.7241439819336,0.3787310719490051,941,225
3b2c663a28a9f32bd1d3,43.8507080078125,96.7241439819336,0.3787310719490051,941,226
0d7b26fecd6b2854ca8e,3.1069698333740234,10.57296371459961,0.15881438553333282,941,800
112c30dcf3a7a4f80ac1,3.1069698333740234,10.57296371459961,0.15881438553333282,941,801
0f9c311bea99fb35cf5f,3.1069698333740234,10.57296371459961,0.15881438553333282,941,802
a00b9b271e1fe3ae2351,2.734992742538452,8.325470924377441,0.19729754328727722,941,585
4e71aa5ec7e9c4e414dc,2.734992742538452,8.325470924377441,0.19729754328727722,941,586
1c2fe2551ccf2b35aacc,2.734992742538452,8.325470924377441,0.19729754328727722,941,587
28b54d4dea0dd57b2c55,3.8195877075195312,10.286885261535645,0.20452426373958588,941,560
762190c8d9f5b2d1a89a,8.099994659423828,19.445405960083008,0.21515978872776031,941,508
efe7c6b0783a33974807,8.099994659423828,19.445405960083008,0.21515978872776031,941,509
075c4b8bd77f0a8b34bc,8.099994659423828,19.445405960083008,0.21515978872776031,941,510
183af335033005f96b97,9.06894302368164,24.947473526000977,0.40985721349716187,941,194
6b7209c2e8154837a8c7,9.06894302368164,24.947473526000977,0.40985721349716187,941,195
9fcf89b00bb880c8a5ba,9.06894302368164,24.947473526000977,0.40985721349716187,941,196
bc3692f55b839d2f2c07,7.814573764801025,18.398778915405273,0.23855391144752502,941,423
d7603686249e1fb69a60,7.814573764801025,18.398778915405273,0.23855391144752502,941,424
c9e08e156472783dee4e,9.688870429992676,26.437171936035156,0.4967862367630005,941,148
7ad898a193c20e7a329c,9.688870429992676,26.437171936035156,0.4967862367630005,941,149
b5aa0bae2967975bdf4b,9.688870429992676,26.437171936035156,0.4967862367630005,941,150
db26f51c86dc787ac633,11.666865348815918,35.04545211791992,0.3425993025302887,941,269
19c8831adeb5f3e2fcd5,11.666865348815918,35.04545211791992,0.3425993025302887,941,270
204c95299f49a2bcdb61,11.666865348815918,35.04545211791992,0.3425993025302887,941,271
486e498e45d084ced568,16.188228607177734,46.37417984008789,0.19857726991176605,941,577
e009f41aa23d4c7b3fff,16.188228607177734,46.37417984008789,0.19857726991176605,941,578
6cf24e264547d6bffd62,2.3751869201660156,12.483611106872559,0.16814395785331726,941,748
34a20bc9c1f8c8bdf357,2.3751869201660156,12.483611106872559,0.16814395785331726,941,749
0164f18711777547e68d,5.634178638458252,16.95191192626953,0.22824721038341522,941,455
61764a2e9f71f1caa18e,5.634178638458252,16.95191192626953,0.22824721038341522,941,456
5f8a81445707df0eaad0,8.079627990722656,23.325918197631836,0.16499251127243042,941,765
bd76c7bdcd3681374617,8.079627990722656,23.325918197631836,0.16499251127243042,941,766
27bac953781c17a3a74b,9.308796882629395,24.107107162475586,0.3586714267730713,941,242
08812206a257481691c4,9.308796882629395,24.107107162475586,0.3586714267730713,941,243
76643e968ecc935c745c,9.308796882629395,24.107107162475586,0.3586714267730713,941,244
5442611ea6789d42bc86,15.015467643737793,39.472259521484375,0.38420569896698,941,219
aef5cafc63ca445e92fa,15.015467643737793,39.472259521484375,0.38420569896698,941,220
aa43fe84c0d8c825fe58,30.956628799438477,73.7088851928711,0.3243192434310913,941,279
5e276c1730fc0a9deba7,30.956628799438477,73.7088851928711,0.3243192434310913,941,280
4862e2fb71344ce16021,48.850555419921875,114.0069808959961,1.8960827589035034,941,12
b514312eda7950cdcf1c,48.850555419921875,114.0069808959961,1.8960827589035034,941,13
90e23af4d5769cd8b21a,3.1004629135131836,11.412732124328613,0.1891491562128067,941,624
ece04d0c0a926ed06e11,3.1004629135131836,11.412732124328613,0.1891491562128067,941,625
31ac4d8629515e309a32,3.3598616123199463,10.701300621032715,0.17421554028987885,941,705
89fbb0023e89f4da9de7,3.3598616123199463,10.701300621032715,0.17421554028987885,941,706
c11ae989bb46d0e24320,3.3598616123199463,10.701300621032715,0.17421554028987885,941,707
5e5b7c697bc0c268b288,26.76957130432129,60.19942092895508,0.3621116280555725,941,239
b8abc8f40545556f07e0,26.76957130432129,60.19942092895508,0.3621116280555725,941,240
8db24ae10df4095ada47,26.76957130432129,60.19942092895508,0.3621116280555725,941,241
9181e4bc1c8af8bf8693,7.763681411743164,11.715442657470703,0.29986831545829773,941,301
7bfbc7febf4113a1bd42,7.763681411743164,11.715442657470703,0.29986831545829773,941,302
6c27c0ab37bb8d812822,2.9676601886749268,11.573627471923828,0.18554159998893738,941,641
7945dfcb6be718f22113,2.9676601886749268,11.573627471923828,0.18554159998893738,941,642
59e942d4a3b5dfc412a2,2.9676601886749268,11.573627471923828,0.18554159998893738,941,643
48322f47941ad052cef4,4.173135757446289,13.78132152557373,0.19820350408554077,941,579
cfcf2b8c54d4c8b3838a,4.173135757446289,13.78132152557373,0.19820350408554077,941,580
d3d2b36ec3417c1c1c6c,4.173135757446289,13.78132152557373,0.19820350408554077,941,581
b86ace0ccafe0af8ceec,8.139288902282715,24.058395385742188,0.4331412613391876,941,177
6aa69f7c2b8244353a75,8.139288902282715,24.058395385742188,0.4331412613391876,941,178
58394a71418a9623e18a,12.4614896774292,34.0695686340332,0.34654924273490906,941,263
c6e78c97267cbb98dc22,12.4614896774292,34.0695686340332,0.34654924273490906,941,264
79ff49052bce33597828,12.4614896774292,34.0695686340332,0.34654924273490906,941,265
a17bcdddcf0799baeee2,36.246883392333984,79.81259155273438,0.3705712556838989,941,232
1395836aef00d6a880b0,36.246883392333984,79.81259155273438,0.3705712556838989,941,233
58669c7a3953b668d2e1,3.203892946243286,13.487072944641113,0.16531504690647125,941,763
fd5fa962575144327bf4,3.203892946243286,13.487072944641113,0.16531504690647125,941,764
ad833f34f6b91872362d,12.357426643371582,30.505287170410156,1.4649510383605957,941,26
b4e0e9dc92fca2c88b90,12.357426643371582,30.505287170410156,1.4649510383605957,941,27
fe66b2381d33aa2ea3a8,12.357426643371582,30.505287170410156,1.4649510383605957,941,28
a60552f4d1a5ced4641f,10.034191131591797,25.14771270751953,0.770227313041687,941,60
17902fa9c7f8ea9b456e,10.034191131591797,25.14771270751953,0.770227313041687,941,61
3774a4dac6dd0f01d48d,10.034191131591797,25.14771270751953,0.770227313041687,941,62
b52b86b1b9a2a78f0452,7.824915409088135,22.98970603942871,0.6893714070320129,941,80
acdffd73c7b1388ba321,7.824915409088135,22.98970603942871,0.6893714070320129,941,81
53becf1a41d72abcc45a,7.824915409088135,22.98970603942871,0.6893714070320129,941,82
20711ea4080ba078e890,11.19310474395752,35.21202087402344,0.49273988604545593,941,153
b8c35c514f5ef6c0f3bc,11.19310474395752,35.21202087402344,0.49273988604545593,941,154
316b7260106904f99ae8,11.19310474395752,35.21202087402344,0.49273988604545593,941,155
b0802294da4fd71d0f9d,16.201068878173828,45.219661712646484,0.926350474357605,941,50
bae9d67e095423d8edd2,16.201068878173828,45.219661712646484,0.926350474357605,941,51
f696e9b3be9ec10da758,9.069977760314941,14.900404930114746,0.4448353052139282,941,170
36767e257ec2c6a901ce,9.069977760314941,14.900404930114746,0.4448353052139282,941,171
cd767a7bd002d07cbc45,9.069977760314941,14.900404930114746,0.4448353052139282,941,172
ade362756cf5f89aea03,3.2927303314208984,9.676220893859863,0.21505603194236755,941,511
d38814bd9947297635d0,8.117010116577148,12.170021057128906,0.2175162434577942,941,495
2d389074e8eee38a47d4,8.117010116577148,12.170021057128906,0.2175162434577942,941,496
9139c55b31e4e4b0e062,10.902595520019531,15.581562042236328,0.22698262333869934,941,461
d11074f9c4f74061ba15,10.902595520019531,15.581562042236328,0.22698262333869934,941,462
ce58f28250c053410654,10.902595520019531,15.581562042236328,0.22698262333869934,941,463
5885d427a26f03e522f3,17.226552963256836,20.907560348510742,0.24441608786582947,941,408
62e730f8ad10cbdd613b,17.226552963256836,20.907560348510742,0.24441608786582947,941,409
eb151126b40eda411ab7,17.226552963256836,20.907560348510742,0.24441608786582947,941,410
b2bf97a1dcb9d6609f7d,3.179009199142456,11.658233642578125,0.209766685962677,941,539
a7e095123d7186e83bbb,3.179009199142456,11.658233642578125,0.209766685962677,941,540
715cf6b265c19d80e943,6.9039435386657715,14.859904289245605,0.35104143619537354,941,254
b579bb037defe81a2b27,6.9039435386657715,14.859904289245605,0.35104143619537354,941,255
741e52b1633ebf2743f3,6.9039435386657715,14.859904289245605,0.35104143619537354,941,256
9ddc2e8babb52ee8e772,15.226872444152832,26.615564346313477,0.6243573427200317,941,111
b060fa3ae84f80e773d2,15.226872444152832,26.615564346313477,0.6243573427200317,941,112
d49f2ae16cf70d54ccf4,15.226872444152832,26.615564346313477,0.6243573427200317,941,113
aa83ae83c0fa0cc37777,30.694013595581055,57.95650863647461,0.41991162300109863,941,189
5194b147fd4feeed21b8,3.1163017749786377,8.722941398620605,0.17516329884529114,941,699
6125098643b6e16e10e3,3.3747684955596924,9.835273742675781,0.26204994320869446,941,380
ba886a8f0a4af3f92d70,3.3747684955596924,9.835273742675781,0.26204994320869446,941,381
209cc7cf667dbec940db,14.76364803314209,23.75986671447754,0.5936605930328369,941,124
47f2e980caaa77baa535,14.76364803314209,23.75986671447754,0.5936605930328369,941,125
db5dcc7b864e0174fcbd,20.379606246948242,32.35624313354492,0.6746053099632263,941,94
2d11f1fe488a0c917ffe,20.379606246948242,32.35624313354492,0.6746053099632263,941,95
5e784130c58b8175024e,20.379606246948242,32.35624313354492,0.6746053099632263,941,96
c627405cf70a0daacc94,28.13612937927246,45.631805419921875,0.5255458354949951,941,140
80f6a235bb59c2a7ea59,28.13612937927246,45.631805419921875,0.5255458354949951,941,141
e8064b0425b1eb0f4a2d,3.5011489391326904,10.086222648620605,0.21237339079380035,941,526
933e17d426dc7efc96b5,3.5011489391326904,10.086222648620605,0.21237339079380035,941,527
f5c9c8ef64b230348d9d,3.5011489391326904,10.086222648620605,0.21237339079380035,941,528
fd3a369b0bc0681cddd7,4.205192565917969,9.854050636291504,0.18132717907428741,941,663
086c54fea97e433c7cd8,4.205192565917969,9.854050636291504,0.18132717907428741,941,664
5b59ad006ee758a4691e,4.205192565917969,9.854050636291504,0.18132717907428741,941,665
810b16f35a3a86f451ce,19.977340698242188,43.36906433105469,0.5833497643470764,941,126
b7cbf8a3f54b6d586198,19.977340698242188,43.36906433105469,0.5833497643470764,941,127
8a4623d640cc619f2639,19.977340698242188,43.36906433105469,0.5833497643470764,941,128
db51722e47c78067c744,3.8028013706207275,10.326981544494629,0.4255797564983368,941,182
8fb287430f3df6d0b3dd,3.8028013706207275,10.326981544494629,0.4255797564983368,941,183
7de812bda21b4dfe46dc,8.366047859191895,20.529268264770508,0.3012436628341675,941,298
902937db42f82f467718,8.366047859191895,20.529268264770508,0.3012436628341675,941,299
cb446680f62351d087a9,8.366047859191895,20.529268264770508,0.3012436628341675,941,300
3cd0aa35793392d15513,12.187519073486328,32.40715408325195,0.2646169066429138,941,373
752c884154a739045315,12.187519073486328,32.40715408325195,0.2646169066429138,941,374
4d3dddb7f2bd6bdeb5ea,12.187519073486328,32.40715408325195,0.2646169066429138,941,375
c80022254967f6a925f3,18.29579734802246,45.0033073425293,0.4292270541191101,941,179
25fcfe22a4504f391482,18.29579734802246,45.0033073425293,0.4292270541191101,941,180
67fa39740fcf946a3154,18.29579734802246,45.0033073425293,0.4292270541191101,941,181
a355e45067146220aeb4,2.5419676303863525,10.997100830078125,0.20467884838581085,941,557
b2ef457b41d15be60154,2.5419676303863525,10.997100830078125,0.20467884838581085,941,558
a8af004884132bf837cb,2.5419676303863525,10.997100830078125,0.20467884838581085,941,559
8fb7f07df563e78786b2,12.6126127243042,22.906890869140625,0.19180148839950562,941,605
827a3b0963882acf7f7a,12.6126127243042,22.906890869140625,0.19180148839950562,941,606
2cc7c8ae52cdb25ca284,18.04209327697754,35.70235061645508,0.5383158922195435,941,131
64c9e190e213bb061867,18.04209327697754,35.70235061645508,0.5383158922195435,941,132
87265e4a49086b6ac4eb,22.554588317871094,44.83241653442383,0.34698906540870667,941,261
10ea0c665f5ba7c91bbf,22.554588317871094,44.83241653442383,0.34698906540870667,941,262
84457536bb50a7061808,3.7895259857177734,7.885026454925537,0.2364901602268219,941,425
6700854991c876090fca,3.7895259857177734,7.885026454925537,0.2364901602268219,941,426
ac5d83c43c312ae6b483,3.7895259857177734,7.885026454925537,0.2364901602268219,941,427
9a9b50816ec47f1cd755,3.280794382095337,9.622389793395996,0.18273505568504333,941,658
20d919989660f0116d9e,3.280794382095337,9.622389793395996,0.18273505568504333,941,659
f868ccbcbf392038fe36,3.280794382095337,9.622389793395996,0.18273505568504333,941,660
64f99f02d02cc2d0791d,5.2175188064575195,11.717623710632324,0.24838268756866455,941,398
31232902f2b6f3a67c60,5.2175188064575195,11.717623710632324,0.24838268756866455,941,399
6f827d26c4f82a1bfa90,5.2175188064575195,11.717623710632324,0.24838268756866455,941,400
96710afeabc594baa359,18.069486618041992,38.24522018432617,0.28270742297172546,941,323
c76d0420b34df595c0c9,18.069486618041992,38.24522018432617,0.28270742297172546,941,324
bd04bce318b9a6fe2f60,2.7137959003448486,11.964892387390137,0.15837499499320984,941,809
3bb1d388702c98c505de,2.7137959003448486,11.964892387390137,0.15837499499320984,941,810
c3feac62808af7335473,2.635791778564453,11.879241943359375,0.16245390474796295,941,785
351199afabc71b80aa4e,2.635791778564453,11.879241943359375,0.16245390474796295,941,786
c2222e1974033abfcc10,2.635791778564453,11.879241943359375,0.16245390474796295,941,787
ece815bb9caf05c4cf62,2.4220187664031982,12.45539379119873,0.17299944162368774,941,717
ada006a63d5f5bb2d92f,2.4220187664031982,12.45539379119873,0.17299944162368774,941,718
8850f83121d2dae0c774,2.4220187664031982,12.45539379119873,0.17299944162368774,941,719
2d1e1a0500e043e38a25,3.2086734771728516,8.667563438415527,0.1751728355884552,941,697
039b93251c132d8f8438,3.2086734771728516,8.667563438415527,0.1751728355884552,941,698
fe69b1dbb4d976f830cd,10.62022876739502,18.6420841217041,0.2755224108695984,941,335
53ceb391785085223695,10.62022876739502,18.6420841217041,0.2755224108695984,941,336
a4fc5d66da363324e2bf,10.62022876739502,18.6420841217041,0.2755224108695984,941,337
7c0c324643799c918828,15.297818183898926,28.19720458984375,0.37253257632255554,941,228
13bfaf03c35b4cff3bd5,15.297818183898926,28.19720458984375,0.37253257632255554,941,229
b7cf293311f83700cd9a,22.31048583984375,41.930721282958984,0.17593346536159515,941,694
b0121185356dad207689,3.855516195297241,8.741227149963379,0.1576138287782669,941,814
0b540a11a900ffa66fb2,3.855516195297241,8.741227149963379,0.1576138287782669,941,815
af999f675454be1dbd4d,3.855516195297241,8.741227149963379,0.1576138287782669,941,816
83326d8b972b1f3325e4,3.1766955852508545,9.095966339111328,0.16923755407333374,941,740
ce88314bea29d27d2423,3.984288454055786,10.465821266174316,0.20763300359249115,941,544
dc8bcde539e5eb188a29,3.984288454055786,10.465821266174316,0.20763300359249115,941,545
354772201c6474f84978,3.6443231105804443,10.702232360839844,0.24128331243991852,941,412
a9c2201879463031bf75,3.6443231105804443,10.702232360839844,0.24128331243991852,941,413
9ccd4f4f61665ec641fe,17.69908332824707,41.81766128540039,0.6445389986038208,941,106
b5e6e9a4b5c6f0f838bd,17.69908332824707,41.81766128540039,0.6445389986038208,941,107
425fe9dfe0c3f345460b,24.60933494567871,57.5994873046875,0.754224956035614,941,69
a44a22945d76c02aa6a7,24.60933494567871,57.5994873046875,0.754224956035614,941,70
c65ac14ffed8749381c1,24.60933494567871,57.5994873046875,0.754224956035614,941,71
2b97a1e0a6a4b944b760,33.2761116027832,75.34120178222656,0.7722878456115723,941,58
61771d230b285babe4b6,33.2761116027832,75.34120178222656,0.7722878456115723,941,59
143bf510fe2028583763,15.556441307067871,34.87193298339844,0.4835660457611084,941,159
f96cee9775323fbf1d8b,15.556441307067871,34.87193298339844,0.4835660457611084,941,160
769f1d04efb22c05cfdf,15.556441307067871,34.87193298339844,0.4835660457611084,941,161
6fbc3a0669e9db3520ba,2.5156404972076416,7.90508508682251,0.20166218280792236,941,567
bc2a96424966b655227f,2.5156404972076416,7.90508508682251,0.20166218280792236,941,568
a421784c91de559c18e0,28.696306228637695,74.0803451538086,3.5046424865722656,941,4
5d530b2f228ed39ff952,28.696306228637695,74.0803451538086,3.5046424865722656,941,5
c4bb286978fe9078a303,31.662919998168945,80.68795013427734,4.5036725997924805,941,1
9e3f598e00375ec93d9b,31.662919998168945,80.68795013427734,4.5036725997924805,941,2
ca467c94f14b2219503e,31.662919998168945,80.68795013427734,4.5036725997924805,941,3
034e8de2f7813cd7ed59,2.9641597270965576,10.04395580291748,0.2935757637023926,941,303
884464dbd5d759fd9896,3.9504950046539307,11.31119155883789,0.20192265510559082,941,564
77dcc64e3f31b0758f91,3.9504950046539307,11.31119155883789,0.20192265510559082,941,565
bf2cad39d8b460431473,3.9504950046539307,11.31119155883789,0.20192265510559082,941,566
9329c6709a6b676368cf,4.501537322998047,11.907925605773926,0.15754759311676025,941,817
d8cad13efbf63a0da85d,4.501537322998047,11.907925605773926,0.15754759311676025,941,818
6ef1e6b5c3a9ab2744e9,4.501537322998047,11.907925605773926,0.15754759311676025,941,819
7da8f3ac36bcb53605d1,2.601316213607788,8.39376163482666,0.27559345960617065,941,332
17c3981767dbd7d80169,2.601316213607788,8.39376163482666,0.27559345960617065,941,333
7138b866c4df4a2274f1,2.601316213607788,8.39376163482666,0.27559345960617065,941,334
69d0a853b07ce34d002e,2.8852741718292236,8.906901359558105,0.17366737127304077,941,708
b213664a8c509420288b,2.8852741718292236,8.906901359558105,0.17366737127304077,941,709
5e1c073538cbbe740b6f,2.8852741718292236,8.906901359558105,0.17366737127304077,941,710
73771d4752cdcd04a023,4.3893818855285645,13.783944129943848,0.2667119801044464,941,364
6716006fb3d4c4c8a766,4.3893818855285645,13.783944129943848,0.2667119801044464,941,365
8f07dde39b5cb4c7d9e6,3.6235783100128174,11.228775024414062,0.3515017628669739,941,251
0120f093f01a659610ef,3.6235783100128174,11.228775024414062,0.3515017628669739,941,252
b8444451034b5fb66fa0,3.6235783100128174,11.228775024414062,0.3515017628669739,941,253
c698067a7f9c576a34a2,13.890545845031738,24.969175338745117,0.1694454550743103,941,737
5ff3e81c102706da6a30,13.890545845031738,24.969175338745117,0.1694454550743103,941,738
1c312750e15ff66c6243,13.890545845031738,24.969175338745117,0.1694454550743103,941,739
2e6a6b82f8ddb64a9011,3.003549575805664,11.775032043457031,0.23529663681983948,941,428
a2b4aaadfcd0dee51aef,3.003549575805664,11.775032043457031,0.23529663681983948,941,429
2d27f02deb37eeb61bfe,4.027841091156006,11.845789909362793,0.23874129354953766,941,420
ef909b1f112d3493ba8a,4.027841091156006,11.845789909362793,0.23874129354953766,941,421
efb7617d566fb19d9217,4.027841091156006,11.845789909362793,0.23874129354953766,941,422
62d1db91c3839882736a,8.41849136352539,17.154062271118164,0.19756446778774261,941,582
63cda70afb5b740e4fa4,8.41849136352539,17.154062271118164,0.19756446778774261,941,583
b51a88b6dc4049704214,8.41849136352539,17.154062271118164,0.19756446778774261,941,584
181f4a164df2a06f6b96,2.901637315750122,9.717511177062988,0.15584708750247955,941,841
6cb80aa01247c6623418,2.901637315750122,9.717511177062988,0.15584708750247955,941,842
8ab3606b0d15babbd1c7,10.806391716003418,21.068267822265625,0.17352260649204254,941,711
f6ee035f6a2a7082604a,10.806391716003418,21.068267822265625,0.17352260649204254,941,712
2c8bdc7f29ed47c7ce61,10.806391716003418,21.068267822265625,0.17352260649204254,941,713
7609a0c63a8cd353dd97,6.774110317230225,13.663790702819824,0.2218051254749298,941,476
fe81eae9ca771781c285,6.774110317230225,13.663790702819824,0.2218051254749298,941,477
41133662186c9c2cfc56,6.774110317230225,13.663790702819824,0.2218051254749298,941,478
d5fd79e96156bc59e3fe,8.938027381896973,20.447128295898438,0.17122557759284973,941,726
a2dbe14788c85f0974a9,8.938027381896973,20.447128295898438,0.17122557759284973,941,727
8a9121a5453cc56bc6d1,8.938027381896973,20.447128295898438,0.17122557759284973,941,728
b94677e12c4d6aa11d9b,11.24939250946045,25.261537551879883,0.15674522519111633,941,825
6e800c2cd97dce7ae296,11.24939250946045,25.261537551879883,0.15674522519111633,941,826
0007449b058916cdcad1,11.24939250946045,25.261537551879883,0.15674522519111633,941,827
0abcd35d436abeff6ce0,3.057291030883789,9.835419654846191,0.1773037165403366,941,688
e66696e912043d01d240,3.057291030883789,9.835419654846191,0.1773037165403366,941,689
540ef35dda953d3557c9,3.057291030883789,9.835419654846191,0.1773037165403366,941,690
db30f87487b96ba6d141,3.5419352054595947,13.3998441696167,0.22288361191749573,941,473
553ee7ba7226d2304ed5,3.5419352054595947,13.3998441696167,0.22288361191749573,941,474
a01ddd20ae3501ca9881,3.5419352054595947,13.3998441696167,0.22288361191749573,941,475
f156391514f509a6ea3a,4.875187873840332,15.514507293701172,0.49692752957344055,941,147
7e981ba02c83f74f5e65,11.16325855255127,21.344247817993164,0.2140454649925232,941,516
09236f36e11ff0bb70fe,11.16325855255127,21.344247817993164,0.2140454649925232,941,517
4557a201acb370fccbfa,11.16325855255127,21.344247817993164,0.2140454649925232,941,518
c717afaee5336c60c59f,6.765420436859131,19.514554977416992,0.24773576855659485,941,403
09dd7a16716e6f168fd6,6.765420436859131,19.514554977416992,0.24773576855659485,941,404
8e330202a1983cbc02b5,11.878100395202637,30.8040771484375,0.3960276246070862,941,207
1f40af3483bd97a7dfca,11.878100395202637,30.8040771484375,0.3960276246070862,941,208
975d484a29fb5011f336,11.878100395202637,30.8040771484375,0.3960276246070862,941,209
9ef184fb3e38791e6c13,4.119185924530029,11.094525337219238,0.3434894382953644,941,267
90b3c5f660655ce09ddf,4.119185924530029,11.094525337219238,0.3434894382953644,941,268
4589cfb6a0563df83dd6,2.9091835021972656,11.9739351272583,0.19434477388858795,941,597
d2d36d9586f3f49acd5d,2.9091835021972656,11.9739351272583,0.19434477388858795,941,598
b655d7de0986cbd0d622,5.846486568450928,14.459487915039062,0.425051212310791,941,184
b7c529fb27066ef73734,5.846486568450928,14.459487915039062,0.425051212310791,941,185
40d5f6dbba8de32e9852,8.867947578430176,20.38731575012207,0.45604974031448364,941,167
21e09d52eac22fe25e15,8.867947578430176,20.38731575012207,0.45604974031448364,941,168
34aaca6f7a0768d743fe,8.867947578430176,20.38731575012207,0.45604974031448364,941,169
cdcabd704ebeeeca9183,12.470187187194824,25.251062393188477,0.1777447760105133,941,682
892c3900698d3de38b1c,12.470187187194824,25.251062393188477,0.1777447760105133,941,683
91cd087e44e7a3364533,12.470187187194824,25.251062393188477,0.1777447760105133,941,684
2f72c334253bbe94a8ab,17.349830627441406,35.66436767578125,0.32179486751556396,941,281
92f7fe9d8581717a9949,17.349830627441406,35.66436767578125,0.32179486751556396,941,282
596bd04bfe916866f908,17.349830627441406,35.66436767578125,0.32179486751556396,941,283
87c47bbb721cb26b06cc,3.605382204055786,9.357329368591309,0.1678619086742401,941,750
5b10fd0119edd0e50d70,3.605382204055786,9.357329368591309,0.1678619086742401,941,751
43a518f01fef0d4ae54b,3.021423101425171,12.605385780334473,0.23949426412582397,941,417
7ca4530921bfc12ce558,3.021423101425171,12.605385780334473,0.23949426412582397,941,418
162ffd9b0db1fd3c1509,4.208982944488525,12.218231201171875,0.21185897290706635,941,535
8641d0ec9c4b21727b9a,13.218779563903809,29.08099365234375,0.16646838188171387,941,758
8aa79ce56a84843f3849,13.218779563903809,29.08099365234375,0.16646838188171387,941,759
ae8805bc02bce03072e2,13.218779563903809,29.08099365234375,0.16646838188171387,941,760
0537c303027eef12ba09,3.7925655841827393,10.92396068572998,0.2164592146873474,941,498
cace6f00c46aea69fe39,12.302386283874512,35.65724182128906,0.19084888696670532,941,607
8f9a7ca0380c405ee685,12.302386283874512,35.65724182128906,0.19084888696670532,941,608
96bcae6dcf065b7ad6fc,3.4211413860321045,10.77003002166748,0.1703338921070099,941,731
604873ccb66d3a6f31b5,3.4211413860321045,10.77003002166748,0.1703338921070099,941,732
2767e0b150dc0e6a1b6f,2.5941903591156006,10.272442817687988,0.26788759231567383,941,359
c6f9768de03e08b1652c,2.5941903591156006,10.272442817687988,0.26788759231567383,941,360
0f0ce675d00176813bf5,3.4646027088165283,13.501747131347656,0.18773801624774933,941,628
16fad5682a8842df09c9,3.4646027088165283,13.501747131347656,0.18773801624774933,941,629
4c40bd6781093d65e26f,3.4646027088165283,13.501747131347656,0.18773801624774933,941,630
dcd115d5903aa7c38191,6.707866668701172,13.90865707397461,0.28410404920578003,941,317
48a8b24b649031229980,6.707866668701172,13.90865707397461,0.28410404920578003,941,318
9e64d50cfa49998ac275,6.707866668701172,13.90865707397461,0.28410404920578003,941,319
40ea5a107cd72829ff82,7.132363796234131,14.748809814453125,0.40536823868751526,941,197
35fcb2fcbf9425af2c6c,7.132363796234131,14.748809814453125,0.40536823868751526,941,198
1ffdc26416a1526dd534,7.132363796234131,14.748809814453125,0.40536823868751526,941,199
46b8e4fc054b67296417,8.130682945251465,17.18880844116211,0.48800379037857056,941,156
b47cad6d1496e6fdaf2c,8.130682945251465,17.18880844116211,0.48800379037857056,941,157
16afd85aa788409b8d07,8.130682945251465,17.18880844116211,0.48800379037857056,941,158
6bebc41cc4f55da05d47,9.15913200378418,19.58255386352539,0.7069680690765381,941,77
9e971ba2075fa0b7d8fb,9.15913200378418,19.58255386352539,0.7069680690765381,941,78
5f81e2ff4fea8e839c4d,9.15913200378418,19.58255386352539,0.7069680690765381,941,79
9c9d41f1f5f006de9819,6.405490875244141,13.95004940032959,0.2294243425130844,941,452
c82c1933ed710ffb4981,6.405490875244141,13.95004940032959,0.2294243425130844,941,453
ae377e903c7cb2c36b71,6.405490875244141,13.95004940032959,0.2294243425130844,941,454
96e2b82e29c0b5205628,8.328577041625977,16.882205963134766,0.186875119805336,941,631
7b8eaa0c9205349f60b1,8.328577041625977,16.882205963134766,0.186875119805336,941,632
dc73b789d0821495353b,8.328577041625977,16.882205963134766,0.186875119805336,941,633
ab4bd77cf5e0151e8470,3.605382204055786,9.357329368591309,0.1678619086742401,941,752
983208d88a90df1d1592,3.605382204055786,9.357329368591309,0.1678619086742401,941,753
15a51cf39e266a0aeb52,3.3045053482055664,10.240458488464355,0.27179163694381714,941,348
abcfcb23dbe2574a2389,2.942129373550415,11.030108451843262,0.1632574200630188,941,779
90986ae76102a348680d,2.942129373550415,11.030108451843262,0.1632574200630188,941,780
37b8d0f56019b0d4fad3,6.285726070404053,14.0387601852417,0.18474581837654114,941,650
08ca5c7741cfb5861c5a,6.285726070404053,14.0387601852417,0.18474581837654114,941,651
419ef6fd31c0f118f3a3,6.285726070404053,14.0387601852417,0.18474581837654114,941,652
966bc0aaa6c98ecfa2ee,8.133159637451172,17.158931732177734,0.20787206292152405,941,541
f3ee8cbdb15889a1a50d,8.133159637451172,17.158931732177734,0.20787206292152405,941,542
b90d0d5fb80689b46cc3,8.133159637451172,17.158931732177734,0.20787206292152405,941,543
d2b2a221080a75b4729f,12.314090728759766,24.4604434967041,0.31289008259773254,941,284
efc1e677ddbcf36b5ef9,12.314090728759766,24.4604434967041,0.31289008259773254,941,285
7d5a5e7ce28dafd856c2,12.314090728759766,24.4604434967041,0.31289008259773254,941,286
6c28e50241ca84637c9f,17.352542877197266,33.8411865234375,0.17995810508728027,941,675
0e5b806832eaea6e01b6,17.352542877197266,33.8411865234375,0.17995810508728027,941,676
5504ad9babd372400650,3.5044307708740234,10.773831367492676,0.2862597703933716,941,313
00576956c634095bfd14,3.5044307708740234,10.773831367492676,0.2862597703933716,941,314
c260e5193159c51fe828,3.3045053482055664,10.240458488464355,0.27179163694381714,941,349
9425b8289ee4a76611af,3.3045053482055664,10.240458488464355,0.27179163694381714,941,350
9d37460a611e0d536371,3.3045053482055664,10.240458488464355,0.27179163694381714,941,351
d99e1639b668210776c3,2.988445997238159,8.899765968322754,0.15642420947551727,941,831
d7457b516ddba0143275,2.988445997238159,8.899765968322754,0.15642420947551727,941,832
4dedc80fb33d21596b7e,7.704216480255127,14.896527290344238,0.1904154121875763,941,609
852d4f3443a81d662552,7.704216480255127,14.896527290344238,0.1904154121875763,941,610
20d4b1612cbdd88b6755,21.456893920898438,48.38197708129883,0.6692993640899658,941,99
a1809a6c4c3ada20bcb0,21.456893920898438,48.38197708129883,0.6692993640899658,941,100
8a5443659239e3b52e14,21.456893920898438,48.38197708129883,0.6692993640899658,941,101
7ac90b210e42d27c5a04,32.6523323059082,71.48906707763672,0.16740572452545166,941,754
668279c54bbf75e86496,32.6523323059082,71.48906707763672,0.16740572452545166,941,755
5b445b457a8b897a2d6c,32.6523323059082,71.48906707763672,0.16740572452545166,941,756
7ab4e875cad0452c3e13,3.10553240776062,11.09656047821045,0.1920129656791687,941,603
02e4d578437631b52709,3.10553240776062,11.09656047821045,0.1920129656791687,941,604
8a00e449393f9942971d,6.641178607940674,15.263348579406738,0.20560194551944733,941,551
8462ba67f9bfb0d7eab2,6.641178607940674,15.263348579406738,0.20560194551944733,941,552
6b2bd8cc21ac4437ca78,6.641178607940674,15.263348579406738,0.20560194551944733,941,553
d035281432e410405550,10.867237091064453,30.091697692871094,0.28966355323791504,941,309
8232ed63909910ce88f2,10.867237091064453,30.091697692871094,0.28966355323791504,941,310
e3c2b5ea1c83276cf63a,10.867237091064453,30.091697692871094,0.28966355323791504,941,311
d91b46e555c1e07f6ae1,3.1882822513580322,13.575401306152344,0.18651719391345978,941,634
a23b5b2899de52f589d3,3.1882822513580322,13.575401306152344,0.18651719391345978,941,635
6ddb6596285d680135c6,3.1882822513580322,13.575401306152344,0.18651719391345978,941,636
16b86d1aa60d91e39cab,3.249041795730591,11.205863952636719,0.1574339121580124,941,820
4aaca0f605d3111bf1e0,3.249041795730591,11.205863952636719,0.1574339121580124,941,821
a78f7bae6726f8eb382a,3.249041795730591,11.205863952636719,0.1574339121580124,941,822
95e11ec70cd7b493e3f8,16.579212188720703,38.60837936401367,0.2281692922115326,941,457
c692f211a6366b2f15c2,16.579212188720703,38.60837936401367,0.2281692922115326,941,458
7a077667c09ee80c3016,3.7566442489624023,18.671831130981445,0.24547548592090607,941,405
18355dfa0f6e519b7bf6,3.7566442489624023,18.671831130981445,0.24547548592090607,941,406
dc3996b1d58824c80cc8,3.7566442489624023,18.671831130981445,0.24547548592090607,941,407
0c698539e41c4b28cd00,4.503014087677002,10.740718841552734,0.26588523387908936,941,366
a7a30ef771295dc6deed,4.503014087677002,10.740718841552734,0.26588523387908936,941,367
a4b63f07629b6c031997,4.503014087677002,10.740718841552734,0.26588523387908936,941,368
5830dbb35947aa6f58f0,13.884291648864746,27.738311767578125,0.30855071544647217,941,291
f73fd2f4c55177304721,13.884291648864746,27.738311767578125,0.30855071544647217,941,292
ab5af30c3befe81e6244,3.194491147994995,12.751355171203613,0.2637251317501068,941,378
d7895c522a1a46a1175c,3.194491147994995,12.751355171203613,0.2637251317501068,941,379
c393010c592b487413e2,12.252281188964844,29.379770278930664,0.27030277252197266,941,355
39815ababe97d7acc107,12.252281188964844,29.379770278930664,0.27030277252197266,941,356
3f59bb6766ef6551502f,12.252281188964844,29.379770278930664,0.27030277252197266,941,357
38f45f2503d6739a07ad,3.735846757888794,19.673967361450195,0.2855481803417206,941,315
45456543397c99c90420,3.735846757888794,19.673967361450195,0.2855481803417206,941,316
17fd49e7bf1b8c8b08f7,3.1017932891845703,17.116775512695312,0.1717691868543625,941,720
915cf3a7c8100cb7ce1f,3.1017932891845703,17.116775512695312,0.1717691868543625,941,721
7f441e5455eeb896256b,4.058243751525879,10.118389129638672,0.2024773210287094,941,561
7a9775ac62acbc27a73d,4.058243751525879,10.118389129638672,0.2024773210287094,941,562
22191f76e895327c6e2d,4.058243751525879,10.118389129638672,0.2024773210287094,941,563
570497bf792f134f2223,16.54320526123047,32.499698638916016,0.17115086317062378,941,729
d2c44b46eb306c56f241,16.54320526123047,32.499698638916016,0.17115086317062378,941,730
4576779100baec321031,2.878786087036133,14.061118125915527,0.16864287853240967,941,742
1c904e2260d780d691ac,2.878786087036133,14.061118125915527,0.16864287853240967,941,743
6e4be94a2a9069414c1c,2.878786087036133,14.061118125915527,0.16864287853240967,941,744
226d1197cb663575c710,3.8873844146728516,9.716572761535645,0.15603698790073395,941,836
34d95567b1dba64add5d,3.8873844146728516,9.716572761535645,0.15603698790073395,941,837
fe872ffee0a9e2f9ef3c,4.053533554077148,9.288986206054688,0.17300762236118317,941,714
b688bf34f76e0d26985a,4.053533554077148,9.288986206054688,0.17300762236118317,941,715
5b1af559138d20cb2423,4.053533554077148,9.288986206054688,0.17300762236118317,941,716
8143c4fff6f999b7ad0e,20.38965606689453,40.57149124145508,0.38837945461273193,941,216
15d6bc57a87392fbeb98,20.38965606689453,40.57149124145508,0.38837945461273193,941,217
ebdeaba52880c7eade16,20.38965606689453,40.57149124145508,0.38837945461273193,941,218
52b9af4df1f1e7cd4d9b,28.121915817260742,55.7100944519043,0.5364213585853577,941,135
a3ae677aae8a8faf5786,28.121915817260742,55.7100944519043,0.5364213585853577,941,136
c82167c626a1495ef750,28.121915817260742,55.7100944519043,0.5364213585853577,941,137
76066d9a67f992290a6b,3.153101682662964,12.605359077453613,0.21476392447948456,941,512
3e396e6a49f6a2920d92,3.153101682662964,12.605359077453613,0.21476392447948456,941,513
fa1bec4ee7db4191b72d,5.245307922363281,13.486534118652344,0.1767076998949051,941,691
4ee0e15840492362f7d8,5.245307922363281,13.486534118652344,0.1767076998949051,941,692
b0035c08cda3495cb3b2,5.245307922363281,13.486534118652344,0.1767076998949051,941,693
7f03fef6741ddd243d91,9.241440773010254,19.862268447875977,0.24788829684257507,941,401
0d1eaff6f686ee174d88,9.241440773010254,19.862268447875977,0.24788829684257507,941,402
04220e1eb53e9a22175c,12.151110649108887,26.958208084106445,0.15566486120224,941,843
a83fb14090f1518df5a7,13.934895515441895,32.005165100097656,0.6825278997421265,941,83
783cf2454912fc14bb80,13.934895515441895,32.005165100097656,0.6825278997421265,941,84
7654254c03d9de79740f,17.654388427734375,40.60621643066406,1.6362650394439697,941,20
8bef7f788af60df5e18a,17.654388427734375,40.60621643066406,1.6362650394439697,941,21
79362765eb92377a5970,17.654388427734375,40.60621643066406,1.6362650394439697,941,22
2a4de703709973e74dd2,8.767437934875488,22.27161407470703,0.2318001389503479,941,442
064249131c1c3106e540,8.767437934875488,22.27161407470703,0.2318001389503479,941,443
c115dcdcaf52094f06a1,2.875037431716919,13.724015235900879,0.15596601366996765,941,838
4b2736825853aa6a9272,2.875037431716919,13.724015235900879,0.15596601366996765,941,839
084866775caa8ca58925,2.875037431716919,13.724015235900879,0.15596601366996765,941,840
7c14324532b02f7a3ab9,12.253009796142578,25.786623001098633,0.3815675973892212,941,221
0f5a668aff17f4f3cc95,12.253009796142578,25.786623001098633,0.3815675973892212,941,222
85956151bfe869ac5ee6,17.166034698486328,35.28451156616211,0.3541642427444458,941,245
654a4a40363a388cf9cb,17.166034698486328,35.28451156616211,0.3541642427444458,941,246
67434b9a07488d70219b,17.166034698486328,35.28451156616211,0.3541642427444458,941,247
c65fe185a35d8a355300,3.4716196060180664,9.903456687927246,0.1774183064699173,941,685
aeb141ae676e7c5ad293,3.4716196060180664,9.903456687927246,0.1774183064699173,941,686
263bf94e554be864c090,3.4716196060180664,9.903456687927246,0.1774183064699173,941,687
23434652f7af1cc03ab7,5.763071537017822,17.331069946289062,0.273958295583725,941,342
e6326a07ad46fdd2e66f,5.763071537017822,17.331069946289062,0.273958295583725,941,343
658eecf514c6a6aa009d,5.763071537017822,17.331069946289062,0.273958295583725,941,344
6f43332e2665523bcccc,8.273795127868652,22.829736709594727,0.2238941490650177,941,467
66178a861f4bf31fa2e1,8.273795127868652,22.829736709594727,0.2238941490650177,941,468
8eaf61cc544233320cf2,8.273795127868652,22.829736709594727,0.2238941490650177,941,469
efe14b6a1dc3741d71ba,17.788379669189453,33.25930404663086,0.28349795937538147,941,320
6b5982c6e1bbaadd6a95,17.788379669189453,33.25930404663086,0.28349795937538147,941,321
7d406784048b9e313d67,17.788379669189453,33.25930404663086,0.28349795937538147,941,322
79cb1738d945317e5bfa,25.7568416595459,46.907012939453125,1.2508662939071655,941,33
2f48e798c7917fb7d2ae,25.7568416595459,46.907012939453125,1.2508662939071655,941,34
a38fee52661fd3e3b7ea,25.7568416595459,46.907012939453125,1.2508662939071655,941,35
9ffee2813aef5c26f96f,30.783119201660156,57.29444885253906,2.227496385574341,941,10
efd84dffe823b6298db6,30.783119201660156,57.29444885253906,2.227496385574341,941,11
e9950c0bf61094f632c2,4.678205966949463,11.591593742370605,0.1619216650724411,941,788
35cb57fad7b23937c429,4.678205966949463,11.591593742370605,0.1619216650724411,941,789
3848a52863e96bf74dcc,4.678205966949463,11.591593742370605,0.1619216650724411,941,790
93d0b949ca6dc0685979,11.160147666931152,31.2137393951416,0.2184084802865982,941,490
c68db037670dea886720,6.232615947723389,17.91124153137207,0.15855492651462555,941,804
a0d6732883ffc7d063fb,6.232615947723389,17.91124153137207,0.15855492651462555,941,805
09c2a4beb05ca5c84aab,7.632017612457275,22.758298873901367,0.18360915780067444,941,653
a7bc3fb68bdecbbe086f,7.632017612457275,22.758298873901367,0.18360915780067444,941,654
1d15ee46756cd1845a68,7.632017612457275,22.758298873901367,0.18360915780067444,941,655
f34ee58fabc050d20fd2,2.8153178691864014,11.928160667419434,0.156820148229599,941,823
cc1f4899902d6f44bef2,2.8153178691864014,11.928160667419434,0.156820148229599,941,824
08d345874afeaea97b5e,8.345135688781738,24.56876564025879,0.4633468687534332,941,165
5522a1ec1f8e39cedb13,8.345135688781738,24.56876564025879,0.4633468687534332,941,166
be82391d6b3e742f1f26,12.907565116882324,41.740482330322266,0.23399224877357483,941,433
bfbe491a54086b98874d,12.907565116882324,41.740482330322266,0.23399224877357483,941,434
db7f9ffa50eb931613f6,20.121013641357422,56.69675827026367,0.981531023979187,941,43
351c17dfa8f46a8cb40a,20.121013641357422,56.69675827026367,0.981531023979187,941,44
0dccaa29989ef4956786,20.121013641357422,56.69675827026367,0.981531023979187,941,45
9ff75a89ec8d52e6f51c,12.980015754699707,23.434951782226562,0.4744645953178406,941,162
1668026caa5d708642cf,15.938499450683594,30.62140655517578,0.6712637543678284,941,97
52348febee6695107c49,19.40768051147461,37.723533630371094,0.5785374045372009,941,129
b0571346163b8f77528d,5.771498203277588,13.8843355178833,0.41498318314552307,941,190
e05652bb38d9efd5b11e,8.604103088378906,20.882349014282227,0.6518349647521973,941,105
cf8ab33c25ad391a584c,14.055888175964355,30.973539352416992,0.1565588414669037,941,828
4c46ceefd6147b1e0a7a,17.135107040405273,37.6974983215332,0.4404107332229614,941,173
f4331eb64b6774466836,19.7963809967041,44.6131706237793,1.199983835220337,941,36
d54c93a11164b4abac6e,23.824851989746094,53.34714126586914,1.6549559831619263,941,16
480c3ccae36541513345,2.8734054565429688,14.522534370422363,0.16435925662517548,941,769
7d9c7f40bc71ee7c4ef0,11.679305076599121,35.69363021850586,0.17448529601097107,941,702
4ed02da322b210a5f98f,3.989107131958008,9.762412071228027,0.1813071072101593,941,666
605436d35600502e8c2e,14.578605651855469,32.87453842163086,0.3807671070098877,941,224
a059b2825881c97ce308,7.190863132476807,13.936847686767578,0.17136326432228088,941,725
191c723f2b37d0c12afa,9.106644630432129,20.90900230407715,0.15643775463104248,941,830
5edaf16084f46f5b4726,7.100682735443115,15.785429954528809,0.2540578842163086,941,393
fd9cda2d3ab32ea2a360,10.40666675567627,26.909875869750977,0.3450022339820862,941,266
7c6e7b244de393e8554d,9.130148887634277,31.189313888549805,0.27956920862197876,941,325
0bdd638e906bf11a00cb,3.0803356170654297,9.050684928894043,0.1998254954814911,941,576
067c9b96b35fefd28fdf,3.2807743549346924,10.810638427734375,0.2264953851699829,941,464
683b6279a87805548c7c,14.093157768249512,31.901823043823242,0.15650814771652222,941,829
5df546d9e2f2a29dfc89,3.6396687030792236,8.898869514465332,0.24428214132785797,941,411
b1c16d76595907509c1b,3.1446444988250732,12.47900390625,0.2502000331878662,941,395
f9bba2e75f16ebadb0eb,12.285914421081543,24.52182960510254,0.38154715299606323,941,223
65f22906a14f74d756d4,15.841334342956543,32.02134323120117,1.107808232307434,941,40
f2f54282835725ea01b1,4.126814365386963,11.288983345031738,0.34914982318878174,941,260
419f6eb4080dcb9d293b,17.873735427856445,36.73856735229492,0.15851981937885284,941,806
265b6eb5a10a34c937b1,4.193790435791016,9.069605827331543,0.3767368495464325,941,227
e42bb4e647ec675f47ae,3.0928151607513428,10.950407981872559,0.16265378892421722,941,781
aed6d224edcb21e5d658,2.8820254802703857,11.539448738098145,0.26805341243743896,941,358
409d01129a3e41b32902,4.013362884521484,12.901827812194824,0.265190988779068,941,372
634f21e11a8442494ce3,9.992140769958496,27.017364501953125,0.270843505859375,941,354
855456da9ea892f7216b,21.72703742980957,51.3350715637207,0.3709280788898468,941,231
6fc227d3382270d96cdc,3.832174301147461,10.334301948547363,0.2865072190761566,941,312
b6dc1ec0dbd724128ce3,12.360809326171875,21.63652229309082,0.3711833655834198,941,230
8b8becd233748ccae9e3,15.093497276306152,28.395055770874023,0.5118882656097412,941,142
b060b3829845575c0998,3.1675188541412354,10.4208402633667,0.1688290536403656,941,741
0b8c7bc2949fb8070c94,3.49214768409729,8.545013427734375,0.21214954555034637,941,534
87da8c37b16d810331a2,3.919538736343384,10.636688232421875,0.3096592128276825,941,290
b37608f8c4a8ee4b8696,17.543302536010742,36.52225112915039,0.776593029499054,941,57
6c387793968257d2f169,19.125383377075195,38.18637466430664,0.42050695419311523,2027,182
812adebe27af25dc2242,19.125383377075195,38.18637466430664,0.42050695419311523,2027,183
f159b69487cebc7dcf97,19.125383377075195,38.18637466430664,0.42050695419311523,2027,184
19ac0f010c25e2c5360d,19.125383377075195,38.18637466430664,0.42050695419311523,2027,185
d15ae6c5a25f630d3055,15.37292766571045,32.12606430053711,0.3478219509124756,2027,217
e1b9d0166a4779c27067,15.37292766571045,32.12606430053711,0.3478219509124756,2027,218
d9481b0f826e3bfbbb60,15.37292766571045,32.12606430053711,0.3478219509124756,2027,219
ab49ee9538cdb7f47f70,15.37292766571045,32.12606430053711,0.3478219509124756,2027,220
b7e013953a302595b447,10.10332202911377,23.71809959411621,0.13407522439956665,2027,494
585d3167bdb0e8cd6b97,10.10332202911377,23.71809959411621,0.13407522439956665,2027,495
b819ee3c169e34252d65,10.10332202911377,23.71809959411621,0.13407522439956665,2027,496
e7a1b39854237234e083,6.843925476074219,10.17391586303711,0.06718221306800842,2027,798
dbe53fd128925fb48a31,6.843925476074219,10.17391586303711,0.06718221306800842,2027,799
2b9d93829eefac047d26,6.843925476074219,10.17391586303711,0.06718221306800842,2027,800
920dbde1a4d0fdf60ec7,6.843925476074219,10.17391586303711,0.06718221306800842,2027,801
54bc75cc4d64dac2ed48,22.945327758789062,49.2048454284668,0.22280177474021912,2027,342
7f4f64cb791c71ba0420,22.945327758789062,49.2048454284668,0.22280177474021912,2027,343
2424b103c34d3d2b6a9a,22.945327758789062,49.2048454284668,0.22280177474021912,2027,344
36b45fbdbace5950c108,22.945327758789062,49.2048454284668,0.22280177474021912,2027,345
b0764b94416833704b53,18.314247131347656,38.07654571533203,0.06740866601467133,2027,790
9c74e865c47b45a09229,18.314247131347656,38.07654571533203,0.06740866601467133,2027,791
54d9921472c8d46b7b9a,18.314247131347656,38.07654571533203,0.06740866601467133,2027,792
6d07662cb17b795ea5e2,18.314247131347656,38.07654571533203,0.06740866601467133,2027,793
cbedf4ab0af735b39b3a,18.314247131347656,38.07654571533203,0.06740866601467133,2027,794
ce3b9d9cbe1699c7eef9,8.689375877380371,19.338476181030273,0.06945498287677765,2027,773
2635b25bb3c1c37f3b74,13.849029541015625,30.73102378845215,1.2616968154907227,2027,55
1effe6f049d068dc08cf,13.849029541015625,30.73102378845215,1.2616968154907227,2027,56
9603a9567c8b21458d1e,8.689375877380371,19.338476181030273,0.06945498287677765,2027,774
fa1a4a2aa332b091b615,8.689375877380371,19.338476181030273,0.06945498287677765,2027,775
e6d0dc8ca50b71d5f807,8.689375877380371,19.338476181030273,0.06945498287677765,2027,776
11fef346c358d54d3059,8.689375877380371,19.338476181030273,0.06945498287677765,2027,777
dea5f0228035f44dd102,8.689375877380371,19.338476181030273,0.06945498287677765,2027,778
3726956d81fe3954e5b7,13.849029541015625,30.73102378845215,1.2616968154907227,2027,57
e35fdc08a1113b193889,13.849029541015625,30.73102378845215,1.2616968154907227,2027,58
28e9fea3e3293f2b8a0e,21.25352668762207,45.06814193725586,4.305841445922852,2027,6
9249ed2c527f70995033,21.25352668762207,45.06814193725586,4.305841445922852,2027,7
7b42519983cf93dd7efd,14.098548889160156,30.651121139526367,0.08721093088388443,2027,668
9862563d18aae2868342,14.098548889160156,30.651121139526367,0.08721093088388443,2027,669
cd7c523e3df961c83524,18.705350875854492,31.64316749572754,0.4217931628227234,2027,179
df93501912d2cfcfbc41,18.705350875854492,31.64316749572754,0.4217931628227234,2027,180
3f1a96aa336ea0741b5a,18.705350875854492,31.64316749572754,0.4217931628227234,2027,181
57163774ada660438e36,9.963671684265137,17.13299560546875,0.07469706237316132,2027,742
693a65467095367c8e95,9.963671684265137,17.13299560546875,0.07469706237316132,2027,743
4b39568fb3ff725fec83,9.963671684265137,17.13299560546875,0.07469706237316132,2027,744
c6a55a8d89f33c69899b,9.963671684265137,17.13299560546875,0.07469706237316132,2027,745
f6cfe706d71f58273c59,9.963671684265137,17.13299560546875,0.07469706237316132,2027,746
fe40c32169d87261e1e9,12.126331329345703,19.965736389160156,0.14717769622802734,2027,443
b6b8449bda1ec4f0697f,12.126331329345703,19.965736389160156,0.14717769622802734,2027,444
74541dbf8571f881c454,12.126331329345703,19.965736389160156,0.14717769622802734,2027,445
99a3c4452ddfa8ff12c0,12.126331329345703,19.965736389160156,0.14717769622802734,2027,446
249b884b29177edb9df5,14.466975212097168,23.838891983032227,0.28428322076797485,2027,283
547923973b121019625f,14.466975212097168,23.838891983032227,0.28428322076797485,2027,284
28927cd17cd253754377,6.966866970062256,14.580105781555176,0.09136904776096344,2027,645
01472a37121478cb82be,6.966866970062256,14.580105781555176,0.09136904776096344,2027,646
7312008fb6a636165c6b,6.966866970062256,14.580105781555176,0.09136904776096344,2027,647
382c90a40989c39ceed1,6.966866970062256,14.580105781555176,0.09136904776096344,2027,648
4a623eca5d2d51d3a0ca,7.996621608734131,20.094322204589844,0.07651519030332565,2027,721
65e9c139dc66fe608a89,7.996621608734131,20.094322204589844,0.07651519030332565,2027,722
987027dd660186de8266,7.996621608734131,20.094322204589844,0.07651519030332565,2027,723
7654c7dcf0123ab04d15,7.996621608734131,20.094322204589844,0.07651519030332565,2027,724
6bd522326fb91ebf1379,7.996621608734131,20.094322204589844,0.07651519030332565,2027,725
69f9cefb952abd22672c,9.927692413330078,25.628700256347656,0.1066012755036354,2027,585
da2750836408eb0e09a7,9.927692413330078,25.628700256347656,0.1066012755036354,2027,586
00fe2a10256cea9affd4,9.927692413330078,25.628700256347656,0.1066012755036354,2027,587
25b1f8000dd22874bb29,16.61632537841797,38.141845703125,0.34759199619293213,2027,221
5fc63f69bdf7f0b71bbc,16.61632537841797,38.141845703125,0.34759199619293213,2027,222
2712213ca28bcadbfa61,16.61632537841797,38.141845703125,0.34759199619293213,2027,223
8925249b7fbe141dbce6,16.61632537841797,38.141845703125,0.34759199619293213,2027,224
d2921349ba8d9cef15a4,8.747958183288574,17.95928192138672,0.07280179113149643,2027,751
3c041f5186a291c3b313,10.508293151855469,16.551849365234375,0.12468988448381424,2027,526
6b8e53d2d8c8a90a7216,10.508293151855469,16.551849365234375,0.12468988448381424,2027,527
5b7151c95c4e964a121b,10.508293151855469,16.551849365234375,0.12468988448381424,2027,528
b29c3ac2de3ba2d8b5c9,10.508293151855469,16.551849365234375,0.12468988448381424,2027,529
b6ffd4ffa7739deb3e88,10.508293151855469,16.551849365234375,0.12468988448381424,2027,530
ac81adfab5ec8ce768db,14.41833209991455,22.64286231994629,0.3136780858039856,2027,245
61090cfdcf019e0891a3,14.41833209991455,22.64286231994629,0.3136780858039856,2027,246
07a55cdab65b05f31561,14.41833209991455,22.64286231994629,0.3136780858039856,2027,247
3b400f57f8dcc4cdbd83,14.41833209991455,22.64286231994629,0.3136780858039856,2027,248
b6bf451b4911ee22d4a4,14.41833209991455,22.64286231994629,0.3136780858039856,2027,249
303e517db71305479cf8,6.506392002105713,12.104205131530762,0.06091880053281784,2027,828
afbb3431f3c1f6b3fc84,6.506392002105713,12.104205131530762,0.06091880053281784,2027,829
659ac10e1e83ce329312,6.506392002105713,12.104205131530762,0.06091880053281784,2027,830
9bb1445fe1ba6a6b18f6,6.506392002105713,12.104205131530762,0.06091880053281784,2027,831
1666061cb3649389f1d5,6.941251277923584,0.31081700325012207,0.07622527331113815,2027,728
52e05a1a506d6326fa3f,6.941251277923584,0.31081700325012207,0.07622527331113815,2027,729
fa04675c3a6400dc01e0,6.941251277923584,0.31081700325012207,0.07622527331113815,2027,730
461fbd64aa8472f52774,6.941251277923584,0.31081700325012207,0.07622527331113815,2027,731
29b2750406e976da394c,6.941251277923584,0.31081700325012207,0.07622527331113815,2027,732
b813b117f0ebb8d7c853,6.941251277923584,0.31081700325012207,0.07622527331113815,2027,733
37c15d90032e66347ed6,13.223502159118652,20.090089797973633,0.3063850700855255,2027,256
08155ffdcb0d27576050,13.223502159118652,20.090089797973633,0.3063850700855255,2027,257
2aa2754666d0f055cb00,13.223502159118652,20.090089797973633,0.3063850700855255,2027,258
68ca46900cfea89e5164,13.223502159118652,20.090089797973633,0.3063850700855255,2027,259
f7d57d8bb988f7016502,13.223502159118652,20.090089797973633,0.3063850700855255,2027,260
0434c2f9b75e25782a13,13.259417533874512,23.5859375,0.18355119228363037,2027,389
027bbff1ac308c5dd7a1,13.259417533874512,23.5859375,0.18355119228363037,2027,390
4756b7ebb0be7c63e552,13.259417533874512,23.5859375,0.18355119228363037,2027,391
9ea628a740f0855c4dbe,9.099539756774902,20.048845291137695,0.06952274590730667,2027,769
7a686f0aefeefe62a695,9.099539756774902,20.048845291137695,0.06952274590730667,2027,770
a1760c9f792d02b2e59c,9.099539756774902,20.048845291137695,0.06952274590730667,2027,771
c7b33bb4e1a37b576135,9.099539756774902,20.048845291137695,0.06952274590730667,2027,772
a99011d97b1af601fdbc,11.223495483398438,23.696548461914062,0.18924517929553986,2027,378
ec1c29d6d4fe334c886a,11.223495483398438,23.696548461914062,0.18924517929553986,2027,379
34021fab3c1543cca97d,11.223495483398438,23.696548461914062,0.18924517929553986,2027,380
075248a5ddcd4b5d091f,11.223495483398438,23.696548461914062,0.18924517929553986,2027,381
3fc05dc2025715e68174,19.443477630615234,34.61032485961914,0.16127371788024902,2027,425
74701496b6fc5465eea7,19.443477630615234,34.61032485961914,0.16127371788024902,2027,426
db2709229820b71e283b,11.640934944152832,26.586458206176758,0.3557620942592621,2027,210
6b8ff4c027d9c4c2d75f,11.640934944152832,26.586458206176758,0.3557620942592621,2027,211
7e0c856a121512a6f891,11.640934944152832,26.586458206176758,0.3557620942592621,2027,212
f4a4fc4d6e4dea59b061,22.600021362304688,45.92982864379883,2.511263608932495,2027,18
57646b9484b03f4076bb,22.600021362304688,45.92982864379883,2.511263608932495,2027,19
cd566862a517dd7cdc8d,9.190109252929688,16.168485641479492,0.09201408177614212,2027,638
35944fdd59ac331c3fcb,10.854011535644531,17.198684692382812,0.16934318840503693,2027,414
41f57dc6d50ee162801a,10.854011535644531,17.198684692382812,0.16934318840503693,2027,415
45e24a16b44a89653e4b,10.854011535644531,17.198684692382812,0.16934318840503693,2027,416
08f5a209b38c4c65b5c3,10.854011535644531,17.198684692382812,0.16934318840503693,2027,417
d448d8de2d8dacec62c3,13.76508617401123,21.875381469726562,0.2799884080886841,2027,285
f402144b8672dd5ab2ab,13.76508617401123,21.875381469726562,0.2799884080886841,2027,286
1a55639d058c08a1a06e,16.470458984375,26.583961486816406,0.34966111183166504,2027,215
5fd0921bbbba1e22abf9,16.470458984375,26.583961486816406,0.34966111183166504,2027,216
122fbec0df9ecf1c5d89,21.528554916381836,36.400360107421875,0.8812519311904907,2027,88
7522f965f25a50c9a3bc,14.363368034362793,32.13093948364258,0.1405853033065796,2027,471
ee5c9d29ed57c3312389,14.363368034362793,32.13093948364258,0.1405853033065796,2027,472
658deb7d61cd8cd7c4b1,14.363368034362793,32.13093948364258,0.1405853033065796,2027,473
8dce8486dfe67a190d0d,14.363368034362793,32.13093948364258,0.1405853033065796,2027,474
8af7ab6d0c4dde52bba2,24.72933006286621,49.19990158081055,0.2488984614610672,2027,304
9dd4e8dae2357c6de73e,9.355841636657715,24.04633140563965,0.21999426186084747,2027,352
5497a50fcc16a8bf1a07,9.355841636657715,24.04633140563965,0.21999426186084747,2027,353
c5a12771920c4410d921,15.669902801513672,36.40017318725586,0.7835016250610352,2027,98
30dcf629a319b1b39ea6,12.018864631652832,18.079513549804688,0.22805990278720856,2027,330
178de03e9f6873703fe5,12.018864631652832,18.079513549804688,0.22805990278720856,2027,331
a2cf80002cbf3b59eefe,12.018864631652832,18.079513549804688,0.22805990278720856,2027,332
ec10d46ed20579967ae2,7.481592655181885,0.037920691072940826,0.14285887777805328,2027,463
96b9b370ade7a60366fa,7.481592655181885,0.037920691072940826,0.14285887777805328,2027,464
7bde1bbf34aba54ccfef,7.481592655181885,0.037920691072940826,0.14285887777805328,2027,465
e9bdef57ef2c8ced88f0,7.481592655181885,0.037920691072940826,0.14285887777805328,2027,466
6553b9607d6093f257c7,7.481592655181885,0.037920691072940826,0.14285887777805328,2027,467
cb79e57eb461a7dcc59a,7.47724723815918,16.62421226501465,0.0993238165974617,2027,617
b3b38f7212d8649d9ac1,7.47724723815918,16.62421226501465,0.0993238165974617,2027,618
b7ebe910f1966ad518b8,9.993882179260254,19.51796531677246,0.21285781264305115,2027,357
6b8cc27068e5dd732d84,9.993882179260254,19.51796531677246,0.21285781264305115,2027,358
6c038b068572e879d531,9.993882179260254,19.51796531677246,0.21285781264305115,2027,359
130a4d6f3299791112ea,11.990019798278809,22.586999893188477,0.2968103289604187,2027,264
7f3a3fa577dc73897305,11.990019798278809,22.586999893188477,0.2968103289604187,2027,265
4e66505f5d66d4fe37b9,11.990019798278809,22.586999893188477,0.2968103289604187,2027,266
7be635a8cfd1e5ce0a07,11.990019798278809,22.586999893188477,0.2968103289604187,2027,267
a202794731bbb6368378,16.30787467956543,29.568695068359375,0.2217639833688736,2027,348
903811765ba61a8af2b7,16.30787467956543,29.568695068359375,0.2217639833688736,2027,349
6c99a9b10569a54b715f,16.83906364440918,30.198095321655273,0.0949416309595108,2027,631
b4351e5f05f6d477a6c0,26.40299415588379,47.832881927490234,0.35425740480422974,2027,213
2cc254396123c76b9a13,8.426691055297852,21.51432228088379,0.17624066770076752,2027,406
319e89d7000731f64e7f,8.426691055297852,21.51432228088379,0.17624066770076752,2027,407
ea004678fc850c759752,8.426691055297852,21.51432228088379,0.17624066770076752,2027,408
24a9086a8e2c8015c232,15.632675170898438,32.46345520019531,1.4802207946777344,2027,45
fc27fa779102c4aeb8ab,15.632675170898438,32.46345520019531,1.4802207946777344,2027,46
2d178efe0181baca2bd5,29.157365798950195,53.88823318481445,3.305802822113037,2027,11
a0e60bf98ee02562a8e1,4.639031887054443,3.0153262615203857,0.08246369659900665,2027,690
ccfdc194079950babd47,4.639031887054443,3.0153262615203857,0.08246369659900665,2027,691
985361f6699d97f9464f,20.214086532592773,36.399932861328125,0.13914966583251953,2027,481
62d7ea74ab73fa6214b4,20.214086532592773,36.399932861328125,0.13914966583251953,2027,482
beda2205eedbe1688e1f,21.092172622680664,38.6609992980957,0.0775766372680664,2027,715
c352863d9fa4a8645481,21.092172622680664,38.6609992980957,0.0775766372680664,2027,716
5e45395722fa0dcc1d00,21.092172622680664,38.6609992980957,0.0775766372680664,2027,717
8cc5dd51f0360e578ac3,14.710559844970703,27.0054874420166,0.10577371716499329,2027,593
53c1be5b96937954b9fa,14.710559844970703,27.0054874420166,0.10577371716499329,2027,594
6a39aff909ea35989c74,14.710559844970703,27.0054874420166,0.10577371716499329,2027,595
358461ff3742e78ea3b6,29.823646545410156,55.87886047363281,0.07138407230377197,2027,764
73502a52708e4f9c2391,29.823646545410156,55.87886047363281,0.07138407230377197,2027,765
bd2e9fee67bbba1155df,28.921911239624023,48.11361312866211,0.12583282589912415,2027,521
35f2be5f5aa14265e8a4,42.53017044067383,76.64623260498047,0.5287790298461914,2027,146
0f06772820e6693753e3,42.53017044067383,76.64623260498047,0.5287790298461914,2027,147
f0674071a9f7bce0703c,6.924816131591797,13.265257835388184,0.15009304881095886,2027,439
cd1a2b4fd666ce7b0b67,6.924816131591797,13.265257835388184,0.15009304881095886,2027,440
f25bc3a3b74471e14801,8.423848152160645,16.288164138793945,0.2921280860900879,2027,274
933bc87d8ae9186a7803,8.423848152160645,16.288164138793945,0.2921280860900879,2027,275
d86448c8f5aaa8ebcf7f,8.423848152160645,16.288164138793945,0.2921280860900879,2027,276
5ac4ef8dc89489d5dcd8,5.394855976104736,11.393389701843262,0.16945628821849823,2027,411
aa7294d697e91719da6e,5.394855976104736,11.393389701843262,0.16945628821849823,2027,412
2e095d9513ef4de0d6e8,5.394855976104736,11.393389701843262,0.16945628821849823,2027,413
eb6a058d4ee7f72a893c,5.858824253082275,11.030143737792969,0.15681129693984985,2027,432
8d1e5be2f85594850c79,5.858824253082275,11.030143737792969,0.15681129693984985,2027,433
fa81c4e1817366c902f3,5.858824253082275,11.030143737792969,0.15681129693984985,2027,434
6dde3c4535c931ca4092,7.4650444984436035,12.463719367980957,0.21345892548561096,2027,354
a3c817ff559d5c946cc8,7.4650444984436035,12.463719367980957,0.21345892548561096,2027,355
93ce299d2e2f5bf83250,7.4650444984436035,12.463719367980957,0.21345892548561096,2027,356
b38269af25220f62d607,9.050272941589355,14.639984130859375,0.2882208228111267,2027,277
4b4d079fa6b12df47a35,9.050272941589355,14.639984130859375,0.2882208228111267,2027,278
0be038db2251642c6862,9.050272941589355,14.639984130859375,0.2882208228111267,2027,279
a0fb13951a097b6a1516,10.230502128601074,17.1046199798584,0.43272921442985535,2027,171
8b0153f031bc52c2c1dd,10.230502128601074,17.1046199798584,0.43272921442985535,2027,172
376ba323d8d487f80cee,10.230502128601074,17.1046199798584,0.43272921442985535,2027,173
5bad82a6cffd60e7a6c9,11.251487731933594,19.549577713012695,0.616102397441864,2027,125
fd1d673cc647d6745303,11.251487731933594,19.549577713012695,0.616102397441864,2027,126
18aafc3a2522f8cc2983,11.251487731933594,19.549577713012695,0.616102397441864,2027,127
5a365a8ac825ce487db4,11.308201789855957,18.3878116607666,0.06044435128569603,2027,835
f6692bb42d91e0a11d81,11.308201789855957,18.3878116607666,0.06044435128569603,2027,836
97b105f90c11a10a2cac,12.912381172180176,21.56624412536621,0.09018714725971222,2027,656
c3add4f9b8eb5e002281,12.912381172180176,21.56624412536621,0.09018714725971222,2027,657
504e8e25f3a8b339a023,7.993040084838867,15.506949424743652,0.17702218890190125,2027,401
8748c66e5f0823e6a65e,7.993040084838867,15.506949424743652,0.17702218890190125,2027,402
d1e71a8278523e7a10e3,10.648118019104004,20.108896255493164,0.11768826842308044,2027,542
bea7a84fdcea344896f4,10.648118019104004,20.108896255493164,0.11768826842308044,2027,543
504cddc93fa258cac929,10.648118019104004,20.108896255493164,0.11768826842308044,2027,544
1ae3618ec277b0463686,32.82120132446289,68.227783203125,0.18300391733646393,2027,392
33ffc69a253a89f15995,32.82120132446289,68.227783203125,0.18300391733646393,2027,393
c5185bd663026c64c816,32.82120132446289,68.227783203125,0.18300391733646393,2027,394
e47aebe2660b9e1528de,51.31867980957031,96.26287841796875,0.9308598637580872,2027,82
9cd02352c2ed7a3e2321,51.31867980957031,96.26287841796875,0.9308598637580872,2027,83
222a68fc192f66c1c080,51.31867980957031,96.26287841796875,0.9308598637580872,2027,84
76435080f7632be26e64,13.021681785583496,31.303274154663086,0.12766598165035248,2027,513
e506c0353a9b601af9ac,13.021681785583496,31.303274154663086,0.12766598165035248,2027,514
477241eeda24d5f7e750,19.847177505493164,41.987430572509766,0.09391104429960251,2027,632
fde9781e6b15ffbe093f,19.847177505493164,41.987430572509766,0.09391104429960251,2027,633
d1fba30478d2e47ba5a1,19.847177505493164,41.987430572509766,0.09391104429960251,2027,634
9a58eec5ad3051be568a,10.851933479309082,20.537273406982422,0.08486127108335495,2027,681
777a87b895af5e6bc380,10.851933479309082,20.537273406982422,0.08486127108335495,2027,682
04a2e8ad27ca641a3a12,41.539241790771484,84.4837417602539,0.4204384982585907,2027,186
61b73b8065ae2ece22eb,41.539241790771484,84.4837417602539,0.4204384982585907,2027,187
23ef03f3e75e40b20095,58.503299713134766,106.85992431640625,0.15813933312892914,2027,429
c3eb276f59965c3608f1,25.739866256713867,41.645076751708984,0.07527613639831543,2027,738
5fd49a50595624496938,25.739866256713867,41.645076751708984,0.07527613639831543,2027,739
82d7243f61695e1b94cf,16.555639266967773,35.361751556396484,1.5791656970977783,2027,42
eceaa4f4139cde7ba166,16.555639266967773,35.361751556396484,1.5791656970977783,2027,43
8436939a2a6a91fa470d,16.555639266967773,35.361751556396484,1.5791656970977783,2027,44
434ffacb33eccce497c5,28.802335739135742,60.85231018066406,3.508755922317505,2027,8
74c8fcd8ac3f6caedcd2,28.802335739135742,60.85231018066406,3.508755922317505,2027,9
65f4f125b5e1f8137bd9,28.802335739135742,60.85231018066406,3.508755922317505,2027,10
7fb4f90753d40dd25be0,32.20004653930664,62.89866256713867,2.1357970237731934,2027,21
abca62b372239d49a61b,32.20004653930664,62.89866256713867,2.1357970237731934,2027,22
6f548d72f01fc85debdc,32.20004653930664,62.89866256713867,2.1357970237731934,2027,23
e84401538edd3a34ff69,6.853702545166016,16.505826950073242,0.06443056464195251,2027,814
3c43e519a9cf66b66ebc,6.853702545166016,16.505826950073242,0.06443056464195251,2027,815
a1ea7a9303a5fc7a7b0f,9.494227409362793,17.4925537109375,0.15530912578105927,2027,435
95a211366968c4cd1f0f,9.494227409362793,17.4925537109375,0.15530912578105927,2027,436
426ed16e4b39d346244b,9.494227409362793,17.4925537109375,0.15530912578105927,2027,437
994a1f65509549a84ede,15.499290466308594,29.912874221801758,0.10176362097263336,2027,607
067260cef0fb89f79291,15.499290466308594,29.912874221801758,0.10176362097263336,2027,608
f15b726ca5b4897ed80c,16.253822326660156,34.99104690551758,0.06568434089422226,2027,802
859ae738b615cf17b849,16.253822326660156,34.99104690551758,0.06568434089422226,2027,803
ade995be7166f2ff8236,8.118182182312012,11.185234069824219,0.11294574290513992,2027,564
aeaea32d8edd7e17b563,8.118182182312012,11.185234069824219,0.11294574290513992,2027,565
20fba6abcb872e421123,8.118182182312012,11.185234069824219,0.11294574290513992,2027,566
a1d9ec291feffecb4e6f,6.67432165145874,10.60645580291748,0.07275617122650146,2027,752
47064240165da3f6b2c8,6.67432165145874,10.60645580291748,0.07275617122650146,2027,753
ccb73f3fdf90cb132bc2,8.659762382507324,16.543672561645508,0.23612581193447113,2027,306
183e43f9452aa5b872ac,8.659762382507324,16.543672561645508,0.23612581193447113,2027,307
491446b4f7b8acf5b165,8.659762382507324,16.543672561645508,0.23612581193447113,2027,308
4fce6e1a422b4f54c601,7.453678131103516,21.32183074951172,0.06935684382915497,2027,779
c343983d41d51a6a66c3,7.453678131103516,21.32183074951172,0.06935684382915497,2027,780
fe7d7af2c919facfe5f5,15.724078178405762,46.340328216552734,0.2065332531929016,2027,366
9b1545dfa05c9439870b,15.724078178405762,46.340328216552734,0.2065332531929016,2027,367
c06e784aecc76cea9d63,15.724078178405762,46.340328216552734,0.2065332531929016,2027,368
1b4be0410f927930d56e,23.298370361328125,67.63174438476562,0.32125598192214966,2027,235
29b39881584c4fec1c58,23.298370361328125,67.63174438476562,0.32125598192214966,2027,236
13ba7659fc6b864608f8,31.286035537719727,87.36553192138672,0.09596221148967743,2027,619
bb586f37335be959683c,10.348193168640137,15.440327644348145,0.22178751230239868,2027,346
64dcd06dcdf3015f2c02,10.348193168640137,15.440327644348145,0.22178751230239868,2027,347
b577d6bed8e6ac503209,7.561448574066162,11.401663780212402,0.06514079123735428,2027,807
87814eeffb35c15f3f89,7.561448574066162,11.401663780212402,0.06514079123735428,2027,808
e7b3f786a783fb44ea83,7.561448574066162,11.401663780212402,0.06514079123735428,2027,809
f49d1b5c0b35dbe61bef,10.506233215332031,16.193777084350586,0.18539592623710632,2027,387
4a49effd313865c10fae,10.506233215332031,16.193777084350586,0.18539592623710632,2027,388
c59aaf828d07e3ef6649,5.238727569580078,8.426413536071777,0.09195220470428467,2027,639
1725cb0256c8ffcff22e,5.238727569580078,8.426413536071777,0.09195220470428467,2027,640
e09460619a9bf3a79cd4,5.238727569580078,8.426413536071777,0.09195220470428467,2027,641
619663c2b3ffb3a6c497,19.63010597229004,53.53178405761719,0.1060444712638855,2027,588
f42cc6b0f90fad5c1f7f,19.63010597229004,53.53178405761719,0.1060444712638855,2027,589
d7b688cd2da99329d657,19.63010597229004,53.53178405761719,0.1060444712638855,2027,590
d17626bc1e62c46d095f,8.90487003326416,18.631912231445312,0.23256845772266388,2027,313
e91adf33d8e63498e304,8.90487003326416,18.631912231445312,0.23256845772266388,2027,314
062e85da36395276eb89,8.90487003326416,18.631912231445312,0.23256845772266388,2027,315
f4ec546ae74a4b3888df,12.3826322555542,22.473846435546875,0.2637644410133362,2027,292
b4e38c1386009c8311ab,12.3826322555542,22.473846435546875,0.2637644410133362,2027,293
0cb4dac3d2afc696843b,12.3826322555542,22.473846435546875,0.2637644410133362,2027,294
539544adb51a91c9a465,17.219942092895508,31.537317276000977,0.20414191484451294,2027,370
54a23aa9aaa695bdc06b,17.219942092895508,31.537317276000977,0.20414191484451294,2027,371
2554340571aee1a00fef,7.916301250457764,15.59887981414795,0.18636786937713623,2027,382
93dec4e70431268ebbc3,7.916301250457764,15.59887981414795,0.18636786937713623,2027,383
368328d329ceec73c0ab,7.916301250457764,15.59887981414795,0.18636786937713623,2027,384
ebf38d80f4c5674cf120,5.9227824211120605,15.87138843536377,0.08894848823547363,2027,664
f1aa9023d49cdbe2d409,5.9227824211120605,15.87138843536377,0.08894848823547363,2027,665
f6c49d6bc4b677f17278,8.66117000579834,21.407007217407227,0.7451982498168945,2027,105
6defbf00ecb558b77d50,8.66117000579834,21.407007217407227,0.7451982498168945,2027,106
e0f2b47154fd134db700,8.66117000579834,21.407007217407227,0.7451982498168945,2027,107
d5234e966aa231be05e5,24.673784255981445,48.5260124206543,5.018970012664795,2027,1
252c027cf5a42b92c953,24.673784255981445,48.5260124206543,5.018970012664795,2027,2
89d752b5a7f7c8d0b91e,24.673784255981445,48.5260124206543,5.018970012664795,2027,3
70cba7a21b5a01fb8e73,29.556825637817383,64.73786163330078,4.926919937133789,2027,4
942b8fc9cf013acda52b,29.556825637817383,64.73786163330078,4.926919937133789,2027,5
e4202a81051e7245d311,8.22659683227539,13.712368965148926,0.45721882581710815,2027,162
d83038f8278f7c0745ee,8.22659683227539,13.712368965148926,0.45721882581710815,2027,163
9aa141b690ed5878facd,8.22659683227539,13.712368965148926,0.45721882581710815,2027,164
59bbda2fab97a5d45827,8.3157377243042,14.01361083984375,0.7966078519821167,2027,93
23dcf709250c2a40f363,8.3157377243042,14.01361083984375,0.7966078519821167,2027,94
702ba575d6a3442b9a3b,8.02383804321289,13.474967956542969,0.09142448008060455,2027,642
2e181a70e997f2b6d728,8.02383804321289,13.474967956542969,0.09142448008060455,2027,643
e83cbe662d2235b30b7e,8.02383804321289,13.474967956542969,0.09142448008060455,2027,644
f7f0c7d2b8250e0e304f,12.409295082092285,21.4364013671875,0.059067144989967346,2027,840
c5b88ffca991e883ab64,12.409295082092285,21.4364013671875,0.059067144989967346,2027,841
cdc8c1db00222994a1aa,14.308059692382812,25.004560470581055,0.13384220004081726,2027,497
0d588f7534b7a34cb10a,14.308059692382812,25.004560470581055,0.13384220004081726,2027,498
15d8f95d4b819c97c0d5,8.348392486572266,12.277701377868652,0.14256669580936432,2027,468
027b7d451aac1352bf4d,8.348392486572266,12.277701377868652,0.14256669580936432,2027,469
91cfc8dea2bbc442bd64,8.348392486572266,12.277701377868652,0.14256669580936432,2027,470
a6a0a963d4846bf4e4b9,11.159161567687988,20.15751075744629,0.13801279664039612,2027,488
235263d562c30a614801,11.159161567687988,20.15751075744629,0.13801279664039612,2027,489
64183c43d0683f720535,11.159161567687988,20.15751075744629,0.13801279664039612,2027,490
e2364c2febf76c017308,13.179659843444824,22.85795783996582,0.07926672697067261,2027,705
1a53d7b807a4a60e963e,13.179659843444824,22.85795783996582,0.07926672697067261,2027,706
8cdde884333140be60cb,23.18770408630371,39.07696533203125,0.146230548620224,2027,450
cf5c7a2e1940e3c09dd5,23.18770408630371,39.07696533203125,0.146230548620224,2027,451
1ac98da1ee548520f15b,10.191876411437988,2.458311080932617,0.39002877473831177,2027,193
59192e4170140e48acdd,6.880256652832031,12.43262767791748,0.07590170949697495,2027,736
3b41addf80b8138137db,9.049492835998535,16.49342918395996,0.06463847309350967,2027,810
9477a123ce00501a8d98,9.049492835998535,16.49342918395996,0.06463847309350967,2027,811
65e1a58ab8e4aa2f1eb6,9.049492835998535,16.49342918395996,0.06463847309350967,2027,812
fc452a2ea628a6c49dee,16.233930587768555,26.527151107788086,0.06862125545740128,2027,784
c86b03e1b275528444a6,16.233930587768555,26.527151107788086,0.06862125545740128,2027,785
a1a20c44f0f897b9626c,16.233930587768555,26.527151107788086,0.06862125545740128,2027,786
98dd7f94e58da879b609,7.676174163818359,4.137222766876221,0.3172605335712433,2027,242
72113bad4beb4e7b8852,7.676174163818359,4.137222766876221,0.3172605335712433,2027,243
66454b90cefcad2e4125,7.676174163818359,4.137222766876221,0.3172605335712433,2027,244
cd3c75eca39365e943e4,11.56130599975586,30.82166290283203,0.587073802947998,2027,131
27f29e20ad7b3f90539d,11.56130599975586,30.82166290283203,0.587073802947998,2027,132
c11cd3254f56bcefba08,12.522465705871582,25.488000869750977,0.6172513365745544,2027,122
f2a71cf81760d14bc8cf,12.522465705871582,25.488000869750977,0.6172513365745544,2027,123
b74e52e34e191277dd69,12.522465705871582,25.488000869750977,0.6172513365745544,2027,124
ce2b3297b07008700156,15.459166526794434,27.82237434387207,0.6522738933563232,2027,119
e6bb62e22d0626fdef09,15.459166526794434,27.82237434387207,0.6522738933563232,2027,120
70128b3aa68fb18aa17c,15.459166526794434,27.82237434387207,0.6522738933563232,2027,121
4cacfd98f3f85dc0dc0e,17.77726936340332,32.36619567871094,1.1562849283218384,2027,70
2a14de0306254a123d5d,17.77726936340332,32.36619567871094,1.1562849283218384,2027,71
cab3569f3fc4029f86a0,17.77726936340332,32.36619567871094,1.1562849283218384,2027,72
8fa8d7ec035c6a829dc4,19.970190048217773,37.0333137512207,1.8565593957901,2027,33
ff8fce8e929a75d6fb8d,19.970190048217773,37.0333137512207,1.8565593957901,2027,34
ce9886eee330bc401615,19.970190048217773,37.0333137512207,1.8565593957901,2027,35
18027828dc8e021e6926,7.172988414764404,0.0008218833245337009,0.06233793869614601,2027,820
dd12114cad5ecbbef4df,7.172988414764404,0.0008218833245337009,0.06233793869614601,2027,821
a9aa61b1ba22e0c6cdbe,7.172988414764404,0.0008218833245337009,0.06233793869614601,2027,822
071fc2962498be2a0922,9.537826538085938,19.06902313232422,0.35959869623184204,2027,205
0bdf4a7ec97a56adeb40,9.537826538085938,19.06902313232422,0.35959869623184204,2027,206
4d941530620130751e91,9.537826538085938,19.06902313232422,0.35959869623184204,2027,207
538a434017b0e099f054,12.755696296691895,25.93768882751465,1.185293197631836,2027,68
d6b28f60f89677468590,12.755696296691895,25.93768882751465,1.185293197631836,2027,69
81506810413492ce89ec,15.504244804382324,31.474084854125977,1.911900520324707,2027,30
6cfbe3ab4c27733a07b6,15.504244804382324,31.474084854125977,1.911900520324707,2027,31
3f51f959f0d663b61716,15.504244804382324,31.474084854125977,1.911900520324707,2027,32
d01d365af220241485ec,18.289918899536133,36.958011627197266,2.6444597244262695,2027,12
946f712a81f3990f568f,18.289918899536133,36.958011627197266,2.6444597244262695,2027,13
fdf997fba3a74c11f802,18.289918899536133,36.958011627197266,2.6444597244262695,2027,14
68c511d842fc030aa84b,9.313064575195312,0.8193009495735168,0.10513435304164886,2027,599
d997636736faa38ac83a,9.313064575195312,0.8193009495735168,0.10513435304164886,2027,600
8e17cb06a37c48cc9ab5,9.313064575195312,0.8193009495735168,0.10513435304164886,2027,601
571dc7d7b903eed7cdf6,4.77889347076416,11.860718727111816,0.07761166989803314,2027,712
c1050421bf89c585cb4c,4.77889347076416,11.860718727111816,0.07761166989803314,2027,713
48094ec5355600d7a0fa,4.77889347076416,11.860718727111816,0.07761166989803314,2027,714
2f1ff409bb879ae9f62b,5.803741931915283,14.875208854675293,0.16506510972976685,2027,423
ef04e37e6ef5b90e7ffd,5.803741931915283,14.875208854675293,0.16506510972976685,2027,424
75c96505f7b6b907aadf,7.017776012420654,0.0026578709948807955,0.08499929308891296,2027,680
a595d5f1882c39914392,7.076222896575928,12.990900993347168,0.07014960795640945,2027,766
9a60cb4735780275034e,7.076222896575928,12.990900993347168,0.07014960795640945,2027,767
97297c71a28a2ccbdeeb,7.076222896575928,12.990900993347168,0.07014960795640945,2027,768
6d21e9ec887b3408c612,9.943263053894043,20.295495986938477,0.21178005635738373,2027,360
304fb0fdb486ae4b7a07,9.943263053894043,20.295495986938477,0.21178005635738373,2027,361
906bd247e050658f99d8,9.943263053894043,20.295495986938477,0.21178005635738373,2027,362
b19ee2b7d074ea824b0a,7.836511611938477,11.323257446289062,0.0798250287771225,2027,700
1f21033e56ca247448e2,7.836511611938477,11.323257446289062,0.0798250287771225,2027,701
513b3a56de5558e0b2ce,7.836511611938477,11.323257446289062,0.0798250287771225,2027,702
d1c43590b9e0a99ce3b8,15.816605567932129,30.130157470703125,0.08118278533220291,2027,694
98f7b4e7c44ba0532e85,15.816605567932129,30.130157470703125,0.08118278533220291,2027,695
2c843c0ebe8a201b2da1,15.816605567932129,30.130157470703125,0.08118278533220291,2027,696
a5b35b440a2cb03e25cd,12.102238655090332,31.19477653503418,0.11064888536930084,2027,570
07a069e105eb7739bf7e,12.102238655090332,31.19477653503418,0.11064888536930084,2027,571
91e70a0637e1cf87257b,12.102238655090332,31.19477653503418,0.11064888536930084,2027,572
5f02dc3c13f7f2daed32,23.35325050354004,54.44590759277344,1.1887433528900146,2027,62
5ba8cead5a790ba93029,23.35325050354004,54.44590759277344,1.1887433528900146,2027,63
e82a87ee526fdd9b1e8d,23.35325050354004,54.44590759277344,1.1887433528900146,2027,64
ab887fd709fc1dc0d59b,11.449539184570312,26.497098922729492,0.4615322947502136,2027,159
a64d40ac128465d2bb6f,11.449539184570312,26.497098922729492,0.4615322947502136,2027,160
e1820b06a1bf3612ff8c,11.449539184570312,26.497098922729492,0.4615322947502136,2027,161
a15744dbeb99bc224e40,19.2252197265625,39.78970718383789,0.06458663195371628,2027,813
8b9ff1a26d840aaa6a49,35.88956069946289,66.90279388427734,0.2591322362422943,2027,297
c973d4c257be9ef08216,9.278871536254883,20.363744735717773,0.10120851546525955,2027,612
91b6bda771851a5c78ac,9.278871536254883,20.363744735717773,0.10120851546525955,2027,613
7954bf73f74c7fbcecb2,21.437545776367188,38.93605422973633,0.4535541832447052,2027,167
48853fd78c77153b963a,21.437545776367188,38.93605422973633,0.4535541832447052,2027,168
e8f592c469b2f3c136d8,21.437545776367188,38.93605422973633,0.4535541832447052,2027,169
a5446977630484ca5fe1,14.420138359069824,24.156553268432617,0.11895523965358734,2027,539
716d04ed1943f0708912,14.420138359069824,24.156553268432617,0.11895523965358734,2027,540
f9f0f4e29dbd30c000ee,14.420138359069824,24.156553268432617,0.11895523965358734,2027,541
f433bc672465387d951a,17.050403594970703,31.684417724609375,0.39423668384552,2027,190
75232f4ee5de52a0499e,17.050403594970703,31.684417724609375,0.39423668384552,2027,191
d05a91dc8e32e9edd7d0,17.050403594970703,31.684417724609375,0.39423668384552,2027,192
3e69cf586f3eb0f0fa8c,11.55848217010498,35.81361770629883,0.10564178228378296,2027,596
6ae922f63e983b14e320,11.55848217010498,35.81361770629883,0.10564178228378296,2027,597
0a79a24271d119590ae6,11.55848217010498,35.81361770629883,0.10564178228378296,2027,598
a01a137fa48c1391b9e7,24.386322021484375,55.197452545166016,0.11678394675254822,2027,545
c08c4700ae34281b3318,24.386322021484375,55.197452545166016,0.11678394675254822,2027,546
df6457ca86c98c073bf6,24.386322021484375,55.197452545166016,0.11678394675254822,2027,547
a5f9179bfb146ad70953,45.3206672668457,91.085205078125,0.23045916855335236,2027,318
c28747d70e7b51a1cc95,45.3206672668457,91.085205078125,0.23045916855335236,2027,319
b85305d91a9e7cfa6005,45.3206672668457,91.085205078125,0.23045916855335236,2027,320
093976ba4eab5c49c742,13.298441886901855,22.62132453918457,1.044316053390503,2027,76
84d88494c6db5c1688d3,13.298441886901855,22.62132453918457,1.044316053390503,2027,77
ba56f0e652a97bcee1b2,13.298441886901855,22.62132453918457,1.044316053390503,2027,78
832eaa9c6b2f7a68f2a5,25.61566925048828,41.107635498046875,2.526756763458252,2027,15
c6159dcb5802e62284d1,25.61566925048828,41.107635498046875,2.526756763458252,2027,16
a47a3987d45e7c542d38,25.61566925048828,41.107635498046875,2.526756763458252,2027,17
544e9bf9588be765ad82,7.892815113067627,22.0801944732666,0.08112845569849014,2027,697
32f34638e41ffc962cfc,7.892815113067627,22.0801944732666,0.08112845569849014,2027,698
45bb99d82b5875a5c5b6,7.892815113067627,22.0801944732666,0.08112845569849014,2027,699
65f6e8326897810ec715,14.993542671203613,37.57167434692383,0.13530400395393372,2027,492
488727f2d41859d1ac45,30.30914306640625,59.19221115112305,0.1444288194179535,2027,452
b6f1b33a5491968c645e,54.38929748535156,101.1088638305664,0.09498815983533859,2027,630
c70b471334f9747d6f98,9.008566856384277,18.62331199645996,0.12786689400672913,2027,510
3ccd6444c8a55917fbf8,9.008566856384277,18.62331199645996,0.12786689400672913,2027,511
9bc73e0c27d4d6b44abb,9.008566856384277,18.62331199645996,0.12786689400672913,2027,512
5580a36d869fbaf15a47,8.937728881835938,20.228342056274414,0.09552764892578125,2027,623
c98657e16e93ef4ede6b,8.937728881835938,20.228342056274414,0.09552764892578125,2027,624
b7e9adfdbe7f57bf526f,8.937728881835938,20.228342056274414,0.09552764892578125,2027,625
471287eecf7b94603e9e,13.408503532409668,28.3855037689209,0.2342420369386673,2027,310
fc911fe23a3e1e8e87d2,13.408503532409668,28.3855037689209,0.2342420369386673,2027,311
9f3b75bc3a2c4004a893,13.408503532409668,28.3855037689209,0.2342420369386673,2027,312
1150272392a90f36db05,6.082134246826172,14.51263427734375,0.12986013293266296,2027,507
bd3f212c1910e0de6b6e,6.082134246826172,14.51263427734375,0.12986013293266296,2027,508
bc62be727bf6ded3d86e,6.082134246826172,14.51263427734375,0.12986013293266296,2027,509
e9e7a737df389d5fcc13,7.062918186187744,18.095914840698242,0.2539958357810974,2027,298
457b3def1714039eadb3,7.062918186187744,18.095914840698242,0.2539958357810974,2027,299
60f6bc343299a27882d2,7.062918186187744,18.095914840698242,0.2539958357810974,2027,300
5a7a5139767fda9f7e9a,9.409174919128418,24.153467178344727,0.31960779428482056,2027,237
0b8c6c59ae5e24b420e5,9.409174919128418,24.153467178344727,0.31960779428482056,2027,238
b66aa101a244885dd587,9.409174919128418,24.153467178344727,0.31960779428482056,2027,239
95d1d257dfea69f178f8,12.845463752746582,32.563140869140625,0.33022162318229675,2027,231
59ce141f6f9f30603132,20.81996726989746,42.16658401489258,0.22351956367492676,2027,336
822acada514c54d41f68,20.81996726989746,42.16658401489258,0.22351956367492676,2027,337
bef8e35136c28810eb6b,20.81996726989746,42.16658401489258,0.22351956367492676,2027,338
c9e08e156472783dee4e,7.759127140045166,21.137123107910156,0.1134510487318039,2027,561
7ad898a193c20e7a329c,7.759127140045166,21.137123107910156,0.1134510487318039,2027,562
b5aa0bae2967975bdf4b,7.759127140045166,21.137123107910156,0.1134510487318039,2027,563
db26f51c86dc787ac633,13.707783699035645,30.838228225708008,0.7303609848022461,2027,108
19c8831adeb5f3e2fcd5,13.707783699035645,30.838228225708008,0.7303609848022461,2027,109
204c95299f49a2bcdb61,13.707783699035645,30.838228225708008,0.7303609848022461,2027,110
486e498e45d084ced568,20.597946166992188,43.38595199584961,1.9574657678604126,2027,24
76b4150b436d217e5b3e,20.597946166992188,43.38595199584961,1.9574657678604126,2027,25
e009f41aa23d4c7b3fff,20.597946166992188,43.38595199584961,1.9574657678604126,2027,26
5442611ea6789d42bc86,13.82007884979248,41.77426528930664,0.16597142815589905,2027,420
ce14dd2481560a984aea,13.82007884979248,41.77426528930664,0.16597142815589905,2027,421
aef5cafc63ca445e92fa,13.82007884979248,41.77426528930664,0.16597142815589905,2027,422
aa43fe84c0d8c825fe58,37.385650634765625,88.37052154541016,1.1251322031021118,2027,73
5e276c1730fc0a9deba7,37.385650634765625,88.37052154541016,1.1251322031021118,2027,74
5b706e17e8412d02342f,69.02743530273438,147.3330535888672,0.5397580862045288,2027,143
4862e2fb71344ce16021,69.02743530273438,147.3330535888672,0.5397580862045288,2027,144
b514312eda7950cdcf1c,69.02743530273438,147.3330535888672,0.5397580862045288,2027,145
90e23af4d5769cd8b21a,4.897085666656494,15.505484580993652,0.06929392367601395,2027,781
ece04d0c0a926ed06e11,4.897085666656494,15.505484580993652,0.06929392367601395,2027,782
87feacbcbae05abe90a8,4.897085666656494,15.505484580993652,0.06929392367601395,2027,783
78c0a2cff75a69f56f26,12.102238655090332,31.19477653503418,0.11064888536930084,2027,573
6f3318dd8909f20a1177,12.102238655090332,31.19477653503418,0.11064888536930084,2027,574
89cd51ad92ae6285b501,12.102238655090332,31.19477653503418,0.11064888536930084,2027,575
5e5b7c697bc0c268b288,23.35325050354004,54.44590759277344,1.1887433528900146,2027,65
b8abc8f40545556f07e0,23.35325050354004,54.44590759277344,1.1887433528900146,2027,66
8db24ae10df4095ada47,23.35325050354004,54.44590759277344,1.1887433528900146,2027,67
a1dc71bed9d8f372c9e5,22.889549255371094,54.67551040649414,0.07977086305618286,2027,703
59b54ad3a60a52cc2b2c,22.889549255371094,54.67551040649414,0.07977086305618286,2027,704
a17bcdddcf0799baeee2,57.31612014770508,120.1868667602539,0.14887958765029907,2027,442
58669c7a3953b668d2e1,6.690225124359131,2.2851977348327637,0.114230215549469,2027,555
fd5fa962575144327bf4,6.690225124359131,2.2851977348327637,0.114230215549469,2027,556
f9a0fbbcf2f61d3843a5,6.690225124359131,2.2851977348327637,0.114230215549469,2027,557
36d971e3231c54486d05,14.297660827636719,44.9269905090332,0.3822939395904541,2027,200
ad833f34f6b91872362d,27.94881248474121,85.33577728271484,0.059913694858551025,2027,837
b4e0e9dc92fca2c88b90,27.94881248474121,85.33577728271484,0.059913694858551025,2027,838
fe66b2381d33aa2ea3a8,27.94881248474121,85.33577728271484,0.059913694858551025,2027,839
5258960e057b56ed51f8,6.35209846496582,2.2109639644622803,0.10877197980880737,2027,577
247846e36e9c012df30f,6.35209846496582,2.2109639644622803,0.10877197980880737,2027,578
5a6c740e9306a2ffd60a,6.35209846496582,2.2109639644622803,0.10877197980880737,2027,579
e12edd0198c0d750ecd5,13.583674430847168,42.86476516723633,0.4060216546058655,2027,188
53a1acff30433cff819f,13.583674430847168,42.86476516723633,0.4060216546058655,2027,189
b0802294da4fd71d0f9d,8.801843643188477,28.821989059448242,0.1857091784477234,2027,385
bae9d67e095423d8edd2,8.801843643188477,28.821989059448242,0.1857091784477234,2027,386
d38814bd9947297635d0,5.211996078491211,13.413975715637207,0.17787113785743713,2027,395
2d389074e8eee38a47d4,5.211996078491211,13.413975715637207,0.17787113785743713,2027,396
d9229993cd394b0710b4,5.211996078491211,13.413975715637207,0.17787113785743713,2027,397
9139c55b31e4e4b0e062,6.965641021728516,14.101669311523438,0.12093517184257507,2027,535
d11074f9c4f74061ba15,6.965641021728516,14.101669311523438,0.12093517184257507,2027,536
ce58f28250c053410654,6.965641021728516,14.101669311523438,0.12093517184257507,2027,537
b579bb037defe81a2b27,11.431640625,16.08490562438965,0.23049893975257874,2027,316
741e52b1633ebf2743f3,11.431640625,16.08490562438965,0.23049893975257874,2027,317
9ddc2e8babb52ee8e772,9.268654823303223,17.28175926208496,0.19388210773468018,2027,375
b060fa3ae84f80e773d2,9.268654823303223,17.28175926208496,0.19388210773468018,2027,376
f82cfd3b57735b0ead3c,8.638426780700684,19.67272186279297,0.33643418550491333,2027,225
714004602e6452764d9a,8.638426780700684,19.67272186279297,0.33643418550491333,2027,226
6bd128bde2e137ea54f3,8.638426780700684,19.67272186279297,0.33643418550491333,2027,227
aa83ae83c0fa0cc37777,12.101040840148926,29.402551651000977,1.0484776496887207,2027,75
ae2d789b6363657d3181,9.488500595092773,18.967790603637695,0.08593963086605072,2027,674
cea0d1e24499911eed47,9.488500595092773,18.967790603637695,0.08593963086605072,2027,675
6cca869130d41273d6b5,9.488500595092773,18.967790603637695,0.08593963086605072,2027,676
27427ea5fe0b9eafb94a,14.951194763183594,26.092710494995117,0.6791590452194214,2027,117
0da0c1a34a53c41e368a,14.951194763183594,26.092710494995117,0.6791590452194214,2027,118
199cdd47b9f05e12aaa1,23.109487533569336,38.11099624633789,1.5927050113677979,2027,39
b4877b0011db295949d5,23.109487533569336,38.11099624633789,1.5927050113677979,2027,40
0ca8af12f55d34f0dfd9,23.109487533569336,38.11099624633789,1.5927050113677979,2027,41
eed75e5b0d9c27fa754c,19.81010627746582,37.98247146606445,0.5987718105316162,2027,128
690924276beda2d5e719,19.81010627746582,37.98247146606445,0.5987718105316162,2027,129
6d54149d618f026681ef,19.81010627746582,37.98247146606445,0.5987718105316162,2027,130
810b16f35a3a86f451ce,36.097572326660156,62.90299606323242,1.3693890571594238,2027,47
b7cbf8a3f54b6d586198,36.097572326660156,62.90299606323242,1.3693890571594238,2027,48
8a4623d640cc619f2639,36.097572326660156,62.90299606323242,1.3693890571594238,2027,49
2afa724a60f596feafb1,8.468453407287598,20.246063232421875,0.21120694279670715,2027,363
87ada91b7803cfd9f767,8.468453407287598,20.246063232421875,0.21120694279670715,2027,364
a4d269310b605d198465,8.468453407287598,20.246063232421875,0.21120694279670715,2027,365
6c79b254471fec29c482,14.14471435546875,30.017112731933594,0.11395403742790222,2027,558
b3f456e3c4a350277eaa,14.14471435546875,30.017112731933594,0.11395403742790222,2027,559
b40d8c452de81f2360b9,14.14471435546875,30.017112731933594,0.11395403742790222,2027,560
3cd0aa35793392d15513,28.108556747436523,53.802005767822266,0.9098160266876221,2027,85
752c884154a739045315,28.108556747436523,53.802005767822266,0.9098160266876221,2027,86
4d3dddb7f2bd6bdeb5ea,28.108556747436523,53.802005767822266,0.9098160266876221,2027,87
c80022254967f6a925f3,42.91996383666992,80.93042755126953,1.9405046701431274,2027,27
25fcfe22a4504f391482,42.91996383666992,80.93042755126953,1.9405046701431274,2027,28
67fa39740fcf946a3154,42.91996383666992,80.93042755126953,1.9405046701431274,2027,29
4a565c53862a9a8c3de3,6.454564571380615,13.180797576904297,0.10805843770503998,2027,582
a078de17bee0be4edb9a,6.454564571380615,13.180797576904297,0.10805843770503998,2027,583
7835a90463543f061bd7,6.454564571380615,13.180797576904297,0.10805843770503998,2027,584
2cc7c8ae52cdb25ca284,13.580379486083984,24.02463722229004,0.14405488967895508,2027,454
989b2145455d703d3b6d,13.580379486083984,24.02463722229004,0.14405488967895508,2027,455
64c9e190e213bb061867,13.580379486083984,24.02463722229004,0.14405488967895508,2027,456
87265e4a49086b6ac4eb,21.366111755371094,33.8459358215332,0.3078711926937103,2027,252
10ea0c665f5ba7c91bbf,21.366111755371094,33.8459358215332,0.3078711926937103,2027,253
0655d71fcec0d1c3c73f,21.366111755371094,33.8459358215332,0.3078711926937103,2027,254
3163a9b58f1a52a1992c,30.40227699279785,47.72101974487305,0.23513463139533997,2027,309
84a50941febef9dc2c8f,7.489115238189697,11.313709259033203,0.12155047059059143,2027,532
618acf9d7f5c9ed075eb,7.489115238189697,11.313709259033203,0.12155047059059143,2027,533
69e5210bdf6ccaba2d52,7.489115238189697,11.313709259033203,0.12155047059059143,2027,534
64f99f02d02cc2d0791d,10.293075561523438,22.38724708557129,0.4856659471988678,2027,157
31232902f2b6f3a67c60,10.293075561523438,22.38724708557129,0.4856659471988678,2027,158
6a4e95d2a3cca31094a1,19.038042068481445,47.54795455932617,1.340820074081421,2027,52
0460dfc4e1747f0fc92c,19.038042068481445,47.54795455932617,1.340820074081421,2027,53
22f82413c75481d74e9b,19.038042068481445,47.54795455932617,1.340820074081421,2027,54
29db30571b2a1ae59cc7,35.68879699707031,86.65081787109375,0.5452678203582764,2027,141
855832bd4005ac7abdc6,35.68879699707031,86.65081787109375,0.5452678203582764,2027,142
96710afeabc594baa359,41.08415222167969,87.52339935302734,0.7840450406074524,2027,96
c76d0420b34df595c0c9,41.08415222167969,87.52339935302734,0.7840450406074524,2027,97
1965d663b09320f566a5,4.78179407119751,16.079442977905273,0.14659421145915985,2027,447
c59ffcab9329339d3e91,4.78179407119751,16.079442977905273,0.14659421145915985,2027,448
40b5d3fdb9b234c05be5,4.78179407119751,16.079442977905273,0.14659421145915985,2027,449
af0f017d8214d08aa24f,6.955159664154053,11.537030220031738,0.06518121808767319,2027,804
825a7ebe0905718755c4,6.955159664154053,11.537030220031738,0.06518121808767319,2027,805
de76e09158de78efb2d8,6.955159664154053,11.537030220031738,0.06518121808767319,2027,806
09b222eabddb5c300af9,8.250732421875,19.238161087036133,0.1266424059867859,2027,515
07f6d8c342b66a49bb4e,8.250732421875,19.238161087036133,0.1266424059867859,2027,516
8e0b5e430c52b11e3c3f,8.250732421875,19.238161087036133,0.1266424059867859,2027,517
18eb8ff2b9699bbdb4f1,18.312244415283203,34.76933288574219,0.7275277972221375,2027,111
ede97e1f4b6e7fe9a7eb,18.312244415283203,34.76933288574219,0.7275277972221375,2027,112
8d79808de7b5a47aefcd,18.312244415283203,34.76933288574219,0.7275277972221375,2027,113
dbbaf7572643228cf3aa,8.722092628479004,18.255552291870117,0.13209229707717896,2027,500
b10935e1e299a91c24c3,8.722092628479004,18.255552291870117,0.13209229707717896,2027,501
636491dd3f00eef5ba6f,8.722092628479004,18.255552291870117,0.13209229707717896,2027,502
7c0c324643799c918828,8.798956871032715,18.603559494018555,0.09375131130218506,2027,635
13bfaf03c35b4cff3bd5,8.798956871032715,18.603559494018555,0.09375131130218506,2027,636
a6145bb0c9947f9515df,17.843154907226562,32.34228515625,0.421997994184494,2027,176
614873124b33029a924c,17.843154907226562,32.34228515625,0.421997994184494,2027,177
cdf40bcb3f4392f8d7d1,17.843154907226562,32.34228515625,0.421997994184494,2027,178
b7cf293311f83700cd9a,23.209218978881836,45.88917922973633,0.35136842727661133,2027,214
d737499ef6500d57b008,12.150416374206543,26.911514282226562,0.1590789556503296,2027,427
13f4ada439a309a538b8,20.011627197265625,42.235599517822266,0.38573896884918213,2027,195
105457e008d11073c7b7,20.011627197265625,42.235599517822266,0.38573896884918213,2027,196
c7e762106a9ec0d9ea75,20.011627197265625,42.235599517822266,0.38573896884918213,2027,197
41bda518b4b1e6fe001d,12.036986351013184,26.90213966369629,0.058917202055454254,2027,842
2d55c475fcf1f4ced2d2,12.036986351013184,26.90213966369629,0.058917202055454254,2027,843
425fe9dfe0c3f345460b,16.14447021484375,31.950103759765625,0.3328734040260315,2027,228
a44a22945d76c02aa6a7,16.14447021484375,31.950103759765625,0.3328734040260315,2027,229
c65ac14ffed8749381c1,16.14447021484375,31.950103759765625,0.3328734040260315,2027,230
2b97a1e0a6a4b944b760,25.615333557128906,49.192718505859375,1.258124589920044,2027,59
61771d230b285babe4b6,25.615333557128906,49.192718505859375,1.258124589920044,2027,60
eb3bc3fba39e57adbc2f,25.615333557128906,49.192718505859375,1.258124589920044,2027,61
c4bb286978fe9078a303,12.2887601852417,20.050695419311523,0.10001245886087418,2027,614
9e3f598e00375ec93d9b,12.2887601852417,20.050695419311523,0.10001245886087418,2027,615
ca467c94f14b2219503e,12.2887601852417,20.050695419311523,0.10001245886087418,2027,616
6cb3e71e2f29850f39da,6.95103120803833,14.59681224822998,0.06274867057800293,2027,817
900d4b75e31a9c391f1c,6.95103120803833,14.59681224822998,0.06274867057800293,2027,818
ab88b5f07e838ab10208,6.95103120803833,14.59681224822998,0.06274867057800293,2027,819
c5e5da5ea14a92dd18ac,8.711669921875,18.343263626098633,0.2232513427734375,2027,339
b9529a88ac5b822de9c4,8.711669921875,18.343263626098633,0.2232513427734375,2027,340
48dba5c341ba12a96231,8.711669921875,18.343263626098633,0.2232513427734375,2027,341
25099bfb713642a2e7fe,11.033485412597656,22.44355583190918,0.3659842610359192,2027,201
4652c3623ae34566eb82,6.714049816131592,11.733315467834473,0.0685100182890892,2027,788
180dce7b015d7ed8031e,6.714049816131592,11.733315467834473,0.0685100182890892,2027,789
95c38850fe1789c7efcc,7.438804626464844,16.0533447265625,0.08457206934690475,2027,683
806f355d8f9a30294e51,7.438804626464844,16.0533447265625,0.08457206934690475,2027,684
3d473593f8a917401398,7.438804626464844,16.0533447265625,0.08457206934690475,2027,685
066b241758142e7a7356,6.865234375,16.977081298828125,0.08643762767314911,2027,670
6fa263d170d8271be944,6.865234375,16.977081298828125,0.08643762767314911,2027,671
309eeb173ec41ccb2df6,6.865234375,16.977081298828125,0.08643762767314911,2027,672
fe80387e23f7c4a6c3d2,8.580464363098145,19.616683959960938,0.2982187867164612,2027,261
7b6f484416c9d0e2004e,8.580464363098145,19.616683959960938,0.2982187867164612,2027,262
6e76d05ababecc4be573,8.580464363098145,19.616683959960938,0.2982187867164612,2027,263
42858a5819b8eb812861,10.598003387451172,22.84571075439453,0.6953141689300537,2027,114
279654c9a255466c0dfa,10.598003387451172,22.84571075439453,0.6953141689300537,2027,115
cfaabf6bb144f1603460,10.598003387451172,22.84571075439453,0.6953141689300537,2027,116
aafc5710406e440a4c8f,10.8226900100708,24.084381103515625,0.07268834114074707,2027,754
04c495d5b53e3b1bceb7,10.8226900100708,24.084381103515625,0.07268834114074707,2027,755
3ae1262572c1d989fe91,10.8226900100708,24.084381103515625,0.07268834114074707,2027,756
39963f2ef0f22d86beed,12.486637115478516,29.434707641601562,0.1404358297586441,2027,475
c023e9fab656fe2ce6a6,12.486637115478516,29.434707641601562,0.1404358297586441,2027,476
014a5a6687748dfc0ebf,12.486637115478516,29.434707641601562,0.1404358297586441,2027,477
6b8fefaf0647d2239858,16.142333984375,38.9958610534668,0.32909390330314636,2027,232
68a01853008546de06a1,16.142333984375,38.9958610534668,0.32909390330314636,2027,233
0296d31e8c2e55602a19,16.142333984375,38.9958610534668,0.32909390330314636,2027,234
751b439cc6f7eaa3bdc8,7.179023742675781,14.335055351257324,0.08209972828626633,2027,692
186ff43c8f3dcf2ed444,7.179023742675781,14.335055351257324,0.08209972828626633,2027,693
912c3bd62a46978c8a22,4.462619781494141,16.740060806274414,0.10842964798212051,2027,580
e5ed03aa8e15ca165b73,4.462619781494141,16.740060806274414,0.10842964798212051,2027,581
26bf23b00a71858e89ac,5.103001117706299,18.04981231689453,0.27682220935821533,2027,289
9b63440194c1907efecf,5.103001117706299,18.04981231689453,0.27682220935821533,2027,290
16cee53cbe16b60fb395,5.103001117706299,18.04981231689453,0.27682220935821533,2027,291
43d0ea8af460a7ac5934,4.429934024810791,17.036462783813477,0.06738059222698212,2027,795
fc14674e86364aa7b0fb,4.429934024810791,17.036462783813477,0.06738059222698212,2027,796
6b6145a0e01f7925a8fa,4.429934024810791,17.036462783813477,0.06738059222698212,2027,797
d25f0f076234ccfb1916,4.821691036224365,18.671676635742188,0.13959044218063354,2027,478
e437adb333e7b4f4021c,4.821691036224365,18.671676635742188,0.13959044218063354,2027,479
002ce3d7c637632f0ebe,4.821691036224365,18.671676635742188,0.13959044218063354,2027,480
8ab3606b0d15babbd1c7,5.283019542694092,21.484277725219727,0.22896510362625122,2027,321
f6ee035f6a2a7082604a,5.283019542694092,21.484277725219727,0.22896510362625122,2027,322
2c8bdc7f29ed47c7ce61,5.283019542694092,21.484277725219727,0.22896510362625122,2027,323
d5fd79e96156bc59e3fe,11.02072525024414,21.51885986328125,0.07905472815036774,2027,708
a2dbe14788c85f0974a9,11.02072525024414,21.51885986328125,0.07905472815036774,2027,709
8a9121a5453cc56bc6d1,11.02072525024414,21.51885986328125,0.07905472815036774,2027,710
b94677e12c4d6aa11d9b,15.489871978759766,27.788734436035156,0.11609280109405518,2027,548
6e800c2cd97dce7ae296,15.489871978759766,27.788734436035156,0.11609280109405518,2027,549
0007449b058916cdcad1,15.489871978759766,27.788734436035156,0.11609280109405518,2027,550
3db682471b6cad60811d,6.215770244598389,22.857736587524414,0.07678544521331787,2027,718
989222022f8f567ee126,6.215770244598389,22.857736587524414,0.07678544521331787,2027,719
ed4d64cb440e2438815f,6.215770244598389,22.857736587524414,0.07678544521331787,2027,720
ea9ef1bc8766196ca96d,9.161200523376465,31.89330291748047,0.22824494540691376,2027,327
fc672dc6f3ecc1d0492c,9.161200523376465,31.89330291748047,0.22824494540691376,2027,328
20acd2ae49790ab82053,9.161200523376465,31.89330291748047,0.22824494540691376,2027,329
7ac16a6d90180a350ff0,20.5260009765625,51.91691589355469,0.27857518196105957,2027,287
4c2ad10692512e8f23b8,20.5260009765625,51.91691589355469,0.27857518196105957,2027,288
e9a7d193dc3d83532c1f,35.8637580871582,78.57820892333984,0.22417360544204712,2027,333
483022b02f8329c323ac,35.8637580871582,78.57820892333984,0.22417360544204712,2027,334
0b9a59526d7d4ce5f872,35.8637580871582,78.57820892333984,0.22417360544204712,2027,335
e4a7e43d15fcdee2ba1d,13.430069923400879,2.5212063789367676,0.9653456211090088,2027,79
c3070604fe243a9e8bc9,13.430069923400879,2.5212063789367676,0.9653456211090088,2027,80
f156391514f509a6ea3a,13.430069923400879,2.5212063789367676,0.9653456211090088,2027,81
bd62986a3ea6d28161ec,5.901262283325195,8.121136665344238,0.2045333981513977,2027,369
5a2d68dbe70436facec6,5.715148448944092,11.573494911193848,0.1765316128730774,2027,403
5d11af6ff834c7706e64,5.715148448944092,11.573494911193848,0.1765316128730774,2027,404
0f8ae9a2f5ed927d4a08,5.715148448944092,11.573494911193848,0.1765316128730774,2027,405
17b4019da623a31c6bff,6.457542896270752,10.832499504089355,0.07242626696825027,2027,759
e9aa21d2af3158cfa4f5,6.457542896270752,10.832499504089355,0.07242626696825027,2027,760
e0bc96df35be6f6a3f05,7.608547687530518,13.864928245544434,0.22884146869182587,2027,324
2b49123b1511fd8054dc,7.608547687530518,13.864928245544434,0.22884146869182587,2027,325
2f22fe92623a5d221e6e,7.608547687530518,13.864928245544434,0.22884146869182587,2027,326
7e981ba02c83f74f5e65,8.904215812683105,16.304107666015625,0.4556478261947632,2027,165
4557a201acb370fccbfa,8.904215812683105,16.304107666015625,0.4556478261947632,2027,166
40d5f6dbba8de32e9852,10.776942253112793,21.776575088500977,0.2954322099685669,2027,268
21e09d52eac22fe25e15,10.776942253112793,21.776575088500977,0.2954322099685669,2027,269
34aaca6f7a0768d743fe,10.776942253112793,21.776575088500977,0.2954322099685669,2027,270
5524670e4337370c2ef6,31.54376792907715,52.56996536254883,0.11189603805541992,2027,567
f31a89256d8ee4192d55,31.54376792907715,52.56996536254883,0.11189603805541992,2027,568
a6a0404c3ad65c6d9326,31.54376792907715,52.56996536254883,0.11189603805541992,2027,569
cace6f00c46aea69fe39,30.94342041015625,57.8876953125,0.10407905280590057,2027,603
87dd1aa770dd9b7e4695,8.541284561157227,21.64552116394043,0.08536270260810852,2027,677
dff32382a195c5399175,8.541284561157227,21.64552116394043,0.08536270260810852,2027,678
7d8d7bb22a7cbba9acf6,8.541284561157227,21.64552116394043,0.08536270260810852,2027,679
dee5054e9bcc457f0464,11.995284080505371,27.89385223388672,0.31838369369506836,2027,240
ff5dce68c6a7c86f1e2b,11.995284080505371,27.89385223388672,0.31838369369506836,2027,241
1525a3663c8d039331ed,8.899571418762207,20.853384017944336,0.17733892798423767,2027,398
52ba04ff53084b79a0c9,8.899571418762207,20.853384017944336,0.17733892798423767,2027,399
50f5409ef3b0d36c6355,8.899571418762207,20.853384017944336,0.17733892798423767,2027,400
6f3223bb80c479faf3dc,12.499310493469238,27.020034790039062,0.565944492816925,2027,136
5806c857509e09634010,12.499310493469238,27.020034790039062,0.565944492816925,2027,137
19e5d078bc0eb8a91e1e,17.94331169128418,36.247833251953125,0.7965848445892334,2027,95
0f0ce675d00176813bf5,7.386451721191406,12.896245002746582,0.13059371709823608,2027,504
16fad5682a8842df09c9,7.386451721191406,12.896245002746582,0.13059371709823608,2027,505
4c40bd6781093d65e26f,7.386451721191406,12.896245002746582,0.13059371709823608,2027,506
7299a06a240b3290a6ad,7.323797702789307,14.63461685180664,0.07436174154281616,2027,749
f29b8be2770aa433617f,7.323797702789307,14.63461685180664,0.07436174154281616,2027,750
01ceffc28813fe71d8bc,8.082844734191895,16.344823837280273,0.1257438361644745,2027,522
5004f7ec0b1a4d127095,8.082844734191895,16.344823837280273,0.1257438361644745,2027,523
5b321e1d74077a216a70,8.082844734191895,16.344823837280273,0.1257438361644745,2027,524
f268ace6a5f8098f342f,6.1279754638671875,9.661879539489746,0.07627931237220764,2027,726
692b10efd757f1ef87ab,6.1279754638671875,9.661879539489746,0.07627931237220764,2027,727
ad309f50747343bbbc4f,6.201233386993408,9.774659156799316,0.25057458877563477,2027,301
b31fd6bd7ae30c540bd7,6.201233386993408,9.774659156799316,0.25057458877563477,2027,302
e514cee27f046099a732,6.201233386993408,9.774659156799316,0.25057458877563477,2027,303
dcd115d5903aa7c38191,7.653748989105225,12.786240577697754,0.4950408637523651,2027,154
48a8b24b649031229980,7.653748989105225,12.786240577697754,0.4950408637523651,2027,155
9e64d50cfa49998ac275,7.653748989105225,12.786240577697754,0.4950408637523651,2027,156
40ea5a107cd72829ff82,9.17070484161377,16.697830200195312,0.5596808195114136,2027,138
35fcb2fcbf9425af2c6c,9.17070484161377,16.697830200195312,0.5596808195114136,2027,139
1ffdc26416a1526dd534,9.17070484161377,16.697830200195312,0.5596808195114136,2027,140
46b8e4fc054b67296417,10.53572940826416,19.672677993774414,0.5256041884422302,2027,148
b47cad6d1496e6fdaf2c,10.53572940826416,19.672677993774414,0.5256041884422302,2027,149
16afd85aa788409b8d07,10.53572940826416,19.672677993774414,0.5256041884422302,2027,150
6bebc41cc4f55da05d47,11.621407508850098,22.069726943969727,0.5689933896064758,2027,133
9e971ba2075fa0b7d8fb,11.621407508850098,22.069726943969727,0.5689933896064758,2027,134
5f81e2ff4fea8e839c4d,11.621407508850098,22.069726943969727,0.5689933896064758,2027,135
c83a41bbaa66a83e1647,7.432748317718506,11.66254711151123,0.13813737034797668,2027,483
d42e6f60a5f8e8a2646f,7.432748317718506,11.66254711151123,0.13813737034797668,2027,484
02cc96a05f4a95608c71,7.432748317718506,11.66254711151123,0.13813737034797668,2027,485
47b637b24c432172c8ed,9.554715156555176,22.46103858947754,0.09075875580310822,2027,649
27c265d2946287217a2d,9.554715156555176,22.46103858947754,0.09075875580310822,2027,650
afa41ea119c8062d57fa,11.381712913513184,23.835161209106445,0.11505445092916489,2027,552
a6f8e492c9e561c79cbd,11.381712913513184,23.835161209106445,0.11505445092916489,2027,553
15bcb5407f1b98aa7a7c,11.381712913513184,23.835161209106445,0.11505445092916489,2027,554
14db2dd214b08f84732a,5.325108528137207,12.927630424499512,0.06227153539657593,2027,823
bfc5d8a0a4f7ca00ff61,5.325108528137207,12.927630424499512,0.06227153539657593,2027,824
f3a9b0a4924369149487,6.598517894744873,17.68308448791504,0.07256190478801727,2027,757
a134ef1942ffcd81d017,6.598517894744873,17.68308448791504,0.07256190478801727,2027,758
e43026f3ca7cd4408b6f,5.53823709487915,10.970595359802246,0.08936765789985657,2027,661
5edc83d62a273a5ae9b2,5.53823709487915,10.970595359802246,0.08936765789985657,2027,662
d0d870bb88b9bfb4f88f,5.53823709487915,10.970595359802246,0.08936765789985657,2027,663
0a57df1940272f310bd1,7.432748317718506,11.66254711151123,0.13813737034797668,2027,486
9c84ccd6d0bc1e852431,7.432748317718506,11.66254711151123,0.13813737034797668,2027,487
533e50b0595be82d2716,9.554715156555176,22.46103858947754,0.09075875580310822,2027,651
9b2d0c18df77a2971b24,9.554715156555176,22.46103858947754,0.09075875580310822,2027,652
54f20e9bd23ee1c7b5db,5.71305513381958,11.021685600280762,0.06055731326341629,2027,832
959cb0482162f16a47e5,5.71305513381958,11.021685600280762,0.06055731326341629,2027,833
d549eb843e65b16a5502,5.71305513381958,11.021685600280762,0.06055731326341629,2027,834
4dedc80fb33d21596b7e,6.7870635986328125,13.068669319152832,0.0749657154083252,2027,740
7bd353fc307c5af1997e,6.7870635986328125,13.068669319152832,0.0749657154083252,2027,741
ffc70e28db22d1cc1f3f,14.08159351348877,21.292634963989258,0.14340485632419586,2027,457
e3a799d0fa90b649a157,14.08159351348877,21.292634963989258,0.14340485632419586,2027,458
ffffcd6f3b9393846ab4,14.08159351348877,21.292634963989258,0.14340485632419586,2027,459
0cf0d36290765378ae8d,36.36713790893555,75.90862274169922,0.08989809453487396,2027,658
088e6991011a5a20ef36,8.62534236907959,19.042236328125,0.09510673582553864,2027,627
99b6aac7dd5c18caba18,8.62534236907959,19.042236328125,0.09510673582553864,2027,628
313c4c25010d3ef3b482,8.62534236907959,19.042236328125,0.09510673582553864,2027,629
95e11ec70cd7b493e3f8,15.422987937927246,30.827117919921875,0.38389652967453003,2027,198
c692f211a6366b2f15c2,15.422987937927246,30.827117919921875,0.38389652967453003,2027,199
d3ffe87bbab76e5d5d56,26.27103614807129,49.4619140625,1.7904952764511108,2027,36
fa851bcd2cdb1d84b91f,26.27103614807129,49.4619140625,1.7904952764511108,2027,37
6020a000a87663526cc8,26.27103614807129,49.4619140625,1.7904952764511108,2027,38
5830dbb35947aa6f58f0,14.672530174255371,24.818222045898438,0.31195586919784546,2027,250
f73fd2f4c55177304721,14.672530174255371,24.818222045898438,0.31195586919784546,2027,251
4e01f3a3b2efd49f7fbc,6.560465335845947,21.398046493530273,0.07614019513130188,2027,734
4caaa164908173f305cd,6.560465335845947,21.398046493530273,0.07614019513130188,2027,735
23e0c45fe7c2db0d34ba,8.01806354522705,22.024675369262695,0.09576960653066635,2027,620
21dff71e317a08aafbb2,8.01806354522705,22.024675369262695,0.09576960653066635,2027,621
1c74260e06ef3cc0b7b8,8.01806354522705,22.024675369262695,0.09576960653066635,2027,622
195a292d7c8874415285,13.241966247558594,29.383695602416992,0.10167263448238373,2027,609
8b06ec38a7e5999edfa6,13.241966247558594,29.383695602416992,0.10167263448238373,2027,610
7becf2ab3560ce93bfc8,13.241966247558594,29.383695602416992,0.10167263448238373,2027,611
b4d9d000145f0dfcee50,12.893088340759277,25.38978385925293,0.1026371642947197,2027,604
17beb55af7159f9079dc,12.893088340759277,25.38978385925293,0.1026371642947197,2027,605
46412717e5e282f83527,12.893088340759277,25.38978385925293,0.1026371642947197,2027,606
dc795e0a68f104353b33,22.278173446655273,39.59927749633789,0.2856139838695526,2027,280
a4923e4c1f935a466f3b,22.278173446655273,39.59927749633789,0.2856139838695526,2027,281
0a198329beafc8de5ed0,22.278173446655273,39.59927749633789,0.2856139838695526,2027,282
52b9af4df1f1e7cd4d9b,30.951757431030273,40.76750564575195,0.061830393970012665,2027,825
c82167c626a1495ef750,30.951757431030273,40.76750564575195,0.061830393970012665,2027,826
bed2f1430d0964e86fcb,13.671051025390625,23.571481704711914,0.0876215249300003,2027,667
6998dee6f6e69401798a,21.618301391601562,36.92893981933594,0.7794384956359863,2027,99
c096c324a71974b6ab37,21.618301391601562,36.92893981933594,0.7794384956359863,2027,100
7654254c03d9de79740f,21.88025665283203,45.9671516418457,0.22128760814666748,2027,350
8bef7f788af60df5e18a,21.88025665283203,45.9671516418457,0.22128760814666748,2027,351
2a4de703709973e74dd2,6.822920322418213,19.337127685546875,0.08284378796815872,2027,687
c19b06649402d37faeba,6.822920322418213,19.337127685546875,0.08284378796815872,2027,688
064249131c1c3106e540,6.822920322418213,19.337127685546875,0.08284378796815872,2027,689
156594686f5cf7182bcc,10.419139862060547,27.30278205871582,0.09030859172344208,2027,653
f0b6d8fb9d1feea8b24b,10.419139862060547,27.30278205871582,0.09030859172344208,2027,654
eb383b92fe958c91d272,10.419139862060547,27.30278205871582,0.09030859172344208,2027,655
85956151bfe869ac5ee6,12.827079772949219,25.99314308166504,0.14293169975280762,2027,460
654a4a40363a388cf9cb,12.827079772949219,25.99314308166504,0.14293169975280762,2027,461
67434b9a07488d70219b,12.827079772949219,25.99314308166504,0.14293169975280762,2027,462
3aac78d03dd703c0b776,7.693289279937744,22.19347381591797,0.07442702353000641,2027,747
25dd969086d07da70d74,7.693289279937744,22.19347381591797,0.07442702353000641,2027,748
7accad40a62307970be8,11.217479705810547,29.33196449279785,0.15771973133087158,2027,430
ddf2f769007f3d9f75fd,11.217479705810547,29.33196449279785,0.15771973133087158,2027,431
f4c58d48258027bb5485,19.247520446777344,43.33626174926758,0.35782888531684875,2027,208
fa6fd34875fdc7acf6c1,19.247520446777344,43.33626174926758,0.35782888531684875,2027,209
c6bd64a77e94e93e5018,21.69867515563965,49.57973861694336,0.2926499545574188,2027,271
fcb9019ffbdb889489f7,21.69867515563965,49.57973861694336,0.2926499545574188,2027,272
e99da719af7e2c3e9a93,21.69867515563965,49.57973861694336,0.2926499545574188,2027,273
163874b97308a1ea2507,35.892723083496094,73.39545440673828,0.8559668064117432,2027,91
857ae40d0fdf1c7e387e,35.892723083496094,73.39545440673828,0.8559668064117432,2027,92
8ab554cd154e9749790b,50.18538284301758,99.17037200927734,1.3524839878082275,2027,50
0ac58929e586a4da4056,50.18538284301758,99.17037200927734,1.3524839878082275,2027,51
3e41bb94c582476b5b6a,11.799281120300293,30.64289093017578,0.4962974488735199,2027,151
c3c4fdce502f6d3576dc,11.799281120300293,30.64289093017578,0.4962974488735199,2027,152
dc8da611e77ae1bb11f2,11.799281120300293,30.64289093017578,0.4962974488735199,2027,153
3b4634411832718c26e4,23.227548599243164,66.66261291503906,0.88071209192276,2027,89
1182373ab8814dbe2f43,23.227548599243164,66.66261291503906,0.88071209192276,2027,90
efe14b6a1dc3741d71ba,28.972200393676758,86.45797729492188,0.7781567573547363,2027,101
6b5982c6e1bbaadd6a95,28.972200393676758,86.45797729492188,0.7781567573547363,2027,102
7d406784048b9e313d67,28.972200393676758,86.45797729492188,0.7781567573547363,2027,103
79cb1738d945317e5bfa,35.12452697753906,104.50955963134766,0.3637925386428833,2027,202
2f48e798c7917fb7d2ae,35.12452697753906,104.50955963134766,0.3637925386428833,2027,203
a38fee52661fd3e3b7ea,35.12452697753906,104.50955963134766,0.3637925386428833,2027,204
c68db037670dea886720,7.270872592926025,22.68201446533203,0.20026491582393646,2027,372
a0d6732883ffc7d063fb,7.270872592926025,22.68201446533203,0.20026491582393646,2027,373
09c2a4beb05ca5c84aab,9.37231159210205,27.80403709411621,0.08980619162321091,2027,659
1d15ee46756cd1845a68,9.37231159210205,27.80403709411621,0.08980619162321091,2027,660
72231b208c5287c32d70,13.39673900604248,35.62068557739258,0.07158750295639038,2027,762
7e834c7b870ef7024d35,13.39673900604248,35.62068557739258,0.07158750295639038,2027,763
b1801204c2c4a34a9278,18.09807586669922,44.4251823425293,0.12625780701637268,2027,518
d9c8c8af50a10bf07765,18.09807586669922,44.4251823425293,0.12625780701637268,2027,519
fe1a34b5975943e8f292,18.09807586669922,44.4251823425293,0.12625780701637268,2027,520
73a35f890e678b320073,9.93313217163086,20.2664794921875,0.14916585385799408,2027,441
9ff75a89ec8d52e6f51c,13.624043464660645,23.93351936340332,0.125723734498024,2027,525
52348febee6695107c49,25.821359634399414,42.52235412597656,0.16886338591575623,2027,418
4c46ceefd6147b1e0a7a,22.39287757873535,50.10197067260742,0.12208331376314163,2027,531
f4331eb64b6774466836,29.774911880493164,65.4693374633789,0.16814351081848145,2027,419
d54c93a11164b4abac6e,39.73076248168945,83.58065032958984,0.07915446907281876,2027,707
bccdbbd73be98bf008c8,7.297397613525391,18.31935691833496,0.10914573073387146,2027,576
d626f5ddb709bc11257a,10.984322547912598,21.331388473510742,0.10578480362892151,2027,592
abb2d31b1372dbd64398,17.50852394104004,30.05419158935547,0.07573024183511734,2027,737
605436d35600502e8c2e,17.04521369934082,37.04872131347656,0.11947829276323318,2027,538
ffa53b3aa054bc392704,9.673873901367188,28.710058212280273,0.10597732663154602,2027,591
3f6b817d855e67b3b406,5.128637790679932,16.194658279418945,0.06390006840229034,2027,816
c65455de87b41e2ef577,8.471613883972168,16.973464965820312,0.0686008483171463,2027,787
f9bba2e75f16ebadb0eb,11.718335151672363,22.369760513305664,0.13413017988204956,2027,493
65f22906a14f74d756d4,16.46392059326172,30.32016944885254,0.15885694324970245,2027,428
b54f29a73518aa1f30a7,8.091456413269043,15.156639099121094,0.1442045122385025,2027,453
c4b2566e6fe1d00b20ea,8.589386940002441,15.623673439025879,0.24775907397270203,2027,305
419f6eb4080dcb9d293b,17.96786880493164,29.184118270874023,0.09313550591468811,2027,637
d6f7a7ee5941a7d9a3f5,8.019393920898438,19.62846565246582,0.13376811146736145,2027,499
05c8e4d5f25c1295f231,11.237597465515137,25.83243751525879,0.4236902594566345,2027,175
265b6eb5a10a34c937b1,7.409212589263916,0.0004282881272956729,0.07831860333681107,2027,711
8730f48ba29fd2e622ac,12.293434143066406,25.553346633911133,0.25920596718788147,2027,296
8b556440cbbd8224f6ff,23.14326286315918,46.7984733581543,0.07176048308610916,2027,761
cb534927304d5c892100,5.981159210205078,21.16261863708496,0.11592961847782135,2027,551
409d01129a3e41b32902,3.8423404693603516,17.390560150146484,0.10456924885511398,2027,602
5d450444eb031c873584,4.984536647796631,21.99448585510254,0.2625422477722168,2027,295
855456da9ea892f7216b,8.984756469726562,37.135040283203125,0.08358738571405411,2027,686
0c5c35afb3a24375c153,15.628155708312988,49.7335205078125,0.13655506074428558,2027,491
8f5acbec0c511bb1ea89,13.149895668029785,26.82499122619629,0.42721793055534363,2027,174
4659b6752f23c0b85f08,25.785629272460938,61.1833381652832,2.290764808654785,2027,20
8b18117ded9c488721a3,10.509858131408691,21.982694625854492,0.19931496679782867,2027,374
e41d3fe370d4a57960e2,14.774574279785156,27.8643856048584,0.09526905417442322,2027,626
9b11493847c035abf800,15.546366691589355,28.534080505371094,0.19051122665405273,2027,377
a8313da6e9c9be0c1636,18.028518676757812,33.69349670410156,0.44030147790908813,2027,170
f46da3c00b2199795e4c,25.428808212280273,46.770172119140625,0.7619797587394714,2027,104
593cfb8dc5f3c8b36cac,6.556870937347412,11.967167854309082,0.06176038086414337,2027,827
ac975c791f030093081f,10.13434886932373,19.80406379699707,0.08780995011329651,2027,666
8b8becd233748ccae9e3,18.516298294067383,31.34214210510254,0.15377116203308105,2027,438
a36291cab664852df5e5,24.13311195373535,40.869163513183594,0.3872629404067993,2027,194
20d2b3319fd90528853f,10.62009048461914,21.556272506713867,0.1312074214220047,2027,503
5307ce95bcee2886afe0,16.17234230041504,29.488920211791992,0.3073449432849884,2027,255
1e775e7d8dcbf48fd6f8,15.644028663635254,40.45877456665039,0.175147145986557,2027,409
1e971da91b3a8229f0e0,15.644028663635254,40.45877456665039,0.175147145986557,2027,410
b37608f8c4a8ee4b8696,22.053918838500977,59.7010498046875,0.08640879392623901,2027,673
d0cc8f9af20c2aaeb9d5,11.752409934997559,24.12154197692871,0.0853990763425827,4099,542
3016ab4b83227fcf83e4,11.752409934997559,24.12154197692871,0.0853990763425827,4099,543
e7c4d856d4d9a8d5ddbf,11.752409934997559,24.12154197692871,0.0853990763425827,4099,544
81cd2078a0008c2c9cd9,11.752409934997559,24.12154197692871,0.0853990763425827,4099,545
781b8d96d8bc7c124dc9,11.752409934997559,24.12154197692871,0.0853990763425827,4099,546
98d079bcc13e1a200efe,7.956912994384766,13.093757629394531,0.06923598051071167,4099,676
7d65ab8e0e7b962da35f,7.956912994384766,13.093757629394531,0.06923598051071167,4099,677
d4d7270df69266029f44,7.956912994384766,13.093757629394531,0.06923598051071167,4099,678
5523d9c41009b84d3135,7.956912994384766,13.093757629394531,0.06923598051071167,4099,679
7caf1db075b91197ba34,22.278295516967773,45.19915771484375,0.35488995909690857,4099,113
7b42519983cf93dd7efd,22.278295516967773,45.19915771484375,0.35488995909690857,4099,114
9bbd36c8b484b5609808,22.278295516967773,45.19915771484375,0.35488995909690857,4099,115
1844eab177de5d01fab6,22.278295516967773,45.19915771484375,0.35488995909690857,4099,116
9862563d18aae2868342,22.278295516967773,45.19915771484375,0.35488995909690857,4099,117
cd7c523e3df961c83524,9.549300193786621,21.4849853515625,0.17437532544136047,4099,299
3f1a96aa336ea0741b5a,9.549300193786621,21.4849853515625,0.17437532544136047,4099,300
3aed7873d2fd1cf48684,19.97607421875,44.532073974609375,0.15690401196479797,4099,317
5df4935254e8c1e8471d,19.97607421875,44.532073974609375,0.15690401196479797,4099,318
a1d9a0b7b03901c439bc,19.97607421875,44.532073974609375,0.15690401196479797,4099,319
1cee9fb4b0731101f3a6,19.97607421875,44.532073974609375,0.15690401196479797,4099,320
e513420e1b7414424e7c,19.97607421875,44.532073974609375,0.15690401196479797,4099,321
18186b5d6cc190fc07a3,19.97607421875,44.532073974609375,0.15690401196479797,4099,322
57163774ada660438e36,19.34587287902832,39.09452438354492,0.4143003821372986,4099,100
693a65467095367c8e95,19.34587287902832,39.09452438354492,0.4143003821372986,4099,101
4b39568fb3ff725fec83,19.34587287902832,39.09452438354492,0.4143003821372986,4099,102
c6a55a8d89f33c69899b,19.34587287902832,39.09452438354492,0.4143003821372986,4099,103
f6cfe706d71f58273c59,19.34587287902832,39.09452438354492,0.4143003821372986,4099,104
b6b8449bda1ec4f0697f,18.04929542541504,34.44473648071289,0.2095165252685547,4099,225
99a3c4452ddfa8ff12c0,18.04929542541504,34.44473648071289,0.2095165252685547,4099,226
547923973b121019625f,19.724111557006836,37.37619400024414,0.2158302664756775,4099,209
69f9cefb952abd22672c,8.308699607849121,18.607053756713867,0.0995892882347107,4099,483
af23f4f96549d4e1659f,8.308699607849121,18.607053756713867,0.0995892882347107,4099,484
00fe2a10256cea9affd4,8.308699607849121,18.607053756713867,0.0995892882347107,4099,485
5fc63f69bdf7f0b71bbc,11.21349048614502,23.71845245361328,0.1765407919883728,4099,289
8925249b7fbe141dbce6,11.21349048614502,23.71845245361328,0.1765407919883728,4099,290
3ca8d2ff798fad4faffc,19.80236053466797,46.20270919799805,0.14728012681007385,4099,350
cd2c80dae2f32a52732f,19.80236053466797,46.20270919799805,0.14728012681007385,4099,351
3ad8ec5752f3c638e2ff,19.80236053466797,46.20270919799805,0.14728012681007385,4099,352
61090cfdcf019e0891a3,16.315876007080078,31.076492309570312,0.05212407931685448,4099,798
07a55cdab65b05f31561,16.315876007080078,31.076492309570312,0.05212407931685448,4099,799
3b400f57f8dcc4cdbd83,16.315876007080078,31.076492309570312,0.05212407931685448,4099,800
b6bf451b4911ee22d4a4,16.315876007080078,31.076492309570312,0.05212407931685448,4099,801
58b3518f48d8340d6ffc,16.264345169067383,37.30520248413086,0.197564959526062,4099,237
034aaf7715b5ec8bd7ee,16.264345169067383,37.30520248413086,0.197564959526062,4099,238
eea50d6a38f292dfe571,16.264345169067383,37.30520248413086,0.197564959526062,4099,239
9205619d3836954c6591,16.264345169067383,37.30520248413086,0.197564959526062,4099,240
ace363e8314f9f7d27a6,16.264345169067383,37.30520248413086,0.197564959526062,4099,241
d9426ef0af1c968f7fae,8.806036949157715,19.25587272644043,0.1630290299654007,4099,305
c698c0c44dc3e81c2f47,8.806036949157715,19.25587272644043,0.1630290299654007,4099,306
f72a0e7948a50ed09024,8.806036949157715,19.25587272644043,0.1630290299654007,4099,307
0e4b54f3f5f8d275159d,8.806036949157715,19.25587272644043,0.1630290299654007,4099,308
28370d4d701b5589f06c,8.806036949157715,19.25587272644043,0.1630290299654007,4099,309
4df0734ab058c0eeed78,5.58949613571167,13.906929016113281,0.08125367760658264,4099,566
cad6b7ea1831fdd559f2,5.58949613571167,13.906929016113281,0.08125367760658264,4099,567
6a53fc46345dc50021ae,5.58949613571167,13.906929016113281,0.08125367760658264,4099,568
d90d024730eb01bff3c7,5.58949613571167,13.906929016113281,0.08125367760658264,4099,569
017b0f98188f8ff58935,5.58949613571167,13.906929016113281,0.08125367760658264,4099,570
334f7f55dcbf278e47ec,28.389497756958008,70.05081176757812,0.10108931362628937,4099,476
1b1a9ec85268aa66d327,28.389497756958008,70.05081176757812,0.10108931362628937,4099,477
5d6d4ac0c1dfacbde53d,28.389497756958008,70.05081176757812,0.10108931362628937,4099,478
9fa9fb28b91ddf9af555,5.019367694854736,8.859955787658691,0.15629485249519348,4099,323
f448a4f7519121eb227b,5.019367694854736,8.859955787658691,0.15629485249519348,4099,324
0af4d354d29927a8a743,5.019367694854736,8.859955787658691,0.15629485249519348,4099,325
749f06e2d4f714844341,5.019367694854736,8.859955787658691,0.15629485249519348,4099,326
23d61ed36230cdd2e8fe,5.019367694854736,8.859955787658691,0.15629485249519348,4099,327
6f3dff9a427ee1563a3e,11.43829345703125,25.547515869140625,0.1426723748445511,4099,361
3b6524f5fc7e0343ff9b,11.43829345703125,25.547515869140625,0.1426723748445511,4099,362
e6544a01d42439a41712,11.85430908203125,23.8968448638916,0.06324069201946259,4099,728
0af9d219be9872711215,11.85430908203125,23.8968448638916,0.06324069201946259,4099,729
74701496b6fc5465eea7,12.832234382629395,25.27721405029297,0.24214795231819153,4099,169
430318f87f3b5a86d927,4.590969562530518,5.797033786773682,0.11759809404611588,4099,418
9bdc860a29cf942d2e7e,4.590969562530518,5.797033786773682,0.11759809404611588,4099,419
da8dfa7ee4391111f164,4.590969562530518,5.797033786773682,0.11759809404611588,4099,420
d2472f692763fd970d64,5.58949613571167,13.906929016113281,0.08125367760658264,4099,571
506010b7655432ff2f72,5.58949613571167,13.906929016113281,0.08125367760658264,4099,572
8e7636d7a60a6058305a,28.389497756958008,70.05081176757812,0.10108931362628937,4099,479
db2709229820b71e283b,7.706935882568359,23.21562385559082,0.06110924482345581,4099,734
f4a4fc4d6e4dea59b061,21.0494384765625,44.6937255859375,0.04931570589542389,4099,838
57646b9484b03f4076bb,21.0494384765625,44.6937255859375,0.04931570589542389,4099,839
0ccbd28a4414f97dfad8,21.026376724243164,48.56449508666992,0.15248015522956848,4099,334
1a55639d058c08a1a06e,18.87139892578125,35.71739196777344,0.17635101079940796,4099,294
5fd0921bbbba1e22abf9,18.87139892578125,35.71739196777344,0.17635101079940796,4099,295
68f56b81e86e40c37d6b,13.221352577209473,23.875633239746094,0.051449716091156006,4099,806
e511eaf853100c310877,13.221352577209473,23.875633239746094,0.051449716091156006,4099,807
5f2fc9606fb31b009ccc,13.221352577209473,23.875633239746094,0.051449716091156006,4099,808
122fbec0df9ecf1c5d89,19.647254943847656,34.4244499206543,0.15182486176490784,4099,338
9333d130f52d80332cf0,12.886343955993652,29.518198013305664,0.0502372682094574,4099,825
645cb06b9e2a33b6044b,12.886343955993652,29.518198013305664,0.0502372682094574,4099,826
a0fb18191ba692cab285,12.886343955993652,29.518198013305664,0.0502372682094574,4099,827
ce103e949b7ef5641a1e,12.886343955993652,29.518198013305664,0.0502372682094574,4099,828
a8b7c07187ebd2ff5c92,12.886343955993652,29.518198013305664,0.0502372682094574,4099,829
8dde3aa961c71c2f879f,4.156114101409912,12.526042938232422,0.06597248464822769,4099,702
2c61e31f9d28aeba9813,4.156114101409912,12.526042938232422,0.06597248464822769,4099,703
24ac14b3a19069ee1128,4.156114101409912,12.526042938232422,0.06597248464822769,4099,704
3f14d2a4f33426108e41,4.156114101409912,12.526042938232422,0.06597248464822769,4099,705
485f8bcfb08d6eaf3463,15.30418872833252,32.90121841430664,0.1302197277545929,4099,383
8af7ab6d0c4dde52bba2,15.30418872833252,32.90121841430664,0.1302197277545929,4099,384
a8a8b4ab0ef68c063c29,12.670641899108887,22.56296730041504,0.2187870442867279,4099,197
e868755bce7658ed8227,12.670641899108887,22.56296730041504,0.2187870442867279,4099,198
c838aaaa480481570d39,12.670641899108887,22.56296730041504,0.2187870442867279,4099,199
a928362cc115f586e865,14.5787935256958,25.95143699645996,0.23874308168888092,4099,173
c932a52e67c6aedcaa9a,14.5787935256958,25.95143699645996,0.23874308168888092,4099,174
c5a12771920c4410d921,6.346140384674072,17.8393497467041,0.11303326487541199,4099,439
cb42a00d7b000827217c,21.37909507751465,38.528072357177734,0.04873892292380333,4099,840
1d9eabd939a185c1b128,21.37909507751465,38.528072357177734,0.04873892292380333,4099,841
ec10d46ed20579967ae2,6.593760013580322,13.258517265319824,0.07011103630065918,4099,671
96b9b370ade7a60366fa,6.593760013580322,13.258517265319824,0.07011103630065918,4099,672
7bde1bbf34aba54ccfef,6.593760013580322,13.258517265319824,0.07011103630065918,4099,673
e9bdef57ef2c8ced88f0,6.593760013580322,13.258517265319824,0.07011103630065918,4099,674
6553b9607d6093f257c7,6.593760013580322,13.258517265319824,0.07011103630065918,4099,675
84cd955ed2d585ae02fe,8.435794830322266,13.020561218261719,0.11018489301204681,4099,454
75beffaee6607b1477f4,8.435794830322266,13.020561218261719,0.11018489301204681,4099,455
2f907b475ae6a261a87a,8.435794830322266,13.020561218261719,0.11018489301204681,4099,456
dc68091ba8b0648c216f,7.607933044433594,13.971571922302246,0.1481901854276657,4099,344
b7ebe910f1966ad518b8,7.635509967803955,15.324752807617188,0.08904354274272919,4099,530
6b8cc27068e5dd732d84,7.635509967803955,15.324752807617188,0.08904354274272919,4099,531
6c038b068572e879d531,7.635509967803955,15.324752807617188,0.08904354274272919,4099,532
130a4d6f3299791112ea,7.952648162841797,17.248769760131836,0.07559669017791748,4099,625
7f3a3fa577dc73897305,7.952648162841797,17.248769760131836,0.07559669017791748,4099,626
4e66505f5d66d4fe37b9,7.952648162841797,17.248769760131836,0.07559669017791748,4099,627
7be635a8cfd1e5ce0a07,7.952648162841797,17.248769760131836,0.07559669017791748,4099,628
a202794731bbb6368378,9.968695640563965,21.708457946777344,0.175223708152771,4099,298
1f85bb83729347f5b0bb,16.154821395874023,25.038833618164062,0.14808905124664307,4099,345
2012223149ba23d26ec2,16.154821395874023,25.038833618164062,0.14808905124664307,4099,346
712efbedcb59418d3a25,8.089478492736816,17.907472610473633,0.07211677730083466,4099,655
7575e5ec93e20a7babeb,8.089478492736816,17.907472610473633,0.07211677730083466,4099,656
c11d5c3acbc28dddd0cf,9.757035255432129,20.798643112182617,0.05510151386260986,4099,776
f08f1f5e4f51796c1f81,9.757035255432129,20.798643112182617,0.05510151386260986,4099,777
c8109aeddd391e369815,9.757035255432129,20.798643112182617,0.05510151386260986,4099,778
6c99a9b10569a54b715f,12.759613990783691,20.6375675201416,0.11257239431142807,4099,448
b4351e5f05f6d477a6c0,22.966508865356445,37.83198547363281,0.46875983476638794,4099,87
4ee22742c686bdbb1cb9,10.170228004455566,20.459789276123047,0.0702313631772995,4099,669
a5f9f0327623c4752e2e,10.170228004455566,20.459789276123047,0.0702313631772995,4099,670
966254b5be3c8ec5edd3,5.104676723480225,18.44040298461914,0.10434191673994064,4099,464
24a9086a8e2c8015c232,14.57741641998291,28.4175968170166,0.2508774697780609,4099,156
985361f6699d97f9464f,25.40656089782715,36.49943542480469,0.21260562539100647,4099,217
62d7ea74ab73fa6214b4,25.40656089782715,36.49943542480469,0.21260562539100647,4099,218
beda2205eedbe1688e1f,32.405643463134766,48.3881721496582,0.5065664052963257,4099,83
b7b1a1bb666c8cc99bad,32.87849807739258,49.3177375793457,0.050601281225681305,4099,815
1211905ebc8972913270,32.87849807739258,49.3177375793457,0.050601281225681305,4099,816
73502a52708e4f9c2391,38.061283111572266,58.267765045166016,0.12366148829460144,4099,403
24e5dc14b855baed89fd,7.128778457641602,18.153554916381836,0.05566687881946564,4099,766
0776336aa1c106b4d645,7.128778457641602,18.153554916381836,0.05566687881946564,4099,767
ecd17c7ea435a1e33f6b,5.554772853851318,15.015242576599121,0.079055055975914,4099,591
35dd0118b9a2d30ca70e,5.554772853851318,15.015242576599121,0.079055055975914,4099,592
9fb05d784e7952bd4741,5.554772853851318,15.015242576599121,0.079055055975914,4099,593
d119d77f545c029deace,18.60856056213379,40.241817474365234,0.06396877765655518,4099,716
dd4829f39cdf781ffaf9,18.60856056213379,40.241817474365234,0.06396877765655518,4099,717
810b065b0b86ff8c9aae,18.60856056213379,40.241817474365234,0.06396877765655518,4099,718
434e465cfa7e0034f233,30.658157348632812,66.95281219482422,0.222069650888443,4099,194
bd2e9fee67bbba1155df,30.658157348632812,66.95281219482422,0.222069650888443,4099,195
35f2be5f5aa14265e8a4,43.00483322143555,94.52481079101562,0.45274072885513306,4099,91
449b809e4efaaf2af86a,43.00483322143555,94.52481079101562,0.45274072885513306,4099,92
0f06772820e6693753e3,43.00483322143555,94.52481079101562,0.45274072885513306,4099,93
a775926fce57b3bf9ec1,14.660025596618652,27.502450942993164,0.07923614978790283,4099,585
17c1bb3be086a2b6ffec,14.660025596618652,27.502450942993164,0.07923614978790283,4099,586
9e6c69af6f5142faa049,14.660025596618652,27.502450942993164,0.07923614978790283,4099,587
e6e78489d1da4066c07e,55.97804641723633,85.98983764648438,0.21322765946388245,4099,216
65651134a7c70aa64d32,4.040933609008789,5.583214282989502,0.14395800232887268,4099,355
b59d10badf9681a661a6,4.040933609008789,5.583214282989502,0.14395800232887268,4099,356
c827119f3e13a7eab121,4.040933609008789,5.583214282989502,0.14395800232887268,4099,357
f25bc3a3b74471e14801,6.4870781898498535,11.434712409973145,0.06385616213083267,4099,719
933bc87d8ae9186a7803,6.4870781898498535,11.434712409973145,0.06385616213083267,4099,720
d86448c8f5aaa8ebcf7f,6.4870781898498535,11.434712409973145,0.06385616213083267,4099,721
6dde3c4535c931ca4092,11.893486976623535,21.730234146118164,0.07822561264038086,4099,603
a3c817ff559d5c946cc8,11.893486976623535,21.730234146118164,0.07822561264038086,4099,604
93ce299d2e2f5bf83250,11.893486976623535,21.730234146118164,0.07822561264038086,4099,605
b38269af25220f62d607,13.782620429992676,24.408628463745117,0.05520716682076454,4099,773
4b4d079fa6b12df47a35,13.782620429992676,24.408628463745117,0.05520716682076454,4099,774
0be038db2251642c6862,13.782620429992676,24.408628463745117,0.05520716682076454,4099,775
8b0153f031bc52c2c1dd,14.692195892333984,25.688766479492188,0.09479853510856628,4099,506
376ba323d8d487f80cee,14.692195892333984,25.688766479492188,0.09479853510856628,4099,507
5bad82a6cffd60e7a6c9,15.347221374511719,26.63132667541504,0.08377894759178162,4099,557
fd1d673cc647d6745303,15.347221374511719,26.63132667541504,0.08377894759178162,4099,558
d22eb7805d90b684e45f,4.853185653686523,6.351879119873047,0.19389235973358154,4099,249
eaaa3bb6872fb6f5a235,4.853185653686523,6.351879119873047,0.19389235973358154,4099,250
1584e89b84e9e0766dd9,5.548049449920654,8.964458465576172,0.05938069522380829,4099,748
547f6a80e7b1ed09f4e3,5.548049449920654,8.964458465576172,0.05938069522380829,4099,749
0182b6d34cb35fb613ea,7.19074821472168,12.362610816955566,0.2523839473724365,4099,153
df4a8ed8397b7a13f5ca,7.19074821472168,12.362610816955566,0.2523839473724365,4099,154
88258d33b6f66b11a60e,7.19074821472168,12.362610816955566,0.2523839473724365,4099,155
a74a5af182f6efc00698,8.549172401428223,15.33837890625,0.45197540521621704,4099,94
fb70c83ddbf839a2a341,8.549172401428223,15.33837890625,0.45197540521621704,4099,95
d922a9fd0b0ab9fa4223,8.549172401428223,15.33837890625,0.45197540521621704,4099,96
ad383ab38ce1ef78a5ae,9.266121864318848,16.878202438354492,0.5175675749778748,4099,77
2c1a26f1476e0550985e,9.266121864318848,16.878202438354492,0.5175675749778748,4099,78
7b69466d230dfaae0ae1,9.266121864318848,16.878202438354492,0.5175675749778748,4099,79
ae187d6f3746213b630c,8.40039348602295,20.61686134338379,0.07391205430030823,4099,635
eb56f25c331ea1ab9b2b,8.40039348602295,20.61686134338379,0.07391205430030823,4099,636
e7bf6bd74f8498f1cb11,9.040055274963379,21.399179458618164,0.07187986373901367,4099,657
6209df8dd01072ab8a47,7.60929536819458,18.263498306274414,0.0788763016462326,4099,594
76435080f7632be26e64,7.60929536819458,18.263498306274414,0.0788763016462326,4099,595
e506c0353a9b601af9ac,7.60929536819458,18.263498306274414,0.0788763016462326,4099,596
85591a54c419ed02c5f5,31.139068603515625,49.9974479675293,0.16268151998519897,4099,310
4d1e1e0eca90a46d77b2,31.139068603515625,49.9974479675293,0.16268151998519897,4099,311
8e999302c4d108ec9f19,7.858548641204834,20.478687286376953,0.1805502474308014,4099,279
65723de539453b98b181,7.858548641204834,20.478687286376953,0.1805502474308014,4099,280
468a11345970afe65576,7.858548641204834,20.478687286376953,0.1805502474308014,4099,281
9a58eec5ad3051be568a,8.397586822509766,19.553014755249023,0.08769990503787994,4099,536
777a87b895af5e6bc380,8.397586822509766,19.553014755249023,0.08769990503787994,4099,537
cf36dbeee8bb51632d84,10.468684196472168,21.869150161743164,0.0864405483007431,4099,538
2745c6978a8911fc3dda,10.468684196472168,21.869150161743164,0.0864405483007431,4099,539
56151359aadfa5411fc6,10.468684196472168,21.869150161743164,0.0864405483007431,4099,540
51f5ae6a991eea9e720e,24.429044723510742,55.0285758972168,0.06676142662763596,4099,689
61b73b8065ae2ece22eb,24.429044723510742,55.0285758972168,0.06676142662763596,4099,690
9e3ce3497298084abd83,38.27330017089844,92.12015533447266,0.18904289603233337,4099,265
057b8c550ec0b75b1af1,6.14767599105835,15.139592170715332,0.11275052279233932,4099,442
1a3f48c2d3cc33a207b7,6.14767599105835,15.139592170715332,0.11275052279233932,4099,443
b1af54c32bec21b8bee1,6.14767599105835,15.139592170715332,0.11275052279233932,4099,444
82d7243f61695e1b94cf,11.49000072479248,27.652555465698242,0.46164757013320923,4099,88
eceaa4f4139cde7ba166,11.49000072479248,27.652555465698242,0.46164757013320923,4099,89
8436939a2a6a91fa470d,11.49000072479248,27.652555465698242,0.46164757013320923,4099,90
434ffacb33eccce497c5,23.69696807861328,63.51143264770508,1.0167529582977295,4099,35
74c8fcd8ac3f6caedcd2,23.69696807861328,63.51143264770508,1.0167529582977295,4099,36
65f4f125b5e1f8137bd9,23.69696807861328,63.51143264770508,1.0167529582977295,4099,37
7fb4f90753d40dd25be0,35.68473434448242,96.94867706298828,0.24521662294864655,4099,163
abca62b372239d49a61b,35.68473434448242,96.94867706298828,0.24521662294864655,4099,164
6f548d72f01fc85debdc,35.68473434448242,96.94867706298828,0.24521662294864655,4099,165
0982d8b0030ea5a271e0,5.850819110870361,10.656940460205078,0.05166107416152954,4099,803
26434b09977f437f3439,5.850819110870361,10.656940460205078,0.05166107416152954,4099,804
a71e269b000cd3baf0e4,5.850819110870361,10.656940460205078,0.05166107416152954,4099,805
99cecaf5e0ea91ad4781,5.949206829071045,10.132905960083008,0.05495616793632507,4099,779
8de7bea3e86066a6c12b,5.949206829071045,10.132905960083008,0.05495616793632507,4099,780
f91e857aa14399ede600,5.949206829071045,10.132905960083008,0.05495616793632507,4099,781
a1ea7a9303a5fc7a7b0f,9.630698204040527,15.25768756866455,0.07918325811624527,4099,588
95a211366968c4cd1f0f,9.630698204040527,15.25768756866455,0.07918325811624527,4099,589
426ed16e4b39d346244b,9.630698204040527,15.25768756866455,0.07918325811624527,4099,590
bf09d868ed4d68a97b40,24.3857421875,33.97694778442383,0.6994612216949463,4099,48
3e78a776ac9b885d378a,24.3857421875,33.97694778442383,0.6994612216949463,4099,49
7eb97a2a0856e78a4b76,24.3857421875,33.97694778442383,0.6994612216949463,4099,50
4fb92bd1fab3ba235858,29.95717430114746,43.9897346496582,0.9386637210845947,4099,44
bad24d96575f423fe4fd,29.95717430114746,43.9897346496582,0.9386637210845947,4099,45
19229d505f75d05a0bcb,29.95717430114746,43.9897346496582,0.9386637210845947,4099,46
f15b726ca5b4897ed80c,15.925117492675781,24.680646896362305,0.05822249874472618,4099,750
c7c87de08eb40f9343be,5.91469144821167,17.27046775817871,0.10422893613576889,4099,465
2a7062ac85d66260b3be,5.91469144821167,17.27046775817871,0.10422893613576889,4099,466
cbe7e55e896b42820ba5,6.2911810874938965,18.37592887878418,0.09513790160417557,4099,503
cbf66c429d0d825609d6,6.2911810874938965,18.37592887878418,0.09513790160417557,4099,504
f7e3bf988bd0e1b9f58b,6.2911810874938965,18.37592887878418,0.09513790160417557,4099,505
534afc6bd39a8f7923d8,11.318089485168457,24.5496826171875,0.07684490084648132,4099,617
edfbbb86c05a0aeb1bfb,11.318089485168457,24.5496826171875,0.07684490084648132,4099,618
fe7d7af2c919facfe5f5,15.13222885131836,30.15239906311035,0.21853533387184143,4099,200
9b1545dfa05c9439870b,15.13222885131836,30.15239906311035,0.21853533387184143,4099,201
c06e784aecc76cea9d63,15.13222885131836,30.15239906311035,0.21853533387184143,4099,202
bd3435c0f9b14ec7997d,18.4395751953125,37.77616882324219,0.5909498929977417,4099,65
29b39881584c4fec1c58,18.4395751953125,37.77616882324219,0.5909498929977417,4099,66
13ba7659fc6b864608f8,21.861434936523438,45.91221237182617,1.4651880264282227,4099,17
80f546c47198fa7c6dbf,21.861434936523438,45.91221237182617,1.4651880264282227,4099,18
8f1e0cc3cdc0e6164229,5.100353717803955,20.571001052856445,0.0713314637541771,4099,661
a35c364f4fd2ced1ec2e,15.150547981262207,32.97780227661133,0.19746847450733185,4099,242
04e162e0c1261108b4a0,15.150547981262207,32.97780227661133,0.19746847450733185,4099,243
70abe1d9543e6cae908e,15.150547981262207,32.97780227661133,0.19746847450733185,4099,244
f6b05afc9acf85dffb0f,19.028778076171875,39.713809967041016,0.09054608643054962,4099,521
905c8843dd27543205a5,19.028778076171875,39.713809967041016,0.09054608643054962,4099,522
8de30a7f5764c20b232e,19.028778076171875,39.713809967041016,0.09054608643054962,4099,523
1c25c350b171450ed58f,6.422190189361572,15.967438697814941,0.07705847918987274,4099,614
0be315008cf0a051a356,6.422190189361572,15.967438697814941,0.07705847918987274,4099,615
d0bae432e3ede2ada257,6.422190189361572,15.967438697814941,0.07705847918987274,4099,616
27c21665105a4679a090,8.270535469055176,14.037490844726562,0.1999550610780716,4099,234
bd23cfc20bb355e0a55e,8.270535469055176,14.037490844726562,0.1999550610780716,4099,235
e8d25b0f93b5bcf88daf,8.270535469055176,14.037490844726562,0.1999550610780716,4099,236
28ade707bfe458664f60,9.297541618347168,16.22631072998047,0.24655115604400635,4099,159
fa7b8202df1e985c228c,9.297541618347168,16.22631072998047,0.24655115604400635,4099,160
185b059eb1bfc13b1497,12.053446769714355,21.449424743652344,0.07273450493812561,4099,648
96ab5d3f34bf46cba8c0,12.053446769714355,21.449424743652344,0.07273450493812561,4099,649
ebf38d80f4c5674cf120,12.083447456359863,26.765901565551758,0.21701571345329285,4099,206
6a11b71a3fb682d5f6da,12.083447456359863,26.765901565551758,0.21701571345329285,4099,207
f1aa9023d49cdbe2d409,12.083447456359863,26.765901565551758,0.21701571345329285,4099,208
6defbf00ecb558b77d50,21.2137508392334,39.48039627075195,1.1332776546478271,4099,25
e0f2b47154fd134db700,21.2137508392334,39.48039627075195,1.1332776546478271,4099,26
d5234e966aa231be05e5,48.55730056762695,79.77115631103516,1.8846546411514282,4099,12
252c027cf5a42b92c953,48.55730056762695,79.77115631103516,1.8846546411514282,4099,13
89d752b5a7f7c8d0b91e,48.55730056762695,79.77115631103516,1.8846546411514282,4099,14
70cba7a21b5a01fb8e73,58.87870407104492,96.68902587890625,3.640620708465576,4099,2
942b8fc9cf013acda52b,58.87870407104492,96.68902587890625,3.640620708465576,4099,3
3bb54d92fcc3ef0fc388,6.500673294067383,11.796536445617676,0.07360746711492538,4099,640
d2b4c39faa51bb75bbfb,6.500673294067383,11.796536445617676,0.07360746711492538,4099,641
59bbda2fab97a5d45827,7.552774906158447,18.4908504486084,0.05066077411174774,4099,811
23dcf709250c2a40f363,7.552774906158447,18.4908504486084,0.05066077411174774,4099,812
702ba575d6a3442b9a3b,14.48827838897705,36.17362976074219,0.09916247427463531,4099,489
2e181a70e997f2b6d728,14.48827838897705,36.17362976074219,0.09916247427463531,4099,490
e83cbe662d2235b30b7e,14.48827838897705,36.17362976074219,0.09916247427463531,4099,491
f7f0c7d2b8250e0e304f,26.57915687561035,62.73491287231445,0.05061296746134758,4099,813
c5b88ffca991e883ab64,26.57915687561035,62.73491287231445,0.05061296746134758,4099,814
a6a0a963d4846bf4e4b9,6.64216947555542,13.401293754577637,0.07843449711799622,4099,600
235263d562c30a614801,6.64216947555542,13.401293754577637,0.07843449711799622,4099,601
64183c43d0683f720535,6.64216947555542,13.401293754577637,0.07843449711799622,4099,602
cf5c7a2e1940e3c09dd5,12.946678161621094,20.820653915405273,0.07664161920547485,4099,621
1ac98da1ee548520f15b,5.976600170135498,11.214591979980469,0.12240062654018402,4099,404
fae79bab43155a52988f,5.976600170135498,11.214591979980469,0.12240062654018402,4099,405
208139770ae1a480855b,5.976600170135498,11.214591979980469,0.12240062654018402,4099,406
8aeb3c33c4cded8425b9,8.302839279174805,16.211477279663086,0.0674983486533165,4099,683
ad807b2c1c0eaeab64ff,8.302839279174805,16.211477279663086,0.0674983486533165,4099,684
fda7c636d3595263aa76,8.302839279174805,16.211477279663086,0.0674983486533165,4099,685
96840797cfdea44e1467,10.89577579498291,20.31773567199707,0.10406019538640976,4099,467
6757824312738e94bd8e,10.89577579498291,20.31773567199707,0.10406019538640976,4099,468
2b266fc41757f88e8b09,10.89577579498291,20.31773567199707,0.10406019538640976,4099,469
3b41addf80b8138137db,9.801957130432129,27.131834030151367,0.2060318887233734,4099,230
9477a123ce00501a8d98,9.801957130432129,27.131834030151367,0.2060318887233734,4099,231
65e1a58ab8e4aa2f1eb6,9.801957130432129,27.131834030151367,0.2060318887233734,4099,232
fc452a2ea628a6c49dee,20.73308753967285,45.5566520690918,0.08204826712608337,4099,560
c86b03e1b275528444a6,20.73308753967285,45.5566520690918,0.08204826712608337,4099,561
a1a20c44f0f897b9626c,20.73308753967285,45.5566520690918,0.08204826712608337,4099,562
5695d3c04943153386bb,18.951087951660156,34.844234466552734,0.07510624825954437,4099,630
22214579a593fa764fe8,18.951087951660156,34.844234466552734,0.07510624825954437,4099,631
98dd7f94e58da879b609,6.038997173309326,11.559062004089355,0.0887046679854393,4099,533
72113bad4beb4e7b8852,6.038997173309326,11.559062004089355,0.0887046679854393,4099,534
66454b90cefcad2e4125,6.038997173309326,11.559062004089355,0.0887046679854393,4099,535
7412eddb17268ce380c7,7.727186679840088,14.72289752960205,0.0850701779127121,4099,549
bd2d2667de61e29eaea3,7.727186679840088,14.72289752960205,0.0850701779127121,4099,550
011d2598865d3a81a17d,7.727186679840088,14.72289752960205,0.0850701779127121,4099,551
cd3c75eca39365e943e4,6.614165782928467,12.939048767089844,0.0602874830365181,4099,739
c63ed0daca6f4e0f5c52,6.614165782928467,12.939048767089844,0.0602874830365181,4099,740
27f29e20ad7b3f90539d,6.614165782928467,12.939048767089844,0.0602874830365181,4099,741
c11cd3254f56bcefba08,6.797640323638916,13.852787971496582,0.053131528198719025,4099,792
f2a71cf81760d14bc8cf,6.797640323638916,13.852787971496582,0.053131528198719025,4099,793
b74e52e34e191277dd69,6.797640323638916,13.852787971496582,0.053131528198719025,4099,794
ce2b3297b07008700156,8.011414527893066,17.002283096313477,0.07318498194217682,4099,645
e6bb62e22d0626fdef09,8.011414527893066,17.002283096313477,0.07318498194217682,4099,646
70128b3aa68fb18aa17c,8.011414527893066,17.002283096313477,0.07318498194217682,4099,647
4cacfd98f3f85dc0dc0e,8.432727813720703,18.81293296813965,0.1158100962638855,4099,432
cab3569f3fc4029f86a0,8.432727813720703,18.81293296813965,0.1158100962638855,4099,433
8fa8d7ec035c6a829dc4,8.641151428222656,19.898170471191406,0.1365320235490799,4099,375
ce9886eee330bc401615,8.641151428222656,19.898170471191406,0.1365320235490799,4099,376
18027828dc8e021e6926,6.588058948516846,7.020853042602539,0.07105526328086853,4099,662
dd12114cad5ecbbef4df,6.588058948516846,7.020853042602539,0.07105526328086853,4099,663
68c511d842fc030aa84b,6.382072925567627,14.174731254577637,0.2554340362548828,4099,149
d997636736faa38ac83a,6.382072925567627,14.174731254577637,0.2554340362548828,4099,150
8e17cb06a37c48cc9ab5,6.382072925567627,14.174731254577637,0.2554340362548828,4099,151
df71c07fd931cc29213b,15.29595947265625,25.332433700561523,0.09251908212900162,4099,516
a247cee7090fdbb110b4,15.29595947265625,25.332433700561523,0.09251908212900162,4099,517
15e10c24f9edb12543a2,15.29595947265625,25.332433700561523,0.09251908212900162,4099,518
5ba8cead5a790ba93029,16.86278533935547,41.42367172241211,0.19147078692913055,4099,251
e82a87ee526fdd9b1e8d,16.86278533935547,41.42367172241211,0.19147078692913055,4099,252
d3047299bd8817ee87dd,20.225229263305664,36.47648620605469,0.08962897956371307,4099,524
ce39d1762993bbbafaca,20.225229263305664,36.47648620605469,0.08962897956371307,4099,525
b070c3657459c06a4df1,20.225229263305664,36.47648620605469,0.08962897956371307,4099,526
059f6c0a20aabe8124a1,6.777288913726807,15.631457328796387,0.050713688135147095,4099,809
0f35c2146c21fa6ac372,6.777288913726807,15.631457328796387,0.050713688135147095,4099,810
ff9bcaab8e95f60d70bc,21.215961456298828,36.81370162963867,0.05606060102581978,4099,760
b645df00945e594953a6,21.215961456298828,36.81370162963867,0.05606060102581978,4099,761
a15744dbeb99bc224e40,21.215961456298828,36.81370162963867,0.05606060102581978,4099,762
c973d4c257be9ef08216,17.731033325195312,37.83174514770508,0.10174787044525146,4099,473
91b6bda771851a5c78ac,17.731033325195312,37.83174514770508,0.10174787044525146,4099,474
4db6b065867770d9dbd9,7.656108379364014,16.506776809692383,0.08910565078258514,4099,527
22f4e0f26e7ff02e1054,7.656108379364014,16.506776809692383,0.08910565078258514,4099,528
82b6eb1475767aca619f,7.656108379364014,16.506776809692383,0.08910565078258514,4099,529
f433bc672465387d951a,39.47240447998047,64.91466522216797,0.25976115465164185,4099,143
75232f4ee5de52a0499e,39.47240447998047,64.91466522216797,0.25976115465164185,4099,144
d05a91dc8e32e9edd7d0,39.47240447998047,64.91466522216797,0.25976115465164185,4099,145
208f579ed4ec9c458ceb,8.217920303344727,22.494646072387695,0.06508589535951614,4099,708
904fa4a17e429d0616f5,8.217920303344727,22.494646072387695,0.06508589535951614,4099,709
a05989f2de32dc6a3f64,8.217920303344727,22.494646072387695,0.06508589535951614,4099,710
a01a137fa48c1391b9e7,20.50291633605957,49.02995681762695,0.5578083395957947,4099,69
c08c4700ae34281b3318,20.50291633605957,49.02995681762695,0.5578083395957947,4099,70
df6457ca86c98c073bf6,20.50291633605957,49.02995681762695,0.5578083395957947,4099,71
a5f9179bfb146ad70953,37.300392150878906,86.0368423461914,1.0773533582687378,4099,32
c28747d70e7b51a1cc95,37.300392150878906,86.0368423461914,1.0773533582687378,4099,33
b85305d91a9e7cfa6005,37.300392150878906,86.0368423461914,1.0773533582687378,4099,34
c6159dcb5802e62284d1,16.58287811279297,27.11322593688965,0.1814841628074646,4099,275
a47a3987d45e7c542d38,16.58287811279297,27.11322593688965,0.1814841628074646,4099,276
606886b17304ec494aa0,42.780181884765625,94.1530532836914,0.12483850866556168,4099,400
b6f1b33a5491968c645e,42.780181884765625,94.1530532836914,0.12483850866556168,4099,401
3b2c663a28a9f32bd1d3,42.780181884765625,94.1530532836914,0.12483850866556168,4099,402
c70b471334f9747d6f98,30.395347595214844,70.9368667602539,0.4282341003417969,4099,97
3ccd6444c8a55917fbf8,30.395347595214844,70.9368667602539,0.4282341003417969,4099,98
9bc73e0c27d4d6b44abb,30.395347595214844,70.9368667602539,0.4282341003417969,4099,99
471287eecf7b94603e9e,8.109023094177246,16.474462509155273,0.11454407870769501,4099,434
fc911fe23a3e1e8e87d2,8.109023094177246,16.474462509155273,0.11454407870769501,4099,435
a92f7617b135de150588,10.778883934020996,25.432924270629883,0.1483548879623413,4099,339
3fbf4a3d05e84138e1e2,10.778883934020996,25.432924270629883,0.1483548879623413,4099,340
f91285c618eacb53538b,10.778883934020996,25.432924270629883,0.1483548879623413,4099,341
762190c8d9f5b2d1a89a,7.058218479156494,19.828336715698242,0.11589411646127701,4099,429
efe7c6b0783a33974807,7.058218479156494,19.828336715698242,0.11589411646127701,4099,430
075c4b8bd77f0a8b34bc,7.058218479156494,19.828336715698242,0.11589411646127701,4099,431
183af335033005f96b97,9.880260467529297,24.787790298461914,0.0815676897764206,4099,563
6b7209c2e8154837a8c7,9.880260467529297,24.787790298461914,0.0815676897764206,4099,564
9fcf89b00bb880c8a5ba,9.880260467529297,24.787790298461914,0.0815676897764206,4099,565
5a7a5139767fda9f7e9a,9.255532264709473,16.67411994934082,0.1279415339231491,4099,388
0b8c6c59ae5e24b420e5,9.255532264709473,16.67411994934082,0.1279415339231491,4099,389
b66aa101a244885dd587,9.255532264709473,16.67411994934082,0.1279415339231491,4099,390
95d1d257dfea69f178f8,11.076184272766113,20.7707576751709,0.3849545419216156,4099,109
9a87a9343e800f08cbb2,4.924129962921143,12.980698585510254,0.057564787566661835,4099,754
6e2d6c528ed6d4a81f3a,4.924129962921143,12.980698585510254,0.057564787566661835,4099,755
85021fbdc4a98f7e9242,4.924129962921143,12.980698585510254,0.057564787566661835,4099,756
13aa7f454204d054a196,3.8324477672576904,12.784732818603516,0.07098126411437988,4099,664
4003f255f44e82ee0975,3.8324477672576904,12.784732818603516,0.07098126411437988,4099,665
9948433906d4afa41345,3.8324477672576904,12.784732818603516,0.07098126411437988,4099,666
52b474514f1e9ba6c4d2,6.385557651519775,13.09984302520752,0.12740351259708405,4099,391
d6f36b5de45565d68603,6.385557651519775,13.09984302520752,0.12740351259708405,4099,392
8f683baab6101dc15006,6.385557651519775,13.09984302520752,0.12740351259708405,4099,393
6d7b9c18dcb836a2b09c,6.487440586090088,14.464991569519043,0.1760086715221405,4099,296
195ef0093f90d8fd51ad,6.487440586090088,14.464991569519043,0.1760086715221405,4099,297
aa43fe84c0d8c825fe58,11.036046028137207,37.798519134521484,0.06444744020700455,4099,712
5e276c1730fc0a9deba7,11.036046028137207,37.798519134521484,0.06444744020700455,4099,713
5b706e17e8412d02342f,29.482576370239258,76.32615661621094,1.00686514377594,4099,38
4862e2fb71344ce16021,29.482576370239258,76.32615661621094,1.00686514377594,4099,39
90e23af4d5769cd8b21a,5.573011875152588,15.217788696289062,0.06602417677640915,4099,697
ece04d0c0a926ed06e11,5.573011875152588,15.217788696289062,0.06602417677640915,4099,698
87feacbcbae05abe90a8,5.573011875152588,15.217788696289062,0.06602417677640915,4099,699
5e5b7c697bc0c268b288,16.86278533935547,41.42367172241211,0.19147078692913055,4099,253
8db24ae10df4095ada47,16.86278533935547,41.42367172241211,0.19147078692913055,4099,254
a738b1f204da6fcfd385,8.537890434265137,30.62945556640625,0.07741796970367432,4099,612
59b54ad3a60a52cc2b2c,8.537890434265137,30.62945556640625,0.07741796970367432,4099,613
a17bcdddcf0799baeee2,20.008493423461914,56.87944030761719,0.474337637424469,4099,85
1395836aef00d6a880b0,20.008493423461914,56.87944030761719,0.474337637424469,4099,86
a8ae74aecb3b1e85b73c,10.166922569274902,25.27414894104004,0.18867038190364838,4099,266
fbf7711e24f45bf06d4f,10.166922569274902,25.27414894104004,0.18867038190364838,4099,267
537a64f15ea470d73b03,10.166922569274902,25.27414894104004,0.18867038190364838,4099,268
ad833f34f6b91872362d,25.733312606811523,65.92391204833984,0.39549726247787476,4099,106
b4e0e9dc92fca2c88b90,25.733312606811523,65.92391204833984,0.39549726247787476,4099,107
fe66b2381d33aa2ea3a8,25.733312606811523,65.92391204833984,0.39549726247787476,4099,108
19732d5797039e3465b6,9.770709037780762,25.10149383544922,0.13296955823898315,4099,380
0c24b9414856413c9a67,9.770709037780762,25.10149383544922,0.13296955823898315,4099,381
f9d4d16c9703edbbe541,9.770709037780762,25.10149383544922,0.13296955823898315,4099,382
141a4d64a7d140eefdc3,5.761213779449463,17.982681274414062,0.11614026874303818,4099,428
e76b02e4aa682c4153d0,4.9105448722839355,20.928857803344727,0.06669724732637405,4099,692
ea9c116dcd66aca4039c,4.9105448722839355,20.928857803344727,0.06669724732637405,4099,693
e5c683a60b64d9cc299c,4.9105448722839355,20.928857803344727,0.06669724732637405,4099,694
b0802294da4fd71d0f9d,13.969009399414062,31.427797317504883,0.08433392643928528,4099,552
bae9d67e095423d8edd2,13.969009399414062,31.427797317504883,0.08433392643928528,4099,553
eee61f9b1be6b1acbef0,4.559177398681641,11.064242362976074,0.05811377987265587,4099,751
1d1e8e2d695f325f148e,4.559177398681641,11.064242362976074,0.05811377987265587,4099,752
ef36ab8e507cfc035f9f,4.559177398681641,11.064242362976074,0.05811377987265587,4099,753
de48048a8916e9bf8c99,6.428800582885742,14.277591705322266,0.09444428235292435,4099,508
2050f421f2e882689760,6.428800582885742,14.277591705322266,0.09444428235292435,4099,509
585b6d8a77a998f21285,6.428800582885742,14.277591705322266,0.09444428235292435,4099,510
9fc58dd991e905ad49bb,8.761829376220703,18.10698890686035,0.24233096837997437,4099,166
b68827d8848513f2ec18,8.761829376220703,18.10698890686035,0.24233096837997437,4099,167
054d4605355a706a3605,8.761829376220703,18.10698890686035,0.24233096837997437,4099,168
9139c55b31e4e4b0e062,11.473979949951172,16.667070388793945,0.16080214083194733,4099,312
d11074f9c4f74061ba15,11.473979949951172,16.667070388793945,0.16080214083194733,4099,313
ce58f28250c053410654,11.473979949951172,16.667070388793945,0.16080214083194733,4099,314
5885d427a26f03e522f3,19.940574645996094,29.201807022094727,0.2110568732023239,4099,222
62e730f8ad10cbdd613b,19.940574645996094,29.201807022094727,0.2110568732023239,4099,223
eb151126b40eda411ab7,19.940574645996094,29.201807022094727,0.2110568732023239,4099,224
fbfb34ddee14b1ea50b1,24.93242073059082,38.72447204589844,0.23311005532741547,4099,178
dea19ed5b8959a2a6619,24.93242073059082,38.72447204589844,0.23311005532741547,4099,179
04ea307c7b7f3321cc20,24.93242073059082,38.72447204589844,0.23311005532741547,4099,180
9ed7c1fb1c2cc499bbf9,26.54322624206543,44.34684371948242,0.2700572609901428,4099,137
080258046c2cae5fb2ab,26.54322624206543,44.34684371948242,0.2700572609901428,4099,138
66747ae127e03516ffda,26.54322624206543,44.34684371948242,0.2700572609901428,4099,139
9a1fe5d1bcd45919e081,6.166122913360596,14.564620971679688,0.1548621952533722,4099,329
c19a58904344cbc4c80b,6.166122913360596,14.564620971679688,0.1548621952533722,4099,330
3eeaab90fb52af252a51,8.170330047607422,19.2713565826416,0.189225971698761,4099,261
49774197068e5ae66f69,8.170330047607422,19.2713565826416,0.189225971698761,4099,262
ba5381d85ba24754040c,8.170330047607422,19.2713565826416,0.189225971698761,4099,263
b2bf97a1dcb9d6609f7d,4.574321269989014,10.475111961364746,0.07683860510587692,4099,619
3554059c7f0676bb2e03,4.574321269989014,10.475111961364746,0.07683860510587692,4099,620
9ddc2e8babb52ee8e772,7.677365779876709,15.273703575134277,0.14282602071762085,4099,358
b060fa3ae84f80e773d2,7.677365779876709,15.273703575134277,0.14282602071762085,4099,359
d49f2ae16cf70d54ccf4,7.677365779876709,15.273703575134277,0.14282602071762085,4099,360
199cdd47b9f05e12aaa1,12.980548858642578,23.098175048828125,0.050257015973329544,4099,819
b4877b0011db295949d5,12.980548858642578,23.098175048828125,0.050257015973329544,4099,820
0ca8af12f55d34f0dfd9,12.980548858642578,23.098175048828125,0.050257015973329544,4099,821
a19f98569910dc7fd6c4,20.00778579711914,32.89181137084961,0.2556065022945404,4099,146
ff3b6b1069b7d66ad021,20.00778579711914,32.89181137084961,0.2556065022945404,4099,147
8f5452ff0e84ab2e2057,20.00778579711914,32.89181137084961,0.2556065022945404,4099,148
fd3a369b0bc0681cddd7,6.286130428314209,12.538700103759766,0.05491923540830612,4099,782
086c54fea97e433c7cd8,6.286130428314209,12.538700103759766,0.05491923540830612,4099,783
5b59ad006ee758a4691e,6.286130428314209,12.538700103759766,0.05491923540830612,4099,784
810b16f35a3a86f451ce,24.261734008789062,47.84529113769531,0.1399925947189331,4099,369
b7cbf8a3f54b6d586198,24.261734008789062,47.84529113769531,0.1399925947189331,4099,370
8a4623d640cc619f2639,24.261734008789062,47.84529113769531,0.1399925947189331,4099,371
2f5ad80c46080b17df41,6.080210208892822,13.568431854248047,0.09774249792098999,4099,495
87a651fc86ed976bd374,6.080210208892822,13.568431854248047,0.09774249792098999,4099,496
59f48cda668bdb63730d,6.080210208892822,13.568431854248047,0.09774249792098999,4099,497
c6e28d5262ab7fb32107,7.72373628616333,14.199546813964844,0.0680067241191864,4099,680
d834329bf2be8835bae6,7.72373628616333,14.199546813964844,0.0680067241191864,4099,681
942c95c0b3a64c876639,7.72373628616333,14.199546813964844,0.0680067241191864,4099,682
4f88870ad666191b8ea7,6.879049777984619,16.477933883666992,0.05007901042699814,4099,833
86258f5c8ffdb874521f,6.879049777984619,16.477933883666992,0.05007901042699814,4099,834
c80022254967f6a925f3,22.7646427154541,42.175048828125,0.1839187741279602,4099,272
25fcfe22a4504f391482,22.7646427154541,42.175048828125,0.1839187741279602,4099,273
67fa39740fcf946a3154,22.7646427154541,42.175048828125,0.1839187741279602,4099,274
2cc7c8ae52cdb25ca284,11.460025787353516,22.165353775024414,0.3512667417526245,4099,118
989b2145455d703d3b6d,11.460025787353516,22.165353775024414,0.3512667417526245,4099,119
64c9e190e213bb061867,11.460025787353516,22.165353775024414,0.3512667417526245,4099,120
87265e4a49086b6ac4eb,18.377561569213867,33.48017501831055,0.6287151575088501,4099,59
10ea0c665f5ba7c91bbf,18.377561569213867,33.48017501831055,0.6287151575088501,4099,60
0655d71fcec0d1c3c73f,18.377561569213867,33.48017501831055,0.6287151575088501,4099,61
3163a9b58f1a52a1992c,26.460662841796875,49.1537971496582,0.2678735554218292,4099,140
84457536bb50a7061808,4.495159149169922,7.029001235961914,0.07562705874443054,4099,622
6700854991c876090fca,4.495159149169922,7.029001235961914,0.07562705874443054,4099,623
ac5d83c43c312ae6b483,4.495159149169922,7.029001235961914,0.07562705874443054,4099,624
9a9b50816ec47f1cd755,6.584784030914307,14.692489624023438,0.09883581101894379,4099,492
20d919989660f0116d9e,6.584784030914307,14.692489624023438,0.09883581101894379,4099,493
f868ccbcbf392038fe36,6.584784030914307,14.692489624023438,0.09883581101894379,4099,494
64f99f02d02cc2d0791d,5.927017688751221,13.1537504196167,0.0740911215543747,4099,632
31232902f2b6f3a67c60,5.927017688751221,13.1537504196167,0.0740911215543747,4099,633
6f827d26c4f82a1bfa90,5.927017688751221,13.1537504196167,0.0740911215543747,4099,634
6a4e95d2a3cca31094a1,8.434379577636719,22.249252319335938,0.22818884253501892,4099,187
0460dfc4e1747f0fc92c,8.434379577636719,22.249252319335938,0.22818884253501892,4099,188
22f82413c75481d74e9b,8.434379577636719,22.249252319335938,0.22818884253501892,4099,189
29db30571b2a1ae59cc7,28.10260772705078,72.67765045166016,0.11226896941661835,4099,449
b51b5dbcd2a38b174973,28.10260772705078,72.67765045166016,0.11226896941661835,4099,450
bd04bce318b9a6fe2f60,5.00570821762085,11.797954559326172,0.1297166496515274,4099,385
3bb1d388702c98c505de,5.00570821762085,11.797954559326172,0.1297166496515274,4099,386
8340b51546d211789a45,5.00570821762085,11.797954559326172,0.1297166496515274,4099,387
26d65d4171bcd03f7ee3,6.290435791015625,14.231917381286621,0.14795324206352234,4099,347
0ee34370dd3159941bdc,6.290435791015625,14.231917381286621,0.14795324206352234,4099,348
1965d663b09320f566a5,4.694003582000732,14.31688404083252,0.07745485752820969,4099,609
c59ffcab9329339d3e91,4.694003582000732,14.31688404083252,0.07745485752820969,4099,610
40b5d3fdb9b234c05be5,4.694003582000732,14.31688404083252,0.07745485752820969,4099,611
8048dcef1d7c5237b474,4.042548656463623,12.989540100097656,0.05672532320022583,4099,757
8ba04fd976f536e8340b,4.042548656463623,12.989540100097656,0.05672532320022583,4099,758
f82ada7b7829522e1c9c,4.042548656463623,12.989540100097656,0.05672532320022583,4099,759
6348f80546c20a88b318,6.3051276206970215,11.779739379882812,0.08023050427436829,4099,579
8755c59209c36519ca2d,6.3051276206970215,11.779739379882812,0.08023050427436829,4099,580
0d1de4d9779730c6f1e1,6.3051276206970215,11.779739379882812,0.08023050427436829,4099,581
b9682bf3eb345e24a41f,6.5964508056640625,12.708580017089844,0.12238802760839462,4099,407
e7822c39ef85d865552b,6.5964508056640625,12.708580017089844,0.12238802760839462,4099,408
60177694d9cd2c7da064,6.5964508056640625,12.708580017089844,0.12238802760839462,4099,409
d5b6201c7690d729361c,7.159745693206787,13.838404655456543,0.17918498814105988,4099,284
51b57cfd0a20117aab60,7.159745693206787,13.838404655456543,0.17918498814105988,4099,285
906af8aff07cf20bb607,7.121318340301514,11.033984184265137,0.08121705055236816,4099,573
2d5adb5a4d8b98e22d1e,7.121318340301514,11.033984184265137,0.08121705055236816,4099,574
44836ca8081c1f1afc9a,7.121318340301514,11.033984184265137,0.08121705055236816,4099,575
d2b7a89da45496f37d78,8.265362739562988,13.37254810333252,0.1714405119419098,4099,302
6f508025e3429b20ff7f,8.265362739562988,13.37254810333252,0.1714405119419098,4099,303
76adbcf0cdc6b3eed8e3,8.265362739562988,13.37254810333252,0.1714405119419098,4099,304
acb69a388b3ff309b6c0,8.673030853271484,15.140643119812012,0.1902059018611908,4099,258
783440b6fe10f6a948a3,8.673030853271484,15.140643119812012,0.1902059018611908,4099,259
6ab30af49df4a72750ac,8.673030853271484,15.140643119812012,0.1902059018611908,4099,260
7c0c324643799c918828,10.011180877685547,25.383447647094727,0.294980525970459,4099,132
a6145bb0c9947f9515df,44.77724075317383,81.99665069580078,1.6383289098739624,4099,15
cdf40bcb3f4392f8d7d1,44.77724075317383,81.99665069580078,1.6383289098739624,4099,16
b7cf293311f83700cd9a,57.060970306396484,103.50725555419922,6.790688514709473,4099,1
13f4ada439a309a538b8,9.010496139526367,17.982057571411133,0.07813911139965057,4099,606
105457e008d11073c7b7,9.010496139526367,17.982057571411133,0.07813911139965057,4099,607
c7e762106a9ec0d9ea75,9.010496139526367,17.982057571411133,0.07813911139965057,4099,608
8e701efd2ee4729edc4b,28.52748680114746,41.9542121887207,0.0784449353814125,4099,597
12ab195583f05b9aa177,28.52748680114746,41.9542121887207,0.0784449353814125,4099,598
6ce607e4fe208a186dff,28.52748680114746,41.9542121887207,0.0784449353814125,4099,599
54be765bfa5d47a7d908,7.257165431976318,22.490942001342773,0.05531669408082962,4099,770
41bda518b4b1e6fe001d,7.257165431976318,22.490942001342773,0.05531669408082962,4099,771
2d55c475fcf1f4ced2d2,7.257165431976318,22.490942001342773,0.05531669408082962,4099,772
425fe9dfe0c3f345460b,32.31892395019531,56.29072189331055,0.1193925142288208,4099,412
a44a22945d76c02aa6a7,32.31892395019531,56.29072189331055,0.1193925142288208,4099,413
c65ac14ffed8749381c1,32.31892395019531,56.29072189331055,0.1193925142288208,4099,414
d76d74e2a624a532f9f8,3.9714343547821045,7.092771053314209,0.052892718464136124,4099,795
92212e7e2eb760820a7b,3.9714343547821045,7.092771053314209,0.052892718464136124,4099,796
b0b245affce834e336c5,3.9714343547821045,7.092771053314209,0.052892718464136124,4099,797
6fbc3a0669e9db3520ba,5.5907979011535645,11.026822090148926,0.15212781727313995,4099,335
8aa864c9e33df9bb1a6a,5.5907979011535645,11.026822090148926,0.15212781727313995,4099,336
bc2a96424966b655227f,5.5907979011535645,11.026822090148926,0.15212781727313995,4099,337
9d7b71b3f9f6ea222bc1,7.798974514007568,19.0473690032959,0.07212983071804047,4099,653
81507d463506a9e65e73,7.798974514007568,19.0473690032959,0.07212983071804047,4099,654
74ce463c8423fbd22dc4,13.985054969787598,39.028202056884766,0.0958041176199913,4099,500
6573d8f84faaf7ce4a78,13.985054969787598,39.028202056884766,0.0958041176199913,4099,501
2dbfdf9c2d5defd09f7a,13.985054969787598,39.028202056884766,0.0958041176199913,4099,502
1cc3b837c6561b1c0a23,37.63948440551758,82.1883773803711,3.6345725059509277,4099,4
a421784c91de559c18e0,37.63948440551758,82.1883773803711,3.6345725059509277,4099,5
5d530b2f228ed39ff952,37.63948440551758,82.1883773803711,3.6345725059509277,4099,6
c4bb286978fe9078a303,31.59308433532715,60.58757400512695,2.43314266204834,4099,7
9e3f598e00375ec93d9b,31.59308433532715,60.58757400512695,2.43314266204834,4099,8
ca467c94f14b2219503e,31.59308433532715,60.58757400512695,2.43314266204834,4099,9
ab1a7e6641e6478991f4,5.9476189613342285,10.344820976257324,0.07339920103549957,4099,642
94be7930f29fabd4159d,5.9476189613342285,10.344820976257324,0.07339920103549957,4099,643
a0b3373af5a61bb4c870,5.9476189613342285,10.344820976257324,0.07339920103549957,4099,644
29adbc6e2d4e3aeac537,5.723247051239014,11.338473320007324,0.0840025469660759,4099,554
99c52c931d5bd0f365b0,5.723247051239014,11.338473320007324,0.0840025469660759,4099,555
25099bfb713642a2e7fe,5.723247051239014,11.338473320007324,0.0840025469660759,4099,556
88d22d4f503314c0e664,6.712486267089844,11.453353881835938,0.05025459825992584,4099,822
e4165f66799cc8d96b23,6.712486267089844,11.453353881835938,0.05025459825992584,4099,823
b81fe27eac5700614ba2,6.712486267089844,11.453353881835938,0.05025459825992584,4099,824
60c07f57327c89c83ae9,12.151658058166504,20.042848587036133,0.09414689242839813,4099,511
d415596f22ad889a6d7b,12.151658058166504,20.042848587036133,0.09414689242839813,4099,512
a7adf2acd9c98e468b6a,12.151658058166504,20.042848587036133,0.09414689242839813,4099,513
aafc5710406e440a4c8f,18.710533142089844,31.11037254333496,0.08059734106063843,4099,577
04c495d5b53e3b1bceb7,18.710533142089844,31.11037254333496,0.08059734106063843,4099,578
8c4e370263f89adb3bc6,12.714520454406738,27.934640884399414,0.1411774456501007,4099,366
53d14fe6b27f5c325b09,12.714520454406738,27.934640884399414,0.1411774456501007,4099,367
101e73ea321226570290,12.714520454406738,27.934640884399414,0.1411774456501007,4099,368
4c3dce39521dcb1793a1,17.09273338317871,40.59415054321289,0.2071126401424408,4099,227
da4ade272ce8100d5b06,17.09273338317871,40.59415054321289,0.2071126401424408,4099,228
1d0ef0d2f4d834d5a1bb,17.09273338317871,40.59415054321289,0.2071126401424408,4099,229
c698067a7f9c576a34a2,22.42620086669922,55.86073303222656,0.18509060144424438,4099,269
5ff3e81c102706da6a30,22.42620086669922,55.86073303222656,0.18509060144424438,4099,270
1c312750e15ff66c6243,22.42620086669922,55.86073303222656,0.18509060144424438,4099,271
e85d76beae17d6b6ada4,2.8733208179473877,9.14333724975586,0.062438562512397766,4099,730
61da71e94577a4d66028,2.8733208179473877,9.14333724975586,0.062438562512397766,4099,731
a539b04b0ab3606e7dd3,7.1370849609375,13.029719352722168,0.14209754765033722,4099,363
e88fbf312cd49dd88cef,7.1370849609375,13.029719352722168,0.14209754765033722,4099,364
032d9fbb133dff53e005,7.1370849609375,13.029719352722168,0.14209754765033722,4099,365
3c273e7c71bbc8fb4fc9,6.459295749664307,18.603757858276367,0.15748640894889832,4099,315
5b46916999f1668c7409,6.459295749664307,18.603757858276367,0.15748640894889832,4099,316
e21a50fea625cd4d71f8,6.9039306640625,23.934707641601562,0.3172244429588318,4099,126
5673d1c9567dd502bdc8,6.9039306640625,23.934707641601562,0.3172244429588318,4099,127
2df9d2f88ac69c5229e5,9.466105461120605,28.12456512451172,0.6879797577857971,4099,51
b952320a29f6923f8c36,9.466105461120605,28.12456512451172,0.6879797577857971,4099,52
c8324c0c30b89615c5fe,9.466105461120605,28.12456512451172,0.6879797577857971,4099,53
42b3b7216aee53ebe1cc,11.752324104309082,32.56624984741211,1.082735538482666,4099,29
f2f1228ed527e78379ef,11.752324104309082,32.56624984741211,1.082735538482666,4099,30
10c3ccc6c179f32c6ff3,11.752324104309082,32.56624984741211,1.082735538482666,4099,31
2d27f02deb37eeb61bfe,6.803140163421631,15.200549125671387,0.09599025547504425,4099,498
ef909b1f112d3493ba8a,6.803140163421631,15.200549125671387,0.09599025547504425,4099,499
ddb0a18bcd9c5fc460c2,7.7130818367004395,18.18523406982422,0.11834988743066788,4099,416
2bd50654bad989d82c87,7.7130818367004395,18.18523406982422,0.11834988743066788,4099,417
5fc9dcdecdbc52f2e3ea,9.987452507019043,25.546768188476562,0.2669023275375366,4099,142
502fb676c48c491c8131,13.697619438171387,37.74696731567383,0.6780508160591125,4099,56
8677f09af6df7d38aa80,13.697619438171387,37.74696731567383,0.6780508160591125,4099,57
de3442604a546992b1e1,13.697619438171387,37.74696731567383,0.6780508160591125,4099,58
b2ac848cc42390b01b9f,18.165653228759766,51.67775344848633,0.9646939635276794,4099,41
c53330d840e277502386,18.165653228759766,51.67775344848633,0.9646939635276794,4099,42
65d07ddf4c4bdb3cf60b,18.165653228759766,51.67775344848633,0.9646939635276794,4099,43
62d1db91c3839882736a,23.14240074157715,64.48563385009766,1.3181544542312622,4099,19
63cda70afb5b740e4fa4,23.14240074157715,64.48563385009766,1.3181544542312622,4099,20
b51a88b6dc4049704214,23.14240074157715,64.48563385009766,1.3181544542312622,4099,21
a2febf036cd726eb4526,4.227637767791748,13.440967559814453,0.1145230084657669,4099,436
e831674d417af7d27b38,4.227637767791748,13.440967559814453,0.1145230084657669,4099,437
a0f9239bbc5df8c3f8e9,5.4380669593811035,14.534960746765137,0.10060039162635803,4099,480
181f4a164df2a06f6b96,5.4380669593811035,14.534960746765137,0.10060039162635803,4099,481
6cb80aa01247c6623418,5.4380669593811035,14.534960746765137,0.10060039162635803,4099,482
912c3bd62a46978c8a22,7.484785556793213,14.072003364562988,0.061233457177877426,4099,732
e5ed03aa8e15ca165b73,7.484785556793213,14.072003364562988,0.061233457177877426,4099,733
9b63440194c1907efecf,7.137329578399658,14.153021812438965,0.1250419020652771,4099,396
16cee53cbe16b60fb395,7.137329578399658,14.153021812438965,0.1250419020652771,4099,397
43d0ea8af460a7ac5934,6.0804762840271,16.049171447753906,0.2175014317035675,4099,203
fc14674e86364aa7b0fb,6.0804762840271,16.049171447753906,0.2175014317035675,4099,204
6b6145a0e01f7925a8fa,6.0804762840271,16.049171447753906,0.2175014317035675,4099,205
d25f0f076234ccfb1916,5.817128658294678,17.625083923339844,0.21228040754795074,4099,219
e437adb333e7b4f4021c,5.817128658294678,17.625083923339844,0.21228040754795074,4099,220
002ce3d7c637632f0ebe,5.817128658294678,17.625083923339844,0.21228040754795074,4099,221
8ab3606b0d15babbd1c7,5.965749740600586,20.18417739868164,0.17635175585746765,4099,291
f6ee035f6a2a7082604a,5.965749740600586,20.18417739868164,0.17635175585746765,4099,292
2c8bdc7f29ed47c7ce61,5.965749740600586,20.18417739868164,0.17635175585746765,4099,293
f3f7cfc40e5b84b18566,6.14767599105835,15.139592170715332,0.11275052279233932,4099,445
a49c6f33892af620bdd9,6.14767599105835,15.139592170715332,0.11275052279233932,4099,446
b673a92ba6de805c4251,6.14767599105835,15.139592170715332,0.11275052279233932,4099,447
f90d9086f1becceab5c7,4.8808207511901855,13.146232604980469,0.06601925194263458,4099,700
3531227af9fe32de30eb,4.8808207511901855,13.146232604980469,0.06601925194263458,4099,701
da42a0a387a029f477c4,5.696802616119385,16.85667610168457,0.10764990746974945,4099,458
71a0de5c629cd04d2582,5.696802616119385,16.85667610168457,0.10764990746974945,4099,459
02da4f87ea8775ba0ce2,5.696802616119385,16.85667610168457,0.10764990746974945,4099,460
c17fee6d4419cf961d3a,6.556399822235107,19.201175689697266,0.1910019963979721,4099,255
f10605f57638fcf2b4fb,6.556399822235107,19.201175689697266,0.1910019963979721,4099,256
2ced3ffcad9d3e3d21e1,6.556399822235107,19.201175689697266,0.1910019963979721,4099,257
2353a25bf629e6525ba2,7.116016387939453,21.115394592285156,0.3138139843940735,4099,128
6344eef305d5c2c9e159,7.116016387939453,21.115394592285156,0.3138139843940735,4099,129
6a9df58ba750ae76df13,7.116016387939453,21.115394592285156,0.3138139843940735,4099,130
ebf7b4153d41109de784,8.573029518127441,16.28672218322754,0.10287044197320938,4099,470
1d458e17713f9272f4ef,8.573029518127441,16.28672218322754,0.10287044197320938,4099,471
9080bab87590c8139195,8.573029518127441,16.28672218322754,0.10287044197320938,4099,472
36b77874ca1dec2a4bdb,9.552294731140137,18.645259857177734,0.13435617089271545,4099,377
ae66743d0808a4a8cc80,9.552294731140137,18.645259857177734,0.13435617089271545,4099,378
8bd97d062735af1ba0aa,9.552294731140137,18.645259857177734,0.13435617089271545,4099,379
e4a7e43d15fcdee2ba1d,10.479180335998535,25.938047409057617,1.9285444021224976,4099,10
f156391514f509a6ea3a,10.479180335998535,25.938047409057617,1.9285444021224976,4099,11
bd62986a3ea6d28161ec,7.50336217880249,15.130783081054688,0.2381921410560608,4099,175
ef3f1cc179493a050c5c,7.50336217880249,15.130783081054688,0.2381921410560608,4099,176
ec71ea81bb34e0bf505e,7.50336217880249,15.130783081054688,0.2381921410560608,4099,177
9628ee594f3917a9e364,6.132317066192627,11.312355041503906,0.071339912712574,4099,658
705d1b2999659e6d5bbf,6.132317066192627,11.312355041503906,0.071339912712574,4099,659
75adc7367152310b089f,6.132317066192627,11.312355041503906,0.071339912712574,4099,660
7c50b9dc5e2577123b92,8.80386734008789,21.97513771057129,0.09955200552940369,4099,486
2f9a457ea51fb6156dbc,8.80386734008789,21.97513771057129,0.09955200552940369,4099,487
0774ceee565be86b891c,8.80386734008789,21.97513771057129,0.09955200552940369,4099,488
892c3900698d3de38b1c,8.192638397216797,16.378501892089844,0.11277119815349579,4099,440
91cd087e44e7a3364533,8.192638397216797,16.378501892089844,0.11277119815349579,4099,441
92f7fe9d8581717a9949,9.766016960144043,20.45024871826172,0.06520375609397888,4099,706
596bd04bfe916866f908,9.766016960144043,20.45024871826172,0.06520375609397888,4099,707
55200f8e501a16ffa0cf,13.854056358337402,27.825698852539062,0.21952062845230103,4099,196
cc2a23d8eb9de61d2ab3,10.148120880126953,23.360708236694336,0.21333956718444824,4099,210
69b09343d0b9995c3ae4,10.148120880126953,23.360708236694336,0.21333956718444824,4099,211
facbcedbecb46072b04c,10.148120880126953,23.360708236694336,0.21333956718444824,4099,212
c4b5a5499258f39b7ac1,10.676335334777832,23.401107788085938,0.23112636804580688,4099,181
06ebbf6e52fa3ea6aef3,10.676335334777832,23.401107788085938,0.23112636804580688,4099,182
3f49209a4fc102e36500,6.810012340545654,21.023109436035156,0.05535397678613663,4099,768
355a5a627bce3e736d4d,6.810012340545654,21.023109436035156,0.05535397678613663,4099,769
d824f03d11ae777a2d00,21.951303482055664,40.14798355102539,0.055715225636959076,4099,763
1c52010cfa0344fd2b6b,21.951303482055664,40.14798355102539,0.055715225636959076,4099,764
0892bc6cad36949f9030,21.951303482055664,40.14798355102539,0.055715225636959076,4099,765
2d870d7a88b5d7b7ef47,6.334352970123291,14.43945026397705,0.10584577172994614,4099,461
0537c303027eef12ba09,6.334352970123291,14.43945026397705,0.10584577172994614,4099,462
0bd57808d920c8e6f5c4,6.334352970123291,14.43945026397705,0.10584577172994614,4099,463
7b341f30a27433562690,9.476347923278809,23.83416175842285,0.1803588569164276,4099,282
5b1b0390c90ceb580c5e,9.476347923278809,23.83416175842285,0.1803588569164276,4099,283
1525a3663c8d039331ed,8.799931526184082,18.31908416748047,0.13739460706710815,4099,372
52ba04ff53084b79a0c9,8.799931526184082,18.31908416748047,0.13739460706710815,4099,373
50f5409ef3b0d36c6355,8.799931526184082,18.31908416748047,0.13739460706710815,4099,374
6a4be1a58bc5ec9ed008,14.056190490722656,28.53571128845215,0.32906386256217957,4099,122
6f3223bb80c479faf3dc,14.056190490722656,28.53571128845215,0.32906386256217957,4099,123
5806c857509e09634010,14.056190490722656,28.53571128845215,0.32906386256217957,4099,124
19e5d078bc0eb8a91e1e,19.705957412719727,40.13347244262695,0.5337664484977722,4099,74
b6a2baaa0410b39ac474,19.705957412719727,40.13347244262695,0.5337664484977722,4099,75
12aed585647de3f03908,19.705957412719727,40.13347244262695,0.5337664484977722,4099,76
2767e0b150dc0e6a1b6f,5.123815059661865,11.286410331726074,0.06374667584896088,4099,722
f12beecbff24b79dddeb,5.123815059661865,11.286410331726074,0.06374667584896088,4099,723
ef97fd8d3e9fcf6711de,5.645393371582031,12.36624813079834,0.15394657850265503,4099,331
bfcfe9bcef40efc290f2,5.645393371582031,12.36624813079834,0.15394657850265503,4099,332
6f9d141f9a5e7238a801,5.645393371582031,12.36624813079834,0.15394657850265503,4099,333
ed3a90d38ff02a38deba,9.447999000549316,23.7466983795166,0.053391896188259125,4099,787
fdb317cc98ed1adc023b,9.447999000549316,23.7466983795166,0.053391896188259125,4099,788
96e2b82e29c0b5205628,12.233851432800293,32.061275482177734,0.11736099421977997,4099,421
7b8eaa0c9205349f60b1,12.233851432800293,32.061275482177734,0.11736099421977997,4099,422
dc73b789d0821495353b,12.233851432800293,32.061275482177734,0.11736099421977997,4099,423
976120a6d37c441ea705,4.6962199211120605,9.139521598815918,0.18098068237304688,4099,277
02c053f1544310b38b17,4.6962199211120605,9.139521598815918,0.18098068237304688,4099,278
28d8efb10e9abe6740a6,7.951025009155273,15.912152290344238,0.11010658740997314,4099,457
5c2bc1d92128a17d996d,10.148120880126953,23.360708236694336,0.21333956718444824,4099,213
c8d43713db33bf820a1d,10.148120880126953,23.360708236694336,0.21333956718444824,4099,214
19f19f196ba5787a01b0,10.148120880126953,23.360708236694336,0.21333956718444824,4099,215
780b13846ace50ede763,10.676335334777832,23.401107788085938,0.23112636804580688,4099,183
74cf50c6ec476a394b01,10.676335334777832,23.401107788085938,0.23112636804580688,4099,184
549daca56bed1c9d2bcc,10.676335334777832,23.401107788085938,0.23112636804580688,4099,185
f7bbba9684bf7983ccbf,12.686039924621582,24.685754776000977,0.22763466835021973,4099,190
47b637b24c432172c8ed,12.686039924621582,24.685754776000977,0.22763466835021973,4099,191
abcfcb23dbe2574a2389,5.3233137130737305,12.058269500732422,0.06046192720532417,4099,736
90986ae76102a348680d,5.3233137130737305,12.058269500732422,0.06046192720532417,4099,737
38307f78abdd1b440f4b,5.3233137130737305,12.058269500732422,0.06046192720532417,4099,738
d2b2a221080a75b4729f,6.356964111328125,18.28236198425293,0.06731291860342026,4099,686
efc1e677ddbcf36b5ef9,6.356964111328125,18.28236198425293,0.06731291860342026,4099,687
7d5a5e7ce28dafd856c2,6.356964111328125,18.28236198425293,0.06731291860342026,4099,688
6c28e50241ca84637c9f,7.264327526092529,21.472585678100586,0.17701399326324463,4099,286
c32500e81a05cfd2273d,7.264327526092529,21.472585678100586,0.17701399326324463,4099,287
0e5b806832eaea6e01b6,7.264327526092529,21.472585678100586,0.17701399326324463,4099,288
e43026f3ca7cd4408b6f,7.07663106918335,14.893577575683594,0.09179221093654633,4099,519
d0d870bb88b9bfb4f88f,7.07663106918335,14.893577575683594,0.09179221093654633,4099,520
533e50b0595be82d2716,12.686039924621582,24.685754776000977,0.22763466835021973,4099,192
9b2d0c18df77a2971b24,12.686039924621582,24.685754776000977,0.22763466835021973,4099,193
4dedc80fb33d21596b7e,6.143965244293213,14.383216857910156,0.14834526181221008,4099,342
852d4f3443a81d662552,6.143965244293213,14.383216857910156,0.14834526181221008,4099,343
20d4b1612cbdd88b6755,19.4569034576416,43.42701721191406,0.613818883895874,4099,62
a1809a6c4c3ada20bcb0,19.4569034576416,43.42701721191406,0.613818883895874,4099,63
8a5443659239e3b52e14,19.4569034576416,43.42701721191406,0.613818883895874,4099,64
ffc70e28db22d1cc1f3f,24.191810607910156,44.31991958618164,0.059634655714035034,4099,742
e3a799d0fa90b649a157,24.191810607910156,44.31991958618164,0.059634655714035034,4099,743
ffffcd6f3b9393846ab4,24.191810607910156,44.31991958618164,0.059634655714035034,4099,744
d89efcf911f250d9ecf3,6.917843341827393,12.276293754577637,0.06406020373106003,4099,714
70d035703d3eaebf81e6,6.917843341827393,12.276293754577637,0.06406020373106003,4099,715
8a00e449393f9942971d,6.248982906341553,16.14280891418457,0.07365972548723221,4099,637
8462ba67f9bfb0d7eab2,6.248982906341553,16.14280891418457,0.07365972548723221,4099,638
6b2bd8cc21ac4437ca78,6.248982906341553,16.14280891418457,0.07365972548723221,4099,639
2d63ab3869184cde52bf,15.314892768859863,32.990081787109375,0.05963188782334328,4099,745
44fcf641ccfa3b10a97c,15.314892768859863,32.990081787109375,0.05963188782334328,4099,746
0cf0d36290765378ae8d,15.314892768859863,32.990081787109375,0.05963188782334328,4099,747
5830dbb35947aa6f58f0,6.07177209854126,26.806299209594727,0.0853942409157753,4099,547
f73fd2f4c55177304721,6.07177209854126,26.806299209594727,0.0853942409157753,4099,548
ab5af30c3befe81e6244,5.725027561187744,12.200333595275879,0.06367655098438263,4099,724
12400c6c61643f9c79b5,5.725027561187744,12.200333595275879,0.06367655098438263,4099,725
d7895c522a1a46a1175c,5.725027561187744,12.200333595275879,0.06367655098438263,4099,726
a4923e4c1f935a466f3b,15.754069328308105,34.42222595214844,0.24867165088653564,4099,157
0a198329beafc8de5ed0,15.754069328308105,34.42222595214844,0.24867165088653564,4099,158
4b408fbbcfc4c054f284,11.453147888183594,21.667741775512695,0.049498673528432846,4099,835
aff2ffd59a0610a54995,11.453147888183594,21.667741775512695,0.049498673528432846,4099,836
b0a156972380db9bb945,11.453147888183594,21.667741775512695,0.049498673528432846,4099,837
8143c4fff6f999b7ad0e,14.854886054992676,28.122953414916992,0.12493506819009781,4099,398
15d6bc57a87392fbeb98,14.854886054992676,28.122953414916992,0.12493506819009781,4099,399
52b9af4df1f1e7cd4d9b,21.386911392211914,40.75666046142578,0.3735501766204834,4099,110
a3ae677aae8a8faf5786,21.386911392211914,40.75666046142578,0.3735501766204834,4099,111
c82167c626a1495ef750,21.386911392211914,40.75666046142578,0.3735501766204834,4099,112
6ac700cf79bf6e05982e,10.419358253479004,23.062652587890625,0.07272090017795563,4099,650
122ecf89b68742b1bf36,10.419358253479004,23.062652587890625,0.07272090017795563,4099,651
bed2f1430d0964e86fcb,10.419358253479004,23.062652587890625,0.07272090017795563,4099,652
6998dee6f6e69401798a,13.65071964263916,30.507448196411133,0.19680190086364746,4099,245
c53b8c93f8ee1304dfd0,13.65071964263916,30.507448196411133,0.19680190086364746,4099,246
c096c324a71974b6ab37,13.65071964263916,30.507448196411133,0.19680190086364746,4099,247
7f03fef6741ddd243d91,6.276591777801514,17.503992080688477,0.04869183152914047,4099,842
0d1eaff6f686ee174d88,6.276591777801514,17.503992080688477,0.04869183152914047,4099,843
7654254c03d9de79740f,27.100692749023438,47.66325378417969,0.12671315670013428,4099,394
79362765eb92377a5970,27.100692749023438,47.66325378417969,0.12671315670013428,4099,395
b3d9bb5afa82b99f2a11,16.30862808227539,36.37302017211914,0.2548101246356964,4099,152
f92eb849bab96551864b,4.82786226272583,9.590331077575684,0.053213562816381454,4099,790
c77f31cb02185dc79f0b,4.82786226272583,9.590331077575684,0.053213562816381454,4099,791
e56c111af22d80f8d431,5.934789180755615,14.28365707397461,0.05410688370466232,4099,785
7799455820f8a51e59fa,5.934789180755615,14.28365707397461,0.05410688370466232,4099,786
85956151bfe869ac5ee6,9.541888236999512,23.5540714263916,0.27141106128692627,4099,134
654a4a40363a388cf9cb,9.541888236999512,23.5540714263916,0.27141106128692627,4099,135
67434b9a07488d70219b,9.541888236999512,23.5540714263916,0.27141106128692627,4099,136
5bf4578bc08db91b5967,12.420941352844238,31.69392967224121,0.11632096767425537,4099,425
2efa93ea474f798b712a,12.420941352844238,31.69392967224121,0.11632096767425537,4099,426
c45057c2cab40f4fa2be,12.420941352844238,31.69392967224121,0.11632096767425537,4099,427
8ab554cd154e9749790b,41.38608932495117,95.7717514038086,0.050291553139686584,4099,818
3b4634411832718c26e4,24.79359245300293,57.99604797363281,0.5542632341384888,4099,72
1182373ab8814dbe2f43,24.79359245300293,57.99604797363281,0.5542632341384888,4099,73
efe14b6a1dc3741d71ba,35.076171875,75.84230041503906,1.1122314929962158,4099,27
7d406784048b9e313d67,35.076171875,75.84230041503906,1.1122314929962158,4099,28
79cb1738d945317e5bfa,39.936527252197266,84.99663543701172,0.6781697273254395,4099,54
a38fee52661fd3e3b7ea,39.936527252197266,84.99663543701172,0.6781697273254395,4099,55
9ffee2813aef5c26f96f,43.30472946166992,92.87470245361328,0.5088267922401428,4099,81
efd84dffe823b6298db6,43.30472946166992,92.87470245361328,0.5088267922401428,4099,82
dc419b3ce4e1382aae7a,9.130106925964355,17.654022216796875,0.06659002602100372,4099,695
796417d42eb6a5349404,9.130106925964355,17.654022216796875,0.06659002602100372,4099,696
20a5a5008211ea15a65a,10.686507225036621,20.745569229125977,0.23967193067073822,4099,170
a31d24ee8162e1eca101,10.686507225036621,20.745569229125977,0.23967193067073822,4099,171
93d0b949ca6dc0685979,10.686507225036621,20.745569229125977,0.23967193067073822,4099,172
408ce1a4e23492a3ef31,5.73353385925293,16.904043197631836,0.05010110139846802,4099,830
5079d0dfcde65893b224,5.73353385925293,16.904043197631836,0.05010110139846802,4099,831
cac9ff0c40665baf313f,5.73353385925293,16.904043197631836,0.05010110139846802,4099,832
09c2a4beb05ca5c84aab,12.632637023925781,29.673593521118164,0.07957878708839417,4099,582
a7bc3fb68bdecbbe086f,12.632637023925781,29.673593521118164,0.07957878708839417,4099,583
1d15ee46756cd1845a68,12.632637023925781,29.673593521118164,0.07957878708839417,4099,584
72231b208c5287c32d70,18.645240783691406,41.66770935058594,0.11188365519046783,4099,451
7e834c7b870ef7024d35,18.645240783691406,41.66770935058594,0.11188365519046783,4099,452
be82391d6b3e742f1f26,14.581467628479004,37.40816116333008,0.24652792513370514,4099,161
bfbe491a54086b98874d,14.581467628479004,37.40816116333008,0.24652792513370514,4099,162
db7f9ffa50eb931613f6,18.377174377441406,41.45808792114258,1.2295355796813965,4099,22
351c17dfa8f46a8cb40a,18.377174377441406,41.45808792114258,1.2295355796813965,4099,23
0dccaa29989ef4956786,18.377174377441406,41.45808792114258,1.2295355796813965,4099,24
9ff75a89ec8d52e6f51c,8.77188777923584,20.21383285522461,0.14742322266101837,4099,349
1668026caa5d708642cf,12.35522747039795,26.8487606048584,0.4003768563270569,4099,105
52348febee6695107c49,16.949247360229492,36.68195343017578,0.5585508942604065,4099,68
b0571346163b8f77528d,6.207527160644531,18.634050369262695,0.1736464649438858,4099,301
cf8ab33c25ad391a584c,9.078136444091797,20.378156661987305,0.11676694452762604,4099,424
4c46ceefd6147b1e0a7a,9.1463623046875,20.554582595825195,0.12229511141777039,4099,410
f4331eb64b6774466836,11.202115058898926,24.061203002929688,0.20002880692481995,4099,233
d54c93a11164b4abac6e,15.811799049377441,33.09128189086914,0.9879564046859741,4099,40
abb2d31b1372dbd64398,12.131354331970215,28.034379959106445,0.09267105162143707,4099,515
7d9c7f40bc71ee7c4ef0,12.777464866638184,31.688730239868164,0.08616997301578522,4099,541
605436d35600502e8c2e,10.733108520507812,23.93514060974121,0.08102715015411377,4099,576
3c358af26c2e2988cd46,13.100974082946777,29.3005428314209,0.07520189881324768,4099,629
7c6e7b244de393e8554d,14.415467262268066,35.93545150756836,0.23083046078681946,4099,186
a7f8c888870123f3b277,6.505423069000244,20.6016902923584,0.053354933857917786,4099,789
683b6279a87805548c7c,10.520519256591797,29.704086303710938,0.2673012614250183,4099,141
7726f4a207a737256a86,6.543594837188721,21.617826461791992,0.0708872526884079,4099,667
b7fffd840d208b29776c,8.23592472076416,27.30544090270996,0.18920350074768066,4099,264
c9bef93a79964dc6ede1,12.064665794372559,35.52885055541992,0.7009341716766357,4099,47
c65455de87b41e2ef577,5.621354579925537,15.033123970031738,0.11145790666341782,4099,453
65f22906a14f74d756d4,11.512287139892578,27.994773864746094,0.5850041508674622,4099,67
9e46469e7c9719ba3611,5.689388275146484,11.521166801452637,0.060984738171100616,4099,735
b54f29a73518aa1f30a7,6.874483108520508,13.213619232177734,0.06466235220432281,4099,711
419f6eb4080dcb9d293b,11.79240894317627,27.520795822143555,0.3189195990562439,4099,125
8730f48ba29fd2e622ac,7.341785430908203,16.84245491027832,0.06356437504291534,4099,727
8b556440cbbd8224f6ff,9.777724266052246,23.4212703704834,0.0821540355682373,4099,559
f1e08c239f1c0950ad36,5.199735164642334,16.014421463012695,0.05189286544919014,4099,802
cb534927304d5c892100,5.893869400024414,19.87288475036621,0.05052011087536812,4099,817
9f362bfe1dab6e9eac3d,9.290303230285645,26.30301856994629,0.19485563039779663,4099,248
5d450444eb031c873584,6.799095153808594,16.56427764892578,0.06672915071249008,4099,691
0c5c35afb3a24375c153,11.982905387878418,40.9373893737793,0.1561027467250824,4099,328
07dbb8c9982caa472c1a,6.315065383911133,14.15712833404541,0.0937078595161438,4099,514
8f5acbec0c511bb1ea89,5.877902984619141,13.740666389465332,0.07088405638933182,4099,668
4659b6752f23c0b85f08,8.374858856201172,20.877866744995117,0.10141754150390625,4099,475
49201b5817f204116f7f,24.21998405456543,58.67522048950195,0.11420908570289612,4099,438
f46da3c00b2199795e4c,9.908024787902832,22.836271286010742,0.2981150150299072,4099,131
8b8becd233748ccae9e3,11.313204765319824,26.004419326782227,0.34617722034454346,4099,121
a36291cab664852df5e5,15.521676063537598,35.30277633666992,0.48646390438079834,4099,84
5307ce95bcee2886afe0,9.688321113586426,22.896705627441406,0.12226357311010361,4099,411
65fcce0299e031dedeb8,5.098540782928467,25.850488662719727,0.2887779474258423,4099,133
6802f0b28c5a0c7b4c2a,6.715352535247803,20.720808029174805,0.1464391052722931,4099,353
0b247863fd6e8aaf44d8,5.558647155761719,27.536439895629883,0.11854307353496552,4099,415
87da8c37b16d810331a2,6.715352535247803,20.720808029174805,0.1464391052722931,4099,354
b37608f8c4a8ee4b8696,24.764352798461914,72.85611724853516,0.5090430974960327,4099,80
