column,protocol,budget,method,target,stratum,seeds,n_mean,n_sample_sd,n_median,n_min,n_max,rmse_mean,rmse_sample_sd,rmse_median,rmse_min,rmse_max,mae_mean,mae_sample_sd,mae_median,mae_min,mae_max,squared_error_fraction_mean,squared_error_fraction_sample_sd,squared_error_fraction_median,squared_error_fraction_min,squared_error_fraction_max,train_q50_mean,train_q50_sample_sd,train_q50_median,train_q50_min,train_q50_max,train_q80_mean,train_q80_sample_sd,train_q80_median,train_q80_min,train_q80_max
8g,row,30,zero_shot,V1,low,5,55.0,16.077935190813527,55.0,31.0,74.0,4.49146906457795,0.6276384851446303,4.444821729029658,3.7367289516856594,5.471172048103421,4.2342818529579835,0.4811076955065169,4.266622849696969,3.560763152688172,4.907756665315316,0.05506224062702388,0.04297432930374794,0.04273321351629108,0.026530353771161596,0.1299817006031623,11.022499999999999,1.3366709528193959,10.954166666666666,9.275,13.020833333333334,18.672333333333334,6.6487910973014905,18.330000000000002,10.925,29.145
8g,row,30,zero_shot,V1,mid,5,26.6,7.334848328356899,28.0,16.0,36.0,7.574647649963002,2.1174974080711535,7.636764007734601,4.752543997772036,10.204858661771112,7.3691892479130185,2.0002274297556313,7.285278693103451,4.684334622619048,9.761863117592595,0.06795106191163233,0.03692943726890327,0.07391050016983484,0.028791004074955977,0.12246848844639736,11.022499999999999,1.3366709528193959,10.954166666666666,9.275,13.020833333333334,18.672333333333334,6.6487910973014905,18.330000000000002,10.925,29.145
8g,row,30,zero_shot,V1,high_tail,5,33.4,15.565988564816564,31.0,15.0,56.0,26.916982090790736,9.128135481428462,25.098370314313865,16.50231070488298,41.2753926712923,22.361394091751663,8.280569392225136,21.751070396774185,11.880604829761905,35.047573488888894,0.8769866974613437,0.06349595778116143,0.8754626128579293,0.7961077992270031,0.9438573362310532,11.022499999999999,1.3366709528193959,10.954166666666666,9.275,13.020833333333334,18.672333333333334,6.6487910973014905,18.330000000000002,10.925,29.145
8g,row,30,zero_shot,V2,low,5,44.8,15.122830422906949,46.0,27.0,60.0,6.59411617596713,1.5000796723317067,6.127872307623478,5.446494474931568,9.139906065158128,5.93604148157448,0.772581613219972,5.82236832463768,5.31543008125,7.199830014999999,0.05100555935460439,0.03885914832195335,0.03282571138601491,0.017416744872457472,0.11600297258052045,20.29,3.3698489497964808,20.279166666666665,16.920833333333334,24.429166666666667,35.071,14.196192496190271,32.335,20.645000000000003,58.88333333333334
8g,row,30,zero_shot,V2,mid,5,36.2,14.6696966567138,38.0,19.0,54.0,11.548387281090129,3.11683268631084,11.391872018857638,7.596693601307657,16.009746984218804,10.93230213200815,2.881289030605681,10.890073389473686,7.187397178947368,14.912472967391306,0.11816806929454153,0.08119508349898406,0.09371534156263957,0.03578543950712797,0.2527911045006173,20.29,3.3698489497964808,20.279166666666665,16.920833333333334,24.429166666666667,35.071,14.196192496190271,32.335,20.645000000000003,58.88333333333334
8g,row,30,zero_shot,V2,high_tail,5,34.0,19.32614809008769,31.0,10.0,64.0,36.77104857222549,12.91603731591519,34.162563114294805,21.11701309610812,56.77916584537252,31.462428516154926,12.685659851820342,28.717554139784944,16.1906605234375,51.27813156666667,0.8308263713508541,0.09182724352991488,0.8628770184928115,0.6912148098875903,0.9314262781706351,20.29,3.3698489497964808,20.279166666666665,16.920833333333334,24.429166666666667,35.071,14.196192496190271,32.335,20.645000000000003,58.88333333333334
8g,row,30,scale_only,V1,low,5,55.0,16.077935190813527,55.0,31.0,74.0,4.7515215584407,2.8112738906800203,4.466977121759374,2.486835305782049,9.495395314946402,3.13325522704909,1.7225563445048677,2.6663463545279265,1.5725926038793216,5.8678579925278695,0.23006695995012166,0.19979251188713257,0.19176501767184137,0.04612439645608583,0.5659691185265953,11.022499999999999,1.3366709528193959,10.954166666666666,9.275,13.020833333333334,18.672333333333334,6.6487910973014905,18.330000000000002,10.925,29.145
8g,row,30,scale_only,V1,mid,5,26.6,7.334848328356899,28.0,16.0,36.0,3.0319308223667574,1.3592862341284697,3.2542752888293616,1.5437976224436063,4.493137536438599,2.4699579116334265,1.2475175899333275,2.293102214240155,1.2566927881988548,3.991336888293078,0.043503205171961344,0.030757111361737203,0.027400237241451283,0.016055126083893777,0.08546600661045357,11.022499999999999,1.3366709528193959,10.954166666666666,9.275,13.020833333333334,18.672333333333334,6.6487910973014905,18.330000000000002,10.925,29.145
8g,row,30,scale_only,V1,high_tail,5,33.4,15.565988564816564,31.0,15.0,56.0,11.72479038121141,3.527427183334381,11.68200601981645,8.314949352196944,16.436658987806364,8.671955655316259,3.619568724707177,8.616927670421013,4.607153090860952,13.542006304308812,0.7264298348779171,0.20240052205150266,0.7227689757177052,0.4066306442319538,0.9378204774600205,11.022499999999999,1.3366709528193959,10.954166666666666,9.275,13.020833333333334,18.672333333333334,6.6487910973014905,18.330000000000002,10.925,29.145
8g,row,30,scale_only,V2,low,5,44.8,15.122830422906949,46.0,27.0,60.0,7.79446163413605,5.274063143858081,7.948988667706773,2.6503204662963773,15.733752210496675,4.841538708186567,2.5373227952193655,5.143183499427841,2.171289664530703,8.31519909992707,0.2417802034824314,0.2336587612311456,0.10851250149857981,0.02384056896047191,0.522772244587342,20.29,3.3698489497964808,20.279166666666665,16.920833333333334,24.429166666666667,35.071,14.196192496190271,32.335,20.645000000000003,58.88333333333334
8g,row,30,scale_only,V2,mid,5,36.2,14.6696966567138,38.0,19.0,54.0,6.778565443569801,2.1955333477607573,6.70668536621184,4.019325708388194,9.974975180260957,5.396541844784447,1.8246989786556809,5.223733622701444,3.0784234603741627,7.934720822990272,0.14720372628322997,0.09489744334453423,0.1528111341127563,0.032555911530403846,0.2622918634571824,20.29,3.3698489497964808,20.279166666666665,16.920833333333334,24.429166666666667,35.071,14.196192496190271,32.335,20.645000000000003,58.88333333333334
8g,row,30,scale_only,V2,high_tail,5,34.0,19.32614809008769,31.0,10.0,64.0,16.050286937754702,5.277768762315377,15.993706956101194,9.886659803745767,21.71387396401459,11.929762061704047,4.386994650967741,12.34641069119887,7.151458681942315,16.914439426520595,0.6110160702343387,0.26303304238619013,0.6291956350442377,0.26382734916737266,0.9436035195091238,20.29,3.3698489497964808,20.279166666666665,16.920833333333334,24.429166666666667,35.071,14.196192496190271,32.335,20.645000000000003,58.88333333333334
8g,row,30,affine,V1,low,5,55.0,16.077935190813527,55.0,31.0,74.0,4.276791326338172,2.4914731191982655,2.9794934828810327,2.3218252356357003,8.282657336986876,2.3999897192431767,0.9958164346655394,2.091135246837808,1.4333161861950363,3.7507994837286462,0.18749507094594642,0.18444295865957272,0.10307512651658994,0.023710933321021144,0.4769602728133231,11.022499999999999,1.3366709528193959,10.954166666666666,9.275,13.020833333333334,18.672333333333334,6.6487910973014905,18.330000000000002,10.925,29.145
8g,row,30,affine,V1,mid,5,26.6,7.334848328356899,28.0,16.0,36.0,2.4718537331887322,1.0208571832026792,3.015307629729438,1.023369247997402,3.4325179912832477,1.8639680346858583,0.7511028817541261,2.3090800916407654,0.7836657807861489,2.5044584890028037,0.028476088425532543,0.021519575073388312,0.021740275934049175,0.004160549152840195,0.051342596887999185,11.022499999999999,1.3366709528193959,10.954166666666666,9.275,13.020833333333334,18.672333333333334,6.6487910973014905,18.330000000000002,10.925,29.145
8g,row,30,affine,V1,high_tail,5,33.4,15.565988564816564,31.0,15.0,56.0,13.101142526478682,3.2597669236887077,13.70781075875887,8.806267355696281,17.214899773599484,9.524053127527647,3.3206252225983084,9.873846625997494,5.844255528220032,14.050336231629451,0.784028840628521,0.18500808883439973,0.8751845975493608,0.5086285680474953,0.9721285175261386,11.022499999999999,1.3366709528193959,10.954166666666666,9.275,13.020833333333334,18.672333333333334,6.6487910973014905,18.330000000000002,10.925,29.145
8g,row,30,affine,V2,low,5,44.8,15.122830422906949,46.0,27.0,60.0,7.171149485605513,5.190317846090223,5.68153333090082,2.1273085787118418,14.72819403330586,3.9948678952032046,2.253726934728105,3.0366793834003794,1.6649531095432724,6.661230308348175,0.2215329788355691,0.23741979421639753,0.10013000737828605,0.011080857401834258,0.531859148326726,20.29,3.3698489497964808,20.279166666666665,16.920833333333334,24.429166666666667,35.071,14.196192496190271,32.335,20.645000000000003,58.88333333333334
8g,row,30,affine,V2,mid,5,36.2,14.6696966567138,38.0,19.0,54.0,5.77372064426487,1.7460745860831863,5.884794916101371,2.916258726057312,7.564231421813749,4.515903132539486,1.5473695653389066,4.621097322332457,2.030051063168699,6.215542456363256,0.11962496788989818,0.10266434361521919,0.09548440182058358,0.012364259412627315,0.26179884907916345,20.29,3.3698489497964808,20.279166666666665,16.920833333333334,24.429166666666667,35.071,14.196192496190271,32.335,20.645000000000003,58.88333333333334
8g,row,30,affine,V2,high_tail,5,34.0,19.32614809008769,31.0,10.0,64.0,17.455710024414387,5.432520657714455,17.76570350965383,10.171686571279249,23.178717299667056,12.257931151947313,4.223961819521498,13.536131826956819,7.305119837140471,16.889698189422035,0.6588420532745326,0.2725146207716651,0.6380711435425505,0.28389930763814014,0.9765548831855382,20.29,3.3698489497964808,20.279166666666665,16.920833333333334,24.429166666666667,35.071,14.196192496190271,32.335,20.645000000000003,58.88333333333334
8g,row,30,target_head_only,V1,low,5,55.0,16.077935190813527,55.0,31.0,74.0,3.9913463927128197,1.4491034475001023,3.4738213213700493,2.6755810903906654,5.854824241408931,2.33646484659801,0.5255945583528623,2.441774783030303,1.7669807058823528,3.0007565286458333,0.22095264810480092,0.22057848316864082,0.1607943738568818,0.03618813782374881,0.5934768854938678,11.022499999999999,1.3366709528193959,10.954166666666666,9.275,13.020833333333334,18.672333333333334,6.6487910973014905,18.330000000000002,10.925,29.145
8g,row,30,target_head_only,V1,mid,5,26.6,7.334848328356899,28.0,16.0,36.0,2.5152887665936294,0.8034422105203171,2.3881320571543467,1.7258068885798274,3.7467612549833667,1.9776249747381862,0.480107223600939,1.9100679490740733,1.48969345,2.706991488505747,0.037655685403164274,0.03464215651540786,0.027156354229389015,0.01359911773213801,0.09862868562998242,11.022499999999999,1.3366709528193959,10.954166666666666,9.275,13.020833333333334,18.672333333333334,6.6487910973014905,18.330000000000002,10.925,29.145
8g,row,30,target_head_only,V1,high_tail,5,33.4,15.565988564816564,31.0,15.0,56.0,11.515185975922304,4.484019584940097,10.032827071266746,8.032086244946967,19.380070996828124,8.14695039608807,3.8767756944379443,6.400015141666666,6.039555933333332,15.034327955555552,0.7413916664920347,0.22323372298303465,0.7451681326539898,0.37734717182730276,0.9502127444441131,11.022499999999999,1.3366709528193959,10.954166666666666,9.275,13.020833333333334,18.672333333333334,6.6487910973014905,18.330000000000002,10.925,29.145
8g,row,30,target_head_only,V2,low,5,44.8,15.122830422906949,46.0,27.0,60.0,5.731624339540814,3.0419375842628806,5.114683553991935,2.696846728709962,9.816829096191467,3.0932089594488223,1.0154402614015832,2.946872438271605,1.8522693229166667,4.12669429378531,0.16466642104766652,0.14878377546679372,0.0913010720534564,0.02040828633166474,0.3556525181443662,20.29,3.3698489497964808,20.279166666666665,16.920833333333334,24.429166666666667,35.071,14.196192496190271,32.335,20.645000000000003,58.88333333333334
8g,row,30,target_head_only,V2,mid,5,36.2,14.6696966567138,38.0,19.0,54.0,5.28940871433053,1.1903469854800648,5.068729680546763,3.6995773650103487,6.491705115173168,4.14789907929203,1.1067673013489776,3.768717035087718,2.818208403508771,5.436676833333333,0.10781470504913845,0.06697221976102713,0.11162709064335044,0.022803518354994327,0.18825088955008953,20.29,3.3698489497964808,20.279166666666665,16.920833333333334,24.429166666666667,35.071,14.196192496190271,32.335,20.645000000000003,58.88333333333334
8g,row,30,target_head_only,V2,high_tail,5,34.0,19.32614809008769,31.0,10.0,64.0,16.792765260463646,5.86778376034989,16.219505886723553,10.978497189431785,26.235815440828024,12.484285655733318,5.494860682697007,9.963882911764706,8.325423677419355,21.598187066666668,0.7275188739031948,0.16788669103115847,0.720448038396454,0.5548659429425041,0.9567881953133409,20.29,3.3698489497964808,20.279166666666665,16.920833333333334,24.429166666666667,35.071,14.196192496190271,32.335,20.645000000000003,58.88333333333334
8g,row,30,local_identity_shrinkage,V1,low,5,55.0,16.077935190813527,55.0,31.0,74.0,4.13391014931265,2.39749978702226,2.9862056832715727,2.321825202756398,8.146837556555006,2.379592456409655,1.1038932703633553,1.8806346625575543,1.4333161943586878,4.0804603533954396,0.20367772288046398,0.23083487237489395,0.10307512652103712,0.02371093347271493,0.598641307208542,11.022499999999999,1.3366709528193959,10.954166666666666,9.275,13.020833333333334,18.672333333333334,6.6487910973014905,18.330000000000002,10.925,29.145
8g,row,30,local_identity_shrinkage,V1,mid,5,26.6,7.334848328356899,28.0,16.0,36.0,2.4423380054951784,0.989601217528845,2.97850523091802,1.0233692771764593,3.3029036143887605,1.8464526455144525,0.7350587489167292,2.2542514395205178,0.7836658060076636,2.41525530435443,0.03046785119911679,0.022944326612303813,0.021740275622053173,0.004160549534549985,0.055678064070379826,11.022499999999999,1.3366709528193959,10.954166666666666,9.275,13.020833333333334,18.672333333333334,6.6487910973014905,18.330000000000002,10.925,29.145
8g,row,30,local_identity_shrinkage,V1,high_tail,5,33.4,15.565988564816564,31.0,15.0,56.0,12.291824316111475,3.258899236456526,11.226638880904751,8.806267770398591,17.524684381657973,8.960689859308912,3.325653785761108,8.515741434660342,5.844255516550713,14.38819186480651,0.7658544259204192,0.22958501422360134,0.8636634692656844,0.38405759885373664,0.9721285169927353,11.022499999999999,1.3366709528193959,10.954166666666666,9.275,13.020833333333334,18.672333333333334,6.6487910973014905,18.330000000000002,10.925,29.145
8g,row,30,local_identity_shrinkage,V2,low,5,44.8,15.122830422906949,46.0,27.0,60.0,7.101712099425406,5.139532993706444,5.630482636387218,2.1273087196343163,14.664065251049657,3.7492082469347943,2.0637754320125485,2.6844988152087415,1.6649532562879854,6.264054580091677,0.23724504069654212,0.25738203215183203,0.10013000935509134,0.011080857888910962,0.5650848546605736,20.29,3.3698489497964808,20.279166666666665,16.920833333333334,24.429166666666667,35.071,14.196192496190271,32.335,20.645000000000003,58.88333333333334
8g,row,30,local_identity_shrinkage,V2,mid,5,36.2,14.6696966567138,38.0,19.0,54.0,5.986149520929262,2.015063278571399,5.8847948025966605,2.916258746233039,8.346520556974099,4.63590036472008,1.707474727106322,4.621097229384666,2.030051203244125,6.682431877052696,0.13201731593333296,0.10867302219521952,0.09589228410954725,0.01236425848907071,0.2617988529102717,20.29,3.3698489497964808,20.279166666666665,16.920833333333334,24.429166666666667,35.071,14.196192496190271,32.335,20.645000000000003,58.88333333333334
8g,row,30,local_identity_shrinkage,V2,high_tail,5,34.0,19.32614809008769,31.0,10.0,64.0,16.166920130201895,4.821987624347813,14.304462965564884,10.171686254371858,21.550659638657628,11.484356416936093,3.765356775127405,11.141812228692984,7.305119191415594,15.64204779400146,0.6307376433701248,0.30667991751859563,0.6380711377346369,0.20493993571628288,0.9765548836220183,20.29,3.3698489497964808,20.279166666666665,16.920833333333334,24.429166666666667,35.071,14.196192496190271,32.335,20.645000000000003,58.88333333333334
8g,row,30,conditional_EA,V1,low,5,55.0,16.077935190813527,55.0,31.0,74.0,3.8937727258164125,2.3558154477667856,2.8264003974117284,1.9234850128226384,7.810467902148286,2.1151342298333993,0.625195102255883,1.770308163690748,1.4870301085961555,2.9408657948352044,0.19170417583618618,0.2134398795835571,0.07316351742677821,0.0542252025408906,0.5591132509582324,11.022499999999999,1.3366709528193959,10.954166666666666,9.275,13.020833333333334,18.672333333333334,6.6487910973014905,18.330000000000002,10.925,29.145
8g,row,30,conditional_EA,V1,mid,5,26.6,7.334848328356899,28.0,16.0,36.0,2.8378906669911244,0.8302736289783901,3.1430165477728838,1.4713289521036286,3.562534374398908,2.19828185495686,0.6797431956838512,2.248190558457187,1.1297943422444958,2.809898606373755,0.04426810436155294,0.02373141238895519,0.04947888875112214,0.017732102255489116,0.07229330706120787,11.022499999999999,1.3366709528193959,10.954166666666666,9.275,13.020833333333334,18.672333333333334,6.6487910973014905,18.330000000000002,10.925,29.145
8g,row,30,conditional_EA,V1,high_tail,5,33.4,15.565988564816564,31.0,15.0,56.0,11.378902698489565,3.7190313873511203,11.630703301297144,7.452345312113595,17.134656347974612,8.356701397391134,3.690251496830992,8.497959576221344,3.9249749343915243,14.046123196017943,0.7640277198022607,0.2041045347256397,0.8545431755120141,0.4188571411944402,0.9098223502687223,11.022499999999999,1.3366709528193959,10.954166666666666,9.275,13.020833333333334,18.672333333333334,6.6487910973014905,18.330000000000002,10.925,29.145
8g,row,30,conditional_EA,V2,low,5,44.8,15.122830422906949,46.0,27.0,60.0,7.57918859716635,4.676673216503088,6.299311962797136,3.101466123532985,14.591648706031384,4.056463713510786,1.655949666528562,3.3754920807361373,2.066994858851832,5.9558266787489975,0.24520230164945792,0.24779053169263845,0.0937936323055401,0.0458186157550001,0.5668051085005948,20.29,3.3698489497964808,20.279166666666665,16.920833333333334,24.429166666666667,35.071,14.196192496190271,32.335,20.645000000000003,58.88333333333334
8g,row,30,conditional_EA,V2,mid,5,36.2,14.6696966567138,38.0,19.0,54.0,6.5719314778954345,1.2679697276378892,6.906885312851027,4.728329251399532,8.123226357478046,5.261520061923029,1.1093205082770068,5.431058150895962,3.673173954641585,6.609455396689552,0.1357960444402413,0.08288780875547805,0.11226277556450187,0.05685508212976868,0.23076103208481,20.29,3.3698489497964808,20.279166666666665,16.920833333333334,24.429166666666667,35.071,14.196192496190271,32.335,20.645000000000003,58.88333333333334
8g,row,30,conditional_EA,V2,high_tail,5,34.0,19.32614809008769,31.0,10.0,64.0,15.811768895292925,4.850655420353841,14.175823301164112,9.670700477799251,20.865220978472074,11.345069981283213,3.9537983015801736,11.0535323421014,5.917830989148725,15.697583159634462,0.6190016539103009,0.2801018332738688,0.6903355801553995,0.20243385941459516,0.8909508393619345,20.29,3.3698489497964808,20.279166666666665,16.920833333333334,24.429166666666667,35.071,14.196192496190271,32.335,20.645000000000003,58.88333333333334
8g,row,30,standard_shallow_finetune,V1,low,5,55.0,16.077935190813527,55.0,31.0,74.0,3.9640464648219917,1.1844929992171622,3.5643560584492873,2.728673904901703,5.620527933860763,2.407477183830475,0.5399297766934482,2.7204287678787873,1.7968004322580646,2.8929387010416665,0.1923473670417138,0.16110032928945525,0.13425503413813422,0.08736952358457596,0.47780276548649414,11.022499999999999,1.3366709528193959,10.954166666666666,9.275,13.020833333333334,18.672333333333334,6.6487910973014905,18.330000000000002,10.925,29.145
8g,row,30,standard_shallow_finetune,V1,mid,5,26.6,7.334848328356899,28.0,16.0,36.0,3.2612304524565774,1.1828590429948258,2.997109687125559,1.8756068789793854,5.11142006891718,2.551581660230797,1.0122112169579696,2.348382395833333,1.4360223714285711,4.091794752873563,0.06321919797220368,0.054815972547657,0.04024116510812746,0.02737417584759611,0.15837551896711036,11.022499999999999,1.3366709528193959,10.954166666666666,9.275,13.020833333333334,18.672333333333334,6.6487910973014905,18.330000000000002,10.925,29.145
8g,row,30,standard_shallow_finetune,V1,high_tail,5,33.4,15.565988564816564,31.0,15.0,56.0,12.021634234323908,6.897013788739507,9.820723467303306,7.542074289193531,24.186615926598588,8.852688079473118,5.67352576113797,7.580215795698927,4.306606625,18.649726466666664,0.7444334349860826,0.1567452149894947,0.8230211961962501,0.4928215513348173,0.8852563005678281,11.022499999999999,1.3366709528193959,10.954166666666666,9.275,13.020833333333334,18.672333333333334,6.6487910973014905,18.330000000000002,10.925,29.145
8g,row,30,standard_shallow_finetune,V2,low,5,44.8,15.122830422906949,46.0,27.0,60.0,6.681035934888032,3.618796377514729,5.0154756187027445,2.908003938496832,11.241825908351176,3.7226050361423675,1.4447671703210379,3.1016444691358034,2.1312827656249995,5.616496757062146,0.2118061930001156,0.2185595547417504,0.11047463570351133,0.03540032802760963,0.5301273959151289,20.29,3.3698489497964808,20.279166666666665,16.920833333333334,24.429166666666667,35.071,14.196192496190271,32.335,20.645000000000003,58.88333333333334
8g,row,30,standard_shallow_finetune,V2,mid,5,36.2,14.6696966567138,38.0,19.0,54.0,6.162657364588105,1.3469337564725943,5.862324147967091,4.244307355241529,7.6859711068742245,4.928066139963133,1.2256086155067283,4.736380208333333,3.248470754385964,6.424865804347826,0.12145695916963653,0.08041137772337294,0.10094635977424894,0.0447748954622786,0.2375548903935397,20.29,3.3698489497964808,20.279166666666665,16.920833333333334,24.429166666666667,35.071,14.196192496190271,32.335,20.645000000000003,58.88333333333334
8g,row,30,standard_shallow_finetune,V2,high_tail,5,34.0,19.32614809008769,31.0,10.0,64.0,17.432630162707113,7.289520578773095,13.791132676817508,10.481631836319503,28.234008402918903,13.108952492533206,6.140590838242985,10.571490494623655,7.310627041666667,23.05532576666667,0.6667368478302479,0.22306077034828703,0.651970473902949,0.41220841548498055,0.919824776510112,20.29,3.3698489497964808,20.279166666666665,16.920833333333334,24.429166666666667,35.071,14.196192496190271,32.335,20.645000000000003,58.88333333333334
8g,row,30,paper_style_current_v2,V1,low,5,55.0,16.077935190813527,55.0,31.0,74.0,3.966391775047751,1.1931547033067131,3.565946568221957,2.716964514252,5.632297505425077,2.4074746310691735,0.5458753376745936,2.7238130751515155,1.7967660193548385,2.8944406791666664,0.19280979412780336,0.1621880009137449,0.13505499982458338,0.08738421255241798,0.48018641345716095,11.022499999999999,1.3366709528193959,10.954166666666666,9.275,13.020833333333334,18.672333333333334,6.6487910973014905,18.330000000000002,10.925,29.145
8g,row,30,paper_style_current_v2,V1,mid,5,26.6,7.334848328356899,28.0,16.0,36.0,3.254254873099826,1.1871725081135187,2.9727294764216428,1.8751165361490307,5.119251901542182,2.5430320952234995,1.0162181753697268,2.3156013333333334,1.4360260999999999,4.098977339080459,0.06312655273445505,0.05507277728240461,0.03996665944222878,0.027365007182239668,0.1587335980569895,11.022499999999999,1.3366709528193959,10.954166666666666,9.275,13.020833333333334,18.672333333333334,6.6487910973014905,18.330000000000002,10.925,29.145
8g,row,30,paper_style_current_v2,V1,high_tail,5,33.4,15.565988564816564,31.0,15.0,56.0,12.011870522056217,6.886433407540224,9.797584671916544,7.5413420922098195,24.158801730096116,8.842901889274192,5.663076644388812,7.584071150537634,4.3067444375,18.623345133333334,0.7440636531377416,0.15760418225273307,0.8240048725793193,0.49089095958275214,0.8852507802653424,11.022499999999999,1.3366709528193959,10.954166666666666,9.275,13.020833333333334,18.672333333333334,6.6487910973014905,18.330000000000002,10.925,29.145
8g,row,30,paper_style_current_v2,V2,low,5,44.8,15.122830422906949,46.0,27.0,60.0,6.686804833561669,3.6269053934269313,5.015491708243226,2.9097263348163684,11.258107588096488,3.7270551994743877,1.448053353922199,3.107223487654321,2.1334497812499995,5.616296968926555,0.2124074703625653,0.21936977978414698,0.11054827983879753,0.03544308759704566,0.531914083039705,20.29,3.3698489497964808,20.279166666666665,16.920833333333334,24.429166666666667,35.071,14.196192496190271,32.335,20.645000000000003,58.88333333333334
8g,row,30,paper_style_current_v2,V2,mid,5,36.2,14.6696966567138,38.0,19.0,54.0,6.160634141815376,1.346897485794763,5.854864055163428,4.244410569058778,7.683315627509379,4.926121467238749,1.2272428420234354,4.72994025,3.248242438596491,6.427758173913042,0.12151604832334806,0.08063933248263885,0.10083732058617227,0.044778099385965636,0.23812019459439512,20.29,3.3698489497964808,20.279166666666665,16.920833333333334,24.429166666666667,35.071,14.196192496190271,32.335,20.645000000000003,58.88333333333334
8g,row,30,paper_style_current_v2,V2,high_tail,5,34.0,19.32614809008769,31.0,10.0,64.0,17.416539152390772,7.2837173329141,13.759982508455945,10.481249845377969,28.196731842874915,13.088647408974145,6.128819602445299,10.551608365591397,7.312625869791667,23.007877466666663,0.6660764813140867,0.2237792577585237,0.6513315255668074,0.41054135055053215,0.9197788130169889,20.29,3.3698489497964808,20.279166666666665,16.920833333333334,24.429166666666667,35.071,14.196192496190271,32.335,20.645000000000003,58.88333333333334
8g,row,50,zero_shot,V1,low,5,49.8,11.166915420114902,53.0,37.0,64.0,4.406153722271472,0.5067628814881776,4.444821729029658,3.8968003892331744,5.171334092055443,4.114227379139685,0.3138925825343223,4.266622849696969,3.7241987774774774,4.434329580503144,0.045546060046762794,0.023869493221487008,0.04273321351629108,0.01867574640988462,0.08317078736675505,10.478333333333333,0.6962536155900532,10.733333333333334,9.425,11.129166666666666,17.916666666666675,5.387255666024324,16.525,11.133333333333335,25.59500000000002
8g,row,50,zero_shot,V1,mid,5,31.6,6.06630035524124,33.0,24.0,39.0,6.983043430203061,1.8676536044328977,6.664607887570704,4.836994202844707,9.823953796810093,6.797374356849528,1.7359223740907606,6.48431685138889,4.76991114691358,9.417535481818183,0.07160880380910725,0.042659828920312115,0.047790911285399675,0.03746691735906241,0.1300295946476641,10.478333333333333,0.6962536155900532,10.733333333333334,9.425,11.129166666666666,17.916666666666675,5.387255666024324,16.525,11.133333333333335,25.59500000000002
8g,row,50,zero_shot,V1,high_tail,5,33.6,13.277801022759755,36.0,18.0,51.0,26.306125911986943,7.707218127622838,24.144781336631166,17.219461167210316,38.09275769816596,21.6885105615314,6.739783321798637,21.62447263043478,12.554430233333333,31.464555759259255,0.88284513614413,0.06361378105228405,0.9034948131640868,0.7867996179855811,0.9438573362310532,10.478333333333333,0.6962536155900532,10.733333333333334,9.425,11.129166666666666,17.916666666666675,5.387255666024324,16.525,11.133333333333335,25.59500000000002
8g,row,50,zero_shot,V2,low,5,49.4,11.523888232710346,53.0,32.0,60.0,6.81544230882607,1.225023991122607,6.754755871172608,5.603154229832732,8.806137140153353,6.117796001377126,0.6194549992590007,6.112969798333333,5.31543008125,6.895072205747126,0.056079045605013624,0.029584105711289638,0.05407293640446862,0.030742585348923636,0.10409581884748291,20.944166666666668,2.570631745202809,21.3125,17.245833333333334,23.570833333333333,33.83666666666667,8.632905073033063,32.58000000000003,23.571666666666673,47.315000000000005
8g,row,50,zero_shot,V2,mid,5,34.0,5.656854249492381,32.0,28.0,40.0,11.930938689757001,2.5752955083926214,11.679019271252796,8.139739093762856,14.707315413908866,11.341564266634919,2.4391425393577038,11.214058439285711,7.6781871375,13.861967304166665,0.11354942563701595,0.046949159303842775,0.09579846759973083,0.06919496297286329,0.18550764965769495,20.944166666666668,2.570631745202809,21.3125,17.245833333333334,23.570833333333333,33.83666666666667,8.632905073033063,32.58000000000003,23.571666666666673,47.315000000000005
8g,row,50,zero_shot,V2,high_tail,5,31.6,13.03073290340954,31.0,15.0,51.0,35.85733980818581,9.076758712942391,34.91364772515411,23.227654889006743,48.47740564241272,30.346142797047115,8.623198258987907,30.22382927160494,18.1776633627451,42.203425,0.8303715287579705,0.0666428223896883,0.8628770184928115,0.7557967452403488,0.8980167547048999,20.944166666666668,2.570631745202809,21.3125,17.245833333333334,23.570833333333333,33.83666666666667,8.632905073033063,32.58000000000003,23.571666666666673,47.315000000000005
8g,row,50,scale_only,V1,low,5,49.8,11.166915420114902,53.0,37.0,64.0,5.168754528993573,2.694118376216922,4.373654307270396,2.909085830093554,9.755534111773184,3.3702092172345095,1.4648074068704293,2.723005228904748,1.8071787077107078,5.389256414827893,0.24074280605575976,0.1914119037116275,0.17331291835300935,0.10184839568718561,0.5757342905532435,10.478333333333333,0.6962536155900532,10.733333333333334,9.425,11.129166666666666,17.916666666666675,5.387255666024324,16.525,11.133333333333335,25.59500000000002
8g,row,50,scale_only,V1,mid,5,31.6,6.06630035524124,33.0,24.0,39.0,3.244865656229107,1.0077458652057765,3.347093834141575,1.645102636284476,4.11228906033709,2.6576891260713196,1.030191335469763,2.659783548189948,1.2152728156068477,3.8141753295951517,0.05866209949042785,0.022250129704967647,0.06300859896517585,0.023767809574789595,0.08019455366179337,10.478333333333333,0.6962536155900532,10.733333333333334,9.425,11.129166666666666,17.916666666666675,5.387255666024324,16.525,11.133333333333335,25.59500000000002
8g,row,50,scale_only,V1,high_tail,5,33.6,13.277801022759755,36.0,18.0,51.0,11.15321922297996,3.0542495822999753,11.548966021488834,7.260161185735103,15.47131188045478,8.030703869514317,3.0958649955651354,8.640805034164453,3.8574248221176677,12.169260908726631,0.7005950944538124,0.2026001763205881,0.7636784826818146,0.35015325397801805,0.8743837947380245,10.478333333333333,0.6962536155900532,10.733333333333334,9.425,11.129166666666666,17.916666666666675,5.387255666024324,16.525,11.133333333333335,25.59500000000002
8g,row,50,scale_only,V2,low,5,49.4,11.523888232710346,53.0,32.0,60.0,7.385383926889299,4.937253096738111,5.932642861139488,2.4993130148885925,15.150796372716055,4.404893945456044,2.1046068942160145,4.236127554537298,1.8313989409073548,7.584402081601558,0.25294952846142654,0.22278112857173724,0.1408887805538836,0.028911030905665817,0.49409737573874235,20.944166666666668,2.570631745202809,21.3125,17.245833333333334,23.570833333333333,33.83666666666667,8.632905073033063,32.58000000000003,23.571666666666673,47.315000000000005
8g,row,50,scale_only,V2,mid,5,34.0,5.656854249492381,32.0,28.0,40.0,6.644748123704988,1.4161611708288067,6.339702137999531,4.967557595874463,8.792559917802727,5.306516102281959,1.3169718904563186,5.294534106458274,3.486734311771937,7.106716395068678,0.13814459501876641,0.07023418921849693,0.11421104333206808,0.08499627032335819,0.2538348666293268,20.944166666666668,2.570631745202809,21.3125,17.245833333333334,23.570833333333333,33.83666666666667,8.632905073033063,32.58000000000003,23.571666666666673,47.315000000000005
8g,row,50,scale_only,V2,high_tail,5,31.6,13.03073290340954,31.0,15.0,51.0,15.308956648004846,3.8570435506149168,15.115631265662644,10.778001516591038,20.591295304648554,10.918864696138732,3.574904279366651,11.450886348729657,6.487056530622378,16.124898966317804,0.6089058765198072,0.21752979413290363,0.636939666703821,0.35386386100787975,0.8568779257622661,20.944166666666668,2.570631745202809,21.3125,17.245833333333334,23.570833333333333,33.83666666666667,8.632905073033063,32.58000000000003,23.571666666666673,47.315000000000005
8g,row,50,affine,V1,low,5,49.8,11.166915420114902,53.0,37.0,64.0,4.522423257501379,2.5922458320100747,3.431620730390769,2.821579178520597,8.994174767717018,2.416634149089204,0.7031742612703148,2.0748446720994886,1.7875711355178545,3.4612919520712992,0.18691065839925916,0.19485880717163606,0.09976133839126951,0.02437290217388209,0.5127946405644614,10.478333333333333,0.6962536155900532,10.733333333333334,9.425,11.129166666666666,17.916666666666675,5.387255666024324,16.525,11.133333333333335,25.59500000000002
8g,row,50,affine,V1,mid,5,31.6,6.06630035524124,33.0,24.0,39.0,2.523032508805753,0.5763258417123104,2.7645592670716104,1.6473844415613268,3.0340883089277377,1.908386034924515,0.45085595294677516,2.0781447806270763,1.2692241539316638,2.412489253513183,0.03151528825790968,0.015174909395228718,0.03460976381375214,0.009102723674026123,0.04658675431470863,10.478333333333333,0.6962536155900532,10.733333333333334,9.425,11.129166666666666,17.916666666666675,5.387255666024324,16.525,11.133333333333335,25.59500000000002
8g,row,50,affine,V1,high_tail,5,33.6,13.277801022759755,36.0,18.0,51.0,13.737660697618287,5.374085947566083,12.708217359697427,7.19097325439406,21.609865577729998,9.780924820142122,4.125029997603557,9.37904391979404,4.158315419416534,14.944028338042841,0.7815740533428311,0.20553941943019313,0.8759018541115885,0.44426496744561883,0.9665243741520918,10.478333333333333,0.6962536155900532,10.733333333333334,9.425,11.129166666666666,17.916666666666675,5.387255666024324,16.525,11.133333333333335,25.59500000000002
8g,row,50,affine,V2,low,5,49.4,11.523888232710346,53.0,32.0,60.0,7.0760517965780565,4.820562868013272,5.187458983446508,2.4904881839198896,14.468351961823872,4.001141918993382,1.7115088281269528,3.67691236978278,1.7847482581105947,5.8891063064202145,0.22255565958496693,0.21419781270413227,0.09187881514800811,0.028650716012492132,0.4880072573216613,20.944166666666668,2.570631745202809,21.3125,17.245833333333334,23.570833333333333,33.83666666666667,8.632905073033063,32.58000000000003,23.571666666666673,47.315000000000005
8g,row,50,affine,V2,mid,5,34.0,5.656854249492381,32.0,28.0,40.0,6.663302223082948,1.4058234727355228,6.7339296999581215,4.892529767347994,8.703918457337998,5.241413814167696,1.2712595081545786,5.374638815090743,3.4382178590577617,6.913546007778591,0.12762810678699607,0.06189474386163521,0.11056902046346512,0.07869469697082411,0.22982892235638588,20.944166666666668,2.570631745202809,21.3125,17.245833333333334,23.570833333333333,33.83666666666667,8.632905073033063,32.58000000000003,23.571666666666673,47.315000000000005
8g,row,50,affine,V2,high_tail,5,31.6,13.03073290340954,31.0,15.0,51.0,16.65328594102294,4.810543229962057,16.114630717193258,10.81316417929906,23.147254075097873,11.58421000407842,3.966509006655435,12.082108517547722,6.481338812938739,17.10052914894357,0.6498162336280371,0.20906686295372895,0.6863276336526365,0.3747395840473529,0.8607802635240427,20.944166666666668,2.570631745202809,21.3125,17.245833333333334,23.570833333333333,33.83666666666667,8.632905073033063,32.58000000000003,23.571666666666673,47.315000000000005
8g,row,50,target_head_only,V1,low,5,49.8,11.166915420114902,53.0,37.0,64.0,4.402293742204082,1.6086090595714944,4.391886727644221,2.8358173828748283,6.809527179116775,2.5388852217259275,0.511201181687033,2.7056301171875,1.894784252121212,3.055268301257861,0.24573269866797895,0.19159340222182436,0.20563042865401993,0.09664543191043296,0.5733122573483296,10.478333333333333,0.6962536155900532,10.733333333333334,9.425,11.129166666666666,17.916666666666675,5.387255666024324,16.525,11.133333333333335,25.59500000000002
8g,row,50,target_head_only,V1,mid,5,31.6,6.06630035524124,33.0,24.0,39.0,2.492278004360864,0.29453931987816456,2.4224608819518645,2.1116774471976605,2.890153477668197,1.9098465759857113,0.18968426805436897,1.8793274242424236,1.6423509938271605,2.1228792999999997,0.04803782392844875,0.019016433670898225,0.051597154214915626,0.02565823817564001,0.07416584806687092,10.478333333333333,0.6962536155900532,10.733333333333334,9.425,11.129166666666666,17.916666666666675,5.387255666024324,16.525,11.133333333333335,25.59500000000002
8g,row,50,target_head_only,V1,high_tail,5,33.6,13.277801022759755,36.0,18.0,51.0,10.168341389255042,4.392789605241998,8.361100516411277,7.599021153330093,17.953359032597888,6.987610054554797,3.5178453371428793,6.0155703240740745,4.083787924183007,13.09538211111111,0.7062294774035722,0.1963403479818039,0.7687113331703401,0.37509058843675464,0.8695443913284056,10.478333333333333,0.6962536155900532,10.733333333333334,9.425,11.129166666666666,17.916666666666675,5.387255666024324,16.525,11.133333333333335,25.59500000000002
8g,row,50,target_head_only,V2,low,5,49.4,11.523888232710346,53.0,32.0,60.0,5.598378317688407,3.0436229101384416,4.263103735367687,2.723554057463275,9.680641915215867,3.038751559010066,1.0107291073964761,2.6921802578616356,1.8025196979166664,4.281924202777777,0.17471263720362534,0.13688935560244653,0.10390994313378335,0.03330662262581896,0.3322255178233996,20.944166666666668,2.570631745202809,21.3125,17.245833333333334,23.570833333333333,33.83666666666667,8.632905073033063,32.58000000000003,23.571666666666673,47.315000000000005
8g,row,50,target_head_only,V2,mid,5,34.0,5.656854249492381,32.0,28.0,40.0,5.8232601469043415,1.3100423433784314,5.549501703326885,4.817880612444327,8.061552418669107,4.536436895277777,1.2399897952302346,4.1750874,3.5234340625000007,6.6538246222222215,0.13028830720900264,0.07155443660148614,0.10828626468312834,0.06649692189055363,0.2532668403504542,20.944166666666668,2.570631745202809,21.3125,17.245833333333334,23.570833333333333,33.83666666666667,8.632905073033063,32.58000000000003,23.571666666666673,47.315000000000005
8g,row,50,target_head_only,V2,high_tail,5,31.6,13.03073290340954,31.0,15.0,51.0,15.384262861961101,4.905892261934449,15.968725300595354,10.042914107785574,21.69875765759592,11.003990884129127,4.5063130487624425,9.353660539215687,6.8144605947712416,17.240721688888886,0.694999055587372,0.14686912859193266,0.6428232165157624,0.5486076757603379,0.8624686746695668,20.944166666666668,2.570631745202809,21.3125,17.245833333333334,23.570833333333333,33.83666666666667,8.632905073033063,32.58000000000003,23.571666666666673,47.315000000000005
8g,row,50,local_identity_shrinkage,V1,low,5,49.8,11.166915420114902,53.0,37.0,64.0,4.447878820217119,2.4464001538149067,3.600890531657777,2.8215791044957994,8.69098532413949,2.503941023167654,0.823149382747893,2.271277697120682,1.761430420460234,3.8897187082646156,0.20373565801803956,0.22812685495960008,0.09816540286624822,0.05246894849691995,0.6025304180726165,10.478333333333333,0.6962536155900532,10.733333333333334,9.425,11.129166666666666,17.916666666666675,5.387255666024324,16.525,11.133333333333335,25.59500000000002
8g,row,50,local_identity_shrinkage,V1,mid,5,31.6,6.06630035524124,33.0,24.0,39.0,2.557507771569816,0.5723040921915452,2.764559280168342,1.6017472583566672,3.0602218108778936,1.9217017001996115,0.4209956929774014,2.0781447905213213,1.1877441096073402,2.206218172683718,0.03517216138511851,0.013034150900444562,0.034609764195302706,0.021994307019157833,0.04837857943245318,10.478333333333333,0.6962536155900532,10.733333333333334,9.425,11.129166666666666,17.916666666666675,5.387255666024324,16.525,11.133333333333335,25.59500000000002
8g,row,50,local_identity_shrinkage,V1,high_tail,5,33.6,13.277801022759755,36.0,18.0,51.0,12.071478500964222,3.763771793879022,11.4000016176724,7.273569418081394,16.517079434815702,8.663507088931356,3.4741570835822575,8.059919767586072,3.9148279389308174,12.946737577560208,0.7610921805968418,0.23746244090317717,0.8792608261369628,0.3491651966454934,0.9255367444839224,10.478333333333333,0.6962536155900532,10.733333333333334,9.425,11.129166666666666,17.916666666666675,5.387255666024324,16.525,11.133333333333335,25.59500000000002
8g,row,50,local_identity_shrinkage,V2,low,5,49.4,11.523888232710346,53.0,32.0,60.0,7.1848628255829325,4.663482531008597,5.187458951758358,2.9058127941890053,14.262575409932431,3.9680760156158543,1.5061607441175002,3.676912355765559,2.0336071014897317,5.723582089727289,0.2495203610159599,0.24609904883004716,0.09187881978625648,0.03481899731504007,0.5531901142424327,20.944166666666668,2.570631745202809,21.3125,17.245833333333334,23.570833333333333,33.83666666666667,8.632905073033063,32.58000000000003,23.571666666666673,47.315000000000005
8g,row,50,local_identity_shrinkage,V2,mid,5,34.0,5.656854249492381,32.0,28.0,40.0,6.847154767632025,0.784169134024457,6.733929687597478,5.970842664929321,8.061647559140969,5.400005384468079,0.8471693822290548,5.374638958773201,4.189144907312421,6.527662014492706,0.14257411801979228,0.06494096222785757,0.14701181932642887,0.07927720322768601,0.23395519972391984,20.944166666666668,2.570631745202809,21.3125,17.245833333333334,23.570833333333333,33.83666666666667,8.632905073033063,32.58000000000003,23.571666666666673,47.315000000000005
8g,row,50,local_identity_shrinkage,V2,high_tail,5,31.6,13.03073290340954,31.0,15.0,51.0,15.51650052940791,3.970768785950096,13.601720739591482,11.157604453882653,20.041979771054642,10.859534939691079,3.2316370308080087,9.997251556129648,6.882820026106787,15.227090758953604,0.6079055209642478,0.24232170878217027,0.6780680772337239,0.27597825827816425,0.8263264398722195,20.944166666666668,2.570631745202809,21.3125,17.245833333333334,23.570833333333333,33.83666666666667,8.632905073033063,32.58000000000003,23.571666666666673,47.315000000000005
8g,row,50,conditional_EA,V1,low,5,49.8,11.166915420114902,53.0,37.0,64.0,4.017907389430743,2.6028699449372916,2.643278665607776,2.2954925835980617,8.510257222071118,2.0842189496081867,0.6078077766428859,1.8416263026367214,1.5600322718984618,3.054814916595531,0.18419861372720678,0.23143107310910663,0.08622072403496,0.020427961037397465,0.5849113103331708,10.478333333333333,0.6962536155900532,10.733333333333334,9.425,11.129166666666666,17.916666666666675,5.387255666024324,16.525,11.133333333333335,25.59500000000002
8g,row,50,conditional_EA,V1,mid,5,31.6,6.06630035524124,33.0,24.0,39.0,2.846843834381261,0.6986196995567909,3.010676667025584,1.6905982339600756,3.522253192221334,2.194663227862998,0.6174652098176536,2.1406075660959227,1.2753288821124855,2.9550773940256256,0.04019327595368376,0.010269973403576028,0.0452481677321084,0.025737634318839107,0.050046118535760166,10.478333333333333,0.6962536155900532,10.733333333333334,9.425,11.129166666666666,17.916666666666675,5.387255666024324,16.525,11.133333333333335,25.59500000000002
8g,row,50,conditional_EA,V1,high_tail,5,33.6,13.277801022759755,36.0,18.0,51.0,12.554911016466997,4.234448266858682,11.692420289838678,7.225527486015389,17.576620763248183,8.94240784999442,3.68081169727511,8.13798960949563,3.95120217983022,12.585809910257085,0.7756081103191095,0.23637357390105876,0.888041641646201,0.3684061340224403,0.9463201354252802,10.478333333333333,0.6962536155900532,10.733333333333334,9.425,11.129166666666666,17.916666666666675,5.387255666024324,16.525,11.133333333333335,25.59500000000002
8g,row,50,conditional_EA,V2,low,5,49.4,11.523888232710346,53.0,32.0,60.0,7.202198765939038,4.603959313342655,5.040919185755864,3.103260084929021,14.21578521723195,3.871861246030273,1.402263406207533,3.364385090645547,2.0976367428368916,5.39438859060963,0.2477749758308955,0.24380666161517497,0.08690284749231507,0.042565708060557046,0.5533766061725475,20.944166666666668,2.570631745202809,21.3125,17.245833333333334,23.570833333333333,33.83666666666667,8.632905073033063,32.58000000000003,23.571666666666673,47.315000000000005
8g,row,50,conditional_EA,V2,mid,5,34.0,5.656854249492381,32.0,28.0,40.0,6.955955314020765,0.7482032642428306,7.079717555550269,6.0896749225252735,8.036935232454796,5.516539417704465,0.851596999923148,5.666832582150714,4.280252465207162,6.586555515607999,0.1455277945829789,0.061148602402742946,0.1639123704339196,0.07788161210411307,0.22501330301914457,20.944166666666668,2.570631745202809,21.3125,17.245833333333334,23.570833333333333,33.83666666666667,8.632905073033063,32.58000000000003,23.571666666666673,47.315000000000005
8g,row,50,conditional_EA,V2,high_tail,5,31.6,13.03073290340954,31.0,15.0,51.0,15.605970543954564,4.222648219283868,14.063119443770153,10.613475212231123,20.387052465028134,10.937320386122103,3.422001595102828,9.991929207504125,6.503305328791672,15.436271383432608,0.6066972295861257,0.2360862178699107,0.6880838494885404,0.2757852821615109,0.8250651399579972,20.944166666666668,2.570631745202809,21.3125,17.245833333333334,23.570833333333333,33.83666666666667,8.632905073033063,32.58000000000003,23.571666666666673,47.315000000000005
8g,row,50,standard_shallow_finetune,V1,low,5,49.8,11.166915420114902,53.0,37.0,64.0,4.15320031685395,1.5657116483962699,3.952020700563581,2.267804892532939,6.366930347416746,2.4721463492137277,0.4992933805596346,2.5964174424999995,1.795127736969697,2.9896034094339625,0.19469215018889802,0.14813542455833592,0.15304019908771663,0.07211953039885878,0.44868540911707716,10.478333333333333,0.6962536155900532,10.733333333333334,9.425,11.129166666666666,17.916666666666675,5.387255666024324,16.525,11.133333333333335,25.59500000000002
8g,row,50,standard_shallow_finetune,V1,mid,5,31.6,6.06630035524124,33.0,24.0,39.0,2.9762408227211106,0.7815058777879149,3.0528910790760677,1.7902277246406368,3.8174258512381387,2.3561746445470577,0.6574604289115217,2.4127346484848484,1.3329297345679012,2.9606931666666667,0.06325503374079347,0.03364158530463442,0.0607698405822113,0.0248753376474174,0.10437701887058658,10.478333333333333,0.6962536155900532,10.733333333333334,9.425,11.129166666666666,17.916666666666675,5.387255666024324,16.525,11.133333333333335,25.59500000000002
8g,row,50,standard_shallow_finetune,V1,high_tail,5,33.6,13.277801022759755,36.0,18.0,51.0,10.99298550800469,4.533984638667144,9.559049350942615,7.661185961235844,18.93344815696194,7.787966994966136,3.614565955509736,6.505481020833332,4.087380098039216,13.707211370370368,0.7420528160703084,0.14825282030546683,0.7779287030747766,0.49054475030071154,0.860499946059899,10.478333333333333,0.6962536155900532,10.733333333333334,9.425,11.129166666666666,17.916666666666675,5.387255666024324,16.525,11.133333333333335,25.59500000000002
8g,row,50,standard_shallow_finetune,V2,low,5,49.4,11.523888232710346,53.0,32.0,60.0,6.461467484916923,3.7658541577755162,4.1804571082905335,3.154926700961704,11.145309738713125,3.5601411617420013,1.3460109914296974,3.071591003144654,2.0510424135416665,5.513900722222221,0.22124728984444872,0.22040828516310396,0.08547023119906899,0.04034756460673498,0.4953729127868173,20.944166666666668,2.570631745202809,21.3125,17.245833333333334,23.570833333333333,33.83666666666667,8.632905073033063,32.58000000000003,23.571666666666673,47.315000000000005
8g,row,50,standard_shallow_finetune,V2,mid,5,34.0,5.656854249492381,32.0,28.0,40.0,6.788781381023034,0.9532069011631333,7.315349125166479,5.587808805793835,7.658182880910131,5.496314728630952,1.0101331640234101,6.114034308333332,4.155253406250001,6.4094279,0.1497857932977046,0.08210097212658873,0.12656739858136176,0.06321883905921825,0.2842558911422678,20.944166666666668,2.570631745202809,21.3125,17.245833333333334,23.570833333333333,33.83666666666667,8.632905073033063,32.58000000000003,23.571666666666673,47.315000000000005
8g,row,50,standard_shallow_finetune,V2,high_tail,5,31.6,13.03073290340954,31.0,15.0,51.0,15.627749885252225,4.0521514410847,14.375646153261808,11.355733164184318,20.06973836997872,10.72883211444093,3.141828009181299,9.950550370370374,6.653451941176469,14.59473526666667,0.6289669168578467,0.227534872527966,0.6302738776586635,0.38365290405892116,0.8774371248651451,20.944166666666668,2.570631745202809,21.3125,17.245833333333334,23.570833333333333,33.83666666666667,8.632905073033063,32.58000000000003,23.571666666666673,47.315000000000005
8g,row,50,paper_style_current_v2,V1,low,5,49.8,11.166915420114902,53.0,37.0,64.0,4.146789826187077,1.56342887710175,3.9599445951799503,2.268421647228569,6.376750868378821,2.4673603835641917,0.49527811907661157,2.6021811025,1.7950308096969696,2.9949143264150946,0.19404663402103722,0.14912407807081451,0.15331496680413098,0.07216066140989014,0.45075028465778016,10.478333333333333,0.6962536155900532,10.733333333333334,9.425,11.129166666666666,17.916666666666675,5.387255666024324,16.525,11.133333333333335,25.59500000000002
8g,row,50,paper_style_current_v2,V1,mid,5,31.6,6.06630035524124,33.0,24.0,39.0,2.975209419281043,0.7866926548420637,3.044462165752499,1.7885985823969237,3.8216257321491107,2.356904062345001,0.6627613530417176,2.4131316777777774,1.3313197753086423,2.961635708333333,0.06319507274722061,0.0340205372622034,0.06022614177968348,0.024830135200878577,0.10504369779009125,10.478333333333333,0.6962536155900532,10.733333333333334,9.425,11.129166666666666,17.916666666666675,5.387255666024324,16.525,11.133333333333335,25.59500000000002
8g,row,50,paper_style_current_v2,V1,high_tail,5,33.6,13.277801022759755,36.0,18.0,51.0,11.023018758987712,4.609105735637688,9.557556980790753,7.661964544013797,19.103511356761192,7.811240913474945,3.6672669834840743,6.509625133333334,4.088773362745099,13.839473314814816,0.7427582932317423,0.14928750385137157,0.7839818371268231,0.4890235735625363,0.8606766240843752,10.478333333333333,0.6962536155900532,10.733333333333334,9.425,11.129166666666666,17.916666666666675,5.387255666024324,16.525,11.133333333333335,25.59500000000002
8g,row,50,paper_style_current_v2,V2,low,5,49.4,11.523888232710346,53.0,32.0,60.0,6.450239724789652,3.7521295268375927,4.177712821268626,3.1537898539827127,11.155023718862932,3.5522196001058814,1.3300328946342195,3.066334798742138,2.0501725354166664,5.4715521222222225,0.22055678157760786,0.21971344356160574,0.08565751346726852,0.04031377591870964,0.49675565864377114,20.944166666666668,2.570631745202809,21.3125,17.245833333333334,23.570833333333333,33.83666666666667,8.632905073033063,32.58000000000003,23.571666666666673,47.315000000000005
8g,row,50,paper_style_current_v2,V2,mid,5,34.0,5.656854249492381,32.0,28.0,40.0,6.771404224467422,0.9411163516971712,7.2399217846965245,5.586315687416579,7.636593433077066,5.480297790773809,0.9985768844417696,6.049108008333333,4.154368406250001,6.388413400000001,0.14917229161757944,0.08229116655552057,0.12648497025124375,0.06318258796662651,0.28462609281158424,20.944166666666668,2.570631745202809,21.3125,17.245833333333334,23.570833333333333,33.83666666666667,8.632905073033063,32.58000000000003,23.571666666666673,47.315000000000005
8g,row,50,paper_style_current_v2,V2,high_tail,5,31.6,13.03073290340954,31.0,15.0,51.0,15.656467796144884,4.092977217539862,14.35263475679348,11.357189479165317,20.07516479696599,10.752379211161713,3.182784579832592,9.921267888888892,6.656007117647058,14.723628066666667,0.6302709268048127,0.22609040687403517,0.6297163937211472,0.3828255046736187,0.8775740555728655,20.944166666666668,2.570631745202809,21.3125,17.245833333333334,23.570833333333333,33.83666666666667,8.632905073033063,32.58000000000003,23.571666666666673,47.315000000000005
8g,row,70,zero_shot,V1,low,5,49.4,10.573551910309043,50.0,38.0,66.0,4.420253067553416,0.47810533344379647,4.4243441364373055,3.9547490067365705,5.138393144215608,4.121412004250041,0.27632531688506007,4.243867472666667,3.7893337587719302,4.3593845873333334,0.04524225436261312,0.02135605155713695,0.04387859057087689,0.01737087651359303,0.07746658560509122,10.415833333333333,0.6166765201915472,10.341666666666667,9.795833333333334,11.3625,17.98666666666667,4.862787552194507,16.278333333333332,12.893333333333338,25.59500000000002
8g,row,70,zero_shot,V1,mid,5,33.6,5.176871642217914,31.0,29.0,41.0,7.018072110415373,1.8455050550776728,6.362257022952908,5.309057742508251,10.028541232988394,6.821365409115022,1.7367142870885135,6.141189225287357,5.2078296944444435,9.651716231182796,0.0753837464115625,0.03969146942974888,0.052626596265036185,0.03877178725535399,0.13184729769158693,10.415833333333333,0.6166765201915472,10.341666666666667,9.795833333333334,11.3625,17.98666666666667,4.862787552194507,16.278333333333332,12.893333333333338,25.59500000000002
8g,row,70,zero_shot,V1,high_tail,5,32.0,10.488088481701515,36.0,18.0,42.0,26.523465293206794,7.313519917015932,23.694718866361534,18.7562205435792,38.09275769816596,21.849437970960317,6.3019817975735855,21.062549312500003,13.9209905984127,31.464555759259255,0.8793739992258243,0.05911227818181304,0.9034948131640868,0.7906861167033221,0.9438573362310532,10.415833333333333,0.6166765201915472,10.341666666666667,9.795833333333334,11.3625,17.98666666666667,4.862787552194507,16.278333333333332,12.893333333333338,25.59500000000002
8g,row,70,zero_shot,V2,low,5,50.2,11.64903429473877,55.0,33.0,62.0,6.90809784436629,1.2346855312897795,6.937570896029301,5.624204313442157,8.832911311340881,6.176617096437619,0.6327084592838798,6.2293657940860205,5.344069997979798,6.824794889696968,0.058054716893518765,0.027729106564171522,0.06217122899020033,0.030742585348923636,0.09931270987190394,21.05,2.478103763745354,22.3375,17.40833333333333,23.291666666666664,34.24433333333334,8.009135461042804,32.543333333333344,25.895000000000003,47.315000000000005
8g,row,70,zero_shot,V2,mid,5,34.6,6.465291950097845,38.0,24.0,40.0,12.08311002647061,2.2915572716312704,11.983970451331741,8.842851020099184,14.872931527120413,11.480545184889154,2.1696144424545354,11.476915484722221,8.352169124561403,14.079900021929824,0.11738612975569909,0.042124871285610224,0.09697767037612508,0.07495175251698805,0.18022364645800157,21.05,2.478103763745354,22.3375,17.40833333333333,23.291666666666664,34.24433333333334,8.009135461042804,32.543333333333344,25.895000000000003,47.315000000000005
8g,row,70,zero_shot,V2,high_tail,5,30.2,10.56882207249228,31.0,15.0,44.0,36.131643438018,8.608300650956162,34.91364772515411,24.599173038167645,48.47740564241272,30.570245787376884,8.23366123864119,30.22382927160494,19.29817831439394,42.203425,0.8245591533507822,0.060226536478241145,0.8628770184928115,0.7557967452403488,0.8734589470513454,21.05,2.478103763745354,22.3375,17.40833333333333,23.291666666666664,34.24433333333334,8.009135461042804,32.543333333333344,25.895000000000003,47.315000000000005
8g,row,70,scale_only,V1,low,5,49.4,10.573551910309043,50.0,38.0,66.0,4.891556286399377,2.278712424844445,4.209575161501749,3.162731019834548,8.87750908866217,3.061649082645755,0.841996387905265,2.739187250807838,2.2149889824912607,4.37841235233705,0.26002863189379377,0.20373130114006793,0.16909469355123147,0.13010960290665113,0.6191411123162819,10.415833333333333,0.6166765201915472,10.341666666666667,9.795833333333334,11.3625,17.98666666666667,4.862787552194507,16.278333333333332,12.893333333333338,25.59500000000002
8g,row,70,scale_only,V1,mid,5,33.6,5.176871642217914,31.0,29.0,41.0,2.9069416414833222,0.20619423642608375,2.90633977349246,2.6110725567972843,3.1217650100859173,2.3288074671693413,0.17004772920241268,2.327259140268849,2.1088085821447877,2.56664089692872,0.06131870104504694,0.013143723483458557,0.06501902331580371,0.04391967570399147,0.07352131155171787,10.415833333333333,0.6166765201915472,10.341666666666667,9.795833333333334,11.3625,17.98666666666667,4.862787552194507,16.278333333333332,12.893333333333338,25.59500000000002
8g,row,70,scale_only,V1,high_tail,5,32.0,10.488088481701515,36.0,18.0,42.0,10.217900332891402,2.7906403444037804,9.221435450264375,8.177645701361904,15.134017888821749,7.457041556779953,2.6025176832738683,6.946533142691301,5.064745020908375,11.882187792369654,0.6786526670611595,0.19281750102160625,0.765886283132965,0.33693921197972637,0.7963690855416309,10.415833333333333,0.6166765201915472,10.341666666666667,9.795833333333334,11.3625,17.98666666666667,4.862787552194507,16.278333333333332,12.893333333333338,25.59500000000002
8g,row,70,scale_only,V2,low,5,50.2,11.64903429473877,55.0,33.0,62.0,7.0219143204762675,4.325241524252998,5.325950701299545,3.4314123035220514,13.912012969296445,3.99981128830579,1.3611854002879757,3.6610308696899594,2.6323365870768742,6.048019784153427,0.25606027070567344,0.2199178624569347,0.13558541816486558,0.05386667991994278,0.5344520329064218,21.05,2.478103763745354,22.3375,17.40833333333333,23.291666666666664,34.24433333333334,8.009135461042804,32.543333333333344,25.895000000000003,47.315000000000005
8g,row,70,scale_only,V2,mid,5,34.6,6.465291950097845,38.0,24.0,40.0,6.3770087315930954,0.727751439132933,6.325074203705189,5.694595084924401,7.458312325435796,4.993332294315874,0.693745058379213,4.639721766856307,4.454889266341699,6.0789651949095145,0.1485014607565811,0.07698125740686973,0.12430633537665706,0.08051676849848761,0.2690986786554737,21.05,2.478103763745354,22.3375,17.40833333333333,23.291666666666664,34.24433333333334,8.009135461042804,32.543333333333344,25.895000000000003,47.315000000000005
8g,row,70,scale_only,V2,high_tail,5,30.2,10.56882207249228,31.0,15.0,44.0,14.562952013206484,3.0407738875724286,16.58129116547509,9.947596441743213,16.75740195369424,10.281663081012761,2.446604309701262,10.607558290575781,7.138548844104439,12.95543106008837,0.5954382685377456,0.19050623889110205,0.6252959329353108,0.37338399834690067,0.7838978133366469,21.05,2.478103763745354,22.3375,17.40833333333333,23.291666666666664,34.24433333333334,8.009135461042804,32.543333333333344,25.895000000000003,47.315000000000005
8g,row,70,affine,V1,low,5,49.4,10.573551910309043,50.0,38.0,66.0,4.394147614429626,2.3646623335243264,3.131145079933215,2.7319330206948083,8.414940523215561,2.3880038468933704,0.6091896792879115,2.0403166897076397,1.7997681034669697,3.100036618638817,0.20419075474499823,0.21516287446481602,0.09050409733449981,0.04892423432395006,0.5654485131801257,10.415833333333333,0.6166765201915472,10.341666666666667,9.795833333333334,11.3625,17.98666666666667,4.862787552194507,16.278333333333332,12.893333333333338,25.59500000000002
8g,row,70,affine,V1,mid,5,33.6,5.176871642217914,31.0,29.0,41.0,2.4126812290740736,0.4658129241379729,2.410319882226284,1.7847959070475274,2.9334419150030224,1.8671295014309366,0.3546757829275323,1.959325843678804,1.3338958307036797,2.199259034628339,0.035158629678564944,0.012486133078228788,0.038041197858363816,0.015477930988073747,0.045819974095132616,10.415833333333333,0.6166765201915472,10.341666666666667,9.795833333333334,11.3625,17.98666666666667,4.862787552194507,16.278333333333332,12.893333333333338,25.59500000000002
8g,row,70,affine,V1,high_tail,5,32.0,10.488088481701515,36.0,18.0,42.0,11.880847518346936,2.3899624015387597,10.925274832247393,9.639947151096699,15.32218357889157,8.549991146246288,2.3565206113986563,7.698101033709108,5.893173614247121,11.975926118789669,0.7606506155764368,0.21957602152126152,0.877936017035502,0.3965102889615104,0.9355978346879762,10.415833333333333,0.6166765201915472,10.341666666666667,9.795833333333334,11.3625,17.98666666666667,4.862787552194507,16.278333333333332,12.893333333333338,25.59500000000002
8g,row,70,affine,V2,low,5,50.2,11.64903429473877,55.0,33.0,62.0,7.122071620367663,4.25462332200423,4.75638774815598,3.730720323282695,13.515884934917178,4.225702355203522,1.459303735670855,3.4314365243496696,3.065890515854325,6.453086190528192,0.24804798484799714,0.21536441539299483,0.1503340925552049,0.039533380546313536,0.4863679543133469,21.05,2.478103763745354,22.3375,17.40833333333333,23.291666666666664,34.24433333333334,8.009135461042804,32.543333333333344,25.895000000000003,47.315000000000005
8g,row,70,affine,V2,mid,5,34.6,6.465291950097845,38.0,24.0,40.0,6.433063061110457,0.8182866606236653,6.320831894588457,5.57760989669737,7.56331847083975,5.050425036792784,0.6928967884850035,4.609535376411878,4.4442587127479465,5.938239914447824,0.13410984739249196,0.07672729681872703,0.1006725490483553,0.08057063118102291,0.26724961489105564,21.05,2.478103763745354,22.3375,17.40833333333333,23.291666666666664,34.24433333333334,8.009135461042804,32.543333333333344,25.895000000000003,47.315000000000005
8g,row,70,affine,V2,high_tail,5,30.2,10.56882207249228,31.0,15.0,44.0,15.87587422512018,3.776115513514437,17.97410444856279,9.700271387630627,18.64628672542154,10.947947494695143,2.688820072024445,12.152334892516965,7.294345379701366,13.589697547593731,0.617842167759511,0.20366461616712195,0.5824162925537395,0.4222518662028112,0.8297903570955023,21.05,2.478103763745354,22.3375,17.40833333333333,23.291666666666664,34.24433333333334,8.009135461042804,32.543333333333344,25.895000000000003,47.315000000000005
8g,row,70,target_head_only,V1,low,5,49.4,10.573551910309043,50.0,38.0,66.0,4.318869447244767,1.7464926474758962,3.7907470192731387,2.4206093901730785,6.977419015543553,2.4852635536139362,0.5985408543040625,2.4455329359649114,1.595539306666667,3.2052724533333334,0.24206640171670996,0.19065250059602643,0.18805751696044187,0.08161276600889963,0.5687633128666452,10.415833333333333,0.6166765201915472,10.341666666666667,9.795833333333334,11.3625,17.98666666666667,4.862787552194507,16.278333333333332,12.893333333333338,25.59500000000002
8g,row,70,target_head_only,V1,mid,5,33.6,5.176871642217914,31.0,29.0,41.0,2.510068080541133,0.3211442343137041,2.448552962974916,2.139186790877567,2.9365741576385958,1.8942850807349498,0.19315222532987078,1.9123134944444444,1.6808122837837833,2.1762263448275863,0.05358615181142797,0.01692833933784996,0.05831182544287552,0.025946876260950567,0.06966563636192512,10.415833333333333,0.6166765201915472,10.341666666666667,9.795833333333334,11.3625,17.98666666666667,4.862787552194507,16.278333333333332,12.893333333333338,25.59500000000002
8g,row,70,target_head_only,V1,high_tail,5,32.0,10.488088481701515,36.0,18.0,42.0,10.041765313620159,4.063051366879499,8.237131009344834,7.396402464174221,17.219207643542738,6.849760659894178,3.351726692467067,5.847800574074075,4.486509908730158,12.73066761111111,0.7043474464718621,0.1856244654159912,0.7536306575966827,0.3804829063400532,0.8487215976291753,10.415833333333333,0.6166765201915472,10.341666666666667,9.795833333333334,11.3625,17.98666666666667,4.862787552194507,16.278333333333332,12.893333333333338,25.59500000000002
8g,row,70,target_head_only,V2,low,5,50.2,11.64903429473877,55.0,33.0,62.0,5.584018872183099,3.1703762820272194,4.071203665736836,2.9271571163174435,10.020622976472993,3.0130736456853766,1.0405282361401493,2.545398850877193,1.940472449494949,4.304420529569892,0.17822851972714235,0.14408304352212536,0.0925862235325115,0.0398317955899762,0.34367277548907693,21.05,2.478103763745354,22.3375,17.40833333333333,23.291666666666664,34.24433333333334,8.009135461042804,32.543333333333344,25.895000000000003,47.315000000000005
8g,row,70,target_head_only,V2,mid,5,34.6,6.465291950097845,38.0,24.0,40.0,5.810040340354149,1.017166099883556,5.400005344981749,5.131905520650607,7.594774124365391,4.486697332807017,0.9414721522035341,4.269453083333333,3.8289146333333326,6.111589,0.13414635955790724,0.06101582896854603,0.11845043510583925,0.06503678880940979,0.22645065377932744,21.05,2.478103763745354,22.3375,17.40833333333333,23.291666666666664,34.24433333333334,8.009135461042804,32.543333333333344,25.895000000000003,47.315000000000005
8g,row,70,target_head_only,V2,high_tail,5,30.2,10.56882207249228,31.0,15.0,44.0,15.27143057428107,4.533251900271419,15.900136775398435,10.125500075379419,21.049735810336298,10.927321789338398,4.176684851706981,9.081616950980392,7.071315810606063,16.78978168888889,0.6876251207149503,0.1356904405264779,0.6832048475772385,0.5378767894050837,0.8423769876580784,21.05,2.478103763745354,22.3375,17.40833333333333,23.291666666666664,34.24433333333334,8.009135461042804,32.543333333333344,25.895000000000003,47.315000000000005
8g,row,70,local_identity_shrinkage,V1,low,5,49.4,10.573551910309043,50.0,38.0,66.0,4.299029203315889,2.259581123005842,3.1311452225568637,2.73193294087204,8.185550806498016,2.365623670772119,0.6710119942327826,2.0403167264973443,1.7997681290530523,3.4123612128048415,0.21492092117287348,0.23068486533924204,0.13138796751409063,0.04892423849324626,0.6136530378805721,10.415833333333333,0.6166765201915472,10.341666666666667,9.795833333333334,11.3625,17.98666666666667,4.862787552194507,16.278333333333332,12.893333333333338,25.59500000000002
8g,row,70,local_identity_shrinkage,V1,mid,5,33.6,5.176871642217914,31.0,29.0,41.0,2.343185732806302,0.5415763071113913,2.0617314687811903,1.7847959040226158,3.049127437988078,1.775451472462758,0.3863804102820106,1.6221014339133761,1.3338958512871038,2.2230387101609446,0.03604751111203887,0.012922675327944229,0.040265062706274175,0.015477930844590345,0.04675148286912789,10.415833333333333,0.6166765201915472,10.341666666666667,9.795833333333334,11.3625,17.98666666666667,4.862787552194507,16.278333333333332,12.893333333333338,25.59500000000002
8g,row,70,local_identity_shrinkage,V1,high_tail,5,32.0,10.488088481701515,36.0,18.0,42.0,11.416533461338247,3.3166441030554443,10.925274783459937,7.817741039637396,16.01477379466694,8.280373796301712,3.00795006230905,7.698100997702259,4.6737340933555345,12.55404059318658,0.7490315677150876,0.23099217426489915,0.828346969779635,0.354423857331936,0.9355978306621633,10.415833333333333,0.6166765201915472,10.341666666666667,9.795833333333334,11.3625,17.98666666666667,4.862787552194507,16.278333333333332,12.893333333333338,25.59500000000002
8g,row,70,local_identity_shrinkage,V2,low,5,50.2,11.64903429473877,55.0,33.0,62.0,6.985305547557199,4.356852137330783,4.756387743448008,3.2421748365886667,13.624159918187148,3.868663111793927,1.3109947185520963,3.4314365000553577,2.259054227696898,5.245401512482894,0.2652205147612938,0.2411005173908975,0.15033409217101026,0.03450873784165265,0.5337299691180936,21.05,2.478103763745354,22.3375,17.40833333333333,23.291666666666664,34.24433333333334,8.009135461042804,32.543333333333344,25.895000000000003,47.315000000000005
8g,row,70,local_identity_shrinkage,V2,mid,5,34.6,6.465291950097845,38.0,24.0,40.0,6.453922109781426,0.655588580863053,6.363679157867273,5.7846426681091945,7.309536928830226,5.075442421304194,0.6511976283444654,4.705278985646626,4.5125623841715505,5.899279253142126,0.14507802024003882,0.0747659254889651,0.13517455915206583,0.08057063503738367,0.26724962485900655,21.05,2.478103763745354,22.3375,17.40833333333333,23.291666666666664,34.24433333333334,8.009135461042804,32.543333333333344,25.895000000000003,47.315000000000005
8g,row,70,local_identity_shrinkage,V2,high_tail,5,30.2,10.56882207249228,31.0,15.0,44.0,14.722780330603067,3.4225810227217686,14.679116016865805,9.700271445644837,18.646286110809932,10.287110367593186,2.224960669802911,11.047331069211914,7.294345254547874,12.303896194151855,0.5897014649986674,0.23035118439053986,0.582416282969983,0.33109547172984055,0.8289979717671409,21.05,2.478103763745354,22.3375,17.40833333333333,23.291666666666664,34.24433333333334,8.009135461042804,32.543333333333344,25.895000000000003,47.315000000000005
8g,row,70,conditional_EA,V1,low,5,49.4,10.573551910309043,50.0,38.0,66.0,3.8997102143097435,2.484341461105263,2.565293320982688,2.1892201912404854,8.119743419316803,1.9908505590316565,0.6498029708934433,1.6928011925788522,1.4514659381686499,2.90672417523587,0.19149709710638635,0.23954800519836478,0.08442671274678518,0.029581834588350626,0.6045481964985241,10.415833333333333,0.6166765201915472,10.341666666666667,9.795833333333334,11.3625,17.98666666666667,4.862787552194507,16.278333333333332,12.893333333333338,25.59500000000002
8g,row,70,conditional_EA,V1,mid,5,33.6,5.176871642217914,31.0,29.0,41.0,2.5532260859114517,0.4921579553290349,2.3727313900236076,2.050233722882353,3.114484070255666,1.968052809755672,0.33737815041336516,1.8121952198676583,1.6430804484045987,2.4227070564023214,0.04066932552204445,0.011182872553602495,0.042912736504318004,0.02698725174760297,0.053720193683535776,10.415833333333333,0.6166765201915472,10.341666666666667,9.795833333333334,11.3625,17.98666666666667,4.862787552194507,16.278333333333332,12.893333333333338,25.59500000000002
8g,row,70,conditional_EA,V1,high_tail,5,32.0,10.488088481701515,36.0,18.0,42.0,11.64223897316041,3.0995811407904275,11.444872116854626,8.345057722034406,15.836562890521579,8.375538877602702,2.8618635709671403,8.03709891221381,5.028062458014015,12.414576365993193,0.7678335773715691,0.23596453479641094,0.8726605507488968,0.36384599417410796,0.9434309136640464,10.415833333333333,0.6166765201915472,10.341666666666667,9.795833333333334,11.3625,17.98666666666667,4.862787552194507,16.278333333333332,12.893333333333338,25.59500000000002
8g,row,70,conditional_EA,V2,low,5,50.2,11.64903429473877,55.0,33.0,62.0,7.002160183740171,4.388190536594257,4.792005651983278,3.1442873517843197,13.62070436663029,3.8911351006596364,1.4020561887994538,3.445479846882747,2.208558289835345,5.566749865576859,0.26158787502849806,0.23876966800571847,0.15106055606339003,0.03159191791632587,0.5242821690785685,21.05,2.478103763745354,22.3375,17.40833333333333,23.291666666666664,34.24433333333334,8.009135461042804,32.543333333333344,25.895000000000003,47.315000000000005
8g,row,70,conditional_EA,V2,mid,5,34.6,6.465291950097845,38.0,24.0,40.0,6.600712827814808,0.7372002197010271,6.297989805019707,5.787157973272723,7.446405973887255,5.189024188474424,0.7862072281089882,4.776090363020011,4.482872682932625,6.170779352882211,0.14632097712331385,0.07293283111308535,0.14070769472602138,0.08877993931835064,0.26729238040966946,21.05,2.478103763745354,22.3375,17.40833333333333,23.291666666666664,34.24433333333334,8.009135461042804,32.543333333333344,25.895000000000003,47.315000000000005
8g,row,70,conditional_EA,V2,high_tail,5,30.2,10.56882207249228,31.0,15.0,44.0,14.974542193652752,3.5438531427239983,15.12324383563116,9.697303026705935,19.058661750157196,10.486936584424095,2.3253401383042402,11.356318399565628,7.291312531977912,12.55648030258322,0.5920911478481881,0.22961469379290708,0.5816470635269405,0.33501013619541015,0.8238988635599326,21.05,2.478103763745354,22.3375,17.40833333333333,23.291666666666664,34.24433333333334,8.009135461042804,32.543333333333344,25.895000000000003,47.315000000000005
8g,row,70,standard_shallow_finetune,V1,low,5,49.4,10.573551910309043,50.0,38.0,66.0,4.122224483051146,1.9168319873290018,3.767468207393795,1.8875750095353918,6.708342785340938,2.4623562638108627,0.7625460721734268,2.427871484210526,1.4734295259999999,3.262540966161616,0.19699057700946598,0.16751602245893155,0.12405985427395512,0.047254099574249614,0.4721028449955129,10.415833333333333,0.6166765201915472,10.341666666666667,9.795833333333334,11.3625,17.98666666666667,4.862787552194507,16.278333333333332,12.893333333333338,25.59500000000002
8g,row,70,standard_shallow_finetune,V1,mid,5,33.6,5.176871642217914,31.0,29.0,41.0,2.945885362964146,0.6456819395098033,2.967981066290154,2.1296545600967764,3.5863569298199316,2.3311555219682196,0.5505281019367754,2.338292612903226,1.6577680144444442,2.9900652702702697,0.06691760943850686,0.03435917047407495,0.05310967165685199,0.03380941010978927,0.10946044828273994,10.415833333333333,0.6166765201915472,10.341666666666667,9.795833333333334,11.3625,17.98666666666667,4.862787552194507,16.278333333333332,12.893333333333338,25.59500000000002
8g,row,70,standard_shallow_finetune,V1,high_tail,5,32.0,10.488088481701515,36.0,18.0,42.0,10.93597042900208,4.073679133717107,9.463599190483945,8.225372077615042,18.153351452041896,8.028990306507936,3.372782990466724,6.7931932250000004,5.193484043650794,13.800017166666667,0.7360918135520272,0.1551391979803871,0.7664796974433054,0.474787483347635,0.8552168079205753,10.415833333333333,0.6166765201915472,10.341666666666667,9.795833333333334,11.3625,17.98666666666667,4.862787552194507,16.278333333333332,12.893333333333338,25.59500000000002
8g,row,70,standard_shallow_finetune,V2,low,5,50.2,11.64903429473877,55.0,33.0,62.0,6.604490660283346,4.131966718529349,4.13459634315136,3.1315398477562573,11.64019404873852,3.7898800011070803,1.6475683270761259,2.8870494204545456,2.401685196969697,6.412349744623656,0.22459687888443577,0.23462204273656423,0.06758120098231633,0.028349183534443802,0.4960506849250438,21.05,2.478103763745354,22.3375,17.40833333333333,23.291666666666664,34.24433333333334,8.009135461042804,32.543333333333344,25.895000000000003,47.315000000000005
8g,row,70,standard_shallow_finetune,V2,mid,5,34.6,6.465291950097845,38.0,24.0,40.0,6.9486346229858755,0.8052878976462502,7.353766929037204,5.77721140730771,7.694330992632935,5.440729015999469,0.8330998349356593,5.9208908596491225,4.474900030701756,6.2039599090909086,0.14428768099286965,0.07117571996862279,0.13884408760235512,0.055556205952232325,0.2529985454354754,21.05,2.478103763745354,22.3375,17.40833333333333,23.291666666666664,34.24433333333334,8.009135461042804,32.543333333333344,25.895000000000003,47.315000000000005
8g,row,70,standard_shallow_finetune,V2,high_tail,5,30.2,10.56882207249228,31.0,15.0,44.0,16.342121940092106,2.7854233276287874,14.699088644560442,13.709721207717587,19.44477116441066,11.439088731534884,2.3755956163480323,9.985451548387095,9.803527140151516,15.224224666666663,0.6311154401226945,0.2384931419177554,0.6814864907028564,0.381716829839885,0.8768625930654513,21.05,2.478103763745354,22.3375,17.40833333333333,23.291666666666664,34.24433333333334,8.009135461042804,32.543333333333344,25.895000000000003,47.315000000000005
8g,row,70,paper_style_current_v2,V1,low,5,49.4,10.573551910309043,50.0,38.0,66.0,4.124352133810356,1.9189005694939179,3.7702563253170633,1.8891125180766657,6.716915013339591,2.462988394232568,0.7629585927815258,2.428697034210526,1.47373737,3.260588782828283,0.19739211491381253,0.16819664363953005,0.12412731679907021,0.047331212219475345,0.47389853365886747,10.415833333333333,0.6166765201915472,10.341666666666667,9.795833333333334,11.3625,17.98666666666667,4.862787552194507,16.278333333333332,12.893333333333338,25.59500000000002
8g,row,70,paper_style_current_v2,V1,mid,5,33.6,5.176871642217914,31.0,29.0,41.0,2.94369076262043,0.653627610520481,2.9672320503312934,2.1218453768572685,3.593799939849665,2.3299288964520457,0.5573641414304832,2.338484951612903,1.6530618744444447,2.9991453783783784,0.06688251541393128,0.034622547705459694,0.05256387592283383,0.03379770619462583,0.10981243826975856,10.415833333333333,0.6166765201915472,10.341666666666667,9.795833333333334,11.3625,17.98666666666667,4.862787552194507,16.278333333333332,12.893333333333338,25.59500000000002
8g,row,70,paper_style_current_v2,V1,high_tail,5,32.0,10.488088481701515,36.0,18.0,42.0,10.930612960253754,4.07658430697723,9.46180320820453,8.21710064142544,18.153669591140847,8.024890495793652,3.3741505514042895,6.795748325,5.186657281746032,13.80057222222222,0.7357253696722561,0.15558616926322108,0.766060244931171,0.4735375904182987,0.8548940500352025,10.415833333333333,0.6166765201915472,10.341666666666667,9.795833333333334,11.3625,17.98666666666667,4.862787552194507,16.278333333333332,12.893333333333338,25.59500000000002
8g,row,70,paper_style_current_v2,V2,low,5,50.2,11.64903429473877,55.0,33.0,62.0,6.602262113717724,4.13751570068502,4.134424835481419,3.110202350343172,11.64907565920802,3.7862722485848295,1.6503513897158597,2.892283636363637,2.385153878787879,6.411685454301075,0.22477407086318207,0.23498113928169007,0.0675600104375216,0.028060804000843213,0.4972297811016138,21.05,2.478103763745354,22.3375,17.40833333333333,23.291666666666664,34.24433333333334,8.009135461042804,32.543333333333344,25.895000000000003,47.315000000000005
8g,row,70,paper_style_current_v2,V2,mid,5,34.6,6.465291950097845,38.0,24.0,40.0,6.944652099853971,0.8031809906212963,7.361989854028157,5.776469026507237,7.6881842863712455,5.438545799667731,0.8295987796660899,5.917505570175439,4.479717149122807,6.186883348484848,0.1442829213367542,0.07133926167724773,0.13913889083478934,0.05552911992398718,0.2533387549092589,21.05,2.478103763745354,22.3375,17.40833333333333,23.291666666666664,34.24433333333334,8.009135461042804,32.543333333333344,25.895000000000003,47.315000000000005
8g,row,70,paper_style_current_v2,V2,high_tail,5,30.2,10.56882207249228,31.0,15.0,44.0,16.33451083251981,2.793626327059246,14.673700803885607,13.711216713225777,19.447920858174815,11.43510823890335,2.380064897081957,9.986984612903225,9.798500469135805,15.224236933333334,0.6309430078000637,0.23859707103661137,0.6810278861891035,0.3809895247218936,0.8769108696384913,21.05,2.478103763745354,22.3375,17.40833333333333,23.291666666666664,34.24433333333334,8.009135461042804,32.543333333333344,25.895000000000003,47.315000000000005
8g,row,100,zero_shot,V1,low,5,50.4,10.039920318408907,50.0,38.0,66.0,4.4185100460936555,0.47994627474276913,4.4243441364373055,3.9547490067365705,5.138393144215608,4.121388158274589,0.2763536136573449,4.243867472666667,3.7893337587719302,4.3593845873333334,0.04619107348974403,0.02131297165236732,0.04492553573053253,0.01737087651359303,0.07746658560509122,10.468333333333334,0.6210611997934576,10.341666666666667,9.970833333333333,11.495833333333334,18.372666666666664,2.470729087176944,17.301666666666666,16.048333333333332,21.051666666666662
8g,row,100,zero_shot,V1,mid,5,35.2,6.6105975524153635,37.0,26.0,42.0,7.177542710866698,1.2201348815232427,6.752092856458467,5.98765688864548,9.159134780802072,6.9724793195040915,1.1733735624419919,6.4478417215053785,5.903549036936936,8.893340761538461,0.08297324699281766,0.03800726209752376,0.0712508609593476,0.03877178725535399,0.1357337964093279,10.468333333333334,0.6210611997934576,10.341666666666667,9.970833333333333,11.495833333333334,18.372666666666664,2.470729087176944,17.301666666666666,16.048333333333332,21.051666666666662
8g,row,100,zero_shot,V1,high_tail,5,29.4,7.436396977031283,27.0,23.0,40.0,26.73594124417725,4.744786458657126,24.201123211244656,22.622716603485717,34.297695905486464,21.96227755856544,3.72231701697811,21.62447263043478,17.2560337691358,27.579928131884056,0.8708356795174381,0.05834104518201124,0.8838236033101197,0.7867996179855811,0.9438573362310532,10.468333333333334,0.6210611997934576,10.341666666666667,9.970833333333333,11.495833333333334,18.372666666666664,2.470729087176944,17.301666666666666,16.048333333333332,21.051666666666662
8g,row,100,zero_shot,V2,low,5,50.8,7.014271166700072,53.0,43.0,59.0,6.9066932103698635,1.1275493607445357,6.653153802289742,6.0635282438639,8.832911311340881,6.170357527014586,0.4815954342522676,6.026325133898305,5.735159689922481,6.824794889696968,0.05858590101098704,0.024971989657527942,0.05407293640446862,0.030742585348923636,0.09931270987190394,21.141666666666666,1.5937840410307937,21.420833333333334,19.3,22.679166666666667,36.51166666666666,3.6407395845105706,38.02833333333332,31.40333333333333,39.59833333333332
8g,row,100,zero_shot,V2,mid,5,38.8,8.786353054595518,36.0,32.0,54.0,12.650848591892997,1.4158580268776166,12.005082165110368,11.081038141446134,14.512505817914104,11.988377845495739,1.2864085401868204,11.488923941666666,10.521017133333334,13.680316240350876,0.15191904452071067,0.06919128601413214,0.13731592271164159,0.0840040648403225,0.2539964035929877,21.141666666666666,1.5937840410307937,21.420833333333334,19.3,22.679166666666667,36.51166666666666,3.6407395845105706,38.02833333333332,31.40333333333333,39.59833333333332
8g,row,100,zero_shot,V2,high_tail,5,25.4,6.913754406977442,22.0,18.0,35.0,37.140710501085344,2.61370206511451,36.48222492743868,34.3510591674781,41.35466285469618,30.982989061721973,2.825196584916779,30.49093561111111,26.958877814814812,34.495172409090905,0.7894950544683021,0.08293402721977342,0.8066899916765659,0.6931964085891655,0.885253349810754,21.141666666666666,1.5937840410307937,21.420833333333334,19.3,22.679166666666667,36.51166666666666,3.6407395845105706,38.02833333333332,31.40333333333333,39.59833333333332
8g,row,100,scale_only,V1,low,5,50.4,10.039920318408907,50.0,38.0,66.0,4.938191977271158,2.1589657436213554,3.8739574975306534,3.4247536501633054,8.614017915973117,3.1376155512530657,0.662500730509478,2.9921898808867002,2.480556197640279,4.103001883884338,0.28854529007884827,0.20219989294639484,0.18717489581147315,0.14306121042871378,0.6234301354291905,10.468333333333334,0.6210611997934576,10.341666666666667,9.970833333333333,11.495833333333334,18.372666666666664,2.470729087176944,17.301666666666666,16.048333333333332,21.051666666666662
8g,row,100,scale_only,V1,mid,5,35.2,6.6105975524153635,37.0,26.0,42.0,2.6696081903671915,0.49300660915540534,2.638941767483869,2.1081836501650866,3.4595678828146355,2.160272941582977,0.35249844140602166,2.130850123813275,1.7418357583754749,2.717560582880256,0.05788264109369947,0.020736015931511226,0.052171930450190716,0.03479585066408321,0.09051042904865697,10.468333333333334,0.6210611997934576,10.341666666666667,9.970833333333333,11.495833333333334,18.372666666666664,2.470729087176944,17.301666666666666,16.048333333333332,21.051666666666662
8g,row,100,scale_only,V1,high_tail,5,29.4,7.436396977031283,27.0,23.0,40.0,9.80923106167538,1.2973231724167538,9.612795794067797,8.488474673484626,11.948433939940724,7.0736833916371,1.0066926163504606,6.661356564711848,6.5596079076434775,8.872229836576714,0.6535720688274522,0.19237330934746152,0.7606531737383363,0.32702144873789774,0.7827356439984406,10.468333333333334,0.6210611997934576,10.341666666666667,9.970833333333333,11.495833333333334,18.372666666666664,2.470729087176944,17.301666666666666,16.048333333333332,21.051666666666662
8g,row,100,scale_only,V2,low,5,50.8,7.014271166700072,53.0,43.0,59.0,7.025780713046944,4.151486193626258,5.018212742856349,3.3941168751355937,13.250707227461,3.9025503966924773,1.298972047747727,3.2824175796701867,2.5975958183288363,5.45158896175068,0.2783340712225339,0.23575317873690024,0.12266781683439368,0.09230919617379416,0.5500277777914602,21.141666666666666,1.5937840410307937,21.420833333333334,19.3,22.679166666666667,36.51166666666666,3.6407395845105706,38.02833333333332,31.40333333333333,39.59833333333332
8g,row,100,scale_only,V2,mid,5,38.8,8.786353054595518,36.0,32.0,54.0,6.062884436796387,0.6634263609930023,5.900925653398403,5.456207563058405,7.188411157251844,4.709490377959793,0.6201817098264608,4.608523715023823,4.145274955285235,5.763245787580913,0.1603750287019889,0.0734802728140477,0.12702305539658004,0.08755649611456279,0.2584611785984905,21.141666666666666,1.5937840410307937,21.420833333333334,19.3,22.679166666666667,36.51166666666666,3.6407395845105706,38.02833333333332,31.40333333333333,39.59833333333332
8g,row,100,scale_only,V2,high_tail,5,25.4,6.913754406977442,22.0,18.0,35.0,14.590205916380132,3.5557693997608526,16.427091637895742,9.395484361640307,17.770588169163936,10.236128649717156,2.392508199583127,10.474135304881369,6.677592566158363,12.946156580470863,0.5612909000754771,0.20541645667313427,0.6370285931456663,0.33813323320497457,0.7897756870510434,21.141666666666666,1.5937840410307937,21.420833333333334,19.3,22.679166666666667,36.51166666666666,3.6407395845105706,38.02833333333332,31.40333333333333,39.59833333333332
8g,row,100,affine,V1,low,5,50.4,10.039920318408907,50.0,38.0,66.0,4.323213237617621,2.3527635066013826,3.048604766352047,2.743621305577291,8.282480898133118,2.1896776951699506,0.6297424433973822,1.7989986135819436,1.6573526857111518,2.9760852084008262,0.22669899914975788,0.2217278929209709,0.11222607262235318,0.051083966180984236,0.584134050561458,10.468333333333334,0.6210611997934576,10.341666666666667,9.970833333333333,11.495833333333334,18.372666666666664,2.470729087176944,17.301666666666666,16.048333333333332,21.051666666666662
8g,row,100,affine,V1,mid,5,35.2,6.6105975524153635,37.0,26.0,42.0,2.379150362101565,0.546811162215175,2.3835781330132377,1.6925648342220863,3.0458041043133504,1.8004768912951519,0.3736598469340426,1.8783557015032586,1.2801236208992182,2.2235456768785355,0.041954822642205396,0.01817697720542428,0.04068099436795297,0.015331728305607526,0.06612045080597703,10.468333333333334,0.6210611997934576,10.341666666666667,9.970833333333333,11.495833333333334,18.372666666666664,2.470729087176944,17.301666666666666,16.048333333333332,21.051666666666662
8g,row,100,affine,V1,high_tail,5,29.4,7.436396977031283,27.0,23.0,40.0,11.017061894976816,1.2041118146269871,10.411316299380333,9.787527545910336,12.702739550756336,7.8577734305304805,1.0710952118071821,7.144621868858724,7.002624325373927,9.286747969448346,0.7313461782080367,0.22263663976232767,0.8407707427034947,0.3752281943812043,0.9335843055134083,10.468333333333334,0.6210611997934576,10.341666666666667,9.970833333333333,11.495833333333334,18.372666666666664,2.470729087176944,17.301666666666666,16.048333333333332,21.051666666666662
8g,row,100,affine,V2,low,5,50.8,7.014271166700072,53.0,43.0,59.0,7.018077922851022,4.209081643848181,4.489484794474487,3.830282954424809,13.04844613678602,3.8932681077042615,1.5536957928157222,3.0944760448869304,2.670335340486863,6.225928641184814,0.2696246863599338,0.23355067623643247,0.13286625594996374,0.07173692374897385,0.540775203422712,21.141666666666666,1.5937840410307937,21.420833333333334,19.3,22.679166666666667,36.51166666666666,3.6407395845105706,38.02833333333332,31.40333333333333,39.59833333333332
8g,row,100,affine,V2,mid,5,38.8,8.786353054595518,36.0,32.0,54.0,6.210327831074304,0.8710240924265998,5.882409962622573,5.4948078070440385,7.716169014966702,4.791852953676636,0.6606604423705106,4.598585536444045,4.351868460323643,5.942205285043824,0.1579581709900776,0.06934557528585089,0.12255781556658253,0.08635793846070966,0.25239824095596486,21.141666666666666,1.5937840410307937,21.420833333333334,19.3,22.679166666666667,36.51166666666666,3.6407395845105706,38.02833333333332,31.40333333333333,39.59833333333332
8g,row,100,affine,V2,high_tail,5,25.4,6.913754406977442,22.0,18.0,35.0,15.210592093327495,4.07821433368274,17.467678318427165,9.237617450032326,18.95042310432529,10.694592197953927,2.6641678148539922,11.045402439221354,6.8274161666941255,13.695971875389102,0.5724171426499886,0.21179106138294324,0.6147355030940712,0.3389047378255936,0.8181612384251066,21.141666666666666,1.5937840410307937,21.420833333333334,19.3,22.679166666666667,36.51166666666666,3.6407395845105706,38.02833333333332,31.40333333333333,39.59833333333332
8g,row,100,target_head_only,V1,low,5,50.4,10.039920318408907,50.0,38.0,66.0,4.399622149384356,1.68711724535126,3.695603038469488,2.662878417192117,6.949560514848468,2.5475609340322434,0.503728115347596,2.4738927145833336,1.8364155173333332,3.137618331333333,0.24894300454767646,0.1847951399806217,0.17361676864101622,0.10015846193020915,0.5675147520852541,10.468333333333334,0.6210611997934576,10.341666666666667,9.970833333333333,11.495833333333334,18.372666666666664,2.470729087176944,17.301666666666666,16.048333333333332,21.051666666666662
8g,row,100,target_head_only,V1,mid,5,35.2,6.6105975524153635,37.0,26.0,42.0,2.5663722074401343,0.5494453191712947,2.5803602412947773,1.9480724557979414,3.4315854920823656,1.9072133888060694,0.3396072318999918,1.809778,1.5210527837837835,2.406742069892474,0.059787154449569405,0.03006389166593095,0.05177340761055758,0.023478407234451437,0.10312555693036161,10.468333333333334,0.6210611997934576,10.341666666666667,9.970833333333333,11.495833333333334,18.372666666666664,2.470729087176944,17.301666666666666,16.048333333333332,21.051666666666662
8g,row,100,target_head_only,V1,high_tail,5,29.4,7.436396977031283,27.0,23.0,40.0,10.123702428059053,3.0736473751582607,9.10761832621349,7.6319286659942165,15.37255861811977,6.667130695120299,1.9725366779052456,5.940458147058824,5.112672858333334,10.11306756521739,0.691269841002754,0.17499495987868233,0.7623631669782404,0.3807118403041882,0.7967159811394292,10.468333333333334,0.6210611997934576,10.341666666666667,9.970833333333333,11.495833333333334,18.372666666666664,2.470729087176944,17.301666666666666,16.048333333333332,21.051666666666662
8g,row,100,target_head_only,V2,low,5,50.8,7.014271166700072,53.0,43.0,59.0,5.719425706851753,3.0287367536311787,4.203495878723721,3.0567869772870484,9.994253126179231,3.0667038797819317,0.8744962221879742,2.6578806320754715,2.3101496856060604,4.088289920903955,0.17938764157769782,0.1288809556396491,0.09364709487412731,0.07640566564611304,0.3400399241260414,21.141666666666666,1.5937840410307937,21.420833333333334,19.3,22.679166666666667,36.51166666666666,3.6407395845105706,38.02833333333332,31.40333333333333,39.59833333333332
8g,row,100,target_head_only,V2,mid,5,38.8,8.786353054595518,36.0,32.0,54.0,5.921125728217344,1.4277165032640353,5.362055038287799,4.736764228485075,8.385180694973931,4.573006949734596,1.25602040761542,4.023458361111111,3.68366734375,6.752227425438598,0.1540300534153403,0.06855312644817488,0.1653769506933164,0.07179772820840107,0.22122758632559764,21.141666666666666,1.5937840410307937,21.420833333333334,19.3,22.679166666666667,36.51166666666666,3.6407395845105706,38.02833333333332,31.40333333333333,39.59833333333332
8g,row,100,target_head_only,V2,high_tail,5,25.4,6.913754406977442,22.0,18.0,35.0,16.03940094335248,3.7355463381881657,16.67893462967204,9.610282442874848,19.05789987551686,11.256303764992785,2.9153755285631053,11.61157638888889,7.221850304761904,14.526220393939395,0.6665823050069619,0.12619412592976803,0.6908990459722067,0.49458312518064224,0.8345551769174717,21.141666666666666,1.5937840410307937,21.420833333333334,19.3,22.679166666666667,36.51166666666666,3.6407395845105706,38.02833333333332,31.40333333333333,39.59833333333332
8g,row,100,local_identity_shrinkage,V1,low,5,50.4,10.039920318408907,50.0,38.0,66.0,4.334606159880117,2.213855017858302,3.1259051684767805,2.7436211722802337,8.05259239192905,2.3303282186661263,0.7541088084052197,2.0483287851876053,1.6573526140239165,3.430007637353126,0.24067318924135073,0.22943185749070963,0.15201938143284024,0.05108397027850452,0.614211690860536,10.468333333333334,0.6210611997934576,10.341666666666667,9.970833333333333,11.495833333333334,18.372666666666664,2.470729087176944,17.301666666666666,16.048333333333332,21.051666666666662
8g,row,100,local_identity_shrinkage,V1,mid,5,35.2,6.6105975524153635,37.0,26.0,42.0,2.300699269947025,0.5956095901223034,2.2296163465426733,1.6925648387945738,3.0458040461139375,1.728311544120226,0.4034788806112632,1.703866759064305,1.280123645994087,2.223545651526256,0.04050141759107626,0.017964412030193277,0.04068099196097643,0.015331728123288391,0.06612045101027836,10.468333333333334,0.6210611997934576,10.341666666666667,9.970833333333333,11.495833333333334,18.372666666666664,2.470729087176944,17.301666666666666,16.048333333333332,21.051666666666662
8g,row,100,local_identity_shrinkage,V1,high_tail,5,29.4,7.436396977031283,27.0,23.0,40.0,10.690956190058188,1.560839601278606,10.411316112798426,8.914213912742804,12.702739633965125,7.657479087608635,1.2812928615508852,7.144621716241757,6.348447438575981,9.286747832988233,0.718825393167573,0.23062379002972522,0.8071603193748366,0.3462346914709492,0.933584301598207,10.468333333333334,0.6210611997934576,10.341666666666667,9.970833333333333,11.495833333333334,18.372666666666664,2.470729087176944,17.301666666666666,16.048333333333332,21.051666666666662
8g,row,100,local_identity_shrinkage,V2,low,5,50.8,7.014271166700072,53.0,43.0,59.0,7.058349890894651,4.263742464234824,4.489484934859937,3.8302830064129707,13.217259067616792,3.914262332181326,1.6074131681920145,3.0944759991034676,2.619567448682151,6.225928675871807,0.27463681317700295,0.23916452698436402,0.1328662557612116,0.07369734737244016,0.5407752024881355,21.141666666666666,1.5937840410307937,21.420833333333334,19.3,22.679166666666667,36.51166666666666,3.6407395845105706,38.02833333333332,31.40333333333333,39.59833333333332
8g,row,100,local_identity_shrinkage,V2,mid,5,38.8,8.786353054595518,36.0,32.0,54.0,6.119339950769016,0.7126317745702606,5.836355975555925,5.494807896949821,7.330691729402448,4.7340443035283855,0.6202407873638854,4.59858571205251,4.226074347121902,5.790179538410408,0.15543052153493248,0.07021968292895887,0.12032005925488339,0.08635794077340674,0.25239824986522014,21.141666666666666,1.5937840410307937,21.420833333333334,19.3,22.679166666666667,36.51166666666666,3.6407395845105706,38.02833333333332,31.40333333333333,39.59833333333332
8g,row,100,local_identity_shrinkage,V2,high_tail,5,25.4,6.913754406977442,22.0,18.0,35.0,15.097346916440738,3.9919049640543274,17.143785807724758,9.237617516454012,18.8649177381557,10.684749420949137,2.66640340534352,11.04540238154641,6.827416057681756,13.770861156334144,0.5699326652880645,0.21516289572524144,0.6147354943735682,0.3389047382569811,0.8181612307085644,21.141666666666666,1.5937840410307937,21.420833333333334,19.3,22.679166666666667,36.51166666666666,3.6407395845105706,38.02833333333332,31.40333333333333,39.59833333333332
8g,row,100,conditional_EA,V1,low,5,50.4,10.039920318408907,50.0,38.0,66.0,3.9373953027555686,2.407710538995637,2.665341375081088,2.23503123354817,7.9867974213561235,1.9806078395592643,0.6893951944837609,1.6102611483043396,1.4059620326153377,2.9017373336070613,0.20945876076733355,0.2362269605493208,0.10934724284642304,0.033869002064878584,0.6071788780243921,10.468333333333334,0.6210611997934576,10.341666666666667,9.970833333333333,11.495833333333334,18.372666666666664,2.470729087176944,17.301666666666666,16.048333333333332,21.051666666666662
8g,row,100,conditional_EA,V1,mid,5,35.2,6.6105975524153635,37.0,26.0,42.0,2.399292242103982,0.5946346882912568,2.263333208489566,1.8235263453064252,3.2953483401582746,1.8169751610661617,0.44137454819959265,1.7360999668257437,1.4009827013175324,2.4827587944904717,0.043341017146510716,0.020629196476848924,0.040958834913049316,0.020564877332951037,0.07679883917369461,10.468333333333334,0.6210611997934576,10.341666666666667,9.970833333333333,11.495833333333334,18.372666666666664,2.470729087176944,17.301666666666666,16.048333333333332,21.051666666666662
8g,row,100,conditional_EA,V1,high_tail,5,29.4,7.436396977031283,27.0,23.0,40.0,10.982623134295709,1.7042813930733478,10.567679122389848,8.96441154334354,12.766079404461838,7.836105643838456,1.3908223667201076,7.310643055361285,6.589941612370743,9.360471028085119,0.7472002220861558,0.2347816097067437,0.848000207911097,0.35186228706255823,0.9455661206021704,10.468333333333334,0.6210611997934576,10.341666666666667,9.970833333333333,11.495833333333334,18.372666666666664,2.470729087176944,17.301666666666666,16.048333333333332,21.051666666666662
8g,row,100,conditional_EA,V2,low,5,50.8,7.014271166700072,53.0,43.0,59.0,7.024625750681317,4.267473392330015,4.525394747233833,3.7447001448291015,13.217819896682386,3.7715830611084202,1.4555562032249163,2.9547259943746464,2.594201258912018,5.728324465603945,0.27665494406840135,0.2447795074797801,0.12648343726290104,0.0720744727118202,0.5582565360945024,21.141666666666666,1.5937840410307937,21.420833333333334,19.3,22.679166666666667,36.51166666666666,3.6407395845105706,38.02833333333332,31.40333333333333,39.59833333333332
8g,row,100,conditional_EA,V2,mid,5,38.8,8.786353054595518,36.0,32.0,54.0,6.1525147662346535,0.7525664505950044,5.904031734850613,5.3593779833793675,7.346820935191855,4.7295140201915515,0.6587384500044641,4.552240178910108,4.192318062720062,5.8067475243913815,0.1585115431368603,0.07119357505936504,0.1354439869467034,0.08235930548170914,0.2572448890829805,21.141666666666666,1.5937840410307937,21.420833333333334,19.3,22.679166666666667,36.51166666666666,3.6407395845105706,38.02833333333332,31.40333333333333,39.59833333333332
8g,row,100,conditional_EA,V2,high_tail,5,25.4,6.913754406977442,22.0,18.0,35.0,14.942141113910106,4.1585877602420185,17.185486159270532,9.267842337108274,18.94000735186555,10.600860580778427,2.7454308873646935,11.021061681809645,6.833457366151349,13.814520113515792,0.5648335127947385,0.2251522730217695,0.6162716736541185,0.3062994769587943,0.8203832782101365,21.141666666666666,1.5937840410307937,21.420833333333334,19.3,22.679166666666667,36.51166666666666,3.6407395845105706,38.02833333333332,31.40333333333333,39.59833333333332
8g,row,100,standard_shallow_finetune,V1,low,5,50.4,10.039920318408907,50.0,38.0,66.0,3.973162395289942,1.990677123390377,3.1624273117855664,2.0002770391378712,6.7704381429025915,2.287612154949787,0.7588052967172997,1.9231806228070176,1.586603936,3.237280611333333,0.20387941883204075,0.18767002834516516,0.09957515255807137,0.05371968741858034,0.5072660153640657,10.468333333333334,0.6210611997934576,10.341666666666667,9.970833333333333,11.495833333333334,18.372666666666664,2.470729087176944,17.301666666666666,16.048333333333332,21.051666666666662
8g,row,100,standard_shallow_finetune,V1,mid,5,35.2,6.6105975524153635,37.0,26.0,42.0,2.7901159822388957,0.6379840543168701,2.739665857253917,2.262682350469923,3.8575303714851437,2.1186953270158746,0.47263836849302504,2.092912296153846,1.700983180833333,2.8906354021505374,0.0665963251852201,0.035554200380274265,0.06059376856205615,0.028239116955006683,0.12386926910833979,10.468333333333334,0.6210611997934576,10.341666666666667,9.970833333333333,11.495833333333334,18.372666666666664,2.470729087176944,17.301666666666666,16.048333333333332,21.051666666666662
8g,row,100,standard_shallow_finetune,V1,high_tail,5,29.4,7.436396977031283,27.0,23.0,40.0,10.553241858951532,2.3428138295092484,9.491031650750216,9.115300943595074,14.668927742688425,7.5421676479771715,1.43368136531912,7.084285004901962,6.5647409916666675,10.069445942028983,0.7295242559827392,0.1808480891713364,0.8224110434730798,0.42296270323663876,0.8543728483389949,10.468333333333334,0.6210611997934576,10.341666666666667,9.970833333333333,11.495833333333334,18.372666666666664,2.470729087176944,17.301666666666666,16.048333333333332,21.051666666666662
8g,row,100,standard_shallow_finetune,V2,low,5,50.8,7.014271166700072,53.0,43.0,59.0,6.400020526694623,3.901555492958759,4.057645501413177,2.802506326416474,11.216445870519824,3.5474768985452427,1.4043649300386218,2.8706890155038765,2.306731856060606,5.646024299435029,0.23681019763636596,0.2381449467464482,0.07621014131886558,0.04347610832818332,0.5051123319281002,21.141666666666666,1.5937840410307937,21.420833333333334,19.3,22.679166666666667,36.51166666666666,3.6407395845105706,38.02833333333332,31.40333333333333,39.59833333333332
8g,row,100,standard_shallow_finetune,V2,mid,5,38.8,8.786353054595518,36.0,32.0,54.0,6.667311195734152,0.7064606581622023,6.692013996157135,5.857435971208443,7.708814112902398,5.14221910279677,0.6551976686439278,4.909868823529411,4.657860786458334,6.236517228070176,0.16544669315235233,0.06013589209712044,0.15972380676952747,0.1032824366450663,0.23852332898872655,21.141666666666666,1.5937840410307937,21.420833333333334,19.3,22.679166666666667,36.51166666666666,3.6407395845105706,38.02833333333332,31.40333333333333,39.59833333333332
8g,row,100,standard_shallow_finetune,V2,high_tail,5,25.4,6.913754406977442,22.0,18.0,35.0,15.814492711437618,2.641247335880704,15.015717669267367,12.986562085211935,19.7375971866679,11.180214698701299,2.390747984212879,10.136167848484847,9.551753657142855,15.379375000000001,0.5977431092112816,0.215902742158377,0.6916469864083362,0.350853471226729,0.8205074220360682,21.141666666666666,1.5937840410307937,21.420833333333334,19.3,22.679166666666667,36.51166666666666,3.6407395845105706,38.02833333333332,31.40333333333333,39.59833333333332
8g,row,100,paper_style_current_v2,V1,low,5,50.4,10.039920318408907,50.0,38.0,66.0,3.950526483975274,1.960350539815914,3.145278093141445,2.0041299633871725,6.677110876400415,2.2719898195418926,0.7443369854139379,1.898381707017543,1.589465316,3.1840262513333335,0.20038085608250103,0.1819224903345923,0.09915235058747755,0.05389676755658505,0.49211258801903707,10.468333333333334,0.6210611997934576,10.341666666666667,9.970833333333333,11.495833333333334,18.372666666666664,2.470729087176944,17.301666666666666,16.048333333333332,21.051666666666662
8g,row,100,paper_style_current_v2,V1,mid,5,35.2,6.6105975524153635,37.0,26.0,42.0,2.7804559822579895,0.6449944161028163,2.7071595987802612,2.2594763957832815,3.8635043922513446,2.1111443708340625,0.4779691799370047,2.0926905769230766,1.7011313291666668,2.8969200376344086,0.0660034014695565,0.03581646557802596,0.06051974197463057,0.028206518369961495,0.12418394928422052,10.468333333333334,0.6210611997934576,10.341666666666667,9.970833333333333,11.495833333333334,18.372666666666664,2.470729087176944,17.301666666666666,16.048333333333332,21.051666666666662
8g,row,100,paper_style_current_v2,V1,high_tail,5,29.4,7.436396977031283,27.0,23.0,40.0,10.606135009442687,2.3037407172328286,9.490839956054172,9.308345801081238,14.668774667255011,7.594624876502321,1.4144530744484187,7.087999096078433,6.616164041666667,10.065864420289854,0.7336157424479425,0.17431371895869183,0.8219192831591947,0.4399366541650376,0.857918930268953,10.468333333333334,0.6210611997934576,10.341666666666667,9.970833333333333,11.495833333333334,18.372666666666664,2.470729087176944,17.301666666666666,16.048333333333332,21.051666666666662
8g,row,100,paper_style_current_v2,V2,low,5,50.8,7.014271166700072,53.0,43.0,59.0,6.375062284730828,3.876921515365182,4.031244252280166,2.795321383271226,11.117402390470497,3.5370325140939514,1.4058811520452559,2.8549573255813954,2.292998867424242,5.651636019774012,0.23496555566526442,0.23644695657668974,0.07635040262152025,0.04250082935103949,0.5052786941592681,21.141666666666666,1.5937840410307937,21.420833333333334,19.3,22.679166666666667,36.51166666666666,3.6407395845105706,38.02833333333332,31.40333333333333,39.59833333333332
8g,row,100,paper_style_current_v2,V2,mid,5,38.8,8.786353054595518,36.0,32.0,54.0,6.669994234893482,0.7057608892751238,6.692932589810256,5.85816777526573,7.705080784035191,5.145414685810112,0.6598269519801039,4.911737117647059,4.655254083333334,6.248626228070176,0.165016976580522,0.0597573123954858,0.15983582325019272,0.10327368587203012,0.23911791739737542,21.141666666666666,1.5937840410307937,21.420833333333334,19.3,22.679166666666667,36.51166666666666,3.6407395845105706,38.02833333333332,31.40333333333333,39.59833333333332
8g,row,100,paper_style_current_v2,V2,high_tail,5,25.4,6.913754406977442,22.0,18.0,35.0,15.870633053362493,2.5838905201542035,15.166706611742965,13.134709154837969,19.718004391684634,11.248964675786436,2.3393665091744755,10.39061184848485,9.658818114285715,15.362712055555559,0.6000174677542136,0.2143923926528037,0.6918052939716919,0.3585431131862456,0.8203759115064496,21.141666666666666,1.5937840410307937,21.420833333333334,19.3,22.679166666666667,36.51166666666666,3.6407395845105706,38.02833333333332,31.40333333333333,39.59833333333332
8g,compound,30,zero_shot,V1,low,5,59.0,22.169799277395363,67.0,28.0,83.0,4.484824561136689,0.6286778610797374,4.705641485604859,3.7297518958714866,5.142637510044969,4.266332200718237,0.6418420734089242,4.503506111244981,3.499470363095238,4.893993023880597,0.057882191552976955,0.032125095965046264,0.06816151251315263,0.016248813245465288,0.09359859062853972,11.745,2.0446139441360454,12.625,9.358333333333333,13.8875,22.379333333333335,8.560811601581815,27.423333333333336,10.05,28.906666666666677
8g,compound,30,zero_shot,V1,mid,5,28.6,9.607288899580361,24.0,21.0,45.0,8.421253008366413,2.9063644562984616,10.443495603468426,4.5929112755556245,10.574957593158322,8.063200508534027,2.7118698115491506,9.899110430555556,4.4574441587301585,10.195568655555556,0.09626059532985135,0.054917866511056776,0.10437963194613883,0.018479879527232,0.16958297671015607,11.745,2.0446139441360454,12.625,9.358333333333333,13.8875,22.379333333333335,8.560811601581815,27.423333333333336,10.05,28.906666666666677
8g,compound,30,zero_shot,V1,high_tail,5,27.6,25.461735997374568,18.0,10.0,72.0,31.172484731105907,9.499469621608135,32.75647986516604,17.926957369161148,43.67520275453208,26.602065885402844,8.878044213713856,29.989974715384616,13.580239964814815,36.550850499999996,0.8458572131171718,0.08601691681268944,0.8274588555407085,0.7368184326613042,0.9652713072273028,11.745,2.0446139441360454,12.625,9.358333333333333,13.8875,22.379333333333335,8.560811601581815,27.423333333333336,10.05,28.906666666666677
8g,compound,30,zero_shot,V2,low,5,64.2,22.753021777337622,69.0,25.0,84.0,7.002442192392088,1.216148290567364,7.706589283523628,5.142978955615769,7.986570152882871,6.596024687405304,1.050907752431501,7.067103898809524,5.025252389333334,7.5226558420289855,0.07954425271685608,0.04114461200747084,0.0825501521979437,0.01160502869524105,0.11256527190583486,24.65083333333333,5.477585640083088,26.1625,15.316666666666666,28.59166666666667,41.72100000000001,12.101852854005466,42.68000000000001,22.641666666666666,53.0616666666667
8g,compound,30,zero_shot,V2,mid,5,26.8,7.049822692805827,27.0,17.0,36.0,13.612162209029611,3.349958036279261,14.8569368006709,7.938330316502029,16.226434106172228,13.173497688195354,3.246277256589048,14.540420843137255,7.648259912037037,15.533777855555554,0.11626762402685142,0.06417967185208535,0.13303828131095632,0.039814159175697084,0.20108201617530294,24.65083333333333,5.477585640083088,26.1625,15.316666666666666,28.59166666666667,41.72100000000001,12.101852854005466,42.68000000000001,22.641666666666666,53.0616666666667
8g,compound,30,zero_shot,V2,high_tail,5,24.2,20.873428084528904,19.0,9.0,60.0,45.24062254574236,12.111521142066861,45.96789013740913,30.013952080484184,60.950631167820035,38.0922390457882,11.850813054371672,37.04480188405797,22.087512258333334,52.04916544444444,0.8041881232562925,0.10058034211645461,0.7760621135599263,0.6868773627151011,0.9485808121290619,24.65083333333333,5.477585640083088,26.1625,15.316666666666666,28.59166666666667,41.72100000000001,12.101852854005466,42.68000000000001,22.641666666666666,53.0616666666667
8g,compound,30,scale_only,V1,low,5,59.0,22.169799277395363,67.0,28.0,83.0,4.225984104604137,2.4468661323923953,3.5601590024262704,2.2856634677516268,8.496327467663631,3.3185863550620036,2.5029714793561504,2.310140654465125,1.5674636673427522,7.703115013078777,0.11946720769282897,0.028282895895595628,0.11627493971751668,0.08870316599979099,0.16482354011569,11.745,2.0446139441360454,12.625,9.358333333333333,13.8875,22.379333333333335,8.560811601581815,27.423333333333336,10.05,28.906666666666677
8g,compound,30,scale_only,V1,mid,5,28.6,9.607288899580361,24.0,21.0,45.0,5.418150927047923,4.771095184234094,3.638459305859793,1.4333389290723433,13.265446761037225,4.351899026990525,4.213735901177572,2.5936637682334784,1.109460443836853,11.276716745520512,0.08404054638530542,0.0615813017222699,0.06499541788071578,0.025179727148497377,0.16308804240844996,11.745,2.0446139441360454,12.625,9.358333333333333,13.8875,22.379333333333335,8.560811601581815,27.423333333333336,10.05,28.906666666666677
8g,compound,30,scale_only,V1,high_tail,5,27.6,25.461735997374568,18.0,10.0,72.0,18.634475984290468,10.931360228182513,20.12103618296039,6.467243897325683,35.049903583565474,14.305198301456494,9.796282737303871,14.696586516171333,3.5885394144945257,29.057314876132907,0.7964922459218657,0.0785692671324671,0.8463014161194933,0.7012460310226499,0.8609984811281814,11.745,2.0446139441360454,12.625,9.358333333333333,13.8875,22.379333333333335,8.560811601581815,27.423333333333336,10.05,28.906666666666677
8g,compound,30,scale_only,V2,low,5,64.2,22.753021777337622,69.0,25.0,84.0,4.34778068592474,2.4453622452386057,4.380878790894478,1.29879200338077,8.083235648192773,3.290887139305738,2.1863201116281887,2.5386663346537666,1.0362326384000455,6.875922227986272,0.12892515054944842,0.0868231337068078,0.1328049099376445,0.0038895464955128077,0.24423895826862563,24.65083333333333,5.477585640083088,26.1625,15.316666666666666,28.59166666666667,41.72100000000001,12.101852854005466,42.68000000000001,22.641666666666666,53.0616666666667
8g,compound,30,scale_only,V2,mid,5,26.8,7.049822692805827,27.0,17.0,36.0,6.510571186505667,3.931971776888844,4.98513026317562,3.1123950048488567,13.197290945566639,5.378830263201715,3.4948133969920416,4.366253804920156,2.632327130426953,11.445675597908417,0.08361060525132512,0.03395126498956968,0.08132619172691373,0.03216411947945359,0.12375426059694343,24.65083333333333,5.477585640083088,26.1625,15.316666666666666,28.59166666666667,41.72100000000001,12.101852854005466,42.68000000000001,22.641666666666666,53.0616666666667
8g,compound,30,scale_only,V2,high_tail,5,24.2,20.873428084528904,19.0,9.0,60.0,23.487285740366207,10.155465155076955,23.896148635089723,13.198085256581992,35.26997619751828,16.894970988546625,8.428257834413717,16.562413795926645,6.832530453759549,27.896864924795135,0.7874642441992264,0.11816027721901641,0.7858688983354419,0.632006781134431,0.9639463340250334,24.65083333333333,5.477585640083088,26.1625,15.316666666666666,28.59166666666667,41.72100000000001,12.101852854005466,42.68000000000001,22.641666666666666,53.0616666666667
8g,compound,30,affine,V1,low,5,59.0,22.169799277395363,67.0,28.0,83.0,4.153358874768932,1.7144322318637553,3.2874192882149567,2.324506612801268,6.407738100658131,3.3148354615086313,1.8015369931697998,2.6466530555620764,1.5324028658256275,6.137061005992901,0.1232789357918181,0.1552124300987907,0.09334886410056586,0.00759321797856322,0.3905927309836428,11.745,2.0446139441360454,12.625,9.358333333333333,13.8875,22.379333333333335,8.560811601581815,27.423333333333336,10.05,28.906666666666677
8g,compound,30,affine,V1,mid,5,28.6,9.607288899580361,24.0,21.0,45.0,5.797253425958704,6.373843522048781,3.653300563504436,0.9246048495141517,16.515987272421057,4.3339128705220356,4.34804435355046,3.3318614190320885,0.6017666075824261,11.35012598135023,0.05652697076682341,0.06156229818541788,0.036712892967739254,0.0009010271815233382,0.15766002305613164,11.745,2.0446139441360454,12.625,9.358333333333333,13.8875,22.379333333333335,8.560811601581815,27.423333333333336,10.05,28.906666666666677
8g,compound,30,affine,V1,high_tail,5,27.6,25.461735997374568,18.0,10.0,72.0,28.584916130825594,23.532158805693644,20.958902715956143,12.899290399938623,70.14851213412489,21.704080572626566,20.32378230264379,15.238087955711492,8.454699922112132,57.484005526570336,0.8201940934413585,0.16361717672537152,0.8773577733976072,0.572694376048618,0.9915057548399135,11.745,2.0446139441360454,12.625,9.358333333333333,13.8875,22.379333333333335,8.560811601581815,27.423333333333336,10.05,28.906666666666677
8g,compound,30,affine,V2,low,5,64.2,22.753021777337622,69.0,25.0,84.0,5.750799746663981,3.154114494436049,5.715829021132479,1.568922797583431,10.405632309060728,4.765354047196969,3.179284911492796,4.2876076779705805,1.1443614395342114,9.914958427083821,0.20247471952988727,0.19810829740943142,0.18594948368041203,0.0036804443140248007,0.48108636032088703,24.65083333333333,5.477585640083088,26.1625,15.316666666666666,28.59166666666667,41.72100000000001,12.101852854005466,42.68000000000001,22.641666666666666,53.0616666666667
8g,compound,30,affine,V2,mid,5,26.8,7.049822692805827,27.0,17.0,36.0,6.8503021643940105,4.401233180074481,6.031855279870486,2.743721118750243,14.323975802200861,5.82748151059204,3.543418293874736,5.1986444915753305,2.3310136951736817,11.773010035951117,0.06363366413106145,0.04118599926036166,0.04618701278533316,0.01620837694232277,0.11637335916508659,24.65083333333333,5.477585640083088,26.1625,15.316666666666666,28.59166666666667,41.72100000000001,12.101852854005466,42.68000000000001,22.641666666666666,53.0616666666667
8g,compound,30,affine,V2,high_tail,5,24.2,20.873428084528904,19.0,9.0,60.0,29.46920490705515,17.20976974665952,29.505539547969615,13.060293692225011,56.74127219946101,20.65405663833969,14.315790602509134,19.745077768219055,9.004581948041595,44.399832244343166,0.7338916163390513,0.21780876086234163,0.7181159106969263,0.47272662689377987,0.9801111787436524,24.65083333333333,5.477585640083088,26.1625,15.316666666666666,28.59166666666667,41.72100000000001,12.101852854005466,42.68000000000001,22.641666666666666,53.0616666666667
8g,compound,30,target_head_only,V1,low,5,59.0,22.169799277395363,67.0,28.0,83.0,2.609229543146924,0.388132029830708,2.4446069726191144,2.1522466033918954,3.0560551598299046,1.7951726934400558,0.30897184828819096,1.8110802825870644,1.337485079259259,2.2088644775100397,0.09352535730023488,0.07215065599827276,0.09613741750973535,0.014371178880370695,0.18746333983124763,11.745,2.0446139441360454,12.625,9.358333333333333,13.8875,22.379333333333335,8.560811601581815,27.423333333333336,10.05,28.906666666666677
8g,compound,30,target_head_only,V1,mid,5,28.6,9.607288899580361,24.0,21.0,45.0,2.6420140979772984,0.9325010019225064,2.711966645728595,1.6826973169169828,4.0371647295348385,1.9878642018482027,0.4773527196710301,2.094315944444444,1.3739556962962964,2.6386257931034476,0.0454070439015959,0.04168704057417327,0.03530154436567576,0.006636714300343712,0.11348814449364354,11.745,2.0446139441360454,12.625,9.358333333333333,13.8875,22.379333333333335,8.560811601581815,27.423333333333336,10.05,28.906666666666677
8g,compound,30,target_head_only,V1,high_tail,5,27.6,25.461735997374568,18.0,10.0,72.0,15.528589637354184,3.8372005593093226,15.712282757004594,11.97235641188195,21.5836550954015,10.877905805904557,2.8719705046121384,10.353697100000002,8.403425078240739,15.476568633333333,0.8610675987981692,0.09720719789569429,0.8270742066584359,0.7605069577689317,0.9789921068192856,11.745,2.0446139441360454,12.625,9.358333333333333,13.8875,22.379333333333335,8.560811601581815,27.423333333333336,10.05,28.906666666666677
8g,compound,30,target_head_only,V2,low,5,64.2,22.753021777337622,69.0,25.0,84.0,3.030254257384697,0.7314321566110854,2.9408408980261185,2.2915228093677675,4.0700250123243,2.317768956049428,0.4287313519207833,2.1859976846846845,1.8676620483091793,2.880176596618358,0.048278598268432525,0.03149699666599232,0.04274721281693889,0.004044219640378687,0.08082945938179426,24.65083333333333,5.477585640083088,26.1625,15.316666666666666,28.59166666666667,41.72100000000001,12.101852854005466,42.68000000000001,22.641666666666666,53.0616666666667
8g,compound,30,target_head_only,V2,mid,5,26.8,7.049822692805827,27.0,17.0,36.0,5.99151884417451,1.2193262770549111,5.784189311599442,4.493073556012272,7.798240525013387,4.761498348129993,0.7163910392417856,4.49813680392157,3.998931805555555,5.657728333333333,0.06926278229138437,0.04433253717750126,0.05670190834740028,0.02238906277595576,0.12901521608849142,24.65083333333333,5.477585640083088,26.1625,15.316666666666666,28.59166666666667,41.72100000000001,12.101852854005466,42.68000000000001,22.641666666666666,53.0616666666667
8g,compound,30,target_head_only,V2,high_tail,5,24.2,20.873428084528904,19.0,9.0,60.0,27.65460462474713,6.1184054512182025,24.461858973505944,22.320404598539717,35.114024431751204,19.707735203147724,5.698881980363665,16.44075175438596,15.1555771,27.231074888888884,0.8824586194401831,0.0685892381083988,0.8667494922571682,0.7901553245297144,0.9735667175836656,24.65083333333333,5.477585640083088,26.1625,15.316666666666666,28.59166666666667,41.72100000000001,12.101852854005466,42.68000000000001,22.641666666666666,53.0616666666667
8g,compound,30,local_identity_shrinkage,V1,low,5,59.0,22.169799277395363,67.0,28.0,83.0,3.577410607837211,1.2073765478475043,3.2874193195271726,2.3245065788685424,5.583653148847893,2.6797744669607257,0.9073392031773391,2.643481658165905,1.5324028200292987,4.021280416315378,0.09635249298200513,0.06930869500313222,0.10257175150243096,0.007593218086361977,0.18747468315295515,11.745,2.0446139441360454,12.625,9.358333333333333,13.8875,22.379333333333335,8.560811601581815,27.423333333333336,10.05,28.906666666666677
8g,compound,30,local_identity_shrinkage,V1,mid,5,28.6,9.607288899580361,24.0,21.0,45.0,4.708326204202421,4.872691482364914,2.9141538026207554,0.9246048076210902,12.855633008071436,3.52916508371257,3.6986848001012262,1.9931826218860653,0.6017665997709513,9.627104339626412,0.06284489258664763,0.06504239662377634,0.03767906122284489,0.0009010271389714723,0.16085580905771413,11.745,2.0446139441360454,12.625,9.358333333333333,13.8875,22.379333333333335,8.560811601581815,27.423333333333336,10.05,28.906666666666677
8g,compound,30,local_identity_shrinkage,V1,high_tail,5,27.6,25.461735997374568,18.0,10.0,72.0,22.271130590426093,12.719061179361908,16.90644405779449,12.899290844572192,44.51268891380011,16.664292130346986,11.366149263843997,13.78864374309284,8.454700069909059,36.49307015475827,0.8408026144313473,0.10722267270131454,0.8516770485939612,0.7086262356075728,0.9915057547746667,11.745,2.0446139441360454,12.625,9.358333333333333,13.8875,22.379333333333335,8.560811601581815,27.423333333333336,10.05,28.906666666666677
8g,compound,30,local_identity_shrinkage,V2,low,5,64.2,22.753021777337622,69.0,25.0,84.0,4.5206490198409455,1.7393765452632561,4.967151788163925,1.5689228999546687,6.206004960209487,3.3414940720519417,1.3547827506944243,4.138402142584172,1.1443614925536876,4.287607812960435,0.16128678992331577,0.14321722256116642,0.1188634607410128,0.003680445701038384,0.31545357123745404,24.65083333333333,5.477585640083088,26.1625,15.316666666666666,28.59166666666667,41.72100000000001,12.101852854005466,42.68000000000001,22.641666666666666,53.0616666666667
8g,compound,30,local_identity_shrinkage,V2,mid,5,26.8,7.049822692805827,27.0,17.0,36.0,6.397031196122979,3.914502315221808,4.925612460823651,2.7437212878246418,12.877034688268642,5.384510655646819,3.1743689212710446,4.371195877957906,2.331013834147531,10.658728966542974,0.07446034164707142,0.039702488022409235,0.07466272814570965,0.01620838293303937,0.11637338221822598,24.65083333333333,5.477585640083088,26.1625,15.316666666666666,28.59166666666667,41.72100000000001,12.101852854005466,42.68000000000001,22.641666666666666,53.0616666666667
8g,compound,30,local_identity_shrinkage,V2,high_tail,5,24.2,20.873428084528904,19.0,9.0,60.0,25.131983139824918,12.145912815586211,21.099958885958976,13.060293816820009,42.425532017280545,17.878186959761884,10.305236331142721,13.985425428444989,9.004580467988188,33.12297751857103,0.7642528684296128,0.17276614564336756,0.7759703328701882,0.5757433223616957,0.9801111713659223,24.65083333333333,5.477585640083088,26.1625,15.316666666666666,28.59166666666667,41.72100000000001,12.101852854005466,42.68000000000001,22.641666666666666,53.0616666666667
8g,compound,30,conditional_EA,V1,low,5,59.0,22.169799277395363,67.0,28.0,83.0,3.0634692278951485,1.3506961066458418,2.5402926065073768,1.6415225991119424,5.10387331163882,2.2620658745035445,1.1366019134457597,2.0119950942088205,0.8756156991813488,3.7331135062223475,0.07552537791466822,0.07393386113964932,0.06489198834366959,0.0028614784405376617,0.1986232439617381,11.745,2.0446139441360454,12.625,9.358333333333333,13.8875,22.379333333333335,8.560811601581815,27.423333333333336,10.05,28.906666666666677
8g,compound,30,conditional_EA,V1,mid,5,28.6,9.607288899580361,24.0,21.0,45.0,5.101748666484232,5.4065998988081825,2.917234963152301,0.5909704940433018,14.111062384625951,3.9149611106698794,4.25251291267978,1.9968658482705408,0.46671946933474734,10.949636975078036,0.07021389951082593,0.0663281783720982,0.0439116443658772,0.00027815675119681704,0.17003808973300175,11.745,2.0446139441360454,12.625,9.358333333333333,13.8875,22.379333333333335,8.560811601581815,27.423333333333336,10.05,28.906666666666677
8g,compound,30,conditional_EA,V1,high_tail,5,27.6,25.461735997374568,18.0,10.0,72.0,23.604383878173984,13.897806700257458,19.106518488277878,11.783739374616928,47.69747171958653,17.715699853022507,12.421008042958352,14.656690241626853,7.526132699651938,39.231521063598194,0.8542607225745058,0.0986924908167357,0.8602154542873223,0.7581099227928798,0.9968603648082657,11.745,2.0446139441360454,12.625,9.358333333333333,13.8875,22.379333333333335,8.560811601581815,27.423333333333336,10.05,28.906666666666677
8g,compound,30,conditional_EA,V2,low,5,64.2,22.753021777337622,69.0,25.0,84.0,4.866032121061098,2.130268140824767,5.164971320915915,1.4855485239802892,7.256473153701676,3.5553918036583374,1.5837813093553335,3.6833917230617836,1.0788316872923382,5.003283982618261,0.1657992687134672,0.13986332131237073,0.13730793963097987,0.002903724961690209,0.35672095799998427,24.65083333333333,5.477585640083088,26.1625,15.316666666666666,28.59166666666667,41.72100000000001,12.101852854005466,42.68000000000001,22.641666666666666,53.0616666666667
8g,compound,30,conditional_EA,V2,mid,5,26.8,7.049822692805827,27.0,17.0,36.0,6.258572927169891,3.7572047049647903,5.425108483288883,2.8232206888139175,12.451311391650986,5.255305489261172,3.0091785616956024,4.856650561886787,2.3824560392574536,10.205029764328083,0.07023543336679001,0.04712919873502448,0.05481084563019304,0.015101981765453708,0.1350042262526013,24.65083333333333,5.477585640083088,26.1625,15.316666666666666,28.59166666666667,41.72100000000001,12.101852854005466,42.68000000000001,22.641666666666666,53.0616666666667
8g,compound,30,conditional_EA,V2,high_tail,5,24.2,20.873428084528904,19.0,9.0,60.0,25.76257440325516,11.582425670422364,22.897026927620217,13.791522279179102,42.50481268058702,18.492652158178124,9.811460812399202,15.13262358831394,9.69868113652005,33.51647865456996,0.7639652979197427,0.164391857663824,0.7631491671036907,0.5965618220796431,0.9819942932728559,24.65083333333333,5.477585640083088,26.1625,15.316666666666666,28.59166666666667,41.72100000000001,12.101852854005466,42.68000000000001,22.641666666666666,53.0616666666667
8g,compound,30,standard_shallow_finetune,V1,low,5,59.0,22.169799277395363,67.0,28.0,83.0,2.7775319611665674,0.5296711150908497,2.8624431954600777,2.08312564603333,3.3577174480655425,2.17946277254537,0.5590183197266305,2.2618183638888887,1.6339692451851846,2.9695941751243784,0.05955128552651673,0.02987810285826272,0.05749924073742947,0.030207828752967226,0.10468881420927632,11.745,2.0446139441360454,12.625,9.358333333333333,13.8875,22.379333333333335,8.560811601581815,27.423333333333336,10.05,28.906666666666677
8g,compound,30,standard_shallow_finetune,V1,mid,5,28.6,9.607288899580361,24.0,21.0,45.0,4.08264213039216,1.91445933489594,3.968216121517023,2.2855107892217243,7.1741455949049255,3.3785713324116946,1.7508273937925989,3.0075709375,1.9158992651851854,6.249376159770114,0.0632028091808556,0.04651143588530818,0.04516505099209569,0.019793129742431737,0.13756040382873322,11.745,2.0446139441360454,12.625,9.358333333333333,13.8875,22.379333333333335,8.560811601581815,27.423333333333336,10.05,28.906666666666677
8g,compound,30,standard_shallow_finetune,V1,high_tail,5,27.6,25.461735997374568,18.0,10.0,72.0,18.969848326805298,7.322973269810276,16.004448808429398,10.183336227295875,27.40167813418951,14.414286459524217,6.924746945993962,12.692425592592592,5.8421143009259255,22.86596723076923,0.8772459052926278,0.0683644567948375,0.8973357082704749,0.7928221368921835,0.9444637856037409,11.745,2.0446139441360454,12.625,9.358333333333333,13.8875,22.379333333333335,8.560811601581815,27.423333333333336,10.05,28.906666666666677
8g,compound,30,standard_shallow_finetune,V2,low,5,64.2,22.753021777337622,69.0,25.0,84.0,4.213119091798228,1.1336750037521215,4.060490763406424,3.124796044851288,6.093983281220541,3.3947946446121646,1.255170757032796,3.1546061428571437,2.1855469199999997,5.485128260869565,0.08535528319170667,0.04688028389216959,0.09225980054827719,0.014731924301596956,0.1457321015868646,24.65083333333333,5.477585640083088,26.1625,15.316666666666666,28.59166666666667,41.72100000000001,12.101852854005466,42.68000000000001,22.641666666666666,53.0616666666667
8g,compound,30,standard_shallow_finetune,V2,mid,5,26.8,7.049822692805827,27.0,17.0,36.0,6.846257061196849,3.7740948904336857,6.137297209116912,3.270609234423202,13.039290887611816,5.773358488525781,3.7062814802919433,4.779991277777778,2.423364055555555,11.92119638888889,0.08308518119108568,0.061470693928385535,0.06388564357805238,0.023239989926388174,0.18364965058750357,24.65083333333333,5.477585640083088,26.1625,15.316666666666666,28.59166666666667,41.72100000000001,12.101852854005466,42.68000000000001,22.641666666666666,53.0616666666667
8g,compound,30,standard_shallow_finetune,V2,high_tail,5,24.2,20.873428084528904,19.0,9.0,60.0,28.04073748693287,13.882377606514506,22.524271243417218,15.616037956193699,44.845202305058805,20.68105766001271,14.108048993878256,14.12559715942029,8.168912127777778,39.73927486666666,0.8315595356172075,0.0934020673479995,0.8418503779313401,0.7240905488642194,0.9620280857720146,24.65083333333333,5.477585640083088,26.1625,15.316666666666666,28.59166666666667,41.72100000000001,12.101852854005466,42.68000000000001,22.641666666666666,53.0616666666667
8g,compound,30,paper_style_current_v2,V1,low,5,59.0,22.169799277395363,67.0,28.0,83.0,2.780782518338767,0.5345658247598025,2.8576561026691802,2.080296589510293,3.349102872483992,2.1821015213475343,0.5610163397766413,2.2551748763888892,1.630326918518518,2.961149603482587,0.05969609784386043,0.029551276011178927,0.05752521689423126,0.030166538777222772,0.10448428169108709,11.745,2.0446139441360454,12.625,9.358333333333333,13.8875,22.379333333333335,8.560811601581815,27.423333333333336,10.05,28.906666666666677
8g,compound,30,paper_style_current_v2,V1,mid,5,28.6,9.607288899580361,24.0,21.0,45.0,4.082936563187017,1.9066218485006952,3.9608905273860886,2.279412286389061,7.165257087471457,3.375871540330414,1.7443432383769144,2.998718208333333,1.9108089318518517,6.239152601149425,0.06322191753773386,0.04629713510477094,0.04503450087215312,0.020520203097296328,0.13739797600247544,11.745,2.0446139441360454,12.625,9.358333333333333,13.8875,22.379333333333335,8.560811601581815,27.423333333333336,10.05,28.906666666666677
8g,compound,30,paper_style_current_v2,V1,high_tail,5,27.6,25.461735997374568,18.0,10.0,72.0,18.947819543083767,7.342300971887441,15.997205168671416,10.108477615930259,27.39230401033717,14.396677861002848,6.934599346729142,12.683447925925925,5.79808587037037,22.854995615384613,0.8770819846184057,0.06771984954242354,0.8974402822336157,0.7932513700410507,0.9425259990024163,11.745,2.0446139441360454,12.625,9.358333333333333,13.8875,22.379333333333335,8.560811601581815,27.423333333333336,10.05,28.906666666666677
8g,compound,30,paper_style_current_v2,V2,low,5,64.2,22.753021777337622,69.0,25.0,84.0,4.204575746525313,1.127078280839059,4.055556745055419,3.107617606487306,6.071909763788387,3.3867467014961115,1.2464527576386693,3.150354136904762,2.1745106933333336,5.460717775362319,0.08538435635088547,0.04730042061600509,0.09178791649886435,0.01457877193520278,0.14695164154432488,24.65083333333333,5.477585640083088,26.1625,15.316666666666666,28.59166666666667,41.72100000000001,12.101852854005466,42.68000000000001,22.641666666666666,53.0616666666667
8g,compound,30,paper_style_current_v2,V2,mid,5,26.8,7.049822692805827,27.0,17.0,36.0,6.827624498732595,3.771151112554927,6.115550417214293,3.2544634977455544,13.015271420487538,5.755325514353667,3.701805924338044,4.759496652777778,2.405147361111111,11.894883822222223,0.08278141986650742,0.06143441865152867,0.06371567359803117,0.023024335087611324,0.1833637646735178,24.65083333333333,5.477585640083088,26.1625,15.316666666666666,28.59166666666667,41.72100000000001,12.101852854005466,42.68000000000001,22.641666666666666,53.0616666666667
8g,compound,30,paper_style_current_v2,V2,high_tail,5,24.2,20.873428084528904,19.0,9.0,60.0,28.025967756672344,13.8741920493678,22.514374347781498,15.60136265325838,44.82090962882318,20.667673508314262,14.093035819283228,14.113284594202899,8.18528011111111,39.711618666666666,0.8318342237826071,0.09348801977813281,0.8423997227129101,0.7248483188276176,0.962396892977186,24.65083333333333,5.477585640083088,26.1625,15.316666666666666,28.59166666666667,41.72100000000001,12.101852854005466,42.68000000000001,22.641666666666666,53.0616666666667
8g,compound,50,zero_shot,V1,low,5,57.8,14.411800720243116,61.0,35.0,72.0,4.451570445638613,0.5569759341750568,4.17351858437872,3.841533819584519,5.142637510044969,4.250992460299148,0.5526224883796823,4.022708098148148,3.6179532619047614,4.893993023880597,0.0548935389224207,0.027488596866827145,0.05118817292702679,0.021546716390183334,0.09359859062853972,11.384166666666667,1.9516272590669894,10.25,9.6125,13.8875,21.047666666666665,7.423882688099717,20.208333333333332,10.658333333333331,29.23166666666667
8g,compound,50,zero_shot,V1,mid,5,30.6,10.014988766843427,29.0,21.0,46.0,7.872397947428466,2.4107924710516966,7.117456413414374,4.8873845505725315,10.521575793975556,7.570792491238596,2.2377507292223973,6.9097622549019615,4.804701997101448,9.935254345977011,0.08941441027042368,0.05224338907752673,0.08450407532327993,0.022918415483275414,0.16958297671015607,11.384166666666667,1.9516272590669894,10.25,9.6125,13.8875,21.047666666666665,7.423882688099717,20.208333333333332,10.658333333333331,29.23166666666667
8g,compound,50,zero_shot,V1,high_tail,5,26.8,20.474374227311568,20.0,13.0,63.0,29.744244929951044,6.212701037343831,32.21025400509826,19.067823814939988,34.76607637240152,25.12760631747157,6.006843189075303,27.364641743137252,14.797337537566134,29.989974715384616,0.8556920508071556,0.07838029821479879,0.8655492209200086,0.7368184326613042,0.9555348681265412,11.384166666666667,1.9516272590669894,10.25,9.6125,13.8875,21.047666666666665,7.423882688099717,20.208333333333332,10.658333333333331,29.23166666666667
8g,compound,50,zero_shot,V2,low,5,64.0,6.855654600401044,61.0,56.0,73.0,7.022465907407207,0.8389190426491558,6.930416434330924,6.192216478147348,7.986570152882871,6.609842823881666,0.8036744845335739,6.573256828961748,5.8019289702380945,7.5226558420289855,0.07173296813700422,0.02547328272372756,0.06856947978241125,0.049060192071255095,0.11204062110959603,23.610833333333332,3.327387405224171,22.741666666666667,20.041666666666668,27.90833333333333,40.71000000000001,7.161948349902193,41.96666666666667,32.525,50.996666666666684
8g,compound,50,zero_shot,V2,mid,5,30.6,9.09945053286186,30.0,18.0,42.0,13.176495057581946,2.1685590370257954,12.43406033519453,11.170109902745292,16.226434106172228,12.716485309029983,2.0647944842187647,11.82370739814815,10.72811701984127,15.533777855555554,0.12243086893763326,0.06023221525150125,0.1182401284772453,0.06226261089037552,0.20108201617530294,23.610833333333332,3.327387405224171,22.741666666666667,20.041666666666668,27.90833333333333,40.71000000000001,7.161948349902193,41.96666666666667,32.525,50.996666666666684
8g,compound,50,zero_shot,V2,high_tail,5,20.6,8.384509526501834,19.0,10.0,33.0,43.85212793023775,5.586661565056352,44.07243471849345,38.156098133631,51.94415719351966,36.489279377038415,6.20958057223027,34.29115789473684,30.937133232323234,46.88322146666666,0.8058361629253625,0.07934336106975727,0.8326996794514996,0.6868773627151011,0.8863182012386863,23.610833333333332,3.327387405224171,22.741666666666667,20.041666666666668,27.90833333333333,40.71000000000001,7.161948349902193,41.96666666666667,32.525,50.996666666666684
8g,compound,50,scale_only,V1,low,5,57.8,14.411800720243116,61.0,35.0,72.0,3.6762420392126822,1.287856009685074,3.4972410673458354,2.042460655684585,5.458324136541654,2.767068389879678,1.1592410629120584,2.496320998527664,1.375131731625071,4.558983801929868,0.15788488211293514,0.08279878039959694,0.19203748699530404,0.04196856546213253,0.2492427068769738,11.384166666666667,1.9516272590669894,10.25,9.6125,13.8875,21.047666666666665,7.423882688099717,20.208333333333332,10.658333333333331,29.23166666666667
8g,compound,50,scale_only,V1,mid,5,30.6,10.014988766843427,29.0,21.0,46.0,3.8406348099866996,2.1985546297987306,2.50436798348015,2.0642998958594343,6.689594559304159,2.92325008952844,1.7863278941766096,1.8262714770532065,1.3758041239023455,5.100577597556852,0.075685332866328,0.050018978584441126,0.048402298251052966,0.04169712678806258,0.15972392120671997,11.384166666666667,1.9516272590669894,10.25,9.6125,13.8875,21.047666666666665,7.423882688099717,20.208333333333332,10.658333333333331,29.23166666666667
8g,compound,50,scale_only,V1,high_tail,5,26.8,20.474374227311568,20.0,13.0,63.0,14.299783961038752,5.781425495952272,17.00947971781054,6.236348403982063,19.621933177662772,10.71339156346224,5.0075456505730465,11.5608723916951,3.8137833083557555,15.414216623650926,0.7664297850207368,0.08595017669247515,0.7342376081620331,0.7023549948719731,0.9163343077498048,11.384166666666667,1.9516272590669894,10.25,9.6125,13.8875,21.047666666666665,7.423882688099717,20.208333333333332,10.658333333333331,29.23166666666667
8g,compound,50,scale_only,V2,low,5,64.0,6.855654600401044,61.0,56.0,73.0,3.4746113741186258,0.8865231555091887,2.9951763219633576,2.6204673708141635,4.513760098658669,2.4626400124524306,0.4937281654414362,2.367964520899544,2.0310613950673004,3.249001846474409,0.0893043794927167,0.035193212373984185,0.10938687827631884,0.04715686964583159,0.1224186740348438,23.610833333333332,3.327387405224171,22.741666666666667,20.041666666666668,27.90833333333333,40.71000000000001,7.161948349902193,41.96666666666667,32.525,50.996666666666684
8g,compound,50,scale_only,V2,mid,5,30.6,9.09945053286186,30.0,18.0,42.0,5.112969352608415,1.5742083433861649,4.536258750422666,3.158344356609547,6.853015182506565,4.029528367749518,1.3788309221943735,3.504287989175301,2.478478258899862,5.882295236216725,0.09260470335257351,0.04974788399254371,0.0963807164063773,0.030320778230191345,0.16571857387931566,23.610833333333332,3.327387405224171,22.741666666666667,20.041666666666668,27.90833333333333,40.71000000000001,7.161948349902193,41.96666666666667,32.525,50.996666666666684
8g,compound,50,scale_only,V2,high_tail,5,20.6,8.384509526501834,19.0,10.0,33.0,20.255463933480762,7.139803205462137,19.447120212318797,13.296133218322261,31.83679699156316,13.608308242054648,5.498803735154023,12.079853002493799,8.96988615184462,22.412154971554983,0.8180909171547098,0.07740749935352109,0.8191216864697816,0.7118627520858406,0.922522352123977,23.610833333333332,3.327387405224171,22.741666666666667,20.041666666666668,27.90833333333333,40.71000000000001,7.161948349902193,41.96666666666667,32.525,50.996666666666684
8g,compound,50,affine,V1,low,5,57.8,14.411800720243116,61.0,35.0,72.0,3.4998299348851005,0.7757851445323791,3.651350179886802,2.493365789192571,4.351911737680314,2.508373361476882,0.6137940731732896,2.462087767232584,1.8453974709459422,3.2174395940126517,0.1179590354750872,0.05316885954453067,0.10517331312058206,0.061174763463296235,0.19867539800871004,11.384166666666667,1.9516272590669894,10.25,9.6125,13.8875,21.047666666666665,7.423882688099717,20.208333333333332,10.658333333333331,29.23166666666667
8g,compound,50,affine,V1,mid,5,30.6,10.014988766843427,29.0,21.0,46.0,3.963099598677868,2.2124964796212683,2.648189174363295,2.1459522387793677,6.796370053349711,2.905024875021056,1.6184224805830094,1.9213507197082222,1.6221852544321511,4.8095882842928495,0.06922850266349305,0.04631413885734921,0.059272186334983906,0.029357033310412485,0.14887219987334052,11.384166666666667,1.9516272590669894,10.25,9.6125,13.8875,21.047666666666665,7.423882688099717,20.208333333333332,10.658333333333331,29.23166666666667
8g,compound,50,affine,V1,high_tail,5,26.8,20.474374227311568,20.0,13.0,63.0,16.29013824548566,7.43944781275049,18.475423080796478,7.441081411195138,25.293446129675576,12.101329705590905,6.398581865493364,11.637616520827578,4.495443685598117,20.07567738103569,0.8128124618614198,0.046542060569185716,0.8323483299666535,0.742052415656306,0.8520078497449676,11.384166666666667,1.9516272590669894,10.25,9.6125,13.8875,21.047666666666665,7.423882688099717,20.208333333333332,10.658333333333331,29.23166666666667
8g,compound,50,affine,V2,low,5,64.0,6.855654600401044,61.0,56.0,73.0,4.430214317476157,1.4432853410092148,4.587133058876283,2.650151214881869,6.092964153193361,3.5502755810106437,1.4767979820181176,2.7256406155927837,2.0777112658907657,5.326585545135671,0.13393541791629698,0.06697858289634291,0.13087540844817708,0.04649988052057575,0.2330888199173512,23.610833333333332,3.327387405224171,22.741666666666667,20.041666666666668,27.90833333333333,40.71000000000001,7.161948349902193,41.96666666666667,32.525,50.996666666666684
8g,compound,50,affine,V2,mid,5,30.6,9.09945053286186,30.0,18.0,42.0,5.026877901853655,1.615188791300236,4.659942405314254,3.098089457739734,6.835265945608949,4.062154720981004,1.390678890893986,3.727191140996501,2.4014708967572176,5.8772119140415136,0.08431091674124044,0.05372878935979275,0.07233103431397836,0.028127579696970065,0.1674613963281551,23.610833333333332,3.327387405224171,22.741666666666667,20.041666666666668,27.90833333333333,40.71000000000001,7.161948349902193,41.96666666666667,32.525,50.996666666666684
8g,compound,50,affine,V2,high_tail,5,20.6,8.384509526501834,19.0,10.0,33.0,20.640157496764097,7.118797950683589,18.73814503293922,13.361781183273413,31.43618107297913,13.2865053017207,5.265280902112295,12.211620589928044,9.057953811600845,22.049654601187875,0.7817536653424625,0.09770234530110035,0.7833845482725498,0.6884181708305653,0.9253725397824542,23.610833333333332,3.327387405224171,22.741666666666667,20.041666666666668,27.90833333333333,40.71000000000001,7.161948349902193,41.96666666666667,32.525,50.996666666666684
8g,compound,50,target_head_only,V1,low,5,57.8,14.411800720243116,61.0,35.0,72.0,2.750367645370008,0.12519876801242769,2.7430939329164112,2.594464726113126,2.933267845344808,1.864625759717049,0.1390892856061196,1.8615575257142858,1.690519311574074,2.0463131203703706,0.10099077896269251,0.029292883236138937,0.10632686351776642,0.06706373068273663,0.1317425217274198,11.384166666666667,1.9516272590669894,10.25,9.6125,13.8875,21.047666666666665,7.423882688099717,20.208333333333332,10.658333333333331,29.23166666666667
8g,compound,50,target_head_only,V1,mid,5,30.6,10.014988766843427,29.0,21.0,46.0,2.8139054765340505,0.8828697153701368,2.661047502371805,1.9629466341217854,4.1959552007800704,2.046548470154838,0.5462734415820607,1.7803936775362317,1.5675879558823527,2.8346890517241374,0.05750314250282592,0.03818256701859857,0.04983015621636675,0.027090401130007127,0.12290861723021661,11.384166666666667,1.9516272590669894,10.25,9.6125,13.8875,21.047666666666665,7.423882688099717,20.208333333333332,10.658333333333331,29.23166666666667
8g,compound,50,target_head_only,V1,high_tail,5,26.8,20.474374227311568,20.0,13.0,63.0,13.221470676959086,3.794940355726784,12.884332829526285,7.599582284579427,17.701363517576613,8.750443678531687,2.914486881550335,8.641353428571428,4.5137093597883595,11.579389156862746,0.8415060785344816,0.0583381459613427,0.8597486306901098,0.7516391701376108,0.8985410326166259,11.384166666666667,1.9516272590669894,10.25,9.6125,13.8875,21.047666666666665,7.423882688099717,20.208333333333332,10.658333333333331,29.23166666666667
8g,compound,50,target_head_only,V2,low,5,64.0,6.855654600401044,61.0,56.0,73.0,3.0581184049069647,0.676372556987253,3.0805512035588967,2.3782722159586243,4.128558975472224,2.1896195727866985,0.2732246856192298,2.3245928035714285,1.794116950819672,2.4582761835748794,0.050440668704485894,0.026723062118700586,0.04040976580068928,0.027058552207062662,0.09608739922328421,23.610833333333332,3.327387405224171,22.741666666666667,20.041666666666668,27.90833333333333,40.71000000000001,7.161948349902193,41.96666666666667,32.525,50.996666666666684
8g,compound,50,target_head_only,V2,mid,5,30.6,9.09945053286186,30.0,18.0,42.0,4.996493293686153,1.3867887275038269,4.6817034476271004,3.330941657774657,6.633782099881941,3.8588084751322755,0.8810822494024323,3.515236981481482,2.869565592592593,4.8464800000000015,0.06667070884909454,0.041679941887009506,0.053432047491395136,0.019797951585001403,0.1128798943338191,23.610833333333332,3.327387405224171,22.741666666666667,20.041666666666668,27.90833333333333,40.71000000000001,7.161948349902193,41.96666666666667,32.525,50.996666666666684
8g,compound,50,target_head_only,V2,high_tail,5,20.6,8.384509526501834,19.0,10.0,33.0,24.406505313770072,5.1091075614427055,25.414295576761727,18.037274206106225,31.214792864138566,16.0666371857689,3.7328833479393864,16.42971047368421,12.064609277777778,21.321080700000003,0.8828886224464195,0.06422690535832033,0.9072785191720445,0.7960517053624069,0.953143496207936,23.610833333333332,3.327387405224171,22.741666666666667,20.041666666666668,27.90833333333333,40.71000000000001,7.161948349902193,41.96666666666667,32.525,50.996666666666684
8g,compound,50,local_identity_shrinkage,V1,low,5,57.8,14.411800720243116,61.0,35.0,72.0,3.296356501486631,0.7725390206624303,3.090309536524073,2.5205702494611675,4.381808699912085,2.4066137039594624,0.6482567901507182,2.164328851532743,1.892374783552189,3.511891240746608,0.15327713236036175,0.07398515543879508,0.15353311916265813,0.06407208114831701,0.25374667073402374,11.384166666666667,1.9516272590669894,10.25,9.6125,13.8875,21.047666666666665,7.423882688099717,20.208333333333332,10.658333333333331,29.23166666666667
8g,compound,50,local_identity_shrinkage,V1,mid,5,30.6,10.014988766843427,29.0,21.0,46.0,3.1638081001608107,1.5625258972808143,2.193525463828593,1.862826297096055,5.050070991274696,2.331711765432408,1.2965622465095428,1.4943389158163025,1.2417711093207577,3.8523565728499225,0.06989250161383685,0.052488609849595476,0.04133525787413411,0.029299904302358695,0.1557545316722614,11.384166666666667,1.9516272590669894,10.25,9.6125,13.8875,21.047666666666665,7.423882688099717,20.208333333333332,10.658333333333331,29.23166666666667
8g,compound,50,local_identity_shrinkage,V1,high_tail,5,26.8,20.474374227311568,20.0,13.0,63.0,12.732117029796976,4.269224298327182,13.103654987440455,6.488616113632029,16.7860872178238,9.207753546160138,3.5978395693694907,10.37693512570912,3.7510984455641116,13.076378872439797,0.7768303660258014,0.08674435588808042,0.7703474571335734,0.661858611929381,0.8945926609775489,11.384166666666667,1.9516272590669894,10.25,9.6125,13.8875,21.047666666666665,7.423882688099717,20.208333333333332,10.658333333333331,29.23166666666667
8g,compound,50,local_identity_shrinkage,V2,low,5,64.0,6.855654600401044,61.0,56.0,73.0,3.8441721685991403,0.8790137690408724,3.544082536769301,2.9209605823859506,4.811523903839406,2.757345988163588,0.5509415703773871,2.631944074021097,2.2372394634590087,3.6911613905821654,0.11264632096461875,0.024667180461169107,0.12051075832777805,0.07146527346075066,0.133503625741239,23.610833333333332,3.327387405224171,22.741666666666667,20.041666666666668,27.90833333333333,40.71000000000001,7.161948349902193,41.96666666666667,32.525,50.996666666666684
8g,compound,50,local_identity_shrinkage,V2,mid,5,30.6,9.09945053286186,30.0,18.0,42.0,5.464782742129509,1.6350437107673046,4.948331061046728,3.745567730303462,7.375948517326072,4.391506596881627,1.5193500538186135,4.032667584651347,2.734731571699624,6.312376393737348,0.10968812850385709,0.052834411843739125,0.1041165555285124,0.05201312002292188,0.18791806216806442,23.610833333333332,3.327387405224171,22.741666666666667,20.041666666666668,27.90833333333333,40.71000000000001,7.161948349902193,41.96666666666667,32.525,50.996666666666684
8g,compound,50,local_identity_shrinkage,V2,high_tail,5,20.6,8.384509526501834,19.0,10.0,33.0,19.419330635736408,8.408416627693189,15.170940818960924,13.298096205077853,33.3100913989208,13.747335219612097,6.542834236829282,10.370568997655148,9.082723035916839,24.397242837721297,0.777665550531524,0.07225327708239966,0.7860492298195665,0.6785783120906965,0.8765216065163276,23.610833333333332,3.327387405224171,22.741666666666667,20.041666666666668,27.90833333333333,40.71000000000001,7.161948349902193,41.96666666666667,32.525,50.996666666666684
8g,compound,50,conditional_EA,V1,low,5,57.8,14.411800720243116,61.0,35.0,72.0,3.0474772658704703,0.8548500227469,2.747833319975328,2.2245243131324046,4.424707991264791,2.1741743697598404,0.7102193070045585,1.9596077500090172,1.6714671316459777,3.4023574370053877,0.10533056767545974,0.03538433277326146,0.11926209203097457,0.06249578544349991,0.14199454331969993,11.384166666666667,1.9516272590669894,10.25,9.6125,13.8875,21.047666666666665,7.423882688099717,20.208333333333332,10.658333333333331,29.23166666666667
8g,compound,50,conditional_EA,V1,mid,5,30.6,10.014988766843427,29.0,21.0,46.0,3.5623064875856185,2.1475610577957305,2.1607807745943397,1.9016596438483973,6.313651713882275,2.625814911934527,1.6755261696832082,1.4750713100243071,1.3047579202117185,4.666402032483583,0.07008520529246313,0.05519106778767668,0.04288568542044211,0.028678010118771517,0.16327604788568809,11.384166666666667,1.9516272590669894,10.25,9.6125,13.8875,21.047666666666665,7.423882688099717,20.208333333333332,10.658333333333331,29.23166666666667
8g,compound,50,conditional_EA,V1,high_tail,5,26.8,20.474374227311568,20.0,13.0,63.0,14.479560054122913,5.6621803408767395,17.069955204252803,6.488711892534768,20.254381480151586,10.587174707127165,4.910095226011606,11.273672587773389,3.755082858630741,15.726437448520834,0.824584227032077,0.04592265385313995,0.8151197712598579,0.7742281666708117,0.8883604563302987,11.384166666666667,1.9516272590669894,10.25,9.6125,13.8875,21.047666666666665,7.423882688099717,20.208333333333332,10.658333333333331,29.23166666666667
8g,compound,50,conditional_EA,V2,low,5,64.0,6.855654600401044,61.0,56.0,73.0,4.515612424868065,1.691001723850708,4.421885426412009,2.9483453722592725,7.2157339913317555,3.3248306245887336,1.3649133474890314,2.708121255090063,2.2735054126007306,5.644219450481809,0.15324141064885038,0.08448530274762063,0.13662960552473297,0.07294485755387857,0.29467293671472966,23.610833333333332,3.327387405224171,22.741666666666667,20.041666666666668,27.90833333333333,40.71000000000001,7.161948349902193,41.96666666666667,32.525,50.996666666666684
8g,compound,50,conditional_EA,V2,mid,5,30.6,9.09945053286186,30.0,18.0,42.0,5.292636292288941,1.637324524640301,4.942857783964765,3.6978636423742413,7.0285026331476335,4.218489955357521,1.399169124922947,4.026734594919184,2.7122170126137264,5.738015889239333,0.0991056687047222,0.05319594045111572,0.08439603580786037,0.050789470271493484,0.18762946968164534,23.610833333333332,3.327387405224171,22.741666666666667,20.041666666666668,27.90833333333333,40.71000000000001,7.161948349902193,41.96666666666667,32.525,50.996666666666684
8g,compound,50,conditional_EA,V2,high_tail,5,20.6,8.384509526501834,19.0,10.0,33.0,19.2759105878256,8.156050130277249,17.055925842803084,13.265777179008053,33.27287137841012,13.497087033063107,6.3342091019821245,10.325766677375215,9.00929715317331,24.354238310075374,0.7476529206464273,0.09461851556026252,0.7642091404040715,0.6363897281784986,0.876265672174628,23.610833333333332,3.327387405224171,22.741666666666667,20.041666666666668,27.90833333333333,40.71000000000001,7.161948349902193,41.96666666666667,32.525,50.996666666666684
8g,compound,50,standard_shallow_finetune,V1,low,5,57.8,14.411800720243116,61.0,35.0,72.0,2.576671947281807,0.5137846026488696,2.687788761132136,1.7531146572104594,3.120997261492863,1.9724783915245214,0.511156458885905,1.8709537352380952,1.4047700721311478,2.736646892537314,0.059536942350790344,0.02519663441839385,0.060474191197367105,0.020519850589433238,0.08708980883492841,11.384166666666667,1.9516272590669894,10.25,9.6125,13.8875,21.047666666666665,7.423882688099717,20.208333333333332,10.658333333333331,29.23166666666667
8g,compound,50,standard_shallow_finetune,V1,mid,5,30.6,10.014988766843427,29.0,21.0,46.0,3.9909071538517145,1.5650528221286166,3.132923306169305,2.7105928842301616,6.306348045909749,3.185461207078911,1.4492103655709996,2.353627078431373,2.0156399420289848,5.194246777011494,0.06969938364096431,0.038162257937770366,0.05894733325109909,0.031104538981293565,0.1322643004990185,11.384166666666667,1.9516272590669894,10.25,9.6125,13.8875,21.047666666666665,7.423882688099717,20.208333333333332,10.658333333333331,29.23166666666667
8g,compound,50,standard_shallow_finetune,V1,high_tail,5,26.8,20.474374227311568,20.0,13.0,63.0,17.446159723679738,6.374479231167054,18.99112677526068,6.621090803598027,23.061693078841614,13.118941437140943,6.151262933999897,15.167316936507937,3.753897711640211,19.959960384615385,0.8707636740082453,0.05544082013487679,0.8716984824828165,0.7928928441464087,0.9483756104292731,11.384166666666667,1.9516272590669894,10.25,9.6125,13.8875,21.047666666666665,7.423882688099717,20.208333333333332,10.658333333333331,29.23166666666667
8g,compound,50,standard_shallow_finetune,V2,low,5,64.0,6.855654600401044,61.0,56.0,73.0,3.8425710909229798,0.9185984525293885,3.732146659189642,2.8869192301713658,5.22428939684524,3.0895928224450815,0.9166064762469266,2.8823772083333337,2.2883922021857925,4.462606712560386,0.057909569191870236,0.01756040868508295,0.05184897037380887,0.043025912687154576,0.08820432415070313,23.610833333333332,3.327387405224171,22.741666666666667,20.041666666666668,27.90833333333333,40.71000000000001,7.161948349902193,41.96666666666667,32.525,50.996666666666684
8g,compound,50,standard_shallow_finetune,V2,mid,5,30.6,9.09945053286186,30.0,18.0,42.0,6.1039500893522165,3.1620538736360793,5.375883465041081,2.9623692669732806,10.869915687022422,5.066339176190476,2.918933923241049,4.245970222222222,2.199867296296296,9.31480672222222,0.07131812232291189,0.05838466755587886,0.04066944457189463,0.021328918621833823,0.16601981999180368,23.610833333333332,3.327387405224171,22.741666666666667,20.041666666666668,27.90833333333333,40.71000000000001,7.161948349902193,41.96666666666667,32.525,50.996666666666684
8g,compound,50,standard_shallow_finetune,V2,high_tail,5,20.6,8.384509526501834,19.0,10.0,33.0,27.943777928667043,8.320766933452095,27.151199902202457,17.62533603331063,39.90350028295367,19.989474074296126,8.751953202840914,18.261108851851855,9.93530588888889,33.46157623333333,0.8707723084852178,0.07268890030814812,0.9074815850542964,0.7457758558574931,0.9228166833769708,23.610833333333332,3.327387405224171,22.741666666666667,20.041666666666668,27.90833333333333,40.71000000000001,7.161948349902193,41.96666666666667,32.525,50.996666666666684
8g,compound,50,paper_style_current_v2,V1,low,5,57.8,14.411800720243116,61.0,35.0,72.0,2.574920301761744,0.5121129425157711,2.6816344249378337,1.7504696203333083,3.1126853373351158,1.9702469502667916,0.5077425552817879,1.871010386666667,1.3993252398907103,2.728772065671642,0.05951857210891235,0.025156432870569168,0.060305684208740475,0.020494889557415085,0.0871325393398889,11.384166666666667,1.9516272590669894,10.25,9.6125,13.8875,21.047666666666665,7.423882688099717,20.208333333333332,10.658333333333331,29.23166666666667
8g,compound,50,paper_style_current_v2,V1,mid,5,30.6,10.014988766843427,29.0,21.0,46.0,3.9852261486917557,1.5618668792835535,3.1390708658993667,2.7110178758955414,6.297939375252362,3.1783161661828885,1.444690925569721,2.3364493313725494,2.015814289855072,5.18405658045977,0.06964313898381642,0.03817877620178222,0.0587682085008713,0.030844631767008347,0.13209853741906072,11.384166666666667,1.9516272590669894,10.25,9.6125,13.8875,21.047666666666665,7.423882688099717,20.208333333333332,10.658333333333331,29.23166666666667
8g,compound,50,paper_style_current_v2,V1,high_tail,5,26.8,20.474374227311568,20.0,13.0,63.0,17.43666497543277,6.36957296878963,18.977840353235795,6.620655961437741,23.052051256194236,13.106931572758265,6.146237672717511,15.152650222222224,3.7527576402116396,19.948746230769228,0.8708382889072712,0.055396913712121514,0.871042889402013,0.7933513502349155,0.9486604786755767,11.384166666666667,1.9516272590669894,10.25,9.6125,13.8875,21.047666666666665,7.423882688099717,20.208333333333332,10.658333333333331,29.23166666666667
8g,compound,50,paper_style_current_v2,V2,low,5,64.0,6.855654600401044,61.0,56.0,73.0,3.8385448240424807,0.9087417651858323,3.744952124793331,2.888428723319645,5.204479042118304,3.0849431869420734,0.905532438551817,2.898736613095238,2.2906843497267753,4.439634760869565,0.05784883733373984,0.017314437240651948,0.05154369138140923,0.04317837098669746,0.08772543186339149,23.610833333333332,3.327387405224171,22.741666666666667,20.041666666666668,27.90833333333333,40.71000000000001,7.161948349902193,41.96666666666667,32.525,50.996666666666684
8g,compound,50,paper_style_current_v2,V2,mid,5,30.6,9.09945053286186,30.0,18.0,42.0,6.090753769951848,3.152517945377838,5.35267077627353,2.9620162380199866,10.847716878413932,5.051593506190477,2.908112381587489,4.222333527777779,2.1977465185185188,9.289166122222221,0.0711120834222863,0.05824029116926685,0.04054747295551311,0.0213032143621221,0.1656989797249716,23.610833333333332,3.327387405224171,22.741666666666667,20.041666666666668,27.90833333333333,40.71000000000001,7.161948349902193,41.96666666666667,32.525,50.996666666666684
8g,compound,50,paper_style_current_v2,V2,high_tail,5,20.6,8.384509526501834,19.0,10.0,33.0,27.93206906256579,8.311542877106616,27.148120556729953,17.63421480185824,39.88190958281851,19.9715205731025,8.74520099969038,18.22826096296296,9.935868343434347,33.44044433333333,0.871039079243974,0.07236183405276672,0.90795535499261,0.7465755884116367,0.9228533569563605,23.610833333333332,3.327387405224171,22.741666666666667,20.041666666666668,27.90833333333333,40.71000000000001,7.161948349902193,41.96666666666667,32.525,50.996666666666684
8g,compound,70,zero_shot,V1,low,5,53.2,12.029131306956458,54.0,40.0,65.0,4.241183369284892,0.277421692980247,4.180895792410865,3.9265265229078006,4.689068733091252,4.061427167221206,0.3092911567093109,4.022708098148148,3.698734195833333,4.556267945128206,0.04328835086081016,0.012867281224310596,0.03997270215320111,0.025726505044274622,0.056380339193749636,10.668333333333333,1.0061857294864711,10.479166666666666,9.779166666666667,12.366666666666667,18.487000000000005,4.321549104969967,17.783333333333335,12.885,23.473333333333347
8g,compound,70,zero_shot,V1,mid,5,34.4,11.104053313993049,32.0,24.0,47.0,6.9440109633159866,1.2635653168733685,6.568277367717519,5.292339170264866,8.575631704845101,6.775375002103132,1.1897597720326325,6.494114123611111,5.244945942708333,8.351827336111112,0.0774093634580679,0.043780982260495295,0.0686421273496455,0.037389447311582266,0.14969655141538218,10.668333333333333,1.0061857294864711,10.479166666666666,9.779166666666667,12.366666666666667,18.487000000000005,4.321549104969967,17.783333333333335,12.885,23.473333333333347
8g,compound,70,zero_shot,V1,high_tail,5,27.6,12.421755109484328,25.0,18.0,49.0,27.938787186552293,4.584654025444,27.715590147575877,21.4088341400484,33.89353917745672,23.13046818485691,3.663163720240767,24.275752456666666,17.42002320340136,26.478629887037034,0.879302285681122,0.04507173628992076,0.8787622460457342,0.8115231939230526,0.9368840476441431,10.668333333333333,1.0061857294864711,10.479166666666666,9.779166666666667,12.366666666666667,18.487000000000005,4.321549104969967,17.783333333333335,12.885,23.473333333333347
8g,compound,70,zero_shot,V2,low,5,57.2,4.147288270665544,59.0,51.0,61.0,6.618355643371156,0.5602866157231342,6.84314218855171,5.734219845709247,7.084656162504809,6.263833469153047,0.561627726018768,6.48951934858757,5.414249632026144,6.75526883,0.05523623139550574,0.008353537447793111,0.05298221041574683,0.04848862345237369,0.06901816829173302,21.301666666666666,1.4577873978129396,21.737499999999997,19.020833333333332,22.841666666666665,35.40666666666667,3.6314408297534,34.95,31.941666666666666,40.306666666666686
8g,compound,70,zero_shot,V2,mid,5,32.0,5.5677643628300215,35.0,25.0,37.0,11.640019197012297,1.4429953771813133,11.518866831061926,9.911379339134916,13.803890819619445,11.20828868651256,1.291955789602035,11.092660509009011,9.529982162037037,13.10658541904762,0.10090885267328031,0.04525623971693008,0.10367629180028917,0.05668938380748251,0.16977622431573994,21.301666666666666,1.4577873978129396,21.737499999999997,19.020833333333332,22.841666666666665,35.40666666666667,3.6314408297534,34.95,31.941666666666666,40.306666666666686
8g,compound,70,zero_shot,V2,high_tail,5,26.0,6.928203230275509,28.0,19.0,35.0,39.12943968496954,4.496203116255162,39.67083039217795,32.12549439480682,44.07243471849345,31.464366893548526,2.8424222304430184,32.73342451724138,27.202555797619052,34.29115789473684,0.8438549159312141,0.05274131163993907,0.8471619266030846,0.7612056073925271,0.8948219927401437,21.301666666666666,1.4577873978129396,21.737499999999997,19.020833333333332,22.841666666666665,35.40666666666667,3.6314408297534,34.95,31.941666666666666,40.306666666666686
8g,compound,70,scale_only,V1,low,5,53.2,12.029131306956458,54.0,40.0,65.0,3.79476861555748,1.4123691309076256,3.4602396943940454,2.059917164643809,5.862344890082115,2.8926538512109947,1.3186492597352544,2.9219741242784525,1.3893833252183616,4.948957562119926,0.15045657686916328,0.08326132029170083,0.17072707290464276,0.04312178043968757,0.22875883224791255,10.668333333333333,1.0061857294864711,10.479166666666666,9.779166666666667,12.366666666666667,18.487000000000005,4.321549104969967,17.783333333333335,12.885,23.473333333333347
8g,compound,70,scale_only,V1,mid,5,34.4,11.104053313993049,32.0,24.0,47.0,2.976816581614498,1.6954675004405333,2.127044751864988,1.5848380553645347,5.796977007556583,2.3941154315072852,1.5648730793936934,1.7969095937082984,0.98467465304193,4.997807889788426,0.04970463183587239,0.025400328626686668,0.044051348912148326,0.01961545139016806,0.08628164680850811,10.668333333333333,1.0061857294864711,10.479166666666666,9.779166666666667,12.366666666666667,18.487000000000005,4.321549104969967,17.783333333333335,12.885,23.473333333333347
8g,compound,70,scale_only,V1,high_tail,5,27.6,12.421755109484328,25.0,18.0,49.0,13.714496192823727,5.35626370412053,15.611245706751617,6.98389764138287,20.04396873578081,9.998382005263764,4.480653656249903,11.133462699333606,4.439659462410313,15.484640130543395,0.7998387912949643,0.07657656996739554,0.7676332002933521,0.7271898188399389,0.9199432342937801,10.668333333333333,1.0061857294864711,10.479166666666666,9.779166666666667,12.366666666666667,18.487000000000005,4.321549104969967,17.783333333333335,12.885,23.473333333333347
8g,compound,70,scale_only,V2,low,5,57.2,4.147288270665544,59.0,51.0,61.0,3.4179829503683954,0.9374535985214822,2.833208589620627,2.66888226905143,4.8269762007134895,2.4427223254843264,0.5139862850216066,2.186907021185993,2.052788066653097,3.2606613734513767,0.07156424585780738,0.022292698097719433,0.06278384548940429,0.048625336591829625,0.09890981965646836,21.301666666666666,1.4577873978129396,21.737499999999997,19.020833333333332,22.841666666666665,35.40666666666667,3.6314408297534,34.95,31.941666666666666,40.306666666666686
8g,compound,70,scale_only,V2,mid,5,32.0,5.5677643628300215,35.0,25.0,37.0,4.965805451327152,1.7440941286108604,4.679569115468704,2.7766226410446984,7.407006200211747,3.7593925943212634,1.3171727334640229,3.49573147982006,2.2255918855796955,5.802475425762164,0.08818530665252694,0.04158898756235473,0.09250039770465993,0.0240851447966796,0.1407524870488155,21.301666666666666,1.4577873978129396,21.737499999999997,19.020833333333332,22.841666666666665,35.40666666666667,3.6314408297534,34.95,31.941666666666666,40.306666666666686
8g,compound,70,scale_only,V2,high_tail,5,26.0,6.928203230275509,28.0,19.0,35.0,18.047756364635344,4.94905402210994,19.78479659039648,11.034165229574386,23.50529774436576,11.492047501324906,3.605765344114949,12.302848485353401,6.911295155612622,15.263000235104453,0.8402504474896657,0.058881077467882924,0.8447157568059359,0.7677873142753353,0.9272895186114909,21.301666666666666,1.4577873978129396,21.737499999999997,19.020833333333332,22.841666666666665,35.40666666666667,3.6314408297534,34.95,31.941666666666666,40.306666666666686
8g,compound,70,affine,V1,low,5,53.2,12.029131306956458,54.0,40.0,65.0,3.2905953626808673,0.8451578935562779,3.285410003483037,2.1348735217631862,4.1699479045978585,2.3073396268618525,0.4920797304367307,2.529227238201062,1.673586453745234,2.803052864953208,0.10231145667838426,0.06924072254644295,0.08778266359057027,0.022885170875863003,0.19617133062980752,10.668333333333333,1.0061857294864711,10.479166666666666,9.779166666666667,12.366666666666667,18.487000000000005,4.321549104969967,17.783333333333335,12.885,23.473333333333347
8g,compound,70,affine,V1,mid,5,34.4,11.104053313993049,32.0,24.0,47.0,2.819199663612231,1.1986197075498666,2.3878615447484854,1.7602725694245516,4.480590253496834,2.1873717774600614,0.8589343205800265,1.650775842817309,1.517717232770723,3.3641426824774303,0.038059345063548446,0.021338450050616662,0.027901723154736966,0.02231664148155899,0.07469171970212433,10.668333333333333,1.0061857294864711,10.479166666666666,9.779166666666667,12.366666666666667,18.487000000000005,4.321549104969967,17.783333333333335,12.885,23.473333333333347
8g,compound,70,affine,V1,high_tail,5,27.6,12.421755109484328,25.0,18.0,49.0,16.19124555188383,7.217085895107642,17.95129779477614,8.918540168714333,25.675029913725048,11.679153633643363,5.9249626180371795,11.325746973093114,5.702702676139937,19.84931464096544,0.8596291982580674,0.05671106735842687,0.8735747095643271,0.7759269462154558,0.9147592651181808,10.668333333333333,1.0061857294864711,10.479166666666666,9.779166666666667,12.366666666666667,18.487000000000005,4.321549104969967,17.783333333333335,12.885,23.473333333333347
8g,compound,70,affine,V2,low,5,57.2,4.147288270665544,59.0,51.0,61.0,3.593311561251929,1.094762513328273,3.125824376045851,2.626520050182509,4.901352264280612,2.6727427258893655,0.8270212597056079,2.4671454472078236,2.0039982725994046,4.037343399462431,0.07217372248700779,0.028040318220736535,0.08138401507437039,0.03730106184767897,0.10242335352125938,21.301666666666666,1.4577873978129396,21.737499999999997,19.020833333333332,22.841666666666665,35.40666666666667,3.6314408297534,34.95,31.941666666666666,40.306666666666686
8g,compound,70,affine,V2,mid,5,32.0,5.5677643628300215,35.0,25.0,37.0,4.7868514729141545,1.8038114079946923,4.079017408346947,2.764358526452576,7.004609782773791,3.6167685968691714,1.2857628566297403,3.151699371572077,2.207749757564828,5.46001205696316,0.07561090969394826,0.04573962811057318,0.0780456494305046,0.02365726130460941,0.13855465245090115,21.301666666666666,1.4577873978129396,21.737499999999997,19.020833333333332,22.841666666666665,35.40666666666667,3.6314408297534,34.95,31.941666666666666,40.306666666666686
8g,compound,70,affine,V2,high_tail,5,26.0,6.928203230275509,28.0,19.0,35.0,19.39356359127732,6.043019550558813,21.89611929310458,10.974420887856024,24.858724922755552,12.242922244636166,4.1360462210644116,14.250980556783421,6.967829331799251,15.962760664839756,0.8522153678190441,0.0584688239440128,0.8570622774151265,0.7800613324747284,0.9278932819123457,21.301666666666666,1.4577873978129396,21.737499999999997,19.020833333333332,22.841666666666665,35.40666666666667,3.6314408297534,34.95,31.941666666666666,40.306666666666686
8g,compound,70,target_head_only,V1,low,5,53.2,12.029131306956458,54.0,40.0,65.0,2.8724747386845113,0.28719245858932163,2.8476001225276755,2.6008571604751967,3.3228363867896165,1.949238219389296,0.2531540347189071,1.9634493185185187,1.6309386502564103,2.29858843015873,0.10668484622290833,0.049630231300379635,0.09771125467154503,0.06206495252328222,0.18989914169843652,10.668333333333333,1.0061857294864711,10.479166666666666,9.779166666666667,12.366666666666667,18.487000000000005,4.321549104969967,17.783333333333335,12.885,23.473333333333347
8g,compound,70,target_head_only,V1,mid,5,34.4,11.104053313993049,32.0,24.0,47.0,2.3400273181087954,0.3207628704541226,2.389387656897888,1.8176735812367706,2.6543117789982853,1.7218054491617416,0.26899597827105864,1.680806818518519,1.40865926875,2.153754763888889,0.04273088570296828,0.012040102805451359,0.04636077841300123,0.02523577914319353,0.05739608266435551,10.668333333333333,1.0061857294864711,10.479166666666666,9.779166666666667,12.366666666666667,18.487000000000005,4.321549104969967,17.783333333333335,12.885,23.473333333333347
8g,compound,70,target_head_only,V1,high_tail,5,27.6,12.421755109484328,25.0,18.0,49.0,12.292643929766278,3.499626875863703,12.475752481122877,8.759191671850044,17.406542097389323,8.158991180474445,2.6414678604705104,8.8829786,5.2861221538461525,11.386808527777776,0.8505842680741236,0.05420807403932688,0.8647125035993832,0.7637400798885623,0.8973442601234162,10.668333333333333,1.0061857294864711,10.479166666666666,9.779166666666667,12.366666666666667,18.487000000000005,4.321549104969967,17.783333333333335,12.885,23.473333333333347
8g,compound,70,target_head_only,V2,low,5,57.2,4.147288270665544,59.0,51.0,61.0,3.110937255962071,0.639110999167437,2.9213235600638967,2.5620847842372343,4.215917172301107,2.231487812024996,0.11507575026298467,2.288062805555555,2.0311108870056493,2.3023058545454544,0.05268848476462199,0.032606608564846644,0.039944589645277716,0.02261189716548551,0.09526450787176385,21.301666666666666,1.4577873978129396,21.737499999999997,19.020833333333332,22.841666666666665,35.40666666666667,3.6314408297534,34.95,31.941666666666666,40.306666666666686
8g,compound,70,target_head_only,V2,mid,5,32.0,5.5677643628300215,35.0,25.0,37.0,4.598976711345875,1.3122303852919948,4.387424547233472,3.079309054233162,5.944135237425106,3.5608925288367415,0.8893036264296866,3.5224671801801803,2.726967824074075,4.856278986666666,0.06433045332596363,0.03929287605293201,0.05206658303655255,0.01494749158557095,0.10880015993189099,21.301666666666666,1.4577873978129396,21.737499999999997,19.020833333333332,22.841666666666665,35.40666666666667,3.6314408297534,34.95,31.941666666666666,40.306666666666686
8g,compound,70,target_head_only,V2,high_tail,5,26.0,6.928203230275509,28.0,19.0,35.0,21.27342108937132,5.845722814000256,23.122319072669804,11.166471725011641,25.5678633197269,13.420895495501682,3.8219332963575052,13.790308571428572,7.0567694166666675,16.62256584210526,0.8829810619094143,0.07130160344571669,0.9079888273181697,0.7959353321963454,0.9624406112489434,21.301666666666666,1.4577873978129396,21.737499999999997,19.020833333333332,22.841666666666665,35.40666666666667,3.6314408297534,34.95,31.941666666666666,40.306666666666686
8g,compound,70,local_identity_shrinkage,V1,low,5,53.2,12.029131306956458,54.0,40.0,65.0,3.2171936095282008,0.8117838873056854,2.892049749721137,2.421052387465026,4.3482856345258964,2.231226500369675,0.5177109588142206,2.0354404472285608,1.7800777127012906,3.0479406327312017,0.11154343381957241,0.05740390097961909,0.09062386642468341,0.05976662126050555,0.1750586541823478,10.668333333333333,1.0061857294864711,10.479166666666666,9.779166666666667,12.366666666666667,18.487000000000005,4.321549104969967,17.783333333333335,12.885,23.473333333333347
8g,compound,70,local_identity_shrinkage,V1,mid,5,34.4,11.104053313993049,32.0,24.0,47.0,2.486189464106942,1.2787287160481153,2.095353075046793,1.4126619640862808,4.542599447191017,1.869590850265038,1.027016841889216,1.4317307343793897,0.9799445753900108,3.5715271014106853,0.03813926565454027,0.024281348871667482,0.03651852520235439,0.015050771476609975,0.0782574979084929,10.668333333333333,1.0061857294864711,10.479166666666666,9.779166666666667,12.366666666666667,18.487000000000005,4.321549104969967,17.783333333333335,12.885,23.473333333333347
8g,compound,70,local_identity_shrinkage,V1,high_tail,5,27.6,12.421755109484328,25.0,18.0,49.0,13.946662269943332,5.632705686096298,14.4089980923685,7.283449058148624,21.759812360368127,9.915977029039137,4.67105800281069,10.747006423850948,4.43651070492293,16.66928742297098,0.8503173005258875,0.04207752720886149,0.860316964549501,0.8013782267404885,0.9029269641314144,10.668333333333333,1.0061857294864711,10.479166666666666,9.779166666666667,12.366666666666667,18.487000000000005,4.321549104969967,17.783333333333335,12.885,23.473333333333347
8g,compound,70,local_identity_shrinkage,V2,low,5,57.2,4.147288270665544,59.0,51.0,61.0,3.4975278685432714,0.8520312553533118,3.274510510172146,2.9221528125222416,4.988319711284516,2.429432952648832,0.17355147290723835,2.3942331946393485,2.265018940450028,2.614324831878024,0.08460742984309153,0.0290347014768104,0.09380615792057603,0.04197960736610454,0.11869171735904811,21.301666666666666,1.4577873978129396,21.737499999999997,19.020833333333332,22.841666666666665,35.40666666666667,3.6314408297534,34.95,31.941666666666666,40.306666666666686
8g,compound,70,local_identity_shrinkage,V2,mid,5,32.0,5.5677643628300215,35.0,25.0,37.0,5.15972111444777,1.3881628111806943,4.700890684741503,3.5512895954762542,7.060313504649254,3.924269715941334,1.0933839628690856,3.761606488571862,2.569188946137236,5.514363021592321,0.1041644434020856,0.04981587694710696,0.08764613953062228,0.04680237450284518,0.17664371400967102,21.301666666666666,1.4577873978129396,21.737499999999997,19.020833333333332,22.841666666666665,35.40666666666667,3.6314408297534,34.95,31.941666666666666,40.306666666666686
8g,compound,70,local_identity_shrinkage,V2,high_tail,5,26.0,6.928203230275509,28.0,19.0,35.0,17.18999652543406,5.909664519885597,15.008552165565641,10.8110733322311,25.070624221454228,11.49109954770256,4.075694918634325,9.155969423408914,7.515647259920853,16.091958063202913,0.811228126754823,0.07037401443538166,0.8185477025488017,0.7266596411675406,0.8813346037502144,21.301666666666666,1.4577873978129396,21.737499999999997,19.020833333333332,22.841666666666665,35.40666666666667,3.6314408297534,34.95,31.941666666666666,40.306666666666686
8g,compound,70,conditional_EA,V1,low,5,53.2,12.029131306956458,54.0,40.0,65.0,2.8097735338314767,0.734625277724989,2.5590484856975135,1.959283475154156,3.860701258229975,1.8889775163325413,0.476625024453702,1.924000681592463,1.3426755552768619,2.623909339420539,0.08615446001957001,0.04515485346297597,0.07218058843837877,0.02912795136736946,0.13299854190501872,10.668333333333333,1.0061857294864711,10.479166666666666,9.779166666666667,12.366666666666667,18.487000000000005,4.321549104969967,17.783333333333335,12.885,23.473333333333347
8g,compound,70,conditional_EA,V1,mid,5,34.4,11.104053313993049,32.0,24.0,47.0,2.5865216672446962,1.2479622551627483,2.0646919162050774,1.4959635784924485,4.443775421122324,1.9331294246095752,0.9973505412748251,1.4171660845346894,1.1397317889628062,3.42723182381695,0.0412708135022194,0.028301511760915,0.03520482294590006,0.02222313381282684,0.09061607277002667,10.668333333333333,1.0061857294864711,10.479166666666666,9.779166666666667,12.366666666666667,18.487000000000005,4.321549104969967,17.783333333333335,12.885,23.473333333333347
8g,compound,70,conditional_EA,V1,high_tail,5,27.6,12.421755109484328,25.0,18.0,49.0,14.234908651146466,5.758304208635743,15.608330180403586,7.3293789443116255,21.89017404805623,10.152670251757087,4.739364335690138,10.885949410963994,4.602850021420169,16.622232060682844,0.8725747264782104,0.026039957672298428,0.8802559758626037,0.8447783242821542,0.8998973845421914,10.668333333333333,1.0061857294864711,10.479166666666666,9.779166666666667,12.366666666666667,18.487000000000005,4.321549104969967,17.783333333333335,12.885,23.473333333333347
8g,compound,70,conditional_EA,V2,low,5,57.2,4.147288270665544,59.0,51.0,61.0,3.7192115541001685,0.8466772581372757,3.722882160400366,2.9910872222168683,5.0642443949605,2.6205851764735146,0.30834614982316405,2.6646646572450363,2.2874432676872267,3.044680152023517,0.09122569825757615,0.028259826851673154,0.09821039960127916,0.0548148914626464,0.1279860613943863,21.301666666666666,1.4577873978129396,21.737499999999997,19.020833333333332,22.841666666666665,35.40666666666667,3.6314408297534,34.95,31.941666666666666,40.306666666666686
8g,compound,70,conditional_EA,V2,mid,5,32.0,5.5677643628300215,35.0,25.0,37.0,5.208895613365411,1.827037379397871,4.676448173275736,3.526382127784801,8.03029472110584,3.870520198181457,1.2630749432211128,3.748643225039368,2.567482087806828,5.8208104642177965,0.09861906185799116,0.04761469798658672,0.08565904485377211,0.04624132263998675,0.1757568702391946,21.301666666666666,1.4577873978129396,21.737499999999997,19.020833333333332,22.841666666666665,35.40666666666667,3.6314408297534,34.95,31.941666666666666,40.306666666666686
8g,compound,70,conditional_EA,V2,high_tail,5,26.0,6.928203230275509,28.0,19.0,35.0,17.441242473072254,5.7584683893441175,16.547570687128246,10.746019688543186,24.83820918112045,11.553784786742908,3.9722852940713462,9.838346590422205,7.396915093544091,15.842681667518022,0.8101552398844326,0.0602764193044751,0.8161305555449487,0.7218232282291086,0.8810614400621412,21.301666666666666,1.4577873978129396,21.737499999999997,19.020833333333332,22.841666666666665,35.40666666666667,3.6314408297534,34.95,31.941666666666666,40.306666666666686
8g,compound,70,standard_shallow_finetune,V1,low,5,53.2,12.029131306956458,54.0,40.0,65.0,2.4054092601074304,0.27220253261737953,2.5736012255246967,1.9754568178182237,2.6036228906825096,1.7690895778727445,0.33006333702492324,1.7612513584615386,1.467637559876543,2.3020802833333334,0.0519457667587387,0.016414159543390695,0.046624762005714464,0.0368793235534805,0.07110597460618545,10.668333333333333,1.0061857294864711,10.479166666666666,9.779166666666667,12.366666666666667,18.487000000000005,4.321549104969967,17.783333333333335,12.885,23.473333333333347
8g,compound,70,standard_shallow_finetune,V1,mid,5,34.4,11.104053313993049,32.0,24.0,47.0,2.9370246252468455,0.9415332399009332,3.045891242669445,1.968702259661726,4.361715491796857,2.299017666325354,0.9301981322624728,2.058343811111111,1.5295657510416665,3.7772485680851062,0.05518934563641056,0.039107146489224386,0.041424180564779645,0.0137458436556869,0.11582172247530914,10.668333333333333,1.0061857294864711,10.479166666666666,9.779166666666667,12.366666666666667,18.487000000000005,4.321549104969967,17.783333333333335,12.885,23.473333333333347
8g,compound,70,standard_shallow_finetune,V1,high_tail,5,27.6,12.421755109484328,25.0,18.0,49.0,14.888287700294729,3.9027852481322176,15.714253081581202,8.241483255190216,18.084836648986283,10.432046551893599,3.3727882656057933,10.710119277777778,5.149273520408164,14.518966616666665,0.8928648876048509,0.03642087836717769,0.8874698448290349,0.8472989539712105,0.9487699330072532,10.668333333333333,1.0061857294864711,10.479166666666666,9.779166666666667,12.366666666666667,18.487000000000005,4.321549104969967,17.783333333333335,12.885,23.473333333333347
8g,compound,70,standard_shallow_finetune,V2,low,5,57.2,4.147288270665544,59.0,51.0,61.0,3.3201089932702246,0.7127226870992033,2.925318269916619,2.81126817144425,4.519768920387868,2.6104435104375217,0.703440011056318,2.3032987722222225,2.1022702320261435,3.8171889666666665,0.04557291468835527,0.012127139584645228,0.04624902745818362,0.028411967532168757,0.06165271115518324,21.301666666666666,1.4577873978129396,21.737499999999997,19.020833333333332,22.841666666666665,35.40666666666667,3.6314408297534,34.95,31.941666666666666,40.306666666666686
8g,compound,70,standard_shallow_finetune,V2,mid,5,32.0,5.5677643628300215,35.0,25.0,37.0,4.89075577854494,2.2832102788611204,4.270032967453232,2.8350470814337254,8.70968102465031,3.878634288459889,1.9487657924340152,3.344239648648649,2.3423270370370366,7.101387504761905,0.060061383990077544,0.050018467098300164,0.04344930996170953,0.018035384073185924,0.1456899423430549,21.301666666666666,1.4577873978129396,21.737499999999997,19.020833333333332,22.841666666666665,35.40666666666667,3.6314408297534,34.95,31.941666666666666,40.306666666666686
8g,compound,70,standard_shallow_finetune,V2,high_tail,5,26.0,6.928203230275509,28.0,19.0,35.0,22.60418893074768,5.326072104231794,24.159024513777098,16.034172407311065,27.573216486876355,14.284656690222969,4.025714176601705,14.76806704597701,10.120574933333332,19.68764412280701,0.894365701321567,0.060216988105494404,0.9103016625801069,0.7926573465017617,0.940352890960517,21.301666666666666,1.4577873978129396,21.737499999999997,19.020833333333332,22.841666666666665,35.40666666666667,3.6314408297534,34.95,31.941666666666666,40.306666666666686
8g,compound,70,paper_style_current_v2,V1,low,5,53.2,12.029131306956458,54.0,40.0,65.0,2.387835625439086,0.29504590362250555,2.573376973260144,1.9170830506847905,2.591115690673438,1.7553306848580923,0.3363393388257362,1.756954963076923,1.4476844709876546,2.29109251984127,0.05098735256126774,0.01752813060227752,0.04592496350882229,0.033455781967725313,0.07122536600150177,10.668333333333333,1.0061857294864711,10.479166666666666,9.779166666666667,12.366666666666667,18.487000000000005,4.321549104969967,17.783333333333335,12.885,23.473333333333347
8g,compound,70,paper_style_current_v2,V1,mid,5,34.4,11.104053313993049,32.0,24.0,47.0,2.9417180502652607,0.9141394232222002,3.0115156365828155,2.0506605655605483,4.347402533712995,2.3124300611569146,0.9017160599770665,2.032435355555555,1.5283693447916664,3.760718827659574,0.05484259716871426,0.038712225390101905,0.04148729255249577,0.014134315301900693,0.11534466634402919,10.668333333333333,1.0061857294864711,10.479166666666666,9.779166666666667,12.366666666666667,18.487000000000005,4.321549104969967,17.783333333333335,12.885,23.473333333333347
8g,compound,70,paper_style_current_v2,V1,high_tail,5,27.6,12.421755109484328,25.0,18.0,49.0,14.978004859328129,3.9341963240349997,16.172877254693777,8.236735012879949,18.070626041072,10.526617828702774,3.377710800040682,10.924247115384615,5.142904489795919,14.503065691666666,0.894170050270018,0.03749166581230064,0.8872873414460025,0.8480400123323077,0.952409902730374,10.668333333333333,1.0061857294864711,10.479166666666666,9.779166666666667,12.366666666666667,18.487000000000005,4.321549104969967,17.783333333333335,12.885,23.473333333333347
8g,compound,70,paper_style_current_v2,V2,low,5,57.2,4.147288270665544,59.0,51.0,61.0,3.2839073187968273,0.7219201973265225,2.915141359141758,2.7206273299170727,4.502727901624088,2.5768793057388306,0.7066318967426601,2.2930513055555557,2.0396415359477125,3.7941304666666666,0.04393498696928117,0.011771944391209186,0.043871227942554956,0.028254414165880423,0.061325156439735275,21.301666666666666,1.4577873978129396,21.737499999999997,19.020833333333332,22.841666666666665,35.40666666666667,3.6314408297534,34.95,31.941666666666666,40.306666666666686
8g,compound,70,paper_style_current_v2,V2,mid,5,32.0,5.5677643628300215,35.0,25.0,37.0,4.893426053161211,2.266610695591742,4.249539772385647,2.8321805874450563,8.6888327235811,3.8778017966409264,1.9296333796591794,3.328652252252252,2.337146444444445,7.075460347619048,0.059590283182570036,0.04993084272132964,0.04306857365309091,0.018006153210210138,0.145316686074494,21.301666666666666,1.4577873978129396,21.737499999999997,19.020833333333332,22.841666666666665,35.40666666666667,3.6314408297534,34.95,31.941666666666666,40.306666666666686
8g,compound,70,paper_style_current_v2,V2,high_tail,5,26.0,6.928203230275509,28.0,19.0,35.0,22.719128243991683,5.146984752808225,24.14586072312145,16.625014659022366,27.554692014803422,14.411142371921182,3.898047676771534,14.749380597701151,10.113881904761904,19.66275580701754,0.8964747298481488,0.06011901172274887,0.9122932708211361,0.7933581574857704,0.9404078660173274,21.301666666666666,1.4577873978129396,21.737499999999997,19.020833333333332,22.841666666666665,35.40666666666667,3.6314408297534,34.95,31.941666666666666,40.306666666666686
8g,compound,100,zero_shot,V1,low,5,55.0,9.246621004453464,55.0,44.0,68.0,4.27802787749435,0.147501454279609,4.253651471677809,4.121870220012925,4.509062019842897,4.099248016097311,0.17628167840538728,4.072240488636364,3.91003056122449,4.385840098787878,0.04509954069440209,0.009729147469251477,0.04348929402346556,0.034728692772697294,0.061165620809386055,10.574166666666667,0.38426517175281744,10.5625,10.05,11.058333333333334,17.795,1.6629562865905732,16.803333333333338,16.351666666666667,19.673333333333332
8g,compound,100,zero_shot,V1,mid,5,33.4,7.368853370776216,33.0,22.0,42.0,6.986313824880756,0.5601193153606274,6.839484085520155,6.397876724006376,7.6558782734129815,6.810178189178269,0.5172843023635476,6.739334478787879,6.233506286868686,7.378041294949495,0.07463294200425738,0.0294776581145291,0.06749995300177741,0.049749740335951954,0.12434250218049757,10.574166666666667,0.38426517175281744,10.5625,10.05,11.058333333333334,17.795,1.6629562865905732,16.803333333333338,16.351666666666667,19.673333333333332
8g,compound,100,zero_shot,V1,high_tail,5,26.8,7.08519583356734,25.0,21.0,39.0,27.605491111122763,3.050603807593974,27.123193585887876,23.636279350650607,31.551621065426406,22.755543709318193,2.0200209261382174,22.6113635,19.79670692307692,25.18311427564102,0.8802675173013407,0.028036085332385982,0.8884391620918181,0.8336042868594454,0.9089218931754257,10.574166666666667,0.38426517175281744,10.5625,10.05,11.058333333333334,17.795,1.6629562865905732,16.803333333333338,16.351666666666667,19.673333333333332
8g,compound,100,zero_shot,V2,low,5,57.0,10.793516572461451,62.0,40.0,67.0,6.62296802129009,0.6170781770050593,6.452833947040872,5.80316165989536,7.268495684943333,6.2889633126427125,0.5980023587301814,6.175295059166666,5.481426504402516,6.880738090547264,0.054354024327078386,0.008019079330422457,0.057635861236456705,0.041437724768563444,0.06212130808678599,21.55833333333333,2.4410853261294334,21.62083333333333,19.05,24.316666666666666,36.160000000000004,2.7706412214102665,36.90833333333333,31.68166666666667,38.45166666666667
8g,compound,100,zero_shot,V2,mid,5,34.0,10.488088481701515,34.0,22.0,50.0,12.041462015661114,1.368937737778958,12.344282842363796,10.041907299853449,13.782377412776183,11.489483001492228,1.2872240081265687,11.577458067999999,9.667367186274511,13.249293357142857,0.11184837444409804,0.05144324970031125,0.10051250367771557,0.058978765294728445,0.19735666783890957,21.55833333333333,2.4410853261294334,21.62083333333333,19.05,24.316666666666666,36.160000000000004,2.7706412214102665,36.90833333333333,31.68166666666667,38.45166666666667
8g,compound,100,zero_shot,V2,high_tail,5,24.2,4.868264577855234,26.0,19.0,29.0,40.1001678649204,4.753254600720743,41.61074288553055,32.12549439480682,44.07243471849345,32.33489789428113,2.9614742266208935,33.053899877192976,27.202555797619052,34.39345138461538,0.8337976012288237,0.0447874315103578,0.8445354192281921,0.7612056073925271,0.8833853734688148,21.55833333333333,2.4410853261294334,21.62083333333333,19.05,24.316666666666666,36.160000000000004,2.7706412214102665,36.90833333333333,31.68166666666667,38.45166666666667
8g,compound,100,scale_only,V1,low,5,55.0,9.246621004453464,55.0,44.0,68.0,3.4967139597989485,1.0482237433109447,3.09260541210859,2.452578152322711,5.116807596332412,2.5531845778289415,0.9327754542097134,2.3414811053378464,1.6515642551350693,4.090459642773561,0.14819241586776205,0.07337895197008994,0.1536579441044609,0.07286116805487758,0.23217064517414723,10.574166666666667,0.38426517175281744,10.5625,10.05,11.058333333333334,17.795,1.6629562865905732,16.803333333333338,16.351666666666667,19.673333333333332
8g,compound,100,scale_only,V1,mid,5,33.4,7.368853370776216,33.0,22.0,42.0,2.5420391135230176,1.3684947440077164,1.7549085364167056,1.6304899851274468,4.84741587749938,2.005801031715717,1.2255134896336823,1.4274878481073343,1.0851358584935806,4.095263581782762,0.043968851795881086,0.02824766709132647,0.03146823970516765,0.018617130862872817,0.08274250349720039,10.574166666666667,0.38426517175281744,10.5625,10.05,11.058333333333334,17.795,1.6629562865905732,16.803333333333338,16.351666666666667,19.673333333333332
8g,compound,100,scale_only,V1,high_tail,5,26.8,7.08519583356734,25.0,21.0,39.0,12.471173877424391,3.565299805101764,13.606449880112304,7.8088728516697765,16.590102950649918,8.825196637138081,2.877651339063674,9.156217590676565,5.307270128023702,12.61435471903316,0.8078387323363568,0.07125407842966106,0.7743631403421678,0.736361115120685,0.904712945424464,10.574166666666667,0.38426517175281744,10.5625,10.05,11.058333333333334,17.795,1.6629562865905732,16.803333333333338,16.351666666666667,19.673333333333332
8g,compound,100,scale_only,V2,low,5,57.0,10.793516572461451,62.0,40.0,67.0,3.158209424187748,0.42941088762285884,2.8735061758322193,2.8107667567138077,3.6756889288976895,2.2600974528381643,0.4200820713017758,2.1820975827803744,1.8453149887714684,2.956759504693997,0.06750463823876443,0.018177388038107846,0.06528577017890634,0.04368498347748874,0.09423252496339767,21.55833333333333,2.4410853261294334,21.62083333333333,19.05,24.316666666666666,36.160000000000004,2.7706412214102665,36.90833333333333,31.68166666666667,38.45166666666667
8g,compound,100,scale_only,V2,mid,5,34.0,10.488088481701515,34.0,22.0,50.0,5.359984123825376,1.162338097029696,5.007980485647646,4.18224779114157,7.059905702387698,3.9151985326584424,0.9175827531653233,3.4784531424545326,3.2384094194078163,5.494466022182876,0.11035450562234113,0.02685886933677788,0.09727073782411715,0.08568406972875861,0.14444009200447744,21.55833333333333,2.4410853261294334,21.62083333333333,19.05,24.316666666666666,36.160000000000004,2.7706412214102665,36.90833333333333,31.68166666666667,38.45166666666667
8g,compound,100,scale_only,V2,high_tail,5,24.2,4.868264577855234,26.0,19.0,29.0,17.54376235722989,4.439641436194854,18.46459141010197,11.068088321531777,22.99166492483472,11.043236783859822,2.903648605386181,11.439953425622647,6.927295175711326,13.895819107265696,0.8221408561388944,0.03149567268932102,0.8374434919969765,0.7719312188120881,0.8513244794165017,21.55833333333333,2.4410853261294334,21.62083333333333,19.05,24.316666666666666,36.160000000000004,2.7706412214102665,36.90833333333333,31.68166666666667,38.45166666666667
8g,compound,100,affine,V1,low,5,55.0,9.246621004453464,55.0,44.0,68.0,3.0284586305121923,0.6997413125841008,3.0067664636325167,2.0086815377492293,3.7187910644762696,2.057555995998761,0.3556891027228811,2.2416106539165015,1.5669385309702195,2.367312252526277,0.11060575841021096,0.07912264334867763,0.09554810963431196,0.026017664422714144,0.19732830573463678,10.574166666666667,0.38426517175281744,10.5625,10.05,11.058333333333334,17.795,1.6629562865905732,16.803333333333338,16.351666666666667,19.673333333333332
8g,compound,100,affine,V1,mid,5,33.4,7.368853370776216,33.0,22.0,42.0,2.42205848349646,1.0344204851315995,1.7815782241967673,1.5058582283095763,3.736900556863931,1.856952394714975,0.7611944265836266,1.395643287692368,1.240246325819973,2.773997414455709,0.03292318734396935,0.020156803399206724,0.024176237549919377,0.02103692254357591,0.06868983950404502,10.574166666666667,0.38426517175281744,10.5625,10.05,11.058333333333334,17.795,1.6629562865905732,16.803333333333338,16.351666666666667,19.673333333333332
8g,compound,100,affine,V1,high_tail,5,26.8,7.08519583356734,25.0,21.0,39.0,14.678780446092892,6.442118820506994,15.324537743984076,8.111184249555857,24.223321374059992,10.433702562307763,5.095808567201069,9.292049938283927,5.624690046309551,18.299345810938004,0.8564710542458196,0.06799626050623371,0.883414967822112,0.7799258385131203,0.9258717950408925,10.574166666666667,0.38426517175281744,10.5625,10.05,11.058333333333334,17.795,1.6629562865905732,16.803333333333338,16.351666666666667,19.673333333333332
8g,compound,100,affine,V2,low,5,57.0,10.793516572461451,62.0,40.0,67.0,3.2264040124742857,0.710255014289778,2.744102456370197,2.7071205381791184,4.207912286052167,2.353084703641886,0.6684394223833172,2.0898422665905043,1.9334257720018306,3.5415437500043807,0.06669959417080587,0.029674600154747835,0.06746548988994613,0.03160049284043392,0.10205754704367533,21.55833333333333,2.4410853261294334,21.62083333333333,19.05,24.316666666666666,36.160000000000004,2.7706412214102665,36.90833333333333,31.68166666666667,38.45166666666667
8g,compound,100,affine,V2,mid,5,34.0,10.488088481701515,34.0,22.0,50.0,5.232644677039973,1.249944427567298,5.126132781917608,3.908395929075875,6.755221727066866,3.8350758864470977,0.9080084001949411,3.5081378613714045,3.0324729466463753,5.254453743760754,0.10007813677044439,0.0414096424857352,0.09838841510796525,0.0511233947846781,0.14860210126797918,21.55833333333333,2.4410853261294334,21.62083333333333,19.05,24.316666666666666,36.160000000000004,2.7706412214102665,36.90833333333333,31.68166666666667,38.45166666666667
8g,compound,100,affine,V2,high_tail,5,24.2,4.868264577855234,26.0,19.0,29.0,18.650637155791316,5.236132456949614,21.290090275259566,11.02530593611734,23.552826394323763,11.715505958116342,3.3897115966127385,12.917357130607364,6.952101894029566,15.202954320726086,0.8332222690587496,0.04568659562845901,0.8341460950020886,0.7774557158692456,0.899686332086123,21.55833333333333,2.4410853261294334,21.62083333333333,19.05,24.316666666666666,36.160000000000004,2.7706412214102665,36.90833333333333,31.68166666666667,38.45166666666667
8g,compound,100,target_head_only,V1,low,5,55.0,9.246621004453464,55.0,44.0,68.0,2.945521815832414,0.1310631079679286,2.9194694346405257,2.7900000595211463,3.105598079325943,1.9431865351100341,0.2092760097780909,1.864694223129252,1.699097295757576,2.165216163725491,0.12662754974070814,0.04974988082999034,0.1024311288951022,0.09937596510666716,0.21495940715507492,10.574166666666667,0.38426517175281744,10.5625,10.05,11.058333333333334,17.795,1.6629562865905732,16.803333333333338,16.351666666666667,19.673333333333332
8g,compound,100,target_head_only,V1,mid,5,33.4,7.368853370776216,33.0,22.0,42.0,2.1195363500315056,0.3178413706319039,2.3030051873368875,1.6413591843914785,2.3818817488204225,1.6052805274755275,0.19370485562740605,1.6568683484848479,1.317077227272727,1.8431253636363638,0.038321623844913937,0.01172743975768325,0.04232930437815136,0.025454515339157442,0.053768498205395934,10.574166666666667,0.38426517175281744,10.5625,10.05,11.058333333333334,17.795,1.6629562865905732,16.803333333333338,16.351666666666667,19.673333333333332
8g,compound,100,target_head_only,V1,high_tail,5,26.8,7.08519583356734,25.0,21.0,39.0,11.348986857701515,2.3298905754877786,11.785362723094563,8.774313791488375,14.50356218470434,7.277410577797314,1.5224179412942123,8.136016243589744,5.51711832,8.650491547619048,0.8350508264143779,0.05268291316700282,0.8561694051191339,0.742657277995618,0.872951548440775,10.574166666666667,0.38426517175281744,10.5625,10.05,11.058333333333334,17.795,1.6629562865905732,16.803333333333338,16.351666666666667,19.673333333333332
8g,compound,100,target_head_only,V2,low,5,57.0,10.793516572461451,62.0,40.0,67.0,2.907247294025674,0.3613652301125804,2.718008554891651,2.5669250651804885,3.3549048509982273,2.0638780173115197,0.27019972548358817,2.035206266169154,1.7075447041666667,2.464673048387097,0.04831918530713884,0.024551974915536536,0.03657153113219996,0.02578095701599346,0.08671390044019367,21.55833333333333,2.4410853261294334,21.62083333333333,19.05,24.316666666666666,36.160000000000004,2.7706412214102665,36.90833333333333,31.68166666666667,38.45166666666667
8g,compound,100,target_head_only,V2,mid,5,34.0,10.488088481701515,34.0,22.0,50.0,5.026105251525135,1.008743976751168,5.293701400075312,3.7519601535332296,5.967312182421223,3.7495859354144243,0.7577995887414378,3.8664591785714286,2.8067856372549023,4.793866106060605,0.08318644102861626,0.04288920149647164,0.0611009011894295,0.04272519801138851,0.1446272933280979,21.55833333333333,2.4410853261294334,21.62083333333333,19.05,24.316666666666666,36.160000000000004,2.7706412214102665,36.90833333333333,31.68166666666667,38.45166666666667
8g,compound,100,target_head_only,V2,high_tail,5,24.2,4.868264577855234,26.0,19.0,29.0,20.43881768733592,5.309474548034384,22.81352759076078,11.130478922142455,24.080337665227535,12.391374021870325,3.1225284560340962,13.043912894736843,7.15002580952381,15.297303781609195,0.8684943736642451,0.05558916169446165,0.8851033770054076,0.8025516817594197,0.9314938449726182,21.55833333333333,2.4410853261294334,21.62083333333333,19.05,24.316666666666666,36.160000000000004,2.7706412214102665,36.90833333333333,31.68166666666667,38.45166666666667
8g,compound,100,local_identity_shrinkage,V1,low,5,55.0,9.246621004453464,55.0,44.0,68.0,3.023890864674239,0.6393265763677449,2.8266151265963955,2.3221608131865064,3.8272977904306993,2.0652413252366517,0.4356875379983745,1.8200244287752065,1.6750845297022285,2.7188225799596726,0.1308912045065453,0.06042287845283646,0.1652181616947086,0.053472211893324996,0.19064344484228796,10.574166666666667,0.38426517175281744,10.5625,10.05,11.058333333333334,17.795,1.6629562865905732,16.803333333333338,16.351666666666667,19.673333333333332
8g,compound,100,local_identity_shrinkage,V1,mid,5,33.4,7.368853370776216,33.0,22.0,42.0,2.095484101189794,0.7658107125810947,1.6944022465487698,1.452153604243871,3.203107564372899,1.5956780258478709,0.5904782628794364,1.272934914966617,1.1127303654393423,2.5146538244593013,0.03827546333904716,0.025799736941127447,0.021508918714043798,0.015978430791656794,0.06943326260280125,10.574166666666667,0.38426517175281744,10.5625,10.05,11.058333333333334,17.795,1.6629562865905732,16.803333333333338,16.351666666666667,19.673333333333332
8g,compound,100,local_identity_shrinkage,V1,high_tail,5,26.8,7.08519583356734,25.0,21.0,39.0,11.623760054267695,2.5196550197025753,11.980851129013455,8.084423440221407,14.639832761396178,8.029220643361558,1.8050200053362186,9.145802595759331,5.300411638267486,9.397143462355274,0.8308333321544075,0.058609643931788726,0.8183179990074869,0.7653485757024899,0.8993550602376715,10.574166666666667,0.38426517175281744,10.5625,10.05,11.058333333333334,17.795,1.6629562865905732,16.803333333333338,16.351666666666667,19.673333333333332
8g,compound,100,local_identity_shrinkage,V2,low,5,57.0,10.793516572461451,62.0,40.0,67.0,3.3108922135972305,0.36768605528127996,3.291442486084153,3.0036826436297,3.913296443017713,2.314975198472586,0.2771668464426131,2.336972405765352,1.8935481203730664,2.6721822926060286,0.08237940160809523,0.03567804787297464,0.08374577407853563,0.043873200391583184,0.12844762710598834,21.55833333333333,2.4410853261294334,21.62083333333333,19.05,24.316666666666666,36.160000000000004,2.7706412214102665,36.90833333333333,31.68166666666667,38.45166666666667
8g,compound,100,local_identity_shrinkage,V2,mid,5,34.0,10.488088481701515,34.0,22.0,50.0,5.595198750450706,1.0148235350765211,5.276569023106594,4.589747464707681,7.016107167528658,4.199885018393118,0.7376948122143322,3.904466738162296,3.6173884952505477,5.4650629407902525,0.12892796723745892,0.0360911124082198,0.13979857279748004,0.08098052863273643,0.1749548192917249,21.55833333333333,2.4410853261294334,21.62083333333333,19.05,24.316666666666666,36.160000000000004,2.7706412214102665,36.90833333333333,31.68166666666667,38.45166666666667
8g,compound,100,local_identity_shrinkage,V2,high_tail,5,24.2,4.868264577855234,26.0,19.0,29.0,16.94493294336548,5.340958370586652,15.087721107683778,10.833937525344512,24.492250481395576,11.27964142848783,3.4078013705428405,10.308953415076124,7.61140020336335,15.321628220249567,0.788692631154446,0.06265348666838015,0.8096145232997265,0.7202510046585989,0.8679832409525705,21.55833333333333,2.4410853261294334,21.62083333333333,19.05,24.316666666666666,36.160000000000004,2.7706412214102665,36.90833333333333,31.68166666666667,38.45166666666667
8g,compound,100,conditional_EA,V1,low,5,55.0,9.246621004453464,55.0,44.0,68.0,2.5539765881947623,0.4995231949886799,2.47007239889603,1.8189877045404812,3.077587026937339,1.655375568374525,0.2927352759526749,1.607768122381274,1.2345146673841714,2.0141470274239537,0.092610055207299,0.044620665925990746,0.08732639763906,0.03020372122931831,0.13708217866359695,10.574166666666667,0.38426517175281744,10.5625,10.05,11.058333333333334,17.795,1.6629562865905732,16.803333333333338,16.351666666666667,19.673333333333332
8g,compound,100,conditional_EA,V1,mid,5,33.4,7.368853370776216,33.0,22.0,42.0,2.2340133363356385,0.7550686104029593,1.756213253187656,1.5938019466082491,3.1906423401974373,1.6743704050164077,0.5907242239700129,1.298025905501313,1.2248801051268865,2.455558605051778,0.040405304235972245,0.023483086307243224,0.026773771400497498,0.020977781789686838,0.07390322797312822,10.574166666666667,0.38426517175281744,10.5625,10.05,11.058333333333334,17.795,1.6629562865905732,16.803333333333338,16.351666666666667,19.673333333333332
8g,compound,100,conditional_EA,V1,high_tail,5,26.8,7.08519583356734,25.0,21.0,39.0,12.081368934850627,2.72708572015791,13.702191757609734,8.19303472721064,14.27201631029948,8.336217284500444,2.083876341115068,8.890466116104584,5.540300174388533,10.355609070555117,0.8669846405567287,0.029971836610816066,0.856357529986494,0.8361440499359055,0.9016773320947938,10.574166666666667,0.38426517175281744,10.5625,10.05,11.058333333333334,17.795,1.6629562865905732,16.803333333333338,16.351666666666667,19.673333333333332
8g,compound,100,conditional_EA,V2,low,5,57.0,10.793516572461451,62.0,40.0,67.0,3.3891961327374815,0.38114411334492765,3.306010697287187,2.977306398069776,3.9426735176059853,2.4042115700067734,0.27243758891891534,2.482273003393248,2.0166916583128653,2.6863724353703433,0.08548986765256197,0.03892262101704642,0.07984791789938538,0.045922896457093854,0.13465787559634776,21.55833333333333,2.4410853261294334,21.62083333333333,19.05,24.316666666666666,36.160000000000004,2.7706412214102665,36.90833333333333,31.68166666666667,38.45166666666667
8g,compound,100,conditional_EA,V2,mid,5,34.0,10.488088481701515,34.0,22.0,50.0,5.538340336466497,1.1455732375163938,5.507989296734678,4.121922558242701,7.034842027621777,4.136517413688328,0.8151846811642433,4.032494396641841,3.2417013347755024,5.46920100443285,0.12315873744929211,0.035723304583271324,0.11420521575093477,0.08158118551713452,0.17341431421362147,21.55833333333333,2.4410853261294334,21.62083333333333,19.05,24.316666666666666,36.160000000000004,2.7706412214102665,36.90833333333333,31.68166666666667,38.45166666666667
8g,compound,100,conditional_EA,V2,high_tail,5,24.2,4.868264577855234,26.0,19.0,29.0,17.060576497121723,5.092287949495138,15.3788084520829,10.724391795356288,24.042636355418974,11.25865136040809,3.208121015593177,10.458606921667332,7.432521969857938,14.788170295365475,0.7913513948981461,0.05833770171541902,0.80594686634968,0.7111600462587611,0.8668238057005003,21.55833333333333,2.4410853261294334,21.62083333333333,19.05,24.316666666666666,36.160000000000004,2.7706412214102665,36.90833333333333,31.68166666666667,38.45166666666667
8g,compound,100,standard_shallow_finetune,V1,low,5,55.0,9.246621004453464,55.0,44.0,68.0,2.6095817733738698,0.5292136658629742,2.7462062385426926,1.9404307441280233,3.2443254910177997,1.7975686184681667,0.23409181773630078,1.9097306047619045,1.425951149019608,1.9786124468926551,0.07631603291680285,0.03978694586532244,0.07800819910482897,0.03289695150698958,0.11638467129729936,10.574166666666667,0.38426517175281744,10.5625,10.05,11.058333333333334,17.795,1.6629562865905732,16.803333333333338,16.351666666666667,19.673333333333332
8g,compound,100,standard_shallow_finetune,V1,mid,5,33.4,7.368853370776216,33.0,22.0,42.0,2.717908135177546,0.6556673976711183,2.637162098719475,2.0965841398430256,3.7316705474643683,2.096755426225576,0.6240368914208817,2.089465504504504,1.4156882373737374,3.0895168690476194,0.050256630292459525,0.02721937386051649,0.044545145909158874,0.014912121058862993,0.08969648413375254,10.574166666666667,0.38426517175281744,10.5625,10.05,11.058333333333334,17.795,1.6629562865905732,16.803333333333338,16.351666666666667,19.673333333333332
8g,compound,100,standard_shallow_finetune,V1,high_tail,5,26.8,7.08519583356734,25.0,21.0,39.0,13.62763481389868,2.8541265588989404,14.47528424260642,8.823211042698238,15.771636229794344,9.080071009314434,2.4013142117558464,9.607661243589744,5.635349188034189,11.911135413043477,0.8734273367907376,0.04666058111672715,0.8774065643592576,0.824647659406338,0.9456060416672865,10.574166666666667,0.38426517175281744,10.5625,10.05,11.058333333333334,17.795,1.6629562865905732,16.803333333333338,16.351666666666667,19.673333333333332
8g,compound,100,standard_shallow_finetune,V2,low,5,57.0,10.793516572461451,62.0,40.0,67.0,3.594776549218318,0.9080535572136279,3.685437109547315,2.490122865898118,4.668021424701573,2.672500764786461,0.6122607312073088,2.8001991583333328,1.9246391320754714,3.391863567204302,0.06783568734952775,0.04500641777773287,0.041269144182285195,0.03339247936000395,0.13631547227094518,21.55833333333333,2.4410853261294334,21.62083333333333,19.05,24.316666666666666,36.160000000000004,2.7706412214102665,36.90833333333333,31.68166666666667,38.45166666666667
8g,compound,100,standard_shallow_finetune,V2,mid,5,34.0,10.488088481701515,34.0,22.0,50.0,5.302415716734787,1.2381324691441733,5.121106721619913,3.6853504920248943,6.999728504189378,4.002418979146819,1.034378769815362,3.916886696969698,2.528914754901961,5.423627593333334,0.08249758684581972,0.043406069732210964,0.07736610793134456,0.03556166661685407,0.1505715985655122,21.55833333333333,2.4410853261294334,21.62083333333333,19.05,24.316666666666666,36.160000000000004,2.7706412214102665,36.90833333333333,31.68166666666667,38.45166666666667
8g,compound,100,standard_shallow_finetune,V2,high_tail,5,24.2,4.868264577855234,26.0,19.0,29.0,20.953263810925733,4.1541835996036305,21.37990454070345,16.005423515805933,26.434585507320453,12.592455959728898,3.2470726323909207,11.987327482758621,10.103255115384616,18.1362899122807,0.8496667258046525,0.06342146915291282,0.8312127793725775,0.7726848241215756,0.9276581051448193,21.55833333333333,2.4410853261294334,21.62083333333333,19.05,24.316666666666666,36.160000000000004,2.7706412214102665,36.90833333333333,31.68166666666667,38.45166666666667
8g,compound,100,paper_style_current_v2,V1,low,5,55.0,9.246621004453464,55.0,44.0,68.0,2.6084035257983396,0.5312978782771146,2.747592206238716,1.9414428097210765,3.2461834280482313,1.7946661902873828,0.2334044443008465,1.9093776925170065,1.4239875857843138,1.978534121468927,0.07632221738049164,0.039816372663688954,0.07816537403929982,0.03268624132470433,0.11645405331599883,10.574166666666667,0.38426517175281744,10.5625,10.05,11.058333333333334,17.795,1.6629562865905732,16.803333333333338,16.351666666666667,19.673333333333332
8g,compound,100,paper_style_current_v2,V1,mid,5,33.4,7.368853370776216,33.0,22.0,42.0,2.712094263081008,0.6537465246481053,2.630382932333853,2.085684098871399,3.718805949307158,2.0904945778027377,0.6203563194134111,2.0904035180180185,1.4153277525252523,3.0759189619047618,0.05011381887984877,0.027129041272269144,0.04450817194401549,0.014782422960134387,0.08928227800303067,10.574166666666667,0.38426517175281744,10.5625,10.05,11.058333333333334,17.795,1.6629562865905732,16.803333333333338,16.351666666666667,19.673333333333332
8g,compound,100,paper_style_current_v2,V1,high_tail,5,26.8,7.08519583356734,25.0,21.0,39.0,13.62234916328904,2.8487598097116074,14.478251611303174,8.825770329576232,15.759290332725021,9.072084298191644,2.393397768995767,9.599604897435897,5.637062803418805,11.895965173913044,0.8735639637396595,0.046690930677689584,0.8780314806722649,0.8245329569023403,0.9456277139801605,10.574166666666667,0.38426517175281744,10.5625,10.05,11.058333333333334,17.795,1.6629562865905732,16.803333333333338,16.351666666666667,19.673333333333332
8g,compound,100,paper_style_current_v2,V2,low,5,57.0,10.793516572461451,62.0,40.0,67.0,3.5917936439365747,0.9095110634440509,3.6732559782943346,2.489110829240242,4.667396532448427,2.668308851532374,0.6141980498529022,2.7810675583333335,1.9238322075471699,3.3966917284946243,0.06778272537756731,0.0449986821403585,0.04133080202979377,0.03322339345387124,0.13615879054215171,21.55833333333333,2.4410853261294334,21.62083333333333,19.05,24.316666666666666,36.160000000000004,2.7706412214102665,36.90833333333333,31.68166666666667,38.45166666666667
8g,compound,100,paper_style_current_v2,V2,mid,5,34.0,10.488088481701515,34.0,22.0,50.0,5.29643332757685,1.2374975390928662,5.123409342646491,3.675822195723461,6.986586272004345,3.997225278674363,1.0319731295331664,3.909864696969696,2.5216261666666666,5.407879913333334,0.082359521767194,0.04332190661460744,0.07737698729009361,0.03545826541421804,0.15023864797540526,21.55833333333333,2.4410853261294334,21.62083333333333,19.05,24.316666666666666,36.160000000000004,2.7706412214102665,36.90833333333333,31.68166666666667,38.45166666666667
8g,compound,100,paper_style_current_v2,V2,high_tail,5,24.2,4.868264577855234,26.0,19.0,29.0,20.94964100183381,4.154118935580043,21.373457574974534,15.987908907323977,26.422297849309178,12.58281460547589,3.2439036046654377,11.976765620689655,10.10487980769231,18.1191269122807,0.8498577528552389,0.06336716040442743,0.83110857724763,0.772940073021103,0.927855529186039,21.55833333333333,2.4410853261294334,21.62083333333333,19.05,24.316666666666666,36.160000000000004,2.7706412214102665,36.90833333333333,31.68166666666667,38.45166666666667
25g,row,30,zero_shot,V1,low,5,41.0,9.38083151964686,43.0,27.0,53.0,14.350248057106992,0.6351539141606907,14.369418415837135,13.414335990926547,15.172265361061507,14.091380791519821,0.7109845883313436,14.271143546511627,13.096667744444446,15.009096254716981,0.042555450053218466,0.02033377329623871,0.03493313915429127,0.028129703090805123,0.07717283203222122,22.595,1.8881590322983912,22.44375,20.225,25.4,42.14150000000001,3.7717103215915206,42.2675,36.95,47.36000000000001
25g,row,30,zero_shot,V1,mid,5,32.2,10.779610382569492,30.0,21.0,50.0,24.504533940925352,0.5664127946442203,24.56731406012495,23.836294803884897,25.336600711798397,23.967520264554757,0.6878558178226112,24.094368282142856,22.845496301999997,24.72300750625,0.09419035110645665,0.040146230284717116,0.0774819560653551,0.06781459932713524,0.16447902563257,22.595,1.8881590322983912,22.44375,20.225,25.4,42.14150000000001,3.7717103215915206,42.2675,36.95,47.36000000000001
25g,row,30,zero_shot,V1,high_tail,5,24.8,2.4899799195977463,25.0,21.0,27.0,85.76215364622995,8.906138482452311,83.93063345127239,74.62211832938554,97.7667574776935,75.7844875582,9.355812251966034,72.750515816,64.31804627499999,87.96266690740741,0.8632541988403248,0.03849330019661236,0.8667293874784847,0.807391271276625,0.8995528620255179,22.595,1.8881590322983912,22.44375,20.225,25.4,42.14150000000001,3.7717103215915206,42.2675,36.95,47.36000000000001
25g,row,30,zero_shot,V2,low,5,42.4,9.864076236526156,46.0,29.0,54.0,21.782917427867794,1.712221657626432,21.994815487422134,19.98638256066284,24.30507702203641,21.343114042679034,1.6585201038442836,21.528831380434784,19.48860630689655,23.796846905555554,0.04629402072878889,0.024915597480031797,0.04151045573939674,0.017428219967486263,0.0821464545789594,41.313750000000006,4.288978881243181,41.00625,37.400000000000006,47.775000000000006,71.3425,9.839682889961447,77.44500000000001,59.335,79.31750000000001
25g,row,30,zero_shot,V2,mid,5,31.2,10.871982339941507,27.0,19.0,45.0,38.61884758105015,4.669623164046581,35.7378778693536,35.27705858040042,45.85521432126775,37.8848227546384,4.3899647089606635,35.491432184210524,34.5105690875,44.833516759259254,0.10132474423624815,0.04993935187348767,0.07965741942701283,0.04433922058868917,0.16107916805756098,41.313750000000006,4.288978881243181,41.00625,37.400000000000006,47.775000000000006,71.3425,9.839682889961447,77.44500000000001,59.335,79.31750000000001
25g,row,30,zero_shot,V2,high_tail,5,24.4,7.197221686178632,26.0,17.0,33.0,132.51933418050993,14.463842106927443,132.76593832410538,113.80155009418104,148.69957782113875,115.7336538196757,14.16298353633887,115.07567676470589,95.32926621153844,130.2183371764706,0.852381235034963,0.06228297628771649,0.8621268977416354,0.771655259661461,0.9141503236719144,41.313750000000006,4.288978881243181,41.00625,37.400000000000006,47.775000000000006,71.3425,9.839682889961447,77.44500000000001,59.335,79.31750000000001
25g,row,30,scale_only,V1,low,5,41.0,9.38083151964686,43.0,27.0,53.0,12.935424288992191,6.404338951024592,9.993048431327981,6.2265927847099025,21.06273605121447,8.841509449693422,3.1552862764689027,8.433883878734978,4.981961790402405,13.20555856430221,0.1880444771875423,0.125659618164148,0.13937817870943933,0.06828007864073744,0.3409673064310377,22.595,1.8881590322983912,22.44375,20.225,25.4,42.14150000000001,3.7717103215915206,42.2675,36.95,47.36000000000001
25g,row,30,scale_only,V1,mid,5,32.2,10.779610382569492,30.0,21.0,50.0,6.897827336917037,1.7520153037380706,6.45752382625958,4.874606318984219,9.636820874602204,5.481822959420394,1.2691080307009308,5.343708361688713,4.0141899621159185,7.502091428763924,0.04476202617954208,0.024904411829225728,0.038467992349664706,0.02153790072031557,0.08079724448618997,22.595,1.8881590322983912,22.44375,20.225,25.4,42.14150000000001,3.7717103215915206,42.2675,36.95,47.36000000000001
25g,row,30,scale_only,V1,high_tail,5,24.8,2.4899799195977463,25.0,21.0,27.0,33.091564285889795,2.6448214404203996,33.59338443246048,29.30764517186182,36.22893626786148,21.87747582361037,2.7443436032887476,21.250170767835908,18.301115461695368,24.761935832584488,0.7671934966329156,0.12428978069813652,0.8221538289408958,0.6004679680222534,0.8897706443163449,22.595,1.8881590322983912,22.44375,20.225,25.4,42.14150000000001,3.7717103215915206,42.2675,36.95,47.36000000000001
25g,row,30,scale_only,V2,low,5,42.4,9.864076236526156,46.0,29.0,54.0,14.46688347398146,6.519855416776179,13.248883378324937,7.530207556911418,24.73103597603303,9.567036995260228,3.4331905247832317,8.707311242078898,5.522799323187476,14.808745254949864,0.11346462643100401,0.05777191621125097,0.09762805547283399,0.041301422934471956,0.19326953478754397,41.313750000000006,4.288978881243181,41.00625,37.400000000000006,47.775000000000006,71.3425,9.839682889961447,77.44500000000001,59.335,79.31750000000001
25g,row,30,scale_only,V2,mid,5,31.2,10.871982339941507,27.0,19.0,45.0,13.8354757488713,4.151761813254549,14.154962046534008,8.10405236090489,19.05211255228118,10.943622196517818,2.957748823540078,11.491065544123067,6.781490709930819,14.409323558445383,0.09028168451249305,0.05880365391480469,0.10597836909436469,0.025444724211704118,0.15820749467988915,41.313750000000006,4.288978881243181,41.00625,37.400000000000006,47.775000000000006,71.3425,9.839682889961447,77.44500000000001,59.335,79.31750000000001
25g,row,30,scale_only,V2,high_tail,5,24.4,7.197221686178632,26.0,17.0,33.0,50.072138826978914,5.607935589672379,48.12675617474901,44.85680448451295,56.70729622082341,31.95927089038512,0.5790570861737462,32.337487374232786,31.080352693702032,32.36763610571814,0.7962536890565028,0.10185753050785645,0.7963935754328014,0.6485229705325668,0.9332538528538239,41.313750000000006,4.288978881243181,41.00625,37.400000000000006,47.775000000000006,71.3425,9.839682889961447,77.44500000000001,59.335,79.31750000000001
25g,row,30,affine,V1,low,5,41.0,9.38083151964686,43.0,27.0,53.0,13.093752266170322,8.573827187883529,8.190963059307046,5.114040527168777,24.751640680884684,6.9332020589944365,2.69829602807798,6.262510927823043,3.708629983368409,9.923338770019162,0.16292639623855754,0.12718369858812034,0.09873141867890936,0.056558075813436325,0.3412226709705835,22.595,1.8881590322983912,22.44375,20.225,25.4,42.14150000000001,3.7717103215915206,42.2675,36.95,47.36000000000001
25g,row,30,affine,V1,mid,5,32.2,10.779610382569492,30.0,21.0,50.0,7.316165251548645,2.2428761119607095,7.121043776853586,5.308761700152735,10.89580961188026,5.4030027874095525,1.1352657568855773,5.381692497381347,4.333136311726573,7.231187264958573,0.04620373022229367,0.03148273221281369,0.030717633335718246,0.02893508112461855,0.10191989916456597,22.595,1.8881590322983912,22.44375,20.225,25.4,42.14150000000001,3.7717103215915206,42.2675,36.95,47.36000000000001
25g,row,30,affine,V1,high_tail,5,24.8,2.4899799195977463,25.0,21.0,27.0,35.53228861517774,8.305329864083532,33.609467723832644,28.193508843012914,49.795174096371404,24.038998627630463,8.456554272945594,19.8290334470962,18.8662514433584,38.77158590397209,0.7908698735391487,0.11718853567522226,0.8415220250219977,0.629472765700894,0.9036250737634569,22.595,1.8881590322983912,22.44375,20.225,25.4,42.14150000000001,3.7717103215915206,42.2675,36.95,47.36000000000001
25g,row,30,affine,V2,low,5,42.4,9.864076236526156,46.0,29.0,54.0,14.016218343574625,8.235959328015527,10.361714193872253,6.970680003049156,26.899930549847788,7.592332295470298,2.3818275435551324,7.401441212830044,4.89838217556664,11.287011079780738,0.11556046440445164,0.07992691514711556,0.065483334120746,0.04516192719546262,0.2031279994696297,41.313750000000006,4.288978881243181,41.00625,37.400000000000006,47.775000000000006,71.3425,9.839682889961447,77.44500000000001,59.335,79.31750000000001
25g,row,30,affine,V2,mid,5,31.2,10.871982339941507,27.0,19.0,45.0,14.611903894309332,3.951703406456476,13.675300727904956,9.33532829266534,19.94233455808966,11.439720349694095,2.4572034340674924,11.284881726760936,7.918119595495946,14.173327222274235,0.10156912512518237,0.051052036785110735,0.1265976045339365,0.04308474379304931,0.15335821648697676,41.313750000000006,4.288978881243181,41.00625,37.400000000000006,47.775000000000006,71.3425,9.839682889961447,77.44500000000001,59.335,79.31750000000001
25g,row,30,affine,V2,high_tail,5,24.4,7.197221686178632,26.0,17.0,33.0,47.36567007735371,6.569081568476208,48.00778808325679,39.36795046509337,54.41326424829185,31.15571968004186,4.104301513860254,29.97557325996883,27.345639839250087,37.77885678128422,0.782870410470366,0.09771659702877353,0.8038667962922531,0.6443420188346086,0.911753329011488,41.313750000000006,4.288978881243181,41.00625,37.400000000000006,47.775000000000006,71.3425,9.839682889961447,77.44500000000001,59.335,79.31750000000001
25g,row,30,target_head_only,V1,low,5,41.0,9.38083151964686,43.0,27.0,53.0,6.409418763552911,2.167943915109143,5.855488887760849,4.2665370680333385,9.388293682549046,4.42478303610483,0.9135906682800039,4.155555611111112,3.4425058207547172,5.823414872093023,0.020488389754475807,0.0103961283504938,0.01675323953419372,0.012422091057225167,0.03769797538183234,22.595,1.8881590322983912,22.44375,20.225,25.4,42.14150000000001,3.7717103215915206,42.2675,36.95,47.36000000000001
25g,row,30,target_head_only,V1,mid,5,32.2,10.779610382569492,30.0,21.0,50.0,9.708457621425776,0.5720985684779705,9.556258803260814,9.18399515810994,10.530614351162308,8.593072656904763,0.263874672749186,8.596684683333335,8.337196910714285,8.991774749999998,0.040089766083196615,0.022518499716396228,0.031086503773470747,0.02349078668481729,0.07890590341237651,22.595,1.8881590322983912,22.44375,20.225,25.4,42.14150000000001,3.7717103215915206,42.2675,36.95,47.36000000000001
25g,row,30,target_head_only,V1,high_tail,5,24.8,2.4899799195977463,25.0,21.0,27.0,55.440598568099446,5.268888706346356,55.11858970396768,47.798411425209714,61.44105728468126,45.57312161180424,5.383571862032597,44.19572957142858,38.84520870833334,51.27050322222222,0.9394218441623275,0.018342608233524963,0.9478600913628296,0.9079199600041505,0.9521602566923354,22.595,1.8881590322983912,22.44375,20.225,25.4,42.14150000000001,3.7717103215915206,42.2675,36.95,47.36000000000001
25g,row,30,target_head_only,V2,low,5,42.4,9.864076236526156,46.0,29.0,54.0,10.426991527784022,1.161241233499962,10.372181268472035,8.947962454184937,11.630574542164723,9.209362380064992,1.0509441598176126,9.03048521276596,8.124039305555556,10.579829462962962,0.020041213325843455,0.010635842153072993,0.021235640660499953,0.009008989974211857,0.03625545522813969,41.313750000000006,4.288978881243181,41.00625,37.400000000000006,47.775000000000006,71.3425,9.839682889961447,77.44500000000001,59.335,79.31750000000001
25g,row,30,target_head_only,V2,mid,5,31.2,10.871982339941507,27.0,19.0,45.0,21.58038598558428,3.876478404157287,19.752178489609676,18.36690858907558,27.420360084551515,20.091700518859646,3.3881900217352205,18.955214200000004,16.808268675,25.209845555555557,0.06311916968621745,0.03732510657440456,0.04712764578499231,0.023668557947520555,0.10507525285190468,41.313750000000006,4.288978881243181,41.00625,37.400000000000006,47.775000000000006,71.3425,9.839682889961447,77.44500000000001,59.335,79.31750000000001
25g,row,30,target_head_only,V2,high_tail,5,24.4,7.197221686178632,26.0,17.0,33.0,99.11717821605001,10.723953219023167,101.13196928069839,86.11598161088604,111.45186030837553,82.11832386570448,9.602549702772652,81.67523823529413,68.54661003846154,92.17013288235295,0.916839616987939,0.04166152862643614,0.931636713554508,0.8629847356749579,0.954676536793339,41.313750000000006,4.288978881243181,41.00625,37.400000000000006,47.775000000000006,71.3425,9.839682889961447,77.44500000000001,59.335,79.31750000000001
25g,row,30,local_identity_shrinkage,V1,low,5,41.0,9.38083151964686,43.0,27.0,53.0,13.280072803033892,6.975057705258094,9.896871996539602,5.3949192638816825,21.612529438366927,7.894865944877798,2.3995140301505224,8.245057734908318,3.934993259453743,10.047814106170266,0.191064277989089,0.12592973163293467,0.13917065693106687,0.07341453698745572,0.3412226639971774,22.595,1.8881590322983912,22.44375,20.225,25.4,42.14150000000001,3.7717103215915206,42.2675,36.95,47.36000000000001
25g,row,30,local_identity_shrinkage,V1,mid,5,32.2,10.779610382569492,30.0,21.0,50.0,7.241134001228923,1.4380102112579665,7.121044154034534,5.418710587093282,9.173640581932625,5.548775318290234,0.7268746015715093,5.469163845697982,4.4673609111510775,6.33059837978511,0.05133277170559537,0.0338876883640153,0.041588014947965546,0.029304566133256472,0.11049904275886079,22.595,1.8881590322983912,22.44375,20.225,25.4,42.14150000000001,3.7717103215915206,42.2675,36.95,47.36000000000001
25g,row,30,local_identity_shrinkage,V1,high_tail,5,24.8,2.4899799195977463,25.0,21.0,27.0,32.750859278590426,3.4064974138166573,33.27458181636907,28.02724681934165,37.380453204071664,21.665482758013205,4.903370131821553,19.52212404103955,17.338176390985485,29.34555849666218,0.7576029503053155,0.11666514973077761,0.7986608647464675,0.6294727698695659,0.8972395583881384,22.595,1.8881590322983912,22.44375,20.225,25.4,42.14150000000001,3.7717103215915206,42.2675,36.95,47.36000000000001
25g,row,30,local_identity_shrinkage,V2,low,5,42.4,9.864076236526156,46.0,29.0,54.0,16.04002040498561,6.97315860941048,15.478090796908473,7.881966810489941,26.746836848381005,9.271551704426967,2.488727370810063,9.572325533319557,5.690303882776022,11.74901300475601,0.14721507646771848,0.05514744489491951,0.1295094421981898,0.07957818153690195,0.2050426189052183,41.313750000000006,4.288978881243181,41.00625,37.400000000000006,47.775000000000006,71.3425,9.839682889961447,77.44500000000001,59.335,79.31750000000001
25g,row,30,local_identity_shrinkage,V2,mid,5,31.2,10.871982339941507,27.0,19.0,45.0,17.600477382687103,5.373511246412624,20.487966076752787,10.367224026098508,22.844875207554924,13.808327983851802,3.9743405200714434,14.83272774675159,8.840304234201854,17.98490364573291,0.1535760992268314,0.0917229991880814,0.16594301223759697,0.050401155847078376,0.2687521000206062,41.313750000000006,4.288978881243181,41.00625,37.400000000000006,47.775000000000006,71.3425,9.839682889961447,77.44500000000001,59.335,79.31750000000001
25g,row,30,local_identity_shrinkage,V2,high_tail,5,24.4,7.197221686178632,26.0,17.0,33.0,44.611831484416584,7.3866693375843075,46.84687670349228,34.577262183828864,51.13675272413724,31.705660083729633,6.304576303666075,35.00861186846144,22.795459044263318,36.74649532811621,0.69920882430545,0.09753840200526977,0.6609368171517176,0.6124307672667803,0.8471913310843149,41.313750000000006,4.288978881243181,41.00625,37.400000000000006,47.775000000000006,71.3425,9.839682889961447,77.44500000000001,59.335,79.31750000000001
25g,row,30,conditional_EA,V1,low,5,41.0,9.38083151964686,43.0,27.0,53.0,12.506878949762713,7.937161423665047,9.770718689043004,4.786891634421674,21.02439954072804,6.613028771420301,1.9985011375767425,7.558716602219139,3.997064248080563,8.82796298401074,0.18435591760103837,0.15700820530243711,0.08953488495853645,0.05615129320848491,0.393588282751966,22.595,1.8881590322983912,22.44375,20.225,25.4,42.14150000000001,3.7717103215915206,42.2675,36.95,47.36000000000001
25g,row,30,conditional_EA,V1,mid,5,32.2,10.779610382569492,30.0,21.0,50.0,7.765470451114979,1.2886516535064416,7.810964616060507,6.068729348853023,9.636389795833262,6.100650397603397,0.6566441565367028,6.08329243140884,5.073492070246052,6.849500976953522,0.06055828372849268,0.02950026842032649,0.05383200212640358,0.03576763331254656,0.11115106097614114,22.595,1.8881590322983912,22.44375,20.225,25.4,42.14150000000001,3.7717103215915206,42.2675,36.95,47.36000000000001
25g,row,30,conditional_EA,V1,high_tail,5,24.8,2.4899799195977463,25.0,21.0,27.0,31.525059920183423,3.931912399509277,31.771620128221137,25.257957678922896,35.99864911663362,21.58399452020531,4.425004113463278,21.002666575492494,17.18243352062448,28.49775580586341,0.7550857986704689,0.14563946538373548,0.7993140540653223,0.5706440839354874,0.8865168050573962,22.595,1.8881590322983912,22.44375,20.225,25.4,42.14150000000001,3.7717103215915206,42.2675,36.95,47.36000000000001
25g,row,30,conditional_EA,V2,low,5,42.4,9.864076236526156,46.0,29.0,54.0,15.814014421130821,8.178511111585523,13.439107847005511,8.265562343981932,26.74815102696765,9.515204745437321,2.2800169352574633,10.67462196883916,6.887375865463294,11.500123003899684,0.16316908063754712,0.10259809599731179,0.14522382174050488,0.048753380412808696,0.3152310399308211,41.313750000000006,4.288978881243181,41.00625,37.400000000000006,47.775000000000006,71.3425,9.839682889961447,77.44500000000001,59.335,79.31750000000001
25g,row,30,conditional_EA,V2,mid,5,31.2,10.871982339941507,27.0,19.0,45.0,17.50128327562854,4.246493852932168,18.81302959655993,11.49142909055915,21.824487975470028,13.936865986251917,2.889613245412598,14.82899990369395,9.938619232840388,17.081379421582067,0.14667722885664827,0.043186705966532415,0.1658207702458476,0.09676642999741525,0.19149397519603434,41.313750000000006,4.288978881243181,41.00625,37.400000000000006,47.775000000000006,71.3425,9.839682889961447,77.44500000000001,59.335,79.31750000000001
25g,row,30,conditional_EA,V2,high_tail,5,24.4,7.197221686178632,26.0,17.0,33.0,43.07408523142906,9.349902638209207,46.83557371555675,31.089947207620575,51.1885820887122,29.00451088868512,7.322486875715055,32.42686454109891,20.446036313913673,36.628262415816195,0.6901536905058046,0.09101606020548939,0.6632822030634609,0.5880025300717635,0.7941968645602043,41.313750000000006,4.288978881243181,41.00625,37.400000000000006,47.775000000000006,71.3425,9.839682889961447,77.44500000000001,59.335,79.31750000000001
25g,row,30,standard_shallow_finetune,V1,low,5,41.0,9.38083151964686,43.0,27.0,53.0,9.346978751543944,3.313509329413483,8.398457508923071,5.7340563451021875,12.859362296184647,6.104955544614084,1.7603628360038654,5.660136259259259,4.0088201415094336,8.777044523255816,0.07649598252786075,0.025134323495992927,0.07437745915683662,0.050404404183915764,0.11783531319290283,22.595,1.8881590322983912,22.44375,20.225,25.4,42.14150000000001,3.7717103215915206,42.2675,36.95,47.36000000000001
25g,row,30,standard_shallow_finetune,V1,mid,5,32.2,10.779610382569492,30.0,21.0,50.0,9.269807433010724,2.0309594669045734,8.855607680571012,6.427925228926634,11.607275877429005,7.256699270083333,1.6628535911669322,6.93403909375,5.426955523809523,9.683164392857142,0.0747056762811731,0.06157766796750391,0.04411197854289156,0.03241817875444471,0.17829381609584502,22.595,1.8881590322983912,22.44375,20.225,25.4,42.14150000000001,3.7717103215915206,42.2675,36.95,47.36000000000001
25g,row,30,standard_shallow_finetune,V1,high_tail,5,24.8,2.4899799195977463,25.0,21.0,27.0,39.33109136585394,10.232151110389585,37.25200804013609,30.65364317450159,56.01961888380269,29.286431945105818,11.38558803776038,24.14703295238095,19.763757,48.348379111111115,0.848798341190966,0.052014516431676455,0.8413598064446535,0.7713017797202391,0.9024748537983861,22.595,1.8881590322983912,22.44375,20.225,25.4,42.14150000000001,3.7717103215915206,42.2675,36.95,47.36000000000001
25g,row,30,standard_shallow_finetune,V2,low,5,42.4,9.864076236526156,46.0,29.0,54.0,13.498064877193462,4.523271474839457,13.16876029573515,8.19894296615534,19.935612789613806,8.923580282599719,2.2770262651547504,9.127362740740741,5.471358148936172,11.095171760869565,0.08161785565337891,0.040824460475010954,0.06584056582458074,0.0360241826047754,0.1430468375728637,41.313750000000006,4.288978881243181,41.00625,37.400000000000006,47.775000000000006,71.3425,9.839682889961447,77.44500000000001,59.335,79.31750000000001
25g,row,30,standard_shallow_finetune,V2,mid,5,31.2,10.871982339941507,27.0,19.0,45.0,14.790723212858058,2.672859220153587,14.848672899129113,11.095601593568897,18.073706810344305,11.893854133091619,2.3835891868351546,11.463221911111109,8.58217416,14.980724925925927,0.08440929902726428,0.0593784608235251,0.06260736801409257,0.029818825219632375,0.15980068432071956,41.313750000000006,4.288978881243181,41.00625,37.400000000000006,47.775000000000006,71.3425,9.839682889961447,77.44500000000001,59.335,79.31750000000001
25g,row,30,standard_shallow_finetune,V2,high_tail,5,24.4,7.197221686178632,26.0,17.0,33.0,57.73170822650447,6.443776954143806,55.97620919092877,52.73694250844182,68.55366185729268,40.5285026048412,10.127157014761137,40.50778288461539,30.707663823529415,56.745689090909096,0.8339728453193567,0.08685710966939084,0.838991306959471,0.722226687669247,0.9288826745712369,41.313750000000006,4.288978881243181,41.00625,37.400000000000006,47.775000000000006,71.3425,9.839682889961447,77.44500000000001,59.335,79.31750000000001
25g,row,30,paper_style_current_v2,V1,low,5,41.0,9.38083151964686,43.0,27.0,53.0,9.318843879520678,3.3055966271308233,8.404623211929291,5.6898590433119764,12.845583741855004,6.069834032873167,1.7418422832250962,5.656134333333333,3.9804155188679244,8.714921290697674,0.07577421131188114,0.02431379979238954,0.0740467693501633,0.05045247416991894,0.11551985475756196,22.595,1.8881590322983912,22.44375,20.225,25.4,42.14150000000001,3.7717103215915206,42.2675,36.95,47.36000000000001
25g,row,30,paper_style_current_v2,V1,mid,5,32.2,10.779610382569492,30.0,21.0,50.0,9.231506659987478,2.029859452320933,8.862848381887002,6.400483461792569,11.614474278036381,7.221835953738095,1.6352638231423255,6.8678068125,5.413493523809524,9.581225285714284,0.0743599133809201,0.06192568861064137,0.04295112586473576,0.032059056403028606,0.17842320046553975,22.595,1.8881590322983912,22.44375,20.225,25.4,42.14150000000001,3.7717103215915206,42.2675,36.95,47.36000000000001
25g,row,30,paper_style_current_v2,V1,high_tail,5,24.8,2.4899799195977463,25.0,21.0,27.0,39.37610389187256,10.186901091945053,37.25730613620063,30.65397593822634,55.91248541438156,29.317785208058204,11.332520120940147,24.14412552380952,19.784484159999998,48.22571503703704,0.8498658753071988,0.05237625151309979,0.8415367313706046,0.7711243253645412,0.9039991570792046,22.595,1.8881590322983912,22.44375,20.225,25.4,42.14150000000001,3.7717103215915206,42.2675,36.95,47.36000000000001
25g,row,30,paper_style_current_v2,V2,low,5,42.4,9.864076236526156,46.0,29.0,54.0,13.459810987399777,4.504189529996265,13.179248870623505,8.15412069625173,19.863615058521827,8.880986636520689,2.2470512778652996,9.143905370370373,5.4433985319148945,10.970239739130438,0.08123432747527591,0.04095064908654334,0.06570141346624736,0.03557972925767923,0.14328389582086054,41.313750000000006,4.288978881243181,41.00625,37.400000000000006,47.775000000000006,71.3425,9.839682889961447,77.44500000000001,59.335,79.31750000000001
25g,row,30,paper_style_current_v2,V2,mid,5,31.2,10.871982339941507,27.0,19.0,45.0,14.747176455091637,2.6650592586919992,14.872423849936563,11.067503016781583,18.057494298355454,11.852874018407409,2.3741295767917916,11.485462688888889,8.561882879999999,14.971063148148152,0.08416458467133443,0.05970375304448795,0.06167431262511519,0.02947868017720051,0.16031149781720078,41.313750000000006,4.288978881243181,41.00625,37.400000000000006,47.775000000000006,71.3425,9.839682889961447,77.44500000000001,59.335,79.31750000000001
25g,row,30,paper_style_current_v2,V2,high_tail,5,24.4,7.197221686178632,26.0,17.0,33.0,57.76038410947581,6.383151532967237,56.037103262240095,52.73512137063804,68.39845802930535,40.535698079616736,10.052579927486242,40.54106165384615,30.72286788235295,56.55687154545455,0.8346010878533896,0.08726982594768538,0.8412176588266361,0.7222226832594367,0.9295552589248678,41.313750000000006,4.288978881243181,41.00625,37.400000000000006,47.775000000000006,71.3425,9.839682889961447,77.44500000000001,59.335,79.31750000000001
25g,row,50,zero_shot,V1,low,5,42.0,8.154753215150045,44.0,32.0,50.0,14.344029498775924,0.7014191938447745,14.460230762817499,13.203970686312626,14.931434618049442,14.088292417018646,0.8279444559163873,14.354420511363635,12.70765836875,14.786285076000002,0.04515930736669684,0.021758258144253372,0.04527991839507951,0.022387669894390203,0.0705116352837869,22.687500000000004,1.4220020547629324,22.69375,20.975,24.5375,42.35600000000001,3.7577343572956283,40.90500000000002,38.0875,46.532500000000006
25g,row,50,zero_shot,V1,mid,5,31.2,4.969909455915671,30.0,25.0,38.0,24.726340999562,2.5813151961741356,23.953294128660502,22.269622990277224,29.03929779962123,24.282570225762637,2.577129578475447,23.691197879999994,21.723131318421043,28.543097433333337,0.0932978943384709,0.031376492730805595,0.08799069412643577,0.0656707034772861,0.14647263677828973,22.687500000000004,1.4220020547629324,22.69375,20.975,24.5375,42.35600000000001,3.7577343572956283,40.90500000000002,38.0875,46.532500000000006
25g,row,50,zero_shot,V1,high_tail,5,24.8,4.024922359499621,25.0,19.0,29.0,85.81917810387195,7.044365048298671,84.77707119031517,75.92945190148052,94.86109651340279,75.7360795505518,7.262096720435676,75.06636778947369,65.71129015652174,84.5153902586207,0.8615427982948323,0.04878755062035914,0.8667293874784847,0.7906302791543058,0.9096090673298909,22.687500000000004,1.4220020547629324,22.69375,20.975,24.5375,42.35600000000001,3.7577343572956283,40.90500000000002,38.0875,46.532500000000006
25g,row,50,zero_shot,V2,low,5,42.0,9.055385138137417,45.0,29.0,52.0,21.672206019228806,1.5193622207448345,21.994815487422134,19.98638256066284,23.85416497281554,21.246639374910394,1.4964211176224984,21.35189178888889,19.48860630689655,23.404836825,0.045020747216284754,0.022747229016981306,0.0399213263504858,0.017428219967486263,0.07619611726564246,40.71625,2.3663683607481714,40.64375,37.400000000000006,43.49375,72.29550000000003,9.567422817822994,77.44500000000005,61.88250000000002,80.71750000000002
25g,row,50,zero_shot,V2,mid,5,31.8,9.959919678390985,29.0,20.0,44.0,38.54461897583102,4.429317932910327,35.59932136330651,35.384840095037724,45.137186366737716,37.81011488800639,4.137853445761421,35.25483736538462,34.5105690875,44.085626568965516,0.10353937717134584,0.050053576196413714,0.08436421653998062,0.045928349977600105,0.1599060689178538,40.71625,2.3663683607481714,40.64375,37.400000000000006,43.49375,72.29550000000003,9.567422817822994,77.44500000000005,61.88250000000002,80.71750000000002
25g,row,50,zero_shot,V2,high_tail,5,24.2,7.155417527999327,25.0,17.0,33.0,132.90662985149646,13.850250045042962,132.76593832410538,115.73802844911367,148.69957782113875,116.153281741368,13.418826837708561,115.07567676470589,97.42740581999999,130.2183371764706,0.8514398756123693,0.062134245746793465,0.8574201006286677,0.771655259661461,0.9141503236719144,40.71625,2.3663683607481714,40.64375,37.400000000000006,43.49375,72.29550000000003,9.567422817822994,77.44500000000005,61.88250000000002,80.71750000000002
25g,row,50,scale_only,V1,low,5,42.0,8.154753215150045,44.0,32.0,50.0,14.618555873204027,6.816255693244093,12.642643057945882,7.836596783736441,23.38508300594941,10.295858939696732,3.3307712528787197,10.794416346745665,6.597646326338325,14.99094240717568,0.22631061971512856,0.09431548464205286,0.2538746648217842,0.11958389538798944,0.34950021698127637,22.687500000000004,1.4220020547629324,22.69375,20.975,24.5375,42.35600000000001,3.7577343572956283,40.90500000000002,38.0875,46.532500000000006
25g,row,50,scale_only,V1,mid,5,31.2,4.969909455915671,30.0,25.0,38.0,7.324143573563873,2.3507398879119212,5.964063156166402,5.5975652323883125,11.198161693651087,5.8757089040208355,1.8948311699335671,4.876667951750527,4.670535721838699,9.105075292641288,0.04748748381261614,0.0215852171990269,0.04168458728884075,0.027600724340572584,0.07785275022458867,22.687500000000004,1.4220020547629324,22.69375,20.975,24.5375,42.35600000000001,3.7577343572956283,40.90500000000002,38.0875,46.532500000000006
25g,row,50,scale_only,V1,high_tail,5,24.8,4.024922359499621,25.0,19.0,29.0,32.25161042327659,2.839112688205007,32.88468767955282,27.483584630329332,35.05145998553543,21.18425984669813,3.542017470376746,18.73648196142427,18.42430491463683,25.30240505222781,0.7262018964722553,0.11065816321342885,0.7077431443251344,0.572647032794135,0.8511022954989171,22.687500000000004,1.4220020547629324,22.69375,20.975,24.5375,42.35600000000001,3.7577343572956283,40.90500000000002,38.0875,46.532500000000006
25g,row,50,scale_only,V2,low,5,42.0,9.055385138137417,45.0,29.0,52.0,16.55156185841614,6.9351843400776225,14.423617940695943,10.450885207754498,28.48488325766375,11.647491795135672,4.285072914095558,11.133362285289667,7.829464270222775,18.565307692109588,0.14529362234173013,0.05439210646287358,0.12891397950449465,0.10208591092838565,0.23238870255124372,40.71625,2.3663683607481714,40.64375,37.400000000000006,43.49375,72.29550000000003,9.567422817822994,77.44500000000005,61.88250000000002,80.71750000000002
25g,row,50,scale_only,V2,mid,5,31.8,9.959919678390985,29.0,20.0,44.0,15.623296522892797,5.858730310540877,14.170426900436182,9.788420747612632,23.800933430617317,12.456100449567888,4.698225588674041,11.437248035245146,7.788974366615363,19.104725389565196,0.11795451924275051,0.08012355005517331,0.12671137250326928,0.02908199144118071,0.22378763991994297,40.71625,2.3663683607481714,40.64375,37.400000000000006,43.49375,72.29550000000003,9.567422817822994,77.44500000000005,61.88250000000002,80.71750000000002
25g,row,50,scale_only,V2,high_tail,5,24.2,7.155417527999327,25.0,17.0,33.0,47.849919754136266,6.10785704854558,46.34203563542411,41.30880839820613,56.242024839550105,30.9468137668837,2.8179278859299455,32.15463941590694,27.060084088776602,33.74569631239409,0.7367518584155194,0.12782362330274055,0.77120150355477,0.5438236575288135,0.848373587274485,40.71625,2.3663683607481714,40.64375,37.400000000000006,43.49375,72.29550000000003,9.567422817822994,77.44500000000005,61.88250000000002,80.71750000000002
25g,row,50,affine,V1,low,5,42.0,8.154753215150045,44.0,32.0,50.0,13.997242855178541,9.307220269951367,9.358109767157519,5.359686526209056,26.26319964681776,7.418121947399503,3.123595716821523,6.291925422404973,3.9659704567603247,10.827905048712228,0.16761659310080712,0.10765412907842109,0.12631432972956722,0.06647506489389311,0.3115048295578882,22.687500000000004,1.4220020547629324,22.69375,20.975,24.5375,42.35600000000001,3.7577343572956283,40.90500000000002,38.0875,46.532500000000006
25g,row,50,affine,V1,mid,5,31.2,4.969909455915671,30.0,25.0,38.0,7.749343945403426,2.4729669921692956,6.87726274676682,4.939039161606725,10.544565732192746,5.8404292485537646,1.4933633575038907,5.73263601012724,4.098173470546234,7.717550298113224,0.04800902516698771,0.026487224201198433,0.039103102926939665,0.02433821603700828,0.09083257109765894,22.687500000000004,1.4220020547629324,22.69375,20.975,24.5375,42.35600000000001,3.7577343572956283,40.90500000000002,38.0875,46.532500000000006
25g,row,50,affine,V1,high_tail,5,24.8,4.024922359499621,25.0,19.0,29.0,36.10136837332179,7.69239312241378,33.47291437675455,28.732686767604612,48.69170915708754,25.494211119726938,7.129384261428268,23.340003661780536,19.335736352886233,37.302581632475906,0.7843743817322052,0.1023222864508419,0.7828530991727735,0.6574483624054286,0.891584357647848,22.687500000000004,1.4220020547629324,22.69375,20.975,24.5375,42.35600000000001,3.7577343572956283,40.90500000000002,38.0875,46.532500000000006
25g,row,50,affine,V2,low,5,42.0,9.055385138137417,45.0,29.0,52.0,15.676638631202877,8.572782171922567,11.676903123462806,8.74805386165783,29.993480946278112,8.854937621594296,2.349719136326921,8.508633769111478,6.45538381693048,12.728976498054706,0.13108671096648145,0.050858163776339366,0.10420768075336144,0.08042400289676413,0.18845714729048843,40.71625,2.3663683607481714,40.64375,37.400000000000006,43.49375,72.29550000000003,9.567422817822994,77.44500000000005,61.88250000000002,80.71750000000002
25g,row,50,affine,V2,mid,5,31.8,9.959919678390985,29.0,20.0,44.0,16.004343813690205,4.932606112373184,14.17208294997173,11.134741308162646,23.254941440683883,12.4930441167977,3.2609418920929953,11.520846111626259,9.35115211609745,16.939210565105103,0.11920099324811859,0.04839417857425181,0.14087977669817975,0.046787700562443024,0.16289708251991478,40.71625,2.3663683607481714,40.64375,37.400000000000006,43.49375,72.29550000000003,9.567422817822994,77.44500000000005,61.88250000000002,80.71750000000002
25g,row,50,affine,V2,high_tail,5,24.2,7.155417527999327,25.0,17.0,33.0,47.22839009402446,10.055916930667765,51.96470362719926,33.28402846676476,57.09903429186905,32.64965872294094,9.374177591211692,31.63156586277393,22.111454493690193,47.498402517476606,0.7497122957853999,0.052972750233899885,0.7647551521470685,0.6645767098174298,0.8023996932657466,40.71625,2.3663683607481714,40.64375,37.400000000000006,43.49375,72.29550000000003,9.567422817822994,77.44500000000005,61.88250000000002,80.71750000000002
25g,row,50,target_head_only,V1,low,5,42.0,8.154753215150045,44.0,32.0,50.0,6.6488634845872765,2.384407006555319,5.7457146553964895,4.647433490785058,10.11641664768149,4.522121052486318,0.8428912882274968,4.531292757142857,3.7880166399999995,5.889853421875,0.022248788538788537,0.007169220638720214,0.021939061546083938,0.012477910262936737,0.032262109263894834,22.687500000000004,1.4220020547629324,22.69375,20.975,24.5375,42.35600000000001,3.7577343572956283,40.90500000000002,38.0875,46.532500000000006
25g,row,50,target_head_only,V1,mid,5,31.2,4.969909455915671,30.0,25.0,38.0,9.822975847152016,2.141776345148051,9.623444428877175,7.970933871775107,13.402807605730306,8.73820282326992,2.22269667702791,8.163524206896552,7.00232002631579,12.515466166666666,0.04144166318109142,0.023994902126717798,0.03526321445817029,0.02308390830496863,0.08158985153463702,22.687500000000004,1.4220020547629324,22.69375,20.975,24.5375,42.35600000000001,3.7577343572956283,40.90500000000002,38.0875,46.532500000000006
25g,row,50,target_head_only,V1,high_tail,5,24.8,4.024922359499621,25.0,19.0,29.0,54.71979668312015,4.701655849097258,55.745606578735256,47.06489216775956,58.499426845254064,44.793149241787646,4.38873961269198,45.073823789473686,38.64546665217391,49.789637571428564,0.9363095482801199,0.024790391320984696,0.9439535360248058,0.8939190925591907,0.9549770301489473,22.687500000000004,1.4220020547629324,22.69375,20.975,24.5375,42.35600000000001,3.7577343572956283,40.90500000000002,38.0875,46.532500000000006
25g,row,50,target_head_only,V2,low,5,42.0,9.055385138137417,45.0,29.0,52.0,10.381160298821495,1.1164480287533605,10.659428121937628,8.545263555789822,11.413798779458864,9.15989282546079,1.0327903718729092,9.383605200000002,7.778216837837839,10.469957903846154,0.019764460614510555,0.01000257865233121,0.019363358858484392,0.009664759574686632,0.03397698775649458,40.71625,2.3663683607481714,40.64375,37.400000000000006,43.49375,72.29550000000003,9.567422817822994,77.44500000000005,61.88250000000002,80.71750000000002
25g,row,50,target_head_only,V2,mid,5,31.8,9.959919678390985,29.0,20.0,44.0,21.472548045134822,3.7526851367314205,20.173381334299894,18.304426671213545,27.078756866523598,20.028752129875816,3.313995236204511,19.416783653846153,16.845424525000002,24.963021206896553,0.06460488910805509,0.03699419683617886,0.05283464318871312,0.023605727415783054,0.10665385311495504,40.71625,2.3663683607481714,40.64375,37.400000000000006,43.49375,72.29550000000003,9.567422817822994,77.44500000000005,61.88250000000002,80.71750000000002
25g,row,50,target_head_only,V2,high_tail,5,24.2,7.155417527999327,25.0,17.0,33.0,98.98807874671104,10.69557318927337,100.39333189383692,85.96823408648471,112.12929179484553,82.157266753874,9.270698112914722,80.95300635294117,69.36810851999999,92.6951841764706,0.9156306502774344,0.04148547529716195,0.9225800414184029,0.8593691591285503,0.9570309137257327,40.71625,2.3663683607481714,40.64375,37.400000000000006,43.49375,72.29550000000003,9.567422817822994,77.44500000000005,61.88250000000002,80.71750000000002
25g,row,50,local_identity_shrinkage,V1,low,5,42.0,8.154753215150045,44.0,32.0,50.0,13.584040127507285,7.718029108625005,9.554706898276432,5.396382977076131,22.129967864390736,8.401110867043707,3.512776951488929,7.627898464464255,3.9669710534336455,12.901363621043206,0.19967589931881108,0.11520109843517694,0.15803015313120072,0.07158695846725484,0.330515437650456,22.687500000000004,1.4220020547629324,22.69375,20.975,24.5375,42.35600000000001,3.7577343572956283,40.90500000000002,38.0875,46.532500000000006
25g,row,50,local_identity_shrinkage,V1,mid,5,31.2,4.969909455915671,30.0,25.0,38.0,7.28278124694978,1.617019725992513,6.243935625057271,6.066736010104053,9.630365232239322,5.744246747715554,1.1739541570692587,5.08327324813697,4.743031729698274,7.46673241215553,0.04948349679741885,0.01765207083497945,0.04640241226525479,0.03104681042846025,0.07351452746682254,22.687500000000004,1.4220020547629324,22.69375,20.975,24.5375,42.35600000000001,3.7577343572956283,40.90500000000002,38.0875,46.532500000000006
25g,row,50,local_identity_shrinkage,V1,high_tail,5,24.8,4.024922359499621,25.0,19.0,29.0,31.980253437128873,2.4088385352904482,32.992477342458955,27.928255043146592,33.835916051660384,21.534608950935098,2.422417980351127,21.29068455425773,18.525272453718618,24.500106367034302,0.75084060388377,0.11616334200420822,0.7684553194019766,0.6086813434110242,0.8820106292674903,22.687500000000004,1.4220020547629324,22.69375,20.975,24.5375,42.35600000000001,3.7577343572956283,40.90500000000002,38.0875,46.532500000000006
25g,row,50,local_identity_shrinkage,V2,low,5,42.0,9.055385138137417,45.0,29.0,52.0,17.12728809728,9.628029059503925,17.085133802820376,8.470897605820875,32.694042505672655,10.752138049266122,5.376550187337611,7.7605823265426785,6.192422662403106,18.81095305590409,0.14533159176668164,0.052803389508791626,0.1422642959693059,0.08312313169477628,0.2072415289136079,40.71625,2.3663683607481714,40.64375,37.400000000000006,43.49375,72.29550000000003,9.567422817822994,77.44500000000005,61.88250000000002,80.71750000000002
25g,row,50,local_identity_shrinkage,V2,mid,5,31.8,9.959919678390985,29.0,20.0,44.0,18.911906702974747,7.520998859387456,18.777465791927845,10.92816932138642,29.439957652843137,15.103857028871676,6.075828434223781,14.139595973235721,9.34410491053683,23.819471504921957,0.16527794693197037,0.09560527535016054,0.16938286993781487,0.04678770153895983,0.2812406880529414,40.71625,2.3663683607481714,40.64375,37.400000000000006,43.49375,72.29550000000003,9.567422817822994,77.44500000000005,61.88250000000002,80.71750000000002
25g,row,50,local_identity_shrinkage,V2,high_tail,5,24.2,7.155417527999327,25.0,17.0,33.0,45.9153937896547,9.501698394917353,51.52056644321246,31.91728961255676,53.79022229046224,33.4820638452601,9.718457096777989,33.17662896173316,20.630965515670884,45.803372130737266,0.689390461301348,0.11171409703834632,0.7474939983674089,0.5609785038488051,0.7972296397913535,40.71625,2.3663683607481714,40.64375,37.400000000000006,43.49375,72.29550000000003,9.567422817822994,77.44500000000005,61.88250000000002,80.71750000000002
25g,row,50,conditional_EA,V1,low,5,42.0,8.154753215150045,44.0,32.0,50.0,12.643619146328097,8.728934124655723,9.948179095380606,4.228017313444011,22.241053236014228,6.63610801677067,2.6481469985857773,7.16483678529033,3.4195815534417364,9.222201178983456,0.18776441409950664,0.14314707943674143,0.17822708166983875,0.04540590538385934,0.34914076806574396,22.687500000000004,1.4220020547629324,22.69375,20.975,24.5375,42.35600000000001,3.7577343572956283,40.90500000000002,38.0875,46.532500000000006
25g,row,50,conditional_EA,V1,mid,5,31.2,4.969909455915671,30.0,25.0,38.0,7.414483083534021,1.6842438419209325,6.84751089356058,5.924318044302781,9.852774878847118,5.872148794955046,1.0685954139550398,5.580740294135821,4.967081035900731,7.586503755672986,0.05401308302882096,0.01668341203471357,0.04884600205787124,0.039299673807587275,0.0778783611335519,22.687500000000004,1.4220020547629324,22.69375,20.975,24.5375,42.35600000000001,3.7577343572956283,40.90500000000002,38.0875,46.532500000000006
25g,row,50,conditional_EA,V1,high_tail,5,24.8,4.024922359499621,25.0,19.0,29.0,30.991812794197916,2.6250377154259876,31.468092690165264,26.533097266769932,33.16370122786044,21.242316279053483,2.539434961033262,20.076963202099577,19.343549884475557,25.52396915114248,0.7582225028716725,0.14655096059959646,0.7438945571966096,0.6115595581266686,0.9146703275785188,22.687500000000004,1.4220020547629324,22.69375,20.975,24.5375,42.35600000000001,3.7577343572956283,40.90500000000002,38.0875,46.532500000000006
25g,row,50,conditional_EA,V2,low,5,42.0,9.055385138137417,45.0,29.0,52.0,17.13197232897874,9.769890693470924,13.957751934452062,8.407308997251494,32.68961660980767,10.72308807211797,4.673239740160209,9.690478407487157,6.637850303363587,18.612790745491743,0.16115315271468583,0.08293664993100908,0.13909670214588735,0.06961263703109438,0.27932994637037484,40.71625,2.3663683607481714,40.64375,37.400000000000006,43.49375,72.29550000000003,9.567422817822994,77.44500000000005,61.88250000000002,80.71750000000002
25g,row,50,conditional_EA,V2,mid,5,31.8,9.959919678390985,29.0,20.0,44.0,19.266240420232318,7.26924933580656,16.228677542490516,11.248517488694883,29.30296845307856,15.5235716691835,5.618427020354214,13.064854262148003,9.797316496277402,23.71861567238467,0.16634373741355218,0.06879816646772902,0.18166977434762147,0.08057857682132098,0.23037637108663583,40.71625,2.3663683607481714,40.64375,37.400000000000006,43.49375,72.29550000000003,9.567422817822994,77.44500000000005,61.88250000000002,80.71750000000002
25g,row,50,conditional_EA,V2,high_tail,5,24.2,7.155417527999327,25.0,17.0,33.0,44.542852426419415,10.643633103860562,50.61527883308742,30.622393308148734,53.89420250610115,31.420802693414295,10.929966970382898,32.366142864220585,19.74623209162091,45.9678659252212,0.6725031098717619,0.08962751574217186,0.6400914768083041,0.5631703677554736,0.7800091894062708,40.71625,2.3663683607481714,40.64375,37.400000000000006,43.49375,72.29550000000003,9.567422817822994,77.44500000000005,61.88250000000002,80.71750000000002
25g,row,50,standard_shallow_finetune,V1,low,5,42.0,8.154753215150045,44.0,32.0,50.0,11.838004081635694,9.030787459244547,10.011972706600961,3.650488895055527,26.47535092322673,6.677959753812152,3.371574240074777,6.8320297346938785,3.0003215699999997,11.93888053125,0.1587918056979734,0.16134605016947656,0.11567250833027365,0.03342561730696696,0.43129529348058365,22.687500000000004,1.4220020547629324,22.69375,20.975,24.5375,42.35600000000001,3.7577343572956283,40.90500000000002,38.0875,46.532500000000006
25g,row,50,standard_shallow_finetune,V1,mid,5,31.2,4.969909455915671,30.0,25.0,38.0,8.670497180304999,1.6063825901056346,8.738770654964034,6.57748822590847,11.059181436828998,6.757322876394862,1.1463710995471894,6.658603433333335,5.51100776,8.4869155,0.0673971822844627,0.017091580529680343,0.06798211133247098,0.04738317900735772,0.08936569824118526,22.687500000000004,1.4220020547629324,22.69375,20.975,24.5375,42.35600000000001,3.7577343572956283,40.90500000000002,38.0875,46.532500000000006
25g,row,50,standard_shallow_finetune,V1,high_tail,5,24.8,4.024922359499621,25.0,19.0,29.0,32.793626061370674,4.57836560252762,31.636146929647396,28.11933350563224,39.76738053264167,22.70294322622554,3.4959100416604123,22.145445107142855,19.281836304347827,28.264432620689654,0.773811012017564,0.17317141339654119,0.8369443126623688,0.4793390082782311,0.9123159135497051,22.687500000000004,1.4220020547629324,22.69375,20.975,24.5375,42.35600000000001,3.7577343572956283,40.90500000000002,38.0875,46.532500000000006
25g,row,50,standard_shallow_finetune,V2,low,5,42.0,9.055385138137417,45.0,29.0,52.0,13.825094854414294,7.232174915987232,10.260467164326084,6.040550341751031,22.330500544599534,7.677257592239213,1.9252737603451808,7.70915573076923,4.605753978723405,9.32878248888889,0.10654708335563137,0.08529995907133987,0.09117590613588115,0.026131846916805666,0.2456022387128699,40.71625,2.3663683607481714,40.64375,37.400000000000006,43.49375,72.29550000000003,9.567422817822994,77.44500000000005,61.88250000000002,80.71750000000002
25g,row,50,standard_shallow_finetune,V2,mid,5,31.8,9.959919678390985,29.0,20.0,44.0,15.490484736686664,3.1953156804048817,15.062958587041967,10.79117825669114,18.484140148735893,12.245388808113095,2.617332168014124,11.926655225,8.581815730769229,15.236751862068967,0.10281942295994831,0.0507701190751939,0.0810935693435191,0.04613497742747688,0.16502091017105863,40.71625,2.3663683607481714,40.64375,37.400000000000006,43.49375,72.29550000000003,9.567422817822994,77.44500000000005,61.88250000000002,80.71750000000002
25g,row,50,standard_shallow_finetune,V2,high_tail,5,24.2,7.155417527999327,25.0,17.0,33.0,50.912777830189384,5.016529443741008,51.25465544856864,43.380119309288936,56.52328701399801,34.506869368122935,1.371896733174652,34.425859848484855,32.92109584,36.16927803448276,0.7906334936844204,0.09152741432061602,0.8005625877656213,0.6797016363944246,0.9277331756557178,40.71625,2.3663683607481714,40.64375,37.400000000000006,43.49375,72.29550000000003,9.567422817822994,77.44500000000005,61.88250000000002,80.71750000000002
25g,row,50,paper_style_current_v2,V1,low,5,42.0,8.154753215150045,44.0,32.0,50.0,11.802458885965724,9.033570176400403,10.00823145411358,3.614409846860058,26.469830644513735,6.646286617699675,3.373086951058258,6.820196357142857,2.9726707900000005,11.921459171875,0.15777537492314034,0.1615481527201484,0.112143041127575,0.03274808096697062,0.4308116879529761,22.687500000000004,1.4220020547629324,22.69375,20.975,24.5375,42.35600000000001,3.7577343572956283,40.90500000000002,38.0875,46.532500000000006
25g,row,50,paper_style_current_v2,V1,mid,5,31.2,4.969909455915671,30.0,25.0,38.0,8.651034885776514,1.6105822670479433,8.638281690173853,6.561935997535447,11.058893295390565,6.74547883034433,1.1441898179147054,6.6656498666666675,5.50277008,8.491063157894736,0.06704791174972374,0.017654659948288305,0.06807923647468744,0.04570601881919568,0.0892980767775714,22.687500000000004,1.4220020547629324,22.69375,20.975,24.5375,42.35600000000001,3.7577343572956283,40.90500000000002,38.0875,46.532500000000006
25g,row,50,paper_style_current_v2,V1,high_tail,5,24.8,4.024922359499621,25.0,19.0,29.0,32.88263087106255,4.714850991453005,31.639289304754573,28.142858092168137,40.149125800612076,22.784129446303208,3.6218515399685605,22.16712621428572,19.32691082608696,28.607928344827585,0.7751767133271359,0.17361884985651294,0.8421509400532293,0.4798902352694526,0.9132828350801863,22.687500000000004,1.4220020547629324,22.69375,20.975,24.5375,42.35600000000001,3.7577343572956283,40.90500000000002,38.0875,46.532500000000006
25g,row,50,paper_style_current_v2,V2,low,5,42.0,9.055385138137417,45.0,29.0,52.0,13.763095892258766,7.2077015375789655,10.244802230368663,5.986451704660673,22.303629378535344,7.629698178271641,1.919664335686266,7.685123442307693,4.557985212765959,9.290322066666667,0.1055170170774605,0.08505718853584586,0.09091237587106998,0.025674608830301832,0.24472989964734604,40.71625,2.3663683607481714,40.64375,37.400000000000006,43.49375,72.29550000000003,9.567422817822994,77.44500000000005,61.88250000000002,80.71750000000002
25g,row,50,paper_style_current_v2,V2,mid,5,31.8,9.959919678390985,29.0,20.0,44.0,15.45567051071156,3.2122136757619404,15.118859837661477,10.734341781575207,18.457428120991878,12.22075543430914,2.624612949501519,11.8306717,8.535884346153846,15.219030034482758,0.10233924209701935,0.05122185696642226,0.07892036604130498,0.04566581336702066,0.16446689604904227,40.71625,2.3663683607481714,40.64375,37.400000000000006,43.49375,72.29550000000003,9.567422817822994,77.44500000000005,61.88250000000002,80.71750000000002
25g,row,50,paper_style_current_v2,V2,high_tail,5,24.2,7.155417527999327,25.0,17.0,33.0,51.02188070554767,5.066639032695318,51.27868117460981,43.439503779260654,56.524044095364744,34.59992354818612,1.4896732913919561,34.477181060606064,32.9405978,36.545157586206884,0.7921437408255201,0.09160791849842811,0.8000857810264411,0.6807804722342167,0.9286595778026777,40.71625,2.3663683607481714,40.64375,37.400000000000006,43.49375,72.29550000000003,9.567422817822994,77.44500000000005,61.88250000000002,80.71750000000002
25g,row,70,zero_shot,V1,low,5,41.6,7.05691150575094,40.0,35.0,49.0,14.332936683737405,0.5886651962285944,14.234819783180543,13.4622964972666,14.889691643519509,14.084192138183672,0.6900707345649604,14.111745035000002,12.986132837142856,14.729984689795918,0.04427132725588376,0.020579854032053112,0.03972080933987973,0.024720229192823205,0.06856450661243582,22.317499999999995,1.4476772883657472,21.6875,21.299999999999997,24.8,43.637,5.566937948729085,45.580000000000005,37.582499999999996,49.1975
25g,row,70,zero_shot,V1,mid,5,31.4,4.449719092257398,30.0,26.0,38.0,24.597282088890633,2.5139226801490224,23.73883110312742,23.093695865691092,29.03929779962123,24.126404413232244,2.493403071656867,23.27269779210526,22.65686823,28.543097433333337,0.09343544368427406,0.03194799831944467,0.0878114054975787,0.061471759017350844,0.14647263677828973,22.317499999999995,1.4476772883657472,21.6875,21.299999999999997,24.8,43.637,5.566937948729085,45.580000000000005,37.582499999999996,49.1975
25g,row,70,zero_shot,V1,high_tail,5,25.0,4.301162633521313,25.0,19.0,30.0,85.63716247700566,8.042192998492228,84.77707119031517,75.92945190148052,94.01603107531396,75.60460480996099,8.837024214622163,75.06636778947369,65.71129015652174,86.04312947999999,0.8622932290598421,0.04824674484671225,0.8815364275184302,0.7906302791543058,0.913808011789826,22.317499999999995,1.4476772883657472,21.6875,21.299999999999997,24.8,43.637,5.566937948729085,45.580000000000005,37.582499999999996,49.1975
25g,row,70,zero_shot,V2,low,5,42.4,8.590692637965812,43.0,29.0,52.0,21.8065724951819,1.3982626849558553,21.909403685080868,19.98638256066284,23.85416497281554,21.352822814164394,1.4441651749437077,21.49735604883721,19.48860630689655,23.404836825,0.04601786425267524,0.02250264967831636,0.044299720062529635,0.017428219967486263,0.07619611726564246,40.74375,2.4345535075758757,41.1,36.84375,43.49375,76.64600000000002,8.702698503912455,77.0575,62.23250000000001,84.19250000000002
25g,row,70,zero_shot,V2,mid,5,33.2,6.058052492344383,31.0,26.0,40.0,39.94991173100613,4.78473385699234,39.206193587775694,35.384840095037724,46.29655065860848,39.045060180064105,4.556937520898154,38.10907255,34.5105690875,45.155098499999994,0.1143473207064907,0.045653644793345154,0.08436421653998062,0.07534962734839844,0.17110394573860122,40.74375,2.4345535075758757,41.1,36.84375,43.49375,76.64600000000002,8.702698503912455,77.0575,62.23250000000001,84.19250000000002
25g,row,70,zero_shot,V2,high_tail,5,22.4,6.465291950097845,25.0,15.0,29.0,137.15341065986883,13.81107968678459,139.59336611625145,115.73802844911367,152.54157578616494,120.97367004267817,14.069661334519006,122.69817666666665,97.42740581999999,134.610277375,0.8396348150408341,0.06298293237770117,0.8574201006286677,0.7526999369957561,0.9072221526841155,40.74375,2.4345535075758757,41.1,36.84375,43.49375,76.64600000000002,8.702698503912455,77.0575,62.23250000000001,84.19250000000002
25g,row,70,scale_only,V1,low,5,41.6,7.05691150575094,40.0,35.0,49.0,13.92941847942999,6.797211458363288,12.503441329019468,6.983566814057489,21.80447049309839,9.66714676826578,3.343094071041499,10.647431959953861,5.71372950925222,13.450161192340124,0.21380409296820022,0.11224718848235461,0.24921838655766498,0.08298305928054654,0.3300829052964447,22.317499999999995,1.4476772883657472,21.6875,21.299999999999997,24.8,43.637,5.566937948729085,45.580000000000005,37.582499999999996,49.1975
25g,row,70,scale_only,V1,mid,5,31.4,4.449719092257398,30.0,26.0,38.0,6.718435742995254,1.6595154627163433,6.377581551771402,4.994302700711625,8.96706066757429,5.358582865292862,1.2693696590253543,5.091455605021378,4.005840792329963,7.218350919437711,0.04052160891815077,0.015104494132065962,0.034586997445719754,0.023305213571972766,0.059702289502623275,22.317499999999995,1.4476772883657472,21.6875,21.299999999999997,24.8,43.637,5.566937948729085,45.580000000000005,37.582499999999996,49.1975
25g,row,70,scale_only,V1,high_tail,5,25.0,4.301162633521313,25.0,19.0,30.0,32.42957048623821,2.5298034549653856,32.206914214361774,28.760203770410467,35.730765981966385,21.16904012417995,3.3148003515471687,19.94997712053388,18.31136735135951,25.815679415345596,0.7456742981136488,0.12233346180236321,0.6910793239397116,0.6172816792001428,0.8937117271474807,22.317499999999995,1.4476772883657472,21.6875,21.299999999999997,24.8,43.637,5.566937948729085,45.580000000000005,37.582499999999996,49.1975
25g,row,70,scale_only,V2,low,5,42.4,8.590692637965812,43.0,29.0,52.0,15.979276846733061,6.413205204068836,14.584368667641296,9.71678599009617,26.501711712455077,10.990000029035505,3.6250106795161634,9.857640146606,7.701376639754008,16.596400497344295,0.1394527007128768,0.05373183768061566,0.13999290836244507,0.08367276199787291,0.21551766688832563,40.74375,2.4345535075758757,41.1,36.84375,43.49375,76.64600000000002,8.702698503912455,77.0575,62.23250000000001,84.19250000000002
25g,row,70,scale_only,V2,mid,5,33.2,6.058052492344383,31.0,26.0,40.0,14.751195557000278,5.279932223192871,13.401138625399096,9.161537859218122,21.270072841013448,11.735533897089747,4.0868609277003545,10.97386797868698,7.295685044363449,16.615425784503213,0.10861666602314453,0.0699065787599933,0.09843537243284371,0.04114822265460208,0.1914850947072281,40.74375,2.4345535075758757,41.1,36.84375,43.49375,76.64600000000002,8.702698503912455,77.0575,62.23250000000001,84.19250000000002
25g,row,70,scale_only,V2,high_tail,5,22.4,6.465291950097845,25.0,15.0,29.0,50.23921765720813,7.166189261747545,49.460009672397895,43.08816087806296,59.92189574388876,32.76708044672081,3.7231466032637925,31.192119170014937,28.564572981747933,38.06555273629165,0.7519306332639787,0.11731472918251742,0.8074102423872831,0.5929972384044463,0.8751790153475252,40.74375,2.4345535075758757,41.1,36.84375,43.49375,76.64600000000002,8.702698503912455,77.0575,62.23250000000001,84.19250000000002
25g,row,70,affine,V1,low,5,41.6,7.05691150575094,40.0,35.0,49.0,13.310201582268117,9.17908992717663,8.873533647825312,5.078769593895763,25.185413331594216,7.100092093089131,3.39891764933016,6.06340889219832,3.7678110944424574,11.1684320085135,0.16864771665715478,0.12302290869757851,0.1389964821180653,0.05422497092778281,0.32861276133499384,22.317499999999995,1.4476772883657472,21.6875,21.299999999999997,24.8,43.637,5.566937948729085,45.580000000000005,37.582499999999996,49.1975
25g,row,70,affine,V1,mid,5,31.4,4.449719092257398,30.0,26.0,38.0,6.9448376604690925,1.4635033053136302,6.6053096209207505,4.86902223861537,8.403235122113648,5.279620511636891,1.0303291526867275,5.357288924142812,3.7224371872441155,6.484949492890354,0.04261051207185277,0.02099566370543775,0.03440138320575093,0.023912683754347273,0.07456236764478154,22.317499999999995,1.4476772883657472,21.6875,21.299999999999997,24.8,43.637,5.566937948729085,45.580000000000005,37.582499999999996,49.1975
25g,row,70,affine,V1,high_tail,5,25.0,4.301162633521313,25.0,19.0,30.0,34.6918867625728,6.0463881084218185,33.89604678794844,28.871372082804932,44.70031199633984,23.719621824646612,6.461270971731828,21.00579515192158,18.361704944344265,34.59593390033701,0.7887417712709924,0.11940827156129973,0.786441150237153,0.6369858554592552,0.9218623453178698,22.317499999999995,1.4476772883657472,21.6875,21.299999999999997,24.8,43.637,5.566937948729085,45.580000000000005,37.582499999999996,49.1975
25g,row,70,affine,V2,low,5,42.4,8.590692637965812,43.0,29.0,52.0,14.943449189473228,8.511333388834382,10.470703221791076,8.211604546089431,28.76788961250648,8.312036856704708,2.3104459698027044,7.602949868198822,6.021639334861538,12.152875204638013,0.12304424583203581,0.05854922866749755,0.09325326021130523,0.06657073384480393,0.19265656549110066,40.74375,2.4345535075758757,41.1,36.84375,43.49375,76.64600000000002,8.702698503912455,77.0575,62.23250000000001,84.19250000000002
25g,row,70,affine,V2,mid,5,33.2,6.058052492344383,31.0,26.0,40.0,15.19057329026641,4.726902509089664,13.792885395043262,10.705836195597048,21.92408104881463,11.90141695167504,3.128218394459078,11.739577079329027,8.773157619796882,15.785941345966034,0.11494098952419005,0.04710267108371952,0.12041295569514483,0.05653222999727813,0.16523873539970993,40.74375,2.4345535075758757,41.1,36.84375,43.49375,76.64600000000002,8.702698503912455,77.0575,62.23250000000001,84.19250000000002
25g,row,70,affine,V2,high_tail,5,22.4,6.465291950097845,25.0,15.0,29.0,48.82518639325044,8.594139455342551,52.9632377368739,35.75822828591759,55.95520106095123,34.22843620727237,6.886606857389989,33.97135033936921,24.289202115753238,43.55491170245078,0.762014764643774,0.07208327698284826,0.7638752112415481,0.6530055305534571,0.838668766574829,40.74375,2.4345535075758757,41.1,36.84375,43.49375,76.64600000000002,8.702698503912455,77.0575,62.23250000000001,84.19250000000002
25g,row,70,target_head_only,V1,low,5,41.6,7.05691150575094,40.0,35.0,49.0,6.52379887393987,2.2461561814536797,5.642171634514235,4.532900324598314,9.729616837362803,4.42645788367347,0.7154770855151218,4.3751277857142865,3.8304321000000003,5.5911595,0.02179457847485341,0.007985157845594715,0.021131021066495437,0.010700731841897019,0.03292136277688712,22.317499999999995,1.4476772883657472,21.6875,21.299999999999997,24.8,43.637,5.566937948729085,45.580000000000005,37.582499999999996,49.1975
25g,row,70,target_head_only,V1,mid,5,31.4,4.449719092257398,30.0,26.0,38.0,9.925145414882085,1.8363079414203098,9.422504169496754,8.552561713863877,13.080617641203187,8.811567926121949,1.9419820465623094,7.996939433333334,7.400172878787879,12.152327666666668,0.042265182662519954,0.022232921044367315,0.03467808303872099,0.023028377044581227,0.07914360286187394,22.317499999999995,1.4476772883657472,21.6875,21.299999999999997,24.8,43.637,5.566937948729085,45.580000000000005,37.582499999999996,49.1975
25g,row,70,target_head_only,V1,high_tail,5,25.0,4.301162633521313,25.0,19.0,30.0,54.604996284385265,5.547053522547243,55.32906893833923,47.27747767997891,61.45589173561443,44.66745933556827,6.069114565128301,44.494715368421055,38.90721382608696,53.7088722,0.9359402388626267,0.02389747534627045,0.9381782125539404,0.8968057522150351,0.9558406018889234,22.317499999999995,1.4476772883657472,21.6875,21.299999999999997,24.8,43.637,5.566937948729085,45.580000000000005,37.582499999999996,49.1975
25g,row,70,target_head_only,V2,low,5,42.4,8.590692637965812,43.0,29.0,52.0,10.573172136263414,0.5433405369075371,10.494353826910077,9.848419263394092,11.282044658082707,9.291175557433586,0.7552856454387632,9.055626902439025,8.426316517241379,10.328229615384613,0.020472426776313724,0.009066802021325305,0.017454104541115106,0.009369819682171432,0.03328740452333719,40.74375,2.4345535075758757,41.1,36.84375,43.49375,76.64600000000002,8.702698503912455,77.0575,62.23250000000001,84.19250000000002
25g,row,70,target_head_only,V2,mid,5,33.2,6.058052492344383,31.0,26.0,40.0,22.4720730235508,3.777149829332591,20.880390687969477,18.443997275050627,27.66443970482543,20.947646254185276,3.4783782980720193,19.570968230769232,16.88596215,25.579002064516132,0.07226732922726176,0.036084054116388826,0.053417296462052045,0.039920127515122424,0.11931812292235465,40.74375,2.4345535075758757,41.1,36.84375,43.49375,76.64600000000002,8.702698503912455,77.0575,62.23250000000001,84.19250000000002
25g,row,70,target_head_only,V2,high_tail,5,22.4,6.465291950097845,25.0,15.0,29.0,102.29701966564323,10.631632302119746,105.70952692143604,86.04081008308906,114.6432242733237,86.03926287321522,9.84763514990798,88.70918918518518,69.4989462,95.79417556250002,0.9072602439964246,0.0426537575430661,0.9214966802647745,0.8473944725543083,0.9507100528027063,40.74375,2.4345535075758757,41.1,36.84375,43.49375,76.64600000000002,8.702698503912455,77.0575,62.23250000000001,84.19250000000002
25g,row,70,local_identity_shrinkage,V1,low,5,41.6,7.05691150575094,40.0,35.0,49.0,13.282502428527227,7.918716803715321,9.613341730198428,5.0965000824843925,22.443734485474597,7.751837426550449,3.033595022873572,6.997520158044096,3.736263169587986,11.16843195665793,0.18986342812529383,0.12276109967015053,0.16241173121060537,0.06080033569370497,0.3286127571952706,22.317499999999995,1.4476772883657472,21.6875,21.299999999999997,24.8,43.637,5.566937948729085,45.580000000000005,37.582499999999996,49.1975
25g,row,70,local_identity_shrinkage,V1,mid,5,31.4,4.449719092257398,30.0,26.0,38.0,6.671724388262211,1.1044895619034958,6.540620999992339,5.272735436556278,7.786507352428421,5.134202179394126,0.7050894468739513,5.013567567764946,4.214913822228847,6.0644651839135,0.04139496489875724,0.014577464543508651,0.03467310217190078,0.02807662855168668,0.06523478044976455,22.317499999999995,1.4476772883657472,21.6875,21.299999999999997,24.8,43.637,5.566937948729085,45.580000000000005,37.582499999999996,49.1975
25g,row,70,local_identity_shrinkage,V1,high_tail,5,25.0,4.301162633521313,25.0,19.0,30.0,32.595130577032165,2.937982733501619,33.66626817444967,28.534497037240193,35.49476716218791,21.7569688859514,4.035202513121354,20.3947768935048,17.559454024870572,27.362266602717554,0.7687416069759491,0.12055081135640819,0.7723534883396301,0.636985857846508,0.8946107359440822,22.317499999999995,1.4476772883657472,21.6875,21.299999999999997,24.8,43.637,5.566937948729085,45.580000000000005,37.582499999999996,49.1975
25g,row,70,local_identity_shrinkage,V2,low,5,42.4,8.590692637965812,43.0,29.0,52.0,15.726171397401208,7.898825961820025,15.133847881905107,8.206527380417874,28.099469752031325,8.848115715236062,2.7357438101322864,7.602949986070786,5.976675351563181,11.998302437629661,0.13864839838875992,0.052453704313012606,0.13911913980011226,0.08151968570995038,0.20101111555186682,40.74375,2.4345535075758757,41.1,36.84375,43.49375,76.64600000000002,8.702698503912455,77.0575,62.23250000000001,84.19250000000002
25g,row,70,local_identity_shrinkage,V2,mid,5,33.2,6.058052492344383,31.0,26.0,40.0,16.69375495018864,5.334923236543818,18.29404777635352,10.64780996342073,22.180442906820115,12.976368455625254,3.8734492271697816,13.885129099046718,8.773157531851629,16.829944667572775,0.14561232674218808,0.07402230141942667,0.17275325774143177,0.05653222853879742,0.239913596691585,40.74375,2.4345535075758757,41.1,36.84375,43.49375,76.64600000000002,8.702698503912455,77.0575,62.23250000000001,84.19250000000002
25g,row,70,local_identity_shrinkage,V2,high_tail,5,22.4,6.465291950097845,25.0,15.0,29.0,46.93732096817303,8.336866846563755,49.597178777148805,33.64085804867588,54.557284997751324,33.746967929840515,6.918978220632456,35.49465321338316,22.241101770857487,40.28641380605661,0.7157392748690519,0.08880242030179139,0.7452944503773044,0.6209672635083026,0.8223238196729006,40.74375,2.4345535075758757,41.1,36.84375,43.49375,76.64600000000002,8.702698503912455,77.0575,62.23250000000001,84.19250000000002
25g,row,70,conditional_EA,V1,low,5,41.6,7.05691150575094,40.0,35.0,49.0,12.540611886009476,8.992701683874106,8.399452651749664,3.9042115736231273,22.401772051748004,6.014431961333342,2.62178798052729,5.366772543588112,3.0702596743871515,9.658053129017558,0.1822417679089583,0.1532034628057995,0.1336341608874164,0.04025536729396603,0.37933052348345475,22.317499999999995,1.4476772883657472,21.6875,21.299999999999997,24.8,43.637,5.566937948729085,45.580000000000005,37.582499999999996,49.1975
25g,row,70,conditional_EA,V1,mid,5,31.4,4.449719092257398,30.0,26.0,38.0,6.865484676850402,1.3033690570329464,7.621046771501466,5.297333851099205,8.089620674616073,5.379506889646192,0.8702537486075371,5.798444400567211,4.241176287434536,6.196436956769922,0.04681878904212457,0.01777371298464844,0.04418431368501929,0.030847563899992773,0.0758921766291716,22.317499999999995,1.4476772883657472,21.6875,21.299999999999997,24.8,43.637,5.566937948729085,45.580000000000005,37.582499999999996,49.1975
25g,row,70,conditional_EA,V1,high_tail,5,25.0,4.301162633521313,25.0,19.0,30.0,31.478676918232402,2.9990693539888658,32.5476686029962,27.176845828544,34.95632931610417,21.547447881055827,3.868179033021645,19.802426525929647,17.78571190924264,27.604008288606437,0.7709394430489172,0.1540463061051293,0.7904736624834121,0.5719588416543423,0.917628231211231,22.317499999999995,1.4476772883657472,21.6875,21.299999999999997,24.8,43.637,5.566937948729085,45.580000000000005,37.582499999999996,49.1975
25g,row,70,conditional_EA,V2,low,5,42.4,8.590692637965812,43.0,29.0,52.0,16.259116070221822,8.196332592621168,14.665048776797919,8.123879114586595,28.054987806994678,9.243043319090477,2.3863191650465003,9.312474731435135,6.454973947703005,12.011098662582935,0.15624581455840544,0.07800179849777057,0.13223261896634528,0.08339227572516829,0.2703747032212814,40.74375,2.4345535075758757,41.1,36.84375,43.49375,76.64600000000002,8.702698503912455,77.0575,62.23250000000001,84.19250000000002
25g,row,70,conditional_EA,V2,mid,5,33.2,6.058052492344383,31.0,26.0,40.0,17.44964304509928,4.651283777464996,18.426911414588425,10.988591690104508,22.413591672407236,13.67161889690308,3.094248502271152,14.000159359678223,9.53223397862413,16.783190142021386,0.15770682949855347,0.06050697849202426,0.17518300229170836,0.0974079091618681,0.2411899213450246,40.74375,2.4345535075758757,41.1,36.84375,43.49375,76.64600000000002,8.702698503912455,77.0575,62.23250000000001,84.19250000000002
25g,row,70,conditional_EA,V2,high_tail,5,22.4,6.465291950097845,25.0,15.0,29.0,45.52181002580007,9.548690315046192,49.753570957578184,32.2421206259616,54.43625310724143,31.800824809705443,8.391912965372589,35.52910063767816,21.315141502118703,40.27583630295327,0.6860473559430411,0.08331716917001601,0.6303730604240113,0.6258288411660181,0.806350772501173,40.74375,2.4345535075758757,41.1,36.84375,43.49375,76.64600000000002,8.702698503912455,77.0575,62.23250000000001,84.19250000000002
25g,row,70,standard_shallow_finetune,V1,low,5,41.6,7.05691150575094,40.0,35.0,49.0,9.393687501736034,5.18401655715138,8.533185770921612,3.8427831748470713,15.963735892501367,6.114055133979592,2.5868588856525783,6.094394459183674,3.232746428571429,9.931137142857143,0.08670905322511385,0.046225512633621374,0.11425088928093134,0.0332513340816779,0.1297109669749534,22.317499999999995,1.4476772883657472,21.6875,21.299999999999997,24.8,43.637,5.566937948729085,45.580000000000005,37.582499999999996,49.1975
25g,row,70,standard_shallow_finetune,V1,mid,5,31.4,4.449719092257398,30.0,26.0,38.0,7.344986611114801,1.1760236921428957,7.489741006219118,6.042752031473905,8.584217450551412,5.9453006768421055,1.0572542187788057,6.107145666666668,4.660905133333335,7.1106824,0.0475048627917928,0.020684380106143926,0.034773210709615615,0.0328276764501276,0.08036758004147201,22.317499999999995,1.4476772883657472,21.6875,21.299999999999997,24.8,43.637,5.566937948729085,45.580000000000005,37.582499999999996,49.1975
25g,row,70,standard_shallow_finetune,V1,high_tail,5,25.0,4.301162633521313,25.0,19.0,30.0,36.85934348913237,9.088481271260076,33.81707540819936,26.72013946256501,50.98751667872965,26.653147010740547,10.003605945748658,22.760493421052633,19.26557765217391,43.46904504,0.8657860839830933,0.05562086330771951,0.8519034555334004,0.7899214529835745,0.9339209894681945,22.317499999999995,1.4476772883657472,21.6875,21.299999999999997,24.8,43.637,5.566937948729085,45.580000000000005,37.582499999999996,49.1975
25g,row,70,standard_shallow_finetune,V2,low,5,42.4,8.590692637965812,43.0,29.0,52.0,12.237062422771162,5.958432391817572,10.133442896077502,6.277960317882941,20.42118628551915,7.668432353986776,2.058804235369335,7.53977153488372,5.012575638297872,10.31713962195122,0.06956698904366135,0.032023277890181265,0.06275492366205189,0.03052223947151702,0.11636749020173993,40.74375,2.4345535075758757,41.1,36.84375,43.49375,76.64600000000002,8.702698503912455,77.0575,62.23250000000001,84.19250000000002
25g,row,70,standard_shallow_finetune,V2,mid,5,33.2,6.058052492344383,31.0,26.0,40.0,13.806990312253117,1.990191678240024,14.042692292840025,10.854194527078167,16.347100517856532,11.282529236989248,1.6575100683834625,11.289380333333334,8.872538500000001,13.474686451612904,0.08274290558104833,0.03891384896068605,0.08029495618976298,0.04425515592242785,0.13994754427558437,40.74375,2.4345535075758757,41.1,36.84375,43.49375,76.64600000000002,8.702698503912455,77.0575,62.23250000000001,84.19250000000002
25g,row,70,standard_shallow_finetune,V2,high_tail,5,22.4,6.465291950097845,25.0,15.0,29.0,56.74135731468603,7.025126137861116,56.327684330525564,47.23331482882185,65.76649896593364,40.1616075610811,8.734306517571296,36.726683,33.00266804,55.072260629629625,0.8476901053752904,0.04928934188029436,0.8385001397249,0.8033375536084971,0.919005825624065,40.74375,2.4345535075758757,41.1,36.84375,43.49375,76.64600000000002,8.702698503912455,77.0575,62.23250000000001,84.19250000000002
25g,row,70,paper_style_current_v2,V1,low,5,41.6,7.05691150575094,40.0,35.0,49.0,9.383833861908997,5.194113937156384,8.53215538882275,3.8130175152212664,15.964592435804967,6.06801466760204,2.5639659117229963,6.059907367346939,3.2044052653061232,9.855173128571428,0.08673430179466879,0.046709393745223086,0.11467405113744256,0.03307408524710253,0.12993974054814447,22.317499999999995,1.4476772883657472,21.6875,21.299999999999997,24.8,43.637,5.566937948729085,45.580000000000005,37.582499999999996,49.1975
25g,row,70,paper_style_current_v2,V1,mid,5,31.4,4.449719092257398,30.0,26.0,38.0,7.29987736175419,1.144345007770519,7.435279739990776,6.045618407113249,8.522258990488401,5.9012568157943806,1.0295456334827202,6.037443787878787,4.660821066666667,7.056581133333333,0.04696236361541576,0.020342504637281617,0.034212766076326714,0.03285951044978669,0.07937049957333707,22.317499999999995,1.4476772883657472,21.6875,21.299999999999997,24.8,43.637,5.566937948729085,45.580000000000005,37.582499999999996,49.1975
25g,row,70,paper_style_current_v2,V1,high_tail,5,25.0,4.301162633521313,25.0,19.0,30.0,36.83943919987285,9.00425100346058,33.79963849983653,26.84217620105728,50.87118975794814,26.617056675741747,9.932718977856124,22.723402315789475,19.36036030434783,43.33403448,0.8663033345899155,0.055715354444165886,0.8518210153954554,0.7906897598785185,0.9340664043031109,22.317499999999995,1.4476772883657472,21.6875,21.299999999999997,24.8,43.637,5.566937948729085,45.580000000000005,37.582499999999996,49.1975
25g,row,70,paper_style_current_v2,V2,low,5,42.4,8.590692637965812,43.0,29.0,52.0,12.20111326298466,5.965740478084991,10.119186902533894,6.235659221980266,20.41249373649046,7.5963955692634455,2.025525900341878,7.524815093023256,4.964990680851065,10.19379619512195,0.06932067856786658,0.032310531961615506,0.06261790341612126,0.030060639896825284,0.11662251340970578,40.74375,2.4345535075758757,41.1,36.84375,43.49375,76.64600000000002,8.702698503912455,77.0575,62.23250000000001,84.19250000000002
25g,row,70,paper_style_current_v2,V2,mid,5,33.2,6.058052492344383,31.0,26.0,40.0,13.76878348520479,1.9898978655621677,13.947432854454435,10.814271384812896,16.310824057230082,11.252328742324234,1.6647041271502512,11.228207500000003,8.834740192307693,13.460020612903225,0.08250209592841921,0.038945938231143985,0.08036568015411093,0.04386594233358619,0.13951529488014863,40.74375,2.4345535075758757,41.1,36.84375,43.49375,76.64600000000002,8.702698503912455,77.0575,62.23250000000001,84.19250000000002
25g,row,70,paper_style_current_v2,V2,high_tail,5,22.4,6.465291950097845,25.0,15.0,29.0,56.706149185826234,6.968867726148439,56.32760532567993,47.29749709976944,65.63300756276405,40.1194349135166,8.67100041013458,36.73653393333334,33.02855296,54.91864537037037,0.8481772255037143,0.04953342628456932,0.8386339051394969,0.8030118064361832,0.9199239892733064,40.74375,2.4345535075758757,41.1,36.84375,43.49375,76.64600000000002,8.702698503912455,77.0575,62.23250000000001,84.19250000000002
25g,row,100,zero_shot,V1,low,5,43.2,7.981227975693965,44.0,30.0,50.0,14.459394744291526,0.4778242223429029,14.460230762817499,13.787098537542569,14.931434618049442,14.210660501822355,0.5369280762770826,14.354420511363635,13.543328203333333,14.786285076000002,0.04669972497399927,0.02055052698581112,0.04527991839507951,0.019876847969434244,0.0705116352837869,23.00625,1.3561635917174588,23.05,21.106250000000003,24.8,45.85949999999999,4.416387239588484,45.58,39.8775,52.17999999999999
25g,row,100,zero_shot,V1,mid,5,31.4,4.03732584763727,31.0,27.0,38.0,25.569766399492682,2.6250917340466406,25.508494737211905,22.37557975616841,29.6344468438876,25.059054133103064,2.5656757018025287,24.901352146666664,21.908207676315786,29.03795925806452,0.10133299861980186,0.03510999547986044,0.10053104328774178,0.0663151402407398,0.1576225568815897,23.00625,1.3561635917174588,23.05,21.106250000000003,24.8,45.85949999999999,4.416387239588484,45.58,39.8775,52.17999999999999
25g,row,100,zero_shot,V1,high_tail,5,23.4,4.505552130427524,23.0,18.0,30.0,87.93766692385883,6.199529356234194,86.86840013106446,78.83839134444214,94.01603107531396,78.11464261065149,6.643260418725103,76.79873188888888,68.90111602857144,86.04312947999999,0.8519672764061988,0.05240772793023653,0.8541890383171786,0.779480359051006,0.913808011789826,23.00625,1.3561635917174588,23.05,21.106250000000003,24.8,45.85949999999999,4.416387239588484,45.58,39.8775,52.17999999999999
25g,row,100,zero_shot,V2,low,5,43.8,8.700574693662482,46.0,29.0,52.0,22.041417545129587,1.3744041601509986,22.148280432950635,19.98638256066284,23.85416497281554,21.575801857567917,1.3919888361944535,21.72530195106383,19.48860630689655,23.404836825,0.04814541652540884,0.021658785820418112,0.04737660682316716,0.017428219967486263,0.07619611726564246,41.426249999999996,3.012711999801841,42.78125,36.25,43.56875,82.16,14.362148603186059,77.0575,67.74249999999999,105.88499999999993
25g,row,100,zero_shot,V2,mid,5,34.0,5.787918451395113,36.0,25.0,40.0,41.95460047925748,5.8446251040225,40.975956114425415,35.384840095037724,50.76524830396806,40.88591595761336,5.460117936416535,39.980578539999996,34.5105690875,48.93138659722222,0.13341042485388846,0.06753475037107885,0.12251019951120432,0.07534962734839844,0.23891124486803422,41.426249999999996,3.012711999801841,42.78125,36.25,43.56875,82.16,14.362148603186059,77.0575,67.74249999999999,105.88499999999993
25g,row,100,zero_shot,V2,high_tail,5,20.2,7.854934754662192,19.0,10.0,29.0,144.6586468968767,13.634609999051149,144.1997484735742,129.7738147650328,163.08376098537167,128.98199933130974,13.052184066698015,127.80171555172413,112.47585126315789,147.32397580000003,0.8184441586207027,0.08675812566625732,0.819274117657444,0.6848926378663232,0.9072221526841155,41.426249999999996,3.012711999801841,42.78125,36.25,43.56875,82.16,14.362148603186059,77.0575,67.74249999999999,105.88499999999993
25g,row,100,scale_only,V1,low,5,43.2,7.981227975693965,44.0,30.0,50.0,13.25690986951982,5.986771374419331,11.078894677920005,7.55955478705907,20.76668293165049,8.978276729465628,2.366716590865745,9.136774933635483,6.320135574702424,11.928475368688888,0.20197756313189394,0.08821716030171838,0.19903084747612415,0.09952886843031507,0.30593241671408417,23.00625,1.3561635917174588,23.05,21.106250000000003,24.8,45.85949999999999,4.416387239588484,45.58,39.8775,52.17999999999999
25g,row,100,scale_only,V1,mid,5,31.4,4.03732584763727,31.0,27.0,38.0,6.299698554451787,0.8565499022670491,6.532743086994711,5.151909812961897,7.077972568643465,5.027255267079221,0.5246220299376018,5.207957986982479,4.288163829287022,5.531462900347301,0.036916520568714944,0.010616144749508647,0.03989075631621892,0.026036810048420553,0.051393818785327616,23.00625,1.3561635917174588,23.05,21.106250000000003,24.8,45.85949999999999,4.416387239588484,45.58,39.8775,52.17999999999999
25g,row,100,scale_only,V1,high_tail,5,23.4,4.505552130427524,23.0,18.0,30.0,33.58253334025318,2.7114435050821455,34.66210161267871,29.125583537052762,35.685280754800985,21.598322676940505,2.7781877644476958,20.684333589792555,18.412687293327522,25.751149491921254,0.7611059162993912,0.08882767923282589,0.7495753337385482,0.6672343762494299,0.8744343215212644,23.00625,1.3561635917174588,23.05,21.106250000000003,24.8,45.85949999999999,4.416387239588484,45.58,39.8775,52.17999999999999
25g,row,100,scale_only,V2,low,5,43.8,8.700574693662482,46.0,29.0,52.0,15.815682393427693,5.492582627882396,13.773595785228727,10.543909400373956,24.907506945521565,10.923917856099072,2.6225480403788066,11.14153866491813,8.52134642912431,14.988394115112383,0.14465554427823296,0.035094388333325906,0.1424326013813488,0.10456876484661551,0.195763088265009,41.426249999999996,3.012711999801841,42.78125,36.25,43.56875,82.16,14.362148603186059,77.0575,67.74249999999999,105.88499999999993
25g,row,100,scale_only,V2,mid,5,34.0,5.787918451395113,36.0,25.0,40.0,14.216623613087446,4.1186505321093705,13.718022049150413,9.223199531922322,19.27076696395593,11.070829826909149,3.0839806417415216,10.96397784277918,7.206253912610991,14.62651318743184,0.10452205822683583,0.05758397944064284,0.09953366256214798,0.04236673880490783,0.16459969867183502,41.426249999999996,3.012711999801841,42.78125,36.25,43.56875,82.16,14.362148603186059,77.0575,67.74249999999999,105.88499999999993
25g,row,100,scale_only,V2,high_tail,5,20.2,7.854934754662192,19.0,10.0,29.0,53.23736513142094,9.506700394699616,48.13384870996664,45.12700465086314,67.55898642502152,35.37250188301863,3.8438916317571286,34.002450348465175,31.03446177779908,41.214335285062326,0.7508223974949313,0.08105637535577911,0.7784290772534097,0.6426038200402667,0.8409541357528205,41.426249999999996,3.012711999801841,42.78125,36.25,43.56875,82.16,14.362148603186059,77.0575,67.74249999999999,105.88499999999993
25g,row,100,affine,V1,low,5,43.2,7.981227975693965,44.0,30.0,50.0,12.166440110892854,7.473066209173187,8.667981671583526,5.3592260201510715,21.129218447727357,6.6097750852543795,2.580212914211208,6.1059127680140035,3.925469830263471,9.450274633925767,0.17475465281711838,0.12444961885439021,0.13161358374984805,0.06058251334059882,0.33481082996660116,23.00625,1.3561635917174588,23.05,21.106250000000003,24.8,45.85949999999999,4.416387239588484,45.58,39.8775,52.17999999999999
25g,row,100,affine,V1,mid,5,31.4,4.03732584763727,31.0,27.0,38.0,6.433754503856082,1.006492498818299,6.21552340333106,5.214641725563981,7.783327299405973,4.972105419422662,0.8726628368720518,4.718948829667004,3.904324274895513,6.172376039578696,0.04058388918549628,0.01631579747197889,0.031305468715123956,0.02857250460643575,0.06713684787986852,23.00625,1.3561635917174588,23.05,21.106250000000003,24.8,45.85949999999999,4.416387239588484,45.58,39.8775,52.17999999999999
25g,row,100,affine,V1,high_tail,5,23.4,4.505552130427524,23.0,18.0,30.0,33.42911247394183,2.346021090824788,34.181371435553885,29.425357184996912,35.28688472203891,21.969670115942886,2.4595635914121754,21.40302780985022,18.720350465298086,24.646062245645336,0.7846614579973854,0.11975417355326816,0.8012495683702837,0.6338837013182748,0.9108449820529654,23.00625,1.3561635917174588,23.05,21.106250000000003,24.8,45.85949999999999,4.416387239588484,45.58,39.8775,52.17999999999999
25g,row,100,affine,V2,low,5,43.8,8.700574693662482,46.0,29.0,52.0,14.091051675746652,7.230161547858351,10.47618709758652,7.762630130439936,25.349645048844913,7.943133103165954,1.7764570474884633,7.704732810127456,5.601246966420974,10.562847037907247,0.12813571741580937,0.06694320296528385,0.08297141716785687,0.07306065536952329,0.20241316006527518,41.426249999999996,3.012711999801841,42.78125,36.25,43.56875,82.16,14.362148603186059,77.0575,67.74249999999999,105.88499999999993
25g,row,100,affine,V2,mid,5,34.0,5.787918451395113,36.0,25.0,40.0,14.47283350520747,3.4598510427497224,14.4652040378416,9.77838900613876,18.348292929138648,11.336694397998167,2.322320110884116,12.27012000913348,8.11503569737732,13.679340433396126,0.11855097023086128,0.049390440859117035,0.13006497269214576,0.05838321905194022,0.17910711002463933,41.426249999999996,3.012711999801841,42.78125,36.25,43.56875,82.16,14.362148603186059,77.0575,67.74249999999999,105.88499999999993
25g,row,100,affine,V2,high_tail,5,20.2,7.854934754662192,19.0,10.0,29.0,50.11214178742457,10.204153807184259,45.47256421476503,41.594803274596806,66.19258191089007,34.621417696768916,5.397166341162782,33.21938874354336,30.580498197694858,44.028041923677605,0.7533133123533292,0.07220147769711921,0.7413463037712726,0.651319183403033,0.8480074517765872,41.426249999999996,3.012711999801841,42.78125,36.25,43.56875,82.16,14.362148603186059,77.0575,67.74249999999999,105.88499999999993
25g,row,100,target_head_only,V1,low,5,43.2,7.981227975693965,44.0,30.0,50.0,6.60555623668256,2.1888816281978714,5.865069782162542,4.638909327545577,9.157211313787561,4.571176243169636,0.7501038544359292,4.6392777857142855,3.7626434399999997,5.58213323255814,0.023373368415454933,0.008819822329049536,0.021873027236701762,0.012485873087536646,0.03647893233031413,23.00625,1.3561635917174588,23.05,21.106250000000003,24.8,45.85949999999999,4.416387239588484,45.58,39.8775,52.17999999999999
25g,row,100,target_head_only,V1,mid,5,31.4,4.03732584763727,31.0,27.0,38.0,10.494887244687806,2.1069200280473264,9.812245258212075,8.315285113913468,13.965147403499007,9.345605794896562,2.12977824481412,8.879055592592593,7.150913842105266,12.907129645161293,0.04829500915274433,0.02709890817080262,0.04580993228077502,0.02524397140444588,0.0934151245613435,23.00625,1.3561635917174588,23.05,21.106250000000003,24.8,45.85949999999999,4.416387239588484,45.58,39.8775,52.17999999999999
25g,row,100,target_head_only,V1,high_tail,5,23.4,4.505552130427524,23.0,18.0,30.0,55.865084358137665,4.280609475430913,56.2673279899493,49.06020665865105,60.77842356970038,46.14823868116494,4.382920998127448,45.383392388888886,41.04063623809524,53.044473159999995,0.9283316224318007,0.027912197953847008,0.9342993839765625,0.8805409224563056,0.9528830013588524,23.00625,1.3561635917174588,23.05,21.106250000000003,24.8,45.85949999999999,4.416387239588484,45.58,39.8775,52.17999999999999
25g,row,100,target_head_only,V2,low,5,43.8,8.700574693662482,46.0,29.0,52.0,10.721450959113715,0.7948427072811065,10.93050047366572,9.555280594169448,11.496576196016274,9.530498269447133,0.7357120894306314,9.69023193478261,8.679412022222223,10.565754807692306,0.021598738135115626,0.009054438222722566,0.021066736675703784,0.01025766406145844,0.03453718877657186,41.426249999999996,3.012711999801841,42.78125,36.25,43.56875,82.16,14.362148603186059,77.0575,67.74249999999999,105.88499999999993
25g,row,100,target_head_only,V2,mid,5,34.0,5.787918451395113,36.0,25.0,40.0,24.040552290156203,4.608015689138723,22.45247787449555,18.76582061925294,31.0449183617421,22.420475705786792,4.187893860724273,21.3018095,17.228249075,28.50995405555556,0.08843434285371278,0.05405435696550074,0.0797227626887005,0.04170282654565487,0.1743532879500557,41.426249999999996,3.012711999801841,42.78125,36.25,43.56875,82.16,14.362148603186059,77.0575,67.74249999999999,105.88499999999993
25g,row,100,target_head_only,V2,high_tail,5,20.2,7.854934754662192,19.0,10.0,29.0,108.1761619403281,12.002286219178238,105.08216935111908,97.0187278250964,125.47147629436498,92.38419526917725,9.804661804705473,88.91724703448276,81.56686989473683,107.306225,0.8899669190111714,0.06158373846451,0.895270539425859,0.7911095232733725,0.9480395093928865,41.426249999999996,3.012711999801841,42.78125,36.25,43.56875,82.16,14.362148603186059,77.0575,67.74249999999999,105.88499999999993
25g,row,100,local_identity_shrinkage,V1,low,5,43.2,7.981227975693965,44.0,30.0,50.0,12.6377330576349,7.041105977557258,8.667981784203429,5.728901852017655,21.12921870478993,7.114775405795671,2.1878757440129144,6.668104328707807,4.216321962236713,9.45027474373997,0.1854232315188045,0.11329674964424924,0.13161358639191728,0.08030384523561034,0.3348108296910901,23.00625,1.3561635917174588,23.05,21.106250000000003,24.8,45.85949999999999,4.416387239588484,45.58,39.8775,52.17999999999999
25g,row,100,local_identity_shrinkage,V1,mid,5,31.4,4.03732584763727,31.0,27.0,38.0,6.44213201661681,0.9744795157392598,6.215523734579856,5.41937030156751,7.783327661394791,5.089529217679247,0.7165758914763825,4.681687912900218,4.528703413720011,6.172376498781463,0.04055050381687701,0.015829514449213652,0.03130547129189154,0.030351376454729184,0.06713685372786721,23.00625,1.3561635917174588,23.05,21.106250000000003,24.8,45.85949999999999,4.416387239588484,45.58,39.8775,52.17999999999999
25g,row,100,local_identity_shrinkage,V1,high_tail,5,23.4,4.505552130427524,23.0,18.0,30.0,33.23796606689881,2.4030911956014567,33.4482766571345,29.202719614833587,35.286884639375664,21.696306600397186,2.6203442859987134,20.996538223049832,18.720350523414254,24.64606251611232,0.7740262646643183,0.10712075768671792,0.8012495598802154,0.6338836990170182,0.8763739608970235,23.00625,1.3561635917174588,23.05,21.106250000000003,24.8,45.85949999999999,4.416387239588484,45.58,39.8775,52.17999999999999
25g,row,100,local_identity_shrinkage,V2,low,5,43.8,8.700574693662482,46.0,29.0,52.0,15.271402928799414,6.893214245636294,16.124915297715667,8.015659091734875,25.34964418601514,8.811820244852147,2.631921854927831,7.704732889135317,5.800301261980467,12.39814538293916,0.14660292037972594,0.059429188242467595,0.1625818202562726,0.08196287796716041,0.20241315314662967,41.426249999999996,3.012711999801841,42.78125,36.25,43.56875,82.16,14.362148603186059,77.0575,67.74249999999999,105.88499999999993
25g,row,100,local_identity_shrinkage,V2,mid,5,34.0,5.787918451395113,36.0,25.0,40.0,15.745659462577146,4.444511369247822,17.175636392933132,9.831680401443784,20.776042383577174,12.214235649610412,3.2999232052259218,12.863972306741061,8.210179193783489,16.56268264360515,0.13870939611789174,0.06642577617174475,0.14626765983438839,0.05838321818201697,0.22191770530809685,41.426249999999996,3.012711999801841,42.78125,36.25,43.56875,82.16,14.362148603186059,77.0575,67.74249999999999,105.88499999999993
25g,row,100,local_identity_shrinkage,V2,high_tail,5,20.2,7.854934754662192,19.0,10.0,29.0,49.3203594958349,10.627614036694332,45.47256357037858,39.127535783830616,66.19258106040633,35.080308941918055,6.150242393001029,33.60987796283434,28.088570570312886,44.02804007565381,0.7146876835023821,0.08309456552466486,0.7389300041908291,0.6155004744356305,0.8263424474283065,41.426249999999996,3.012711999801841,42.78125,36.25,43.56875,82.16,14.362148603186059,77.0575,67.74249999999999,105.88499999999993
25g,row,100,conditional_EA,V1,low,5,43.2,7.981227975693965,44.0,30.0,50.0,11.648659470989289,7.6152045936580235,7.968038683398337,4.271937282041888,20.05714033826028,5.6906501848471525,1.975685882314017,5.015288258923566,3.3507136873951624,8.263012759882162,0.17601740998096557,0.139401552551394,0.11982382914465636,0.052291415130972484,0.364692742434368,23.00625,1.3561635917174588,23.05,21.106250000000003,24.8,45.85949999999999,4.416387239588484,45.58,39.8775,52.17999999999999
25g,row,100,conditional_EA,V1,mid,5,31.4,4.03732584763727,31.0,27.0,38.0,6.309959750405331,0.9932950304914226,5.881608619426077,5.385534748345208,7.506433057380302,5.084361683203836,0.68663708518004,4.704317974801524,4.491084791400912,5.911403857187421,0.042471336081194286,0.015337890938996342,0.034495297478955515,0.030534517550671957,0.06727801539401362,23.00625,1.3561635917174588,23.05,21.106250000000003,24.8,45.85949999999999,4.416387239588484,45.58,39.8775,52.17999999999999
25g,row,100,conditional_EA,V1,high_tail,5,23.4,4.505552130427524,23.0,18.0,30.0,31.808763971637678,2.682529603207275,32.88529739260275,27.352116196796793,34.242044975595455,21.05755643850818,1.7472159939272869,20.31557013778892,18.992837158828102,23.200087645886615,0.7815112539378399,0.13359139563340156,0.8128981554613299,0.6008119600866765,0.9043629270065027,23.00625,1.3561635917174588,23.05,21.106250000000003,24.8,45.85949999999999,4.416387239588484,45.58,39.8775,52.17999999999999
25g,row,100,conditional_EA,V2,low,5,43.8,8.700574693662482,46.0,29.0,52.0,15.485971884881868,7.274691762588411,15.334802948100704,7.56103923913307,25.409448859399703,9.024277264395149,2.2563056447302285,9.098545295035432,6.146500227421518,11.72530937974838,0.1574137709905033,0.08474206170878902,0.14992800117724547,0.0734714043238386,0.2704978722063905,41.426249999999996,3.012711999801841,42.78125,36.25,43.56875,82.16,14.362148603186059,77.0575,67.74249999999999,105.88499999999993
25g,row,100,conditional_EA,V2,mid,5,34.0,5.787918451395113,36.0,25.0,40.0,16.193651707180578,3.729731926848288,17.1097631164638,10.65581312011554,20.723643671912445,12.716033003237092,2.779148576353964,12.755616779757489,8.832678245954433,16.497975920560464,0.14550514551939062,0.057139013318852294,0.14013209835100332,0.08582125675217465,0.22513747686218877,41.426249999999996,3.012711999801841,42.78125,36.25,43.56875,82.16,14.362148603186059,77.0575,67.74249999999999,105.88499999999993
25g,row,100,conditional_EA,V2,high_tail,5,20.2,7.854934754662192,19.0,10.0,29.0,48.501234705322155,11.340423815342513,44.39691789215229,39.25429500055548,66.44812173553844,33.94911598929862,7.508283862134324,32.964063966445906,25.19021277314815,44.368772579763515,0.6970810834901062,0.0857734983838775,0.6477077046524797,0.6249345219605658,0.8271756682306852,41.426249999999996,3.012711999801841,42.78125,36.25,43.56875,82.16,14.362148603186059,77.0575,67.74249999999999,105.88499999999993
25g,row,100,standard_shallow_finetune,V1,low,5,43.2,7.981227975693965,44.0,30.0,50.0,12.411935362201813,8.841871503286441,8.406304499487426,4.148934097949665,23.32961147657195,6.4945691810057395,2.968329520383157,5.224322857142857,3.3144842,10.367813406976744,0.19487163854484713,0.1504721238953655,0.12638793157577394,0.07202398173976887,0.4151518940553116,23.00625,1.3561635917174588,23.05,21.106250000000003,24.8,45.85949999999999,4.416387239588484,45.58,39.8775,52.17999999999999
25g,row,100,standard_shallow_finetune,V1,mid,5,31.4,4.03732584763727,31.0,27.0,38.0,8.815511795360198,1.7631616853049648,8.843065251357636,6.111859419951728,10.977373179047788,6.876741896962836,1.495287155240754,6.911095129032259,4.983506222222222,9.146263666666666,0.0874008316027378,0.02171251227065077,0.08440040422255239,0.06412710985297715,0.12254171536600035,23.00625,1.3561635917174588,23.05,21.106250000000003,24.8,45.85949999999999,4.416387239588484,45.58,39.8775,52.17999999999999
25g,row,100,standard_shallow_finetune,V1,high_tail,5,23.4,4.505552130427524,23.0,18.0,30.0,29.41717570416938,5.504739467883168,30.587135877490937,21.909644766740122,34.56879542445061,21.684284092778473,4.249929343795204,23.209733000000003,15.920516238095242,25.710845320000004,0.7177275298524151,0.13475397466321976,0.7851276817772811,0.520720996091711,0.8435756140376789,23.00625,1.3561635917174588,23.05,21.106250000000003,24.8,45.85949999999999,4.416387239588484,45.58,39.8775,52.17999999999999
25g,row,100,standard_shallow_finetune,V2,low,5,43.8,8.700574693662482,46.0,29.0,52.0,15.009147805381431,9.308699935355067,10.286878231072112,6.470644374330836,27.213548649769532,7.588745302706462,1.94575639142534,7.833304333333333,5.149677489361704,10.118348034482759,0.1421783756061314,0.10170017791700209,0.11022196260738484,0.045676136561567805,0.27742297748986977,41.426249999999996,3.012711999801841,42.78125,36.25,43.56875,82.16,14.362148603186059,77.0575,67.74249999999999,105.88499999999993
25g,row,100,standard_shallow_finetune,V2,mid,5,34.0,5.787918451395113,36.0,25.0,40.0,16.256635545961622,3.261420655671385,17.277224903914018,10.790699665881343,18.83019032364407,12.351225918577327,2.177393641390949,13.46274545,8.62313890625,13.771253555555553,0.1470377855190818,0.062385786997732826,0.1388297284344379,0.08648596387434854,0.2169740171507617,41.426249999999996,3.012711999801841,42.78125,36.25,43.56875,82.16,14.362148603186059,77.0575,67.74249999999999,105.88499999999993
25g,row,100,standard_shallow_finetune,V2,high_tail,5,20.2,7.854934754662192,19.0,10.0,29.0,49.20914630926382,10.391023586322465,44.77932055129778,42.6226142519428,67.61848386476245,36.83597942383629,7.235271271117823,33.942150407407404,32.064136312500004,49.51750199999999,0.7107838388747869,0.09631604996108892,0.6728040202418536,0.6350438032407534,0.8678378995640837,41.426249999999996,3.012711999801841,42.78125,36.25,43.56875,82.16,14.362148603186059,77.0575,67.74249999999999,105.88499999999993
25g,row,100,paper_style_current_v2,V1,low,5,43.2,7.981227975693965,44.0,30.0,50.0,12.404037521217623,8.850835644606532,8.402596080297066,4.134461833040124,23.323452163733617,6.482071911766637,2.9751962364680082,5.223442142857143,3.28828513,10.35932011627907,0.19463913618335044,0.1505219796040039,0.1270906798033997,0.07147254749055117,0.4148075015443108,23.00625,1.3561635917174588,23.05,21.106250000000003,24.8,45.85949999999999,4.416387239588484,45.58,39.8775,52.17999999999999
25g,row,100,paper_style_current_v2,V1,mid,5,31.4,4.03732584763727,31.0,27.0,38.0,8.807700536083315,1.7629925939267534,8.811362646806574,6.1086447475522005,10.973158184645424,6.881110093240897,1.494018653851452,6.914807263157896,4.984696777777778,9.144061683333332,0.0872702900060692,0.021647953532085297,0.08425288593798158,0.06405853715180572,0.12229210045809681,23.00625,1.3561635917174588,23.05,21.106250000000003,24.8,45.85949999999999,4.416387239588484,45.58,39.8775,52.17999999999999
25g,row,100,paper_style_current_v2,V1,high_tail,5,23.4,4.505552130427524,23.0,18.0,30.0,29.414052456605408,5.468366700405029,30.616175464079888,21.926361206931595,34.44392367941855,21.650299163605247,4.206105953414965,23.234134799999996,15.92316547619048,25.72377888,0.7180905738105803,0.13481667255287944,0.7844917667266655,0.5211339613038837,0.8442745665714672,23.00625,1.3561635917174588,23.05,21.106250000000003,24.8,45.85949999999999,4.416387239588484,45.58,39.8775,52.17999999999999
25g,row,100,paper_style_current_v2,V2,low,5,43.8,8.700574693662482,46.0,29.0,52.0,14.991102822988413,9.325257078574248,10.259386691760925,6.430156884666479,27.21919951551012,7.570382900417002,1.9532568606325473,7.805927733333335,5.101198808510638,10.107100206896554,0.14184132083830206,0.10173680229522586,0.10940327289010271,0.04510850929650237,0.27710415211445005,41.426249999999996,3.012711999801841,42.78125,36.25,43.56875,82.16,14.362148603186059,77.0575,67.74249999999999,105.88499999999993
25g,row,100,paper_style_current_v2,V2,mid,5,34.0,5.787918451395113,36.0,25.0,40.0,16.221633100533765,3.2427293324697364,17.26327510965199,10.766110369293553,18.680366936713458,12.333701252754505,2.165700687161029,13.462381975,8.61836840625,13.689517360000004,0.14650807894660128,0.06203703222120883,0.13879347233387807,0.08609642386084031,0.21668730364254749,41.426249999999996,3.012711999801841,42.78125,36.25,43.56875,82.16,14.362148603186059,77.0575,67.74249999999999,105.88499999999993
25g,row,100,paper_style_current_v2,V2,high_tail,5,20.2,7.854934754662192,19.0,10.0,29.0,49.20616878712762,10.292737165072621,44.807132340366586,42.7024971428826,67.44217307052331,36.81889407253143,7.127843754882838,33.97157437037037,32.14783525000001,49.310100000000006,0.7116506002150966,0.09657302895352332,0.6739094234673497,0.6355436721379366,0.8687950668426573,41.426249999999996,3.012711999801841,42.78125,36.25,43.56875,82.16,14.362148603186059,77.0575,67.74249999999999,105.88499999999993
25g,compound,30,zero_shot,V1,low,5,48.8,12.94990347454374,44.0,40.0,71.0,14.548900250312494,0.9992610261182719,14.320454180330868,13.545867804120988,16.069012699939137,14.350312419478886,0.9075462979744783,14.142517640816324,13.424674894999999,15.705330928169014,0.06232059545927928,0.05237136187610135,0.03889227950707281,0.03812678564195515,0.155997378236786,24.2875,2.9749179347924875,23.38125,21.7875,28.95,52.88250000000001,19.83433662553401,47.05,36.03250000000002,83.2475
25g,compound,30,zero_shot,V1,mid,5,32.2,8.497058314499201,30.0,22.0,44.0,28.789852078167335,7.984308547788378,29.97541308537889,21.04588936281605,40.785199320072365,27.76342659151901,6.984879215808028,28.96618056136364,20.782763142857142,37.922667862162164,0.14577762333804029,0.0871307262267825,0.15468761133799308,0.06442421461299078,0.27546591750610966,24.2875,2.9749179347924875,23.38125,21.7875,28.95,52.88250000000001,19.83433662553401,47.05,36.03250000000002,83.2475
25g,compound,30,zero_shot,V1,high_tail,5,21.4,10.96813566655701,18.0,10.0,33.0,91.80011305700108,22.736604795243842,78.16224631187471,72.35518382893673,123.67214050583611,83.575394480878,23.877408097497177,73.11746162307692,62.61778853939393,118.2656604,0.7919017812026806,0.10838943289044346,0.8067106452390872,0.6757996761267623,0.897448999745054,24.2875,2.9749179347924875,23.38125,21.7875,28.95,52.88250000000001,19.83433662553401,47.05,36.03250000000002,83.2475
25g,compound,30,zero_shot,V2,low,5,50.8,16.84339633209407,59.0,24.0,66.0,22.86204625318902,2.4243875720188623,24.264785900168143,18.75443355923408,24.386883606753813,22.364750243576527,2.2361523035676214,23.64481619333333,18.59231942916667,23.899103229999998,0.06489958303682668,0.038986677002160845,0.05764459595793349,0.020054409557117108,0.1274124115459485,44.0625,6.804497880538284,46.84375,31.9375,47.8375,88.85150000000002,33.61847695092685,76.275,53.945000000000036,137.51250000000002
25g,compound,30,zero_shot,V2,mid,5,30.2,8.228000972289685,33.0,18.0,40.0,45.183679994824615,13.80271403622468,41.556874866921994,27.745087667255632,65.19578425342307,43.93361609524411,12.593376474082039,40.95831257407408,27.331900437499996,61.649844803030305,0.14569477519724444,0.0922578561545651,0.13535178347011964,0.05661305587889527,0.2862428875955614,44.0625,6.804497880538284,46.84375,31.9375,47.8375,88.85150000000002,33.61847695092685,76.275,53.945000000000036,137.51250000000002
25g,compound,30,zero_shot,V2,high_tail,5,21.4,11.76010204037363,18.0,9.0,37.0,140.3000483548811,36.412816581966,125.20333777837934,101.56828595892881,189.45981114691483,128.5361392446893,38.54370372151773,111.85158453846155,87.36863354054054,183.88888055555557,0.7894056417659288,0.10930144546754489,0.8070036205719469,0.6592626111540447,0.9067941421289308,44.0625,6.804497880538284,46.84375,31.9375,47.8375,88.85150000000002,33.61847695092685,76.275,53.945000000000036,137.51250000000002
25g,compound,30,scale_only,V1,low,5,48.8,12.94990347454374,44.0,40.0,71.0,11.349433616493103,3.0686322272415416,11.464145625466507,8.215239287835507,16.063442745293198,9.813967138684578,2.6088098843078815,10.308377704391065,6.674247242208545,13.537646428124862,0.30533862419321417,0.16542542391101372,0.2530210124186356,0.09347960359802729,0.5131059749865085,24.2875,2.9749179347924875,23.38125,21.7875,28.95,52.88250000000001,19.83433662553401,47.05,36.03250000000002,83.2475
25g,compound,30,scale_only,V1,mid,5,32.2,8.497058314499201,30.0,22.0,44.0,8.075724332684185,3.265829520060896,8.348073463832137,3.9244388540406243,11.360320763922504,6.345223364877641,2.4384948122986283,6.307634502919314,3.2300382912227064,9.32317776624815,0.11977722007727756,0.09195881808413704,0.13504955058169327,0.014544544956439033,0.22982439299122137,24.2875,2.9749179347924875,23.38125,21.7875,28.95,52.88250000000001,19.83433662553401,47.05,36.03250000000002,83.2475
25g,compound,30,scale_only,V1,high_tail,5,21.4,10.96813566655701,18.0,10.0,33.0,25.560228405712937,5.886628137514365,25.45291222155168,17.52890237803277,32.77959541516963,19.618375029255144,5.464622163727376,19.410317242922993,14.540888977311726,27.931488050035533,0.5748841557295082,0.22802618791776283,0.5171545945901428,0.3518444744317983,0.8919758514455336,24.2875,2.9749179347924875,23.38125,21.7875,28.95,52.88250000000001,19.83433662553401,47.05,36.03250000000002,83.2475
25g,compound,30,scale_only,V2,low,5,50.8,16.84339633209407,59.0,24.0,66.0,13.316385595047914,3.5906577845751038,14.770807981150964,8.129817648586338,16.96329354248764,11.765456037785448,3.5186921545536203,13.11760749434759,6.918754418679792,15.395114808905126,0.22258241160245937,0.1582701044000155,0.22826036976911665,0.04995269574020065,0.4663898720900122,44.0625,6.804497880538284,46.84375,31.9375,47.8375,88.85150000000002,33.61847695092685,76.275,53.945000000000036,137.51250000000002
25g,compound,30,scale_only,V2,mid,5,30.2,8.228000972289685,33.0,18.0,40.0,15.695728458251338,5.622037952621855,16.49088667710008,6.780643749156846,21.351678653030095,13.062646283350315,4.606797821486897,14.694495889022278,5.758941773357078,17.509981547271444,0.21168232211801233,0.11871972066478576,0.25143614674512066,0.01060131330432587,0.32159708884867555,44.0625,6.804497880538284,46.84375,31.9375,47.8375,88.85150000000002,33.61847695092685,76.275,53.945000000000036,137.51250000000002
25g,compound,30,scale_only,V2,high_tail,5,21.4,11.76010204037363,18.0,9.0,37.0,38.23432543449116,15.354898990061688,45.65053911539341,17.0271914231853,51.963126685058576,28.520112828391156,13.27613687768424,33.90072446338021,12.016524643463981,43.66996446571318,0.5657352662795283,0.26088805284176303,0.5372507450271397,0.21201303906131239,0.9394459909554737,44.0625,6.804497880538284,46.84375,31.9375,47.8375,88.85150000000002,33.61847695092685,76.275,53.945000000000036,137.51250000000002
25g,compound,30,affine,V1,low,5,48.8,12.94990347454374,44.0,40.0,71.0,7.8313520991476455,2.2023386056388454,7.7453775876881155,5.486878214469711,11.390494239490298,5.436018608628744,0.611827775215759,5.67798653215395,4.34715007219885,5.809518243055302,0.1641321134323525,0.11325343568107148,0.10593252532717123,0.06073275012348376,0.33805462247954415,24.2875,2.9749179347924875,23.38125,21.7875,28.95,52.88250000000001,19.83433662553401,47.05,36.03250000000002,83.2475
25g,compound,30,affine,V1,mid,5,32.2,8.497058314499201,30.0,22.0,44.0,8.395698258618614,3.7715942522467762,9.301108046089482,4.147545366452795,12.903332296576918,6.013294540288034,2.2323036603674407,6.978775231461919,3.3074869789220935,8.369058434859985,0.1465259367679945,0.12294567734937832,0.17274478689647818,0.019072928763299503,0.31068322311987817,24.2875,2.9749179347924875,23.38125,21.7875,28.95,52.88250000000001,19.83433662553401,47.05,36.03250000000002,83.2475
25g,compound,30,affine,V1,high_tail,5,21.4,10.96813566655701,18.0,10.0,33.0,27.290029577262846,6.536562511534185,26.88727360969308,18.35499043010219,35.30412995741346,22.14842808319093,5.747998417400218,20.312009581458334,16.073736607748092,29.729574614362576,0.6893419497996529,0.1799381153373324,0.6285840267566382,0.46143047470204324,0.8817009627045733,24.2875,2.9749179347924875,23.38125,21.7875,28.95,52.88250000000001,19.83433662553401,47.05,36.03250000000002,83.2475
25g,compound,30,affine,V2,low,5,50.8,16.84339633209407,59.0,24.0,66.0,8.982181656621808,1.4638779476596306,8.498697134966852,7.959792826501796,11.564175862148053,7.104744233768015,1.728475449146611,6.86224526114924,5.151582106719054,9.907956696301337,0.13277621585892002,0.12378451089627711,0.07072158657858835,0.0514201326992129,0.3479900610811102,44.0625,6.804497880538284,46.84375,31.9375,47.8375,88.85150000000002,33.61847695092685,76.275,53.945000000000036,137.51250000000002
25g,compound,30,affine,V2,mid,5,30.2,8.228000972289685,33.0,18.0,40.0,14.731911559882686,4.873373600848112,14.906787151351912,8.802021912891165,21.374425321933693,11.4880452193074,3.3558302182694284,12.153664867598124,7.357375184614895,16.233037049389786,0.21564093852790706,0.15040535885636364,0.22161708836313393,0.024318850485009313,0.4379757491979232,44.0625,6.804497880538284,46.84375,31.9375,47.8375,88.85150000000002,33.61847695092685,76.275,53.945000000000036,137.51250000000002
25g,compound,30,affine,V2,high_tail,5,21.4,11.76010204037363,18.0,9.0,37.0,37.86065536049345,17.023250564070157,41.59116985354378,15.01795506834516,58.551539492702524,30.141274513157015,14.697411454037265,32.72116638699796,12.511897117121265,48.625426547775355,0.6515828456131729,0.264677807278772,0.7125403999871542,0.2140341897209666,0.9049595629364023,44.0625,6.804497880538284,46.84375,31.9375,47.8375,88.85150000000002,33.61847695092685,76.275,53.945000000000036,137.51250000000002
25g,compound,30,target_head_only,V1,low,5,48.8,12.94990347454374,44.0,40.0,71.0,4.473472229195276,0.5335784707416813,4.495253242085689,3.788000332378939,5.237588538680948,3.687446180411821,0.39227212372904635,3.7289209545454542,3.0858303499999997,4.118874030612244,0.018987061896340106,0.018114038461722073,0.010898912533263357,0.008599800925397348,0.051141709259350444,24.2875,2.9749179347924875,23.38125,21.7875,28.95,52.88250000000001,19.83433662553401,47.05,36.03250000000002,83.2475
25g,compound,30,target_head_only,V1,mid,5,32.2,8.497058314499201,30.0,22.0,44.0,13.060706633395995,5.774854757723971,12.9195684286854,7.199428302018275,21.923271691088082,11.490285861557856,4.753664026456618,12.25239156818182,6.566075553571429,18.587239702702696,0.10280756887709686,0.0884442315939052,0.10013484964107001,0.021745151767571292,0.23978792314669095,24.2875,2.9749179347924875,23.38125,21.7875,28.95,52.88250000000001,19.83433662553401,47.05,36.03250000000002,83.2475
25g,compound,30,target_head_only,V1,high_tail,5,21.4,10.96813566655701,18.0,10.0,33.0,55.61659530379927,14.364020603219144,48.485145095051124,43.39251108889657,74.54598476981614,48.04285771042734,14.445478430923583,39.14737530769231,35.99450251515151,67.9752128,0.8782053692265631,0.09329562135207338,0.8853012946482524,0.7493131643200459,0.9696550473070312,24.2875,2.9749179347924875,23.38125,21.7875,28.95,52.88250000000001,19.83433662553401,47.05,36.03250000000002,83.2475
25g,compound,30,target_head_only,V2,low,5,50.8,16.84339633209407,59.0,24.0,66.0,10.682143797199435,2.187998050084421,11.386785814977811,7.428084120901427,13.088656477494544,9.63516393941791,1.9706327377272435,10.149145067796608,6.870847333333333,11.755983444444446,0.030685875173427475,0.018701175546264465,0.028432956334774967,0.006579410657319382,0.05880298794654851,44.0625,6.804497880538284,46.84375,31.9375,47.8375,88.85150000000002,33.61847695092685,76.275,53.945000000000036,137.51250000000002
25g,compound,30,target_head_only,V2,mid,5,30.2,8.228000972289685,33.0,18.0,40.0,26.14215116992731,10.915145093249421,22.398956964766487,13.089783030241342,42.043118054094755,24.584289826111114,10.00306792831627,21.744999222222223,12.248154575000001,38.98553821212122,0.10882582112783248,0.08874109264569031,0.1006783486694786,0.03356570697462111,0.24983469709796075,44.0625,6.804497880538284,46.84375,31.9375,47.8375,88.85150000000002,33.61847695092685,76.275,53.945000000000036,137.51250000000002
25g,compound,30,target_head_only,V2,high_tail,5,21.4,11.76010204037363,18.0,9.0,37.0,101.04822818028202,27.680889355918666,91.71856467074566,72.24050028001479,136.39813137338882,90.24425791791637,28.726258058098058,76.03994786666665,60.11398951351351,130.54677988888886,0.8604883036987401,0.09814918375022086,0.8727256964122259,0.7171472368918402,0.9593682452831965,44.0625,6.804497880538284,46.84375,31.9375,47.8375,88.85150000000002,33.61847695092685,76.275,53.945000000000036,137.51250000000002
25g,compound,30,local_identity_shrinkage,V1,low,5,48.8,12.94990347454374,44.0,40.0,71.0,7.805768118138644,2.1507960954406844,7.745377585102065,5.486877837245368,11.262573533495322,5.460189569232549,0.6243814453734565,5.7009470521105925,4.347149631880173,5.809518276528392,0.171695583742625,0.11877136905187587,0.10593251972266461,0.060732742728012906,0.3380546547015584,24.2875,2.9749179347924875,23.38125,21.7875,28.95,52.88250000000001,19.83433662553401,47.05,36.03250000000002,83.2475
25g,compound,30,local_identity_shrinkage,V1,mid,5,32.2,8.497058314499201,30.0,22.0,44.0,8.170937092372885,3.6283396973457136,9.3011092533081,4.1475453118444925,12.903333040127078,5.782601678002556,2.105424495043977,6.275503116893421,3.3074868439200147,8.3690590592962,0.14524440642995798,0.12263708183512746,0.16633710444703179,0.019072928455232046,0.31068326381289885,24.2875,2.9749179347924875,23.38125,21.7875,28.95,52.88250000000001,19.83433662553401,47.05,36.03250000000002,83.2475
25g,compound,30,local_identity_shrinkage,V1,high_tail,5,21.4,10.96813566655701,18.0,10.0,33.0,26.587135470369994,6.141791323397268,26.887273491599913,18.35499242198103,35.304128744679126,21.623331023247744,5.362903966522934,20.312009644243176,16.073738194490513,29.72957393248364,0.6830600098274169,0.18388203939925774,0.6285839934590882,0.46143044629369134,0.8817009639358103,24.2875,2.9749179347924875,23.38125,21.7875,28.95,52.88250000000001,19.83433662553401,47.05,36.03250000000002,83.2475
25g,compound,30,local_identity_shrinkage,V2,low,5,50.8,16.84339633209407,59.0,24.0,66.0,8.504302410897882,0.44730003446940225,8.498697544858079,7.95979280530282,9.17477760954142,6.650920353587348,0.9148745455384042,6.86224510495206,5.1515826745474405,7.638836843985441,0.12516688744057203,0.12531856515090187,0.07072158443186558,0.05142018060891515,0.3479900336299682,44.0625,6.804497880538284,46.84375,31.9375,47.8375,88.85150000000002,33.61847695092685,76.275,53.945000000000036,137.51250000000002
25g,compound,30,local_identity_shrinkage,V2,mid,5,30.2,8.228000972289685,33.0,18.0,40.0,14.593520874072322,4.641911739951109,14.906788768612612,8.80202194578804,20.682464697822542,11.402841342895446,3.2073587037924614,12.153666114098398,7.357374996900979,15.807012099990922,0.21780528349627434,0.15092646152876094,0.22161709341717395,0.024318850463352595,0.43797576743457567,44.0625,6.804497880538284,46.84375,31.9375,47.8375,88.85150000000002,33.61847695092685,76.275,53.945000000000036,137.51250000000002
25g,compound,30,local_identity_shrinkage,V2,high_tail,5,21.4,11.76010204037363,18.0,9.0,37.0,37.548444717531986,16.828706127309264,41.591170077335136,15.01795670827672,58.55153827841917,29.71807999808221,14.428162345496768,32.721166633862644,12.511897660973753,48.625426221877156,0.6570278290631537,0.26444792902695935,0.7125403931817073,0.2140341989354561,0.9049595651047819,44.0625,6.804497880538284,46.84375,31.9375,47.8375,88.85150000000002,33.61847695092685,76.275,53.945000000000036,137.51250000000002
25g,compound,30,conditional_EA,V1,low,5,48.8,12.94990347454374,44.0,40.0,71.0,6.963842420383355,2.4414102497868266,5.849516617282568,5.387411120555183,11.209635530328399,4.7574920281837665,0.3777021855199223,4.622295237469902,4.337347645932178,5.23677938554227,0.1551575382693195,0.11138917873532536,0.09561025671970565,0.06299990195932795,0.2869535605125025,24.2875,2.9749179347924875,23.38125,21.7875,28.95,52.88250000000001,19.83433662553401,47.05,36.03250000000002,83.2475
25g,compound,30,conditional_EA,V1,mid,5,32.2,8.497058314499201,30.0,22.0,44.0,7.779743251807838,3.0325558710423404,8.504172531012912,4.563071285463694,11.611793835456874,5.61432862794087,1.689142619659039,6.248521399458081,3.743789282339754,7.666886611553362,0.13938994091491128,0.107372503503662,0.1668211075488912,0.029704084054568685,0.27954962767121644,24.2875,2.9749179347924875,23.38125,21.7875,28.95,52.88250000000001,19.83433662553401,47.05,36.03250000000002,83.2475
25g,compound,30,conditional_EA,V1,high_tail,5,21.4,10.96813566655701,18.0,10.0,33.0,25.3459151755576,5.834611445551636,24.159866719386255,18.492633362620953,34.199715916420374,20.66387374083519,5.6341614239220155,18.027305665617472,16.140911090707718,29.233433996169623,0.7054525208157693,0.17464359099685436,0.6553956557164672,0.5251147072631155,0.9040569449651743,24.2875,2.9749179347924875,23.38125,21.7875,28.95,52.88250000000001,19.83433662553401,47.05,36.03250000000002,83.2475
25g,compound,30,conditional_EA,V2,low,5,50.8,16.84339633209407,59.0,24.0,66.0,9.31693085864321,1.7370455170971046,9.221825320672627,7.9213941402061305,12.20356465065417,7.839028990320884,1.6356250895213273,7.280713909539797,6.653942443089355,10.665776788800862,0.13535798973349297,0.12142587151485476,0.09149465038497817,0.04653844436613464,0.34656729920888946,44.0625,6.804497880538284,46.84375,31.9375,47.8375,88.85150000000002,33.61847695092685,76.275,53.945000000000036,137.51250000000002
25g,compound,30,conditional_EA,V2,mid,5,30.2,8.228000972289685,33.0,18.0,40.0,17.32047645693615,4.518863349875193,16.360315016546473,10.956474406664128,22.53911467800744,13.69002321145758,3.2413043137384574,13.103099526408228,8.9462895515317,17.38347033693086,0.2725786538445526,0.14756378900263584,0.30823424766925245,0.03962384777102931,0.44316548811332956,44.0625,6.804497880538284,46.84375,31.9375,47.8375,88.85150000000002,33.61847695092685,76.275,53.945000000000036,137.51250000000002
25g,compound,30,conditional_EA,V2,high_tail,5,21.4,11.76010204037363,18.0,9.0,37.0,36.745326449223015,16.982802219047848,40.25370986763322,16.240697621938732,58.615848063757724,28.471786766804467,14.047955529725037,30.478049409266266,12.39161117587875,46.68931615400034,0.5920633564219544,0.24583563066347802,0.6350892293812183,0.21026721267778106,0.8914060206118248,44.0625,6.804497880538284,46.84375,31.9375,47.8375,88.85150000000002,33.61847695092685,76.275,53.945000000000036,137.51250000000002
25g,compound,30,standard_shallow_finetune,V1,low,5,48.8,12.94990347454374,44.0,40.0,71.0,7.964332988422351,3.0792950040498557,6.917192682020812,4.487828582584576,11.964754917060857,5.652032966350309,1.6768940237286543,5.981697975,3.799608704545454,7.626446809859154,0.11199563706833093,0.11523297910204863,0.05954423464801276,0.017501345641050162,0.2995809033297931,24.2875,2.9749179347924875,23.38125,21.7875,28.95,52.88250000000001,19.83433662553401,47.05,36.03250000000002,83.2475
25g,compound,30,standard_shallow_finetune,V1,mid,5,32.2,8.497058314499201,30.0,22.0,44.0,11.87156066015223,7.187984400775293,10.3634675112369,5.476370013437143,23.56478330344953,8.574875503052532,4.129095079359639,8.560817909090908,4.349481178571428,14.561137297297297,0.18756053459984962,0.2582488985057229,0.09397105747766517,0.021977761287230134,0.6392174236123501,24.2875,2.9749179347924875,23.38125,21.7875,28.95,52.88250000000001,19.83433662553401,47.05,36.03250000000002,83.2475
25g,compound,30,standard_shallow_finetune,V1,high_tail,5,21.4,10.96813566655701,18.0,10.0,33.0,36.04213765671673,4.979757480648288,34.248731877248794,31.116814753982705,43.60845112288522,28.785995096767675,4.370863857152163,28.19664806060606,23.567349545454544,35.657237277777774,0.7004438283318193,0.26901785426714137,0.7014089885957709,0.30123834173963693,0.954718678853325,24.2875,2.9749179347924875,23.38125,21.7875,28.95,52.88250000000001,19.83433662553401,47.05,36.03250000000002,83.2475
25g,compound,30,standard_shallow_finetune,V2,low,5,50.8,16.84339633209407,59.0,24.0,66.0,10.575391564919302,4.310017380535035,10.224233553785098,6.4743818014082635,17.48159300286921,7.878027678193801,3.018138620902657,7.965114,4.217419083333334,11.810028651515148,0.10061610966348652,0.1329336393430804,0.055869419457676074,0.018370857179156853,0.3365010055527833,44.0625,6.804497880538284,46.84375,31.9375,47.8375,88.85150000000002,33.61847695092685,76.275,53.945000000000036,137.51250000000002
25g,compound,30,standard_shallow_finetune,V2,mid,5,30.2,8.228000972289685,33.0,18.0,40.0,20.786842066941276,12.884711239118138,15.023321832492096,10.744944769514987,42.0395884145235,15.423468172979796,7.643077667638797,12.331439333333332,8.863598374999999,27.054038,0.19897879599201143,0.2384342070104807,0.10166609128260067,0.027449801943882655,0.6163730466612594,44.0625,6.804497880538284,46.84375,31.9375,47.8375,88.85150000000002,33.61847695092685,76.275,53.945000000000036,137.51250000000002
25g,compound,30,standard_shallow_finetune,V2,high_tail,5,21.4,11.76010204037363,18.0,9.0,37.0,54.35159465177228,12.130592544323875,56.32567311186867,36.44237002058753,69.7056030937198,41.023774662661125,10.479568662032786,41.19658315384616,25.310512459459463,54.185456944444454,0.7004050943445022,0.25634149527221956,0.7790570612470472,0.32425996640222715,0.9395779188648145,44.0625,6.804497880538284,46.84375,31.9375,47.8375,88.85150000000002,33.61847695092685,76.275,53.945000000000036,137.51250000000002
25g,compound,30,paper_style_current_v2,V1,low,5,48.8,12.94990347454374,44.0,40.0,71.0,7.858806498002122,3.0613191489866027,6.722052097260829,4.460963911640787,11.920042644111033,5.554352967891505,1.6341953732166512,5.7782605375000005,3.77845734090909,7.491414887323943,0.10862017552626646,0.1106409325357204,0.05821151597497393,0.017074793206448228,0.28733666913827555,24.2875,2.9749179347924875,23.38125,21.7875,28.95,52.88250000000001,19.83433662553401,47.05,36.03250000000002,83.2475
25g,compound,30,paper_style_current_v2,V1,mid,5,32.2,8.497058314499201,30.0,22.0,44.0,11.731751673725258,7.0243010459925195,10.30392281043494,5.386504785773711,23.108700355618204,8.494552663216334,4.034141030308573,8.58025059090909,4.285713678571429,14.27558754054054,0.1859578426947947,0.25743194398968045,0.09264866735072981,0.020885346009359623,0.636352766823568,24.2875,2.9749179347924875,23.38125,21.7875,28.95,52.88250000000001,19.83433662553401,47.05,36.03250000000002,83.2475
25g,compound,30,paper_style_current_v2,V1,high_tail,5,21.4,10.96813566655701,18.0,10.0,33.0,36.216574197708425,5.067469417906888,34.67557351825408,30.795504671157165,43.77283801783018,28.844577775524478,4.387307352496424,28.42575627272727,23.874673848484846,35.783118333333334,0.7054219817789389,0.2670899772950211,0.7051036228928526,0.3054357172014582,0.9555805377613967,24.2875,2.9749179347924875,23.38125,21.7875,28.95,52.88250000000001,19.83433662553401,47.05,36.03250000000002,83.2475
25g,compound,30,paper_style_current_v2,V2,low,5,50.8,16.84339633209407,59.0,24.0,66.0,10.397638279193895,4.171187524234363,10.13410805501388,6.457311866675247,17.135047885259965,7.703596143000342,2.90937179885521,7.81482435,4.170107708333334,11.591293363636362,0.09735560652372259,0.1279817911995602,0.05493238412442542,0.017935411213501926,0.3244292994588341,44.0625,6.804497880538284,46.84375,31.9375,47.8375,88.85150000000002,33.61847695092685,76.275,53.945000000000036,137.51250000000002
25g,compound,30,paper_style_current_v2,V2,mid,5,30.2,8.228000972289685,33.0,18.0,40.0,20.568818079629104,12.626601032562192,14.875574662228418,10.646587773217053,41.326790468816355,15.269562868299664,7.503024078320372,12.18222585185185,8.772497525,26.629906272727272,0.19788090033418537,0.23950757092053598,0.10002688782774398,0.026984309850975743,0.6173026667909699,44.0625,6.804497880538284,46.84375,31.9375,47.8375,88.85150000000002,33.61847695092685,76.275,53.945000000000036,137.51250000000002
25g,compound,30,paper_style_current_v2,V2,high_tail,5,21.4,11.76010204037363,18.0,9.0,37.0,54.442968720067825,11.912925726505671,56.69616911499264,36.85667204899809,69.7753634734145,41.161799945497805,10.332280016033227,41.849851769230774,25.565937702702705,54.21026022222223,0.7047634931420921,0.25520256812412784,0.7812370954307943,0.325489088684125,0.940742996852078,44.0625,6.804497880538284,46.84375,31.9375,47.8375,88.85150000000002,33.61847695092685,76.275,53.945000000000036,137.51250000000002
25g,compound,50,zero_shot,V1,low,5,48.6,13.501851724856113,49.0,32.0,68.0,14.45098951874483,0.7898557294677322,14.320454180330868,13.597815092800653,15.716517529991615,14.266596375077706,0.713020888607673,14.142517640816324,13.476119531707315,15.40074816029412,0.06016690648115306,0.0469852230776869,0.03938026684324656,0.02837856091406365,0.14292299816374346,23.995,2.5900025639466073,23.38125,22.04375,28.45,49.0675,8.07203602723625,51.62250000000003,35.09,55.70749999999998
25g,compound,50,zero_shot,V1,mid,5,32.4,6.5038450166036395,32.0,26.0,42.0,27.3021154121597,3.6341625912102082,28.865855503202933,21.22256193689474,29.969434420663244,26.56104668911732,3.4092980668611887,27.90086783809524,20.977165296296295,29.224959569230766,0.12801003464382307,0.049421700237213,0.13443594755635352,0.06317073341169936,0.1957122362415771,23.995,2.5900025639466073,23.38125,22.04375,28.45,49.0675,8.07203602723625,51.62250000000003,35.09,55.70749999999998
25g,compound,50,zero_shot,V1,high_tail,5,21.4,7.635443667528429,20.0,12.0,33.0,88.88165879074752,12.48410122112444,91.90229420012314,72.35518382893673,103.74788030484848,80.26658664644248,11.751500334850267,82.85973440869566,62.61778853939393,93.43404396000001,0.811823058875024,0.09162654270052227,0.8269623090207268,0.6613647655946795,0.897448999745054,23.995,2.5900025639466073,23.38125,22.04375,28.45,49.0675,8.07203602723625,51.62250000000003,35.09,55.70749999999998
25g,compound,50,zero_shot,V2,low,5,51.4,16.90562036720333,60.0,29.0,68.0,22.5664859129578,2.2427888684054174,23.07739082987462,20.173167775994795,24.92296581822964,22.11810387718763,2.0421319876981037,22.457722367647058,19.962511644827586,24.22684946451613,0.06566554537327299,0.04420791693475902,0.05764459595793349,0.024083962123081348,0.13755849237308174,43.720000000000006,6.120582590734319,47.1375,36.4625,49.7875,80.888,17.002333700113045,81.2125,54.587500000000006,101.74749999999999
25g,compound,50,zero_shot,V2,mid,5,29.2,5.0199601592044525,27.0,25.0,36.0,42.72683500520029,8.0380769014277,41.931932907621004,30.664125566594223,50.388061682166,41.78859012584175,7.70689416353196,41.313902580000004,30.366302925925925,49.00569577272728,0.12020886331984552,0.03881994312534305,0.12257547397467718,0.06031365790421452,0.16696861990056094,43.720000000000006,6.120582590734319,47.1375,36.4625,49.7875,80.888,17.002333700113045,81.2125,54.587500000000006,101.74749999999999
25g,compound,50,zero_shot,V2,high_tail,5,21.8,8.613942186943213,20.0,13.0,36.0,134.6620892374854,24.841330320506056,137.86657496613716,102.7301383814956,166.5919915129355,121.96885646122766,23.417670629628596,125.20435504545458,88.626564,151.0258697222222,0.8141255913068814,0.07664203045103568,0.8122240757869627,0.6954728877263572,0.902586808546899,43.720000000000006,6.120582590734319,47.1375,36.4625,49.7875,80.888,17.002333700113045,81.2125,54.587500000000006,101.74749999999999
25g,compound,50,scale_only,V1,low,5,48.6,13.501851724856113,49.0,32.0,68.0,11.513690227210933,4.9731441479352725,11.687797968099717,4.916235857060801,16.946623618591616,10.041182828561455,4.502750568762064,10.087376232648408,4.12321587323103,14.430451060262932,0.26181964823641074,0.14290256924741118,0.23404675846856152,0.11343403803845195,0.44435171252951,23.995,2.5900025639466073,23.38125,22.04375,28.45,49.0675,8.07203602723625,51.62250000000003,35.09,55.70749999999998
25g,compound,50,scale_only,V1,mid,5,32.4,6.5038450166036395,32.0,26.0,42.0,8.07328637036567,2.911494090022578,8.622139797887213,5.031956676996529,11.76220189661634,6.740073147202838,2.6092825189249282,6.409461346126103,4.246434732527345,10.163013259044446,0.1044784965181893,0.07114859766315021,0.09555079479530554,0.028568729889388318,0.18348094159443623,23.995,2.5900025639466073,23.38125,22.04375,28.45,49.0675,8.07203602723625,51.62250000000003,35.09,55.70749999999998
25g,compound,50,scale_only,V1,high_tail,5,21.4,7.635443667528429,20.0,12.0,33.0,26.20985008307465,3.1290645395809773,25.351135250720862,23.124020444256793,31.134649028865343,20.390542393160548,3.942563683476285,20.431886407950326,15.292240949719165,26.291759751009252,0.6337018552453999,0.18411279232055508,0.6831842378698559,0.3721673458760538,0.8429981810789302,23.995,2.5900025639466073,23.38125,22.04375,28.45,49.0675,8.07203602723625,51.62250000000003,35.09,55.70749999999998
25g,compound,50,scale_only,V2,low,5,51.4,16.90562036720333,60.0,29.0,68.0,13.692658894543445,2.8039686390540353,14.138971507238255,9.225508972588994,16.26665293589552,12.079076233301343,2.774448597694704,12.316470459036351,7.544075233419524,14.679174706021602,0.22721298266825024,0.08941744404454867,0.23073512428559154,0.12379514400237254,0.36097780405826485,43.720000000000006,6.120582590734319,47.1375,36.4625,49.7875,80.888,17.002333700113045,81.2125,54.587500000000006,101.74749999999999
25g,compound,50,scale_only,V2,mid,5,29.2,5.0199601592044525,27.0,25.0,36.0,14.897167716935376,3.832023092251695,14.965592290942125,10.710010438358008,20.48934617730748,12.035003592297986,3.392671400655998,12.598350120004023,8.066961345067016,16.761905241255175,0.1550300631937048,0.056224568520229,0.137563339292137,0.103184945604151,0.22670622367128743,43.720000000000006,6.120582590734319,47.1375,36.4625,49.7875,80.888,17.002333700113045,81.2125,54.587500000000006,101.74749999999999
25g,compound,50,scale_only,V2,high_tail,5,21.8,8.613942186943213,20.0,13.0,36.0,36.0940766008139,10.267222981881602,37.49876582809681,22.550072673677303,46.59347222335908,26.966320076588044,8.977569171885643,27.69231532879491,16.90726402917783,36.67993548627061,0.6177569541380448,0.1367052916222953,0.6459007894052587,0.4123159722704477,0.7730199103934765,43.720000000000006,6.120582590734319,47.1375,36.4625,49.7875,80.888,17.002333700113045,81.2125,54.587500000000006,101.74749999999999
25g,compound,50,affine,V1,low,5,48.6,13.501851724856113,49.0,32.0,68.0,8.900785727364468,3.5927043384170005,8.438452669844374,5.425237977961216,13.120528631265651,6.357896217520062,1.7984454733268587,6.400075190262081,4.509330173163877,8.593359539364455,0.14008525150255471,0.09216201650503572,0.13475109117453402,0.04396176816528064,0.27629715584039216,23.995,2.5900025639466073,23.38125,22.04375,28.45,49.0675,8.07203602723625,51.62250000000003,35.09,55.70749999999998
25g,compound,50,affine,V1,mid,5,32.4,6.5038450166036395,32.0,26.0,42.0,8.196032858257999,2.894969510264412,8.204656704260165,4.063587443340541,11.649763793822071,6.241183762060975,2.0508616247027454,6.120239109115697,3.286195233414364,8.929349951525234,0.0852300455650927,0.057015050142725114,0.07457161405077176,0.020578123994763192,0.1502192827535073,23.995,2.5900025639466073,23.38125,22.04375,28.45,49.0675,8.07203602723625,51.62250000000003,35.09,55.70749999999998
25g,compound,50,affine,V1,high_tail,5,21.4,7.635443667528429,20.0,12.0,33.0,35.8491641028307,20.107715170697677,28.65465760446903,23.54915718607134,71.53860639653078,26.71495269171736,12.60678691035584,22.483224119859262,17.002214526362526,48.71495665539464,0.7746847029323525,0.13638980816506543,0.8446707848307025,0.586235032896656,0.8866546618848402,23.995,2.5900025639466073,23.38125,22.04375,28.45,49.0675,8.07203602723625,51.62250000000003,35.09,55.70749999999998
25g,compound,50,affine,V2,low,5,51.4,16.90562036720333,60.0,29.0,68.0,10.011808828663018,3.5251276564480314,9.37610589911731,7.166413489800755,16.057259941092198,8.137938990683955,3.019392257862459,6.5839922315607415,6.183551214378755,13.40147270880786,0.1305982361348114,0.10951397524679791,0.09513923666917747,0.03657918600851234,0.32022675191533484,43.720000000000006,6.120582590734319,47.1375,36.4625,49.7875,80.888,17.002333700113045,81.2125,54.587500000000006,101.74749999999999
25g,compound,50,affine,V2,mid,5,29.2,5.0199601592044525,27.0,25.0,36.0,15.23577841216456,5.366587903716951,11.999920113938273,10.428074852870495,21.359582209745085,11.911580226200588,3.562299610389626,9.896756436915432,8.799340889520714,16.28980358038175,0.15787683905883423,0.08948609649704888,0.11072648975369029,0.07294435827204161,0.25592963086796466,43.720000000000006,6.120582590734319,47.1375,36.4625,49.7875,80.888,17.002333700113045,81.2125,54.587500000000006,101.74749999999999
25g,compound,50,affine,V2,high_tail,5,21.8,8.613942186943213,20.0,13.0,36.0,42.55402116365116,22.116503628667754,40.063622193579754,20.847828614123173,77.90511134640222,30.655685554568237,14.578113801183257,29.482133655705965,15.67979660953987,51.54949624808164,0.7115249248063543,0.17873863705393409,0.7941342735771324,0.4261381603386715,0.8672721853370065,43.720000000000006,6.120582590734319,47.1375,36.4625,49.7875,80.888,17.002333700113045,81.2125,54.587500000000006,101.74749999999999
25g,compound,50,target_head_only,V1,low,5,48.6,13.501851724856113,49.0,32.0,68.0,4.406673966720331,0.6273409041698376,4.350534938590995,3.7498691775188355,5.249057975808204,3.5783841020484717,0.4430888181585172,3.667243745283019,2.948443792682927,4.13612568367347,0.018749925782960856,0.018265903285437583,0.01324432910234339,0.006379294056162048,0.05086580622103485,23.995,2.5900025639466073,23.38125,22.04375,28.45,49.0675,8.07203602723625,51.62250000000003,35.09,55.70749999999998
25g,compound,50,target_head_only,V1,mid,5,32.4,6.5038450166036395,32.0,26.0,42.0,11.342725527651684,2.553622401206756,11.87271146809211,7.009129040478459,13.779094904499631,10.172997064785562,2.3739108987332473,10.392919015624999,6.4250725555555555,13.01295153846154,0.07451549342794099,0.05175372823946885,0.0651383336434954,0.01977684955474727,0.16019315843541526,23.995,2.5900025639466073,23.38125,22.04375,28.45,49.0675,8.07203602723625,51.62250000000003,35.09,55.70749999999998
25g,compound,50,target_head_only,V1,high_tail,5,21.4,7.635443667528429,20.0,12.0,33.0,54.091913533121286,9.189921348500446,55.45215964171587,44.438593048730844,64.94521383410799,46.66362630935025,8.218687342415503,47.409797652173914,36.05666187878788,56.409340699999994,0.9067345807890981,0.06929888416610859,0.9216173372541611,0.7889410353435499,0.9716274489633077,23.995,2.5900025639466073,23.38125,22.04375,28.45,49.0675,8.07203602723625,51.62250000000003,35.09,55.70749999999998
25g,compound,50,target_head_only,V2,low,5,51.4,16.90562036720333,60.0,29.0,68.0,10.213166549822212,1.6398938602093476,11.233290466386084,7.9784858922772495,11.618529829680199,9.221819197049578,1.4492921126658649,9.943687051470588,7.293489552631579,10.76991485,0.031675009714964016,0.028824316325979853,0.025833197135256884,0.00990044767400608,0.08090534004664893,43.720000000000006,6.120582590734319,47.1375,36.4625,49.7875,80.888,17.002333700113045,81.2125,54.587500000000006,101.74749999999999
25g,compound,50,target_head_only,V2,mid,5,29.2,5.0199601592044525,27.0,25.0,36.0,24.505046333510517,6.098490462692413,24.62102924898258,15.119795008931543,30.594347167050426,23.135883911151517,5.657460072539267,23.31367016666667,14.343007666666667,28.523211242424242,0.08546747822078724,0.03483160743126648,0.09301789360480618,0.030576259874564336,0.12524706816096937,43.720000000000006,6.120582590734319,47.1375,36.4625,49.7875,80.888,17.002333700113045,81.2125,54.587500000000006,101.74749999999999
25g,compound,50,target_head_only,V2,high_tail,5,21.8,8.613942186943213,20.0,13.0,36.0,96.75064766643173,20.465740571001056,97.80900759255003,73.27239418475972,123.49977109509008,85.27531512811188,18.31244797752613,86.50271836363638,61.04889441666668,108.79430033333334,0.8828575120642487,0.05872546866046922,0.8902696293333316,0.7938475917923817,0.9574410769989847,43.720000000000006,6.120582590734319,47.1375,36.4625,49.7875,80.888,17.002333700113045,81.2125,54.587500000000006,101.74749999999999
25g,compound,50,local_identity_shrinkage,V1,low,5,48.6,13.501851724856113,49.0,32.0,68.0,9.25516292919687,4.254537233095018,8.438452796037145,5.038035341144255,13.71619469830333,7.369795299834617,3.4562377723763373,6.400075357858352,4.234073677415701,12.363546936171938,0.20059296987447683,0.127812942496913,0.15949667352901448,0.04396177051186824,0.33751556478501316,23.995,2.5900025639466073,23.38125,22.04375,28.45,49.0675,8.07203602723625,51.62250000000003,35.09,55.70749999999998
25g,compound,50,local_identity_shrinkage,V1,mid,5,32.4,6.5038450166036395,32.0,26.0,42.0,7.5580006568977725,2.1950211599951532,8.218045815374014,4.063587664616014,9.873559628142088,5.973174580601599,1.6243627180236522,6.412808428238709,3.2861954376683005,7.505205346131057,0.09994337095571378,0.06276662541775517,0.07823982597938503,0.02057812635545259,0.1764184470305053,23.995,2.5900025639466073,23.38125,22.04375,28.45,49.0675,8.07203602723625,51.62250000000003,35.09,55.70749999999998
25g,compound,50,local_identity_shrinkage,V1,high_tail,5,21.4,7.635443667528429,20.0,12.0,33.0,26.775860572628595,2.963044745487757,26.457496267054577,23.54915701763221,30.746467993859696,21.50230417771852,3.288192092473445,22.209859387988313,17.002214225141433,25.873123652203343,0.6994636591698093,0.15921845834099513,0.6640848794404801,0.5125755964523309,0.8814666128375621,23.995,2.5900025639466073,23.38125,22.04375,28.45,49.0675,8.07203602723625,51.62250000000003,35.09,55.70749999999998
25g,compound,50,local_identity_shrinkage,V2,low,5,51.4,16.90562036720333,60.0,29.0,68.0,10.150793531689425,3.8874275220821475,9.321133045700918,7.166413451003552,16.901902870593034,8.21836363300139,3.3923166232080053,6.583992152442787,6.316700958292832,14.243309193941917,0.15779009934537194,0.12877131142155449,0.09513923377129482,0.03657918588508818,0.36128630790330013,43.720000000000006,6.120582590734319,47.1375,36.4625,49.7875,80.888,17.002333700113045,81.2125,54.587500000000006,101.74749999999999
25g,compound,50,local_identity_shrinkage,V2,mid,5,29.2,5.0199601592044525,27.0,25.0,36.0,15.977850529757438,6.03604817659535,12.55352985057727,10.428074847942332,23.778268941524203,12.790124184059039,4.5430527912162,10.035328189519669,8.799340817151336,19.061464170867314,0.19182111005039731,0.10010526471507265,0.16219347917853894,0.09614862928023304,0.32801472997812947,43.720000000000006,6.120582590734319,47.1375,36.4625,49.7875,80.888,17.002333700113045,81.2125,54.587500000000006,101.74749999999999
25g,compound,50,local_identity_shrinkage,V2,high_tail,5,21.8,8.613942186943213,20.0,13.0,36.0,36.463691136751514,14.138036497172713,40.063622032673244,16.942887051483112,52.584683823858505,27.19215126346264,11.176308852700364,29.482133848405507,12.699688895317239,39.038728749574496,0.6503887906042308,0.2141067157841375,0.6452657453776465,0.31069896211857034,0.8672721848346789,43.720000000000006,6.120582590734319,47.1375,36.4625,49.7875,80.888,17.002333700113045,81.2125,54.587500000000006,101.74749999999999
25g,compound,50,conditional_EA,V1,low,5,48.6,13.501851724856113,49.0,32.0,68.0,7.956329481614162,3.71650006876315,7.5748565381862445,4.324860570933889,13.226588463639853,5.658839849433105,2.050447046396728,5.703781711871467,3.5575283255375063,8.286553070319817,0.16194285178018952,0.11096528086895752,0.12614971419674928,0.03730245974435901,0.33420825781737484,23.995,2.5900025639466073,23.38125,22.04375,28.45,49.0675,8.07203602723625,51.62250000000003,35.09,55.70749999999998
25g,compound,50,conditional_EA,V1,mid,5,32.4,6.5038450166036395,32.0,26.0,42.0,7.735811907480813,2.7153024218840898,8.152563518815324,3.8837235734091906,10.447410891893774,6.284442484630787,2.3012400994075026,6.1703540030734425,3.0906438885133087,8.810127094183313,0.11273771833867645,0.06860743468482686,0.12826572529964045,0.020659716066786328,0.1787277780371151,23.995,2.5900025639466073,23.38125,22.04375,28.45,49.0675,8.07203602723625,51.62250000000003,35.09,55.70749999999998
25g,compound,50,conditional_EA,V1,high_tail,5,21.4,7.635443667528429,20.0,12.0,33.0,26.0962753779482,3.2731262284894873,24.992821903650626,22.665202844446263,31.072862641403454,20.68815516789624,3.089356428604065,21.404007603595275,16.024044114186406,24.29201708937222,0.725319429881134,0.16386559168366616,0.7024565808179574,0.48706396414551006,0.8980558729510939,23.995,2.5900025639466073,23.38125,22.04375,28.45,49.0675,8.07203602723625,51.62250000000003,35.09,55.70749999999998
25g,compound,50,conditional_EA,V2,low,5,51.4,16.90562036720333,60.0,29.0,68.0,10.407526430725971,2.702004306005455,9.704185548538204,8.122421065661038,15.090595996238058,8.609894675493589,2.3010796429080598,8.33881186276459,6.259863902891447,12.326893684303354,0.1680691970901534,0.1514014133438252,0.10499890058130783,0.06781034580893545,0.4319479109732764,43.720000000000006,6.120582590734319,47.1375,36.4625,49.7875,80.888,17.002333700113045,81.2125,54.587500000000006,101.74749999999999
25g,compound,50,conditional_EA,V2,mid,5,29.2,5.0199601592044525,27.0,25.0,36.0,17.28455823513239,5.936889949713087,14.26666992458221,11.705392234334234,25.32786164747108,13.986875874693453,5.118830267115773,11.839851232592487,8.925965407279953,21.236550957250365,0.21682154319168617,0.08468897833802277,0.17759270160561974,0.12247690982263583,0.32490902724236914,43.720000000000006,6.120582590734319,47.1375,36.4625,49.7875,80.888,17.002333700113045,81.2125,54.587500000000006,101.74749999999999
25g,compound,50,conditional_EA,V2,high_tail,5,21.8,8.613942186943213,20.0,13.0,36.0,35.61615332258613,15.162832451158689,38.50031282239281,15.98446357132215,54.83999407221615,26.810979088945636,11.314192642808973,28.98507131479497,12.987933252831557,39.43326861842546,0.6151092597181604,0.22150980577227478,0.666059226763403,0.24314306178435446,0.8097127443684289,43.720000000000006,6.120582590734319,47.1375,36.4625,49.7875,80.888,17.002333700113045,81.2125,54.587500000000006,101.74749999999999
25g,compound,50,standard_shallow_finetune,V1,low,5,48.6,13.501851724856113,49.0,32.0,68.0,8.137971931681182,3.4850360098701754,5.943602664777324,5.154116470295412,12.0903743632859,5.655174604830099,1.7078731947185142,5.45900534375,3.728549756097561,8.319811708823527,0.1337730487482302,0.17323363694966876,0.05197424819187793,0.02449479468678799,0.4329708838826497,23.995,2.5900025639466073,23.38125,22.04375,28.45,49.0675,8.07203602723625,51.62250000000003,35.09,55.70749999999998
25g,compound,50,standard_shallow_finetune,V1,mid,5,32.4,6.5038450166036395,32.0,26.0,42.0,9.481524893579586,2.5761773999760846,10.72352532586504,5.257877938945888,11.6951661028336,7.38069604662851,1.7796490555892128,7.886520400000001,4.368368888888889,8.917239047619049,0.08827431268769788,0.05095386290693565,0.10801483810753171,0.016786735749865684,0.14037303904044182,23.995,2.5900025639466073,23.38125,22.04375,28.45,49.0675,8.07203602723625,51.62250000000003,35.09,55.70749999999998
25g,compound,50,standard_shallow_finetune,V1,high_tail,5,21.4,7.635443667528429,20.0,12.0,33.0,37.89437770823662,6.647182204810108,38.04286265025422,27.86388972048284,44.8756075341928,30.29356301425283,4.729252140280998,30.25652821052632,24.639085750000003,36.56251695,0.7779526385640719,0.21161361348552735,0.826982751536753,0.4266560770769082,0.9587184695633465,23.995,2.5900025639466073,23.38125,22.04375,28.45,49.0675,8.07203602723625,51.62250000000003,35.09,55.70749999999998
25g,compound,50,standard_shallow_finetune,V2,low,5,51.4,16.90562036720333,60.0,29.0,68.0,10.601144937817613,3.8941526658944885,9.404700673053716,6.95365373771227,17.228732027863057,8.051739148286952,2.5089738227512717,8.451934983870968,4.902429921052632,11.65657258823529,0.13450151644474156,0.18921635425471292,0.046311228160136456,0.026625686884839628,0.4692287792047975,43.720000000000006,6.120582590734319,47.1375,36.4625,49.7875,80.888,17.002333700113045,81.2125,54.587500000000006,101.74749999999999
25g,compound,50,standard_shallow_finetune,V2,mid,5,29.2,5.0199601592044525,27.0,25.0,36.0,15.852795117979692,6.403171877228789,16.727858854729423,7.941229280278715,25.074176198947995,12.9363416903165,5.179147440738328,13.62951096,6.36731925925926,20.365660787878788,0.1114258902016706,0.06729133507984457,0.10699457740850433,0.02467347596858253,0.18105577404260997,43.720000000000006,6.120582590734319,47.1375,36.4625,49.7875,80.888,17.002333700113045,81.2125,54.587500000000006,101.74749999999999
25g,compound,50,standard_shallow_finetune,V2,high_tail,5,21.8,8.613942186943213,20.0,13.0,36.0,50.80007582404755,13.579810421284954,50.98355849022119,34.33102271538117,70.13387373162065,39.99792725752137,10.27625509324371,40.64928170000001,30.225630194444445,55.00017677777779,0.7540725933535878,0.23390766596095455,0.7951175385784781,0.35619345125750157,0.9487008371465778,43.720000000000006,6.120582590734319,47.1375,36.4625,49.7875,80.888,17.002333700113045,81.2125,54.587500000000006,101.74749999999999
25g,compound,50,paper_style_current_v2,V1,low,5,48.6,13.501851724856113,49.0,32.0,68.0,7.979426094051701,3.378957420177785,5.793791224012041,5.162653644837118,12.107238137677223,5.530348197911042,1.6147102830521196,5.314864999999999,3.6843203658536576,8.020044711764706,0.12620703482101783,0.1585479243032396,0.049759838477808155,0.023197895595421278,0.3977066894449221,23.995,2.5900025639466073,23.38125,22.04375,28.45,49.0675,8.07203602723625,51.62250000000003,35.09,55.70749999999998
25g,compound,50,paper_style_current_v2,V1,mid,5,32.4,6.5038450166036395,32.0,26.0,42.0,9.344761614195097,2.55390397074982,10.518593599794015,5.174193123008536,11.692290642558872,7.322041966353785,1.7979111810098023,7.77725,4.287950222222222,8.858757857142859,0.08554573801142572,0.049021226945729426,0.10841659341495179,0.016370201513709676,0.1340302286399596,23.995,2.5900025639466073,23.38125,22.04375,28.45,49.0675,8.07203602723625,51.62250000000003,35.09,55.70749999999998
25g,compound,50,paper_style_current_v2,V1,high_tail,5,21.4,7.635443667528429,20.0,12.0,33.0,38.22546278540417,6.295038570274856,38.50529604134603,28.939918730101855,44.7415351564265,30.573582558272655,4.424685964710758,30.62437110526316,25.7471335,36.40607874999999,0.7882472271675566,0.19558067458689624,0.8345523713098614,0.4682630819151182,0.958882099273665,23.995,2.5900025639466073,23.38125,22.04375,28.45,49.0675,8.07203602723625,51.62250000000003,35.09,55.70749999999998
25g,compound,50,paper_style_current_v2,V2,low,5,51.4,16.90562036720333,60.0,29.0,68.0,10.344446975492145,3.5695913906313717,9.375193275508211,6.940500760238688,16.387716598068227,7.8708963939761984,2.386385595147823,8.283158068965518,4.890919236842106,11.30624263235294,0.1266473076587554,0.17504385125797048,0.046160651152290566,0.026702850835202477,0.4360794874623917,43.720000000000006,6.120582590734319,47.1375,36.4625,49.7875,80.888,17.002333700113045,81.2125,54.587500000000006,101.74749999999999
25g,compound,50,paper_style_current_v2,V2,mid,5,29.2,5.0199601592044525,27.0,25.0,36.0,15.610438483293454,6.380749274556447,16.440606804071248,7.9349007519320445,25.083483844848576,12.78840868250505,5.151558773322364,13.17683788,6.423512777777777,20.350835363636364,0.10773293218617516,0.06493161263909113,0.10319529969484574,0.024799286342218,0.18173972537359392,43.720000000000006,6.120582590734319,47.1375,36.4625,49.7875,80.888,17.002333700113045,81.2125,54.587500000000006,101.74749999999999
25g,compound,50,paper_style_current_v2,V2,high_tail,5,21.8,8.613942186943213,20.0,13.0,36.0,51.28586314436917,13.10074710417623,51.57773990519671,36.01090609005011,70.00358950843481,40.2877102226418,10.055079244160412,41.0453521,30.07043633333333,54.87483977777779,0.7656197601550694,0.21523931045230793,0.8028342581667909,0.40256063690404936,0.9484978628225796,43.720000000000006,6.120582590734319,47.1375,36.4625,49.7875,80.888,17.002333700113045,81.2125,54.587500000000006,101.74749999999999
25g,compound,70,zero_shot,V1,low,5,47.0,14.053469322555197,40.0,33.0,67.0,14.38382033544529,0.831676741750526,14.167964687695031,13.545867804120988,15.601184357778362,14.206796047766172,0.7569431400050025,14.04060603030303,13.424674894999999,15.300556476119404,0.05830707819572482,0.04635111331358517,0.03812678564195515,0.0284933756590807,0.13876198482000354,23.695,2.9464836033821733,22.175,21.2125,28.1875,49.62650000000001,8.664513582711955,49.002500000000005,37.04500000000001,61.2725
25g,compound,70,zero_shot,V1,mid,5,34.0,9.027735042633894,30.0,29.0,50.0,27.230986176313895,4.081383754186874,26.38506078429355,21.421193674020923,31.48087873499419,26.394158592739654,3.8721846442286614,25.539265990000004,21.103545137931032,30.49759266551724,0.13545266758748062,0.06727871298564708,0.13051009934572913,0.06912607034257602,0.24455258259932544,23.695,2.9464836033821733,22.175,21.2125,28.1875,49.62650000000001,8.664513582711955,49.002500000000005,37.04500000000001,61.2725
25g,compound,70,zero_shot,V1,high_tail,5,21.4,7.987490219086344,22.0,10.0,32.0,88.8890586077692,10.335801206784652,90.35104295949907,73.28430573120902,99.7555649286144,80.1782744199003,9.890845767846743,81.10525007916667,63.6344244,88.82143980454546,0.8062402542167945,0.11137491051431427,0.8409965249951902,0.6166854325806712,0.8927471440154687,23.695,2.9464836033821733,22.175,21.2125,28.1875,49.62650000000001,8.664513582711955,49.002500000000005,37.04500000000001,61.2725
25g,compound,70,zero_shot,V2,low,5,49.0,16.416455159382004,46.0,29.0,69.0,22.236034282953632,2.007379197570381,22.407795726711935,20.173167775994795,24.92296581822964,21.813063625714896,1.7896143200158563,22.087253832608692,19.962511644827586,24.22684946451613,0.06282518714742785,0.04782962231701919,0.03845357268787272,0.024083962123081348,0.1423350592121856,42.83375,6.161516782619358,41.09375,36.475,50.212500000000006,78.25300000000001,9.261573907819345,77.9125,63.505,87.09250000000003
25g,compound,70,zero_shot,V2,mid,5,29.8,5.761944116355173,31.0,23.0,37.0,40.3448169286912,5.502251455229187,39.338174218131996,34.01063220114803,48.06410917549291,39.503281302793006,5.4639094052843085,38.15006891891892,33.37559093939394,47.26410469565217,0.10945696938192868,0.03880743685234009,0.09249640655840873,0.08646213948202089,0.17838580207309915,42.83375,6.161516782619358,41.09375,36.475,50.212500000000006,78.25300000000001,9.261573907819345,77.9125,63.505,87.09250000000003
25g,compound,70,zero_shot,V2,high_tail,5,23.6,7.021395872616783,27.0,12.0,29.0,128.4544141094396,12.126590411118324,127.05418392649696,112.42948790731204,142.0107548115957,114.93873057183328,10.125465532324448,115.73140975000001,99.48890531034485,127.08737136363635,0.8277178434706431,0.08589523178731255,0.8701913945909736,0.679279138714715,0.8894538983948977,42.83375,6.161516782619358,41.09375,36.475,50.212500000000006,78.25300000000001,9.261573907819345,77.9125,63.505,87.09250000000003
25g,compound,70,scale_only,V1,low,5,47.0,14.053469322555197,40.0,33.0,67.0,10.869027335988068,3.0609654031828293,9.986291201846052,7.967095654767367,15.497270046254181,9.707964201694224,2.9516579249388157,9.123210870557417,7.053571229345041,14.333120022391622,0.26305008458335133,0.13361243307297793,0.2560246944105305,0.12390658513438549,0.41000666699563526,23.695,2.9464836033821733,22.175,21.2125,28.1875,49.62650000000001,8.664513582711955,49.002500000000005,37.04500000000001,61.2725
25g,compound,70,scale_only,V1,mid,5,34.0,9.027735042633894,30.0,29.0,50.0,8.099440805600665,2.390099418045838,9.052613223103695,5.3138401872737555,10.756977004817953,6.2103213803859205,1.6306198345455793,6.6028603664566745,4.281577447443099,8.325531075926262,0.12092632885391678,0.09070086637942036,0.08336503165084952,0.042268923556536345,0.2291194624591559,23.695,2.9464836033821733,22.175,21.2125,28.1875,49.62650000000001,8.664513582711955,49.002500000000005,37.04500000000001,61.2725
25g,compound,70,scale_only,V1,high_tail,5,21.4,7.987490219086344,22.0,10.0,32.0,25.65960146147994,4.733310912391593,26.290216365601022,19.347269990049355,31.197949830624108,19.292495061981803,4.508685144285498,19.549575899949478,15.029214984074944,26.33193522392085,0.6160235865627317,0.17918208689329168,0.653324104481953,0.36087387054520875,0.8335278141602226,23.695,2.9464836033821733,22.175,21.2125,28.1875,49.62650000000001,8.664513582711955,49.002500000000005,37.04500000000001,61.2725
25g,compound,70,scale_only,V2,low,5,49.0,16.416455159382004,46.0,29.0,69.0,13.768360183912037,1.5849216311582732,13.709995539443222,11.86442438452296,16.024989144485748,12.149041783586899,1.3632835905890208,11.74599373814353,10.51129239979564,14.182834848253869,0.23584653425900304,0.17477376994738492,0.18505383988506027,0.09303624432366435,0.5278630909669265,42.83375,6.161516782619358,41.09375,36.475,50.212500000000006,78.25300000000001,9.261573907819345,77.9125,63.505,87.09250000000003
25g,compound,70,scale_only,V2,mid,5,29.8,5.761944116355173,31.0,23.0,37.0,15.227439716134615,3.5787597083096587,16.26103695355931,9.926720216010045,19.114838486879968,12.407608418118928,3.1897762298064958,13.349940153058858,7.511853946884428,16.06966512856409,0.16734233719975772,0.11721653843353297,0.13846999931153067,0.0764057230137918,0.37177386201672913,42.83375,6.161516782619358,41.09375,36.475,50.212500000000006,78.25300000000001,9.261573907819345,77.9125,63.505,87.09250000000003
25g,compound,70,scale_only,V2,high_tail,5,23.6,7.021395872616783,27.0,12.0,29.0,33.409897387336514,11.789405898485743,34.512193769477335,14.334993705615007,43.646142491341706,24.600119456687317,8.419023595764207,24.439002665038203,12.121947850878469,33.63003856859522,0.5968111285412392,0.2855786201486364,0.6764761608034092,0.10036304701634415,0.804380491751028,42.83375,6.161516782619358,41.09375,36.475,50.212500000000006,78.25300000000001,9.261573907819345,77.9125,63.505,87.09250000000003
25g,compound,70,affine,V1,low,5,47.0,14.053469322555197,40.0,33.0,67.0,7.750242387951611,3.0909324273410825,6.386700396435323,4.973974930838929,12.194184032421903,5.998336635165669,2.1883644383819782,4.922888460851631,4.156011049120978,9.077335879696577,0.11889086464677334,0.0649737927029951,0.09613079969643169,0.05222828850904971,0.19513819070587587,23.695,2.9464836033821733,22.175,21.2125,28.1875,49.62650000000001,8.664513582711955,49.002500000000005,37.04500000000001,61.2725
25g,compound,70,affine,V1,mid,5,34.0,9.027735042633894,30.0,29.0,50.0,8.464908340116434,3.4545818663407153,10.495565674686622,4.166924450598159,11.338377493311748,6.022918035557739,2.306670189216903,6.060921456366836,3.244639764778412,8.81815631909592,0.15248174671225773,0.1607546656341442,0.047492041703503636,0.024119662977936766,0.3760711222165843,23.695,2.9464836033821733,22.175,21.2125,28.1875,49.62650000000001,8.664513582711955,49.002500000000005,37.04500000000001,61.2725
25g,compound,70,affine,V1,high_tail,5,21.4,7.987490219086344,22.0,10.0,32.0,31.4246413483613,17.62666667907107,25.968659103467395,19.085016009918963,62.48434448974981,22.917983348719694,11.526748737961839,18.593906973739106,15.840776938447092,43.31081435045207,0.7286273886409689,0.1913124878950017,0.7955200959338005,0.42879068707753965,0.904050137505935,23.695,2.9464836033821733,22.175,21.2125,28.1875,49.62650000000001,8.664513582711955,49.002500000000005,37.04500000000001,61.2725
25g,compound,70,affine,V2,low,5,49.0,16.416455159382004,46.0,29.0,69.0,9.054364885960661,2.8699737789619637,9.071531152050623,6.252334374649052,13.608857587857754,7.2794672326376375,2.2272004050790146,6.4821511769100635,5.586820216072249,11.117715761109888,0.12375865624091424,0.13561502426631164,0.08628015989905448,0.029328088698025282,0.3604783423545764,42.83375,6.161516782619358,41.09375,36.475,50.212500000000006,78.25300000000001,9.261573907819345,77.9125,63.505,87.09250000000003
25g,compound,70,affine,V2,mid,5,29.8,5.761944116355173,31.0,23.0,37.0,14.809653195168005,4.982231997371066,15.40508061774852,9.023974747397698,21.984451135487845,11.62351977870738,3.5440563578341484,11.89555420301096,7.282738589943294,16.391109589384268,0.1718238680840919,0.14398445208911106,0.12584744559288483,0.065306860678948,0.4200476471952035,42.83375,6.161516782619358,41.09375,36.475,50.212500000000006,78.25300000000001,9.261573907819345,77.9125,63.505,87.09250000000003
25g,compound,70,affine,V2,high_tail,5,23.6,7.021395872616783,27.0,12.0,29.0,38.561925844906796,19.92857636046683,36.002221138372605,16.97330752014756,70.86630455024353,26.855856190779463,12.00820001358617,25.426879725490995,13.348655009350667,45.718825272881794,0.7044174756749938,0.27572032761757703,0.7935420097458048,0.21947401045022003,0.9053650506230269,42.83375,6.161516782619358,41.09375,36.475,50.212500000000006,78.25300000000001,9.261573907819345,77.9125,63.505,87.09250000000003
25g,compound,70,target_head_only,V1,low,5,47.0,14.053469322555197,40.0,33.0,67.0,4.123028849904796,0.43145318078198497,3.9578661375557247,3.7988081263851687,4.845037047649754,3.376864144568516,0.26819228847928384,3.3611604358974363,3.0313907749999998,3.7732691044776114,0.01794941638296197,0.020856700632905126,0.00893830038955039,0.006311876878604231,0.05493243734566327,23.695,2.9464836033821733,22.175,21.2125,28.1875,49.62650000000001,8.664513582711955,49.002500000000005,37.04500000000001,61.2725
25g,compound,70,target_head_only,V1,mid,5,34.0,9.027735042633894,30.0,29.0,50.0,11.471312611509433,3.019102595546808,11.725647630115485,6.931503148198018,15.383858946226471,10.15473905033908,2.69524470619194,10.361404833333332,6.207045103448275,13.766933172413792,0.0889285444033217,0.08615241102921369,0.06273704200326587,0.021246959439396834,0.23971126193735204,23.695,2.9464836033821733,22.175,21.2125,28.1875,49.62650000000001,8.664513582711955,49.002500000000005,37.04500000000001,61.2725
25g,compound,70,target_head_only,V1,high_tail,5,21.4,7.987490219086344,22.0,10.0,32.0,53.47154388096933,8.571522433482727,54.33210855653263,44.580756160163425,63.19052456192316,45.59412654174043,7.41043735269963,45.66988800000001,36.152656718749995,53.65071086363637,0.8931220392137164,0.1065048263071528,0.9272733647827204,0.7053563007169845,0.969814740171053,23.695,2.9464836033821733,22.175,21.2125,28.1875,49.62650000000001,8.664513582711955,49.002500000000005,37.04500000000001,61.2725
25g,compound,70,target_head_only,V2,low,5,49.0,16.416455159382004,46.0,29.0,69.0,10.02393417878393,1.5994423708618557,10.629945247450394,7.8513085180548785,11.493758723433542,9.057109981714106,1.3627005184483867,9.88789704347826,7.17161035897436,10.184737499999999,0.0315279203327416,0.03320556817030781,0.016411820655383467,0.00969707531983702,0.08921551913688644,42.83375,6.161516782619358,41.09375,36.475,50.212500000000006,78.25300000000001,9.261573907819345,77.9125,63.505,87.09250000000003
25g,compound,70,target_head_only,V2,mid,5,29.8,5.761944116355173,31.0,23.0,37.0,22.723719051033406,3.3902793432142917,22.72786476648574,17.92696498913278,27.263269232350403,21.28683153016673,3.395132014619162,20.887517612903228,16.661194303030303,26.025865956521734,0.07639450062290663,0.03587861469680767,0.06270954067539791,0.05358204532644509,0.14010629356387339,42.83375,6.161516782619358,41.09375,36.475,50.212500000000006,78.25300000000001,9.261573907819345,77.9125,63.505,87.09250000000003
25g,compound,70,target_head_only,V2,high_tail,5,23.6,7.021395872616783,27.0,12.0,29.0,91.31632534047219,11.342787991099131,89.7219077517237,79.85308640921838,103.81113300588503,79.01872483158763,8.101303340389553,77.12065059259258,68.46942565517242,89.76719363636363,0.8920775790443518,0.06875245087075081,0.9232411532461027,0.7706781872992403,0.9342717526414728,42.83375,6.161516782619358,41.09375,36.475,50.212500000000006,78.25300000000001,9.261573907819345,77.9125,63.505,87.09250000000003
25g,compound,70,local_identity_shrinkage,V1,low,5,47.0,14.053469322555197,40.0,33.0,67.0,8.063151502894645,3.676927767099072,6.386700311424398,4.973975077251728,13.758729491757371,6.6892157842832605,3.5346215825301783,4.922888363214674,4.156011185051204,12.531731640659924,0.16903604333586236,0.11807209104842352,0.18036023768585588,0.05222829204346227,0.34685668189589625,23.695,2.9464836033821733,22.175,21.2125,28.1875,49.62650000000001,8.664513582711955,49.002500000000005,37.04500000000001,61.2725
25g,compound,70,local_identity_shrinkage,V1,mid,5,34.0,9.027735042633894,30.0,29.0,50.0,7.82640862906008,3.063620886372714,8.145878337313249,4.166924618584747,11.051455160451994,5.60237495380229,1.8072670920451182,6.0609216052871435,3.244639883845153,7.690689479292785,0.15687842929657309,0.1574315854093726,0.0694754216241958,0.02411966470697951,0.3760711269519215,23.695,2.9464836033821733,22.175,21.2125,28.1875,49.62650000000001,8.664513582711955,49.002500000000005,37.04500000000001,61.2725
25g,compound,70,local_identity_shrinkage,V1,high_tail,5,21.4,7.987490219086344,22.0,10.0,32.0,25.055978973883114,4.356234357697694,25.968658564409445,19.085015552279845,30.641033932346275,19.410301771415714,3.9441342433266877,18.593906929818896,15.840777014148074,25.77240703101335,0.6740855273675644,0.18454068871242238,0.6583988381312437,0.42879066949659367,0.9040501351229127,23.695,2.9464836033821733,22.175,21.2125,28.1875,49.62650000000001,8.664513582711955,49.002500000000005,37.04500000000001,61.2725
25g,compound,70,local_identity_shrinkage,V2,low,5,49.0,16.416455159382004,46.0,29.0,69.0,9.906795731627843,4.64498838374136,9.07153104905423,6.252334347388162,17.871011988981405,8.100284746248136,4.025591258719299,6.482150976234181,5.586820017208061,15.221803851696999,0.1496699412135109,0.1389986241048338,0.10063752253361098,0.0293280887264231,0.3604783322693097,42.83375,6.161516782619358,41.09375,36.475,50.212500000000006,78.25300000000001,9.261573907819345,77.9125,63.505,87.09250000000003
25g,compound,70,local_identity_shrinkage,V2,mid,5,29.8,5.761944116355173,31.0,23.0,37.0,15.538340622306361,6.36773300132062,15.405081044138576,9.023974587378705,25.627887775136692,12.537527523684846,5.2565597017478,11.895554610695509,7.282738432878666,20.961147876056003,0.18805019504579007,0.13589047783068164,0.1643888378249503,0.06530685899554653,0.4200476645423038,42.83375,6.161516782619358,41.09375,36.475,50.212500000000006,78.25300000000001,9.261573907819345,77.9125,63.505,87.09250000000003
25g,compound,70,local_identity_shrinkage,V2,high_tail,5,23.6,7.021395872616783,27.0,12.0,29.0,34.55402777007797,12.400917561185716,36.002220996874655,16.97330728406925,50.826815248121456,25.06782691648101,8.709951430671872,25.426879959852293,13.348655300448202,36.77867865176858,0.6622798637406989,0.2676753115328358,0.7735150350325523,0.21947400318838642,0.9053650522780303,42.83375,6.161516782619358,41.09375,36.475,50.212500000000006,78.25300000000001,9.261573907819345,77.9125,63.505,87.09250000000003
25g,compound,70,conditional_EA,V1,low,5,47.0,14.053469322555197,40.0,33.0,67.0,6.639343568392445,2.6656469993218637,6.3976222238397416,3.91724650427508,10.534347142301959,5.23701487629363,2.3649115227904076,4.665729353055997,3.092536289947494,9.00712258298441,0.12815844332612783,0.07796772197890094,0.14149285042996138,0.031015787545604894,0.2222802393229988,23.695,2.9464836033821733,22.175,21.2125,28.1875,49.62650000000001,8.664513582711955,49.002500000000005,37.04500000000001,61.2725
25g,compound,70,conditional_EA,V1,mid,5,34.0,9.027735042633894,30.0,29.0,50.0,7.92589675039193,3.201050768204194,9.445060411758828,4.230694913474061,11.114260247880564,5.870212778315158,2.2662937815635,6.308348000928842,3.41358797300415,8.91214351695442,0.15747160534429322,0.13584507493686068,0.1167132848430368,0.030107520011421154,0.33147450737567596,23.695,2.9464836033821733,22.175,21.2125,28.1875,49.62650000000001,8.664513582711955,49.002500000000005,37.04500000000001,61.2725
25g,compound,70,conditional_EA,V1,high_tail,5,21.4,7.987490219086344,22.0,10.0,32.0,24.678297684677347,4.580433426178085,25.12110320943104,19.590183754918055,31.187263385236243,18.982890932694808,3.524942242998484,19.26719484784249,14.636392000212945,24.21857655664496,0.7143699513295789,0.16848999023783073,0.6630468791431094,0.49172204052232393,0.9276747315898797,23.695,2.9464836033821733,22.175,21.2125,28.1875,49.62650000000001,8.664513582711955,49.002500000000005,37.04500000000001,61.2725
25g,compound,70,conditional_EA,V2,low,5,49.0,16.416455159382004,46.0,29.0,69.0,9.95721483894492,3.609501960618632,8.880407753017815,7.471933257685904,16.248507518576723,8.286833668613586,2.9264136834175862,7.359172974667436,6.475191202754035,13.474152300239474,0.14268959299400974,0.12669235446468682,0.09738730812308878,0.045395848589487565,0.35003901577761665,42.83375,6.161516782619358,41.09375,36.475,50.212500000000006,78.25300000000001,9.261573907819345,77.9125,63.505,87.09250000000003
25g,compound,70,conditional_EA,V2,mid,5,29.8,5.761944116355173,31.0,23.0,37.0,17.20077678627967,6.154487707269891,15.748947039754063,10.175876913472697,27.081322788726634,14.072597572389867,5.407854655274476,12.721320330663023,8.139759224163846,22.868114660929095,0.2236832560316367,0.1290941385059582,0.17718186826788754,0.08399939580100502,0.4273467858956296,42.83375,6.161516782619358,41.09375,36.475,50.212500000000006,78.25300000000001,9.261573907819345,77.9125,63.505,87.09250000000003
25g,compound,70,conditional_EA,V2,high_tail,5,23.6,7.021395872616783,27.0,12.0,29.0,34.2104622446888,13.15571159133472,35.102920171785485,18.07275201473028,53.07176403424006,24.858191157619473,9.130672725315286,25.205512687532288,13.976646365467174,37.588892872705294,0.6336271509743536,0.24809723627965738,0.6508807399959198,0.2226141983267538,0.8706047556095072,42.83375,6.161516782619358,41.09375,36.475,50.212500000000006,78.25300000000001,9.261573907819345,77.9125,63.505,87.09250000000003
25g,compound,70,standard_shallow_finetune,V1,low,5,47.0,14.053469322555197,40.0,33.0,67.0,6.626256064043616,0.7431014136208696,6.361997884616017,5.935796234318253,7.824086254209195,5.392582878912593,0.9666546618213496,5.023146773214286,4.3813824102564105,6.919615017910447,0.06805524549791311,0.06652854075454744,0.04205027523821262,0.03056267584198106,0.18627550681212288,23.695,2.9464836033821733,22.175,21.2125,28.1875,49.62650000000001,8.664513582711955,49.002500000000005,37.04500000000001,61.2725
25g,compound,70,standard_shallow_finetune,V1,mid,5,34.0,9.027735042633894,30.0,29.0,50.0,9.90431455739965,2.571293999925803,9.651478015182386,6.193283422129445,13.178901457869388,7.738730516727012,2.0134882695403755,7.76102836,4.9048236896551725,10.573874706896554,0.10109400348815338,0.07702007523089471,0.07451429879839598,0.02889094308014485,0.2287547449040516,23.695,2.9464836033821733,22.175,21.2125,28.1875,49.62650000000001,8.664513582711955,49.002500000000005,37.04500000000001,61.2725
25g,compound,70,standard_shallow_finetune,V1,high_tail,5,21.4,7.987490219086344,22.0,10.0,32.0,39.75203613161424,5.411210080273866,39.52416854059211,33.43379704726281,46.9631946714674,32.2401600379705,4.944990527302676,30.986918300000003,25.447819562499998,38.51525095454546,0.8308507510139336,0.14014289762464366,0.8761628715581014,0.5849697482838259,0.9290587816816428,23.695,2.9464836033821733,22.175,21.2125,28.1875,49.62650000000001,8.664513582711955,49.002500000000005,37.04500000000001,61.2725
25g,compound,70,standard_shallow_finetune,V2,low,5,49.0,16.416455159382004,46.0,29.0,69.0,9.410095239269307,2.7533258771448814,9.597804005902136,6.874892378948883,13.576481554737788,7.6855811552700075,2.1170331880005255,8.396048048387097,5.469576239130435,10.26938488405797,0.09593658134740188,0.12214063478164656,0.038920292698171786,0.019498553463713778,0.31083742255052865,42.83375,6.161516782619358,41.09375,36.475,50.212500000000006,78.25300000000001,9.261573907819345,77.9125,63.505,87.09250000000003
25g,compound,70,standard_shallow_finetune,V2,mid,5,29.8,5.761944116355173,31.0,23.0,37.0,14.25608000212794,1.9825011480667374,13.352380218571547,12.472424660841263,17.030654560880837,11.210243828993622,1.8836309240958962,11.086014193548387,9.17971684,13.355514135135136,0.08684365197108129,0.011710688411919084,0.08903326773989904,0.07029547938352237,0.1000227573256654,42.83375,6.161516782619358,41.09375,36.475,50.212500000000006,78.25300000000001,9.261573907819345,77.9125,63.505,87.09250000000003
25g,compound,70,standard_shallow_finetune,V2,high_tail,5,23.6,7.021395872616783,27.0,12.0,29.0,49.91019661117926,7.627200453679584,47.31293700657022,41.80483454586561,59.999693355259595,38.3674264523909,5.120524729248062,38.36900333333333,31.412561655172414,44.208336571428575,0.8172197666815167,0.12821739295172888,0.8789974408800308,0.5891398201238058,0.8861564811611021,42.83375,6.161516782619358,41.09375,36.475,50.212500000000006,78.25300000000001,9.261573907819345,77.9125,63.505,87.09250000000003
25g,compound,70,paper_style_current_v2,V1,low,5,47.0,14.053469322555197,40.0,33.0,67.0,6.551366099947705,0.759810382423542,6.337781149819503,5.85809394859271,7.741769145548351,5.293797626205026,0.9529400708489222,4.9423276553571425,4.313602076923077,6.83133423283582,0.06735907766077885,0.0662989000625193,0.04203036535595388,0.029082136040533745,0.18515463208291544,23.695,2.9464836033821733,22.175,21.2125,28.1875,49.62650000000001,8.664513582711955,49.002500000000005,37.04500000000001,61.2725
25g,compound,70,paper_style_current_v2,V1,mid,5,34.0,9.027735042633894,30.0,29.0,50.0,9.81578757730383,2.560021429475905,9.606293802495678,6.11181226787958,13.02689563704149,7.635536606333334,1.9939827379045048,7.699334240000001,4.803975206896552,10.42620879310345,0.10034997983659641,0.07657163906756392,0.07432693946052123,0.028337837564820497,0.22691291282514817,23.695,2.9464836033821733,22.175,21.2125,28.1875,49.62650000000001,8.664513582711955,49.002500000000005,37.04500000000001,61.2725
25g,compound,70,paper_style_current_v2,V1,high_tail,5,21.4,7.987490219086344,22.0,10.0,32.0,39.616763828910564,5.420425748051054,39.37299807246164,33.32469224077138,46.84669621690318,32.088829328925435,4.9531881511473825,30.84622729166667,25.307820468750002,38.389129,0.832290942502625,0.13940315111191354,0.877302041872877,0.5879324550919365,0.9296317970792258,23.695,2.9464836033821733,22.175,21.2125,28.1875,49.62650000000001,8.664513582711955,49.002500000000005,37.04500000000001,61.2725
25g,compound,70,paper_style_current_v2,V2,low,5,49.0,16.416455159382004,46.0,29.0,69.0,9.25760948080416,2.7420394216632276,9.296759969808342,6.770920901679056,13.448789784876515,7.503052827061779,2.0813844199895057,8.286601322580642,5.314584152173913,10.067984855072464,0.09481885242157703,0.12214718409998071,0.03694901283517837,0.018967447603752824,0.309809024557582,42.83375,6.161516782619358,41.09375,36.475,50.212500000000006,78.25300000000001,9.261573907819345,77.9125,63.505,87.09250000000003
25g,compound,70,paper_style_current_v2,V2,mid,5,29.8,5.761944116355173,31.0,23.0,37.0,14.135958942840347,2.031205328630982,13.089675382661747,12.422812214430698,17.014532139164277,11.11165876959246,1.9065770240626796,10.821514451612904,9.075003959999998,13.361709378378379,0.08612153254483879,0.0119418090003092,0.08893905638301572,0.0698477978048413,0.0990079164022324,42.83375,6.161516782619358,41.09375,36.475,50.212500000000006,78.25300000000001,9.261573907819345,77.9125,63.505,87.09250000000003
25g,compound,70,paper_style_current_v2,V2,high_tail,5,23.6,7.021395872616783,27.0,12.0,29.0,49.74822003075123,7.659109640308278,47.14741372548509,41.68046419020383,59.90184398355168,38.19912172367683,5.136382652437572,38.05842775,31.276407931034484,44.13579346428572,0.819059615033584,0.12810175270866744,0.8798362040701516,0.5911830590401854,0.8865195322845508,42.83375,6.161516782619358,41.09375,36.475,50.212500000000006,78.25300000000001,9.261573907819345,77.9125,63.505,87.09250000000003
25g,compound,100,zero_shot,V1,low,5,47.6,11.823705003085962,50.0,31.0,61.0,14.325472475863359,0.5198353329892124,14.412494977291752,13.597815092800653,14.877288028917166,14.160524392658544,0.4840273085224114,14.226984908000002,13.476119531707315,14.681159862295083,0.05524154587356821,0.03473199425924776,0.03989749214038187,0.02729856463270838,0.11488357458332692,23.62625,2.1169027714446407,23.668750000000003,21.30625,26.7,49.304,5.612103159689778,51.68250000000002,42.87000000000001,55.6125
25g,compound,100,zero_shot,V1,mid,5,34.4,4.219004621945797,33.0,29.0,40.0,27.325770884053963,2.6020358444999276,28.228375215907175,24.347072619086305,30.521044474099526,26.55803209864947,2.52973973992269,27.622699154545455,23.65742700000001,29.584665424242424,0.13744614855947174,0.053812220786407086,0.12548564186782218,0.07694005112810541,0.22375165982199363,23.62625,2.1169027714446407,23.668750000000003,21.30625,26.7,49.304,5.612103159689778,51.68250000000002,42.87000000000001,55.6125
25g,compound,100,zero_shot,V1,high_tail,5,20.4,5.5497747702046425,21.0,12.0,27.0,89.62182904877595,8.870472900691668,86.09616377877646,80.48030667281034,101.71507020495793,81.06439825040542,7.3091980801366905,76.2596770074074,75.53049243478263,91.1104554857143,0.8073123055669601,0.0880494501455842,0.8346168659917961,0.6613647655946795,0.8957613842391864,23.62625,2.1169027714446407,23.668750000000003,21.30625,26.7,49.304,5.612103159689778,51.68250000000002,42.87000000000001,55.6125
25g,compound,100,zero_shot,V2,low,5,50.8,16.843396332094073,57.0,28.0,71.0,22.35929663678508,1.966419509890812,23.53221540286017,19.913208878925037,24.047129617730743,21.94366258158697,1.786705646321719,22.863262802816905,19.731398525,23.466649548275857,0.06534907016618577,0.04924647441882014,0.05198437990218518,0.0226580362138501,0.14934444152232648,43.11749999999999,5.92452760511334,44.23125,35.5,50.0375,79.48500000000001,8.196651183562718,80.18750000000001,70.4825,90.325
25g,compound,100,zero_shot,V2,mid,5,30.0,5.787918451395113,32.0,24.0,37.0,42.193155246262016,5.153106046061281,44.725561141434056,36.60194888970225,47.349309369494165,41.2457327719313,5.03303791312126,43.94190954166667,35.68007586486486,46.059220499999995,0.12088711617482657,0.04121200492348906,0.11776083582727977,0.08788806539125214,0.18958517311531098,43.11749999999999,5.92452760511334,44.23125,35.5,50.0375,79.48500000000001,8.196651183562718,80.18750000000001,70.4825,90.325
25g,compound,100,zero_shot,V2,high_tail,5,21.6,6.308724118235002,24.0,11.0,27.0,133.07391049256725,13.816694592927274,127.05418392649696,121.53167497326749,156.2746102430147,120.14494327455218,11.286304164575341,118.77558968000001,110.00163508333333,138.96168333333333,0.8137638136589876,0.08833943635679155,0.842133499406483,0.6610703853623624,0.8894538983948977,43.11749999999999,5.92452760511334,44.23125,35.5,50.0375,79.48500000000001,8.196651183562718,80.18750000000001,70.4825,90.325
25g,compound,100,scale_only,V1,low,5,47.6,11.823705003085962,50.0,31.0,61.0,10.98557701083961,3.0752227123280558,11.977813189739297,7.14517121207577,13.744504197398918,9.48855769076916,2.8566712264591634,9.340746443176236,5.963227685506902,12.534539662427846,0.280410537011523,0.127133048544797,0.3345055424472091,0.07182714936616844,0.3965550918330658,23.62625,2.1169027714446407,23.668750000000003,21.30625,26.7,49.304,5.612103159689778,51.68250000000002,42.87000000000001,55.6125
25g,compound,100,scale_only,V1,mid,5,34.4,4.219004621945797,33.0,29.0,40.0,7.004904849870688,1.3181184360631042,7.373396530470276,5.221407705674207,8.306616482681529,5.586947931114563,1.0280000882258629,5.539151866342654,4.127449651599011,6.671997107843908,0.09120035218707703,0.06980086849711875,0.07075896145034768,0.03588185333913008,0.21283825051758784,23.62625,2.1169027714446407,23.668750000000003,21.30625,26.7,49.304,5.612103159689778,51.68250000000002,42.87000000000001,55.6125
25g,compound,100,scale_only,V1,high_tail,5,20.4,5.5497747702046425,21.0,12.0,27.0,26.141345085660966,4.79451904123695,26.984883338731773,18.661024662423138,30.48281486323101,19.812267025716938,3.869613964216461,19.3996943157189,15.175916822722426,25.526732963329138,0.6283891108014,0.1803573496210666,0.6062465454948011,0.39060665764934654,0.8922909972947013,23.62625,2.1169027714446407,23.668750000000003,21.30625,26.7,49.304,5.612103159689778,51.68250000000002,42.87000000000001,55.6125
25g,compound,100,scale_only,V2,low,5,50.8,16.843396332094073,57.0,28.0,71.0,13.892366059033458,2.0217957815041325,14.226616509170732,11.241571122403876,15.899203255863641,12.15057399363958,1.8032848180575207,11.914708251551831,10.048499202546239,14.032826016551049,0.25862872518082225,0.21258093434087197,0.2265854301654837,0.08540901628971877,0.6206261621328523,43.11749999999999,5.92452760511334,44.23125,35.5,50.0375,79.48500000000001,8.196651183562718,80.18750000000001,70.4825,90.325
25g,compound,100,scale_only,V2,mid,5,30.0,5.787918451395113,32.0,24.0,37.0,13.57210913215231,3.232354230704325,14.513254268735182,8.074381247772205,16.195588920124074,10.948224456892353,2.8856215838226937,11.921713624037237,5.953589690745956,13.363628605602969,0.13702237561086117,0.09020733449257175,0.11137334420140173,0.05035703430190591,0.27187746510642313,43.11749999999999,5.92452760511334,44.23125,35.5,50.0375,79.48500000000001,8.196651183562718,80.18750000000001,70.4825,90.325
25g,compound,100,scale_only,V2,high_tail,5,21.6,6.308724118235002,24.0,11.0,27.0,35.30583585924181,13.245312585584271,36.41564003415445,15.042371915629541,50.991753794390235,26.25270894641907,9.36826109388059,25.588773087212033,12.900162605352177,37.32962037012595,0.6043488992083166,0.29495236488850546,0.6918935542617196,0.10749637276072456,0.8642339494083754,43.11749999999999,5.92452760511334,44.23125,35.5,50.0375,79.48500000000001,8.196651183562718,80.18750000000001,70.4825,90.325
25g,compound,100,affine,V1,low,5,47.6,11.823705003085962,50.0,31.0,61.0,8.248766524039127,3.1965842370448043,10.2721570126666,4.5227657235099175,11.028602300501879,6.124987816204652,2.3106120915001775,6.075023319968497,3.7544357687133676,8.75883967258663,0.16664517480764154,0.0825622481148742,0.18017742605888876,0.03770219051305277,0.24696078478110403,23.62625,2.1169027714446407,23.668750000000003,21.30625,26.7,49.304,5.612103159689778,51.68250000000002,42.87000000000001,55.6125
25g,compound,100,affine,V1,mid,5,34.4,4.219004621945797,33.0,29.0,40.0,6.895913071875907,1.99226415474886,7.520677463459182,4.452870270560598,9.40054505229975,5.285887066869805,1.3468320236457876,5.241439188342455,3.7602476615837834,7.161172027681929,0.11349269437000604,0.1257159802620844,0.06036144532809152,0.03633163957091248,0.33425757503745435,23.62625,2.1169027714446407,23.668750000000003,21.30625,26.7,49.304,5.612103159689778,51.68250000000002,42.87000000000001,55.6125
25g,compound,100,affine,V1,high_tail,5,20.4,5.5497747702046425,21.0,12.0,27.0,26.9974756181251,6.086137761691563,26.55038472336366,19.494584254492548,36.36587848028097,21.095207519533574,5.163893169569928,19.517792964567054,17.216905356174887,30.14100590635784,0.7198621308223523,0.14424631221516476,0.7167075756479834,0.5227216037767335,0.922427109930071,23.62625,2.1169027714446407,23.668750000000003,21.30625,26.7,49.304,5.612103159689778,51.68250000000002,42.87000000000001,55.6125
25g,compound,100,affine,V2,low,5,50.8,16.843396332094073,57.0,28.0,71.0,9.13806329646373,2.0270487632288288,10.139379593219225,5.915130686798518,10.911357964485468,7.1954730873177395,1.4992296275329162,7.192117162959827,5.097542437310148,9.035177169239532,0.15817909159499308,0.18355360029412712,0.09083784638781482,0.025972316289629135,0.4802188291180285,43.11749999999999,5.92452760511334,44.23125,35.5,50.0375,79.48500000000001,8.196651183562718,80.18750000000001,70.4825,90.325
25g,compound,100,affine,V2,mid,5,30.0,5.787918451395113,32.0,24.0,37.0,12.411806773812874,2.8070707695051462,12.01110334227054,8.48562168005014,16.205163219681484,10.057518061541558,1.9796726806083553,10.18502538764282,6.9822707042443755,12.250816306015983,0.1389560520981611,0.09390168053962922,0.14855012937910844,0.044247722740379906,0.279025887521149,43.11749999999999,5.92452760511334,44.23125,35.5,50.0375,79.48500000000001,8.196651183562718,80.18750000000001,70.4825,90.325
25g,compound,100,affine,V2,high_tail,5,21.6,6.308724118235002,24.0,11.0,27.0,36.69421351223745,12.947445157212389,35.71310976599056,18.548376139277625,51.283298770280005,27.14647593081411,9.644334096346935,25.491037023826898,14.657949347312446,38.272482501233135,0.7028648563068458,0.26942401334171084,0.7822881973455805,0.24075528336082266,0.9129417421353387,43.11749999999999,5.92452760511334,44.23125,35.5,50.0375,79.48500000000001,8.196651183562718,80.18750000000001,70.4825,90.325
25g,compound,100,target_head_only,V1,low,5,47.6,11.823705003085962,50.0,31.0,61.0,4.450783935752055,0.5622101207637652,4.380591285404057,3.877103751715677,5.264518612304192,3.63187021894559,0.3856642195397958,3.771240442622951,3.1126907682926825,4.1099869799999995,0.018456562592940824,0.016186757944673114,0.014560659690915344,0.006059762674360137,0.046679206220190096,23.62625,2.1169027714446407,23.668750000000003,21.30625,26.7,49.304,5.612103159689778,51.68250000000002,42.87000000000001,55.6125
25g,compound,100,target_head_only,V1,mid,5,34.4,4.219004621945797,33.0,29.0,40.0,11.342567146333154,1.1294893117002887,11.643513758782301,9.565315649457675,12.435780026652028,9.984328298042303,1.1274030813972455,10.3049991,8.247925513513513,11.202983787878788,0.07948357711419929,0.054098498791486434,0.056979919227090135,0.045574381918075536,0.17514590829376875,23.62625,2.1169027714446407,23.668750000000003,21.30625,26.7,49.304,5.612103159689778,51.68250000000002,42.87000000000001,55.6125
25g,compound,100,target_head_only,V1,high_tail,5,20.4,5.5497747702046425,21.0,12.0,27.0,54.08304190379512,8.046706961471083,51.97165353796993,43.46883345768177,64.86717103761163,46.588658572092065,6.552509752866476,44.16768130434782,39.525135666666664,56.03228047619047,0.9020598602928599,0.07020618913561115,0.9284594210819945,0.7781748854860411,0.9483658554075642,23.62625,2.1169027714446407,23.668750000000003,21.30625,26.7,49.304,5.612103159689778,51.68250000000002,42.87000000000001,55.6125
25g,compound,100,target_head_only,V2,low,5,50.8,16.843396332094073,57.0,28.0,71.0,10.024910058529988,1.5596114135939683,10.766378287289127,8.004492012556776,11.40330273035296,9.084581504192517,1.3467816475187468,10.02105256140351,7.3052553750000015,10.103186408450703,0.032241027088453736,0.03327850427695346,0.02078554331137079,0.009009620017668776,0.0902977883455498,43.11749999999999,5.92452760511334,44.23125,35.5,50.0375,79.48500000000001,8.196651183562718,80.18750000000001,70.4825,90.325
25g,compound,100,target_head_only,V2,mid,5,30.0,5.787918451395113,32.0,24.0,37.0,24.33881380552874,3.6430693894071404,25.59753142961474,19.59589668219276,28.760133857543185,22.90978783437244,3.4035910034491876,24.343800291666668,18.10601832432432,26.69446321212121,0.08818632570961252,0.04055356580944958,0.07187545738340989,0.06042028449047395,0.15860489067449327,43.11749999999999,5.92452760511334,44.23125,35.5,50.0375,79.48500000000001,8.196651183562718,80.18750000000001,70.4825,90.325
25g,compound,100,target_head_only,V2,high_tail,5,21.6,6.308724118235002,24.0,11.0,27.0,94.81019263086331,13.055729611569163,89.98022644228524,83.55511389631569,116.28564995554599,83.00014090040983,9.55703899431098,78.78835236363636,76.82106633333333,99.66015780952382,0.8795726472019337,0.07281873090407637,0.9114326403081642,0.7510973209799571,0.9268296881086661,43.11749999999999,5.92452760511334,44.23125,35.5,50.0375,79.48500000000001,8.196651183562718,80.18750000000001,70.4825,90.325
25g,compound,100,local_identity_shrinkage,V1,low,5,47.6,11.823705003085962,50.0,31.0,61.0,8.440490401034621,3.3820492287489787,10.272157268892064,4.522765793375218,11.369487351560055,6.41659234946331,2.6857472627710886,6.075023281429988,3.7544358752327587,9.570831758695649,0.1786913227378403,0.0891605382567263,0.22536466374377176,0.03770219171519228,0.24696078122585957,23.62625,2.1169027714446407,23.668750000000003,21.30625,26.7,49.304,5.612103159689778,51.68250000000002,42.87000000000001,55.6125
25g,compound,100,local_identity_shrinkage,V1,mid,5,34.4,4.219004621945797,33.0,29.0,40.0,6.844252093710631,1.966816779263118,7.520677796060369,4.452870311219458,9.400545217594185,5.254561665392499,1.3289706923228395,5.241439313195261,3.7602477212278553,7.161172080158953,0.11404450023485002,0.12543020430271232,0.06312045523263309,0.036331639566129725,0.334257583988815,23.62625,2.1169027714446407,23.668750000000003,21.30625,26.7,49.304,5.612103159689778,51.68250000000002,42.87000000000001,55.6125
25g,compound,100,local_identity_shrinkage,V1,high_tail,5,20.4,5.5497747702046425,21.0,12.0,27.0,26.30924955315993,4.826013217314716,26.550384231424673,19.49458410930003,32.92474899094574,20.666556631379745,4.229749406846779,19.517792623158368,17.216904783442875,27.997752124125405,0.7072641770273097,0.14266525824513937,0.6964713921678823,0.5227215916062912,0.9224271072323055,23.62625,2.1169027714446407,23.668750000000003,21.30625,26.7,49.304,5.612103159689778,51.68250000000002,42.87000000000001,55.6125
25g,compound,100,local_identity_shrinkage,V2,low,5,50.8,16.843396332094073,57.0,28.0,71.0,9.095618392451572,1.9823637722394392,10.139379501102006,5.915130668956419,10.699133515351555,7.187602392497098,1.4872122386996522,7.192117015507802,5.0975423445657695,8.995824161645466,0.1601951173461356,0.18268234697419256,0.10091797963850015,0.025972316218998818,0.48021881988581683,43.11749999999999,5.92452760511334,44.23125,35.5,50.0375,79.48500000000001,8.196651183562718,80.18750000000001,70.4825,90.325
25g,compound,100,local_identity_shrinkage,V2,mid,5,30.0,5.787918451395113,32.0,24.0,37.0,12.493174985480703,2.792157456210955,12.245409936418683,8.485621588673213,16.205163649681428,10.039726346274758,1.9786399791293372,10.096066053561302,6.982270627650571,12.250816969845056,0.1410468638756893,0.09134737194551043,0.14855014506417163,0.0547017522490767,0.2790259043190781,43.11749999999999,5.92452760511334,44.23125,35.5,50.0375,79.48500000000001,8.196651183562718,80.18750000000001,70.4825,90.325
25g,compound,100,local_identity_shrinkage,V2,high_tail,5,21.6,6.308724118235002,24.0,11.0,27.0,35.8652881500078,11.867551186793461,35.713109729982406,18.54837577715752,47.13867422779226,26.67685506086686,9.002965029557755,25.491037398397438,14.657949686635352,35.92437867665086,0.6987580187781752,0.2664767421777732,0.7822881751110148,0.24075527579510517,0.9129417433191768,43.11749999999999,5.92452760511334,44.23125,35.5,50.0375,79.48500000000001,8.196651183562718,80.18750000000001,70.4825,90.325
25g,compound,100,conditional_EA,V1,low,5,47.6,11.823705003085962,50.0,31.0,61.0,7.053567133217081,3.063353454334898,8.395537449828112,3.4074166392254086,10.607502000349903,5.049876002867907,1.9210343013397024,5.827263375026022,2.681384596196025,7.030317030308856,0.1492216435883981,0.077145543647152,0.17281185477352845,0.020414612776262508,0.22007965457062822,23.62625,2.1169027714446407,23.668750000000003,21.30625,26.7,49.304,5.612103159689778,51.68250000000002,42.87000000000001,55.6125
25g,compound,100,conditional_EA,V1,mid,5,34.4,4.219004621945797,33.0,29.0,40.0,6.899254139978334,1.9103297102215335,7.562203161549192,4.839811963724292,9.017124526102643,5.66680804875403,1.6570956955494256,6.099552429230734,3.9104081624792864,7.835316957589718,0.11639040020553297,0.0955985591400545,0.08948295541324279,0.03998780614660623,0.27818463604364213,23.62625,2.1169027714446407,23.668750000000003,21.30625,26.7,49.304,5.612103159689778,51.68250000000002,42.87000000000001,55.6125
25g,compound,100,conditional_EA,V1,high_tail,5,20.4,5.5497747702046425,21.0,12.0,27.0,24.993306145008738,4.075695854520769,24.769918427783693,19.478079813600697,28.990832075211607,19.452844850844052,2.5134924022659915,18.490025173392116,17.13144043693397,22.87775994745727,0.7343879562060689,0.13190477931104022,0.7075791312964111,0.5782930046220516,0.9395975810771313,23.62625,2.1169027714446407,23.668750000000003,21.30625,26.7,49.304,5.612103159689778,51.68250000000002,42.87000000000001,55.6125
25g,compound,100,conditional_EA,V2,low,5,50.8,16.843396332094073,57.0,28.0,71.0,8.895861339217698,1.6915947913756666,8.838281261264898,6.293889043809047,10.429733329357346,7.310864137254354,1.1861680667087406,7.196980199197506,5.647475399844346,8.774481265429833,0.15051018208833997,0.17415166730746615,0.09663529947948202,0.030296672748049914,0.45802213009278414,43.11749999999999,5.92452760511334,44.23125,35.5,50.0375,79.48500000000001,8.196651183562718,80.18750000000001,70.4825,90.325
25g,compound,100,conditional_EA,V2,mid,5,30.0,5.787918451395113,32.0,24.0,37.0,13.802205769621693,2.8762777041511147,14.38964249534925,9.061451050662841,16.344970778915187,11.3291247032028,2.3032573933015827,11.89660433086273,7.36329887948249,12.951653458307314,0.17398468279751447,0.11299506766115619,0.14427013214606577,0.06755209367276384,0.2947086986940811,43.11749999999999,5.92452760511334,44.23125,35.5,50.0375,79.48500000000001,8.196651183562718,80.18750000000001,70.4825,90.325
25g,compound,100,conditional_EA,V2,high_tail,5,21.6,6.308724118235002,24.0,11.0,27.0,35.38757295539213,12.084715953951932,34.893195423031244,19.469185887482837,47.8764526693413,26.36439248830544,8.827300312889353,25.147991620653876,15.573357855918069,36.082565355826716,0.6755051351141454,0.26248444397855936,0.7876937808682618,0.24726917121313477,0.8979331174778704,43.11749999999999,5.92452760511334,44.23125,35.5,50.0375,79.48500000000001,8.196651183562718,80.18750000000001,70.4825,90.325
25g,compound,100,standard_shallow_finetune,V1,low,5,47.6,11.823705003085962,50.0,31.0,61.0,7.4602015712122824,2.091086149458645,7.0024087873624765,5.428475835138488,10.893374143775336,5.802593800589271,0.7197671580781485,5.576379951219512,4.954629741935484,6.677569685245903,0.08217861012986541,0.0655793082973988,0.05589797360650687,0.024664779566316516,0.19090142384754605,23.62625,2.1169027714446407,23.668750000000003,21.30625,26.7,49.304,5.612103159689778,51.68250000000002,42.87000000000001,55.6125
25g,compound,100,standard_shallow_finetune,V1,mid,5,34.4,4.219004621945797,33.0,29.0,40.0,9.524080341001902,1.1755364210001267,9.92625186139392,7.6914964680871,10.651341066327808,7.931969555638398,1.1060539718449087,7.864022724137931,6.196680054054053,8.931978272727271,0.08871476626196911,0.04745425121742017,0.07103408120160055,0.06086122655999985,0.1731046406891234,23.62625,2.1169027714446407,23.668750000000003,21.30625,26.7,49.304,5.612103159689778,51.68250000000002,42.87000000000001,55.6125
25g,compound,100,standard_shallow_finetune,V1,high_tail,5,20.4,5.5497747702046425,21.0,12.0,27.0,40.23086642774094,7.969609916045066,37.163533495285456,31.55177303273846,50.43340967972659,32.78763616024723,7.163268218542118,30.199804913043476,26.351692851851855,42.058038238095236,0.8291066236081657,0.11120629680432599,0.8795391876720934,0.6359939354633308,0.9106670383084503,23.62625,2.1169027714446407,23.668750000000003,21.30625,26.7,49.304,5.612103159689778,51.68250000000002,42.87000000000001,55.6125
25g,compound,100,standard_shallow_finetune,V2,low,5,50.8,16.843396332094073,57.0,28.0,71.0,9.67341461376565,2.535789156595432,9.690892767741058,7.393164116500269,13.63112878693177,7.793785814120767,1.618648134877372,7.529958842105262,6.34650045,10.360666746478872,0.10997368998850972,0.15120436532109804,0.04086961516430569,0.027444857593022374,0.3795874434656163,43.11749999999999,5.92452760511334,44.23125,35.5,50.0375,79.48500000000001,8.196651183562718,80.18750000000001,70.4825,90.325
25g,compound,100,standard_shallow_finetune,V2,mid,5,30.0,5.787918451395113,32.0,24.0,37.0,15.50806336386355,3.7529613895782847,13.695395444819875,11.607832981803988,20.64394632476312,12.589102950214986,3.230814739098332,10.781809666666666,9.806450312499999,17.26878918181818,0.10342972676348824,0.02453645427603449,0.10737359620422252,0.07477289263051318,0.12904613495673056,43.11749999999999,5.92452760511334,44.23125,35.5,50.0375,79.48500000000001,8.196651183562718,80.18750000000001,70.4825,90.325
25g,compound,100,standard_shallow_finetune,V2,high_tail,5,21.6,6.308724118235002,24.0,11.0,27.0,51.42173072277493,13.85007405998417,43.78825858894041,39.58863817830152,72.88683568468328,39.319553898607985,10.709562611676704,33.553714916666664,31.215012727272725,56.850320714285715,0.786596583248002,0.16424587202517654,0.8517567886314719,0.49604794787253736,0.8977822497764643,43.11749999999999,5.92452760511334,44.23125,35.5,50.0375,79.48500000000001,8.196651183562718,80.18750000000001,70.4825,90.325
25g,compound,100,paper_style_current_v2,V1,low,5,47.6,11.823705003085962,50.0,31.0,61.0,7.363552998690888,2.1392816872317404,6.896737228255798,5.275465676174416,10.879579469777443,5.696591475214847,0.7367871478504561,5.488298670731707,4.798948967741937,6.5695953803278675,0.0797721537352524,0.06327698658933531,0.05317326375913525,0.02350735451905239,0.1836265859546674,23.62625,2.1169027714446407,23.668750000000003,21.30625,26.7,49.304,5.612103159689778,51.68250000000002,42.87000000000001,55.6125
25g,compound,100,paper_style_current_v2,V1,mid,5,34.4,4.219004621945797,33.0,29.0,40.0,9.46720033435614,1.1716943597621308,9.873495549760703,7.673565752583711,10.630826877414593,7.87078407200048,1.0852459185147627,7.7326508333333335,6.20365054054054,8.879099181818182,0.08742444109927741,0.04630858064107175,0.07112542378988905,0.05940435221010236,0.16965566984879307,23.62625,2.1169027714446407,23.668750000000003,21.30625,26.7,49.304,5.612103159689778,51.68250000000002,42.87000000000001,55.6125
25g,compound,100,paper_style_current_v2,V1,high_tail,5,20.4,5.5497747702046425,21.0,12.0,27.0,40.32830336422664,7.76448371139248,37.61752516378593,31.967633024412343,50.293903332132366,32.870530905906676,6.9899363068555305,30.637779434782605,26.241718074074075,41.90466642857143,0.83280340516547,0.10767539493427089,0.8812715644385778,0.6467177441965393,0.9128469058852368,23.62625,2.1169027714446407,23.668750000000003,21.30625,26.7,49.304,5.612103159689778,51.68250000000002,42.87000000000001,55.6125
25g,compound,100,paper_style_current_v2,V2,low,5,50.8,16.843396332094073,57.0,28.0,71.0,9.513808081595444,2.53875336806756,9.606351769861345,7.262953209286074,13.454731770783763,7.627116738825494,1.6143295034303846,7.392908789473684,6.210858925,10.167843338028167,0.10649184735182808,0.14660443518835545,0.040351601863280746,0.02599635846994831,0.367856036215771,43.11749999999999,5.92452760511334,44.23125,35.5,50.0375,79.48500000000001,8.196651183562718,80.18750000000001,70.4825,90.325
25g,compound,100,paper_style_current_v2,V2,mid,5,30.0,5.787918451395113,32.0,24.0,37.0,15.379313303453614,3.7820504210288073,13.568103554120256,11.410204066122166,20.581890345053207,12.464044488431611,3.257124220098378,10.680541458333332,9.5951045,17.194364454545454,0.10146244494164089,0.023578552953643445,0.10723916224720594,0.07291617856838908,0.12436394354282411,43.11749999999999,5.92452760511334,44.23125,35.5,50.0375,79.48500000000001,8.196651183562718,80.18750000000001,70.4825,90.325
25g,compound,100,paper_style_current_v2,V2,high_tail,5,21.6,6.308724118235002,24.0,11.0,27.0,51.58542179784068,13.568216161167744,43.70777778795146,40.253607366530154,72.74111431018113,39.49134314300913,10.44951584053627,34.04082783333333,32.01139218181818,56.70726714285715,0.7920457077065312,0.1593718343266757,0.8524092358895135,0.5101192907386266,0.9010874629616628,43.11749999999999,5.92452760511334,44.23125,35.5,50.0375,79.48500000000001,8.196651183562718,80.18750000000001,70.4825,90.325
40g,row,30,zero_shot,V1,low,5,57.8,16.422545478700922,57.0,38.0,81.0,30.11478638901412,3.323604910169614,29.77803147417823,27.215579175812888,35.33335496225966,29.432174822267122,2.87544797545622,29.144367733846156,26.95796004473684,33.943828960493825,0.06682076072785663,0.04957636835552852,0.042545050921226533,0.02664545401001395,0.14741771705734766,49.14,9.767073992501542,49.2875,38.037499999999994,61.875,100.81800000000001,30.929216487004656,116.77000000000001,62.845000000000006,129.77000000000004
40g,row,30,zero_shot,V1,mid,5,26.8,14.342245291445828,26.0,11.0,48.0,63.99778226156876,14.302748498383409,60.041624065654005,45.29428569406641,78.43631224556538,62.20248335646553,13.323552658201972,57.68670294545454,44.86324195384615,76.89471888823527,0.1351541555931017,0.09877481102650508,0.1524678107827224,0.028735495286768196,0.27662647603680623,49.14,9.767073992501542,49.2875,38.037499999999994,61.875,100.81800000000001,30.929216487004656,116.77000000000001,62.845000000000006,129.77000000000004
40g,row,30,zero_shot,V1,high_tail,5,21.4,13.446189051177289,20.0,8.0,38.0,204.25110473360556,32.450939599964094,206.77697493977718,167.3592556564325,245.01466500396995,185.4238667155709,36.06624157033691,190.03010596,145.01707298437498,230.427415375,0.7980250836790417,0.1259909056104814,0.8095407533614712,0.6422462248196076,0.9287194537920053,49.14,9.767073992501542,49.2875,38.037499999999994,61.875,100.81800000000001,30.929216487004656,116.77000000000001,62.845000000000006,129.77000000000004
40g,row,30,zero_shot,V2,low,5,57.6,16.742162345408076,55.0,36.0,80.0,43.716872231493525,4.817471033138713,44.80956391861641,37.12173225143083,50.184359512042846,42.738142449967775,4.244580803570862,43.520738305454536,36.8106885,48.38863432125,0.07662864914297216,0.05465800029153095,0.048965209366932126,0.024569650184798498,0.16135446444798904,74.33500000000001,14.781003962011509,78.75,55.2,93.8625,143.06,44.44126699926546,149.85,94.495,194.64500000000004
40g,row,30,zero_shot,V2,mid,5,25.0,15.459624833740307,21.0,10.0,50.0,85.3642944336092,17.693490981096698,81.45825595546475,63.7978126122501,108.75633400080044,83.54475211442858,16.478198055029992,78.31285639,63.41602621428571,104.44736689285716,0.12042312478852986,0.08837075554836347,0.1204458039493572,0.02542389070411972,0.24338497983247204,74.33500000000001,14.781003962011509,78.75,55.2,93.8625,143.06,44.44126699926546,149.85,94.495,194.64500000000004
40g,row,30,zero_shot,V2,high_tail,5,23.4,14.046351839534706,20.0,10.0,41.0,261.97612416117033,39.39099240423688,285.1175907923823,213.0743671835699,299.46460965055695,235.9943631726766,42.66385803416475,261.89032089999995,183.19620282857144,272.7501918,0.8029482260684981,0.11565227742442978,0.8111142099938214,0.6571542672225911,0.9257829405256761,74.33500000000001,14.781003962011509,78.75,55.2,93.8625,143.06,44.44126699926546,149.85,94.495,194.64500000000004
40g,row,30,scale_only,V1,low,5,57.8,16.422545478700922,57.0,38.0,81.0,22.101272627870227,7.025164698146435,22.969582311767137,11.109114851704993,30.297016099044,18.902617668434978,6.045134952294054,18.8580271506632,9.697295037232252,26.12404956635581,0.2567426530791529,0.19997186252355073,0.2091897595539774,0.02879854358809536,0.5404647595934813,49.14,9.767073992501542,49.2875,38.037499999999994,61.875,100.81800000000001,30.929216487004656,116.77000000000001,62.845000000000006,129.77000000000004
40g,row,30,scale_only,V1,mid,5,26.8,14.342245291445828,26.0,11.0,48.0,17.024655232463445,4.216700540436546,17.353670434235568,11.807809146117298,23.17472730591649,13.856315741061398,3.495386830164139,14.06560730475129,9.707392478753013,19.029126718101978,0.07481696483387704,0.06383344096822781,0.04670718190224208,0.006278676261628838,0.1556802616827722,49.14,9.767073992501542,49.2875,38.037499999999994,61.875,100.81800000000001,30.929216487004656,116.77000000000001,62.845000000000006,129.77000000000004
40g,row,30,scale_only,V1,high_tail,5,21.4,13.446189051177289,20.0,8.0,38.0,71.01035382125414,11.251463601121449,67.69865568006873,61.04987357230619,86.44092436284568,53.39434994096424,8.978638054984614,55.901979778034416,40.06994241717306,64.44395476230778,0.6684403820869701,0.2483459723279729,0.6625612159440781,0.30385497872374667,0.9649227801502757,49.14,9.767073992501542,49.2875,38.037499999999994,61.875,100.81800000000001,30.929216487004656,116.77000000000001,62.845000000000006,129.77000000000004
40g,row,30,scale_only,V2,low,5,57.6,16.742162345408076,55.0,36.0,80.0,23.501139633355905,7.098760412003069,25.513551983571883,11.963425252684347,30.97484832286822,19.952096332085294,6.809191576641744,21.264326999554093,9.00092169148609,27.212773263389312,0.21154088350394556,0.1651871211930374,0.16932365114172243,0.01702157205684004,0.41217539620741367,74.33500000000001,14.781003962011509,78.75,55.2,93.8625,143.06,44.44126699926546,149.85,94.495,194.64500000000004
40g,row,30,scale_only,V2,mid,5,25.0,15.459624833740307,21.0,10.0,50.0,29.049759432048127,9.22796726725829,29.070792945433123,16.661714897049997,41.50618832366792,21.618292015764606,5.475986635463953,21.663786984041106,13.961990945078451,28.831885312626977,0.15620178900719037,0.1417539582213233,0.09735438673243019,0.006002957863560563,0.30929480133514503,74.33500000000001,14.781003962011509,78.75,55.2,93.8625,143.06,44.44126699926546,149.85,94.495,194.64500000000004
40g,row,30,scale_only,V2,high_tail,5,23.4,14.046351839534706,20.0,10.0,41.0,79.52849899798463,20.187245334357453,72.9490816309659,60.294103279810614,104.97525851952963,56.16865743512517,16.885657016112688,51.756661245722256,36.96808477355084,74.98447672818381,0.632257327488864,0.26603513495602465,0.5877456400080965,0.2785298024574411,0.9769754700795994,74.33500000000001,14.781003962011509,78.75,55.2,93.8625,143.06,44.44126699926546,149.85,94.495,194.64500000000004
40g,row,30,affine,V1,low,5,57.8,16.422545478700922,57.0,38.0,81.0,16.11832149665124,4.574890288313522,16.29478493137637,10.227594398291817,20.613214998780855,10.87978506307407,1.8872003352573232,11.589731786028086,7.914110562764203,12.423861417386357,0.16846576015621792,0.13724807222222893,0.17636317946398702,0.028366047389698654,0.3395318511892453,49.14,9.767073992501542,49.2875,38.037499999999994,61.875,100.81800000000001,30.929216487004656,116.77000000000001,62.845000000000006,129.77000000000004
40g,row,30,affine,V1,mid,5,26.8,14.342245291445828,26.0,11.0,48.0,16.640805751100597,5.269174001394709,15.052548100399097,10.45298734139107,24.345152712710547,12.926182145270491,4.339028810794695,12.293778758736929,8.456803523309572,19.721750948103118,0.10150218175584387,0.10415988819583602,0.0469692942358155,0.0044793061665483495,0.23637943287437865,49.14,9.767073992501542,49.2875,38.037499999999994,61.875,100.81800000000001,30.929216487004656,116.77000000000001,62.845000000000006,129.77000000000004
40g,row,30,affine,V1,high_tail,5,21.4,13.446189051177289,20.0,8.0,38.0,70.79992735668581,13.093967970472978,72.16221373767516,53.879436006939486,84.14926421589362,52.604185046825876,7.708578760470954,55.59279080059145,43.36725352227322,59.85228605665422,0.7300320580879383,0.2245913925595285,0.690773548021034,0.4240887159363762,0.9597101288384436,49.14,9.767073992501542,49.2875,38.037499999999994,61.875,100.81800000000001,30.929216487004656,116.77000000000001,62.845000000000006,129.77000000000004
40g,row,30,affine,V2,low,5,57.6,16.742162345408076,55.0,36.0,80.0,16.80540533787914,2.381307373163231,17.59426642359453,13.390738423995995,19.18842006624001,13.541556449014795,1.7784812015402056,13.253187988718155,11.233919597844883,16.175119467611605,0.12639350231482963,0.09915171979221733,0.07430367953601809,0.023627054668783364,0.26074112538541455,74.33500000000001,14.781003962011509,78.75,55.2,93.8625,143.06,44.44126699926546,149.85,94.495,194.64500000000004
40g,row,30,affine,V2,mid,5,25.0,15.459624833740307,21.0,10.0,50.0,27.49937059716916,9.747245967389466,27.376667292841656,15.075207062428214,40.03906012669567,20.00115106766625,6.217611099366983,17.710138065834766,12.100139474625928,27.456106957118056,0.20683787122914668,0.20750066045818227,0.10188382966708741,0.004119140354235455,0.43095947083245706,74.33500000000001,14.781003962011509,78.75,55.2,93.8625,143.06,44.44126699926546,149.85,94.495,194.64500000000004
40g,row,30,affine,V2,high_tail,5,23.4,14.046351839534706,20.0,10.0,41.0,76.12381008411631,26.28578188868334,73.46080482445656,46.38195298746794,114.38205326657048,51.82658804679702,20.497634094240112,49.30239487064983,31.84380989162208,81.18155865811283,0.6667686264560236,0.24268799080800502,0.6728471883992064,0.3701255051978855,0.9722538049769812,74.33500000000001,14.781003962011509,78.75,55.2,93.8625,143.06,44.44126699926546,149.85,94.495,194.64500000000004
40g,row,30,target_head_only,V1,low,5,57.8,16.422545478700922,57.0,38.0,81.0,17.362681652873363,2.4993922680285,17.01428413959776,14.912047944748668,21.429275242415027,16.03969142157807,2.088449170950342,15.519787456140351,13.706923270833334,19.357591271604935,0.03762786468873082,0.03142563856659846,0.01963643593949095,0.015199937141698866,0.08864195954722352,49.14,9.767073992501542,49.2875,38.037499999999994,61.875,100.81800000000001,30.929216487004656,116.77000000000001,62.845000000000006,129.77000000000004
40g,row,30,target_head_only,V1,mid,5,26.8,14.342245291445828,26.0,11.0,48.0,44.468152717942644,11.76761841036495,42.11187213955227,29.228346867419546,56.38611497386205,42.60285623880348,10.727764562487108,39.224838812499996,28.767117749999997,54.563999941176476,0.11157032698955974,0.08850434954228528,0.1288049726201684,0.019323265351415448,0.23876129961209885,49.14,9.767073992501542,49.2875,38.037499999999994,61.875,100.81800000000001,30.929216487004656,116.77000000000001,62.845000000000006,129.77000000000004
40g,row,30,target_head_only,V1,high_tail,5,21.4,13.446189051177289,20.0,8.0,38.0,166.19501302374567,27.15732721139218,163.39177234616486,136.00977040300302,202.6012983186373,148.57852143571637,31.42401071563853,147.87929235,114.5007450625,189.769388,0.8508018083217094,0.10600204248314508,0.8493856497850479,0.7136599677387528,0.9610402987090935,49.14,9.767073992501542,49.2875,38.037499999999994,61.875,100.81800000000001,30.929216487004656,116.77000000000001,62.845000000000006,129.77000000000004
40g,row,30,target_head_only,V2,low,5,57.6,16.742162345408076,55.0,36.0,80.0,30.507323925258174,3.7405399773080727,30.691188089206126,25.442757317152356,35.66422714147312,29.267087067812525,3.1399402179270353,29.025878236363628,24.958363583333334,33.5514179125,0.054770118028700535,0.04123807255813553,0.033962510866798766,0.016827884518304213,0.11870833666128766,74.33500000000001,14.781003962011509,78.75,55.2,93.8625,143.06,44.44126699926546,149.85,94.495,194.64500000000004
40g,row,30,target_head_only,V2,mid,5,25.0,15.459624833740307,21.0,10.0,50.0,64.39196488247242,15.991121042904147,62.25978655781569,46.02056350913412,85.94184464164931,62.37064002654762,14.71377033721979,59.172714500000005,45.421858809523805,81.43237328571429,0.10376311664304369,0.08283064873864865,0.1029272685592932,0.017570307113703748,0.222487522469859,74.33500000000001,14.781003962011509,78.75,55.2,93.8625,143.06,44.44126699926546,149.85,94.495,194.64500000000004
40g,row,30,target_head_only,V2,high_tail,5,23.4,14.046351839534706,20.0,10.0,41.0,223.9582789575883,33.83748323044192,241.63272162022284,181.50929603595486,258.3025428047037,199.47123230266075,37.845306033074834,218.8514852,152.59500319999998,234.1491791,0.8414667653282557,0.10294290376969625,0.8432185617751032,0.7049872305711388,0.9506030817481865,74.33500000000001,14.781003962011509,78.75,55.2,93.8625,143.06,44.44126699926546,149.85,94.495,194.64500000000004
40g,row,30,local_identity_shrinkage,V1,low,5,57.8,16.422545478700922,57.0,38.0,81.0,16.345067105383983,5.250481800095307,16.294784465612047,10.22759459227875,22.434077877105008,11.37057276561245,2.888532895817568,10.694082952436554,7.914110679518689,15.659780833257553,0.17744112329730077,0.150768804402637,0.17636316662165422,0.028366050278105626,0.38240613521548683,49.14,9.767073992501542,49.2875,38.037499999999994,61.875,100.81800000000001,30.929216487004656,116.77000000000001,62.845000000000006,129.77000000000004
40g,row,30,local_identity_shrinkage,V1,mid,5,26.8,14.342245291445828,26.0,11.0,48.0,16.51571229711903,4.680909910475415,15.05254809551577,11.007102004149646,23.165571522471307,12.77732552194154,3.845746379271267,12.29377849377638,8.774209697620076,18.660062823584987,0.0946748510388852,0.09291188420375014,0.046969293414958355,0.005983413815063672,0.20073868055629787,49.14,9.767073992501542,49.2875,38.037499999999994,61.875,100.81800000000001,30.929216487004656,116.77000000000001,62.845000000000006,129.77000000000004
40g,row,30,local_identity_shrinkage,V1,high_tail,5,21.4,13.446189051177289,20.0,8.0,38.0,69.6005253721236,11.59057705270313,72.16221141326696,53.87943842173494,84.14926615589785,51.86826889591631,7.325990496273125,52.91500142952235,43.36725083358828,59.85229003379135,0.727884025663814,0.22617582293288646,0.6907735682475863,0.4168551842282152,0.9562034601511346,49.14,9.767073992501542,49.2875,38.037499999999994,61.875,100.81800000000001,30.929216487004656,116.77000000000001,62.845000000000006,129.77000000000004
40g,row,30,local_identity_shrinkage,V2,low,5,57.6,16.742162345408076,55.0,36.0,80.0,17.507411781668246,2.3412540529081247,18.45846000534299,13.39073844331298,19.18842128958581,13.592632747807803,1.8075392565667368,13.859751101334794,11.233919261291607,16.175110359775033,0.14022478860874,0.08789663031416367,0.08422007632243034,0.07423638819653734,0.26074116102106937,74.33500000000001,14.781003962011509,78.75,55.2,93.8625,143.06,44.44126699926546,149.85,94.495,194.64500000000004
40g,row,30,local_identity_shrinkage,V2,mid,5,25.0,15.459624833740307,21.0,10.0,50.0,32.54206803414506,8.094345809847383,33.35172915223431,21.65417946899662,40.22132992044638,24.28844364517471,6.879481463929077,25.08706113373206,17.652302649811162,33.98077988537116,0.22106260956611887,0.19358605179446026,0.10188378341144315,0.06641169495254379,0.4342489927270607,74.33500000000001,14.781003962011509,78.75,55.2,93.8625,143.06,44.44126699926546,149.85,94.495,194.64500000000004
40g,row,30,local_identity_shrinkage,V2,high_tail,5,23.4,14.046351839534706,20.0,10.0,41.0,66.64138920394831,15.415340819089117,67.90411667721496,46.38195202439592,87.18417206399783,43.37175038464991,12.358335072837075,39.82941230000791,31.84380822415368,62.36265523952109,0.638712601825141,0.2103540480137774,0.6728471440263869,0.35812831321391486,0.8439708248898486,74.33500000000001,14.781003962011509,78.75,55.2,93.8625,143.06,44.44126699926546,149.85,94.495,194.64500000000004
40g,row,30,conditional_EA,V1,low,5,57.8,16.422545478700922,57.0,38.0,81.0,14.219753822679333,6.23838888985802,13.782625621585566,6.881353002623757,21.680274869239412,9.83699457985054,2.715487851787764,10.596139850685365,5.885936010322435,12.746021062482482,0.15867671382078083,0.1338114035214272,0.2119790756536128,0.01348368374051512,0.3219347345110079,49.14,9.767073992501542,49.2875,38.037499999999994,61.875,100.81800000000001,30.929216487004656,116.77000000000001,62.845000000000006,129.77000000000004
40g,row,30,conditional_EA,V1,mid,5,26.8,14.342245291445828,26.0,11.0,48.0,16.119342742685227,5.290029733455857,14.108242423064514,10.357869170914297,23.60084047370568,12.696997558023732,4.316272605633866,11.637841376553482,8.440187023210802,19.247446677821696,0.10681326612758531,0.11066374199173525,0.0481977453602132,0.006042359505536043,0.24025335718295515,49.14,9.767073992501542,49.2875,38.037499999999994,61.875,100.81800000000001,30.929216487004656,116.77000000000001,62.845000000000006,129.77000000000004
40g,row,30,conditional_EA,V1,high_tail,5,21.4,13.446189051177289,20.0,8.0,38.0,66.21890914699966,11.868228041269711,70.50447564912027,49.23385117693267,80.18295659164735,48.48552898049367,7.916634909422382,50.092765097268305,38.374078530745905,57.196979710424166,0.7345100200516338,0.23353219539032466,0.7326323532123173,0.43781190830603695,0.9671414667231653,49.14,9.767073992501542,49.2875,38.037499999999994,61.875,100.81800000000001,30.929216487004656,116.77000000000001,62.845000000000006,129.77000000000004
40g,row,30,conditional_EA,V2,low,5,57.6,16.742162345408076,55.0,36.0,80.0,17.511185112161687,1.4936193527384967,18.14353752650432,15.040989208779084,18.712928155903533,13.586293850388667,1.3907521615514813,13.323899998671731,12.168996732888147,15.9090060515904,0.13846383998411227,0.07324407625296633,0.09644992098061732,0.07552768044241834,0.2230127822822696,74.33500000000001,14.781003962011509,78.75,55.2,93.8625,143.06,44.44126699926546,149.85,94.495,194.64500000000004
40g,row,30,conditional_EA,V2,mid,5,25.0,15.459624833740307,21.0,10.0,50.0,33.644498479532125,7.398225708021917,33.729544785860575,23.002875743038373,41.42984502168396,25.31646030102102,6.311219261098568,24.429621587452143,18.479290905843676,35.14894567229862,0.24458477718928057,0.22101475514737157,0.10306065471114079,0.07958632141618728,0.550453521292316,74.33500000000001,14.781003962011509,78.75,55.2,93.8625,143.06,44.44126699926546,149.85,94.495,194.64500000000004
40g,row,30,conditional_EA,V2,high_tail,5,23.4,14.046351839534706,20.0,10.0,41.0,65.04993145047243,17.59639943507715,66.33241694106066,38.610769406163,86.05509702901091,43.044058390857344,12.656021146560304,38.62478756502602,30.141730433418115,61.061150658189625,0.6169513828266071,0.23657571627510376,0.6972733108971352,0.35309655772706666,0.8364641158862198,74.33500000000001,14.781003962011509,78.75,55.2,93.8625,143.06,44.44126699926546,149.85,94.495,194.64500000000004
40g,row,30,standard_shallow_finetune,V1,low,5,57.8,16.422545478700922,57.0,38.0,81.0,19.461403669681808,3.7607146995490472,19.26004462302796,14.25130754168704,24.37734561064734,12.788828575935922,2.5822289737382826,13.969360833333335,9.937886615384615,15.75427838271605,0.14620879369801726,0.09029882822925618,0.13636395560509854,0.03909970997985412,0.2839453312610199,49.14,9.767073992501542,49.2875,38.037499999999994,61.875,100.81800000000001,30.929216487004656,116.77000000000001,62.845000000000006,129.77000000000004
40g,row,30,standard_shallow_finetune,V1,mid,5,26.8,14.342245291445828,26.0,11.0,48.0,24.135073336720435,11.301350384201859,21.935378479216055,11.65939307394503,42.50036100266349,17.26192278213184,6.743718329916004,17.732459875,9.578675818181818,27.4739093125,0.13460777355845108,0.12995594580264216,0.07318408536339266,0.0050504936454294005,0.3268939420205855,49.14,9.767073992501542,49.2875,38.037499999999994,61.875,100.81800000000001,30.929216487004656,116.77000000000001,62.845000000000006,129.77000000000004
40g,row,30,standard_shallow_finetune,V1,high_tail,5,21.4,13.446189051177289,20.0,8.0,38.0,83.8173158029889,19.633734695276058,86.29952388154746,61.95170944876124,102.79968414998525,64.03913262133041,23.738565249371486,63.152465605263146,37.611580937499994,92.775549375,0.7191834327435316,0.1675546619048979,0.6528858315816529,0.536742102374316,0.9558497963747163,49.14,9.767073992501542,49.2875,38.037499999999994,61.875,100.81800000000001,30.929216487004656,116.77000000000001,62.845000000000006,129.77000000000004
40g,row,30,standard_shallow_finetune,V2,low,5,57.6,16.742162345408076,55.0,36.0,80.0,19.869820570369317,5.388288006924351,17.70485443823235,15.684180983237855,28.774053365918473,15.170443573301522,4.115240414917028,14.475695945454545,11.825185140000004,21.956175825,0.1074282583723819,0.11448253431041003,0.05754760640404976,0.050509063984287526,0.3120314716038568,74.33500000000001,14.781003962011509,78.75,55.2,93.8625,143.06,44.44126699926546,149.85,94.495,194.64500000000004
40g,row,30,standard_shallow_finetune,V2,mid,5,25.0,15.459624833740307,21.0,10.0,50.0,35.30285943010598,16.38425672259148,30.96179204544828,20.298735640567614,61.021356333848246,24.66930978804762,9.523550921494468,20.657037523809525,15.169047,38.998376071428574,0.17337869858642635,0.1705045951977047,0.10413041792773209,0.009095485664754042,0.37108312926697473,74.33500000000001,14.781003962011509,78.75,55.2,93.8625,143.06,44.44126699926546,149.85,94.495,194.64500000000004
40g,row,30,standard_shallow_finetune,V2,high_tail,5,23.4,14.046351839534706,20.0,10.0,41.0,99.28205542345972,25.373920898267993,101.77551932044814,67.80152559361834,129.32201700135525,75.69166106290781,31.671438970382226,71.22063975609755,37.573930285714276,111.39172727272727,0.7191930430411917,0.15764223070413586,0.6462993887959871,0.5784078067487375,0.9374722679758356,74.33500000000001,14.781003962011509,78.75,55.2,93.8625,143.06,44.44126699926546,149.85,94.495,194.64500000000004
40g,row,30,paper_style_current_v2,V1,low,5,57.8,16.422545478700922,57.0,38.0,81.0,19.33820459868156,3.761580118193615,19.2420078919187,14.167537163632744,24.291158233622596,12.674728154613385,2.528373510486733,13.789926666666666,9.893054,15.653895049382717,0.14455357014990497,0.08889168368730216,0.13654979752906826,0.03859688100455207,0.27922529614189384,49.14,9.767073992501542,49.2875,38.037499999999994,61.875,100.81800000000001,30.929216487004656,116.77000000000001,62.845000000000006,129.77000000000004
40g,row,30,paper_style_current_v2,V1,mid,5,26.8,14.342245291445828,26.0,11.0,48.0,24.12254795555385,11.278642431395381,22.057114042126933,11.60453398247427,42.41410359723118,17.236441760205842,6.733421391660911,17.685320708333332,9.535739454545453,27.380816656249998,0.13476377049595645,0.12982092580461335,0.07314998142522554,0.004997315035738041,0.32662354715553366,49.14,9.767073992501542,49.2875,38.037499999999994,61.875,100.81800000000001,30.929216487004656,116.77000000000001,62.845000000000006,129.77000000000004
40g,row,30,paper_style_current_v2,V1,high_tail,5,21.4,13.446189051177289,20.0,8.0,38.0,83.8421726340435,19.677455428729136,86.37438856519098,61.953391093705406,103.06711852638195,64.1097989299342,23.87645250974802,63.18859686842103,37.60117265625,93.15224062499999,0.7206826593541387,0.16767652274445496,0.6568481861569144,0.536826655315398,0.9564058039597101,49.14,9.767073992501542,49.2875,38.037499999999994,61.875,100.81800000000001,30.929216487004656,116.77000000000001,62.845000000000006,129.77000000000004
40g,row,30,paper_style_current_v2,V2,low,5,57.6,16.742162345408076,55.0,36.0,80.0,19.675184237190788,5.373504006958368,17.387981365282982,15.444705003339052,28.541050116547282,15.033208389416478,4.098170872556297,14.41949869090909,11.670018320000002,21.8222760875,0.10557123043488906,0.11271408891170019,0.057366131793336834,0.048854808937985404,0.30701084574164106,74.33500000000001,14.781003962011509,78.75,55.2,93.8625,143.06,44.44126699926546,149.85,94.495,194.64500000000004
40g,row,30,paper_style_current_v2,V2,mid,5,25.0,15.459624833740307,21.0,10.0,50.0,35.33531220931061,16.29627472574436,30.88950135575345,20.29138099642883,60.89495609930598,24.658516893738092,9.44458560137229,20.510087904761907,15.135600199999999,38.828996321428576,0.17399104763297743,0.17098612349847786,0.10394608387065063,0.009086578634555722,0.37358285024011184,74.33500000000001,14.781003962011509,78.75,55.2,93.8625,143.06,44.44126699926546,149.85,94.495,194.64500000000004
40g,row,30,paper_style_current_v2,V2,high_tail,5,23.4,14.046351839534706,20.0,10.0,41.0,99.29223891743759,25.428002873977327,101.82589896487912,67.78174780102235,129.1557582810182,75.74666254401014,31.807950295467162,71.23868495121951,37.54636831428571,111.42726545454546,0.7204377219321334,0.15787986508212618,0.6502878590368613,0.5775623408219026,0.9381613586848316,74.33500000000001,14.781003962011509,78.75,55.2,93.8625,143.06,44.44126699926546,149.85,94.495,194.64500000000004
40g,row,50,zero_shot,V1,low,5,58.8,13.311649033834989,53.0,48.0,81.0,30.185297469211918,2.938105286870911,29.12942802291612,27.992280787511817,35.33335496225966,29.524692654699415,2.5306439685739623,28.7284808375,27.572296245098045,33.943828960493825,0.0668576550621524,0.047268982467744226,0.04055105496911921,0.036305678453722165,0.14741771705734766,48.7725,9.24897545001607,45.525,42.3875,65.0375,93.495,26.94449224795301,82.62500000000001,68.55,125.75999999999999
40g,row,50,zero_shot,V1,mid,5,23.4,9.016651263079881,23.0,15.0,38.0,59.909033142311635,12.177819051781483,54.65247742045145,46.97266788519523,78.43631224556538,58.820018038478864,11.659392531413811,54.20906407333334,46.515270604166666,76.89471888823527,0.09784915504874986,0.054329876304776044,0.09616642603499535,0.03497486775427256,0.1524678107827224,48.7725,9.24897545001607,45.525,42.3875,65.0375,93.495,26.94449224795301,82.62500000000001,68.55,125.75999999999999
40g,row,50,zero_shot,V1,high_tail,5,23.8,11.41052146047673,22.0,8.0,38.0,192.4734678067891,33.68720075876784,176.94077110056574,163.95245697369188,245.01466500396995,173.32122128254406,36.73078629871671,153.60563064736843,144.81947940454546,230.427415375,0.8352931898890977,0.09032237845539505,0.8323773068545848,0.70011447215993,0.9287194537920053,48.7725,9.24897545001607,45.525,42.3875,65.0375,93.495,26.94449224795301,82.62500000000001,68.55,125.75999999999999
40g,row,50,zero_shot,V2,low,5,59.8,10.56882207249228,54.0,52.0,77.0,44.587837237173936,2.5224014850611476,44.00899544591183,42.15270440421608,48.851571346295934,43.51708291467656,2.1845380549959508,42.83354695283019,41.58550997115385,47.283340632467535,0.07708450303815893,0.04255407244466486,0.05247665691476177,0.04681878608911957,0.1471641506431896,76.86,8.854560089298616,74.525,67.9875,91.69999999999999,141.632,39.9529255186651,129.75,100.83000000000001,186.12500000000003
40g,row,50,zero_shot,V2,mid,5,22.2,8.526429498916883,21.0,11.0,34.0,83.52852666580476,13.636906008012332,76.7574788343777,69.88436758961329,101.42495628220469,82.12181506933783,12.620379224820066,75.82382921052631,69.16229371153845,98.80332004761905,0.10102925216720153,0.05963090234680744,0.08226623577013524,0.027398273385204442,0.17300680298284898,76.86,8.854560089298616,74.525,67.9875,91.69999999999999,141.632,39.9529255186651,129.75,100.83000000000001,186.12500000000003
40g,row,50,zero_shot,V2,high_tail,5,24.0,12.103718436910205,24.0,8.0,41.0,258.93365612938885,47.31497120862118,234.62243964427915,216.8792840459329,325.74499440014887,233.65574400836695,48.60427446587198,208.36454060714283,194.032735875,302.244416,0.8218862447946396,0.09277860282982767,0.8296100516978279,0.6798290463739616,0.9257829405256761,76.86,8.854560089298616,74.525,67.9875,91.69999999999999,141.632,39.9529255186651,129.75,100.83000000000001,186.12500000000003
40g,row,50,scale_only,V1,low,5,58.8,13.311649033834989,53.0,48.0,81.0,22.40863112060392,6.449318704750038,23.90886342691793,11.98512920652019,27.851757078728635,19.40966832943302,5.148693486710434,20.8899423815802,10.586733166264404,23.657608258209965,0.27983715388754593,0.19139964542228766,0.34680961616035577,0.032242640087211866,0.45165685785543,48.7725,9.24897545001607,45.525,42.3875,65.0375,93.495,26.94449224795301,82.62500000000001,68.55,125.75999999999999
40g,row,50,scale_only,V1,mid,5,23.4,9.016651263079881,23.0,15.0,38.0,16.301704733255868,3.5566769661345305,16.679525518646837,10.336799811637531,19.663598911088844,13.076902139984327,2.8454094864065858,13.318729476654381,8.343916987323079,15.743123925403372,0.060688503965138176,0.051205878285773526,0.046134097926553694,0.006787858107870092,0.14249867887432677,48.7725,9.24897545001607,45.525,42.3875,65.0375,93.495,26.94449224795301,82.62500000000001,68.55,125.75999999999999
40g,row,50,scale_only,V1,high_tail,5,23.8,11.41052146047673,22.0,8.0,38.0,65.44851554038095,14.73008114874145,69.99574171253404,48.4401696703012,80.22217039438745,46.939901513478205,8.017809333317585,42.489038355324965,39.04406352930749,56.31407332003866,0.6594743421473158,0.2239055700631995,0.5106917049653172,0.48461169552182964,0.960969501804918,48.7725,9.24897545001607,45.525,42.3875,65.0375,93.495,26.94449224795301,82.62500000000001,68.55,125.75999999999999
40g,row,50,scale_only,V2,low,5,59.8,10.56882207249228,54.0,52.0,77.0,24.114491948416305,6.23615848161678,25.989979248473805,13.918423479272619,30.479837678619436,20.55216916292909,5.860178924793319,22.89240054352761,10.75127635485267,25.698643981722057,0.22936234108242184,0.1588922085893375,0.2568805436634194,0.02690696056731854,0.43266156228804964,76.86,8.854560089298616,74.525,67.9875,91.69999999999999,141.632,39.9529255186651,129.75,100.83000000000001,186.12500000000003
40g,row,50,scale_only,V2,mid,5,22.2,8.526429498916883,21.0,11.0,34.0,31.17844252014574,6.134184455621576,32.82269580290758,20.60026528502519,35.89804886616862,23.214979478761244,3.935634381019798,24.161572671149244,16.322167734516416,25.89527048339059,0.14456795277127382,0.10235111667829187,0.12798510537985525,0.012006850457802438,0.2959195553349334,76.86,8.854560089298616,74.525,67.9875,91.69999999999999,141.632,39.9529255186651,129.75,100.83000000000001,186.12500000000003
40g,row,50,scale_only,V2,high_tail,5,24.0,12.103718436910205,24.0,8.0,41.0,76.84493388859404,19.31243413269371,79.6939657259962,56.502792821591314,95.46492698538219,52.267995799923085,14.504709017039806,42.49751424406586,40.55193689284696,70.63439081479498,0.6260697061463042,0.22758150324868598,0.5238542263111977,0.43935333233209517,0.9610861889748789,76.86,8.854560089298616,74.525,67.9875,91.69999999999999,141.632,39.9529255186651,129.75,100.83000000000001,186.12500000000003
40g,row,50,affine,V1,low,5,58.8,13.311649033834989,53.0,48.0,81.0,15.865259573902799,4.593394555979381,16.47576887190233,9.728291924470444,20.54984076845636,10.608465139126306,1.8431546454822907,11.247428932489418,7.5156733417485855,12.318391935463437,0.18092081553740763,0.13785595617523907,0.2506310786459262,0.027883216789076428,0.2974088085044174,48.7725,9.24897545001607,45.525,42.3875,65.0375,93.495,26.94449224795301,82.62500000000001,68.55,125.75999999999999
40g,row,50,affine,V1,mid,5,23.4,9.016651263079881,23.0,15.0,38.0,15.80664442339239,4.230144014419564,15.964284448034832,9.89207268543943,21.511471911100955,12.423069943037389,3.2943179021701403,12.843409767917839,8.003122339433903,16.668867016685123,0.07910385707760702,0.0829413862229004,0.05792997525833518,0.005847879829197573,0.21742056292410025,48.7725,9.24897545001607,45.525,42.3875,65.0375,93.495,26.94449224795301,82.62500000000001,68.55,125.75999999999999
40g,row,50,affine,V1,high_tail,5,23.8,11.41052146047673,22.0,8.0,38.0,64.75701077824012,16.525622165566315,72.57657422287885,46.38006541510434,79.60777887452083,45.70931946413068,7.138160671177948,43.26870565112603,39.816841774497476,56.60081261173699,0.7399753273849854,0.1977006871303418,0.6480804651832127,0.5319483584299737,0.9594607059816358,48.7725,9.24897545001607,45.525,42.3875,65.0375,93.495,26.94449224795301,82.62500000000001,68.55,125.75999999999999
40g,row,50,affine,V2,low,5,59.8,10.56882207249228,54.0,52.0,77.0,16.493559671160927,2.6543360988795435,16.499094540280527,12.882032906018942,20.22911587929405,12.806510465473616,1.4917677626458579,13.040497288467439,10.389753861574654,14.48464150123283,0.13317874829421222,0.10546688737446287,0.10061890481001942,0.030025010193413533,0.2945178075812785,76.86,8.854560089298616,74.525,67.9875,91.69999999999999,141.632,39.9529255186651,129.75,100.83000000000001,186.12500000000003
40g,row,50,affine,V2,mid,5,22.2,8.526429498916883,21.0,11.0,34.0,29.29520926225868,6.74346416992206,32.1267646468113,19.072422680323616,36.39680460840375,20.862216855838216,3.487273864713279,21.247634035180674,15.018118640806755,23.624594770842865,0.18196833245211722,0.14733937929729568,0.13645016849429428,0.00906990090553284,0.4014651103142231,76.86,8.854560089298616,74.525,67.9875,91.69999999999999,141.632,39.9529255186651,129.75,100.83000000000001,186.12500000000003
40g,row,50,affine,V2,high_tail,5,24.0,12.103718436910205,24.0,8.0,41.0,73.54098418178367,23.518728668200318,80.34660768175998,47.86122168136492,101.68321115595944,47.86692929101955,15.274120497963708,39.789802189865576,33.78196026642242,70.17716394629646,0.6848529192536705,0.1944008324358011,0.5836513061772148,0.49791598487575756,0.9609050889010534,76.86,8.854560089298616,74.525,67.9875,91.69999999999999,141.632,39.9529255186651,129.75,100.83000000000001,186.12500000000003
40g,row,50,target_head_only,V1,low,5,58.8,13.311649033834989,53.0,48.0,81.0,17.463505761527276,2.574485359623678,16.673207451974022,15.72527401355914,21.921965554734467,16.163121247146737,2.2955764838361703,15.547317081967213,14.381135343137256,19.965504234567902,0.03828264922090831,0.03182717669369532,0.022726421948977872,0.015577075485431812,0.09277791811302859,48.7725,9.24897545001607,45.525,42.3875,65.0375,93.495,26.94449224795301,82.62500000000001,68.55,125.75999999999999
40g,row,50,target_head_only,V1,mid,5,23.4,9.016651263079881,23.0,15.0,38.0,41.140527053759776,10.353182811029802,36.85979372349287,30.122853947554976,56.49441679629029,39.93005420610501,9.758764581268865,36.02613113043478,29.445916354166666,54.68371635294118,0.07811364581512753,0.05042442509537845,0.07368274120482848,0.023041840411240373,0.12949388086515234,48.7725,9.24897545001607,45.525,42.3875,65.0375,93.495,26.94449224795301,82.62500000000001,68.55,125.75999999999999
40g,row,50,target_head_only,V1,high_tail,5,23.8,11.41052146047673,22.0,8.0,38.0,155.88720667650222,28.48352545989514,145.8979475619657,130.7136064354246,201.98428705252303,137.66353321194242,31.905123519475367,122.30835076315788,112.72397609090908,189.19271687499997,0.8836037049639641,0.07455851785347749,0.8863319660371868,0.7779035984667294,0.9613810841033276,48.7725,9.24897545001607,45.525,42.3875,65.0375,93.495,26.94449224795301,82.62500000000001,68.55,125.75999999999999
40g,row,50,target_head_only,V2,low,5,59.8,10.56882207249228,54.0,52.0,77.0,31.295672937658047,2.2281935392126204,30.37364509764883,29.517816927244954,35.09037759237584,29.97368226022538,1.9485372605388844,29.27728853968254,28.522092296296293,33.29277575324675,0.05549896373875527,0.03314940180452784,0.03773405201001982,0.03004553430638157,0.11052902395896558,76.86,8.854560089298616,74.525,67.9875,91.69999999999999,141.632,39.9529255186651,129.75,100.83000000000001,186.12500000000003
40g,row,50,target_head_only,V2,mid,5,22.2,8.526429498916883,21.0,11.0,34.0,63.04425415848116,12.578800463882025,58.3434007850341,51.069957338790985,79.23870978453957,61.314452372758204,11.571247430508723,57.030556052631574,50.044535923076914,76.28852271428572,0.08591264137696718,0.05577604541015114,0.0695653636032433,0.0190942041785467,0.15371052731329818,76.86,8.854560089298616,74.525,67.9875,91.69999999999999,141.632,39.9529255186651,129.75,100.83000000000001,186.12500000000003
40g,row,50,target_head_only,V2,high_tail,5,24.0,12.103718436910205,24.0,8.0,41.0,220.9430879332498,41.1375914140595,200.21606905995415,183.36056004461764,280.8784774437063,196.90249486702123,43.18205622817542,174.72868460714287,161.49197316666667,259.94351174999997,0.8585883948842776,0.08214825129856237,0.8679187553963976,0.7357604487277363,0.9508602615150717,76.86,8.854560089298616,74.525,67.9875,91.69999999999999,141.632,39.9529255186651,129.75,100.83000000000001,186.12500000000003
40g,row,50,local_identity_shrinkage,V1,low,5,58.8,13.311649033834989,53.0,48.0,81.0,15.995863627690387,4.966254718502574,16.475768654148574,9.72829209348639,20.95104206370944,10.988185787202578,2.3189139756646995,10.86383470998354,7.515673503550538,13.71796787089578,0.18403580562553892,0.1413996340394878,0.25063106928450146,0.027883217765325496,0.3132273940289178,48.7725,9.24897545001607,45.525,42.3875,65.0375,93.495,26.94449224795301,82.62500000000001,68.55,125.75999999999999
40g,row,50,local_identity_shrinkage,V1,mid,5,23.4,9.016651263079881,23.0,15.0,38.0,15.628809384073893,4.052020549075671,15.96428408166599,10.214572634745673,21.511471965773577,12.174178691908152,3.1112499453420104,12.506575666055838,8.231411552959052,16.668866777449647,0.07602550239011527,0.08275679398305041,0.05792997280248563,0.006751782843326916,0.21742055600671872,48.7725,9.24897545001607,45.525,42.3875,65.0375,93.495,26.94449224795301,82.62500000000001,68.55,125.75999999999999
40g,row,50,local_identity_shrinkage,V1,high_tail,5,23.8,11.41052146047673,22.0,8.0,38.0,64.45135202879646,15.4563522002877,72.57657409608966,46.38006698045515,77.83800937812087,45.488823314531736,5.974559292738863,43.268705575073284,39.816842166169806,54.16806990082462,0.7399386919843458,0.19744352620375388,0.6480804743796755,0.5319483747087799,0.9588004229255626,48.7725,9.24897545001607,45.525,42.3875,65.0375,93.495,26.94449224795301,82.62500000000001,68.55,125.75999999999999
40g,row,50,local_identity_shrinkage,V2,low,5,59.8,10.56882207249228,54.0,52.0,77.0,16.290366432991117,2.786459521316657,16.499094698390675,12.882032712081562,20.229116593238025,12.168648769837457,1.7657634012822851,12.237816644887989,10.389753861364834,14.484642021519951,0.1354448245709592,0.10355620266112188,0.1006189045165844,0.03904683127381238,0.29451781996859877,76.86,8.854560089298616,74.525,67.9875,91.69999999999999,141.632,39.9529255186651,129.75,100.83000000000001,186.12500000000003
40g,row,50,local_identity_shrinkage,V2,mid,5,22.2,8.526429498916883,21.0,11.0,34.0,30.78431180656695,4.295987670740666,32.126764810128286,26.36597852473225,36.38687675660486,22.0681659579436,1.2901636367008562,21.247633974516198,20.970101591609502,23.624595027499495,0.1856350665034475,0.14249306918913734,0.1364501758463204,0.026341334153970743,0.40146512531315376,76.86,8.854560089298616,74.525,67.9875,91.69999999999999,141.632,39.9529255186651,129.75,100.83000000000001,186.12500000000003
40g,row,50,local_identity_shrinkage,V2,high_tail,5,24.0,12.103718436910205,24.0,8.0,41.0,69.51945235628678,18.84947631008302,80.34660743120813,47.8612203238403,87.23481504791104,44.24042232388596,10.073281039771691,39.067747548408924,33.78195833787754,57.06138485722135,0.6789201089255934,0.18564689746352409,0.5802805477610171,0.49791597017026173,0.9346118345722169,76.86,8.854560089298616,74.525,67.9875,91.69999999999999,141.632,39.9529255186651,129.75,100.83000000000001,186.12500000000003
40g,row,50,conditional_EA,V1,low,5,58.8,13.311649033834989,53.0,48.0,81.0,13.798555411818151,5.77434431138171,12.191645753666588,7.497238925883836,21.246788286438722,9.05118026369769,2.2411578083130013,9.038043397068275,6.199434024655331,12.235964668839287,0.16741106695927374,0.13760634829331594,0.19434123993596075,0.018114350439851053,0.31047461455483283,48.7725,9.24897545001607,45.525,42.3875,65.0375,93.495,26.94449224795301,82.62500000000001,68.55,125.75999999999999
40g,row,50,conditional_EA,V1,mid,5,23.4,9.016651263079881,23.0,15.0,38.0,14.682240563633192,4.192760728487391,14.73498520236269,9.672327751604453,21.058830152507365,11.503770945639527,2.9273940886907592,11.648786553142433,7.991555518009012,15.71159216016123,0.0817861298764921,0.09318441793315549,0.05958042676338618,0.008376984796932418,0.24146287025311136,48.7725,9.24897545001607,45.525,42.3875,65.0375,93.495,26.94449224795301,82.62500000000001,68.55,125.75999999999999
40g,row,50,conditional_EA,V1,high_tail,5,23.8,11.41052146047673,22.0,8.0,38.0,59.24589749046332,15.825828958348922,65.09307897294582,39.54168473636357,76.00979834915682,41.775814744378906,6.522656241348081,41.58948773249717,32.816323897337064,49.3811192786258,0.7508028031642342,0.21837054954041893,0.746078333300653,0.44806251519205603,0.9611422873232409,48.7725,9.24897545001607,45.525,42.3875,65.0375,93.495,26.94449224795301,82.62500000000001,68.55,125.75999999999999
40g,row,50,conditional_EA,V2,low,5,59.8,10.56882207249228,54.0,52.0,77.0,16.14445724625088,1.9887596460596435,16.58983556208924,13.62325909860875,18.845069659881542,12.44813729110901,1.2623340080544427,13.055476353156475,11.069810243671,13.7463259794726,0.13325129149521148,0.08939855781947548,0.12062349168629002,0.04480786728221127,0.26703059047635075,76.86,8.854560089298616,74.525,67.9875,91.69999999999999,141.632,39.9529255186651,129.75,100.83000000000001,186.12500000000003
40g,row,50,conditional_EA,V2,mid,5,22.2,8.526429498916883,21.0,11.0,34.0,32.54845019593573,3.9888686064971077,32.56327886313489,28.2821483645549,38.48200727291434,23.82461238173632,1.1630288207352062,23.551268218243816,22.33147770937425,25.49176063764525,0.213900452997611,0.16902733476087986,0.1640283377358419,0.03609097435422359,0.47654018858120195,76.86,8.854560089298616,74.525,67.9875,91.69999999999999,141.632,39.9529255186651,129.75,100.83000000000001,186.12500000000003
40g,row,50,conditional_EA,V2,high_tail,5,24.0,12.103718436910205,24.0,8.0,41.0,66.83268657243744,19.865640823445077,77.39012053592185,41.58057710627236,85.33972743903313,42.66866454548503,9.46220676291671,38.77217063692445,31.638672948680217,55.5768900499027,0.6528482555071777,0.20868965867007228,0.5689410717878075,0.40283631973250816,0.9191011583635651,76.86,8.854560089298616,74.525,67.9875,91.69999999999999,141.632,39.9529255186651,129.75,100.83000000000001,186.12500000000003
40g,row,50,standard_shallow_finetune,V1,low,5,58.8,13.311649033834989,53.0,48.0,81.0,15.975403434768586,5.540278846214719,16.860784468851914,10.475771850307158,24.019765568433872,11.076861052437687,4.5212436873638895,8.62109062295082,7.4800151698113195,18.155670533333335,0.13065737269807723,0.08390924186904207,0.16339486026588515,0.02416125188212645,0.21225158395071747,48.7725,9.24897545001607,45.525,42.3875,65.0375,93.495,26.94449224795301,82.62500000000001,68.55,125.75999999999999
40g,row,50,standard_shallow_finetune,V1,mid,5,23.4,9.016651263079881,23.0,15.0,38.0,21.358071537974375,6.416550961141883,19.811483190009337,14.183835544633952,28.13215791587485,16.688164793883203,6.148348337630435,13.062426708333334,11.865264333333334,25.126955764705883,0.09756719755109115,0.07341320284180344,0.07884406683817408,0.012535744555439833,0.20794831872339645,48.7725,9.24897545001607,45.525,42.3875,65.0375,93.495,26.94449224795301,82.62500000000001,68.55,125.75999999999999
40g,row,50,standard_shallow_finetune,V1,high_tail,5,23.8,11.41052146047673,22.0,8.0,38.0,71.06517959708829,15.826942072416855,65.3232493223056,54.211305747729064,94.87406082878422,54.220574599743784,18.059541594745156,51.1880318,31.127076870967745,81.53154749999999,0.7717754297508316,0.1496896164547539,0.7577610728959406,0.5980010167999003,0.9633030035624338,48.7725,9.24897545001607,45.525,42.3875,65.0375,93.495,26.94449224795301,82.62500000000001,68.55,125.75999999999999
40g,row,50,standard_shallow_finetune,V2,low,5,59.8,10.56882207249228,54.0,52.0,77.0,17.11564258786879,7.260236117807665,14.025181161068424,10.183343127065204,26.520281701275337,13.716256157784807,6.633025115505544,11.155691592592595,7.8371433269230755,23.471300499999998,0.10426321571912127,0.09532313469165556,0.04676303231125922,0.030909163406463182,0.24314580481797476,76.86,8.854560089298616,74.525,67.9875,91.69999999999999,141.632,39.9529255186651,129.75,100.83000000000001,186.12500000000003
40g,row,50,standard_shallow_finetune,V2,mid,5,22.2,8.526429498916883,21.0,11.0,34.0,37.48753563904427,7.42324772655414,34.22803781872936,30.68186801296657,46.22155700204542,27.580125198446545,3.6175677200841885,27.84878152380952,22.80422457692308,31.187528263157894,0.17303011842455712,0.10456343919593294,0.16194896680086426,0.03193021702762998,0.32117420845066114,76.86,8.854560089298616,74.525,67.9875,91.69999999999999,141.632,39.9529255186651,129.75,100.83000000000001,186.12500000000003
40g,row,50,standard_shallow_finetune,V2,high_tail,5,24.0,12.103718436910205,24.0,8.0,41.0,84.49051145932381,18.217429059976432,78.22070626195593,65.8094065858407,113.67828568138117,64.68163755245124,23.1934121533934,61.12528291666666,37.38256910714285,101.73379374999999,0.7227066658563215,0.16504671603872914,0.7486311586156503,0.5140077539079632,0.9371606195659068,76.86,8.854560089298616,74.525,67.9875,91.69999999999999,141.632,39.9529255186651,129.75,100.83000000000001,186.12500000000003
40g,row,50,paper_style_current_v2,V1,low,5,58.8,13.311649033834989,53.0,48.0,81.0,15.839293688536245,5.427730402803848,16.65280117114478,10.454568383068748,23.678165467512347,10.894574311052356,4.329330981913308,8.535226704918035,7.4542862641509435,17.652797854166664,0.1290480943940593,0.08263299357653324,0.16277835239395214,0.024014147922342157,0.2090329320494223,48.7725,9.24897545001607,45.525,42.3875,65.0375,93.495,26.94449224795301,82.62500000000001,68.55,125.75999999999999
40g,row,50,paper_style_current_v2,V1,mid,5,23.4,9.016651263079881,23.0,15.0,38.0,21.29160414525029,6.3747231380445655,19.79510319552068,14.139296460029222,28.05857413926617,16.615753707074752,6.118793749608715,13.001019458333333,11.820882333333335,25.049601,0.09757537534777591,0.07347151430091613,0.07874246770524482,0.01243156933510712,0.20782636911869828,48.7725,9.24897545001607,45.525,42.3875,65.0375,93.495,26.94449224795301,82.62500000000001,68.55,125.75999999999999
40g,row,50,paper_style_current_v2,V1,high_tail,5,23.8,11.41052146047673,22.0,8.0,38.0,70.99707989324686,15.756345615412972,65.14777668918245,54.19844349491213,94.61310775927858,54.15403461875907,17.97749172048265,50.97322755,31.13297138709677,81.29803125000001,0.7733765302581647,0.1484114791619774,0.758479179900803,0.6014822840333393,0.9635542827425506,48.7725,9.24897545001607,45.525,42.3875,65.0375,93.495,26.94449224795301,82.62500000000001,68.55,125.75999999999999
40g,row,50,paper_style_current_v2,V2,low,5,59.8,10.56882207249228,54.0,52.0,77.0,16.829295232304155,6.977352228094862,13.983035023775118,10.065311379614823,25.715136963021227,13.43981667357904,6.33250093382596,11.110508666666668,7.72114273076923,22.674493132075465,0.10141221910929277,0.09265193783411024,0.04602909801617323,0.03067867665334332,0.23834311865528982,76.86,8.854560089298616,74.525,67.9875,91.69999999999999,141.632,39.9529255186651,129.75,100.83000000000001,186.12500000000003
40g,row,50,paper_style_current_v2,V2,mid,5,22.2,8.526429498916883,21.0,11.0,34.0,37.454476783753165,7.4242580196866745,34.18117688320681,30.64077726902253,46.20497453774093,27.52717038067691,3.6024674718286236,27.740421142857144,22.76812603846154,31.14844615789473,0.17407957634644627,0.10597007296594033,0.16188601502825595,0.03185556852262876,0.32531420020385765,76.86,8.854560089298616,74.525,67.9875,91.69999999999999,141.632,39.9529255186651,129.75,100.83000000000001,186.12500000000003
40g,row,50,paper_style_current_v2,V2,high_tail,5,24.0,12.103718436910205,24.0,8.0,41.0,84.37257530555952,18.1188624867204,77.96552211117508,65.76702709970172,113.33066615720571,64.57252312738402,23.067823421482927,61.14552062500001,37.42579039285714,101.43454875,0.7245082045442608,0.16354944709554378,0.749444202812648,0.5176132887733729,0.9374657548240278,76.86,8.854560089298616,74.525,67.9875,91.69999999999999,141.632,39.9529255186651,129.75,100.83000000000001,186.12500000000003
40g,row,70,zero_shot,V1,low,5,59.8,7.328028384224504,56.0,53.0,70.0,30.332648232480302,1.2138813131487283,29.77803147417823,29.098969663536796,32.050954394157195,29.67622209708521,1.0986495796510278,29.144367733846156,28.556177480357146,31.187776071428573,0.0641555891619693,0.028126017001257275,0.05040053878415785,0.036305678453722165,0.10482741637437265,48.5475,2.7143196661410385,48.1,45.4875,52.9,93.92800000000003,18.65304988467033,82.62500000000001,79.51500000000001,118.89500000000001
40g,row,70,zero_shot,V1,mid,5,24.4,4.505552130427524,24.0,19.0,31.0,60.84882784755833,6.357558429872122,59.71284466731701,53.293430827004705,69.0831334256003,59.80330123089148,6.003116480401192,59.015938809090905,52.493844420833334,67.57842609032257,0.10369992260759905,0.04460685221260642,0.08649539400182893,0.06123550700567659,0.16154060395864842,48.5475,2.7143196661410385,48.1,45.4875,52.9,93.92800000000003,18.65304988467033,82.62500000000001,79.51500000000001,118.89500000000001
40g,row,70,zero_shot,V1,high_tail,5,21.8,7.8230428862431785,22.0,10.0,31.0,194.21750418685545,22.96526681315268,193.11245774888755,163.95245697369188,224.33222939213962,175.29295011251207,23.606443538495455,172.63868619032263,144.81947940454546,205.7848204,0.8321444882304316,0.06655267760459559,0.8323773068545848,0.7336319796669788,0.9024588145406013,48.5475,2.7143196661410385,48.1,45.4875,52.9,93.92800000000003,18.65304988467033,82.62500000000001,79.51500000000001,118.89500000000001
40g,row,70,zero_shot,V2,low,5,59.2,9.808159868191384,55.0,48.0,73.0,44.21010276702161,2.0090089254695154,44.337542706411966,41.70511774709906,47.08825655097563,43.20714816265297,1.8115556559805626,43.40635155846154,40.84915419791667,45.8218472150685,0.07434568587141331,0.03689829434631958,0.05805389039745448,0.04134851770329688,0.1296290414723412,76.06,5.73607961721244,75.9125,69.7125,84.525,138.382,30.49149319892354,128.24,113.05000000000001,186.12500000000003
40g,row,70,zero_shot,V2,mid,5,24.0,8.831760866327848,23.0,17.0,39.0,83.11256549830135,8.437418756225469,84.08447126591714,71.37151712448524,90.9704680032038,81.86143355865958,7.849168154494891,83.4545025,70.72154045652174,89.61502230434785,0.10225491891731768,0.04966497606661248,0.07648613728840241,0.0562288238496647,0.1598473605392568,76.06,5.73607961721244,75.9125,69.7125,84.525,138.382,30.49149319892354,128.24,113.05000000000001,186.12500000000003
40g,row,70,zero_shot,V2,high_tail,5,22.8,8.814760348415605,24.0,10.0,33.0,258.01530750468044,35.96630045257087,247.75462028859155,216.8792840459329,299.46460965055695,232.75067848322277,35.44501225967459,221.22958781818178,194.032735875,272.7501918,0.8233993952112689,0.0698901928386757,0.8296100516978279,0.7181997316026539,0.8949780073801311,76.06,5.73607961721244,75.9125,69.7125,84.525,138.382,30.49149319892354,128.24,113.05000000000001,186.12500000000003
40g,row,70,scale_only,V1,low,5,59.8,7.328028384224504,56.0,53.0,70.0,22.80734532882061,4.2752564962434825,24.94101991427812,16.109776535910935,26.045003814426764,19.807947437240202,3.0566701848166042,21.069260769713075,14.609691875049934,22.055100181370385,0.28120333191847957,0.1653506490693343,0.35878371881931165,0.071372201760337,0.4246036031230981,48.5475,2.7143196661410385,48.1,45.4875,52.9,93.92800000000003,18.65304988467033,82.62500000000001,79.51500000000001,118.89500000000001
40g,row,70,scale_only,V1,mid,5,24.4,4.505552130427524,24.0,19.0,31.0,17.261308922243124,3.246554828173938,18.05867895993008,11.92242521502786,20.31595125858948,13.681315548206703,2.26726329253705,14.266646623011447,9.890375157471611,15.9384959372777,0.06384548566080754,0.0393835940526263,0.058279049455898665,0.016226546071493587,0.12390411166836089,48.5475,2.7143196661410385,48.1,45.4875,52.9,93.92800000000003,18.65304988467033,82.62500000000001,79.51500000000001,118.89500000000001
40g,row,70,scale_only,V1,high_tail,5,21.8,7.8230428862431785,22.0,10.0,31.0,64.90792947534663,12.713445650178155,71.84022338912052,50.46650344799288,75.31387499095972,46.73407713528684,6.108113460996581,46.62618331758058,40.788540073014524,56.62901171083594,0.654951182420713,0.1937452716557207,0.5270065544082048,0.503260176001453,0.9124012521681696,48.5475,2.7143196661410385,48.1,45.4875,52.9,93.92800000000003,18.65304988467033,82.62500000000001,79.51500000000001,118.89500000000001
40g,row,70,scale_only,V2,low,5,59.2,9.808159868191384,55.0,48.0,73.0,24.41999857341424,3.7653708570367197,25.40276428039204,19.043213893940305,29.07270507044061,20.87041468416225,3.453072338328884,21.915834558598704,15.697964521353997,24.183826526205312,0.2176680066117178,0.12725806557562924,0.22394288960671135,0.06628906607986873,0.3782386092635804,76.06,5.73607961721244,75.9125,69.7125,84.525,138.382,30.49149319892354,128.24,113.05000000000001,186.12500000000003
40g,row,70,scale_only,V2,mid,5,24.0,8.831760866327848,23.0,17.0,39.0,32.24539396831856,3.7382303588631838,32.658384774909884,26.499180889455673,36.59676571691158,24.048920263096484,2.5660131822121084,24.72803982646586,20.8313039512839,27.41422497775877,0.14822544997584733,0.08608997284733481,0.15037974766550027,0.04200839846068397,0.278955785276735,76.06,5.73607961721244,75.9125,69.7125,84.525,138.382,30.49149319892354,128.24,113.05000000000001,186.12500000000003
40g,row,70,scale_only,V2,high_tail,5,22.8,8.814760348415605,24.0,10.0,33.0,75.11852744107274,15.357557462729027,80.07815666977018,57.50022870951023,90.16825620411412,50.203021891900015,9.808581602810424,45.151468780817154,41.02747609365158,61.449050086747526,0.6341065434124349,0.1850361532819217,0.5445834814170452,0.4713816430709193,0.8917025354594473,76.06,5.73607961721244,75.9125,69.7125,84.525,138.382,30.49149319892354,128.24,113.05000000000001,186.12500000000003
40g,row,70,affine,V1,low,5,59.8,7.328028384224504,56.0,53.0,70.0,16.025677892319393,4.674690630811715,18.863351811422557,10.822982228756606,20.165413415222243,10.952771909578214,2.3635660390897035,11.043501186829154,8.45837918464546,14.664121970219357,0.19375574565772674,0.14256243091432647,0.27666908829456605,0.037040227432761204,0.31948829135796136,48.5475,2.7143196661410385,48.1,45.4875,52.9,93.92800000000003,18.65304988467033,82.62500000000001,79.51500000000001,118.89500000000001
40g,row,70,affine,V1,mid,5,24.4,4.505552130427524,24.0,19.0,31.0,17.76173113410679,3.6522065299308504,18.15836863128554,13.62805729116234,23.060854756905936,13.952338008184366,3.0375026415319355,13.784521532980364,10.934003478190313,18.562188197996644,0.08629264786387518,0.06927148574740587,0.07639917454778351,0.02437779757371558,0.20393707417561552,48.5475,2.7143196661410385,48.1,45.4875,52.9,93.92800000000003,18.65304988467033,82.62500000000001,79.51500000000001,118.89500000000001
40g,row,70,affine,V1,high_tail,5,21.8,7.8230428862431785,22.0,10.0,31.0,62.24563780424127,14.308746162716806,68.62768268770301,45.818572424801665,77.38410030929687,44.1651569764069,6.139194932932736,40.694340747802656,39.46864701804164,53.869012283447695,0.7199516064783982,0.19122938288547064,0.6273176734378243,0.5193938375298186,0.9385819749935232,48.5475,2.7143196661410385,48.1,45.4875,52.9,93.92800000000003,18.65304988467033,82.62500000000001,79.51500000000001,118.89500000000001
40g,row,70,affine,V2,low,5,59.2,9.808159868191384,55.0,48.0,73.0,16.045729523756577,2.827367132506019,15.818852981395468,12.261058213443208,20.015484975589985,11.827695494841755,1.6321662720873524,12.139537189619379,9.6751240079924,13.962276761200311,0.1289892064745704,0.09559413462828427,0.08250446832353392,0.047164855652229234,0.27262500328986905,76.06,5.73607961721244,75.9125,69.7125,84.525,138.382,30.49149319892354,128.24,113.05000000000001,186.12500000000003
40g,row,70,affine,V2,mid,5,24.0,8.831760866327848,23.0,17.0,39.0,31.553794215280778,4.706869580222841,30.524302031281593,26.628751062466684,38.0404188379296,22.715752853459506,2.1693781621003354,22.257002011753475,20.573237876845894,25.62189941456506,0.19833971272603787,0.13918543910572403,0.16858570739542975,0.04795807061604531,0.4154668862294034,76.06,5.73607961721244,75.9125,69.7125,84.525,138.382,30.49149319892354,128.24,113.05000000000001,186.12500000000003
40g,row,70,affine,V2,high_tail,5,22.8,8.814760348415605,24.0,10.0,33.0,68.2841931527228,17.623860639939554,77.42277658971868,48.07256406095141,85.4267769698166,43.02097975168122,8.710543691538351,39.42182811695415,34.130295759513764,56.242365739117155,0.6726710807993918,0.17576472774271357,0.5843818842080201,0.5020286454470627,0.9048770737317254,76.06,5.73607961721244,75.9125,69.7125,84.525,138.382,30.49149319892354,128.24,113.05000000000001,186.12500000000003
40g,row,70,target_head_only,V1,low,5,59.8,7.328028384224504,56.0,53.0,70.0,17.69753729353517,1.1734733599621174,17.454139990249512,16.434194855958,19.026981273283617,16.358057635951596,1.1931049153972495,16.208558407692305,15.191205535714285,17.778910854545458,0.03621322514875491,0.01742062402440108,0.030913800512953053,0.017328116102951745,0.06072938913640309,48.5475,2.7143196661410385,48.1,45.4875,52.9,93.92800000000003,18.65304988467033,82.62500000000001,79.51500000000001,118.89500000000001
40g,row,70,target_head_only,V1,mid,5,24.4,4.505552130427524,24.0,19.0,31.0,41.34250609956266,5.676166119225675,39.66002250476221,34.86950231247828,49.34742356061326,40.05819786521948,5.340539966197645,38.90818263636363,33.547759291666665,47.59978067741937,0.07967138837253894,0.03959474476507824,0.06559878554307436,0.04188969603986719,0.12385124482939636,48.5475,2.7143196661410385,48.1,45.4875,52.9,93.92800000000003,18.65304988467033,82.62500000000001,79.51500000000001,118.89500000000001
40g,row,70,target_head_only,V1,high_tail,5,21.8,7.8230428862431785,22.0,10.0,31.0,157.15941979333928,19.700059724056754,158.33407468463054,130.76433456783272,184.46329636578784,139.09038890230994,20.48692856199055,137.94585312903223,112.65984963636362,167.49192589999998,0.8841153864787061,0.05259075107885894,0.8876747587534399,0.8154193660342004,0.9407821878571812,48.5475,2.7143196661410385,48.1,45.4875,52.9,93.92800000000003,18.65304988467033,82.62500000000001,79.51500000000001,118.89500000000001
40g,row,70,target_head_only,V2,low,5,59.2,9.808159868191384,55.0,48.0,73.0,30.815047031550158,1.4341457652341005,30.86027143852458,29.011295473988454,32.90981980812295,29.526086512372512,1.1347295596825033,29.51269863636363,28.035511916666668,31.20272771232877,0.052424267246817646,0.026851221910359217,0.04044715887990369,0.029154443636281908,0.09272761580818509,76.06,5.73607961721244,75.9125,69.7125,84.525,138.382,30.49149319892354,128.24,113.05000000000001,186.12500000000003
40g,row,70,target_head_only,V2,mid,5,24.0,8.831760866327848,23.0,17.0,39.0,62.52161073227764,7.449107095512103,62.86253488607809,51.81636905793093,70.47666964734509,60.91073064423459,6.906856028505033,61.62572255555556,50.76597695652173,67.56851025641025,0.08475246163969612,0.044680973389697606,0.06414493239314234,0.0441345221269194,0.13979274408852874,76.06,5.73607961721244,75.9125,69.7125,84.525,138.382,30.49149319892354,128.24,113.05000000000001,186.12500000000003
40g,row,70,target_head_only,V2,high_tail,5,22.8,8.814760348415605,24.0,10.0,33.0,220.05880031958014,31.345308477517964,212.28505221951605,183.39458981922996,258.1507469159629,195.959392478339,31.42302647036755,186.06845421212122,161.43582583333333,233.8701751,0.8628232711134862,0.05792079820403304,0.8691978470421187,0.7815954030422864,0.9227305805281021,76.06,5.73607961721244,75.9125,69.7125,84.525,138.382,30.49149319892354,128.24,113.05000000000001,186.12500000000003
40g,row,70,local_identity_shrinkage,V1,low,5,59.8,7.328028384224504,56.0,53.0,70.0,16.577223405201647,4.480389151376551,18.863351475946157,11.040865896747562,20.375968744791535,11.744313217659284,2.4371741478398814,11.04350123941677,8.458379212259981,14.664121917066174,0.19760385262418784,0.1422795245565189,0.2766690844655363,0.039914144922305314,0.319488283284589,48.5475,2.7143196661410385,48.1,45.4875,52.9,93.92800000000003,18.65304988467033,82.62500000000001,79.51500000000001,118.89500000000001
40g,row,70,local_identity_shrinkage,V1,mid,5,24.4,4.505552130427524,24.0,19.0,31.0,17.33561146117244,3.918306007654578,16.94875447513422,12.707072894930869,23.06085500561137,13.563654528209128,3.1606427400024524,13.64136785535667,10.248472076690518,18.56218832606883,0.08234892706186304,0.07110500505022074,0.061984754744567314,0.019689791863128712,0.20393707278121873,48.5475,2.7143196661410385,48.1,45.4875,52.9,93.92800000000003,18.65304988467033,82.62500000000001,79.51500000000001,118.89500000000001
40g,row,70,local_identity_shrinkage,V1,high_tail,5,21.8,7.8230428862431785,22.0,10.0,31.0,63.17337296075036,14.241871646789821,68.62768312752581,45.81857330597646,77.38410013250996,44.8406112917074,6.692144842761077,42.236295041370916,39.468647040637414,55.70432661952695,0.7200472203139491,0.1896650881377477,0.6315328045099231,0.519393842753245,0.9348448984338719,48.5475,2.7143196661410385,48.1,45.4875,52.9,93.92800000000003,18.65304988467033,82.62500000000001,79.51500000000001,118.89500000000001
40g,row,70,local_identity_shrinkage,V2,low,5,59.2,9.808159868191384,55.0,48.0,73.0,16.245414618663723,2.8461913134939394,15.818853207661508,12.261058168496982,20.015485757003358,11.852530161692055,1.5762258733863401,12.139537467406427,9.675124129113781,13.962277323535867,0.13228809292558202,0.0955307227426573,0.08250447005444858,0.05402261128812341,0.2726250166229775,76.06,5.73607961721244,75.9125,69.7125,84.525,138.382,30.49149319892354,128.24,113.05000000000001,186.12500000000003
40g,row,70,local_identity_shrinkage,V2,mid,5,24.0,8.831760866327848,23.0,17.0,39.0,31.93563172180229,4.407341938813045,30.52430206436573,28.040850053727393,38.29509481374305,23.030122934608805,2.008118247506851,22.25700278290047,20.57323765561534,25.621899329760446,0.20063496376191375,0.13653682848592624,0.16858571108675155,0.05823414037554689,0.4154668988923827,76.06,5.73607961721244,75.9125,69.7125,84.525,138.382,30.49149319892354,128.24,113.05000000000001,186.12500000000003
40g,row,70,local_identity_shrinkage,V2,high_tail,5,22.8,8.814760348415605,24.0,10.0,33.0,67.45769696173554,16.813337743313568,77.42277653969748,48.07256269130042,81.55744759747503,42.10974977133582,7.338148090083126,38.809493197659265,34.13029355189993,52.29855330225208,0.6670769433125041,0.1715982910003694,0.5735450582324438,0.5020286310531689,0.8877432483363298,76.06,5.73607961721244,75.9125,69.7125,84.525,138.382,30.49149319892354,128.24,113.05000000000001,186.12500000000003
40g,row,70,conditional_EA,V1,low,5,59.8,7.328028384224504,56.0,53.0,70.0,13.81285430266399,5.076792298488369,12.531594366601157,8.80596770931636,20.434035042362726,9.14862532749337,1.8663152733574901,8.78330178458754,7.1915762076228855,11.852073155332958,0.1706581047241189,0.13887784545126416,0.17964969793451277,0.027971122575811004,0.32740175731918897,48.5475,2.7143196661410385,48.1,45.4875,52.9,93.92800000000003,18.65304988467033,82.62500000000001,79.51500000000001,118.89500000000001
40g,row,70,conditional_EA,V1,mid,5,24.4,4.505552130427524,24.0,19.0,31.0,16.39186069002866,4.121340619058032,15.946134892516326,11.134457714157813,22.1805414599244,12.710599269195763,2.863420505583517,12.297940334804167,9.14863264579151,17.049041348186165,0.08887528446233087,0.0764548274713907,0.067882814718336,0.018306676444482476,0.21742827998114023,48.5475,2.7143196661410385,48.1,45.4875,52.9,93.92800000000003,18.65304988467033,82.62500000000001,79.51500000000001,118.89500000000001
40g,row,70,conditional_EA,V1,high_tail,5,21.8,7.8230428862431785,22.0,10.0,31.0,58.84897316546468,15.0228954979251,66.86227388379764,39.9545988806707,74.1591537898864,41.94265465459715,6.830470098791831,40.70370537997947,33.56283454889699,51.71056625012203,0.7404666108135501,0.20388692726937127,0.7305973255006922,0.455169962699671,0.9488004223205879,48.5475,2.7143196661410385,48.1,45.4875,52.9,93.92800000000003,18.65304988467033,82.62500000000001,79.51500000000001,118.89500000000001
40g,row,70,conditional_EA,V2,low,5,59.2,9.808159868191384,55.0,48.0,73.0,16.027947027274923,1.8728976062230251,16.212460159437498,13.264550634845234,18.440298838112383,12.15163108183492,1.0253525495202518,12.261970457329342,10.513986513373458,13.319384854820312,0.12881176310332978,0.07929660032426182,0.10245663389253314,0.06102259911942164,0.2447043319644003,76.06,5.73607961721244,75.9125,69.7125,84.525,138.382,30.49149319892354,128.24,113.05000000000001,186.12500000000003
40g,row,70,conditional_EA,V2,mid,5,24.0,8.831760866327848,23.0,17.0,39.0,33.3115994290677,3.8569380361479366,32.58673505694463,29.136623340717634,39.28953358801287,24.38937181366091,1.2564191185507698,23.755630613440186,23.023875017412916,25.777960907419583,0.2295589350650462,0.1668349696858385,0.19248157486609244,0.07527727688852358,0.5024120748575309,76.06,5.73607961721244,75.9125,69.7125,84.525,138.382,30.49149319892354,128.24,113.05000000000001,186.12500000000003
40g,row,70,conditional_EA,V2,high_tail,5,22.8,8.814760348415605,24.0,10.0,33.0,64.88678966317792,17.957855846223254,75.55984145500359,41.40349761178735,79.88753884036473,40.69842450986339,6.955679923370612,38.796406196011816,31.3571965371202,48.9819437196212,0.6416293018316239,0.1939680964794752,0.5728352817509379,0.39513129124993585,0.8624369551245318,76.06,5.73607961721244,75.9125,69.7125,84.525,138.382,30.49149319892354,128.24,113.05000000000001,186.12500000000003
40g,row,70,standard_shallow_finetune,V1,low,5,59.8,7.328028384224504,56.0,53.0,70.0,15.065352350652333,4.111553212648695,15.864458640575887,10.660206024265088,20.715117718346335,9.96213106186983,2.826113892012017,8.324975446153845,7.720218773584906,13.695201018181821,0.1419219577963239,0.08412562112321942,0.17249940563124735,0.03760360524753526,0.23606736385000632,48.5475,2.7143196661410385,48.1,45.4875,52.9,93.92800000000003,18.65304988467033,82.62500000000001,79.51500000000001,118.89500000000001
40g,row,70,standard_shallow_finetune,V1,mid,5,24.4,4.505552130427524,24.0,19.0,31.0,22.363979267334177,6.858833896471305,20.511110455203156,16.990470273929578,33.98408853515251,15.851691365128858,4.156505518371635,15.315318958333334,11.36562263157895,22.51823646153846,0.13803663240743136,0.1166587468650696,0.11235006634790036,0.034436213501918285,0.32831866498266654,48.5475,2.7143196661410385,48.1,45.4875,52.9,93.92800000000003,18.65304988467033,82.62500000000001,79.51500000000001,118.89500000000001
40g,row,70,standard_shallow_finetune,V1,high_tail,5,21.8,7.8230428862431785,22.0,10.0,31.0,61.828809347153744,8.628853479287278,60.452778562335055,53.13608724806265,74.30069359103172,47.48672732324836,10.850100775786137,47.51626886363636,32.562411346153844,58.5716726,0.7200414097962446,0.17751408416354753,0.769845133235991,0.4790532860796235,0.9279601812505464,48.5475,2.7143196661410385,48.1,45.4875,52.9,93.92800000000003,18.65304988467033,82.62500000000001,79.51500000000001,118.89500000000001
40g,row,70,standard_shallow_finetune,V2,low,5,59.2,9.808159868191384,55.0,48.0,73.0,15.228349845678014,4.69235838939499,14.326271518105825,9.22587563402335,21.758808454185747,11.880416844937335,3.9248355887957374,11.638473672727272,6.624259454545456,16.236170424657537,0.09265825442876378,0.0785283060536822,0.06418518396869323,0.034790041299895005,0.2267196627719827,76.06,5.73607961721244,75.9125,69.7125,84.525,138.382,30.49149319892354,128.24,113.05000000000001,186.12500000000003
40g,row,70,standard_shallow_finetune,V2,mid,5,24.0,8.831760866327848,23.0,17.0,39.0,37.76413983367644,7.1586759570422664,35.40955713018167,29.871595055402036,48.34737484034006,26.376268947375785,3.8534749861946374,24.43683822222222,22.764189173913046,31.61379552173913,0.21208584604749517,0.11736145131377329,0.1593460816693779,0.07836215142166408,0.35267099273243924,76.06,5.73607961721244,75.9125,69.7125,84.525,138.382,30.49149319892354,128.24,113.05000000000001,186.12500000000003
40g,row,70,standard_shallow_finetune,V2,high_tail,5,22.8,8.814760348415605,24.0,10.0,33.0,74.44710333115236,8.721423023428455,76.42795742926822,62.49501485791293,84.24746213577431,55.75419810889154,13.141122496420929,58.66806979166666,35.174009999999996,70.037491,0.6952558995237411,0.18797697911747727,0.7764687343619288,0.4206093444955781,0.8792618745850196,76.06,5.73607961721244,75.9125,69.7125,84.525,138.382,30.49149319892354,128.24,113.05000000000001,186.12500000000003
40g,row,70,paper_style_current_v2,V1,low,5,59.8,7.328028384224504,56.0,53.0,70.0,14.951265545731317,4.216413374148566,15.744706741959954,10.573505494906154,20.741679362945213,9.775598928120276,2.971161548447299,8.26862543076923,7.04946754716981,13.69834860909091,0.1407404736832188,0.08475820492573859,0.17196080782981515,0.035106085567940606,0.236002616060574,48.5475,2.7143196661410385,48.1,45.4875,52.9,93.92800000000003,18.65304988467033,82.62500000000001,79.51500000000001,118.89500000000001
40g,row,70,paper_style_current_v2,V1,mid,5,24.4,4.505552130427524,24.0,19.0,31.0,22.258464412760766,6.973782215898628,20.527866845597927,16.415445460434743,33.98578618342904,15.764224979365185,4.214705034517238,15.307683541666664,11.363796736842104,22.517631115384614,0.13799948162386588,0.11790517879993974,0.11284781212719103,0.03200120368032568,0.33015693740802765,48.5475,2.7143196661410385,48.1,45.4875,52.9,93.92800000000003,18.65304988467033,82.62500000000001,79.51500000000001,118.89500000000001
40g,row,70,paper_style_current_v2,V1,high_tail,5,21.8,7.8230428862431785,22.0,10.0,31.0,61.872978278825336,8.736640274791228,60.46037761854638,53.07686044446499,74.66479187624707,47.47556130375366,10.78103491335526,47.549595909090904,32.558586500000004,58.36071489999999,0.7212600446929153,0.17901695877367937,0.7703070934812083,0.4790688675790076,0.9328927107517334,48.5475,2.7143196661410385,48.1,45.4875,52.9,93.92800000000003,18.65304988467033,82.62500000000001,79.51500000000001,118.89500000000001
40g,row,70,paper_style_current_v2,V2,low,5,59.2,9.808159868191384,55.0,48.0,73.0,14.945091580466004,4.716241570369496,13.308013868398962,9.134908739556739,21.533038815397717,11.613147517676182,3.9478069500433652,10.65186981818182,6.525527509090909,16.02409412328767,0.09068128577132185,0.07847659906497993,0.06363306941860997,0.03420314448541478,0.22395171351155937,76.06,5.73607961721244,75.9125,69.7125,84.525,138.382,30.49149319892354,128.24,113.05000000000001,186.12500000000003
40g,row,70,paper_style_current_v2,V2,mid,5,24.0,8.831760866327848,23.0,17.0,39.0,37.744019816904014,7.157246635400469,35.498418356859204,29.862159682591017,48.3387248437037,26.37561362900081,3.8212261430789582,24.488389055555555,22.748069739130436,31.592319434782606,0.2128914319011023,0.11872042128941902,0.15915913248189917,0.07779442145903903,0.35558145156097687,76.06,5.73607961721244,75.9125,69.7125,84.525,138.382,30.49149319892354,128.24,113.05000000000001,186.12500000000003
40g,row,70,paper_style_current_v2,V2,high_tail,5,22.8,8.814760348415605,24.0,10.0,33.0,74.40695840719505,8.801962677561269,76.38813162338042,62.41724947786541,84.5973714824409,55.67216017502848,13.054445262671237,58.638439166666664,35.15015392857142,69.78780400000001,0.6964272823275758,0.18993536829526816,0.7772077980994909,0.4204668349274637,0.8856766692379014,76.06,5.73607961721244,75.9125,69.7125,84.525,138.382,30.49149319892354,128.24,113.05000000000001,186.12500000000003
40g,row,100,zero_shot,V1,low,5,58.2,5.449770637375485,57.0,51.0,65.0,29.93868740994398,0.9188861370226982,29.77803147417823,29.065673557393062,31.419762690456615,29.334092238647706,0.8517583818517038,29.144367733846156,28.55728774117647,30.715703112499998,0.059748137865856345,0.021117661421939108,0.05233571888808238,0.03363381060309572,0.08188539829606313,47.842499999999994,1.7865075916435418,46.9875,46.037499999999994,50.175,100.92399999999998,15.935990477532307,91.85999999999997,89.21,125.305
40g,row,100,zero_shot,V1,mid,5,27.6,4.9295030175464944,28.0,21.0,34.0,61.39720183885587,5.132121283807728,60.944093736781674,55.73632709370731,69.73824607656191,60.13735749878656,4.996498176284682,59.22672016764706,54.740920452,68.32395699333333,0.11748974104449876,0.044407068685758465,0.1048509855528977,0.07880832744584448,0.18448262203695798,47.842499999999994,1.7865075916435418,46.9875,46.037499999999994,50.175,100.92399999999998,15.935990477532307,91.85999999999997,89.21,125.305
40g,row,100,zero_shot,V1,high_tail,5,20.2,6.418722614352485,20.0,10.0,27.0,199.05049208861462,20.44739481890979,204.93308590212663,170.04824395122478,224.33222939213962,180.9686281843148,20.785939146975277,187.19905460740745,151.24195425000002,205.7848204,0.822762121089645,0.060126150261797455,0.8140217153035161,0.7336319796669788,0.8851829469605571,47.842499999999994,1.7865075916435418,46.9875,46.037499999999994,50.175,100.92399999999998,15.935990477532307,91.85999999999997,89.21,125.305
40g,row,100,zero_shot,V2,low,5,59.8,8.136338242723197,56.0,52.0,70.0,44.43540133714152,1.1845443899599146,44.408142252520705,43.24806803757159,46.14727905874195,43.411371349757715,1.090493102397848,43.1882614537037,42.20885484230769,44.99263572428571,0.07490939547469591,0.03284323625128574,0.05998778810950246,0.04297260345651763,0.11938354372104279,75.80250000000001,2.957688603453717,76.225,72.025,78.8375,142.035,28.395344028555098,133.325,117.26,190.515
40g,row,100,zero_shot,V2,mid,5,24.4,6.107372593840988,24.0,16.0,33.0,84.6026370615245,6.538006022695099,83.42506656368968,77.73956795760618,95.30559098567349,83.29980266938784,6.0727246854843155,82.57055673913042,76.3254548653846,92.91871257575757,0.10502875136679493,0.035702303444667016,0.08924204705713651,0.07072547269018822,0.14845358910107392,75.80250000000001,2.957688603453717,76.225,72.025,78.8375,142.035,28.395344028555098,133.325,117.26,190.515
40g,row,100,zero_shot,V2,high_tail,5,21.8,6.978538528947161,23.0,12.0,31.0,258.80865463768805,27.356143839777932,254.37975785368192,220.50970364347003,291.35558389404173,233.61742070965155,25.94236462473916,229.1101546129032,198.01060786956523,267.3763363157894,0.8200618531585091,0.05430008132132381,0.8218827569385259,0.7425502984099187,0.8863019238532942,75.80250000000001,2.957688603453717,76.225,72.025,78.8375,142.035,28.395344028555098,133.325,117.26,190.515
40g,row,100,scale_only,V1,low,5,58.2,5.449770637375485,57.0,51.0,65.0,23.799289961259273,4.56155902974133,26.217842215037752,18.141454173874415,27.884543373141092,20.8421112024589,3.368952061523365,21.90206742110307,16.75091895548507,25.126644170334558,0.29738412799612857,0.174947160840199,0.401896064164775,0.09348979063598462,0.4507847103385012,47.842499999999994,1.7865075916435418,46.9875,46.037499999999994,50.175,100.92399999999998,15.935990477532307,91.85999999999997,89.21,125.305
40g,row,100,scale_only,V1,mid,5,27.6,4.9295030175464944,28.0,21.0,34.0,18.258946178481008,2.7872733607651794,18.906200496844487,13.83749837142661,21.520947054835425,14.724119066056101,2.182472061423678,15.579035437261135,11.487249249595605,16.93870657809752,0.07893241387785369,0.04476551257552436,0.07074606703015937,0.029862283614972323,0.1353833459541838,47.842499999999994,1.7865075916435418,46.9875,46.037499999999994,50.175,100.92399999999998,15.935990477532307,91.85999999999997,89.21,125.305
40g,row,100,scale_only,V1,high_tail,5,20.2,6.418722614352485,20.0,10.0,27.0,64.97854261077761,14.004143709830485,68.25045422967688,48.72858489126464,79.55000038380804,47.071551846605274,7.779992962998134,42.45887792871841,40.93118593481396,59.17840756316257,0.6236834581260176,0.21382482480006873,0.5089794790650768,0.43557355635355494,0.8766479257490428,47.842499999999994,1.7865075916435418,46.9875,46.037499999999994,50.175,100.92399999999998,15.935990477532307,91.85999999999997,89.21,125.305
40g,row,100,scale_only,V2,low,5,59.8,8.136338242723197,56.0,52.0,70.0,25.355181156062393,4.373459829674215,26.615463478790268,20.561379753128566,30.806838235642523,21.828807621737436,4.13870383064255,23.69748470360177,17.160509334496297,26.36478568784674,0.2377980952052401,0.14035518071346004,0.2723391651687651,0.07602541692391863,0.38770664289118384,75.80250000000001,2.957688603453717,76.225,72.025,78.8375,142.035,28.395344028555098,133.325,117.26,190.515
40g,row,100,scale_only,V2,mid,5,24.4,6.107372593840988,24.0,16.0,33.0,34.69335098697107,6.695993313236479,35.970271176896034,25.144456857346118,41.91012202155311,26.051733407942038,5.8100628950436874,26.497612215047194,18.671474883132827,34.04760591841634,0.17367897213648803,0.0985625175243573,0.19082669267698166,0.05028787824841788,0.30398323965241564,75.80250000000001,2.957688603453717,76.225,72.025,78.8375,142.035,28.395344028555098,133.325,117.26,190.515
40g,row,100,scale_only,V2,high_tail,5,21.8,6.978538528947161,23.0,12.0,31.0,72.76192657834969,17.04023230298628,75.15472257539771,54.44329729788326,90.2758398404506,47.85832386594471,8.34508678615928,47.314763079797416,40.27332378628007,61.03631800611972,0.5885229326582717,0.22406256826073015,0.4629114956760701,0.3955530557855629,0.8736867048276633,75.80250000000001,2.957688603453717,76.225,72.025,78.8375,142.035,28.395344028555098,133.325,117.26,190.515
40g,row,100,affine,V1,low,5,58.2,5.449770637375485,57.0,51.0,65.0,16.27732717204463,5.266897134809977,19.111971263039905,10.272280936142934,21.756105125535868,11.451629817767861,2.7902376762643817,11.420002024139489,8.510143104478132,14.447783833294505,0.1980285314381239,0.14615579035323845,0.28999527206908654,0.03623843007193735,0.31660963281213805,47.842499999999994,1.7865075916435418,46.9875,46.037499999999994,50.175,100.92399999999998,15.935990477532307,91.85999999999997,89.21,125.305
40g,row,100,affine,V1,mid,5,27.6,4.9295030175464944,28.0,21.0,34.0,18.258081694142827,2.906445799944344,18.153768865646057,15.239101967542881,22.56573022487484,14.42061065837358,2.6076972877383526,13.940840069482455,11.429967673030184,18.141828603664138,0.09607085235436522,0.055110642478900566,0.09420551645538366,0.04824366708670676,0.1824709941067171,47.842499999999994,1.7865075916435418,46.9875,46.037499999999994,50.175,100.92399999999998,15.935990477532307,91.85999999999997,89.21,125.305
40g,row,100,affine,V1,high_tail,5,20.2,6.418722614352485,20.0,10.0,27.0,62.72323092243111,14.387748426191973,65.74658756948428,45.7911991265619,80.53375586909274,44.346107304207074,7.837054495342372,42.94816367817081,35.09273086437028,54.49327411592815,0.7059006162075109,0.19406489564087978,0.61579921147553,0.5009193730811448,0.9153626394168143,47.842499999999994,1.7865075916435418,46.9875,46.037499999999994,50.175,100.92399999999998,15.935990477532307,91.85999999999997,89.21,125.305
40g,row,100,affine,V2,low,5,59.8,8.136338242723197,56.0,52.0,70.0,15.808046746831177,2.822778164207168,14.43507847574249,13.060217652997133,19.944863743109973,11.322838128717075,1.8726541687453095,10.361082129392843,9.399076184999512,13.880283352536678,0.1302874005516434,0.09189840182954961,0.1040432766285123,0.04471713415268183,0.2545971244087525,75.80250000000001,2.957688603453717,76.225,72.025,78.8375,142.035,28.395344028555098,133.325,117.26,190.515
40g,row,100,affine,V2,mid,5,24.4,6.107372593840988,24.0,16.0,33.0,33.576592366504244,6.212746451903945,33.28237132950781,26.47417048401644,43.420611754698044,24.317412986638168,3.239189453178605,23.16688513264537,20.888574891926776,28.679851452613832,0.22712178970904806,0.13879955974844266,0.25010420207680467,0.06652806299791096,0.41291617442661654,75.80250000000001,2.957688603453717,76.225,72.025,78.8375,142.035,28.395344028555098,133.325,117.26,190.515
40g,row,100,affine,V2,high_tail,5,21.8,6.978538528947161,23.0,12.0,31.0,66.47303291020499,18.477486153721117,67.18871049292737,47.4411576701112,86.12983995370003,40.51030436655476,8.373321200512228,36.962990874583745,33.34337585125586,54.56015384857984,0.6425908097393085,0.1998300760558726,0.5145959783682656,0.483040548944871,0.8887548028494069,75.80250000000001,2.957688603453717,76.225,72.025,78.8375,142.035,28.395344028555098,133.325,117.26,190.515
40g,row,100,target_head_only,V1,low,5,58.2,5.449770637375485,57.0,51.0,65.0,17.36096343671394,1.025047524561722,17.15282852353047,16.078429589191412,18.926577421938998,16.081065135041214,1.1060361417578495,15.752265815789473,14.85942462745098,17.840574839285715,0.033186198185835306,0.012669670382877973,0.031906805089899626,0.016026577245376015,0.04704642207771664,47.842499999999994,1.7865075916435418,46.9875,46.037499999999994,50.175,100.92399999999998,15.935990477532307,91.85999999999997,89.21,125.305
40g,row,100,target_head_only,V1,mid,5,27.6,4.9295030175464944,28.0,21.0,34.0,41.61643698841842,4.865636774902664,40.2450289703426,36.86887562177534,49.81468423562598,40.16792570021849,4.716391853011063,39.05556932142857,35.550340320000004,48.154175699999996,0.0893469474279967,0.038168803057055785,0.07905099660640799,0.05472729286910234,0.13941959457793407,47.842499999999994,1.7865075916435418,46.9875,46.037499999999994,50.175,100.92399999999998,15.935990477532307,91.85999999999997,89.21,125.305
40g,row,100,target_head_only,V1,high_tail,5,20.2,6.418722614352485,20.0,10.0,27.0,161.16642664736892,17.784604991736366,163.43235643175416,135.95390510453828,184.081068206936,144.08114198907407,18.066750345164596,147.9317266,118.59024445,167.09030890000003,0.8774668543861681,0.046875342008138,0.8739025813158754,0.8166371003419379,0.9288462310926563,47.842499999999994,1.7865075916435418,46.9875,46.037499999999994,50.175,100.92399999999998,15.935990477532307,91.85999999999997,89.21,125.305
40g,row,100,target_head_only,V2,low,5,59.8,8.136338242723197,56.0,52.0,70.0,31.092389493814643,1.0274904347558338,31.481726901473102,29.722903865499703,32.24658366837649,29.767108557603223,0.917010289641337,30.069597148148144,28.330838923076918,30.562404842857138,0.05337303902656483,0.024320386758058747,0.04177389193091574,0.028574138530172075,0.08566607364860333,75.80250000000001,2.957688603453717,76.225,72.025,78.8375,142.035,28.395344028555098,133.325,117.26,190.515
40g,row,100,target_head_only,V2,mid,5,24.4,6.107372593840988,24.0,16.0,33.0,63.851732095527,6.021936047303804,62.599770831065754,57.77779371520368,73.96379433294581,62.1818116866322,5.613435589421922,61.19599254166667,55.918440653846154,71.33180909090908,0.08680203069539005,0.03189007400938636,0.07027168432974895,0.05666842637682934,0.13025870297512093,75.80250000000001,2.957688603453717,76.225,72.025,78.8375,142.035,28.395344028555098,133.325,117.26,190.515
40g,row,100,target_head_only,V2,high_tail,5,21.8,6.978538528947161,23.0,12.0,31.0,220.5911769759859,23.390807030947965,217.81032488799175,186.6071202453668,246.22337151859588,196.5193142792254,22.145242628294138,192.76479125806452,165.33076726086955,223.74907521052634,0.8598249302780452,0.04413579944478214,0.8616412878363292,0.8036460310477317,0.9147574350929988,75.80250000000001,2.957688603453717,76.225,72.025,78.8375,142.035,28.395344028555098,133.325,117.26,190.515
40g,row,100,local_identity_shrinkage,V1,low,5,58.2,5.449770637375485,57.0,51.0,65.0,17.525291357037567,5.279999197749555,20.533684550041066,10.98890871959219,21.756105308174675,13.075443329415226,3.4718692210638284,13.905922675124902,8.510143075750264,17.77120751450769,0.21311708906434856,0.1544278617517295,0.30740023448629344,0.04030423558672088,0.3516588240965675,47.842499999999994,1.7865075916435418,46.9875,46.037499999999994,50.175,100.92399999999998,15.935990477532307,91.85999999999997,89.21,125.305
40g,row,100,local_identity_shrinkage,V1,mid,5,27.6,4.9295030175464944,28.0,21.0,34.0,17.775239407547915,3.1492482423000117,18.153769700056607,14.534892989418003,22.565730815184228,14.053918571728792,2.63803113530716,13.940840370820288,11.655670381776561,18.141829252493913,0.08834947341258073,0.05776923684161041,0.07856649154530432,0.0361679468662712,0.18247100112754672,47.842499999999994,1.7865075916435418,46.9875,46.037499999999994,50.175,100.92399999999998,15.935990477532307,91.85999999999997,89.21,125.305
40g,row,100,local_identity_shrinkage,V1,high_tail,5,20.2,6.418722614352485,20.0,10.0,27.0,64.17310056856039,14.698948859418813,67.80536995983086,45.791199079949834,80.53375547802553,46.154061793725795,7.803683797284392,44.096911645824726,39.35383451043405,57.8531010669777,0.6985334375230707,0.19969095976721601,0.6140332739684025,0.5009193651272759,0.9142195357267455,47.842499999999994,1.7865075916435418,46.9875,46.037499999999994,50.175,100.92399999999998,15.935990477532307,91.85999999999997,89.21,125.305
40g,row,100,local_identity_shrinkage,V2,low,5,59.8,8.136338242723197,56.0,52.0,70.0,16.348107143425693,3.2908704249084684,15.16278198691446,13.060217463635011,21.127794583767916,11.390446674802691,1.8021943623536212,10.727895143215202,9.399076234651087,13.709095151959183,0.1376391413767195,0.09815556531323805,0.10404327605447962,0.05144109382912492,0.26950009355429494,75.80250000000001,2.957688603453717,76.225,72.025,78.8375,142.035,28.395344028555098,133.325,117.26,190.515
40g,row,100,local_identity_shrinkage,V2,mid,5,24.4,6.107372593840988,24.0,16.0,33.0,34.194385028738346,6.130801584318383,33.28237198215221,27.4532126067153,43.77383567477583,24.785680577645273,3.533603413080744,23.16688504979716,21.36723214915691,28.64926444850662,0.23105923236513534,0.1370813002107082,0.2611198590178955,0.07458701941918397,0.41291620031633136,75.80250000000001,2.957688603453717,76.225,72.025,78.8375,142.035,28.395344028555098,133.325,117.26,190.515
40g,row,100,local_identity_shrinkage,V2,high_tail,5,21.8,6.978538528947161,23.0,12.0,31.0,65.94195398491135,18.057091333943827,67.34345827526418,47.441155869954535,86.1298394090698,40.29156028705101,7.246089000976466,38.19076865125765,33.34337316803042,52.13989857872274,0.6313016262581451,0.20286496398097437,0.49885163441990715,0.4693800474278095,0.8739718867516914,75.80250000000001,2.957688603453717,76.225,72.025,78.8375,142.035,28.395344028555098,133.325,117.26,190.515
40g,row,100,conditional_EA,V1,low,5,58.2,5.449770637375485,57.0,51.0,65.0,14.258013594923142,5.643695269388379,12.427886061482642,8.66382145222241,22.26579482218416,9.708603148141403,2.649670254401685,9.17967744823343,6.9611690958171115,14.013402199818236,0.17904699092530194,0.15477595921313825,0.16362342053707093,0.027665199360278704,0.3867388351684966,47.842499999999994,1.7865075916435418,46.9875,46.037499999999994,50.175,100.92399999999998,15.935990477532307,91.85999999999997,89.21,125.305
40g,row,100,conditional_EA,V1,mid,5,27.6,4.9295030175464944,28.0,21.0,34.0,17.856818260081106,3.5926301676941526,17.423417192424665,13.973555870180954,23.738256422494555,13.963897578640168,2.7376895099145138,13.857227121443794,11.212886448921015,18.213568181030855,0.11445702598336979,0.08236127294089354,0.08850048895600242,0.040049829425997815,0.23548987580751898,47.842499999999994,1.7865075916435418,46.9875,46.037499999999994,50.175,100.92399999999998,15.935990477532307,91.85999999999997,89.21,125.305
40g,row,100,conditional_EA,V1,high_tail,5,20.2,6.418722614352485,20.0,10.0,27.0,58.67622132235378,16.103011237749158,62.955037063499375,36.823307960111464,77.13237871599779,42.12065320495457,8.793089325400786,40.84090983526747,31.415360260870536,52.95337097234536,0.7064959830913282,0.22768297865769932,0.6772050994002119,0.3777712890239845,0.9232613449751084,47.842499999999994,1.7865075916435418,46.9875,46.037499999999994,50.175,100.92399999999998,15.935990477532307,91.85999999999997,89.21,125.305
40g,row,100,conditional_EA,V2,low,5,59.8,8.136338242723197,56.0,52.0,70.0,15.40274572847002,1.8481474410757073,15.016205315057684,13.445011116823489,17.428416732322543,11.441032534347093,1.4625873519846058,11.363496367502389,9.36612123397579,12.975545452625218,0.12382327943002006,0.07389382560952358,0.11630269372511627,0.05079001249715769,0.2033037657466951,75.80250000000001,2.957688603453717,76.225,72.025,78.8375,142.035,28.395344028555098,133.325,117.26,190.515
40g,row,100,conditional_EA,V2,mid,5,24.4,6.107372593840988,24.0,16.0,33.0,35.188351917998716,5.091746788837344,35.09497670744987,30.773932319062308,43.422182583153656,25.935428510836743,2.7278987677607454,25.044004806702876,23.145127937677174,28.969918096878605,0.2583159937193268,0.16069030018310201,0.2893769265509548,0.10121692424432288,0.49553842434158824,75.80250000000001,2.957688603453717,76.225,72.025,78.8375,142.035,28.395344028555098,133.325,117.26,190.515
40g,row,100,conditional_EA,V2,high_tail,5,21.8,6.978538528947161,23.0,12.0,31.0,63.78992230419105,18.903788888252272,65.71563398167243,41.40865480969124,86.01836337580228,39.02358476837825,6.823946119126042,37.31853437794384,30.460595708951754,49.04636018929541,0.6178607268506531,0.20860484649703565,0.5146013255955009,0.38815888193329556,0.8456026355077291,75.80250000000001,2.957688603453717,76.225,72.025,78.8375,142.035,28.395344028555098,133.325,117.26,190.515
40g,row,100,standard_shallow_finetune,V1,low,5,58.2,5.449770637375485,57.0,51.0,65.0,14.473030925456015,5.407748939350757,13.735325793113972,8.178128564173221,21.883135348605474,9.733342533720975,3.344881626389729,9.614355661538463,5.88660068627451,14.85073794642857,0.15465446141586403,0.10437771964749927,0.1532499332109124,0.026033142033857423,0.25913898399472685,47.842499999999994,1.7865075916435418,46.9875,46.037499999999994,50.175,100.92399999999998,15.935990477532307,91.85999999999997,89.21,125.305
40g,row,100,standard_shallow_finetune,V1,mid,5,27.6,4.9295030175464944,28.0,21.0,34.0,25.293119485952975,5.6746146054960125,25.345853212107137,17.529296257409385,33.53031200181612,17.035178343025212,3.7141123443870456,15.893760785714287,13.2337442,22.598279029411763,0.21498566612728914,0.16375808254132493,0.1626310165942986,0.08781633639435389,0.5008235940388787,47.842499999999994,1.7865075916435418,46.9875,46.037499999999994,50.175,100.92399999999998,15.935990477532307,91.85999999999997,89.21,125.305
40g,row,100,standard_shallow_finetune,V1,high_tail,5,20.2,6.418722614352485,20.0,10.0,27.0,54.3220764492484,6.010632725134327,54.10624618406599,47.36229204258204,63.63619712383269,39.90341673462963,5.91684304730562,36.783981999999995,35.076303708333334,47.40183281481481,0.6303598724568469,0.20713272862812565,0.5782299994109749,0.3459264727502088,0.8344892485391883,47.842499999999994,1.7865075916435418,46.9875,46.037499999999994,50.175,100.92399999999998,15.935990477532307,91.85999999999997,89.21,125.305
40g,row,100,standard_shallow_finetune,V2,low,5,59.8,8.136338242723197,56.0,52.0,70.0,14.866972010880527,3.834455606052533,13.989322628647736,10.799056747848887,18.913649321464547,11.390914066006081,3.705176394984242,10.175500179104478,7.884381732142857,16.203342925925924,0.10542042901825321,0.07200597710380414,0.10193013872463168,0.03292252859890462,0.21955313623048098,75.80250000000001,2.957688603453717,76.225,72.025,78.8375,142.035,28.395344028555098,133.325,117.26,190.515
40g,row,100,standard_shallow_finetune,V2,mid,5,24.4,6.107372593840988,24.0,16.0,33.0,36.57940714233946,9.136809089298357,37.754488275534044,24.488859769697346,48.476600513228256,24.91281771004231,6.046625041068822,27.5691588125,17.440952384615386,30.990177,0.24810057348804385,0.16305492792989124,0.17729300425404404,0.11404608125984507,0.49450022709125047,75.80250000000001,2.957688603453717,76.225,72.025,78.8375,142.035,28.395344028555098,133.325,117.26,190.515
40g,row,100,standard_shallow_finetune,V2,high_tail,5,21.8,6.978538528947161,23.0,12.0,31.0,64.91221643207207,7.662642955420433,68.71685227031438,52.1322420767342,70.8210009954855,48.6521584307565,8.047813433769942,51.05061434782609,38.105933541666666,59.16431421052632,0.6464789974937031,0.23272964241299185,0.7207768570213243,0.2859466366782684,0.8441196473083282,75.80250000000001,2.957688603453717,76.225,72.025,78.8375,142.035,28.395344028555098,133.325,117.26,190.515
40g,row,100,paper_style_current_v2,V1,low,5,58.2,5.449770637375485,57.0,51.0,65.0,14.390795867990395,5.381289221346014,13.621524982474437,8.167438891170919,21.736607081216118,9.616169361272593,3.261429326858412,9.56759253846154,5.845809156862745,14.575508651785713,0.15366044988525723,0.10420933677303763,0.15145367654052522,0.025926878370587894,0.25879709373653337,47.842499999999994,1.7865075916435418,46.9875,46.037499999999994,50.175,100.92399999999998,15.935990477532307,91.85999999999997,89.21,125.305
40g,row,100,paper_style_current_v2,V1,mid,5,27.6,4.9295030175464944,28.0,21.0,34.0,25.285860786333796,5.6747685660867075,25.35140938219906,17.474493314039435,33.4855757887937,16.992398369551818,3.7080769129006637,15.837225178571428,13.1306834,22.48378758823529,0.21564714726279424,0.16412706368921084,0.1637345622563124,0.08776727271800039,0.5019161008335951,47.842499999999994,1.7865075916435418,46.9875,46.037499999999994,50.175,100.92399999999998,15.935990477532307,91.85999999999997,89.21,125.305
40g,row,100,paper_style_current_v2,V1,high_tail,5,20.2,6.418722614352485,20.0,10.0,27.0,54.24463304770616,6.0588997470502965,53.895007548126074,47.30788625166028,63.70053937625594,39.83118275462963,5.911549185565857,36.670677,35.04914962499999,47.440401148148155,0.6306924028519485,0.2073802522121319,0.5774683440071542,0.3466302226258799,0.8349457341864982,47.842499999999994,1.7865075916435418,46.9875,46.037499999999994,50.175,100.92399999999998,15.935990477532307,91.85999999999997,89.21,125.305
40g,row,100,paper_style_current_v2,V2,low,5,59.8,8.136338242723197,56.0,52.0,70.0,14.721883470611383,3.6932029573254246,13.944060092757127,10.7457941555003,18.68815790673849,11.236539572964116,3.5831817637072905,10.124223492537315,7.788872035714286,15.83825727777778,0.10378840678238141,0.07053769296537817,0.10154541593798247,0.03256194428115284,0.21590261430178573,75.80250000000001,2.957688603453717,76.225,72.025,78.8375,142.035,28.395344028555098,133.325,117.26,190.515
40g,row,100,paper_style_current_v2,V2,mid,5,24.4,6.107372593840988,24.0,16.0,33.0,36.55354757008168,9.135285280084569,37.75231964171702,24.413247510724787,48.380795494241546,24.880210907018345,6.010621864540924,27.571198499999998,17.41389857692308,30.82723291666667,0.24912929701374392,0.16424684182703925,0.17775191743586333,0.11346441524879121,0.4961170156056547,75.80250000000001,2.957688603453717,76.225,72.025,78.8375,142.035,28.395344028555098,133.325,117.26,190.515
40g,row,100,paper_style_current_v2,V2,high_tail,5,21.8,6.978538528947161,23.0,12.0,31.0,64.83899305522229,7.63257402066437,68.7055447793623,52.128758781152975,70.88102034269507,48.58999659071627,7.9605494601125715,50.94404413043478,38.17084583333333,58.94048947368422,0.6470822962038747,0.23216380950898943,0.7207026666261542,0.2879803700925595,0.8446009512773748,75.80250000000001,2.957688603453717,76.225,72.025,78.8375,142.035,28.395344028555098,133.325,117.26,190.515
40g,compound,30,zero_shot,V1,low,5,49.8,9.093954035511725,47.0,39.0,63.0,29.210909032825658,2.935189695491862,28.568832853721954,26.30939047035235,33.628284245333575,28.641574804876917,2.6385630704099268,28.083371485185186,25.97578380512821,32.58892493809524,0.05381710119464202,0.026857826481035556,0.05026771302538357,0.02882328537029094,0.09898520509126864,45.89,7.205972999880029,45.5,39.0125,55.9625,108.093,29.65621827711687,107.23000000000005,68.975,145.52500000000003
40g,compound,30,zero_shot,V1,mid,5,30.6,11.610340218959994,34.0,14.0,43.0,63.70167484311376,12.486936052598166,59.17371955085471,49.708817583457304,78.19765426601052,61.490129940619646,11.334122109660688,56.62059308837208,49.48596743571428,73.64931692352943,0.15365035455463683,0.07289994028756595,0.16076203503655528,0.04076311587206093,0.23712466972185053,45.89,7.205972999880029,45.5,39.0125,55.9625,108.093,29.65621827711687,107.23000000000005,68.975,145.52500000000003
40g,compound,30,zero_shot,V1,high_tail,5,21.4,9.710818709048171,23.0,12.0,35.0,186.39293291827477,31.577358538513163,181.6607407824125,148.3649843313091,228.18096983358055,175.0420150388621,35.83361685511526,171.14205872173912,128.98686408857142,221.80150254166665,0.7925325442507212,0.08275612595055011,0.8104146795931537,0.7112451734394412,0.9078275258939856,45.89,7.205972999880029,45.5,39.0125,55.9625,108.093,29.65621827711687,107.23000000000005,68.975,145.52500000000003
40g,compound,30,zero_shot,V2,low,5,51.8,12.617448236470004,49.0,39.0,73.0,43.53473585637573,4.8300552365017975,43.12181323029255,39.44800213749275,51.57137488954601,42.51857723943169,4.21620397718739,42.39409975128205,38.74738372244899,49.40702944383561,0.06868768895205205,0.0431920246869156,0.050520014972965745,0.042904439493711366,0.14553198226129013,75.36749999999999,16.98149636368951,69.25,64.225,105.075,156.13600000000002,39.81526488044504,156.58500000000006,98.35,199.97
40g,compound,30,zero_shot,V2,mid,5,29.4,9.736529155710468,35.0,17.0,39.0,90.36370156977974,22.05675237142089,85.6428302113757,66.9330724091413,126.86172691263236,87.77957768854989,21.287202975848906,81.5385644857143,66.51403638095238,123.52087647058822,0.15338956207464488,0.05756148192540479,0.1633093723254246,0.0556601552636769,0.20508236844366415,75.36749999999999,16.98149636368951,69.25,64.225,105.075,156.13600000000002,39.81526488044504,156.58500000000006,98.35,199.97
40g,compound,30,zero_shot,V2,high_tail,5,20.6,9.914635646356352,21.0,9.0,36.0,256.3252818756968,40.78452122695193,248.93268305978884,205.7284039515991,310.2565838162923,240.30173770337296,45.84970922605002,236.00983961904754,177.08154969444442,298.8943791111111,0.7779227489733033,0.08959153066233635,0.7811837890927311,0.6493856492950457,0.9014354052426118,75.36749999999999,16.98149636368951,69.25,64.225,105.075,156.13600000000002,39.81526488044504,156.58500000000006,98.35,199.97
40g,compound,30,scale_only,V1,low,5,49.8,9.093954035511725,47.0,39.0,63.0,29.1893060096052,10.056026251977167,29.144358299446374,16.387408493757047,40.588998652025204,26.424442418258234,9.742632151024322,24.79127590136005,14.935034086704938,37.40320312328738,0.27572410256072644,0.08442310986098145,0.31218715663920954,0.16857688151079472,0.36803212375972066,45.89,7.205972999880029,45.5,39.0125,55.9625,108.093,29.65621827711687,107.23000000000005,68.975,145.52500000000003
40g,compound,30,scale_only,V1,mid,5,30.6,11.610340218959994,34.0,14.0,43.0,22.68437110444741,12.026192487155283,19.89019763752428,9.03713855607243,35.17681844026671,19.186856989891922,10.813245054860122,15.793131826328883,7.025515493030997,30.606102977948257,0.11292614512432309,0.08437884724015768,0.09632150948145139,0.015271071685316804,0.20592088986429335,45.89,7.205972999880029,45.5,39.0125,55.9625,108.093,29.65621827711687,107.23000000000005,68.975,145.52500000000003
40g,compound,30,scale_only,V1,high_tail,5,21.4,9.710818709048171,23.0,12.0,35.0,67.43992816421382,15.801726075339431,69.27813806883137,41.78416383410075,85.16946876875394,51.22758093325531,13.822566834759566,53.57676164557861,28.553773754830303,66.02679809255108,0.6113497523149505,0.16404319001785478,0.5798409457072754,0.42604698637598604,0.8161520468038886,45.89,7.205972999880029,45.5,39.0125,55.9625,108.093,29.65621827711687,107.23000000000005,68.975,145.52500000000003
40g,compound,30,scale_only,V2,low,5,51.8,12.617448236470004,49.0,39.0,73.0,28.565232023157648,9.451925993629633,26.766587714871328,15.06004407009075,39.65132687619365,24.407169143574386,9.60995122957154,22.551820341603445,11.135927299031486,35.74506724103941,0.2200012654456816,0.11490508371200399,0.24775792234159116,0.06037083705370252,0.33338765873192416,75.36749999999999,16.98149636368951,69.25,64.225,105.075,156.13600000000002,39.81526488044504,156.58500000000006,98.35,199.97
40g,compound,30,scale_only,V2,mid,5,29.4,9.736529155710468,35.0,17.0,39.0,32.36314509454427,5.6971697196326545,31.969729857381076,24.452412080615183,40.45076179145856,24.679852279571328,7.163540938886694,22.970350078447137,16.3219157626989,35.99496477567843,0.15066404527779853,0.0542232007448192,0.15625593456168768,0.08569841937021054,0.23156520343120185,75.36749999999999,16.98149636368951,69.25,64.225,105.075,156.13600000000002,39.81526488044504,156.58500000000006,98.35,199.97
40g,compound,30,scale_only,V2,high_tail,5,20.6,9.914635646356352,21.0,9.0,36.0,82.15067644981352,14.181641687842818,84.04064689789206,58.952879392414296,97.5422820169059,54.89799252286126,9.937034312111862,57.89391103662282,38.69275216901241,64.65187986136074,0.6293346892765198,0.15246965436224724,0.5932092068355124,0.4569309773840269,0.8539307435760868,75.36749999999999,16.98149636368951,69.25,64.225,105.075,156.13600000000002,39.81526488044504,156.58500000000006,98.35,199.97
40g,compound,30,affine,V1,low,5,49.8,9.093954035511725,47.0,39.0,63.0,21.793307138993775,13.604521189701787,18.054517026945966,9.495656734969092,44.00419782173438,15.94654336678633,9.651395909917717,14.756858221372374,7.396507203872693,31.43821628952436,0.092324338289483,0.0433444056939452,0.08511401988176161,0.04640709777466096,0.147208314097762,45.89,7.205972999880029,45.5,39.0125,55.9625,108.093,29.65621827711687,107.23000000000005,68.975,145.52500000000003
40g,compound,30,affine,V1,mid,5,30.6,11.610340218959994,34.0,14.0,43.0,27.734234827387763,21.628120928547006,19.56672344279887,11.450123013246774,63.93588518947314,20.51882962355427,15.332260134443278,15.33205965557309,9.560166986181914,46.713402023550515,0.08284265313118608,0.051586626757743004,0.080930332004637,0.024789267611418725,0.1558918078558267,45.89,7.205972999880029,45.5,39.0125,55.9625,108.093,29.65621827711687,107.23000000000005,68.975,145.52500000000003
40g,compound,30,affine,V1,high_tail,5,21.4,9.710818709048171,23.0,12.0,35.0,113.12029705766804,85.20577863263678,74.2187265007794,44.06805191583409,258.8415487558992,87.39115102545101,64.69923119664774,58.627967595377584,34.882740421062564,196.93970974023102,0.8248330085793307,0.06872260653103593,0.8068971737791645,0.7589941722624117,0.9179755295328155,45.89,7.205972999880029,45.5,39.0125,55.9625,108.093,29.65621827711687,107.23000000000005,68.975,145.52500000000003
40g,compound,30,affine,V2,low,5,51.8,12.617448236470004,49.0,39.0,73.0,21.85609783605036,7.227311706204569,21.666340853896756,12.795778169103567,31.689044606703927,16.788588248878355,7.77492282674121,14.185595403025586,7.773793901154049,28.225102168660083,0.12568081171845952,0.08150663562876326,0.07962785972509366,0.058612193480008117,0.2446227628855244,75.36749999999999,16.98149636368951,69.25,64.225,105.075,156.13600000000002,39.81526488044504,156.58500000000006,98.35,199.97
40g,compound,30,affine,V2,mid,5,29.4,9.736529155710468,35.0,17.0,39.0,32.36517146163318,4.730162878941925,33.05064090827936,27.63554062360795,39.01472756720148,23.65115161907043,3.8790479831505347,23.422893001903848,18.60680218956327,29.51395467669784,0.1416021000802819,0.026825039222182965,0.14721266921509782,0.09830365392137491,0.1718602897585391,75.36749999999999,16.98149636368951,69.25,64.225,105.075,156.13600000000002,39.81526488044504,156.58500000000006,98.35,199.97
40g,compound,30,affine,V2,high_tail,5,20.6,9.914635646356352,21.0,9.0,36.0,93.9492091649592,27.918355981373093,97.7492541992531,49.02435761845084,120.91496876487413,65.58283385987002,23.986344368329284,62.19726518166411,33.10635925212379,89.83371943818422,0.7327170882012587,0.07096782598746275,0.7591748809735401,0.6138641612388777,0.7941751373048942,75.36749999999999,16.98149636368951,69.25,64.225,105.075,156.13600000000002,39.81526488044504,156.58500000000006,98.35,199.97
40g,compound,30,target_head_only,V1,low,5,49.8,9.093954035511725,47.0,39.0,63.0,16.422326312613134,3.1501299452574436,15.548765602240513,13.825829547648267,21.56096927725445,15.332616910095757,3.0464994536263936,14.476884203703703,12.827267565217392,20.372320515873014,0.029855042267527287,0.02225065966860192,0.023861645075994704,0.013328149913324143,0.06842140737855307,45.89,7.205972999880029,45.5,39.0125,55.9625,108.093,29.65621827711687,107.23000000000005,68.975,145.52500000000003
40g,compound,30,target_head_only,V1,mid,5,30.6,11.610340218959994,34.0,14.0,43.0,44.38333840132945,10.929320941787358,40.94399042359407,31.889837368386626,58.0753648826184,42.14426261885716,9.742721104734079,38.5633918372093,31.376510285714286,53.40114485294117,0.12453557410352452,0.06747240453555793,0.12380074792976407,0.028159550837839446,0.2095933985722051,45.89,7.205972999880029,45.5,39.0125,55.9625,108.093,29.65621827711687,107.23000000000005,68.975,145.52500000000003
40g,compound,30,target_head_only,V1,high_tail,5,21.4,9.710818709048171,23.0,12.0,35.0,150.86325376195455,26.922042997051637,147.79910521125944,116.8231594141767,186.94798904933404,139.72739950870806,31.18144991851314,137.11619034782606,98.52936248571429,180.72965125,0.8456093836289483,0.07579420150897481,0.8628711021569118,0.7665449563518002,0.9447546054349499,45.89,7.205972999880029,45.5,39.0125,55.9625,108.093,29.65621827711687,107.23000000000005,68.975,145.52500000000003
40g,compound,30,target_head_only,V2,low,5,51.8,12.617448236470004,49.0,39.0,73.0,30.213280979140137,4.592931291656522,29.464013909707475,26.11764673537841,37.80816691681502,28.84523534723698,4.250774812419685,28.54580733333334,24.709915816326532,35.66936821917808,0.04939315917686307,0.03677166672140453,0.031882100039604386,0.028928500411085228,0.11480025855061042,75.36749999999999,16.98149636368951,69.25,64.225,105.075,156.13600000000002,39.81526488044504,156.58500000000006,98.35,199.97
40g,compound,30,target_head_only,V2,mid,5,29.4,9.736529155710468,35.0,17.0,39.0,69.88763719109292,19.357260140415832,66.93585477045842,49.224606205100514,101.8994445035612,67.04513663069164,18.54265830539681,62.68226405714286,48.43132119047618,98.21337129411765,0.1332218927623259,0.05534952829626338,0.13823786607790708,0.04347717209314036,0.19419646368704754,75.36749999999999,16.98149636368951,69.25,64.225,105.075,156.13600000000002,39.81526488044504,156.58500000000006,98.35,199.97
40g,compound,30,target_head_only,V2,high_tail,5,20.6,9.914635646356352,21.0,9.0,36.0,218.9938595946034,35.328615020295246,213.01818002860816,173.6557009634814,264.17664329677217,203.5874060672619,40.56750876096704,200.45264885714286,146.10040491666666,253.5179516666666,0.8173849480608109,0.08417696310583193,0.824778839946863,0.6910032777623419,0.9275943274957742,75.36749999999999,16.98149636368951,69.25,64.225,105.075,156.13600000000002,39.81526488044504,156.58500000000006,98.35,199.97
40g,compound,30,local_identity_shrinkage,V1,low,5,49.8,9.093954035511725,47.0,39.0,63.0,18.73526062126357,7.934715717436252,17.540273053499007,9.495657526693659,28.235747264815693,15.038615283070001,7.581170243625373,14.326473142044291,7.396507512160875,25.45313127085115,0.1380910353730497,0.07099149827394963,0.12565706318068867,0.057235201916729456,0.24660267314607798,45.89,7.205972999880029,45.5,39.0125,55.9625,108.093,29.65621827711687,107.23000000000005,68.975,145.52500000000003
40g,compound,30,local_identity_shrinkage,V1,mid,5,30.6,11.610340218959994,34.0,14.0,43.0,18.491784572884804,6.686092839427414,19.56672469782972,11.45012344236131,28.108325103054835,14.355059133116026,4.261935487859601,15.332061020257195,9.560167461152847,19.32054777112812,0.08986869640005739,0.05599820431938798,0.1067073537567233,0.024789264929021608,0.16558051775783375,45.89,7.205972999880029,45.5,39.0125,55.9625,108.093,29.65621827711687,107.23000000000005,68.975,145.52500000000003
40g,compound,30,local_identity_shrinkage,V1,high_tail,5,21.4,9.710818709048171,23.0,12.0,35.0,70.72003160737144,20.219585479776686,73.82666645137598,44.06805603854876,99.48065237108418,53.51140012394719,17.510334139090162,53.357648624527755,34.882744905927524,79.8358547715385,0.772040268226893,0.09913352444408396,0.767635583062588,0.646322970725713,0.9179755331542488,45.89,7.205972999880029,45.5,39.0125,55.9625,108.093,29.65621827711687,107.23000000000005,68.975,145.52500000000003
40g,compound,30,local_identity_shrinkage,V2,low,5,51.8,12.617448236470004,49.0,39.0,73.0,21.97200267896186,8.9999337089376,21.666341082617055,12.795778206819111,36.325171262062135,16.57760360410719,9.03219571171513,14.185595737777103,7.77379409917494,31.101370915178506,0.14074162774598484,0.08843447640929897,0.11661104675926297,0.058612195474222036,0.24462276950467607,75.36749999999999,16.98149636368951,69.25,64.225,105.075,156.13600000000002,39.81526488044504,156.58500000000006,98.35,199.97
40g,compound,30,local_identity_shrinkage,V2,mid,5,29.4,9.736529155710468,35.0,17.0,39.0,32.102621668109705,5.886521467396338,32.593926770391825,25.572197360113844,40.56288456831968,23.928310558546226,5.784960723485901,23.087851236580256,18.606802453009614,33.66208967870507,0.15792469826908911,0.04349562236165348,0.14721267616996245,0.10441842422343396,0.22136836387684325,75.36749999999999,16.98149636368951,69.25,64.225,105.075,156.13600000000002,39.81526488044504,156.58500000000006,98.35,199.97
40g,compound,30,local_identity_shrinkage,V2,high_tail,5,20.6,9.914635646356352,21.0,9.0,36.0,85.1092194947096,21.252934598138815,87.89684721916802,49.02435665273792,103.30325940488255,56.74009356769515,16.434120451944253,57.059035549012066,33.10635883995911,78.56150042601932,0.7013336739849261,0.10894819162658076,0.764078186802411,0.55558036318717,0.7941751283558157,75.36749999999999,16.98149636368951,69.25,64.225,105.075,156.13600000000002,39.81526488044504,156.58500000000006,98.35,199.97
40g,compound,30,conditional_EA,V1,low,5,49.8,9.093954035511725,47.0,39.0,63.0,16.6657878716565,5.874149267033449,16.96117222397719,8.335608375874727,23.159802144362303,13.081585742492788,4.577992767132199,13.443298217440901,6.350409399676148,17.709663108155514,0.11160856506980096,0.04136251556269389,0.11150637653826338,0.04824548997995209,0.1560807051304486,45.89,7.205972999880029,45.5,39.0125,55.9625,108.093,29.65621827711687,107.23000000000005,68.975,145.52500000000003
40g,compound,30,conditional_EA,V1,mid,5,30.6,11.610340218959994,34.0,14.0,43.0,19.46347534676779,9.899692779740217,18.25483780807827,10.581406216040238,35.4812285782183,15.329415118473975,6.935945433476649,14.180421684734887,9.038317120089532,26.241609654588807,0.09942737191287583,0.07098857113896474,0.1027350279216693,0.023157894368633594,0.2007133330630524,45.89,7.205972999880029,45.5,39.0125,55.9625,108.093,29.65621827711687,107.23000000000005,68.975,145.52500000000003
40g,compound,30,conditional_EA,V1,high_tail,5,21.4,9.710818709048171,23.0,12.0,35.0,71.6531685744743,24.768451477739074,69.34206980278846,42.37770141653283,110.55648857889521,54.539420164653315,20.034346638503823,52.60725193636985,33.07290866247388,87.38929143898804,0.7889640630173231,0.09119331706652928,0.7691037084580974,0.6877802903986845,0.9285966156514142,45.89,7.205972999880029,45.5,39.0125,55.9625,108.093,29.65621827711687,107.23000000000005,68.975,145.52500000000003
40g,compound,30,conditional_EA,V2,low,5,51.8,12.617448236470004,49.0,39.0,73.0,25.607933649756433,7.47869524543853,27.126078809007133,14.846092343171232,32.91779265782779,19.59366839665468,8.411985304630555,19.53710325126565,7.976374211622581,28.904506377767362,0.18024971110954585,0.10532916615453193,0.173391440957677,0.08171726142751375,0.3480896299988613,75.36749999999999,16.98149636368951,69.25,64.225,105.075,156.13600000000002,39.81526488044504,156.58500000000006,98.35,199.97
40g,compound,30,conditional_EA,V2,mid,5,29.4,9.736529155710468,35.0,17.0,39.0,37.12040021371541,6.325609137755071,40.332717829744674,29.335076174848616,43.786047326365434,28.770292793224012,6.298588657437451,30.612470015768984,19.266493154150073,34.45233601953242,0.2014802526984345,0.06531097312868761,0.17920828524758334,0.12821176752758268,0.29927971054736247,75.36749999999999,16.98149636368951,69.25,64.225,105.075,156.13600000000002,39.81526488044504,156.58500000000006,98.35,199.97
40g,compound,30,conditional_EA,V2,high_tail,5,20.6,9.914635646356352,21.0,9.0,36.0,82.62095104567109,22.27807343132628,89.59087323953146,46.70320837345084,106.80268471580557,58.455768153211366,20.248338996598548,60.22849083181101,31.420841937261496,87.70435672702902,0.6182700361920196,0.10206998621292666,0.5991349494623359,0.47270208475355535,0.7464845355093307,75.36749999999999,16.98149636368951,69.25,64.225,105.075,156.13600000000002,39.81526488044504,156.58500000000006,98.35,199.97
40g,compound,30,standard_shallow_finetune,V1,low,5,49.8,9.093954035511725,47.0,39.0,63.0,21.396392370356317,6.050587724139297,23.903364617480776,11.069857539240097,25.619609153010977,14.484199729188006,4.433594912325686,16.745654277777778,8.840864212765958,19.03195717936508,0.15539615918722577,0.05991321170544505,0.18053911260326502,0.048785043150414945,0.189204459584858,45.89,7.205972999880029,45.5,39.0125,55.9625,108.093,29.65621827711687,107.23000000000005,68.975,145.52500000000003
40g,compound,30,standard_shallow_finetune,V1,mid,5,30.6,11.610340218959994,34.0,14.0,43.0,28.511591140845848,7.6136483313303245,29.74992649440299,16.20370545474128,36.61143791641909,22.422946132238085,7.290353506392694,22.364322815789475,12.695409357142854,32.71140558333333,0.17832534440407535,0.08279185810533243,0.21073497215963308,0.03113590458605623,0.23091049650750442,45.89,7.205972999880029,45.5,39.0125,55.9625,108.093,29.65621827711687,107.23000000000005,68.975,145.52500000000003
40g,compound,30,standard_shallow_finetune,V1,high_tail,5,21.4,9.710818709048171,23.0,12.0,35.0,71.8157721192087,16.887967031397764,61.88778837934787,55.709102712063334,91.44439025830506,55.565306186240164,16.63115493993046,46.10107424000001,40.60335905714286,78.96782408333333,0.666278496408699,0.14198871824219933,0.6036537527748792,0.5962485979603924,0.9200790522635289,45.89,7.205972999880029,45.5,39.0125,55.9625,108.093,29.65621827711687,107.23000000000005,68.975,145.52500000000003
40g,compound,30,standard_shallow_finetune,V2,low,5,51.8,12.617448236470004,49.0,39.0,73.0,25.606923357552823,12.276055776653251,32.995514298430585,9.823856535424403,36.404241542473585,19.000693242354643,9.27320822733152,21.201120285714282,8.014809589743589,30.244685438356164,0.18456426814998464,0.15668044066442227,0.2108994250916459,0.01433161594584684,0.37490596553071076,75.36749999999999,16.98149636368951,69.25,64.225,105.075,156.13600000000002,39.81526488044504,156.58500000000006,98.35,199.97
40g,compound,30,standard_shallow_finetune,V2,mid,5,29.4,9.736529155710468,35.0,17.0,39.0,44.23478257347689,18.565925381215674,39.66575133607923,22.141696168043392,65.85926923120594,33.66725193062702,13.49967111655547,29.942090257142862,17.842812904761907,52.42028270588236,0.243968267922901,0.1676951485531302,0.2251353607834044,0.03920194366302588,0.5062541126476136,75.36749999999999,16.98149636368951,69.25,64.225,105.075,156.13600000000002,39.81526488044504,156.58500000000006,98.35,199.97
40g,compound,30,standard_shallow_finetune,V2,high_tail,5,20.6,9.914635646356352,21.0,9.0,36.0,86.60070216874892,15.386270576143053,83.09369922133921,65.84607693632545,104.6961624476124,65.90769983214285,17.5097975024439,59.626348944444445,44.44726047619048,88.92227555555554,0.5714674639271143,0.22160216975998775,0.4885947893196079,0.3822958225016019,0.9464664403911274,75.36749999999999,16.98149636368951,69.25,64.225,105.075,156.13600000000002,39.81526488044504,156.58500000000006,98.35,199.97
40g,compound,30,paper_style_current_v2,V1,low,5,49.8,9.093954035511725,47.0,39.0,63.0,21.162025282583496,6.036372284142151,23.57674900821422,10.955840874460353,25.432797449806447,14.297570799239164,4.34345374604267,16.586951268518515,8.75776840425532,18.541981153968255,0.1522632823661046,0.058961659226335755,0.1724904801460558,0.04751086107891519,0.18720659940362586,45.89,7.205972999880029,45.5,39.0125,55.9625,108.093,29.65621827711687,107.23000000000005,68.975,145.52500000000003
40g,compound,30,paper_style_current_v2,V1,mid,5,30.6,11.610340218959994,34.0,14.0,43.0,28.38834932889056,7.5166845767797215,29.69384577528746,16.112068133908746,36.066994897031414,22.307517022896842,7.174747638455619,22.312127552631576,12.646608071428574,32.338981499999996,0.177611649803266,0.08289908376184608,0.21081016658840296,0.030607948866068012,0.23106759643683764,45.89,7.205972999880029,45.5,39.0125,55.9625,108.093,29.65621827711687,107.23000000000005,68.975,145.52500000000003
40g,compound,30,paper_style_current_v2,V1,high_tail,5,21.4,9.710818709048171,23.0,12.0,35.0,71.99345004033273,17.01377546141475,61.86352529912666,55.92444061006842,90.68967608259287,55.75776702028571,17.028267562170207,46.11352568,40.791098171428565,80.56676608333333,0.6701250678306294,0.14127787771790892,0.6020891791649944,0.5964419234171067,0.9218811900550169,45.89,7.205972999880029,45.5,39.0125,55.9625,108.093,29.65621827711687,107.23000000000005,68.975,145.52500000000003
40g,compound,30,paper_style_current_v2,V2,low,5,51.8,12.617448236470004,49.0,39.0,73.0,25.178233598219855,11.969478332171922,32.53346477767654,9.79313152400107,35.544830786940345,18.659158820719266,9.044965275921205,21.039961285714284,7.945484948717946,29.446087767123284,0.17950079979021397,0.15136169174788602,0.20715119373620552,0.014168443956412417,0.3598326680510117,75.36749999999999,16.98149636368951,69.25,64.225,105.075,156.13600000000002,39.81526488044504,156.58500000000006,98.35,199.97
40g,compound,30,paper_style_current_v2,V2,mid,5,29.4,9.736529155710468,35.0,17.0,39.0,44.110163128734484,18.44124864299099,39.86228293205683,22.108296597028037,65.91595760395231,33.56517642810601,13.333642877622456,29.97788794285714,17.869802285714286,51.92855976470588,0.24447650818274091,0.16782420712967983,0.22556065633800118,0.03888160952669808,0.5070749468809294,75.36749999999999,16.98149636368951,69.25,64.225,105.075,156.13600000000002,39.81526488044504,156.58500000000006,98.35,199.97
40g,compound,30,paper_style_current_v2,V2,high_tail,5,20.6,9.914635646356352,21.0,9.0,36.0,86.89783491438394,15.857483909953231,83.33070842732796,65.87596452380245,106.93436916051971,66.18959046269842,17.995284548452666,59.87209969444445,44.44463380952381,90.75376666666666,0.5760226920270451,0.21732464932837686,0.49355851595122896,0.40151517113503615,0.9469499465168892,75.36749999999999,16.98149636368951,69.25,64.225,105.075,156.13600000000002,39.81526488044504,156.58500000000006,98.35,199.97
40g,compound,50,zero_shot,V1,low,5,43.0,5.049752469181039,40.0,39.0,49.0,27.460724411752597,1.5152179710766653,27.266973608933156,25.812107616536043,29.514966870590595,27.098312912484563,1.4157462969163594,26.92208058333333,25.59878035641026,29.02774207755102,0.03947029774732196,0.012154063715977263,0.03801672975356531,0.02882328537029094,0.05930632301406141,40.8875,3.0310115885624738,41.975,36.9875,44.075,85.30200000000005,12.662849501593252,81.25000000000007,74.69500000000004,106.38000000000008
40g,compound,50,zero_shot,V1,mid,5,31.4,5.727128425310541,31.0,24.0,40.0,52.40620398501708,4.476985535077395,49.56861251986858,48.84660173522285,58.67642550826825,51.07991379404032,4.187758340643054,48.61801052916667,47.762692406451606,56.57033731875,0.10355530424599964,0.02781672141727215,0.11537021062626816,0.06872761979197269,0.1290467635483894,40.8875,3.0310115885624738,41.975,36.9875,44.075,85.30200000000005,12.662849501593252,81.25000000000007,74.69500000000004,106.38000000000008
40g,compound,50,zero_shot,V1,high_tail,5,27.4,6.985699678629192,30.0,20.0,35.0,165.24811742089062,16.10978423838776,155.73658730969598,153.91348107679474,191.16969162140023,150.5425735003988,17.68014267345061,143.04365508333336,135.067391234375,178.98431019499998,0.8569743980066784,0.035932249570720394,0.8541275510498776,0.811646913437549,0.8932556504544621,40.8875,3.0310115885624738,41.975,36.9875,44.075,85.30200000000005,12.662849501593252,81.25000000000007,74.69500000000004,106.38000000000008
40g,compound,50,zero_shot,V2,low,5,48.6,8.294576541331088,48.0,40.0,58.0,42.06309713112412,2.1018265030120507,42.91763876667335,39.17373720121903,44.040616320769296,41.264879685437776,1.9512995048814679,41.990050834482766,38.49412894583333,42.99618187321429,0.05643455226425771,0.017076077124824812,0.04880323522533198,0.04049432141159728,0.08141660113324625,69.08,5.095468268471506,70.1375,63.5875,74.925,130.93800000000005,21.986997180151757,123.90500000000003,112.44500000000002,166.75000000000009
40g,compound,50,zero_shot,V2,mid,5,28.2,4.494441010848846,26.0,25.0,36.0,77.75427535061993,8.383548630314174,74.61787435530734,69.42517054705337,90.06815435650529,76.27830272101099,7.820918334448447,73.12691,68.34868071428572,87.63072366,0.10968384548095791,0.02317678393278964,0.12032568269999924,0.08048132949798396,0.13209104031718902,69.08,5.095468268471506,70.1375,63.5875,74.925,130.93800000000005,21.986997180151757,123.90500000000003,112.44500000000002,166.75000000000009
40g,compound,50,zero_shot,V2,high_tail,5,25.0,7.516648189186454,28.0,17.0,33.0,233.75248866456167,29.658185827705697,223.44132701036526,198.53315931043102,276.38224531059893,214.4075426769748,30.750745832633342,206.31934821428572,181.87626766666668,260.0128876470588,0.8338816022547844,0.03673893368116715,0.8391799958884035,0.7864923585495647,0.8744885312710468,69.08,5.095468268471506,70.1375,63.5875,74.925,130.93800000000005,21.986997180151757,123.90500000000003,112.44500000000002,166.75000000000009
40g,compound,50,scale_only,V1,low,5,43.0,5.049752469181039,40.0,39.0,49.0,25.150668404826753,3.4743474207578884,25.650629818896682,20.342665520007902,28.761863325878785,22.372697346426357,3.3470036861738306,22.016206454450675,17.554682440241507,25.86731827044551,0.22165194938261185,0.0463340555297893,0.21646701631684848,0.15504586491899097,0.28270150755521095,40.8875,3.0310115885624738,41.975,36.9875,44.075,85.30200000000005,12.662849501593252,81.25000000000007,74.69500000000004,106.38000000000008
40g,compound,50,scale_only,V1,mid,5,31.4,5.727128425310541,31.0,24.0,40.0,16.93780091727743,5.589839568653844,14.955874701238779,10.8710641905946,22.8929473783886,14.525002432205165,5.289013303412412,13.25968314247811,8.906531760872557,20.36492990803167,0.07889694936306077,0.045163975357460195,0.07118011367688042,0.022136315137546186,0.13806094479317862,40.8875,3.0310115885624738,41.975,36.9875,44.075,85.30200000000005,12.662849501593252,81.25000000000007,74.69500000000004,106.38000000000008
40g,compound,50,scale_only,V1,high_tail,5,27.4,6.985699678629192,30.0,20.0,35.0,57.62708834888143,11.788777552101255,58.39651904262168,39.022865625017374,71.27702698377874,39.910103615376684,7.586069464331401,41.11574986595268,29.277441511656896,50.14197914235418,0.6994511012543275,0.07707335156595203,0.6522883291750056,0.6461183787679088,0.8228178199434629,40.8875,3.0310115885624738,41.975,36.9875,44.075,85.30200000000005,12.662849501593252,81.25000000000007,74.69500000000004,106.38000000000008
40g,compound,50,scale_only,V2,low,5,48.6,8.294576541331088,48.0,40.0,58.0,25.49695776302334,2.163702838390081,24.998323092197115,22.873352445520982,28.709189387982125,21.494780360361325,3.1395723222813934,22.226088549624446,16.32842312407413,24.89043767390127,0.17446200405044454,0.05021115631001789,0.18816636196399888,0.1086541976989712,0.2381596598762247,69.08,5.095468268471506,70.1375,63.5875,74.925,130.93800000000005,21.986997180151757,123.90500000000003,112.44500000000002,166.75000000000009
40g,compound,50,scale_only,V2,mid,5,28.2,4.494441010848846,26.0,25.0,36.0,27.948800603710946,4.632139031186463,27.08333293865133,23.00870266730472,33.287256927691445,21.13351488287494,3.0944561763786766,22.257962616696915,17.18392028756416,25.030235045014813,0.1275750176833225,0.06504385703642956,0.09135715641171531,0.0701870819543765,0.225331331556759,69.08,5.095468268471506,70.1375,63.5875,74.925,130.93800000000005,21.986997180151757,123.90500000000003,112.44500000000002,166.75000000000009
40g,compound,50,scale_only,V2,high_tail,5,25.0,7.516648189186454,28.0,17.0,33.0,74.38898453738955,14.83851030960726,77.26331132788579,49.68109984558682,88.97547405166154,48.74129429304686,8.015408098282482,49.607608082518325,36.44128314048412,58.18118621489657,0.697962978266233,0.07837782319657031,0.72343370637029,0.5791564228812467,0.78799536289459,69.08,5.095468268471506,70.1375,63.5875,74.925,130.93800000000005,21.986997180151757,123.90500000000003,112.44500000000002,166.75000000000009
40g,compound,50,affine,V1,low,5,43.0,5.049752469181039,40.0,39.0,49.0,19.483992889316937,8.485837541694544,15.328258108692546,12.872785298047454,33.70293493505762,13.93365179119453,5.870665218514006,12.53661740847964,7.852306782481583,23.675923980064873,0.07897409297117519,0.01996793285938456,0.07299783836106141,0.055868995105802795,0.10400692421403897,40.8875,3.0310115885624738,41.975,36.9875,44.075,85.30200000000005,12.662849501593252,81.25000000000007,74.69500000000004,106.38000000000008
40g,compound,50,affine,V1,mid,5,31.4,5.727128425310541,31.0,24.0,40.0,18.772386808366413,11.142722816276267,14.61095693839393,9.9777557219385,38.0943873065407,14.508718646247711,7.903470408675067,12.0588379892191,7.635542659534808,28.007794328729336,0.05215876964120423,0.022351398224440388,0.064357682943947,0.018961888846520763,0.07320702971612623,40.8875,3.0310115885624738,41.975,36.9875,44.075,85.30200000000005,12.662849501593252,81.25000000000007,74.69500000000004,106.38000000000008
40g,compound,50,affine,V1,high_tail,5,27.4,6.985699678629192,30.0,20.0,35.0,83.43046414702451,39.246827734837254,63.86257301822804,59.74550424940011,151.72043919830094,60.91498348079692,29.266120447130078,47.67584126188058,42.54943729604932,111.91889351530098,0.8688671373876206,0.0173375724559077,0.8709239751780709,0.8406712346360332,0.8872067535822143,40.8875,3.0310115885624738,41.975,36.9875,44.075,85.30200000000005,12.662849501593252,81.25000000000007,74.69500000000004,106.38000000000008
40g,compound,50,affine,V2,low,5,48.6,8.294576541331088,48.0,40.0,58.0,18.853658749823225,4.754714171576997,19.086874820891026,12.600748940640676,25.896026110290848,14.189782301830487,5.269367500282267,11.384996502202068,10.153379574401596,22.94083047662667,0.09923708358954378,0.05726763689587533,0.07737801201501654,0.03072774326302829,0.17194696772184226,69.08,5.095468268471506,70.1375,63.5875,74.925,130.93800000000005,21.986997180151757,123.90500000000003,112.44500000000002,166.75000000000009
40g,compound,50,affine,V2,mid,5,28.2,4.494441010848846,26.0,25.0,36.0,28.9763546126073,5.918411153688832,27.26009216949563,21.69913514150821,37.32580469089354,21.156621308942636,3.2157023090722343,21.948156044649636,17.518261153504405,25.36254469773831,0.1285030192842686,0.06079981509592265,0.08768421658792586,0.08212869608345534,0.21293302388370772,69.08,5.095468268471506,70.1375,63.5875,74.925,130.93800000000005,21.986997180151757,123.90500000000003,112.44500000000002,166.75000000000009
40g,compound,50,affine,V2,high_tail,5,25.0,7.516648189186454,28.0,17.0,33.0,79.36504477181913,12.991613099034865,77.5866563974533,63.647357952777725,99.62602161186778,49.13023651113791,8.327253802333708,45.42073183846761,41.986078139938556,63.18845179713796,0.7722598971261875,0.0461482225979763,0.7704664430598719,0.7143866510839044,0.8349377713970575,69.08,5.095468268471506,70.1375,63.5875,74.925,130.93800000000005,21.986997180151757,123.90500000000003,112.44500000000002,166.75000000000009
40g,compound,50,target_head_only,V1,low,5,43.0,5.049752469181039,40.0,39.0,49.0,14.859736122897854,1.8703267814643236,14.425755061384244,12.94879194896617,17.969870957086258,13.968654573589088,1.9935240922534259,13.558852153846155,11.943764371794872,17.308187969387756,0.019572858678664852,0.009964007036658413,0.01730809791914019,0.012170494681646387,0.03691559619683532,40.8875,3.0310115885624738,41.975,36.9875,44.075,85.30200000000005,12.662849501593252,81.25000000000007,74.69500000000004,106.38000000000008
40g,compound,50,target_head_only,V1,mid,5,31.4,5.727128425310541,31.0,24.0,40.0,35.268670166925375,4.029321244264457,33.05586845522253,31.47174600563524,41.051274532759095,33.851001234697584,3.792037159549656,31.922883951612906,30.474724541666664,38.862318734374995,0.07690763417356719,0.023985928788151038,0.08134713320130768,0.04706904862005754,0.10026305039456102,40.8875,3.0310115885624738,41.975,36.9875,44.075,85.30200000000005,12.662849501593252,81.25000000000007,74.69500000000004,106.38000000000008
40g,compound,50,target_head_only,V1,high_tail,5,27.4,6.985699678629192,30.0,20.0,35.0,133.02226984084157,13.710868945650734,127.41674173397554,121.51619715084473,155.5776683900762,118.65030920589285,15.614870051487257,114.0046923,103.67876809375001,144.0034709,0.9035195071477679,0.03047814291782257,0.9064823721170459,0.8628213534086036,0.9356228534608022,40.8875,3.0310115885624738,41.975,36.9875,44.075,85.30200000000005,12.662849501593252,81.25000000000007,74.69500000000004,106.38000000000008
40g,compound,50,target_head_only,V2,low,5,48.6,8.294576541331088,48.0,40.0,58.0,28.896758040571637,2.2881559683297805,29.49002364680143,25.57942960603954,31.6756615784893,27.64006292472336,2.379497683427091,28.042048344827585,23.9943623125,30.37618498214286,0.03888099207932712,0.014456380774208357,0.0304980643106985,0.027615352176614812,0.06176596992910218,69.08,5.095468268471506,70.1375,63.5875,74.925,130.93800000000005,21.986997180151757,123.90500000000003,112.44500000000002,166.75000000000009
40g,compound,50,target_head_only,V2,mid,5,28.2,4.494441010848846,26.0,25.0,36.0,58.57365944618376,7.59152886466259,55.64337029042457,51.220804809898354,69.89187858106787,56.907152779665445,7.109258690887135,53.86268252777778,49.975113642857146,67.31566792,0.09000866161877537,0.021894553262110372,0.09641632017741106,0.06405010079372732,0.11159373873962254,69.08,5.095468268471506,70.1375,63.5875,74.925,130.93800000000005,21.986997180151757,123.90500000000003,112.44500000000002,166.75000000000009
40g,compound,50,target_head_only,V2,high_tail,5,25.0,7.516648189186454,28.0,17.0,33.0,198.96560414187041,25.82929380901891,190.17550911460089,169.4168624479536,237.20908821254878,180.25439664999743,27.48426448985603,173.25575814285713,152.69512524242427,221.97241876470588,0.8711103463018975,0.03393677934433576,0.8759683276459742,0.8266402913312754,0.9054518348955741,69.08,5.095468268471506,70.1375,63.5875,74.925,130.93800000000005,21.986997180151757,123.90500000000003,112.44500000000002,166.75000000000009
40g,compound,50,local_identity_shrinkage,V1,low,5,43.0,5.049752469181039,40.0,39.0,49.0,19.478498409882167,8.48973107975499,15.328258678362802,12.872786050959137,33.70293306375354,13.9369368620139,5.869282010380835,12.536617854877663,7.852307224112113,23.675923407218423,0.0805184428799666,0.019092199179400596,0.07474736015517561,0.055868991594218625,0.104006930430475,40.8875,3.0310115885624738,41.975,36.9875,44.075,85.30200000000005,12.662849501593252,81.25000000000007,74.69500000000004,106.38000000000008
40g,compound,50,local_identity_shrinkage,V1,mid,5,31.4,5.727128425310541,31.0,24.0,40.0,18.50035971085655,11.193890400199491,14.610957437932914,9.977755790172765,38.094386825424095,14.219969338346852,7.948163215836334,12.058838172205425,7.635542691773073,28.007793467686735,0.05155772139045761,0.021974744689266423,0.061466589399194325,0.018961889257994684,0.07320703139504653,40.8875,3.0310115885624738,41.975,36.9875,44.075,85.30200000000005,12.662849501593252,81.25000000000007,74.69500000000004,106.38000000000008
40g,compound,50,local_identity_shrinkage,V1,high_tail,5,27.4,6.985699678629192,30.0,20.0,35.0,82.49049897395999,39.349507975578106,63.86257252073912,59.7455041000731,151.72043570199617,60.012679611622204,29.405822514248655,47.675841009077885,42.549437249072234,111.91889100123674,0.8679238357295758,0.0174900060971505,0.8709239770107348,0.8406712250261138,0.8872067458538695,40.8875,3.0310115885624738,41.975,36.9875,44.075,85.30200000000005,12.662849501593252,81.25000000000007,74.69500000000004,106.38000000000008
40g,compound,50,local_identity_shrinkage,V2,low,5,48.6,8.294576541331088,48.0,40.0,58.0,17.543871074435657,2.85044032643534,19.08687474561123,12.600749078685473,19.34708772066337,12.806112172386023,2.6584840240876786,11.384997012405472,10.153379638444855,16.022479547342467,0.08743409821775942,0.04278609901819722,0.07737801178349032,0.030727744298965725,0.1434523698470961,69.08,5.095468268471506,70.1375,63.5875,74.925,130.93800000000005,21.986997180151757,123.90500000000003,112.44500000000002,166.75000000000009
40g,compound,50,local_identity_shrinkage,V2,mid,5,28.2,4.494441010848846,26.0,25.0,36.0,28.397376445509508,6.260021989605836,26.625715427138314,21.69913552042557,37.32580589449706,20.752363688331958,3.116799166249059,20.563554722909913,17.518261398092655,25.362544940109835,0.12751801749680483,0.0617710819519361,0.08768422310912129,0.07720366184215936,0.21293303144825795,69.08,5.095468268471506,70.1375,63.5875,74.925,130.93800000000005,21.986997180151757,123.90500000000003,112.44500000000002,166.75000000000009
40g,compound,50,local_identity_shrinkage,V2,high_tail,5,25.0,7.516648189186454,28.0,17.0,33.0,78.5794318861569,11.492378056906315,77.58665551976019,63.64735854121081,95.69795929695951,48.53777143524222,7.090538030306618,45.42073175029057,41.98607851932378,60.22612725645678,0.7850478842854357,0.04588436443553877,0.7955842752855941,0.714386643600092,0.8349377651073883,69.08,5.095468268471506,70.1375,63.5875,74.925,130.93800000000005,21.986997180151757,123.90500000000003,112.44500000000002,166.75000000000009
40g,compound,50,conditional_EA,V1,low,5,43.0,5.049752469181039,40.0,39.0,49.0,13.76490735079093,3.5976215666393028,12.884829726293034,9.424756747228258,19.19216378363672,9.639732689185447,1.590625070807154,10.005971188786722,7.110619374854147,11.125198687263426,0.07961121802030258,0.02009191868502498,0.08608358650887121,0.05760906833618797,0.10056961626051734,40.8875,3.0310115885624738,41.975,36.9875,44.075,85.30200000000005,12.662849501593252,81.25000000000007,74.69500000000004,106.38000000000008
40g,compound,50,conditional_EA,V1,mid,5,31.4,5.727128425310541,31.0,24.0,40.0,14.057704564168386,3.5623145050314156,14.092425956998353,8.799699116362866,18.584573911662755,11.360151039701474,2.9128522372899264,11.569059822726048,6.938038569269309,14.905109728192025,0.06817102413376785,0.030364138155637585,0.0808740494163509,0.015826705571991534,0.09025122538628716,40.8875,3.0310115885624738,41.975,36.9875,44.075,85.30200000000005,12.662849501593252,81.25000000000007,74.69500000000004,106.38000000000008
40g,compound,50,conditional_EA,V1,high_tail,5,27.4,6.985699678629192,30.0,20.0,35.0,57.24560342463742,11.241473289772587,56.66005835000004,40.18236239840982,71.01684946905245,39.00406627509199,7.836251067262929,39.14431998536785,28.608956121370575,50.25220420076441,0.8522177578459296,0.026155082859118082,0.8569276712387569,0.8236651881048416,0.8894611492747879,40.8875,3.0310115885624738,41.975,36.9875,44.075,85.30200000000005,12.662849501593252,81.25000000000007,74.69500000000004,106.38000000000008
40g,compound,50,conditional_EA,V2,low,5,48.6,8.294576541331088,48.0,40.0,58.0,21.98589074733149,6.892933229593146,23.23110171681049,12.850508754881577,29.305104201920894,16.863987331170495,6.19332047463118,15.985277306010069,10.579397709879393,23.732624656467095,0.13010309151326588,0.05784235984687129,0.15229643178334965,0.03169868621295913,0.17051215157661603,69.08,5.095468268471506,70.1375,63.5875,74.925,130.93800000000005,21.986997180151757,123.90500000000003,112.44500000000002,166.75000000000009
40g,compound,50,conditional_EA,V2,mid,5,28.2,4.494441010848846,26.0,25.0,36.0,34.27686103422986,7.064099424069496,35.725872796292784,24.62488973384921,43.78236242664923,26.949348253127084,5.0723569506914075,26.502429781505597,20.353604648522733,34.44762984593524,0.1746794565861031,0.05921382114288108,0.14782615593210177,0.12020387397197356,0.25393152161467525,69.08,5.095468268471506,70.1375,63.5875,74.925,130.93800000000005,21.986997180151757,123.90500000000003,112.44500000000002,166.75000000000009
40g,compound,50,conditional_EA,V2,high_tail,5,25.0,7.516648189186454,28.0,17.0,33.0,74.38112715155405,9.041958840477937,75.5156565748841,62.327083450860314,87.15547081295246,48.06546365723444,6.861309387334207,45.51152887537414,42.37305529477356,59.89429433574063,0.6952174519006311,0.06445853324688894,0.6996958495711514,0.593772046601975,0.7533929477612371,69.08,5.095468268471506,70.1375,63.5875,74.925,130.93800000000005,21.986997180151757,123.90500000000003,112.44500000000002,166.75000000000009
40g,compound,50,standard_shallow_finetune,V1,low,5,43.0,5.049752469181039,40.0,39.0,49.0,18.384349561746877,4.986209243072546,16.447888218769414,12.963656610684078,23.746349743396376,11.313883818850078,2.7499193072022963,10.343391615384617,9.38777805,16.172507270833332,0.10870370384270911,0.055362053872639753,0.11644648275889119,0.04234589055480138,0.18034888170793847,40.8875,3.0310115885624738,41.975,36.9875,44.075,85.30200000000005,12.662849501593252,81.25000000000007,74.69500000000004,106.38000000000008
40g,compound,50,standard_shallow_finetune,V1,mid,5,31.4,5.727128425310541,31.0,24.0,40.0,24.287820530521024,9.562152802040858,19.73216398621165,16.551225515398563,39.7663230140724,18.13698795651882,5.452883185254792,16.47154253125,13.374282299999999,26.974364708333336,0.1371355659840454,0.08894099293260549,0.08405627228689547,0.06445427318309065,0.23907730718059086,40.8875,3.0310115885624738,41.975,36.9875,44.075,85.30200000000005,12.662849501593252,81.25000000000007,74.69500000000004,106.38000000000008
40g,compound,50,standard_shallow_finetune,V1,high_tail,5,27.4,6.985699678629192,30.0,20.0,35.0,63.55701485917306,7.110225293165772,60.236166714653834,56.26469950196525,73.83613975799108,43.53171328244048,3.2719672807534237,43.950625466666665,39.3152276,48.206826,0.7541607301732456,0.0801801495197325,0.735594846005166,0.654301821097462,0.8648798702264329,40.8875,3.0310115885624738,41.975,36.9875,44.075,85.30200000000005,12.662849501593252,81.25000000000007,74.69500000000004,106.38000000000008
40g,compound,50,standard_shallow_finetune,V2,low,5,48.6,8.294576541331088,48.0,40.0,58.0,22.957415904929164,7.438786499910302,22.003354692611925,13.033227722137624,33.49581454117878,16.0473821504022,5.097953955108662,14.660177850000002,9.548787414634146,23.320108603448276,0.12619822673939524,0.10024071680852768,0.0933659933118205,0.023844789199698638,0.26252911863181255,69.08,5.095468268471506,70.1375,63.5875,74.925,130.93800000000005,21.986997180151757,123.90500000000003,112.44500000000002,166.75000000000009
40g,compound,50,standard_shallow_finetune,V2,mid,5,28.2,4.494441010848846,26.0,25.0,36.0,38.8583266320064,12.29489699985371,43.07806646536744,22.423863120672966,52.77160972424955,26.395161739567765,4.971964567004861,28.877819833333334,18.174151321428575,29.95143303846154,0.17951535521488324,0.0976940909072774,0.22898108410374163,0.0565651032536877,0.26133073177052835,69.08,5.095468268471506,70.1375,63.5875,74.925,130.93800000000005,21.986997180151757,123.90500000000003,112.44500000000002,166.75000000000009
40g,compound,50,standard_shallow_finetune,V2,high_tail,5,25.0,7.516648189186454,28.0,17.0,33.0,85.44367700957504,7.774126939114511,86.51165809680474,76.73311933810203,97.01069472694917,60.176179123745854,9.36218180393998,61.70782360714286,49.81240852941177,73.90170058823527,0.6942864180457216,0.11271845409668706,0.7162870780751257,0.5421498734969599,0.8500689034344917,69.08,5.095468268471506,70.1375,63.5875,74.925,130.93800000000005,21.986997180151757,123.90500000000003,112.44500000000002,166.75000000000009
40g,compound,50,paper_style_current_v2,V1,low,5,43.0,5.049752469181039,40.0,39.0,49.0,18.155793410205348,4.869724594518425,16.344091457244453,12.84351194720465,23.73564058931248,11.113718889569597,2.553597610989384,10.236831923076924,9.324490525,15.626991270833335,0.10646087573121835,0.0529632592921505,0.114843634230656,0.04166116627673499,0.17210340583617,40.8875,3.0310115885624738,41.975,36.9875,44.075,85.30200000000005,12.662849501593252,81.25000000000007,74.69500000000004,106.38000000000008
40g,compound,50,paper_style_current_v2,V1,mid,5,31.4,5.727128425310541,31.0,24.0,40.0,24.249600569264658,9.542527324681513,19.85824190315288,16.442406118505662,39.70454864354108,18.080600693212364,5.450999685296104,16.462186593749998,13.289694075,26.913210750000005,0.1374893602766511,0.08877720469203597,0.08653193633669251,0.06414976268762879,0.23888870305184154,40.8875,3.0310115885624738,41.975,36.9875,44.075,85.30200000000005,12.662849501593252,81.25000000000007,74.69500000000004,106.38000000000008
40g,compound,50,paper_style_current_v2,V1,high_tail,5,27.4,6.985699678629192,30.0,20.0,35.0,63.42517123022343,7.032027524325637,60.27021714640636,56.055375950111745,73.52389672172453,43.40654626839286,3.08839684875869,43.86251579999999,39.281799400000004,47.66249109999999,0.7560497639921306,0.07980390928331549,0.7413646578271376,0.6555762598225627,0.8659087544667532,40.8875,3.0310115885624738,41.975,36.9875,44.075,85.30200000000005,12.662849501593252,81.25000000000007,74.69500000000004,106.38000000000008
40g,compound,50,paper_style_current_v2,V2,low,5,48.6,8.294576541331088,48.0,40.0,58.0,22.615616888202705,7.104726142589793,21.83098459927966,12.881883596851047,32.43270138391726,15.831336810241499,4.951713980317456,14.660385524999999,9.381321902439023,22.795020534482763,0.12324376956819054,0.09635431858863389,0.09252685775833507,0.02325897043576648,0.2513699923642147,69.08,5.095468268471506,70.1375,63.5875,74.925,130.93800000000005,21.986997180151757,123.90500000000003,112.44500000000002,166.75000000000009
40g,compound,50,paper_style_current_v2,V2,mid,5,28.2,4.494441010848846,26.0,25.0,36.0,38.797123073275316,12.303766985830888,43.03120643098756,22.244019915736565,52.60246435839395,26.357473830783885,5.040970584162908,28.848355666666667,18.015754285714284,30.055826846153845,0.1801757627815027,0.09776390392276647,0.22839645673286638,0.056035662585891904,0.2633650250396346,69.08,5.095468268471506,70.1375,63.5875,74.925,130.93800000000005,21.986997180151757,123.90500000000003,112.44500000000002,166.75000000000009
40g,compound,50,paper_style_current_v2,V2,high_tail,5,25.0,7.516648189186454,28.0,17.0,33.0,85.249826445029,7.783240194924441,86.60192497225162,76.35569492276672,96.6575258888697,59.96434352228164,9.206713422180304,61.741342499999995,49.53619917647059,73.17195764705882,0.6965804676503067,0.11232580397720371,0.7169879955293987,0.5421874954154638,0.8514374796557729,69.08,5.095468268471506,70.1375,63.5875,74.925,130.93800000000005,21.986997180151757,123.90500000000003,112.44500000000002,166.75000000000009
40g,compound,70,zero_shot,V1,low,5,43.2,6.723094525588644,41.0,37.0,54.0,27.5986927875792,1.7281283557501101,27.810937154520843,25.49675445137721,29.80754900792363,27.210386821205436,1.5837293080074155,27.468757458536587,25.30313832162162,29.220883035555552,0.039699596100546325,0.010432746750090406,0.04405907981351506,0.028235253795789863,0.05026771302538357,41.802499999999995,5.143187241390305,39.0875,36.3,47.325,98.35900000000004,18.83487005529903,101.38000000000005,80.39000000000001,126.04
40g,compound,70,zero_shot,V1,mid,5,37.0,5.049752469181039,37.0,31.0,42.0,58.791892127810925,9.323673058105568,58.03815082389853,48.84696679450875,71.79039517899827,56.70901074708776,8.736129303163427,55.69843985238094,47.04194320238095,68.52914948387098,0.14908888979261228,0.024225689741003916,0.15105452004807615,0.1176371951543327,0.1822236547209119,41.802499999999995,5.143187241390305,39.0875,36.3,47.325,98.35900000000004,18.83487005529903,101.38000000000005,80.39000000000001,126.04
40g,compound,70,zero_shot,V1,high_tail,5,21.6,5.770615218501403,21.0,15.0,30.0,181.52106957130434,21.944833797516946,178.89780460136322,155.73658730969598,211.80724891650635,169.23058527406351,23.583313102497172,167.98409915,143.04365508333336,202.75274479333333,0.8112115141068413,0.03235331696532857,0.8198543550157479,0.7675086322537045,0.8541275510498776,41.802499999999995,5.143187241390305,39.0875,36.3,47.325,98.35900000000004,18.83487005529903,101.38000000000005,80.39000000000001,126.04
40g,compound,70,zero_shot,V2,low,5,46.8,8.07465169527454,46.0,36.0,58.0,41.659291056000804,3.6866922880786825,41.812399418265414,35.87128888296483,46.04777681601156,40.89522018904991,3.4571809877333184,41.024362858,35.45557314999999,45.01767328913044,0.05323259750754452,0.01506952178925925,0.0577057066363685,0.030691197095237984,0.06642846432014377,67.92750000000001,7.722260841230371,68.125,55.725,75.2125,141.685,25.167459893680174,142.485,118.61500000000004,180.91000000000003
40g,compound,70,zero_shot,V2,mid,5,33.0,6.892024376045111,31.0,25.0,42.0,79.97811541188415,9.645023213303439,82.1732790734612,66.00793472479359,90.06815435650529,78.07700933258211,9.51811868838722,79.97102657894737,64.01295521428571,87.63072366,0.1322659119935591,0.013849165204120452,0.126106396112736,0.12124363379121815,0.1540334061928921,67.92750000000001,7.722260841230371,68.125,55.725,75.2125,141.685,25.167459893680174,142.485,118.61500000000004,180.91000000000003
40g,compound,70,zero_shot,V2,high_tail,5,22.0,5.477225575051661,20.0,17.0,31.0,244.12369605484992,29.166677830629308,240.73401893449235,203.20064595149387,276.38224531059893,226.42739241190083,29.172268568139902,226.41657465217386,187.04688161290323,260.0128876470588,0.8145014904988963,0.0192823304724379,0.8074651395671203,0.8001526648080337,0.848065169113544,67.92750000000001,7.722260841230371,68.125,55.725,75.2125,141.685,25.167459893680174,142.485,118.61500000000004,180.91000000000003
40g,compound,70,scale_only,V1,low,5,43.2,6.723094525588644,41.0,37.0,54.0,24.859850218042396,3.9599671640201928,25.26120019996444,20.828559440187597,29.80299674182044,22.009143103710056,4.281586159575147,23.261479081900365,17.040993428677368,26.335604632586755,0.21914326001470408,0.08559328460014973,0.21546105549668157,0.11154858166204294,0.3492563138562718,41.802499999999995,5.143187241390305,39.0875,36.3,47.325,98.35900000000004,18.83487005529903,101.38000000000005,80.39000000000001,126.04
40g,compound,70,scale_only,V1,mid,5,37.0,5.049752469181039,37.0,31.0,42.0,17.581606532151888,4.320635401266853,15.875641291413075,13.583388845417192,24.21670433313674,14.721627015093702,3.8281983832275466,13.249953748815921,11.043661153234607,20.843408608373323,0.09604980746106637,0.058331836442608496,0.07356236885677205,0.056737540304705555,0.1994132162852133,41.802499999999995,5.143187241390305,39.0875,36.3,47.325,98.35900000000004,18.83487005529903,101.38000000000005,80.39000000000001,126.04
40g,compound,70,scale_only,V1,high_tail,5,21.6,5.770615218501403,21.0,15.0,30.0,64.55541068697474,13.126120415765092,62.51967090039223,49.329431999616574,83.84697301052645,47.79622325720229,10.351272977930659,42.70614226249346,39.92740244976527,65.27019298677747,0.6848069325242295,0.13774238587722468,0.727801404198613,0.4513304698585149,0.814889049481185,41.802499999999995,5.143187241390305,39.0875,36.3,47.325,98.35900000000004,18.83487005529903,101.38000000000005,80.39000000000001,126.04
40g,compound,70,scale_only,V2,low,5,46.8,8.07465169527454,46.0,36.0,58.0,28.13912130788649,3.8523122337194518,28.62042242858,22.669118650273674,33.45779971428906,23.769744821888743,4.526090740775454,25.003693778436027,15.960587198438922,27.76683475034627,0.20204722014599472,0.08758248758629676,0.16372828976997253,0.12751307484771046,0.3396053268241925,67.92750000000001,7.722260841230371,68.125,55.725,75.2125,141.685,25.167459893680174,142.485,118.61500000000004,180.91000000000003
40g,compound,70,scale_only,V2,mid,5,33.0,6.892024376045111,31.0,25.0,42.0,28.78774595053819,6.642460808010986,26.96941220752908,21.031944620989464,36.131796844329486,22.682250236851278,5.671374541705974,22.159359768176884,16.498374908307266,29.946708623613066,0.15023548186846133,0.0788138859344762,0.10966060085348027,0.0817412560642731,0.25365036857019435,67.92750000000001,7.722260841230371,68.125,55.725,75.2125,141.685,25.167459893680174,142.485,118.61500000000004,180.91000000000003
40g,compound,70,scale_only,V2,high_tail,5,22.0,5.477225575051661,20.0,17.0,31.0,75.72794847048267,11.744271521525029,76.94513463275777,56.97351127352451,89.10190713384513,49.46867389105396,5.465158587015416,48.86754552217269,43.403320117061874,58.32091954601829,0.6477172979855441,0.14437887818930728,0.6726123709698314,0.4067443046056132,0.762826324298809,67.92750000000001,7.722260841230371,68.125,55.725,75.2125,141.685,25.167459893680174,142.485,118.61500000000004,180.91000000000003
40g,compound,70,affine,V1,low,5,43.2,6.723094525588644,41.0,37.0,54.0,16.64926090714258,4.277321640651265,14.328487448961036,13.73488215978544,23.914501251368687,12.089001675654957,2.924236722418999,11.688437849300833,8.258507234424338,16.440459731060105,0.09471725800184003,0.027262373705518674,0.08615206824368307,0.07642644936239863,0.1424942767340311,41.802499999999995,5.143187241390305,39.0875,36.3,47.325,98.35900000000004,18.83487005529903,101.38000000000005,80.39000000000001,126.04
40g,compound,70,affine,V1,mid,5,37.0,5.049752469181039,37.0,31.0,42.0,16.426615246796167,4.278108249551177,15.005230865990153,12.77029053394874,23.253221231365746,12.699659063877409,3.238647314841373,11.836521348753363,9.859653522584209,17.99208968341119,0.0844148225921201,0.046789219308484106,0.07012895860128818,0.047830437743611474,0.16639209347544315,41.802499999999995,5.143187241390305,39.0875,36.3,47.325,98.35900000000004,18.83487005529903,101.38000000000005,80.39000000000001,126.04
40g,compound,70,affine,V1,high_tail,5,21.6,5.770615218501403,21.0,15.0,30.0,69.99860213041823,11.386517624335186,66.7314047478046,58.66474116692599,88.23569144004394,52.605076296841766,10.897638074521215,52.239321006875876,41.921976043269254,67.86785495700353,0.8208679194060398,0.04485333434654867,0.8399776341322367,0.7474558382808739,0.8569843193456781,41.802499999999995,5.143187241390305,39.0875,36.3,47.325,98.35900000000004,18.83487005529903,101.38000000000005,80.39000000000001,126.04
40g,compound,70,affine,V2,low,5,46.8,8.07465169527454,46.0,36.0,58.0,19.076572212799363,4.177164783985886,18.696609423585244,13.334913741620838,24.192665203774087,13.31487256556748,3.415069324974571,13.103710980104513,10.472218073476554,18.82772453599446,0.10495088705653051,0.060237716866171714,0.12493684811168558,0.03712139787324888,0.179350421608166,67.92750000000001,7.722260841230371,68.125,55.725,75.2125,141.685,25.167459893680174,142.485,118.61500000000004,180.91000000000003
40g,compound,70,affine,V2,mid,5,33.0,6.892024376045111,31.0,25.0,42.0,26.88703429920422,6.325684858270189,25.312607065912676,20.3691823669336,35.18499606298095,20.443862672618106,4.32586573288676,21.124150519921095,15.937825249772843,25.075141992335517,0.13703666748815518,0.07128216775136414,0.09197272739445995,0.07790519226878177,0.223197761246977,67.92750000000001,7.722260841230371,68.125,55.725,75.2125,141.685,25.167459893680174,142.485,118.61500000000004,180.91000000000003
40g,compound,70,affine,V2,high_tail,5,22.0,5.477225575051661,20.0,17.0,31.0,80.4186037806614,10.691872051533956,78.1739945173505,69.68082688289802,97.61548179810421,50.96205593143462,6.489131081553462,49.08058156546082,44.07911844742863,61.581389852459324,0.7580124454553143,0.0907691850949452,0.787841703062975,0.6145501539338725,0.8589346095842311,67.92750000000001,7.722260841230371,68.125,55.725,75.2125,141.685,25.167459893680174,142.485,118.61500000000004,180.91000000000003
40g,compound,70,target_head_only,V1,low,5,43.2,6.723094525588644,41.0,37.0,54.0,15.110206547345403,1.956848202622938,16.099233690970276,12.51465424918227,16.800263723049778,14.214798866124209,2.0117144860737426,15.224905055555555,11.604770216216217,16.080360902439022,0.020201791114302863,0.007854240654806112,0.025595700078371968,0.010961827360790898,0.026484134680981323,41.802499999999995,5.143187241390305,39.0875,36.3,47.325,98.35900000000004,18.83487005529903,101.38000000000005,80.39000000000001,126.04
40g,compound,70,target_head_only,V1,mid,5,37.0,5.049752469181039,37.0,31.0,42.0,40.67151011693899,7.933799823055481,39.87686102877748,32.24755448602078,52.09616530192456,38.44012541786215,7.361275746598461,37.59783926190477,30.06636223809524,48.79180612903226,0.11750159526470312,0.02701904643504938,0.114909493259302,0.08262022696283332,0.1538636573468725,41.802499999999995,5.143187241390305,39.0875,36.3,47.325,98.35900000000004,18.83487005529903,101.38000000000005,80.39000000000001,126.04
40g,compound,70,target_head_only,V1,high_tail,5,21.6,5.770615218501403,21.0,15.0,30.0,145.95952255305696,18.165080514291667,145.3857214813474,126.38102078894873,172.95096802711663,133.85603118706348,20.2519188122925,134.27213320833332,113.08522866666665,164.2497889333333,0.8622966136209941,0.032542535995419904,0.8691309735686493,0.8205406425747556,0.9064179456763758,41.802499999999995,5.143187241390305,39.0875,36.3,47.325,98.35900000000004,18.83487005529903,101.38000000000005,80.39000000000001,126.04
40g,compound,70,target_head_only,V2,low,5,46.8,8.07465169527454,46.0,36.0,58.0,28.621950185488004,3.7102106226161657,29.728795152955808,22.482597650883093,32.37986655491203,27.53186184335804,3.6168834367045775,28.679253069999994,21.52049275,31.162511891304348,0.03708046730152426,0.012917365121368464,0.041942310617065534,0.017460563624696862,0.048675887244362864,67.92750000000001,7.722260841230371,68.125,55.725,75.2125,141.685,25.167459893680174,142.485,118.61500000000004,180.91000000000003
40g,compound,70,target_head_only,V2,mid,5,33.0,6.892024376045111,31.0,25.0,42.0,60.76303958013007,8.228252547488372,61.97951703195702,49.063047100731566,69.89737033112479,58.70626044310628,8.15964173831742,59.4012342631579,46.797384119047614,67.39655084,0.11051064649165591,0.012050228236276645,0.10827105749419645,0.09701102766944922,0.12652404980102305,67.92750000000001,7.722260841230371,68.125,55.725,75.2125,141.685,25.167459893680174,142.485,118.61500000000004,180.91000000000003
40g,compound,70,target_head_only,V2,high_tail,5,22.0,5.477225575051661,20.0,17.0,31.0,207.3392189683137,25.157760389110614,205.58195075246016,172.5396893521636,236.84599622868518,190.24350694890956,25.704071983506505,191.45928982608694,156.37608135483867,221.59447552941177,0.8524088862068198,0.018864417840361785,0.8453405698779696,0.8394043502453257,0.8855284087058537,67.92750000000001,7.722260841230371,68.125,55.725,75.2125,141.685,25.167459893680174,142.485,118.61500000000004,180.91000000000003
40g,compound,70,local_identity_shrinkage,V1,low,5,43.2,6.723094525588644,41.0,37.0,54.0,16.649261213725293,4.27732160420269,14.328487850160219,13.734883091363134,23.914501803451042,12.089001899279824,2.924236598149363,11.688438177163375,8.258507906478057,16.440460068776257,0.09471726208409445,0.02726237682376928,0.0861520733471922,0.07642644517064262,0.14249428512258752,41.802499999999995,5.143187241390305,39.0875,36.3,47.325,98.35900000000004,18.83487005529903,101.38000000000005,80.39000000000001,126.04
40g,compound,70,local_identity_shrinkage,V1,mid,5,37.0,5.049752469181039,37.0,31.0,42.0,16.426615446053233,4.278108103826838,15.005231175020104,12.770290966190824,23.25322101713059,12.699659183708755,3.2386473187323968,11.836521502469797,9.859653688342059,17.992089687394913,0.08441482408339684,0.04678921738934414,0.0701289597288321,0.047830437755164594,0.16639209094826155,41.802499999999995,5.143187241390305,39.0875,36.3,47.325,98.35900000000004,18.83487005529903,101.38000000000005,80.39000000000001,126.04
40g,compound,70,local_identity_shrinkage,V1,high_tail,5,21.6,5.770615218501403,21.0,15.0,30.0,69.99860190134936,11.386517081443433,66.73140452475614,58.66474237780058,88.23569072055443,52.60507579681966,10.897637300509865,52.23931999639854,41.92197727299016,67.86785346818674,0.8208679138325088,0.04485333366433367,0.8399776254505399,0.7474558357045465,0.856984319573884,41.802499999999995,5.143187241390305,39.0875,36.3,47.325,98.35900000000004,18.83487005529903,101.38000000000005,80.39000000000001,126.04
40g,compound,70,local_identity_shrinkage,V2,low,5,46.8,8.07465169527454,46.0,36.0,58.0,19.07657194819429,4.17716454288062,18.696609185588834,13.334914098508689,24.192665159040278,13.314872406279957,3.415068888386479,13.103710829060585,10.472218127360437,18.827723800711702,0.10495088861885497,0.06023772101924031,0.12493684624026422,0.03712140008017681,0.17935043948679164,67.92750000000001,7.722260841230371,68.125,55.725,75.2125,141.685,25.167459893680174,142.485,118.61500000000004,180.91000000000003
40g,compound,70,local_identity_shrinkage,V2,mid,5,33.0,6.892024376045111,31.0,25.0,42.0,26.887034742984337,6.32568481989842,25.31260687117911,20.36918299860767,35.18499675568678,20.44386305422675,4.325865608213082,21.124150726841517,15.937826041291322,25.07514262816554,0.13703667744284725,0.07128217422805093,0.09197273552373005,0.077905192947832,0.22319777135780755,67.92750000000001,7.722260841230371,68.125,55.725,75.2125,141.685,25.167459893680174,142.485,118.61500000000004,180.91000000000003
40g,compound,70,local_identity_shrinkage,V2,high_tail,5,22.0,5.477225575051661,20.0,17.0,31.0,80.41860198193763,10.691873366308439,78.17399375127194,69.68082087170124,97.61548110592048,50.962053815443575,6.4891307389693,49.08057975157176,44.07911715958555,61.58138790050562,0.7580124339382979,0.09076920104827886,0.7878417108790063,0.6145501114367377,0.8589346033623895,67.92750000000001,7.722260841230371,68.125,55.725,75.2125,141.685,25.167459893680174,142.485,118.61500000000004,180.91000000000003
40g,compound,70,conditional_EA,V1,low,5,43.2,6.723094525588644,41.0,37.0,54.0,14.454857307671375,4.819778943794729,12.442353693205956,10.143805012544059,22.496458367416782,10.611360454253113,3.226966546795194,10.062115207726269,6.869242093253094,15.250878143546489,0.08014807483241435,0.03541650908159892,0.0700967988575258,0.04638065394178523,0.13368463502582362,41.802499999999995,5.143187241390305,39.0875,36.3,47.325,98.35900000000004,18.83487005529903,101.38000000000005,80.39000000000001,126.04
40g,compound,70,conditional_EA,V1,mid,5,37.0,5.049752469181039,37.0,31.0,42.0,16.198682605504928,5.054938344694754,13.633574007942485,12.208531980533373,24.395268708129496,12.507075225523394,3.5802757723345753,10.861709554321822,9.841783629898268,18.38359082366678,0.09407813293061948,0.06489705004579142,0.07678929066601174,0.04239989333233715,0.20700627304521035,41.802499999999995,5.143187241390305,39.0875,36.3,47.325,98.35900000000004,18.83487005529903,101.38000000000005,80.39000000000001,126.04
40g,compound,70,conditional_EA,V1,high_tail,5,21.6,5.770615218501403,21.0,15.0,30.0,66.72292453085413,10.925558983494614,61.72665741571465,56.43967890484936,83.71094138342522,49.81753080009314,10.802134991501937,50.45579763902703,39.43236349952751,65.12452807252878,0.8257737922369662,0.06376898495223494,0.827152985465249,0.722896928097264,0.8904074541751342,41.802499999999995,5.143187241390305,39.0875,36.3,47.325,98.35900000000004,18.83487005529903,101.38000000000005,80.39000000000001,126.04
40g,compound,70,conditional_EA,V2,low,5,46.8,8.07465169527454,46.0,36.0,58.0,23.024383774600444,4.751104383213186,22.90477975291534,15.455593655297074,27.604001261020702,16.28422196101969,4.65134613844278,15.599612264382664,10.937480588069432,22.521343746066602,0.13559438448064523,0.048596305946381084,0.12133058176275065,0.0907749230086848,0.20256366131827996,67.92750000000001,7.722260841230371,68.125,55.725,75.2125,141.685,25.167459893680174,142.485,118.61500000000004,180.91000000000003
40g,compound,70,conditional_EA,V2,mid,5,33.0,6.892024376045111,31.0,25.0,42.0,31.86027319483609,8.358426802647747,29.882300339451277,22.78267266652849,45.596863086095276,25.004640956886085,5.61710449140386,23.873781152625114,19.087172463894717,34.16386587743726,0.18475625600982953,0.08716326720459328,0.16572154687695606,0.11440153227061396,0.3307743955041877,67.92750000000001,7.722260841230371,68.125,55.725,75.2125,141.685,25.167459893680174,142.485,118.61500000000004,180.91000000000003
40g,compound,70,conditional_EA,V2,high_tail,5,22.0,5.477225575051661,20.0,17.0,31.0,75.94856754046842,6.448055300390083,72.31162357516693,71.37784093279524,86.70900647448924,49.38288241243852,6.526850133396814,51.40405767940097,42.649854980438235,58.151398273667446,0.6796493595095254,0.08852307448695773,0.7078503814478271,0.5744400979144673,0.7948235447207014,67.92750000000001,7.722260841230371,68.125,55.725,75.2125,141.685,25.167459893680174,142.485,118.61500000000004,180.91000000000003
40g,compound,70,standard_shallow_finetune,V1,low,5,43.2,6.723094525588644,41.0,37.0,54.0,17.776658800575092,4.13891206861957,17.301114003015503,12.207824312885675,23.537740560801453,11.04127270063606,1.716343015808904,10.965589216216216,9.286436609756098,13.577373870370373,0.09188763951290264,0.03176480115320029,0.07439334672263939,0.06583195939808831,0.13715828987956538,41.802499999999995,5.143187241390305,39.0875,36.3,47.325,98.35900000000004,18.83487005529903,101.38000000000005,80.39000000000001,126.04
40g,compound,70,standard_shallow_finetune,V1,mid,5,37.0,5.049752469181039,37.0,31.0,42.0,29.08996843110769,14.181973832662704,25.279398341048243,19.590369690668236,53.90267003688877,19.920135007035103,8.062774402659157,17.620806714285713,13.822720594594596,33.890890242424234,0.21956167581983216,0.17903753863532337,0.1459388777329053,0.10827265604721553,0.5377441266548217,41.802499999999995,5.143187241390305,39.0875,36.3,47.325,98.35900000000004,18.83487005529903,101.38000000000005,80.39000000000001,126.04
40g,compound,70,standard_shallow_finetune,V1,high_tail,5,21.6,5.770615218501403,21.0,15.0,30.0,69.05680923174206,10.849799882788497,63.68644925864119,58.30589721031057,83.9021342133881,48.07341978071429,6.545945477192783,49.39494033333334,40.6103739,56.69300053333333,0.6885506846672651,0.1689393312543304,0.7457586694711857,0.393590923430636,0.8173339972301448,41.802499999999995,5.143187241390305,39.0875,36.3,47.325,98.35900000000004,18.83487005529903,101.38000000000005,80.39000000000001,126.04
40g,compound,70,standard_shallow_finetune,V2,low,5,46.8,8.07465169527454,46.0,36.0,58.0,22.168005686477038,7.235646245993657,24.58557986310315,11.463954495332674,28.710797704692272,15.132837789209395,4.236082513770003,15.482530833333335,8.9703455,19.566708137931034,0.1003385351735118,0.060402181408159276,0.10248763557936577,0.01724608899572556,0.18751652346415182,67.92750000000001,7.722260841230371,68.125,55.725,75.2125,141.685,25.167459893680174,142.485,118.61500000000004,180.91000000000003
40g,compound,70,standard_shallow_finetune,V2,mid,5,33.0,6.892024376045111,31.0,25.0,42.0,41.68271684818221,17.983856980981376,34.95179686003168,24.3000835711353,70.13320221568382,27.306430860998397,6.479991120591812,27.86895044,20.371256428571428,36.05934329032257,0.21410486481661573,0.12341870653632224,0.15735168039484856,0.1173174107755552,0.41212803217737726,67.92750000000001,7.722260841230371,68.125,55.725,75.2125,141.685,25.167459893680174,142.485,118.61500000000004,180.91000000000003
40g,compound,70,standard_shallow_finetune,V2,high_tail,5,22.0,5.477225575051661,20.0,17.0,31.0,90.80758226254547,12.466277988964112,97.21975322329291,72.92013834124312,102.95554795862442,64.67230482508782,11.122088287887333,69.77067658823528,48.553427419354826,76.69069105263156,0.6855566000098725,0.11722808359854575,0.7271037493934142,0.48538433224325706,0.7797480660668197,67.92750000000001,7.722260841230371,68.125,55.725,75.2125,141.685,25.167459893680174,142.485,118.61500000000004,180.91000000000003
40g,compound,70,paper_style_current_v2,V1,low,5,43.2,6.723094525588644,41.0,37.0,54.0,17.19338585570055,5.0531781080721245,17.157550900790085,9.660931660037077,23.589073979751806,10.545470928636139,2.3200861865711015,10.856808243243242,7.217308951219511,13.44183861111111,0.08784856964679687,0.03671400368439599,0.07372281359920645,0.046120866424922156,0.1359801088157599,41.802499999999995,5.143187241390305,39.0875,36.3,47.325,98.35900000000004,18.83487005529903,101.38000000000005,80.39000000000001,126.04
40g,compound,70,paper_style_current_v2,V1,mid,5,37.0,5.049752469181039,37.0,31.0,42.0,28.36880371234547,14.61001972877078,24.96846263005368,17.530332595280758,53.68310688284615,19.58821869848881,8.331296185899467,17.505647547619045,12.493918594594597,33.84351066666667,0.21313296420960107,0.18105960198228396,0.13900611448471067,0.10773421398033317,0.5359629177974514,41.802499999999995,5.143187241390305,39.0875,36.3,47.325,98.35900000000004,18.83487005529903,101.38000000000005,80.39000000000001,126.04
40g,compound,70,paper_style_current_v2,V1,high_tail,5,21.6,5.770615218501403,21.0,15.0,30.0,68.5624756921842,11.050072590058733,63.49146118628119,56.80936947691353,83.53862854237524,47.538977202380956,6.824225788003009,49.3794375,40.50601200000002,56.319877333333324,0.699018466143602,0.1751022437634444,0.7457846220083681,0.39582728631537367,0.8185429724204604,41.802499999999995,5.143187241390305,39.0875,36.3,47.325,98.35900000000004,18.83487005529903,101.38000000000005,80.39000000000001,126.04
40g,compound,70,paper_style_current_v2,V2,low,5,46.8,8.07465169527454,46.0,36.0,58.0,21.19879313990009,7.862614556821266,24.357787844219324,11.244325576848174,28.51239922594112,14.47402305541308,4.66255583392952,15.316949694444446,8.756591295454543,19.37910177586207,0.09403713784297477,0.06205501884867863,0.10180258274733171,0.016810431242089068,0.18568985290676668,67.92750000000001,7.722260841230371,68.125,55.725,75.2125,141.685,25.167459893680174,142.485,118.61500000000004,180.91000000000003
40g,compound,70,paper_style_current_v2,V2,mid,5,33.0,6.892024376045111,31.0,25.0,42.0,41.15188754625679,18.059763503070926,34.76668443305686,24.125214759440553,69.72244498096404,27.270322009091416,6.418293599157209,27.729020000000002,20.201236119047618,36.05214193548387,0.21410927679667896,0.12221982222012368,0.16062568715952602,0.1168301376856299,0.41024221492196516,67.92750000000001,7.722260841230371,68.125,55.725,75.2125,141.685,25.167459893680174,142.485,118.61500000000004,180.91000000000003
40g,compound,70,paper_style_current_v2,V2,high_tail,5,22.0,5.477225575051661,20.0,17.0,31.0,89.828243180854,12.947183382393085,97.12844969530883,72.60858842664558,102.40240194293031,63.74128600270709,11.501660431880518,69.19643739130436,48.40176296774194,76.5475547368421,0.6918535853603462,0.12036121233461348,0.7287985119392583,0.4879552023307031,0.7810896864297733,67.92750000000001,7.722260841230371,68.125,55.725,75.2125,141.685,25.167459893680174,142.485,118.61500000000004,180.91000000000003
40g,compound,100,zero_shot,V1,low,5,45.8,5.674504383644443,44.0,40.0,54.0,28.141987323250174,1.3217599675655123,28.568832853721954,25.97158199102616,29.447226226837248,27.707208598334194,1.1885603510967413,28.083371485185186,25.7480318875,28.913306172727268,0.04316058545037359,0.0069290720283963995,0.04495871960581783,0.03167210793777608,0.05026771302538357,43.19500000000001,3.7595773532406533,44.7,37.7,46.3,97.474,10.11706133222489,91.1,89.725,111.24499999999996
40g,compound,100,zero_shot,V1,mid,5,33.8,6.942621983083913,32.0,26.0,44.0,58.27742829125792,4.9644616270602455,59.40817846512981,52.68297244218071,63.240587344902885,56.688581353322704,5.044023203423999,58.085838716666665,51.359244070270265,61.63446745625,0.13358845237599576,0.01300806617059636,0.13664667522933524,0.11609247729077192,0.1477601669879645,43.19500000000001,3.7595773532406533,44.7,37.7,46.3,97.474,10.11706133222489,91.1,89.725,111.24499999999996
40g,compound,100,zero_shot,V1,high_tail,5,22.2,2.280350850198276,22.0,20.0,25.0,177.43061282597813,9.22189163542739,178.89780460136322,167.2157291049075,191.16969162140023,164.54256872207273,9.497595893199401,163.31432948636368,155.894385595,178.98431019499998,0.8232509621736307,0.008788524771531027,0.8205677250742595,0.811646913437549,0.8336398096838444,43.19500000000001,3.7595773532406533,44.7,37.7,46.3,97.474,10.11706133222489,91.1,89.725,111.24499999999996
40g,compound,100,zero_shot,V2,low,5,50.2,4.3817804600413295,49.0,45.0,57.0,42.653225988455134,2.237162504422605,42.56802670261512,39.44800213749275,45.63502671674237,41.80274867695938,2.1363589582462996,41.682089094736845,38.74738372244899,44.64400444,0.05873859841208921,0.007153308869283654,0.05550683858184435,0.050520014972965745,0.06799850162401022,70.2525,3.377781261419984,69.675,65.325,74.32499999999999,144.56900000000002,9.56736079073011,145.025,133.87499999999997,158.87499999999997
40g,compound,100,zero_shot,V2,mid,5,31.6,4.03732584763727,32.0,26.0,37.0,84.02496380308523,4.320254633100797,85.35954351646187,77.82441871337493,89.0877448155336,82.0097274890011,4.148348829867307,83.49399336363636,76.26134521666667,86.5504600576923,0.14261946627259786,0.013408765263657512,0.14009086340577656,0.1283109904858491,0.1641568364098897,70.2525,3.377781261419984,69.675,65.325,74.32499999999999,144.56900000000002,9.56736079073011,145.025,133.87499999999997,158.87499999999997
40g,compound,100,zero_shot,V2,high_tail,5,20.0,2.8284271247461903,19.0,17.0,23.0,250.90197292151908,20.39661042335677,242.86087058327814,227.01345547630436,276.38224531059893,234.22783994110767,19.102431225392557,226.41657465217386,214.3312013478261,260.0128876470588,0.7986419353153129,0.008652907717273808,0.8001526648080337,0.7853231486171448,0.8074651395671203,70.2525,3.377781261419984,69.675,65.325,74.32499999999999,144.56900000000002,9.56736079073011,145.025,133.87499999999997,158.87499999999997
40g,compound,100,scale_only,V1,low,5,45.8,5.674504383644443,44.0,40.0,54.0,25.08373951462325,2.2806549397595335,24.684391667353506,22.76370941465772,28.889398365324052,22.390706446365964,1.5555153370669696,22.065892355421436,20.687347917629012,24.853681949761704,0.24036103881054088,0.05078695722311744,0.25362934492250494,0.16614948138062016,0.299541840453838,43.19500000000001,3.7595773532406533,44.7,37.7,46.3,97.474,10.11706133222489,91.1,89.725,111.24499999999996
40g,compound,100,scale_only,V1,mid,5,33.8,6.942621983083913,32.0,26.0,44.0,16.859336356040373,1.6430226414913303,17.270784654779764,14.031569189436546,18.316867788507462,14.28662226051281,1.4532393692125511,14.54380734498325,11.815538934681209,15.638363586841225,0.08423685220353226,0.03438306125420378,0.09526090743706696,0.039074091340075154,0.11756123618575282,43.19500000000001,3.7595773532406533,44.7,37.7,46.3,97.474,10.11706133222489,91.1,89.725,111.24499999999996
40g,compound,100,scale_only,V1,high_tail,5,22.2,2.280350850198276,22.0,20.0,25.0,61.54920062101532,11.58851918199964,64.62507487759244,44.90815009394869,74.0511489308636,43.5455328927979,7.157292657074383,42.394933245036874,35.208949832515096,52.86798990013604,0.6754021089859268,0.06841609877473366,0.7072965637374199,0.582896923360409,0.738589611182313,43.19500000000001,3.7595773532406533,44.7,37.7,46.3,97.474,10.11706133222489,91.1,89.725,111.24499999999996
40g,compound,100,scale_only,V2,low,5,50.2,4.3817804600413295,49.0,45.0,57.0,28.501967141498888,1.8762494706198574,28.220357684592734,26.76532161331465,31.20988150678594,23.804753329604235,3.107874336661347,24.38893923928508,20.569033591771678,27.425069944517432,0.2222996684210031,0.02978936222397837,0.22656784693375961,0.18408228019774234,0.26319316266801257,70.2525,3.377781261419984,69.675,65.325,74.32499999999999,144.56900000000002,9.56736079073011,145.025,133.87499999999997,158.87499999999997
40g,compound,100,scale_only,V2,mid,5,31.6,4.03732584763727,32.0,26.0,37.0,28.420280706402856,4.38974578750827,26.85718025481349,25.695642376380654,36.1436131871097,22.28145547491844,2.701908137687422,21.099892803077662,20.510607154387042,27.060879538815602,0.14065227899714203,0.039967648029255363,0.13771130369237064,0.08632041658957997,0.18655708739496735,70.2525,3.377781261419984,69.675,65.325,74.32499999999999,144.56900000000002,9.56736079073011,145.025,133.87499999999997,158.87499999999997
40g,compound,100,scale_only,V2,high_tail,5,20.0,2.8284271247461903,19.0,17.0,23.0,77.35302120909317,10.993755825380688,79.51856388864613,60.5646954532592,89.98912431771659,50.58482709066901,5.77281174678415,48.340215638052776,45.569014543466125,59.27377808908581,0.6370480525818549,0.04766370256995943,0.6297781719302716,0.5653988119039842,0.6871117364766606,70.2525,3.377781261419984,69.675,65.325,74.32499999999999,144.56900000000002,9.56736079073011,145.025,133.87499999999997,158.87499999999997
40g,compound,100,affine,V1,low,5,45.8,5.674504383644443,44.0,40.0,54.0,17.25124169525222,3.9394782718140204,17.72490627010558,13.317519832447037,22.962037785511157,12.99778816599181,2.028066417877559,13.117762346346478,10.902645688300254,16.097522842816826,0.12215983890880508,0.041890950340865866,0.12814638630851516,0.06924981532353214,0.1652940137649262,43.19500000000001,3.7595773532406533,44.7,37.7,46.3,97.474,10.11706133222489,91.1,89.725,111.24499999999996
40g,compound,100,affine,V1,mid,5,33.8,6.942621983083913,32.0,26.0,44.0,15.341223740397362,1.0025580265907192,15.584286354591654,13.894924406115356,16.46197389908631,12.067421089756692,0.7234685908476001,12.42545067388809,11.135375810045382,12.861783296226594,0.07487127978025152,0.030417181685948962,0.08541602908565966,0.03952779113860793,0.11214227240375953,43.19500000000001,3.7595773532406533,44.7,37.7,46.3,97.474,10.11706133222489,91.1,89.725,111.24499999999996
40g,compound,100,affine,V1,high_tail,5,22.2,2.280350850198276,22.0,20.0,25.0,64.75965064785882,12.068079328789853,67.85472412438384,47.366995185813195,78.14114983165277,47.149731893264196,6.862567044461902,46.51504597894308,39.390041980679,56.06902279826659,0.8029688813109435,0.053302810476332514,0.795178195096466,0.7523790184953482,0.8830143185781191,43.19500000000001,3.7595773532406533,44.7,37.7,46.3,97.474,10.11706133222489,91.1,89.725,111.24499999999996
40g,compound,100,affine,V2,low,5,50.2,4.3817804600413295,49.0,45.0,57.0,19.79045133440605,1.9652506753873298,20.533781819628405,17.280352414178086,22.18592861554831,13.754821005272035,2.3031755224015575,13.195658438197341,11.734790035318097,17.328521564092508,0.12618525764091365,0.05601975652670965,0.12095585504271797,0.06854096985979759,0.18883329263162427,70.2525,3.377781261419984,69.675,65.325,74.32499999999999,144.56900000000002,9.56736079073011,145.025,133.87499999999997,158.87499999999997
40g,compound,100,affine,V2,mid,5,31.6,4.03732584763727,32.0,26.0,37.0,26.762024662810614,4.831779212223067,24.810439430263564,23.33327397499954,35.26635238596224,20.236000559543452,3.404174597396251,19.67782574949788,17.354492483574667,25.761133567151223,0.13762063527273694,0.046615274207594724,0.14084162732487468,0.07947773482783986,0.19225781414221513,70.2525,3.377781261419984,69.675,65.325,74.32499999999999,144.56900000000002,9.56736079073011,145.025,133.87499999999997,158.87499999999997
40g,compound,100,affine,V2,high_tail,5,20.0,2.8284271247461903,19.0,17.0,23.0,79.92116128158372,14.762679169149667,82.8310050114562,58.418849878351466,96.67089355160721,51.09948129558019,6.688126569971411,49.6986292694434,44.642582129445394,60.918998553584345,0.7361941070863496,0.07687738388245663,0.7392012159979873,0.6393765002374279,0.8213365420656653,70.2525,3.377781261419984,69.675,65.325,74.32499999999999,144.56900000000002,9.56736079073011,145.025,133.87499999999997,158.87499999999997
40g,compound,100,target_head_only,V1,low,5,45.8,5.674504383644443,44.0,40.0,54.0,15.579477551850612,1.4850814283904255,16.123389763520148,12.935125603457655,16.382112701865417,14.615902904229713,1.4631230639742152,15.196039592592593,12.021492425,15.57580601190476,0.0221106060721604,0.005393576476677691,0.024038154358710522,0.012707268518991127,0.02561282634129438,43.19500000000001,3.7595773532406533,44.7,37.7,46.3,97.474,10.11706133222489,91.1,89.725,111.24499999999996
40g,compound,100,target_head_only,V1,mid,5,33.8,6.942621983083913,32.0,26.0,44.0,39.733248900884966,4.292481069461384,40.294845484440394,34.69647291294443,44.10025440203531,38.03455610165177,4.336777923585082,38.82832483333333,33.46901937837838,42.43760638461539,0.1018287844351445,0.0061380133639363085,0.1044883546506472,0.0924891756331545,0.10817003960189084,43.19500000000001,3.7595773532406533,44.7,37.7,46.3,97.474,10.11706133222489,91.1,89.725,111.24499999999996
40g,compound,100,target_head_only,V1,high_tail,5,22.2,2.280350850198276,22.0,20.0,25.0,142.5322996602328,8.036349852661822,139.92184000650084,136.0909616878399,155.27396034148325,129.99891469539392,8.90354938718202,125.82286736363639,121.60608685000003,143.61936314999997,0.876060609492695,0.004893304823211691,0.876803592182327,0.8698988190080582,0.8819878992995452,43.19500000000001,3.7595773532406533,44.7,37.7,46.3,97.474,10.11706133222489,91.1,89.725,111.24499999999996
40g,compound,100,target_head_only,V2,low,5,50.2,4.3817804600413295,49.0,45.0,57.0,29.481646931454982,2.2070515932387758,29.684117531479316,25.99155827162307,32.058551041521305,28.274340120704842,2.245484284659084,28.508196614035086,24.66052169387755,30.804323155555558,0.04083622090356019,0.006295136870857248,0.04029492873515524,0.031837857483099516,0.04858659951802035,70.2525,3.377781261419984,69.675,65.325,74.32499999999999,144.56900000000002,9.56736079073011,145.025,133.87499999999997,158.87499999999997
40g,compound,100,target_head_only,V2,mid,5,31.6,4.03732584763727,32.0,26.0,37.0,64.01538959489757,4.018653434367177,64.46854368866035,58.21752492452072,69.07004779596402,61.84288558840791,3.8320224005762373,62.299825424242414,56.58966196666667,66.48450053846153,0.12015648819520311,0.011574945722271112,0.11897876008801618,0.10995262559133337,0.13923268038881967,70.2525,3.377781261419984,69.675,65.325,74.32499999999999,144.56900000000002,9.56736079073011,145.025,133.87499999999997,158.87499999999997
40g,compound,100,target_head_only,V2,high_tail,5,20.0,2.8284271247461903,19.0,17.0,23.0,213.35454091901357,17.347146511095378,205.74417069242077,193.57680175799808,236.87130799418406,197.23223767255797,16.717164065604905,191.29918299999997,180.9505703478261,221.6168520588235,0.8390072909012367,0.006198001533594433,0.8393999704563498,0.8289294621280808,0.845525249469806,70.2525,3.377781261419984,69.675,65.325,74.32499999999999,144.56900000000002,9.56736079073011,145.025,133.87499999999997,158.87499999999997
40g,compound,100,local_identity_shrinkage,V1,low,5,45.8,5.674504383644443,44.0,40.0,54.0,17.25124195469568,3.9394784709156894,17.72490550785858,13.317520084941442,22.962038517253927,12.997788344586755,2.028066576718614,13.117761923447949,10.902645894800965,16.097523456542724,0.12215984258963675,0.04189095509536175,0.12814638954465069,0.06924981844258493,0.16529402645687075,43.19500000000001,3.7595773532406533,44.7,37.7,46.3,97.474,10.11706133222489,91.1,89.725,111.24499999999996
40g,compound,100,local_identity_shrinkage,V1,mid,5,33.8,6.942621983083913,32.0,26.0,44.0,15.341223971278316,1.0025581226447104,15.584286510327633,13.894924138922065,16.461974264684038,12.067421281406094,0.7234685315254742,12.42545082594265,11.135375690106248,12.861783294642413,0.07487128214067613,0.030417183490787772,0.08541603439936198,0.03952779013420395,0.11214227395008078,43.19500000000001,3.7595773532406533,44.7,37.7,46.3,97.474,10.11706133222489,91.1,89.725,111.24499999999996
40g,compound,100,local_identity_shrinkage,V1,high_tail,5,22.2,2.280350850198276,22.0,20.0,25.0,64.75965050088658,12.068078858497145,67.85472355477327,47.36699518349842,78.14114939765723,47.149731753523255,6.862566429149587,46.51504530825586,39.39004170936451,56.06902227216585,0.8029688752696871,0.053302813256232054,0.7951781834089251,0.7523790074519443,0.8830143150579559,43.19500000000001,3.7595773532406533,44.7,37.7,46.3,97.474,10.11706133222489,91.1,89.725,111.24499999999996
40g,compound,100,local_identity_shrinkage,V2,low,5,50.2,4.3817804600413295,49.0,45.0,57.0,19.790451236721598,1.9652504466212217,20.53378095594168,17.280352886326156,22.185928377457248,13.75482094986936,2.3031749665888968,13.19565860599063,11.734790496861969,17.328520702825788,0.12618525943139375,0.056019759573711976,0.12095584738259879,0.06854097401946359,0.18883330832328293,70.2525,3.377781261419984,69.675,65.325,74.32499999999999,144.56900000000002,9.56736079073011,145.025,133.87499999999997,158.87499999999997
40g,compound,100,local_identity_shrinkage,V2,mid,5,31.6,4.03732584763727,32.0,26.0,37.0,26.76202514276697,4.831779136977289,24.8104401425429,23.333274816421028,35.2663527634069,20.236000942344027,3.404174598711669,19.677825910069938,17.35449296266658,25.761134046742868,0.1376206435972844,0.04661527797815493,0.14084163423235185,0.07947773599932552,0.19225781941939782,70.2525,3.377781261419984,69.675,65.325,74.32499999999999,144.56900000000002,9.56736079073011,145.025,133.87499999999997,158.87499999999997
40g,compound,100,local_identity_shrinkage,V2,high_tail,5,20.0,2.8284271247461903,19.0,17.0,23.0,79.92116008712128,14.76267999849828,82.83100423245637,58.41884677217454,96.67089293878973,51.09948022643964,6.688126499260941,49.69862747577551,44.642579646116154,60.91899666677506,0.7361940969713219,0.07687739551981425,0.7392012065611384,0.6393764637035358,0.8213365352854998,70.2525,3.377781261419984,69.675,65.325,74.32499999999999,144.56900000000002,9.56736079073011,145.025,133.87499999999997,158.87499999999997
40g,compound,100,conditional_EA,V1,low,5,45.8,5.674504383644443,44.0,40.0,54.0,14.997265392187378,3.649959342216076,14.20557255402267,11.967728987633512,21.316013211162456,11.441100698926537,2.0331031422937373,11.310285859897204,9.617092199611985,14.823823838733448,0.10187950557294578,0.03390608962323363,0.10178566454616493,0.05989958008846098,0.151772915063627,43.19500000000001,3.7595773532406533,44.7,37.7,46.3,97.474,10.11706133222489,91.1,89.725,111.24499999999996
40g,compound,100,conditional_EA,V1,mid,5,33.8,6.942621983083913,32.0,26.0,44.0,14.758597433692069,1.4611730202711348,15.506947748278282,12.568149684346448,15.956052707653468,11.771525976011413,1.030435314134963,12.408565787334663,10.205429279406399,12.591511816130236,0.07922382239525101,0.03842616518285153,0.07274541903591882,0.03445711412162188,0.12108049457745115,43.19500000000001,3.7595773532406533,44.7,37.7,46.3,97.474,10.11706133222489,91.1,89.725,111.24499999999996
40g,compound,100,conditional_EA,V1,high_tail,5,22.2,2.280350850198276,22.0,20.0,25.0,61.98414301451262,11.353822351036971,63.92224799633126,46.76612068367753,74.25493873039122,43.94516902393073,7.6474037206778895,42.442208478573455,36.233870635269575,53.57413699626299,0.8188966720318032,0.045044999055719084,0.813769970814751,0.7734113206031941,0.8673550008756203,43.19500000000001,3.7595773532406533,44.7,37.7,46.3,97.474,10.11706133222489,91.1,89.725,111.24499999999996
40g,compound,100,conditional_EA,V2,low,5,50.2,4.3817804600413295,49.0,45.0,57.0,26.1176018592002,2.2256087109960903,25.425507234109453,23.384118608878822,29.310028379057105,18.938319629713767,2.843338762576331,19.570641768024117,15.85815062515467,22.02900688894568,0.1815896358356092,0.04154523905225608,0.17198340230890755,0.13333389080970331,0.2371777078248354,70.2525,3.377781261419984,69.675,65.325,74.32499999999999,144.56900000000002,9.56736079073011,145.025,133.87499999999997,158.87499999999997
40g,compound,100,conditional_EA,V2,mid,5,31.6,4.03732584763727,32.0,26.0,37.0,35.76012659696907,6.173791617121946,33.575854773363005,29.416764657694532,45.403720487854905,28.75744095396059,4.1534276760042514,27.458180534446136,24.526407811184434,34.73489008374498,0.21485890566285973,0.0667346020319924,0.23243973804123794,0.12414602834430452,0.28635320188331337,70.2525,3.377781261419984,69.675,65.325,74.32499999999999,144.56900000000002,9.56736079073011,145.025,133.87499999999997,158.87499999999997
40g,compound,100,conditional_EA,V2,high_tail,5,20.0,2.8284271247461903,19.0,17.0,23.0,76.41590759305885,9.390689025926047,77.42203577379772,62.03374942660024,86.62377529316309,52.256980721370766,4.388862021259513,51.68153750371521,46.865168312848716,57.93485492787205,0.6035514585015311,0.08113459076896629,0.5803129073069833,0.5296025967361717,0.703870569346788,70.2525,3.377781261419984,69.675,65.325,74.32499999999999,144.56900000000002,9.56736079073011,145.025,133.87499999999997,158.87499999999997
40g,compound,100,standard_shallow_finetune,V1,low,5,45.8,5.674504383644443,44.0,40.0,54.0,17.069401145236753,6.354008079093746,14.644424788637373,10.446435686403577,25.985276676769455,10.538124442572666,2.716361307841961,9.887541102040817,7.7131349047619056,14.698367600000001,0.0936766386715517,0.0486322220523738,0.07413006362579881,0.05179957146706769,0.16394109387750516,43.19500000000001,3.7595773532406533,44.7,37.7,46.3,97.474,10.11706133222489,91.1,89.725,111.24499999999996
40g,compound,100,standard_shallow_finetune,V1,mid,5,33.8,6.942621983083913,32.0,26.0,44.0,25.66059162644159,5.727145430698901,24.029247867625568,19.04338073232104,33.41807185577776,18.563931912399436,3.8860358025401243,17.88662653125,13.062337807692305,23.368107766666665,0.180669205016728,0.12157413848218145,0.1341188563572861,0.06035557973421276,0.36150865571184826,43.19500000000001,3.7595773532406533,44.7,37.7,46.3,97.474,10.11706133222489,91.1,89.725,111.24499999999996
40g,compound,100,standard_shallow_finetune,V1,high_tail,5,22.2,2.280350850198276,22.0,20.0,25.0,68.60763312131546,11.742272392686695,68.01323518845349,50.94712693926132,82.22315773298818,50.73690175063636,6.76997993150144,50.30829475999999,40.554384549999995,58.87729,0.7256541563117204,0.10269590827895489,0.7019400497652087,0.5866917728210843,0.865514356639988,43.19500000000001,3.7595773532406533,44.7,37.7,46.3,97.474,10.11706133222489,91.1,89.725,111.24499999999996
40g,compound,100,standard_shallow_finetune,V2,low,5,50.2,4.3817804600413295,49.0,45.0,57.0,19.61445503209593,8.769861160589079,15.28216213902231,13.084282729067999,34.61537953371155,13.832410946062637,4.514490590227235,11.125352000000001,10.090433959183674,20.710340979591837,0.09600509696802124,0.08547192389464882,0.07937789552433064,0.028356727829189462,0.24123446326956374,70.2525,3.377781261419984,69.675,65.325,74.32499999999999,144.56900000000002,9.56736079073011,145.025,133.87499999999997,158.87499999999997
40g,compound,100,standard_shallow_finetune,V2,mid,5,31.6,4.03732584763727,32.0,26.0,37.0,40.31276437501422,9.766214241970658,44.55183765423015,28.047121448339798,51.87385553676873,28.518176033165908,6.188787359665848,28.879686727272723,19.344131384615384,36.27564613333333,0.24909580623337657,0.17316345950506573,0.22184418510385764,0.08219635935653005,0.5379948390745467,70.2525,3.377781261419984,69.675,65.325,74.32499999999999,144.56900000000002,9.56736079073011,145.025,133.87499999999997,158.87499999999997
40g,compound,100,standard_shallow_finetune,V2,high_tail,5,20.0,2.8284271247461903,19.0,17.0,23.0,88.71869287111802,21.081398771117442,98.20383279074244,56.47702416810613,109.9302933536085,65.34303105972091,17.03671202972771,63.59664004347825,40.87240333333333,82.1574189473684,0.6548990967986021,0.1728484330972472,0.7182050505929024,0.38262726540112274,0.8256316619664343,70.2525,3.377781261419984,69.675,65.325,74.32499999999999,144.56900000000002,9.56736079073011,145.025,133.87499999999997,158.87499999999997
40g,compound,100,paper_style_current_v2,V1,low,5,45.8,5.674504383644443,44.0,40.0,54.0,16.95581642794604,6.285367321461319,14.48273974147615,10.411522587267541,25.6928792821319,10.426743542174808,2.6672606292878482,9.796842755102041,7.635823238095237,14.510525699999999,0.09272543417425604,0.04798171241944731,0.07325842316668936,0.0511441633137981,0.1611467929126355,43.19500000000001,3.7595773532406533,44.7,37.7,46.3,97.474,10.11706133222489,91.1,89.725,111.24499999999996
40g,compound,100,paper_style_current_v2,V1,mid,5,33.8,6.942621983083913,32.0,26.0,44.0,25.64565834732874,5.803151703915209,24.0020195261537,18.923878159950252,33.41140258976767,18.54249173156784,3.886016724123076,17.868038031250002,13.069769884615386,23.308507866666666,0.18097111574644914,0.12241010818339865,0.1337365457048932,0.06022211285555928,0.3635362289098849,43.19500000000001,3.7595773532406533,44.7,37.7,46.3,97.474,10.11706133222489,91.1,89.725,111.24499999999996
40g,compound,100,paper_style_current_v2,V1,high_tail,5,22.2,2.280350850198276,22.0,20.0,25.0,68.5308165256907,11.586786648789236,67.98176293849365,51.04137794391014,81.84515704452224,50.640735799454546,6.683709743282343,50.29437832000001,40.52602905000001,58.556978900000004,0.726303450079295,0.10329482659595392,0.7051166613824712,0.585319607776317,0.8665194639777516,43.19500000000001,3.7595773532406533,44.7,37.7,46.3,97.474,10.11706133222489,91.1,89.725,111.24499999999996
40g,compound,100,paper_style_current_v2,V2,low,5,50.2,4.3817804600413295,49.0,45.0,57.0,19.435759049627062,8.637520578745004,15.230917761254533,12.939998323923435,34.21519847694146,13.666888046905779,4.45024864562197,11.047197777777777,9.968318102040815,20.43533757142857,0.09471005677008601,0.08408728469636566,0.07844583440355654,0.02777923961820877,0.23747792700671957,70.2525,3.377781261419984,69.675,65.325,74.32499999999999,144.56900000000002,9.56736079073011,145.025,133.87499999999997,158.87499999999997
40g,compound,100,paper_style_current_v2,V2,mid,5,31.6,4.03732584763727,32.0,26.0,37.0,40.25393069353432,9.918109440215208,44.389349923073986,27.811459153874665,52.125687467562976,28.47078067853832,6.270838953344794,28.86690296969697,19.24772469230769,36.431361866666656,0.2493052898021765,0.17427985900658732,0.221903029872503,0.08186780200771268,0.5404710182083954,70.2525,3.377781261419984,69.675,65.325,74.32499999999999,144.56900000000002,9.56736079073011,145.025,133.87499999999997,158.87499999999997
40g,compound,100,paper_style_current_v2,V2,high_tail,5,20.0,2.8284271247461903,19.0,17.0,23.0,88.57760196097367,20.914162209364033,98.159145647068,56.50668592199608,109.31087186934454,65.200025998624,16.898107801182128,63.63321847826087,40.81443222222222,82.05534894736843,0.6559846534277375,0.17368439198205002,0.7196504347248585,0.38108314738804777,0.8269283289868934,70.2525,3.377781261419984,69.675,65.325,74.32499999999999,144.56900000000002,9.56736079073011,145.025,133.87499999999997,158.87499999999997
