epoch,train_loss,normalized_valid_score,legacy_valid_score,V1_mae,V1_rmse,V1_r2,V1_mean_pinball_loss,V1_interval_80_coverage,V1_interval_80_mean_width,V2_mae,V2_rmse,V2_r2,V2_mean_pinball_loss,V2_interval_80_coverage,V2_interval_80_mean_width,quantile_crossing_rate
1,243.9237060546875,1.5985447997059188,192.90469062088323,6.617699146270752,8.620766639709473,-0.09063645106375051,3.106626510620117,0.07272727272727272,6.990615367889404,11.809762001037598,15.400459289550781,0.1070979296332113,5.35523796081543,0.07272727272727272,4.189408779144287,0.09090909090909091
2,243.77691650390625,1.5974826557213273,192.78252922877846,6.614481449127197,8.617040634155273,-0.08969390175351699,3.1049227714538574,0.07272727272727272,6.991340160369873,11.806035995483398,15.396697044372559,0.1075340981869225,5.353468418121338,0.07272727272727272,4.189406394958496,0.09090909090909091
3,243.63023376464844,1.5964211033022808,192.6604391170922,6.611329078674316,8.613314628601074,-0.08875167815663954,3.1032299995422363,0.07272727272727272,6.992063999176025,11.802311897277832,15.392936706542969,0.10797006620336769,5.35169792175293,0.07272727272727272,4.189404487609863,0.09090909090909091
4,243.4835662841797,1.5953599470429811,192.53837972597648,6.608230113983154,8.609590530395508,-0.08781036655715968,3.101545810699463,0.07272727272727272,6.9927873611450195,11.798583984375,15.38917350769043,0.10840610106556814,5.349928379058838,0.07272727272727272,4.189401149749756,0.09090909090909091
5,243.33700561523438,1.5942995322339162,192.41641918331925,6.605129241943359,8.605865478515625,-0.08686918524302212,3.0998613834381104,0.07272727272727272,6.9935102462768555,11.7948579788208,15.385415077209473,0.1088416011617257,5.34815788269043,0.07272727272727272,4.189398765563965,0.09090909090909091
6,243.19049072265625,1.5932396634235406,192.2945169257664,6.6020283699035645,8.602141380310059,-0.0859288507836109,3.098177194595337,0.07272727272727272,6.99423360824585,11.791132926940918,15.381656646728516,0.10927690072061724,5.346388339996338,0.07272727272727272,4.189396381378174,0.09090909090909091
7,243.0440216064453,1.5921800850587209,192.17263067017166,6.598927021026611,8.598419189453125,-0.08498923289358329,3.0964927673339844,0.07272727272727272,6.994955062866211,11.787406921386719,15.377894401550293,0.10971253450828566,5.34461784362793,0.07272727272727272,4.189393520355225,0.09090909090909091
8,242.89764404296875,1.5911210374325073,192.0508138711416,6.595828056335449,8.594696044921875,-0.0840498755742407,3.094808578491211,0.07272727272727272,6.995678901672363,11.78367805480957,15.37413501739502,0.11014783406717721,5.34284782409668,0.07272727272727272,4.189390182495117,0.09090909090909091
9,242.75132751464844,1.5900629704868534,191.92910274497353,6.592727184295654,8.590975761413574,-0.08311149539496676,3.0931241512298584,0.07272727272727272,6.996401309967041,11.779953956604004,15.370376586914062,0.11058279939729199,5.34107780456543,0.07272727272727272,4.189387321472168,0.09090909090909091
10,242.6051025390625,1.589005118626475,191.80741704673483,6.589629173278809,8.587254524230957,-0.08217337578637784,3.091439962387085,0.07272727272727272,6.997122287750244,11.776226997375488,15.366618156433105,0.11101776472740665,5.339308261871338,0.07272727272727272,4.189383029937744,0.09090909090909091
11,242.45892333984375,1.587948246629146,191.68583693605297,6.586528778076172,8.583536148071289,-0.0812364938885426,3.0897557735443115,0.07272727272727272,6.997844219207764,11.772500038146973,15.362860679626465,0.11145239582874467,5.337538242340088,0.07272727272727272,4.1893792152404785,0.09090909090909091
12,242.31283569335938,1.586892024148249,191.5643296089329,6.583430767059326,8.579818725585938,-0.08030013313207718,3.088071584701538,0.07272727272727272,6.99856424331665,11.768776893615723,15.35910415649414,0.1118869600843273,5.335768699645996,0.07272727272727272,4.189375400543213,0.09090909090909091
13,242.16680908203125,1.5858363459193714,191.44288038935474,6.580332279205322,8.576102256774902,-0.07936429351698182,3.0863869190216064,0.07272727272727272,6.999253749847412,11.765049934387207,15.355347633361816,0.11232132380264381,5.333999156951904,0.07272727272727272,4.189371109008789,0.09090909090909091
14,242.02090454101562,1.5847811972296406,191.32150047625464,6.577233791351318,8.57238483428955,-0.0784289750432563,3.0847012996673584,0.07272727272727272,6.999923229217529,11.761326789855957,15.351593971252441,0.11275528644642818,5.332230567932129,0.07272727272727272,4.189365863800049,0.09090909090909091
15,241.8750457763672,1.5837267715271923,191.20018375483323,6.5741353034973145,8.568671226501465,-0.07749476399494215,3.0830163955688477,0.07272727272727272,7.0005927085876465,11.757600784301758,15.347837448120117,0.11318944962747868,5.330461025238037,0.07272727272727272,4.189361095428467,0.09090909090909091
16,241.72927856445312,1.5826728749243744,191.07893629005594,6.571037769317627,8.564956665039062,-0.07656087865998407,3.0813310146331787,0.07272727272727272,7.001260757446289,11.75387954711914,15.344083786010742,0.11362314488824155,5.328691482543945,0.07272727272727272,4.189355850219727,0.09090909090909091
17,241.58358764648438,1.581620000773793,190.9578070587827,6.567941665649414,8.561244010925293,-0.07562777503708085,3.079646348953247,0.07272727272727272,7.001926898956299,11.750155448913574,15.340332984924316,0.11405650592022776,5.326923370361328,0.07272727272727272,4.189350605010986,0.09090909090909091
18,241.43798828125,1.5805674145028175,190.83669360360363,6.564845085144043,8.557533264160156,-0.07469525769821894,3.0779612064361572,0.07272727272727272,7.002594470977783,11.74643325805664,15.336578369140625,0.11449006748947999,5.325154781341553,0.07272727272727272,4.189345359802246,0.09090909090909091
19,241.29241943359375,1.5795155210979042,190.7156656524121,6.561748027801514,8.55382251739502,-0.07376365235675442,3.0762765407562256,0.07272727272727272,7.00325870513916,11.742707252502441,15.332826614379883,0.11492329482995545,5.323385238647461,0.07272727272727272,4.189341068267822,0.09090909090909091
20,241.14697265625,1.5784646034692582,190.59474285925307,6.558653354644775,8.550114631652832,-0.07283289387001601,3.074591875076294,0.07272727272727272,7.003924369812012,11.739112854003906,15.329075813293457,0.1153562547874094,5.321637153625488,0.07272727272727272,4.189335346221924,0.09090909090909091
21,241.00160217285156,1.5774140636164073,190.4738616314362,6.555558204650879,8.546406745910645,-0.07190259138197641,3.0729072093963623,0.07272727272727272,7.004587650299072,11.735581398010254,15.325325012207031,0.11578908105335273,5.319900989532471,0.07272727272727272,4.189329624176025,0.09090909090909091
22,240.85629272460938,1.5763641703819022,190.35305287465962,6.552463054656982,8.542699813842773,-0.0709728751779779,3.0712225437164307,0.07272727272727272,7.005249977111816,11.732048988342285,15.321575164794922,0.11622170678202992,5.3181633949279785,0.07272727272727272,4.189326286315918,0.09090909090909091
23,240.7111053466797,1.5753151922209714,190.2323474520408,6.549370765686035,8.538994789123535,-0.07004420125671929,3.069538116455078,0.07272727272727272,7.005910873413086,11.728520393371582,15.317827224731445,0.1166541319734411,5.316426753997803,0.07272727272727272,4.1893205642700195,0.09090909090909091
24,240.56597900390625,1.5742667097887844,190.11168688115686,6.546275615692139,8.53529167175293,-0.06911611361950198,3.0678536891937256,0.07272727272727272,7.006570816040039,11.724987983703613,15.314077377319336,0.1170864903190969,5.314689636230469,0.07272727272727272,4.1893157958984375,0.09090909090909091
25,240.42092895507812,1.5732189183654495,189.99111160098755,6.543183326721191,8.531588554382324,-0.06818880769433955,3.066169261932373,0.07272727272727272,7.007229328155518,11.721457481384277,15.310330390930176,0.11751858128173132,5.31295919418335,0.09090909090909091,4.1893110275268555,0.09090909090909091
26,240.27597045898438,1.5721720998881143,189.87064118133776,6.540090560913086,8.527888298034668,-0.06726234862390346,3.0644848346710205,0.07272727272727272,7.007887363433838,11.71792984008789,15.306584358215332,0.11795033801558885,5.3112406730651855,0.09090909090909091,4.189304828643799,0.09090909090909091
27,240.13111877441406,1.5711256123082542,189.75019924899652,6.536999702453613,8.524188995361328,-0.06633660612285097,3.062800884246826,0.07272727272727272,7.008544445037842,11.714400291442871,15.302836418151855,0.11838216159520176,5.309521675109863,0.09090909090909091,4.189300537109375,0.09090909090909091
28,239.986328125,1.5700800240125736,189.62987168514064,6.533908843994141,8.520489692687988,-0.06541138476316832,3.061116933822632,0.07272727272727272,7.009200572967529,11.710871696472168,15.299093246459961,0.11881345040877178,5.307802677154541,0.09090909090909091,4.189296245574951,0.09090909090909091
29,239.8415985107422,1.569035139007482,189.50961799128027,6.530818462371826,8.516792297363281,-0.0644870102582118,3.0594325065612793,0.07272727272727272,7.0098557472229,11.707343101501465,15.295350074768066,0.11924460553083116,5.306084156036377,0.09090909090909091,4.1892900466918945,0.09090909090909091
30,239.69699096679688,1.5679911659416246,189.3894672915294,6.527729034423828,8.513096809387207,-0.06356341746531036,3.057748556137085,0.07272727272727272,7.0105085372924805,11.703816413879395,15.291608810424805,0.11967542642411377,5.304365634918213,0.09090909090909091,4.189285755157471,0.09090909090909091
31,239.55245971679688,1.566947849649008,189.26937743400185,6.5246405601501465,8.509404182434082,-0.06264086695514881,3.0560646057128906,0.07272727272727272,7.011159896850586,11.700289726257324,15.28786563873291,0.12010638100890703,5.302647590637207,0.09090909090909091,4.1892805099487305,0.09090909090909091
32,239.4080352783203,1.5659051174202507,189.14935801094816,6.521551132202148,8.505711555480957,-0.06171877244368584,3.054380416870117,0.07272727272727272,7.011812686920166,11.696763038635254,15.284124374389648,0.12053700136492351,5.300928592681885,0.09090909090909091,4.189277172088623,0.09090909090909091
33,239.26364135742188,1.5648629234994136,189.02939607225608,6.518464088439941,8.502019882202148,-0.060797394501606705,3.052696943283081,0.07272727272727272,7.012460708618164,11.693236351013184,15.280383110046387,0.12096742118367387,5.299210071563721,0.09090909090909091,4.189271450042725,0.09090909090909091
34,239.119384765625,1.5638217442270137,188.9095515129061,6.515377044677734,8.498330116271973,-0.05987686341425369,3.051013231277466,0.07272727272727272,7.013108253479004,11.689711570739746,15.276644706726074,0.12139750677364747,5.297492027282715,0.09090909090909091,4.189266204833984,0.09090909090909091
35,238.9752197265625,1.5627811613095517,188.78976599706766,6.512291431427002,8.49464225769043,-0.05895711403895576,3.0493292808532715,0.07272727272727272,7.013754367828369,11.686185836791992,15.272905349731445,0.1218275255178658,5.295773983001709,0.09090909090909091,4.189262866973877,0.09090909090909091
36,238.83111572265625,1.5617412657219676,188.6700653500602,6.509203910827637,8.490954399108887,-0.058037950947698924,3.047645330429077,0.07272727272727272,7.014400005340576,11.682663917541504,15.269168853759766,0.12225721003330725,5.294055461883545,0.09090909090909091,4.189257621765137,0.09090909090909091
37,238.68711853027344,1.5607023963009636,188.55047061777623,6.506119728088379,8.48727035522461,-0.057119960424524274,3.045961618423462,0.07272727272727272,7.015045166015625,11.67913818359375,15.265432357788086,0.12268676085723795,5.292337417602539,0.09090909090909091,4.189253330230713,0.09090909090909091
38,238.54318237304688,1.5596639003381114,188.43091699125307,6.503036022186279,8.483586311340332,-0.05620229561470613,3.044278621673584,0.07272727272727272,7.015686988830566,11.675616264343262,15.261695861816406,0.12311611114390264,5.290619850158691,0.09090909090909091,4.1892499923706055,0.09090909090909091
39,238.39935302734375,1.558626149342165,188.3114497468714,6.4999518394470215,8.479903221130371,-0.05528554280228537,3.0425949096679688,0.07272727272727272,7.016326427459717,11.672093391418457,15.25796127319336,0.12354526089330131,5.2889018058776855,0.09090909090909091,4.189244270324707,0.09090909090909091
40,238.25564575195312,1.5575894228539116,188.19208824839097,6.4968695640563965,8.476223945617676,-0.05436989741527554,3.0409111976623535,0.07272727272727272,7.016963481903076,11.668571472167969,15.254226684570312,0.12397421010543386,5.287184238433838,0.09090909090909091,4.189240455627441,0.09090909090909091
41,238.11196899414062,1.5565531147744343,188.0727806991108,6.49378776550293,8.472543716430664,-0.05345457774162221,3.0392279624938965,0.07272727272727272,7.0175957679748535,11.665075302124023,15.250494003295898,0.12440295878030028,5.285470485687256,0.09090909090909091,4.189236640930176,0.09090909090909091
42,237.96841430664062,1.5555178758905805,187.95359171103883,6.490707874298096,8.468866348266602,-0.05254049577872233,3.0375447273254395,0.07272727272727272,7.018228054046631,11.661792755126953,15.246763229370117,0.12483130638063455,5.283792972564697,0.09090909090909091,4.189232349395752,0.09090909090909091
43,237.824951171875,1.5544833343914939,187.83447597985105,6.4876275062561035,8.465190887451172,-0.05162700009986376,3.0358614921569824,0.07272727272727272,7.018853664398193,11.658514022827148,15.243032455444336,0.1252595202894582,5.282115459442139,0.09090909090909091,4.189228057861328,0.09090909090909091
44,237.68153381347656,1.553449327312729,187.71541732442256,6.4845476150512695,8.461516380310059,-0.050714155847717546,3.0341763496398926,0.07272727272727272,7.019434928894043,11.655235290527344,15.239301681518555,0.12568766735252634,5.28043794631958,0.09090909090909091,4.189223766326904,0.09090909090909091
45,237.53826904296875,1.5524161210671057,187.59644638555665,6.481468677520752,8.457843780517578,-0.04980222359296871,3.032491683959961,0.07272727272727272,7.020012378692627,11.651955604553223,15.23557186126709,0.12611554703257322,5.2787604331970215,0.09090909090909091,4.189219951629639,0.09090909090909091
46,237.39508056640625,1.551383656883925,187.47756151171598,6.478389739990234,8.454172134399414,-0.0488910079076037,3.030806541442871,0.07272727272727272,7.0205912590026855,11.648676872253418,15.231843948364258,0.1265431593295986,5.277083396911621,0.09090909090909091,4.189215660095215,0.09090909090909091
47,237.251953125,1.5503518302953263,187.35874813789542,6.47531270980835,8.450501441955566,-0.04798044364895104,3.0291218757629395,0.07272727272727272,7.021165370941162,11.64539909362793,15.228116989135742,0.12697050424360246,5.275406360626221,0.09090909090909091,4.189211368560791,0.09090909090909091
48,237.10891723632812,1.5493210696087254,187.24005297364874,6.472236633300781,8.446833610534668,-0.04707079138769599,3.027435064315796,0.07272727272727272,7.021681308746338,11.642123222351074,15.22439193725586,0.12739764862034042,5.2737298011779785,0.09090909090909091,4.189206123352051,0.09090909090909091
49,236.96600341796875,1.5482906334508184,187.1213856643335,6.469160556793213,8.443166732788086,-0.046162116266509345,3.0257465839385986,0.07272727272727272,7.022121429443359,11.638846397399902,15.220664978027344,0.12782479299707827,5.27205228805542,0.09090909090909091,4.189203262329102,0.09090909090909091
50,236.82315063476562,1.5472613080427253,187.00284937938795,6.466085910797119,8.439501762390137,-0.04525396228669276,3.024057388305664,0.07272727272727272,7.022558212280273,11.635568618774414,15.216941833496094,0.12825140260777323,5.2703752517700195,0.09090909090909091,4.1891984939575195,0.09090909090909091
51,236.68040466308594,1.54623267665052,186.88438600043082,6.463012218475342,8.43583869934082,-0.044346785446944814,3.0223684310913086,0.07272727272727272,7.022992134094238,11.632292747497559,15.213218688964844,0.1286780122184682,5.268698215484619,0.09090909090909091,4.189195156097412,0.09090909090909091
52,236.5377655029297,1.5452047848269121,186.76600841225263,6.4599385261535645,8.43217658996582,-0.043440325176580696,3.020679473876953,0.07272727272727272,7.02342414855957,11.629019737243652,15.209497451782227,0.12910415390887575,5.267021656036377,0.09090909090909091,4.1891913414001465,0.09090909090909091
53,236.39520263671875,1.5441774822632208,186.64768914464776,6.456865310668945,8.428516387939453,-0.04253471176094248,3.0189905166625977,0.07272727272727272,7.0238518714904785,11.625744819641113,15.205775260925293,0.12953042929079395,5.265345573425293,0.09090909090909091,4.189187526702881,0.09090909090909091
54,236.25274658203125,1.5431511843146564,186.5294861576117,6.453794956207275,8.424858093261719,-0.04162988005735935,3.0173022747039795,0.07272727272727272,7.024277687072754,11.622471809387207,15.202055931091309,0.12995623675242463,5.263669013977051,0.09090909090909091,4.189183235168457,0.09090909090909091
55,236.11038208007812,1.5421251051657325,186.41129634960907,6.450723648071289,8.4212007522583,-0.040725569495146274,3.0156137943267822,0.07272727272727272,7.024698734283447,11.619199752807617,15.198333740234375,0.13038217790556605,5.26199197769165,0.09090909090909091,4.18917989730835,0.09090909090909091
56,235.9680938720703,1.5411003413996776,186.2932662032622,6.447653293609619,8.417545318603516,-0.039822301215673095,3.0139262676239014,0.07272727272727272,7.025116443634033,11.615926742553711,15.19461727142334,0.13080738375539858,5.260315895080566,0.09090909090909091,4.189175605773926,0.09090909090909091
57,235.82589721679688,1.5400760035692156,186.17527815449694,6.444583892822266,8.413890838623047,-0.03891961922024101,3.0122387409210205,0.07272727272727272,7.025530815124512,11.612655639648438,15.190899848937988,0.13123265645098636,5.258639812469482,0.09090909090909091,4.189172744750977,0.09090909090909091
58,235.68380737304688,1.5390528299456658,186.05742221005767,6.441515922546387,8.410239219665527,-0.03801804465022007,3.010552167892456,0.07272727272727272,7.025944232940674,11.609384536743164,15.187185287475586,0.13165752807204212,5.256963729858398,0.09090909090909091,4.189168453216553,0.09090909090909091
59,235.5417938232422,1.538029977707039,185.93959380635124,6.438448429107666,8.406588554382324,-0.03711712150691149,3.0088655948638916,0.07272727272727272,7.0263543128967285,11.606111526489258,15.18346881866455,0.13208239969309776,5.255286693572998,0.09090909090909091,4.189164638519287,0.09090909090909091
60,235.39987182617188,1.5370082308473592,185.82189583033414,6.435381889343262,8.402939796447754,-0.03621691493298673,3.007179021835327,0.07272727272727272,7.026759624481201,11.602843284606934,15.179756164550781,0.132506803393866,5.253611087799072,0.09090909090909091,4.189161777496338,0.09090909090909091
61,235.258056640625,1.5359869085590905,185.70423981236127,6.432314395904541,8.3992919921875,-0.035317620356459356,3.0054931640625,0.07272727272727272,7.027162075042725,11.599574089050293,15.176042556762695,0.1329312739403895,5.2519354820251465,0.09090909090909091,4.189157485961914,0.09090909090909091
62,235.1163330078125,1.5349663794276047,185.5866706945285,6.4292497634887695,8.395646095275879,-0.03441897720664455,3.0038070678710938,0.07272727272727272,7.027560710906982,11.596304893493652,15.172329902648926,0.13335541025813624,5.250259876251221,0.09090909090909091,4.189154148101807,0.09090909090909091
63,234.97470092773438,1.5339463780544653,185.46915795209588,6.42618465423584,8.392001152038574,-0.033521050626213134,3.0021212100982666,0.07272727272727272,7.027956962585449,11.593033790588379,15.168617248535156,0.13377941288437234,5.248583793640137,0.09090909090909091,4.189149379730225,0.09090909090909091
64,234.8331298828125,1.5329275837212832,185.35178987564086,6.423120498657227,8.388358116149902,-0.03262384061516577,3.0004355907440186,0.07272727272727272,7.028348445892334,11.589767456054688,15.164909362792969,0.1342029475903208,5.246908187866211,0.09090909090909091,4.189146518707275,0.09090909090909091
65,234.69171142578125,1.5319094311721013,185.23448115106112,6.420058250427246,8.38471794128418,-0.031727803172200586,2.9987504482269287,0.07272727272727272,7.028738498687744,11.58650016784668,15.161199569702148,0.1346264822962694,5.245233058929443,0.09090909090909091,4.189141273498535,0.09090909090909091
66,234.55032348632812,1.5308916904292627,185.11722561577517,6.416996479034424,8.38107681274414,-0.030832026299920434,2.9970650672912598,0.07272727272727272,7.02912712097168,11.583233833312988,15.157491683959961,0.13504974961919647,5.243558406829834,0.09090909090909091,4.189136505126953,0.09090909090909091
67,234.40907287597656,1.5298748091288084,185.0000468826961,6.413934707641602,8.377440452575684,-0.029937487138393948,2.995379686355591,0.07272727272727272,7.029513835906982,11.579964637756348,15.153780937194824,0.13547308378787892,5.241883277893066,0.09090909090909091,4.1891303062438965,0.09090909090909091
68,234.2678985595703,1.5288589142998363,184.8829950549025,6.410874843597412,8.373804092407227,-0.02904366454625107,2.99369478225708,0.07272727272727272,7.0298967361450195,11.576701164245605,15.150075912475586,0.1358958163447631,5.240209102630615,0.09090909090909091,4.189121723175049,0.09090909090909091
69,234.12680053710938,1.5278436485497915,184.76601381008186,6.407813549041748,8.370168685913086,-0.028150428238149283,2.9920098781585693,0.07272727272727272,7.030280590057373,11.573436737060547,15.146371841430664,0.1363182815186259,5.238534450531006,0.09090909090909091,4.18911600112915,0.09090909090909091
70,233.9857940673828,1.5268289652710703,184.64909019238667,6.404755115509033,8.366535186767578,-0.02725784335676007,2.990325450897217,0.07272727272727272,7.0306620597839355,11.570171356201172,15.142666816711426,0.1367407466924887,5.236860275268555,0.09090909090909091,4.189110279083252,0.09090909090909091
71,233.84490966796875,1.5258155993894524,184.53231382334388,6.401698112487793,8.362905502319336,-0.026366691614138293,2.988640785217285,0.07272727272727272,7.031044006347656,11.566906929016113,15.138964653015137,0.13716281079181936,5.235185623168945,0.09090909090909091,4.189103603363037,0.09090909090909091
72,233.7041015625,1.5248024365503983,184.41556156548313,6.3986406326293945,8.359274864196777,-0.025475800442201546,2.9869563579559326,0.07272727272727272,7.031425476074219,11.56364631652832,15.135262489318848,0.13758480804539464,5.2335124015808105,0.09090909090909091,4.189094543457031,0.09090909090909091
73,233.56338500976562,1.5237900619276528,184.2988956815425,6.395583629608154,8.355646133422852,-0.0245857561249907,2.98527193069458,0.07272727272727272,7.031805515289307,11.560382843017578,15.131561279296875,0.13800653791594852,5.231838226318359,0.09090909090909091,4.189087390899658,0.09090909090909091
74,233.42274475097656,1.5227785784450583,184.18233054645816,6.392528533935547,8.352019309997559,-0.023696558662506417,2.9835879802703857,0.07272727272727272,7.032186508178711,11.557120323181152,15.127861976623535,0.13842800040348102,5.230164527893066,0.09090909090909091,4.189079761505127,0.09090909090909091
75,233.28221130371094,1.5217679960904096,184.0658546735799,6.3894734382629395,8.348396301269531,-0.022808403482761808,2.9819042682647705,0.07272727272727272,7.032567977905273,11.553857803344727,15.124161720275879,0.13884932919950266,5.228491306304932,0.09090909090909091,4.189071178436279,0.09090909090909091
76,233.14178466796875,1.5207578691518746,183.94944459219323,6.386419296264648,8.344771385192871,-0.021920378588359712,2.980220079421997,0.07272727272727272,7.032949447631836,11.55059814453125,15.120465278625488,0.13927032376674764,5.226817607879639,0.09090909090909091,4.189063549041748,0.09090909090909091
77,233.00143432617188,1.5197487457469327,183.83313809243236,6.383367538452148,8.341150283813477,-0.021033656547382318,2.978536605834961,0.07272727272727272,7.033331871032715,11.547337532043457,15.116768836975098,0.1396911177967265,5.225144863128662,0.09090909090909091,4.189055442810059,0.09090909090909091
78,232.8611602783203,1.5187400412465775,183.71687297073004,6.380313873291016,8.337530136108398,-0.02014771621846001,2.976853132247925,0.07272727272727272,7.033712387084961,11.544078826904297,15.11307144165039,0.14011184498094997,5.223471641540527,0.09090909090909091,4.189047813415527,0.09090909090909091
79,232.72097778320312,1.517732328774037,183.60072275031598,6.377262592315674,8.333911895751953,-0.019262427316250275,2.9751696586608887,0.07272727272727272,7.034095764160156,11.540820121765137,15.109376907348633,0.1405322379363967,5.221797943115234,0.09090909090909091,4.189039707183838,0.09090909090909091
80,232.58090209960938,1.5167254011522235,183.48465854626602,6.374212265014648,8.33029556274414,-0.018378115554109176,2.9734914302825928,0.09090909090909091,7.034480094909668,11.537561416625977,15.105683326721191,0.14095243035457727,5.220125198364258,0.09090909090909091,4.189030647277832,0.09090909090909091
81,232.44091796875,1.5157189946967597,183.3686500223639,6.371162414550781,8.326680183410645,-0.01749412950532414,2.971832513809204,0.09090909090909091,7.0348639488220215,11.5343017578125,15.10198974609375,0.14137242223549185,5.218452453613281,0.09090909090909091,4.189022541046143,0.09090909090909091
82,232.301025390625,1.5147132124151694,183.25271155678,6.3681135177612305,8.323065757751465,-0.016611250881950257,2.9701731204986572,0.09090909090909091,7.035248756408691,11.531044960021973,15.098297119140625,0.1417922135791403,5.216779708862305,0.09090909090909091,4.189013481140137,0.09090909090909091
83,232.1612091064453,1.5137086366496892,183.13690511790173,6.365066051483154,8.31945514678955,-0.015729284255973974,2.9685139656066895,0.09090909090909091,7.0356340408325195,11.527787208557129,15.094606399536133,0.14221173753976735,5.215106964111328,0.09090909090909091,4.189006805419922,0.09090909090909091
84,232.02151489257812,1.5127045808580353,183.0211542346733,6.362019062042236,8.315845489501953,-0.0148480341993813,2.966855049133301,0.09090909090909091,7.036016941070557,11.524530410766602,15.09091567993164,0.14263119465463903,5.21343469619751,0.09090909090909091,4.188997268676758,0.09090909090909091
85,231.88186645507812,1.5117012977197404,182.90550058531062,6.35897159576416,8.312235832214355,-0.013967240141487203,2.965195894241333,0.09090909090909091,7.036400318145752,11.521275520324707,15.087228775024414,0.14305011700346792,5.211762428283691,0.09090909090909091,4.18898868560791,0.09090909090909091
86,231.7423095703125,1.5106986004279945,182.7898924391302,6.355926036834717,8.308629989624023,-0.01308755350900448,2.9635372161865234,0.09090909090909091,7.036782741546631,11.51801872253418,15.083538055419922,0.1434693067353181,5.210089683532715,0.09090909090909091,4.188981533050537,0.09090909090909091
87,231.60289001464844,1.5096967781232205,182.67439582488942,6.35288143157959,8.305024147033691,-0.012208583445905363,2.961878538131714,0.09090909090909091,7.037163734436035,11.514765739440918,15.079852104187012,0.14388789485537024,5.208417892456055,0.09090909090909091,4.188972473144531,0.09090909090909091
88,231.46353149414062,1.5086957370999259,182.55898484624095,6.349836826324463,8.301420211791992,-0.01133019966684734,2.960219621658325,0.09090909090909091,7.037544250488281,11.511514663696289,15.076167106628418,0.14430628243815613,5.206745147705078,0.09090909090909091,4.188963890075684,0.09090909090909091
89,231.32427978515625,1.5076953738277588,182.44364507715864,6.346794128417969,8.297818183898926,-0.010452858170529211,2.958575963973999,0.10909090909090909,7.037925720214844,11.508259773254395,15.072482109069824,0.144724469483676,5.205073833465576,0.09090909090909091,4.188955307006836,0.09090909090909091
90,231.18511962890625,1.5066956315786684,182.3283750271812,6.343751430511475,8.294217109680176,-0.009576102958252397,2.9569499492645264,0.10909090909090909,7.038302898406982,11.50500774383545,15.068798065185547,0.14514258968344051,5.203401565551758,0.09090909090909091,4.188947677612305,0.09090909090909091
91,231.04605102539062,1.505696725596456,182.21319192414785,6.340710639953613,8.290618896484375,-0.00870012945803067,2.9553239345550537,0.10909090909090909,7.038681507110596,11.501755714416504,15.06511402130127,0.145560509345939,5.201729774475098,0.09090909090909091,4.188939571380615,0.09090909090909091
92,230.9070281982422,1.5046989079255637,182.09813735485204,6.337669849395752,8.287022590637207,-0.007825263383219871,2.9536983966827393,0.10909090909090909,7.039060115814209,11.498503684997559,15.061433792114258,0.14597782739663923,5.200057506561279,0.09090909090909091,4.188931465148926,0.09090909090909091
93,230.76812744140625,1.5037011857965443,181.98309203690133,6.334628582000732,8.283425331115723,-0.006950592736422845,2.952072858810425,0.10909090909090909,7.0394368171691895,11.49525260925293,15.05775260925293,0.14639534598460557,5.1983866691589355,0.09090909090909091,4.188922882080078,0.09090909090909091
94,230.62933349609375,1.5027046634863945,181.86817803406393,6.331590175628662,8.279831886291504,-0.006077094657708226,2.9504480361938477,0.10909090909090909,7.039813041687012,11.491999626159668,15.054073333740234,0.1468123966522844,5.196714401245117,0.09090909090909091,4.188914775848389,0.09090909090909091
95,230.49061584472656,1.5017088723688654,181.75333639783685,6.32855224609375,8.276241302490234,-0.005204573719062244,2.948822498321533,0.10909090909090909,7.04019021987915,11.488750457763672,15.050393104553223,0.1472295141657185,5.195043087005615,0.09090909090909091,4.188906669616699,0.09090909090909091
96,230.35198974609375,1.5007135316507614,181.638559931288,6.32551383972168,8.272648811340332,-0.004332248208430034,2.947197675704956,0.10909090909090909,7.040565490722656,11.485502243041992,15.046716690063477,0.14764603006735444,5.193371772766113,0.09090909090909091,4.188899040222168,0.09090909090909091
97,230.21347045898438,1.4997189774784814,181.5238571883351,6.322476863861084,8.269060134887695,-0.0034610301232089746,2.945572853088379,0.10909090909090909,7.040943145751953,11.482254028320312,15.043038368225098,0.14806267966050113,5.191700458526611,0.09090909090909091,4.18889045715332,0.09090909090909091
98,230.07501220703125,1.4987255085035762,181.40928263351907,6.319441318511963,8.265473365783691,-0.00259059375004278,2.943948745727539,0.10909090909090909,7.041320323944092,11.479004859924316,15.039363861083984,0.14847892817911557,5.190029621124268,0.09090909090909091,4.188881874084473,0.09090909090909091
99,229.93667602539062,1.4977324982354223,181.2947616496822,6.316405773162842,8.261886596679688,-0.0017208088035891578,2.942323923110962,0.10909090909090909,7.041697978973389,11.475759506225586,15.035690307617188,0.14889484246895335,5.188358306884766,0.09090909090909091,4.188873767852783,0.09090909090909091
100,229.7983856201172,1.4967401142219057,181.18029847374964,6.313371658325195,8.258302688598633,-0.0008518707118614355,2.940699577331543,0.10909090909090909,7.0420756340026855,11.472509384155273,15.032014846801758,0.14931095729605715,5.186686992645264,0.09090909090909091,4.188866138458252,0.09090909090909091
101,229.66021728515625,1.4957484498079041,181.06591890453547,6.310337066650391,8.254719734191895,1.648109582474966e-05,2.9390757083892822,0.10909090909090909,7.042453765869141,11.469266891479492,15.028341293334961,0.14972660420287343,5.185015678405762,0.09090909090909091,4.188858509063721,0.09090909090909091
102,229.52212524414062,1.4947578685609204,180.9516672955997,6.307305335998535,8.251138687133789,0.0008837906207712631,2.9374492168426514,0.10909090909090909,7.042757511138916,11.466021537780762,15.02467155456543,0.15014185003515756,5.183345317840576,0.09090909090909091,4.1888508796691895,0.09090909090909091
103,229.38412475585938,1.493768014760636,180.837487669211,6.304274082183838,8.247560501098633,0.0017503184336626898,2.9358222484588623,0.10909090909090909,7.043035984039307,11.462776184082031,15.021000862121582,0.15055702902168633,5.181674480438232,0.09090909090909091,4.188841819763184,0.09090909090909091
104,229.2462158203125,1.4927787207644023,180.7233757669219,6.301243305206299,8.243982315063477,0.002616129677170509,2.9341952800750732,0.10909090909090909,7.043315410614014,11.459532737731934,15.017332077026367,0.15097200747094897,5.180004119873047,0.09090909090909091,4.1888346672058105,0.09090909090909091
105,229.1083984375,1.4917900507527633,180.60932144713797,6.298213481903076,8.24040699005127,0.0034812243512946095,2.932568311691284,0.10909090909090909,7.043595314025879,11.456287384033203,15.01366138458252,0.15138698592021171,5.178332805633545,0.09090909090909091,4.188827991485596,0.09090909090909091
106,228.970703125,1.4908022008695476,180.4953648216774,6.295183181762695,8.236832618713379,0.004345537313363845,2.930941581726074,0.10909090909090909,7.043873310089111,11.453043937683105,15.009993553161621,0.1518015632949422,5.176662445068359,0.09090909090909091,4.188819885253906,0.09090909090909091
107,228.8330535888672,1.4898148629216696,180.38146290515988,6.292154312133789,8.233259201049805,0.0052091337060492515,2.9293150901794434,0.10909090909090909,7.0441508293151855,11.449800491333008,15.006325721740723,0.1522159401324067,5.174992084503174,0.09090909090909091,4.188811779022217,0.09090909090909091
108,228.6955108642578,1.4888285024769206,180.26767429697338,6.289126873016357,8.229687690734863,0.0060720786720223074,2.9276883602142334,0.10909090909090909,7.044427871704102,11.446556091308594,15.002660751342773,0.15263004958684978,5.1733222007751465,0.09090909090909091,4.188804626464844,0.09090909090909091
109,228.55804443359375,1.4878429693060233,180.1539717023893,6.286099910736084,8.226119041442871,0.006933785927241809,2.9260621070861816,0.10909090909090909,7.044703483581543,11.443314552307129,14.998995780944824,0.15304395850402674,5.171651363372803,0.09090909090909091,4.188795566558838,0.09090909090909091
110,228.42068481445312,1.4868582544270459,180.0403665955896,6.283073902130127,8.222551345825195,0.00779503718376251,2.924435615539551,0.10909090909090909,7.044976234436035,11.440075874328613,14.995333671569824,0.15345753319242694,5.169981956481934,0.09090909090909091,4.188784599304199,0.09090909090909091
111,228.283447265625,1.4858741053431566,179.92681741250544,6.280049800872803,8.218985557556152,0.00865537644288572,2.92280912399292,0.10909090909090909,7.045248031616211,11.436836242675781,14.991670608520508,0.15387104103507177,5.168313503265381,0.09090909090909091,4.1887736320495605,0.09090909090909091
112,228.146240234375,1.4848905688288434,179.81333704049302,6.277024745941162,8.215420722961426,0.009515129417967838,2.921182632446289,0.10909090909090909,7.045517444610596,11.433594703674316,14.988008499145508,0.15428434834045046,5.16664457321167,0.09090909090909091,4.188758850097656,0.09090909090909091
113,228.00914001464844,1.4839081096592583,179.69998398211737,6.274001121520996,8.211857795715332,0.01037410068099498,2.9195563793182373,0.10909090909090909,7.045783042907715,11.430356979370117,14.984350204467773,0.15469718772554175,5.164976119995117,0.09090909090909091,4.188744068145752,0.09090909090909091
114,227.8721466064453,1.4829259078284818,179.58664386112923,6.270978927612305,8.208296775817871,0.011232355374638403,2.9179298877716064,0.10909090909090909,7.046047210693359,11.427118301391602,14.980688095092773,0.15511029449365443,5.163309097290039,0.09090909090909091,4.188726902008057,0.09090909090909091
115,227.7352294921875,1.4819448847080383,179.47344522753474,6.267955780029297,8.204737663269043,0.012089502642870786,2.916303873062134,0.10909090909090909,7.046311855316162,11.423881530761719,14.977030754089355,0.15552279964996885,5.161641597747803,0.09090909090909091,4.188706874847412,0.09090909090909091
116,227.5984344482422,1.4809643701633741,179.36030094715534,6.264935493469238,8.201179504394531,0.012946259055075626,2.914677619934082,0.10909090909090909,7.046573162078857,11.420642852783203,14.973373413085938,0.155935237960528,5.159976482391357,0.09090909090909091,4.18868350982666,0.09090909090909091
117,227.46173095703125,1.4799847261347467,179.24725518782498,6.261915683746338,8.197623252868652,0.013802168612554233,2.9130516052246094,0.10909090909090909,7.046831130981445,11.41740608215332,14.969717979431152,0.1563472751965549,5.158310413360596,0.09090909090909091,4.188660144805908,0.09090909090909091
118,227.32508850097656,1.4790054405029296,179.13423652418396,6.258896827697754,8.194068908691406,0.0146569707446218,2.911425828933716,0.10909090909090909,7.047091007232666,11.414169311523438,14.966059684753418,0.15675951296984791,5.15664529800415,0.09090909090909091,4.188634395599365,0.09090909090909091
119,227.18853759765625,1.4780273313782455,179.02135910102606,6.255877494812012,8.190516471862793,0.015511251735319309,2.909799575805664,0.10909090909090909,7.047348976135254,11.410933494567871,14.962406158447266,0.15717114913134278,5.154980659484863,0.09090909090909091,4.188608169555664,0.09090909090909091
120,227.0520782470703,1.477049776657116,178.90854879729568,6.252859592437744,8.18696403503418,0.016364946441975725,2.9081737995147705,0.10909090909090909,7.047605037689209,11.407700538635254,14.958754539489746,0.15758251790981614,5.153316020965576,0.09090909090909091,4.188580513000488,0.09090909090909091
121,226.91571044921875,1.4760728388377458,178.79579536877281,6.249843597412109,8.183414459228516,0.01721772915123465,2.906548023223877,0.10909090909090909,7.047862529754639,11.404465675354004,14.955101013183594,0.15799395353404488,5.151651859283447,0.09090909090909091,4.188551425933838,0.09090909090909091
122,226.77944946289062,1.475096769173717,178.6831402088178,6.246827125549316,8.179866790771484,0.0180697301484386,2.9049224853515625,0.10909090909090909,7.048119068145752,11.401230812072754,14.951449394226074,0.15840512177525212,5.149988174438477,0.09090909090909091,4.188522815704346,0.09090909090909091
123,226.64324951171875,1.4741215671063568,178.57058325593607,6.243812084197998,8.176321029663086,0.018920819148245283,2.903296947479248,0.10909090909090909,7.0483717918396,11.39799690246582,14.947799682617188,0.1588159557876826,5.148324966430664,0.09090909090909091,4.188491344451904,0.09090909090909091
124,226.50717163085938,1.4731468159266288,178.4580790201453,6.24079704284668,8.172775268554688,0.019771452149353164,2.901671886444092,0.10909090909090909,7.048625469207764,11.394763946533203,14.944150924682617,0.15922658926284705,5.146661758422852,0.09090909090909091,4.188459873199463,0.09090909090909091
125,226.3711700439453,1.4721727820639499,178.34564573897433,6.237783432006836,8.169232368469238,0.02062123829573481,2.9000465869903564,0.10909090909090909,7.0488786697387695,11.391531944274902,14.94050121307373,0.1596372227380115,5.144999027252197,0.09090909090909091,4.188427448272705,0.07272727272727272
126,226.23526000976562,1.4711996144590418,178.23331052190224,6.234771251678467,8.165691375732422,0.021469982159376677,2.8984200954437256,0.10909090909090909,7.049062728881836,11.388299942016602,14.936853408813477,0.16004745513864382,5.143336296081543,0.09090909090909091,4.1883955001831055,0.07272727272727272
127,226.09945678710938,1.4702272031483572,178.12107065423106,6.2317585945129395,8.162150382995605,0.022318465452333403,2.8967933654785156,0.10909090909090909,7.049235820770264,11.38507080078125,14.933209419250488,0.16045735331049926,5.141674041748047,0.09090909090909091,4.188362121582031,0.07272727272727272
128,225.96371459960938,1.469255821131973,178.00893271112136,6.228748321533203,8.158614158630371,0.02316558074919417,2.895167589187622,0.10909090909090909,7.0494065284729,11.38183879852295,14.929564476013184,0.16086711779084406,5.140011787414551,0.09090909090909091,4.188329696655273,0.07272727272727272
129,225.82806396484375,1.4682844729227995,177.89680195423853,6.22573709487915,8.155076026916504,0.024012435475369798,2.8935418128967285,0.10909090909090909,7.049588203430176,11.378609657287598,14.925919532775879,0.16127681542543348,5.138349533081055,0.09090909090909091,4.188294887542725,0.07272727272727272
130,225.69253540039062,1.4673140984465887,177.78477171103214,6.2227277755737305,8.151541709899902,0.0248583130614769,2.8919172286987305,0.10909090909090909,7.049781322479248,11.37537956237793,14.922274589538574,0.16168631252275678,5.1366868019104,0.09090909090909091,4.188263416290283,0.07272727272727272
131,225.5570831298828,1.4663446352835665,177.67285218738516,6.219718933105469,8.148008346557617,0.025703408935529026,2.890291452407837,0.10909090909090909,7.049931526184082,11.372151374816895,14.918633460998535,0.1620954753913033,5.135025978088379,0.09090909090909091,4.188228130340576,0.07272727272727272
132,225.42172241210938,1.4653758315309968,177.56100195957833,6.21671199798584,8.144476890563965,0.02654785338286869,2.8886640071868896,0.10909090909090909,7.050033092498779,11.368924140930176,14.914992332458496,0.16250443772258383,5.133364200592041,0.09090909090909091,4.188194751739502,0.07272727272727272
133,225.2864532470703,1.4644077887197242,177.44923520777047,6.213704586029053,8.140947341918945,0.027391450975482234,2.8870372772216797,0.10909090909090909,7.050137519836426,11.36569595336914,14.911352157592773,0.16291313267084284,5.131702423095703,0.09090909090909091,4.188160419464111,0.07272727272727272
134,225.1512908935547,1.463440091825126,177.33750662226294,6.210699081420898,8.137417793273926,0.028234462284054462,2.885411024093628,0.10909090909090909,7.050249099731445,11.362468719482422,14.90771198272705,0.1633217607733466,5.130041122436523,0.09090909090909091,4.188127040863037,0.07272727272727272
135,225.0161895751953,1.4624737733888753,177.22593511424202,6.207693099975586,8.133892059326172,0.029076431309886908,2.8837852478027344,0.10909090909090909,7.050365447998047,11.359241485595703,14.904075622558594,0.1637299209555627,5.128380298614502,0.09090909090909091,4.188093185424805,0.07272727272727272
136,224.88116455078125,1.4615076982649464,177.11438748077035,6.204688549041748,8.130366325378418,0.029917944337020552,2.882159948348999,0.10909090909090909,7.050488471984863,11.356017112731934,14.90043830871582,0.16413801429202357,5.126718044281006,0.09090909090909091,4.188058376312256,0.07272727272727272
137,224.7462921142578,1.4605424367020725,177.00292444111346,6.201684474945068,8.126843452453613,0.030758675652099332,2.8805348873138428,0.10909090909090909,7.050613880157471,11.352791786193848,14.896800994873047,0.16454610762848443,5.125057697296143,0.09090909090909091,4.188023567199707,0.07272727272727272
138,224.61148071289062,1.4595779814432062,176.89155755646834,6.198680877685547,8.123321533203125,0.031598429827109364,2.8789103031158447,0.10909090909090909,7.050741672515869,11.349568367004395,14.893166542053223,0.1649536661989024,5.123395919799805,0.09090909090909091,4.187990665435791,0.07272727272727272
139,224.47671508789062,1.4586138231182404,176.78021577666368,6.1956787109375,8.119800567626953,0.032437597718078304,2.8772857189178467,0.10909090909090909,7.050873279571533,11.346343040466309,14.889530181884766,0.16536142530658637,5.121735572814941,0.09090909090909091,4.187955379486084,0.07272727272727272
140,224.34205627441406,1.4576510876022795,176.66904363388812,6.192677974700928,8.11628246307373,0.03327585361164975,2.8756613731384277,0.10909090909090909,7.051008701324463,11.343120574951172,14.885899543762207,0.16576838226520607,5.120074272155762,0.09090909090909091,4.187922477722168,0.07272727272727272
141,224.20751953125,1.4566886006082371,176.55788360316546,6.189678192138672,8.11276626586914,0.03411339293583748,2.874037265777588,0.10909090909090909,7.0511474609375,11.339898109436035,14.882265090942383,0.16617567345260265,5.118413925170898,0.09090909090909091,4.187886714935303,0.07272727272727272
142,224.0730438232422,1.4557268641944185,176.44681826645456,6.186678886413574,8.10925006866455,0.03495054140399789,2.8724138736724854,0.10909090909090909,7.0512871742248535,11.336675643920898,14.878634452819824,0.1665824967197117,5.116752624511719,0.09090909090909091,4.187855243682861,0.07272727272727272
143,223.93869018554688,1.454766040114185,176.33585140586138,6.18367862701416,8.10573673248291,0.035786452161404525,2.870790481567383,0.10909090909090909,7.051427841186523,11.333454132080078,14.875004768371582,0.16698898575804388,5.1150922775268555,0.09090909090909091,4.187820911407471,0.07272727272727272
144,223.80438232421875,1.4538058226919728,176.22494040334686,6.1806817054748535,8.102226257324219,0.03662164634942755,2.8691673278808594,0.10909090909090909,7.051572322845459,11.330231666564941,14.871373176574707,0.16739580902515294,5.11343240737915,0.09090909090909091,4.187786102294922,0.07272727272727272
145,223.670166015625,1.4528465578728758,176.11415231007913,6.1776838302612305,8.098715782165527,0.03745612396806686,2.867544174194336,0.10909090909090909,7.0517096519470215,11.327012062072754,14.86774730682373,0.16780169645168697,5.111771106719971,0.09090909090909091,4.187753200531006,0.07272727272727272
146,223.53607177734375,1.451887892639862,176.00343162652553,6.174688816070557,8.095206260681152,0.03829014558800736,2.8659191131591797,0.10909090909090909,7.0518012046813965,11.32379150390625,14.86412239074707,0.16820745018671024,5.110110759735107,0.09090909090909091,4.187719821929932,0.07272727272727272
147,223.40203857421875,1.4509297850758376,175.89275376294017,6.171692848205566,8.091700553894043,0.03912299463986557,2.8642945289611816,0.10909090909090909,7.051890850067139,11.320571899414062,14.860493659973145,0.16861353815051028,5.108450412750244,0.09090909090909091,4.187685966491699,0.07272727272727272
148,223.26808166503906,1.4499726288460102,175.7821986586814,6.168696880340576,8.088194847106934,0.03995545283569635,2.8626701831817627,0.10909090909090909,7.051982402801514,11.317355155944824,14.856870651245117,0.1690188908110014,5.106790065765381,0.09090909090909091,4.187651634216309,0.07272727272727272
149,223.1342315673828,1.4490159217836318,175.67168377090047,6.165703773498535,8.084691047668457,0.04078686874878712,2.8610458374023438,0.10909090909090909,7.052073001861572,11.31413459777832,14.853245735168457,0.1694243771630033,5.105129718780518,0.09090909090909091,4.187618732452393,0.07272727272727272
150,223.00048828125,1.4480601234160788,175.56126697899208,6.162712574005127,8.08119010925293,0.0416176983778368,2.859421730041504,0.10909090909090909,7.0521674156188965,11.310918807983398,14.849621772766113,0.16982959613198378,5.1034698486328125,0.09090909090909091,4.187587261199951,0.07272727272727272
151,222.8668212890625,1.4471048153750359,175.4509149011028,6.1597185134887695,8.077688217163086,0.04244800686551642,2.857797861099243,0.10909090909090909,7.052260875701904,11.307700157165527,14.846000671386719,0.17023441402643202,5.101809501647949,0.09090909090909091,4.18755578994751,0.07272727272727272
152,222.73324584960938,1.4461506238432174,175.34067746354913,6.156728267669678,8.074191093444824,0.04327694735709997,2.8561737537384033,0.10909090909090909,7.052356719970703,11.304485321044922,14.842379570007324,0.1706391650751249,5.100149631500244,0.09090909090909091,4.187523365020752,0.07272727272727272
153,222.5997314453125,1.4451969755292267,175.23050590080675,6.1537370681762695,8.070693969726562,0.04410543184998472,2.8545501232147217,0.10909090909090909,7.0524516105651855,11.30126953125,14.838760375976562,0.1710435818950411,5.098490238189697,0.09090909090909091,4.187488555908203,0.07272727272727272
154,222.46630859375,1.4442438759663545,175.12038852240312,6.150747299194336,8.067198753356934,0.04493339520149964,2.85292649269104,0.10909090909090909,7.052548408508301,11.298052787780762,14.835140228271484,0.17144793186920182,5.096828937530518,0.09090909090909091,4.187457084655762,0.07272727272727272
155,222.3330078125,1.4432915754954072,175.01036649616208,6.147758483886719,8.063704490661621,0.04576057684095958,2.8513031005859375,0.10909090909090909,7.052645683288574,11.294839859008789,14.831522941589355,0.17185194761458578,5.095170021057129,0.09090909090909091,4.187424659729004,0.07272727272727272
156,222.19976806640625,1.4423398230547821,174.90039858070077,6.144772052764893,8.060212135314941,0.04658671619767962,2.849679946899414,0.10909090909090909,7.052743434906006,11.2916259765625,14.82790470123291,0.17225596335996984,5.093509674072266,0.09090909090909091,4.187393665313721,0.07272727272727272
157,222.06661987304688,1.4413893332167862,174.7905720305307,6.14178466796875,8.056723594665527,0.047412008699673436,2.8480567932128906,0.10909090909090909,7.052842617034912,11.288411140441895,14.824289321899414,0.17265951118506628,5.091850280761719,0.09090909090909091,4.187361240386963,0.07272727272727272
158,221.93356323242188,1.4404392301468611,174.68079579902815,6.138797760009766,8.053234100341797,0.04823684520296856,2.846433639526367,0.10909090909090909,7.05294132232666,11.285199165344238,14.82067584991455,0.17306292531865208,5.090190887451172,0.09090909090909091,4.187328815460205,0.07272727272727272
159,221.80064392089844,1.4394895726175423,174.57105942388716,6.135812282562256,8.0497465133667,0.04906103027955133,2.844810724258423,0.10909090909090909,7.05303955078125,11.281988143920898,14.817060470581055,0.17346620576072713,5.088531494140625,0.09090909090909091,4.187297821044922,0.07272727272727272
160,221.667724609375,1.438540866717935,174.46143352189574,6.132828235626221,8.046260833740234,0.04988443364407913,2.8431880474090576,0.10909090909090909,7.053138732910156,11.278775215148926,14.813447952270508,0.17386928566553606,5.086871147155762,0.09090909090909091,4.187265872955322,0.07272727272727272
161,221.53494262695312,1.4375930158426855,174.35189220787788,6.1298441886901855,8.042778968811035,0.050706729583195664,2.8415653705596924,0.10909090909090909,7.0532402992248535,11.275564193725586,14.809834480285645,0.17427216503307896,5.085211753845215,0.09090909090909091,4.187236309051514,0.07272727272727272
162,221.40223693847656,1.4366460088573074,174.24245879938144,6.126861095428467,8.039297103881836,0.051528439238271107,2.839942693710327,0.10909090909090909,7.053342342376709,11.272353172302246,14.806225776672363,0.17467457648033435,5.083552360534668,0.09090909090909091,4.187204360961914,0.07272727272727272
163,221.26962280273438,1.4356992382244962,174.13304854351827,6.1238789558410645,8.035815238952637,0.0523496277519766,2.83832049369812,0.10909090909090909,7.053443908691406,11.269144058227539,14.802616119384766,0.17507698792758974,5.081892967224121,0.09090909090909091,4.187172889709473,0.07272727272727272
164,221.1370849609375,1.434753624713811,174.02376507276904,6.12089729309082,8.032337188720703,0.05316990426828461,2.836698055267334,0.10909090909090909,7.053546905517578,11.265934944152832,14.7990083694458,0.17547906514606837,5.080234050750732,0.09090909090909091,4.187142372131348,0.07272727272727272
165,221.00462341308594,1.4338085023958311,173.91453412538067,6.117917537689209,8.028860092163086,0.053989464215209004,2.835075855255127,0.10909090909090909,7.05364990234375,11.262724876403809,14.795400619506836,0.17588100867303624,5.0785746574401855,0.09090909090909091,4.187112808227539,0.07272727272727272
166,220.87228393554688,1.4328636688291265,173.80532746835297,6.1149373054504395,8.025383949279785,0.054808503020763344,2.833453416824341,0.10909090909090909,7.053752899169922,11.259514808654785,14.791790962219238,0.17628308589151487,5.076915264129639,0.09090909090909091,4.187094211578369,0.07272727272727272
167,220.74002075195312,1.4319202939211044,173.69628972595865,6.111959457397461,8.02191162109375,0.055626173830221615,2.831831455230713,0.10909090909090909,7.05385684967041,11.256308555603027,14.788186073303223,0.17668442780668447,5.075257301330566,0.09090909090909091,4.18708610534668,0.07272727272727272
168,220.60784912109375,1.4309772020687417,173.58728789863198,6.108980655670166,8.018438339233398,0.056443844639679885,2.830209493637085,0.10909090909090909,7.053958892822266,11.253103256225586,14.784582138061523,0.1770857697218542,5.073599338531494,0.09090909090909091,4.187089920043945,0.07272727272727272
169,220.47579956054688,1.4300349611193384,173.4783702401346,6.106004238128662,8.014968872070312,0.057260212595713345,2.828587770462036,0.10909090909090909,7.054060935974121,11.249894142150879,14.780977249145508,0.17748697794551305,5.07194185256958,0.09090909090909091,4.187102317810059,0.07272727272727272
170,220.3437957763672,1.4290934117240406,173.36953311759225,6.103027820587158,8.011500358581543,0.05807592912503423,2.8269660472869873,0.10909090909090909,7.054164886474609,11.24669075012207,14.777374267578125,0.17788791878615062,5.070285320281982,0.09090909090909091,4.187122344970703,0.07272727272727272
171,220.21188354492188,1.4281524525378364,173.2607624011739,6.100052833557129,8.00803279876709,0.05889112451298528,2.8253443241119385,0.10909090909090909,7.054266929626465,11.243485450744629,14.773772239685059,0.1782885922437667,5.068628787994385,0.09090909090909091,4.187147617340088,0.07272727272727272
172,220.08004760742188,1.4272124389955536,173.15210150009943,6.097076892852783,8.00456714630127,0.0597054730462101,2.8237226009368896,0.10909090909090909,7.054370880126953,11.240281105041504,14.770173072814941,0.17868899831836138,5.066972255706787,0.09090909090909091,4.187180995941162,0.07272727272727272
173,219.94833374023438,1.4262730676318947,173.04350809630478,6.094104766845703,8.001103401184082,0.06051903986737994,2.822101593017578,0.10909090909090909,7.054473400115967,11.237076759338379,14.766573905944824,0.17908920385568994,5.065316200256348,0.09090909090909091,4.187220573425293,0.07272727272727272
174,219.81668090820312,1.425334160309097,172.934960443936,6.091131210327148,7.997641086578369,0.061331955261837434,2.8204801082611084,0.10909090909090909,7.0545759201049805,11.233870506286621,14.76297378540039,0.1794894093930185,5.06365966796875,0.09090909090909091,4.187263488769531,0.07272727272727272
175,219.68515014648438,1.4243963266255848,172.826531245865,6.08815860748291,7.994182109832764,0.062143763230883664,2.818859100341797,0.10909090909090909,7.054678440093994,11.230667114257812,14.75937557220459,0.17988934754732566,5.062004089355469,0.09090909090909091,4.187312602996826,0.07272727272727272
176,219.55364990234375,1.4234587741244882,172.71813775508485,6.085187911987305,7.990722179412842,0.06295537577191623,2.8172378540039062,0.10909090909090909,7.054781913757324,11.227466583251953,14.755778312683105,0.18028901831861133,5.060349464416504,0.09090909090909091,4.187365531921387,0.07272727272727272
177,219.42230224609375,1.422522495918788,172.609890742669,6.082218170166016,7.987265586853027,0.06376588088753765,2.815617322921753,0.10909090909090909,7.054885387420654,11.224266052246094,14.752184867858887,0.1806882211696096,5.058693885803223,0.09090909090909091,4.187420845031738,0.07272727272727272
178,219.29098510742188,1.4215864785113521,172.50166118497145,6.079247951507568,7.9838104248046875,0.06457573457644661,2.8139960765838623,0.10909090909090909,7.054988384246826,11.221064567565918,14.748588562011719,0.18108762455787386,5.0570387840271,0.09090909090909091,4.187480449676514,0.07272727272727272
179,219.15975952148438,1.4206513507799299,172.39353990598875,6.076279640197754,7.980356216430664,0.06538500198131436,2.81237530708313,0.10909090909090909,7.0550923347473145,11.217863082885742,14.744996070861816,0.181486626871606,5.055383682250977,0.09090909090909091,4.1875433921813965,0.07272727272727272
180,219.02865600585938,1.4197170397500571,172.28550749144665,6.0733113288879395,7.976904392242432,0.06619335738878473,2.8107547760009766,0.10909090909090909,7.055197238922119,11.214665412902832,14.74140453338623,0.18188522811080599,5.05372953414917,0.09090909090909091,4.187607288360596,0.07272727272727272
181,218.89761352539062,1.4187832667650293,172.17752816746452,6.070343494415283,7.973454475402832,0.06700093108420013,2.8091342449188232,0.10909090909090909,7.055301666259766,11.211464881896973,14.737812042236328,0.182284029887272,5.052074909210205,0.09090909090909091,4.187675476074219,0.07272727272727272
182,218.76666259765625,1.4178501805825605,172.06962885820099,6.067378044128418,7.970005512237549,0.06780785335290307,2.80751371383667,0.10909090909090909,7.055405616760254,11.20826530456543,14.734221458435059,0.18268236374345048,5.050420761108398,0.09090909090909091,4.187742710113525,0.07272727272727272
183,218.6357879638672,1.41691785737309,171.96181712087696,6.0644121170043945,7.96655797958374,0.06861412419489354,2.8058934211730957,0.10909090909090909,7.055508136749268,11.205066680908203,14.730632781982422,0.18308049706236296,5.048766136169434,0.09090909090909091,4.1878132820129395,0.07272727272727272
184,218.50503540039062,1.4159863247857585,171.85408759840607,6.061448097229004,7.963113307952881,0.0694194178968155,2.8042731285095215,0.10909090909090909,7.0556135177612305,11.201869010925293,14.727044105529785,0.1834784966897648,5.047111511230469,0.09090909090909091,4.187885761260986,0.07272727272727272
185,218.37432861328125,1.4150549986667198,171.74637419423016,6.0584845542907715,7.95966911315918,0.07022419045736739,2.8026530742645264,0.10909090909090909,7.0557169914245605,11.198670387268066,14.723453521728516,0.18387649631716652,5.0454583168029785,0.09090909090909091,4.187957763671875,0.07272727272727272
186,218.24374389648438,1.4141249897634922,171.63881957329204,6.055521488189697,7.9562273025512695,0.07102811616319304,2.801032781600952,0.10909090909090909,7.0558180809021,11.195475578308105,14.719868659973145,0.18427389433277008,5.043803691864014,0.09090909090909091,4.188034534454346,0.07272727272727272
187,218.11322021484375,1.4131954643603386,171.5313166644437,6.0525593757629395,7.952786445617676,0.07183145558497761,2.7994132041931152,0.10909090909090909,7.055917739868164,11.192278861999512,14.716283798217773,0.1846711586568629,5.042149543762207,0.09090909090909091,4.188109397888184,0.07272727272727272
188,217.98281860351562,1.4122667276636647,171.42389577235053,6.04959774017334,7.949348449707031,0.07263381786669343,2.7977936267852783,0.10909090909090909,7.056015968322754,11.18908405303955,14.712698936462402,0.18506835613520034,5.040496349334717,0.09090909090909091,4.188185214996338,0.07272727272727272
189,217.85247802734375,1.4113385743616929,171.31654055445006,6.046637058258057,7.945911407470703,0.07343559386436815,2.7961745262145996,0.10909090909090909,7.056112289428711,11.185888290405273,14.709115028381348,0.18546535307627177,5.03884220123291,0.09090909090909091,4.188263416290283,0.07272727272727272
190,217.72222900390625,1.4104112815296972,171.20928660393497,6.043678283691406,7.94247579574585,0.07423665329265916,2.7945556640625,0.10909090909090909,7.056208610534668,11.182694435119629,14.705533981323242,0.18586194894281094,5.037188529968262,0.09090909090909091,4.188340187072754,0.07272727272727272
191,217.59207153320312,1.4094843703727007,171.10207020581765,6.040719509124756,7.9390411376953125,0.0750370612942377,2.7929370403289795,0.10909090909090909,7.056302070617676,11.1795015335083,14.70195198059082,0.18625847796359485,5.0355353355407715,0.09090909090909091,4.188417911529541,0.07272727272727272
192,217.46200561523438,1.4085585995271608,170.99497881098637,6.0377607345581055,7.935610294342041,0.07583642701307625,2.791318893432617,0.10909090909090909,7.056394100189209,11.176309585571289,14.698371887207031,0.18665473960135737,5.033881664276123,0.09090909090909091,4.188495635986328,0.07272727272727272
193,217.33204650878906,1.4076330571927576,170.88790976055088,6.034804344177246,7.9321794509887695,0.07663533673321621,2.789701223373413,0.10909090909090909,7.056485176086426,11.173115730285645,14.694790840148926,0.1870509343933644,5.032227993011475,0.09090909090909091,4.188575267791748,0.07272727272727272
194,217.2021484375,1.4067087268072291,170.78098493576954,6.0318474769592285,7.928750991821289,0.07743339959862994,2.788084030151367,0.10909090909090909,7.056570529937744,11.169923782348633,14.691214561462402,0.1874467281108394,5.030575275421143,0.09090909090909091,4.188653469085693,0.07272727272727272
195,217.0723876953125,1.405784652000943,170.67407706228755,6.028892517089844,7.925323963165283,0.07823074589465995,2.7864673137664795,0.10909090909090909,7.056656837463379,11.166731834411621,14.68763542175293,0.1878425218283143,5.028921604156494,0.09090909090909091,4.188731670379639,0.07272727272727272
196,216.94264221191406,1.404861763648631,170.5673068328001,6.025938987731934,7.921899795532227,0.07902704990795018,2.784850835800171,0.10909090909090909,7.0567402839660645,11.163541793823242,14.684060096740723,0.18823791447125704,5.027268409729004,0.09090909090909091,4.188811302185059,0.07272727272727272
197,216.81301879882812,1.40393887457496,170.4605361807703,6.022984027862549,7.918474197387695,0.07982328877856903,2.7832345962524414,0.10909090909090909,7.056817531585693,11.160348892211914,14.6804838180542,0.18863317342268915,5.025615215301514,0.09090909090909091,4.188889980316162,0.07272727272727272
198,216.68348693847656,1.4030173747728714,170.35391926273678,6.020030975341797,7.915053367614746,0.08061822479576308,2.781618595123291,0.10909090909090909,7.056894302368164,11.1571626663208,14.676910400390625,0.1890280981453445,5.023962497711182,0.09090909090909091,4.18897008895874,0.07272727272727272
199,216.55401611328125,1.4020962782039614,170.2473460632907,6.017078876495361,7.911633014678955,0.08141263967158718,2.780003070831299,0.10909090909090909,7.056963920593262,11.153973579406738,14.67333698272705,0.18942302286799972,5.02230978012085,0.09090909090909091,4.189049243927002,0.07272727272727272
200,216.42469787597656,1.4011757610120794,170.14083810468355,6.014129161834717,7.9082136154174805,0.08220646826336997,2.778388261795044,0.10909090909090909,7.057032585144043,11.150785446166992,14.669764518737793,0.18981768020763357,5.020656585693359,0.09090909090909091,4.189127445220947,0.07272727272727272
201,216.29541015625,1.4002563271438002,170.03445348507762,6.011178493499756,7.904797077178955,0.08299931971508423,2.7767741680145264,0.10909090909090909,7.057092189788818,11.14759635925293,14.666194915771484,0.19021193647273527,5.019003868103027,0.09090909090909091,4.189206123352051,0.07272727272727272
202,216.166259765625,1.3993369705643546,169.92806409022296,6.008228778839111,7.901381492614746,0.08379158488275718,2.775160551071167,0.10909090909090909,7.057149887084961,11.144408226013184,14.66262149810791,0.19060646012085847,5.017350196838379,0.09090909090909091,4.189284801483154,0.07272727272727272
203,216.03717041015625,1.398418693500663,169.82180974105563,6.005279541015625,7.8979668617248535,0.08458326376638903,2.7735471725463867,0.10909090909090909,7.057201385498047,11.141222953796387,14.659053802490234,0.19100031531142803,5.015698432922363,0.09090909090909091,4.189363956451416,0.07272727272727272
204,215.90817260742188,1.3975012489453178,169.71563769385648,6.0023322105407715,7.894556045532227,0.08537383522460962,2.7719345092773438,0.10909090909090909,7.057249546051025,11.138036727905273,14.655485153198242,0.1913941036562422,5.014045715332031,0.09090909090909091,4.189441680908203,0.07272727272727272
205,215.77926635742188,1.396584178756463,169.60951454439987,5.999383926391602,7.891144275665283,0.08616414611214529,2.77032208442688,0.10909090909090909,7.057292461395264,11.134851455688477,14.651918411254883,0.191787624618035,5.012392520904541,0.09090909090909091,4.18951940536499,0.07272727272727272
206,215.65045166015625,1.3956681160578954,169.50349509790817,5.9964375495910645,7.887736797332764,0.08695321928892741,2.7687106132507324,0.10909090909090909,7.057332515716553,11.13166618347168,14.648351669311523,0.1921811455798278,5.010739803314209,0.09090909090909091,4.189598083496094,0.07272727272727272
207,215.52171325683594,1.3947524785410885,169.39752556123744,5.993492603302002,7.884329319000244,0.08774196675235313,2.767099380493164,0.10909090909090909,7.057368278503418,11.1284818649292,14.64478588104248,0.1925743323128437,5.009087085723877,0.09090909090909091,4.189676284790039,0.07272727272727272
208,215.39305114746094,1.3938379448763791,169.29168539222883,5.9905476570129395,7.880924224853516,0.08852980221838158,2.7654881477355957,0.10909090909090909,7.05740213394165,11.125298500061035,14.641223907470703,0.1929671179713276,5.007435321807861,0.09090909090909091,4.189754486083984,0.07272727272727272
209,215.26449584960938,1.3929237625572246,169.18587571885064,5.987603664398193,7.877520561218262,0.08931685597235506,2.7638778686523438,0.10909090909090909,7.057430744171143,11.122115135192871,14.637660026550293,0.19335997047556674,5.005782604217529,0.09090909090909091,4.1898322105407715,0.07272727272727272
210,215.13601684570312,1.3920101559343883,169.08013089142105,5.984661102294922,7.874117851257324,0.09010345372762973,2.762267589569092,0.10909090909090909,7.057457447052002,11.118932723999023,14.6340970993042,0.1937525555967845,5.0041303634643555,0.09090909090909091,4.189907073974609,0.07272727272727272
211,215.00762939453125,1.3910974515446894,168.97448735134344,5.981717586517334,7.870717525482178,0.09088913948550714,2.7606582641601562,0.10909090909090909,7.05748176574707,11.115751266479492,14.630536079406738,0.19414487333498087,5.002477645874023,0.09090909090909091,4.1899847984313965,0.07272727272727272
212,214.8793182373047,1.390185548758372,168.86893108022764,5.978777885437012,7.867319583892822,0.0916739783886582,2.7590484619140625,0.10909090909090909,7.057505130767822,11.112567901611328,14.626976013183594,0.19453699053591111,5.00082540512085,0.09090909090909091,4.190062999725342,0.07272727272727272
213,214.7510986328125,1.3892740693594052,168.7634245211741,5.975836277008057,7.863921642303467,0.09245836129311069,2.757439374923706,0.10909090909090909,7.057525157928467,11.10938835144043,14.623416900634766,0.1949289740453306,4.999172687530518,0.09090909090909091,4.1901373863220215,0.07272727272727272
214,214.62298583984375,1.3883633907650892,168.65800514590364,5.972897529602051,7.860526084899902,0.09324189734283694,2.7558300495147705,0.10909090909090909,7.057546615600586,11.106206893920898,14.619858741760254,0.1953206901717287,4.997520923614502,0.09090909090909091,4.19021463394165,0.07272727272727272
215,214.49493408203125,1.3874535368686045,168.55267934170865,5.969958305358887,7.857132434844971,0.09402478196585073,2.7542214393615723,0.10909090909090909,7.057562828063965,11.103029251098633,14.616302490234375,0.19571207206935004,4.995868682861328,0.09090909090909091,4.190288543701172,0.07272727272727272
216,214.3669891357422,1.3865442074433627,168.44740524199915,5.9670209884643555,7.853740692138672,0.09480675459146715,2.752612829208374,0.10909090909090909,7.057579517364502,11.099847793579102,14.61274528503418,0.19610352081272675,4.994215965270996,0.09090909090909091,4.190375328063965,0.07272727272727272
217,214.23907470703125,1.3856356508595473,168.34222357441536,5.964083671569824,7.8503499031066895,0.09558814093304235,2.751004695892334,0.10909090909090909,7.057590961456299,11.096671104431152,14.609190940856934,0.1964945684815712,4.992565631866455,0.09090909090909091,4.190467834472656,0.07272727272727272
218,214.11129760742188,1.3847277932626163,168.23711495231714,5.961147308349609,7.846961498260498,0.0963687455625627,2.749396324157715,0.10909090909090909,7.057602882385254,11.09349250793457,14.605636596679688,0.19688548245890503,4.990914344787598,0.09090909090909091,4.1905670166015625,0.07272727272727272
219,213.98361206054688,1.3838205079822523,168.13207081221685,5.958211898803711,7.843574047088623,0.09714869876537047,2.747788190841675,0.10909090909090909,7.057610511779785,11.090313911437988,14.602083206176758,0.19727619589897283,4.98926305770874,0.09090909090909091,4.190674781799316,0.07272727272727272
220,213.85598754882812,1.3829138945497117,168.0271050468093,5.955276966094971,7.8401875495910645,0.09792819596947966,2.7461800575256348,0.10909090909090909,7.057613372802734,11.087139129638672,14.598531723022461,0.19766664195601913,4.987612247467041,0.09090909090909091,4.190786838531494,0.07272727272727272
221,213.72845458984375,1.3820082799655737,167.92224209498636,5.952342987060547,7.83680534362793,0.09870639032016382,2.744572401046753,0.10909090909090909,7.057613372802734,11.083963394165039,14.594980239868164,0.19805702116731005,4.985961437225342,0.09090909090909091,4.19090461730957,0.07272727272727272
222,213.6010284423828,1.3811031857143625,167.81744246577387,5.9494099617004395,7.833423137664795,0.0994841286721494,2.74296498298645,0.10909090909090909,7.057604789733887,11.080787658691406,14.5914306640625,0.19844699930406884,4.984311580657959,0.09090909090909091,4.191025257110596,0.07272727272727272
223,213.47369384765625,1.3801987130185065,167.7127081839235,5.946476459503174,7.830042839050293,0.10026115045475126,2.7413578033447266,0.10909090909090909,7.05759334564209,11.07761001586914,14.587881088256836,0.19883697744082762,4.982660293579102,0.09090909090909091,4.1911540031433105,0.07272727272727272
224,213.346435546875,1.379295010249582,167.60806600868523,5.943546772003174,7.826663494110107,0.1010375859533118,2.7397513389587402,0.10909090909090909,7.057577133178711,11.074437141418457,14.584334373474121,0.19922642081154351,4.981010437011719,0.09090909090909091,4.191283702850342,0.07272727272727272
225,213.21923828125,1.3783921536624244,167.50351147864444,5.940616130828857,7.823287487030029,0.10181291402646131,2.738145112991333,0.10909090909090909,7.057557106018066,11.07126235961914,14.580787658691406,0.19961586418225952,4.979360580444336,0.09090909090909091,4.191416263580322,0.07272727272727272
226,213.0921630859375,1.3774898666899027,167.39902113987614,5.937686920166016,7.819912433624268,0.10258778610091213,2.7365386486053467,0.10909090909090909,7.057535171508789,11.068090438842773,14.577241897583008,0.20000517386146466,4.977710723876953,0.09090909090909091,4.19155216217041,0.07272727272727272
227,212.9651641845703,1.3765881245108131,167.29458851879554,5.934757232666016,7.8165388107299805,0.10336194160597922,2.734933614730835,0.10909090909090909,7.057505130767822,11.064918518066406,14.57369613647461,0.20039421615764852,4.9760613441467285,0.09090909090909091,4.191689968109131,0.07272727272727272
228,212.8382568359375,1.3756870005199724,167.19023291833832,5.931828498840332,7.813165187835693,0.10413570625501889,2.7333285808563232,0.10909090909090909,7.057473659515381,11.061745643615723,14.57015323638916,0.20078299107081088,4.9744110107421875,0.09090909090909091,4.191831111907959,0.07272727272727272
229,212.71142578125,1.37478674670178,167.08595932908156,5.928901672363281,7.809796333312988,0.10490816805063352,2.731724500656128,0.10909090909090909,7.057461261749268,11.058572769165039,14.566608428955078,0.2011718328297285,4.972761631011963,0.09090909090909091,4.191972255706787,0.07272727272727272
230,212.584716796875,1.373887284765801,166.981784002322,5.925975322723389,7.806427955627441,0.10568010870487832,2.7301218509674072,0.10909090909090909,7.057467937469482,11.055403709411621,14.563067436218262,0.20156013982260335,4.971112251281738,0.09090909090909091,4.1921162605285645,0.07272727272727272
231,212.45806884765625,1.3729883660859068,166.87766623086304,5.923050403594971,7.803061008453369,0.1064513327897395,2.728520154953003,0.10909090909090909,7.057489395141602,11.052230834960938,14.559526443481445,0.2019484468154782,4.969462871551514,0.09090909090909091,4.192261695861816,0.07272727272727272
232,212.33151245117188,1.3720903134912603,166.77365407412208,5.920124530792236,7.799695014953613,0.1072221008759019,2.726919174194336,0.10909090909090909,7.057526588439941,11.049063682556152,14.555989265441895,0.20233615219655487,4.967813968658447,0.09090909090909091,4.192407608032227,0.07272727272727272
233,212.20504760742188,1.371192630148998,166.66966618660285,5.917201519012451,7.796331882476807,0.10799189182199553,2.7253191471099854,0.10909090909090909,7.057576656341553,11.045893669128418,14.552448272705078,0.20272412496065295,4.9661641120910645,0.09090909090909091,4.192554473876953,0.07272727272727272
234,212.07864379882812,1.3702955382826638,166.5657486408279,5.91427755355835,7.792969226837158,0.10876109648404808,2.723719358444214,0.10909090909090909,7.057640075683594,11.042722702026367,14.548909187316895,0.20311196403324028,4.964515209197998,0.09090909090909091,4.192702293395996,0.07272727272727272
235,211.95236206054688,1.3693996352257267,166.46197273656935,5.911356449127197,7.789608955383301,0.10952951943404565,2.722120761871338,0.10909090909090909,7.057714939117432,11.039556503295898,14.545374870300293,0.2034990678025187,4.96286678314209,0.09090909090909091,4.192850112915039,0.07272727272727272
236,211.82614135742188,1.3685039506407999,166.35820613602914,5.9084343910217285,7.786250591278076,0.11029722581465962,2.72052264213562,0.10909090909090909,7.057797908782959,11.036389350891113,14.541836738586426,0.2038864389548185,4.961216926574707,0.09090909090909091,4.1930012702941895,0.07272727272727272
237,211.7000274658203,1.3676093789193078,166.2545736244865,5.905513763427734,7.782894134521484,0.11106408534054735,2.718925714492798,0.10909090909090909,7.057888031005859,11.033221244812012,14.53830337524414,0.20427327534107542,4.959566593170166,0.09090909090909091,4.193156719207764,0.07272727272727272
238,211.57400512695312,1.366715347774488,166.1509983866422,5.902594566345215,7.779539108276367,0.11183035858239387,2.7173287868499756,0.10909090909090909,7.057987213134766,11.030054092407227,14.534770011901855,0.20466004488157707,4.957916736602783,0.09090909090909091,4.193309783935547,0.07272727272727272
239,211.4480438232422,1.3658219562556297,166.04749425176738,5.8996758460998535,7.776185512542725,0.11259591525485668,2.715733289718628,0.10909090909090909,7.058089733123779,11.02688980102539,14.531237602233887,0.20504654703905723,4.956266403198242,0.09090909090909091,4.193466663360596,0.07272727272727272
240,211.32220458984375,1.3649291793410399,165.9440547390236,5.89675760269165,7.772833824157715,0.11336069021526463,2.7141382694244385,0.10909090909090909,7.058197021484375,11.023724555969238,14.527705192565918,0.2054329823507821,4.954615592956543,0.09090909090909091,4.193624973297119,0.07272727272727272
241,211.1964111328125,1.3640371652702137,165.84070654493576,5.893840312957764,7.7694830894470215,0.11412500917697377,2.7125439643859863,0.10909090909090909,7.0583109855651855,11.020562171936035,14.524175643920898,0.20581901658797475,4.9529643058776855,0.09090909090909091,4.193785667419434,0.07272727272727272
242,211.07069396972656,1.3631459141980133,165.7374377015817,5.890923976898193,7.766135215759277,0.11488828585594313,2.7109503746032715,0.10909090909090909,7.058427333831787,11.017395973205566,14.520646095275879,0.20620505082516738,4.951313018798828,0.09090909090909091,4.193946361541748,0.07272727272727272
243,210.94509887695312,1.3622552512345325,165.63423882483312,5.888008117675781,7.762787818908691,0.11565110653621369,2.709357261657715,0.10909090909090909,7.058546543121338,11.014232635498047,14.517118453979492,0.20659068398782787,4.9496612548828125,0.09090909090909091,4.194106578826904,0.07272727272727272
244,210.819580078125,1.3613652758100117,165.53111180236988,5.885093688964844,7.7594428062438965,0.11641308036175813,2.707772970199585,0.12727272727272726,7.058670520782471,11.011072158813477,14.513590812683105,0.20697618345897772,4.948009967803955,0.09090909090909091,4.194269180297852,0.07272727272727272
245,210.69415283203125,1.3604755902676584,165.42801316129658,5.882178783416748,7.75609827041626,0.11717466333127502,2.706202983856201,0.12727272727272726,7.058796405792236,11.007908821105957,14.510062217712402,0.20736168293012758,4.946357727050781,0.09090909090909091,4.194430351257324,0.07272727272727272
246,210.56878662109375,1.3595869635800208,165.32503520819614,5.879266738891602,7.752756595611572,0.11793513887538087,2.7046334743499756,0.12727272727272726,7.058923244476318,11.004746437072754,14.506536483764648,0.20774684817250055,4.944706439971924,0.09090909090909091,4.19459342956543,0.07272727272727272
247,210.44354248046875,1.3586991716597476,165.22215568418324,5.876353740692139,7.749416351318359,0.11869509327811667,2.7030651569366455,0.12727272727272726,7.059052467346191,11.001585960388184,14.503013610839844,0.2081316123403414,4.943054676055908,0.09090909090909091,4.194756507873535,0.07272727272727272
248,210.318359375,1.3578119910333117,165.11934043420683,5.873442649841309,7.746078014373779,0.11945420082612634,2.7014970779418945,0.12727272727272726,7.05918025970459,10.99842643737793,14.499490737915039,0.20851630966242696,4.941401958465576,0.09090909090909091,4.194920539855957,0.07272727272727272
249,210.19326782226562,1.3569254707787932,165.01660230082234,5.8705315589904785,7.742740631103516,0.12021285237543733,2.6999306678771973,0.12727272727272726,7.059306621551514,10.995266914367676,14.495969772338867,0.20890067275573565,4.9397501945495605,0.09090909090909091,4.195084571838379,0.07272727272727272
250,210.0682830810547,1.3560395363412274,164.91392192417106,5.867621898651123,7.739405632019043,0.12097052678467957,2.698364734649658,0.12727272727272726,7.059433937072754,10.992108345031738,14.492447853088379,0.20928503584904434,4.938097953796387,0.09090909090909091,4.195248603820801,0.07272727272727272
251,209.943359375,1.3551540882015778,164.81129739128187,5.864712238311768,7.7360711097717285,0.12172781033789437,2.6967992782592773,0.12727272727272726,7.059559345245361,10.988947868347168,14.488926887512207,0.20966913155933165,4.936445713043213,0.09090909090909091,4.19541072845459,0.07272727272727272
252,209.8185272216797,1.3542695223003651,164.70877199495658,5.8618035316467285,7.732738971710205,0.12248431217905431,2.695234775543213,0.12727272727272726,7.059686183929443,10.985790252685547,14.485407829284668,0.21005302673235282,4.934792995452881,0.09090909090909091,4.195574760437012,0.05454545454545454
253,209.69378662109375,1.3533856895357306,164.60633092471517,5.8588948249816895,7.729408264160156,0.12324009745083042,2.693671226501465,0.12727272727272726,7.059808731079102,10.982633590698242,14.481890678405762,0.21043658767659734,4.933141708374023,0.09090909090909091,4.195737361907959,0.05454545454545454
254,209.56915283203125,1.35250239151965,164.50394651653687,5.855987548828125,7.726078987121582,0.12399516615322304,2.692108631134033,0.12727272727272726,7.059930324554443,10.979476928710938,14.478373527526855,0.21082008177508638,4.931488990783691,0.09090909090909091,4.1959004402160645,0.05454545454545454
255,209.444580078125,1.3516197763139046,164.40163347182602,5.853081226348877,7.722752094268799,0.12474945314356056,2.690547227859497,0.12727272727272726,7.060049533843994,10.976319313049316,14.47485637664795,0.21120350902782004,4.929836750030518,0.09090909090909091,4.1960625648498535,0.05454545454545454
256,209.32012939453125,1.350738041298856,164.29941934488193,5.8501763343811035,7.719427585601807,0.1255028281365007,2.688986301422119,0.12727272727272726,7.0601677894592285,10.973165512084961,14.471341133117676,0.2115864683602663,4.928184986114502,0.09090909090909091,4.196226119995117,0.05454545454545454
257,209.1957244873047,1.3498567411857245,164.19725991613132,5.847271919250488,7.716102600097656,0.12625607284409845,2.6874260902404785,0.12727272727272726,7.060285568237305,10.970010757446289,14.467827796936035,0.21196922715544642,4.926532745361328,0.09090909090909091,4.1963887214660645,0.05454545454545454
258,209.07142639160156,1.3489763448736303,164.09519378580694,5.8443684577941895,7.7127814292907715,0.12700807984094242,2.685866594314575,0.12727272727272726,7.060401439666748,10.966856002807617,14.464314460754395,0.21235198595062654,4.924880504608154,0.09090909090909091,4.196549892425537,0.05454545454545454
259,208.94720458984375,1.3480965309825548,163.9931969934703,5.841465473175049,7.709460735321045,0.1277596308390878,2.684307336807251,0.12727272727272726,7.0605149269104,10.963702201843262,14.460803031921387,0.21273427682551915,4.9232282638549805,0.09090909090909091,4.19671106338501,0.05454545454545454
260,208.82308959960938,1.3472174224847264,163.8912777694261,5.83856201171875,7.706141948699951,0.12851046526784937,2.682748794555664,0.12727272727272726,7.060628414154053,10.960549354553223,14.457292556762695,0.2131165008546564,4.921576023101807,0.09090909090909091,4.196873188018799,0.05454545454545454
261,208.69903564453125,1.3463385993558594,163.78938645929156,5.835660457611084,7.702823638916016,0.12926084369791235,2.6811907291412354,0.12727272727272726,7.060740947723389,10.957395553588867,14.453781127929688,0.21349872488379362,4.919924259185791,0.09090909090909091,4.197032928466797,0.05454545454545454
262,208.5750732421875,1.3454610731620922,163.6876433676391,5.832760810852051,7.699509143829346,0.13000998441722156,2.679633378982544,0.12727272727272726,7.060853481292725,10.954242706298828,14.450273513793945,0.21388048099264345,4.918272972106934,0.09090909090909091,4.197193145751953,0.05454545454545454
263,208.45118713378906,1.34458375768454,163.5859207735898,5.829860687255859,7.696194648742676,0.1307587994231747,2.6780760288238525,0.12727272727272726,7.060964107513428,10.951092720031738,14.446764945983887,0.21426210340998242,4.916620254516602,0.09090909090909091,4.1973557472229,0.05454545454545454
264,208.327392578125,1.3437074173860264,163.48431046635278,5.826961517333984,7.692882537841797,0.13150683271707275,2.6765189170837402,0.12727272727272726,7.061072826385498,10.947941780090332,14.443259239196777,0.2146434584443001,4.914968013763428,0.09090909090909091,4.197513580322266,0.05454545454545454
265,208.20367431640625,1.3428316815758397,163.38276372264,5.824063777923584,7.689572334289551,0.13225408429891605,2.674962282180786,0.12727272727272726,7.061180114746094,10.944791793823242,14.439753532409668,0.21502461294135156,4.91331672668457,0.09090909090909091,4.197673320770264,0.05454545454545454
266,208.08004760742188,1.3419565498724573,163.28128050456917,5.821166515350342,7.6862640380859375,0.13300061931137552,2.673405647277832,0.12727272727272726,7.061285495758057,10.941641807556152,14.436247825622559,0.21540570059264774,4.9116644859313965,0.09090909090909091,4.197830677032471,0.05454545454545454
267,207.95651245117188,1.3410821703073657,163.17988741261252,5.8182692527771,7.682956695556641,0.1337465680397938,2.671849489212036,0.12727272727272726,7.061391353607178,10.938491821289062,14.432744979858398,0.21578645401516716,4.910013675689697,0.09090909090909091,4.197987079620361,0.05454545454545454
268,207.83303833007812,1.3402082954278902,163.07854400235738,5.815374374389648,7.679651260375977,0.1344917350561572,2.6702933311462402,0.12727272727272726,7.061493396759033,10.935343742370605,14.429241180419922,0.2161671405919312,4.908361434936523,0.09090909090909091,4.198144912719727,0.05454545454545454
269,207.70968627929688,1.3393351470500843,162.97728419763212,5.812479019165039,7.676347255706787,0.1352363157884794,2.6687374114990234,0.12727272727272726,7.061595439910889,10.932195663452148,14.425739288330078,0.21654755978567375,4.906709671020508,0.09090909090909091,4.198300838470459,0.05454545454545454
270,207.5863800048828,1.3384628970362424,162.87612902174578,5.809584617614746,7.6730451583862305,0.1359801148087466,2.667181968688965,0.12727272727272726,7.061695575714111,10.929048538208008,14.422240257263184,0.21692757790488426,4.905058860778809,0.09090909090909091,4.19845724105835,0.05454545454545454
271,207.46316528320312,1.3375910519392051,162.77500965295826,5.806692123413086,7.669744968414307,0.13672326240230148,2.6656267642974854,0.12727272727272726,7.061793804168701,10.925902366638184,14.418739318847656,0.21730766286985004,4.903407096862793,0.09090909090909091,4.198613166809082,0.05454545454545454
272,207.34002685546875,1.3367199071611182,162.67396731586086,5.803799629211426,7.666446685791016,0.13746562828380138,2.6640725135803223,0.12727272727272726,7.061890602111816,10.922755241394043,14.415239334106445,0.21768761414330517,4.9017558097839355,0.09090909090909091,4.198768138885498,0.05454545454545454
273,207.21702575683594,1.3358496106126083,162.5730285787197,5.800908088684082,7.663149356842041,0.1382073427385888,2.66251802444458,0.12727272727272726,7.061984539031982,10.919610023498535,14.4117431640625,0.2180670306507173,4.900104522705078,0.09090909090909091,4.198923110961914,0.05454545454545454
274,207.09405517578125,1.3349797179670646,162.47212554801172,5.798017978668213,7.659853935241699,0.13894847090933504,2.660964250564575,0.12727272727272726,7.062077522277832,10.916462898254395,14.408245086669922,0.2184465808496403,4.898453235626221,0.09090909090909091,4.199075698852539,0.05454545454545454
275,206.97120666503906,1.3341106478220626,162.37131959136377,5.795127868652344,7.656559944152832,0.1396888173680263,2.659410238265991,0.12727272727272726,7.062170028686523,10.913318634033203,14.404749870300293,0.21882579681978642,4.896801948547363,0.09090909090909091,4.1992292404174805,0.05454545454545454
276,206.84841918945312,1.3332421043256488,162.27056944817946,5.792238712310791,7.6532673835754395,0.14042857754267646,2.6578569412231445,0.12727272727272726,7.062260627746582,10.910176277160645,14.401254653930664,0.21920481225266653,4.895150661468506,0.09090909090909091,4.199382305145264,0.05454545454545454
277,206.7257080078125,1.3323747249017384,162.16994632527053,5.789350509643555,7.649979114532471,0.14116710000657284,2.6563217639923096,0.10909090909090909,7.062350273132324,10.907032012939453,14.397761344909668,0.21958356030252513,4.893499851226807,0.09090909090909091,4.1995344161987305,0.05454545454545454
278,206.60311889648438,1.331507602264479,162.06935617353588,5.786464214324951,7.6466898918151855,0.14190549218512682,2.65480375289917,0.10909090909090909,7.062436103820801,10.903888702392578,14.394268989562988,0.2199621078151177,4.891849517822266,0.09090909090909091,4.199684143066406,0.05454545454545454
279,206.4805908203125,1.330640906836865,161.96880800015242,5.783575534820557,7.643402099609375,0.1426431677942972,2.6532859802246094,0.10909090909090909,7.062520980834961,10.900747299194336,14.390775680541992,0.22034058848195492,4.890199184417725,0.09090909090909091,4.199831962585449,0.05454545454545454
280,206.35818481445312,1.3297755220619836,161.8684132563285,5.780690670013428,7.640117645263672,0.14337980112072757,2.651768684387207,0.10909090909090909,7.062605857849121,10.897604942321777,14.387287139892578,0.22071866807426,4.888548851013184,0.09090909090909091,4.19998025894165,0.05454545454545454
281,206.23583984375,1.3289102201710628,161.76801838837923,5.777805805206299,7.636833667755127,0.14411610873380165,2.650252342224121,0.10909090909090909,7.062686920166016,10.894462585449219,14.383795738220215,0.22109674766656506,4.886899471282959,0.09090909090909091,4.2001261711120605,0.05454545454545454
282,206.11358642578125,1.3280460560269622,161.66775581537695,5.774921894073486,7.633552551269531,0.1448514392068072,2.648735761642456,0.10909090909090909,7.06276798248291,10.89132308959961,14.380308151245117,0.221474426184338,4.885250091552734,0.09090909090909091,4.200270175933838,0.05454545454545454
283,205.99139404296875,1.327182244211666,161.567527779873,5.772039890289307,7.630272388458252,0.1455861182531003,2.6472198963165283,0.10909090909090909,7.062849044799805,10.888184547424316,14.376819610595703,0.2218521715478663,4.883601188659668,0.09090909090909091,4.200416088104248,0.05454545454545454
284,205.86929321289062,1.326319422416951,161.46741735780506,5.769155979156494,7.6269941329956055,0.14632014587268083,2.645702362060547,0.10909090909090909,7.062877178192139,10.885045051574707,14.373334884643555,0.2222293821453517,4.881951808929443,0.09090909090909091,4.200559139251709,0.05454545454545454
285,205.74728393554688,1.3254569273393404,161.36733497628575,5.766274929046631,7.623717308044434,0.14705358720822026,2.6441853046417236,0.10909090909090909,7.062900543212891,10.881904602050781,14.369848251342773,0.22260659274283712,4.880302429199219,0.09090909090909091,4.2007012367248535,0.05454545454545454
286,205.6253662109375,1.324595249899476,161.26734913129326,5.763394355773926,7.620441913604736,0.14778624683170472,2.6426680088043213,0.10909090909090909,7.062923908233643,10.878766059875488,14.366364479064941,0.22298353595730103,4.8786540031433105,0.09090909090909091,4.200842380523682,0.03636363636363636
287,205.50350952148438,1.323734143167727,161.1674195033636,5.760514736175537,7.61716890335083,0.14851825502847682,2.6411635875701904,0.12727272727272726,7.062946796417236,10.875630378723145,14.362879753112793,0.2233603454802543,4.877005100250244,0.09090909090909091,4.200983047485352,0.03636363636363636
288,205.3817596435547,1.3228737549791163,161.06757261584835,5.757636070251465,7.613897323608398,0.1492494163705227,2.6396727561950684,0.12727272727272726,7.062967777252197,10.872491836547852,14.359396934509277,0.22373702131169693,4.875357151031494,0.09090909090909091,4.2011237144470215,0.03636363636363636
289,205.26007080078125,1.3220142561466188,160.96782936966724,5.754757881164551,7.6106276512146,0.14998005657119862,2.6381821632385254,0.12727272727272726,7.062986850738525,10.869357109069824,14.355916976928711,0.22411316237709655,4.873708248138428,0.09090909090909091,4.201261520385742,0.03636363636363636
290,205.13848876953125,1.3211550824278695,160.86811400483452,5.751880645751953,7.607359409332275,0.1507098499171483,2.6366913318634033,0.12727272727272726,7.063004970550537,10.866219520568848,14.352435111999512,0.22448957082551768,4.872060298919678,0.09090909090909091,4.201399803161621,0.03636363636363636
291,205.01693725585938,1.3202967971841197,160.76850218619325,5.749004364013672,7.604093074798584,0.1514390569790568,2.6352014541625977,0.12727272727272726,7.063023090362549,10.863083839416504,14.348956108093262,0.22486544450789592,4.870412349700928,0.09090909090909091,4.201537132263184,0.03636363636363636
292,204.8955078125,1.3194391786203716,160.66896005247463,5.746128559112549,7.600829124450684,0.1521673520435679,2.633711099624634,0.12727272727272726,7.063039302825928,10.859950065612793,14.345477104187012,0.22524131819027415,4.8687639236450195,0.09090909090909091,4.201675891876221,0.03636363636363636
293,204.774169921875,1.3185818135051104,160.569450515359,5.7432541847229,7.597564220428467,0.1528955168227366,2.63222074508667,0.12727272727272726,7.063055038452148,10.85681438446045,14.341999053955078,0.22561685764387562,4.8671159744262695,0.09090909090909091,4.20181131362915,0.03636363636363636
294,204.65292358398438,1.3177254062849144,160.47003957668562,5.74038028717041,7.594303607940674,0.1536225090338228,2.6307308673858643,0.12727272727272726,7.063070774078369,10.853682518005371,14.338521003723145,0.22599246394323247,4.8654680252075195,0.09090909090909091,4.2019476890563965,0.03636363636363636
295,204.53170776367188,1.3168699357361364,160.37074483162246,5.737507343292236,7.591043949127197,0.15434891496086778,2.6292407512664795,0.12727272727272726,7.06308650970459,10.850547790527344,14.335047721862793,0.2263673349392803,4.863820552825928,0.09090909090909091,4.202082633972168,0.03636363636363636
296,204.41061401367188,1.316014813468528,160.27148420589424,5.734635829925537,7.587785243988037,0.15507479974654292,2.627750873565674,0.12727272727272726,7.063101291656494,10.84741497039795,14.331573486328125,0.22674233962683887,4.862173080444336,0.09090909090909091,4.202215671539307,0.03636363636363636
297,204.28956604003906,1.315160551758937,160.17232038332577,5.73176383972168,7.584528923034668,0.15579983767749184,2.626260995864868,0.12727272727272726,7.063115119934082,10.844285011291504,14.32810115814209,0.22711701008562069,4.860525608062744,0.09090909090909091,4.2023515701293945,0.03636363636363636
298,204.16864013671875,1.314306514729545,160.07317053218185,5.728892803192139,7.581274032592773,0.1565242241817283,2.6247711181640625,0.12727272727272726,7.063126564025879,10.84115219116211,14.324625968933105,0.22749181423591325,4.8588786125183105,0.09090909090909091,4.202483177185059,0.03636363636363636
299,204.04776000976562,1.3134536311070484,159.97415836999812,5.7260236740112305,7.57802152633667,0.15724782897390976,2.6232950687408447,0.10909090909090909,7.063139915466309,10.838022232055664,14.321155548095703,0.22786608362016292,4.857231140136719,0.09090909090909091,4.2026166915893555,0.03636363636363636
300,203.927001953125,1.3126014357957958,159.8752219590924,5.723154544830322,7.574770927429199,0.15797071719670763,2.621821641921997,0.10909090909090909,7.063149929046631,10.834894180297852,14.317686080932617,0.22824015246714646,4.855594635009766,0.10909090909090909,4.2027482986450195,0.03636363636363636
301,203.80630493164062,1.3117496850497448,159.77633315970547,5.720286846160889,7.571521282196045,0.1586930191354643,2.6203484535217285,0.10909090909090909,7.063161373138428,10.831761360168457,14.314216613769531,0.22861415446837474,4.853970527648926,0.10909090909090909,4.202878475189209,0.03636363636363636
302,203.6856689453125,1.310898865109872,159.6775481195009,5.717421054840088,7.56827449798584,0.15941440907682347,2.6188817024230957,0.12727272727272726,7.063172340393066,10.828633308410645,14.310749053955078,0.22898782224082614,4.852347373962402,0.10909090909090909,4.203009128570557,0.03636363636363636
303,203.56515502929688,1.3100480754201411,159.57876168293842,5.714553356170654,7.565027236938477,0.16013553844749773,2.6174330711364746,0.12727272727272726,7.063181400299072,10.825505256652832,14.307279586791992,0.22936169055054367,4.850724220275879,0.10909090909090909,4.203140735626221,0.03636363636363636
304,203.4447021484375,1.3091986795226913,159.48014070039994,5.711688995361328,7.561783313751221,0.16085569067810324,2.6159849166870117,0.12727272727272726,7.063188076019287,10.822378158569336,14.303815841674805,0.22973482355695218,4.8491010665893555,0.10909090909090909,4.2032694816589355,0.03636363636363636
305,203.32431030273438,1.3083494083373879,159.38151983511693,5.7088236808776855,7.5585408210754395,0.1615751914819964,2.6145362854003906,0.12727272727272726,7.063194751739502,10.819249153137207,14.300348281860352,0.23010815710062682,4.847477436065674,0.10909090909090909,4.203399181365967,0.03636363636363636
306,203.20404052734375,1.3075007757250137,159.28297370104906,5.705960273742676,7.555299282073975,0.16229410600184835,2.6130878925323486,0.12727272727272726,7.063201427459717,10.816122055053711,14.296882629394531,0.23048129010703544,4.845854759216309,0.10909090909090909,4.203528881072998,0.03636363636363636
307,203.0838165283203,1.3066531943896735,159.18455112896754,5.703097343444824,7.552060127258301,0.16301223880964533,2.6116394996643066,0.12727272727272726,7.063205242156982,10.812997817993164,14.293420791625977,0.23085395519315655,4.844232559204102,0.10909090909090909,4.203655242919922,0.03636363636363636
308,202.96368408203125,1.3058061278126911,159.0861831228067,5.700235366821289,7.548822402954102,0.1637297853334012,2.6101906299591064,0.12727272727272726,7.063210964202881,10.8098726272583,14.289958953857422,0.23122641974201152,4.842609405517578,0.10909090909090909,4.20378303527832,0.03636363636363636
309,202.8436279296875,1.304959648187356,158.9878768508088,5.697373867034912,7.545586585998535,0.16444661528777327,2.6087424755096436,0.12727272727272726,7.063214302062988,10.806746482849121,14.286497116088867,0.2315988842908665,4.840986251831055,0.10909090909090909,4.203911781311035,0.03636363636363636
310,202.72366333007812,1.3041141205104578,158.88968033298693,5.694514751434326,7.54235315322876,0.1651625983874192,2.6072938442230225,0.12727272727272726,7.063218593597412,10.803622245788574,14.283038139343262,0.23197088091943396,4.839363098144531,0.10909090909090909,4.204038143157959,0.03636363636363636
311,202.603759765625,1.303268936394469,158.7915174515233,5.691654205322266,7.539120674133301,0.16587799520302393,2.6058461666107178,0.12727272727272726,7.063220977783203,10.800498962402344,14.27957820892334,0.2323429443937568,4.837741374969482,0.10909090909090909,4.204163074493408,0.03636363636363636
312,202.48397827148438,1.3024243632945893,158.6934226141393,5.688796043395996,7.535889625549316,0.16659280573458757,2.604397773742676,0.12727272727272726,7.063222408294678,10.797375679016113,14.276119232177734,0.2327148073308135,4.836119174957275,0.10909090909090909,4.204287052154541,0.03636363636363636
313,202.36422729492188,1.3015804260831878,158.59540221097313,5.685938835144043,7.532659530639648,0.1673070299821099,2.602949857711792,0.12727272727272726,7.063226222991943,10.794252395629883,14.272662162780762,0.23308633603909357,4.834496974945068,0.10909090909090909,4.204409122467041,0.03636363636363636
314,202.24459838867188,1.3007374607923576,158.4974856793392,5.68308162689209,7.529433250427246,0.16802021194689232,2.60150146484375,0.12727272727272726,7.063228607177734,10.791131019592285,14.269206047058105,0.23345779790161814,4.832875728607178,0.10909090909090909,4.204530715942383,0.03636363636363636
315,202.12506103515625,1.299894913548461,158.39962194241957,5.680224418640137,7.5262064933776855,0.16873313334098972,2.600053548812866,0.12727272727272726,7.063230991363525,10.788008689880371,14.265751838684082,0.2338287918438553,4.831253528594971,0.10909090909090909,4.204652786254883,0.03636363636363636
316,202.0055694580078,1.2990531421049485,158.30183475518606,5.677370548248291,7.522983551025391,0.16944494730967607,2.5986061096191406,0.12727272727272726,7.063231468200684,10.784886360168457,14.262296676635742,0.23419985263184773,4.829632759094238,0.10909090909090909,4.204772472381592,0.03636363636363636
317,201.88619995117188,1.2982121275995318,158.20414184538595,5.674515724182129,7.519761085510254,0.17015630527966363,2.597158670425415,0.12727272727272726,7.063231468200684,10.781767845153809,14.258845329284668,0.234570512345308,4.828012466430664,0.10909090909090909,4.204891681671143,0.03636363636363636
318,201.7668914794922,1.2973714762579482,158.10647667260196,5.671662330627441,7.516541004180908,0.17086688153759633,2.5957114696502686,0.12727272727272726,7.063230991363525,10.778647422790527,14.255391120910645,0.23494130575027905,4.826391696929932,0.10909090909090909,4.205008506774902,0.03636363636363636
319,201.6476593017578,1.29653155591858,158.00889927486696,5.66880989074707,7.513321876525879,0.17157687151148782,2.5942649841308594,0.12727272727272726,7.063228130340576,10.775527954101562,14.25193977355957,0.23531169808071795,4.824770450592041,0.10909090909090909,4.205124378204346,0.03636363636363636
320,201.5285186767578,1.2956925104483052,157.91142392852475,5.665957927703857,7.510104656219482,0.1722862752013381,2.592817783355713,0.12727272727272726,7.063227653503418,10.772409439086914,14.248491287231445,0.23568175618238008,4.823150634765625,0.10909090909090909,4.205240249633789,0.03636363636363636
321,201.40945434570312,1.2948539244515884,157.8139898006268,5.663107395172119,7.506889820098877,0.17299470175111964,2.591371536254883,0.12727272727272726,7.063225746154785,10.76928997039795,14.245040893554688,0.23605188112979758,4.821530342102051,0.10909090909090909,4.205357551574707,0.03636363636363636
322,201.29046630859375,1.294016165550164,157.7166568877767,5.660256862640381,7.503675937652588,0.17370273744487386,2.5899250507354736,0.12727272727272726,7.0632243156433105,10.766173362731934,14.241594314575195,0.2364214713111722,4.819910049438477,0.10909090909090909,4.205472469329834,0.03636363636363636
323,201.17156982421875,1.2931789627170067,157.61937869835447,5.657526016235352,7.50046443939209,0.17440986114123058,2.58849835395813,0.12727272727272726,7.063221454620361,10.763059616088867,14.238146781921387,0.23679112833830207,4.818290710449219,0.10909090909090909,4.20558500289917,0.03636363636363636
324,201.05276489257812,1.292342294157471,157.52216089699937,5.654857158660889,7.497253894805908,0.1751165288388885,2.5870823860168457,0.12727272727272726,7.063218593597412,10.759940147399902,14.234700202941895,0.23716058482816593,4.8166704177856445,0.10909090909090909,4.2056989669799805,0.03636363636363636
325,200.93402099609375,1.2915063288825246,157.42502417434002,5.652188777923584,7.494044780731201,0.17582241482449168,2.5856666564941406,0.12727272727272726,7.063216209411621,10.756824493408203,14.231255531311035,0.23752970708925303,4.815051078796387,0.10909090909090909,4.205811977386475,0.03636363636363636
326,200.81536865234375,1.290671041155775,157.32796205824184,5.649521350860596,7.490837574005127,0.1765277796687248,2.5842506885528564,0.12727272727272726,7.063211441040039,10.753710746765137,14.227811813354492,0.23789869565882937,4.813431262969971,0.10909090909090909,4.205923557281494,0.03636363636363636
327,200.69677734375,1.2898364052120073,157.23096807749653,5.646854877471924,7.487632751464844,0.17723216737288927,2.5828354358673096,0.12727272727272726,7.063206195831299,10.750595092773438,14.22436809539795,0.23826755053689508,4.811811923980713,0.10909090909090909,4.206035137176514,0.03636363636363636
328,200.57830810546875,1.2890026656897118,157.13408215937034,5.644190788269043,7.484429359436035,0.1779360339356837,2.581420421600342,0.12727272727272726,7.063198566436768,10.747479438781738,14.220928192138672,0.23863600434042864,4.810192584991455,0.10909090909090909,4.206145286560059,0.03636363636363636
329,200.45989990234375,1.2881693107181431,157.0372300185304,5.641525745391846,7.481227874755859,0.17863924907176576,2.580005645751953,0.12727272727272726,7.063191890716553,10.744368553161621,14.217486381530762,0.2390044581439621,4.808573246002197,0.10909090909090909,4.206257343292236,0.03636363636363636
330,200.34156799316406,1.2873365597578714,156.9404451731359,5.638861179351807,7.478027820587158,0.17934174763846422,2.5785908699035645,0.12727272727272726,7.0631818771362305,10.741256713867188,14.214045524597168,0.2393727782559849,4.806954383850098,0.10909090909090909,4.206366539001465,0.03636363636363636
331,200.22335815429688,1.286504750343629,156.84376894756338,5.6361985206604,7.474830150604248,0.18004339935043634,2.577176809310913,0.12727272727272726,7.063170909881592,10.738142967224121,14.210607528686523,0.2397406304477202,4.80533504486084,0.10909090909090909,4.206477165222168,0.03636363636363636
332,200.10519409179688,1.2856732316171253,156.74712499199336,5.633535385131836,7.471632480621338,0.18074479049172354,2.57576322555542,0.12727272727272726,7.063157558441162,10.735031127929688,14.207169532775879,0.2401084826394555,4.803716659545898,0.10909090909090909,4.2065839767456055,0.03636363636363636
333,199.98712158203125,1.2848425057035038,156.65056316361824,5.630874156951904,7.468438148498535,0.18144513935027096,2.574350118637085,0.12727272727272726,7.063144207000732,10.73192024230957,14.203731536865234,0.24047620113968005,4.802097797393799,0.10909090909090909,4.206691741943359,0.03636363636363636
334,199.869140625,1.2840125763830819,156.55409554818016,5.628213405609131,7.465245246887207,0.18214490192477706,2.572936773300171,0.12727272727272726,7.063127040863037,10.728809356689453,14.200296401977539,0.24084351856537245,4.800478935241699,0.10909090909090909,4.206800937652588,0.03636363636363636
335,199.751220703125,1.283182936995643,156.45766012213517,5.625553607940674,7.462052345275879,0.18284433878592687,2.5715243816375732,0.12727272727272726,7.063108921051025,10.725698471069336,14.196861267089844,0.24121083599106485,4.7988600730896,0.10909090909090909,4.206909656524658,0.03636363636363636
336,199.63340759277344,1.282354232302981,156.36132090540582,5.622894287109375,7.458863735198975,0.18354253793632314,2.570112466812134,0.12727272727272726,7.063087463378906,10.722588539123535,14.193426132202148,0.24157795287949124,4.797242164611816,0.10909090909090909,4.207016468048096,0.03636363636363636
337,199.51565551757812,1.2815263736336404,156.2650885967439,5.620235919952393,7.4556756019592285,0.18424034623069196,2.5687007904052734,0.12727272727272726,7.063063621520996,10.719480514526367,14.189995765686035,0.24194453500187474,4.795623302459717,0.10909090909090909,4.207122802734375,0.03636363636363636
338,199.39801025390625,1.2806987278375934,156.16886911753818,5.617578506469727,7.452488899230957,0.1849375682410196,2.567288398742676,0.12727272727272726,7.06300163269043,10.716371536254883,14.186562538146973,0.24231125081576887,4.794005393981934,0.10909090909090909,4.207228660583496,0.03636363636363636
339,199.28045654296875,1.279871922745148,156.07274430875304,5.614922046661377,7.449304580688477,0.18563394339662098,2.565876007080078,0.12727272727272726,7.062928199768066,10.713264465332031,14.183131217956543,0.24267769924664162,4.792386531829834,0.10909090909090909,4.207335472106934,0.03636363636363636
340,199.16293334960938,1.2790457177849959,155.97668638003438,5.612266540527344,7.446121692657471,0.18632973226818117,2.5644638538360596,0.12727272727272726,7.062854766845703,10.71015739440918,14.17970085144043,0.24304401398600373,4.790768623352051,0.10909090909090909,4.2074408531188965,0.03636363636363636
341,199.04550170898438,1.2782202349497196,155.88071523520193,5.609611511230469,7.442939758300781,0.1870249999983714,2.563052177429199,0.12727272727272726,7.062777996063232,10.707051277160645,14.176273345947266,0.24340992765083358,4.789150714874268,0.10909090909090909,4.207545280456543,0.03636363636363636
342,198.9281768798828,1.2773955404609585,155.78482575332873,5.606956481933594,7.439761161804199,0.1877191603031505,2.561640739440918,0.12727272727272726,7.062702178955078,10.703946113586426,14.172845840454102,0.2437757076241528,4.787532329559326,0.10909090909090909,4.207650661468506,0.03636363636363636
343,198.81092834472656,1.2765712765464114,155.6889824103573,5.604302406311035,7.436583518981934,0.18841292975190216,2.560229539871216,0.12727272727272726,7.0626220703125,10.70083999633789,14.169418334960938,0.244141487597472,4.785914421081543,0.10909090909090909,4.2077555656433105,0.03636363636363636
344,198.69375610351562,1.2757477081034594,155.59321929663952,5.601650238037109,7.433407306671143,0.18910604777394135,2.5588185787200928,0.12727272727272726,7.062540054321289,10.697734832763672,14.165992736816406,0.24450693334201434,4.784296989440918,0.10909090909090909,4.207857608795166,0.03636363636363636
345,198.57669067382812,1.274925023358981,155.4975512029257,5.598999500274658,7.430234432220459,0.18979818865591191,2.557407855987549,0.12727272727272726,7.062457084655762,10.694631576538086,14.162568092346191,0.2448721117035353,4.782679080963135,0.10909090909090909,4.2079620361328125,0.03636363636363636
346,198.4596710205078,1.2741023401246574,155.40188663967842,5.596347332000732,7.427059650421143,0.19049039468055373,2.555997371673584,0.12727272727272726,7.062372207641602,10.691526412963867,14.159143447875977,0.24523722321930097,4.781061172485352,0.10909090909090909,4.208065032958984,0.03636363636363636
347,198.3427276611328,1.273280876038431,155.30635818267365,5.593698024749756,7.42388916015625,0.19118129785177063,2.554586410522461,0.12727272727272726,7.062285900115967,10.688424110412598,14.155721664428711,0.24560206735204515,4.779444217681885,0.10909090909090909,4.208167552947998,0.03636363636363636
348,198.22589111328125,1.2724598154291324,155.21086927245187,5.591047286987305,7.420720100402832,0.19187174502428872,2.553176164627075,0.12727272727272726,7.062197208404541,10.685320854187012,14.152298927307129,0.24596677779327858,4.777826309204102,0.10909090909090909,4.208270072937012,0.03636363636363636
349,198.1090850830078,1.27163961623803,155.11548093921783,5.588398456573486,7.417552947998047,0.19256141048475206,2.5517659187316895,0.12727272727272726,7.062108993530273,10.682219505310059,14.148879051208496,0.24633122085149062,4.776208877563477,0.10909090909090909,4.208372592926025,0.03636363636363636
350,197.99240112304688,1.2708198198685023,155.02013208581434,5.585751056671143,7.414387226104736,0.19325048966117409,2.550355911254883,0.12727272727272726,7.062018394470215,10.679117202758789,14.145458221435547,0.24669559706394728,4.774591445922852,0.10909090909090909,4.2084736824035645,0.03636363636363636
351,197.8757781982422,1.2700007416489791,154.92486957455912,5.583104133605957,7.411222457885742,0.1939389825535549,2.548945903778076,0.12727272727272726,7.0619282722473145,10.676017761230469,14.142040252685547,0.24705950535611643,4.772973537445068,0.10909090909090909,4.208576679229736,0.03636363636363636
352,197.75924682617188,1.2691822335254028,154.8296670368311,5.5804572105407715,7.408059597015381,0.19462682401922338,2.5475361347198486,0.12727272727272726,7.061836242675781,10.6729154586792,14.138622283935547,0.24742348049404095,4.771356582641602,0.10909090909090909,4.208675861358643,0.03636363636363636
353,197.64280700683594,1.2683645340089702,154.73455204054017,5.5778117179870605,7.404899597167969,0.19531381863016561,2.5461270809173584,0.12727272727272726,7.061743259429932,10.669816017150879,14.135205268859863,0.24778718824894397,4.769740104675293,0.10909090909090909,4.208778381347656,0.03636363636363636
354,197.52645874023438,1.2675475258171258,154.63951682223706,5.575168132781982,7.401741027832031,0.1960001618143954,2.5447182655334473,0.12727272727272726,7.061648845672607,10.666718482971191,14.131790161132812,0.2481506286208257,4.768122673034668,0.10909090909090909,4.208878517150879,0.03636363636363636
355,197.41017150878906,1.2667308477197916,154.5445138578243,5.572523593902588,7.39858341217041,0.19668598385725522,2.5433096885681152,0.12727272727272726,7.061551570892334,10.663619995117188,14.128374099731445,0.24851406899270734,4.766505241394043,0.10909090909090909,4.208978176116943,0.03636363636363636
356,197.29396057128906,1.2659151955072885,154.44963165055037,5.569881439208984,7.39542818069458,0.19737095904538893,2.5419015884399414,0.12727272727272726,7.061455249786377,10.6605224609375,14.124961853027344,0.24887697459854607,4.764888763427734,0.10909090909090909,4.209077835083008,0.03636363636363636
357,197.17782592773438,1.2650999892136243,154.35478931206876,5.5672383308410645,7.392275333404541,0.1980552176641388,2.540493965148926,0.12727272727272726,7.061355113983154,10.65742301940918,14.12154769897461,0.24924008074165094,4.763271808624268,0.10909090909090909,4.209176540374756,0.03636363636363636
358,197.06182861328125,1.264285336368191,154.2600246909983,5.564596652984619,7.389121055603027,0.19873941114021754,2.539086103439331,0.12727272727272726,7.06125545501709,10.654326438903809,14.118138313293457,0.24960258527295764,4.761655807495117,0.10909090909090909,4.2092719078063965,0.03636363636363636
359,196.94586181640625,1.2634716766552854,154.1653620308664,5.561956405639648,7.385971546173096,0.19942236690554271,2.5376791954040527,0.12727272727272726,7.061154365539551,10.65123176574707,14.114728927612305,0.2499649561127536,4.760040283203125,0.10909090909090909,4.209368705749512,0.03636363636363636
360,196.8299560546875,1.2626584163295282,154.07073849828726,5.559316635131836,7.382823467254639,0.20010460610148406,2.5362722873687744,0.12727272727272726,7.061052322387695,10.648134231567383,14.111318588256836,0.25032732695254944,4.758423805236816,0.10909090909090909,4.209465026855469,0.03636363636363636
361,196.71417236328125,1.2618456063200767,153.9761669090817,5.55667781829834,7.37967586517334,0.20078651958406923,2.5348827838897705,0.14545454545454545,7.06095027923584,10.645039558410645,14.107909202575684,0.25068956410083465,4.756807804107666,0.10909090909090909,4.209558963775635,0.03636363636363636
362,196.59848022460938,1.26103369713548,153.88169586962636,5.55403995513916,7.37653112411499,0.20146758621192828,2.5334973335266113,0.14545454545454545,7.060847282409668,10.641945838928223,14.104501724243164,0.2510514001745877,4.755193710327148,0.10909090909090909,4.209649562835693,0.03636363636363636
363,196.4828338623047,1.260222353656291,153.78728434711275,5.551402568817139,7.373388290405273,0.20214787112773236,2.532111883163452,0.14545454545454545,7.060743808746338,10.638850212097168,14.101094245910645,0.25141330309409615,4.753577709197998,0.10909090909090909,4.209743976593018,0.03636363636363636
364,196.36729431152344,1.2594117938575524,153.69296561056808,5.548766613006592,7.370246887207031,0.20282756975949523,2.530726671218872,0.14545454545454545,7.06063985824585,10.635757446289062,14.097689628601074,0.2517747380933171,4.751962661743164,0.10909090909090909,4.209836006164551,0.03636363636363636
365,196.25181579589844,1.2586015159249015,153.59867820227055,5.5461297035217285,7.367105484008789,0.20350694267790181,2.529341220855713,0.14545454545454545,7.060536861419678,10.632667541503906,14.094285011291504,0.25213603940102725,4.750348091125488,0.10909090909090909,4.209926605224609,0.03636363636363636
366,196.13641357421875,1.257792278346214,153.50450518104526,5.543494701385498,7.3639678955078125,0.20418533845623987,2.527956247329712,0.14545454545454545,7.060432434082031,10.629572868347168,14.090882301330566,0.2524971401714714,4.7487335205078125,0.10909090909090909,4.210018157958984,0.03636363636363636
367,196.0211181640625,1.2569833671497013,153.41036403198177,5.540860652923584,7.360831260681152,0.20486308280786536,2.526571273803711,0.14545454545454545,7.060329437255859,10.626482963562012,14.087478637695312,0.2528581740961602,4.747118949890137,0.10909090909090909,4.210105895996094,0.03636363636363636
368,195.90585327148438,1.2561753086910592,153.31632250704752,5.538227558135986,7.357696533203125,0.2055401757327785,2.525186777114868,0.14545454545454545,7.060224533081055,10.623391151428223,14.084077835083008,0.25321894063782746,4.745504379272461,0.10909090909090909,4.2101945877075195,0.03636363636363636
369,195.7906951904297,1.2553676467246395,153.22231981379696,5.535594940185547,7.354563236236572,0.20621668237365043,2.5238022804260254,0.14545454545454545,7.060121059417725,10.62030029296875,14.080676078796387,0.2535795734879841,4.743889808654785,0.10909090909090909,4.210284233093262,0.03636363636363636
370,195.67562866210938,1.2545610034456334,153.12843708249443,5.532962322235107,7.3514323234558105,0.20689240730246738,2.5224180221557617,0.14545454545454545,7.060015678405762,10.617208480834961,14.077278137207031,0.2539398052636086,4.742276191711426,0.10909090909090909,4.2103705406188965,0.03636363636363636
371,195.56063842773438,1.2537548777511327,153.03461294010071,5.530332088470459,7.348302364349365,0.20756754594724314,2.5210342407226562,0.14545454545454545,7.059912204742432,10.614123344421387,14.073881149291992,0.2542997696562116,4.740662574768066,0.10909090909090909,4.210458278656006,0.03636363636363636
372,195.44573974609375,1.252949147560397,152.94082752657187,5.527702331542969,7.3451738357543945,0.20824216345064894,2.519651174545288,0.14545454545454545,7.059804439544678,10.611032485961914,14.070483207702637,0.2546599345860807,4.739048480987549,0.10909090909090909,4.210544586181641,0.03636363636363636
373,195.3308868408203,1.252144075523392,152.84711465753458,5.5250725746154785,7.342047214508057,0.20891606438467114,2.5182676315307617,0.14545454545454545,7.059699058532715,10.607943534851074,14.067086219787598,0.2550197652871731,4.737434387207031,0.10909090909090909,4.210630893707275,0.03636363636363636
374,195.21615600585938,1.2513398983295698,152.75350169755393,5.522444248199463,7.338923454284668,0.2095891184639671,2.5168848037719727,0.14545454545454545,7.0595903396606445,10.604856491088867,14.063691139221191,0.25537926175948855,4.73582124710083,0.10909090909090909,4.210730075836182,0.03636363636363636
375,195.10147094726562,1.2505360707687405,152.6599267758652,5.519815921783447,7.3358001708984375,0.21026178168723553,2.5155022144317627,0.14545454545454545,7.059482097625732,10.601768493652344,14.060296058654785,0.25573875823180414,4.734208583831787,0.10909090909090909,4.210841178894043,0.03636363636363636
376,194.98690795898438,1.249733137085404,152.5664516598813,5.517189025878906,7.332679748535156,0.21093346777043542,2.514120101928711,0.14545454545454545,7.059372901916504,10.598682403564453,14.056902885437012,0.25609792047534286,4.732596397399902,0.10909090909090909,4.21096134185791,0.03636363636363636
377,194.8723907470703,1.2489304820642047,152.47300753159334,5.514563083648682,7.329559326171875,0.2116048932829503,2.5127387046813965,0.14545454545454545,7.059261798858643,10.595596313476562,14.053509712219238,0.2564570158731262,4.730984210968018,0.10909090909090909,4.211092472076416,0.03636363636363636
378,194.75796508789062,1.2481290081664165,152.37970330941698,5.511937141418457,7.326441764831543,0.21227547194073892,2.511357069015503,0.14545454545454545,7.059150695800781,10.592513084411621,14.050121307373047,0.25681557650486675,4.729372501373291,0.10909090909090909,4.211230754852295,0.03636363636363636
379,194.6436309814453,1.2473275432192419,152.28638397907548,5.509312629699707,7.3233256340026855,0.21294533402914395,2.509976387023926,0.14545454545454545,7.059038162231445,10.589426040649414,14.046728134155273,0.2571744045196287,4.727760314941406,0.10909090909090909,4.21137809753418,0.03636363636363636
380,194.52935791015625,1.2465270730354807,152.19318990171723,5.506689071655273,7.3202104568481445,0.21361480526152143,2.5085952281951904,0.14545454545454545,7.058926582336426,10.586343765258789,14.043340682983398,0.25753269776834775,4.726149082183838,0.10909090909090909,4.2115302085876465,0.03636363636363636
381,194.41517639160156,1.2457272062677052,152.1000551870627,5.504065990447998,7.317098140716553,0.21428336449650154,2.5072150230407715,0.14545454545454545,7.05881404876709,10.583259582519531,14.039952278137207,0.25789092417131154,4.724538326263428,0.10909090909090909,4.211688995361328,0.03636363636363636
382,194.30105590820312,1.2449279236163258,152.00698563851324,5.501444339752197,7.3139872550964355,0.21495127230476918,2.5058345794677734,0.14545454545454545,7.058727264404297,10.580175399780273,14.036564826965332,0.25824901688276447,4.722927093505859,0.10909090909090909,4.211853504180908,0.03636363636363636
383,194.1870574951172,1.244129243530673,151.91397537010585,5.498823165893555,7.310879230499268,0.21561839840098196,2.504455089569092,0.14545454545454545,7.058661460876465,10.577094078063965,14.03317642211914,0.25860697590270676,4.721316337585449,0.10909090909090909,4.212021827697754,0.03636363636363636
384,194.07313537597656,1.2433312496873823,151.82105583264,5.496201992034912,7.307770729064941,0.21628519878383845,2.5030760765075684,0.14545454545454545,7.058617115020752,10.574010848999023,14.029792785644531,0.25896446700236164,4.719706058502197,0.10909090909090909,4.212193489074707,0.03636363636363636
385,193.9592742919922,1.2425339535023117,151.72820886735303,5.493581771850586,7.3046650886535645,0.21695121745463997,2.501697063446045,0.14545454545454545,7.058589935302734,10.570930480957031,14.026409149169922,0.2593219581020164,4.718095779418945,0.10909090909090909,4.212370872497559,0.03636363636363636
386,193.84552001953125,1.2417373100448241,151.6354338677088,5.490963459014893,7.30156135559082,0.21761651955605787,2.500318765640259,0.14545454545454545,7.058579921722412,10.567849159240723,14.023026466369629,0.2596791818186497,4.716485977172852,0.10909090909090909,4.212549209594727,0.03636363636363636
387,193.73182678222656,1.2409411085890878,151.5427099074518,5.488345146179199,7.298458099365234,0.21828143080144835,2.4989404678344727,0.14545454545454545,7.058583736419678,10.564769744873047,14.019644737243652,0.26003620499801705,4.7148756980896,0.10909090909090909,4.212734222412109,0.03636363636363636
388,193.61822509765625,1.2401456292554425,151.450064797604,5.485727787017822,7.2953572273254395,0.2189454951921126,2.497563362121582,0.14545454545454545,7.058598041534424,10.561690330505371,14.016263961791992,0.2603929607943629,4.713266372680664,0.10909090909090909,4.212918281555176,0.03636363636363636
389,193.50473022460938,1.2393507757321014,151.35748512040732,5.4831109046936035,7.2922587394714355,0.21960884301339312,2.4961869716644287,0.14545454545454545,7.05862283706665,10.558611869812012,14.012883186340332,0.26074978343646404,4.71165657043457,0.10909090909090909,4.21310567855835,0.03636363636363636
390,193.39132690429688,1.238556554849344,151.2649831071044,5.480494976043701,7.28916072845459,0.22027173483597495,2.4948112964630127,0.14545454545454545,7.058655261993408,10.555534362792969,14.009505271911621,0.26110613815827777,4.710047721862793,0.10909090909090909,4.213293552398682,0.03636363636363636
391,193.2779541015625,1.2377630031951792,151.17254698189572,5.477880477905273,7.286066055297852,0.2209337146611594,2.493436336517334,0.14545454545454545,7.058692932128906,10.552454948425293,14.006126403808594,0.2614624928800915,4.708437442779541,0.10909090909090909,4.213485240936279,0.03636363636363636
392,193.16470336914062,1.2369698661868935,151.080155318607,5.475266456604004,7.28297233581543,0.22159523848764517,2.4920623302459717,0.14545454545454545,7.05873966217041,10.54937744140625,14.002747535705566,0.26181878075614984,4.706828594207764,0.10909090909090909,4.213678359985352,0.03636363636363636
393,193.05154418945312,1.2361775522417302,150.987867911105,5.472652435302734,7.279879093170166,0.22225617603008962,2.4906885623931885,0.14545454545454545,7.058789253234863,10.546302795410156,13.999373435974121,0.26217440017465454,4.705219268798828,0.10909090909090909,4.213871955871582,0.03636363636363636
394,192.93846130371094,1.2353858105111284,150.8956329070013,5.4700398445129395,7.27678918838501,0.2229163318604792,2.4893157482147217,0.14545454545454545,7.058845520019531,10.543225288391113,13.995997428894043,0.2625302201304254,4.703610420227051,0.10909090909090909,4.214066505432129,0.03636363636363636
395,192.82545471191406,1.2345948393491257,150.80348923878228,5.467427730560303,7.273700714111328,0.22357583626415645,2.4879438877105713,0.14545454545454545,7.058904647827148,10.540148735046387,13.992624282836914,0.26288570585741944,4.702001094818115,0.10909090909090909,4.214262962341309,0.03636363636363636
396,192.7125244140625,1.2338041601104497,150.71137014503756,5.464817047119141,7.270613670349121,0.2242346892411211,2.486572742462158,0.14545454545454545,7.058967590332031,10.537074089050293,13.989249229431152,0.2632412584301689,4.700392246246338,0.10909090909090909,4.214459419250488,0.03636363636363636
397,192.5996856689453,1.2330145815491969,150.61938284608618,5.4622063636779785,7.267529010772705,0.2248928907913733,2.485201835632324,0.14545454545454545,7.059031963348389,10.533998489379883,13.985878944396973,0.2635962762368754,4.698783874511719,0.10909090909090909,4.214656829833984,0.03636363636363636
398,192.48690795898438,1.2322253200282622,150.5274264572754,5.459598064422607,7.2644453048706055,0.22555050605758442,2.4838318824768066,0.14545454545454545,7.059100151062012,10.530925750732422,13.982507705688477,0.2639511603520712,4.6971755027771,0.10909090909090909,4.214855194091797,0.03636363636363636
399,192.37425231933594,1.2314368971856782,150.43556814673343,5.456989765167236,7.261363506317139,0.22620746989708307,2.4824626445770264,0.14545454545454545,7.059168815612793,10.527853012084961,13.97913932800293,0.26430577708424563,4.6955671310424805,0.10909090909090909,4.215051174163818,0.03636363636363636
400,192.26165771484375,1.230648721149901,150.34373377082807,5.454380989074707,7.25828218460083,0.22686397773788292,2.4810938835144043,0.14545454545454545,7.059237957000732,10.524781227111816,13.975769996643066,0.26466039381642004,4.693958282470703,0.10909090909090909,4.215249061584473,0.03636363636363636
401,192.1491241455078,1.2298614707279796,150.251998414328,5.4517741203308105,7.255204677581787,0.22751944329594298,2.4797260761260986,0.14545454545454545,7.059309959411621,10.521708488464355,13.97240161895752,0.26501474316557294,4.692349910736084,0.10909090909090909,4.215449333190918,0.03636363636363636
402,192.0366973876953,1.2290748227097819,150.1603338220491,5.449167728424072,7.2521281242370605,0.22817445285530424,2.478358745574951,0.14545454545454545,7.059381008148193,10.518636703491211,13.969035148620605,0.26536889197745983,4.690742015838623,0.10909090909090909,4.2156476974487305,0.03636363636363636
403,191.92434692382812,1.2282887509320308,150.06873355165862,5.446563243865967,7.249053001403809,0.2288288761306243,2.476991891860962,0.14545454545454545,7.059454441070557,10.515565872192383,13.965669631958008,0.2657229070978361,4.689133644104004,0.10909090909090909,4.215847492218018,0.03636363636363636
404,191.8120880126953,1.2275032988010106,149.97719807225212,5.443958759307861,7.245980262756348,0.22948258283656076,2.475625514984131,0.14545454545454545,7.0595269203186035,10.512495994567871,13.96230411529541,0.2660767216809461,4.687525272369385,0.10909090909090909,4.216045379638672,0.03636363636363636
405,191.69989013671875,1.2267186130227494,149.88575346196808,5.441354751586914,7.242908954620361,0.2301355729731135,2.474259853363037,0.14545454545454545,7.059601306915283,10.509425163269043,13.958941459655762,0.26643020203527945,4.685917377471924,0.10909090909090909,4.216244220733643,0.03636363636363636
406,191.5877685546875,1.2259342856416213,149.7943400246445,5.438751220703125,7.239839553833008,0.23078797682562502,2.4728941917419434,0.14545454545454545,7.059675216674805,10.506355285644531,13.95557689666748,0.2667837492353681,4.684309005737305,0.10909090909090909,4.2164435386657715,0.03636363636363636
407,191.47573852539062,1.2251505848253292,149.70300356917323,5.436149597167969,7.2367706298828125,0.23143992467943775,2.471529483795166,0.14545454545454545,7.059749603271484,10.503287315368652,13.952215194702148,0.26713689536092466,4.682701110839844,0.10909090909090909,4.216642379760742,0.03636363636363636
408,191.36376953125,1.2243679012639879,149.61177904543774,5.433547496795654,7.233705520629883,0.23209089539318195,2.470165491104126,0.14545454545454545,7.059821605682373,10.500219345092773,13.94885540008545,0.2674899077949704,4.681093215942383,0.10909090909090909,4.216841220855713,0.03636363636363636
409,191.2519073486328,1.2235853230742002,149.52056440457523,5.4309468269348145,7.230639934539795,0.23274154039356987,2.468801975250244,0.14545454545454545,7.059892177581787,10.497150421142578,13.945494651794434,0.2678427865375055,4.679485321044922,0.10909090909090909,4.217039585113525,0.03636363636363636
410,191.14012145996094,1.22280359638744,149.42944139950873,5.428347587585449,7.2275776863098145,0.23339133853923166,2.4674394130706787,0.14545454545454545,7.059963226318359,10.494084358215332,13.942134857177734,0.26819553158852993,4.677877902984619,0.10909090909090909,4.217237949371338,0.03636363636363636
411,191.02838134765625,1.222022590048097,149.33840849944,5.425747871398926,7.224515914916992,0.23404068068619466,2.4660770893096924,0.14545454545454545,7.060032367706299,10.491019248962402,13.9387788772583,0.26854780871926676,4.676270961761475,0.10909090909090909,4.217435359954834,0.03636363636363636
412,190.91676330566406,1.2212422000678624,149.247440045443,5.423149585723877,7.221456527709961,0.23468930626377404,2.464715003967285,0.14545454545454545,7.060102462768555,10.487954139709473,13.935422897338867,0.2689000190042482,4.674663543701172,0.10909090909090909,4.217633247375488,0.03636363636363636
413,190.80520629882812,1.220462122770877,149.15650205509428,5.4205522537231445,7.218398094177246,0.23533741069998337,2.4633536338806152,0.14545454545454545,7.0601701736450195,10.484889030456543,13.932065963745117,0.2692521624434744,4.673055648803711,0.10909090909090909,4.217830657958984,0.03636363636363636
414,190.6937255859375,1.2196827304750397,149.06563532829296,5.41795539855957,7.2153425216674805,0.23598460313879543,2.4619927406311035,0.14545454545454545,7.060236930847168,10.481822967529297,13.928709030151367,0.2696042390369452,4.671448230743408,0.10909090909090909,4.218029022216797,0.03636363636363636
415,190.58233642578125,1.2189046456869552,148.9749322982707,5.415359020233154,7.212288856506348,0.23663120929356618,2.460632085800171,0.14545454545454545,7.060302734375,10.478759765625,13.925359725952148,0.2699555134813517,4.669841289520264,0.10909090909090909,4.218224048614502,0.03636363636363636
416,190.47100830078125,1.2181263965771756,148.8841932239884,5.412763595581055,7.209236145019531,0.23727729430696698,2.459272623062134,0.14545454545454545,7.060368061065674,10.475696563720703,13.922004699707031,0.27030725584604565,4.668234348297119,0.10909090909090909,4.218421459197998,0.03636363636363636
417,190.35977172851562,1.217349125200609,148.79357743187575,5.41016960144043,7.206184387207031,0.23792279303632657,2.457913398742676,0.14545454545454545,7.060431480407715,10.472633361816406,13.918655395507812,0.27065832975318604,4.666626930236816,0.10909090909090909,4.218616962432861,0.03636363636363636
418,190.24862670898438,1.2165720180507908,148.70296587915436,5.407575607299805,7.203134536743164,0.23856777062431633,2.456554412841797,0.14545454545454545,7.060492992401123,10.469569206237793,13.915302276611328,0.27100960419759257,4.6650190353393555,0.10909090909090909,4.218813419342041,0.03636363636363636
419,190.13754272460938,1.2157960001572836,148.6124848430543,5.404982566833496,7.200087070465088,0.23921190135757975,2.455195903778076,0.14545454545454545,7.060554504394531,10.466509819030762,13.911953926086426,0.2713604107217116,4.663412094116211,0.10909090909090909,4.219007968902588,0.03636363636363636
420,190.02651977539062,1.2150205261979328,148.52206104703782,5.402390956878662,7.1970415115356445,0.2398553806641308,2.4538381099700928,0.14545454545454545,7.060614585876465,10.463447570800781,13.908605575561523,0.2717111504000752,4.661806106567383,0.10909090909090909,4.219200611114502,0.03636363636363636
421,189.9156036376953,1.2142455007617756,148.43168119516508,5.399799823760986,7.193997859954834,0.24049820854396942,2.4524803161621094,0.14545454545454545,7.060674667358398,10.460387229919434,13.905256271362305,0.27206189007843884,4.66019868850708,0.10909090909090909,4.219396591186523,0.03636363636363636
422,189.8047637939453,1.213471493789029,148.34142480954733,5.397209644317627,7.190956115722656,0.2411403198544244,2.451122760772705,0.14545454545454545,7.060732841491699,10.457327842712402,13.901911735534668,0.27241196129924883,4.658592224121094,0.10909090909090909,4.219590663909912,0.03636363636363636
423,189.69398498535156,1.2126977014109248,148.25118531471367,5.394619464874268,7.187915325164795,0.24178191002350935,2.449765920639038,0.14545454545454545,7.060790538787842,10.454266548156738,13.898565292358398,0.27276223305732494,4.656985282897949,0.10909090909090909,4.219784736633301,0.03636363636363636
424,189.58328247070312,1.2119245725634142,148.16102257049783,5.392045497894287,7.184875965118408,0.2424230441938956,2.448411464691162,0.14545454545454545,7.060849189758301,10.451208114624023,13.895220756530762,0.2731121705866243,4.655378341674805,0.10909090909090909,4.219977855682373,0.03636363636363636
425,189.47265625,1.2111524777329787,148.0709771765446,5.389585018157959,7.181839942932129,0.2430632012242132,2.447075843811035,0.14545454545454545,7.060906410217285,10.448149681091309,13.891879081726074,0.2734617738871469,4.653773307800293,0.10909090909090909,4.220167636871338,0.03636363636363636
426,189.36215209960938,1.2103805276713502,147.98094174020343,5.387124538421631,7.178804397583008,0.24370290225583213,2.4457409381866455,0.14545454545454545,7.0609636306762695,10.445091247558594,13.888535499572754,0.2738114440334247,4.652167320251465,0.10909090909090909,4.220357894897461,0.03636363636363636
427,189.25167846679688,1.2096093348844588,147.89099616837325,5.384664058685303,7.175770282745361,0.24434201700340974,2.4444055557250977,0.14545454545454545,7.061018466949463,10.442035675048828,13.885194778442383,0.2741607799509258,4.650562286376953,0.10909090909090909,4.2205424308776855,0.03636363636363636
428,189.14129638671875,1.208838562188829,147.80108789340989,5.382205486297607,7.172738552093506,0.24498041518160374,2.443070888519287,0.14545454545454545,7.06107234954834,10.43897819519043,13.881852149963379,0.27451018271418237,4.6489577293396,0.10909090909090909,4.220739364624023,0.03636363636363636
429,189.031005859375,1.2080685199301733,147.7112629958158,5.37974739074707,7.169708728790283,0.24561816193308528,2.4417366981506348,0.14545454545454545,7.061122894287109,10.435920715332031,13.878511428833008,0.2748593180944173,4.647354602813721,0.10909090909090909,4.220942497253418,0.03636363636363636
430,188.92079162597656,1.20729925966306,147.621534217237,5.377289295196533,7.166679859161377,0.24625545268586813,2.4404022693634033,0.14545454545454545,7.061173439025879,10.432866096496582,13.875174522399902,0.2752079855543649,4.645752429962158,0.10909090909090909,4.2211527824401855,0.03636363636363636
431,188.81063842773438,1.2065305131961606,147.53185585144593,5.374833106994629,7.163653373718262,0.24689189658392485,2.43906831741333,0.14545454545454545,7.061220645904541,10.429811477661133,13.87183666229248,0.2755567198600678,4.644151210784912,0.10909090909090909,4.221366882324219,0.03636363636363636
432,188.70059204101562,1.205762332227692,147.44224065894468,5.372375965118408,7.160628318786621,0.24752781934061152,2.437734603881836,0.14545454545454545,7.0612664222717285,10.426755905151367,13.868499755859375,0.27590511993699385,4.64254903793335,0.10909090909090909,4.221589088439941,0.03636363636363636
433,188.5906219482422,1.2049949914146194,147.35271590832076,5.3699212074279785,7.157606601715088,0.24816276495722955,2.4364013671875,0.14545454545454545,7.061312675476074,10.423704147338867,13.865163803100586,0.27625345316816463,4.640949249267578,0.10909090909090909,4.221816062927246,0.03636363636363636
434,188.480712890625,1.204228129863386,147.26325338369384,5.367467880249023,7.1545844078063965,0.24879751514583393,2.435068130493164,0.14545454545454545,7.061355113983154,10.42065143585205,13.861830711364746,0.27660138532480316,4.639349460601807,0.10909090909090909,4.222044944763184,0.03636363636363636
435,188.37088012695312,1.2034615224577228,147.1738078674523,5.365013599395752,7.151564121246338,0.24943161390772584,2.4337353706359863,0.14545454545454545,7.061398029327393,10.417596817016602,13.858494758605957,0.2769495180187078,4.637750148773193,0.10909090909090909,4.222278594970703,0.03636363636363636
436,188.2611083984375,1.2026956686998203,147.0844518161348,5.3625593185424805,7.148545265197754,0.25006512638557643,2.4324023723602295,0.14545454545454545,7.061437606811523,10.414544105529785,13.855161666870117,0.27729724963808033,4.636151313781738,0.10909090909090909,4.222515106201172,0.03636363636363636
437,188.1514434814453,1.2019307740158285,146.99520561874328,5.360107421875,7.145529270172119,0.25069785715137227,2.4310693740844727,0.14545454545454545,7.0614752769470215,10.411492347717285,13.851831436157227,0.2776446470286761,4.634552478790283,0.10909090909090909,4.2227559089660645,0.03636363636363636
438,188.04183959960938,1.201166553663564,146.90602957403735,5.357656478881836,7.142516136169434,0.2513296759197705,2.429737091064453,0.14545454545454545,7.061511993408203,10.408441543579102,13.848501205444336,0.27799197757351646,4.6329545974731445,0.10909090909090909,4.222997665405273,0.03636363636363636
439,187.9323272705078,1.2004026217612345,146.81688917274505,5.355205059051514,7.13950252532959,0.25196123411748395,2.4284045696258545,0.14545454545454545,7.0615458488464355,10.405389785766602,13.845171928405762,0.2783391075810907,4.631357192993164,0.10909090909090909,4.223238468170166,0.03636363636363636
440,187.82290649414062,1.1996392949644412,146.72781204867556,5.352755546569824,7.136491298675537,0.25259207574581355,2.4270718097686768,0.14545454545454545,7.061577320098877,10.40234088897705,13.841842651367188,0.2786861038971543,4.6297607421875,0.10909090909090909,4.22348165512085,0.03636363636363636
441,187.71353149414062,1.1988767620467007,146.63882455362432,5.3503947257995605,7.133482456207275,0.25322220080475955,2.4257543087005615,0.14545454545454545,7.061605930328369,10.399291038513184,13.838515281677246,0.2790328328301964,4.628165245056152,0.10909090909090909,4.223725318908691,0.03636363636363636
442,187.604248046875,1.198114722398671,146.54989303079196,5.348064422607422,7.13047456741333,0.25385186986500685,2.4244415760040283,0.14545454545454545,7.061633110046387,10.396242141723633,13.835188865661621,0.2793794280717279,4.626569747924805,0.10909090909090909,4.223969459533691,0.03636363636363636
443,187.49505615234375,1.197353244236051,146.46102425073332,5.345736503601074,7.127468109130859,0.25448095264121284,2.4231293201446533,0.14545454545454545,7.061656951904297,10.393194198608398,13.831863403320312,0.2797258227759932,4.624974727630615,0.10909090909090909,4.224213600158691,0.03636363636363636
444,187.38589477539062,1.1965925325159714,146.37223856138394,5.343408107757568,7.124464511871338,0.2551091885626927,2.42181658744812,0.14545454545454545,7.061680793762207,10.390146255493164,13.82853889465332,0.28007201694299255,4.623379707336426,0.10909090909090909,4.224459171295166,0.03636363636363636
445,187.27684020996094,1.1958325443645614,146.28353550331212,5.341081142425537,7.121462821960449,0.2557366427721177,2.420504093170166,0.14545454545454545,7.061701774597168,10.387100219726562,13.825216293334961,0.280417876881215,4.621786117553711,0.10909090909090909,4.224703788757324,0.03636363636363636
446,187.16786193847656,1.1950729958294124,146.19487547839776,5.338755130767822,7.118463039398193,0.25636357584017266,2.41919207572937,0.14545454545454545,7.061722278594971,10.384052276611328,13.821892738342285,0.2807638036651928,4.620192527770996,0.10909090909090909,4.224948883056641,0.03636363636363636
447,187.05894470214844,1.1943138966670508,146.1062708537229,5.336429595947266,7.1154632568359375,0.25699018319487155,2.417879343032837,0.14545454545454545,7.061741352081299,10.381006240844727,13.818571090698242,0.28110946306614926,4.618597984313965,0.10909090909090909,4.225195407867432,0.03636363636363636
448,186.95013427734375,1.1935558193780094,146.01778226635906,5.334104061126709,7.112466812133789,0.25761581340950157,2.416567087173462,0.14545454545454545,7.061758041381836,10.377961158752441,13.815252304077148,0.2814547882383289,4.617003440856934,0.10909090909090909,4.225446701049805,0.03636363636363636
449,186.8413848876953,1.1927976242091227,145.92926996236383,5.331779956817627,7.109470367431641,0.2582411830534468,2.415255069732666,0.14545454545454545,7.061773777008057,10.374916076660156,13.811929702758789,0.2818003139477746,4.615408897399902,0.10909090909090909,4.225697040557861,0.03636363636363636
450,186.73269653320312,1.1920405705597554,145.84089316356904,5.329455375671387,7.106476783752441,0.25886570584266577,2.41394305229187,0.14545454545454545,7.061788082122803,10.371870994567871,13.808611869812012,0.2821453048911774,4.613814830780029,0.10909090909090909,4.225948810577393,0.03636363636363636
451,186.62411499023438,1.1912841697616183,145.75259195061722,5.327132225036621,7.103484630584717,0.25948977263318596,2.4126312732696533,0.14545454545454545,7.0617995262146,10.368827819824219,13.805295944213867,0.2824900284515589,4.61221981048584,0.10909090909090909,4.226202487945557,0.03636363636363636
452,186.51556396484375,1.1905285055049726,145.66436703990144,5.324810028076172,7.1004958152771,0.26011279714096636,2.4113197326660156,0.14545454545454545,7.061811447143555,10.365785598754883,13.801980018615723,0.28283468516618493,4.610625267028809,0.10909090909090909,4.226454734802246,0.03636363636363636
453,186.40716552734375,1.1897730318309194,145.5761642218722,5.322489261627197,7.097506523132324,0.26073556107806173,2.410008430480957,0.14545454545454545,7.061820983886719,10.362743377685547,13.798664093017578,0.2831792081893002,4.6090312004089355,0.10909090909090909,4.22670841217041,0.03636363636363636
454,186.29879760742188,1.1890184405960764,145.48806356905243,5.320167541503906,7.09451961517334,0.26135767358844464,2.408715009689331,0.16363636363636364,7.061827659606934,10.359701156616211,13.795351028442383,0.2835234638293941,4.607437610626221,0.10909090909090909,4.2269606590271,0.03636363636363636
455,186.19052124023438,1.1882643120841418,145.4000120249077,5.31784725189209,7.09153413772583,0.2619791346721151,2.407426595687866,0.16363636363636364,7.061832904815674,10.356659889221191,13.792037963867188,0.28386751893222195,4.6058430671691895,0.10909090909090909,4.227212905883789,0.03636363636363636
456,186.0823211669922,1.1875109445507617,145.31204299427327,5.31552791595459,7.0885515213012695,0.26259987918640193,2.4061384201049805,0.16363636363636364,7.0618391036987305,10.353618621826172,13.788725852966309,0.28421144034353907,4.604249477386475,0.10909090909090909,4.227465629577637,0.03636363636363636
457,185.97421264648438,1.1867581070619844,145.2241297550229,5.313209533691406,7.085570812225342,0.26321990713130505,2.404850721359253,0.16363636363636364,7.061840057373047,10.350580215454102,13.78541374206543,0.2845552949091008,4.602654933929443,0.10909090909090909,4.227717876434326,0.03636363636363636
458,185.86614990234375,1.1860059720677023,145.1363045841415,5.310891628265381,7.082590579986572,0.26383954422018063,2.403562545776367,0.16363636363636364,7.061842441558838,10.347541809082031,13.782105445861816,0.2848985478628643,4.6010613441467285,0.10909090909090909,4.227970600128174,0.03636363636363636
459,185.7581787109375,1.1852542460284832,145.04851559890267,5.3085737228393555,7.079612731933594,0.2644584647396726,2.4022746086120605,0.16363636363636364,7.061845302581787,10.344501495361328,13.77879524230957,0.28524206819964926,4.5994672775268555,0.10909090909090909,4.228221416473389,0.03636363636363636
460,185.65028381347656,1.1845033315459972,144.96082171347575,5.306257247924805,7.076636791229248,0.2650767338324521,2.400987386703491,0.16363636363636364,7.061845302581787,10.341462135314941,13.775487899780273,0.2855851874619021,4.597873210906982,0.10909090909090909,4.2284746170043945,0.03636363636363636
461,185.54244995117188,1.1837530659830708,144.87320298526924,5.30394172668457,7.073662281036377,0.26569435149851917,2.3996999263763428,0.16363636363636364,7.061845779418945,10.338425636291504,13.77218246459961,0.28592797249537816,4.596280097961426,0.10909090909090909,4.228725433349609,0.03636363636363636
462,185.43472290039062,1.1830033023879885,144.78563346303463,5.301626682281494,7.070690155029297,0.26631131773787386,2.3984131813049316,0.16363636363636364,7.061843395233154,10.33538818359375,13.768876075744629,0.2862708243746095,4.594686508178711,0.10909090909090909,4.228976249694824,0.03636363636363636
463,185.32708740234375,1.1822538629717942,144.69809928037466,5.299311637878418,7.067718505859375,0.266927893121201,2.3971264362335205,0.16363636363636364,7.061839580535889,10.332351684570312,13.765569686889648,0.2866134757165748,4.593092441558838,0.10909090909090909,4.229225158691406,0.03636363636363636
464,185.21949768066406,1.181505301315517,144.6106667528186,5.296998023986816,7.064749240875244,0.2675436867924732,2.395840644836426,0.16363636363636364,7.061832904815674,10.329314231872559,13.762266159057617,0.2869558596755186,4.591500759124756,0.10909090909090909,4.229470729827881,0.03636363636363636
465,185.11199951171875,1.1807573870755377,144.52330921868474,5.294684410095215,7.061781406402588,0.26815895932237555,2.39455509185791,0.16363636363636364,7.061825275421143,10.326281547546387,13.758964538574219,0.28729797625144116,4.589909553527832,0.10909090909090909,4.2297139167785645,0.03636363636363636
466,185.00457763671875,1.1800101089395472,144.43601420558525,5.292372703552246,7.058816909790039,0.26877338499755166,2.393270254135132,0.16363636363636364,7.06181526184082,10.323244094848633,13.755661964416504,0.2876400259816082,4.588318824768066,0.10909090909090909,4.229953289031982,0.03636363636363636
467,184.89724731445312,1.1792633155595627,144.34877424920592,5.2900614738464355,7.055853366851807,0.26938722438868656,2.3919854164123535,0.16363636363636364,7.061803817749023,10.320209503173828,13.752360343933105,0.2879820088660199,4.586727619171143,0.10909090909090909,4.230193614959717,0.03636363636363636
468,184.7899932861328,1.1785170329482635,144.26159570910818,5.287749767303467,7.052890300750732,0.2700006729237939,2.3907012939453125,0.16363636363636364,7.061791896820068,10.317176818847656,13.74906063079834,0.2883236575216549,4.585137844085693,0.10909090909090909,4.230428695678711,0.03636363636363636
469,184.68276977539062,1.1777715317349955,144.17450545127713,5.2854390144348145,7.049929618835449,0.2706134048895177,2.3894171714782715,0.16363636363636364,7.061777591705322,10.314143180847168,13.745762825012207,0.28866497194851304,4.583548545837402,0.10909090909090909,4.230660915374756,0.03636363636363636
470,184.57565307617188,1.1770265557797095,144.08747048230066,5.2831292152404785,7.046970844268799,0.27122555057120024,2.3881332874298096,0.16363636363636364,7.061760425567627,10.31110954284668,13.742465019226074,0.2890062863753712,4.5819597244262695,0.10909090909090909,4.230895042419434,0.03636363636363636
471,184.46865844726562,1.1762819845480907,144.00047128063375,5.280821323394775,7.0440144538879395,0.2718369145408279,2.3868496417999268,0.16363636363636364,7.061741828918457,10.308077812194824,13.739165306091309,0.2893476676479846,4.580370903015137,0.10909090909090909,4.231125354766846,0.03636363636363636
472,184.36166381835938,1.1755383923578324,143.91359885925613,5.278512477874756,7.041058540344238,0.2724478225117568,2.385566473007202,0.16363636363636364,7.061722755432129,10.305047035217285,13.735872268676758,0.2896882467715338,4.578782081604004,0.10909090909090909,4.231358051300049,0.03636363636363636
473,184.2547607421875,1.174795339329305,143.8267755484244,5.276205539703369,7.0381059646606445,0.2730578836279596,2.3842830657958984,0.16363636363636364,7.061703205108643,10.302016258239746,13.732577323913574,0.29002902643234907,4.577192306518555,0.10909090909090909,4.231591701507568,0.03636363636363636
474,184.14797973632812,1.1740527687197941,143.74000704141554,5.273898124694824,7.035154342651367,0.2736675538881348,2.383000135421753,0.16363636363636364,7.061681747436523,10.298986434936523,13.729283332824707,0.2903696055558983,4.575603008270264,0.10909090909090909,4.231822490692139,0.03636363636363636
475,184.04122924804688,1.1733108153762042,143.65330672478103,5.271592617034912,7.032204627990723,0.2742765075789264,2.3817176818847656,0.16363636363636364,7.061657905578613,10.295954704284668,13.725990295410156,0.29070991729642615,4.5740132331848145,0.10909090909090909,4.232056617736816,0.03636363636363636
476,183.93455505371094,1.172569385079105,143.56666146835823,5.269287586212158,7.029256820678711,0.27488480984300556,2.3804354667663574,0.16363636363636364,7.061634540557861,10.292925834655762,13.722697257995605,0.2910502290369539,4.572423934936523,0.10909090909090909,4.232288837432861,0.03636363636363636
477,183.8280029296875,1.1718286501894088,143.48010347135846,5.266981601715088,7.026309490203857,0.27549272125105717,2.379153251647949,0.16363636363636364,7.06160831451416,10.289898872375488,13.71940803527832,0.2913900728571941,4.570834159851074,0.10909090909090909,4.2325215339660645,0.03636363636363636
478,183.72146606445312,1.1710885725713744,143.39361385486745,5.264678001403809,7.023365020751953,0.2760998509470539,2.3778719902038574,0.16363636363636364,7.061581611633301,10.286871910095215,13.716118812561035,0.29172984983167904,4.5692458152771,0.10909090909090909,4.232750415802002,0.03636363636363636
479,183.61505126953125,1.1703488556841288,143.30715940517666,5.262375354766846,7.020421981811523,0.2767063292163382,2.3765904903411865,0.16363636363636364,7.061553478240967,10.283842086791992,13.712828636169434,0.2920695599604086,4.56765604019165,0.10909090909090909,4.232980251312256,0.03636363636363636
480,183.50869750976562,1.1696100353514598,143.2208121710105,5.260072231292725,7.017480850219727,0.27731228634425253,2.3753092288970947,0.16363636363636364,7.061524391174316,10.280816078186035,13.709542274475098,0.29240886901460594,4.566067695617676,0.10909090909090909,4.233206272125244,0.03636363636363636
481,183.40240478515625,1.1688717098397743,143.13451341416135,5.257771015167236,7.014542102813721,0.27791739661744075,2.374028444290161,0.16363636363636364,7.06149435043335,10.277789115905762,13.706254959106445,0.2927481780688034,4.564479827880859,0.10909090909090909,4.233432292938232,0.03636363636363636
482,183.29620361328125,1.1681339841235818,143.04828862752242,5.25546932220459,7.011603832244873,0.2785223114626152,2.3727476596832275,0.16363636363636364,7.061465263366699,10.274762153625488,13.702970504760742,0.29308708604846867,4.562891960144043,0.10909090909090909,4.233654022216797,0.03636363636363636
483,183.19009399414062,1.1673966852463111,142.96210556629444,5.253168106079102,7.008667469024658,0.2791263794530634,2.371466875076294,0.16363636363636364,7.061432361602783,10.271738052368164,13.699685096740723,0.29342599402813396,4.561304569244385,0.10909090909090909,4.2338786125183105,0.03636363636363636
484,183.08401489257812,1.1666602547535276,142.87602313508296,5.250869274139404,7.005733489990234,0.27972979601679926,2.370187520980835,0.16363636363636364,7.061398983001709,10.268712997436523,13.696402549743652,0.29376463462477775,4.559716701507568,0.10909090909090909,4.234102725982666,0.03636363636363636
485,182.97805786132812,1.165924089452206,142.78996261307248,5.248569488525391,7.002800941467285,0.28033269143916506,2.368907928466797,0.16363636363636364,7.061365127563477,10.265690803527832,13.69311809539795,0.29410320837566617,4.558128356933594,0.10909090909090909,4.23432731628418,0.03636363636363636
486,182.8721466064453,1.1651890460295815,142.7040354101855,5.246272087097168,6.999871253967285,0.28093474000680485,2.367628812789917,0.16363636363636364,7.0613274574279785,10.262666702270508,13.689838409423828,0.2944413142062672,4.556540012359619,0.10909090909090909,4.234552383422852,0.03636363636363636
487,182.7663116455078,1.164453998263499,142.61810335193582,5.243973255157471,6.996941089630127,0.28153659314643076,2.366349697113037,0.16363636363636364,7.061290264129639,10.259644508361816,13.686556816101074,0.29477955372837883,4.554952144622803,0.10909090909090909,4.2347731590271,0.03636363636363636
488,182.66055297851562,1.1637198171378156,142.5322717324841,5.241675853729248,6.99401330947876,0.28213772971667306,2.3650712966918945,0.16363636363636364,7.061252117156982,10.256620407104492,13.68327808380127,0.29511739217595834,4.5533647537231445,0.10909090909090909,4.234993934631348,0.03636363636363636
489,182.55490112304688,1.1629864085089558,142.44652743554025,5.239379405975342,6.991087913513184,0.28273814971753164,2.363792896270752,0.16363636363636364,7.061213493347168,10.253599166870117,13.680001258850098,0.29545503008627183,4.551778793334961,0.10909090909090909,4.235209941864014,0.03636363636363636
490,182.4492645263672,1.1622531964726457,142.36079823464456,5.2370829582214355,6.988163471221924,0.28333811371969153,2.3625144958496094,0.16363636363636364,7.061174392700195,10.250578880310059,13.676722526550293,0.2957926679965852,4.550192356109619,0.10909090909090909,4.235427379608154,0.03636363636363636
491,182.34371948242188,1.1615208903517358,142.27516960009848,5.234788417816162,6.9852423667907715,0.28393716572445393,2.361236333847046,0.16363636363636364,7.061114311218262,10.247557640075684,13.673445701599121,0.2961300385238773,4.5486063957214355,0.10909090909090909,4.235642433166504,0.03636363636363636
492,182.23829650878906,1.1607891804963537,142.189614538368,5.232493877410889,6.982321739196777,0.2845358268731889,2.3599586486816406,0.16363636363636364,7.061034679412842,10.244538307189941,13.670171737670898,0.29646707482239254,4.5470194816589355,0.10909090909090909,4.2358574867248535,0.03636363636363636
493,182.13291931152344,1.1600580544700452,142.10412053599202,5.23020076751709,6.979403495788574,0.28513377145254026,2.3586809635162354,0.16363636363636364,7.060939311981201,10.2415189743042,13.666897773742676,0.296803977429397,4.545434474945068,0.10909090909090909,4.236068248748779,0.03636363636363636
494,182.02761840820312,1.159327083408673,142.01864125409838,5.227907657623291,6.976485252380371,0.28573139031853534,2.357403039932251,0.16363636363636364,7.060827732086182,10.23849868774414,13.663622856140137,0.29714101372791224,4.543849468231201,0.10909090909090909,4.236276626586914,0.03636363636363636
495,181.92239379882812,1.1585971503484136,141.93327563925118,5.225615978240967,6.973571300506592,0.2863279669017904,2.3561253547668457,0.16363636363636364,7.060703754425049,10.235482215881348,13.66034984588623,0.2974776489518953,4.54226541519165,0.10909090909090909,4.2364821434021,0.03636363636363636
496,181.81723022460938,1.1578677452022443,141.84797679244548,5.223324298858643,6.9706573486328125,0.2869242177716894,2.3548481464385986,0.16363636363636364,7.060567378997803,10.232462882995605,13.657079696655273,0.297814016792857,4.5406813621521,0.10909090909090909,4.2366862297058105,0.03636363636363636
497,181.71212768554688,1.1571390157027888,141.76275186783005,5.221033096313477,6.967745780944824,0.28751981721487585,2.3535704612731934,0.16363636363636364,7.060420989990234,10.229446411132812,13.653810501098633,0.2981501840965526,4.539097785949707,0.10909090909090909,4.2368879318237305,0.03636363636363636
498,181.60714721679688,1.1564105476171598,141.6775484755201,5.218743324279785,6.9648356437683105,0.2881148303740212,2.352293014526367,0.16363636363636364,7.060264587402344,10.226428985595703,13.65053939819336,0.2984864182460035,4.537514686584473,0.10909090909090909,4.237086772918701,0.03636363636363636
499,181.50222778320312,1.1556829410438962,141.59244496332644,5.216453552246094,6.961927890777588,0.2887091269637828,2.351016044616699,0.16363636363636364,7.060098648071289,10.223414421081543,13.647271156311035,0.2988222513209222,4.535932540893555,0.10909090909090909,4.237281799316406,0.03636363636363636
500,181.39736938476562,1.154955875136311,141.50740196444667,5.214165687561035,6.95902156829834,0.2893029024121745,2.349738359451294,0.16363636363636364,7.059925556182861,10.22039794921875,13.644003868103027,0.2991579507043304,4.5343523025512695,0.10909090909090909,4.23746919631958,0.01818181818181818
