epoch,train_loss,normalized_valid_score,legacy_valid_score,V1_mae,V1_rmse,V1_r2,V1_mean_pinball_loss,V1_interval_80_coverage,V1_interval_80_mean_width,V2_mae,V2_rmse,V2_r2,V2_mean_pinball_loss,V2_interval_80_coverage,V2_interval_80_mean_width,quantile_crossing_rate
1,145.13870239257812,1.456665455045989,176.48255512812102,6.18928337097168,8.12373161315918,0.031500650677571684,2.944257974624634,0.09090909090909091,7.235561370849609,11.329957008361816,14.865230560302734,0.16808338446476567,5.118283748626709,0.09090909090909091,4.308096408843994,0.09090909090909091
2,138.344482421875,1.325958110333836,161.31989186424516,5.76613712310791,7.6427001953125,0.14280061763069463,2.787675619125366,0.10909090909090909,7.468555450439453,10.87059211730957,14.346360206604004,0.22514586245162294,4.889625549316406,0.09090909090909091,4.417750835418701,0.12727272727272726
3,131.90597534179688,1.207221449385682,147.50759231852862,5.381626129150391,7.184417724609375,0.24251965077535087,2.6422512531280518,0.12727272727272726,7.688514232635498,10.422761917114258,13.848590850830078,0.27798261916776634,4.669539928436279,0.10909090909090909,4.519625186920166,0.16363636363636364
4,125.83026123046875,1.100135267647106,135.00702606924824,5.009688377380371,6.752412796020508,0.3308766294869213,2.502045154571533,0.12727272727272726,7.896441459655762,9.986437797546387,13.372505187988281,0.3267722664715127,4.4586405754089355,0.10909090909090909,4.613693714141846,0.32727272727272727
5,120.12455749511719,1.0042830866208539,123.76665621889765,4.681842803955078,6.350773334503174,0.4081094548007901,2.371947765350342,0.14545454545454545,8.09116268157959,9.561321258544922,12.917765617370605,0.3717807167776763,4.2569260597229,0.12727272727272726,4.6997904777526855,0.4
6,114.79080963134766,0.9191369357772501,113.7269937161036,4.3850297927856445,5.982692718505859,0.4747311578243416,2.250671863555908,0.16363636363636364,8.273046493530273,9.147281646728516,12.4847412109375,0.41319259806255604,4.06608772277832,0.14545454545454545,4.777525424957275,0.45454545454545453
7,109.8229751586914,0.8440907168177236,104.81925194136625,4.106639385223389,5.651284694671631,0.5313133329264088,2.1368114948272705,0.2,8.441944122314453,8.748056411743164,12.073295593261719,0.4512328128700539,3.8852195739746094,0.16363636363636364,4.846646785736084,0.4727272727272727
8,105.217529296875,0.7784789342115765,96.9704231991791,3.85512113571167,5.3587846755981445,0.5785744711994805,2.0303564071655273,0.18181818181818182,8.600666046142578,8.373071670532227,11.683650970458984,0.4860822792370466,3.723212480545044,0.21818181818181817,4.906921863555908,0.4909090909090909
9,100.95803833007812,0.7215824273081299,90.10195705980504,3.646775960922241,5.106614112854004,0.6173036783916743,1.9341870546340942,0.18181818181818182,8.749378204345703,8.030935287475586,11.315869331359863,0.517927496820983,3.580132246017456,0.2545454545454545,4.958309173583984,0.6
10,97.0338134765625,0.6726126930134695,84.12773067634976,3.4737460613250732,4.894983768463135,0.6483661468911214,1.8487011194229126,0.2,8.889601707458496,7.7083964347839355,10.969673156738281,0.5469732141705248,3.4484076499938965,0.2545454545454545,5.0009355545043945,0.6363636363636364
11,93.43333435058594,0.6308006870093826,78.96585835329506,3.3515048027038574,4.72270393371582,0.6726821797858252,1.7749378681182861,0.23636363636363636,9.021885871887207,7.40939474105835,10.645367622375488,0.5733637178486122,3.327439069747925,0.2545454545454545,5.035790920257568,0.6909090909090909
12,90.13864135742188,0.5953446799550346,74.53117280716901,3.2506139278411865,4.587028980255127,0.6912185594597223,1.7084158658981323,0.23636363636363636,9.146636009216309,7.170266628265381,10.343146324157715,0.5972441968358829,3.2251412868499756,0.23636363636363636,5.063029766082764,0.7454545454545455
13,87.13041687011719,0.5654734501081323,70.74119343175971,3.159376382827759,4.484370231628418,0.704885101030746,1.6458927392959595,0.2727272727272727,9.264527320861816,6.981663227081299,10.062963485717773,0.618768964558581,3.136997938156128,0.21818181818181817,5.083049297332764,0.7818181818181819
14,84.39047241210938,0.540427198965292,67.5145402584094,3.083791732788086,4.410144805908203,0.7145737379535729,1.5891008377075195,0.2909090909090909,9.375997543334961,6.8342766761779785,9.804607391357422,0.6380931031691373,3.0595955848693848,0.21818181818181817,5.096867561340332,0.8
15,81.90081024169922,0.5195384939124236,64.78020026344188,3.025115489959717,4.3595499992370605,0.7210852365144736,1.5378111600875854,0.3090909090909091,9.480900764465332,6.713458061218262,9.568126678466797,0.6553404778522298,2.989672899246216,0.21818181818181817,5.104762077331543,0.8
16,79.6429672241211,0.5021522899437353,62.46743280048531,2.972029447555542,4.327528953552246,0.725167467150668,1.489542841911316,0.32727272727272727,9.579052925109863,6.596689224243164,9.353066444396973,0.6706599541050413,2.9253687858581543,0.2545454545454545,5.107670307159424,0.7818181818181819
17,77.59884643554688,0.48764810920307705,60.50852578017907,2.9255707263946533,4.309098720550537,0.727503401913149,1.444335699081421,0.32727272727272727,9.671550750732422,6.489770412445068,9.158623695373535,0.6842110258998558,2.8666906356811523,0.2545454545454545,5.106832504272461,0.8
18,75.75422668457031,0.47549838658654153,58.8457154243431,2.8899145126342773,4.299890041351318,0.7286668337359041,1.4042264223098755,0.38181818181818183,9.758647918701172,6.3874897956848145,8.98405933380127,0.6961342698601914,2.811943769454956,0.23636363636363636,5.104629039764404,0.8
19,74.09223937988281,0.46524037749403063,57.42781889043022,2.8694920539855957,4.296121120452881,0.7291422938076484,1.3731343746185303,0.43636363636363634,9.839585304260254,6.296174049377441,8.828495025634766,0.7065663855557553,2.763169050216675,0.2545454545454545,5.102293491363525,0.8
20,72.59819030761719,0.45645116232188443,56.20693809609679,2.8504247665405273,4.294616222381592,0.7293320055519796,1.344589352607727,0.41818181818181815,9.914880752563477,6.209991931915283,8.690593719482422,0.7156616864127914,2.717634677886963,0.2727272727272727,5.100571155548096,0.7454545454545455
21,71.2542724609375,0.448775418545774,55.14221137022378,2.833115339279175,4.292874336242676,0.7295515200684051,1.3174259662628174,0.43636363636363634,9.985191345214844,6.1319193840026855,8.568948745727539,0.7235658961779803,2.676060914993286,0.2909090909090909,5.1012864112854,0.7090909090909091
22,70.04766082763672,0.44192631251994074,54.19969601841399,2.817384719848633,4.289147853851318,0.7300208567290523,1.2918096780776978,0.43636363636363634,10.050566673278809,6.058067321777344,8.462021827697754,0.7304217973847668,2.6388845443725586,0.2727272727272727,5.1053786277771,0.7272727272727273
23,68.96475219726562,0.4357160632409687,53.35646653470849,2.8043324947357178,4.282488822937012,0.7308584774815792,1.2680004835128784,0.45454545454545453,10.110712051391602,5.999892234802246,8.368602752685547,0.7363411060017929,2.605501413345337,0.2727272727272727,5.115970611572266,0.6727272727272727
24,67.99388885498047,0.429962013600082,52.58961138295331,2.790222644805908,4.272140979766846,0.7321575526315327,1.2456035614013672,0.4727272727272727,10.165846824645996,5.949378490447998,8.287149429321289,0.7414486397657511,2.574326753616333,0.2727272727272727,5.13444709777832,0.6181818181818182
25,67.12449645996094,0.42453105751934306,51.88136707377771,2.775224447250366,4.257843971252441,0.733947298666966,1.224422812461853,0.4909090909090909,10.215838432312012,5.900891304016113,8.216097831726074,0.7458631501610348,2.544454574584961,0.2909090909090909,5.163425445556641,0.5818181818181818
26,66.34735107421875,0.41933762715978184,51.21919776092204,2.760617971420288,4.239732265472412,0.7362058927930122,1.2044590711593628,0.509090909090909,10.26070785522461,5.854426860809326,8.154001235961914,0.7496900863667213,2.515934705734253,0.2727272727272727,5.203222751617432,0.5818181818181818
27,65.65043640136719,0.4143336576653278,50.594953262499985,2.7460789680480957,4.218179702758789,0.73888104173033,1.1861082315444946,0.4909090909090909,10.300322532653809,5.810052871704102,8.099618911743164,0.753017818471394,2.488260507583618,0.2727272727272727,5.253708362579346,0.6
28,65.02749633789062,0.40950369773121054,50.00393656718211,2.7312676906585693,4.193881511688232,0.7418806663131157,1.168432593345642,0.4909090909090909,10.334724426269531,5.770247459411621,8.05174446105957,0.7559288842714812,2.4617552757263184,0.2727272727272727,5.313836097717285,0.5636363636363636
29,64.46728515625,0.4048444149834644,49.44310339143067,2.71964168548584,4.167553901672363,0.7451112216654623,1.1521880626678467,0.509090909090909,10.363943099975586,5.7334160804748535,8.009319305419922,0.7584941068447848,2.436278820037842,0.2909090909090909,5.383159160614014,0.5636363636363636
30,63.964134216308594,0.40037363466365333,48.912097519898,2.7102138996124268,4.140006065368652,0.7484697823668038,1.1370947360992432,0.5272727272727272,10.387758255004883,5.7002434730529785,7.971505165100098,0.7607691687055179,2.4130516052246094,0.3090909090909091,5.461601734161377,0.4909090909090909
31,63.511295318603516,0.3961029334250269,48.40995602552562,2.7014081478118896,4.111987590789795,0.7518628686839051,1.1237374544143677,0.5272727272727272,10.40671157836914,5.670352458953857,7.937444686889648,0.7628091674675346,2.3912086486816406,0.3090909090909091,5.548389911651611,0.4727272727272727
32,63.09687042236328,0.392026929093507,47.93436146644137,2.693108320236206,4.083962440490723,0.7552336762074405,1.1120779514312744,0.5454545454545454,10.421124458312988,5.649021148681641,7.9064040184021,0.7646606779108803,2.370911121368408,0.3090909090909091,5.6428093910217285,0.4
33,62.71241760253906,0.38814694013842677,47.484009133572044,2.6851766109466553,4.0563836097717285,0.758528299376956,1.101144552230835,0.5454545454545454,10.43124008178711,5.630840301513672,7.877786636352539,0.7663612172157499,2.3517282009124756,0.34545454545454546,5.744792938232422,0.4
34,62.35264587402344,0.3844741497762938,47.05915847182473,2.6775355339050293,4.029658794403076,0.7616995911841381,1.090611457824707,0.5454545454545454,10.437335014343262,5.613282680511475,7.851243019104004,0.7679330450186777,2.332786798477173,0.34545454545454546,5.853640556335449,0.38181818181818183
35,62.01152420043945,0.3810190187806791,46.66014437143292,2.6701135635375977,4.004151821136475,0.7647068700307948,1.0807816982269287,0.5636363636363636,10.439501762390137,5.596355438232422,7.82648229598999,0.7693944770566317,2.314296007156372,0.38181818181818183,5.968735694885254,0.32727272727272727
36,61.68305969238281,0.3778003538972017,46.288787444772595,2.6635587215423584,3.980135202407837,0.7675209357145412,1.0714503526687622,0.5636363636363636,10.43791389465332,5.580228328704834,7.803500652313232,0.7707468001104024,2.2977256774902344,0.38181818181818183,6.089569568634033,0.3090909090909091
37,61.36288070678711,0.3748327904407939,45.9463236770726,2.661349296569824,3.9578874111175537,0.7701126531756629,1.064521312713623,0.6,10.433355331420898,5.564929962158203,7.782217025756836,0.771995645934879,2.2813565731048584,0.38181818181818183,6.2153143882751465,0.2727272727272727
38,61.04978942871094,0.37209244962093896,45.62989313364358,2.6589653491973877,3.937290668487549,0.7724990735083582,1.0586824417114258,0.6181818181818182,10.426188468933105,5.550331115722656,7.762426853179932,0.7731537820693347,2.265153408050537,0.38181818181818183,6.344748020172119,0.2545454545454545
39,60.7404670715332,0.369576382190245,45.33924873279227,2.6563093662261963,3.9183192253112793,0.7746861898383817,1.0535264015197754,0.6181818181818182,10.416680335998535,5.536427974700928,7.744162082672119,0.7742200554244896,2.2492902278900146,0.4,6.477416515350342,0.2545454545454545
40,60.4329833984375,0.3672842059020392,45.074375159959345,2.6532387733459473,3.900984764099121,0.776675321304826,1.0483285188674927,0.6181818181818182,10.405293464660645,5.523173809051514,7.727443695068359,0.7751938643885455,2.2338972091674805,0.41818181818181815,6.61285400390625,0.21818181818181817
41,60.127708435058594,0.3651910965273788,44.83253928554956,2.6496894359588623,3.8850772380828857,0.7784929646892196,1.043061375617981,0.6181818181818182,10.39245891571045,5.510502815246582,7.712161064147949,0.7760821776314984,2.2189230918884277,0.41818181818181815,6.749691486358643,0.14545454545454545
42,59.825138092041016,0.3632874095373637,44.612610028886934,2.6456186771392822,3.8705458641052246,0.7801468719694408,1.0377006530761719,0.6181818181818182,10.37847900390625,5.498362064361572,7.698244571685791,0.7768895573761517,2.2044146060943604,0.43636363636363634,6.88735818862915,0.09090909090909091
43,59.524757385253906,0.3615695805854141,44.41425717885738,2.6415646076202393,3.8573527336120605,0.7816431014139151,1.0328634977340698,0.6545454545454545,10.363492965698242,5.486816883087158,7.6857123374938965,0.7776154020107069,2.190335273742676,0.43636363636363634,7.024835109710693,0.07272727272727272
44,59.22739791870117,0.36002538083764024,44.23616817448573,2.6378846168518066,3.8453853130340576,0.7829959029819774,1.0282379388809204,0.6545454545454545,10.348077774047852,5.475825309753418,7.674526691436768,0.7782622182509902,2.1764116287231445,0.43636363636363634,7.161799907684326,0.03636363636363636
45,58.93391799926758,0.35863718101978515,44.07635620717991,2.6338841915130615,3.834502935409546,0.7842224091961648,1.0235096216201782,0.6545454545454545,10.332308769226074,5.465322494506836,7.664586544036865,0.7788362394636885,2.162870407104492,0.45454545454545453,7.297601222991943,0.03636363636363636
46,58.64424133300781,0.35738739118026547,43.9328030678559,2.629523992538452,3.8245742321014404,0.7853383682972507,1.0186340808868408,0.6545454545454545,10.316961288452148,5.455256462097168,7.655773639678955,0.7793445680103087,2.150256395339966,0.4727272727272727,7.4321112632751465,0.03636363636363636
47,58.35974884033203,0.35625277327123306,43.802817539808586,2.624807834625244,3.8154284954071045,0.7863637953709748,1.013602614402771,0.6545454545454545,10.301966667175293,5.445554256439209,7.647917747497559,0.7797971806198379,2.137956142425537,0.4727272727272727,7.56511116027832,0.03636363636363636
48,58.08121109008789,0.3552148656825455,43.68417460441867,2.620032787322998,3.806957721710205,0.7873113443812264,1.0086132287979126,0.6727272727272727,10.287412643432617,5.436173915863037,7.640843868255615,0.780204321404285,2.1257147789001465,0.4727272727272727,7.695682525634766,0.03636363636363636
49,57.80845642089844,0.35425619410598164,43.57477030425446,2.615734100341797,3.799057960510254,0.788193115579189,1.0038096904754639,0.6545454545454545,10.273221969604492,5.428325176239014,7.6343865394592285,0.7805756662867377,2.1137163639068604,0.4727272727272727,7.823991298675537,0.03636363636363636
50,57.54191207885742,0.3533526283866223,43.47182780434338,2.611109495162964,3.7915408611297607,0.7890304920466987,0.9990655779838562,0.6545454545454545,10.259249687194824,5.422783851623535,7.628374099731445,0.7809211585733057,2.102116584777832,0.4727272727272727,7.948474884033203,0.01818181818181818
51,57.28141784667969,0.352489807813557,43.373649625688245,2.606191635131836,3.784308910369873,0.7898345317521991,0.994166910648346,0.6545454545454545,10.245504379272461,5.417292594909668,7.622684001922607,0.7812478672026181,2.0905399322509766,0.4727272727272727,8.068755149841309,0.01818181818181818
52,57.027183532714844,0.35165547903996547,43.27874950229375,2.6010265350341797,3.7772908210754395,0.7906133123869246,0.9891322255134583,0.6545454545454545,10.231912612915039,5.411835193634033,7.617194175720215,0.7815628276904263,2.078976631164551,0.4727272727272727,8.18515682220459,0.01818181818181818
53,56.77922821044922,0.3508411342519633,43.18614153189367,2.5956459045410156,3.7704219818115234,0.7913741462157222,0.9839875102043152,0.6545454545454545,10.218320846557617,5.406411647796631,7.611840724945068,0.7818697666875916,2.0674726963043213,0.4727272727272727,8.296789169311523,0.01818181818181818
54,56.53751754760742,0.35003706867529555,43.09452378753315,2.590202808380127,3.763686180114746,0.7921189060903903,0.9787580966949463,0.6545454545454545,10.204853057861328,5.400938987731934,7.606469631195068,0.7821774911223823,2.056086778640747,0.4909090909090909,8.403499603271484,0.01818181818181818
55,56.301856994628906,0.34923572155940397,43.0030004115755,2.584742784500122,3.7570319175720215,0.7928533245659983,0.973453938961029,0.6545454545454545,10.191557884216309,5.395389556884766,7.601014614105225,0.7824897944914151,2.045504570007324,0.5272727272727272,8.504674911499023,0.01818181818181818
56,56.071197509765625,0.34842621857319733,42.91031354824395,2.579087018966675,3.7503743171691895,0.7935868147585412,0.968052327632904,0.6545454545454545,10.178297996520996,5.389740467071533,7.595394134521484,0.7828113559975649,2.0358006954193115,0.5272727272727272,8.600700378417969,0.01818181818181818
57,55.84523010253906,0.34760445383279637,42.815984342397655,2.573341131210327,3.743682384490967,0.7943227640869235,0.9629055857658386,0.6727272727272727,10.164722442626953,5.383966445922852,7.589575290679932,0.7831439971876654,2.0261828899383545,0.5272727272727272,8.6913480758667,0.0
58,55.623741149902344,0.346764069380607,42.71919383903213,2.567509651184082,3.736933469772339,0.7950636805439882,0.9578973650932312,0.6909090909090909,10.150806427001953,5.378017425537109,7.583471775054932,0.7834926479361741,2.0166118144989014,0.5272727272727272,8.774884223937988,0.0
59,55.40577697753906,0.3459039681120689,42.61977941147842,2.561605215072632,3.730130434036255,0.7958091732737078,0.9531377553939819,0.6909090909090909,10.13647747039795,5.37185525894165,7.5770583152771,0.7838587120039535,2.007084608078003,0.5272727272727272,8.851386070251465,0.0
60,55.1912727355957,0.34502485293343554,42.51785835345356,2.5557985305786133,3.7232666015625,0.7965599425597982,0.9485456943511963,0.7090909090909091,10.121939659118652,5.3654398918151855,7.5703558921813965,0.784240919321652,1.997741937637329,0.5454545454545454,8.921076774597168,0.0
61,54.98017501831055,0.3441265158032826,42.413450145482386,2.5501391887664795,3.716325521469116,0.7973177635400508,0.9439874887466431,0.7090909090909091,10.106854438781738,5.358770370483398,7.563382148742676,0.7846382504915002,1.9885767698287964,0.5454545454545454,8.984040260314941,0.0
62,54.772403717041016,0.34321052435744603,42.306714155054635,2.544553756713867,3.7093265056610107,0.7980804702206468,0.9394453763961792,0.7090909090909091,10.091082572937012,5.351847171783447,7.556138038635254,0.7850505885334262,1.9794821739196777,0.5454545454545454,9.040762901306152,0.0
63,54.567630767822266,0.3422792609104208,42.19792597164667,2.539050340652466,3.7022881507873535,0.7988460268931096,0.9350475072860718,0.7454545454545455,10.074756622314453,5.345729827880859,7.548640727996826,0.7854769307610998,1.9706387519836426,0.5454545454545454,9.091779708862305,0.0
64,54.36548614501953,0.3413444437248718,42.08843422210839,2.5336785316467285,3.695305824279785,0.7996040270157081,0.9312695860862732,0.7454545454545455,10.058065414428711,5.339794158935547,7.5409746170043945,0.7859124475686963,1.9620590209960938,0.5636363636363636,9.13744068145752,0.0
65,54.16585922241211,0.34040570977472173,41.978209156589,2.5283925533294678,3.688372850418091,0.8003552848718327,0.9275079965591431,0.7454545454545455,10.040872573852539,5.3336052894592285,7.53314208984375,0.7863569551303884,1.9537270069122314,0.5636363636363636,9.17777156829834,0.0
66,53.968963623046875,0.33946734467263606,41.86762054562456,2.523242712020874,3.681565999984741,0.8010914947709,0.9237807989120483,0.7454545454545455,10.023000717163086,5.327153205871582,7.525116920471191,0.7868118739184775,1.9454855918884277,0.5636363636363636,9.213216781616211,0.0
67,53.77467346191406,0.3385354047594917,41.75758205408249,2.518237352371216,3.674862861633301,0.8018151321344172,0.9200976490974426,0.7454545454545455,10.004305839538574,5.320440292358398,7.517042636871338,0.7872691323080041,1.9373579025268555,0.5636363636363636,9.244062423706055,0.0
68,53.58259582519531,0.3376158314864752,41.64887179947834,2.513354539871216,3.668281078338623,0.8025244218245928,0.9164710640907288,0.7454545454545455,9.984408378601074,5.3135294914245605,7.509006023406982,0.7877237502901941,1.929377555847168,0.5636363636363636,9.270712852478027,0.0
69,53.39246368408203,0.33671190497052417,41.54189768766469,2.5085909366607666,3.6618380546569824,0.8032174909896286,0.9131700992584229,0.7272727272727273,9.963136672973633,5.306431770324707,7.501045227050781,0.7881736055123149,1.9215755462646484,0.5636363636363636,9.293353080749512,0.0
70,53.204376220703125,0.33582814467480815,41.43718930581633,2.503920316696167,3.6555685997009277,0.8038907567826061,0.9102495312690735,0.7272727272727273,9.94047737121582,5.299189567565918,7.493197917938232,0.7886165923330726,1.9139742851257324,0.5636363636363636,9.312322616577148,0.0
71,53.018409729003906,0.334966925911149,41.335036261960056,2.499358892440796,3.6494877338409424,0.8045426394937476,0.9073793292045593,0.7272727272727273,9.91642951965332,5.2918171882629395,7.485489368438721,0.7890512735687271,1.9065908193588257,0.5636363636363636,9.327799797058105,0.0
72,52.83430480957031,0.3341342506209499,41.23617027444078,2.4949228763580322,3.643632173538208,0.8051693608481211,0.9045668840408325,0.7272727272727273,9.891044616699219,5.284409046173096,7.477982997894287,0.7894741398171221,1.8994351625442505,0.5636363636363636,9.340229988098145,0.0
73,52.65193176269531,0.333329280615689,41.14040104595102,2.490558385848999,3.6380279064178467,0.8057682337105376,0.9017984867095947,0.7272727272727273,9.864435195922852,5.276937961578369,7.470629692077637,0.7898879651771048,1.892501950263977,0.5636363636363636,9.350192070007324,0.0
74,52.471221923828125,0.332545121559088,41.046932262692735,2.4862327575683594,3.632619857788086,0.8063452674924195,0.8990646600723267,0.7272727272727273,9.836475372314453,5.269374370574951,7.463377952575684,0.79029570757335,1.8857853412628174,0.5636363636363636,9.357892036437988,0.0
75,52.292152404785156,0.3317819875747321,40.9559126498973,2.481919765472412,3.627368450164795,0.8069047778957367,0.8963506817817688,0.7272727272727273,9.807561874389648,5.261809349060059,7.456287384033203,0.7906939745837732,1.8794372081756592,0.5818181818181818,9.363504409790039,0.0
76,52.11463928222656,0.3310437866872933,40.8678019507455,2.4776504039764404,3.6223034858703613,0.8074436380722694,0.8936591148376465,0.7272727272727273,9.778002738952637,5.254277229309082,7.449391841888428,0.7910809112386632,1.8734924793243408,0.5818181818181818,9.367987632751465,0.0
77,51.9385986328125,0.3303260218147751,40.782207715618085,2.4733569622039795,3.6173455715179443,0.8079703979976185,0.8909720778465271,0.7272727272727273,9.747761726379395,5.246753692626953,7.4427170753479,0.7914551472000352,1.8677860498428345,0.5818181818181818,9.371676445007324,0.0
78,51.764183044433594,0.329627281276839,40.69900894242596,2.46903657913208,3.61246919631958,0.8084877773783085,0.8882849216461182,0.7272727272727273,9.716826438903809,5.239281177520752,7.436272621154785,0.7918161142789686,1.8623989820480347,0.5454545454545454,9.37458610534668,0.0
79,51.591148376464844,0.32894438389640335,40.617870099374215,2.4646923542022705,3.607637643814087,0.8089997010602816,0.8856008648872375,0.7272727272727273,9.685277938842773,5.231874942779541,7.430049896240234,0.7921643973758228,1.857615351676941,0.5454545454545454,9.376819610595703,0.0
80,51.41924285888672,0.3282744320784145,40.538410450056006,2.4603304862976074,3.6028430461883545,0.8095070484696,0.8829142451286316,0.7272727272727273,9.653294563293457,5.224528789520264,7.42400598526001,0.7925023862263518,1.853012204170227,0.5454545454545454,9.378466606140137,0.0
81,51.2486457824707,0.3276126829960541,40.460002139796416,2.455906867980957,3.598073959350586,0.8100110410313492,0.8802439570426941,0.7272727272727273,9.620509147644043,5.217207431793213,7.418067932128906,0.7928341751330715,1.848567008972168,0.5636363636363636,9.380072593688965,0.0
82,51.07930374145508,0.32695847600778605,40.38266154814255,2.451650619506836,3.5932931900024414,0.8105155710201362,0.8776144981384277,0.7272727272727273,9.587021827697754,5.209937572479248,7.412274360656738,0.7931576417432491,1.844481348991394,0.5636363636363636,9.381789207458496,0.0
83,50.911109924316406,0.32631016202243207,40.30631786434532,2.4476418495178223,3.5884459018707275,0.8110264687050373,0.8750501275062561,0.7272727272727273,9.552884101867676,5.202789783477783,7.4066691398620605,0.7934703796096916,1.840525507926941,0.5636363636363636,9.38401985168457,0.0
84,50.74443054199219,0.3256609703854113,40.23020431444519,2.443521022796631,3.583470582962036,0.8115501180678345,0.8724992871284485,0.7272727272727273,9.5179443359375,5.19570255279541,7.401208400726318,0.7937747951795922,1.8366706371307373,0.5636363636363636,9.386703491210938,0.0
85,50.5788459777832,0.3250073174018554,40.1539044084854,2.439290761947632,3.5783379077911377,0.8120895808140762,0.869956374168396,0.7272727272727273,9.482383728027344,5.188837051391602,7.395864009857178,0.7940725094625181,1.8329179286956787,0.5636363636363636,9.389820098876953,0.0
86,50.41453170776367,0.32435076379184635,40.077686345371774,2.434926748275757,3.5730297565460205,0.812646632081554,0.8674100041389465,0.7272727272727273,9.446167945861816,5.183279037475586,7.390689373016357,0.7943605645337947,1.8294440507888794,0.5636363636363636,9.393380165100098,0.0
87,50.25198745727539,0.3236904316658856,40.00147843957723,2.430440902709961,3.5675277709960938,0.8132232098647372,0.8648589849472046,0.7272727272727273,9.409401893615723,5.177989959716797,7.385692119598389,0.7946385760303287,1.8260747194290161,0.5636363636363636,9.397275924682617,0.0
88,50.0905876159668,0.32302478696734205,39.92497949561147,2.4262139797210693,3.561861276626587,0.8138160733157314,0.8624468445777893,0.7454545454545455,9.372451782226562,5.1728010177612305,7.380802631378174,0.7949103875830533,1.8227653503417969,0.5636363636363636,9.400947570800781,0.0
89,49.930572509765625,0.32236054488348853,39.84893794124088,2.4222779273986816,3.5560948848724365,0.8144184150253917,0.8601542115211487,0.7454545454545455,9.335186958312988,5.167751312255859,7.376059532165527,0.7951738935506747,1.819517731666565,0.5636363636363636,9.404451370239258,0.0
90,49.7719612121582,0.32170047514166156,39.773569425905464,2.418253183364868,3.5502874851226807,0.8150240464399497,0.857867419719696,0.7454545454545455,9.297697067260742,5.162825107574463,7.371435165405273,0.7954306313855661,1.8163186311721802,0.5636363636363636,9.407710075378418,0.0
91,49.61445236206055,0.32104577648849886,39.69900363907351,2.414295196533203,3.544451951980591,0.815631648420313,0.8556126356124878,0.7454545454545455,9.260086059570312,5.158036708831787,7.366934776306152,0.7956803504161449,1.8131529092788696,0.5636363636363636,9.410764694213867,0.0
92,49.45823669433594,0.32039480210005844,39.624959197566795,2.4108800888061523,3.5386061668395996,0.8162392829720119,0.8534614443778992,0.7454545454545455,9.222750663757324,5.153362274169922,7.3625030517578125,0.7959261088357188,1.8099908828735352,0.5636363636363636,9.413663864135742,0.0
93,49.30358123779297,0.3197444836088056,39.55099767849339,2.4074018001556396,3.5327537059783936,0.8168466080960224,0.8513087630271912,0.7454545454545455,9.186125755310059,5.148736953735352,7.358077049255371,0.796171399335005,1.8068119287490845,0.5636363636363636,9.416421890258789,0.0
94,49.15050506591797,0.31910073057765975,39.47784531282514,2.4038681983947754,3.5269289016723633,0.8174501060880972,0.8491508960723877,0.7454545454545455,9.150125503540039,5.144230365753174,7.35372257232666,0.7964125788203369,1.8036469221115112,0.5636363636363636,9.419037818908691,0.0
95,48.998451232910156,0.31846407255287795,39.40553420857492,2.4002885818481445,3.521146535873413,0.8180481809527911,0.8469909429550171,0.7454545454545455,9.114765167236328,5.139815330505371,7.349430084228516,0.7966501653463182,1.800491213798523,0.5818181818181818,9.421452522277832,0.0
96,48.847347259521484,0.3178381290827411,39.334414443245066,2.3967533111572266,3.5154612064361572,0.8186352629917124,0.8450755476951599,0.7272727272727273,9.079842567443848,5.135491371154785,7.345195293426514,0.796884459718848,1.7977161407470703,0.5818181818181818,9.424091339111328,0.0
97,48.696937561035156,0.31722060102159394,39.26426760766543,2.39335560798645,3.5098373889923096,0.8192150816227899,0.8434263467788696,0.7272727272727273,9.045382499694824,5.131255149841309,7.341022968292236,0.7971151444205886,1.7949320077896118,0.5818181818181818,9.426995277404785,0.0
98,48.54730987548828,0.3166142029871634,39.19537511816952,2.389899253845215,3.50430965423584,0.8197840865704409,0.8418020606040955,0.7090909090909091,9.011285781860352,5.127131462097168,7.336918830871582,0.7973419186456409,1.7921555042266846,0.5818181818181818,9.430083274841309,0.0
99,48.3985595703125,0.3160204389449933,39.12785280593533,2.386390209197998,3.4989116191864014,0.8203388741300929,0.8401890397071838,0.7090909090909091,8.977859497070312,5.123097896575928,7.33286714553833,0.7975656848117019,1.7893650531768799,0.5818181818181818,9.4336519241333,0.0
100,48.250755310058594,0.31544049822496234,39.06193844790812,2.3828284740448,3.4936184883117676,0.8208820337229278,0.838538408279419,0.7090909090909091,8.94556999206543,5.11916971206665,7.328924655914307,0.7977833178797088,1.78658926486969,0.5818181818181818,9.437521934509277,0.0
101,48.10385513305664,0.31487689210892156,38.99779645344421,2.379237174987793,3.4884965419769287,0.8214068556538073,0.8369239568710327,0.7272727272727273,8.914273262023926,5.115278720855713,7.325051307678223,0.7979970070481496,1.783812165260315,0.5818181818181818,9.44168472290039,0.0
102,47.95762634277344,0.31433388093511205,38.93592910429322,2.3756344318389893,3.483579158782959,0.8219099687894948,0.8353472948074341,0.7272727272727273,8.883821487426758,5.111457824707031,7.321284770965576,0.7982046800986082,1.7810568809509277,0.5818181818181818,9.445988655090332,0.0
103,47.81211853027344,0.31381167183279235,38.87633750956877,2.3720502853393555,3.478877067565918,0.822390428561257,0.8337605595588684,0.7272727272727273,8.854086875915527,5.107694149017334,7.317615985870361,0.7984068717971274,1.7783217430114746,0.5818181818181818,9.450448989868164,0.0
104,47.6672477722168,0.3133051945470349,38.8183651221662,2.368457555770874,3.4743731021881104,0.8228500263925532,0.8321694135665894,0.7454545454545455,8.825058937072754,5.103950500488281,7.313972473144531,0.7986075928890288,1.7755942344665527,0.5818181818181818,9.455397605895996,0.0
105,47.52299880981445,0.3128211418714269,38.76273066272512,2.3649275302886963,3.470144510269165,0.823280961448502,0.8307301998138428,0.7454545454545455,8.796537399291992,5.100214004516602,7.310379981994629,0.7988053560562556,1.7728781700134277,0.5818181818181818,9.46072769165039,0.0
106,47.3795051574707,0.312360837921135,38.70958954985974,2.361797571182251,3.466202735900879,0.8236822077320312,0.8293594717979431,0.7454545454545455,8.768780708312988,5.096468448638916,7.306849956512451,0.7989996265327648,1.7701797485351562,0.5818181818181818,9.466351509094238,0.0
107,47.23676300048828,0.31192158094956146,38.65860707952032,2.360125780105591,3.462533712387085,0.8240552798102472,0.8282260894775391,0.7454545454545455,8.741955757141113,5.092677593231201,7.303350925445557,0.7991920921738794,1.767486810684204,0.5818181818181818,9.472325325012207,0.0
108,47.09459686279297,0.3115019794687862,38.60965302034697,2.3585243225097656,3.459115505218506,0.8244025065336471,0.8271059989929199,0.7454545454545455,8.715832710266113,5.088934898376465,7.299886703491211,0.7993825357308945,1.7648215293884277,0.5818181818181818,9.478560447692871,0.0
109,46.952972412109375,0.31109172282097863,38.561709515561915,2.356924057006836,3.455798625946045,0.8247390824302985,0.8260107040405273,0.7454545454545455,8.68993854522705,5.085225582122803,7.296460151672363,0.799570840223738,1.7621796131134033,0.5818181818181818,9.485093116760254,0.0
110,46.81216049194336,0.3106892075674663,38.514670370643216,2.3552942276000977,3.4525413513183594,0.8250693394878392,0.8249289989471436,0.7454545454545455,8.664213180541992,5.081469535827637,7.293096542358398,0.7997555851801088,1.7595651149749756,0.5818181818181818,9.491744041442871,0.0
111,46.67198944091797,0.31029093171903843,38.46820471457352,2.353624105453491,3.4492874145507812,0.8253988962616641,0.8238565921783447,0.7454545454545455,8.63851547241211,5.077658176422119,7.289803981781006,0.7999363695254746,1.7569879293441772,0.5818181818181818,9.498513221740723,0.0
112,46.53239059448242,0.309897080317477,38.422335725752646,2.351933479309082,3.446037769317627,0.8257277364661052,0.8227968811988831,0.7454545454545455,8.612883567810059,5.073846817016602,7.286584854125977,0.8001130094340083,1.7544562816619873,0.5818181818181818,9.504778861999512,0.0
113,46.393455505371094,0.30950414478638116,38.376653760534055,2.3502252101898193,3.4427638053894043,0.8260587263786974,0.8217374682426453,0.7454545454545455,8.587583541870117,5.069969177246094,7.28341007232666,0.800287142626716,1.7519500255584717,0.5818181818181818,9.510543823242188,0.0
114,46.25511932373047,0.3091099569326623,38.330962424014615,2.348468780517578,3.439427375793457,0.8263956931313763,0.8206631541252136,0.7454545454545455,8.562727928161621,5.066021919250488,7.2802886962890625,0.8004582844718714,1.7494674921035767,0.5818181818181818,9.515832901000977,0.0
115,46.11749267578125,0.3087166152741173,38.28541992877422,2.3466835021972656,3.4360766410827637,0.8267337835951342,0.8195810317993164,0.7454545454545455,8.538198471069336,5.062005996704102,7.277196884155273,0.800627738461704,1.7470142841339111,0.5818181818181818,9.520553588867188,0.0
116,45.98052978515625,0.3083159652875334,38.23930949359709,2.3447868824005127,3.4325602054595947,0.8270882574407099,0.8184714317321777,0.7454545454545455,8.51423168182373,5.057949542999268,7.274178981781006,0.8007930814375821,1.7446155548095703,0.5818181818181818,9.524701118469238,0.0
117,45.84414291381836,0.30790697674381695,38.19248465905747,2.342785358428955,3.4288785457611084,0.8274589518114255,0.8173249363899231,0.7454545454545455,8.491151809692383,5.053825378417969,7.271214008331299,0.8009554163544691,1.7422627210617065,0.5818181818181818,9.528288841247559,0.0
118,45.708290100097656,0.3074842641619821,38.144223744742874,2.3406801223754883,3.425020456314087,0.8278470229896955,0.816129207611084,0.7454545454545455,8.469496726989746,5.049551010131836,7.268212795257568,0.8011197065097003,1.739912509918213,0.5818181818181818,9.531390190124512,0.0
119,45.573150634765625,0.3070550954899175,38.09531240359354,2.3385531902313232,3.421067714691162,0.8282441489992685,0.8149181008338928,0.7454545454545455,8.448837280273438,5.045196533203125,7.2652058601379395,0.8012842306250754,1.7375799417495728,0.5818181818181818,9.53403091430664,0.0
120,45.4384765625,0.3066190875105896,38.045810417752534,2.3363678455352783,3.4169790744781494,0.8286544501141007,0.8136851191520691,0.7454545454545455,8.42911148071289,5.040801048278809,7.262239933013916,0.8014464318504516,1.7352771759033203,0.5818181818181818,9.536179542541504,0.0
121,45.30412292480469,0.30617551102604923,37.995582420648645,2.3341355323791504,3.412766218185425,0.8290767049091061,0.8124223351478577,0.7454545454545455,8.4102201461792,5.036349296569824,7.259284973144531,0.801607998041152,1.7329915761947632,0.5818181818181818,9.537883758544922,0.0
122,45.17017364501953,0.30572704967162867,37.94489883808683,2.3318662643432617,3.408466339111328,0.8295071188236849,0.8111319541931152,0.7454545454545455,8.392128944396973,5.031863212585449,7.256342887878418,0.8017687787942269,1.7307357788085938,0.5818181818181818,9.539039611816406,0.0
123,45.036705017089844,0.3052801805656287,37.89454532747618,2.329542636871338,3.4041218757629395,0.8299414901555418,0.8098188042640686,0.7454545454545455,8.37470817565918,5.027365207672119,7.253481864929199,0.801925064170254,1.7285311222076416,0.5818181818181818,9.539661407470703,0.0
124,44.903743743896484,0.30483543088607734,37.844594960757775,2.327143669128418,3.399732828140259,0.8303797211906699,0.8085258603096008,0.7272727272727273,8.357897758483887,5.022870063781738,7.250711917877197,0.8020763026917516,1.7263705730438232,0.5818181818181818,9.540079116821289,0.0
125,44.771175384521484,0.3043953677471783,37.79522770045969,2.3247554302215576,3.3953638076782227,0.8308153953759517,0.8073068261146545,0.7272727272727273,8.341592788696289,5.0183634757995605,7.247997283935547,0.8022244830199414,1.7242424488067627,0.5818181818181818,9.54029655456543,0.0
126,44.6390380859375,0.30395382199976284,37.74574423117025,2.3222968578338623,3.390956163406372,0.8312543592661313,0.8060442209243774,0.7272727272727273,8.326070785522461,5.013806343078613,7.245296478271484,0.8023718444876283,1.722124695777893,0.5818181818181818,9.540392875671387,0.0
127,44.50749969482422,0.30351458903107376,37.69662390483609,2.3207006454467773,3.3865280151367188,0.8316947888664139,0.8048954606056213,0.7272727272727273,8.311246871948242,5.009286403656006,7.242658615112305,0.8025157299760365,1.720034122467041,0.5818181818181818,9.540365219116211,0.0
128,44.37664794921875,0.30307927420281966,37.647972242809146,2.319918632507324,3.38212251663208,0.8321324010461653,0.8039064407348633,0.7272727272727273,8.296799659729004,5.004785060882568,7.240057945251465,0.8026575265345897,1.7179598808288574,0.5818181818181818,9.540196418762207,0.0
129,44.246360778808594,0.3026491159922593,37.599906164326114,2.319152593612671,3.377760171890259,0.8325651600969088,0.8029592633247375,0.7272727272727273,8.282337188720703,5.000291347503662,7.237491607666016,0.8027974012776764,1.7158937454223633,0.5818181818181818,9.539917945861816,0.0
130,44.116519927978516,0.3022262131533459,37.552629011467786,2.31839656829834,3.373473882675171,0.8329898414564182,0.8020299077033997,0.7272727272727273,8.268182754516602,4.995794773101807,7.234957218170166,0.8029354878968072,1.7138464450836182,0.6,9.539529800415039,0.0
131,43.98707580566406,0.3018132973605461,37.5065421697675,2.3176467418670654,3.3692564964294434,0.8334071454084091,0.8011143803596497,0.7272727272727273,8.254242897033691,4.991318702697754,7.232517242431641,0.803068377258459,1.711928129196167,0.6,9.538982391357422,0.0
132,43.858062744140625,0.30141056117163606,37.461573136071024,2.316924810409546,3.365144729614258,0.8338135053916309,0.8002176284790039,0.7272727272727273,8.240591049194336,4.986839771270752,7.230127811431885,0.8031984925212634,1.710028052330017,0.6,9.538228034973145,0.0
133,43.72944641113281,0.30101655865501353,37.41750373049592,2.316239356994629,3.36114501953125,0.8342083351220425,0.7993379831314087,0.7272727272727273,8.227326393127441,4.982357025146484,7.227753162384033,0.803327755500687,1.7081539630889893,0.5818181818181818,9.537317276000977,0.0
134,43.60126495361328,0.30063251478538017,37.37443072635267,2.315610647201538,3.3572850227355957,0.8345889148931195,0.7984806895256042,0.7272727272727273,8.214387893676758,4.977837562561035,7.225381374359131,0.8034567845199669,1.7063010931015015,0.5818181818181818,9.536219596862793,0.0
135,43.4734992980957,0.30025881343270483,37.33238826212107,2.3150603771209717,3.353572368621826,0.8349545444211458,0.797653317451477,0.7272727272727273,8.201744079589844,4.973252296447754,7.223010540008545,0.8035857634049303,1.7044463157653809,0.5818181818181818,9.534930229187012,0.0
136,43.34617233276367,0.29989428824008024,37.29129129076159,2.3145012855529785,3.3499789237976074,0.8353080574123207,0.7968422770500183,0.7272727272727273,8.189431190490723,4.968641757965088,7.22065544128418,0.8037138064493186,1.7025920152664185,0.5818181818181818,9.533544540405273,0.0
137,43.21930694580078,0.2995353645991079,37.25066480445656,2.313965082168579,3.346496343612671,0.8356503007213704,0.7960493564605713,0.7272727272727273,8.17739486694336,4.963982105255127,7.218258380889893,0.8038441222493891,1.7007856369018555,0.5636363636363636,9.532126426696777,0.0
138,43.09278106689453,0.2991852246749257,37.21086650901634,2.3135247230529785,3.3431568145751953,0.8359781637857429,0.7952613830566406,0.7272727272727273,8.166210174560547,4.9593024253845215,7.215839385986328,0.8039755744273007,1.6989796161651611,0.5636363636363636,9.530689239501953,0.0
139,42.96678161621094,0.2988424112459892,37.171788442342915,2.3131980895996094,3.339925527572632,0.8362950665956785,0.7944830656051636,0.7272727272727273,8.155749320983887,4.954563617706299,7.21341609954834,0.8041071937196006,1.697158932685852,0.5636363636363636,9.529158592224121,0.0
140,42.84135437011719,0.2985002227896603,37.1327027642501,2.312805652618408,3.336726188659668,0.8366085494153739,0.7937187552452087,0.7090909090909091,8.145812034606934,4.9497504234313965,7.210958480834961,0.8042406679816119,1.6953243017196655,0.5636363636363636,9.527543067932129,0.0
141,42.716552734375,0.29815609492085404,37.09336978514705,2.3123385906219482,3.333515167236328,0.8369228628041275,0.7929574847221375,0.7090909090909091,8.136370658874512,4.9448771476745605,7.2084736824035645,0.8043755627159244,1.6934884786605835,0.5636363636363636,9.525736808776855,0.0
142,42.59235382080078,0.2978091063170062,37.0537020447743,2.311814546585083,3.33027720451355,0.837239521329046,0.7921888828277588,0.7090909090909091,8.126951217651367,4.939929962158203,7.205963611602783,0.8045117776539051,1.6916382312774658,0.5636363636363636,9.524101257324219,0.0
143,42.46867370605469,0.297459538705599,37.013781034745136,2.311464309692383,3.3269965648651123,0.8375600232715679,0.7914202809333801,0.7090909090909091,8.11771297454834,4.93492317199707,7.20345401763916,0.8046479257461306,1.689767599105835,0.5636363636363636,9.522692680358887,0.0
144,42.34551239013672,0.2971085569382338,36.973803572100906,2.311344861984253,3.323660373687744,0.8378856389137824,0.7906854748725891,0.7272727272727273,8.10831069946289,4.929908275604248,7.200984001159668,0.8047818512169904,1.687901496887207,0.5636363636363636,9.5214204788208,0.0
145,42.22266387939453,0.29675764007446304,36.933874877277674,2.3111860752105713,3.3203060626983643,0.8382127039804321,0.7899550795555115,0.7272727272727273,8.098859786987305,4.924862861633301,7.198533535003662,0.8049147071557645,1.686083197593689,0.5818181818181818,9.520278930664062,0.0
146,42.10014343261719,0.29640716529442973,36.8939878526017,2.310999870300293,3.316955804824829,0.8385390361920304,0.7892245054244995,0.7272727272727273,8.088959693908691,4.920315742492676,7.196081161499023,0.8050475965174164,1.6845011711120605,0.5818181818181818,9.519158363342285,0.0
147,41.97809600830078,0.29606077627835187,36.85444991259328,2.3108298778533936,3.3136844635009766,0.8388573395693978,0.7884970903396606,0.7272727272727273,8.078946113586426,4.9159932136535645,7.193600654602051,0.8051819731971248,1.6829456090927124,0.5818181818181818,9.518113136291504,0.0
148,41.856529235839844,0.29571624832655574,36.81510347741107,2.3106319904327393,3.3104352951049805,0.8391732000965936,0.7877602577209473,0.7272727272727273,8.068839073181152,4.911674499511719,7.191122531890869,0.8053161660510061,1.6813809871673584,0.5818181818181818,9.517440795898438,0.0
149,41.73542022705078,0.295376180761106,36.77622639537219,2.310633897781372,3.3072400093078613,0.8394835234967335,0.7870562076568604,0.7272727272727273,8.058746337890625,4.907378196716309,7.188656330108643,0.8054496904473338,1.6798099279403687,0.5818181818181818,9.5172700881958,0.0
150,41.61466979980469,0.2950395592285662,36.73773372660139,2.310936450958252,3.304077625274658,0.8397903454782941,0.7864039540290833,0.7272727272727273,8.04863452911377,4.903087139129639,7.186209678649902,0.8055820951772592,1.6782230138778687,0.5818181818181818,9.517491340637207,0.0
151,41.494354248046875,0.29470997485472583,36.70008271221792,2.311202049255371,3.300964593887329,0.8400920863314976,0.7857319116592407,0.7272727272727273,8.038800239562988,4.898834705352783,7.183831214904785,0.8057107732563235,1.676619052886963,0.5818181818181818,9.518601417541504,0.0
152,41.374481201171875,0.2943872010920239,36.663221106077,2.3114449977874756,3.2979087829589844,0.8403880294869605,0.7850295305252075,0.7272727272727273,8.029519081115723,4.894598484039307,7.181506633758545,0.8058364934107131,1.6749982833862305,0.5818181818181818,9.520492553710938,0.0
153,41.25477600097656,0.29406678253564456,36.62672121323527,2.311617136001587,3.294837713241577,0.8406851452105056,0.7842891812324524,0.7272727272727273,8.020772933959961,4.8903703689575195,7.179243087768555,0.805958854565896,1.673366904258728,0.5818181818181818,9.522679328918457,0.0
154,41.1353874206543,0.2937468561557468,36.590505451271895,2.3117003440856934,3.2916829586029053,0.840990094340268,0.7835167050361633,0.7272727272727273,8.01190185546875,4.886196613311768,7.177092552185059,0.8060750993344636,1.6717231273651123,0.5818181818181818,9.525856971740723,0.0
155,41.01637649536133,0.29342542328602983,36.5542962650631,2.3116800785064697,3.2884438037872314,0.8413028768762474,0.7826967835426331,0.7272727272727273,8.003393173217773,4.882046699523926,7.1750168800354,0.8061872498005156,1.6700576543807983,0.5818181818181818,9.529940605163574,0.0
156,40.89778137207031,0.2931049832188183,36.51839787618951,2.3115875720977783,3.2851366996765137,0.8416218968229985,0.7818326950073242,0.7272727272727273,7.995168685913086,4.877912521362305,7.173043251037598,0.8062938520688727,1.6684050559997559,0.5818181818181818,9.534490585327148,0.0
157,40.77954864501953,0.292789124894071,36.4830886004861,2.3114736080169678,3.2818450927734375,0.8419391416319582,0.7809473872184753,0.7272727272727273,7.987203598022461,4.873790740966797,7.171133995056152,0.8063969616465125,1.6667643785476685,0.5818181818181818,9.539414405822754,0.0
158,40.6617431640625,0.2924759680976048,36.448119562680176,2.311342716217041,3.278563976287842,0.8422550184448216,0.780044674873352,0.7272727272727273,7.979366779327393,4.870063304901123,7.169259071350098,0.8064981828315635,1.6652599573135376,0.6,9.54469108581543,0.0
159,40.5443000793457,0.2921670290981433,36.41361761836083,2.311760663986206,3.275325298309326,0.842566514413044,0.7792202830314636,0.7272727272727273,7.971682071685791,4.8662943840026855,7.167407035827637,0.8065981506587014,1.6637613773345947,0.6,9.550387382507324,0.0
160,40.42726135253906,0.29186638865948344,36.37993375244275,2.3127171993255615,3.2722115516662598,0.8428657309877368,0.7784786224365234,0.7272727272727273,7.964084148406982,4.863212585449219,7.165551662445068,0.8066982688887889,1.6623642444610596,0.6,9.556427955627441,0.0
161,40.310577392578125,0.2915701765819323,36.346757534140124,2.3136157989501953,3.269136428833008,0.8431609250024803,0.7777597904205322,0.7454545454545455,7.957006931304932,4.860544681549072,7.163728713989258,0.8067966157063594,1.6610369682312012,0.6,9.562850952148438,0.0
162,40.194278717041016,0.29127376207412414,36.31360154811745,2.3144710063934326,3.266040086746216,0.8434578778693473,0.7770243287086487,0.7454545454545455,7.950404644012451,4.857773303985596,7.161924839019775,0.8068938929918442,1.6596801280975342,0.6,9.569620132446289,0.0
163,40.07829284667969,0.2909860827720124,36.28139552045661,2.315641164779663,3.263042449951172,0.8437450919068634,0.776358962059021,0.7454545454545455,7.943758964538574,4.85491943359375,7.160160541534424,0.8069890145017187,1.6582953929901123,0.6,9.576711654663086,0.0
164,39.962745666503906,0.2907150433867569,36.25089475195887,2.3169305324554443,3.260275363922119,0.8440099945794783,0.7757362127304077,0.7454545454545455,7.9370808601379395,4.852015495300293,7.158421516418457,0.8070827656736084,1.656894326210022,0.6,9.58409309387207,0.0
165,39.84751892089844,0.290452263950469,36.2213192707747,2.3182358741760254,3.257591962814331,0.8442666729898486,0.7751569151878357,0.7454545454545455,7.929805755615234,4.8491411209106445,7.15673303604126,0.8071737761695283,1.655491828918457,0.6,9.591819763183594,0.0
166,39.73270034790039,0.29019741590386794,36.19262064500481,2.3195641040802,3.254993438720703,0.8445150294239675,0.7746158838272095,0.7454545454545455,7.922077178955078,4.846259593963623,7.155087471008301,0.807262430352572,1.6540942192077637,0.6,9.599740028381348,0.0
167,39.61806106567383,0.28994446082303504,36.164212025756626,2.320919990539551,3.25238299369812,0.8447643141411515,0.7741032838821411,0.7454545454545455,7.913947582244873,4.843376636505127,7.153491020202637,0.8073484274168401,1.6527206897735596,0.6,9.607675552368164,0.0
168,39.50370788574219,0.2896913901680088,36.13580937612585,2.3226232528686523,3.2497620582580566,0.8450143968560584,0.7736716270446777,0.7454545454545455,7.905494213104248,4.840445041656494,7.151902675628662,0.8074339732722595,1.6513863801956177,0.6181818181818182,9.6155366897583,0.0
169,39.38966369628906,0.2894391805948655,36.1076197291851,2.3244102001190186,3.247103691101074,0.8452678507042021,0.7732790112495422,0.7454545454545455,7.896717548370361,4.837483882904053,7.150375843048096,0.8075161768399111,1.650115728378296,0.6181818181818182,9.623176574707031,0.0
170,39.27583694458008,0.2891858968106312,36.07937223870999,2.3266777992248535,3.244408130645752,0.8455246593999148,0.772982120513916,0.7454545454545455,7.887691497802734,4.834526538848877,7.148872375488281,0.8075971270496496,1.6488667726516724,0.6181818181818182,9.630668640136719,0.0
171,39.16228485107422,0.28893143914413966,36.05100393045245,2.3288893699645996,3.2416939735412598,0.8457830152340697,0.7726896405220032,0.7454545454545455,7.878373146057129,4.831505298614502,7.147366523742676,0.8076781608165824,1.6476370096206665,0.6181818181818182,9.637799263000488,0.0
172,39.04901885986328,0.2886748920316795,36.02247889942754,2.331040143966675,3.2389261722564697,0.8460462404829,0.7724028825759888,0.7454545454545455,7.868723392486572,4.828447341918945,7.145884990692139,0.8077578910912857,1.64642333984375,0.6181818181818182,9.644673347473145,0.0
173,38.93608856201172,0.28840952795865754,35.99298575943857,2.3331007957458496,3.236056089401245,0.846318976561732,0.7721127867698669,0.7454545454545455,7.858911037445068,4.825303077697754,7.144358158111572,0.8078400278131819,1.6452090740203857,0.6181818181818182,9.651272773742676,0.0
174,38.82341003417969,0.2881436068812886,35.96337515440189,2.335142135620117,3.233198642730713,0.8465902306447932,0.7718389630317688,0.7454545454545455,7.849112033843994,4.822135925292969,7.142800807952881,0.8079238022560844,1.6440144777297974,0.6181818181818182,9.656420707702637,0.0
175,38.71086120605469,0.2878799870240135,35.93401533534433,2.3371496200561523,3.230365514755249,0.8468589930206794,0.7715719938278198,0.7454545454545455,7.839412212371826,4.8189826011657715,7.14125394821167,0.8080069750871886,1.6428594589233398,0.6181818181818182,9.660199165344238,0.0
176,38.59861755371094,0.287616012409306,35.90462196257613,2.3390870094299316,3.2275238037109375,0.8471283091092711,0.771303653717041,0.7454545454545455,7.829806327819824,4.815834045410156,7.139707565307617,0.8080901144954151,1.641729712486267,0.6181818181818182,9.662821769714355,0.0
177,38.486602783203125,0.28735614318655145,35.87561729135393,2.3410069942474365,3.22475004196167,0.8473909317883923,0.7710400223731995,0.7454545454545455,7.820160865783691,4.812696933746338,7.1381516456604,0.8081737552468069,1.640625,0.6181818181818182,9.664352416992188,0.0
178,38.374794006347656,0.2871016234489834,35.84703658509898,2.3429372310638428,3.222097396850586,0.847641893929361,0.7707841992378235,0.7454545454545455,7.810563564300537,4.809591293334961,7.136543273925781,0.8082601868084849,1.6395418643951416,0.6363636363636364,9.665055274963379,0.0
179,38.26312255859375,0.28684742677494435,35.818387695952026,2.344841480255127,3.2194859981536865,0.847888768367709,0.7705530524253845,0.7454545454545455,7.80046272277832,4.806508541107178,7.134885787963867,0.8083492587774994,1.6385161876678467,0.6363636363636364,9.664935111999512,0.0
180,38.151695251464844,0.2865968432334858,35.79005717789232,2.3467230796813965,3.2169437408447266,0.848128916825251,0.7703373432159424,0.7454545454545455,7.790585994720459,4.803462982177734,7.133208274841309,0.8084393501442833,1.6374937295913696,0.6363636363636364,9.664155960083008,0.0
181,38.04059600830078,0.2863521988122929,35.762279933490845,2.348616123199463,3.214505195617676,0.8483590495970893,0.7701425552368164,0.7454545454545455,7.780877590179443,4.800441741943359,7.131512641906738,0.8085304107745197,1.636469841003418,0.6363636363636364,9.662907600402832,0.0
182,37.92963409423828,0.286113788843599,35.73512941095498,2.350517749786377,3.212158203125,0.8485804206796452,0.7699634432792664,0.7454545454545455,7.7713212966918945,4.7974772453308105,7.129820346832275,0.8086212708674901,1.6354496479034424,0.6363636363636364,9.661239624023438,0.0
183,37.818885803222656,0.2858862486099534,35.70910896093676,2.3524627685546875,3.209958076477051,0.8487877698022157,0.7698088884353638,0.7454545454545455,7.761561393737793,4.794571876525879,7.128152370452881,0.8087107940453534,1.6344423294067383,0.6363636363636364,9.659128189086914,0.0
184,37.70854949951172,0.28567028309785575,35.684325768751535,2.3544442653656006,3.2079017162323,0.8489814552494929,0.7697035074234009,0.7454545454545455,7.751394748687744,4.7916975021362305,7.126526832580566,0.8087980444675344,1.6334400177001953,0.6363636363636364,9.65655517578125,0.0
185,37.598365783691406,0.28546680517640677,35.66078717766425,2.3565616607666016,3.206035614013672,0.8491570961768352,0.7696640491485596,0.7454545454545455,7.740945339202881,4.788848400115967,7.124903202056885,0.808885144486766,1.6324375867843628,0.6363636363636364,9.653555870056152,0.0
186,37.488304138183594,0.28526966101133017,35.637810686131274,2.3588194847106934,3.2042922973632812,0.8493211091373606,0.7696855068206787,0.7454545454545455,7.7301201820373535,4.785991668701172,7.123246669769287,0.8089740159185145,1.6314268112182617,0.6363636363636364,9.650146484375,0.0
187,37.37841796875,0.28507422413290473,35.614871388174095,2.3610692024230957,3.2026255130767822,0.8494778098330387,0.7697530388832092,0.7454545454545455,7.718629360198975,4.7830986976623535,7.121525287628174,0.8090663131952252,1.6304088830947876,0.6363636363636364,9.646280288696289,0.0
188,37.268428802490234,0.2848756480053874,35.591565462633355,2.3632569313049316,3.20093035697937,0.8496371162355666,0.7698522210121155,0.7454545454545455,7.706409931182861,4.78019905090332,7.119776725769043,0.8091600810785535,1.6293874979019165,0.6363636363636364,9.641935348510742,0.0
189,37.15861511230469,0.28467265316147733,35.56791754955037,2.3653175830841064,3.1991283893585205,0.8498063731811271,0.7699602246284485,0.7454545454545455,7.693629741668701,4.777303218841553,7.118074893951416,0.8092512921117396,1.628381371498108,0.6363636363636364,9.636950492858887,0.0
190,37.049171447753906,0.2844635571340991,35.54369988182822,2.3672397136688232,3.197216749191284,0.8499858086690695,0.77006995677948,0.7454545454545455,7.680424690246582,4.7744669914245605,7.116390228271484,0.8093415673043507,1.6274313926696777,0.6363636363636364,9.62972640991211,0.0
191,36.939910888671875,0.28425125879518787,35.5191787572104,2.3690602779388428,3.195248603820801,0.8501704392850435,0.7701866626739502,0.7454545454545455,7.666726589202881,4.771616458892822,7.114712238311768,0.8094314915567461,1.6265153884887695,0.6363636363636364,9.620394706726074,0.0
192,36.830936431884766,0.2840393759711725,35.49478768919249,2.3708040714263916,3.193251371383667,0.8503576918935353,0.7703234553337097,0.7636363636363637,7.652496337890625,4.768758296966553,7.113077163696289,0.8095190594962651,1.625623106956482,0.6363636363636364,9.609661102294922,0.0
193,36.72231674194336,0.2838446834925006,35.472094487618676,2.3726484775543213,3.191523790359497,0.8505195714315773,0.7705143094062805,0.7636363636363637,7.638418674468994,4.765869617462158,7.1114373207092285,0.8096068613959279,1.6247403621673584,0.6363636363636364,9.597722053527832,0.0
194,36.61396026611328,0.283660497091347,35.45035631023268,2.3745603561401367,3.189992904663086,0.8506629341653181,0.7707071900367737,0.7636363636363637,7.624542236328125,4.762915134429932,7.1097540855407715,0.8096970028970282,1.6238384246826172,0.6363636363636364,9.585732460021973,0.0
195,36.50579833984375,0.28348704695435717,35.42977778952405,2.376512289047241,3.1885921955108643,0.8507940500768651,0.770894467830658,0.7636363636363637,7.6108293533325195,4.7599358558654785,7.108116149902344,0.8097846711051803,1.6229501962661743,0.6363636363636364,9.573512077331543,0.0
196,36.397762298583984,0.2833190982786391,35.4097922018496,2.3784470558166504,3.18725848197937,0.8509188308636335,0.7710636258125305,0.7636363636363637,7.597146511077881,4.756846904754639,7.106500625610352,0.809871119378297,1.6220629215240479,0.6363636363636364,9.561103820800781,0.0
197,36.29008102416992,0.283158635833029,35.39064834392593,2.3803799152374268,3.186002731323242,0.851036283099887,0.7712221145629883,0.7636363636363637,7.583627223968506,4.753728866577148,7.10493278503418,0.8099550108012714,1.6211949586868286,0.6363636363636364,9.548518180847168,0.0
198,36.182674407958984,0.28299469666871846,35.37128202188262,2.382200002670288,3.1846446990966797,0.851163246166142,0.7713290452957153,0.7636363636363637,7.570676326751709,4.750556468963623,7.103424549102783,0.8100356936279886,1.6203254461288452,0.6363636363636364,9.535659790039062,0.0
199,36.07563018798828,0.2828305439565138,35.35209525547651,2.3839070796966553,3.1832048892974854,0.8512977983535972,0.7713770866394043,0.7636363636363637,7.558501720428467,4.7473578453063965,7.102014064788818,0.8101111123514713,1.6194604635238647,0.6363636363636364,9.522636413574219,0.0
200,35.968955993652344,0.28266525168164097,35.33301940190404,2.385488271713257,3.181659698486328,0.8514421382274067,0.771368682384491,0.7636363636363637,7.546946048736572,4.7441935539245605,7.100712776184082,0.810180698782799,1.6186130046844482,0.6363636363636364,9.50946044921875,0.0
201,35.86247253417969,0.2825038832000218,35.314689797462506,2.386949300765991,3.1800365447998047,0.8515936600807209,0.7713078260421753,0.7636363636363637,7.535957336425781,4.7411789894104,7.09958553314209,0.8102409602312542,1.617768406867981,0.6363636363636364,9.49770736694336,0.0
202,35.75621032714844,0.282348692489667,35.29723153426227,2.3885035514831543,3.1784088611602783,0.851745540218727,0.7712228298187256,0.7636363636363637,7.525858402252197,4.738227844238281,7.098584175109863,0.8102944702584183,1.616913080215454,0.6363636363636364,9.487244606018066,0.0
203,35.65013885498047,0.28219667145250493,35.280388745527944,2.390033006668091,3.176712989807129,0.8519037229101759,0.7710896134376526,0.7636363636363637,7.516446590423584,4.735340595245361,7.097729682922363,0.8103401426207667,1.6160709857940674,0.6363636363636364,9.477315902709961,0.0
204,35.54436111450195,0.28205329397753276,35.26460534399871,2.391507863998413,3.1750731468200684,0.8520565639025828,0.7709252834320068,0.7636363636363637,7.507706642150879,4.732505798339844,7.096973419189453,0.8103805675913195,1.6152458190917969,0.6363636363636364,9.467704772949219,0.0
205,35.43888473510742,0.28191282419064956,35.24932344101035,2.3928918838500977,3.1733951568603516,0.8522128900279012,0.7706983685493469,0.7636363636363637,7.499574184417725,4.729629993438721,7.096321105957031,0.8104154276527387,1.614402413368225,0.6363636363636364,9.459173202514648,0.0
206,35.333717346191406,0.2817795950840434,35.2349078684112,2.394263982772827,3.1717722415924072,0.8523640373108559,0.7704215049743652,0.7636363636363637,7.492171764373779,4.726722717285156,7.095740795135498,0.810446427371786,1.6135296821594238,0.6363636363636364,9.4522123336792,0.0
207,35.228946685791016,0.28165096920670235,35.2210723315975,2.395581007003784,3.170172691345215,0.852512888314649,0.7700920104980469,0.7636363636363637,7.485605716705322,4.723776340484619,7.095220565795898,0.8104742352060149,1.6126389503479004,0.6363636363636364,9.446295738220215,0.0
208,35.12444305419922,0.2815207800642325,35.20705824971873,2.396815299987793,3.1685569286346436,0.8526632050285452,0.7696981430053711,0.7636363636363637,7.480162620544434,4.720798015594482,7.094688892364502,0.8105026112291644,1.6118040084838867,0.6545454545454545,9.441315650939941,0.0
209,35.02035140991211,0.28139194848700166,35.19320147116622,2.3979954719543457,3.1669528484344482,0.8528123328886912,0.7692539095878601,0.7636363636363637,7.475406169891357,4.7177958488464355,7.094168186187744,0.8105304357748322,1.6109954118728638,0.6545454545454545,9.43709945678711,0.0
210,34.916717529296875,0.28126854882159885,35.179964066060506,2.3991541862487793,3.1654019355773926,0.852956477334487,0.7687738537788391,0.7636363636363637,7.471217155456543,4.714843273162842,7.093686580657959,0.8105561713906451,1.6101943254470825,0.6545454545454545,9.43364143371582,0.0
211,34.81346893310547,0.28115087934527627,35.16724304671578,2.400331974029541,3.1639606952667236,0.853090345523894,0.7682778239250183,0.7636363636363637,7.467670440673828,4.711871147155762,7.093179225921631,0.8105832606330039,1.609374761581421,0.6545454545454545,9.430944442749023,0.0
212,34.71046447753906,0.28103859643018414,35.155059870477146,2.4015095233917236,3.162602186203003,0.8532164617354229,0.7677649855613708,0.7636363636363637,7.464619159698486,4.708918571472168,7.092673301696777,0.8106102997410463,1.6085561513900757,0.6545454545454545,9.428263664245605,0.0
213,34.60773849487305,0.2809278572091988,35.14281462278228,2.4027180671691895,3.161351442337036,0.8533325296899124,0.7672548890113831,0.7636363636363637,7.462070941925049,4.705888271331787,7.092061996459961,0.8106429204696609,1.6077070236206055,0.6545454545454545,9.425670623779297,0.0
214,34.505340576171875,0.2808245249261546,35.13123280976521,2.4039547443389893,3.1602447032928467,0.8534352108254613,0.7667490839958191,0.7636363636363637,7.460100173950195,4.702838897705078,7.0914154052734375,0.8106774630137422,1.6068463325500488,0.6545454545454545,9.423142433166504,0.0
215,34.40340805053711,0.2807280567676805,35.12032877410297,2.405215263366699,3.1592469215393066,0.8535277459899637,0.7662537097930908,0.7636363636363637,7.457976818084717,4.699805736541748,7.090766906738281,0.8107120891150177,1.6059966087341309,0.6545454545454545,9.419743537902832,0.0
216,34.30183792114258,0.28062846114816486,35.10898764390055,2.4064199924468994,3.1582491397857666,0.8536202648687985,0.7658628821372986,0.7818181818181819,7.455088138580322,4.696706771850586,7.090056419372559,0.8107500240811834,1.6051582098007202,0.6545454545454545,9.414051055908203,0.0
217,34.20071792602539,0.2805252863263727,35.09698239630569,2.407613515853882,3.157315492630005,0.8537067906218787,0.7655418515205383,0.7818181818181819,7.451053142547607,4.6934895515441895,7.0891947746276855,0.8107960139608696,1.6043211221694946,0.6727272727272727,9.405435562133789,0.0
218,34.09987258911133,0.2804216381749544,35.08453677641069,2.4088621139526367,3.1565279960632324,0.8537797666993401,0.7652829885482788,0.7818181818181819,7.445957660675049,4.6900835037231445,7.088140487670898,0.8108522646640035,1.6035559177398682,0.6727272727272727,9.394221305847168,0.0
219,33.99923324584961,0.28032564187942866,35.07276260763365,2.4101836681365967,3.155895233154297,0.8538383788177921,0.7650754451751709,0.7818181818181819,7.439774990081787,4.686592102050781,7.087042808532715,0.8109108716800136,1.6027872562408447,0.6727272727272727,9.381397247314453,0.0
220,33.898929595947266,0.280240590571716,35.061963540253316,2.411621332168579,3.1554782390594482,0.8538769921361722,0.7649285793304443,0.7818181818181819,7.432474613189697,4.682979583740234,7.085890293121338,0.8109723530635042,1.602004885673523,0.6727272727272727,9.367043495178223,0.0
221,33.79888916015625,0.2801614722782779,35.051587448885016,2.413141965866089,3.155219554901123,0.8539009483535223,0.7648268938064575,0.7818181818181819,7.424278736114502,4.679189205169678,7.084656238555908,0.811038179421093,1.601195216178894,0.6727272727272727,9.351313591003418,0.0
222,33.69908905029297,0.28010200894739323,35.04308257835396,2.414870500564575,3.155301570892334,0.8538933592323223,0.7647998929023743,0.7818181818181819,7.415319919586182,4.675337791442871,7.083382606506348,0.8111061281314145,1.6003791093826294,0.6727272727272727,9.334505081176758,0.0
223,33.59954833984375,0.28004750523533284,35.035180620719984,2.4165985584259033,3.1554183959960938,0.8538825455488958,0.7647969126701355,0.7818181818181819,7.405632019042969,4.671460151672363,7.082162857055664,0.8111711690513779,1.5995779037475586,0.6727272727272727,9.316575050354004,0.0
224,33.50032043457031,0.2799951284571459,35.02768687319491,2.4182844161987305,3.155491590499878,0.8538757544254185,0.7647996544837952,0.7818181818181819,7.395259857177734,4.667576789855957,7.0810394287109375,0.8112310795596175,1.598797082901001,0.6727272727272727,9.298564910888672,0.0
225,33.401329040527344,0.2799417521370863,35.02033946202397,2.419893741607666,3.1554529666900635,0.853879337272337,0.7647991180419922,0.7818181818181819,7.384315490722656,4.663695812225342,7.080036163330078,0.8112845561639039,1.5980287790298462,0.6727272727272727,9.281274795532227,0.0
226,33.30263137817383,0.27988486997343376,35.01284175040172,2.421394109725952,3.1552817821502686,0.8538951995127849,0.7647847533226013,0.7818181818181819,7.372913360595703,4.659792900085449,7.079129695892334,0.8113328856450278,1.5972652435302734,0.6727272727272727,9.264689445495605,0.0
227,33.20415115356445,0.2798195334147533,35.004821972028594,2.4227089881896973,3.154853343963623,0.8539348713995727,0.7647176384925842,0.7818181818181819,7.361093521118164,4.655928611755371,7.078378677368164,0.8113729095410485,1.5965228080749512,0.6727272727272727,9.248739242553711,0.0
228,33.105712890625,0.27975216703606715,34.99696657685615,2.4238975048065186,3.154249668121338,0.8539907638115003,0.76461261510849,0.7818181818181819,7.349081039428711,4.652106761932373,7.0778069496154785,0.8114033912054917,1.5958142280578613,0.6727272727272727,9.23340892791748,0.0
229,33.00740432739258,0.27968341422415577,34.98933644141778,2.4249565601348877,3.153481960296631,0.8540618344658278,0.7644720077514648,0.7818181818181819,7.336986064910889,4.648357391357422,7.077413082122803,0.8114243640612353,1.5951430797576904,0.6727272727272727,9.218564987182617,0.0
230,32.9093017578125,0.27961787140444766,34.98247933021372,2.425921678543091,3.1525866985321045,0.8541446796579828,0.7643173933029175,0.7818181818181819,7.324920177459717,4.644692897796631,7.077241897583008,0.8114334885068416,1.5945168733596802,0.6727272727272727,9.204150199890137,0.0
231,32.811492919921875,0.27955120884626766,34.975658896178516,2.4268271923065186,3.151615619659424,0.8542345114016285,0.764158308506012,0.7818181818181819,7.313116073608398,4.641021251678467,7.07714319229126,0.8114387526100761,1.593889832496643,0.6727272727272727,9.190141677856445,0.0
232,32.71409606933594,0.27949322638200574,34.97000478720855,2.427729845046997,3.1506617069244385,0.854322747149829,0.7639959454536438,0.7818181818181819,7.301846027374268,4.637455463409424,7.077193737030029,0.8114360620684229,1.5932788848876953,0.6727272727272727,9.176725387573242,0.0
233,32.616905212402344,0.2794351409450979,34.964668264120576,2.428502082824707,3.1495773792266846,0.8544230017208739,0.763800859451294,0.7818181818181819,7.291036128997803,4.633947372436523,7.077404975891113,0.8114247818472062,1.5926835536956787,0.6727272727272727,9.163724899291992,0.0
234,32.52004623413086,0.2793842646538516,34.96028297894935,2.429246664047241,3.1485140323638916,0.8545212857261137,0.7635936141014099,0.7818181818181819,7.281177997589111,4.630449295043945,7.077731609344482,0.8114074019508132,1.5920900106430054,0.6727272727272727,9.151005744934082,0.0
235,32.42337417602539,0.2793375052957748,34.95632401549625,2.430011510848999,3.147508382797241,0.854614195460976,0.7633843421936035,0.7818181818181819,7.272155284881592,4.62691068649292,7.078066825866699,0.8113895207112549,1.5914846658706665,0.6727272727272727,9.138616561889648,0.01818181818181818
236,32.32696533203125,0.27927929361993986,34.95097501100679,2.4306881427764893,3.146420955657959,0.8547146291743668,0.7631511092185974,0.7818181818181819,7.263999938964844,4.623462200164795,7.078278064727783,0.8113782739129158,1.5908687114715576,0.6727272727272727,9.126459121704102,0.03636363636363636
237,32.23072814941406,0.2792143178654355,34.94462556538616,2.4313642978668213,3.145355463027954,0.8548130271792813,0.7629154920578003,0.7818181818181819,7.256407260894775,4.620277404785156,7.0783281326293945,0.8113756000827016,1.5902646780014038,0.6727272727272727,9.114530563354492,0.03636363636363636
238,32.13459396362305,0.2791455491066708,34.937769139679745,2.432004690170288,3.1442809104919434,0.8549122068962507,0.7626758813858032,0.7636363636363637,7.249259948730469,4.616994857788086,7.078314304351807,0.8113763520974493,1.5896360874176025,0.6545454545454545,9.10279655456543,0.03636363636363636
239,32.038665771484375,0.27907407479002244,34.93065088283191,2.4325814247131348,3.143160581588745,0.8550155720298476,0.7624250650405884,0.7636363636363637,7.2426438331604,4.613661289215088,7.078303813934326,0.8113769035749311,1.5889979600906372,0.6545454545454545,9.091682434082031,0.03636363636363636
240,31.942974090576172,0.2790024860464898,34.92356115168701,2.433119535446167,3.1420223712921143,0.8551205657302255,0.7621769905090332,0.7636363636363637,7.236006736755371,4.6102824211120605,7.078312873840332,0.8113764189432047,1.5883386135101318,0.6545454545454545,9.081214904785156,0.03636363636363636
241,31.847448348999023,0.27892240225276677,34.91564251994555,2.4335176944732666,3.1407437324523926,0.8552384576795099,0.761888325214386,0.7636363636363637,7.228830337524414,4.606881618499756,7.078329086303711,0.811375549948385,1.5876749753952026,0.6545454545454545,9.071285247802734,0.03636363636363636
242,31.752038955688477,0.27883621863678465,34.907324472188975,2.4337198734283447,3.139286994934082,0.8553727004392766,0.7615377902984619,0.7636363636363637,7.2212700843811035,4.603545665740967,7.078446388244629,0.8113692998702591,1.5870364904403687,0.6545454545454545,9.061842918395996,0.03636363636363636
243,31.656726837158203,0.27874533927833484,34.89883496840929,2.433727502822876,3.137639284133911,0.8555244828632758,0.761100172996521,0.7636363636363637,7.213984489440918,4.600308895111084,7.078708171844482,0.8113553458188281,1.5864391326904297,0.6545454545454545,9.052705764770508,0.03636363636363636
244,31.561614990234375,0.2786469001199073,34.88990328392373,2.4334938526153564,3.135749578475952,0.8556984789381692,0.7605684399604797,0.7636363636363637,7.207021713256836,4.5971999168396,7.079121112823486,0.8113333368538764,1.5858820676803589,0.6545454545454545,9.043825149536133,0.03636363636363636
245,31.466590881347656,0.27854188392244417,34.880454823999,2.4330694675445557,3.1337008476257324,0.8558869529717468,0.7599580883979797,0.7636363636363637,7.200160026550293,4.594171524047852,7.079600811004639,0.8113077516410132,1.585330843925476,0.6545454545454545,9.035761833190918,0.03636363636363636
246,31.371784210205078,0.2784328000029832,34.87062297193876,2.432511806488037,3.131578207015991,0.8560821204147946,0.7593067288398743,0.7636363636363637,7.193607807159424,4.591244220733643,7.080090522766113,0.8112816650849847,1.5847705602645874,0.6545454545454545,9.028570175170898,0.03636363636363636
247,31.277347564697266,0.278329769474167,34.86130076620714,2.4319770336151123,3.1295862197875977,0.8562651713209911,0.7586540579795837,0.7818181818181819,7.187168598175049,4.588477611541748,7.080535411834717,0.8112579515532714,1.5842161178588867,0.6545454545454545,9.022096633911133,0.03636363636363636
248,31.18304443359375,0.2782434814320982,34.85335002545082,2.4316420555114746,3.1279735565185547,0.8564132568983972,0.7580772638320923,0.7818181818181819,7.180700778961182,4.586529731750488,7.080837726593018,0.8112418250147913,1.5837602615356445,0.6545454545454545,9.01540470123291,0.03636363636363636
249,31.088855743408203,0.2781691806411834,34.8463014735172,2.4314777851104736,3.126664161682129,0.8565334451268429,0.7575808167457581,0.7818181818181819,7.173245429992676,4.584438323974609,7.08099889755249,0.8112332353352278,1.5832338333129883,0.6545454545454545,9.009540557861328,0.03636363636363636
250,30.994876861572266,0.2781035788044051,34.839794524719366,2.431487560272217,3.125619649887085,0.8566292699962432,0.7571815252304077,0.7818181818181819,7.164140224456787,4.582139492034912,7.081002235412598,0.8112330682208394,1.5826281309127808,0.6545454545454545,9.004510879516602,0.03636363636363636
251,30.901172637939453,0.2780476814793946,34.83424045426051,2.431586980819702,3.1247332096099854,0.8567106006212917,0.7568252086639404,0.7818181818181819,7.153985977172852,4.57979154586792,7.081000328063965,0.8112331684894725,1.582014560699463,0.6545454545454545,8.999902725219727,0.03636363636363636
252,30.807600021362305,0.27800142222507923,34.829569405062614,2.4317915439605713,3.1240289211273193,0.8567751732941626,0.7565556764602661,0.7818181818181819,7.142401218414307,4.577389717102051,7.080962181091309,0.811235190573572,1.5813779830932617,0.6545454545454545,8.99581527709961,0.03636363636363636
253,30.714216232299805,0.2779584718477577,34.825179214637615,2.4319746494293213,3.1233959197998047,0.8568332154142413,0.7563567161560059,0.7818181818181819,7.129577159881592,4.574963092803955,7.0809006690979,0.8112384660155846,1.5807180404663086,0.6545454545454545,8.99217700958252,0.03636363636363636
254,30.621150970458984,0.27792692019384874,34.82192959040128,2.432208776473999,3.1229405403137207,0.856874955580841,0.7562180161476135,0.7818181818181819,7.115740776062012,4.5725417137146,7.080843448638916,0.8112415242088922,1.5800408124923706,0.6545454545454545,8.988941192626953,0.03636363636363636
255,30.5283203125,0.2778911339546845,34.81836461158554,2.4322948455810547,3.1223762035369873,0.8569266788618091,0.7560427784919739,0.7818181818181819,7.101464748382568,4.570130348205566,7.080837726593018,0.8112418417262302,1.5793789625167847,0.6545454545454545,8.985784530639648,0.03636363636363636
256,30.435829162597656,0.2778625397415344,34.81568211246986,2.4323394298553467,3.121859550476074,0.8569740212981358,0.7558578252792358,0.7818181818181819,7.086629390716553,4.567806720733643,7.080914497375488,0.8112377307122756,1.578765630722046,0.6545454545454545,8.982572555541992,0.03636363636363636
257,30.343595504760742,0.2778344167183422,34.81327608532882,2.4321885108947754,3.1212594509124756,0.8570290017126659,0.7556309700012207,0.7636363636363637,7.0715532302856445,4.566034317016602,7.081103801727295,0.8112276370032165,1.5782792568206787,0.6545454545454545,8.979130744934082,0.03636363636363636
258,30.251441955566406,0.2778033011097188,34.81071502634654,2.431810140609741,3.1205554008483887,0.8570935092428656,0.7553570866584778,0.7636363636363637,7.056097507476807,4.565337181091309,7.081362724304199,0.8112138333547352,1.5780001878738403,0.6545454545454545,8.975606918334961,0.03636363636363636
259,30.1594181060791,0.2777664713644653,34.80754379057396,2.4313082695007324,3.119777202606201,0.857164759039539,0.7550627589225769,0.7636363636363637,7.040654182434082,4.56464958190918,7.081600666046143,0.8112011493726559,1.577728033065796,0.6545454545454545,8.972064018249512,0.03636363636363636
260,30.067689895629883,0.27772647768655834,34.80395718882414,2.4307518005371094,3.118988513946533,0.8572369696906134,0.7547277212142944,0.7636363636363637,7.025567054748535,4.563940525054932,7.081789016723633,0.8111911057979133,1.5774576663970947,0.6545454545454545,8.968559265136719,0.03636363636363636
261,29.97618865966797,0.2776737190838883,34.79903792223246,2.430039167404175,3.1180222034454346,0.8573254171524953,0.7543091177940369,0.7636363636363637,7.0110650062561035,4.563211441040039,7.081945419311523,0.8111827500784936,1.577182412147522,0.6545454545454545,8.965201377868652,0.03636363636363636
262,29.884933471679688,0.27759741944999017,34.79166927919243,2.429065465927124,3.116724967956543,0.8574441070995024,0.7537078261375427,0.7636363636363637,6.997929096221924,4.562414169311523,7.082046985626221,0.8111773522837484,1.5769100189208984,0.6545454545454545,8.961278915405273,0.03636363636363636
263,29.793956756591797,0.27752297369817097,34.7840525360362,2.428225040435791,3.1156280040740967,0.8575444430988863,0.7530252933502197,0.7818181818181819,6.9872050285339355,4.561456203460693,7.081936836242676,0.8111832179987811,1.5766124725341797,0.6545454545454545,8.955995559692383,0.03636363636363636
264,29.703369140625,0.27743012557109215,34.774164741444224,2.4272937774658203,3.114413261413574,0.8576555113533579,0.7523079514503479,0.7818181818181819,6.977909564971924,4.560362815856934,7.08160924911499,0.8112006981638072,1.5762826204299927,0.6545454545454545,8.949552536010742,0.03636363636363636
265,29.613012313842773,0.27732243549213104,34.76242468726389,2.4267446994781494,3.1131114959716797,0.8577744781567178,0.7516390085220337,0.7818181818181819,6.969703197479248,4.559101581573486,7.081096172332764,0.8112280547891875,1.5759086608886719,0.6545454545454545,8.942093849182129,0.03636363636363636
266,29.522945404052734,0.27722504214846977,34.7513655152448,2.426361560821533,3.1121089458465576,0.8578660687524873,0.7510586380958557,0.7818181818181819,6.960906028747559,4.557692527770996,7.080415725708008,0.8112643353229081,1.575487732887268,0.6545454545454545,8.933777809143066,0.03636363636363636
267,29.433094024658203,0.27714220950371393,34.74176002737511,2.4260904788970947,3.111335277557373,0.8579367159794516,0.7505609393119812,0.7818181818181819,6.951242923736572,4.556253910064697,7.079739093780518,0.8113003986079238,1.575076937675476,0.6545454545454545,8.924759864807129,0.03636363636363636
268,29.34356689453125,0.2770650121358975,34.732862103249374,2.4257912635803223,3.1105926036834717,0.8580045457858848,0.7501101493835449,0.7636363636363637,6.9409403800964355,4.554800033569336,7.079134941101074,0.8113325848391286,1.574691653251648,0.6545454545454545,8.915033340454102,0.03636363636363636
269,29.254291534423828,0.27698762196477733,34.72418544734933,2.425398111343384,3.1097512245178223,0.858081332709614,0.7497883439064026,0.7636363636363637,6.930334091186523,4.5533671379089355,7.078648567199707,0.8113585209922076,1.5743378400802612,0.6545454545454545,8.904694557189941,0.03636363636363636
270,29.16524887084961,0.2769260936483166,34.7173649752516,2.4250850677490234,3.10905122756958,0.8581452213844368,0.7494814395904541,0.7636363636363637,6.919699192047119,4.551961898803711,7.0782999992370605,0.8113770874007583,1.574015498161316,0.6545454545454545,8.894550323486328,0.03636363636363636
271,29.076560974121094,0.2768679873798107,34.71104970086168,2.4247443675994873,3.10834002494812,0.858210103484996,0.7491534352302551,0.7636363636363637,6.9095683097839355,4.550574779510498,7.078032493591309,0.8113913756809661,1.5737285614013672,0.6545454545454545,8.884296417236328,0.03636363636363636
272,28.988178253173828,0.27680933355753035,34.70478124961426,2.424330949783325,3.1075797080993652,0.8582794804298712,0.7488247752189636,0.7454545454545455,6.899868488311768,4.549186706542969,7.07781457901001,0.8114029734195207,1.573453426361084,0.6727272727272727,8.875578880310059,0.03636363636363636
273,28.900005340576172,0.2767591311444675,34.69921675861053,2.423936605453491,3.1070079803466797,0.8583316108525345,0.7485065460205078,0.7272727272727273,6.891005992889404,4.547729015350342,7.077530384063721,0.8114181139831093,1.573180079460144,0.6727272727272727,8.868334770202637,0.03636363636363636
274,28.81209945678711,0.27672593270739887,34.695162649589065,2.4236788749694824,3.106778621673584,0.8583525379356718,0.7483329772949219,0.7272727272727273,6.882359504699707,4.546164035797119,7.0771589279174805,0.8114379170381341,1.5728678703308105,0.6727272727272727,8.862489700317383,0.03636363636363636
275,28.724342346191406,0.27668759324245024,34.6905280845541,2.4232590198516846,3.106494903564453,0.8583783995761557,0.7481583952903748,0.7272727272727273,6.873128890991211,4.544560432434082,7.07675313949585,0.8114595249285536,1.5725430250167847,0.6727272727272727,8.857620239257812,0.03636363636363636
276,28.636791229248047,0.276642646549272,34.68513247987198,2.4226784706115723,3.106147289276123,0.8584101077713839,0.74797523021698,0.7272727272727273,6.863276481628418,4.542863368988037,7.076295852661133,0.8114839069178205,1.572195291519165,0.6727272727272727,8.853549003601074,0.03636363636363636
277,28.549379348754883,0.27659923867717134,34.67970495019944,2.4220526218414307,3.1058976650238037,0.8584328425636482,0.7478048801422119,0.7272727272727273,6.852806568145752,4.541058540344238,7.075747966766357,0.8115130850900343,1.5718252658843994,0.6727272727272727,8.849656105041504,0.03636363636363636
278,28.46219825744629,0.27654525332486124,34.67321557480386,2.4212422370910645,3.1054835319519043,0.8584705927416342,0.747587263584137,0.7272727272727273,6.842221736907959,4.539254665374756,7.075194358825684,0.8115425974910248,1.5714644193649292,0.6727272727272727,8.845958709716797,0.03636363636363636
279,28.37514877319336,0.27649885050033185,34.66744805937623,2.4204509258270264,3.1052029132843018,0.8584961938114333,0.747346043586731,0.7272727272727273,6.832075595855713,4.537817478179932,7.074625492095947,0.8115728786182019,1.5711669921875,0.6727272727272727,8.842362403869629,0.03636363636363636
280,28.288257598876953,0.2764529602271727,34.66155652042312,2.4196207523345947,3.1050000190734863,0.8585146780443987,0.747096061706543,0.7272727272727273,6.822220325469971,4.536529064178467,7.073970794677734,0.8116077721024989,1.5708810091018677,0.6727272727272727,8.837939262390137,0.03636363636363636
281,28.201568603515625,0.27640722391286965,34.655592896231326,2.4187724590301514,3.1048343181610107,0.8585297585727918,0.7468345761299133,0.7272727272727273,6.812495708465576,4.5352067947387695,7.073273181915283,0.8116449049196003,1.570581078529358,0.6727272727272727,8.832801818847656,0.03636363636363636
282,28.11509895324707,0.27636079259026153,34.649529296902585,2.4178853034973145,3.1046698093414307,0.8585447739585137,0.7465643882751465,0.7272727272727273,6.802867412567139,4.533880710601807,7.0725603103637695,0.8116828900200825,1.5702792406082153,0.6727272727272727,8.827142715454102,0.03636363636363636
283,28.02879524230957,0.27631189742842593,34.643332981284004,2.4169135093688965,3.104421377182007,0.8585673947511032,0.7462635636329651,0.7272727272727273,6.793381690979004,4.532609939575195,7.071902275085449,0.8117179171958901,1.5700017213821411,0.6727272727272727,8.8206205368042,0.03636363636363636
284,27.942604064941406,0.276249592491887,34.635802386570845,2.4157767295837402,3.103959560394287,0.858609476916727,0.7459184527397156,0.7272727272727273,6.784189701080322,4.5314412117004395,7.071242809295654,0.8117530279288919,1.569750189781189,0.6727272727272727,8.813389778137207,0.03636363636363636
285,27.856651306152344,0.27614700047605517,34.624268802477104,2.4142119884490967,3.1028542518615723,0.858710154915135,0.7455117106437683,0.7272727272727273,6.774533271789551,4.530416488647461,7.070581912994385,0.8117882389305268,1.5695468187332153,0.6727272727272727,8.805292129516602,0.03636363636363636
286,27.770858764648438,0.27602670704113286,34.61123329080971,2.41243052482605,3.10136342048645,0.8588458959563403,0.7449986338615417,0.7272727272727273,6.765602111816406,4.529506683349609,7.070046424865723,0.8118167319337481,1.5694069862365723,0.6727272727272727,8.795633316040039,0.03636363636363636
287,27.685192108154297,0.27588062625239373,34.59579867006022,2.4103541374206543,3.0993945598602295,0.8590250708735978,0.7444291710853577,0.7272727272727273,6.7563862800598145,4.528655529022217,7.069590091705322,0.8118410303658208,1.5693104267120361,0.6727272727272727,8.784501075744629,0.03636363636363636
288,27.599700927734375,0.2757341154453078,34.580565286171975,2.4082069396972656,3.097320318222046,0.8592136751925178,0.7438434362411499,0.7272727272727273,6.747490882873535,4.527916431427002,7.069253444671631,0.8118589283168178,1.569235920906067,0.6727272727272727,8.772432327270508,0.03636363636363636
289,27.514354705810547,0.2756047073016451,34.56734489192394,2.406149387359619,3.095393419265747,0.859388811264158,0.7432553768157959,0.7272727272727273,6.738750457763672,4.527261734008789,7.069071292877197,0.8118686376627836,1.569177269935608,0.6727272727272727,8.760513305664062,0.03636363636363636
290,27.429187774658203,0.27550239943481225,34.55721564986118,2.404224157333374,3.093740463256836,0.8595389325500404,0.7427276372909546,0.7272727272727273,6.729343414306641,4.526719093322754,7.069085597991943,0.8118678856480358,1.569139838218689,0.6727272727272727,8.7489652633667,0.03636363636363636
291,27.344310760498047,0.27544325988029317,34.55153397782408,2.402686834335327,3.092715263366699,0.8596320214272486,0.7423115372657776,0.7272727272727273,6.719320297241211,4.5261549949646,7.069179058074951,0.8118629056392617,1.569085717201233,0.6727272727272727,8.737532615661621,0.03636363636363636
292,27.259523391723633,0.27541443157238965,34.548830891759394,2.401454210281372,3.092188835144043,0.8596797872909384,0.7419788241386414,0.7272727272727273,6.708825588226318,4.525519847869873,7.0692572593688965,0.8118587277795518,1.568994164466858,0.6727272727272727,8.726822853088379,0.03636363636363636
293,27.174896240234375,0.2753714517719381,34.544703239714806,2.400054693222046,3.091442823410034,0.8597475030976969,0.7415995001792908,0.7272727272727273,6.698909759521484,4.5248942375183105,7.069325923919678,0.811855067974446,1.5688828229904175,0.6727272727272727,8.716639518737793,0.03636363636363636
294,27.09056854248047,0.2753103469370344,34.53890125345265,2.398413896560669,3.090355396270752,0.8598461453876285,0.7411469221115112,0.7272727272727273,6.689723491668701,4.524335861206055,7.069456100463867,0.8118481494387664,1.5687822103500366,0.6727272727272727,8.706934928894043,0.05454545454545454
295,27.0063533782959,0.2752204636350246,34.53001539387975,2.3965108394622803,3.088895559310913,0.859978515295597,0.7406133413314819,0.7272727272727273,6.681598663330078,4.523751735687256,7.069475173950195,0.8118471300409972,1.5686300992965698,0.6727272727272727,8.698486328125,0.05454545454545454
296,26.922252655029297,0.2751335400699543,34.52110665849386,2.3946757316589355,3.08760929107666,0.8600951206771241,0.7400632500648499,0.7272727272727273,6.67483377456665,4.5229997634887695,7.069338798522949,0.8118544162283312,1.5684082508087158,0.6727272727272727,8.689461708068848,0.05454545454545454
297,26.83838653564453,0.2750988446525252,34.5169086741318,2.3935465812683105,3.0873525142669678,0.8601183928964262,0.7397034764289856,0.7272727272727273,6.667449474334717,4.522153377532959,7.068969249725342,0.8118740688804065,1.568098545074463,0.6727272727272727,8.680115699768066,0.05454545454545454
298,26.75473976135254,0.2751054392840078,34.51650740169231,2.3929154872894287,3.087880849838257,0.8600704967473939,0.739486813545227,0.7272727272727273,6.659241676330566,4.521599292755127,7.068450927734375,0.8119016594659305,1.5677905082702637,0.6727272727272727,8.670395851135254,0.05454545454545454
299,26.671436309814453,0.27508332691404513,34.51347633872007,2.391852855682373,3.0878593921661377,0.8600724510275312,0.7391391396522522,0.7272727272727273,6.650970935821533,4.5211501121521,7.06804084777832,0.811923467893616,1.5675537586212158,0.6727272727272727,8.659799575805664,0.05454545454545454
300,26.588247299194336,0.27501210691315015,34.50591318985312,2.3901054859161377,3.0869107246398926,0.8601584230679058,0.738545298576355,0.7272727272727273,6.643720626831055,4.520884037017822,7.0677995681762695,0.8119363189900837,1.5674126148223877,0.6727272727272727,8.648659706115723,0.05454545454545454
301,26.505111694335938,0.2749228772655739,34.496692003730914,2.388066530227661,3.0856199264526367,0.8602753378771215,0.7378469109535217,0.7272727272727273,6.636821746826172,4.520666599273682,7.067622184753418,0.811945760953028,1.5672968626022339,0.6727272727272727,8.637375831604004,0.05454545454545454
302,26.42215919494629,0.27481720059923753,34.48560269351947,2.385885238647461,3.084157943725586,0.8604077077850899,0.7370985746383667,0.7272727272727273,6.629875183105469,4.52036190032959,7.067329406738281,0.8119613360140263,1.5671708583831787,0.6727272727272727,8.625718116760254,0.05454545454545454
303,26.33957862854004,0.27477065522120103,34.47979317495913,2.3844518661499023,3.0838842391967773,0.8604324782858306,0.7365410327911377,0.7272727272727273,6.621977806091309,4.519707202911377,7.066746234893799,0.8119923691559514,1.5669478178024292,0.6727272727272727,8.61378002166748,0.05454545454545454
304,26.25718116760254,0.27477605868517513,34.47888354231105,2.383796215057373,3.084550142288208,0.8603722050292617,0.7361873388290405,0.7272727272727273,6.6129255294799805,4.518804550170898,7.066036224365234,0.8120301370077286,1.5666630268096924,0.6727272727272727,8.601725578308105,0.05454545454545454
305,26.174999237060547,0.27479934072742906,34.48005418346395,2.383734703063965,3.085381507873535,0.860296932672639,0.7358942031860352,0.7272727272727273,6.604206562042236,4.517980575561523,7.065475940704346,0.8120599502146183,1.5664105415344238,0.6727272727272727,8.589611053466797,0.05454545454545454
306,26.093109130859375,0.27480323615991775,34.48014478768255,2.383192539215088,3.0855627059936523,0.8602805167194855,0.7354511022567749,0.7272727272727273,6.596123218536377,4.517541408538818,7.065330505371094,0.8120676876108011,1.5662697553634644,0.6727272727272727,8.577470779418945,0.07272727272727272
307,26.01140785217285,0.27478690061282196,34.47903844537552,2.3821473121643066,3.0850934982299805,0.8603230060268046,0.7348489761352539,0.7272727272727273,6.588905334472656,4.517488956451416,7.0655837059021,0.8120542181910964,1.5662342309951782,0.6727272727272727,8.565308570861816,0.07272727272727272
308,25.929908752441406,0.2747860298355843,34.479781339874705,2.381188154220581,3.084747552871704,0.8603543233660051,0.7342420220375061,0.7272727272727273,6.581811428070068,4.517569065093994,7.065990924835205,0.8120325601663604,1.5662353038787842,0.6727272727272727,8.552162170410156,0.07272727272727272
309,25.848651885986328,0.27481797968268673,34.48333830451804,2.3807404041290283,3.0851078033447266,0.8603217194590475,0.733771562576294,0.7272727272727273,6.574456214904785,4.517444610595703,7.0661797523498535,0.8120225165916178,1.566166877746582,0.6727272727272727,8.538148880004883,0.07272727272727272
310,25.76742935180664,0.2748806479616615,34.48930342120599,2.3808257579803467,3.086219072341919,0.860221074031975,0.7334752082824707,0.7454545454545455,6.566766738891602,4.517027854919434,7.06605339050293,0.8120292345900313,1.5660001039505005,0.6727272727272727,8.523344039916992,0.07272727272727272
311,25.686420440673828,0.27494438123323683,34.49537914394023,2.380971908569336,3.0873451232910156,0.8601190443231387,0.7332554459571838,0.7454545454545455,6.559485912322998,4.516679286956787,7.065929412841797,0.8120358356083729,1.5658427476882935,0.6727272727272727,8.507742881774902,0.09090909090909091
312,25.605716705322266,0.2749577012631292,34.496666759387665,2.3804783821105957,3.087573289871216,0.8600983778106864,0.732936441898346,0.7454545454545455,6.552228927612305,4.516521453857422,7.065912246704102,0.8120367547375091,1.5657422542572021,0.6727272727272727,8.491222381591797,0.09090909090909091
313,25.525218963623047,0.2749425956081942,34.49518727758016,2.379636287689209,3.087322235107422,0.8601211288886185,0.7325835227966309,0.7454545454545455,6.544277667999268,4.516408443450928,7.065922260284424,0.8120362032600273,1.5656675100326538,0.6727272727272727,8.473638534545898,0.09090909090909091
314,25.444942474365234,0.27492209294151265,34.49314083657197,2.378753900527954,3.0869967937469482,0.8601506059473565,0.7322736382484436,0.7454545454545455,6.535378932952881,4.5162272453308105,7.065917015075684,0.8120365040659265,1.5655772686004639,0.6727272727272727,8.455893516540527,0.09090909090909091
315,25.364892959594727,0.27489519392091427,34.49058942250042,2.3777449131011963,3.0865163803100586,0.8601941538230833,0.7319285273551941,0.7272727272727273,6.526769638061523,4.516030311584473,7.065975666046143,0.8120333790268635,1.5654901266098022,0.6727272727272727,8.437984466552734,0.09090909090909091
316,25.285018920898438,0.2748728999138954,34.48842338519671,2.376800537109375,3.0861387252807617,0.8602283374398187,0.731605589389801,0.7090909090909091,6.517890930175781,4.51569128036499,7.0659990310668945,0.8120321256689506,1.5653629302978516,0.6727272727272727,8.421391487121582,0.09090909090909091
317,25.205272674560547,0.2748769564497089,34.48881645650931,2.3761157989501953,3.086207866668701,0.8602220837433793,0.7313374876976013,0.7090909090909091,6.509235858917236,4.51518440246582,7.0659942626953125,0.812032393051972,1.5651772022247314,0.6727272727272727,8.406881332397461,0.09090909090909091
318,25.125720977783203,0.27488468911049463,34.48906079884671,2.375596284866333,3.0865416526794434,0.860191857543922,0.7311070561408997,0.7090909090909091,6.50015115737915,4.514413833618164,7.065737247467041,0.8120460630089427,1.5649127960205078,0.6727272727272727,8.392663955688477,0.09090909090909091
319,25.04633331298828,0.27489104016532817,34.4890485324151,2.3750712871551514,3.0869009494781494,0.8601593024939677,0.7308951616287231,0.7090909090909091,6.4904465675354,4.513566017150879,7.0654215812683105,0.8120628412935376,1.5646203756332397,0.6727272727272727,8.378931999206543,0.09090909090909091
320,24.9671630859375,0.2748990625324741,34.489266332647446,2.3745169639587402,3.087261438369751,0.8601266334443386,0.7306554317474365,0.7090909090909091,6.4812140464782715,4.512752056121826,7.0651373863220215,0.8120779651456873,1.5643234252929688,0.6727272727272727,8.365745544433594,0.09090909090909091
321,24.888187408447266,0.27490733341211826,34.48955446930728,2.3739545345306396,3.0876076221466064,0.8600952672481345,0.7303900122642517,0.7090909090909091,6.472764492034912,4.511986255645752,7.064875602722168,0.8120918857742406,1.5640170574188232,0.6727272727272727,8.353009223937988,0.09090909090909091
322,24.80933952331543,0.27497277095580075,34.495147928725316,2.3741614818573,3.0890209674835205,0.8599671641851326,0.7303494811058044,0.7090909090909091,6.464308738708496,4.510967254638672,7.064431667327881,0.8121155157487597,1.5636132955551147,0.6727272727272727,8.341116905212402,0.09090909090909091
323,24.730653762817383,0.27507335542315325,34.50401767064068,2.3747894763946533,3.091083526611328,0.8597800907189869,0.7303975820541382,0.7090909090909091,6.4561872482299805,4.509798526763916,7.063882827758789,0.8121447106324123,1.5631506443023682,0.6727272727272727,8.32990837097168,0.09090909090909091
324,24.652267456054688,0.27514987885208075,34.51061200671853,2.3750557899475098,3.0927131175994873,0.8596322005695944,0.7303634881973267,0.7090909090909091,6.447826385498047,4.508725643157959,7.063389778137207,0.8121709308799515,1.5626957416534424,0.6727272727272727,8.319992065429688,0.09090909090909091
325,24.573997497558594,0.27519677817108645,34.51449891656392,2.374880313873291,3.093773126602173,0.8595359685584989,0.7302333116531372,0.7090909090909091,6.4391350746154785,4.507810115814209,7.063011646270752,0.8121910347408754,1.562269926071167,0.6727272727272727,8.311052322387695,0.09090909090909091
326,24.49579620361328,0.2752358553463657,34.517652870473626,2.374561071395874,3.0946898460388184,0.8594527162246487,0.7300665378570557,0.7090909090909091,6.430593013763428,4.506904602050781,7.062654972076416,0.8122100022239582,1.561841607093811,0.6727272727272727,8.302701950073242,0.09090909090909091
327,24.4178466796875,0.2752869886321123,34.52191172803447,2.3743715286254883,3.0958364009857178,0.859348553093329,0.7299408912658691,0.7090909090909091,6.422244071960449,4.505982398986816,7.062252998352051,0.812231376154234,1.5613791942596436,0.6727272727272727,8.29457950592041,0.09090909090909091
328,24.34005355834961,0.27531910333889464,34.524371528160714,2.373903751373291,3.096642017364502,0.8592753490165183,0.7296904921531677,0.7090909090909091,6.415343761444092,4.505643367767334,7.06189489364624,0.8122504104830722,1.5610100030899048,0.6727272727272727,8.286457061767578,0.09090909090909091
329,24.26248550415039,0.2753594413613531,34.52754791050404,2.3735244274139404,3.09761905670166,0.859186510698609,0.7294372320175171,0.7090909090909091,6.409791469573975,4.505882740020752,7.061487674713135,0.8122720852192471,1.5607186555862427,0.6727272727272727,8.277726173400879,0.09090909090909091
330,24.185138702392578,0.27540256293228527,34.53063194201707,2.373244047164917,3.098787307739258,0.8590802955731451,0.7292061448097229,0.7090909090909091,6.405060768127441,4.506100654602051,7.060899257659912,0.8123033523213158,1.5604315996170044,0.6727272727272727,8.268491744995117,0.09090909090909091
331,24.10797882080078,0.27542677950416933,34.531895234028866,2.372791051864624,3.0996298789978027,0.8590036389347584,0.7289798259735107,0.7090909090909091,6.400489330291748,4.506499767303467,7.060338497161865,0.8123331822396443,1.5602695941925049,0.6545454545454545,8.259048461914062,0.09090909090909091
332,24.030956268310547,0.2754010771225718,34.52858920746172,2.3718466758728027,3.0995185375213623,0.8590137686201369,0.7285698056221008,0.7090909090909091,6.396839618682861,4.507189750671387,7.059967994689941,0.8123528683145973,1.5602487325668335,0.6545454545454545,8.249092102050781,0.09090909090909091
333,23.95405387878418,0.27531610690100683,34.519712754636316,2.3700132369995117,3.098332405090332,0.8591216611693853,0.7279534339904785,0.7090909090909091,6.393459320068359,4.508103847503662,7.059751987457275,0.8123643323616412,1.5603402853012085,0.6545454545454545,8.238687515258789,0.10909090909090909
334,23.877391815185547,0.2752688124494633,34.51457238010073,2.3685643672943115,3.0977516174316406,0.8591744755900965,0.7274264097213745,0.7090909090909091,6.3896164894104,4.508884429931641,7.059533596038818,0.8123759635230734,1.5604345798492432,0.6545454545454545,8.227997779846191,0.10909090909090909
335,23.80086898803711,0.27524482709405274,34.512243212865656,2.367253303527832,3.097346305847168,0.8592113137706852,0.7269642949104309,0.7090909090909091,6.384860038757324,4.509724140167236,7.059559345245361,0.8123745764736497,1.5605649948120117,0.6545454545454545,8.218171119689941,0.10909090909090909
336,23.724552154541016,0.2752287223322462,34.51127580365943,2.366288423538208,3.0968363285064697,0.8592576627812755,0.7265462279319763,0.7090909090909091,6.379697322845459,4.510740756988525,7.059869766235352,0.8123580822835151,1.5607516765594482,0.6545454545454545,8.209271430969238,0.10909090909090909
337,23.648456573486328,0.2752057652926162,34.510256858332184,2.3650121688842773,3.095965623855591,0.8593368111268372,0.7260905504226685,0.7090909090909091,6.373608589172363,4.511967182159424,7.060489177703857,0.8123251607490014,1.5609945058822632,0.6545454545454545,8.201323509216309,0.10909090909090909
338,23.572582244873047,0.2751598411149563,34.50732538631581,2.3633334636688232,3.0945794582366943,0.8594627319103525,0.7254905700683594,0.7090909090909091,6.368006706237793,4.513438701629639,7.061289310455322,0.812282613425716,1.5612967014312744,0.6545454545454545,8.194140434265137,0.10909090909090909
339,23.496938705444336,0.2751118251456219,34.50439799980376,2.3615055084228516,3.0930745601654053,0.859599401234623,0.7247675061225891,0.7090909090909091,6.36311149597168,4.515026569366455,7.062193393707275,0.8122345513276135,1.5616140365600586,0.6545454545454545,8.187812805175781,0.10909090909090909
340,23.421417236328125,0.27510309757801,34.50505930159005,2.3601839542388916,3.0923244953155518,0.859667491611741,0.7241016030311584,0.7090909090909091,6.3586201667785645,4.516426086425781,7.062943935394287,0.8121946277002259,1.5618692636489868,0.6545454545454545,8.181907653808594,0.10909090909090909
341,23.34605598449707,0.27517150558894404,34.51252347082698,2.3599579334259033,3.0931544303894043,0.859592154112447,0.7237135767936707,0.7090909090909091,6.353127956390381,4.517314434051514,7.063273906707764,0.8121770974008833,1.5619665384292603,0.6545454545454545,8.176531791687012,0.10909090909090909
342,23.270889282226562,0.27526082618897213,34.52197772710019,2.3599796295166016,3.0943541526794434,0.859483202994791,0.7234450578689575,0.7090909090909091,6.346619606018066,4.518083095550537,7.06356143951416,0.8121617897229063,1.5620036125183105,0.6545454545454545,8.171944618225098,0.10909090909090909
343,23.195960998535156,0.2753500771397395,34.53148625691216,2.3599650859832764,3.0955278873443604,0.8593765807276319,0.7231786251068115,0.7090909090909091,6.339934349060059,4.518836975097656,7.063879013061523,0.8121448944582396,1.562037467956543,0.6545454545454545,8.167841911315918,0.10909090909090909
344,23.121212005615234,0.27539782244834643,34.53656681368511,2.3595755100250244,3.096158027648926,0.8593193203196082,0.722842812538147,0.7090909090909091,6.332777976989746,4.5195183753967285,7.0640459060668945,0.8121360373956547,1.562069058418274,0.6545454545454545,8.163742065429688,0.10909090909090909
345,23.046703338623047,0.27543552321221126,34.54082285784966,2.3589975833892822,3.096558094024658,0.8592829544233861,0.7224311828613281,0.7090909090909091,6.3259806632995605,4.520281791687012,7.064297676086426,0.8121226181102665,1.5621452331542969,0.6545454545454545,8.159473419189453,0.10909090909090909
346,22.972339630126953,0.2754608860320583,34.54373734040206,2.3582868576049805,3.096806764602661,0.8592603499164643,0.721969723701477,0.7090909090909091,6.319459438323975,4.520986557006836,7.064492225646973,0.8121122904410637,1.562227725982666,0.6545454545454545,8.154943466186523,0.10909090909090909
347,22.89813995361328,0.2754761027035885,34.545410391736084,2.357490062713623,3.0969860553741455,0.859244080534321,0.7214887738227844,0.7090909090909091,6.313275337219238,4.5216965675354,7.064571857452393,0.8121080624470373,1.5623005628585815,0.6545454545454545,8.15030288696289,0.10909090909090909
348,22.824234008789062,0.27551549539560405,34.549119823681565,2.3570404052734375,3.0976979732513428,0.859179345004772,0.7211361527442932,0.7090909090909091,6.30631160736084,4.5222368240356445,7.064472675323486,0.8121133098388329,1.5623195171356201,0.6545454545454545,8.1456937789917,0.10909090909090909
349,22.75046730041504,0.2755506263019242,34.55257115789152,2.356458902359009,3.098275661468506,0.8591268074404135,0.7207796573638916,0.7090909090909091,6.299142360687256,4.522792816162109,7.064454555511475,0.8121142791022855,1.5623518228530884,0.6545454545454545,8.141039848327637,0.10909090909090909
350,22.676837921142578,0.27561183256326266,34.55839408305576,2.3562064170837402,3.0993576049804688,0.859028409435499,0.7205309271812439,0.7090909090909091,6.291309833526611,4.523085594177246,7.064329624176025,0.8121209302549437,1.5623172521591187,0.6545454545454545,8.13711166381836,0.10909090909090909
351,22.603343963623047,0.2756370605959786,34.561295184066864,2.35554838180542,3.0996038913726807,0.8590060003565909,0.7201400399208069,0.7090909090909091,6.284422874450684,4.523706912994385,7.064524173736572,0.8121105691628632,1.5623772144317627,0.6545454545454545,8.133123397827148,0.10909090909090909
352,22.529991149902344,0.27568346544023126,34.566262093858654,2.3550875186920166,3.1002039909362793,0.8589514107980882,0.7197485566139221,0.7090909090909091,6.278765678405762,4.524179935455322,7.064700603485107,0.8121012107571131,1.5624033212661743,0.6545454545454545,8.129003524780273,0.09090909090909091
353,22.456832885742188,0.2757657374523316,34.57458546520371,2.3550636768341064,3.1014597415924072,0.8588371179813902,0.7195113897323608,0.7090909090909091,6.273270606994629,4.524496078491211,7.064776420593262,0.8120971665889138,1.5623986721038818,0.6727272727272727,8.125286102294922,0.09090909090909091
354,22.38388442993164,0.2759003902348643,34.58759910421958,2.3557376861572266,3.1037561893463135,0.8586279937210282,0.7194438576698303,0.7090909090909091,6.267376899719238,4.524480819702148,7.064601421356201,0.8121064748603475,1.5623061656951904,0.6727272727272727,8.121298789978027,0.09090909090909091
355,22.311073303222656,0.2760626891273469,34.60316652263589,2.356764554977417,3.1065688133239746,0.8583716573096819,0.7194485068321228,0.7090909090909091,6.261318206787109,4.524360656738281,7.064332485198975,0.8121207798519942,1.5622004270553589,0.6727272727272727,8.116711616516113,0.09090909090909091
356,22.238407135009766,0.276210499507679,34.61745265090951,2.357550859451294,3.1090850830078125,0.8581421271075527,0.7194138765335083,0.7090909090909091,6.254970073699951,4.524322032928467,7.064140796661377,0.8121309738296862,1.5621391534805298,0.6727272727272727,8.111656188964844,0.09090909090909091
357,22.165821075439453,0.276355934279487,34.63166602047448,2.3582375049591064,3.111496686935425,0.8579219774500826,0.7193815112113953,0.7090909090909091,6.247900009155273,4.524341583251953,7.064029216766357,0.8121369063904742,1.5621097087860107,0.6727272727272727,8.106378555297852,0.09090909090909091
358,22.093467712402344,0.27648849383058466,34.64514760168913,2.358560800552368,3.1134843826293945,0.8577403922539892,0.7192217111587524,0.7090909090909091,6.240784168243408,4.524654865264893,7.064186096191406,0.8121285673824934,1.5621826648712158,0.6727272727272727,8.100835800170898,0.09090909090909091
359,22.021251678466797,0.27660616814406686,34.65798235196888,2.3584022521972656,3.1149041652679443,0.8576106280528706,0.7189260125160217,0.7272727272727273,6.234060764312744,4.525406360626221,7.064751148223877,0.8120985035040211,1.5623934268951416,0.6727272727272727,8.094922065734863,0.09090909090909091
360,21.94915008544922,0.2767258049207287,34.67135581765439,2.358107805252075,3.116218328475952,0.8574904561100927,0.7186245322227478,0.7272727272727273,6.226958751678467,4.5263285636901855,7.065485000610352,0.8120594822943308,1.5626569986343384,0.6727272727272727,8.088712692260742,0.09090909090909091
361,21.877174377441406,0.27683913852483094,34.68405987763299,2.3576433658599854,3.1174488067626953,0.8573778895741826,0.7182676196098328,0.7272727272727273,6.219760417938232,4.527194499969482,7.066197395324707,0.812021564039604,1.562901496887207,0.6727272727272727,8.082313537597656,0.09090909090909091
362,21.80541229248047,0.2769250080711921,34.693846739699495,2.356912136077881,3.118316888809204,0.8572984480866002,0.7178898453712463,0.7272727272727273,6.211923599243164,4.527947902679443,7.066816329956055,0.8119886257936513,1.5630697011947632,0.6727272727272727,8.076080322265625,0.09090909090909091
363,21.733802795410156,0.27697025793319646,34.69862235196632,2.3559725284576416,3.1189253330230713,0.8572427511026863,0.7174593210220337,0.7272727272727273,6.204603672027588,4.528221607208252,7.066955089569092,0.8119812560491231,1.5630899667739868,0.6727272727272727,8.070328712463379,0.09090909090909091
364,21.66231918334961,0.2769580805493925,34.69742585769478,2.354530096054077,3.1187264919281006,0.8572609584792991,0.7168887257575989,0.7272727272727273,6.199112892150879,4.528509140014648,7.066961288452148,0.8119809218203463,1.5630985498428345,0.6727272727272727,8.065909385681152,0.09090909090909091
365,21.590911865234375,0.2769613155729926,34.697242972757635,2.3535006046295166,3.1189775466918945,0.8572379794020176,0.716408908367157,0.7272727272727273,6.194591045379639,4.528506278991699,7.066713809967041,0.8119940904341518,1.56302011013031,0.6727272727272727,8.062346458435059,0.09090909090909091
366,21.51963233947754,0.2769983736429828,34.69982603379708,2.3530516624450684,3.1200013160705566,0.8571442390980971,0.7160818576812744,0.7272727272727273,6.189670562744141,4.5280442237854,7.06617546081543,0.8120227338403228,1.562806487083435,0.6727272727272727,8.059425354003906,0.09090909090909091
367,21.448558807373047,0.277036443852234,34.70202509423166,2.3526980876922607,3.121232509613037,0.8570314771341733,0.7157773375511169,0.7272727272727273,6.1848273277282715,4.527237415313721,7.065399169921875,0.8120640278056952,1.5624680519104004,0.6727272727272727,8.0574312210083,0.09090909090909091
368,21.377609252929688,0.2770705150686684,34.7034883898952,2.3523216247558594,3.1225335597991943,0.8569122660457962,0.7154550552368164,0.7272727272727273,6.180160045623779,4.526161193847656,7.064456462860107,0.8121141788336526,1.5620214939117432,0.6545454545454545,8.055306434631348,0.09090909090909091
369,21.306655883789062,0.27710353142322985,34.704887006088654,2.3518433570861816,3.1238014698028564,0.8567960352346287,0.7151033878326416,0.7272727272727273,6.175388813018799,4.525091648101807,7.063533306121826,0.812163277040963,1.561579704284668,0.6545454545454545,8.053126335144043,0.09090909090909091
370,21.235870361328125,0.27712837280594615,34.70626141993813,2.3510167598724365,3.1246278285980225,0.8567202580223037,0.7147669792175293,0.7454545454545455,6.1708083152771,4.52465295791626,7.062996864318848,0.8121918201785009,1.5612493753433228,0.6545454545454545,8.051346778869629,0.09090909090909091
371,21.16521453857422,0.2771246272448503,34.70562547020114,2.3496131896972656,3.1246726512908936,0.8567161377483474,0.7143452763557434,0.7454545454545455,6.166937828063965,4.524652004241943,7.062867164611816,0.8121987220027416,1.561032772064209,0.6545454545454545,8.049834251403809,0.09090909090909091
372,21.094758987426758,0.27709821002813073,34.70345093189604,2.3477559089660645,3.1240756511688232,0.8567708901635283,0.713873565196991,0.7454545454545455,6.163344383239746,4.525107383728027,7.063087463378906,0.8121869905726763,1.5609670877456665,0.6545454545454545,8.047968864440918,0.09090909090909091
373,21.024356842041016,0.2770878771778582,34.702493883733155,2.3462724685668945,3.1238842010498047,0.8567884461134286,0.7135316729545593,0.7454545454545455,6.159624099731445,4.525501251220703,7.063121318817139,0.8121852024487204,1.5608762502670288,0.6545454545454545,8.045575141906738,0.09090909090909091
374,20.954105377197266,0.27709473239252125,34.702702764576486,2.3451807498931885,3.1241796016693115,0.8567613630478588,0.7133650779724121,0.7454545454545455,6.153968334197998,4.5256547927856445,7.062889575958252,0.8121975187791451,1.5607105493545532,0.6545454545454545,8.042377471923828,0.09090909090909091
375,20.884052276611328,0.27709582318468995,34.70204226272688,2.3440663814544678,3.1245007514953613,0.8567319022747886,0.7131223678588867,0.7454545454545455,6.1489577293396,4.52562141418457,7.062511920928955,0.8122175892171914,1.5605106353759766,0.6545454545454545,8.038186073303223,0.09090909090909091
376,20.814117431640625,0.27705128326550826,34.69737808842024,2.342276096343994,3.1238884925842285,0.8567880552574012,0.7126398086547852,0.7454545454545455,6.1451334953308105,4.526028156280518,7.0623931884765625,0.8122239228525117,1.5604674816131592,0.6727272727272727,8.033341407775879,0.09090909090909091
377,20.744287490844727,0.2770488521943025,34.696918301084565,2.340934991836548,3.123936176300049,0.8567836906984279,0.7122292518615723,0.7454545454545455,6.141002655029297,4.526303768157959,7.062285900115967,0.8122296214531559,1.5604183673858643,0.6727272727272727,8.027581214904785,0.07272727272727272
378,20.674678802490234,0.2770990339780539,34.70184758271495,2.3401269912719727,3.1247546672821045,0.8567086300554866,0.7119253277778625,0.7454545454545455,6.137638092041016,4.526630401611328,7.062259674072266,0.8122310085025796,1.5604010820388794,0.6727272727272727,8.021032333374023,0.07272727272727272
379,20.605052947998047,0.277193410323751,34.7108282339164,2.339890241622925,3.1264078617095947,0.8565569779168298,0.7117643356323242,0.7454545454545455,6.134128093719482,4.526653289794922,7.062067985534668,0.8122412191917106,1.560344934463501,0.6727272727272727,8.013663291931152,0.07272727272727272
380,20.535507202148438,0.2772976122898549,34.721037835012226,2.339594602584839,3.1281161308288574,0.856400163221477,0.7115399837493896,0.7454545454545455,6.131004333496094,4.526605606079102,7.062000751495361,0.8122447954396221,1.560315728187561,0.6727272727272727,8.0072660446167,0.07272727272727272
381,20.466041564941406,0.2774735114620043,34.73769186211223,2.3407416343688965,3.1312265396118164,0.8561144474653997,0.7116478085517883,0.7454545454545455,6.12668514251709,4.525852203369141,7.0616021156311035,0.8122659855440706,1.560109257698059,0.6727272727272727,8.001721382141113,0.07272727272727272
382,20.39676284790039,0.27759572043431824,34.74924880367513,2.3411943912506104,3.1333911418914795,0.8559154528904162,0.7115135192871094,0.7454545454545455,6.1227030754089355,4.525230884552002,7.061318397521973,0.8122810592619039,1.5599620342254639,0.6727272727272727,7.997354030609131,0.07272727272727272
383,20.327659606933594,0.27769163428744065,34.75764654769688,2.341460704803467,3.1353538036346436,0.8557348936913948,0.7113032341003418,0.7454545454545455,6.1185808181762695,4.524291515350342,7.060765266418457,0.8123104881057003,1.5597306489944458,0.6727272727272727,7.99365234375,0.07272727272727272
384,20.258525848388672,0.27775810243004767,34.762808187834764,2.3414711952209473,3.136972188949585,0.8555859286879269,0.7109839916229248,0.7454545454545455,6.115301132202148,4.523194313049316,7.06005859375,0.8123480554202115,1.5594267845153809,0.6727272727272727,7.989012241363525,0.07272727272727272
385,20.189517974853516,0.277880836211711,34.77258164362422,2.3425071239471436,3.1398630142211914,0.8553196254478803,0.7109745144844055,0.7454545454545455,6.111209392547607,4.521336555480957,7.058872699737549,0.8124110909675141,1.5588743686676025,0.6727272727272727,7.9831929206848145,0.07272727272727272
386,20.12053680419922,0.27806357025981326,34.78783776644883,2.3444395065307617,3.143885374069214,0.8549487030778153,0.7112270593643188,0.7454545454545455,6.106658935546875,4.518923759460449,7.057453155517578,0.8124865264024357,1.5581778287887573,0.6727272727272727,7.974787712097168,0.07272727272727272
387,20.051776885986328,0.27818902150651265,34.79907876193954,2.345057249069214,3.1463427543640137,0.8547218762965427,0.7110868096351624,0.7454545454545455,6.102851867675781,4.517387390136719,7.05685567855835,0.8125182614247919,1.5577753782272339,0.6727272727272727,7.966385364532471,0.07272727272727272
388,19.98324203491211,0.27824301301970444,34.804589074635885,2.3443405628204346,3.1471359729766846,0.8546486070770607,0.7106038928031921,0.7454545454545455,6.099538326263428,4.516791820526123,7.056929111480713,0.8125143676595423,1.5576833486557007,0.6727272727272727,7.95864725112915,0.07272727272727272
389,19.91480255126953,0.27829057155211906,34.810145433806326,2.343263864517212,3.1475589275360107,0.8546095214743141,0.7101193070411682,0.7454545454545455,6.095033168792725,4.51682710647583,7.057339191436768,0.8124925926547344,1.557775855064392,0.6727272727272727,7.952551364898682,0.07272727272727272
390,19.846485137939453,0.2783443956774757,34.815894246525886,2.3423078060150146,3.1482491493225098,0.8545457630848338,0.7096902132034302,0.7454545454545455,6.0895280838012695,4.516796588897705,7.057538032531738,0.812482014313949,1.557846188545227,0.6727272727272727,7.947140216827393,0.07272727272727272
391,19.778392791748047,0.27848097260019844,34.82904304406327,2.3425424098968506,3.1505637168884277,0.8543318019811319,0.7095871567726135,0.7454545454545455,6.083022117614746,4.516127586364746,7.057335376739502,0.8124927764805616,1.5576919317245483,0.6727272727272727,7.941520690917969,0.07272727272727272
392,19.710315704345703,0.2786194709041495,34.84258826351106,2.3427021503448486,3.1528263092041016,0.854122498578424,0.7095035910606384,0.7454545454545455,6.07635498046875,4.515629768371582,7.057233810424805,0.8124981909867456,1.5575191974639893,0.6727272727272727,7.936500072479248,0.07272727272727272
393,19.64246940612793,0.27874762737978476,34.85554989686176,2.342625617980957,3.1547510623931885,0.8539443333725709,0.7094225883483887,0.7454545454545455,6.069050312042236,4.51535177230835,7.057350158691406,0.8124919910429361,1.5573924779891968,0.6727272727272727,7.931845188140869,0.07272727272727272
394,19.57486343383789,0.2787831207975994,34.86069990620814,2.3409605026245117,3.1546733379364014,0.8539515316377434,0.7089059948921204,0.7454545454545455,6.062401294708252,4.515951633453369,7.058149337768555,0.8124495105654062,1.5575428009033203,0.6727272727272727,7.927605152130127,0.07272727272727272
395,19.50732421875,0.27879875758487566,34.86419089661473,2.338948965072632,3.154160737991333,0.8539989880737449,0.7083106637001038,0.7454545454545455,6.05555534362793,4.516721248626709,7.0591020584106445,0.8123988916171613,1.5577788352966309,0.6727272727272727,7.922416687011719,0.07272727272727272
396,19.439905166625977,0.2788403294296719,34.869893423297185,2.337416887283325,3.15419864654541,0.8539954703694976,0.7078904509544373,0.7454545454545455,6.048187255859375,4.517075538635254,7.059875965118408,0.8123577647661773,1.5578964948654175,0.6727272727272727,7.916662216186523,0.07272727272727272
397,19.372650146484375,0.27890949622705796,34.877879992632245,2.3363559246063232,3.1548492908477783,0.8539352459699323,0.7075517773628235,0.7454545454545455,6.040733814239502,4.516906261444092,7.060425758361816,0.8123285364596469,1.5578991174697876,0.6727272727272727,7.910945415496826,0.07272727272727272
398,19.30558967590332,0.2790040142779409,34.88834307480846,2.3355515003204346,3.155914545059204,0.8538365873943329,0.7072030901908875,0.7454545454545455,6.033213138580322,4.516467094421387,7.06095552444458,0.8123003609737636,1.557863712310791,0.6727272727272727,7.905704975128174,0.07272727272727272
399,19.238697052001953,0.27911047500002634,34.90079375191772,2.334596872329712,3.156853675842285,0.8537495893568862,0.7067674398422241,0.7454545454545455,6.025791645050049,4.51630163192749,7.0618791580200195,0.8122512627664531,1.557944416999817,0.6727272727272727,7.900397777557373,0.07272727272727272
400,19.171884536743164,0.27924813678251026,34.91732802939856,2.3337485790252686,3.157897710800171,0.8536528362044206,0.7063276171684265,0.7454545454545455,6.018219947814941,4.516478538513184,7.063286781311035,0.8121764122318909,1.5581409931182861,0.6727272727272727,7.8954386711120605,0.07272727272727272
401,19.10508918762207,0.27943602084336006,34.93838446875009,2.3336586952209473,3.159912109375,0.8534660721659633,0.7061446905136108,0.7454545454545455,6.009828090667725,4.516408920288086,7.0644659996032715,0.8121136942019263,1.5582631826400757,0.6727272727272727,7.8905205726623535,0.07272727272727272
402,19.038339614868164,0.27961928061591096,34.95937254928509,2.333346366882324,3.1617000102996826,0.8533001863536396,0.7059152722358704,0.7454545454545455,6.0019755363464355,4.516565322875977,7.0658369064331055,0.8120407654828306,1.5584495067596436,0.6727272727272727,7.885856628417969,0.07272727272727272
403,18.97162628173828,0.27980482314643257,34.980751017697116,2.3330211639404297,3.163458824157715,0.8531369551051693,0.7056787014007568,0.7454545454545455,5.995533466339111,4.516707897186279,7.067287921905518,0.811963558635392,1.5586507320404053,0.6727272727272727,7.881677150726318,0.07272727272727272
