epoch,train_loss,normalized_valid_score,legacy_valid_score,V1_mae,V1_rmse,V1_r2,V1_mean_pinball_loss,V1_interval_80_coverage,V1_interval_80_mean_width,V2_mae,V2_rmse,V2_r2,V2_mean_pinball_loss,V2_interval_80_coverage,V2_interval_80_mean_width,quantile_crossing_rate,V1_quantile_crossing_rate,V2_quantile_crossing_rate
1,607.255126953125,0.924850882778065,335.08401529856474,9.458908081054688,13.371291160583496,0.18052440574324846,4.404324054718018,0.017543859649122806,9.309630393981934,13.261831283569336,17.680078506469727,0.3462844103229106,6.026845455169678,0.07017543859649122,5.022761821746826,0.0,0.0,0.0
2,570.6675415039062,0.8206280153828371,297.06173211158875,8.813006401062012,12.625100135803223,0.26943481953307546,4.118067741394043,0.03508771929824561,9.715558052062988,12.280076026916504,16.593286514282227,0.4241819173068754,5.571697235107422,0.07017543859649122,5.074611663818359,0.0,0.0,0.0
3,536.036376953125,0.7277381364520226,263.2627783564026,8.175810813903809,11.910037994384766,0.34984697208904403,3.838059902191162,0.03508771929824561,10.105854034423828,11.319268226623535,15.582924842834473,0.4921699478259275,5.124783515930176,0.07017543859649122,5.130064964294434,0.0,0.0,0.0
4,503.4194641113281,0.6458645948437365,233.5617323800834,7.551394939422607,11.230693817138672,0.42190060076460956,3.577768087387085,0.08771929824561403,10.475835800170898,10.386070251464844,14.6583251953125,0.5506454613831031,4.69304084777832,0.10526315789473684,5.186587810516357,0.0,0.0,0.0
5,472.8620300292969,0.5760506712965829,208.32624319734532,6.982882976531982,10.604856491088867,0.48453532716562464,3.339505672454834,0.08771929824561403,10.814987182617188,9.499632835388184,13.846534729003906,0.5990385475302304,4.295988082885742,0.14035087719298245,5.240663528442383,0.0,0.0,0.0
6,444.36248779296875,0.5177271427707617,187.3325284667594,6.5321364402771,10.03956413269043,0.5380243439038745,3.1322174072265625,0.15789473684210525,11.120272636413574,8.71784496307373,13.155962944030762,0.6380357072221047,3.9620110988616943,0.21052631578947367,5.2921462059021,0.0,0.0,0.0
7,417.8370666503906,0.4695785934670358,170.0825745834809,6.170369625091553,9.535476684570312,0.5832513454480921,2.956167459487915,0.17543859649122806,11.394145965576172,8.093093872070312,12.58230972290039,0.6689137032469918,3.692554235458374,0.2982456140350877,5.343052387237549,0.0,0.0,0.0
8,393.2685546875,0.43099771388011654,156.35518946354114,5.87000036239624,9.0964994430542,0.6207392376913143,2.8041868209838867,0.22807017543859648,11.634212493896484,7.706051349639893,12.133333206176758,0.6921205527206935,3.5072543621063232,0.2982456140350877,5.390832424163818,0.0,0.0,0.0
9,370.65032958984375,0.4010543558142475,145.79807291845418,5.6430344581604,8.7246732711792,0.6511106547867013,2.680370569229126,0.24561403508771928,11.839285850524902,7.515352249145508,11.804926872253418,0.7085614265002553,3.3704755306243896,0.2807017543859649,5.435181617736816,0.0,0.0,0.0
10,349.84967041015625,0.3783124731054286,137.87403358628762,5.487884998321533,8.415288925170898,0.6754157863553679,2.580052375793457,0.2807017543859649,12.012274742126465,7.433503150939941,11.580755233764648,0.7195249649870181,3.2700366973876953,0.2807017543859649,5.47568941116333,0.0,0.0,0.0
11,330.70306396484375,0.3617024278403237,132.18248137141973,5.380830764770508,8.165077209472656,0.6944305496715446,2.4995744228363037,0.2982456140350877,12.153116226196289,7.377748489379883,11.446745872497559,0.7259785397508417,3.1897757053375244,0.2982456140350877,5.510991096496582,0.0,0.0,0.0
12,313.08819580078125,0.3498374225021404,128.19942384416822,5.280039310455322,7.966673374176025,0.7091002233677448,2.425018787384033,0.3157894736842105,12.26181697845459,7.409396171569824,11.37818431854248,0.7292512610692905,3.167477607727051,0.3333333333333333,5.543536186218262,0.0,0.0,0.0
13,296.8216247558594,0.3416581007451372,125.52513640241364,5.194021224975586,7.813845157623291,0.7201541194249841,2.356734037399292,0.3157894736842105,12.34041690826416,7.506512641906738,11.355083465576172,0.7303495909371556,3.171940565109253,0.24561403508771928,5.574333190917969,0.0,0.0,0.0
14,281.77142333984375,0.33616474112625117,123.78970703051982,5.102947235107422,7.698195457458496,0.7283765966828182,2.2952873706817627,0.3508771929824561,12.393318176269531,7.626828193664551,11.360237121582031,0.7301047293753042,3.1891000270843506,0.24561403508771928,5.602749824523926,0.0,0.0,0.0
15,267.8124084472656,0.33248588712850313,122.67454754584242,5.025845527648926,7.610894203186035,0.7345023265346667,2.2433810234069824,0.38596491228070173,12.424734115600586,7.714980602264404,11.379704475402832,0.7291789384086822,3.2009220123291016,0.2631578947368421,5.628542900085449,0.0,0.0,0.0
16,254.80722045898438,0.3299004927122209,121.91790860582864,5.000899791717529,7.543787479400635,0.7391635822233984,2.2114877700805664,0.40350877192982454,12.437355041503906,7.770777225494385,11.402559280395508,0.7280900318054889,3.205113172531128,0.2631578947368421,5.653726100921631,0.0,0.0,0.0
17,242.65769958496094,0.32794202083246615,121.35304033750481,4.984981060028076,7.490962982177734,0.7428037618756138,2.1829447746276855,0.40350877192982454,12.432594299316406,7.801060676574707,11.422654151916504,0.7271308115387195,3.2023332118988037,0.2631578947368421,5.679080486297607,0.0,0.0,0.0
18,231.26673889160156,0.326266887721439,120.85639043382866,4.968451976776123,7.448087215423584,0.745739541980297,2.1553661823272705,0.40350877192982454,12.41353988647461,7.806578159332275,11.435242652893066,0.726529030391211,3.192336082458496,0.2631578947368421,5.704326629638672,0.0,0.0,0.0
19,220.55682373046875,0.32470524080815893,120.37564460917247,4.938668251037598,7.4113311767578125,0.7482428783617552,2.1274211406707764,0.40350877192982454,12.383158683776855,7.78532075881958,11.440962791442871,0.7262553795017408,3.174936056137085,0.2807017543859649,5.729100227355957,0.0,0.0,0.0
20,210.46881103515625,0.32315138918056197,119.88074423291687,4.896183967590332,7.3777995109558105,0.7505158189044733,2.098144769668579,0.40350877192982454,12.345359802246094,7.739189147949219,11.44105052947998,0.7262512053179603,3.149674654006958,0.2807017543859649,5.75695276260376,0.0,0.0,0.0
21,200.97222900390625,0.3214686125519948,119.32527897436034,4.841146469116211,7.345126628875732,0.7527206183466233,2.0697662830352783,0.40350877192982454,12.299583435058594,7.670013904571533,11.43454360961914,0.7265624776063102,3.117217779159546,0.2982456140350877,5.78928804397583,0.0,0.0,0.0
22,192.03244018554688,0.319528914496327,118.66449109941232,4.79022741317749,7.311314582824707,0.7549919883655598,2.045116662979126,0.42105263157894735,12.250127792358398,7.585659503936768,11.420084953308105,0.7272535647887783,3.080775499343872,0.2807017543859649,5.8259992599487305,0.0,0.0,0.0
23,183.6273651123047,0.3173547452510812,117.90879340406241,4.745508193969727,7.276196002960205,0.7573400392081262,2.020909070968628,0.42105263157894735,12.200819969177246,7.492306232452393,11.398751258850098,0.7282715998424631,3.0433132648468018,0.2807017543859649,5.867728233337402,0.0,0.0,0.0
24,175.75379943847656,0.3149540949732205,117.06372487649969,4.687897205352783,7.2393341064453125,0.7597925102506125,1.9934028387069702,0.43859649122807015,12.15322494506836,7.395534515380859,11.371522903442383,0.7295682482272796,3.005235195159912,0.3333333333333333,5.91504430770874,0.0,0.0,0.0
25,168.4130859375,0.3125113955222747,116.19920943373677,4.627516746520996,7.202558994293213,0.7622267435856864,1.9650447368621826,0.45614035087719296,12.109482765197754,7.290085792541504,11.342164993286133,0.7309627839089909,2.9662024974823,0.3157894736842105,5.967462539672852,0.0,0.0,0.0
26,161.5928192138672,0.31002180324844303,115.31358207216181,4.573223114013672,7.165788650512695,0.7646483145727724,1.9379620552062988,0.47368421052631576,12.070374488830566,7.196385383605957,11.310619354248047,0.7324572491921073,2.926058053970337,0.3333333333333333,6.026065826416016,0.0,0.0,0.0
27,155.28619384765625,0.3074861306885569,114.40623583643242,4.514501571655273,7.129215717315674,0.7670445804954296,1.9086003303527832,0.47368421052631576,12.037213325500488,7.11161994934082,11.276570320129395,0.7340655998241181,2.890617609024048,0.3157894736842105,6.089469909667969,0.0,0.0,0.0
28,149.463134765625,0.30504074144017324,113.5332153820384,4.452087879180908,7.093357563018799,0.7693820891971129,1.8777868747711182,0.49122807017543857,12.009198188781738,7.062472343444824,11.244331359863281,0.7355840173978547,2.860954761505127,0.3333333333333333,6.156831741333008,0.0,0.0,0.0
29,144.0828094482422,0.30269877802475176,112.70414390678843,4.395532608032227,7.057415962219238,0.771713217645934,1.8484236001968384,0.5087719298245614,11.98604965209961,7.043919563293457,11.215794563293457,0.7369244140950828,2.8341643810272217,0.3508771929824561,6.2270283699035645,0.0,0.0,0.0
30,139.0926971435547,0.30045916367099734,111.91702532352087,4.346803665161133,7.021703243255615,0.7740177649797539,1.8193248510360718,0.5263157894736842,11.966654777526855,7.042810916900635,11.19041633605957,0.7381136085987183,2.8126018047332764,0.3508771929824561,6.30066442489624,0.0,0.0,0.0
31,134.43597412109375,0.29844484096089063,111.21661472603296,4.3086347579956055,6.987880229949951,0.7761896030540405,1.7919013500213623,0.543859649122807,11.952540397644043,7.053282737731934,11.170151710510254,0.7390612378916424,2.7916805744171143,0.3333333333333333,6.379147529602051,0.0,0.0,0.0
32,130.08486938476562,0.2965533019022283,110.56266889272638,4.289680480957031,6.955190658569336,0.7782787137881387,1.7673622369766235,0.5614035087719298,11.943449020385742,7.073095321655273,11.152398109436035,0.739890055223914,2.770289659500122,0.3333333333333333,6.463242053985596,0.0,0.0,0.0
33,126.01484680175781,0.294785830838903,109.95787235888929,4.272855758666992,6.923208236694336,0.7803131310315475,1.7451574802398682,0.5789473684210527,11.938671112060547,7.099698066711426,11.137958526611328,0.7405631737096792,2.7502801418304443,0.3508771929824561,6.551947116851807,0.0,0.0,0.0
34,122.20054626464844,0.29308946335870983,109.38008969788166,4.255335330963135,6.8918137550354,0.7823010215079306,1.7235372066497803,0.5964912280701754,11.937454223632812,7.122061729431152,11.125016212463379,0.7411657610300209,2.733157157897949,0.3508771929824561,6.646839141845703,0.0,0.0,0.0
35,118.63510131835938,0.2915044447459866,108.84038159718466,4.240283966064453,6.862318992614746,0.7841603842443483,1.7012622356414795,0.5964912280701754,11.938799858093262,7.141210556030273,11.112961769104004,0.7417263557032321,2.7162647247314453,0.3333333333333333,6.748373508453369,0.0,0.0,0.0
36,115.29634094238281,0.2902194116038405,108.41135058746136,4.221500396728516,6.836521625518799,0.7857801439463572,1.6782675981521606,0.6140350877192983,11.941542625427246,7.15725564956665,11.10615348815918,0.7420427158379066,2.700793743133545,0.3333333333333333,6.856967449188232,0.0,0.0,0.0
37,112.17411804199219,0.2892361223292333,108.09813285865448,4.1993279457092285,6.813540458679199,0.7872179388367366,1.6547513008117676,0.631578947368421,11.945219039916992,7.185699462890625,11.106196403503418,0.7420407093632997,2.686741352081299,0.3333333333333333,6.973607540130615,0.0,0.0,0.0
38,109.26527404785156,0.28839049508950904,107.83701282996117,4.1738481521606445,6.791971206665039,0.7885629942978207,1.6327780485153198,0.6666666666666666,11.94892406463623,7.23039436340332,11.109107971191406,0.7419054514768513,2.674023389816284,0.3333333333333333,7.095598220825195,0.0,0.0,0.0
39,106.55650329589844,0.28762581355049155,107.60255177817089,4.146917343139648,6.772054672241211,0.7898011952471239,1.6130281686782837,0.6666666666666666,11.949151992797852,7.263640880584717,11.112319946289062,0.7417561840980582,2.657085657119751,0.3333333333333333,7.222403526306152,0.0,0.0,0.0
40,104.02923583984375,0.28696985324598967,107.40065300912488,4.117600440979004,6.755087375640869,0.7908531713390403,1.593225359916687,0.6842105263157895,11.944997787475586,7.279881477355957,11.114805221557617,0.7416406505735937,2.6346113681793213,0.3157894736842105,7.353127956390381,0.0,0.0,0.0
41,101.66752624511719,0.28625947284608466,107.16848940001432,4.088656425476074,6.73954439163208,0.7918145282087665,1.5763190984725952,0.7017543859649122,11.935656547546387,7.279683589935303,11.112788200378418,0.7417344174315634,2.6075403690338135,0.3157894736842105,7.487286567687988,0.0,0.0,0.0
42,99.46143341064453,0.2855215616822435,106.9187046844072,4.061655521392822,6.725202560424805,0.7926996165173557,1.5604244470596313,0.7017543859649122,11.92136287689209,7.264386177062988,11.107686996459961,0.7419714859893611,2.5757036209106445,0.3157894736842105,7.623452186584473,0.0,0.0,0.0
43,97.39636993408203,0.28460640937916043,106.5912679495259,4.038330078125,6.711152076721191,0.7935649162262983,1.5456829071044922,0.7192982456140351,11.902325630187988,7.233668327331543,11.095197677612305,0.742551392980664,2.5399727821350098,0.2982456140350877,7.760072708129883,0.0,0.0,0.0
44,95.4666748046875,0.2834714671345928,106.1714970357632,4.012346267700195,6.6966233253479,0.7944577589960584,1.531043291091919,0.7192982456140351,11.878028869628906,7.188096046447754,11.074902534484863,0.7434923937414044,2.505080223083496,0.3684210526315789,7.894433975219727,0.0,0.0,0.0
45,93.67158508300781,0.2820238568306819,105.62189747117077,3.98986554145813,6.681095600128174,0.795409849775474,1.5173085927963257,0.7192982456140351,11.847748756408691,7.128961086273193,11.043990135192871,0.7449223293679662,2.4722607135772705,0.40350877192982454,8.025773048400879,0.0,0.0,0.0
46,91.99859619140625,0.28036971796471205,104.98543651132263,3.969454288482666,6.6651291847229,0.7963865388836168,1.504689335823059,0.7368421052631579,11.813102722167969,7.063592433929443,11.00558853149414,0.7466931148683782,2.445204973220825,0.43859649122807015,8.152934074401855,0.0,0.0,0.0
47,90.43585205078125,0.27852831448113347,104.27412885679246,3.945918083190918,6.647913455963135,0.7974370426094881,1.493131399154663,0.7543859649122807,11.775187492370605,7.013361930847168,10.961694717407227,0.74870962184833,2.4206857681274414,0.45614035087719296,8.276429176330566,0.0,0.0,0.0
48,88.98069763183594,0.27659812949418777,103.52907137079137,3.919722080230713,6.629701614379883,0.7985453416105172,1.4816254377365112,0.7543859649122807,11.735231399536133,6.970757961273193,10.915688514709473,0.7508145212006974,2.397918939590454,0.47368421052631576,8.395407676696777,0.0,0.0,0.0
49,87.61549377441406,0.27461345730985154,102.7615220699372,3.8943889141082764,6.611240386962891,0.7996657336446635,1.4707858562469482,0.7719298245614035,11.694808006286621,6.925105571746826,10.867660522460938,0.7530024921847814,2.374025583267212,0.47368421052631576,8.510632514953613,0.0,0.0,0.0
50,86.31838989257812,0.2725961441598066,101.98400705503946,3.8669700622558594,6.591843605041504,0.8008395234873795,1.4599745273590088,0.7894736842105263,11.653916358947754,6.884997367858887,10.819575309753418,0.7551834046778376,2.3504931926727295,0.47368421052631576,8.621697425842285,0.0,0.0,0.0
51,85.07463073730469,0.2706230255078442,101.22479148877233,3.847201108932495,6.572539806365967,0.802004282818352,1.4508843421936035,0.8070175438596491,11.613018035888672,6.844306945800781,10.772790908813477,0.7572960253744512,2.3263893127441406,0.47368421052631576,8.730685234069824,0.0,0.0,0.0
52,83.86172485351562,0.2687689554651187,100.51316999701544,3.8275306224823,6.553957462310791,0.8031222601721844,1.4419679641723633,0.8070175438596491,11.571582794189453,6.803851127624512,10.729288101196289,0.7592522306264844,2.3022942543029785,0.47368421052631576,8.837397575378418,0.0,0.0,0.0
53,82.6710205078125,0.26698448106459993,99.83184606818645,3.8074991703033447,6.5352349281311035,0.8042455184122319,1.4329437017440796,0.8070175438596491,11.530659675598145,6.764749526977539,10.688549995422363,0.7610769401319573,2.2784948348999023,0.47368421052631576,8.942137718200684,0.0,0.0,0.0
54,81.49905395507812,0.2652239450239294,99.16411331677773,3.7866361141204834,6.515729904174805,0.8054122605294786,1.4237159490585327,0.8070175438596491,11.490182876586914,6.726991653442383,10.649824142456055,0.7628050880469721,2.2552101612091064,0.47368421052631576,9.04404067993164,0.0,0.0,0.0
55,80.3459243774414,0.26347924612498647,98.50483085229894,3.7641069889068604,6.495802402496338,0.8066006955064566,1.414254903793335,0.8070175438596491,11.448370933532715,6.690450668334961,10.612198829650879,0.764478147485056,2.2336244583129883,0.49122807017543857,9.141758918762207,0.0,0.0,0.0
56,79.21561431884766,0.2617186865269473,97.8408467220404,3.7399797439575195,6.475345134735107,0.8078169091228193,1.404657244682312,0.8070175438596491,11.404363632202148,6.658471584320068,10.574568748474121,0.7661454920535007,2.2134032249450684,0.49122807017543857,9.235381126403809,0.0,0.0,0.0
57,78.1144027709961,0.2600193954515826,97.20142960165367,3.716122627258301,6.45521354675293,0.8090100360395944,1.3952734470367432,0.8070175438596491,11.359427452087402,6.628705024719238,10.538657188415527,0.7677311265265689,2.1955461502075195,0.49122807017543857,9.324967384338379,0.0,0.0,0.0
58,77.04438018798828,0.2583992375185172,96.59447555676775,3.692044496536255,6.435361385345459,0.8101829620942307,1.385994791984558,0.8245614035087719,11.314623832702637,6.5995001792907715,10.505293846130371,0.7691994180650361,2.1795430183410645,0.49122807017543857,9.409272193908691,0.0,0.0,0.0
59,76.00403594970703,0.25688712371928846,96.02960895207889,3.668285608291626,6.416417121887207,0.8112988585040526,1.377043604850769,0.8245614035087719,11.26905345916748,6.570798873901367,10.474655151367188,0.7705437560516708,2.164525032043457,0.5087719298245614,9.488296508789062,0.0,0.0,0.0
60,74.99471282958984,0.2554603343706513,95.49724288894913,3.646878957748413,6.398349761962891,0.8123600614231851,1.3686875104904175,0.8245614035087719,11.220941543579102,6.545869827270508,10.445895195007324,0.77180203060963,2.151083469390869,0.5263157894736842,9.56041431427002,0.0,0.0,0.0
61,74.01116180419922,0.2541477407887207,95.00800887425999,3.6258842945098877,6.381565570831299,0.8133431896788318,1.3606775999069214,0.8421052631578947,11.171202659606934,6.520377159118652,10.419561386108398,0.7729511493659826,2.1404776573181152,0.5087719298245614,9.624547958374023,0.0,0.0,0.0
62,73.05010986328125,0.2529818467674433,94.57406655835075,3.6046535968780518,6.366481781005859,0.8142245479934399,1.3530586957931519,0.8421052631578947,11.120072364807129,6.494118690490723,10.396343231201172,0.7739618751193136,2.1321401596069336,0.543859649122807,9.677233695983887,0.0,0.0,0.0
63,72.10566711425781,0.2519436431509108,94.18964223291732,3.5825138092041016,6.352569580078125,0.8150355861057331,1.3454928398132324,0.8421052631578947,11.068132400512695,6.467172145843506,10.376367568969727,0.7748296753868054,2.124324083328247,0.543859649122807,9.719778060913086,0.0,0.0,0.0
64,71.177001953125,0.2510450242822747,93.85819790975484,3.560497522354126,6.3402099609375,0.8157546111559801,1.3381571769714355,0.8421052631578947,11.015719413757324,6.440267086029053,10.359530448913574,0.775559817164301,2.117366075515747,0.5263157894736842,9.753141403198242,0.0,0.0,0.0
65,70.26300048828125,0.2502775316996123,93.5759295357384,3.5399422645568848,6.329450607299805,0.8163794244108867,1.3311413526535034,0.8421052631578947,10.96416187286377,6.414688587188721,10.34543228149414,0.7761702691485037,2.1107237339019775,0.5263157894736842,9.781496047973633,0.0,0.0,0.0
66,69.36429595947266,0.24965931501742308,93.34992973171279,3.5233802795410156,6.320459842681885,0.8169006812539533,1.3248822689056396,0.8421052631578947,10.914083480834961,6.391941070556641,10.334574699401855,0.7766398558663298,2.1048853397369385,0.543859649122807,9.804511070251465,0.0,0.0,0.0
67,68.48664093017578,0.24919427045854498,93.18317812763235,3.509098529815674,6.312948226928711,0.8173356378152287,1.3190473318099976,0.8421052631578947,10.865710258483887,6.37379264831543,10.327619552612305,0.7769404150134749,2.1001925468444824,0.543859649122807,9.821674346923828,0.0,0.0,0.0
68,67.62713623046875,0.24892063004619375,93.08955350765973,3.4977636337280273,6.307500839233398,0.8176507437804313,1.313786506652832,0.8245614035087719,10.819743156433105,6.362040042877197,10.325210571289062,0.7770444471388532,2.0969865322113037,0.543859649122807,9.833574295043945,0.0,0.0,0.0
69,66.78518676757812,0.24879947340463263,93.05473201279233,3.4891762733459473,6.303576946258545,0.8178775470460214,1.3091506958007812,0.8421052631578947,10.776825904846191,6.354999542236328,10.326630592346191,0.7769831421736312,2.094898223876953,0.5263157894736842,9.840620994567871,0.0,0.0,0.0
70,65.95823669433594,0.24882394341460257,93.07630115062602,3.483208417892456,6.301057815551758,0.8180231149690156,1.305022120475769,0.8421052631578947,10.736735343933105,6.354125022888184,10.331792831420898,0.776760118938082,2.0942165851593018,0.5263157894736842,9.843249320983887,0.0,0.0,0.0
71,65.14363098144531,0.24893860360667225,93.13180702519344,3.4793200492858887,6.2996344566345215,0.8181053122574277,1.3012070655822754,0.8421052631578947,10.699058532714844,6.360665798187256,10.338898658752441,0.7764529133438014,2.0961453914642334,0.5263157894736842,9.84186840057373,0.0,0.0,0.0
72,64.34184265136719,0.24907224143252488,93.19308041736213,3.4767343997955322,6.298754692077637,0.8181561187017579,1.297571063041687,0.8421052631578947,10.662510871887207,6.368157863616943,10.345894813537598,0.776150276062242,2.098762035369873,0.543859649122807,9.835823059082031,0.0,0.0,0.0
73,63.553951263427734,0.24919852677326068,93.24862202263898,3.474757671356201,6.298461437225342,0.8181730410955032,1.2942140102386475,0.8596491228070176,10.625871658325195,6.375136852264404,10.351618766784668,0.7759025122781914,2.103459119796753,0.5614035087719298,9.824678421020508,0.0,0.0,0.0
74,62.78357696533203,0.24920044299861416,93.25134639856788,3.4717297554016113,6.298027992248535,0.8181980516867229,1.290850043296814,0.8596491228070176,10.58638858795166,6.3783278465271,10.352409362792969,0.7758682947201627,2.1073696613311768,0.5614035087719298,9.807727813720703,0.0,0.0,0.0
75,62.02934646606445,0.2489985682817783,93.16937140279515,3.466362476348877,6.296943664550781,0.8182606566909614,1.2872270345687866,0.8596491228070176,10.542349815368652,6.374966144561768,10.345808029174805,0.7761540382021299,2.1099047660827637,0.5614035087719298,9.783941268920898,0.0,0.0,0.0
76,61.295135498046875,0.2486188320382054,93.01300556341721,3.4592249393463135,6.295397758483887,0.8183498820732955,1.2833733558654785,0.8596491228070176,10.494932174682617,6.365684509277344,10.33256721496582,0.7767266179781271,2.1112518310546875,0.5789473684210527,9.755245208740234,0.0,0.0,0.0
77,60.577308654785156,0.24806276976151492,92.78402302077075,3.4502665996551514,6.293135643005371,0.8184804122310821,1.2792311906814575,0.8596491228070176,10.443650245666504,6.35110330581665,10.313143730163574,0.7775652527040111,2.111448049545288,0.5789473684210527,9.723240852355957,0.0,0.0,0.0
78,59.872650146484375,0.24734935411190698,92.49188739605734,3.4395503997802734,6.289856910705566,0.8186694836628227,1.2747628688812256,0.8596491228070176,10.389430046081543,6.332034111022949,10.288788795471191,0.778614621008477,2.1105306148529053,0.5789473684210527,9.68813419342041,0.0,0.0,0.0
79,59.18111038208008,0.24652969422079646,92.15782310373606,3.4293947219848633,6.285727500915527,0.8189075161734503,1.2703149318695068,0.8596491228070176,10.333834648132324,6.309817314147949,10.261330604553223,0.7797946788866703,2.1088390350341797,0.5789473684210527,9.650135040283203,0.0,0.0,0.0
80,58.502845764160156,0.24566907623414957,91.80733510096888,3.420954704284668,6.281327247619629,0.8191609790802306,1.2660456895828247,0.8596491228070176,10.277657508850098,6.2860426902771,10.232522964477539,0.7810293415380947,2.1072440147399902,0.5614035087719298,9.610939025878906,0.0,0.0,0.0
81,57.83901596069336,0.24478503993348386,91.44881721065781,3.4125728607177734,6.276459217071533,0.8194411605228431,1.2616773843765259,0.8596491228070176,10.220388412475586,6.263015270233154,10.203418731689453,0.7822732124747686,2.105604648590088,0.5614035087719298,9.572224617004395,0.0,0.0,0.0
82,57.18867492675781,0.24388875677687616,91.08814913541119,3.4041457176208496,6.270874977111816,0.8197622933730571,1.2572163343429565,0.8771929824561403,10.163093566894531,6.244140625,10.174898147583008,0.7834886702978124,2.1047275066375732,0.543859649122807,9.535330772399902,0.0,0.0,0.0
83,56.5526237487793,0.24300887377088504,90.73645876925048,3.3958137035369873,6.264842987060547,0.8201088883400781,1.2527275085449219,0.8771929824561403,10.104911804199219,6.226668834686279,10.14772891998291,0.7846434143490452,2.1038601398468018,0.543859649122807,9.500864028930664,0.0,0.0,0.0
84,55.928924560546875,0.2421813556368811,90.408701342016,3.3878917694091797,6.2584757804870605,0.8204743492240238,1.2490655183792114,0.8771929824561403,10.047340393066406,6.211721420288086,10.123258590698242,0.7856807796357732,2.103242874145508,0.543859649122807,9.469846725463867,0.0,0.0,0.0
85,55.31724548339844,0.24138472964860014,90.09513440323735,3.379190444946289,6.251891136169434,0.8208519227726341,1.245404839515686,0.8771929824561403,9.989423751831055,6.19779634475708,10.100395202636719,0.7866477929065963,2.1027584075927734,0.5263157894736842,9.43990707397461,0.0,0.0,0.0
86,54.71497344970703,0.24067889641412366,89.82012100523275,3.3714048862457275,6.24540376663208,0.8212235283308749,1.242221713066101,0.8421052631578947,9.932232856750488,6.1866631507873535,10.081175804138184,0.7874589281813945,2.1030540466308594,0.5087719298245614,9.412285804748535,0.0,0.0,0.0
87,54.12224578857422,0.24002290135057375,89.56665160086504,3.3637688159942627,6.238879203796387,0.8215968614652751,1.239780068397522,0.8245614035087719,9.876232147216797,6.17681884765625,10.064098358154297,0.7881784284774929,2.103747606277466,0.49122807017543857,9.386842727661133,0.0,0.0,0.0
88,53.53809356689453,0.23945068381656653,89.34672602019828,3.357404947280884,6.232912063598633,0.821937959599061,1.2376166582107544,0.8245614035087719,9.82162857055664,6.1688618659973145,10.049630165100098,0.7887870173067034,2.104811191558838,0.49122807017543857,9.363880157470703,0.0,0.0,0.0
89,52.962554931640625,0.2389694557406687,89.16246734146034,3.352104902267456,6.227728843688965,0.822233983700319,1.2356317043304443,0.8245614035087719,9.768461227416992,6.16312837600708,10.037714958190918,0.7892875610613219,2.106283664703369,0.47368421052631576,9.342403411865234,0.0,0.0,0.0
90,52.39850997924805,0.23849911384471534,88.98035625094485,3.347761631011963,6.223124980926514,0.8224967126974099,1.2338778972625732,0.8245614035087719,9.714981079101562,6.1563401222229,10.025275230407715,0.7898095131833981,2.1074864864349365,0.47368421052631576,9.320503234863281,0.0,0.0,0.0
91,51.84175109863281,0.2379782843535183,88.77660369812725,3.342318058013916,6.218506336212158,0.8227601091671081,1.232011079788208,0.8245614035087719,9.659964561462402,6.147152900695801,10.010672569274902,0.7904213983637486,2.107893466949463,0.47368421052631576,9.296950340270996,0.0,0.0,0.0
92,51.294456481933594,0.23739503987498028,88.54546414141873,3.3353030681610107,6.214016437530518,0.8230159671226551,1.2300291061401367,0.8245614035087719,9.601186752319336,6.134629249572754,9.993144035339355,0.7911546752578177,2.1073215007781982,0.47368421052631576,9.270912170410156,0.0,0.0,0.0
93,50.75649642944336,0.2367274572349206,88.27721074731994,3.3272950649261475,6.209726810455322,0.8232602228337668,1.2280365228652954,0.8245614035087719,9.538652420043945,6.117354869842529,9.971610069274902,0.792053772946187,2.1053109169006348,0.47368421052631576,9.242475509643555,0.0,0.0,0.0
94,50.22504425048828,0.23605582709818732,88.0040918555901,3.320549249649048,6.206157684326172,0.823463330821804,1.226338267326355,0.8245614035087719,9.4741792678833,6.098184108734131,9.948637962341309,0.7930107896738791,2.102625846862793,0.47368421052631576,9.21300983428955,0.0,0.0,0.0
95,49.704017639160156,0.2354116139707174,87.7383597689684,3.313660144805908,6.203603267669678,0.8236086042715891,1.2247364521026611,0.8070175438596491,9.408872604370117,6.077495574951172,9.92508602142334,0.7939896447278734,2.09940767288208,0.47368421052631576,9.182710647583008,0.0,0.0,0.0
96,49.19013214111328,0.23476219212696947,87.46829933132926,3.306234359741211,6.201531887054443,0.8237263739236513,1.223222017288208,0.8070175438596491,9.34371280670166,6.054953575134277,9.900434494018555,0.7950117643905792,2.0956170558929443,0.45614035087719296,9.151222229003906,0.0,0.0,0.0
97,48.68259811401367,0.23412513446802105,87.2011391515432,3.298795700073242,6.200018405914307,0.8238124189953281,1.2216908931732178,0.8070175438596491,9.278716087341309,6.031643390655518,9.875313758850098,0.796050688278118,2.0915160179138184,0.45614035087719296,9.118643760681152,0.0,0.0,0.0
98,48.18125915527344,0.2335237157906948,86.94677749480138,3.291308641433716,6.199086666107178,0.8238653652783106,1.220278024673462,0.7894736842105263,9.214399337768555,6.008602619171143,9.850695610046387,0.7970662510684478,2.087329626083374,0.45614035087719296,9.08560848236084,0.0,0.0,0.0
99,47.68476867675781,0.23295768680540496,86.70488814328746,3.283276319503784,6.198787689208984,0.8238823661982448,1.218902349472046,0.7894736842105263,9.151094436645508,5.985653877258301,9.826486587524414,0.7980625015406859,2.0826287269592285,0.45614035087719296,9.055243492126465,0.0,0.0,0.0
100,47.19520568847656,0.2323554999819813,86.44888051305202,3.274045705795288,6.198160648345947,0.8239179778249894,1.2173129320144653,0.7894736842105263,9.0897855758667,5.961021423339844,9.801192283630371,0.7991007804899581,2.077028512954712,0.45614035087719296,9.026973724365234,0.0,0.0,0.0
101,46.714725494384766,0.23169665286341976,86.17110849446067,3.26458477973938,6.196936130523682,0.8239875520285082,1.2156213521957397,0.7894736842105263,9.031046867370605,5.934207439422607,9.77436351776123,0.8001990924428714,2.0704689025878906,0.45614035087719296,9.000509262084961,0.0,0.0,0.0
102,46.24089813232422,0.23100359794724354,85.88121464832943,3.2550246715545654,6.195114612579346,0.8240910102826118,1.2138359546661377,0.7894736842105263,8.974478721618652,5.9065680503845215,9.746975898742676,0.801317200417576,2.0633113384246826,0.45614035087719296,8.977163314819336,0.0,0.0,0.0
103,45.77444839477539,0.23031982966772885,85.59503884525884,3.246060848236084,6.193355560302734,0.8241908955951127,1.2120983600616455,0.7894736842105263,8.919905662536621,5.878283500671387,9.719813346862793,0.8024230187353133,2.0555319786071777,0.45614035087719296,8.956883430480957,0.0,0.0,0.0
104,45.31438446044922,0.22966887960762522,85.32277536066636,3.238276720046997,6.191639423370361,0.8242883073326577,1.2104365825653076,0.7894736842105263,8.868917465209961,5.850358963012695,9.693954467773438,0.8034729065733828,2.0473923683166504,0.45614035087719296,8.940481185913086,0.0,0.0,0.0
105,44.8581428527832,0.22907081815146185,85.07084145547401,3.23157000541687,6.1904778480529785,0.8243542496999318,1.2089171409606934,0.7894736842105263,8.82056713104248,5.822868347167969,9.669418334960938,0.8044664877177956,2.0390164852142334,0.45614035087719296,8.926828384399414,0.0,0.0,0.0
106,44.40704345703125,0.22851139062782,84.8350710355844,3.226262092590332,6.189416885375977,0.8244144400238562,1.2075804471969604,0.7894736842105263,8.775134086608887,5.796133041381836,9.646366119384766,0.8053977248297792,2.0306508541107178,0.45614035087719296,8.916265487670898,0.0,0.0,0.0
107,43.96052551269531,0.2279513186066427,84.6014867095696,3.2216572761535645,6.187784194946289,0.8245070616638679,1.2062965631484985,0.7894736842105263,8.731966018676758,5.769536018371582,9.624220848083496,0.806290193985965,2.0222363471984863,0.47368421052631576,8.909065246582031,0.0,0.0,0.0
108,43.51929473876953,0.2273761056777145,84.36415018226239,3.2165329456329346,6.185512065887451,0.8246359231401367,1.2049803733825684,0.7719298245614035,8.690248489379883,5.742968559265137,9.602457046508789,0.8071653035538104,2.013746738433838,0.47368421052631576,8.903801918029785,0.0,0.0,0.0
109,43.08385467529297,0.22677568964974848,84.11814006528652,3.211920738220215,6.182738780975342,0.8247931325706608,1.203751564025879,0.7719298245614035,8.6486177444458,5.716780662536621,9.580384254455566,0.8080508037937275,2.005035400390625,0.47368421052631576,8.90053939819336,0.0,0.0,0.0
110,42.65393829345703,0.22613755196898794,83.85980905591418,3.2066023349761963,6.179061412811279,0.8250015018133661,1.2023710012435913,0.7719298245614035,8.607474327087402,5.6913347244262695,9.558138847351074,0.8089411589855953,1.996434211730957,0.47368421052631576,8.897995948791504,0.0,0.0,0.0
111,42.2274055480957,0.2254691580061153,83.59292955463752,3.1999592781066895,6.174346923828125,0.8252684319615724,1.2006871700286865,0.7719298245614035,8.567570686340332,5.667307376861572,9.536285400390625,0.8098138321199895,1.988065481185913,0.47368421052631576,8.898178100585938,0.0,0.0,0.0
112,41.80168533325195,0.2248334622778575,83.34034068165988,3.1930863857269287,6.169572353363037,0.8255385424204362,1.1989167928695679,0.7719298245614035,8.529590606689453,5.645892143249512,9.51595687866211,0.8106238208378694,1.980635404586792,0.47368421052631576,8.897111892700195,0.0,0.0,0.0
113,41.3779411315918,0.22425027850207563,83.10909262534642,3.1871659755706787,6.165078163146973,0.8257926335367293,1.1972582340240479,0.7719298245614035,8.494145393371582,5.628378868103027,9.49746322631836,0.8113591579514009,1.9746521711349487,0.47368421052631576,8.892136573791504,0.0,0.0,0.0
114,40.95667266845703,0.22372882728420268,82.90196895331019,3.182107448577881,6.161139488220215,0.8260151571250148,1.1957236528396606,0.7719298245614035,8.460747718811035,5.613990306854248,9.480751991271973,0.8120224411286019,1.9699186086654663,0.47368421052631576,8.882832527160645,0.0,0.0,0.0
115,40.54073715209961,0.22326804346197518,82.71665579434944,3.1782495975494385,6.1581902503967285,0.8261816719089442,1.1944283246994019,0.7719298245614035,8.428318977355957,5.600066661834717,9.465024948120117,0.8126455589837607,1.9659361839294434,0.47368421052631576,8.868142127990723,0.0,0.0,0.0
116,40.131072998046875,0.22284192404551706,82.54274613668213,3.1753437519073486,6.15605354309082,0.8263022881353603,1.1933062076568604,0.7719298245614035,8.395962715148926,5.584625720977783,9.449418067932129,0.8132629082244247,1.96213960647583,0.47368421052631576,8.848745346069336,0.0,0.0,0.0
117,39.72533416748047,0.22245408087583973,82.38206103376501,3.1731507778167725,6.154667377471924,0.8263804805881297,1.1923496723175049,0.7719298245614035,8.363395690917969,5.568560600280762,9.43420696258545,0.8138636323897743,1.9586795568466187,0.47368421052631576,8.825593948364258,0.0,0.0,0.0
118,39.32276916503906,0.22209996876702937,82.23253958322584,3.171656608581543,6.154057502746582,0.8264149143220383,1.1915570497512817,0.7719298245614035,8.330516815185547,5.552894592285156,9.41914176940918,0.8144576026182774,1.9556525945663452,0.47368421052631576,8.799722671508789,0.0,0.0,0.0
119,38.925025939941406,0.22177172102927084,82.09141612755298,3.1700279712677,6.154080867767334,0.826413579376824,1.1907850503921509,0.7719298245614035,8.297677040100098,5.536814212799072,9.4041166305542,0.8150491005834255,1.9525032043457031,0.47368421052631576,8.774886131286621,0.0,0.0,0.0
120,38.53118133544922,0.2214147462343001,81.94071563142847,3.169009208679199,6.153459072113037,0.8264486609517924,1.1900535821914673,0.7719298245614035,8.265917778015137,5.5210676193237305,9.388893127441406,0.8156473883153238,1.9494075775146484,0.47368421052631576,8.75220775604248,0.0,0.0,0.0
121,38.13936233520508,0.22103132898982347,81.78112459555541,3.1694955825805664,6.152260780334473,0.826516252369037,1.1894803047180176,0.7719298245614035,8.2355318069458,5.505842208862305,9.373453140258789,0.8162532540718536,1.94632887840271,0.47368421052631576,8.732110977172852,0.0,0.0,0.0
122,37.749263763427734,0.22063730478512744,81.61748209932398,3.169701099395752,6.150944232940674,0.8265904792492582,1.1890357732772827,0.7543859649122807,8.204577445983887,5.490294456481934,9.357709884643555,0.8168699583742511,1.94307541847229,0.47368421052631576,8.71224308013916,0.0,0.0,0.0
123,37.3621711730957,0.22025926952747155,81.4599030467557,3.1700966358184814,6.149815559387207,0.8266541443570492,1.1886423826217651,0.7543859649122807,8.173233985900879,5.474499225616455,9.342341423034668,0.8174709691788302,1.9400416612625122,0.47368421052631576,8.688817024230957,0.0,0.0,0.0
124,36.978206634521484,0.2199072115619884,81.31250556335272,3.170555353164673,6.1489152908325195,0.8267048722751903,1.1882431507110596,0.7543859649122807,8.141790390014648,5.458361625671387,9.327737808227539,0.8180411841811835,1.9371744394302368,0.47368421052631576,8.662511825561523,0.0,0.0,0.0
125,36.59883117675781,0.2195709403394665,81.17185926621892,3.171055316925049,6.148022174835205,0.8267552075623861,1.1878365278244019,0.7543859649122807,8.110641479492188,5.442237377166748,9.313826560974121,0.8185835235184622,1.9345057010650635,0.47368421052631576,8.633992195129395,0.0,0.0,0.0
126,36.225852966308594,0.21921148198586196,81.02343878877764,3.172429084777832,6.146617889404297,0.8268343423294244,1.187531590461731,0.7543859649122807,8.078901290893555,5.42400598526001,9.299734115600586,0.8191320972589837,1.931513786315918,0.47368421052631576,8.60280990600586,0.0,0.0,0.0
127,35.85861587524414,0.2188394666188347,80.8705832511846,3.1743669509887695,6.144989013671875,0.8269261198129035,1.1872997283935547,0.7543859649122807,8.046236991882324,5.404589653015137,9.285439491271973,0.8196876757456777,1.9283257722854614,0.47368421052631576,8.569267272949219,0.0,0.0,0.0
128,35.494903564453125,0.21845768859015058,80.71463520646171,3.1764371395111084,6.143102169036865,0.8270323853782665,1.187077522277832,0.7543859649122807,8.012810707092285,5.384355068206787,9.271130561828613,0.8202429855080938,1.9250459671020508,0.47368421052631576,8.534195899963379,0.0,0.0,0.0
129,35.135162353515625,0.21806607181121204,80.55663762860627,3.1780731678009033,6.140705585479736,0.8271673130026412,1.1867992877960205,0.7719298245614035,7.978982925415039,5.364303112030029,9.257253646850586,0.8207807027877958,1.9221491813659668,0.49122807017543857,8.498200416564941,0.0,0.0,0.0
130,34.77824783325195,0.21767293668802368,80.39999548726018,3.1798174381256104,6.137838363647461,0.827328664689639,1.1866014003753662,0.7719298245614035,7.945514678955078,5.345834255218506,9.244126319885254,0.8212886275025755,1.919836163520813,0.49122807017543857,8.461596488952637,0.0,0.0,0.0
131,34.42512130737305,0.2172554093656534,80.23585452725706,3.182124614715576,6.13427209854126,0.8275292794711733,1.1864181756973267,0.7719298245614035,7.914005279541016,5.330099105834961,9.231095314025879,0.8217920913943451,1.9181725978851318,0.49122807017543857,8.425652503967285,0.0,0.0,0.0
132,34.076622009277344,0.21681826892327402,80.06596148401923,3.185026168823242,6.130077362060547,0.8277650739854122,1.1862436532974243,0.7719298245614035,7.885037422180176,5.318293571472168,9.218255043029785,0.8222875473026389,1.9173091650009155,0.49122807017543857,8.391000747680664,0.0,0.0,0.0
133,33.731964111328125,0.21637974358377107,79.8977353417306,3.188509464263916,6.125349521636963,0.8280306495568571,1.1861070394515991,0.7719298245614035,7.857885360717773,5.313360691070557,9.206283569335938,0.8227488035678558,1.9177801609039307,0.49122807017543857,8.357914924621582,0.0,0.0,0.0
134,33.39239501953125,0.21593271315349588,79.72716882928762,3.1924283504486084,6.120309829711914,0.8283134812583508,1.1859540939331055,0.7719298245614035,7.832075119018555,5.309649467468262,9.194452285766602,0.8232041120690594,1.9184696674346924,0.49122807017543857,8.326116561889648,0.0,0.0,0.0
135,33.05718994140625,0.21548482185002993,79.5557964537918,3.1971492767333984,6.115368366241455,0.8285906198111367,1.1858577728271484,0.7719298245614035,7.806673049926758,5.308236598968506,9.182381629943848,0.823667983917246,1.9194082021713257,0.49122807017543857,8.2957124710083,0.0,0.0,0.0
136,32.724910736083984,0.21504636060086224,79.38666266753194,3.202399969100952,6.110848903656006,0.8288438864024443,1.1858534812927246,0.7719298245614035,7.781280994415283,5.306896209716797,9.169971466064453,0.8241443245719187,1.9201085567474365,0.49122807017543857,8.26711368560791,0.0,0.0,0.0
137,32.39702224731445,0.21459356067891208,79.21082517184323,3.207990884780884,6.106453895568848,0.8290900071105465,1.1859073638916016,0.7719298245614035,7.755173206329346,5.304105758666992,9.156641960144043,0.8246552052537531,1.9200636148452759,0.49122807017543857,8.242194175720215,0.0,0.0,0.0
138,32.07272720336914,0.21407865646479796,79.01074843952688,3.212803363800049,6.101480960845947,0.8293682450299793,1.1858865022659302,0.7543859649122807,7.727351665496826,5.298186302185059,9.141408920288086,0.8252381040420145,1.9189039468765259,0.49122807017543857,8.219578742980957,0.0,0.0,0.0
139,31.751399993896484,0.21349768326766366,78.78451058945961,3.2169480323791504,6.095980167388916,0.8296757732179365,1.185865879058838,0.7543859649122807,7.697501182556152,5.289348602294922,9.123983383178711,0.8259037519928593,1.9166518449783325,0.49122807017543857,8.199100494384766,0.0,0.0,0.0
140,31.432785034179688,0.21290625935801838,78.5555434981693,3.2208564281463623,6.090059280395508,0.8300064862632175,1.1858234405517578,0.7368421052631579,7.668259143829346,5.281814098358154,9.106780052185059,0.826559654209899,1.914840579032898,0.49122807017543857,8.178157806396484,0.0,0.0,0.0
141,31.120115280151367,0.2123123574634743,78.32915000910816,3.224458932876587,6.083273887634277,0.8303850610207384,1.1857112646102905,0.7368421052631579,7.640323162078857,5.277313709259033,9.09097671508789,0.8271610770583706,1.9139928817749023,0.47368421052631576,8.157917022705078,0.0,0.0,0.0
142,30.81149673461914,0.2117463839640995,78.11466264996625,3.2279233932495117,6.076502799987793,0.830762438253876,1.1855989694595337,0.7368421052631579,7.612701416015625,5.276008129119873,9.076428413391113,0.8277138249826727,1.9141888618469238,0.47368421052631576,8.138922691345215,0.0,0.0,0.0
143,30.50598907470703,0.21120306502548072,77.90975941800616,3.230923652648926,6.069759368896484,0.831137871963834,1.1854097843170166,0.7368421052631579,7.584726333618164,5.276446342468262,9.062867164611816,0.8282282707399248,1.9148929119110107,0.49122807017543857,8.120253562927246,0.0,0.0,0.0
144,30.202924728393555,0.21065452490009992,77.70346721650048,3.2328789234161377,6.062806129455566,0.8315245152872821,1.1850700378417969,0.7368421052631579,7.556970596313477,5.277005195617676,9.049403190612793,0.8287382556741669,1.9157277345657349,0.49122807017543857,8.101491928100586,0.0,0.0,0.0
145,29.903270721435547,0.21008445131194237,77.48900005917494,3.2336931228637695,6.05558967590332,0.8319253522194053,1.1847765445709229,0.7192982456140351,7.52863073348999,5.275699615478516,9.035356521606445,0.8292695235712038,1.91611647605896,0.47368421052631576,8.082832336425781,0.0,0.0,0.0
146,29.60694122314453,0.20948525680059557,77.2626222444726,3.233455181121826,6.048222064971924,0.8323340810335302,1.1843764781951904,0.7192982456140351,7.49871826171875,5.27178955078125,9.020158767700195,0.8298433932237339,1.9158660173416138,0.47368421052631576,8.064410209655762,0.0,0.0,0.0
147,29.31332778930664,0.20889998132438503,77.04003208752374,3.232966661453247,6.0413665771484375,0.8327139711047182,1.1839570999145508,0.7192982456140351,7.467371940612793,5.265981674194336,9.004656791687012,0.8304277610380468,1.9151588678359985,0.47368421052631576,8.045440673828125,0.0,0.0,0.0
148,29.021984100341797,0.20834883863602532,76.82966072417935,3.2328438758850098,6.035085201263428,0.833061645806839,1.1836602687835693,0.7192982456140351,7.435483932495117,5.260149002075195,8.989706039428711,0.8309903621858649,1.9145543575286865,0.47368421052631576,8.026632308959961,0.0,0.0,0.0
149,28.733409881591797,0.20780727292441903,76.6216606457208,3.2328104972839355,6.029212474822998,0.8333863712302031,1.18342924118042,0.7192982456140351,7.402020454406738,5.253332138061523,8.97443675994873,0.831564016858973,1.9134747982025146,0.47368421052631576,8.006942749023438,0.0,0.0,0.0
150,28.44647216796875,0.207280053240993,76.41760169367763,3.2330644130706787,6.023863792419434,0.8336818652796848,1.183263897895813,0.7192982456140351,7.3672919273376465,5.246487617492676,8.958868980407715,0.832147883054634,1.9121243953704834,0.47368421052631576,7.986984729766846,0.0,0.0,0.0
151,28.162395477294922,0.20677005004915844,76.21912468615687,3.2334320545196533,6.0189433097839355,0.8339534481045937,1.1831356287002563,0.7192982456140351,7.331401824951172,5.239919185638428,8.943315505981445,0.8327302085644362,1.9105981588363647,0.45614035087719296,7.96832275390625,0.0,0.0,0.0
152,27.882614135742188,0.20627120167933116,76.02250133857956,3.233764171600342,6.014720439910889,0.8341863567813843,1.1830092668533325,0.7192982456140351,7.293664932250977,5.231476306915283,8.926997184753418,0.8333400514402761,1.908259391784668,0.45614035087719296,7.948769569396973,0.0,0.0,0.0
153,27.606199264526367,0.20578247481159037,75.8304056237996,3.232710838317871,6.010451793670654,0.8344216408753943,1.1826289892196655,0.7192982456140351,7.253874778747559,5.221118450164795,8.911214828491211,0.8339288084177916,1.9051706790924072,0.45614035087719296,7.928252220153809,0.0,0.0,0.0
154,27.332216262817383,0.2052989312646496,75.6407095858317,3.230319023132324,6.006138801574707,0.8346591825973401,1.1819865703582764,0.7192982456140351,7.2121806144714355,5.209721565246582,8.895730018615723,0.8345054548878581,1.9015510082244873,0.45614035087719296,7.907446384429932,0.0,0.0,0.0
155,27.061885833740234,0.20482943718387667,75.45693494701845,3.2270727157592773,6.001850128173828,0.8348952323216935,1.1811507940292358,0.7192982456140351,7.169570446014404,5.198202133178711,8.880847930908203,0.8350587402607156,1.897722601890564,0.45614035087719296,7.886655807495117,0.0,0.0,0.0
156,26.794879913330078,0.20439716878065228,75.28679436293896,3.224097728729248,5.9981231689453125,0.8351002053067214,1.1803562641143799,0.7192982456140351,7.126670837402344,5.186901569366455,8.866714477539062,0.8355833079657615,1.8939043283462524,0.49122807017543857,7.8665876388549805,0.0,0.0,0.0
157,26.531578063964844,0.20397511612685224,75.1199760439074,3.2212743759155273,5.994649410247803,0.8352911613669995,1.1796071529388428,0.7192982456140351,7.083862781524658,5.174468517303467,8.852587699890137,0.8361067828587447,1.8899250030517578,0.49122807017543857,7.846484661102295,0.0,0.0,0.0
158,26.273845672607422,0.2035339542291682,74.94555027953061,3.2179667949676514,5.991029262542725,0.835490028940827,1.1788136959075928,0.7192982456140351,7.040376663208008,5.159872531890869,8.837773323059082,0.8366548728955665,1.8853098154067993,0.49122807017543857,7.826024532318115,0.0,0.0,0.0
159,26.018478393554688,0.2031031100081871,74.77443866489625,3.2152304649353027,5.987675189971924,0.8356741924857505,1.1782833337783813,0.7017543859649122,6.997174263000488,5.14603853225708,8.822945594787598,0.8372025329735437,1.8808374404907227,0.49122807017543857,7.807011127471924,0.0,0.0,0.0
160,25.766698837280273,0.2026677075856529,74.60159936251534,3.212803363800049,5.984263896942139,0.8358613596574059,1.1778746843338013,0.7192982456140351,6.954319000244141,5.133686065673828,8.807971954345703,0.8377546180446275,1.8766149282455444,0.49122807017543857,7.79067850112915,0.0,0.0,0.0
161,25.517051696777344,0.2022457507671836,74.43384332471533,3.2111167907714844,5.981017112731934,0.836039417791129,1.1776450872421265,0.7192982456140351,6.912203788757324,5.122970104217529,8.79332447052002,0.8382938043503809,1.8728268146514893,0.5087719298245614,7.775171756744385,0.0,0.0,0.0
162,25.26922607421875,0.20184714898324646,74.27510741881451,3.210332155227661,5.9780120849609375,0.8362041559200305,1.1776384115219116,0.7192982456140351,6.870231628417969,5.112997531890869,8.779348373413086,0.8388074081048962,1.8693125247955322,0.5087719298245614,7.760007858276367,0.0,0.0,0.0
163,25.023529052734375,0.20143161009324345,74.11009851373842,3.2101736068725586,5.974764347076416,0.8363820766329226,1.177740454673767,0.7192982456140351,6.827653408050537,5.1033806800842285,8.764963150024414,0.8393352363311783,1.865803837776184,0.5087719298245614,7.7457356452941895,0.0,0.0,0.0
164,24.77971649169922,0.2009833102863824,73.93269677612034,3.2096309661865234,5.9711103439331055,0.8365821417311334,1.177738070487976,0.7192982456140351,6.783330917358398,5.092514991760254,8.749690055847168,0.8398946844474714,1.8618080615997314,0.5087719298245614,7.731501579284668,0.0,0.0,0.0
165,24.53764533996582,0.20052352372935284,73.75126028492195,3.208918809890747,5.96723747253418,0.8367940348365732,1.1776697635650635,0.7192982456140351,6.738181114196777,5.081439018249512,8.734224319458008,0.8404601699025369,1.8577152490615845,0.5087719298245614,7.716562271118164,0.0,0.0,0.0
166,24.297607421875,0.20003773544909204,73.5612818817524,3.2077932357788086,5.962728977203369,0.8370405972544889,1.1774441003799438,0.7192982456140351,6.692750453948975,5.068976879119873,8.71861743927002,0.8410297937114792,1.8533803224563599,0.5087719298245614,7.698488235473633,0.0,0.0,0.0
167,24.059816360473633,0.1995667319925079,73.37862455712661,3.206535816192627,5.957983493804932,0.837299861283487,1.1773825883865356,0.7017543859649122,6.648087501525879,5.059905529022217,8.704143524169922,0.841557209893869,1.8502240180969238,0.5263157894736842,7.678465843200684,0.0,0.0,0.0
168,23.82469367980957,0.19911638507127502,73.20454736603415,3.20550537109375,5.953305244445801,0.8375552578976733,1.1775569915771484,0.7017543859649122,6.603344440460205,5.052632808685303,8.690535545349121,0.8420522000134147,1.8479225635528564,0.5263157894736842,7.6552228927612305,0.0,0.0,0.0
169,23.5919132232666,0.19870133010353125,73.04367933955473,3.2049591541290283,5.949094772338867,0.8377849666322591,1.1778597831726074,0.7017543859649122,6.558980941772461,5.046730995178223,8.67778205871582,0.8425154806681905,1.8461300134658813,0.5263157894736842,7.630283832550049,0.0,0.0,0.0
170,23.362546920776367,0.1983324975026926,72.90030202189223,3.20489764213562,5.94545316696167,0.8379835102855566,1.1783236265182495,0.7017543859649122,6.515071868896484,5.041934490203857,8.666243553161621,0.8429339918582993,1.8447940349578857,0.5263157894736842,7.604904651641846,0.0,0.0,0.0
171,23.13496208190918,0.19796881370131042,72.75961881222452,3.2048182487487793,5.94169282913208,0.838188385112848,1.1788382530212402,0.7017543859649122,6.470168590545654,5.037242889404297,8.655160903930664,0.8433354480142494,1.843705415725708,0.5263157894736842,7.579525470733643,0.0,0.0,0.0
172,22.909427642822266,0.19760275284980142,72.61872082418154,3.2043237686157227,5.937735080718994,0.8384038609756643,1.1792793273925781,0.7017543859649122,6.423303127288818,5.0313215255737305,8.644307136535645,0.8437281258437942,1.8424553871154785,0.5263157894736842,7.553083419799805,0.0,0.0,0.0
173,22.6865291595459,0.1972576857427053,72.48581066368592,3.2035038471221924,5.934024333953857,0.8386057910708655,1.1796385049819946,0.7017543859649122,6.375234127044678,5.022979259490967,8.634021759033203,0.844099789434822,1.8407927751541138,0.5263157894736842,7.523441791534424,0.0,0.0,0.0
174,22.465923309326172,0.1969230522101913,72.35709379823743,3.2018027305603027,5.9303812980651855,0.8388038831985758,1.1798055171966553,0.6666666666666666,6.326691150665283,5.012391567230225,8.624114036560059,0.8444573539587458,1.8387236595153809,0.5263157894736842,7.490384101867676,0.0,0.0,0.0
175,22.247575759887695,0.19661870944910026,72.23958049847124,3.2001609802246094,5.9271745681762695,0.8389781524436761,1.1801643371582031,0.6666666666666666,6.278954982757568,5.002388954162598,8.61489200592041,0.8447898554650348,1.836897611618042,0.5263157894736842,7.4560933113098145,0.0,0.0,0.0
176,22.0317440032959,0.19631767343717474,72.12321709847333,3.198540687561035,5.924031734466553,0.8391488880102681,1.180495023727417,0.6666666666666666,6.232457637786865,4.994483947753906,8.605703353881836,0.8451207625406096,1.8357070684432983,0.5263157894736842,7.420746326446533,0.0,0.0,0.0
177,21.817798614501953,0.1959865233299969,71.99545832484046,3.1963934898376465,5.920513153076172,0.8393398931494145,1.1806527376174927,0.6666666666666666,6.187352180480957,4.987560272216797,8.595694541931152,0.8454808172428402,1.8347645998001099,0.5263157894736842,7.385048866271973,0.0,0.0,0.0
178,21.606273651123047,0.1956571822111905,71.86834629525288,3.194941520690918,5.9170241355896,0.8395292001597223,1.1808769702911377,0.6666666666666666,6.143650054931641,4.9800705909729,8.585705757141113,0.8458397253881526,1.833724856376648,0.5263157894736842,7.348020553588867,0.0,0.0,0.0
179,21.397567749023438,0.19533481523387664,71.74358384383845,3.1938719749450684,5.913690090179443,0.839709977262742,1.1810392141342163,0.6666666666666666,6.101994037628174,4.9725022315979,8.575762748718262,0.8461965912289542,1.8326225280761719,0.5263157894736842,7.310642242431641,0.0,0.0,0.0
180,21.191364288330078,0.1950022065453757,71.61448617711858,3.192302942276001,5.910338401794434,0.8398916377853887,1.1810715198516846,0.6491228070175439,6.061676502227783,4.963406562805176,8.565323829650879,0.8465707987431443,1.8311221599578857,0.5263157894736842,7.272828578948975,0.0,0.0,0.0
181,20.987377166748047,0.1946488211460218,71.47781183072061,3.1901602745056152,5.906656742095947,0.8400910550425396,1.1810418367385864,0.6491228070175439,6.023078441619873,4.953134059906006,8.554439544677734,0.8469605026906825,1.8292425870895386,0.5263157894736842,7.234781742095947,0.0,0.0,0.0
182,20.785240173339844,0.19425318340273678,71.32652110867161,3.1868157386779785,5.9021124839782715,0.8403370088824899,1.1806625127792358,0.6491228070175439,5.9859395027160645,4.942018032073975,8.54301929473877,0.8473688381881419,1.827062726020813,0.5263157894736842,7.197052001953125,0.0,0.0,0.0
183,20.58584213256836,0.19383554712341508,71.16859851379832,3.1826512813568115,5.896878242492676,0.8406200761625507,1.1800780296325684,0.6491228070175439,5.949427127838135,4.930665969848633,8.531755447387695,0.8477710467720696,1.8247480392456055,0.5263157894736842,7.160681247711182,0.0,0.0,0.0
184,20.388452529907227,0.19341307356657306,71.00963311359146,3.1786460876464844,5.891386985778809,0.8409167677364159,1.179494857788086,0.6491228070175439,5.913503646850586,4.920531272888184,8.520703315734863,0.848165193627666,1.8225356340408325,0.5263157894736842,7.126407146453857,0.0,0.0,0.0
185,20.192441940307617,0.1929653893904673,70.84228403280963,3.17350697517395,5.885293483734131,0.8412456550478009,1.178573489189148,0.6491228070175439,5.877151012420654,4.909457683563232,8.509477615356445,0.848565001608046,1.8197603225708008,0.5263157894736842,7.092738151550293,0.0,0.0,0.0
186,19.999008178710938,0.19254334698115183,70.68361380920578,3.16850209236145,5.879764556884766,0.841543818987711,1.1775434017181396,0.6491228070175439,5.840024948120117,4.899572849273682,8.498468399047852,0.84895660454048,1.8170626163482666,0.5263157894736842,7.058738708496094,0.0,0.0,0.0
187,19.806793212890625,0.19215832106164105,70.53760282109602,3.1640920639038086,5.875023365020752,0.8417992450492182,1.1765375137329102,0.6491228070175439,5.802212715148926,4.891646385192871,8.487838745117188,0.8493341979805693,1.814607858657837,0.5263157894736842,7.02372407913208,0.0,0.0,0.0
188,19.61673355102539,0.19181814035478642,70.40665916744547,3.161337375640869,5.871305465698242,0.8419994377524862,1.1758376359939575,0.6491228070175439,5.763837814331055,4.885014057159424,8.477550506591797,0.8496992330394135,1.8122799396514893,0.5263157894736842,6.9879069328308105,0.0,0.0,0.0
189,19.428068161010742,0.191484978145601,70.27785219080647,3.159294843673706,5.867800235748291,0.8421880085797714,1.1753193140029907,0.6491228070175439,5.724442481994629,4.878105163574219,8.467204093933105,0.8500658535714961,1.8097847700119019,0.5263157894736842,6.952775955200195,0.0,0.0,0.0
190,19.241287231445312,0.19113099795103144,70.14199521252772,3.1566593647003174,5.863829135894775,0.8424015409194082,1.174712896347046,0.6491228070175439,5.684464454650879,4.8694963455200195,8.45665454864502,0.8504392459553771,1.8073991537094116,0.5087719298245614,6.918364524841309,0.0,0.0,0.0
191,19.056659698486328,0.19073333233162287,69.9917133672177,3.1531946659088135,5.858790874481201,0.8426722403246901,1.1739634275436401,0.6491228070175439,5.645564079284668,4.859590530395508,8.445860862731934,0.8508208075573006,1.8050918579101562,0.49122807017543857,6.885880470275879,0.0,0.0,0.0
192,18.873037338256836,0.19031847314879996,69.83579978029661,3.1492810249328613,5.853317737579346,0.8429660755084276,1.1731656789779663,0.6491228070175439,5.607596397399902,4.851267337799072,8.434983253479004,0.8512048055926753,1.8034027814865112,0.49122807017543857,6.854615211486816,0.0,0.0,0.0
193,18.690629959106445,0.18994669654950075,69.69604236523992,3.1453921794891357,5.848417282104492,0.8432288928474814,1.1724127531051636,0.6491228070175439,5.569847106933594,4.844438076019287,8.425207138061523,0.8515495340536003,1.8022435903549194,0.49122807017543857,6.824304580688477,0.0,0.0,0.0
194,18.50969886779785,0.18965279212761743,69.58416790784531,3.1409785747528076,5.844882011413574,0.8434183569101672,1.1714965105056763,0.6491228070175439,5.530237197875977,4.838870525360107,8.416831016540527,0.8518445395656727,1.801499366760254,0.49122807017543857,6.794075965881348,0.0,0.0,0.0
195,18.33036994934082,0.18941147606971423,69.49048219588713,3.1358156204223633,5.8424272537231445,0.8435498588295436,1.1703070402145386,0.6491228070175439,5.4885029792785645,4.833754062652588,8.40910530090332,0.8521163989599583,1.801000714302063,0.47368421052631576,6.763080596923828,0.0,0.0,0.0
196,18.152816772460938,0.1892093364532465,69.41066395427879,3.1309006214141846,5.840700149536133,0.843642352864498,1.1691038608551025,0.6491228070175439,5.445341110229492,4.829754829406738,8.402009963989258,0.8523658467494825,1.8013755083084106,0.47368421052631576,6.731668949127197,0.0,0.0,0.0
197,17.977590560913086,0.18896756050798788,69.31772345298941,3.1252548694610596,5.838011741638184,0.8437862422902006,1.1677238941192627,0.631578947368421,5.402015686035156,4.825473785400391,8.394681930541992,0.8526232487776271,1.8016576766967773,0.47368421052631576,6.699611663818359,0.0,0.0,0.0
198,17.804567337036133,0.18868767738664854,69.21227738127436,3.1181893348693848,5.8343706130981445,0.8439810559495171,1.1662137508392334,0.6140350877192983,5.359264373779297,4.821420669555664,8.38718032836914,0.8528865358674534,1.801872730255127,0.47368421052631576,6.66755485534668,0.0,0.0,0.0
199,17.63360023498535,0.18836312073681244,69.09184007256476,3.1117687225341797,5.829692363739014,0.8442311422301674,1.1649452447891235,0.6140350877192983,5.319565296173096,4.818432331085205,8.37932300567627,0.8531620409544398,1.8020986318588257,0.45614035087719296,6.637159824371338,0.0,0.0,0.0
200,17.464052200317383,0.18800730911591357,68.96082993577556,3.105550765991211,5.824306488037109,0.8445188425553836,1.163772702217102,0.6140350877192983,5.282930374145508,4.817049026489258,8.371174812316895,0.8534474888397016,1.8028696775436401,0.45614035087719296,6.608536720275879,0.0,0.0,0.0
201,17.296031951904297,0.1876225365870679,68.81993865156278,3.0985164642333984,5.818283557891846,0.8448402404314856,1.1624095439910889,0.5964912280701754,5.248024940490723,4.814421653747559,8.362716674804688,0.8537434886316015,1.8030542135238647,0.45614035087719296,6.581047058105469,0.0,0.0,0.0
202,17.129690170288086,0.1872358624541548,68.67768207708718,3.091658115386963,5.812389850616455,0.8451544040824195,1.161412239074707,0.5964912280701754,5.214849948883057,4.811326503753662,8.353898048400879,0.8540517959954207,1.8029453754425049,0.45614035087719296,6.554696083068848,0.0,0.0,0.0
203,16.964828491210938,0.1868273848818236,68.5271985888105,3.084351062774658,5.80620813369751,0.8454836054985608,1.1603821516036987,0.5789473684210527,5.1829938888549805,4.807603359222412,8.344476699829102,0.8543808040860995,1.8026323318481445,0.45614035087719296,6.5289506912231445,0.0,0.0,0.0
204,16.801450729370117,0.1864340893873509,68.38253890098804,3.076402425765991,5.800192832946777,0.8458036291663542,1.1592787504196167,0.5789473684210527,5.151620388031006,4.80236291885376,8.335502624511719,0.8546938499546823,1.802077293395996,0.45614035087719296,6.503117084503174,0.0,0.0,0.0
205,16.64021873474121,0.18605614424271974,68.24392170661372,3.067836284637451,5.794308185577393,0.8461163400827901,1.1578978300094604,0.5789473684210527,5.120320796966553,4.795039653778076,8.327054023742676,0.85498822844344,1.801060676574707,0.45614035087719296,6.47720193862915,0.0,0.0,0.0
206,16.48027801513672,0.18572529039617475,68.1228804152804,3.0591471195220947,5.789076328277588,0.8463941068450886,1.1566177606582642,0.5614035087719298,5.088635444641113,4.785922050476074,8.319792747497559,0.8552410263289598,1.7995781898498535,0.45614035087719296,6.452436923980713,0.0,0.0,0.0
207,16.32160758972168,0.18541396307288172,68.00987494685273,3.0503110885620117,5.7839274406433105,0.8466672307464582,1.1551849842071533,0.5614035087719298,5.056581020355225,4.775364398956299,8.313369750976562,0.8554644616084015,1.7975831031799316,0.45614035087719296,6.428696632385254,0.0,0.0,0.0
208,16.164527893066406,0.1851116923151053,67.9005845863528,3.04162859916687,5.778817653656006,0.8469380283094764,1.1536102294921875,0.5614035087719298,5.025720596313477,4.763275623321533,8.307328224182129,0.8556744606739576,1.794954538345337,0.45614035087719296,6.4062819480896,0.0,0.0,0.0
209,16.008840560913086,0.18483305462652122,67.7993356522336,3.034050226211548,5.774228572845459,0.8471810374173365,1.1523133516311646,0.5614035087719298,4.996682167053223,4.753082275390625,8.301520347595215,0.8558761830317602,1.7924518585205078,0.45614035087719296,6.386774063110352,0.0,0.0,0.0
210,15.854248046875,0.184604615969777,67.71534676531769,3.028064012527466,5.770707607269287,0.8473673309851385,1.1513652801513672,0.5614035087719298,4.969445705413818,4.745262145996094,8.296298027038574,0.8560574554720288,1.7903064489364624,0.45614035087719296,6.369320869445801,0.0,0.0,0.0
211,15.70124626159668,0.18440701548805666,67.64169845401807,3.0231144428253174,5.767908573150635,0.847515382298862,1.150519609451294,0.5614035087719298,4.9437785148620605,4.7384772300720215,8.291312217712402,0.8562304332895923,1.7883657217025757,0.45614035087719296,6.3526506423950195,0.0,0.0,0.0
212,15.549561500549316,0.18421344493888497,67.56836317285729,3.018282413482666,5.765461444854736,0.8476447443795861,1.1495044231414795,0.5614035087719298,4.91968297958374,4.73193359375,8.285869598388672,0.8564191046049738,1.7865571975708008,0.45614035087719296,6.334466457366943,0.0,0.0,0.0
213,15.39925479888916,0.1840088658183944,67.49067499226067,3.013383626937866,5.7629194259643555,0.8477790339786746,1.1483616828918457,0.5614035087719298,4.897543907165527,4.725595474243164,8.280028343200684,0.8566214808585189,1.7851037979125977,0.47368421052631576,6.312887668609619,0.0,0.0,0.0
214,15.250736236572266,0.18377819906371046,67.402990949475,3.0090010166168213,5.760074138641357,0.847929313473013,1.1473489999771118,0.5614035087719298,4.878354072570801,4.719886779785156,8.273395538330078,0.8568510788813961,1.784010887145996,0.47368421052631576,6.288656711578369,0.0,0.0,0.0
215,15.10329532623291,0.18354667836245042,67.3147814490444,3.004676580429077,5.757266998291016,0.8480775218391148,1.1463910341262817,0.5614035087719298,4.861424446105957,4.7128777503967285,8.26663875579834,0.857084833173102,1.7829488515853882,0.47368421052631576,6.261541843414307,0.0,0.0,0.0
216,14.956958770751953,0.18329116939765921,67.21849802735369,3.000088691711426,5.753901481628418,0.848255089184156,1.1455354690551758,0.5614035087719298,4.846611022949219,4.705079555511475,8.259675025939941,0.857325502636221,1.7818444967269897,0.47368421052631576,6.232743740081787,0.0,0.0,0.0
217,14.812463760375977,0.18299121177886743,67.10548967305067,2.9958338737487793,5.749941825866699,0.848463841242033,1.1449466943740845,0.5614035087719298,4.833288192749023,4.698221683502197,8.251503944396973,0.8576076362553909,1.781082272529602,0.45614035087719296,6.2036051750183105,0.0,0.0,0.0
218,14.66946029663086,0.18265555359261432,66.97871618393401,2.9919402599334717,5.745586395263672,0.8486933242138253,1.1445497274398804,0.5614035087719298,4.820364952087402,4.691555976867676,8.242202758789062,0.8579284840855034,1.7803521156311035,0.47368421052631576,6.175514221191406,0.0,0.0,0.0
219,14.527554512023926,0.18231632871036046,66.84957734563977,2.98858904838562,5.741436004638672,0.8489118527822418,1.1442674398422241,0.5614035087719298,4.807353973388672,4.684701919555664,8.23231315612793,0.8582692085546905,1.7796788215637207,0.47368421052631576,6.147871494293213,0.0,0.0,0.0
220,14.386638641357422,0.18201204870450932,66.73258176890204,2.9854178428649902,5.738000869750977,0.8490925906221669,1.143904685974121,0.5614035087719298,4.793826580047607,4.677253246307373,8.222886085510254,0.8585936304176964,1.7793629169464111,0.47368421052631576,6.118566989898682,0.0,0.0,0.0
221,14.246883392333984,0.181740300661012,66.62682363597696,2.981438398361206,5.7352495193481445,0.8492372751255339,1.1432976722717285,0.5614035087719298,4.779001235961914,4.669474124908447,8.213858604431152,0.8589039263411706,1.779472827911377,0.47368421052631576,6.088085174560547,0.0,0.0,0.0
222,14.108884811401367,0.18150000321445114,66.53193938969002,2.977839231491089,5.733157634735107,0.8493472314217834,1.1428298950195312,0.5614035087719298,4.764805793762207,4.663771152496338,8.205223083496094,0.8592004456666741,1.7802038192749023,0.47368421052631576,6.05792236328125,0.0,0.0,0.0
223,13.972514152526855,0.18124640519108837,66.4324967974851,2.9739990234375,5.730775356292725,0.8494724217987131,1.1424312591552734,0.543859649122807,4.751874923706055,4.660209655761719,8.196427345275879,0.8595021424132615,1.7811344861984253,0.47368421052631576,6.029293537139893,0.0,0.0,0.0
224,13.837577819824219,0.18096415179651226,66.32413629418465,2.9691321849823,5.727541446685791,0.8496422641299043,1.141958236694336,0.543859649122807,4.739519119262695,4.656255722045898,8.187723159790039,0.8598003994890943,1.781737208366394,0.47368421052631576,6.001469135284424,0.0,0.0,0.0
225,13.703171730041504,0.18067826425778272,66.21493140368466,2.9653406143188477,5.724125862121582,0.8498215197880107,1.1418591737747192,0.543859649122807,4.727092742919922,4.652914524078369,8.179158210754395,0.8600935687186022,1.7822229862213135,0.47368421052631576,5.9753737449646,0.0,0.0,0.0
226,13.570734977722168,0.18039759747147482,66.10756812001773,2.9621546268463135,5.720808982849121,0.8499955141914493,1.1419203281402588,0.543859649122807,4.713603973388672,4.649953842163086,8.170668601989746,0.8603838625983388,1.7826060056686401,0.47368421052631576,5.950727462768555,0.0,0.0,0.0
227,13.439826965332031,0.1801355032425928,66.00571569718659,2.9598917961120605,5.718110084533691,0.8501370183841588,1.1421446800231934,0.543859649122807,4.69984245300293,4.647871017456055,8.16197681427002,0.8606807581378311,1.7831730842590332,0.45614035087719296,5.92699670791626,0.0,0.0,0.0
228,13.309890747070312,0.17988619929315325,65.90788230153589,2.958099603652954,5.715780735015869,0.8502590971608464,1.1424530744552612,0.543859649122807,4.685572147369385,4.645984172821045,8.15324878692627,0.8609785494249157,1.7838242053985596,0.45614035087719296,5.903537750244141,0.0,0.0,0.0
229,13.181163787841797,0.17961646286613484,65.80238997467723,2.9564208984375,5.713169097900391,0.8503959094137588,1.1428223848342896,0.543859649122807,4.672544479370117,4.6443610191345215,8.143965721130371,0.861294936432018,1.7844054698944092,0.45614035087719296,5.879942893981934,0.0,0.0,0.0
230,13.053725242614746,0.17930691191929618,65.68270769390824,2.954526901245117,5.709823131561279,0.850571091525807,1.1431180238723755,0.543859649122807,4.660042762756348,4.642286777496338,8.133956909179688,0.8616356340287774,1.7847347259521484,0.45614035087719296,5.855697154998779,0.0,0.0,0.0
231,12.927886009216309,0.1789732197083569,65.55552036520953,2.952070713043213,5.705753803253174,0.8507840054717049,1.1431024074554443,0.543859649122807,4.647800445556641,4.638891220092773,8.124025344848633,0.8619733219136264,1.7847522497177124,0.45614035087719296,5.829259872436523,0.0,0.0,0.0
232,12.80346965789795,0.17863829271683518,65.42897431979281,2.9492990970611572,5.701386451721191,0.8510123498137555,1.1429260969161987,0.543859649122807,4.635723114013672,4.635854244232178,8.114575386047363,0.862294268275974,1.7848557233810425,0.45614035087719296,5.802164077758789,0.0,0.0,0.0
233,12.680216789245605,0.17832441798999024,65.31051553950374,2.9469335079193115,5.697257041931152,0.8512280710709127,1.14283287525177,0.5614035087719298,4.623203277587891,4.632867336273193,8.105772972106934,0.8625928567784158,1.7851393222808838,0.45614035087719296,5.774138927459717,0.0,0.0,0.0
234,12.558460235595703,0.17805767811311124,65.20958214763846,2.9447083473205566,5.693811893463135,0.8514079451227581,1.142879605293274,0.5614035087719298,4.6115593910217285,4.630453109741211,8.098158836364746,0.8628508768723991,1.785678744316101,0.45614035087719296,5.745879650115967,0.0,0.0,0.0
235,12.437725067138672,0.1777977928374126,65.11169499144398,2.941997766494751,5.690339088439941,0.8515891639355913,1.1426417827606201,0.5614035087719298,4.600114822387695,4.626657962799072,8.090950012207031,0.8630949412188932,1.786278247833252,0.43859649122807015,5.7152814865112305,0.0,0.0,0.0
236,12.318536758422852,0.1775004555760999,65.0014724479347,2.939302444458008,5.685915946960449,0.8518197953528986,1.1422561407089233,0.5614035087719298,4.588644027709961,4.622995376586914,8.083542823791504,0.8633454907779561,1.7871841192245483,0.43859649122807015,5.684263229370117,0.0,0.0,0.0
237,12.200899124145508,0.17717086778723312,64.88030664068197,2.9369919300079346,5.680753231048584,0.8520887475504737,1.1419509649276733,0.5614035087719298,4.577807426452637,4.62079381942749,8.075809478759766,0.863606852010459,1.7885009050369263,0.43859649122807015,5.653160095214844,0.0,0.0,0.0
238,12.084541320800781,0.17681271662245962,64.7484922344745,2.9348857402801514,5.675175189971924,0.8523790785030239,1.1418662071228027,0.5614035087719298,4.5659260749816895,4.618697166442871,8.067326545715332,0.8638932135582649,1.7896792888641357,0.43859649122807015,5.622657299041748,0.0,0.0,0.0
239,11.969043731689453,0.1764685211767959,64.62125676736878,2.9329400062561035,5.669950485229492,0.8526507693014428,1.1419636011123657,0.5614035087719298,4.552058696746826,4.614886283874512,8.058897972106934,0.8641774880141806,1.7904199361801147,0.43859649122807015,5.592776298522949,0.0,0.0,0.0
240,11.854568481445312,0.17615129661201862,64.50391731331183,2.9309277534484863,5.665149688720703,0.852900188109486,1.1418545246124268,0.5614035087719298,4.538353443145752,4.608471870422363,8.05108642578125,0.8644406496993441,1.7904824018478394,0.43859649122807015,5.563529014587402,0.0,0.0,0.0
241,11.740989685058594,0.17581563653228674,64.38048904236962,2.9280505180358887,5.6598801612854,0.8531737046418009,1.1413846015930176,0.5614035087719298,4.527139186859131,4.602252960205078,8.043164253234863,0.8647073048001179,1.7903848886489868,0.43859649122807015,5.5342793464660645,0.0,0.0,0.0
242,11.6286039352417,0.1754525988313817,64.24726022845084,2.9250338077545166,5.654107570648193,0.8534730562903208,1.1408212184906006,0.5614035087719298,4.517505168914795,4.598670482635498,8.03471565246582,0.8649914090639911,1.7906638383865356,0.43859649122807015,5.505422592163086,0.0,0.0,0.0
243,11.51700210571289,0.17510657514478092,64.12080017000949,2.9219841957092285,5.64846658706665,0.8537652816871824,1.1400692462921143,0.5614035087719298,4.5077643394470215,4.595558166503906,8.026907920837402,0.8652536570866103,1.7911912202835083,0.42105263157894735,5.47557258605957,0.0,0.0,0.0
244,11.4065580368042,0.17478220654180973,64.00282887967569,2.919018030166626,5.643027305603027,0.854046798075009,1.1393228769302368,0.5614035087719298,4.4967169761657715,4.590535640716553,8.019859313964844,0.8654901881958526,1.7914689779281616,0.42105263157894735,5.446201801300049,0.0,0.0,0.0
245,11.297639846801758,0.17446476014268808,63.88821904004567,2.9157838821411133,5.637484073638916,0.8543334088493518,1.1384360790252686,0.5614035087719298,4.484400749206543,4.5822577476501465,8.013362884521484,0.8657080160953661,1.790990948677063,0.42105263157894735,5.417115211486816,0.0,0.0,0.0
246,11.189165115356445,0.17414285937286444,63.7716740945184,2.91278076171875,5.631940841674805,0.8546197251504857,1.1375514268875122,0.5614035087719298,4.472048759460449,4.5742878913879395,8.006611824035645,0.8659341923624404,1.7907829284667969,0.42105263157894735,5.387266159057617,0.0,0.0,0.0
247,11.082239151000977,0.1738168098475516,63.65244159992335,2.9106037616729736,5.626623153686523,0.8548941251024276,1.1368932723999023,0.5614035087719298,4.460188865661621,4.569888591766357,7.999194145202637,0.8661824935950464,1.7915595769882202,0.42105263157894735,5.3581976890563965,0.0,0.0,0.0
248,10.975954055786133,0.17350185693570078,63.536485822131,2.9091267585754395,5.621681213378906,0.855148903322875,1.1365094184875488,0.5614035087719298,4.448757648468018,4.5669169425964355,7.991643905639648,0.8664349869263848,1.7927968502044678,0.42105263157894735,5.329379081726074,0.0,0.0,0.0
249,10.871122360229492,0.17323230955515795,63.43756571900224,2.9079976081848145,5.617366790771484,0.8553711618852724,1.1362296342849731,0.5614035087719298,4.437063217163086,4.563525676727295,7.985331058502197,0.866645917569437,1.7939841747283936,0.42105263157894735,5.301381587982178,0.0,0.0,0.0
250,10.767239570617676,0.1729813442338704,63.346047464049434,2.9063329696655273,5.6131978034973145,0.8555857445126881,1.1357507705688477,0.5614035087719298,4.425293922424316,4.558311939239502,7.979731559753418,0.8668328780069172,1.7946040630340576,0.42105263157894735,5.273758411407471,0.0,0.0,0.0
251,10.664192199707031,0.17268801122569635,63.23912720787132,2.904097080230713,5.608308792114258,0.8558372050016471,1.1351351737976074,0.5614035087719298,4.414722919464111,4.554849147796631,7.973205089569092,0.8670506163316714,1.7954185009002686,0.42105263157894735,5.24622106552124,0.0,0.0,0.0
252,10.56196117401123,0.17234755476349548,63.11442695581559,2.901362419128418,5.602783679962158,0.8561211262540142,1.1344468593597412,0.5614035087719298,4.405191421508789,4.551769256591797,7.965330123901367,0.8673131151636165,1.7961643934249878,0.42105263157894735,5.217545986175537,0.0,0.0,0.0
253,10.460204124450684,0.17205170659114535,63.00556902760229,2.8996613025665283,5.598105430603027,0.8563612887875203,1.1340826749801636,0.5614035087719298,4.3948822021484375,4.5462470054626465,7.9582390785217285,0.8675492431864422,1.7962485551834106,0.42105263157894735,5.188512802124023,0.0,0.0,0.0
254,10.3585205078125,0.17177815459791163,62.905151094835674,2.8976783752441406,5.593715667724609,0.8565864822662344,1.1337430477142334,0.5614035087719298,4.3843674659729,4.5384602546691895,7.951791763305664,0.8677637747348157,1.7957357168197632,0.42105263157894735,5.158620834350586,0.0,0.0,0.0
255,10.257379531860352,0.17144786899152437,62.78477547773241,2.8939950466156006,5.5881876945495605,0.8568697949406362,1.1329759359359741,0.5614035087719298,4.37366247177124,4.529813766479492,7.944423675537109,0.8680087169139503,1.7949401140213013,0.42105263157894735,5.1284074783325195,0.0,0.0,0.0
256,10.15723991394043,0.17112237584090523,62.66579054520366,2.8902273178100586,5.582826137542725,0.8571443224976354,1.1320713758468628,0.5614035087719298,4.364187240600586,4.523868560791016,7.936982154846191,0.8682558626321621,1.7947725057601929,0.42105263157894735,5.098205089569092,0.0,0.0,0.0
257,10.058441162109375,0.1708733706285669,62.57507525283904,2.88692569732666,5.578641414642334,0.857358394704822,1.131046175956726,0.5614035087719298,4.353792667388916,4.5174078941345215,7.931435585021973,0.868439947719871,1.7943758964538574,0.42105263157894735,5.069223403930664,0.0,0.0,0.0
258,9.961990356445312,0.1707256123298329,62.52205494166026,2.883713483810425,5.575948238372803,0.8574960903773615,1.1297284364700317,0.5614035087719298,4.341329574584961,4.507643222808838,7.928537845611572,0.8685360614365326,1.7932865619659424,0.42105263157894735,5.040653705596924,0.0,0.0,0.0
259,9.866201400756836,0.1705891834763572,62.47333622081851,2.880314826965332,5.573399543762207,0.8576263260619391,1.128100872039795,0.5614035087719298,4.327812671661377,4.498843193054199,7.925976753234863,0.8686209783082897,1.7925918102264404,0.42105263157894735,5.011574745178223,0.0,0.0,0.0
260,9.771505355834961,0.1704240942892893,62.413141476546116,2.8771169185638428,5.570633888244629,0.8577675946760814,1.1265337467193604,0.5614035087719298,4.3149943351745605,4.493873596191406,7.922269821166992,0.8687438300905838,1.7929096221923828,0.42105263157894735,4.983275413513184,0.0,0.0,0.0
261,9.677644729614258,0.17023646370262674,62.34378954279373,2.873569965362549,5.567730903625488,0.8579157932264094,1.1249897480010986,0.5614035087719298,4.3030686378479,4.4888386726379395,7.917595863342285,0.8688986690194015,1.7931625843048096,0.42105263157894735,4.955572605133057,0.0,0.0,0.0
262,9.584871292114258,0.17001785226897598,62.26292877089611,2.869293451309204,5.564361572265625,0.8580877165016112,1.1234928369522095,0.5614035087719298,4.291520595550537,4.482683181762695,7.912118434906006,0.8690799952045257,1.7930219173431396,0.42105263157894735,4.927899360656738,0.0,0.0,0.0
263,9.492643356323242,0.1697555312962516,62.16591636601731,2.8644118309020996,5.560311794281006,0.858294191300005,1.1220424175262451,0.5614035087719298,4.280762195587158,4.476805686950684,7.905548572540283,0.8692973304428633,1.792870283126831,0.42105263157894735,4.9007182121276855,0.0,0.0,0.0
264,9.401354789733887,0.16946580821792093,62.06017326261224,2.8590004444122314,5.5554728507995605,0.8585407340863733,1.1205599308013916,0.5614035087719298,4.269810199737549,4.471292495727539,7.8989739418029785,0.8695146388087732,1.7926939725875854,0.42105263157894735,4.874507904052734,0.0,0.0,0.0
265,9.311318397521973,0.16915669843376768,61.947498520356476,2.8541407585144043,5.550268173217773,0.858805671632532,1.1193488836288452,0.543859649122807,4.26030158996582,4.467385768890381,7.892024040222168,0.8697441382994153,1.79280424118042,0.42105263157894735,4.849540710449219,0.0,0.0,0.0
266,9.222169876098633,0.1688494033910399,61.835674796454555,2.850200891494751,5.545040130615234,0.8590715416771859,1.1183522939682007,0.543859649122807,4.2505574226379395,4.463954925537109,7.885201930999756,0.8699692486268548,1.7929805517196655,0.42105263157894735,4.825811862945557,0.0,0.0,0.0
267,9.133917808532715,0.16856114403212594,61.73057531004861,2.8462438583374023,5.540184020996094,0.8593182709632533,1.1173019409179688,0.543859649122807,4.239988803863525,4.4594950675964355,7.878697395324707,0.8701836816429931,1.7929997444152832,0.42105263157894735,4.801370620727539,0.0,0.0,0.0
268,9.046757698059082,0.16826714299971435,61.62314519863355,2.8425843715667725,5.535288333892822,0.8595667965358957,1.1164212226867676,0.543859649122807,4.229697227478027,4.455001354217529,7.871941089630127,0.8704062390897943,1.7931864261627197,0.42105263157894735,4.775969982147217,0.0,0.0,0.0
269,8.960526466369629,0.16793874036638656,61.50285232582496,2.8390250205993652,5.529890537261963,0.8598405388310042,1.1157182455062866,0.543859649122807,4.220085144042969,4.45280122756958,7.864243507385254,0.8706595565089177,1.7941348552703857,0.40350877192982454,4.749654769897461,0.0,0.0,0.0
270,8.875455856323242,0.16758275427534913,61.373612623827626,2.834421157836914,5.523732662200928,0.8601525233801912,1.1148743629455566,0.543859649122807,4.209781169891357,4.451249122619629,7.856461048126221,0.8709154088937274,1.7954763174057007,0.38596491228070173,4.722604751586914,0.0,0.0,0.0
271,8.791450500488281,0.1672599462041926,61.25730153747293,2.8287439346313477,5.517912864685059,0.8604470554838568,1.1136467456817627,0.543859649122807,4.198398113250732,4.449057102203369,7.849833011627197,0.8711331203460538,1.7965171337127686,0.38596491228070173,4.695429801940918,0.0,0.0,0.0
272,8.708568572998047,0.16703367308921524,61.176229256309966,2.8236513137817383,5.513710975646973,0.8606595179041674,1.112352967262268,0.543859649122807,4.186005115509033,4.445764541625977,7.845408916473389,0.8712783479032054,1.7971320152282715,0.38596491228070173,4.669289588928223,0.0,0.0,0.0
273,8.626571655273438,0.16685577557948522,61.11200882409787,2.819167137145996,5.510530471801758,0.8608202217501053,1.1110506057739258,0.543859649122807,4.173643589019775,4.443597316741943,7.841691493988037,0.871400303937907,1.797803521156311,0.3684210526315789,4.6443305015563965,0.0,0.0,0.0
274,8.545624732971191,0.16667982052992275,61.04775266063018,2.815288543701172,5.507575035095215,0.8609694705882122,1.1097750663757324,0.543859649122807,4.161768913269043,4.442319869995117,7.837648868560791,0.8715328656241025,1.7988309860229492,0.3684210526315789,4.618555068969727,0.0,0.0,0.0
275,8.46567153930664,0.1664729443496642,60.97212880016389,2.811344861984253,5.504117965698242,0.8611439459645588,1.1084082126617432,0.543859649122807,4.149944305419922,4.441064834594727,7.832855701446533,0.8716899439219011,1.7997950315475464,0.3684210526315789,4.593054294586182,0.0,0.0,0.0
276,8.386476516723633,0.1662472240167158,60.89003543707565,2.8072330951690674,5.500234127044678,0.8613398393589751,1.1071659326553345,0.543859649122807,4.1381754875183105,4.439011573791504,7.827829837799072,0.8718545464994758,1.8009618520736694,0.38596491228070173,4.564749717712402,0.0,0.0,0.0
277,8.308305740356445,0.16601754876557612,60.80643685560335,2.8033745288848877,5.4962968826293945,0.8615382946703097,1.1062241792678833,0.543859649122807,4.125126838684082,4.435869216918945,7.82267951965332,0.8720231172388846,1.8020989894866943,0.3508771929824561,4.534374237060547,0.0,0.0,0.0
278,8.230910301208496,0.16578984451202156,60.72361955283429,2.8000071048736572,5.492373943328857,0.8617358665620174,1.1056023836135864,0.543859649122807,4.110398769378662,4.432014465332031,7.817601680755615,0.8721891977999866,1.803220510482788,0.3508771929824561,4.503191947937012,0.0,0.0,0.0
279,8.154184341430664,0.1655628084549539,60.64107860661272,2.7974183559417725,5.48845100402832,0.8619333010328942,1.1052392721176147,0.543859649122807,4.095442771911621,4.430535793304443,7.812551975250244,0.8723542751237852,1.8051363229751587,0.3333333333333333,4.472452163696289,0.0,0.0,0.0
280,8.078359603881836,0.16535270318735812,60.564799126951925,2.7952189445495605,5.484790325164795,0.8621174154989495,1.1049984693527222,0.5614035087719298,4.080813884735107,4.4311957359313965,7.807928562164307,0.8725053071253352,1.8077738285064697,0.3333333333333333,4.442722320556641,0.0,0.0,0.0
281,8.003366470336914,0.16518485164284935,60.504705034674316,2.793041944503784,5.481642723083496,0.8622756457699317,1.1047700643539429,0.5614035087719298,4.066341400146484,4.432677745819092,7.804652214050293,0.8726122773028165,1.8108433485031128,0.3508771929824561,4.412886619567871,0.0,0.0,0.0
282,7.929271221160889,0.165041322705839,60.45388929678916,2.79085373878479,5.478800296783447,0.86241841619744,1.104498267173767,0.5614035087719298,4.052127838134766,4.434558868408203,7.802132606506348,0.8726945158892724,1.8144179582595825,0.3333333333333333,4.38295316696167,0.0,0.0,0.0
283,7.856288909912109,0.16489174286746994,60.4012411153401,2.7885451316833496,5.475755214691162,0.8625713165033387,1.1044139862060547,0.5614035087719298,4.039398193359375,4.436619281768799,7.799659729003906,0.8727752048323935,1.8177971839904785,0.3333333333333333,4.355978488922119,0.0,0.0,0.0
284,7.784111022949219,0.1647303452756354,60.34432159846028,2.786531448364258,5.47249698638916,0.8627348178447624,1.1044951677322388,0.5614035087719298,4.0274739265441895,4.438100814819336,7.796935081481934,0.8728640719510329,1.8205695152282715,0.3333333333333333,4.3318281173706055,0.0,0.0,0.0
285,7.71273136138916,0.16454947976519707,60.280541775894335,2.784372091293335,5.468842029571533,0.8629181077858323,1.1045558452606201,0.5614035087719298,4.014785289764404,4.437921047210693,7.793883323669434,0.8729635895085456,1.8226372003555298,0.3157894736842105,4.309769153594971,0.0,0.0,0.0
286,7.642092704772949,0.16439920092262897,60.227951501507164,2.782313823699951,5.465697288513184,0.8630757098473019,1.1044526100158691,0.5614035087719298,4.000393867492676,4.43720817565918,7.7915472984313965,0.8730397280538973,1.8245940208435059,0.3157894736842105,4.28949499130249,0.0,0.0,0.0
287,7.572299957275391,0.16427233222817256,60.183284064127406,2.7797255516052246,5.463111877441406,0.8632052191646306,1.1039485931396484,0.5614035087719298,3.9855101108551025,4.435884475708008,7.789440631866455,0.8731083602344251,1.8265141248703003,0.3157894736842105,4.267961025238037,0.0,0.0,0.0
288,7.5028977394104,0.16414431258828022,60.13708391296723,2.7767248153686523,5.460798263549805,0.8633210551092869,1.1031773090362549,0.5614035087719298,3.9707469940185547,4.433932304382324,7.7867536544799805,0.8731959016466277,1.8278380632400513,0.3157894736842105,4.2488226890563965,0.0,0.0,0.0
289,7.434453964233398,0.16400391185221824,60.085544496717716,2.7738888263702393,5.458488941192627,0.863436626028055,1.1025519371032715,0.5614035087719298,3.955794334411621,4.430485725402832,7.783372402191162,0.8733059979832064,1.8283687829971313,0.3157894736842105,4.231531143188477,0.0,0.0,0.0
290,7.367083549499512,0.16382509776784837,60.01971196751049,2.7710115909576416,5.455596923828125,0.8635813007156484,1.1021664142608643,0.5614035087719298,3.941344738006592,4.425697326660156,7.778968334197998,0.8734493175979862,1.8281447887420654,0.3157894736842105,4.216163158416748,0.0,0.0,0.0
291,7.3003644943237305,0.1636396717857136,59.951405972819316,2.7680163383483887,5.452606678009033,0.8637308145796434,1.1019026041030884,0.543859649122807,3.927236557006836,4.421245574951172,7.774379253387451,0.8735985939342553,1.8278366327285767,0.2982456140350877,4.202615737915039,0.0,0.0,0.0
292,7.2345662117004395,0.16348635318218527,59.89558670221663,2.764960527420044,5.4499592781066895,0.8638631115766842,1.1015609502792358,0.543859649122807,3.91278338432312,4.419229507446289,7.77091121673584,0.8737113416837073,1.8285475969314575,0.2982456140350877,4.187939167022705,0.0,0.0,0.0
293,7.16965389251709,0.1633581147727491,59.85039833685096,2.7619450092315674,5.447348594665527,0.8639935043136399,1.101272463798523,0.543859649122807,3.89742374420166,4.416983127593994,7.768756866455078,0.8737813622730033,1.8296833038330078,0.2982456140350877,4.170509338378906,0.0,0.0,0.0
294,7.105363368988037,0.16319921661251158,59.79455145539487,2.7589569091796875,5.444073677062988,0.8641569958392898,1.1010044813156128,0.543859649122807,3.8813886642456055,4.4143757820129395,7.7661590576171875,0.8738657596111568,1.830625295639038,0.2982456140350877,4.153849124908447,0.0,0.0,0.0
295,7.04184627532959,0.16294827067360868,59.70550974720527,2.7561841011047363,5.439120292663574,0.8644040686774345,1.1008661985397339,0.543859649122807,3.865830898284912,4.414322853088379,7.76163387298584,0.8740126980462097,1.8321400880813599,0.2982456140350877,4.1388325691223145,0.0,0.0,0.0
296,6.9791131019592285,0.16271524182761032,59.622793347315906,2.753774642944336,5.434525012969971,0.8646330903078658,1.1009008884429932,0.543859649122807,3.849276304244995,4.414056301116943,7.757413387298584,0.8741496847255115,1.8336831331253052,0.2982456140350877,4.123113632202148,0.0,0.0,0.0
297,6.917186737060547,0.1625385409781605,59.56052938076118,2.7523725032806396,5.430916786193848,0.8648127876757858,1.1014342308044434,0.543859649122807,3.831768035888672,4.412675857543945,7.7544403076171875,0.8742461298687823,1.8350249528884888,0.2982456140350877,4.10696268081665,0.0,0.0,0.0
298,6.85575532913208,0.1623740328328374,59.502148323882466,2.752119541168213,5.427664756774902,0.8649746399672389,1.1024019718170166,0.543859649122807,3.8129076957702637,4.411399841308594,7.75146484375,0.8743426108419569,1.8361188173294067,0.2982456140350877,4.092977523803711,0.0,0.0,0.0
299,6.795171737670898,0.162164232000097,59.42753767072952,2.7520105838775635,5.423555850982666,0.8651789945585278,1.1033896207809448,0.543859649122807,3.7952911853790283,4.411877632141113,7.7475905418396,0.8744681856969317,1.837660789489746,0.2982456140350877,4.078991413116455,0.0,0.0,0.0
300,6.735256195068359,0.16194319286591413,59.34948886443476,2.751497507095337,5.4190754890441895,0.8654016555676443,1.1040968894958496,0.543859649122807,3.778350830078125,4.411284923553467,7.743785858154297,0.8745914584805943,1.8389192819595337,0.2982456140350877,4.0647406578063965,0.0,0.0,0.0
301,6.675793170928955,0.1617698407500393,59.28883157880068,2.750455856323242,5.415412425994873,0.8655835516688581,1.1044886112213135,0.543859649122807,3.760366439819336,4.406179904937744,7.741077423095703,0.8746791700848395,1.8389695882797241,0.2982456140350877,4.049377918243408,0.0,0.0,0.0
302,6.6170654296875,0.16155938748986748,59.21460275888978,2.7498960494995117,5.411118507385254,0.8657966422986814,1.1048015356063843,0.543859649122807,3.7436554431915283,4.407099723815918,7.73749303817749,0.8747951962704796,1.8407093286514282,0.2982456140350877,4.0343337059021,0.0,0.0,0.0
303,6.558757781982422,0.16134845590112906,59.14014482471498,2.7490298748016357,5.406827449798584,0.8660093893764275,1.105042576789856,0.543859649122807,3.7255921363830566,4.402281761169434,7.733868598937988,0.8749124675452733,1.840657353401184,0.2982456140350877,4.018340587615967,0.0,0.0,0.0
304,6.501134872436523,0.16115005510326935,59.07042789922377,2.747749090194702,5.402703762054443,0.8662136948888481,1.1051690578460693,0.543859649122807,3.707268238067627,4.395146369934082,7.730617046356201,0.875017619355142,1.839902639389038,0.2982456140350877,4.001001834869385,0.0,0.0,0.0
305,6.444507598876953,0.16085180220844725,58.964993000176946,2.746854066848755,5.396666526794434,0.8665125164855918,1.10529363155365,0.543859649122807,3.6910624504089355,4.395998954772949,7.725410461425781,0.8751859124127972,1.8416228294372559,0.2982456140350877,3.9829702377319336,0.0,0.0,0.0
306,6.387836456298828,0.16058567322686373,58.87073462424337,2.7459394931793213,5.391321659088135,0.8667768258222379,1.1054993867874146,0.543859649122807,3.674421548843384,4.393803596496582,7.720671653747559,0.8753390046338098,1.842628002166748,0.2982456140350877,3.9639618396759033,0.0,0.0,0.0
307,6.33203125,0.1603711640669796,58.79505259738926,2.744931697845459,5.386931419372559,0.8669936857091367,1.105832815170288,0.543859649122807,3.6565353870391846,4.38664436340332,7.716997146606445,0.8754576284874679,1.8420765399932861,0.2982456140350877,3.9455437660217285,0.0,0.0,0.0
308,6.277103424072266,0.1601268883196689,58.70859188317752,2.7438039779663086,5.3820013999938965,0.8672370383690738,1.1059750318527222,0.5263157894736842,3.6395838260650635,4.388812065124512,7.712671756744385,0.8755972128347874,1.8442680835723877,0.2982456140350877,3.9287028312683105,0.0,0.0,0.0
309,6.22200870513916,0.1599283656904641,58.63766908917819,2.742074489593506,5.378166675567627,0.8674261588796826,1.1058776378631592,0.5263157894736842,3.6215193271636963,4.388136386871338,7.70882511138916,0.8757212649188553,1.8454948663711548,0.2982456140350877,3.911815881729126,0.0,0.0,0.0
310,6.167794227600098,0.15975768005854163,58.57558286496567,2.7401468753814697,5.375163555145264,0.8675741709303115,1.1056804656982422,0.5263157894736842,3.6039841175079346,4.384400367736816,7.704959392547607,0.8758458723664304,1.8456631898880005,0.2982456140350877,3.895498275756836,0.0,0.0,0.0
311,6.114077568054199,0.1595167314376007,58.486944292971316,2.7386343479156494,5.371187210083008,0.8677700250616333,1.1055946350097656,0.5263157894736842,3.588463306427002,4.3875651359558105,7.698998928070068,0.8760378848203316,1.8480812311172485,0.2982456140350877,3.87834095954895,0.0,0.0,0.0
312,6.060771942138672,0.1593010505645976,58.407212932566836,2.736912727355957,5.367729187011719,0.8679402403922226,1.1055724620819092,0.5263157894736842,3.5728759765625,4.389345169067383,7.693464279174805,0.8762160400589789,1.850143313407898,0.2982456140350877,3.8612372875213623,0.0,0.0,0.0
313,6.0084309577941895,0.15914473172729376,58.348877454226,2.7346980571746826,5.365368366241455,0.8680563609943144,1.1054116487503052,0.5263157894736842,3.556295394897461,4.385183811187744,7.689174175262451,0.8763540658054878,1.8503787517547607,0.2982456140350877,3.8432881832122803,0.0,0.0,0.0
314,5.956792831420898,0.15893106119356648,58.2694402445735,2.7330820560455322,5.362059116363525,0.8682190868896209,1.1053327322006226,0.5263157894736842,3.541288137435913,4.389283657073975,7.683457851409912,0.8765378373815391,1.8532326221466064,0.3333333333333333,3.8248493671417236,0.0,0.0,0.0
315,5.90529203414917,0.15873887553712565,58.197238081521505,2.731537342071533,5.359282493591309,0.8683555261431352,1.1053688526153564,0.5087719298245614,3.5259511470794678,4.3884100914001465,7.677933216094971,0.8767153208094921,1.8545488119125366,0.3333333333333333,3.8052849769592285,0.0,0.0,0.0
316,5.854398727416992,0.15852292495751683,58.117363958660235,2.7300350666046143,5.355823993682861,0.8685253782901001,1.1056503057479858,0.5087719298245614,3.509244441986084,4.386889934539795,7.672354698181152,0.8768943986681594,1.8557264804840088,0.3333333333333333,3.78417706489563,0.0,0.0,0.0
317,5.804140090942383,0.15823742856625927,58.01338732652346,2.7290141582489014,5.350813388824463,0.8687712732354086,1.1060765981674194,0.5087719298245614,3.493419885635376,4.3901777267456055,7.665791988372803,0.8771049172673192,1.8583719730377197,0.3333333333333333,3.7630257606506348,0.0,0.0,0.0
318,5.754372596740723,0.15803035888231304,57.93675601353914,2.7279300689697266,5.347503185272217,0.8689335868682224,1.1062169075012207,0.5087719298245614,3.4762353897094727,4.389335632324219,7.6604132652282715,0.8772773128489474,1.8596758842468262,0.3333333333333333,3.742523193359375,0.0,0.0,0.0
319,5.705225467681885,0.15785467056967584,57.87121935926825,2.726560592651367,5.344832420349121,0.8690644703938599,1.1062453985214233,0.5087719298245614,3.4588358402252197,4.387249946594238,7.655584335327148,0.8774319905431985,1.860690951347351,0.3333333333333333,3.72061824798584,0.0,0.0,0.0
320,5.656736373901367,0.15765436008514483,57.797513652451016,2.7250397205352783,5.341512680053711,0.8692270686841091,1.106345772743225,0.5087719298245614,3.4429187774658203,4.389545440673828,7.6505889892578125,0.8775918904459132,1.8628158569335938,0.3333333333333333,3.7026612758636475,0.0,0.0,0.0
321,5.608551502227783,0.15748663626013532,57.735896399001035,2.7239205837249756,5.338705062866211,0.8693645091465342,1.106666088104248,0.5087719298245614,3.4270992279052734,4.39093542098999,7.646453380584717,0.8777241923653067,1.8645713329315186,0.3333333333333333,3.6857075691223145,0.0,0.0,0.0
322,5.560979843139648,0.15735884280776616,57.688072512489384,2.723130702972412,5.336800575256348,0.8694576902856429,1.1070313453674316,0.5087719298245614,3.4107275009155273,4.391726970672607,7.642857074737549,0.8778391794837398,1.8660078048706055,0.3333333333333333,3.668921709060669,0.0,0.0,0.0
323,5.513946533203125,0.1571897498540779,57.62567539557199,2.722707748413086,5.334042072296143,0.869592608094244,1.1074553728103638,0.5087719298245614,3.3949825763702393,4.399402141571045,7.638543128967285,0.877977052953158,1.8696019649505615,0.3157894736842105,3.6516611576080322,0.0,0.0,0.0
324,5.467390060424805,0.15701400140952748,57.56044017171678,2.7223258018493652,5.3312764167785645,0.8697278105602804,1.1078763008117676,0.5087719298245614,3.3780159950256348,4.397045135498047,7.6338629722595215,0.8781265263538974,1.8696205615997314,0.2982456140350877,3.634977102279663,0.0,0.0,0.0
325,5.4210615158081055,0.15683130429348918,57.49308837609237,2.7211713790893555,5.328275203704834,0.869874438586827,1.1081355810165405,0.49122807017543857,3.361966609954834,4.398543834686279,7.629229545593262,0.8782744321963502,1.8711237907409668,0.2982456140350877,3.6162729263305664,0.0,0.0,0.0
326,5.375417709350586,0.1566886094618045,57.438977772317344,2.7191832065582275,5.326335906982422,0.8699691313550754,1.1079497337341309,0.49122807017543857,3.3447134494781494,4.395808219909668,7.624844074249268,0.8784143300553271,1.8712419271469116,0.2982456140350877,3.5991756916046143,0.0,0.0,0.0
327,5.330297470092773,0.15654926437788286,57.38675983700409,2.71728777885437,5.324273586273193,0.8700698215610143,1.107810139656067,0.49122807017543857,3.3273093700408936,4.3887739181518555,7.620875358581543,0.8785408633602259,1.8701987266540527,0.3157894736842105,3.5804738998413086,0.0,0.0,0.0
328,5.285888195037842,0.15634567635053387,57.312356479224036,2.715501308441162,5.320749282836914,0.8702417742835369,1.1076222658157349,0.49122807017543857,3.3122453689575195,4.391689777374268,7.616033554077148,0.8786951558830122,1.8724522590637207,0.2982456140350877,3.560791492462158,0.0,0.0,0.0
329,5.241782188415527,0.15616280537852537,57.24539712277033,2.7141852378845215,5.317615985870361,0.8703945469843783,1.1075282096862793,0.49122807017543857,3.296588659286499,4.38796854019165,7.611617088317871,0.8788357972124908,1.8726974725723267,0.3157894736842105,3.5405609607696533,0.0,0.0,0.0
330,5.197888374328613,0.15603358642366716,57.19641210257225,2.7132270336151123,5.315852165222168,0.8704805135298661,1.1075479984283447,0.49122807017543857,3.281362533569336,4.385201930999756,7.607644557952881,0.8789622319851544,1.873581886291504,0.2982456140350877,3.518528461456299,0.0,0.0,0.0
331,5.154995918273926,0.15591327749602557,57.15062819307309,2.7116456031799316,5.3142571449279785,0.8705582348255011,1.1073909997940063,0.49122807017543857,3.2674672603607178,4.390939235687256,7.603854179382324,0.8790828175260398,1.8772339820861816,0.2982456140350877,3.4969635009765625,0.0,0.0,0.0
332,5.112322807312012,0.15580172177812626,57.108232629551026,2.7096409797668457,5.312762260437012,0.8706310384185454,1.1070860624313354,0.49122807017543857,3.2524325847625732,4.389644145965576,7.600367069244385,0.8791936931630238,1.8786225318908691,0.2807017543859649,3.477303981781006,0.0,0.0,0.0
333,5.069825649261475,0.15565990754032133,57.05531001417705,2.707620143890381,5.310598373413086,0.8707363911169604,1.1069002151489258,0.49122807017543857,3.237698793411255,4.386358261108398,7.5964274406433105,0.8793189097189618,1.8791853189468384,0.2807017543859649,3.4569525718688965,0.0,0.0,0.0
334,5.0284342765808105,0.15544519165782966,56.97634782473881,2.7056894302368164,5.307004928588867,0.8709112885715733,1.1067497730255127,0.49122807017543857,3.224186897277832,4.394003391265869,7.591053485870361,0.8794895854652126,1.8829718828201294,0.2807017543859649,3.4357893466949463,0.0,0.0,0.0
335,4.987138748168945,0.1553061067292778,56.92276933335802,2.704270839691162,5.305333614349365,0.8709925729930375,1.1067769527435303,0.47368421052631576,3.207918643951416,4.389260768890381,7.586330413818359,0.8796395067397482,1.882910966873169,0.2807017543859649,3.4167354106903076,0.0,0.0,0.0
336,4.945690631866455,0.1551437037912854,56.86116092739405,2.7034261226654053,5.303123474121094,0.8711000360827839,1.1069788932800293,0.47368421052631576,3.191864013671875,4.381615161895752,7.581298351287842,0.8797991200032333,1.8819719552993774,0.2807017543859649,3.399515151977539,0.0,0.0,0.0
337,4.905954360961914,0.1548820603580675,56.765775609650746,2.7031753063201904,5.298511981964111,0.8713241105633037,1.1074061393737793,0.47368421052631576,3.1785213947296143,4.390012741088867,7.575162887573242,0.8799935957630136,1.8853917121887207,0.2807017543859649,3.3828542232513428,0.0,0.0,0.0
338,4.8658952713012695,0.15466589092979474,56.68677407943994,2.703002691268921,5.2947516441345215,0.8715066937686721,1.1078546047210693,0.47368421052631576,3.164238214492798,4.386849403381348,7.569990634918213,0.8801574190401829,1.8852025270462036,0.2807017543859649,3.368380308151245,0.0,0.0,0.0
339,4.82578182220459,0.15450133865244864,56.62666169022987,2.7027716636657715,5.2918806076049805,0.8716459992280876,1.108408808708191,0.47368421052631576,3.1508708000183105,4.385802268981934,7.56606388092041,0.8802817308910524,1.886011004447937,0.2982456140350877,3.352022647857666,0.0,0.0,0.0
340,4.787041664123535,0.15435499148843213,56.57292645891823,2.7024476528167725,5.289400100708008,0.8717662915339738,1.1089470386505127,0.47368421052631576,3.1381478309631348,4.394604206085205,7.562429904937744,0.8803967000945336,1.8901546001434326,0.2982456140350877,3.3340611457824707,0.0,0.0,0.0
341,4.748497486114502,0.15427276511387647,56.539610995673456,2.7019240856170654,5.288854122161865,0.8717927744912386,1.1093127727508545,0.47368421052631576,3.1229357719421387,4.387505054473877,7.5587873458862305,0.880511875319961,1.8892720937728882,0.2982456140350877,3.3183155059814453,0.0,0.0,0.0
342,4.709565162658691,0.15407595098742857,56.46551925568599,2.7014966011047363,5.286012172698975,0.8719305192426463,1.1096522808074951,0.47368421052631576,3.108877658843994,4.38688325881958,7.552958965301514,0.8806960858123327,1.8898253440856934,0.2982456140350877,3.3037633895874023,0.0,0.0,0.0
343,4.671526908874512,0.15382642158003856,56.37436446865513,2.7009036540985107,5.281650543212891,0.8721417841385736,1.109980583190918,0.47368421052631576,3.096389055252075,4.392104148864746,7.546990394592285,0.8808845600632441,1.8922706842422485,0.2982456140350877,3.286226511001587,0.0,0.0,0.0
344,4.634279251098633,0.1536678727595078,56.315404494063955,2.6998190879821777,5.279160499572754,0.8722623120230271,1.1101371049880981,0.47368421052631576,3.08219051361084,4.382577419281006,7.542661190032959,0.8810211884435089,1.8904486894607544,0.2982456140350877,3.2674033641815186,0.0,0.0,0.0
345,4.596748352050781,0.15350908648250305,56.25764003139034,2.6985840797424316,5.276316165924072,0.8723999095378302,1.1102900505065918,0.47368421052631576,3.0690298080444336,4.383959770202637,7.538982391357422,0.8811372056716731,1.8922079801559448,0.2982456140350877,3.2481603622436523,0.0,0.0,0.0
346,4.559535980224609,0.15335390949152208,56.20195816733644,2.6972923278808594,5.273325443267822,0.8725445351465554,1.1103324890136719,0.47368421052631576,3.055267095565796,4.386142730712891,7.535780906677246,0.8812381385103818,1.8938755989074707,0.2982456140350877,3.2323312759399414,0.0,0.0,0.0
347,4.523146629333496,0.15316064534599777,56.13450737068388,2.6965928077697754,5.269081115722656,0.8727496161050932,1.1106078624725342,0.47368421052631576,3.0404982566833496,4.382706165313721,7.532767295837402,0.8813331146276012,1.8932524919509888,0.2982456140350877,3.217080593109131,0.0,0.0,0.0
348,4.486783981323242,0.1529156811276934,56.04967977071385,2.6947968006134033,5.263514518737793,0.8730183523556483,1.1106103658676147,0.47368421052631576,3.0264317989349365,4.387507438659668,7.5292887687683105,0.8814426824731003,1.8949323892593384,0.2807017543859649,3.200767755508423,0.0,0.0,0.0
349,4.450783729553223,0.15276103087734183,55.994646479407834,2.6928582191467285,5.260401248931885,0.8731685140607031,1.110703706741333,0.47368421052631576,3.0095129013061523,4.38544225692749,7.526330471038818,0.8815358312652313,1.8949922323226929,0.2807017543859649,3.1836423873901367,0.0,0.0,0.0
350,4.415431976318359,0.15267153257544172,55.961211975202104,2.69085955619812,5.259031772613525,0.8732345447699399,1.1106746196746826,0.47368421052631576,2.9907846450805664,4.37513542175293,7.523801803588867,0.8816154184388137,1.8927993774414062,0.2982456140350877,3.168548583984375,0.0,0.0,0.0
351,4.380389213562012,0.1525018135771778,55.89982595772415,2.689979314804077,5.255882740020752,0.8733863162618707,1.1111178398132324,0.47368421052631576,2.9743738174438477,4.378150939941406,7.520042896270752,0.8817336750359589,1.8947254419326782,0.2982456140350877,3.1509640216827393,0.0,0.0,0.0
352,4.345639228820801,0.15227235655182347,55.818029815622594,2.690642833709717,5.25129508972168,0.873607239879054,1.1120803356170654,0.47368421052631576,2.958740711212158,4.37650728225708,7.5155744552612305,0.8818741820032987,1.8949272632598877,0.2982456140350877,3.134891986846924,0.0,0.0,0.0
353,4.310779571533203,0.1520883958193494,55.75151027878053,2.6911606788635254,5.2478718757629395,0.8737719878237291,1.113188624382019,0.45614035087719296,2.9433066844940186,4.372542381286621,7.511504650115967,0.8820020947594897,1.8945955038070679,0.2982456140350877,3.1210803985595703,0.0,0.0,0.0
354,4.276718616485596,0.15196424674561076,55.70701291867442,2.6907436847686768,5.245452404022217,0.8738883538201616,1.1139631271362305,0.45614035087719296,2.9284958839416504,4.374144077301025,7.508960247039795,0.8820820044022053,1.8962706327438354,0.2982456140350877,3.1053900718688965,0.0,0.0,0.0
355,4.243320465087891,0.15191901736755664,55.691688085158034,2.690197229385376,5.244328022003174,0.8739423994697911,1.1147141456604004,0.45614035087719296,2.9118387699127197,4.36576509475708,7.508490085601807,0.8820967752800035,1.8948382139205933,0.2807017543859649,3.0912106037139893,0.0,0.0,0.0
356,4.209168910980225,0.15179679659292677,55.650949475124435,2.689688205718994,5.2411041259765625,0.8740973414566058,1.1154056787490845,0.45614035087719296,2.8967223167419434,4.370845317840576,7.507566452026367,0.8821257885445205,1.8973649740219116,0.2982456140350877,3.0742828845977783,0.0,0.0,0.0
357,4.175466060638428,0.15164751090186263,55.599415948283536,2.6891417503356934,5.237649917602539,0.8742632378467962,1.1160979270935059,0.45614035087719296,2.8813185691833496,4.376787185668945,7.505523204803467,0.8821899330296104,1.9002017974853516,0.2982456140350877,3.056443691253662,0.0,0.0,0.0
358,4.143398284912109,0.15159225453401617,55.577307797820595,2.6890125274658203,5.2372026443481445,0.8742847147595076,1.1170547008514404,0.45614035087719296,2.8631045818328857,4.3617167472839355,7.503201484680176,0.882262811053726,1.897138237953186,0.2982456140350877,3.039458751678467,0.0,0.0,0.0
359,4.110044479370117,0.15142897227338376,55.51679512382793,2.688831329345703,5.234559535980225,0.8744115836337287,1.1178803443908691,0.45614035087719296,2.8463237285614014,4.36000394821167,7.498824119567871,0.8824001381171127,1.8977693319320679,0.2982456140350877,3.022909164428711,0.0,0.0,0.0
360,4.07720947265625,0.15123585486505203,55.447007001822385,2.686948537826538,5.230942726135254,0.8745850578011647,1.1182124614715576,0.45614035087719296,2.8291327953338623,4.358024597167969,7.494564056396484,0.8825337209555635,1.8980034589767456,0.2982456140350877,3.0053906440734863,0.0,0.0,0.0
361,4.045073509216309,0.15109306735889133,55.39518542446888,2.6835415363311768,5.228327751159668,0.8747104248620197,1.1181310415267944,0.45614035087719296,2.8105249404907227,4.348024368286133,7.491298198699951,0.882636078032944,1.895625114440918,0.2807017543859649,2.987647294998169,0.0,0.0,0.0
362,4.013542652130127,0.15100391848140232,55.361577117601655,2.679736852645874,5.227038860321045,0.874772175893952,1.1178417205810547,0.45614035087719296,2.7923645973205566,4.346960544586182,7.48861026763916,0.8827202872641031,1.8964025974273682,0.2807017543859649,2.970216989517212,0.0,0.0,0.0
363,3.9818973541259766,0.15099235757731988,55.35578404412388,2.6776797771453857,5.22726583480835,0.8747613196483126,1.1182163953781128,0.45614035087719296,2.7746834754943848,4.341577053070068,7.48751974105835,0.8827544421198003,1.8963123559951782,0.2982456140350877,2.954026699066162,0.0,0.0,0.0
364,3.950531005859375,0.15093264593318684,55.33315744837114,2.6774332523345947,5.226434230804443,0.8748011618734935,1.1192564964294434,0.45614035087719296,2.75921893119812,4.338172912597656,7.485658645629883,0.8828127194581601,1.8967399597167969,0.2982456140350877,2.938106060028076,0.0,0.0,0.0
365,3.9200854301452637,0.150746571988402,55.26633501700178,2.677954912185669,5.222828388214111,0.874973840963265,1.1204462051391602,0.45614035087719296,2.7463817596435547,4.347472667694092,7.481764316558838,0.8829346217480063,1.899965524673462,0.2982456140350877,2.921567440032959,0.0,0.0,0.0
366,3.889829397201538,0.15068212706781847,55.241746883276505,2.677159309387207,5.221976280212402,0.8750146549500357,1.121156096458435,0.45614035087719296,2.7305915355682373,4.340798854827881,7.4796671867370605,0.8830002352591476,1.8989163637161255,0.2982456140350877,2.90520977973938,0.0,0.0,0.0
367,3.859266757965088,0.15066719810549675,55.233994302285396,2.6756768226623535,5.222344398498535,0.8749970356363626,1.1214690208435059,0.45614035087719296,2.714124917984009,4.33610725402832,7.478116512298584,0.8830487310337988,1.898574709892273,0.2982456140350877,2.8895959854125977,0.0,0.0,0.0
368,3.8295326232910156,0.15060640718624546,55.211582580574714,2.673457145690918,5.221325397491455,0.8750458003997769,1.1216291189193726,0.45614035087719296,2.6991519927978516,4.338103294372559,7.4765424728393555,0.8830979613214757,1.899911642074585,0.2982456140350877,2.8756954669952393,0.0,0.0,0.0
369,3.800170660018921,0.15049893834339012,55.17417900209,2.6728694438934326,5.218913555145264,0.8751612142661669,1.122159719467163,0.45614035087719296,2.6863715648651123,4.336568355560303,7.474907398223877,0.8831490995515243,1.9001188278198242,0.2982456140350877,2.862109899520874,0.0,0.0,0.0
370,3.771070957183838,0.15036096515762506,55.1250915249816,2.673259973526001,5.216109275817871,0.8752953468128772,1.1231298446655273,0.45614035087719296,2.674488067626953,4.337182521820068,7.472254753112793,0.8832320099486743,1.9010450839996338,0.2982456140350877,2.848618984222412,0.0,0.0,0.0
371,3.742156982421875,0.150220281744172,55.07408804330419,2.6742334365844727,5.213510513305664,0.8754195654282171,1.124213457107544,0.45614035087719296,2.6628963947296143,4.332826137542725,7.469055652618408,0.8833319753799833,1.9007797241210938,0.2982456140350877,2.834404230117798,0.0,0.0,0.0
372,3.7136449813842773,0.1500539913820684,55.01406657472785,2.6740081310272217,5.210363864898682,0.875569913632971,1.124776005744934,0.45614035087719296,2.6518971920013428,4.333442211151123,7.465410232543945,0.8834458338564499,1.9017105102539062,0.2982456140350877,2.819992780685425,0.0,0.0,0.0
373,3.68538761138916,0.1500012056372167,54.994256954544085,2.67250657081604,5.209573268890381,0.8756076650983677,1.1246610879898071,0.45614035087719296,2.6399753093719482,4.330514430999756,7.463860034942627,0.8834942310988658,1.902065396308899,0.2982456140350877,2.806394338607788,0.0,0.0,0.0
374,3.6574783325195312,0.14990841839152447,54.95854809491209,2.6708149909973145,5.208427906036377,0.8756623487732835,1.1243468523025513,0.45614035087719296,2.6296215057373047,4.332699775695801,7.460673809051514,0.8835936859540472,1.9034028053283691,0.2982456140350877,2.7932188510894775,0.0,0.0,0.0
375,3.6298184394836426,0.1498558048021243,54.93662196999571,2.6693308353424072,5.208240985870361,0.8756712811272905,1.124146580696106,0.45614035087719296,2.6187031269073486,4.325041770935059,7.457995414733887,0.8836772412894638,1.9019297361373901,0.2982456140350877,2.779773473739624,0.0,0.0,0.0
376,3.6023876667022705,0.1497712598608211,54.90345542514763,2.6686599254608154,5.207370758056641,0.8757128214813101,1.1242460012435913,0.45614035087719296,2.6078662872314453,4.328152656555176,7.454762935638428,0.8837780576809855,1.903938889503479,0.2982456140350877,2.7635304927825928,0.0,0.0,0.0
377,3.5753087997436523,0.14972001605462848,54.88388993435797,2.668666124343872,5.206695079803467,0.8757450662976983,1.1245604753494263,0.45614035087719296,2.595686197280884,4.324203014373779,7.453082084655762,0.8838304678726152,1.9042476415634155,0.2807017543859649,2.7480366230010986,0.0,0.0,0.0
378,3.548201084136963,0.14959052853396104,54.83861433038737,2.6681723594665527,5.203838348388672,0.875881387761929,1.1247321367263794,0.45614035087719296,2.5849545001983643,4.319553852081299,7.450997352600098,0.8838954364454901,1.9040234088897705,0.2807017543859649,2.7309181690216064,0.0,0.0,0.0
379,3.5218665599823,0.1494111026442374,54.77646483966669,2.6671040058135986,5.1997151374816895,0.8760779977078206,1.12468683719635,0.45614035087719296,2.576543092727661,4.324575901031494,7.448412895202637,0.8839759731115204,1.9063760042190552,0.2807017543859649,2.7136383056640625,0.0,0.0,0.0
380,3.495957851409912,0.14937775030175188,54.76545591356182,2.666316270828247,5.198798179626465,0.8761217073478134,1.1247308254241943,0.47368421052631576,2.5669920444488525,4.317664623260498,7.448215007781982,0.883982135854956,1.9058427810668945,0.2807017543859649,2.6980879306793213,0.0,0.0,0.0
381,3.4696216583251953,0.14932875291215167,54.74506488085217,2.6657228469848633,5.198616027832031,0.8761303746759322,1.1249264478683472,0.47368421052631576,2.5574302673339844,4.320073127746582,7.445731163024902,0.8840595015745093,1.9078574180603027,0.2807017543859649,2.6828677654266357,0.0,0.0,0.0
382,3.44350528717041,0.14920962876852698,54.699119591699855,2.6657602787017822,5.197170257568359,0.8761992715910701,1.1255228519439697,0.47368421052631576,2.547398567199707,4.3220133781433105,7.441577911376953,0.8841888116969444,1.9092004299163818,0.2807017543859649,2.6675877571105957,0.0,0.0,0.0
383,3.4182591438293457,0.14912880770748665,54.66573087409438,2.666482925415039,5.196801662445068,0.8762168320101016,1.1263617277145386,0.47368421052631576,2.535799503326416,4.314438819885254,7.437604904174805,0.8843124427796438,1.9080703258514404,0.2807017543859649,2.653564453125,0.0,0.0,0.0
384,3.3936069011688232,0.1489788455339421,54.60619338628328,2.666177749633789,5.195450305938721,0.8762811842220469,1.1266766786575317,0.47368421052631576,2.5248963832855225,4.316836833953857,7.431485652923584,0.8845027174832159,1.9097591638565063,0.2807017543859649,2.638357639312744,0.0,0.0,0.0
385,3.368950843811035,0.14888683071953535,54.570191058125374,2.6663906574249268,5.194474697113037,0.8763276520944309,1.1272493600845337,0.47368421052631576,2.514054775238037,4.309278964996338,7.428004264831543,0.8846109148348986,1.9087674617767334,0.2807017543859649,2.624390125274658,0.0,0.0,0.0
386,3.343949317932129,0.1486934226766627,54.50037361175055,2.665870428085327,5.190803527832031,0.8765024121282129,1.1276724338531494,0.47368421052631576,2.506308078765869,4.312421798706055,7.423736572265625,0.8847434586061422,1.91054105758667,0.2807017543859649,2.6090829372406006,0.0,0.0,0.0
387,3.319289445877075,0.14857883375884515,54.459382561517714,2.664961814880371,5.188523769378662,0.876610846979549,1.1278982162475586,0.47368421052631576,2.497772216796875,4.316450119018555,7.4214019775390625,0.884815951458793,1.912917137145996,0.2807017543859649,2.5940024852752686,0.0,0.0,0.0
388,3.2956156730651855,0.14856580342786657,54.454714773250316,2.664325475692749,5.188266277313232,0.8766230970650444,1.1282849311828613,0.47368421052631576,2.4865896701812744,4.308978080749512,7.421133041381836,0.884824290868878,1.9119575023651123,0.2807017543859649,2.5797300338745117,0.0,0.0,0.0
389,3.2727203369140625,0.14844004889509055,54.4083199284255,2.663290023803711,5.186153411865234,0.8767235713239633,1.1284438371658325,0.47368421052631576,2.476008176803589,4.318280220031738,7.417834281921387,0.8849266658612105,1.915482759475708,0.2807017543859649,2.5635643005371094,0.0,0.0,0.0
390,3.2491419315338135,0.14834101879672196,54.37077461373383,2.663290500640869,5.1847686767578125,0.8767893959019538,1.129237174987793,0.47368421052631576,2.4643445014953613,4.311011791229248,7.414708137512207,0.8850236305380849,1.9146455526351929,0.2807017543859649,2.548981189727783,0.0,0.0,0.0
391,3.2248287200927734,0.14813393535479763,54.29370300438359,2.664090394973755,5.1814727783203125,0.8769459771229653,1.130298376083374,0.47368421052631576,2.454596996307373,4.311511516571045,7.408919334411621,0.8852031025256929,1.9156365394592285,0.2807017543859649,2.5338447093963623,0.0,0.0,0.0
392,3.2013754844665527,0.14798755208287886,54.23891367330202,2.6652228832244873,5.179227352142334,0.8770526255035,1.1312975883483887,0.47368421052631576,2.4442758560180664,4.314256191253662,7.4046630859375,0.8853349565712904,1.9174972772598267,0.2807017543859649,2.5188684463500977,0.0,0.0,0.0
393,3.178813934326172,0.14796653654882816,54.23107326063155,2.66559100151062,5.178897857666016,0.8770682620308993,1.1318907737731934,0.47368421052631576,2.4319212436676025,4.310056686401367,7.404065132141113,0.8853534627165488,1.9176689386367798,0.2807017543859649,2.5048506259918213,0.0,0.0,0.0
394,3.15645694732666,0.1477880918430865,54.16749681583349,2.6656055450439453,5.175267696380615,0.8772405288581782,1.1321009397506714,0.47368421052631576,2.4218039512634277,4.319529056549072,7.400554180145264,0.8854621796018352,1.921138882637024,0.2807017543859649,2.4892473220825195,0.0,0.0,0.0
395,3.1340932846069336,0.147683683502694,54.13029148788837,2.6651968955993652,5.173144340515137,0.8773412583272115,1.1324180364608765,0.47368421052631576,2.410942792892456,4.312618732452393,7.398495674133301,0.8855258851706048,1.9200246334075928,0.2807017543859649,2.4740312099456787,0.0,0.0,0.0
396,3.111447334289551,0.14750086245844063,54.06388301423101,2.6652941703796387,5.169774532318115,0.8775010002273333,1.1328587532043457,0.47368421052631576,2.401829481124878,4.314898490905762,7.394229412078857,0.8856578735783411,1.92108154296875,0.2807017543859649,2.457798480987549,0.0,0.0,0.0
397,3.089138984680176,0.1473861041397975,54.020424496041414,2.6667661666870117,5.168150901794434,0.877577926445304,1.1337165832519531,0.47368421052631576,2.391843795776367,4.315188884735107,7.390621185302734,0.8857694299834953,1.9221833944320679,0.2807017543859649,2.4415111541748047,0.0,0.0,0.0
398,3.0674827098846436,0.14733601356563705,54.00024978088379,2.668274402618408,5.167777061462402,0.8775956439167135,1.1346920728683472,0.47368421052631576,2.3802125453948975,4.307600021362305,7.388413906097412,0.8858376590776065,1.9215612411499023,0.2807017543859649,2.425222873687744,0.0,0.0,0.0
399,3.046295404434204,0.14716896348125885,53.93806603624705,2.6683249473571777,5.1651129722595215,0.8777218256867803,1.1352791786193848,0.47368421052631576,2.3696465492248535,4.314753532409668,7.383721828460693,0.8859826089530043,1.9242534637451172,0.2807017543859649,2.407404899597168,0.0,0.0,0.0
400,3.024874210357666,0.14707138692338861,53.902554916485656,2.6686606407165527,5.163330554962158,0.8778062020769392,1.1360743045806885,0.47368421052631576,2.3576812744140625,4.307872772216797,7.381405353546143,0.8860541433557313,1.9236171245574951,0.2807017543859649,2.3907036781311035,0.0,0.0,0.0
401,3.0037338733673096,0.14692271574196153,53.850258717228144,2.6687114238739014,5.160109996795654,0.8779585723310617,1.136682152748108,0.45614035087719296,2.348024845123291,4.318860054016113,7.378824234008789,0.8861338111465971,1.9278771877288818,0.2631578947368421,2.373692035675049,0.0,0.0,0.0
402,2.9822402000427246,0.1468941081014289,53.84064446690013,2.668393850326538,5.159365177154541,0.8779938011426346,1.1371142864227295,0.47368421052631576,2.3375840187072754,4.319089889526367,7.378562927246094,0.8861418728749284,1.9296469688415527,0.2631578947368421,2.3574740886688232,0.0,0.0,0.0
403,2.961130142211914,0.14682396243675616,53.81479251528356,2.668280839920044,5.158172607421875,0.87805021239371,1.137499213218689,0.47368421052631576,2.3277790546417236,4.318075180053711,7.3767266273498535,0.886198537867622,1.9308125972747803,0.2631578947368421,2.3411827087402344,0.0,0.0,0.0
404,2.940563440322876,0.14675162028576322,53.78562057020736,2.668686866760254,5.157641410827637,0.8780753113268923,1.1377578973770142,0.45614035087719296,2.3179023265838623,4.320372104644775,7.373514175415039,0.8862976344237663,1.9330073595046997,0.2631578947368421,2.3274004459381104,0.0,0.0,0.0
405,2.9205985069274902,0.14658386767868486,53.723996043434795,2.6691768169403076,5.1547322273254395,0.8782128303155065,1.1383925676345825,0.45614035087719296,2.309136152267456,4.318172931671143,7.3692240715026855,0.8864299094707321,1.932862401008606,0.2631578947368421,2.3133292198181152,0.0,0.0,0.0
406,2.9001035690307617,0.14644023743120485,53.674716968354005,2.669677972793579,5.15126895904541,0.8783764101831192,1.1389902830123901,0.45614035087719296,2.2996015548706055,4.3184614181518555,7.367380142211914,0.8864867267405164,1.9335250854492188,0.2631578947368421,2.300412654876709,0.0,0.0,0.0
407,2.8802592754364014,0.14643706066499323,53.67486423013315,2.671043872833252,5.150847434997559,0.8783963165720492,1.139841914176941,0.45614035087719296,2.288067579269409,4.317830562591553,7.367989540100098,0.8864679608284561,1.9349896907806396,0.2631578947368421,2.2876040935516357,0.0,0.0,0.0
408,2.8602161407470703,0.1464258261379463,53.67035231611692,2.6727309226989746,5.150759696960449,0.8784004784600701,1.1408888101577759,0.45614035087719296,2.2769148349761963,4.319467544555664,7.367499828338623,0.8864830541753876,1.9374421834945679,0.2631578947368421,2.274152994155884,0.0,0.0,0.0
409,2.8406362533569336,0.1463598140299851,53.645166111739854,2.673736810684204,5.149874687194824,0.8784422543926569,1.142008662223816,0.45614035087719296,2.2660868167877197,4.313642501831055,7.365318298339844,0.8865502621172434,1.9372169971466064,0.2631578947368421,2.259878635406494,0.0,0.0,0.0
410,2.821326971054077,0.14620409527243572,53.58809255312656,2.674476146697998,5.147133827209473,0.878571616473381,1.1428333520889282,0.43859649122807015,2.2564377784729004,4.321468353271484,7.361400127410889,0.886670946190364,1.9404473304748535,0.2631578947368421,2.2439591884613037,0.0,0.0,0.0
411,2.8031740188598633,0.1462581783476159,53.6061637801256,2.675677537918091,5.148574352264404,0.8785036127936438,1.1436737775802612,0.45614035087719296,2.2429633140563965,4.308568000793457,7.36184024810791,0.8866573845718154,1.938370704650879,0.2631578947368421,2.231264591217041,0.0,0.0,0.0
412,2.78593111038208,0.14609860805051447,53.548818776691405,2.6771957874298096,5.14544677734375,0.8786511831344592,1.1444592475891113,0.43859649122807015,2.2329273223876953,4.329568386077881,7.358423233032227,0.8867625722115879,1.9452614784240723,0.2631578947368421,2.217066764831543,0.0,0.0,0.0
413,2.7668516635894775,0.14597027138997987,53.50341369633884,2.6793336868286133,5.142730236053467,0.8787792986119318,1.1460384130477905,0.43859649122807015,2.2218167781829834,4.315447807312012,7.356050491333008,0.8868355935553183,1.9417492151260376,0.2631578947368421,2.2060329914093018,0.0,0.0,0.0
414,2.7459020614624023,0.14578544386433973,53.43883290646909,2.6813204288482666,5.138588905334473,0.8789744361917782,1.1474071741104126,0.43859649122807015,2.2111964225769043,4.322627544403076,7.353058815002441,0.8869276226629587,1.9439754486083984,0.2631578947368421,2.1941726207733154,0.0,0.0,0.0
415,2.726278066635132,0.1457084443223537,53.41302987790732,2.6824758052825928,5.136554718017578,0.8790702381424473,1.1481021642684937,0.43859649122807015,2.2000839710235596,4.32778263092041,7.352392196655273,0.8869481173678722,1.9460312128067017,0.2631578947368421,2.183730125427246,0.0,0.0,0.0
416,2.709054946899414,0.14574816140555788,53.427154193830916,2.68314266204834,5.137376308441162,0.8790315639943288,1.1484525203704834,0.45614035087719296,2.187979221343994,4.309791088104248,7.353165149688721,0.8869243531842466,1.9417321681976318,0.2631578947368421,2.1750996112823486,0.0,0.0,0.0
417,2.6946797370910645,0.14548031738037626,53.3344366432309,2.684253454208374,5.131124019622803,0.8793258212563326,1.1491724252700806,0.43859649122807015,2.181330442428589,4.335113048553467,7.349286079406738,0.8870436130186952,1.9489203691482544,0.24561403508771928,2.162893772125244,0.0,0.0,0.0
418,2.675332546234131,0.14536393940002834,53.29203551004343,2.684161901473999,5.128997325897217,0.8794258341738908,1.1499049663543701,0.45614035087719296,2.1716785430908203,4.315773010253906,7.346485137939453,0.8871297033197982,1.9439959526062012,0.2631578947368421,2.153641939163208,0.0,0.0,0.0
419,2.654940605163574,0.14540166718229364,53.30320221634315,2.683077812194824,5.130408763885498,0.8793594599125768,1.149706244468689,0.45614035087719296,2.162358522415161,4.319940567016602,7.346034049987793,0.8871435694925282,1.9467239379882812,0.2631578947368421,2.1458942890167236,0.0,0.0,0.0
420,2.63533616065979,0.14537801994261912,53.29217049499982,2.6830692291259766,5.130652904510498,0.8793479754574248,1.1499749422073364,0.43859649122807015,2.15413761138916,4.325755596160889,7.344191074371338,0.8872001896978421,1.9498815536499023,0.2631578947368421,2.1378931999206543,0.0,0.0,0.0
421,2.6192378997802734,0.145266568172982,53.250958622435746,2.6836583614349365,5.128785610198975,0.8794357971841293,1.1511527299880981,0.47368421052631576,2.1456398963928223,4.308138847351074,7.341187477111816,0.8872924248274289,1.9455534219741821,0.2631578947368421,2.128854513168335,0.0,0.0,0.0
422,2.60451602935791,0.1451264171583537,53.20298238475891,2.683601140975952,5.125358581542969,0.8795968543979181,1.1512898206710815,0.45614035087719296,2.13826060295105,4.332988262176514,7.3394389152526855,0.8873461069806399,1.9527440071105957,0.2631578947368421,2.117018699645996,0.0,0.0,0.0
423,2.5896823406219482,0.1451863282449878,53.22410876497224,2.6850380897521973,5.126650810241699,0.8795361242064438,1.1521772146224976,0.47368421052631576,2.1257476806640625,4.305877685546875,7.340512275695801,0.8873131613841923,1.9463591575622559,0.2631578947368421,2.1093063354492188,0.0,0.0,0.0
424,2.571549415588379,0.1449914025639878,53.15442364140574,2.6851115226745605,5.122711181640625,0.8797212006183153,1.15226411819458,0.45614035087719296,2.117645025253296,4.325512409210205,7.33651876449585,0.8874357354847328,1.9517632722854614,0.2631578947368421,2.099909782409668,0.0,0.0,0.0
425,2.5502641201019287,0.14478964319561916,53.07990494080559,2.6853435039520264,5.119300842285156,0.8798812860705142,1.1527695655822754,0.45614035087719296,2.1095974445343018,4.319086074829102,7.331120491027832,0.8876013233846589,1.9497967958450317,0.2631578947368421,2.0908286571502686,0.0,0.0,0.0
426,2.532921075820923,0.1448386096166527,53.09469543431999,2.684635877609253,5.1210527420043945,0.8797990691505547,1.1526525020599365,0.47368421052631576,2.0995895862579346,4.296049118041992,7.330690860748291,0.8876145087892187,1.9439365863800049,0.2631578947368421,2.081960916519165,0.0,0.0,0.0
427,2.518402099609375,0.1447039186247061,53.04885107057737,2.683753728866577,5.117680549621582,0.8799573288688577,1.152228593826294,0.45614035087719296,2.091773748397827,4.317264080047607,7.329146862030029,0.8876618400919998,1.9496941566467285,0.2631578947368421,2.0717642307281494,0.0,0.0,0.0
428,2.503539562225342,0.1446702219901911,53.03905544706629,2.6852760314941406,5.116366863250732,0.8800189424799592,1.153527021408081,0.47368421052631576,2.0815253257751465,4.29807186126709,7.329644680023193,0.8876465765530257,1.9448336362838745,0.2631578947368421,2.0646185874938965,0.0,0.0,0.0
429,2.48829984664917,0.14456472679063342,53.00379406737807,2.6857011318206787,5.113542079925537,0.8801513867136044,1.1541377305984497,0.45614035087719296,2.0746774673461914,4.324729919433594,7.3287763595581055,0.8876731981714711,1.9532103538513184,0.24561403508771928,2.0556561946868896,0.0,0.0,0.0
430,2.4692625999450684,0.14467408613202515,53.04101799299622,2.6842024326324463,5.116281986236572,0.8800229178682809,1.1543161869049072,0.47368421052631576,2.0635955333709717,4.30510950088501,7.330030918121338,0.8876347437273304,1.9491933584213257,0.2631578947368421,2.0492029190063477,0.0,0.0,0.0
431,2.451146125793457,0.14460169388319766,53.01404447524544,2.682595729827881,5.115123271942139,0.8800772579911195,1.1541188955307007,0.47368421052631576,2.054657459259033,4.304487705230713,7.327968120574951,0.8876979745498761,1.9494277238845825,0.2631578947368421,2.0394906997680664,0.0,0.0,0.0
432,2.4344310760498047,0.14439984138827766,52.941429868986575,2.684152126312256,5.111161708831787,0.8802629527967298,1.1554975509643555,0.47368421052631576,2.0473461151123047,4.305222034454346,7.3235859870910645,0.887832238156497,1.9499731063842773,0.24561403508771928,2.0301339626312256,0.0,0.0,0.0
433,2.4185791015625,0.14438281315479046,52.937426846770336,2.685763359069824,5.110230922698975,0.8803065544632126,1.1566944122314453,0.47368421052631576,2.0403990745544434,4.307663440704346,7.324338436126709,0.8878091905709452,1.951818585395813,0.24561403508771928,2.0206241607666016,0.0,0.0,0.0
434,2.402658462524414,0.14436673966983268,52.93455276161001,2.6853113174438477,5.109097957611084,0.8803596283512524,1.1570791006088257,0.47368421052631576,2.031886339187622,4.308771133422852,7.325526714324951,0.8877727873887912,1.952986478805542,0.24561403508771928,2.0095133781433105,0.0,0.0,0.0
435,2.3874237537384033,0.14417381337627122,52.8632896963295,2.6831746101379395,5.105830192565918,0.8805126169991139,1.1565954685211182,0.47368421052631576,2.023557424545288,4.310837268829346,7.3203535079956055,0.887931245137882,1.953956961631775,0.24561403508771928,1.9982496500015259,0.0,0.0,0.0
436,2.3719162940979004,0.1441533652127463,52.85376372224471,2.681942939758301,5.106038570404053,0.8805028601201215,1.1564795970916748,0.47368421052631576,2.016172170639038,4.301763534545898,7.318761348724365,0.8879799827643832,1.9523465633392334,0.24561403508771928,1.9876898527145386,0.0,0.0,0.0
437,2.3575096130371094,0.1442808728548498,52.900359595622604,2.681975841522217,5.108339786529541,0.8803951221887134,1.1562331914901733,0.47368421052631576,2.010067939758301,4.312880039215088,7.321915626525879,0.8878834032589734,1.9567044973373413,0.24561403508771928,1.9778804779052734,0.0,0.0,0.0
438,2.3446736335754395,0.14438403254492735,52.93795072683713,2.683964729309082,5.110230922698975,0.8803065544632126,1.1576244831085205,0.47368421052631576,2.0030126571655273,4.297585487365723,7.3244099617004395,0.8878070049468199,1.9534168243408203,0.24561403508771928,1.9707865715026855,0.0,0.0,0.0
439,2.3346991539001465,0.1441796691477506,52.86842141377042,2.6838741302490234,5.1050944328308105,0.8805470507330223,1.15766179561615,0.45614035087719296,2.0010530948638916,4.333238124847412,7.322080612182617,0.8878783512425524,1.9635279178619385,0.24561403508771928,1.9596664905548096,0.0,0.0,0.0
440,2.3234684467315674,0.1443722846079022,52.933930142602094,2.684837579727173,5.109942436218262,0.8803200707835068,1.1585252285003662,0.45614035087719296,1.9912034273147583,4.29403829574585,7.324263572692871,0.8878114926422576,1.95338773727417,0.21052631578947367,1.9534271955490112,0.0,0.0,0.0
441,2.3073108196258545,0.14417720260398265,52.86459150298674,2.6849210262298584,5.1058735847473145,0.8805105753181979,1.1587542295455933,0.45614035087719296,1.987210750579834,4.3212809562683105,7.320470809936523,0.8879276531900366,1.9616509675979614,0.22807017543859648,1.9435958862304688,0.0,0.0,0.0
442,2.2887256145477295,0.1440241005278452,52.80970195615748,2.6863226890563965,5.102810859680176,0.8806538856132562,1.1601581573486328,0.45614035087719296,1.9796969890594482,4.308191299438477,7.3172430992126465,0.8880264541494755,1.9583004713058472,0.22807017543859648,1.9368497133255005,0.0,0.0,0.0
443,2.2706656455993652,0.14400040640975822,52.80182163578081,2.6864843368530273,5.102163791656494,0.8806841476433702,1.1606706380844116,0.45614035087719296,1.9718228578567505,4.315366268157959,7.317068576812744,0.888031801762602,1.9606693983078003,0.22807017543859648,1.9294127225875854,0.0,0.0,0.0
444,2.255262851715088,0.14403490811743674,52.81325049914824,2.6854751110076904,5.103118896484375,0.8806394760575613,1.160507321357727,0.45614035087719296,1.9627892971038818,4.315838813781738,7.317298412322998,0.8880247701440018,1.9608018398284912,0.22807017543859648,1.9208476543426514,0.0,0.0,0.0
445,2.2424991130828857,0.14397195028519133,52.79004515648569,2.6866114139556885,5.10203742980957,0.8806900665548716,1.1618881225585938,0.43859649122807015,1.953489899635315,4.304713249206543,7.3156352043151855,0.8880756575647246,1.9578602313995361,0.22807017543859648,1.9131593704223633,0.0,0.0,0.0
446,2.2314844131469727,0.14376541354145883,52.71799224788458,2.686499834060669,5.0973405838012695,0.8809096355952933,1.161800503730774,0.45614035087719296,1.9481528997421265,4.336320877075195,7.312333583831787,0.8881766620632406,1.9671568870544434,0.24561403508771928,1.9032608270645142,0.0,0.0,0.0
447,2.2226414680480957,0.14388488018566048,52.75564976483213,2.686251401901245,5.101189613342285,0.8807297026488061,1.1620465517044067,0.43859649122807015,1.9373867511749268,4.294614791870117,7.31211519241333,0.8881833532977557,1.9571722745895386,0.21052631578947367,1.897843837738037,0.0,0.0,0.0
448,2.213137626647949,0.1436709076400565,52.68094949351632,2.6851089000701904,5.096337795257568,0.880956486282849,1.1617529392242432,0.45614035087719296,1.9324380159378052,4.329491138458252,7.308664798736572,0.8882888454917095,1.9671217203140259,0.22807017543859648,1.8883204460144043,0.0,0.0,0.0
449,2.194939374923706,0.14369677483134377,52.69009439487229,2.685990810394287,5.096892356872559,0.8809305726404549,1.1631098985671997,0.43859649122807015,1.9248197078704834,4.304300308227539,7.309142589569092,0.8882742358484779,1.9610028266906738,0.21052631578947367,1.882251262664795,0.0,0.0,0.0
450,2.1779189109802246,0.1436781895849351,52.685172898103815,2.6862497329711914,5.096029281616211,0.8809708860227703,1.1632131338119507,0.45614035087719296,1.9207994937896729,4.325443267822266,7.309672832489014,0.8882580228170559,1.9676501750946045,0.22807017543859648,1.8734248876571655,0.0,0.0,0.0
451,2.16186785697937,0.143530636651233,52.631029537669974,2.689141035079956,5.0934224128723145,0.8810926408789279,1.1650099754333496,0.43859649122807015,1.9166150093078613,4.3208441734313965,7.305898666381836,0.8883733861494778,1.9663453102111816,0.22807017543859648,1.8655171394348145,0.0,0.0,0.0
452,2.146787405014038,0.14335195777589502,52.565772399415664,2.6909306049346924,5.090177059173584,0.8812441178976498,1.1660045385360718,0.43859649122807015,1.9132356643676758,4.316168308258057,7.301488876342773,0.8885081065873708,1.9644947052001953,0.24561403508771928,1.8572897911071777,0.0,0.0,0.0
453,2.1354894638061523,0.1433294268257103,52.55976515196653,2.6893250942230225,5.089140892028809,0.8812924703985714,1.1643139123916626,0.45614035087719296,1.9101954698562622,4.3354082107543945,7.30211067199707,0.8884891077809365,1.9697456359863281,0.24561403508771928,1.8479888439178467,0.0,0.0,0.0
454,2.1273655891418457,0.14339433355551728,52.58030303656119,2.688612937927246,5.091213703155518,0.8811957457651808,1.1641465425491333,0.45614035087719296,1.9022884368896484,4.2978434562683105,7.302033424377441,0.8884914725545804,1.96004056930542,0.24561403508771928,1.8416028022766113,0.0,0.0,0.0
455,2.122915744781494,0.14320669675408257,52.51819417019408,2.6875762939453125,5.085991859436035,0.8814393241879116,1.163560390472412,0.45614035087719296,1.897945761680603,4.338709354400635,7.300805568695068,0.8885289685487971,1.9713196754455566,0.24561403508771928,1.831154704093933,0.0,0.0,0.0
456,2.110360622406006,0.14341107505055872,52.58899173588827,2.688431739807129,5.090791702270508,0.8812154263913172,1.1644190549850464,0.45614035087719296,1.8873733282089233,4.302628040313721,7.303811550140381,0.8884371633780548,1.963263750076294,0.22807017543859648,1.825866460800171,0.0,0.0,0.0
457,2.089622974395752,0.14346388888970002,52.61021277297391,2.689344882965088,5.091206073760986,0.881196089317258,1.1647942066192627,0.45614035087719296,1.8816713094711304,4.326046466827393,7.30613899230957,0.8883660499766962,1.9715105295181274,0.22807017543859648,1.8165898323059082,0.0,0.0,0.0
458,2.0723984241485596,0.143412142116373,52.59159865086383,2.691438674926758,5.090185642242432,0.8812437252667044,1.1664800643920898,0.43859649122807015,1.8749382495880127,4.324166297912598,7.305013179779053,0.8884004377267675,1.9717711210250854,0.24561403508771928,1.8080267906188965,0.0,0.0,0.0
459,2.0596015453338623,0.14353490149104792,52.63274849669506,2.6922061443328857,5.093454360961914,0.8810911390655619,1.167178988456726,0.45614035087719296,1.8674603700637817,4.304584503173828,7.306089401245117,0.8883675548326514,1.9666550159454346,0.21052631578947367,1.8008838891983032,0.0,0.0,0.0
460,2.0507612228393555,0.1434450628076143,52.59967136541229,2.6897544860839844,5.091897964477539,0.881163815053549,1.1655592918395996,0.47368421052631576,1.8636082410812378,4.325540542602539,7.303731441497803,0.888439599811506,1.9719665050506592,0.22807017543859648,1.7923390865325928,0.0,0.0,0.0
461,2.046055793762207,0.14343506839678175,52.59202763299743,2.689373731613159,5.0928425788879395,0.8811197225983844,1.1660733222961426,0.45614035087719296,1.856223225593567,4.287647247314453,7.301367282867432,0.8885118060249273,1.9617459774017334,0.21052631578947367,1.788114309310913,0.0,0.0,0.0
462,2.0387039184570312,0.14314410923148024,52.48935763188888,2.689018726348877,5.086541652679443,0.8814136853871792,1.1658021211624146,0.47368421052631576,1.8543179035186768,4.331984043121338,7.296088218688965,0.8886729689317472,1.9738661050796509,0.22807017543859648,1.7784042358398438,0.0,0.0,0.0
463,2.0212528705596924,0.14330712721127384,52.54682309236921,2.6912033557891846,5.090089321136475,0.8812482110752552,1.167322039604187,0.45614035087719296,1.848168134689331,4.3090081214904785,7.299015522003174,0.8885836181094079,1.9695470333099365,0.21052631578947367,1.7722028493881226,0.0,0.0,0.0
464,2.0017032623291016,0.14327089399329862,52.53785056141919,2.693960666656494,5.088228702545166,0.8813350217772754,1.1689510345458984,0.45614035087719296,1.844456434249878,4.316784381866455,7.300380706787109,0.8885419389739347,1.97257661819458,0.21052631578947367,1.7631347179412842,0.0,0.0,0.0
465,1.9890989065170288,0.1430646568868577,52.46545413038905,2.694772481918335,5.083652496337891,0.8815483676172131,1.1692726612091064,0.43859649122807015,1.8401694297790527,4.331972122192383,7.296839237213135,0.8886500557083342,1.9770008325576782,0.24561403508771928,1.7547599077224731,0.0,0.0,0.0
466,1.9805212020874023,0.14314011787261136,52.48718003386489,2.6937248706817627,5.086672306060791,0.8814075897917525,1.1688339710235596,0.45614035087719296,1.83145272731781,4.297097682952881,7.295607566833496,0.8886876502347862,1.9678363800048828,0.22807017543859648,1.7477174997329712,0.0,0.0,0.0
467,1.9768171310424805,0.14290391562280202,52.40483768188551,2.6918156147003174,5.081267356872559,0.8816595018062987,1.1677947044372559,0.45614035087719296,1.8259170055389404,4.326145648956299,7.291852951049805,0.8888021805219471,1.9753849506378174,0.22807017543859648,1.7368272542953491,0.0,0.0,0.0
468,1.9671509265899658,0.14308086470021492,52.46946971952775,2.691598415374756,5.084485054016113,0.881509575679811,1.1682039499282837,0.45614035087719296,1.8167563676834106,4.292581081390381,7.296229362487793,0.8886686693433038,1.9664942026138306,0.21052631578947367,1.7315336465835571,0.0,0.0,0.0
469,1.9506957530975342,0.1428707150260619,52.40170338578275,2.6937646865844727,5.078121185302734,0.8818059924120143,1.1692191362380981,0.45614035087719296,1.8129277229309082,4.328573703765869,7.29580545425415,0.8886816039385377,1.977041482925415,0.24561403508771928,1.7227762937545776,0.0,0.0,0.0
470,1.9343628883361816,0.14282197279798395,52.38339123547337,2.696434259414673,5.077377796173096,0.8818405930140747,1.1707569360733032,0.45614035087719296,1.8078725337982178,4.324335098266602,7.29433012008667,0.8887266242125303,1.9772059917449951,0.24561403508771928,1.715692162513733,0.0,0.0,0.0
471,1.9213430881500244,0.14275864628645232,52.35634983495072,2.6986329555511475,5.077331066131592,0.8818427721158214,1.1725618839263916,0.45614035087719296,1.8015350103378296,4.304235458374023,7.290687084197998,0.8888377417013643,1.9720412492752075,0.24561403508771928,1.7080237865447998,0.0,0.0,0.0
472,1.9133554697036743,0.14265320425819272,52.32038068767031,2.6981842517852783,5.074691295623779,0.8819655968913053,1.1719248294830322,0.43859649122807015,1.7958239316940308,4.33147668838501,7.289429187774658,0.8888760886557938,1.9798082113265991,0.24561403508771928,1.6978976726531982,0.0,0.0,0.0
473,1.908162236213684,0.1426692227666949,52.32500946346056,2.699127674102783,5.075328826904297,0.8819359532549301,1.17306649684906,0.43859649122807015,1.7871488332748413,4.300178050994873,7.2891764640808105,0.8888837920850883,1.9719687700271606,0.22807017543859648,1.692912220954895,0.0,0.0,0.0
474,1.9037909507751465,0.14247416682778144,52.262360753123176,2.6989476680755615,5.069340705871582,0.8822143678582886,1.173245906829834,0.42105263157894735,1.7823606729507446,4.341660022735596,7.288915634155273,0.8888917552811845,1.9832570552825928,0.24561403508771928,1.6835145950317383,0.0,0.0,0.0
475,1.8884990215301514,0.14277063567831455,52.36686655407914,2.6987035274505615,5.075813293457031,0.8819134064228926,1.1736156940460205,0.43859649122807015,1.7726001739501953,4.305273532867432,7.2942423820495605,0.8887293024978316,1.9743843078613281,0.21052631578947367,1.6792216300964355,0.0,0.0,0.0
476,1.8720425367355347,0.14289946976385076,52.41437920600288,2.6983249187469482,5.078030109405518,0.8818102426419979,1.1734627485275269,0.43859649122807015,1.7655771970748901,4.323413848876953,7.297669410705566,0.888624715008946,1.980811595916748,0.22807017543859648,1.6713085174560547,0.0,0.0,0.0
477,1.8581403493881226,0.14265165225388024,52.325011198155494,2.698697328567505,5.073192119598389,0.8820353379629757,1.1744643449783325,0.42105263157894735,1.759796380996704,4.326821804046631,7.292150974273682,0.8887930886838845,1.9818947315216064,0.24561403508771928,1.6623010635375977,0.0,0.0,0.0
478,1.8482756614685059,0.1428876289650217,52.408185895289876,2.6986196041107178,5.078342914581299,0.8817956760339248,1.1749645471572876,0.40350877192982454,1.7519980669021606,4.307081699371338,7.296385288238525,0.8886639129235883,1.9773380756378174,0.22807017543859648,1.6543760299682617,0.0,0.0,0.0
479,1.8397157192230225,0.143037477964476,52.46779846228344,2.6986329555511475,5.079690456390381,0.8817329237930819,1.174719214439392,0.40350877192982454,1.7469477653503418,4.3295063972473145,7.302676677703857,0.8884718288098796,1.9848830699920654,0.24561403508771928,1.6443047523498535,0.0,0.0,0.0
480,1.8321306705474854,0.1428458488055802,52.40283378171637,2.7012293338775635,5.074779510498047,0.8819614938979261,1.1765133142471313,0.38596491228070173,1.7413932085037231,4.313542366027832,7.300609111785889,0.8885349700576661,1.98056960105896,0.22807017543859648,1.63601553440094,0.0,0.0,0.0
481,1.8173545598983765,0.14245852692341526,52.266011327550586,2.7029528617858887,5.066402435302734,0.8823508758222183,1.1774773597717285,0.38596491228070173,1.7363923788070679,4.318815231323242,7.293500900268555,0.8887519201245391,1.9820853471755981,0.22807017543859648,1.6260579824447632,0.0,0.0,0.0
482,1.8066333532333374,0.14270014725695274,52.349364713955765,2.7023909091949463,5.072196006774902,0.8820816585987551,1.1766397953033447,0.38596491228070173,1.728423833847046,4.322153568267822,7.296875,0.8886489628962716,1.9847854375839233,0.24561403508771928,1.6179810762405396,0.0,0.0,0.0
483,1.7982616424560547,0.14288572812324968,52.420671305707515,2.7041878700256348,5.074580192565918,0.8819707698040105,1.178564190864563,0.3508771929824561,1.7217544317245483,4.303138732910156,7.303328990936279,0.8884518984259493,1.980506181716919,0.22807017543859648,1.610175609588623,0.0,0.0,0.0
484,1.7940024137496948,0.14264231499354144,52.344907283014436,2.7052502632141113,5.066420555114746,0.8823500316656857,1.1788970232009888,0.3508771929824561,1.7189927101135254,4.351804733276367,7.304285049438477,0.888422697054438,1.9946457147598267,0.19298245614035087,1.5978413820266724,0.0,0.0,0.0
485,1.7932651042938232,0.1427802948935491,52.38848998482763,2.705857992172241,5.070867538452148,0.8821434096306874,1.180466890335083,0.3508771929824561,1.7112656831741333,4.309778213500977,7.304080009460449,0.8884289583301086,1.983574390411377,0.19298245614035087,1.5929555892944336,0.0,0.0,0.0
486,1.780259370803833,0.14284788347349323,52.40199065801812,2.702554225921631,5.075265407562256,0.8819388979870204,1.178547978401184,0.3508771929824561,1.7064776420593262,4.333068370819092,7.29981803894043,0.8885591283702324,1.9907653331756592,0.22807017543859648,1.5852866172790527,0.0,0.0,0.0
487,1.762337565422058,0.14286633938387766,52.3982686878021,2.702186346054077,5.078560829162598,0.8817855167082136,1.1796224117279053,0.3684210526315789,1.6996864080429077,4.305482864379883,7.294722557067871,0.8887146480672203,1.9831981658935547,0.21052631578947367,1.5802150964736938,0.0,0.0,0.0
488,1.748802661895752,0.14270616848175283,52.34368140018955,2.7043495178222656,5.0745368003845215,0.8819727820376054,1.1812360286712646,0.38596491228070173,1.6935667991638184,4.304198265075684,7.292840003967285,0.8887720834028433,1.9824901819229126,0.21052631578947367,1.5729459524154663,0.0,0.0,0.0
489,1.7392923831939697,0.14281225711327014,52.390803164451654,2.705732822418213,5.074100017547607,0.881993100689028,1.1818158626556396,0.3684210526315789,1.6862483024597168,4.324173927307129,7.299905776977539,0.8885564411274552,1.989286184310913,0.22807017543859648,1.5655845403671265,0.0,0.0,0.0
490,1.7304823398590088,0.1429145358226639,52.42853285081708,2.7058677673339844,5.075857639312744,0.8819113352946558,1.1828433275222778,0.3684210526315789,1.6768410205841064,4.308461666107178,7.3026299476623535,0.8884732530485515,1.9859291315078735,0.22807017543859648,1.5593862533569336,0.0,0.0,0.0
491,1.725205659866333,0.14265604213171562,52.333265688788856,2.704185724258423,5.071389198303223,0.8821191646698111,1.1823008060455322,0.38596491228070173,1.669700264930725,4.318789482116699,7.295790195465088,0.8886820697272857,1.9887981414794922,0.21052631578947367,1.550471305847168,0.0,0.0,0.0
492,1.7147419452667236,0.14282215583487973,52.384189792851544,2.703885793685913,5.077174186706543,0.8818500750514052,1.183652639389038,0.3684210526315789,1.661469578742981,4.286223411560059,7.294723033905029,0.8887146391097445,1.9808342456817627,0.21052631578947367,1.5461833477020264,0.0,0.0,0.0
493,1.7092820405960083,0.14281203670918227,52.38298303941281,2.704697370529175,5.0762858390808105,0.8818914190899522,1.1836261749267578,0.3684210526315789,1.6562495231628418,4.32053279876709,7.2957940101623535,0.8886819532800987,1.9919835329055786,0.21052631578947367,1.538102388381958,0.0,0.0,0.0
494,1.6993062496185303,0.14277033774345974,52.376259158683865,2.707273483276367,5.073119163513184,0.8820387145891058,1.1858330965042114,0.3684210526315789,1.6494653224945068,4.304239273071289,7.299276828765869,0.8885756369983598,1.987152099609375,0.21052631578947367,1.5321481227874756,0.0,0.0,0.0
495,1.6893434524536133,0.14264388232185354,52.34156264450712,2.7072513103485107,5.067559242248535,0.8822971344615714,1.1854182481765747,0.3508771929824561,1.6442477703094482,4.331582546234131,7.302247047424316,0.8884849515121079,1.9946763515472412,0.19298245614035087,1.5221773386001587,0.0,0.0,0.0
496,1.6781811714172363,0.14293073851665752,52.43921012495605,2.706545829772949,5.074806213378906,0.8819602571104482,1.185481309890747,0.3684210526315789,1.6366668939590454,4.313965797424316,7.305552959442139,0.8883839470135919,1.9908846616744995,0.21052631578947367,1.516210913658142,0.0,0.0,0.0
497,1.6649854183197021,0.14292602065847548,52.43497550074619,2.7073934078216553,5.075430870056152,0.8819312024204913,1.1859959363937378,0.3684210526315789,1.6330535411834717,4.317477226257324,7.304105281829834,0.8884281790297033,1.9930384159088135,0.21052631578947367,1.5097154378890991,0.0,0.0,0.0
498,1.657364010810852,0.1426345175607312,52.339386897382724,2.7094972133636475,5.067035675048828,0.8823214579486368,1.1874680519104004,0.3684210526315789,1.6314533948898315,4.3278913497924805,7.302675724029541,0.8884718467248315,1.9955717325210571,0.21052631578947367,1.501389980316162,0.0,0.0,0.0
499,1.6486010551452637,0.14261945211899618,52.33179208585602,2.710542917251587,5.06735372543335,0.8823066852093174,1.188869833946228,0.3508771929824561,1.6253212690353394,4.303569793701172,7.301194190979004,0.8885170998931983,1.9888708591461182,0.21052631578947367,1.4967186450958252,0.0,0.0,0.0
500,1.6456354856491089,0.14270527071062356,52.36027163695792,2.7074718475341797,5.069730758666992,0.8821962479401599,1.186590313911438,0.3684210526315789,1.6188127994537354,4.3317036628723145,7.301794528961182,0.8884987728974583,1.9980454444885254,0.21052631578947367,1.489238977432251,0.0,0.0,0.0
