sample_id,canonical_smiles,canonical_index,role,outer_seed,study
c32ed74eba9d7dfc4860,CC(C)CCOC(=O)c1ccccc1,0,test,8191,qgeognn_v2_row_lcmd
9a478db27ef04d7bb59c,CC(C)CCOC(=O)c1ccccc1,1,u0,8191,qgeognn_v2_row_lcmd
bfe9ce431b45599fd5e6,CC(C)CCOC(=O)c1ccccc1,2,u0,8191,qgeognn_v2_row_lcmd
00024cd15c1b4e6c6ef8,CC(C)CCOC(=O)c1ccccc1,3,u0,8191,qgeognn_v2_row_lcmd
85c21f6446e32913c1a9,CC(C)CCOC(=O)c1ccccc1,4,validation,8191,qgeognn_v2_row_lcmd
8a288da5928f08936524,CC(C)CCOC(=O)c1ccccc1,5,test,8191,qgeognn_v2_row_lcmd
7937e75a777f4bf48438,CC(C)CCOC(=O)c1ccccc1,6,u0,8191,qgeognn_v2_row_lcmd
aba0560d15516aeba617,CC(C)CCOC(=O)c1ccccc1,7,u0,8191,qgeognn_v2_row_lcmd
0956abfd4514355d5383,CC(C)CCOC(=O)c1ccccc1,8,u0,8191,qgeognn_v2_row_lcmd
98f205d21cdccb427f9e,CC(C)CCOC(=O)c1ccccc1,9,validation,8191,qgeognn_v2_row_lcmd
16374e5b25572a4c37e5,CC(C)CCOC(=O)c1ccccc1,10,test,8191,qgeognn_v2_row_lcmd
26b3dfccf0d1cfb441c7,CC(C)CCOC(=O)c1ccccc1,11,u0,8191,qgeognn_v2_row_lcmd
a62a679c00aad3b9b8e5,CC(C)CCOC(=O)c1ccccc1,12,u0,8191,qgeognn_v2_row_lcmd
6c387793968257d2f169,CCOC(=O)c1ccc(Cl)cc1,13,u0,8191,qgeognn_v2_row_lcmd
812adebe27af25dc2242,CCOC(=O)c1ccc(Cl)cc1,14,test,8191,qgeognn_v2_row_lcmd
f159b69487cebc7dcf97,CCOC(=O)c1ccc(Cl)cc1,15,u0,8191,qgeognn_v2_row_lcmd
19ac0f010c25e2c5360d,CCOC(=O)c1ccc(Cl)cc1,16,u0,8191,qgeognn_v2_row_lcmd
0fb4ba3b33f8740a6a8a,CCOC(=O)c1ccc(Cl)cc1,17,u0,8191,qgeognn_v2_row_lcmd
d15ae6c5a25f630d3055,CCOC(=O)c1ccc(Cl)cc1,18,u0,8191,qgeognn_v2_row_lcmd
e1b9d0166a4779c27067,CCOC(=O)c1ccc(Cl)cc1,19,u0,8191,qgeognn_v2_row_lcmd
d9481b0f826e3bfbbb60,CCOC(=O)c1ccc(Cl)cc1,20,u0,8191,qgeognn_v2_row_lcmd
ab49ee9538cdb7f47f70,CCOC(=O)c1ccc(Cl)cc1,21,validation,8191,qgeognn_v2_row_lcmd
b7e013953a302595b447,CCOC(=O)c1ccc(Cl)cc1,22,u0,8191,qgeognn_v2_row_lcmd
585d3167bdb0e8cd6b97,CCOC(=O)c1ccc(Cl)cc1,23,u0,8191,qgeognn_v2_row_lcmd
b819ee3c169e34252d65,CCOC(=O)c1ccc(Cl)cc1,24,validation,8191,qgeognn_v2_row_lcmd
89b6013d19ba95312c59,CCOC(=O)c1ccc(Cl)cc1,25,u0,8191,qgeognn_v2_row_lcmd
a8303fe76e948da2917b,CCOC(=O)c1ccc(Cl)cc1,26,u0,8191,qgeognn_v2_row_lcmd
c16aef24cbedd5b1b875,CCOC(=O)c1ccc(Cl)cc1,27,validation,8191,qgeognn_v2_row_lcmd
331a940debe2ca50c35d,CCOC(=O)c1ccc(Cl)cc1,28,u0,8191,qgeognn_v2_row_lcmd
66d759515aa12dcf0810,CC(C)COC(=O)c1ccccc1,29,u0,8191,qgeognn_v2_row_lcmd
ac76ec24edfe8aec7fb2,CC(C)COC(=O)c1ccccc1,30,u0,8191,qgeognn_v2_row_lcmd
0f3200ec8aae2a81902a,CC(C)COC(=O)c1ccccc1,31,u0,8191,qgeognn_v2_row_lcmd
daa955a2af22ac0c8460,CC(C)COC(=O)c1ccccc1,32,u0,8191,qgeognn_v2_row_lcmd
e19bda1298f299931245,CC(C)COC(=O)c1ccccc1,33,u0,8191,qgeognn_v2_row_lcmd
7a3708dd5094bb49d459,CC(C)COC(=O)c1ccccc1,34,u0,8191,qgeognn_v2_row_lcmd
ae6ebf89dbdd202b5247,CC(C)COC(=O)c1ccccc1,35,u0,8191,qgeognn_v2_row_lcmd
60f62af0f813d1d7e740,CC(C)COC(=O)c1ccccc1,36,u0,8191,qgeognn_v2_row_lcmd
7d508d405f154f326fdb,CC(C)COC(=O)c1ccccc1,37,u0,8191,qgeognn_v2_row_lcmd
008b682251848aa83f89,CC(C)COC(=O)c1ccccc1,38,u0,8191,qgeognn_v2_row_lcmd
04533c20becd80f9b771,CC(C)COC(=O)c1ccccc1,39,u0,8191,qgeognn_v2_row_lcmd
19e665b6098744dfb60c,CC(C)COC(=O)c1ccccc1,40,l0,8191,qgeognn_v2_row_lcmd
cb839ce268b9ea4fa20b,CC(C)COC(=O)c1ccccc1,41,test,8191,qgeognn_v2_row_lcmd
d0cc8f9af20c2aaeb9d5,CC(C)COC(=O)c1ccccc1,42,u0,8191,qgeognn_v2_row_lcmd
3016ab4b83227fcf83e4,CC(C)COC(=O)c1ccccc1,43,test,8191,qgeognn_v2_row_lcmd
e7c4d856d4d9a8d5ddbf,CC(C)COC(=O)c1ccccc1,44,u0,8191,qgeognn_v2_row_lcmd
5c11321c1ad5aec4ddf1,CC(C)COC(=O)c1ccccc1,45,test,8191,qgeognn_v2_row_lcmd
6291930c715370a3b84f,CC(C)COC(=O)c1ccccc1,46,test,8191,qgeognn_v2_row_lcmd
b4c266d3fe67315f0adf,CC(C)COC(=O)c1ccccc1,47,u0,8191,qgeognn_v2_row_lcmd
c7ab6c7042f1d1d26570,CC(C)COC(=O)c1ccccc1,48,validation,8191,qgeognn_v2_row_lcmd
463adede738923684058,CC(C)COC(=O)c1ccccc1,49,l0,8191,qgeognn_v2_row_lcmd
8d18a5b9f05363ff3a09,CC(C)COC(=O)c1ccccc1,50,u0,8191,qgeognn_v2_row_lcmd
777a43423f6522997450,CC(C)COC(=O)c1ccccc1,51,u0,8191,qgeognn_v2_row_lcmd
73d2b61a089521939a3e,CC(C)COC(=O)c1ccccc1,52,u0,8191,qgeognn_v2_row_lcmd
87f560465eb2acd030e0,CC(C)COC(=O)c1ccccc1,53,u0,8191,qgeognn_v2_row_lcmd
81627208cc398faac5a2,CC(C)COC(=O)c1ccccc1,54,u0,8191,qgeognn_v2_row_lcmd
8e175dc1200d398d3489,CC(C)COC(=O)c1ccccc1,55,test,8191,qgeognn_v2_row_lcmd
e7a1b39854237234e083,CC(C)COC(=O)c1ccccc1,56,l0,8191,qgeognn_v2_row_lcmd
dbe53fd128925fb48a31,CC(C)COC(=O)c1ccccc1,57,u0,8191,qgeognn_v2_row_lcmd
ed8874c56515830db791,CC(C)COC(=O)c1ccccc1,58,u0,8191,qgeognn_v2_row_lcmd
2b9d93829eefac047d26,CC(C)COC(=O)c1ccccc1,59,test,8191,qgeognn_v2_row_lcmd
920dbde1a4d0fdf60ec7,CC(C)COC(=O)c1ccccc1,60,u0,8191,qgeognn_v2_row_lcmd
81cd2078a0008c2c9cd9,CC(C)COC(=O)c1ccccc1,61,u0,8191,qgeognn_v2_row_lcmd
781b8d96d8bc7c124dc9,CC(C)COC(=O)c1ccccc1,62,test,8191,qgeognn_v2_row_lcmd
54bc75cc4d64dac2ed48,O=C(OCc1ccccc1)c1ccccc1,63,u0,8191,qgeognn_v2_row_lcmd
7f4f64cb791c71ba0420,O=C(OCc1ccccc1)c1ccccc1,64,u0,8191,qgeognn_v2_row_lcmd
2424b103c34d3d2b6a9a,O=C(OCc1ccccc1)c1ccccc1,65,u0,8191,qgeognn_v2_row_lcmd
36b45fbdbace5950c108,O=C(OCc1ccccc1)c1ccccc1,66,u0,8191,qgeognn_v2_row_lcmd
b0764b94416833704b53,O=C(OCc1ccccc1)c1ccccc1,67,u0,8191,qgeognn_v2_row_lcmd
9c74e865c47b45a09229,O=C(OCc1ccccc1)c1ccccc1,68,test,8191,qgeognn_v2_row_lcmd
54d9921472c8d46b7b9a,O=C(OCc1ccccc1)c1ccccc1,69,u0,8191,qgeognn_v2_row_lcmd
6d07662cb17b795ea5e2,O=C(OCc1ccccc1)c1ccccc1,70,u0,8191,qgeognn_v2_row_lcmd
cbedf4ab0af735b39b3a,O=C(OCc1ccccc1)c1ccccc1,71,u0,8191,qgeognn_v2_row_lcmd
92bac523bed1042d6a75,O=C(OCc1ccccc1)c1ccccc1,72,u0,8191,qgeognn_v2_row_lcmd
704ba630f25fe7f20166,O=C(OCc1ccccc1)c1ccccc1,73,u0,8191,qgeognn_v2_row_lcmd
246a1d68ed2f87de7d1f,O=C(OCc1ccccc1)c1ccccc1,74,u0,8191,qgeognn_v2_row_lcmd
34cf0942ff52b1b80385,O=C(OCc1ccccc1)c1ccccc1,75,validation,8191,qgeognn_v2_row_lcmd
91161a9006beb2042fa7,O=C(OCc1ccccc1)c1ccccc1,76,u0,8191,qgeognn_v2_row_lcmd
591b1bb527d42e831f12,O=C(OCc1ccccc1)c1ccccc1,77,u0,8191,qgeognn_v2_row_lcmd
c0c1e5902a4bf388fcd0,O=C(OCc1ccccc1)c1ccccc1,78,l0,8191,qgeognn_v2_row_lcmd
7b34ee010f42fdae95b5,O=C(OCc1ccccc1)c1ccccc1,79,u0,8191,qgeognn_v2_row_lcmd
cc7cdf5cd74e85a75b8b,O=C(OCc1ccccc1)c1ccccc1,80,u0,8191,qgeognn_v2_row_lcmd
54a3411006f7051f1053,O=C(OCc1ccccc1)c1ccccc1,81,u0,8191,qgeognn_v2_row_lcmd
9b6741031afcd6269be1,O=C(OCc1ccccc1)c1ccccc1,82,u0,8191,qgeognn_v2_row_lcmd
d16128891be713f0643d,O=C(OCc1ccccc1)c1ccccc1,83,u0,8191,qgeognn_v2_row_lcmd
53ed31f6b009c4b99694,O=C(OCc1ccccc1)c1ccccc1,84,u0,8191,qgeognn_v2_row_lcmd
7abb2cb83395e9b18de1,O=C(OCc1ccccc1)c1ccccc1,85,u0,8191,qgeognn_v2_row_lcmd
a99c0064623635fcc4dc,O=C(OCc1ccccc1)c1ccccc1,86,u0,8191,qgeognn_v2_row_lcmd
8100735734aef075ee76,O=C(OCc1ccccc1)c1ccccc1,87,u0,8191,qgeognn_v2_row_lcmd
ce3b9d9cbe1699c7eef9,CCOC(=O)C(C(=O)OCC)c1ccccc1,88,u0,8191,qgeognn_v2_row_lcmd
2635b25bb3c1c37f3b74,CCOC(=O)C(C(=O)OCC)c1ccccc1,89,u0,8191,qgeognn_v2_row_lcmd
1effe6f049d068dc08cf,CCOC(=O)C(C(=O)OCC)c1ccccc1,90,l0,8191,qgeognn_v2_row_lcmd
98d079bcc13e1a200efe,CCOC(=O)C(C(=O)OCC)c1ccccc1,91,u0,8191,qgeognn_v2_row_lcmd
7d65ab8e0e7b962da35f,CCOC(=O)C(C(=O)OCC)c1ccccc1,92,u0,8191,qgeognn_v2_row_lcmd
d4d7270df69266029f44,CCOC(=O)C(C(=O)OCC)c1ccccc1,93,u0,8191,qgeognn_v2_row_lcmd
5523d9c41009b84d3135,CCOC(=O)C(C(=O)OCC)c1ccccc1,94,u0,8191,qgeognn_v2_row_lcmd
f2312f90dd4cf5ef0e23,CCOC(=O)C(C(=O)OCC)c1ccccc1,95,u0,8191,qgeognn_v2_row_lcmd
9e1b72123bd827a51c19,CCOC(=O)C(C(=O)OCC)c1ccccc1,96,validation,8191,qgeognn_v2_row_lcmd
f7684c557ad58e3a1b0b,CCOC(=O)C(C(=O)OCC)c1ccccc1,97,u0,8191,qgeognn_v2_row_lcmd
476647879af7df57d509,CCOC(=O)C(C(=O)OCC)c1ccccc1,98,u0,8191,qgeognn_v2_row_lcmd
d0c994e30d2f33948394,CCOC(=O)C(C(=O)OCC)c1ccccc1,99,u0,8191,qgeognn_v2_row_lcmd
c641cb5b9e82e60de614,CCOC(=O)C(C(=O)OCC)c1ccccc1,100,u0,8191,qgeognn_v2_row_lcmd
f82f2844c7e27afd32bb,CCOC(=O)C(C(=O)OCC)c1ccccc1,101,u0,8191,qgeognn_v2_row_lcmd
96a37648a2f61cd01930,CCOC(=O)C(C(=O)OCC)c1ccccc1,102,u0,8191,qgeognn_v2_row_lcmd
9603a9567c8b21458d1e,CCOC(=O)C(C(=O)OCC)c1ccccc1,103,u0,8191,qgeognn_v2_row_lcmd
fa1a4a2aa332b091b615,CCOC(=O)C(C(=O)OCC)c1ccccc1,104,l0,8191,qgeognn_v2_row_lcmd
e6d0dc8ca50b71d5f807,CCOC(=O)C(C(=O)OCC)c1ccccc1,105,u0,8191,qgeognn_v2_row_lcmd
11fef346c358d54d3059,CCOC(=O)C(C(=O)OCC)c1ccccc1,106,u0,8191,qgeognn_v2_row_lcmd
dea5f0228035f44dd102,CCOC(=O)C(C(=O)OCC)c1ccccc1,107,u0,8191,qgeognn_v2_row_lcmd
3726956d81fe3954e5b7,CCOC(=O)C(C(=O)OCC)c1ccccc1,108,u0,8191,qgeognn_v2_row_lcmd
dccd8753d89546cbf994,CCOC(=O)C(C(=O)OCC)c1ccccc1,109,u0,8191,qgeognn_v2_row_lcmd
ef8724fc040ffeca44b7,CCOC(=O)C(C(=O)OCC)c1ccccc1,110,u0,8191,qgeognn_v2_row_lcmd
e35fdc08a1113b193889,CCOC(=O)C(C(=O)OCC)c1ccccc1,111,l0,8191,qgeognn_v2_row_lcmd
de0d6e67668e5ebf5036,CCOC(=O)C(C(=O)OCC)c1ccccc1,112,u0,8191,qgeognn_v2_row_lcmd
28e9fea3e3293f2b8a0e,CCOC(=O)C(C(=O)OCC)c1ccccc1,113,validation,8191,qgeognn_v2_row_lcmd
9249ed2c527f70995033,CCOC(=O)C(C(=O)OCC)c1ccccc1,114,u0,8191,qgeognn_v2_row_lcmd
e626b5b8083ea1fd02f2,COC(=O)C(=O)c1ccccc1,115,u0,8191,qgeognn_v2_row_lcmd
00a89de0e6cc7377a84b,COC(=O)C(=O)c1ccccc1,116,u0,8191,qgeognn_v2_row_lcmd
95a3dcfe4436e929aa30,COC(=O)C(=O)c1ccccc1,117,u0,8191,qgeognn_v2_row_lcmd
e93e08d6bc42e91e2679,COC(=O)C(=O)c1ccccc1,118,u0,8191,qgeognn_v2_row_lcmd
4451265787d29526a93a,COC(=O)C(=O)c1ccccc1,119,u0,8191,qgeognn_v2_row_lcmd
6cd3f929d7d90a9c29b3,COC(=O)C(=O)c1ccccc1,120,u0,8191,qgeognn_v2_row_lcmd
10a4c811b70ba8155044,COC(=O)C(=O)c1ccccc1,121,u0,8191,qgeognn_v2_row_lcmd
f6650af9162e038d4108,COC(=O)C(=O)c1ccccc1,122,u0,8191,qgeognn_v2_row_lcmd
a93701aa1a4a960e479a,COC(=O)C(=O)c1ccccc1,123,u0,8191,qgeognn_v2_row_lcmd
f7cc49c21fea55ed9087,COC(=O)C(=O)c1ccccc1,124,u0,8191,qgeognn_v2_row_lcmd
00f7bff5f3dab9ed9f49,COC(=O)C(=O)c1ccccc1,125,l0,8191,qgeognn_v2_row_lcmd
9768d61b571fc0c5ce1a,COC(=O)C(=O)c1ccccc1,126,u0,8191,qgeognn_v2_row_lcmd
9ad049e65cfbfbac2282,COC(=O)C(=O)c1ccccc1,127,validation,8191,qgeognn_v2_row_lcmd
f7d6c68ef2b3f637bd05,COC(=O)C(=O)c1ccccc1,128,u0,8191,qgeognn_v2_row_lcmd
b7880e59ff4586b29a28,COC(=O)C(=O)c1ccccc1,129,u0,8191,qgeognn_v2_row_lcmd
790d27f0fa045d91f307,COC(=O)C(=O)c1ccccc1,130,u0,8191,qgeognn_v2_row_lcmd
d1eeb016c4cf20b87e92,COC(=O)C(=O)c1ccccc1,131,l0,8191,qgeognn_v2_row_lcmd
6c1c34b12c66ebcf39a4,COC(=O)C(=O)c1ccccc1,132,l0,8191,qgeognn_v2_row_lcmd
c640425eaf27bc406362,COC(=O)C(=O)c1ccccc1,133,u0,8191,qgeognn_v2_row_lcmd
e2f15590b7142490599b,COC(=O)C(=O)c1ccccc1,134,u0,8191,qgeognn_v2_row_lcmd
0389a6366b3a51fad8b5,COC(=O)C(=O)c1ccccc1,135,u0,8191,qgeognn_v2_row_lcmd
4b8ba288d549f6cfc94b,COC(=O)C(=O)c1ccccc1,136,u0,8191,qgeognn_v2_row_lcmd
ab1062a71079c605f750,COC(=O)C(=O)c1ccccc1,137,u0,8191,qgeognn_v2_row_lcmd
50e113fcc37184809670,COC(=O)C(=O)c1ccccc1,138,u0,8191,qgeognn_v2_row_lcmd
ad0ace61c29817c678c2,COC(=O)C(=O)c1ccccc1,139,u0,8191,qgeognn_v2_row_lcmd
66da447ca0fe7160cc1c,COC(=O)C(=O)c1ccccc1,140,validation,8191,qgeognn_v2_row_lcmd
bbb514661c0a49694d6a,COC(=O)C(=O)c1ccccc1,141,validation,8191,qgeognn_v2_row_lcmd
8b58e9d7a710f55e49d3,COC(=O)C(=O)c1ccccc1,142,u0,8191,qgeognn_v2_row_lcmd
e9dc948c0e68a88eb621,COC(=O)C(=O)c1ccccc1,143,u0,8191,qgeognn_v2_row_lcmd
7caf1db075b91197ba34,COC(=O)C(=O)c1ccccc1,144,u0,8191,qgeognn_v2_row_lcmd
7b42519983cf93dd7efd,COC(=O)C(=O)c1ccccc1,145,validation,8191,qgeognn_v2_row_lcmd
9bbd36c8b484b5609808,COC(=O)C(=O)c1ccccc1,146,u0,8191,qgeognn_v2_row_lcmd
1844eab177de5d01fab6,COC(=O)C(=O)c1ccccc1,147,u0,8191,qgeognn_v2_row_lcmd
9862563d18aae2868342,COC(=O)C(=O)c1ccccc1,148,test,8191,qgeognn_v2_row_lcmd
dc81bc0ec00000b873d8,CCOC(=O)c1ccc(F)cc1,149,validation,8191,qgeognn_v2_row_lcmd
2fb4bd26afd624878f05,CCOC(=O)c1ccc(F)cc1,150,test,8191,qgeognn_v2_row_lcmd
f88f7a1eb991ef2927ad,CCOC(=O)c1ccc(F)cc1,151,u0,8191,qgeognn_v2_row_lcmd
f4ca1fa835f2cc3104d2,CCOC(=O)c1ccc(F)cc1,152,test,8191,qgeognn_v2_row_lcmd
4d5bd5dcd2ca1ca97cc7,CCOC(=O)c1ccc(F)cc1,153,u0,8191,qgeognn_v2_row_lcmd
c2349adace8ee903700a,CCOC(=O)c1ccc(F)cc1,154,u0,8191,qgeognn_v2_row_lcmd
66dc3ddd818671ed42f2,CCOC(=O)c1ccc(F)cc1,155,u0,8191,qgeognn_v2_row_lcmd
73643e9fb4158e8dc613,CCOC(=O)c1ccc(F)cc1,156,u0,8191,qgeognn_v2_row_lcmd
33123966b214578291a5,CCOC(=O)c1ccc(F)cc1,157,u0,8191,qgeognn_v2_row_lcmd
42770dd6e8757a403d93,CCOC(=O)c1ccc(F)cc1,158,u0,8191,qgeognn_v2_row_lcmd
6da41d896190561e7545,CCOC(=O)c1ccc(F)cc1,159,u0,8191,qgeognn_v2_row_lcmd
edfd927c8b6bab1e5062,CCOC(=O)c1ccc(F)cc1,160,u0,8191,qgeognn_v2_row_lcmd
d1483fc2e333c62494b3,CCOC(=O)c1ccc(F)cc1,161,test,8191,qgeognn_v2_row_lcmd
09f7ce5c473ea7ea5d94,CCOC(=O)c1ccc(F)cc1,162,u0,8191,qgeognn_v2_row_lcmd
e5920883445126b94173,CCOC(=O)c1ccc(F)cc1,163,u0,8191,qgeognn_v2_row_lcmd
0b32dc8416d7507d4026,CCOC(=O)c1ccc(F)cc1,164,u0,8191,qgeognn_v2_row_lcmd
116c1f9856d3b21e0832,CCOC(=O)c1ccc(F)cc1,165,u0,8191,qgeognn_v2_row_lcmd
0dd38abec3981f296cfb,CCOC(=O)c1ccc(F)cc1,166,test,8191,qgeognn_v2_row_lcmd
35afc3cdfff849ffe8c9,CCOC(=O)c1ccc(F)cc1,167,u0,8191,qgeognn_v2_row_lcmd
6a14c52ea5a2435a909a,CCOC(=O)c1ccc(F)cc1,168,u0,8191,qgeognn_v2_row_lcmd
17ae456a18a0b9437e9a,CCOC(=O)c1ccc(F)cc1,169,u0,8191,qgeognn_v2_row_lcmd
67e9e23958a468891c07,CCOC(=O)c1ccc(F)cc1,170,l0,8191,qgeognn_v2_row_lcmd
252b32b25d20e53396b4,CCOC(=O)c1ccc(F)cc1,171,u0,8191,qgeognn_v2_row_lcmd
cd7c523e3df961c83524,CCOC(=O)c1ccc(F)cc1,172,u0,8191,qgeognn_v2_row_lcmd
df93501912d2cfcfbc41,CCOC(=O)c1ccc(F)cc1,173,u0,8191,qgeognn_v2_row_lcmd
3f1a96aa336ea0741b5a,CCOC(=O)c1ccc(F)cc1,174,u0,8191,qgeognn_v2_row_lcmd
c41e4c2422a460476e8f,CCOC(=O)c1ccccc1N,175,u0,8191,qgeognn_v2_row_lcmd
4849c7e8a804b692efb7,CCOC(=O)c1ccccc1N,176,u0,8191,qgeognn_v2_row_lcmd
84e60b516f17f5433041,CCOC(=O)c1ccccc1N,177,u0,8191,qgeognn_v2_row_lcmd
8b82cfc88c490db5d629,CCOC(=O)c1ccccc1N,178,u0,8191,qgeognn_v2_row_lcmd
a5d7d95a151b7436025e,CCOC(=O)c1ccccc1N,179,u0,8191,qgeognn_v2_row_lcmd
cc4f2a94babfca65e283,CCOC(=O)c1ccccc1N,180,u0,8191,qgeognn_v2_row_lcmd
3c720f4b187382a3d563,CCOC(=O)c1ccccc1N,181,u0,8191,qgeognn_v2_row_lcmd
b4af5b2a9ead4e589dee,CCOC(=O)c1ccccc1N,182,u0,8191,qgeognn_v2_row_lcmd
0141de34d99a6428ddd7,CCOC(=O)c1ccccc1N,183,validation,8191,qgeognn_v2_row_lcmd
32ffd8410e5a625cdba2,CCOC(=O)c1ccccc1N,184,l0,8191,qgeognn_v2_row_lcmd
6fe6280def3960fa4f99,CCOC(=O)c1ccccc1N,185,u0,8191,qgeognn_v2_row_lcmd
f1bb0be6e913a5e26491,CCOC(=O)c1ccccc1N,186,validation,8191,qgeognn_v2_row_lcmd
3aed7873d2fd1cf48684,CCOC(=O)c1ccccc1N,187,u0,8191,qgeognn_v2_row_lcmd
5df4935254e8c1e8471d,CCOC(=O)c1ccccc1N,188,u0,8191,qgeognn_v2_row_lcmd
a1d9a0b7b03901c439bc,CCOC(=O)c1ccccc1N,189,u0,8191,qgeognn_v2_row_lcmd
1cee9fb4b0731101f3a6,CCOC(=O)c1ccccc1N,190,u0,8191,qgeognn_v2_row_lcmd
e513420e1b7414424e7c,CCOC(=O)c1ccccc1N,191,u0,8191,qgeognn_v2_row_lcmd
18186b5d6cc190fc07a3,CCOC(=O)c1ccccc1N,192,u0,8191,qgeognn_v2_row_lcmd
57163774ada660438e36,CCOC(=O)c1ccccc1N,193,l0,8191,qgeognn_v2_row_lcmd
693a65467095367c8e95,CCOC(=O)c1ccccc1N,194,u0,8191,qgeognn_v2_row_lcmd
4b39568fb3ff725fec83,CCOC(=O)c1ccccc1N,195,test,8191,qgeognn_v2_row_lcmd
2becb9bc06add29280ba,CCOC(=O)c1ccccc1N,196,validation,8191,qgeognn_v2_row_lcmd
c6a55a8d89f33c69899b,CCOC(=O)c1ccccc1N,197,u0,8191,qgeognn_v2_row_lcmd
f6cfe706d71f58273c59,CCOC(=O)c1ccccc1N,198,u0,8191,qgeognn_v2_row_lcmd
fe40c32169d87261e1e9,CCOC(=O)c1ccccc1N,199,u0,8191,qgeognn_v2_row_lcmd
b6b8449bda1ec4f0697f,CCOC(=O)c1ccccc1N,200,u0,8191,qgeognn_v2_row_lcmd
74541dbf8571f881c454,CCOC(=O)c1ccccc1N,201,u0,8191,qgeognn_v2_row_lcmd
99a3c4452ddfa8ff12c0,CCOC(=O)c1ccccc1N,202,u0,8191,qgeognn_v2_row_lcmd
249b884b29177edb9df5,CCOC(=O)c1ccccc1N,203,u0,8191,qgeognn_v2_row_lcmd
547923973b121019625f,CCOC(=O)c1ccccc1N,204,u0,8191,qgeognn_v2_row_lcmd
902f3082ba7241022d82,COC(=O)c1ccc(CBr)cc1,205,u0,8191,qgeognn_v2_row_lcmd
da10b7eb5f74593251cb,COC(=O)c1ccc(CBr)cc1,206,u0,8191,qgeognn_v2_row_lcmd
db7eff29fb2c3ba5bcd3,COC(=O)c1ccc(CBr)cc1,207,u0,8191,qgeognn_v2_row_lcmd
a37e31ac2c128f596cf6,COC(=O)c1ccc(CBr)cc1,208,u0,8191,qgeognn_v2_row_lcmd
9b612b8b4815d21f4fc6,COC(=O)c1ccc(CBr)cc1,209,u0,8191,qgeognn_v2_row_lcmd
2f95389e141635b0e27c,COC(=O)c1ccc(CBr)cc1,210,u0,8191,qgeognn_v2_row_lcmd
e48a024ed5f697067195,COC(=O)c1ccc(CBr)cc1,211,validation,8191,qgeognn_v2_row_lcmd
390544a9eca0a0e37f04,COC(=O)c1ccc(CBr)cc1,212,u0,8191,qgeognn_v2_row_lcmd
28927cd17cd253754377,COC(=O)c1ccc(CBr)cc1,213,u0,8191,qgeognn_v2_row_lcmd
01472a37121478cb82be,COC(=O)c1ccc(CBr)cc1,214,u0,8191,qgeognn_v2_row_lcmd
7312008fb6a636165c6b,COC(=O)c1ccc(CBr)cc1,215,u0,8191,qgeognn_v2_row_lcmd
382c90a40989c39ceed1,COC(=O)c1ccc(CBr)cc1,216,u0,8191,qgeognn_v2_row_lcmd
4a623eca5d2d51d3a0ca,COC(=O)c1ccc(CBr)cc1,217,u0,8191,qgeognn_v2_row_lcmd
65e9c139dc66fe608a89,COC(=O)c1ccc(CBr)cc1,218,u0,8191,qgeognn_v2_row_lcmd
987027dd660186de8266,COC(=O)c1ccc(CBr)cc1,219,u0,8191,qgeognn_v2_row_lcmd
7654c7dcf0123ab04d15,COC(=O)c1ccc(CBr)cc1,220,l0,8191,qgeognn_v2_row_lcmd
6bd522326fb91ebf1379,COC(=O)c1ccc(CBr)cc1,221,l0,8191,qgeognn_v2_row_lcmd
69f9cefb952abd22672c,COC(=O)c1ccc(CBr)cc1,222,u0,8191,qgeognn_v2_row_lcmd
da2750836408eb0e09a7,COC(=O)c1ccc(CBr)cc1,223,u0,8191,qgeognn_v2_row_lcmd
af23f4f96549d4e1659f,COC(=O)c1ccc(CBr)cc1,224,u0,8191,qgeognn_v2_row_lcmd
00fe2a10256cea9affd4,COC(=O)c1ccc(CBr)cc1,225,validation,8191,qgeognn_v2_row_lcmd
25b1f8000dd22874bb29,COC(=O)c1ccc(CBr)cc1,226,validation,8191,qgeognn_v2_row_lcmd
5fc63f69bdf7f0b71bbc,COC(=O)c1ccc(CBr)cc1,227,u0,8191,qgeognn_v2_row_lcmd
2712213ca28bcadbfa61,COC(=O)c1ccc(CBr)cc1,228,l0,8191,qgeognn_v2_row_lcmd
8925249b7fbe141dbce6,COC(=O)c1ccc(CBr)cc1,229,u0,8191,qgeognn_v2_row_lcmd
4cb169fead3b3de5dada,CCOC(=O)c1cccc(N)c1,230,l0,8191,qgeognn_v2_row_lcmd
5ab71158fcd481dbdcca,CCOC(=O)c1cccc(N)c1,231,u0,8191,qgeognn_v2_row_lcmd
c620129610cfe348f024,CCOC(=O)c1cccc(N)c1,232,u0,8191,qgeognn_v2_row_lcmd
9a9324fbb6b1e17e7743,CCOC(=O)c1cccc(N)c1,233,u0,8191,qgeognn_v2_row_lcmd
f863736cf6d7db15ac51,CCOC(=O)c1cccc(N)c1,234,u0,8191,qgeognn_v2_row_lcmd
27d20ccfd8f7234015f4,CCOC(=O)c1cccc(N)c1,235,u0,8191,qgeognn_v2_row_lcmd
ade065af3a515fc41105,CCOC(=O)c1cccc(N)c1,236,u0,8191,qgeognn_v2_row_lcmd
b3fd855968b6fbe1bd2e,CCOC(=O)c1cccc(N)c1,237,u0,8191,qgeognn_v2_row_lcmd
ca6feb29f6758377a65f,CCOC(=O)c1cccc(N)c1,238,validation,8191,qgeognn_v2_row_lcmd
85924bdd0693438dc23a,CCOC(=O)c1cccc(N)c1,239,validation,8191,qgeognn_v2_row_lcmd
d2921349ba8d9cef15a4,CCOC(=O)c1cccc(N)c1,240,u0,8191,qgeognn_v2_row_lcmd
b4349d7740d7c02829ef,CCOC(=O)c1cccc(N)c1,241,u0,8191,qgeognn_v2_row_lcmd
425074f6cad1ac0c1bc8,CCOC(=O)c1cccc(N)c1,242,u0,8191,qgeognn_v2_row_lcmd
5024a0270c82cc68fd48,CCOC(=O)c1cccc(N)c1,243,u0,8191,qgeognn_v2_row_lcmd
0f80a7406c8b375d325b,CCOC(=O)c1cccc(N)c1,244,u0,8191,qgeognn_v2_row_lcmd
5c9d8ece8d174d7a0e5f,CCOC(=O)c1cccc(N)c1,245,u0,8191,qgeognn_v2_row_lcmd
cff11a9a891fb1d8e7c2,CCOC(=O)c1cccc(N)c1,246,validation,8191,qgeognn_v2_row_lcmd
a938073da6b68c8fc07c,CCOC(=O)CC(C)=O,247,u0,8191,qgeognn_v2_row_lcmd
5bb5d8011b349c918b26,CCOC(=O)CC(C)=O,248,u0,8191,qgeognn_v2_row_lcmd
84524e80d20dd4491b97,CCOC(=O)CC(C)=O,249,u0,8191,qgeognn_v2_row_lcmd
6fe1a448b5fa38608565,CCOC(=O)CC(C)=O,250,u0,8191,qgeognn_v2_row_lcmd
bc4293bfd9eeace702cd,CCOC(=O)CC(C)=O,251,u0,8191,qgeognn_v2_row_lcmd
5f189f103424c7cfda69,CCOC(=O)CC(C)=O,252,validation,8191,qgeognn_v2_row_lcmd
43867f76c363e86b5ba6,CCOC(=O)CC(C)=O,253,u0,8191,qgeognn_v2_row_lcmd
af7d7a4a3b2da27cada0,CCOC(=O)CC(C)=O,254,u0,8191,qgeognn_v2_row_lcmd
3a2981f13dc99db878c3,CCOC(=O)CC(C)=O,255,u0,8191,qgeognn_v2_row_lcmd
31c0776f3608c0708c2c,CCOC(=O)CC(C)=O,256,u0,8191,qgeognn_v2_row_lcmd
6b38c8782f95c673c809,CCOC(=O)CC(C)=O,257,test,8191,qgeognn_v2_row_lcmd
ce539fc06bdda7c0ed0d,CCOC(=O)CC(C)=O,258,l0,8191,qgeognn_v2_row_lcmd
c5130d0b1bb6dba0fb85,CCOC(=O)CC(C)=O,259,validation,8191,qgeognn_v2_row_lcmd
9652798512ade7486015,CCOC(=O)CC(C)=O,260,validation,8191,qgeognn_v2_row_lcmd
7a3586b45c03832259f5,CCOC(=O)CC(C)=O,261,u0,8191,qgeognn_v2_row_lcmd
3ca8d2ff798fad4faffc,CCOC(=O)CC(C)=O,262,validation,8191,qgeognn_v2_row_lcmd
f50c45b31cf41304c109,CCOC(=O)CC(C)=O,263,u0,8191,qgeognn_v2_row_lcmd
cd2c80dae2f32a52732f,CCOC(=O)CC(C)=O,264,u0,8191,qgeognn_v2_row_lcmd
3ad8ec5752f3c638e2ff,CCOC(=O)CC(C)=O,265,u0,8191,qgeognn_v2_row_lcmd
3c041f5186a291c3b313,CCOC(=O)CC(C)=O,266,u0,8191,qgeognn_v2_row_lcmd
6b8e53d2d8c8a90a7216,CCOC(=O)CC(C)=O,267,u0,8191,qgeognn_v2_row_lcmd
5b7151c95c4e964a121b,CCOC(=O)CC(C)=O,268,u0,8191,qgeognn_v2_row_lcmd
b29c3ac2de3ba2d8b5c9,CCOC(=O)CC(C)=O,269,u0,8191,qgeognn_v2_row_lcmd
b6ffd4ffa7739deb3e88,CCOC(=O)CC(C)=O,270,u0,8191,qgeognn_v2_row_lcmd
ac81adfab5ec8ce768db,CCOC(=O)CC(C)=O,271,u0,8191,qgeognn_v2_row_lcmd
61090cfdcf019e0891a3,CCOC(=O)CC(C)=O,272,u0,8191,qgeognn_v2_row_lcmd
07a55cdab65b05f31561,CCOC(=O)CC(C)=O,273,u0,8191,qgeognn_v2_row_lcmd
3b400f57f8dcc4cdbd83,CCOC(=O)CC(C)=O,274,u0,8191,qgeognn_v2_row_lcmd
b6bf451b4911ee22d4a4,CCOC(=O)CC(C)=O,275,test,8191,qgeognn_v2_row_lcmd
c4fb44ceb40c73758e28,C1=Cc2ccccc2C1,276,u0,8191,qgeognn_v2_row_lcmd
55c26bfebf85e8f2e3b9,C1=Cc2ccccc2C1,277,u0,8191,qgeognn_v2_row_lcmd
3b36e9fefb5dd3802feb,C1=Cc2ccccc2C1,278,validation,8191,qgeognn_v2_row_lcmd
94e684031b1076eb7a49,C1=Cc2ccccc2C1,279,u0,8191,qgeognn_v2_row_lcmd
303e517db71305479cf8,C1=Cc2ccccc2C1,280,u0,8191,qgeognn_v2_row_lcmd
afbb3431f3c1f6b3fc84,C1=Cc2ccccc2C1,281,u0,8191,qgeognn_v2_row_lcmd
659ac10e1e83ce329312,C1=Cc2ccccc2C1,282,test,8191,qgeognn_v2_row_lcmd
9bb1445fe1ba6a6b18f6,C1=Cc2ccccc2C1,283,u0,8191,qgeognn_v2_row_lcmd
c8f65df578125328ba0e,C1=Cc2ccccc2C1,284,test,8191,qgeognn_v2_row_lcmd
35e055b13ba20e843f0d,C1=Cc2ccccc2C1,285,test,8191,qgeognn_v2_row_lcmd
9c0b941a31c0d69adb2a,C1=Cc2ccccc2C1,286,test,8191,qgeognn_v2_row_lcmd
4f828f86817f7db919d4,C1=Cc2ccccc2C1,287,test,8191,qgeognn_v2_row_lcmd
9d3f3505ff1be86befbe,C1=Cc2ccccc2C1,288,u0,8191,qgeognn_v2_row_lcmd
3874d078a42b664f6dcc,C1=Cc2ccccc2C1,289,validation,8191,qgeognn_v2_row_lcmd
44331cdf4060414870ea,C1=Cc2ccccc2C1,290,u0,8191,qgeognn_v2_row_lcmd
dbe79bb4ca4ae4967721,C1=Cc2ccccc2C1,291,u0,8191,qgeognn_v2_row_lcmd
29cb91974ec3630e8b9e,C1=Cc2ccccc2C1,292,u0,8191,qgeognn_v2_row_lcmd
0e1f65d90ed00dc33731,C1=Cc2ccccc2C1,293,u0,8191,qgeognn_v2_row_lcmd
418a798336105bff06e0,C1=Cc2ccccc2C1,294,u0,8191,qgeognn_v2_row_lcmd
8697a6a0df89ae432a60,C1=Cc2ccccc2C1,295,u0,8191,qgeognn_v2_row_lcmd
5c4c93d36b2fc71b1442,C1=Cc2ccccc2C1,296,u0,8191,qgeognn_v2_row_lcmd
3fed3124ac3b59becb20,C1=Cc2ccccc2C1,297,u0,8191,qgeognn_v2_row_lcmd
b032545691c02bde249f,C1=Cc2ccccc2C1,298,validation,8191,qgeognn_v2_row_lcmd
e0a92c0479d7c7f570eb,C1=Cc2ccccc2C1,299,u0,8191,qgeognn_v2_row_lcmd
fefdeb43fb4d634b7880,C1=Cc2ccccc2C1,300,u0,8191,qgeognn_v2_row_lcmd
9706e2578ec9f4fe8548,C1=Cc2ccccc2C1,301,u0,8191,qgeognn_v2_row_lcmd
53503e59c4020a7d7137,C1=Cc2ccccc2C1,302,u0,8191,qgeognn_v2_row_lcmd
9c200a8ce916cb2ac23b,C1=Cc2ccccc2C1,303,l0,8191,qgeognn_v2_row_lcmd
ca7513a424b1ad5dcd5a,C1=Cc2ccccc2C1,304,u0,8191,qgeognn_v2_row_lcmd
e6aa01e185a9653117cd,C1=Cc2ccccc2C1,305,u0,8191,qgeognn_v2_row_lcmd
0866717579fac741a912,C1=Cc2ccccc2C1,306,u0,8191,qgeognn_v2_row_lcmd
f426aea97f298c587872,C1=Cc2ccccc2C1,307,test,8191,qgeognn_v2_row_lcmd
0054790b9c9f40026ebe,C1=Cc2ccccc2C1,308,validation,8191,qgeognn_v2_row_lcmd
909edd19830874acd4fa,C1=Cc2ccccc2C1,309,u0,8191,qgeognn_v2_row_lcmd
ae2f8bcd2e35d23b261d,C1=Cc2ccccc2C1,310,validation,8191,qgeognn_v2_row_lcmd
d162bab7a14b516919e2,C1=Cc2ccccc2C1,311,u0,8191,qgeognn_v2_row_lcmd
604bdef50dbc852e329e,C1=Cc2ccccc2C1,312,u0,8191,qgeognn_v2_row_lcmd
ae25864f890aaddebd63,C1=Cc2ccccc2C1,313,u0,8191,qgeognn_v2_row_lcmd
55dfd30fde788076a355,CCOC(=O)CC(=O)OCC,314,u0,8191,qgeognn_v2_row_lcmd
1666061cb3649389f1d5,CCOC(=O)CC(=O)OCC,315,u0,8191,qgeognn_v2_row_lcmd
52e05a1a506d6326fa3f,CCOC(=O)CC(=O)OCC,316,validation,8191,qgeognn_v2_row_lcmd
fa04675c3a6400dc01e0,CCOC(=O)CC(=O)OCC,317,u0,8191,qgeognn_v2_row_lcmd
461fbd64aa8472f52774,CCOC(=O)CC(=O)OCC,318,u0,8191,qgeognn_v2_row_lcmd
29b2750406e976da394c,CCOC(=O)CC(=O)OCC,319,u0,8191,qgeognn_v2_row_lcmd
b813b117f0ebb8d7c853,CCOC(=O)CC(=O)OCC,320,u0,8191,qgeognn_v2_row_lcmd
29c10ff03e1b36b3d26d,CCOC(=O)CC(=O)OCC,321,u0,8191,qgeognn_v2_row_lcmd
3a095d378b537020c569,CCOC(=O)CC(=O)OCC,322,u0,8191,qgeognn_v2_row_lcmd
9f2784e0f5c807ccfa0f,CCOC(=O)CC(=O)OCC,323,u0,8191,qgeognn_v2_row_lcmd
ba2b9e528f2743c4e6ec,CCOC(=O)CC(=O)OCC,324,u0,8191,qgeognn_v2_row_lcmd
d70e9c59006d0176fc5a,CCOC(=O)CC(=O)OCC,325,u0,8191,qgeognn_v2_row_lcmd
8d9183fd0d59cfc5871f,CCOC(=O)CC(=O)OCC,326,u0,8191,qgeognn_v2_row_lcmd
a49035ae8152befe9b80,CCOC(=O)CC(=O)OCC,327,validation,8191,qgeognn_v2_row_lcmd
3b54dfb5158b47f3c0f5,CCOC(=O)CC(=O)OCC,328,u0,8191,qgeognn_v2_row_lcmd
99d252a2e394a175ecba,CCOC(=O)CC(=O)OCC,329,validation,8191,qgeognn_v2_row_lcmd
0b1b7bf04ed8169cd172,CCOC(=O)CC(=O)OCC,330,u0,8191,qgeognn_v2_row_lcmd
a86de29046ff51f1300b,CCOC(=O)CC(=O)OCC,331,u0,8191,qgeognn_v2_row_lcmd
58b3518f48d8340d6ffc,CCOC(=O)CC(=O)OCC,332,u0,8191,qgeognn_v2_row_lcmd
daa57028243887eb8e1a,CCOC(=O)CC(=O)OCC,333,u0,8191,qgeognn_v2_row_lcmd
034aaf7715b5ec8bd7ee,CCOC(=O)CC(=O)OCC,334,u0,8191,qgeognn_v2_row_lcmd
eea50d6a38f292dfe571,CCOC(=O)CC(=O)OCC,335,u0,8191,qgeognn_v2_row_lcmd
9205619d3836954c6591,CCOC(=O)CC(=O)OCC,336,test,8191,qgeognn_v2_row_lcmd
ace363e8314f9f7d27a6,CCOC(=O)CC(=O)OCC,337,u0,8191,qgeognn_v2_row_lcmd
ab66de7edad40236ffd5,CCOC(=O)CC(=O)OCC,338,u0,8191,qgeognn_v2_row_lcmd
aa65e86ee8638bded5d9,CCOC(=O)CC(=O)OCC,339,u0,8191,qgeognn_v2_row_lcmd
4e69d770ec2e35212ede,CCOC(=O)CC(=O)OCC,340,u0,8191,qgeognn_v2_row_lcmd
271f829efaeb0b6c03b9,CCOC(=O)CC(=O)OCC,341,test,8191,qgeognn_v2_row_lcmd
bb9d055d55ded1101079,CCOC(=O)CC(=O)OCC,342,u0,8191,qgeognn_v2_row_lcmd
08ae0e5f727afabf1e71,CCOC(=O)CC(=O)OCC,343,u0,8191,qgeognn_v2_row_lcmd
d7b0845793265cab0c33,CCOC(=O)CC(=O)OCC,344,u0,8191,qgeognn_v2_row_lcmd
40fd02db79e028fe05a9,CCOC(=O)CC(=O)OCC,345,l0,8191,qgeognn_v2_row_lcmd
4c469be3d7348703d469,CCOC(=O)CC(=O)OCC,346,test,8191,qgeognn_v2_row_lcmd
c8c273cfee014d3eee97,CCOC(=O)CC(=O)OCC,347,u0,8191,qgeognn_v2_row_lcmd
26df752cf7c0673db585,CCOC(=O)CC(=O)OCC,348,u0,8191,qgeognn_v2_row_lcmd
463c07f492870522d9b8,CCOC(=O)CC(=O)OCC,349,u0,8191,qgeognn_v2_row_lcmd
37c15d90032e66347ed6,CCOC(=O)CC(=O)OCC,350,u0,8191,qgeognn_v2_row_lcmd
08155ffdcb0d27576050,CCOC(=O)CC(=O)OCC,351,u0,8191,qgeognn_v2_row_lcmd
2aa2754666d0f055cb00,CCOC(=O)CC(=O)OCC,352,u0,8191,qgeognn_v2_row_lcmd
9c10e0827e86bb3c7681,CCOC(=O)CC(=O)OCC,353,test,8191,qgeognn_v2_row_lcmd
68ca46900cfea89e5164,CCOC(=O)CC(=O)OCC,354,test,8191,qgeognn_v2_row_lcmd
f7d57d8bb988f7016502,CCOC(=O)CC(=O)OCC,355,u0,8191,qgeognn_v2_row_lcmd
1c7b6d08b1295d5ab57a,CCOC(=O)C(Br)C(=O)OCC,356,u0,8191,qgeognn_v2_row_lcmd
aa4f10716b50c64bdfb4,CCOC(=O)C(Br)C(=O)OCC,357,u0,8191,qgeognn_v2_row_lcmd
2261bf7d6cced00105f6,CCOC(=O)C(Br)C(=O)OCC,358,u0,8191,qgeognn_v2_row_lcmd
9807b8d6ea4e235596ef,CCOC(=O)C(Br)C(=O)OCC,359,u0,8191,qgeognn_v2_row_lcmd
53586dc05216ecade4e4,CCOC(=O)C(Br)C(=O)OCC,360,u0,8191,qgeognn_v2_row_lcmd
9bf0908bbb92616aa84a,CCOC(=O)C(Br)C(=O)OCC,361,u0,8191,qgeognn_v2_row_lcmd
d2ff7a583ff7ba867f92,CCOC(=O)C(Br)C(=O)OCC,362,validation,8191,qgeognn_v2_row_lcmd
35fbc43e4153b7ce3ac7,CCOC(=O)C(Br)C(=O)OCC,363,u0,8191,qgeognn_v2_row_lcmd
4ce74d351dca8ea185be,CCOC(=O)C(Br)C(=O)OCC,364,test,8191,qgeognn_v2_row_lcmd
7f459db0de73e17d0dd5,CCOC(=O)C(Br)C(=O)OCC,365,validation,8191,qgeognn_v2_row_lcmd
0b9226171e1caa865abb,CCOC(=O)C(Br)C(=O)OCC,366,u0,8191,qgeognn_v2_row_lcmd
1237662bc794f13220ff,CCOC(=O)C(Br)C(=O)OCC,367,u0,8191,qgeognn_v2_row_lcmd
4dcce3e0c8b66ec2ad50,CCOC(=O)C(Br)C(=O)OCC,368,u0,8191,qgeognn_v2_row_lcmd
f9b4646c61f373716990,CCOC(=O)C(Br)C(=O)OCC,369,u0,8191,qgeognn_v2_row_lcmd
3250d3677af7398cd6e8,CCOC(=O)C(Br)C(=O)OCC,370,test,8191,qgeognn_v2_row_lcmd
759630ce1a183c36325b,CCOC(=O)C(Br)C(=O)OCC,371,test,8191,qgeognn_v2_row_lcmd
dc73de0bfc725e8cd467,CCOC(=O)C(Br)C(=O)OCC,372,u0,8191,qgeognn_v2_row_lcmd
e2de4345a5969054533f,CCOC(=O)C(Br)C(=O)OCC,373,validation,8191,qgeognn_v2_row_lcmd
344a23de5d4ee8d4ce48,CCOC(=O)C(Br)C(=O)OCC,374,u0,8191,qgeognn_v2_row_lcmd
d9426ef0af1c968f7fae,CCOC(=O)C(Br)C(=O)OCC,375,u0,8191,qgeognn_v2_row_lcmd
c698c0c44dc3e81c2f47,CCOC(=O)C(Br)C(=O)OCC,376,u0,8191,qgeognn_v2_row_lcmd
f72a0e7948a50ed09024,CCOC(=O)C(Br)C(=O)OCC,377,u0,8191,qgeognn_v2_row_lcmd
0e4b54f3f5f8d275159d,CCOC(=O)C(Br)C(=O)OCC,378,u0,8191,qgeognn_v2_row_lcmd
28370d4d701b5589f06c,CCOC(=O)C(Br)C(=O)OCC,379,u0,8191,qgeognn_v2_row_lcmd
83b130b6b5ea23418a95,CCOC(=O)C(Br)C(=O)OCC,380,validation,8191,qgeognn_v2_row_lcmd
12ee64241e59d6b88e7a,CCOC(=O)C(Br)C(=O)OCC,381,u0,8191,qgeognn_v2_row_lcmd
f38d5dff7d60bacd8a21,CCOC(=O)C(Br)C(=O)OCC,382,test,8191,qgeognn_v2_row_lcmd
476cc619694c0f3b6c39,CCOC(=O)C(Br)C(=O)OCC,383,u0,8191,qgeognn_v2_row_lcmd
bfaadd073aa5a950f919,CCOC(=O)C(Br)C(=O)OCC,384,u0,8191,qgeognn_v2_row_lcmd
dde0f59c8346943fe60a,CCOC(=O)C(Br)C(=O)OCC,385,u0,8191,qgeognn_v2_row_lcmd
3da92f4c69a3c88d3585,CCOC(=O)C(Br)C(=O)OCC,386,u0,8191,qgeognn_v2_row_lcmd
b98a7974de322ed42ec0,CCOC(=O)C(Br)C(=O)OCC,387,u0,8191,qgeognn_v2_row_lcmd
0434c2f9b75e25782a13,CCOC(=O)C(Br)C(=O)OCC,388,u0,8191,qgeognn_v2_row_lcmd
027bbff1ac308c5dd7a1,CCOC(=O)C(Br)C(=O)OCC,389,validation,8191,qgeognn_v2_row_lcmd
4756b7ebb0be7c63e552,CCOC(=O)C(Br)C(=O)OCC,390,u0,8191,qgeognn_v2_row_lcmd
d3b1f310cb3ebbca13af,CCOC(=O)/C=C(/C)N,391,u0,8191,qgeognn_v2_row_lcmd
71f5df8c7d7e88d1afce,CCOC(=O)/C=C(/C)N,392,u0,8191,qgeognn_v2_row_lcmd
ce8391d5c053e7fad6e4,CCOC(=O)/C=C(/C)N,393,u0,8191,qgeognn_v2_row_lcmd
87c99ce6f9252fc3241e,CCOC(=O)/C=C(/C)N,394,u0,8191,qgeognn_v2_row_lcmd
4df0734ab058c0eeed78,CCOC(=O)/C=C(/C)N,395,u0,8191,qgeognn_v2_row_lcmd
cad6b7ea1831fdd559f2,CCOC(=O)/C=C(/C)N,396,validation,8191,qgeognn_v2_row_lcmd
6a53fc46345dc50021ae,CCOC(=O)/C=C(/C)N,397,u0,8191,qgeognn_v2_row_lcmd
d90d024730eb01bff3c7,CCOC(=O)/C=C(/C)N,398,l0,8191,qgeognn_v2_row_lcmd
017b0f98188f8ff58935,CCOC(=O)/C=C(/C)N,399,u0,8191,qgeognn_v2_row_lcmd
eb798a5ccfb1f429a724,CCOC(=O)/C=C(/C)N,400,test,8191,qgeognn_v2_row_lcmd
2466da143763ef5563ef,CCOC(=O)/C=C(/C)N,401,u0,8191,qgeognn_v2_row_lcmd
65e1a598d00339bec2f8,CCOC(=O)/C=C(/C)N,402,u0,8191,qgeognn_v2_row_lcmd
dbb123f97786ebe3c36a,CCOC(=O)/C=C(/C)N,403,u0,8191,qgeognn_v2_row_lcmd
10f01f359bc6067d009f,CCOC(=O)/C=C(/C)N,404,u0,8191,qgeognn_v2_row_lcmd
a461d15b45edb356d2da,CCOC(=O)/C=C(/C)N,405,u0,8191,qgeognn_v2_row_lcmd
89425cdfb228a6ebf75d,CCOC(=O)/C=C(/C)N,406,validation,8191,qgeognn_v2_row_lcmd
cd638c08f0b730d298e8,CCOC(=O)/C=C(/C)N,407,u0,8191,qgeognn_v2_row_lcmd
93bcd806b8dcb8c0cab9,CCOC(=O)/C=C(/C)N,408,u0,8191,qgeognn_v2_row_lcmd
7383949c431e18f39597,CCOC(=O)/C=C(/C)N,409,u0,8191,qgeognn_v2_row_lcmd
a2f83665cfe821271b30,CCOC(=O)/C=C(/C)N,410,u0,8191,qgeognn_v2_row_lcmd
334f7f55dcbf278e47ec,CCOC(=O)/C=C(/C)N,411,l0,8191,qgeognn_v2_row_lcmd
1b1a9ec85268aa66d327,CCOC(=O)/C=C(/C)N,412,u0,8191,qgeognn_v2_row_lcmd
5d6d4ac0c1dfacbde53d,CCOC(=O)/C=C(/C)N,413,test,8191,qgeognn_v2_row_lcmd
9fa9fb28b91ddf9af555,CC(=O)CC(=O)OC(C)(C)C,414,u0,8191,qgeognn_v2_row_lcmd
f448a4f7519121eb227b,CC(=O)CC(=O)OC(C)(C)C,415,u0,8191,qgeognn_v2_row_lcmd
0af4d354d29927a8a743,CC(=O)CC(=O)OC(C)(C)C,416,l0,8191,qgeognn_v2_row_lcmd
749f06e2d4f714844341,CC(=O)CC(=O)OC(C)(C)C,417,u0,8191,qgeognn_v2_row_lcmd
23d61ed36230cdd2e8fe,CC(=O)CC(=O)OC(C)(C)C,418,u0,8191,qgeognn_v2_row_lcmd
9a207c449ef228ed648f,CC(=O)CC(=O)OC(C)(C)C,419,u0,8191,qgeognn_v2_row_lcmd
9ea628a740f0855c4dbe,CC(=O)CC(=O)OC(C)(C)C,420,validation,8191,qgeognn_v2_row_lcmd
7a686f0aefeefe62a695,CC(=O)CC(=O)OC(C)(C)C,421,u0,8191,qgeognn_v2_row_lcmd
a1760c9f792d02b2e59c,CC(=O)CC(=O)OC(C)(C)C,422,test,8191,qgeognn_v2_row_lcmd
c7b33bb4e1a37b576135,CC(=O)CC(=O)OC(C)(C)C,423,u0,8191,qgeognn_v2_row_lcmd
3f4948999956d25c00e0,CC(=O)CC(=O)OC(C)(C)C,424,u0,8191,qgeognn_v2_row_lcmd
a99011d97b1af601fdbc,CC(=O)CC(=O)OC(C)(C)C,425,l0,8191,qgeognn_v2_row_lcmd
ec1c29d6d4fe334c886a,CC(=O)CC(=O)OC(C)(C)C,426,u0,8191,qgeognn_v2_row_lcmd
34021fab3c1543cca97d,CC(=O)CC(=O)OC(C)(C)C,427,l0,8191,qgeognn_v2_row_lcmd
020187ef7e68c736fde7,CC(=O)CC(=O)OC(C)(C)C,428,u0,8191,qgeognn_v2_row_lcmd
075248a5ddcd4b5d091f,CC(=O)CC(=O)OC(C)(C)C,429,test,8191,qgeognn_v2_row_lcmd
ac6cfe67adcb860efabf,CC(=O)CC(=O)OC(C)(C)C,430,u0,8191,qgeognn_v2_row_lcmd
6f3dff9a427ee1563a3e,CC(=O)CC(=O)OC(C)(C)C,431,u0,8191,qgeognn_v2_row_lcmd
b6017da51a674177d16d,CC(=O)CC(=O)OC(C)(C)C,432,u0,8191,qgeognn_v2_row_lcmd
b008f92639d8bb738954,CC(=O)CC(=O)OC(C)(C)C,433,l0,8191,qgeognn_v2_row_lcmd
3b6524f5fc7e0343ff9b,CC(=O)CC(=O)OC(C)(C)C,434,validation,8191,qgeognn_v2_row_lcmd
61e2b18d9ec61505948c,CC(=O)CC(=O)OC(C)(C)C,435,u0,8191,qgeognn_v2_row_lcmd
d21f08a7e8eaa163ecfc,CC(=O)CC(=O)OC(C)(C)C,436,u0,8191,qgeognn_v2_row_lcmd
53774efff44f690d6f30,CC(=O)CC(=O)OC(C)(C)C,437,u0,8191,qgeognn_v2_row_lcmd
7394fdb0a8cd53255d4a,CC(=O)CC(=O)OC(C)(C)C,438,u0,8191,qgeognn_v2_row_lcmd
e6544a01d42439a41712,CC(=O)CC(=O)OC(C)(C)C,439,u0,8191,qgeognn_v2_row_lcmd
327064e6ca2c38d79d76,CC(=O)CC(=O)OC(C)(C)C,440,u0,8191,qgeognn_v2_row_lcmd
0af9d219be9872711215,CC(=O)CC(=O)OC(C)(C)C,441,u0,8191,qgeognn_v2_row_lcmd
3fc05dc2025715e68174,CC(=O)CC(=O)OC(C)(C)C,442,u0,8191,qgeognn_v2_row_lcmd
74701496b6fc5465eea7,CC(=O)CC(=O)OC(C)(C)C,443,u0,8191,qgeognn_v2_row_lcmd
381a7717cd8db0a06c69,CCOC(=O)C(C)(C)Br,444,u0,8191,qgeognn_v2_row_lcmd
430318f87f3b5a86d927,CCOC(=O)C(C)(C)Br,445,validation,8191,qgeognn_v2_row_lcmd
9bdc860a29cf942d2e7e,CCOC(=O)C(C)(C)Br,446,u0,8191,qgeognn_v2_row_lcmd
da8dfa7ee4391111f164,CCOC(=O)C(C)(C)Br,447,u0,8191,qgeognn_v2_row_lcmd
d7cc9292c7683a77b8ff,CCOC(=O)C(C)(C)Br,448,u0,8191,qgeognn_v2_row_lcmd
8b4ae026bcd66676ebc4,CCOC(=O)C(C)(C)Br,449,u0,8191,qgeognn_v2_row_lcmd
30aebe05b55e1e5bd900,CCOC(=O)C(C)(C)Br,450,validation,8191,qgeognn_v2_row_lcmd
d3f006ad008c95f61f09,CCOC(=O)C(C)(C)Br,451,u0,8191,qgeognn_v2_row_lcmd
ba601e98a24b3b4f7fd8,CCOC(=O)C(C)(C)Br,452,u0,8191,qgeognn_v2_row_lcmd
40964ac3f659274451ef,CCOC(=O)C(C)(C)Br,453,u0,8191,qgeognn_v2_row_lcmd
f106b85660c480a44538,CCOC(=O)C(C)(C)Br,454,l0,8191,qgeognn_v2_row_lcmd
62c643c64fefa1a9b0c1,CCOC(=O)C(C)(C)Br,455,u0,8191,qgeognn_v2_row_lcmd
f60c4677902a90143b6c,CCOC(=O)C(C)(C)Br,456,l0,8191,qgeognn_v2_row_lcmd
7387be9709aeda9b4fa4,CCOC(=O)C(C)(C)Br,457,u0,8191,qgeognn_v2_row_lcmd
3fd8f569aaeff7edebea,CCOC(=O)C(C)(C)Br,458,validation,8191,qgeognn_v2_row_lcmd
fb0cb3f676c76d46ada8,CCOC(=O)C(C)(C)Br,459,u0,8191,qgeognn_v2_row_lcmd
7f4f6bad0930976deaf5,CCOC(=O)C(C)(C)Br,460,u0,8191,qgeognn_v2_row_lcmd
41ae24734eabf9cae4d7,CCOC(=O)C(C)(C)Br,461,validation,8191,qgeognn_v2_row_lcmd
b9c474ef8c8affc54498,CCOC(=O)C(C)(C)Br,462,u0,8191,qgeognn_v2_row_lcmd
6798a6da1585a0867060,CCOC(=O)C(C)(C)Br,463,u0,8191,qgeognn_v2_row_lcmd
a047be17b8ee8bebb29a,CCOC(=O)/C=C(/C)N,464,u0,8191,qgeognn_v2_row_lcmd
4299a86aae93463852d9,CCOC(=O)/C=C(/C)N,465,u0,8191,qgeognn_v2_row_lcmd
d2472f692763fd970d64,CCOC(=O)/C=C(/C)N,466,u0,8191,qgeognn_v2_row_lcmd
a2c9096e1ec2e5c244d6,CCOC(=O)/C=C(/C)N,467,l0,8191,qgeognn_v2_row_lcmd
506010b7655432ff2f72,CCOC(=O)/C=C(/C)N,468,u0,8191,qgeognn_v2_row_lcmd
0e3813ce35d9e31ef276,CCOC(=O)/C=C(/C)N,469,u0,8191,qgeognn_v2_row_lcmd
9fb3a97fd11eb74aac96,CCOC(=O)/C=C(/C)N,470,validation,8191,qgeognn_v2_row_lcmd
be6fa448aed2d0520ac3,CCOC(=O)/C=C(/C)N,471,u0,8191,qgeognn_v2_row_lcmd
4257dae751590e647fb1,CCOC(=O)/C=C(/C)N,472,validation,8191,qgeognn_v2_row_lcmd
bdfa3c592507c0609ee1,CCOC(=O)/C=C(/C)N,473,u0,8191,qgeognn_v2_row_lcmd
e20f86e102cb9432e677,CCOC(=O)/C=C(/C)N,474,u0,8191,qgeognn_v2_row_lcmd
1f70add69a6dbecca3b4,CCOC(=O)/C=C(/C)N,475,u0,8191,qgeognn_v2_row_lcmd
32326acee85181b5df10,CCOC(=O)/C=C(/C)N,476,u0,8191,qgeognn_v2_row_lcmd
95e342a52004838fd5e0,CCOC(=O)/C=C(/C)N,477,u0,8191,qgeognn_v2_row_lcmd
542f504077b58e444bc2,CCOC(=O)/C=C(/C)N,478,u0,8191,qgeognn_v2_row_lcmd
bcd986158b7450087591,CCOC(=O)/C=C(/C)N,479,validation,8191,qgeognn_v2_row_lcmd
48b79cabd9460cfc510b,CCOC(=O)/C=C(/C)N,480,u0,8191,qgeognn_v2_row_lcmd
8e7636d7a60a6058305a,CCOC(=O)/C=C(/C)N,481,u0,8191,qgeognn_v2_row_lcmd
754f1d33b0ed61557754,CCOC(=O)/C=C(/C)N,482,u0,8191,qgeognn_v2_row_lcmd
3d5a3094cb10eee37b37,CCOC(=O)/C=C/c1ccccc1,483,test,8191,qgeognn_v2_row_lcmd
b187c8a6f7beb2c7f61f,CCOC(=O)/C=C/c1ccccc1,484,test,8191,qgeognn_v2_row_lcmd
51de9c0ea3a29bbcda54,CCOC(=O)/C=C/c1ccccc1,485,validation,8191,qgeognn_v2_row_lcmd
9955b65d41bf10d27b48,CCOC(=O)/C=C/c1ccccc1,486,u0,8191,qgeognn_v2_row_lcmd
2732471e4009311396ed,CCOC(=O)/C=C/c1ccccc1,487,u0,8191,qgeognn_v2_row_lcmd
a387411cbcb6be48bde4,CCOC(=O)/C=C/c1ccccc1,488,test,8191,qgeognn_v2_row_lcmd
2cf789c87f7c6325c020,CCOC(=O)/C=C/c1ccccc1,489,l0,8191,qgeognn_v2_row_lcmd
7bd4e959319ef8b7b0fe,CCOC(=O)/C=C/c1ccccc1,490,validation,8191,qgeognn_v2_row_lcmd
8c3bb4a0887f8635cf5f,CCOC(=O)/C=C/c1ccccc1,491,validation,8191,qgeognn_v2_row_lcmd
7150b292e8a20dd06f1c,CCOC(=O)/C=C/c1ccccc1,492,u0,8191,qgeognn_v2_row_lcmd
761c1abe2efeaef568fd,CCOC(=O)/C=C/c1ccccc1,493,u0,8191,qgeognn_v2_row_lcmd
e4b92f261cd9f0b1c1d8,CCOC(=O)/C=C/c1ccccc1,494,l0,8191,qgeognn_v2_row_lcmd
d390243792c642851ea2,CCOC(=O)/C=C/c1ccccc1,495,validation,8191,qgeognn_v2_row_lcmd
1142bc62e11864dd8c8f,CCOC(=O)/C=C/c1ccccc1,496,u0,8191,qgeognn_v2_row_lcmd
122a83bd31e4c0efeebd,CCOC(=O)/C=C/c1ccccc1,497,validation,8191,qgeognn_v2_row_lcmd
ae21e5bf088e88892524,CCOC(=O)/C=C/c1ccccc1,498,u0,8191,qgeognn_v2_row_lcmd
c496cacfd9e40e5e6f71,CCOC(=O)/C=C/c1ccccc1,499,validation,8191,qgeognn_v2_row_lcmd
4ab2ad098894e8ecfeda,CCOC(=O)CC(=O)c1ccccc1,500,u0,8191,qgeognn_v2_row_lcmd
e301272fe83481e8a85d,CCOC(=O)CC(=O)c1ccccc1,501,u0,8191,qgeognn_v2_row_lcmd
da1432805cdb94057366,CCOC(=O)CC(=O)c1ccccc1,502,l0,8191,qgeognn_v2_row_lcmd
d9286f3f450c7cca4a86,CCOC(=O)CC(=O)c1ccccc1,503,u0,8191,qgeognn_v2_row_lcmd
ec816522a495dc36b76c,CCOC(=O)CC(=O)c1ccccc1,504,validation,8191,qgeognn_v2_row_lcmd
8dc729ceee9008ecad22,CCOC(=O)CC(=O)c1ccccc1,505,u0,8191,qgeognn_v2_row_lcmd
a67ca3769b4a44530eae,CCOC(=O)CC(=O)c1ccccc1,506,validation,8191,qgeognn_v2_row_lcmd
fa5d86f56c1c38fa9416,CCOC(=O)CC(=O)c1ccccc1,507,u0,8191,qgeognn_v2_row_lcmd
54d470deb03c6f66b026,CCOC(=O)CC(=O)c1ccccc1,508,u0,8191,qgeognn_v2_row_lcmd
06c0c99f1cfb752ed34b,CCOC(=O)CC(=O)c1ccccc1,509,test,8191,qgeognn_v2_row_lcmd
36c9891cc52de490659d,CCOC(=O)CC(=O)c1ccccc1,510,u0,8191,qgeognn_v2_row_lcmd
f832c41282aab91a0a16,CCOC(=O)CC(=O)c1ccccc1,511,test,8191,qgeognn_v2_row_lcmd
bee82d193ec1ce4fde27,CCOC(=O)CC(=O)c1ccccc1,512,u0,8191,qgeognn_v2_row_lcmd
c8aa294f40da0b999307,CCOC(=O)CC(=O)c1ccccc1,513,u0,8191,qgeognn_v2_row_lcmd
e6cfb4a6354c69d460de,CCOC(=O)CC(=O)c1ccccc1,514,validation,8191,qgeognn_v2_row_lcmd
3233c0996a6126a9c036,CCOC(=O)CC(=O)c1ccccc1,515,u0,8191,qgeognn_v2_row_lcmd
904c7849feb1c686924a,CCOC(=O)CC(=O)c1ccccc1,516,u0,8191,qgeognn_v2_row_lcmd
fefecd79dc057980f62c,CCOC(=O)CC(=O)c1ccccc1,517,u0,8191,qgeognn_v2_row_lcmd
a9500e468002e41eceeb,CCOC(=O)CC(=O)c1ccccc1,518,u0,8191,qgeognn_v2_row_lcmd
5879dc8ccb560446d54c,CCOC(=O)CC(=O)c1ccccc1,519,u0,8191,qgeognn_v2_row_lcmd
79a8af9fd69d3ddbf3e3,CCOC(=O)CC(=O)c1ccccc1,520,u0,8191,qgeognn_v2_row_lcmd
390d6dfe33afc329fb17,CCOC(=O)CC(=O)c1ccccc1,521,u0,8191,qgeognn_v2_row_lcmd
ce11189a0e59d1798306,CCOC(=O)CC(=O)c1ccccc1,522,u0,8191,qgeognn_v2_row_lcmd
eb6c235e6ed90084bfc9,CCOC(=O)CC(=O)c1ccccc1,523,u0,8191,qgeognn_v2_row_lcmd
7d402b3fad455f06fe68,CCOC(=O)CC(=O)c1ccccc1,524,u0,8191,qgeognn_v2_row_lcmd
db2709229820b71e283b,CCOC(=O)CC(=O)c1ccccc1,525,validation,8191,qgeognn_v2_row_lcmd
6b8ff4c027d9c4c2d75f,CCOC(=O)CC(=O)c1ccccc1,526,validation,8191,qgeognn_v2_row_lcmd
7e0c856a121512a6f891,CCOC(=O)CC(=O)c1ccccc1,527,u0,8191,qgeognn_v2_row_lcmd
f4a4fc4d6e4dea59b061,CCOC(=O)CC(=O)c1ccccc1,528,u0,8191,qgeognn_v2_row_lcmd
57646b9484b03f4076bb,CCOC(=O)CC(=O)c1ccccc1,529,u0,8191,qgeognn_v2_row_lcmd
9546040e1980860a8fe1,COC(=O)CC(C)=O,530,u0,8191,qgeognn_v2_row_lcmd
45ee5106187dc3b895e1,COC(=O)CC(C)=O,531,u0,8191,qgeognn_v2_row_lcmd
2c42c9de227df39c5f0c,COC(=O)CC(C)=O,532,u0,8191,qgeognn_v2_row_lcmd
09451a20997310593b6e,COC(=O)CC(C)=O,533,validation,8191,qgeognn_v2_row_lcmd
7571d4719ffcd43a7258,COC(=O)CC(C)=O,534,l0,8191,qgeognn_v2_row_lcmd
cfaceffb933d8cc2f151,COC(=O)CC(C)=O,535,l0,8191,qgeognn_v2_row_lcmd
598ca66d9a8305ded243,COC(=O)CC(C)=O,536,u0,8191,qgeognn_v2_row_lcmd
8d018e521e8e6bbc53c2,COC(=O)CC(C)=O,537,test,8191,qgeognn_v2_row_lcmd
8b6fc534edc07d5b79be,COC(=O)CC(C)=O,538,u0,8191,qgeognn_v2_row_lcmd
b7a9a6b5086135269cb6,COC(=O)CC(C)=O,539,u0,8191,qgeognn_v2_row_lcmd
cd566862a517dd7cdc8d,COC(=O)CC(C)=O,540,u0,8191,qgeognn_v2_row_lcmd
0ccbd28a4414f97dfad8,COC(=O)CC(C)=O,541,u0,8191,qgeognn_v2_row_lcmd
35944fdd59ac331c3fcb,COC(=O)CC(C)=O,542,u0,8191,qgeognn_v2_row_lcmd
41f57dc6d50ee162801a,COC(=O)CC(C)=O,543,u0,8191,qgeognn_v2_row_lcmd
45e24a16b44a89653e4b,COC(=O)CC(C)=O,544,u0,8191,qgeognn_v2_row_lcmd
08f5a209b38c4c65b5c3,COC(=O)CC(C)=O,545,u0,8191,qgeognn_v2_row_lcmd
d448d8de2d8dacec62c3,COC(=O)CC(C)=O,546,validation,8191,qgeognn_v2_row_lcmd
f402144b8672dd5ab2ab,COC(=O)CC(C)=O,547,u0,8191,qgeognn_v2_row_lcmd
1a55639d058c08a1a06e,COC(=O)CC(C)=O,548,test,8191,qgeognn_v2_row_lcmd
5fd0921bbbba1e22abf9,COC(=O)CC(C)=O,549,u0,8191,qgeognn_v2_row_lcmd
fa59cd65f3b5f04bd6af,COC(=O)C#CC(=O)OC,550,u0,8191,qgeognn_v2_row_lcmd
0a94142a35c55e5f1788,COC(=O)C#CC(=O)OC,551,u0,8191,qgeognn_v2_row_lcmd
7bb758eca7db78231165,COC(=O)C#CC(=O)OC,552,u0,8191,qgeognn_v2_row_lcmd
02ddeed8a16d3adf3e28,COC(=O)C#CC(=O)OC,553,validation,8191,qgeognn_v2_row_lcmd
303a8a967047b5307933,COC(=O)C#CC(=O)OC,554,u0,8191,qgeognn_v2_row_lcmd
3d4f7f7de9025ed645c9,COC(=O)C#CC(=O)OC,555,u0,8191,qgeognn_v2_row_lcmd
d603d4af5fd62fa8b85e,COC(=O)C#CC(=O)OC,556,validation,8191,qgeognn_v2_row_lcmd
e9d196dc9d1443121cf9,COC(=O)C#CC(=O)OC,557,u0,8191,qgeognn_v2_row_lcmd
a2ecf2b2f28094d70368,COC(=O)C#CC(=O)OC,558,u0,8191,qgeognn_v2_row_lcmd
90392022474cdfb260c0,COC(=O)C#CC(=O)OC,559,u0,8191,qgeognn_v2_row_lcmd
26c1e0e617e6dbe06ef7,COC(=O)C#CC(=O)OC,560,u0,8191,qgeognn_v2_row_lcmd
10aed2ae6d65e00f993a,COC(=O)C#CC(=O)OC,561,test,8191,qgeognn_v2_row_lcmd
a93680d827624e459a39,COC(=O)C#CC(=O)OC,562,u0,8191,qgeognn_v2_row_lcmd
bc98537714d620facf79,COC(=O)C#CC(=O)OC,563,u0,8191,qgeognn_v2_row_lcmd
93f10a8edf06f7acae26,COC(=O)C#CC(=O)OC,564,test,8191,qgeognn_v2_row_lcmd
58057b7c6f59599617ed,COC(=O)C#CC(=O)OC,565,u0,8191,qgeognn_v2_row_lcmd
48679ae48dd485ffb7a6,COC(=O)C#CC(=O)OC,566,validation,8191,qgeognn_v2_row_lcmd
42685cebd51bb8d957c0,CCOC(=O)C(C)Br,567,u0,8191,qgeognn_v2_row_lcmd
044f47a795e848df0080,CCOC(=O)C(C)Br,568,u0,8191,qgeognn_v2_row_lcmd
bc91a347ac9137bb682c,CCOC(=O)C(C)Br,569,u0,8191,qgeognn_v2_row_lcmd
a509a57957198b5c332a,CCOC(=O)C(C)Br,570,u0,8191,qgeognn_v2_row_lcmd
3104197ca02407c049a3,CCOC(=O)C(C)Br,571,u0,8191,qgeognn_v2_row_lcmd
308ffc82485e086c1c09,CCOC(=O)C(C)Br,572,l0,8191,qgeognn_v2_row_lcmd
cd13a5a50b3e668212eb,CCOC(=O)C(C)Br,573,u0,8191,qgeognn_v2_row_lcmd
7ebdebd10f6058d4f738,CCOC(=O)C(C)Br,574,validation,8191,qgeognn_v2_row_lcmd
1ccaa557ab3d63a19bf6,CCOC(=O)C(C)Br,575,u0,8191,qgeognn_v2_row_lcmd
f360534272a0d13720ab,CCOC(=O)C(C)Br,576,u0,8191,qgeognn_v2_row_lcmd
b6685aed98359c179cd7,CCOC(=O)C(C)Br,577,u0,8191,qgeognn_v2_row_lcmd
e91423e4955526580753,CCOC(=O)C(C)Br,578,u0,8191,qgeognn_v2_row_lcmd
00108a625c557c377dda,CCOC(=O)C(C)Br,579,u0,8191,qgeognn_v2_row_lcmd
dca8340531a35b3f9f64,COc1ccc(C(C)=O)cc1,580,validation,8191,qgeognn_v2_row_lcmd
d686d29dfac970468ac6,COc1ccc(C(C)=O)cc1,581,validation,8191,qgeognn_v2_row_lcmd
c8eaca5c64e92991b284,COc1ccc(C(C)=O)cc1,582,u0,8191,qgeognn_v2_row_lcmd
056a228c0de193b126cf,COc1ccc(C(C)=O)cc1,583,u0,8191,qgeognn_v2_row_lcmd
368ea7ae793fdfdcf602,COc1ccc(C(C)=O)cc1,584,u0,8191,qgeognn_v2_row_lcmd
aa4c0f940c011630a345,COc1ccc(C(C)=O)cc1,585,l0,8191,qgeognn_v2_row_lcmd
4276fb99ccd1d4c70a06,COc1ccc(C(C)=O)cc1,586,test,8191,qgeognn_v2_row_lcmd
352465f62eba993148ee,COc1ccc(C(C)=O)cc1,587,u0,8191,qgeognn_v2_row_lcmd
f2931e18ce0362f7a6c0,COc1ccc(C(C)=O)cc1,588,u0,8191,qgeognn_v2_row_lcmd
d1ea63515e645b84e0cd,COc1ccc(C(C)=O)cc1,589,u0,8191,qgeognn_v2_row_lcmd
cfc3cd7290e349d095d4,COc1ccc(C(C)=O)cc1,590,test,8191,qgeognn_v2_row_lcmd
9aaa9e876dd61f679e7d,COc1ccc(C(C)=O)cc1,591,u0,8191,qgeognn_v2_row_lcmd
03990d0d818a066d09b6,COc1ccc(C(C)=O)cc1,592,u0,8191,qgeognn_v2_row_lcmd
68f56b81e86e40c37d6b,COc1ccc(C(C)=O)cc1,593,u0,8191,qgeognn_v2_row_lcmd
e511eaf853100c310877,COc1ccc(C(C)=O)cc1,594,validation,8191,qgeognn_v2_row_lcmd
5f2fc9606fb31b009ccc,COc1ccc(C(C)=O)cc1,595,validation,8191,qgeognn_v2_row_lcmd
122fbec0df9ecf1c5d89,COc1ccc(C(C)=O)cc1,596,u0,8191,qgeognn_v2_row_lcmd
2398166df14947ad4be8,COC(=O)c1ccccc1N,597,u0,8191,qgeognn_v2_row_lcmd
440a69ce36cce63356a5,COC(=O)c1ccccc1N,598,u0,8191,qgeognn_v2_row_lcmd
0530def762aaa01782dc,COC(=O)c1ccccc1N,599,u0,8191,qgeognn_v2_row_lcmd
566267fc39df21a8f4b9,COC(=O)c1ccccc1N,600,test,8191,qgeognn_v2_row_lcmd
1dda86956e91857c34e1,COC(=O)c1ccccc1N,601,u0,8191,qgeognn_v2_row_lcmd
3b06e84c0031a956a438,COC(=O)c1ccccc1N,602,u0,8191,qgeognn_v2_row_lcmd
9fa7a350e402312e5860,COC(=O)c1ccccc1N,603,u0,8191,qgeognn_v2_row_lcmd
b1b6f6ec4f613144aba4,COC(=O)c1ccccc1N,604,u0,8191,qgeognn_v2_row_lcmd
79515e25d0daceed2ce8,COC(=O)c1ccccc1N,605,u0,8191,qgeognn_v2_row_lcmd
c424072ab574452d8db5,COC(=O)c1ccccc1N,606,test,8191,qgeognn_v2_row_lcmd
dca3d2d055e1cf2d8184,COC(=O)c1ccccc1N,607,u0,8191,qgeognn_v2_row_lcmd
a2b3a77e1b5200f7c164,COC(=O)c1ccccc1N,608,u0,8191,qgeognn_v2_row_lcmd
04e994913bc43aa60007,COC(=O)c1ccccc1N,609,u0,8191,qgeognn_v2_row_lcmd
9333d130f52d80332cf0,COC(=O)c1ccccc1N,610,u0,8191,qgeognn_v2_row_lcmd
645cb06b9e2a33b6044b,COC(=O)c1ccccc1N,611,u0,8191,qgeognn_v2_row_lcmd
a0fb18191ba692cab285,COC(=O)c1ccccc1N,612,u0,8191,qgeognn_v2_row_lcmd
ce103e949b7ef5641a1e,COC(=O)c1ccccc1N,613,u0,8191,qgeognn_v2_row_lcmd
fa16274f756ebeec4d84,COC(=O)c1ccccc1N,614,test,8191,qgeognn_v2_row_lcmd
a8b7c07187ebd2ff5c92,COC(=O)c1ccccc1N,615,u0,8191,qgeognn_v2_row_lcmd
3cd6baf11210b3dcfb43,COC(=O)c1ccccc1N,616,u0,8191,qgeognn_v2_row_lcmd
9ea972636933bded6999,COC(=O)c1ccccc1N,617,u0,8191,qgeognn_v2_row_lcmd
467ccfac002f5113fe81,COC(=O)c1ccccc1N,618,u0,8191,qgeognn_v2_row_lcmd
655dc9dfb978b4ffd624,COC(=O)c1ccccc1N,619,u0,8191,qgeognn_v2_row_lcmd
10f14f6ee69ba06bbe68,COC(=O)c1ccccc1N,620,validation,8191,qgeognn_v2_row_lcmd
6ce2b891280aed137ab8,COC(=O)c1ccccc1N,621,u0,8191,qgeognn_v2_row_lcmd
73155d7feac7857188dd,COC(=O)c1ccccc1N,622,u0,8191,qgeognn_v2_row_lcmd
6c4eacf7845534254af9,COC(=O)c1ccccc1N,623,u0,8191,qgeognn_v2_row_lcmd
302e458c5ed2285ca328,COC(=O)c1ccccc1N,624,u0,8191,qgeognn_v2_row_lcmd
8dde3aa961c71c2f879f,CC(=O)c1ccc(C)cc1,625,u0,8191,qgeognn_v2_row_lcmd
2c61e31f9d28aeba9813,CC(=O)c1ccc(C)cc1,626,test,8191,qgeognn_v2_row_lcmd
24ac14b3a19069ee1128,CC(=O)c1ccc(C)cc1,627,u0,8191,qgeognn_v2_row_lcmd
3f14d2a4f33426108e41,CC(=O)c1ccc(C)cc1,628,u0,8191,qgeognn_v2_row_lcmd
70dd45e8e1ff8116c181,CC(=O)c1ccc(C)cc1,629,u0,8191,qgeognn_v2_row_lcmd
db81a705493a88f14ea0,CC(=O)c1ccc(C)cc1,630,u0,8191,qgeognn_v2_row_lcmd
9eec792e8b2ea194dd3c,CC(=O)c1ccc(C)cc1,631,u0,8191,qgeognn_v2_row_lcmd
2a4dce3f3faca1767ab8,CC(=O)c1ccc(C)cc1,632,u0,8191,qgeognn_v2_row_lcmd
fa12b8327b9b59795c56,CC(=O)c1ccc(C)cc1,633,u0,8191,qgeognn_v2_row_lcmd
38cc01bf727bb7a693cb,CC(=O)c1ccc(C)cc1,634,u0,8191,qgeognn_v2_row_lcmd
6e66ea6808d3ce077e47,CC(=O)c1ccc(C)cc1,635,l0,8191,qgeognn_v2_row_lcmd
d73810c9779aede1ff57,CC(=O)c1ccc(C)cc1,636,u0,8191,qgeognn_v2_row_lcmd
05a6276f67b3cca8cc7f,CC(=O)c1ccc(C)cc1,637,validation,8191,qgeognn_v2_row_lcmd
6e1413072d0468278d36,CC(=O)c1ccc(C)cc1,638,u0,8191,qgeognn_v2_row_lcmd
6a0f32348abbc91f704c,CC(=O)c1ccc(C)cc1,639,u0,8191,qgeognn_v2_row_lcmd
6ece01a2e0fc9b1585df,CC(=O)c1ccc(C)cc1,640,u0,8191,qgeognn_v2_row_lcmd
07d510e8dcc4c021b35b,CC(=O)c1ccc(C)cc1,641,u0,8191,qgeognn_v2_row_lcmd
a4ed6ac3d69b91c56aca,CC(=O)c1ccc(C)cc1,642,u0,8191,qgeognn_v2_row_lcmd
e23428098aa1cdad35be,CC(=O)c1ccc(C)cc1,643,u0,8191,qgeognn_v2_row_lcmd
b5325cdcd2077724c722,CC(=O)c1ccc(C)cc1,644,l0,8191,qgeognn_v2_row_lcmd
7c11aaa0d5d18caa8c92,CC(=O)c1ccc(C)cc1,645,test,8191,qgeognn_v2_row_lcmd
7522f965f25a50c9a3bc,CC(=O)c1ccc(C)cc1,646,u0,8191,qgeognn_v2_row_lcmd
ee5c9d29ed57c3312389,CC(=O)c1ccc(C)cc1,647,u0,8191,qgeognn_v2_row_lcmd
658deb7d61cd8cd7c4b1,CC(=O)c1ccc(C)cc1,648,u0,8191,qgeognn_v2_row_lcmd
8dce8486dfe67a190d0d,CC(=O)c1ccc(C)cc1,649,u0,8191,qgeognn_v2_row_lcmd
485f8bcfb08d6eaf3463,CC(=O)c1ccc(C)cc1,650,u0,8191,qgeognn_v2_row_lcmd
8af7ab6d0c4dde52bba2,CC(=O)c1ccc(C)cc1,651,u0,8191,qgeognn_v2_row_lcmd
fe649dc2df825d5a80da,COC(=O)c1ccccc1O,652,u0,8191,qgeognn_v2_row_lcmd
99263e4b13030998746e,COC(=O)c1ccccc1O,653,test,8191,qgeognn_v2_row_lcmd
5067c9cd9f20d14c426f,COC(=O)c1ccccc1O,654,validation,8191,qgeognn_v2_row_lcmd
bc780f413159cf9913d4,COC(=O)c1ccccc1O,655,u0,8191,qgeognn_v2_row_lcmd
bc7f0f83b39a1ec3a79f,COC(=O)c1ccccc1O,656,u0,8191,qgeognn_v2_row_lcmd
360713a1e601fcf4499d,COC(=O)c1ccccc1O,657,test,8191,qgeognn_v2_row_lcmd
4b2c37e7fb416a420eab,COC(=O)c1ccccc1O,658,u0,8191,qgeognn_v2_row_lcmd
23a5d9abd2b0db31a8d6,COC(=O)c1ccccc1O,659,u0,8191,qgeognn_v2_row_lcmd
3a683d29eb52f6e51f7a,COC(=O)c1ccccc1O,660,l0,8191,qgeognn_v2_row_lcmd
4ed0e95e81e3b84fa38d,COC(=O)c1ccccc1O,661,u0,8191,qgeognn_v2_row_lcmd
4704c417466aaa6559d9,COC(=O)c1ccccc1O,662,u0,8191,qgeognn_v2_row_lcmd
7cc7aba732355d335c3d,COC(=O)c1ccccc1O,663,validation,8191,qgeognn_v2_row_lcmd
713b61bdcb9abb936114,COC(=O)c1ccccc1O,664,validation,8191,qgeognn_v2_row_lcmd
a8a8b4ab0ef68c063c29,COC(=O)c1ccccc1O,665,u0,8191,qgeognn_v2_row_lcmd
e868755bce7658ed8227,COC(=O)c1ccccc1O,666,u0,8191,qgeognn_v2_row_lcmd
c838aaaa480481570d39,COC(=O)c1ccccc1O,667,u0,8191,qgeognn_v2_row_lcmd
fa64656d7b055dec7f56,COC(=O)c1ccccc1O,668,u0,8191,qgeognn_v2_row_lcmd
a928362cc115f586e865,COC(=O)c1ccccc1O,669,test,8191,qgeognn_v2_row_lcmd
c932a52e67c6aedcaa9a,COC(=O)c1ccccc1O,670,u0,8191,qgeognn_v2_row_lcmd
d2b769ab5d49a1bd9378,COC(=O)c1ccccc1O,671,u0,8191,qgeognn_v2_row_lcmd
aec3682ba00e3d1915e2,COC(=O)c1ccc(C(C)(C)C)cc1,672,u0,8191,qgeognn_v2_row_lcmd
f7db2a3e4a886fd5379f,COC(=O)c1ccc(C(C)(C)C)cc1,673,validation,8191,qgeognn_v2_row_lcmd
9d3a4d340c6dfd54a0e9,COC(=O)c1ccc(C(C)(C)C)cc1,674,u0,8191,qgeognn_v2_row_lcmd
05fe6f157ca6ce0374d7,COC(=O)c1ccc(C(C)(C)C)cc1,675,u0,8191,qgeognn_v2_row_lcmd
41698a7e43ae891782ab,COC(=O)c1ccc(C(C)(C)C)cc1,676,u0,8191,qgeognn_v2_row_lcmd
4b3774e7584215592e96,COC(=O)c1ccc(C(C)(C)C)cc1,677,u0,8191,qgeognn_v2_row_lcmd
d268d676bd6d324ae708,COC(=O)c1ccc(C(C)(C)C)cc1,678,u0,8191,qgeognn_v2_row_lcmd
6269aa5c4d07e54ea1a5,COC(=O)c1ccc(C(C)(C)C)cc1,679,u0,8191,qgeognn_v2_row_lcmd
8c47f7a8c457e05a5d15,COC(=O)c1ccc(C(C)(C)C)cc1,680,u0,8191,qgeognn_v2_row_lcmd
ce1784be47d6d0869494,COC(=O)c1ccc(C(C)(C)C)cc1,681,u0,8191,qgeognn_v2_row_lcmd
4584f68db6440a6a2f09,COC(=O)c1ccc(C(C)(C)C)cc1,682,u0,8191,qgeognn_v2_row_lcmd
20ef1039f09d571c5a09,COC(=O)c1ccc(C(C)(C)C)cc1,683,u0,8191,qgeognn_v2_row_lcmd
f8001b01afa2fc47bc39,COC(=O)c1ccc(C(C)(C)C)cc1,684,u0,8191,qgeognn_v2_row_lcmd
5d9f30b2526c8e08dbd0,COC(=O)c1ccc(C(C)(C)C)cc1,685,validation,8191,qgeognn_v2_row_lcmd
83cd7b4ee3b9b51a0753,COC(=O)c1ccc(C(C)(C)C)cc1,686,u0,8191,qgeognn_v2_row_lcmd
5a7caf93a900dfc9dc85,COC(=O)c1ccc(C(C)(C)C)cc1,687,test,8191,qgeognn_v2_row_lcmd
11f27c83c1e956b8b00a,COC(=O)c1ccc(C(C)(C)C)cc1,688,u0,8191,qgeognn_v2_row_lcmd
4f84797fc03e8f4f2473,COC(=O)c1ccc(C(C)(C)C)cc1,689,test,8191,qgeognn_v2_row_lcmd
9dd4e8dae2357c6de73e,COC(=O)c1ccc(C(C)(C)C)cc1,690,u0,8191,qgeognn_v2_row_lcmd
5497a50fcc16a8bf1a07,COC(=O)c1ccc(C(C)(C)C)cc1,691,u0,8191,qgeognn_v2_row_lcmd
c5a12771920c4410d921,COC(=O)c1ccc(C(C)(C)C)cc1,692,validation,8191,qgeognn_v2_row_lcmd
e81cfc3293405e5d558f,CC(=O)c1ccccc1,693,u0,8191,qgeognn_v2_row_lcmd
d7940150bb93b1b6bbb6,CC(=O)c1ccccc1,694,l0,8191,qgeognn_v2_row_lcmd
5cf00b3d55fbec3ec63f,CC(=O)c1ccccc1,695,u0,8191,qgeognn_v2_row_lcmd
bf70271c29df848bf06b,CC(=O)c1ccccc1,696,u0,8191,qgeognn_v2_row_lcmd
30dcf629a319b1b39ea6,CC(=O)c1ccccc1,697,u0,8191,qgeognn_v2_row_lcmd
178de03e9f6873703fe5,CC(=O)c1ccccc1,698,u0,8191,qgeognn_v2_row_lcmd
1bbe54f338c46ca5373a,CC(=O)c1ccccc1,699,u0,8191,qgeognn_v2_row_lcmd
a2cf80002cbf3b59eefe,CC(=O)c1ccccc1,700,l0,8191,qgeognn_v2_row_lcmd
375a089de5f20f078dc0,CC(=O)c1ccccc1,701,test,8191,qgeognn_v2_row_lcmd
427f109324116b6ee83f,CC(=O)c1ccccc1,702,l0,8191,qgeognn_v2_row_lcmd
36919bba0092c5813f87,CC(=O)c1ccccc1,703,validation,8191,qgeognn_v2_row_lcmd
cf76f3cc8104a573e84c,CC(=O)c1ccccc1,704,validation,8191,qgeognn_v2_row_lcmd
1f95ba6922e8753bf2d6,CC(=O)c1ccccc1,705,u0,8191,qgeognn_v2_row_lcmd
d2df3bff96e996e37f5d,CC(=O)c1ccccc1,706,u0,8191,qgeognn_v2_row_lcmd
931009eecbb6eaaecd32,CC(=O)c1ccccc1,707,u0,8191,qgeognn_v2_row_lcmd
08cc36d664987d388183,CC(=O)c1ccccc1,708,u0,8191,qgeognn_v2_row_lcmd
98020153aa4fb9db9b52,CC(=O)c1ccccc1,709,validation,8191,qgeognn_v2_row_lcmd
1cbe45e1a935365bd219,CC(=O)c1ccccc1,710,l0,8191,qgeognn_v2_row_lcmd
6a8d66377ea3d1c9ae5d,CC(=O)c1ccccc1,711,u0,8191,qgeognn_v2_row_lcmd
79aff1183a902fa3fb7e,CC(=O)c1ccccc1,712,u0,8191,qgeognn_v2_row_lcmd
380a1230c49c0a2225f3,CC(=O)c1ccccc1,713,l0,8191,qgeognn_v2_row_lcmd
a4898d78d5aa9b218bf4,CC(=O)c1ccccc1,714,u0,8191,qgeognn_v2_row_lcmd
840c35e5a30f05a5784c,CC(=O)c1ccccc1,715,u0,8191,qgeognn_v2_row_lcmd
ad81e2f5c3cfeaa95558,CC(=O)c1ccccc1,716,u0,8191,qgeognn_v2_row_lcmd
cb42a00d7b000827217c,CC(=O)c1ccccc1,717,u0,8191,qgeognn_v2_row_lcmd
1d9eabd939a185c1b128,CC(=O)c1ccccc1,718,u0,8191,qgeognn_v2_row_lcmd
ec10d46ed20579967ae2,CC1(C)OB(c2ccc(F)cc2)OC1(C)C,719,u0,8191,qgeognn_v2_row_lcmd
96b9b370ade7a60366fa,CC1(C)OB(c2ccc(F)cc2)OC1(C)C,720,validation,8191,qgeognn_v2_row_lcmd
7bde1bbf34aba54ccfef,CC1(C)OB(c2ccc(F)cc2)OC1(C)C,721,u0,8191,qgeognn_v2_row_lcmd
e9bdef57ef2c8ced88f0,CC1(C)OB(c2ccc(F)cc2)OC1(C)C,722,u0,8191,qgeognn_v2_row_lcmd
6553b9607d6093f257c7,CC1(C)OB(c2ccc(F)cc2)OC1(C)C,723,u0,8191,qgeognn_v2_row_lcmd
cb79e57eb461a7dcc59a,CC1(C)OB(c2ccc(F)cc2)OC1(C)C,724,l0,8191,qgeognn_v2_row_lcmd
b3b38f7212d8649d9ac1,CC1(C)OB(c2ccc(F)cc2)OC1(C)C,725,u0,8191,qgeognn_v2_row_lcmd
84cd955ed2d585ae02fe,CC1(C)OB(c2ccc(F)cc2)OC1(C)C,726,u0,8191,qgeognn_v2_row_lcmd
75beffaee6607b1477f4,CC1(C)OB(c2ccc(F)cc2)OC1(C)C,727,validation,8191,qgeognn_v2_row_lcmd
2f907b475ae6a261a87a,CC1(C)OB(c2ccc(F)cc2)OC1(C)C,728,u0,8191,qgeognn_v2_row_lcmd
dc68091ba8b0648c216f,CC1(C)OB(c2ccc(F)cc2)OC1(C)C,729,test,8191,qgeognn_v2_row_lcmd
899e3f4f8af9b2c20b3b,CC1(C)OB(c2ccc(F)cc2)OC1(C)C,730,validation,8191,qgeognn_v2_row_lcmd
d1d265fffbf8e2ffc35e,CC1(C)OB(c2ccc(F)cc2)OC1(C)C,731,u0,8191,qgeognn_v2_row_lcmd
b7ebe910f1966ad518b8,CC1(C)OB(c2ccc(F)cc2)OC1(C)C,732,u0,8191,qgeognn_v2_row_lcmd
6b8cc27068e5dd732d84,CC1(C)OB(c2ccc(F)cc2)OC1(C)C,733,u0,8191,qgeognn_v2_row_lcmd
6c038b068572e879d531,CC1(C)OB(c2ccc(F)cc2)OC1(C)C,734,u0,8191,qgeognn_v2_row_lcmd
130a4d6f3299791112ea,CC1(C)OB(c2ccc(F)cc2)OC1(C)C,735,u0,8191,qgeognn_v2_row_lcmd
7f3a3fa577dc73897305,CC1(C)OB(c2ccc(F)cc2)OC1(C)C,736,u0,8191,qgeognn_v2_row_lcmd
4e66505f5d66d4fe37b9,CC1(C)OB(c2ccc(F)cc2)OC1(C)C,737,u0,8191,qgeognn_v2_row_lcmd
7be635a8cfd1e5ce0a07,CC1(C)OB(c2ccc(F)cc2)OC1(C)C,738,u0,8191,qgeognn_v2_row_lcmd
a202794731bbb6368378,CC1(C)OB(c2ccc(F)cc2)OC1(C)C,739,u0,8191,qgeognn_v2_row_lcmd
903811765ba61a8af2b7,CC1(C)OB(c2ccc(F)cc2)OC1(C)C,740,test,8191,qgeognn_v2_row_lcmd
933638fac6ff54f93dc0,CCOC(=O)Cc1ccccc1,741,u0,8191,qgeognn_v2_row_lcmd
d548341855ca1aaebf07,CCOC(=O)Cc1ccccc1,742,u0,8191,qgeognn_v2_row_lcmd
bbcbd2c7595c98f12155,CCOC(=O)Cc1ccccc1,743,l0,8191,qgeognn_v2_row_lcmd
f292ef5403466d54d93e,CCOC(=O)Cc1ccccc1,744,u0,8191,qgeognn_v2_row_lcmd
8eab21530377ac7720ec,CCOC(=O)Cc1ccccc1,745,u0,8191,qgeognn_v2_row_lcmd
0520aee15336815a25f0,CCOC(=O)Cc1ccccc1,746,u0,8191,qgeognn_v2_row_lcmd
4eb9255929f1ff9900ba,CCOC(=O)Cc1ccccc1,747,u0,8191,qgeognn_v2_row_lcmd
e2848d4b338b394b93a2,CCOC(=O)Cc1ccccc1,748,u0,8191,qgeognn_v2_row_lcmd
40b48a623d1e8eef6eb1,CCOC(=O)Cc1ccccc1,749,u0,8191,qgeognn_v2_row_lcmd
30d5da2fe6827f118117,CCOC(=O)Cc1ccccc1,750,validation,8191,qgeognn_v2_row_lcmd
d5fd33704991a98d5b8f,CCOC(=O)Cc1ccccc1,751,u0,8191,qgeognn_v2_row_lcmd
217d367554810ca9d3d4,CCOC(=O)Cc1ccccc1,752,u0,8191,qgeognn_v2_row_lcmd
ac4ae96f2a5fadf85324,CCOC(=O)Cc1ccccc1,753,u0,8191,qgeognn_v2_row_lcmd
f0f43d113bf505f851e2,CCOC(=O)Cc1ccccc1,754,test,8191,qgeognn_v2_row_lcmd
e91447f673a599cc4cdb,CCOC(=O)Cc1ccccc1,755,u0,8191,qgeognn_v2_row_lcmd
5dfa7a7352e7a66c29e6,CCOC(=O)Cc1ccccc1,756,u0,8191,qgeognn_v2_row_lcmd
9e725ed218d6f00d660a,CCOC(=O)Cc1ccccc1,757,test,8191,qgeognn_v2_row_lcmd
39dac9377600ed74a554,CCOC(=O)Cc1ccccc1,758,validation,8191,qgeognn_v2_row_lcmd
5a95428cdfef6199c09a,CCOC(=O)Cc1ccccc1,759,u0,8191,qgeognn_v2_row_lcmd
cd52e7c2ec49986121e2,CCOC(=O)Cc1ccccc1,760,u0,8191,qgeognn_v2_row_lcmd
c1590fdeb07c00fa0187,CCOC(=O)Cc1ccccc1,761,test,8191,qgeognn_v2_row_lcmd
1f85bb83729347f5b0bb,CCOC(=O)Cc1ccccc1,762,u0,8191,qgeognn_v2_row_lcmd
2012223149ba23d26ec2,CCOC(=O)Cc1ccccc1,763,validation,8191,qgeognn_v2_row_lcmd
65af2c255cb961269692,CCCCC(=O)c1ccccc1,764,u0,8191,qgeognn_v2_row_lcmd
234f91a0124d74a359cc,CCCCC(=O)c1ccccc1,765,u0,8191,qgeognn_v2_row_lcmd
6f4e226acf6b707acfb9,CCCCC(=O)c1ccccc1,766,u0,8191,qgeognn_v2_row_lcmd
f55930a15011eea1c30b,CCCCC(=O)c1ccccc1,767,test,8191,qgeognn_v2_row_lcmd
53c0ebdf849859e3432e,CCCCC(=O)c1ccccc1,768,u0,8191,qgeognn_v2_row_lcmd
bf2642805fff300165c1,CCCCC(=O)c1ccccc1,769,u0,8191,qgeognn_v2_row_lcmd
fd29ff4549075a2b3a47,CCCCC(=O)c1ccccc1,770,validation,8191,qgeognn_v2_row_lcmd
e77a5ea8e6dbb0adcf81,CCCCC(=O)c1ccccc1,771,u0,8191,qgeognn_v2_row_lcmd
82bd322802db278e7c5f,CCCCC(=O)c1ccccc1,772,u0,8191,qgeognn_v2_row_lcmd
8ef368a6035928bdd639,CCCCC(=O)c1ccccc1,773,u0,8191,qgeognn_v2_row_lcmd
6f25019b0f79ffe0db56,CCCCC(=O)c1ccccc1,774,u0,8191,qgeognn_v2_row_lcmd
05b6b42356b6a69a118c,CCCCC(=O)c1ccccc1,775,test,8191,qgeognn_v2_row_lcmd
1e3db165e287321f2322,CCCCC(=O)c1ccccc1,776,u0,8191,qgeognn_v2_row_lcmd
3584971523a9f99cac5c,CCCCC(=O)c1ccccc1,777,u0,8191,qgeognn_v2_row_lcmd
686cce1ee0199615cff5,CCCCC(=O)c1ccccc1,778,u0,8191,qgeognn_v2_row_lcmd
f672fc42426458071cf7,CCCCC(=O)c1ccccc1,779,u0,8191,qgeognn_v2_row_lcmd
e936dbd35d503ec19a4b,CCCCC(=O)c1ccccc1,780,test,8191,qgeognn_v2_row_lcmd
97202a35c4d4718ea31f,CCCCC(=O)c1ccccc1,781,l0,8191,qgeognn_v2_row_lcmd
f7353ba4b29462995f17,CCCCC(=O)c1ccccc1,782,u0,8191,qgeognn_v2_row_lcmd
7412a1bf5d1d8abd72ef,CCCCC(=O)c1ccccc1,783,l0,8191,qgeognn_v2_row_lcmd
0b3add03839ff1700084,CCCCC(=O)c1ccccc1,784,u0,8191,qgeognn_v2_row_lcmd
b76d12abc1975ad3ec45,CCCCC(=O)c1ccccc1,785,u0,8191,qgeognn_v2_row_lcmd
a1089c52394c961fdb05,CCCCC(=O)c1ccccc1,786,u0,8191,qgeognn_v2_row_lcmd
eeff119b86e2480ba613,CCCCC(=O)c1ccccc1,787,u0,8191,qgeognn_v2_row_lcmd
b45555ada1c4ba822194,CCCCC(=O)c1ccccc1,788,test,8191,qgeognn_v2_row_lcmd
712efbedcb59418d3a25,CCCCC(=O)c1ccccc1,789,u0,8191,qgeognn_v2_row_lcmd
7575e5ec93e20a7babeb,CCCCC(=O)c1ccccc1,790,validation,8191,qgeognn_v2_row_lcmd
76e7395314a25a8d2f54,CC(=O)c1ccccc1C,791,u0,8191,qgeognn_v2_row_lcmd
bb9d7417c4e22f8cf234,CC(=O)c1ccccc1C,792,validation,8191,qgeognn_v2_row_lcmd
8683f9958bfd613cecba,CC(=O)c1ccccc1C,793,u0,8191,qgeognn_v2_row_lcmd
93921c619b64b6fc717b,CC(=O)c1ccccc1C,794,l0,8191,qgeognn_v2_row_lcmd
a8fc613b869b3fe26b4b,CC(=O)c1ccccc1C,795,u0,8191,qgeognn_v2_row_lcmd
eb8bf4960fc4d556bab4,CC(=O)c1ccccc1C,796,u0,8191,qgeognn_v2_row_lcmd
d9a6c373815a35cd0e05,CC(=O)c1ccccc1C,797,u0,8191,qgeognn_v2_row_lcmd
f6c102ca5ca4e84b1d90,CC(=O)c1ccccc1C,798,l0,8191,qgeognn_v2_row_lcmd
a241f53a141f7c39ed74,CC(=O)c1ccccc1C,799,u0,8191,qgeognn_v2_row_lcmd
a1cf4ea6030b442bd6af,CC(=O)c1ccccc1C,800,u0,8191,qgeognn_v2_row_lcmd
db36c914faf0a9b6ccaa,CC(=O)c1ccccc1C,801,l0,8191,qgeognn_v2_row_lcmd
06bedd392df0b12026dd,CC(=O)c1ccccc1C,802,validation,8191,qgeognn_v2_row_lcmd
696b873f81bc442af675,CC(=O)c1ccccc1C,803,u0,8191,qgeognn_v2_row_lcmd
96b1f62eb7db27e58287,CC(=O)c1ccccc1C,804,u0,8191,qgeognn_v2_row_lcmd
9aa46714ffacabb89496,CC(=O)c1ccccc1C,805,u0,8191,qgeognn_v2_row_lcmd
0ec6a7ff96d97b1417a5,CC(=O)c1ccccc1C,806,u0,8191,qgeognn_v2_row_lcmd
918504cfbad81b27c08e,CC(=O)c1ccccc1C,807,u0,8191,qgeognn_v2_row_lcmd
07d227507052d834608f,CC(=O)c1ccccc1C,808,l0,8191,qgeognn_v2_row_lcmd
61d5633c7221b3040a5f,CC(=O)c1ccccc1C,809,u0,8191,qgeognn_v2_row_lcmd
4d75c120ba1c4f0dae89,CC(=O)c1ccccc1C,810,validation,8191,qgeognn_v2_row_lcmd
18d688363c7fa3da0609,CC(=O)c1ccccc1C,811,test,8191,qgeognn_v2_row_lcmd
92614816a3b3942bf123,CC(=O)c1ccccc1C,812,u0,8191,qgeognn_v2_row_lcmd
4dc668dc01885a313d70,CC(=O)c1ccccc1C,813,l0,8191,qgeognn_v2_row_lcmd
bda6ee6b2ab7b1212866,C=CC(=O)OCCOc1ccccc1,814,u0,8191,qgeognn_v2_row_lcmd
bb4266766361f6890f02,C=CC(=O)OCCOc1ccccc1,815,u0,8191,qgeognn_v2_row_lcmd
ff8b8be2f0fb9e9a363e,C=CC(=O)OCCOc1ccccc1,816,u0,8191,qgeognn_v2_row_lcmd
c838631bf80ea9d722b3,C=CC(=O)OCCOc1ccccc1,817,test,8191,qgeognn_v2_row_lcmd
8ebb30a21329a4f7d769,C=CC(=O)OCCOc1ccccc1,818,validation,8191,qgeognn_v2_row_lcmd
3643494945d3b2d265bb,C=CC(=O)OCCOc1ccccc1,819,u0,8191,qgeognn_v2_row_lcmd
25212b47c6beed9e7a86,C=CC(=O)OCCOc1ccccc1,820,u0,8191,qgeognn_v2_row_lcmd
22fd19d74dd6b1208e4d,C=CC(=O)OCCOc1ccccc1,821,u0,8191,qgeognn_v2_row_lcmd
60e1cb22d3dd7eda495a,C=CC(=O)OCCOc1ccccc1,822,u0,8191,qgeognn_v2_row_lcmd
d7452aadf19fd7c0248e,C=CC(=O)OCCOc1ccccc1,823,u0,8191,qgeognn_v2_row_lcmd
fc1bce3cffd86cabf1e3,C=CC(=O)OCCOc1ccccc1,824,u0,8191,qgeognn_v2_row_lcmd
c11d5c3acbc28dddd0cf,C=CC(=O)OCCOc1ccccc1,825,u0,8191,qgeognn_v2_row_lcmd
f08f1f5e4f51796c1f81,C=CC(=O)OCCOc1ccccc1,826,u0,8191,qgeognn_v2_row_lcmd
c8109aeddd391e369815,C=CC(=O)OCCOc1ccccc1,827,test,8191,qgeognn_v2_row_lcmd
6e4a682eb75435f87780,C=CC(=O)OCCOc1ccccc1,828,u0,8191,qgeognn_v2_row_lcmd
487606cee9b08ded91f3,C=CC(=O)OCCOc1ccccc1,829,u0,8191,qgeognn_v2_row_lcmd
6c99a9b10569a54b715f,C=CC(=O)OCCOc1ccccc1,830,u0,8191,qgeognn_v2_row_lcmd
b4351e5f05f6d477a6c0,C=CC(=O)OCCOc1ccccc1,831,u0,8191,qgeognn_v2_row_lcmd
2bd6619109218dcf6580,COc1ccc(CO)cc1,832,u0,8191,qgeognn_v2_row_lcmd
880646809d9f015053f6,COc1ccc(CO)cc1,833,u0,8191,qgeognn_v2_row_lcmd
4ee22742c686bdbb1cb9,COc1ccc(CO)cc1,834,validation,8191,qgeognn_v2_row_lcmd
a5f9f0327623c4752e2e,COc1ccc(CO)cc1,835,u0,8191,qgeognn_v2_row_lcmd
71abc36775b6cce56da7,COc1ccc(CO)cc1,836,u0,8191,qgeognn_v2_row_lcmd
e4fd83fb3852eb354a66,COc1ccc(CO)cc1,837,u0,8191,qgeognn_v2_row_lcmd
20913a7c2077b80b7351,COc1ccc(CO)cc1,838,u0,8191,qgeognn_v2_row_lcmd
0afe12e53e575503e3f0,COc1ccc(C=O)cc1,839,u0,8191,qgeognn_v2_row_lcmd
073bc395a08f48db4fc0,COc1ccc(C=O)cc1,840,u0,8191,qgeognn_v2_row_lcmd
9ef318afb1f6bac186ff,COc1ccc(C=O)cc1,841,l0,8191,qgeognn_v2_row_lcmd
966254b5be3c8ec5edd3,COc1ccc(C=O)cc1,842,test,8191,qgeognn_v2_row_lcmd
ce1e18cf41501bc573ad,COc1ccc(C=O)cc1,843,l0,8191,qgeognn_v2_row_lcmd
0abac89ea336b403f597,COc1ccc(C=O)cc1,844,u0,8191,qgeognn_v2_row_lcmd
4e7e45a513ce579c5ce3,COc1ccc(C=O)cc1,845,u0,8191,qgeognn_v2_row_lcmd
98586ac2d6d266ddb78c,COc1ccc(C=O)cc1,846,l0,8191,qgeognn_v2_row_lcmd
de833d1e7905f1cc3be9,COc1ccc(C=O)cc1,847,l0,8191,qgeognn_v2_row_lcmd
2cc254396123c76b9a13,COc1ccc(C=O)cc1,848,u0,8191,qgeognn_v2_row_lcmd
319e89d7000731f64e7f,COc1ccc(C=O)cc1,849,validation,8191,qgeognn_v2_row_lcmd
ea004678fc850c759752,COc1ccc(C=O)cc1,850,l0,8191,qgeognn_v2_row_lcmd
24a9086a8e2c8015c232,COc1ccc(C=O)cc1,851,u0,8191,qgeognn_v2_row_lcmd
fc27fa779102c4aeb8ab,COc1ccc(C=O)cc1,852,u0,8191,qgeognn_v2_row_lcmd
2d178efe0181baca2bd5,COc1ccc(C=O)cc1,853,l0,8191,qgeognn_v2_row_lcmd
a0e60bf98ee02562a8e1,CC(O)CCc1ccccc1,854,u0,8191,qgeognn_v2_row_lcmd
ccfdc194079950babd47,CC(O)CCc1ccccc1,855,l0,8191,qgeognn_v2_row_lcmd
ca6df7e85e3c4bd22b40,CC(O)CCc1ccccc1,856,l0,8191,qgeognn_v2_row_lcmd
232aec9a239a600317ab,CC(O)CCc1ccccc1,857,test,8191,qgeognn_v2_row_lcmd
4ca9a1703e2a0e780967,CC(O)CCc1ccccc1,858,u0,8191,qgeognn_v2_row_lcmd
c5594361764ec76761e2,CC(O)CCc1ccccc1,859,u0,8191,qgeognn_v2_row_lcmd
c9ad01493d938f825117,CC(O)CCc1ccccc1,860,u0,8191,qgeognn_v2_row_lcmd
4b3e648044ebe5372a27,CC(O)CCc1ccccc1,861,u0,8191,qgeognn_v2_row_lcmd
1e3423563c1cfbda4889,CC(O)CCc1ccccc1,862,u0,8191,qgeognn_v2_row_lcmd
985361f6699d97f9464f,CC(O)CCc1ccccc1,863,validation,8191,qgeognn_v2_row_lcmd
62d7ea74ab73fa6214b4,CC(O)CCc1ccccc1,864,u0,8191,qgeognn_v2_row_lcmd
beda2205eedbe1688e1f,CC(O)CCc1ccccc1,865,u0,8191,qgeognn_v2_row_lcmd
c352863d9fa4a8645481,CC(O)CCc1ccccc1,866,validation,8191,qgeognn_v2_row_lcmd
5e45395722fa0dcc1d00,CC(O)CCc1ccccc1,867,l0,8191,qgeognn_v2_row_lcmd
486ba8444fa512b7759d,ClCCCc1ccccc1,868,u0,8191,qgeognn_v2_row_lcmd
e720f0e103e4481f1ab2,ClCCCc1ccccc1,869,u0,8191,qgeognn_v2_row_lcmd
0fd4e9db5fde2aaf5a38,ClCCCc1ccccc1,870,u0,8191,qgeognn_v2_row_lcmd
ed355695f0ef084a0736,ClCCCc1ccccc1,871,u0,8191,qgeognn_v2_row_lcmd
b75496c856f75b72251c,ClCCCc1ccccc1,872,u0,8191,qgeognn_v2_row_lcmd
54d022563579a5ddccb0,ClCCCc1ccccc1,873,u0,8191,qgeognn_v2_row_lcmd
e22f2aee4bc5c612bb9e,ClCCCc1ccccc1,874,u0,8191,qgeognn_v2_row_lcmd
d0836ca48b1b333388a4,ClCCCc1ccccc1,875,u0,8191,qgeognn_v2_row_lcmd
90dad8978308baf20b08,ClCCCc1ccccc1,876,u0,8191,qgeognn_v2_row_lcmd
5bb08e6b6ae1f09644e8,ClCCCc1ccccc1,877,validation,8191,qgeognn_v2_row_lcmd
d070dda7bed2b14ceaad,ClCCCc1ccccc1,878,u0,8191,qgeognn_v2_row_lcmd
e8427c3e8b80d34008b6,ClCCCc1ccccc1,879,l0,8191,qgeognn_v2_row_lcmd
28767818a5e0052e4f5a,ClCCCc1ccccc1,880,u0,8191,qgeognn_v2_row_lcmd
0ad8217c773fbf8f4344,ClCCCc1ccccc1,881,u0,8191,qgeognn_v2_row_lcmd
320bf7026ecec122383f,ClCCCc1ccccc1,882,u0,8191,qgeognn_v2_row_lcmd
53e296287c75c6c81e87,ClCCCc1ccccc1,883,u0,8191,qgeognn_v2_row_lcmd
0ce058f3352048ed0171,ClCCCc1ccccc1,884,u0,8191,qgeognn_v2_row_lcmd
bbce62c8aaa0a7afbcbf,ClCCCc1ccccc1,885,validation,8191,qgeognn_v2_row_lcmd
35eec7ac26c84401f860,ClCCCc1ccccc1,886,u0,8191,qgeognn_v2_row_lcmd
ff36ed72f76515960408,ClCCCc1ccccc1,887,u0,8191,qgeognn_v2_row_lcmd
fdfbce42a3ab76d533b0,ClCCCc1ccccc1,888,validation,8191,qgeognn_v2_row_lcmd
2d41c6e816e95989958c,BrCCCc1ccccc1,889,u0,8191,qgeognn_v2_row_lcmd
fea64b3ae258f6efc23e,BrCCCc1ccccc1,890,u0,8191,qgeognn_v2_row_lcmd
55c707d2577f2ef243bf,BrCCCc1ccccc1,891,u0,8191,qgeognn_v2_row_lcmd
4b7a3142ef8f135eaf39,BrCCCc1ccccc1,892,u0,8191,qgeognn_v2_row_lcmd
d83390ae62e2719a17b7,BrCCCc1ccccc1,893,u0,8191,qgeognn_v2_row_lcmd
118d99a579a36d85cc08,BrCCCc1ccccc1,894,test,8191,qgeognn_v2_row_lcmd
06a4f4336a9864d70117,BrCCCc1ccccc1,895,validation,8191,qgeognn_v2_row_lcmd
3a5731977a5dc4a065ed,BrCCCc1ccccc1,896,validation,8191,qgeognn_v2_row_lcmd
103e91255881fd04a9c6,BrCCCc1ccccc1,897,u0,8191,qgeognn_v2_row_lcmd
f16d595430c35f5ef3d4,BrCCCc1ccccc1,898,u0,8191,qgeognn_v2_row_lcmd
c311fd559f5c65c17475,BrCCCc1ccccc1,899,u0,8191,qgeognn_v2_row_lcmd
bf4a56c59ade74648f9c,BrCCCc1ccccc1,900,l0,8191,qgeognn_v2_row_lcmd
4a78fa39d77914083276,BrCCCc1ccccc1,901,validation,8191,qgeognn_v2_row_lcmd
ad0c1e52e2dd98a268bb,BrCCCc1ccccc1,902,u0,8191,qgeognn_v2_row_lcmd
3eecadeb2c1bfb567bfa,BrCCCc1ccccc1,903,u0,8191,qgeognn_v2_row_lcmd
0591d49df51002c7205d,BrCCCc1ccccc1,904,u0,8191,qgeognn_v2_row_lcmd
479ebc0343b2c91eecc5,BrCCCc1ccccc1,905,u0,8191,qgeognn_v2_row_lcmd
3fa3ec6c2518a6f83b27,BrCCCc1ccccc1,906,u0,8191,qgeognn_v2_row_lcmd
25d60bbb1198b76224d2,BrCCCc1ccccc1,907,u0,8191,qgeognn_v2_row_lcmd
24bf82db0ce55835b608,BrCCCc1ccccc1,908,u0,8191,qgeognn_v2_row_lcmd
b6ed580bb82f12b95bb8,BrCCCc1ccccc1,909,u0,8191,qgeognn_v2_row_lcmd
76371e968e6f52e9b773,CC(C)(CCl)c1ccccc1,910,u0,8191,qgeognn_v2_row_lcmd
732bc8c6389cb2672c5c,CC(C)(CCl)c1ccccc1,911,l0,8191,qgeognn_v2_row_lcmd
98e425538b985ab3d5a1,CC(C)(CCl)c1ccccc1,912,u0,8191,qgeognn_v2_row_lcmd
ec871d1c46de522d853b,CC(C)(CCl)c1ccccc1,913,u0,8191,qgeognn_v2_row_lcmd
43fedc4d11b4af1afbd9,CC(C)(CCl)c1ccccc1,914,test,8191,qgeognn_v2_row_lcmd
90ffd1cce5c558eebebc,CC(C)(CCl)c1ccccc1,915,u0,8191,qgeognn_v2_row_lcmd
1bf8927e2ac9f5051d99,CC(C)(CCl)c1ccccc1,916,u0,8191,qgeognn_v2_row_lcmd
bc00dfd68dec75d7e01f,CC(C)(CCl)c1ccccc1,917,u0,8191,qgeognn_v2_row_lcmd
d6837de11fa3fb15b90b,CC(C)(CCl)c1ccccc1,918,u0,8191,qgeognn_v2_row_lcmd
f7dab6d4c5ae9219d7cd,CC(C)(CCl)c1ccccc1,919,u0,8191,qgeognn_v2_row_lcmd
3e27148996fd8db4f9b2,CC(C)(CCl)c1ccccc1,920,u0,8191,qgeognn_v2_row_lcmd
7a8052b0f32e2dfb1d62,CC(C)(CCl)c1ccccc1,921,validation,8191,qgeognn_v2_row_lcmd
5e2e12e0f6fcf70c0853,CC(C)(CCl)c1ccccc1,922,test,8191,qgeognn_v2_row_lcmd
7b5ad733102ce39fbb82,CC(C)(CCl)c1ccccc1,923,validation,8191,qgeognn_v2_row_lcmd
a601fa85cb769ed9c9a5,CC(C)(CCl)c1ccccc1,924,u0,8191,qgeognn_v2_row_lcmd
02dde06aed886b19623f,CC(C)(CCl)c1ccccc1,925,u0,8191,qgeognn_v2_row_lcmd
48d7cf32cd29fbf43934,CC(C)(CCl)c1ccccc1,926,u0,8191,qgeognn_v2_row_lcmd
5579fc741622454cdd34,CC(C)(CCl)c1ccccc1,927,u0,8191,qgeognn_v2_row_lcmd
5ade07cbab809516adec,CC(C)(CCl)c1ccccc1,928,u0,8191,qgeognn_v2_row_lcmd
0a8147b86bc21cbe11d1,CC(C)(CCl)c1ccccc1,929,u0,8191,qgeognn_v2_row_lcmd
9417e7b090eb5c31a3cc,CC(C)(CCl)c1ccccc1,930,u0,8191,qgeognn_v2_row_lcmd
23fc3cce7e0bad6c114c,OCCCc1ccccc1,931,l0,8191,qgeognn_v2_row_lcmd
a3a9c58c8aa6145907a6,OCCCc1ccccc1,932,u0,8191,qgeognn_v2_row_lcmd
09b1bb29e7a0e3565a0d,OCCCc1ccccc1,933,u0,8191,qgeognn_v2_row_lcmd
a3560ac8164465dbb406,OCCCc1ccccc1,934,u0,8191,qgeognn_v2_row_lcmd
c46b86dae7e6845f08cd,OCCCc1ccccc1,935,validation,8191,qgeognn_v2_row_lcmd
efba7e70f4e46055398b,OCCCc1ccccc1,936,u0,8191,qgeognn_v2_row_lcmd
8cc5dd51f0360e578ac3,OCCCc1ccccc1,937,test,8191,qgeognn_v2_row_lcmd
53c1be5b96937954b9fa,OCCCc1ccccc1,938,u0,8191,qgeognn_v2_row_lcmd
6a39aff909ea35989c74,OCCCc1ccccc1,939,u0,8191,qgeognn_v2_row_lcmd
45a1b11ae63f2dab2e48,OCCCc1ccccc1,940,u0,8191,qgeognn_v2_row_lcmd
b7b1a1bb666c8cc99bad,OCCCc1ccccc1,941,validation,8191,qgeognn_v2_row_lcmd
1211905ebc8972913270,OCCCc1ccccc1,942,u0,8191,qgeognn_v2_row_lcmd
358461ff3742e78ea3b6,OCCCc1ccccc1,943,u0,8191,qgeognn_v2_row_lcmd
73502a52708e4f9c2391,OCCCc1ccccc1,944,u0,8191,qgeognn_v2_row_lcmd
e6cc0bf41a57589c64b6,Cc1ccc(C(C)C)cc1,945,u0,8191,qgeognn_v2_row_lcmd
5dcf47b244ee77701b08,Cc1ccc(C(C)C)cc1,946,u0,8191,qgeognn_v2_row_lcmd
21cfd66397382d7ad042,Cc1ccc(C(C)C)cc1,947,u0,8191,qgeognn_v2_row_lcmd
a18dcfdc839acb2fea00,Cc1ccc(C(C)C)cc1,948,u0,8191,qgeognn_v2_row_lcmd
07ea08422927a101205e,Cc1ccc(C(C)C)cc1,949,u0,8191,qgeognn_v2_row_lcmd
bb6b2ec09ed4e0b613c4,Cc1ccc(C(C)C)cc1,950,u0,8191,qgeognn_v2_row_lcmd
8ef981378304c7efca7d,Cc1ccc(C(C)C)cc1,951,u0,8191,qgeognn_v2_row_lcmd
08812599cc0ffd09d9bd,Cc1ccc(C(C)C)cc1,952,u0,8191,qgeognn_v2_row_lcmd
560e667eb79f1a3873bd,Cc1ccc(C(C)C)cc1,953,u0,8191,qgeognn_v2_row_lcmd
636bb485cffdeb41ee1c,Cc1ccc(C(C)C)cc1,954,u0,8191,qgeognn_v2_row_lcmd
fdaa37b02fe0d59d96e9,Cc1ccc(C(C)C)cc1,955,u0,8191,qgeognn_v2_row_lcmd
f109ef7afffd7c1f6727,Cc1ccc(C(C)C)cc1,956,u0,8191,qgeognn_v2_row_lcmd
7fed5a8c2b8680bf2e42,Cc1ccc(C(C)C)cc1,957,u0,8191,qgeognn_v2_row_lcmd
d0e8fd2b1d04ee0fd352,Cc1ccc(C(C)C)cc1,958,u0,8191,qgeognn_v2_row_lcmd
382ed88009a39dd77794,Cc1ccc(C(C)C)cc1,959,validation,8191,qgeognn_v2_row_lcmd
6bdaa6ed6e93cbfee89a,Cc1ccc(C(C)C)cc1,960,u0,8191,qgeognn_v2_row_lcmd
8b02d270a5299545adb2,Cc1ccc(C(C)C)cc1,961,validation,8191,qgeognn_v2_row_lcmd
cf6a34f8112eb8ef5ee9,Cc1ccc(C(C)C)cc1,962,u0,8191,qgeognn_v2_row_lcmd
fec5b2d38184cff62e2c,Cc1ccc(C(C)C)cc1,963,l0,8191,qgeognn_v2_row_lcmd
d334619b04b029bb8a9d,Cc1ccc(C(C)C)cc1,964,u0,8191,qgeognn_v2_row_lcmd
21c8d903d0bd5b79f306,Cc1ccc(C(C)C)cc1,965,l0,8191,qgeognn_v2_row_lcmd
24e5dc14b855baed89fd,c1ccc(-c2ccccn2)cc1,966,u0,8191,qgeognn_v2_row_lcmd
0776336aa1c106b4d645,c1ccc(-c2ccccn2)cc1,967,validation,8191,qgeognn_v2_row_lcmd
70714ec13048a5060224,c1ccc(-c2ccccn2)cc1,968,u0,8191,qgeognn_v2_row_lcmd
be06114d8d7b4a943ad7,c1ccc(-c2ccccn2)cc1,969,u0,8191,qgeognn_v2_row_lcmd
a7990e0922fe119d57a6,c1ccc(-c2ccccn2)cc1,970,u0,8191,qgeognn_v2_row_lcmd
a185774933bd6bb12c07,c1ccc(-c2ccccn2)cc1,971,u0,8191,qgeognn_v2_row_lcmd
ecd17c7ea435a1e33f6b,c1ccc(-c2ccccn2)cc1,972,validation,8191,qgeognn_v2_row_lcmd
35dd0118b9a2d30ca70e,c1ccc(-c2ccccn2)cc1,973,test,8191,qgeognn_v2_row_lcmd
9fb05d784e7952bd4741,c1ccc(-c2ccccn2)cc1,974,u0,8191,qgeognn_v2_row_lcmd
292e0342682192a69fce,c1ccc(-c2ccccn2)cc1,975,u0,8191,qgeognn_v2_row_lcmd
1ce749f818905d3c61d4,c1ccc(-c2ccccn2)cc1,976,u0,8191,qgeognn_v2_row_lcmd
1e77ce24daad192212f6,c1ccc(-c2ccccn2)cc1,977,u0,8191,qgeognn_v2_row_lcmd
d119d77f545c029deace,c1ccc(-c2ccccn2)cc1,978,u0,8191,qgeognn_v2_row_lcmd
dd4829f39cdf781ffaf9,c1ccc(-c2ccccn2)cc1,979,u0,8191,qgeognn_v2_row_lcmd
810b065b0b86ff8c9aae,c1ccc(-c2ccccn2)cc1,980,u0,8191,qgeognn_v2_row_lcmd
434e465cfa7e0034f233,c1ccc(-c2ccccn2)cc1,981,u0,8191,qgeognn_v2_row_lcmd
bd2e9fee67bbba1155df,c1ccc(-c2ccccn2)cc1,982,validation,8191,qgeognn_v2_row_lcmd
35f2be5f5aa14265e8a4,c1ccc(-c2ccccn2)cc1,983,test,8191,qgeognn_v2_row_lcmd
449b809e4efaaf2af86a,c1ccc(-c2ccccn2)cc1,984,validation,8191,qgeognn_v2_row_lcmd
0f06772820e6693753e3,c1ccc(-c2ccccn2)cc1,985,u0,8191,qgeognn_v2_row_lcmd
7ec572e99922baa664e1,COc1ccc(CCO)cc1,986,u0,8191,qgeognn_v2_row_lcmd
486a799fa205437ae1dc,COc1ccc(CCO)cc1,987,u0,8191,qgeognn_v2_row_lcmd
3f5051191caf6ab07337,COc1ccc(CCO)cc1,988,test,8191,qgeognn_v2_row_lcmd
5dd7416efdd0bd156d61,COc1ccc(CCO)cc1,989,u0,8191,qgeognn_v2_row_lcmd
25ffcaa2164643e082b9,COc1ccc(CCO)cc1,990,u0,8191,qgeognn_v2_row_lcmd
c32caf65e93924aeb179,COc1ccc(CCO)cc1,991,u0,8191,qgeognn_v2_row_lcmd
a775926fce57b3bf9ec1,COc1ccc(CCO)cc1,992,u0,8191,qgeognn_v2_row_lcmd
17c1bb3be086a2b6ffec,COc1ccc(CCO)cc1,993,validation,8191,qgeognn_v2_row_lcmd
9e6c69af6f5142faa049,COc1ccc(CCO)cc1,994,u0,8191,qgeognn_v2_row_lcmd
776ee2c1e85ebde75168,COc1ccc(CCO)cc1,995,u0,8191,qgeognn_v2_row_lcmd
e6e78489d1da4066c07e,COc1ccc(CCO)cc1,996,u0,8191,qgeognn_v2_row_lcmd
dc358c032155a2b77226,C=CC(=O)OCc1ccccc1,997,u0,8191,qgeognn_v2_row_lcmd
33bd538caac1f6667fd9,C=CC(=O)OCc1ccccc1,998,u0,8191,qgeognn_v2_row_lcmd
6fb14437811bb559cecb,C=CC(=O)OCc1ccccc1,999,u0,8191,qgeognn_v2_row_lcmd
d2ad2d89b0ecb819c916,C=CC(=O)OCc1ccccc1,1000,u0,8191,qgeognn_v2_row_lcmd
dab323e77eaa84676438,C=CC(=O)OCc1ccccc1,1001,u0,8191,qgeognn_v2_row_lcmd
e560cf5c39e34dd9e4ae,C=CC(=O)OCc1ccccc1,1002,validation,8191,qgeognn_v2_row_lcmd
2caaf079a637af5d1190,C=CC(=O)OCc1ccccc1,1003,test,8191,qgeognn_v2_row_lcmd
ba50c5b269ac808c0d59,C=CC(=O)OCc1ccccc1,1004,u0,8191,qgeognn_v2_row_lcmd
2e4e3982c8f3ea0db756,C=CC(=O)OCc1ccccc1,1005,u0,8191,qgeognn_v2_row_lcmd
3418b1a160c0848777ce,C=CC(=O)OCc1ccccc1,1006,validation,8191,qgeognn_v2_row_lcmd
6a1c34839dd4d1f4baf5,C=CC(=O)OCc1ccccc1,1007,test,8191,qgeognn_v2_row_lcmd
7582eb861e223c38e3b2,C=CC(=O)OCc1ccccc1,1008,validation,8191,qgeognn_v2_row_lcmd
535ba1a4922e163b518c,C=CC(=O)OCc1ccccc1,1009,u0,8191,qgeognn_v2_row_lcmd
cacb6e56d0b2fc61cde2,C=CC(=O)OCc1ccccc1,1010,u0,8191,qgeognn_v2_row_lcmd
9a99e869cff4f47ba58c,C=CC(=O)OCc1ccccc1,1011,u0,8191,qgeognn_v2_row_lcmd
6bafc9ba6e162b656089,C=CC(=O)OCc1ccccc1,1012,l0,8191,qgeognn_v2_row_lcmd
28d5325cac43121ab7f6,C=CC(=O)OCc1ccccc1,1013,u0,8191,qgeognn_v2_row_lcmd
b522f87b2ab193018419,C=CC(=O)OCc1ccccc1,1014,u0,8191,qgeognn_v2_row_lcmd
f38e850cb54d17a50d3c,C=CC(=O)OCc1ccccc1,1015,u0,8191,qgeognn_v2_row_lcmd
5a32e0aa027d68fcb9f3,C=CC(=O)OCc1ccccc1,1016,u0,8191,qgeognn_v2_row_lcmd
52144e7fa2b21ace65ff,C=CC(=O)OCc1ccccc1,1017,u0,8191,qgeognn_v2_row_lcmd
65651134a7c70aa64d32,COC(=O)C(C)(C)Br,1018,u0,8191,qgeognn_v2_row_lcmd
b59d10badf9681a661a6,COC(=O)C(C)(C)Br,1019,validation,8191,qgeognn_v2_row_lcmd
c827119f3e13a7eab121,COC(=O)C(C)(C)Br,1020,u0,8191,qgeognn_v2_row_lcmd
fb4ce5d78cbb665a3ddb,COC(=O)C(C)(C)Br,1021,test,8191,qgeognn_v2_row_lcmd
5c347ad0af055451a8db,COC(=O)C(C)(C)Br,1022,u0,8191,qgeognn_v2_row_lcmd
84837928991db29409c6,COC(=O)C(C)(C)Br,1023,u0,8191,qgeognn_v2_row_lcmd
0bf3ee298cf472bd6a5e,COC(=O)C(C)(C)Br,1024,u0,8191,qgeognn_v2_row_lcmd
5f41872f8880df677ce1,COC(=O)C(C)(C)Br,1025,u0,8191,qgeognn_v2_row_lcmd
085d41967b4b599edf13,COC(=O)C(C)(C)Br,1026,test,8191,qgeognn_v2_row_lcmd
7844d45e7d71e793b5c3,COC(=O)C(C)(C)Br,1027,test,8191,qgeognn_v2_row_lcmd
b8c7bb9f7fff1a3e3f7d,COC(=O)C(C)(C)Br,1028,u0,8191,qgeognn_v2_row_lcmd
90d8a6d3f4fbe760dd4e,COC(=O)C(C)(C)Br,1029,u0,8191,qgeognn_v2_row_lcmd
4d67ea402473cc685bae,COC(=O)C(C)(C)Br,1030,validation,8191,qgeognn_v2_row_lcmd
8a6913901f8312db7a2e,COC(=O)C(C)(C)Br,1031,u0,8191,qgeognn_v2_row_lcmd
f3b4ea532aba4f6ff283,COC(=O)C(C)(C)Br,1032,u0,8191,qgeognn_v2_row_lcmd
11a1c89247d3374b7f0c,COC(=O)C(C)(C)Br,1033,u0,8191,qgeognn_v2_row_lcmd
f0674071a9f7bce0703c,COC(=O)C(C)(C)Br,1034,u0,8191,qgeognn_v2_row_lcmd
cd1a2b4fd666ce7b0b67,COC(=O)C(C)(C)Br,1035,test,8191,qgeognn_v2_row_lcmd
f25bc3a3b74471e14801,COC(=O)C(C)(C)Br,1036,u0,8191,qgeognn_v2_row_lcmd
933bc87d8ae9186a7803,COC(=O)C(C)(C)Br,1037,u0,8191,qgeognn_v2_row_lcmd
d86448c8f5aaa8ebcf7f,COC(=O)C(C)(C)Br,1038,u0,8191,qgeognn_v2_row_lcmd
914cbf3bfe7468210e0e,COC(=O)CS,1039,u0,8191,qgeognn_v2_row_lcmd
0feb931fe35453749c45,COC(=O)CS,1040,u0,8191,qgeognn_v2_row_lcmd
264a5260b17a6cbf033f,COC(=O)CS,1041,u0,8191,qgeognn_v2_row_lcmd
5ac4ef8dc89489d5dcd8,COC(=O)CS,1042,u0,8191,qgeognn_v2_row_lcmd
aa7294d697e91719da6e,COC(=O)CS,1043,u0,8191,qgeognn_v2_row_lcmd
2e095d9513ef4de0d6e8,COC(=O)CS,1044,u0,8191,qgeognn_v2_row_lcmd
eb6a058d4ee7f72a893c,COC(=O)CS,1045,test,8191,qgeognn_v2_row_lcmd
8d1e5be2f85594850c79,COC(=O)CS,1046,u0,8191,qgeognn_v2_row_lcmd
fa81c4e1817366c902f3,COC(=O)CS,1047,test,8191,qgeognn_v2_row_lcmd
6dde3c4535c931ca4092,COC(=O)CS,1048,u0,8191,qgeognn_v2_row_lcmd
a3c817ff559d5c946cc8,COC(=O)CS,1049,u0,8191,qgeognn_v2_row_lcmd
93ce299d2e2f5bf83250,COC(=O)CS,1050,test,8191,qgeognn_v2_row_lcmd
b38269af25220f62d607,COC(=O)CS,1051,u0,8191,qgeognn_v2_row_lcmd
4b4d079fa6b12df47a35,COC(=O)CS,1052,u0,8191,qgeognn_v2_row_lcmd
0be038db2251642c6862,COC(=O)CS,1053,u0,8191,qgeognn_v2_row_lcmd
a0fb13951a097b6a1516,COC(=O)CS,1054,u0,8191,qgeognn_v2_row_lcmd
8b0153f031bc52c2c1dd,COC(=O)CS,1055,u0,8191,qgeognn_v2_row_lcmd
376ba323d8d487f80cee,COC(=O)CS,1056,validation,8191,qgeognn_v2_row_lcmd
5bad82a6cffd60e7a6c9,COC(=O)CS,1057,u0,8191,qgeognn_v2_row_lcmd
fd1d673cc647d6745303,COC(=O)CS,1058,test,8191,qgeognn_v2_row_lcmd
18aafc3a2522f8cc2983,COC(=O)CS,1059,u0,8191,qgeognn_v2_row_lcmd
d22eb7805d90b684e45f,CC(C)(C)OCl,1060,u0,8191,qgeognn_v2_row_lcmd
adbaa4b00d492d64eed5,CC(C)(C)OCl,1061,validation,8191,qgeognn_v2_row_lcmd
eaaa3bb6872fb6f5a235,CC(C)(C)OCl,1062,u0,8191,qgeognn_v2_row_lcmd
80c8f2e0d046784a5dd5,CC(C)(C)OCl,1063,validation,8191,qgeognn_v2_row_lcmd
c66ddd3f93b84e988e61,CC(C)(C)OCl,1064,u0,8191,qgeognn_v2_row_lcmd
b2d37e1bad242d8c9f03,CC(C)(C)OCl,1065,u0,8191,qgeognn_v2_row_lcmd
14ec65dd3e0364a45b2d,CC(C)(C)OCl,1066,u0,8191,qgeognn_v2_row_lcmd
52005c26be3762e0cc6f,CC(C)(C)OCl,1067,u0,8191,qgeognn_v2_row_lcmd
00115fe52c86d3614129,CC(C)(C)OCl,1068,u0,8191,qgeognn_v2_row_lcmd
4d8b86ac2c0bcd582f53,CC(C)(C)OCl,1069,u0,8191,qgeognn_v2_row_lcmd
8f857174b9f2f6c691f4,CC(C)(C)OCl,1070,u0,8191,qgeognn_v2_row_lcmd
3fa5b3c41fcae218e05b,CC(C)(C)OCl,1071,test,8191,qgeognn_v2_row_lcmd
2f03edb1177fc5048002,CC(C)(C)OCl,1072,l0,8191,qgeognn_v2_row_lcmd
e15a19eb93571ebf6dbf,CC(C)(C)OCl,1073,u0,8191,qgeognn_v2_row_lcmd
7aebc58989fa288b11fc,CC(C)(C)OCl,1074,u0,8191,qgeognn_v2_row_lcmd
4f246d378709c2f974f8,CC(C)(C)OCl,1075,u0,8191,qgeognn_v2_row_lcmd
3c74589796aa180ea5ba,CC(C)(C)OCl,1076,u0,8191,qgeognn_v2_row_lcmd
e1c3c80c673cc63c7719,CC(C)(C)OCl,1077,validation,8191,qgeognn_v2_row_lcmd
4508cb72ef4489429d15,CC(C)(C)OCl,1078,u0,8191,qgeognn_v2_row_lcmd
278eae367da048448147,CC(C)(C)OCl,1079,u0,8191,qgeognn_v2_row_lcmd
ec53cb944de53e46b911,CC(C)(C)OCl,1080,test,8191,qgeognn_v2_row_lcmd
2e714d4f0dc73256dd0b,C=CC(=O)OC1CCCCC1,1081,u0,8191,qgeognn_v2_row_lcmd
4fc25128f65d2cf6e786,C=CC(=O)OC1CCCCC1,1082,u0,8191,qgeognn_v2_row_lcmd
be1d1eac10cca873e4ef,C=CC(=O)OC1CCCCC1,1083,u0,8191,qgeognn_v2_row_lcmd
7ac5e8ade169be95e0fa,C=CC(=O)OC1CCCCC1,1084,u0,8191,qgeognn_v2_row_lcmd
64177ca0cbeb3fc11d57,C=CC(=O)OC1CCCCC1,1085,u0,8191,qgeognn_v2_row_lcmd
254ff4f90474bb68c388,C=CC(=O)OC1CCCCC1,1086,validation,8191,qgeognn_v2_row_lcmd
2ad754eae564af791fbf,C=CC(=O)OC1CCCCC1,1087,validation,8191,qgeognn_v2_row_lcmd
b9c6bc8d6e3dae9c8177,C=CC(=O)OC1CCCCC1,1088,u0,8191,qgeognn_v2_row_lcmd
e1553414b79b619a94cf,C=CC(=O)OC1CCCCC1,1089,u0,8191,qgeognn_v2_row_lcmd
3c6e7fafcacb87c40668,C=CC(=O)OC1CCCCC1,1090,u0,8191,qgeognn_v2_row_lcmd
183768832c247da26797,C=CC(=O)OC1CCCCC1,1091,validation,8191,qgeognn_v2_row_lcmd
26cc196a621fa3efa3ff,C=CC(=O)OC1CCCCC1,1092,test,8191,qgeognn_v2_row_lcmd
e7bded68a76c24544339,C=CC(=O)OC1CCCCC1,1093,u0,8191,qgeognn_v2_row_lcmd
a41b395c8efbc1de1aa7,C=CC(=O)OC1CCCCC1,1094,u0,8191,qgeognn_v2_row_lcmd
0da8847ecc094a8c14db,C=CC(=O)OC1CCCCC1,1095,u0,8191,qgeognn_v2_row_lcmd
fce2741d123dd81a8fa6,C=CC(=O)OC1CCCCC1,1096,u0,8191,qgeognn_v2_row_lcmd
5a365a8ac825ce487db4,C=CC(=O)OC1CCCCC1,1097,u0,8191,qgeognn_v2_row_lcmd
f6692bb42d91e0a11d81,C=CC(=O)OC1CCCCC1,1098,u0,8191,qgeognn_v2_row_lcmd
97b105f90c11a10a2cac,C=CC(=O)OC1CCCCC1,1099,u0,8191,qgeognn_v2_row_lcmd
869ed39b28b73a5de24e,C=CC(=O)OC1CCCCC1,1100,u0,8191,qgeognn_v2_row_lcmd
c3add4f9b8eb5e002281,C=CC(=O)OC1CCCCC1,1101,l0,8191,qgeognn_v2_row_lcmd
a2e635d2c20fa080aec6,CC(=O)CCCCl,1102,u0,8191,qgeognn_v2_row_lcmd
a63ce210564bfb05f06c,CC(=O)CCCCl,1103,u0,8191,qgeognn_v2_row_lcmd
64540ef50093a8bf866e,CC(=O)CCCCl,1104,u0,8191,qgeognn_v2_row_lcmd
a4a62cf5452e2229b667,CC(=O)CCCCl,1105,u0,8191,qgeognn_v2_row_lcmd
1910a349b60a38899055,CC(=O)CCCCl,1106,u0,8191,qgeognn_v2_row_lcmd
da5b02dfb78f7248e643,CC(=O)CCCCl,1107,u0,8191,qgeognn_v2_row_lcmd
504e8e25f3a8b339a023,CC(=O)CCCCl,1108,u0,8191,qgeognn_v2_row_lcmd
8748c66e5f0823e6a65e,CC(=O)CCCCl,1109,u0,8191,qgeognn_v2_row_lcmd
59d8c3d932aece6945ae,CC(=O)CCCCl,1110,test,8191,qgeognn_v2_row_lcmd
09096996d08f0c063345,CC(=O)CCCCl,1111,validation,8191,qgeognn_v2_row_lcmd
c0adb1c6f9dbe862a4dc,CC(=O)CCCCl,1112,u0,8191,qgeognn_v2_row_lcmd
f5e5ad6e9b48aa9731b5,CC(=O)CCCCl,1113,u0,8191,qgeognn_v2_row_lcmd
93bde1825d0cb1cb4305,CC(=O)CCCCl,1114,u0,8191,qgeognn_v2_row_lcmd
a3c1a0ac40733e8650fb,CC(=O)CCCCl,1115,u0,8191,qgeognn_v2_row_lcmd
a4c8259421a3aa5edeea,CC(=O)CCCCl,1116,test,8191,qgeognn_v2_row_lcmd
55927e904f7c540fd4f2,CC(=O)CCCCl,1117,l0,8191,qgeognn_v2_row_lcmd
5d274cbcb3c8532e483f,CC(=O)CCCCl,1118,u0,8191,qgeognn_v2_row_lcmd
9cad3bab10930468747d,CC(=O)CCCCl,1119,test,8191,qgeognn_v2_row_lcmd
2a23c139efe82dbd05ae,CC(C)=CCBr,1120,u0,8191,qgeognn_v2_row_lcmd
a88f1c7eff88c4722032,CC(C)=CCBr,1121,u0,8191,qgeognn_v2_row_lcmd
0b81c9c82d834e71f646,CC(C)=CCBr,1122,u0,8191,qgeognn_v2_row_lcmd
7e70e0d2553228179804,CC(C)=CCBr,1123,l0,8191,qgeognn_v2_row_lcmd
76d36c08cca4129d52a1,CC(C)=CCBr,1124,u0,8191,qgeognn_v2_row_lcmd
10bf40d15c62324241b0,CC(C)=CCBr,1125,l0,8191,qgeognn_v2_row_lcmd
abb6aad7f0471caa082f,CC(C)=CCBr,1126,l0,8191,qgeognn_v2_row_lcmd
4f8c9bb4d139738fc73e,CC(C)=CCBr,1127,u0,8191,qgeognn_v2_row_lcmd
f2fd66d2b02e4c6c143d,CC(C)=CCBr,1128,u0,8191,qgeognn_v2_row_lcmd
1584e89b84e9e0766dd9,CC(C)=CCBr,1129,u0,8191,qgeognn_v2_row_lcmd
547f6a80e7b1ed09f4e3,CC(C)=CCBr,1130,u0,8191,qgeognn_v2_row_lcmd
08fabec896b5e6031d72,CC(C)=CCBr,1131,u0,8191,qgeognn_v2_row_lcmd
0182b6d34cb35fb613ea,CC(C)=CCBr,1132,validation,8191,qgeognn_v2_row_lcmd
df4a8ed8397b7a13f5ca,CC(C)=CCBr,1133,u0,8191,qgeognn_v2_row_lcmd
88258d33b6f66b11a60e,CC(C)=CCBr,1134,u0,8191,qgeognn_v2_row_lcmd
a74a5af182f6efc00698,CC(C)=CCBr,1135,u0,8191,qgeognn_v2_row_lcmd
fb70c83ddbf839a2a341,CC(C)=CCBr,1136,u0,8191,qgeognn_v2_row_lcmd
d922a9fd0b0ab9fa4223,CC(C)=CCBr,1137,validation,8191,qgeognn_v2_row_lcmd
ad383ab38ce1ef78a5ae,CC(C)=CCBr,1138,test,8191,qgeognn_v2_row_lcmd
2c1a26f1476e0550985e,CC(C)=CCBr,1139,u0,8191,qgeognn_v2_row_lcmd
7b69466d230dfaae0ae1,CC(C)=CCBr,1140,u0,8191,qgeognn_v2_row_lcmd
bae7ff3dc7b9d8610a44,c1ccc2ncccc2c1,1141,u0,8191,qgeognn_v2_row_lcmd
ae187d6f3746213b630c,c1ccc2ncccc2c1,1142,u0,8191,qgeognn_v2_row_lcmd
eb56f25c331ea1ab9b2b,c1ccc2ncccc2c1,1143,u0,8191,qgeognn_v2_row_lcmd
d1e71a8278523e7a10e3,c1ccc2ncccc2c1,1144,u0,8191,qgeognn_v2_row_lcmd
bea7a84fdcea344896f4,c1ccc2ncccc2c1,1145,u0,8191,qgeognn_v2_row_lcmd
504cddc93fa258cac929,c1ccc2ncccc2c1,1146,validation,8191,qgeognn_v2_row_lcmd
5097ef8f92148f920ca4,c1ccc2ncccc2c1,1147,u0,8191,qgeognn_v2_row_lcmd
e7bf6bd74f8498f1cb11,c1ccc2ncccc2c1,1148,validation,8191,qgeognn_v2_row_lcmd
07933c8c797c30bb0e8e,c1ccc2ncccc2c1,1149,u0,8191,qgeognn_v2_row_lcmd
1ae3618ec277b0463686,c1ccc2ncccc2c1,1150,u0,8191,qgeognn_v2_row_lcmd
33ffc69a253a89f15995,c1ccc2ncccc2c1,1151,u0,8191,qgeognn_v2_row_lcmd
c5185bd663026c64c816,c1ccc2ncccc2c1,1152,validation,8191,qgeognn_v2_row_lcmd
e47aebe2660b9e1528de,c1ccc2ncccc2c1,1153,validation,8191,qgeognn_v2_row_lcmd
9cd02352c2ed7a3e2321,c1ccc2ncccc2c1,1154,validation,8191,qgeognn_v2_row_lcmd
222a68fc192f66c1c080,c1ccc2ncccc2c1,1155,u0,8191,qgeognn_v2_row_lcmd
ab6f5728ca497f067610,CC(C)c1ccc(Br)cc1,1156,u0,8191,qgeognn_v2_row_lcmd
d15af17a71947e79a369,CC(C)c1ccc(Br)cc1,1157,test,8191,qgeognn_v2_row_lcmd
90824ff7b17d5266d166,CC(C)c1ccc(Br)cc1,1158,u0,8191,qgeognn_v2_row_lcmd
b8dd4c619d837b044470,CC(C)c1ccc(Br)cc1,1159,validation,8191,qgeognn_v2_row_lcmd
ed540afc1b726ed87116,CC(C)c1ccc(Br)cc1,1160,test,8191,qgeognn_v2_row_lcmd
13b7ef7c8bbf469fefc4,CC(C)c1ccc(Br)cc1,1161,l0,8191,qgeognn_v2_row_lcmd
177b9dae3a0f6f4641ca,CC(C)c1ccc(Br)cc1,1162,validation,8191,qgeognn_v2_row_lcmd
c1d0f97d53f585c856ee,CC(C)c1ccc(Br)cc1,1163,u0,8191,qgeognn_v2_row_lcmd
8ef01aae29087084369d,CC(C)c1ccc(Br)cc1,1164,u0,8191,qgeognn_v2_row_lcmd
84a0b394656540e06f2d,CC(C)c1ccc(Br)cc1,1165,test,8191,qgeognn_v2_row_lcmd
8b59c86480a0a3337c63,CC(C)c1ccc(Br)cc1,1166,u0,8191,qgeognn_v2_row_lcmd
064f92c77ef7e990d32c,CC(C)c1ccc(Br)cc1,1167,l0,8191,qgeognn_v2_row_lcmd
137b5aaf9ecf3d65b7e3,CC(C)c1ccc(Br)cc1,1168,validation,8191,qgeognn_v2_row_lcmd
88ede3f01ace054a169b,CC(C)c1ccc(Br)cc1,1169,u0,8191,qgeognn_v2_row_lcmd
b5401e7deb7b96093e0a,CC(C)c1ccc(Br)cc1,1170,u0,8191,qgeognn_v2_row_lcmd
120a3bece2efacad82a7,CC(C)c1ccc(Br)cc1,1171,u0,8191,qgeognn_v2_row_lcmd
93d3a2662181daf98172,CC(C)c1ccc(Br)cc1,1172,test,8191,qgeognn_v2_row_lcmd
747af2ae1176c54b9e5d,CC(C)c1ccc(Br)cc1,1173,u0,8191,qgeognn_v2_row_lcmd
0f756a58174e946b976a,CC(C)c1ccc(Br)cc1,1174,u0,8191,qgeognn_v2_row_lcmd
5bbef408d62a2a0fe3f6,CC(C)c1ccc(Br)cc1,1175,u0,8191,qgeognn_v2_row_lcmd
63ec73e3341feaaf43ae,CC(C)c1ccc(Br)cc1,1176,u0,8191,qgeognn_v2_row_lcmd
06e93ab1e94cbced3c21,CC(C=O)Cc1ccc2c(c1)OCO2,1177,u0,8191,qgeognn_v2_row_lcmd
bc08a8ecc11b4f3bcb67,CC(C=O)Cc1ccc2c(c1)OCO2,1178,l0,8191,qgeognn_v2_row_lcmd
8c5919c128847d433188,CC(C=O)Cc1ccc2c(c1)OCO2,1179,u0,8191,qgeognn_v2_row_lcmd
21e47f16b77cfc96e54f,CC(C=O)Cc1ccc2c(c1)OCO2,1180,u0,8191,qgeognn_v2_row_lcmd
19bdb9c6c59639662992,CC(C=O)Cc1ccc2c(c1)OCO2,1181,u0,8191,qgeognn_v2_row_lcmd
72fc5a77458ff1ee4e2c,CC(C=O)Cc1ccc2c(c1)OCO2,1182,u0,8191,qgeognn_v2_row_lcmd
502e41325a19473f9d08,CC(C=O)Cc1ccc2c(c1)OCO2,1183,u0,8191,qgeognn_v2_row_lcmd
036352f6818925e928f6,CC(C=O)Cc1ccc2c(c1)OCO2,1184,u0,8191,qgeognn_v2_row_lcmd
cdac505f97737176b1e0,CC(C=O)Cc1ccc2c(c1)OCO2,1185,test,8191,qgeognn_v2_row_lcmd
6209df8dd01072ab8a47,CC(C=O)Cc1ccc2c(c1)OCO2,1186,test,8191,qgeognn_v2_row_lcmd
76435080f7632be26e64,CC(C=O)Cc1ccc2c(c1)OCO2,1187,test,8191,qgeognn_v2_row_lcmd
e506c0353a9b601af9ac,CC(C=O)Cc1ccc2c(c1)OCO2,1188,test,8191,qgeognn_v2_row_lcmd
477241eeda24d5f7e750,CC(C=O)Cc1ccc2c(c1)OCO2,1189,u0,8191,qgeognn_v2_row_lcmd
fde9781e6b15ffbe093f,CC(C=O)Cc1ccc2c(c1)OCO2,1190,l0,8191,qgeognn_v2_row_lcmd
d1fba30478d2e47ba5a1,CC(C=O)Cc1ccc2c(c1)OCO2,1191,l0,8191,qgeognn_v2_row_lcmd
87996db5ddb7565fe66f,CC(C=O)Cc1ccc2c(c1)OCO2,1192,u0,8191,qgeognn_v2_row_lcmd
f5d802ca42b1a7226fc0,CC(C=O)Cc1ccc2c(c1)OCO2,1193,u0,8191,qgeognn_v2_row_lcmd
c518e06b106674a1412d,CC(C=O)Cc1ccc2c(c1)OCO2,1194,u0,8191,qgeognn_v2_row_lcmd
44c8b389a6faf44f1f4c,CC(C=O)Cc1ccc2c(c1)OCO2,1195,l0,8191,qgeognn_v2_row_lcmd
85591a54c419ed02c5f5,CC(C=O)Cc1ccc2c(c1)OCO2,1196,test,8191,qgeognn_v2_row_lcmd
4d1e1e0eca90a46d77b2,CC(C=O)Cc1ccc2c(c1)OCO2,1197,test,8191,qgeognn_v2_row_lcmd
8e999302c4d108ec9f19,Cc1ccnc2ccccc12,1198,u0,8191,qgeognn_v2_row_lcmd
65723de539453b98b181,Cc1ccnc2ccccc12,1199,l0,8191,qgeognn_v2_row_lcmd
468a11345970afe65576,Cc1ccnc2ccccc12,1200,u0,8191,qgeognn_v2_row_lcmd
b6229f0445560a4a54ed,Cc1ccnc2ccccc12,1201,u0,8191,qgeognn_v2_row_lcmd
9a58eec5ad3051be568a,Cc1ccnc2ccccc12,1202,u0,8191,qgeognn_v2_row_lcmd
777a87b895af5e6bc380,Cc1ccnc2ccccc12,1203,u0,8191,qgeognn_v2_row_lcmd
cf36dbeee8bb51632d84,Cc1ccnc2ccccc12,1204,u0,8191,qgeognn_v2_row_lcmd
2745c6978a8911fc3dda,Cc1ccnc2ccccc12,1205,test,8191,qgeognn_v2_row_lcmd
56151359aadfa5411fc6,Cc1ccnc2ccccc12,1206,u0,8191,qgeognn_v2_row_lcmd
04a2e8ad27ca641a3a12,Cc1ccnc2ccccc12,1207,validation,8191,qgeognn_v2_row_lcmd
51f5ae6a991eea9e720e,Cc1ccnc2ccccc12,1208,u0,8191,qgeognn_v2_row_lcmd
61b73b8065ae2ece22eb,Cc1ccnc2ccccc12,1209,u0,8191,qgeognn_v2_row_lcmd
9e3ce3497298084abd83,Cc1ccnc2ccccc12,1210,u0,8191,qgeognn_v2_row_lcmd
23ef03f3e75e40b20095,Cc1ccnc2ccccc12,1211,test,8191,qgeognn_v2_row_lcmd
48f272583f7a8b863fc2,Brc1ccccc1-c1ccccc1,1212,l0,8191,qgeognn_v2_row_lcmd
63d2727ce64d04ca8aa4,Brc1ccccc1-c1ccccc1,1213,u0,8191,qgeognn_v2_row_lcmd
9f44b52dbb3d43943ae4,Brc1ccccc1-c1ccccc1,1214,u0,8191,qgeognn_v2_row_lcmd
38e4eeff35c2622ca208,Brc1ccccc1-c1ccccc1,1215,u0,8191,qgeognn_v2_row_lcmd
31326c5d365d317999bb,Brc1ccccc1-c1ccccc1,1216,u0,8191,qgeognn_v2_row_lcmd
0aa824ae2e557bdaf840,Brc1ccccc1-c1ccccc1,1217,validation,8191,qgeognn_v2_row_lcmd
13cfc8ad0582fcbd26bc,Brc1ccccc1-c1ccccc1,1218,u0,8191,qgeognn_v2_row_lcmd
c45a62392f6a5694efe6,Brc1ccccc1-c1ccccc1,1219,u0,8191,qgeognn_v2_row_lcmd
43d6f492bc9902b2e1e2,Brc1ccccc1-c1ccccc1,1220,u0,8191,qgeognn_v2_row_lcmd
36e3d917ed07cf327a84,Brc1ccccc1-c1ccccc1,1221,u0,8191,qgeognn_v2_row_lcmd
2556657c3d3d8341ce74,Brc1ccccc1-c1ccccc1,1222,u0,8191,qgeognn_v2_row_lcmd
2a5ddd329fd392187ad2,Brc1ccccc1-c1ccccc1,1223,u0,8191,qgeognn_v2_row_lcmd
a2555410aeff8ee59e3e,Brc1ccccc1-c1ccccc1,1224,u0,8191,qgeognn_v2_row_lcmd
66dd2595492388b84b77,Brc1ccccc1-c1ccccc1,1225,u0,8191,qgeognn_v2_row_lcmd
9bcb68990620eda41e73,Brc1ccccc1-c1ccccc1,1226,u0,8191,qgeognn_v2_row_lcmd
f4690623249b80c36232,Brc1ccccc1-c1ccccc1,1227,u0,8191,qgeognn_v2_row_lcmd
34a9b815565879eeb8c1,Brc1ccccc1-c1ccccc1,1228,u0,8191,qgeognn_v2_row_lcmd
1e5d53b5d5e0e3d96556,Brc1ccccc1-c1ccccc1,1229,validation,8191,qgeognn_v2_row_lcmd
057b8c550ec0b75b1af1,Brc1ccccc1-c1ccccc1,1230,u0,8191,qgeognn_v2_row_lcmd
1a3f48c2d3cc33a207b7,Brc1ccccc1-c1ccccc1,1231,test,8191,qgeognn_v2_row_lcmd
b1af54c32bec21b8bee1,Brc1ccccc1-c1ccccc1,1232,u0,8191,qgeognn_v2_row_lcmd
60f5ede1f947fc3c68b7,COc1ccc(C)cc1OC,1233,validation,8191,qgeognn_v2_row_lcmd
0a974fa5ccff4ce25b98,COc1ccc(C)cc1OC,1234,test,8191,qgeognn_v2_row_lcmd
81481bf0d9bfc104fdc2,COc1ccc(C)cc1OC,1235,l0,8191,qgeognn_v2_row_lcmd
a90972fc4825cf75657e,COc1ccc(C)cc1OC,1236,u0,8191,qgeognn_v2_row_lcmd
3a6530d37524751b978e,COc1ccc(C)cc1OC,1237,u0,8191,qgeognn_v2_row_lcmd
8dea1508061e2605d983,COc1ccc(C)cc1OC,1238,u0,8191,qgeognn_v2_row_lcmd
59752d0b8c96b9efb90c,COc1ccc(C)cc1OC,1239,u0,8191,qgeognn_v2_row_lcmd
17418a1ba5c9443057c3,COc1ccc(C)cc1OC,1240,u0,8191,qgeognn_v2_row_lcmd
c34f8af0b9b65f8bfc2e,COc1ccc(C)cc1OC,1241,l0,8191,qgeognn_v2_row_lcmd
9c1f4af0ef4e157e4152,COc1ccc(C)cc1OC,1242,u0,8191,qgeognn_v2_row_lcmd
38ac413d67aacb0d9060,COc1ccc(C)cc1OC,1243,u0,8191,qgeognn_v2_row_lcmd
8b9a55e63dd5e733dcb0,COc1ccc(C)cc1OC,1244,u0,8191,qgeognn_v2_row_lcmd
3d8166bc443a01f2e3b5,COc1ccc(C)cc1OC,1245,l0,8191,qgeognn_v2_row_lcmd
1234fa6b7a71b815104c,COc1ccc(C)cc1OC,1246,u0,8191,qgeognn_v2_row_lcmd
7ad7f454a7b16a9ff211,COc1ccc(C)cc1OC,1247,u0,8191,qgeognn_v2_row_lcmd
9de8edaa330ab971f479,COc1ccc(C)cc1OC,1248,u0,8191,qgeognn_v2_row_lcmd
c3eb276f59965c3608f1,COc1ccc(C)cc1OC,1249,u0,8191,qgeognn_v2_row_lcmd
5fd49a50595624496938,COc1ccc(C)cc1OC,1250,u0,8191,qgeognn_v2_row_lcmd
7bfad75485e830b6d460,COc1ccc(C)cc1OC,1251,validation,8191,qgeognn_v2_row_lcmd
f38088920e6edd19a62f,COc1ccc(C)cc1OC,1252,u0,8191,qgeognn_v2_row_lcmd
22300151ccec3f1f1c24,COc1ccc(C)cc1OC,1253,u0,8191,qgeognn_v2_row_lcmd
4ff4a4435ab70d96f0bf,Cc1cccc(C)n1,1254,test,8191,qgeognn_v2_row_lcmd
f768bef959891c647509,Cc1cccc(C)n1,1255,u0,8191,qgeognn_v2_row_lcmd
30d2db34bc1d4187f057,Cc1cccc(C)n1,1256,u0,8191,qgeognn_v2_row_lcmd
835b5f2641442576de42,Cc1cccc(C)n1,1257,u0,8191,qgeognn_v2_row_lcmd
2b7cd8ac357e176a9726,Cc1cccc(C)n1,1258,u0,8191,qgeognn_v2_row_lcmd
de4e10d3a5d448ffcdda,Cc1cccc(C)n1,1259,test,8191,qgeognn_v2_row_lcmd
82d7243f61695e1b94cf,Cc1cccc(C)n1,1260,u0,8191,qgeognn_v2_row_lcmd
eceaa4f4139cde7ba166,Cc1cccc(C)n1,1261,u0,8191,qgeognn_v2_row_lcmd
8436939a2a6a91fa470d,Cc1cccc(C)n1,1262,u0,8191,qgeognn_v2_row_lcmd
434ffacb33eccce497c5,Cc1cccc(C)n1,1263,u0,8191,qgeognn_v2_row_lcmd
74c8fcd8ac3f6caedcd2,Cc1cccc(C)n1,1264,u0,8191,qgeognn_v2_row_lcmd
65f4f125b5e1f8137bd9,Cc1cccc(C)n1,1265,u0,8191,qgeognn_v2_row_lcmd
7fb4f90753d40dd25be0,Cc1cccc(C)n1,1266,u0,8191,qgeognn_v2_row_lcmd
abca62b372239d49a61b,Cc1cccc(C)n1,1267,u0,8191,qgeognn_v2_row_lcmd
6f548d72f01fc85debdc,Cc1cccc(C)n1,1268,test,8191,qgeognn_v2_row_lcmd
51f4126a3aadb3239225,Cc1cccc(C)n1,1269,u0,8191,qgeognn_v2_row_lcmd
f59dc07845ef4a376526,C=CCCc1ccccc1,1270,u0,8191,qgeognn_v2_row_lcmd
649f29ed092e13ef748e,C=CCCc1ccccc1,1271,validation,8191,qgeognn_v2_row_lcmd
4e469aa003df4dff5385,C=CCCc1ccccc1,1272,u0,8191,qgeognn_v2_row_lcmd
0982d8b0030ea5a271e0,C=CCCc1ccccc1,1273,u0,8191,qgeognn_v2_row_lcmd
26434b09977f437f3439,C=CCCc1ccccc1,1274,u0,8191,qgeognn_v2_row_lcmd
a71e269b000cd3baf0e4,C=CCCc1ccccc1,1275,u0,8191,qgeognn_v2_row_lcmd
64f39309f42b29581670,C=CCCc1ccccc1,1276,u0,8191,qgeognn_v2_row_lcmd
31d2da0c82fdf1d7c27f,C=CCCc1ccccc1,1277,u0,8191,qgeognn_v2_row_lcmd
5316b68fd0d784da64cb,C=CCCc1ccccc1,1278,validation,8191,qgeognn_v2_row_lcmd
c23c844a2af53afd25f3,C=CCCc1ccccc1,1279,u0,8191,qgeognn_v2_row_lcmd
2d15adc72ef5b5f8166b,C=CCCc1ccccc1,1280,u0,8191,qgeognn_v2_row_lcmd
05ee828b245bc1fc1a07,C=CCCc1ccccc1,1281,u0,8191,qgeognn_v2_row_lcmd
172c0132e67ab8c19a2a,C=CCCc1ccccc1,1282,u0,8191,qgeognn_v2_row_lcmd
e9a472ec6320a7295dd0,C=CCCc1ccccc1,1283,l0,8191,qgeognn_v2_row_lcmd
6dda54c1c9f4e408894c,C=CCCc1ccccc1,1284,u0,8191,qgeognn_v2_row_lcmd
811fe937b374a5ccfdb0,C=CCCc1ccccc1,1285,u0,8191,qgeognn_v2_row_lcmd
e683092d4333e55ba286,C=CCCc1ccccc1,1286,u0,8191,qgeognn_v2_row_lcmd
f109a83cdbf5e35157f0,C=CCCc1ccccc1,1287,u0,8191,qgeognn_v2_row_lcmd
a438141ce44ecce82131,C=CCCc1ccccc1,1288,u0,8191,qgeognn_v2_row_lcmd
378b492e10d44adfaa8d,C=CCCc1ccccc1,1289,test,8191,qgeognn_v2_row_lcmd
2e23828691c3f9bebd0b,C=CCCc1ccccc1,1290,u0,8191,qgeognn_v2_row_lcmd
99cecaf5e0ea91ad4781,CC(C)(O)CCc1ccccc1,1291,u0,8191,qgeognn_v2_row_lcmd
8de7bea3e86066a6c12b,CC(C)(O)CCc1ccccc1,1292,u0,8191,qgeognn_v2_row_lcmd
f91e857aa14399ede600,CC(C)(O)CCc1ccccc1,1293,u0,8191,qgeognn_v2_row_lcmd
d2d6000790408687cc29,CC(C)(O)CCc1ccccc1,1294,u0,8191,qgeognn_v2_row_lcmd
e84401538edd3a34ff69,CC(C)(O)CCc1ccccc1,1295,u0,8191,qgeognn_v2_row_lcmd
3c43e519a9cf66b66ebc,CC(C)(O)CCc1ccccc1,1296,l0,8191,qgeognn_v2_row_lcmd
a1ea7a9303a5fc7a7b0f,CC(C)(O)CCc1ccccc1,1297,u0,8191,qgeognn_v2_row_lcmd
95a211366968c4cd1f0f,CC(C)(O)CCc1ccccc1,1298,u0,8191,qgeognn_v2_row_lcmd
426ed16e4b39d346244b,CC(C)(O)CCc1ccccc1,1299,u0,8191,qgeognn_v2_row_lcmd
bf09d868ed4d68a97b40,CC(C)(O)CCc1ccccc1,1300,u0,8191,qgeognn_v2_row_lcmd
3e78a776ac9b885d378a,CC(C)(O)CCc1ccccc1,1301,u0,8191,qgeognn_v2_row_lcmd
7eb97a2a0856e78a4b76,CC(C)(O)CCc1ccccc1,1302,test,8191,qgeognn_v2_row_lcmd
4fb92bd1fab3ba235858,CC(C)(O)CCc1ccccc1,1303,u0,8191,qgeognn_v2_row_lcmd
bad24d96575f423fe4fd,CC(C)(O)CCc1ccccc1,1304,u0,8191,qgeognn_v2_row_lcmd
19229d505f75d05a0bcb,CC(C)(O)CCc1ccccc1,1305,u0,8191,qgeognn_v2_row_lcmd
d391f8d743d6c1a80b93,CC(O)c1ccccc1,1306,u0,8191,qgeognn_v2_row_lcmd
8fda0f40e131c051eac9,CC(O)c1ccccc1,1307,u0,8191,qgeognn_v2_row_lcmd
e1da389a795a7f30c216,CC(O)c1ccccc1,1308,u0,8191,qgeognn_v2_row_lcmd
401216df342ee56f834b,CC(O)c1ccccc1,1309,u0,8191,qgeognn_v2_row_lcmd
c7e564f222bd8ae3f685,CC(O)c1ccccc1,1310,u0,8191,qgeognn_v2_row_lcmd
053d656a484534ea6e2b,CC(O)c1ccccc1,1311,test,8191,qgeognn_v2_row_lcmd
e71aba5ca322ce0a2c7f,CC(O)c1ccccc1,1312,u0,8191,qgeognn_v2_row_lcmd
f559a4634c60d81f5f15,CC(O)c1ccccc1,1313,u0,8191,qgeognn_v2_row_lcmd
ecebeb4b29d917495b44,CC(O)c1ccccc1,1314,u0,8191,qgeognn_v2_row_lcmd
e75030664990b64e9c05,CC(O)c1ccccc1,1315,test,8191,qgeognn_v2_row_lcmd
994a1f65509549a84ede,CC(O)c1ccccc1,1316,u0,8191,qgeognn_v2_row_lcmd
067260cef0fb89f79291,CC(O)c1ccccc1,1317,test,8191,qgeognn_v2_row_lcmd
f15b726ca5b4897ed80c,CC(O)c1ccccc1,1318,u0,8191,qgeognn_v2_row_lcmd
859ae738b615cf17b849,CC(O)c1ccccc1,1319,u0,8191,qgeognn_v2_row_lcmd
553ad963219026be5c60,ClCCc1ccccc1,1320,u0,8191,qgeognn_v2_row_lcmd
1a2975284c60706c3d2b,ClCCc1ccccc1,1321,u0,8191,qgeognn_v2_row_lcmd
f4d505a9ed320bcbb6ac,ClCCc1ccccc1,1322,test,8191,qgeognn_v2_row_lcmd
ade995be7166f2ff8236,ClCCc1ccccc1,1323,validation,8191,qgeognn_v2_row_lcmd
aeaea32d8edd7e17b563,ClCCc1ccccc1,1324,u0,8191,qgeognn_v2_row_lcmd
20fba6abcb872e421123,ClCCc1ccccc1,1325,u0,8191,qgeognn_v2_row_lcmd
88a49888519467ea1b90,ClCCc1ccccc1,1326,u0,8191,qgeognn_v2_row_lcmd
a1d9ec291feffecb4e6f,ClCCc1ccccc1,1327,l0,8191,qgeognn_v2_row_lcmd
47064240165da3f6b2c8,ClCCc1ccccc1,1328,u0,8191,qgeognn_v2_row_lcmd
26f81244808222211192,ClCCc1ccccc1,1329,u0,8191,qgeognn_v2_row_lcmd
93ae61c4f1e7368d9b5e,ClCCc1ccccc1,1330,validation,8191,qgeognn_v2_row_lcmd
66e712388ecd53b9c22c,ClCCc1ccccc1,1331,l0,8191,qgeognn_v2_row_lcmd
6e43092f4f4c8b322f4d,ClCCc1ccccc1,1332,u0,8191,qgeognn_v2_row_lcmd
b424f09f99e875d6c912,ClCCc1ccccc1,1333,u0,8191,qgeognn_v2_row_lcmd
a5bad8587c652e0b8011,ClCCc1ccccc1,1334,test,8191,qgeognn_v2_row_lcmd
eeb6f2d222850417076c,ClCCc1ccccc1,1335,test,8191,qgeognn_v2_row_lcmd
de50de1d8bb744eb450b,ClCCc1ccccc1,1336,u0,8191,qgeognn_v2_row_lcmd
7312f73b09e6525e9188,ClCCc1ccccc1,1337,u0,8191,qgeognn_v2_row_lcmd
5c0c92d58e46c156d478,ClCCc1ccccc1,1338,l0,8191,qgeognn_v2_row_lcmd
7bdb81ebd10a45bc8ad1,ClCCc1ccccc1,1339,u0,8191,qgeognn_v2_row_lcmd
8950945e8ef1b80f8d42,ClCCc1ccccc1,1340,u0,8191,qgeognn_v2_row_lcmd
892a2c637cdd5e79cd71,COc1ccc(Cl)cc1,1341,u0,8191,qgeognn_v2_row_lcmd
bc4f848e8a5d44d8e77d,COc1ccc(Cl)cc1,1342,u0,8191,qgeognn_v2_row_lcmd
b91e448ccb931eab3abc,COc1ccc(Cl)cc1,1343,u0,8191,qgeognn_v2_row_lcmd
6ffe4ea75461ac8164a2,COc1ccc(Cl)cc1,1344,l0,8191,qgeognn_v2_row_lcmd
58b6573030e985c1a95a,COc1ccc(Cl)cc1,1345,u0,8191,qgeognn_v2_row_lcmd
64983cd9d23085f0e773,COc1ccc(Cl)cc1,1346,u0,8191,qgeognn_v2_row_lcmd
a7a25b933eeedf6b2766,COc1ccc(Cl)cc1,1347,u0,8191,qgeognn_v2_row_lcmd
fda75f6050d42df09e91,COc1ccc(Cl)cc1,1348,u0,8191,qgeognn_v2_row_lcmd
cd0847b8198e45d998df,COc1ccc(Cl)cc1,1349,u0,8191,qgeognn_v2_row_lcmd
f2154987c401395b5c86,COc1ccc(Cl)cc1,1350,u0,8191,qgeognn_v2_row_lcmd
9dfbbc373706746bddbf,COc1ccc(Cl)cc1,1351,validation,8191,qgeognn_v2_row_lcmd
db9851c0898e1d345de2,COc1ccc(Cl)cc1,1352,u0,8191,qgeognn_v2_row_lcmd
49ec0d8e4bc26b48e813,COc1ccc(Cl)cc1,1353,u0,8191,qgeognn_v2_row_lcmd
b7680f0ae6c8ca4dfd3a,COc1ccc(Cl)cc1,1354,validation,8191,qgeognn_v2_row_lcmd
5f75e30c340dae9d71dd,COc1ccc(Cl)cc1,1355,test,8191,qgeognn_v2_row_lcmd
b850bb2bb689cad139c5,COc1ccc(Cl)cc1,1356,u0,8191,qgeognn_v2_row_lcmd
86572966d599edee5d41,COc1ccc(Cl)cc1,1357,l0,8191,qgeognn_v2_row_lcmd
0146e8c64d0bd7bf5904,COc1ccc(Cl)cc1,1358,u0,8191,qgeognn_v2_row_lcmd
ccb73f3fdf90cb132bc2,COc1ccc(Cl)cc1,1359,u0,8191,qgeognn_v2_row_lcmd
183e43f9452aa5b872ac,COc1ccc(Cl)cc1,1360,u0,8191,qgeognn_v2_row_lcmd
491446b4f7b8acf5b165,COc1ccc(Cl)cc1,1361,test,8191,qgeognn_v2_row_lcmd
07b65328a3ec1d825fef,Oc1ccc(OC(F)(F)F)cc1,1362,u0,8191,qgeognn_v2_row_lcmd
c7c87de08eb40f9343be,Oc1ccc(OC(F)(F)F)cc1,1363,test,8191,qgeognn_v2_row_lcmd
2a7062ac85d66260b3be,Oc1ccc(OC(F)(F)F)cc1,1364,u0,8191,qgeognn_v2_row_lcmd
cbe7e55e896b42820ba5,Oc1ccc(OC(F)(F)F)cc1,1365,test,8191,qgeognn_v2_row_lcmd
cbf66c429d0d825609d6,Oc1ccc(OC(F)(F)F)cc1,1366,u0,8191,qgeognn_v2_row_lcmd
f7e3bf988bd0e1b9f58b,Oc1ccc(OC(F)(F)F)cc1,1367,validation,8191,qgeognn_v2_row_lcmd
eda42a3c0f94ffce3e99,Oc1ccc(OC(F)(F)F)cc1,1368,test,8191,qgeognn_v2_row_lcmd
4fce6e1a422b4f54c601,Oc1ccc(OC(F)(F)F)cc1,1369,test,8191,qgeognn_v2_row_lcmd
c343983d41d51a6a66c3,Oc1ccc(OC(F)(F)F)cc1,1370,validation,8191,qgeognn_v2_row_lcmd
534afc6bd39a8f7923d8,Oc1ccc(OC(F)(F)F)cc1,1371,u0,8191,qgeognn_v2_row_lcmd
a7ed4a556d5cae1eb7e1,Oc1ccc(OC(F)(F)F)cc1,1372,u0,8191,qgeognn_v2_row_lcmd
edfbbb86c05a0aeb1bfb,Oc1ccc(OC(F)(F)F)cc1,1373,test,8191,qgeognn_v2_row_lcmd
fe7d7af2c919facfe5f5,Oc1ccc(OC(F)(F)F)cc1,1374,u0,8191,qgeognn_v2_row_lcmd
9b1545dfa05c9439870b,Oc1ccc(OC(F)(F)F)cc1,1375,u0,8191,qgeognn_v2_row_lcmd
c06e784aecc76cea9d63,Oc1ccc(OC(F)(F)F)cc1,1376,u0,8191,qgeognn_v2_row_lcmd
1b4be0410f927930d56e,Oc1ccc(OC(F)(F)F)cc1,1377,l0,8191,qgeognn_v2_row_lcmd
bd3435c0f9b14ec7997d,Oc1ccc(OC(F)(F)F)cc1,1378,validation,8191,qgeognn_v2_row_lcmd
29b39881584c4fec1c58,Oc1ccc(OC(F)(F)F)cc1,1379,u0,8191,qgeognn_v2_row_lcmd
13ba7659fc6b864608f8,Oc1ccc(OC(F)(F)F)cc1,1380,u0,8191,qgeognn_v2_row_lcmd
80f546c47198fa7c6dbf,Oc1ccc(OC(F)(F)F)cc1,1381,validation,8191,qgeognn_v2_row_lcmd
34259c4476a7a0ae27e7,COc1ccccc1,1382,u0,8191,qgeognn_v2_row_lcmd
1b67dbf33146a2c6de51,COc1ccccc1,1383,test,8191,qgeognn_v2_row_lcmd
97f47452fc2add2ac7ff,COc1ccccc1,1384,u0,8191,qgeognn_v2_row_lcmd
347652d0e77069b01e46,COc1ccccc1,1385,u0,8191,qgeognn_v2_row_lcmd
bb586f37335be959683c,COc1ccccc1,1386,test,8191,qgeognn_v2_row_lcmd
64dcd06dcdf3015f2c02,COc1ccccc1,1387,validation,8191,qgeognn_v2_row_lcmd
01b17e563211deb65ae8,COc1ccccc1,1388,u0,8191,qgeognn_v2_row_lcmd
0f694957922ad0e10db2,COc1ccccc1,1389,test,8191,qgeognn_v2_row_lcmd
88a5b3ed00bdfdea637a,COc1ccccc1,1390,u0,8191,qgeognn_v2_row_lcmd
7a461dbe017030c8ac23,COc1ccccc1,1391,u0,8191,qgeognn_v2_row_lcmd
b1737f3e487bbd039406,COc1ccccc1,1392,u0,8191,qgeognn_v2_row_lcmd
36db2f5c4a17f1de1d84,COc1ccccc1,1393,u0,8191,qgeognn_v2_row_lcmd
17ff70c0f8a083dcf5f0,COc1ccccc1,1394,u0,8191,qgeognn_v2_row_lcmd
4b36447e7492369791f8,COc1ccccc1,1395,l0,8191,qgeognn_v2_row_lcmd
638920730c17fcaca9ca,COc1ccccc1,1396,u0,8191,qgeognn_v2_row_lcmd
b577d6bed8e6ac503209,COc1ccccc1,1397,u0,8191,qgeognn_v2_row_lcmd
87814eeffb35c15f3f89,COc1ccccc1,1398,u0,8191,qgeognn_v2_row_lcmd
e7b3f786a783fb44ea83,COc1ccccc1,1399,u0,8191,qgeognn_v2_row_lcmd
f49d1b5c0b35dbe61bef,COc1ccccc1,1400,u0,8191,qgeognn_v2_row_lcmd
4a49effd313865c10fae,COc1ccccc1,1401,u0,8191,qgeognn_v2_row_lcmd
34e3e4807176cfd57e57,COc1ccccc1,1402,validation,8191,qgeognn_v2_row_lcmd
9138d3d29ef0d7169d74,Cc1ccc(Cl)cc1,1403,u0,8191,qgeognn_v2_row_lcmd
d074d3b670ffc9e13369,Cc1ccc(Cl)cc1,1404,l0,8191,qgeognn_v2_row_lcmd
72ffedc096093cc44cd1,Cc1ccc(Cl)cc1,1405,u0,8191,qgeognn_v2_row_lcmd
c59aaf828d07e3ef6649,Cc1ccc(Cl)cc1,1406,u0,8191,qgeognn_v2_row_lcmd
1725cb0256c8ffcff22e,Cc1ccc(Cl)cc1,1407,u0,8191,qgeognn_v2_row_lcmd
e09460619a9bf3a79cd4,Cc1ccc(Cl)cc1,1408,u0,8191,qgeognn_v2_row_lcmd
46c735b7777de5b68d5b,Cc1ccc(Cl)cc1,1409,u0,8191,qgeognn_v2_row_lcmd
0176b6e3af99b142d3f8,Cc1ccc(Cl)cc1,1410,validation,8191,qgeognn_v2_row_lcmd
ca796e1439984837b964,Cc1ccc(Cl)cc1,1411,validation,8191,qgeognn_v2_row_lcmd
7a19ff191dfe91e75bb4,Cc1ccc(Cl)cc1,1412,u0,8191,qgeognn_v2_row_lcmd
df308aed7311226e9b70,Cc1ccc(Cl)cc1,1413,u0,8191,qgeognn_v2_row_lcmd
bea1372bb92556f2c23a,Cc1ccc(Cl)cc1,1414,u0,8191,qgeognn_v2_row_lcmd
3bf83269d0172e1f426c,Cc1ccc(Cl)cc1,1415,u0,8191,qgeognn_v2_row_lcmd
aa0073d23f28a1344e14,Cc1ccc(Cl)cc1,1416,u0,8191,qgeognn_v2_row_lcmd
8f170073161f4d02f8b5,Cc1ccc(Cl)cc1,1417,u0,8191,qgeognn_v2_row_lcmd
1ceb923575cea83c1edd,Cc1ccc(Cl)cc1,1418,u0,8191,qgeognn_v2_row_lcmd
af9980962627308f544c,Cc1ccc(Cl)cc1,1419,test,8191,qgeognn_v2_row_lcmd
90edf5eb827705968dda,Cc1ccc(Cl)cc1,1420,u0,8191,qgeognn_v2_row_lcmd
0d237551082adddcf7d6,Cc1ccc(Cl)cc1,1421,test,8191,qgeognn_v2_row_lcmd
d75058360a557a1bb4cb,Cc1ccc(Cl)cc1,1422,u0,8191,qgeognn_v2_row_lcmd
0c322a9024cb27b07137,Cc1ccc(Cl)cc1,1423,u0,8191,qgeognn_v2_row_lcmd
c86f06310e89b93ed6ac,O=Cc1ccccc1O,1424,test,8191,qgeognn_v2_row_lcmd
ff3ee95fed58907ff8b3,O=Cc1ccccc1O,1425,l0,8191,qgeognn_v2_row_lcmd
0e74da1f30505a8699c4,O=Cc1ccccc1O,1426,test,8191,qgeognn_v2_row_lcmd
739f955977aa740524e5,O=Cc1ccccc1O,1427,u0,8191,qgeognn_v2_row_lcmd
69be7348f9ab10739164,O=Cc1ccccc1O,1428,u0,8191,qgeognn_v2_row_lcmd
35a1d2abee0780ee1d48,O=Cc1ccccc1O,1429,u0,8191,qgeognn_v2_row_lcmd
8f1e0cc3cdc0e6164229,O=Cc1ccccc1O,1430,validation,8191,qgeognn_v2_row_lcmd
454eb2207b9abc0b2a6d,O=Cc1ccccc1O,1431,l0,8191,qgeognn_v2_row_lcmd
44fdbadc2762d6900093,O=Cc1ccccc1O,1432,u0,8191,qgeognn_v2_row_lcmd
a91850e587e062097c02,O=Cc1ccccc1O,1433,test,8191,qgeognn_v2_row_lcmd
61aca51ad135176924ec,O=Cc1ccccc1O,1434,u0,8191,qgeognn_v2_row_lcmd
d227db4f4b8fdca822d5,O=Cc1ccccc1O,1435,u0,8191,qgeognn_v2_row_lcmd
a35c364f4fd2ced1ec2e,O=Cc1ccccc1O,1436,u0,8191,qgeognn_v2_row_lcmd
04e162e0c1261108b4a0,O=Cc1ccccc1O,1437,u0,8191,qgeognn_v2_row_lcmd
70abe1d9543e6cae908e,O=Cc1ccccc1O,1438,l0,8191,qgeognn_v2_row_lcmd
f6b05afc9acf85dffb0f,O=Cc1ccccc1O,1439,u0,8191,qgeognn_v2_row_lcmd
905c8843dd27543205a5,O=Cc1ccccc1O,1440,test,8191,qgeognn_v2_row_lcmd
8de30a7f5764c20b232e,O=Cc1ccccc1O,1441,u0,8191,qgeognn_v2_row_lcmd
619663c2b3ffb3a6c497,O=Cc1ccccc1O,1442,u0,8191,qgeognn_v2_row_lcmd
f42cc6b0f90fad5c1f7f,O=Cc1ccccc1O,1443,u0,8191,qgeognn_v2_row_lcmd
d7b688cd2da99329d657,O=Cc1ccccc1O,1444,u0,8191,qgeognn_v2_row_lcmd
1c25c350b171450ed58f,N#Cc1ccccc1F,1445,u0,8191,qgeognn_v2_row_lcmd
0be315008cf0a051a356,N#Cc1ccccc1F,1446,u0,8191,qgeognn_v2_row_lcmd
d0bae432e3ede2ada257,N#Cc1ccccc1F,1447,u0,8191,qgeognn_v2_row_lcmd
222279d26e1ec91ce93e,N#Cc1ccccc1F,1448,u0,8191,qgeognn_v2_row_lcmd
d0fc62db0c7acbe64d84,N#Cc1ccccc1F,1449,test,8191,qgeognn_v2_row_lcmd
f0d01a802b42b748e6e2,N#Cc1ccccc1F,1450,validation,8191,qgeognn_v2_row_lcmd
c395b34d5d170a501543,N#Cc1ccccc1F,1451,u0,8191,qgeognn_v2_row_lcmd
595b6756e53ba1100289,N#Cc1ccccc1F,1452,u0,8191,qgeognn_v2_row_lcmd
df576d6e2e33250f1208,N#Cc1ccccc1F,1453,u0,8191,qgeognn_v2_row_lcmd
d17626bc1e62c46d095f,N#Cc1ccccc1F,1454,u0,8191,qgeognn_v2_row_lcmd
e91adf33d8e63498e304,N#Cc1ccccc1F,1455,validation,8191,qgeognn_v2_row_lcmd
062e85da36395276eb89,N#Cc1ccccc1F,1456,u0,8191,qgeognn_v2_row_lcmd
f4ec546ae74a4b3888df,N#Cc1ccccc1F,1457,validation,8191,qgeognn_v2_row_lcmd
b4e38c1386009c8311ab,N#Cc1ccccc1F,1458,l0,8191,qgeognn_v2_row_lcmd
0cb4dac3d2afc696843b,N#Cc1ccccc1F,1459,test,8191,qgeognn_v2_row_lcmd
30296d2e8c07c81b40a6,N#Cc1ccccc1F,1460,u0,8191,qgeognn_v2_row_lcmd
539544adb51a91c9a465,N#Cc1ccccc1F,1461,u0,8191,qgeognn_v2_row_lcmd
54a23aa9aaa695bdc06b,N#Cc1ccccc1F,1462,u0,8191,qgeognn_v2_row_lcmd
fe212637596386c24049,N#Cc1ccccc1F,1463,u0,8191,qgeognn_v2_row_lcmd
4e417c41d918e49abba1,N#Cc1ccccc1F,1464,validation,8191,qgeognn_v2_row_lcmd
741f33ecf2e66f9958fd,N#Cc1ccccc1F,1465,u0,8191,qgeognn_v2_row_lcmd
4fd617ffb65c4435f9bb,c1ccc(COCc2ccccc2)cc1,1466,u0,8191,qgeognn_v2_row_lcmd
163f6f0793f0d13950de,c1ccc(COCc2ccccc2)cc1,1467,validation,8191,qgeognn_v2_row_lcmd
281fe631ac69f68cb898,c1ccc(COCc2ccccc2)cc1,1468,validation,8191,qgeognn_v2_row_lcmd
3f81ba81d5def13e1c3a,c1ccc(COCc2ccccc2)cc1,1469,test,8191,qgeognn_v2_row_lcmd
5b714c28453408ad4d6c,c1ccc(COCc2ccccc2)cc1,1470,u0,8191,qgeognn_v2_row_lcmd
939be3a540b83b211d96,c1ccc(COCc2ccccc2)cc1,1471,u0,8191,qgeognn_v2_row_lcmd
0f005bd03824729cc816,c1ccc(COCc2ccccc2)cc1,1472,u0,8191,qgeognn_v2_row_lcmd
ccd4696426ee1e15be39,c1ccc(COCc2ccccc2)cc1,1473,u0,8191,qgeognn_v2_row_lcmd
acf3614a88c9e905e2d2,c1ccc(COCc2ccccc2)cc1,1474,u0,8191,qgeognn_v2_row_lcmd
2554340571aee1a00fef,c1ccc(COCc2ccccc2)cc1,1475,u0,8191,qgeognn_v2_row_lcmd
93dec4e70431268ebbc3,c1ccc(COCc2ccccc2)cc1,1476,validation,8191,qgeognn_v2_row_lcmd
368328d329ceec73c0ab,c1ccc(COCc2ccccc2)cc1,1477,l0,8191,qgeognn_v2_row_lcmd
27c21665105a4679a090,c1ccc(COCc2ccccc2)cc1,1478,u0,8191,qgeognn_v2_row_lcmd
bd23cfc20bb355e0a55e,c1ccc(COCc2ccccc2)cc1,1479,u0,8191,qgeognn_v2_row_lcmd
e8d25b0f93b5bcf88daf,c1ccc(COCc2ccccc2)cc1,1480,u0,8191,qgeognn_v2_row_lcmd
a87c513db4c6ac748d81,c1ccc(COCc2ccccc2)cc1,1481,u0,8191,qgeognn_v2_row_lcmd
28ade707bfe458664f60,c1ccc(COCc2ccccc2)cc1,1482,u0,8191,qgeognn_v2_row_lcmd
fa7b8202df1e985c228c,c1ccc(COCc2ccccc2)cc1,1483,u0,8191,qgeognn_v2_row_lcmd
5af6c421ec2f60487c59,c1ccc(COCc2ccccc2)cc1,1484,u0,8191,qgeognn_v2_row_lcmd
185b059eb1bfc13b1497,c1ccc(COCc2ccccc2)cc1,1485,test,8191,qgeognn_v2_row_lcmd
96ab5d3f34bf46cba8c0,c1ccc(COCc2ccccc2)cc1,1486,u0,8191,qgeognn_v2_row_lcmd
18a189c89f59ac1d5a9f,c1ccc(CNCc2ccccc2)cc1,1487,validation,8191,qgeognn_v2_row_lcmd
ab4326dd3bd3b0e07f81,c1ccc(CNCc2ccccc2)cc1,1488,u0,8191,qgeognn_v2_row_lcmd
dee9f600ff021919b9d2,c1ccc(CNCc2ccccc2)cc1,1489,test,8191,qgeognn_v2_row_lcmd
ebf38d80f4c5674cf120,c1ccc(CNCc2ccccc2)cc1,1490,u0,8191,qgeognn_v2_row_lcmd
6a11b71a3fb682d5f6da,c1ccc(CNCc2ccccc2)cc1,1491,u0,8191,qgeognn_v2_row_lcmd
f1aa9023d49cdbe2d409,c1ccc(CNCc2ccccc2)cc1,1492,test,8191,qgeognn_v2_row_lcmd
f6c49d6bc4b677f17278,c1ccc(CNCc2ccccc2)cc1,1493,u0,8191,qgeognn_v2_row_lcmd
6defbf00ecb558b77d50,c1ccc(CNCc2ccccc2)cc1,1494,validation,8191,qgeognn_v2_row_lcmd
e0f2b47154fd134db700,c1ccc(CNCc2ccccc2)cc1,1495,u0,8191,qgeognn_v2_row_lcmd
d5234e966aa231be05e5,c1ccc(CNCc2ccccc2)cc1,1496,u0,8191,qgeognn_v2_row_lcmd
252c027cf5a42b92c953,c1ccc(CNCc2ccccc2)cc1,1497,u0,8191,qgeognn_v2_row_lcmd
89d752b5a7f7c8d0b91e,c1ccc(CNCc2ccccc2)cc1,1498,u0,8191,qgeognn_v2_row_lcmd
70cba7a21b5a01fb8e73,c1ccc(CNCc2ccccc2)cc1,1499,u0,8191,qgeognn_v2_row_lcmd
942b8fc9cf013acda52b,c1ccc(CNCc2ccccc2)cc1,1500,u0,8191,qgeognn_v2_row_lcmd
9f2d5137dc74e98c0f59,CC(C)=CCC/C(C)=C/C=O,1501,validation,8191,qgeognn_v2_row_lcmd
3bb54d92fcc3ef0fc388,CC(C)=CCC/C(C)=C/C=O,1502,u0,8191,qgeognn_v2_row_lcmd
d2b4c39faa51bb75bbfb,CC(C)=CCC/C(C)=C/C=O,1503,u0,8191,qgeognn_v2_row_lcmd
e4202a81051e7245d311,CC(C)=CCC/C(C)=C/C=O,1504,validation,8191,qgeognn_v2_row_lcmd
d83038f8278f7c0745ee,CC(C)=CCC/C(C)=C/C=O,1505,u0,8191,qgeognn_v2_row_lcmd
9aa141b690ed5878facd,CC(C)=CCC/C(C)=C/C=O,1506,u0,8191,qgeognn_v2_row_lcmd
59bbda2fab97a5d45827,CC(C)=CCC/C(C)=C/C=O,1507,u0,8191,qgeognn_v2_row_lcmd
1934e3f2ee65da718096,CC(C)=CCC/C(C)=C/C=O,1508,u0,8191,qgeognn_v2_row_lcmd
23dcf709250c2a40f363,CC(C)=CCC/C(C)=C/C=O,1509,u0,8191,qgeognn_v2_row_lcmd
702ba575d6a3442b9a3b,CC(C)=CCC/C(C)=C/C=O,1510,u0,8191,qgeognn_v2_row_lcmd
2e181a70e997f2b6d728,CC(C)=CCC/C(C)=C/C=O,1511,u0,8191,qgeognn_v2_row_lcmd
e83cbe662d2235b30b7e,CC(C)=CCC/C(C)=C/C=O,1512,u0,8191,qgeognn_v2_row_lcmd
30970941542856ce8eb1,CC(C)=CCC/C(C)=C/C=O,1513,u0,8191,qgeognn_v2_row_lcmd
4ec77f604fa08f281ef7,CC(C)=CCC/C(C)=C/C=O,1514,validation,8191,qgeognn_v2_row_lcmd
87d4aa727f2254c554ac,CC(C)=CCC/C(C)=C/C=O,1515,validation,8191,qgeognn_v2_row_lcmd
f7f0c7d2b8250e0e304f,CC(C)=CCC/C(C)=C/C=O,1516,u0,8191,qgeognn_v2_row_lcmd
6e17f8e15aa8fdd6a9ea,CC(C)=CCC/C(C)=C/C=O,1517,u0,8191,qgeognn_v2_row_lcmd
c5b88ffca991e883ab64,CC(C)=CCC/C(C)=C/C=O,1518,validation,8191,qgeognn_v2_row_lcmd
c476eca5614cf9aa12d8,CC(C)=CCC/C(C)=C/C=O,1519,u0,8191,qgeognn_v2_row_lcmd
cdc8c1db00222994a1aa,CC(C)=CCC/C(C)=C/C=O,1520,u0,8191,qgeognn_v2_row_lcmd
0d588f7534b7a34cb10a,CC(C)=CCC/C(C)=C/C=O,1521,u0,8191,qgeognn_v2_row_lcmd
14dc81246b3b3534f02e,O=CCCc1ccccc1,1522,test,8191,qgeognn_v2_row_lcmd
d3a29a00f9598ff32b63,O=CCCc1ccccc1,1523,u0,8191,qgeognn_v2_row_lcmd
19ed94b603c3b308ed84,O=CCCc1ccccc1,1524,u0,8191,qgeognn_v2_row_lcmd
15d8f95d4b819c97c0d5,O=CCCc1ccccc1,1525,validation,8191,qgeognn_v2_row_lcmd
027b7d451aac1352bf4d,O=CCCc1ccccc1,1526,test,8191,qgeognn_v2_row_lcmd
91cfc8dea2bbc442bd64,O=CCCc1ccccc1,1527,l0,8191,qgeognn_v2_row_lcmd
202f160a755943def039,O=CCCc1ccccc1,1528,u0,8191,qgeognn_v2_row_lcmd
5dd0bf9c0adf9297859a,O=CCCc1ccccc1,1529,u0,8191,qgeognn_v2_row_lcmd
7296174cea3ffd8ac464,O=CCCc1ccccc1,1530,u0,8191,qgeognn_v2_row_lcmd
a6a0a963d4846bf4e4b9,O=CCCc1ccccc1,1531,u0,8191,qgeognn_v2_row_lcmd
235263d562c30a614801,O=CCCc1ccccc1,1532,u0,8191,qgeognn_v2_row_lcmd
64183c43d0683f720535,O=CCCc1ccccc1,1533,test,8191,qgeognn_v2_row_lcmd
e2364c2febf76c017308,O=CCCc1ccccc1,1534,u0,8191,qgeognn_v2_row_lcmd
cdd3b7758b3405a7b53f,O=CCCc1ccccc1,1535,l0,8191,qgeognn_v2_row_lcmd
1a53d7b807a4a60e963e,O=CCCc1ccccc1,1536,u0,8191,qgeognn_v2_row_lcmd
d04db9386313746ba5e3,O=CCCc1ccccc1,1537,u0,8191,qgeognn_v2_row_lcmd
eb8fe82f34df6bf3ff38,O=CCCc1ccccc1,1538,u0,8191,qgeognn_v2_row_lcmd
7ee133012cffc506cac5,O=CCCc1ccccc1,1539,test,8191,qgeognn_v2_row_lcmd
8cdde884333140be60cb,O=CCCc1ccccc1,1540,u0,8191,qgeognn_v2_row_lcmd
cf5c7a2e1940e3c09dd5,O=CCCc1ccccc1,1541,u0,8191,qgeognn_v2_row_lcmd
1ac98da1ee548520f15b,C=CC(=O)O[C@@H]1C[C@H]2CC[C@]1(C)C2(C)C,1542,u0,8191,qgeognn_v2_row_lcmd
fae79bab43155a52988f,C=CC(=O)O[C@@H]1C[C@H]2CC[C@]1(C)C2(C)C,1543,validation,8191,qgeognn_v2_row_lcmd
208139770ae1a480855b,C=CC(=O)O[C@@H]1C[C@H]2CC[C@]1(C)C2(C)C,1544,u0,8191,qgeognn_v2_row_lcmd
2928443b881ac6713786,C=CC(=O)O[C@@H]1C[C@H]2CC[C@]1(C)C2(C)C,1545,u0,8191,qgeognn_v2_row_lcmd
1a462e0cc4fc1474a76c,C=CC(=O)O[C@@H]1C[C@H]2CC[C@]1(C)C2(C)C,1546,test,8191,qgeognn_v2_row_lcmd
59192e4170140e48acdd,C=CC(=O)O[C@@H]1C[C@H]2CC[C@]1(C)C2(C)C,1547,l0,8191,qgeognn_v2_row_lcmd
8c8922eada2018f59953,C=CC(=O)O[C@@H]1C[C@H]2CC[C@]1(C)C2(C)C,1548,u0,8191,qgeognn_v2_row_lcmd
080d48745df734a5a39d,C=CC(=O)O[C@@H]1C[C@H]2CC[C@]1(C)C2(C)C,1549,l0,8191,qgeognn_v2_row_lcmd
33fe75ab7a516644119f,C=CC(=O)O[C@@H]1C[C@H]2CC[C@]1(C)C2(C)C,1550,u0,8191,qgeognn_v2_row_lcmd
34b6f9955044e17d887e,C=CC(=O)O[C@@H]1C[C@H]2CC[C@]1(C)C2(C)C,1551,u0,8191,qgeognn_v2_row_lcmd
3f6f05dfc832d4816177,C=CC(=O)O[C@@H]1C[C@H]2CC[C@]1(C)C2(C)C,1552,l0,8191,qgeognn_v2_row_lcmd
90ae8e9fe447f6a79598,C=CC(=O)O[C@@H]1C[C@H]2CC[C@]1(C)C2(C)C,1553,u0,8191,qgeognn_v2_row_lcmd
754baa7688e8c45c8ea8,C=CC(=O)O[C@@H]1C[C@H]2CC[C@]1(C)C2(C)C,1554,u0,8191,qgeognn_v2_row_lcmd
cef2e794508403355c31,C=CC(=O)O[C@@H]1C[C@H]2CC[C@]1(C)C2(C)C,1555,validation,8191,qgeognn_v2_row_lcmd
cd7ac6881cd138aaeb8a,C=CC(=O)O[C@@H]1C[C@H]2CC[C@]1(C)C2(C)C,1556,u0,8191,qgeognn_v2_row_lcmd
8aeb3c33c4cded8425b9,C=CC(=O)O[C@@H]1C[C@H]2CC[C@]1(C)C2(C)C,1557,u0,8191,qgeognn_v2_row_lcmd
ad807b2c1c0eaeab64ff,C=CC(=O)O[C@@H]1C[C@H]2CC[C@]1(C)C2(C)C,1558,l0,8191,qgeognn_v2_row_lcmd
fda7c636d3595263aa76,C=CC(=O)O[C@@H]1C[C@H]2CC[C@]1(C)C2(C)C,1559,u0,8191,qgeognn_v2_row_lcmd
96840797cfdea44e1467,C=CC(=O)O[C@@H]1C[C@H]2CC[C@]1(C)C2(C)C,1560,validation,8191,qgeognn_v2_row_lcmd
6757824312738e94bd8e,C=CC(=O)O[C@@H]1C[C@H]2CC[C@]1(C)C2(C)C,1561,l0,8191,qgeognn_v2_row_lcmd
2b266fc41757f88e8b09,C=CC(=O)O[C@@H]1C[C@H]2CC[C@]1(C)C2(C)C,1562,u0,8191,qgeognn_v2_row_lcmd
8ec4b6e02bfa948a790c,C=CC(=O)OCCOC,1563,u0,8191,qgeognn_v2_row_lcmd
11f1d1ead8bfb4600086,C=CC(=O)OCCOC,1564,u0,8191,qgeognn_v2_row_lcmd
d903ad6791c65abe7c09,C=CC(=O)OCCOC,1565,u0,8191,qgeognn_v2_row_lcmd
66e8febca8812396280d,C=CC(=O)OCCOC,1566,test,8191,qgeognn_v2_row_lcmd
59077fee5632336c199c,C=CC(=O)OCCOC,1567,u0,8191,qgeognn_v2_row_lcmd
a6ea2935fcde0150f1f8,C=CC(=O)OCCOC,1568,u0,8191,qgeognn_v2_row_lcmd
3b41addf80b8138137db,C=CC(=O)OCCOC,1569,l0,8191,qgeognn_v2_row_lcmd
9477a123ce00501a8d98,C=CC(=O)OCCOC,1570,u0,8191,qgeognn_v2_row_lcmd
65e1a58ab8e4aa2f1eb6,C=CC(=O)OCCOC,1571,u0,8191,qgeognn_v2_row_lcmd
fc452a2ea628a6c49dee,C=CC(=O)OCCOC,1572,u0,8191,qgeognn_v2_row_lcmd
c86b03e1b275528444a6,C=CC(=O)OCCOC,1573,u0,8191,qgeognn_v2_row_lcmd
a1a20c44f0f897b9626c,C=CC(=O)OCCOC,1574,u0,8191,qgeognn_v2_row_lcmd
5695d3c04943153386bb,C=CC(=O)OCCOC,1575,test,8191,qgeognn_v2_row_lcmd
374b71ac526fe1051993,C=CC(=O)OCCOC,1576,u0,8191,qgeognn_v2_row_lcmd
22214579a593fa764fe8,C=CC(=O)OCCOC,1577,validation,8191,qgeognn_v2_row_lcmd
eb8b6cf47ad0190aa196,C=C(c1ccccc1)c1ccccc1,1578,u0,8191,qgeognn_v2_row_lcmd
6325c295ee77a229bbdc,C=C(c1ccccc1)c1ccccc1,1579,u0,8191,qgeognn_v2_row_lcmd
0d16b0a631dd0d2eda1a,C=C(c1ccccc1)c1ccccc1,1580,u0,8191,qgeognn_v2_row_lcmd
af6db317d4d7b95cf834,C=C(c1ccccc1)c1ccccc1,1581,test,8191,qgeognn_v2_row_lcmd
0e6e193d74ba48307bc4,C=C(c1ccccc1)c1ccccc1,1582,u0,8191,qgeognn_v2_row_lcmd
dbbc2379c8fb4e64f3d6,C=C(c1ccccc1)c1ccccc1,1583,u0,8191,qgeognn_v2_row_lcmd
989279e3f6c1e21ed76a,C=C(c1ccccc1)c1ccccc1,1584,u0,8191,qgeognn_v2_row_lcmd
ea1874a662c73bfda983,C=C(c1ccccc1)c1ccccc1,1585,u0,8191,qgeognn_v2_row_lcmd
7ab0369db81efef641bb,C=C(c1ccccc1)c1ccccc1,1586,u0,8191,qgeognn_v2_row_lcmd
96e2a1d09455ab764721,C=C(c1ccccc1)c1ccccc1,1587,u0,8191,qgeognn_v2_row_lcmd
7a19769804964197b799,C=C(c1ccccc1)c1ccccc1,1588,u0,8191,qgeognn_v2_row_lcmd
900295e562628f120b92,C=C(c1ccccc1)c1ccccc1,1589,u0,8191,qgeognn_v2_row_lcmd
c27a012f2bf336bbde03,C=C(c1ccccc1)c1ccccc1,1590,u0,8191,qgeognn_v2_row_lcmd
732d578f2621b56cc5de,C=C(c1ccccc1)c1ccccc1,1591,u0,8191,qgeognn_v2_row_lcmd
be2d8614d178068a6f1e,C=C(c1ccccc1)c1ccccc1,1592,u0,8191,qgeognn_v2_row_lcmd
3bac976904bce39c77a9,C=C(c1ccccc1)c1ccccc1,1593,u0,8191,qgeognn_v2_row_lcmd
fc5fa646f4ee783c186a,C=C(c1ccccc1)c1ccccc1,1594,u0,8191,qgeognn_v2_row_lcmd
a40529b9fd2969cce106,C=C(c1ccccc1)c1ccccc1,1595,u0,8191,qgeognn_v2_row_lcmd
f6434c0252609ae44f66,C=C(c1ccccc1)c1ccccc1,1596,u0,8191,qgeognn_v2_row_lcmd
258fba623c2f3e812f54,C=C(c1ccccc1)c1ccccc1,1597,l0,8191,qgeognn_v2_row_lcmd
d1093ff4ef84f3dc68c3,C=C(c1ccccc1)c1ccccc1,1598,u0,8191,qgeognn_v2_row_lcmd
98dd7f94e58da879b609,Fc1cc(F)c(F)c(F)c1F,1599,u0,8191,qgeognn_v2_row_lcmd
72113bad4beb4e7b8852,Fc1cc(F)c(F)c(F)c1F,1600,u0,8191,qgeognn_v2_row_lcmd
66454b90cefcad2e4125,Fc1cc(F)c(F)c(F)c1F,1601,u0,8191,qgeognn_v2_row_lcmd
7412eddb17268ce380c7,Fc1cc(F)c(F)c(F)c1F,1602,u0,8191,qgeognn_v2_row_lcmd
bd2d2667de61e29eaea3,Fc1cc(F)c(F)c(F)c1F,1603,u0,8191,qgeognn_v2_row_lcmd
011d2598865d3a81a17d,Fc1cc(F)c(F)c(F)c1F,1604,l0,8191,qgeognn_v2_row_lcmd
cd3c75eca39365e943e4,Fc1cc(F)c(F)c(F)c1F,1605,u0,8191,qgeognn_v2_row_lcmd
c63ed0daca6f4e0f5c52,Fc1cc(F)c(F)c(F)c1F,1606,u0,8191,qgeognn_v2_row_lcmd
27f29e20ad7b3f90539d,Fc1cc(F)c(F)c(F)c1F,1607,u0,8191,qgeognn_v2_row_lcmd
c11cd3254f56bcefba08,Fc1cc(F)c(F)c(F)c1F,1608,u0,8191,qgeognn_v2_row_lcmd
f2a71cf81760d14bc8cf,Fc1cc(F)c(F)c(F)c1F,1609,u0,8191,qgeognn_v2_row_lcmd
b74e52e34e191277dd69,Fc1cc(F)c(F)c(F)c1F,1610,u0,8191,qgeognn_v2_row_lcmd
ce2b3297b07008700156,Fc1cc(F)c(F)c(F)c1F,1611,test,8191,qgeognn_v2_row_lcmd
e6bb62e22d0626fdef09,Fc1cc(F)c(F)c(F)c1F,1612,test,8191,qgeognn_v2_row_lcmd
70128b3aa68fb18aa17c,Fc1cc(F)c(F)c(F)c1F,1613,u0,8191,qgeognn_v2_row_lcmd
4cacfd98f3f85dc0dc0e,Fc1cc(F)c(F)c(F)c1F,1614,u0,8191,qgeognn_v2_row_lcmd
2a14de0306254a123d5d,Fc1cc(F)c(F)c(F)c1F,1615,u0,8191,qgeognn_v2_row_lcmd
cab3569f3fc4029f86a0,Fc1cc(F)c(F)c(F)c1F,1616,test,8191,qgeognn_v2_row_lcmd
8fa8d7ec035c6a829dc4,Fc1cc(F)c(F)c(F)c1F,1617,l0,8191,qgeognn_v2_row_lcmd
ff8fce8e929a75d6fb8d,Fc1cc(F)c(F)c(F)c1F,1618,u0,8191,qgeognn_v2_row_lcmd
ce9886eee330bc401615,Fc1cc(F)c(F)c(F)c1F,1619,validation,8191,qgeognn_v2_row_lcmd
1c1c697966476d639479,CCOC(=O)CBr,1620,u0,8191,qgeognn_v2_row_lcmd
f02e9fb71b1116b89e05,CCOC(=O)CBr,1621,l0,8191,qgeognn_v2_row_lcmd
7edab67bc020beb2b623,CCOC(=O)CBr,1622,test,8191,qgeognn_v2_row_lcmd
877351d38f0e0f4edce6,CCOC(=O)CBr,1623,u0,8191,qgeognn_v2_row_lcmd
2efbe9ba7cc21641c47c,CCOC(=O)CBr,1624,u0,8191,qgeognn_v2_row_lcmd
d9b23f64a364678f2720,CCOC(=O)CBr,1625,u0,8191,qgeognn_v2_row_lcmd
080df98aa049d56f1236,CCOC(=O)CBr,1626,u0,8191,qgeognn_v2_row_lcmd
dd7b5675d35297fb2cf2,CCOC(=O)CBr,1627,test,8191,qgeognn_v2_row_lcmd
8e2fabed04cc3bc8319a,CCOC(=O)CBr,1628,test,8191,qgeognn_v2_row_lcmd
f0d2230c79eda39db06c,CCOC(=O)CBr,1629,validation,8191,qgeognn_v2_row_lcmd
6691aaf598ee5504e24b,CCOC(=O)CBr,1630,u0,8191,qgeognn_v2_row_lcmd
bbf1e6602fcae6dc3ae9,CCOC(=O)CBr,1631,u0,8191,qgeognn_v2_row_lcmd
ec370c627cf5c3e9f7e1,CCOC(=O)CBr,1632,u0,8191,qgeognn_v2_row_lcmd
43752c7d1a89edff7085,CCOC(=O)CBr,1633,u0,8191,qgeognn_v2_row_lcmd
0ba43ba29f985985f6d9,CCOC(=O)CBr,1634,u0,8191,qgeognn_v2_row_lcmd
4fb9ed22740e65acea1e,CCOC(=O)CBr,1635,u0,8191,qgeognn_v2_row_lcmd
002e7e7e502b97792a71,CCOC(=O)CBr,1636,u0,8191,qgeognn_v2_row_lcmd
e0025d6dd53a95286dd3,CCOC(=O)CBr,1637,u0,8191,qgeognn_v2_row_lcmd
9f2c033ca3b34b46ac99,CCOC(=O)CBr,1638,l0,8191,qgeognn_v2_row_lcmd
76afed5c6eacb2ec8cd1,CCOC(=O)CBr,1639,u0,8191,qgeognn_v2_row_lcmd
a0b74d39650c8173ca91,CCOC(=O)CBr,1640,test,8191,qgeognn_v2_row_lcmd
4ddd14f2082d54ab9a30,CC(Br)C(=O)O,1641,u0,8191,qgeognn_v2_row_lcmd
fb031b748f1f5a8cc89e,CC(Br)C(=O)O,1642,u0,8191,qgeognn_v2_row_lcmd
cd33bc1895c4acb28189,CC(Br)C(=O)O,1643,test,8191,qgeognn_v2_row_lcmd
5e2f71c50a4ccaa1b83e,CC(Br)C(=O)O,1644,u0,8191,qgeognn_v2_row_lcmd
77aca3cfa4edafa6e181,CC(Br)C(=O)O,1645,test,8191,qgeognn_v2_row_lcmd
742735a20e3a21be6d2c,CC(Br)C(=O)O,1646,u0,8191,qgeognn_v2_row_lcmd
47400540be3a56b2328b,CC(Br)C(=O)O,1647,u0,8191,qgeognn_v2_row_lcmd
22fc04337abf53335eb8,CC(Br)C(=O)O,1648,u0,8191,qgeognn_v2_row_lcmd
afa524cfde2942b8e9de,CC(Br)C(=O)O,1649,test,8191,qgeognn_v2_row_lcmd
5cc67d02b8fad1c648d6,CC(Br)C(=O)O,1650,u0,8191,qgeognn_v2_row_lcmd
fc47eff9bc6b7be6c207,CC(Br)C(=O)O,1651,u0,8191,qgeognn_v2_row_lcmd
d7bff2b52f60b5fad4bd,CC(Br)C(=O)O,1652,test,8191,qgeognn_v2_row_lcmd
9409394cdc0bcfb31fbc,CC(Br)C(=O)O,1653,u0,8191,qgeognn_v2_row_lcmd
d43d692e19100ebe5646,CC(Br)C(=O)O,1654,u0,8191,qgeognn_v2_row_lcmd
4c544dce3570699bcb17,CC(Br)C(=O)O,1655,l0,8191,qgeognn_v2_row_lcmd
b24f66ff77974f8ba6e1,CC(Br)C(=O)O,1656,u0,8191,qgeognn_v2_row_lcmd
e6605c23fb1943a6b848,CC(Br)C(=O)O,1657,u0,8191,qgeognn_v2_row_lcmd
53a9a2469f8d4ead8732,CC(Br)C(=O)O,1658,u0,8191,qgeognn_v2_row_lcmd
129036e0bccc4ff7e848,CC(Br)C(=O)O,1659,u0,8191,qgeognn_v2_row_lcmd
f180b04a7fd838088661,Cc1ccc(C)cc1,1660,u0,8191,qgeognn_v2_row_lcmd
6d9732a794f436a1207a,Cc1ccc(C)cc1,1661,u0,8191,qgeognn_v2_row_lcmd
a1ee103259cc79515683,Cc1ccc(C)cc1,1662,validation,8191,qgeognn_v2_row_lcmd
4d79215a1f24e42e5eb5,Cc1ccc(C)cc1,1663,u0,8191,qgeognn_v2_row_lcmd
4ffa7c3e19fe33d7522f,Cc1ccc(C)cc1,1664,u0,8191,qgeognn_v2_row_lcmd
8f3710fb6d8508ff6528,Cc1ccc(C)cc1,1665,l0,8191,qgeognn_v2_row_lcmd
a7a814c9db59a62411a2,Cc1ccc(C)cc1,1666,u0,8191,qgeognn_v2_row_lcmd
27d50c1737f7940b2ab7,Cc1ccc(C)cc1,1667,l0,8191,qgeognn_v2_row_lcmd
5cc672fc502a8346577f,Cc1ccc(C)cc1,1668,u0,8191,qgeognn_v2_row_lcmd
ddd5e2937210f3295a06,Cc1ccc(C)cc1,1669,u0,8191,qgeognn_v2_row_lcmd
7f0b8bf9b1432450687f,Cc1ccc(C)cc1,1670,u0,8191,qgeognn_v2_row_lcmd
469630617554d93aef66,Cc1ccc(C)cc1,1671,u0,8191,qgeognn_v2_row_lcmd
8731a055ceb3dcab96f2,Cc1ccc(C)cc1,1672,u0,8191,qgeognn_v2_row_lcmd
2423d87305c35ea1330f,Cc1ccc(C)cc1,1673,u0,8191,qgeognn_v2_row_lcmd
69d0e1af4cc1f7d20547,Cc1ccc(C)cc1,1674,test,8191,qgeognn_v2_row_lcmd
faf590d8931af48e6f22,Cc1ccc(C)cc1,1675,u0,8191,qgeognn_v2_row_lcmd
0e5ec8a2cbdfe50daf83,Cc1ccc(C)cc1,1676,u0,8191,qgeognn_v2_row_lcmd
d67e9d7ab3d31da22c8d,Cc1ccc(C)cc1,1677,u0,8191,qgeognn_v2_row_lcmd
16bd5f5c29620f2863e9,Cc1ccc(C)cc1,1678,u0,8191,qgeognn_v2_row_lcmd
a16ecc09425499030fbe,Cc1ccc(C)cc1,1679,u0,8191,qgeognn_v2_row_lcmd
592318a94c7b0ce1eb88,Cc1ccc(C)cc1,1680,u0,8191,qgeognn_v2_row_lcmd
18027828dc8e021e6926,C=CC(=O)OCC(CC)CCCC,1681,validation,8191,qgeognn_v2_row_lcmd
dd12114cad5ecbbef4df,C=CC(=O)OCC(CC)CCCC,1682,u0,8191,qgeognn_v2_row_lcmd
a9aa61b1ba22e0c6cdbe,C=CC(=O)OCC(CC)CCCC,1683,test,8191,qgeognn_v2_row_lcmd
ed2525492f2a0a996a89,C=CC(=O)OCC(CC)CCCC,1684,u0,8191,qgeognn_v2_row_lcmd
662cdf5c5a8b351d8584,C=CC(=O)OCC(CC)CCCC,1685,u0,8191,qgeognn_v2_row_lcmd
8e0b31ca5aab2cb9dbca,C=CC(=O)OCC(CC)CCCC,1686,test,8191,qgeognn_v2_row_lcmd
f8ba789d95ccdd44a5dc,C=CC(=O)OCC(CC)CCCC,1687,u0,8191,qgeognn_v2_row_lcmd
e26240a17ba84592c665,C=CC(=O)OCC(CC)CCCC,1688,u0,8191,qgeognn_v2_row_lcmd
e601b93370a58e5bc85a,C=CC(=O)OCC(CC)CCCC,1689,test,8191,qgeognn_v2_row_lcmd
66f42d226a5f7e934a86,C=CC(=O)OCC(CC)CCCC,1690,l0,8191,qgeognn_v2_row_lcmd
33b6c8de250498f05946,C=CC(=O)OCC(CC)CCCC,1691,test,8191,qgeognn_v2_row_lcmd
9a9627d205eae0e13a18,C=CC(=O)OCC(CC)CCCC,1692,test,8191,qgeognn_v2_row_lcmd
6e8ead149f723c45ae87,C=CC(=O)OCC(CC)CCCC,1693,test,8191,qgeognn_v2_row_lcmd
2e07c48e8a35741ba001,C=CC(=O)OCC(CC)CCCC,1694,u0,8191,qgeognn_v2_row_lcmd
b6cc56c52476d7eccce6,C=CC(=O)OCC(CC)CCCC,1695,l0,8191,qgeognn_v2_row_lcmd
199a9e57ec9b13740002,C=CC(=O)OCC(CC)CCCC,1696,u0,8191,qgeognn_v2_row_lcmd
fd1f64e4a600c1da7a51,C=CC(=O)OCC(CC)CCCC,1697,u0,8191,qgeognn_v2_row_lcmd
074316ec711541809840,C=CC(=O)OCC(CC)CCCC,1698,u0,8191,qgeognn_v2_row_lcmd
97fe38c6942b67ea70b2,C=CC(=O)OCC(CC)CCCC,1699,u0,8191,qgeognn_v2_row_lcmd
9130f4b77d0dd317c282,C=CC(=O)OCC(CC)CCCC,1700,u0,8191,qgeognn_v2_row_lcmd
5521fc40da3618079f6a,C=CC(=O)OCC(CC)CCCC,1701,u0,8191,qgeognn_v2_row_lcmd
8caaa3c9c24903be7feb,C=CC(=O)OCC(F)(F)F,1702,u0,8191,qgeognn_v2_row_lcmd
cceed97177282611f5d2,C=CC(=O)OCC(F)(F)F,1703,u0,8191,qgeognn_v2_row_lcmd
c4b580f549c5ce3a5ad9,C=CC(=O)OCC(F)(F)F,1704,test,8191,qgeognn_v2_row_lcmd
ac7b6da4fe0aa688137b,C=CC(=O)OCC(F)(F)F,1705,test,8191,qgeognn_v2_row_lcmd
8ba20040f2501c52bfa0,C=CC(=O)OCC(F)(F)F,1706,u0,8191,qgeognn_v2_row_lcmd
28909b3d657af9f4764c,C=CC(=O)OCC(F)(F)F,1707,u0,8191,qgeognn_v2_row_lcmd
507180636a2cd426f1fc,C=CC(=O)OCC(F)(F)F,1708,u0,8191,qgeognn_v2_row_lcmd
652e37f6b7342c913506,C=CC(=O)OCC(F)(F)F,1709,u0,8191,qgeognn_v2_row_lcmd
97be17292620713a15c8,C=CC(=O)OCC(F)(F)F,1710,u0,8191,qgeognn_v2_row_lcmd
071fc2962498be2a0922,C=CC(=O)OCC(F)(F)F,1711,u0,8191,qgeognn_v2_row_lcmd
0bdf4a7ec97a56adeb40,C=CC(=O)OCC(F)(F)F,1712,u0,8191,qgeognn_v2_row_lcmd
4d941530620130751e91,C=CC(=O)OCC(F)(F)F,1713,u0,8191,qgeognn_v2_row_lcmd
d1ec836ef828ebbf94ad,C=CC(=O)OCC(F)(F)F,1714,u0,8191,qgeognn_v2_row_lcmd
538a434017b0e099f054,C=CC(=O)OCC(F)(F)F,1715,u0,8191,qgeognn_v2_row_lcmd
d6b28f60f89677468590,C=CC(=O)OCC(F)(F)F,1716,u0,8191,qgeognn_v2_row_lcmd
81506810413492ce89ec,C=CC(=O)OCC(F)(F)F,1717,u0,8191,qgeognn_v2_row_lcmd
6cfbe3ab4c27733a07b6,C=CC(=O)OCC(F)(F)F,1718,u0,8191,qgeognn_v2_row_lcmd
3f51f959f0d663b61716,C=CC(=O)OCC(F)(F)F,1719,u0,8191,qgeognn_v2_row_lcmd
d01d365af220241485ec,C=CC(=O)OCC(F)(F)F,1720,u0,8191,qgeognn_v2_row_lcmd
946f712a81f3990f568f,C=CC(=O)OCC(F)(F)F,1721,validation,8191,qgeognn_v2_row_lcmd
fdf997fba3a74c11f802,C=CC(=O)OCC(F)(F)F,1722,u0,8191,qgeognn_v2_row_lcmd
68c511d842fc030aa84b,C=CC(=O)OCCCCCCCCCCCC,1723,u0,8191,qgeognn_v2_row_lcmd
d997636736faa38ac83a,C=CC(=O)OCCCCCCCCCCCC,1724,u0,8191,qgeognn_v2_row_lcmd
8e17cb06a37c48cc9ab5,C=CC(=O)OCCCCCCCCCCCC,1725,u0,8191,qgeognn_v2_row_lcmd
5265c3d2f02abb35e86e,C=CC(=O)OCCCCCCCCCCCC,1726,u0,8191,qgeognn_v2_row_lcmd
2631e65cfde93b7bbd64,C=CC(=O)OCCCCCCCCCCCC,1727,l0,8191,qgeognn_v2_row_lcmd
9919de6ba79bfdeb065e,C=CC(=O)OCCCCCCCCCCCC,1728,test,8191,qgeognn_v2_row_lcmd
c63dec7fc76d8e529022,C=CC(=O)OCCCCCCCCCCCC,1729,u0,8191,qgeognn_v2_row_lcmd
b8c5b2ddf2469922c305,C=CC(=O)OCCCCCCCCCCCC,1730,u0,8191,qgeognn_v2_row_lcmd
192516b3cc0500ef715b,C=CC(=O)OCCCCCCCCCCCC,1731,l0,8191,qgeognn_v2_row_lcmd
31d68872f0906ed4c5b1,C=CC(=O)OCCCCCCCCCCCC,1732,u0,8191,qgeognn_v2_row_lcmd
74d0393fb6ddaea1d7a6,C=CC(=O)OCCCCCCCCCCCC,1733,validation,8191,qgeognn_v2_row_lcmd
89a9ddf69304993652d5,C=CC(=O)OCCCCCCCCCCCC,1734,u0,8191,qgeognn_v2_row_lcmd
2ea3aaf8c11138b62a49,C=CC(=O)OCCCCCCCCCCCC,1735,l0,8191,qgeognn_v2_row_lcmd
07e90c9f30b819291d42,C=CC(=O)OCCCCCCCCCCCC,1736,u0,8191,qgeognn_v2_row_lcmd
5083c6d75405d3aa9014,C=CC(=O)OCCCCCCCCCCCC,1737,validation,8191,qgeognn_v2_row_lcmd
571dc7d7b903eed7cdf6,C=CC(=O)OCCCCCCCCCCCC,1738,u0,8191,qgeognn_v2_row_lcmd
c1050421bf89c585cb4c,C=CC(=O)OCCCCCCCCCCCC,1739,test,8191,qgeognn_v2_row_lcmd
48094ec5355600d7a0fa,C=CC(=O)OCCCCCCCCCCCC,1740,validation,8191,qgeognn_v2_row_lcmd
2f1ff409bb879ae9f62b,C=CC(=O)OCCCCCCCCCCCC,1741,u0,8191,qgeognn_v2_row_lcmd
ef04e37e6ef5b90e7ffd,C=CC(=O)OCCCCCCCCCCCC,1742,u0,8191,qgeognn_v2_row_lcmd
75c96505f7b6b907aadf,C=CC(=O)OCCN(CC)CC,1743,u0,8191,qgeognn_v2_row_lcmd
f8dff14aa7f68363fa60,C=CC(=O)OCCN(CC)CC,1744,u0,8191,qgeognn_v2_row_lcmd
309a91add8b07c02e65b,C=CC(=O)OCCN(CC)CC,1745,u0,8191,qgeognn_v2_row_lcmd
a595d5f1882c39914392,C=CC(=O)OCCN(CC)CC,1746,test,8191,qgeognn_v2_row_lcmd
9a60cb4735780275034e,C=CC(=O)OCCN(CC)CC,1747,validation,8191,qgeognn_v2_row_lcmd
97297c71a28a2ccbdeeb,C=CC(=O)OCCN(CC)CC,1748,test,8191,qgeognn_v2_row_lcmd
6d21e9ec887b3408c612,C=CC(=O)OCCN(CC)CC,1749,l0,8191,qgeognn_v2_row_lcmd
304fb0fdb486ae4b7a07,C=CC(=O)OCCN(CC)CC,1750,validation,8191,qgeognn_v2_row_lcmd
906bd247e050658f99d8,C=CC(=O)OCCN(CC)CC,1751,validation,8191,qgeognn_v2_row_lcmd
0e09f8144b025e4b5a8a,COc1ccc2ccccc2c1,1752,l0,8191,qgeognn_v2_row_lcmd
b9567f94a7b303ec27d4,COc1ccc2ccccc2c1,1753,u0,8191,qgeognn_v2_row_lcmd
5924be549731349785e5,COc1ccc2ccccc2c1,1754,u0,8191,qgeognn_v2_row_lcmd
773e4e81304d36b364b8,COc1ccc2ccccc2c1,1755,u0,8191,qgeognn_v2_row_lcmd
9d317aa3c8932c07e196,COc1ccc2ccccc2c1,1756,test,8191,qgeognn_v2_row_lcmd
8f1707868491150a6f75,COc1ccc2ccccc2c1,1757,u0,8191,qgeognn_v2_row_lcmd
0cb699c71da5f69feb44,COc1ccc2ccccc2c1,1758,u0,8191,qgeognn_v2_row_lcmd
ba1aeb76162831a17f00,COc1ccc2ccccc2c1,1759,validation,8191,qgeognn_v2_row_lcmd
bee3e39d4123febbff8e,COc1ccc2ccccc2c1,1760,test,8191,qgeognn_v2_row_lcmd
39d0c96038ee0c9dace2,COc1ccc2ccccc2c1,1761,l0,8191,qgeognn_v2_row_lcmd
117fb19e55f91e3dffa2,COc1ccc2ccccc2c1,1762,u0,8191,qgeognn_v2_row_lcmd
df118a80070e524e5b67,COc1ccc2ccccc2c1,1763,test,8191,qgeognn_v2_row_lcmd
326a96bcee1f3f903cf9,COc1ccc2ccccc2c1,1764,u0,8191,qgeognn_v2_row_lcmd
2fa282eae76354cf9096,COc1ccc2ccccc2c1,1765,test,8191,qgeognn_v2_row_lcmd
55d368396013c3c895c3,COc1ccc2ccccc2c1,1766,u0,8191,qgeognn_v2_row_lcmd
df71c07fd931cc29213b,COc1ccc2ccccc2c1,1767,u0,8191,qgeognn_v2_row_lcmd
a247cee7090fdbb110b4,COc1ccc2ccccc2c1,1768,u0,8191,qgeognn_v2_row_lcmd
15e10c24f9edb12543a2,COc1ccc2ccccc2c1,1769,u0,8191,qgeognn_v2_row_lcmd
3032c273eee09a2644c3,COc1ccc2ccccc2c1,1770,u0,8191,qgeognn_v2_row_lcmd
aa3ac48b626bc54d5dc6,COc1ccc2ccccc2c1,1771,validation,8191,qgeognn_v2_row_lcmd
9fde4f980246629c5b0d,COc1ccc2ccccc2c1,1772,validation,8191,qgeognn_v2_row_lcmd
290e3b1b716d87069937,O=C(CCCl)c1ccccc1,1773,u0,8191,qgeognn_v2_row_lcmd
762366dd8e6b80377d1b,O=C(CCCl)c1ccccc1,1774,u0,8191,qgeognn_v2_row_lcmd
427650f584134eccc3cd,O=C(CCCl)c1ccccc1,1775,u0,8191,qgeognn_v2_row_lcmd
b19ee2b7d074ea824b0a,O=C(CCCl)c1ccccc1,1776,l0,8191,qgeognn_v2_row_lcmd
1f21033e56ca247448e2,O=C(CCCl)c1ccccc1,1777,u0,8191,qgeognn_v2_row_lcmd
513b3a56de5558e0b2ce,O=C(CCCl)c1ccccc1,1778,u0,8191,qgeognn_v2_row_lcmd
ee987e40c1f4a61a19d7,O=C(CCCl)c1ccccc1,1779,u0,8191,qgeognn_v2_row_lcmd
ade17efd02d5b514baa0,O=C(CCCl)c1ccccc1,1780,u0,8191,qgeognn_v2_row_lcmd
5c2a978005bdc86a2476,O=C(CCCl)c1ccccc1,1781,u0,8191,qgeognn_v2_row_lcmd
10e9b7df144481e03cfc,O=C(CCCl)c1ccccc1,1782,test,8191,qgeognn_v2_row_lcmd
0f16b0305f82a94326f7,O=C(CCCl)c1ccccc1,1783,u0,8191,qgeognn_v2_row_lcmd
bb8ba62a93aefa66d0f6,O=C(CCCl)c1ccccc1,1784,u0,8191,qgeognn_v2_row_lcmd
b611d3bb1344a3e6a62a,O=C(CCCl)c1ccccc1,1785,u0,8191,qgeognn_v2_row_lcmd
aca5c381b829d96bf9e2,O=C(CCCl)c1ccccc1,1786,l0,8191,qgeognn_v2_row_lcmd
d986bfbae07ee7fbad9c,O=C(CCCl)c1ccccc1,1787,u0,8191,qgeognn_v2_row_lcmd
22f5284ebc07b484fc2d,O=C(CCCl)c1ccccc1,1788,u0,8191,qgeognn_v2_row_lcmd
fb3a6d49af52de47c06e,O=C(CCCl)c1ccccc1,1789,u0,8191,qgeognn_v2_row_lcmd
067c1cac53731e589c4b,O=C(CCCl)c1ccccc1,1790,l0,8191,qgeognn_v2_row_lcmd
d1c43590b9e0a99ce3b8,O=C(CCCl)c1ccccc1,1791,validation,8191,qgeognn_v2_row_lcmd
98f7b4e7c44ba0532e85,O=C(CCCl)c1ccccc1,1792,l0,8191,qgeognn_v2_row_lcmd
2c843c0ebe8a201b2da1,O=C(CCCl)c1ccccc1,1793,u0,8191,qgeognn_v2_row_lcmd
51d7323891ad7051a817,O=C(CC(=O)c1ccccc1)c1ccccc1,1794,u0,8191,qgeognn_v2_row_lcmd
e7acdb127fe6371def7f,O=C(CC(=O)c1ccccc1)c1ccccc1,1795,test,8191,qgeognn_v2_row_lcmd
9760dd7071ddcde45fb0,O=C(CC(=O)c1ccccc1)c1ccccc1,1796,u0,8191,qgeognn_v2_row_lcmd
666a97a156dc1d179eef,O=C(CC(=O)c1ccccc1)c1ccccc1,1797,test,8191,qgeognn_v2_row_lcmd
e240edfce1937ea191c9,O=C(CC(=O)c1ccccc1)c1ccccc1,1798,l0,8191,qgeognn_v2_row_lcmd
3ed4ccf323d05a9eb15f,O=C(CC(=O)c1ccccc1)c1ccccc1,1799,u0,8191,qgeognn_v2_row_lcmd
3a21ecb17bc874170109,O=C(CC(=O)c1ccccc1)c1ccccc1,1800,u0,8191,qgeognn_v2_row_lcmd
7b88539e721217b473e2,O=C(CC(=O)c1ccccc1)c1ccccc1,1801,u0,8191,qgeognn_v2_row_lcmd
0f67c3fedac7ca8b7479,O=C(CC(=O)c1ccccc1)c1ccccc1,1802,u0,8191,qgeognn_v2_row_lcmd
efad03690b647faa84f7,O=C(CC(=O)c1ccccc1)c1ccccc1,1803,test,8191,qgeognn_v2_row_lcmd
ea810ad3e836415369bd,O=C(CC(=O)c1ccccc1)c1ccccc1,1804,u0,8191,qgeognn_v2_row_lcmd
f77af89ea66c96b304b5,O=C(CC(=O)c1ccccc1)c1ccccc1,1805,u0,8191,qgeognn_v2_row_lcmd
6e2325f6234c59293bd5,O=C(CC(=O)c1ccccc1)c1ccccc1,1806,u0,8191,qgeognn_v2_row_lcmd
4c7a167609de5f3e01c2,O=C(CC(=O)c1ccccc1)c1ccccc1,1807,l0,8191,qgeognn_v2_row_lcmd
037298044b4fc8868e5e,O=C(CC(=O)c1ccccc1)c1ccccc1,1808,l0,8191,qgeognn_v2_row_lcmd
a5b35b440a2cb03e25cd,O=C(CC(=O)c1ccccc1)c1ccccc1,1809,validation,8191,qgeognn_v2_row_lcmd
07a069e105eb7739bf7e,O=C(CC(=O)c1ccccc1)c1ccccc1,1810,u0,8191,qgeognn_v2_row_lcmd
91e70a0637e1cf87257b,O=C(CC(=O)c1ccccc1)c1ccccc1,1811,l0,8191,qgeognn_v2_row_lcmd
5f02dc3c13f7f2daed32,O=C(CC(=O)c1ccccc1)c1ccccc1,1812,u0,8191,qgeognn_v2_row_lcmd
5ba8cead5a790ba93029,O=C(CC(=O)c1ccccc1)c1ccccc1,1813,u0,8191,qgeognn_v2_row_lcmd
e82a87ee526fdd9b1e8d,O=C(CC(=O)c1ccccc1)c1ccccc1,1814,u0,8191,qgeognn_v2_row_lcmd
3ba72d7e71d02ea168dd,COc1cc(OC)cc(OC)c1,1815,l0,8191,qgeognn_v2_row_lcmd
ac52c50de335acae588d,COc1cc(OC)cc(OC)c1,1816,u0,8191,qgeognn_v2_row_lcmd
aaf45151a9b4a7a5fa5c,COc1cc(OC)cc(OC)c1,1817,u0,8191,qgeognn_v2_row_lcmd
41d19259284061aa29e7,COc1cc(OC)cc(OC)c1,1818,u0,8191,qgeognn_v2_row_lcmd
862513bccbf27b7e8f06,COc1cc(OC)cc(OC)c1,1819,u0,8191,qgeognn_v2_row_lcmd
658d8ba3d430dc7188d8,COc1cc(OC)cc(OC)c1,1820,u0,8191,qgeognn_v2_row_lcmd
7c9b7238a83ed646815a,COc1cc(OC)cc(OC)c1,1821,u0,8191,qgeognn_v2_row_lcmd
c982fb7ecc03831b90a4,COc1cc(OC)cc(OC)c1,1822,u0,8191,qgeognn_v2_row_lcmd
0ae541927703401945de,COc1cc(OC)cc(OC)c1,1823,u0,8191,qgeognn_v2_row_lcmd
ab887fd709fc1dc0d59b,COc1cc(OC)cc(OC)c1,1824,u0,8191,qgeognn_v2_row_lcmd
a64d40ac128465d2bb6f,COc1cc(OC)cc(OC)c1,1825,u0,8191,qgeognn_v2_row_lcmd
e1820b06a1bf3612ff8c,COc1cc(OC)cc(OC)c1,1826,l0,8191,qgeognn_v2_row_lcmd
8d48112406e3064efdbc,COc1cc(OC)cc(OC)c1,1827,u0,8191,qgeognn_v2_row_lcmd
660a7ad5a1b46e40ee6b,COc1cc(OC)cc(OC)c1,1828,validation,8191,qgeognn_v2_row_lcmd
815afa4c05f8c4e7ef9c,COc1cc(OC)cc(OC)c1,1829,u0,8191,qgeognn_v2_row_lcmd
fea75df17d0bf593243f,COc1cc(OC)cc(OC)c1,1830,u0,8191,qgeognn_v2_row_lcmd
8f7bcdb92b0cd7acad94,COc1cc(OC)cc(OC)c1,1831,l0,8191,qgeognn_v2_row_lcmd
d4bcc09609c820442d3d,COc1cc(OC)cc(OC)c1,1832,l0,8191,qgeognn_v2_row_lcmd
d3047299bd8817ee87dd,COc1cc(OC)cc(OC)c1,1833,u0,8191,qgeognn_v2_row_lcmd
ce39d1762993bbbafaca,COc1cc(OC)cc(OC)c1,1834,u0,8191,qgeognn_v2_row_lcmd
b070c3657459c06a4df1,COc1cc(OC)cc(OC)c1,1835,u0,8191,qgeognn_v2_row_lcmd
b4d02951ef5cf91e51d4,CC(=O)c1ccc2ccccc2c1,1836,u0,8191,qgeognn_v2_row_lcmd
b9aa7dfdcba8cffaa0e2,CC(=O)c1ccc2ccccc2c1,1837,u0,8191,qgeognn_v2_row_lcmd
dcdff818bb9cc30c44b8,CC(=O)c1ccc2ccccc2c1,1838,u0,8191,qgeognn_v2_row_lcmd
26c42fac19b627a9ab40,CC(=O)c1ccc2ccccc2c1,1839,u0,8191,qgeognn_v2_row_lcmd
e9a1a41c8d1f0476af75,CC(=O)c1ccc2ccccc2c1,1840,u0,8191,qgeognn_v2_row_lcmd
eb607d68bca471faa4ec,CC(=O)c1ccc2ccccc2c1,1841,u0,8191,qgeognn_v2_row_lcmd
551ec1f8caaa42f2e478,CC(=O)c1ccc2ccccc2c1,1842,l0,8191,qgeognn_v2_row_lcmd
4d0055bdff0f507c778b,CC(=O)c1ccc2ccccc2c1,1843,u0,8191,qgeognn_v2_row_lcmd
6554d41d6fe184fcc4c1,CC(=O)c1ccc2ccccc2c1,1844,u0,8191,qgeognn_v2_row_lcmd
059f6c0a20aabe8124a1,CC(=O)c1ccc2ccccc2c1,1845,u0,8191,qgeognn_v2_row_lcmd
0f35c2146c21fa6ac372,CC(=O)c1ccc2ccccc2c1,1846,u0,8191,qgeognn_v2_row_lcmd
f31ef9b3b6866c44d606,CC(=O)c1ccc2ccccc2c1,1847,u0,8191,qgeognn_v2_row_lcmd
594f52943fa688878ad4,CC(=O)c1ccc2ccccc2c1,1848,u0,8191,qgeognn_v2_row_lcmd
b0cc544ceb575bae4069,CC(=O)c1ccc2ccccc2c1,1849,l0,8191,qgeognn_v2_row_lcmd
1a382a7d3a13ed7fb28f,CC(=O)c1ccc2ccccc2c1,1850,test,8191,qgeognn_v2_row_lcmd
ff9bcaab8e95f60d70bc,CC(=O)c1ccc2ccccc2c1,1851,validation,8191,qgeognn_v2_row_lcmd
b645df00945e594953a6,CC(=O)c1ccc2ccccc2c1,1852,u0,8191,qgeognn_v2_row_lcmd
a15744dbeb99bc224e40,CC(=O)c1ccc2ccccc2c1,1853,u0,8191,qgeognn_v2_row_lcmd
8b9ff1a26d840aaa6a49,CC(=O)c1ccc2ccccc2c1,1854,u0,8191,qgeognn_v2_row_lcmd
c2334ccf8e6788ac6ca2,CC(=O)c1ccc2ccccc2c1,1855,u0,8191,qgeognn_v2_row_lcmd
4e93e36ab850bab3d594,CC(=O)c1ccc2ccccc2c1,1856,u0,8191,qgeognn_v2_row_lcmd
5910d3761883c7036a58,OCCc1cccc2ccccc12,1857,l0,8191,qgeognn_v2_row_lcmd
988724a9391bf1618fda,OCCc1cccc2ccccc12,1858,u0,8191,qgeognn_v2_row_lcmd
0483db40cbad8db07032,OCCc1cccc2ccccc12,1859,u0,8191,qgeognn_v2_row_lcmd
b1fcf9bf2e03028d2ef8,OCCc1cccc2ccccc12,1860,u0,8191,qgeognn_v2_row_lcmd
2b10c90b32f970e4b4c8,OCCc1cccc2ccccc12,1861,u0,8191,qgeognn_v2_row_lcmd
1aceeb0ee0419209d1c7,OCCc1cccc2ccccc12,1862,validation,8191,qgeognn_v2_row_lcmd
c973d4c257be9ef08216,OCCc1cccc2ccccc12,1863,u0,8191,qgeognn_v2_row_lcmd
91b6bda771851a5c78ac,OCCc1cccc2ccccc12,1864,l0,8191,qgeognn_v2_row_lcmd
7954bf73f74c7fbcecb2,OCCc1cccc2ccccc12,1865,l0,8191,qgeognn_v2_row_lcmd
48853fd78c77153b963a,OCCc1cccc2ccccc12,1866,validation,8191,qgeognn_v2_row_lcmd
e8f592c469b2f3c136d8,OCCc1cccc2ccccc12,1867,u0,8191,qgeognn_v2_row_lcmd
723a7255bbbef8dcad76,Cc1ccc(CO)cc1,1868,validation,8191,qgeognn_v2_row_lcmd
aff6404c31450d670256,Cc1ccc(CO)cc1,1869,test,8191,qgeognn_v2_row_lcmd
53dc2340c848330a9220,Cc1ccc(CO)cc1,1870,test,8191,qgeognn_v2_row_lcmd
dafe887ed8c49efe19b9,Cc1ccc(CO)cc1,1871,u0,8191,qgeognn_v2_row_lcmd
4d08b9494002d348513d,Cc1ccc(CO)cc1,1872,u0,8191,qgeognn_v2_row_lcmd
6214a18745efe9be3788,Cc1ccc(CO)cc1,1873,u0,8191,qgeognn_v2_row_lcmd
4db6b065867770d9dbd9,Cc1ccc(CO)cc1,1874,u0,8191,qgeognn_v2_row_lcmd
22f4e0f26e7ff02e1054,Cc1ccc(CO)cc1,1875,validation,8191,qgeognn_v2_row_lcmd
82b6eb1475767aca619f,Cc1ccc(CO)cc1,1876,u0,8191,qgeognn_v2_row_lcmd
a5446977630484ca5fe1,Cc1ccc(CO)cc1,1877,u0,8191,qgeognn_v2_row_lcmd
716d04ed1943f0708912,Cc1ccc(CO)cc1,1878,test,8191,qgeognn_v2_row_lcmd
f9f0f4e29dbd30c000ee,Cc1ccc(CO)cc1,1879,u0,8191,qgeognn_v2_row_lcmd
f433bc672465387d951a,Cc1ccc(CO)cc1,1880,validation,8191,qgeognn_v2_row_lcmd
75232f4ee5de52a0499e,Cc1ccc(CO)cc1,1881,u0,8191,qgeognn_v2_row_lcmd
d05a91dc8e32e9edd7d0,Cc1ccc(CO)cc1,1882,l0,8191,qgeognn_v2_row_lcmd
208f579ed4ec9c458ceb,O=Cc1ccc([N+](=O)[O-])cc1,1883,u0,8191,qgeognn_v2_row_lcmd
904fa4a17e429d0616f5,O=Cc1ccc([N+](=O)[O-])cc1,1884,l0,8191,qgeognn_v2_row_lcmd
a05989f2de32dc6a3f64,O=Cc1ccc([N+](=O)[O-])cc1,1885,u0,8191,qgeognn_v2_row_lcmd
baae4c016e087caeda81,O=Cc1ccc([N+](=O)[O-])cc1,1886,u0,8191,qgeognn_v2_row_lcmd
246c01e213831d66a856,O=Cc1ccc([N+](=O)[O-])cc1,1887,u0,8191,qgeognn_v2_row_lcmd
242e157ea40fde30e3f7,O=Cc1ccc([N+](=O)[O-])cc1,1888,u0,8191,qgeognn_v2_row_lcmd
f64ebc218e6ab29d7edc,O=Cc1ccc([N+](=O)[O-])cc1,1889,u0,8191,qgeognn_v2_row_lcmd
f9564b598f30f816ac19,O=Cc1ccc([N+](=O)[O-])cc1,1890,u0,8191,qgeognn_v2_row_lcmd
ca5c649ce727f8a36f41,O=Cc1ccc([N+](=O)[O-])cc1,1891,u0,8191,qgeognn_v2_row_lcmd
3e69cf586f3eb0f0fa8c,O=Cc1ccc([N+](=O)[O-])cc1,1892,u0,8191,qgeognn_v2_row_lcmd
6ae922f63e983b14e320,O=Cc1ccc([N+](=O)[O-])cc1,1893,u0,8191,qgeognn_v2_row_lcmd
0a79a24271d119590ae6,O=Cc1ccc([N+](=O)[O-])cc1,1894,u0,8191,qgeognn_v2_row_lcmd
a01a137fa48c1391b9e7,O=Cc1ccc([N+](=O)[O-])cc1,1895,u0,8191,qgeognn_v2_row_lcmd
c08c4700ae34281b3318,O=Cc1ccc([N+](=O)[O-])cc1,1896,validation,8191,qgeognn_v2_row_lcmd
df6457ca86c98c073bf6,O=Cc1ccc([N+](=O)[O-])cc1,1897,u0,8191,qgeognn_v2_row_lcmd
a5f9179bfb146ad70953,O=Cc1ccc([N+](=O)[O-])cc1,1898,u0,8191,qgeognn_v2_row_lcmd
c28747d70e7b51a1cc95,O=Cc1ccc([N+](=O)[O-])cc1,1899,validation,8191,qgeognn_v2_row_lcmd
b85305d91a9e7cfa6005,O=Cc1ccc([N+](=O)[O-])cc1,1900,validation,8191,qgeognn_v2_row_lcmd
71eae942541acd0523cb,COc1ccc(OC)cc1,1901,u0,8191,qgeognn_v2_row_lcmd
e55976e878649a1c45c4,COc1ccc(OC)cc1,1902,u0,8191,qgeognn_v2_row_lcmd
71cde2967a339690e3de,COc1ccc(OC)cc1,1903,l0,8191,qgeognn_v2_row_lcmd
1b610fb92b30df5ca03f,COc1ccc(OC)cc1,1904,test,8191,qgeognn_v2_row_lcmd
11894db76cfa703c36af,COc1ccc(OC)cc1,1905,u0,8191,qgeognn_v2_row_lcmd
6a75887d279501f8d1a9,COc1ccc(OC)cc1,1906,u0,8191,qgeognn_v2_row_lcmd
7e327de3d5f5fcab9a7e,COc1ccc(OC)cc1,1907,u0,8191,qgeognn_v2_row_lcmd
1f17c3521bf4fd46ea79,COc1ccc(OC)cc1,1908,u0,8191,qgeognn_v2_row_lcmd
05f1c47ed56193b6aca2,COc1ccc(OC)cc1,1909,u0,8191,qgeognn_v2_row_lcmd
0e1567be6a6ec6d0298e,COc1ccc(OC)cc1,1910,u0,8191,qgeognn_v2_row_lcmd
89d7d7adb1fc72276b1c,COc1ccc(OC)cc1,1911,l0,8191,qgeognn_v2_row_lcmd
3af0219c06bb010d7fd0,COc1ccc(OC)cc1,1912,u0,8191,qgeognn_v2_row_lcmd
c39d248b49ed97dc0d77,COc1ccc(OC)cc1,1913,test,8191,qgeognn_v2_row_lcmd
043a0d0addd3cb32d73b,COc1ccc(OC)cc1,1914,u0,8191,qgeognn_v2_row_lcmd
34a175fe276b9770fee4,COc1ccc(OC)cc1,1915,u0,8191,qgeognn_v2_row_lcmd
093976ba4eab5c49c742,COc1ccc(OC)cc1,1916,u0,8191,qgeognn_v2_row_lcmd
84d88494c6db5c1688d3,COc1ccc(OC)cc1,1917,l0,8191,qgeognn_v2_row_lcmd
ba56f0e652a97bcee1b2,COc1ccc(OC)cc1,1918,u0,8191,qgeognn_v2_row_lcmd
832eaa9c6b2f7a68f2a5,COc1ccc(OC)cc1,1919,u0,8191,qgeognn_v2_row_lcmd
c6159dcb5802e62284d1,COc1ccc(OC)cc1,1920,u0,8191,qgeognn_v2_row_lcmd
a47a3987d45e7c542d38,COc1ccc(OC)cc1,1921,u0,8191,qgeognn_v2_row_lcmd
63962b52800b6ead5398,CC(=O)c1ccc([N+](=O)[O-])cc1,1922,l0,8191,qgeognn_v2_row_lcmd
2545388039f2e2901afb,CC(=O)c1ccc([N+](=O)[O-])cc1,1923,u0,8191,qgeognn_v2_row_lcmd
f04417b13d435a2810b3,CC(=O)c1ccc([N+](=O)[O-])cc1,1924,u0,8191,qgeognn_v2_row_lcmd
1cd689559e4c7cce7e1e,CC(=O)c1ccc([N+](=O)[O-])cc1,1925,u0,8191,qgeognn_v2_row_lcmd
47eb0d497e8c772aade3,CC(=O)c1ccc([N+](=O)[O-])cc1,1926,u0,8191,qgeognn_v2_row_lcmd
3f4719508812e3125a84,CC(=O)c1ccc([N+](=O)[O-])cc1,1927,validation,8191,qgeognn_v2_row_lcmd
544e9bf9588be765ad82,CC(=O)c1ccc([N+](=O)[O-])cc1,1928,u0,8191,qgeognn_v2_row_lcmd
32f34638e41ffc962cfc,CC(=O)c1ccc([N+](=O)[O-])cc1,1929,u0,8191,qgeognn_v2_row_lcmd
45bb99d82b5875a5c5b6,CC(=O)c1ccc([N+](=O)[O-])cc1,1930,u0,8191,qgeognn_v2_row_lcmd
4908bb1bf155952cd305,CC(=O)c1ccc([N+](=O)[O-])cc1,1931,u0,8191,qgeognn_v2_row_lcmd
9de8f9fed06ef9d5befa,CC(=O)c1ccc([N+](=O)[O-])cc1,1932,u0,8191,qgeognn_v2_row_lcmd
65f6e8326897810ec715,CC(=O)c1ccc([N+](=O)[O-])cc1,1933,u0,8191,qgeognn_v2_row_lcmd
9ae9c8b491a04e429a11,CC(=O)c1ccc([N+](=O)[O-])cc1,1934,u0,8191,qgeognn_v2_row_lcmd
38e6b8bf0f089fcadd80,CC(=O)c1ccc([N+](=O)[O-])cc1,1935,l0,8191,qgeognn_v2_row_lcmd
488727f2d41859d1ac45,CC(=O)c1ccc([N+](=O)[O-])cc1,1936,u0,8191,qgeognn_v2_row_lcmd
606886b17304ec494aa0,CC(=O)c1ccc([N+](=O)[O-])cc1,1937,test,8191,qgeognn_v2_row_lcmd
b6f1b33a5491968c645e,CC(=O)c1ccc([N+](=O)[O-])cc1,1938,u0,8191,qgeognn_v2_row_lcmd
3b2c663a28a9f32bd1d3,CC(=O)c1ccc([N+](=O)[O-])cc1,1939,u0,8191,qgeognn_v2_row_lcmd
0d7b26fecd6b2854ca8e,CCOC(=O)c1ccc(N)cc1,1940,test,8191,qgeognn_v2_row_lcmd
112c30dcf3a7a4f80ac1,CCOC(=O)c1ccc(N)cc1,1941,u0,8191,qgeognn_v2_row_lcmd
0f9c311bea99fb35cf5f,CCOC(=O)c1ccc(N)cc1,1942,test,8191,qgeognn_v2_row_lcmd
224279593b17fa2cbc8c,CCOC(=O)c1ccc(N)cc1,1943,u0,8191,qgeognn_v2_row_lcmd
e9744f740f6e67fa561d,CCOC(=O)c1ccc(N)cc1,1944,test,8191,qgeognn_v2_row_lcmd
4d3b1628cd2311585f50,CCOC(=O)c1ccc(N)cc1,1945,test,8191,qgeognn_v2_row_lcmd
d7f5057912ffbf1231a3,CCOC(=O)c1ccc(N)cc1,1946,u0,8191,qgeognn_v2_row_lcmd
70593725787c65a74951,CCOC(=O)c1ccc(N)cc1,1947,u0,8191,qgeognn_v2_row_lcmd
073e6abf4d3bfffc2761,CCOC(=O)c1ccc(N)cc1,1948,u0,8191,qgeognn_v2_row_lcmd
c70b471334f9747d6f98,CCOC(=O)c1ccc(N)cc1,1949,u0,8191,qgeognn_v2_row_lcmd
3ccd6444c8a55917fbf8,CCOC(=O)c1ccc(N)cc1,1950,test,8191,qgeognn_v2_row_lcmd
9bc73e0c27d4d6b44abb,CCOC(=O)c1ccc(N)cc1,1951,u0,8191,qgeognn_v2_row_lcmd
a00b9b271e1fe3ae2351,COC(=O)c1ccc(I)cc1,1952,u0,8191,qgeognn_v2_row_lcmd
4e71aa5ec7e9c4e414dc,COC(=O)c1ccc(I)cc1,1953,u0,8191,qgeognn_v2_row_lcmd
1c2fe2551ccf2b35aacc,COC(=O)c1ccc(I)cc1,1954,validation,8191,qgeognn_v2_row_lcmd
a3decda22e526a843c03,COC(=O)c1ccc(I)cc1,1955,u0,8191,qgeognn_v2_row_lcmd
701de834ac2822a2efd5,COC(=O)c1ccc(I)cc1,1956,u0,8191,qgeognn_v2_row_lcmd
28b54d4dea0dd57b2c55,COC(=O)c1ccc(I)cc1,1957,u0,8191,qgeognn_v2_row_lcmd
c5cf43c25a1071ceb950,COC(=O)c1ccc(I)cc1,1958,u0,8191,qgeognn_v2_row_lcmd
640faac26ad46357bbbb,COC(=O)c1ccc(I)cc1,1959,u0,8191,qgeognn_v2_row_lcmd
2f0437567e9d50e90296,COC(=O)c1ccc(I)cc1,1960,u0,8191,qgeognn_v2_row_lcmd
efdf8ecb78c9906ac5b4,COC(=O)c1ccc(I)cc1,1961,u0,8191,qgeognn_v2_row_lcmd
96d0f62092b2b6aec96b,COC(=O)c1ccc(I)cc1,1962,u0,8191,qgeognn_v2_row_lcmd
53c040ff6322144b3053,COC(=O)c1ccc(I)cc1,1963,u0,8191,qgeognn_v2_row_lcmd
76d382617e5051b76435,COC(=O)c1ccc(I)cc1,1964,test,8191,qgeognn_v2_row_lcmd
cd12334b3ac8c4cb255a,COC(=O)c1ccc(I)cc1,1965,u0,8191,qgeognn_v2_row_lcmd
5580a36d869fbaf15a47,COC(=O)c1ccc(I)cc1,1966,test,8191,qgeognn_v2_row_lcmd
c98657e16e93ef4ede6b,COC(=O)c1ccc(I)cc1,1967,u0,8191,qgeognn_v2_row_lcmd
b7e9adfdbe7f57bf526f,COC(=O)c1ccc(I)cc1,1968,validation,8191,qgeognn_v2_row_lcmd
471287eecf7b94603e9e,COC(=O)c1ccc(I)cc1,1969,u0,8191,qgeognn_v2_row_lcmd
fc911fe23a3e1e8e87d2,COC(=O)c1ccc(I)cc1,1970,u0,8191,qgeognn_v2_row_lcmd
9f3b75bc3a2c4004a893,COC(=O)c1ccc(I)cc1,1971,l0,8191,qgeognn_v2_row_lcmd
6c022e06f98c0a9771b6,O=[N+]([O-])c1ccc(CCO)cc1,1972,u0,8191,qgeognn_v2_row_lcmd
6e07556df6bb6e9df96e,O=[N+]([O-])c1ccc(CCO)cc1,1973,l0,8191,qgeognn_v2_row_lcmd
88d94bacb5a3b54ac7d1,O=[N+]([O-])c1ccc(CCO)cc1,1974,test,8191,qgeognn_v2_row_lcmd
97318de99bab4460cf4e,O=[N+]([O-])c1ccc(CCO)cc1,1975,u0,8191,qgeognn_v2_row_lcmd
7dace1dbecce79e17117,O=[N+]([O-])c1ccc(CCO)cc1,1976,u0,8191,qgeognn_v2_row_lcmd
5da8c25a3982216fb112,O=[N+]([O-])c1ccc(CCO)cc1,1977,u0,8191,qgeognn_v2_row_lcmd
a92f7617b135de150588,O=[N+]([O-])c1ccc(CCO)cc1,1978,test,8191,qgeognn_v2_row_lcmd
3fbf4a3d05e84138e1e2,O=[N+]([O-])c1ccc(CCO)cc1,1979,u0,8191,qgeognn_v2_row_lcmd
f91285c618eacb53538b,O=[N+]([O-])c1ccc(CCO)cc1,1980,u0,8191,qgeognn_v2_row_lcmd
71d8b719ba209d117b05,CC(=O)c1ccc(N)cc1,1981,u0,8191,qgeognn_v2_row_lcmd
26f3abb3142c77dd157b,CC(=O)c1ccc(N)cc1,1982,u0,8191,qgeognn_v2_row_lcmd
9d592f50cbcfa48d9ab6,CC(=O)c1ccc(N)cc1,1983,test,8191,qgeognn_v2_row_lcmd
762190c8d9f5b2d1a89a,CC(=O)c1ccc(N)cc1,1984,u0,8191,qgeognn_v2_row_lcmd
efe7c6b0783a33974807,CC(=O)c1ccc(N)cc1,1985,u0,8191,qgeognn_v2_row_lcmd
075c4b8bd77f0a8b34bc,CC(=O)c1ccc(N)cc1,1986,l0,8191,qgeognn_v2_row_lcmd
183af335033005f96b97,CC(=O)c1ccc(N)cc1,1987,u0,8191,qgeognn_v2_row_lcmd
6b7209c2e8154837a8c7,CC(=O)c1ccc(N)cc1,1988,u0,8191,qgeognn_v2_row_lcmd
9fcf89b00bb880c8a5ba,CC(=O)c1ccc(N)cc1,1989,l0,8191,qgeognn_v2_row_lcmd
09b5473d1d8ee26da8d9,Oc1ccc(I)cc1,1990,u0,8191,qgeognn_v2_row_lcmd
a8ad1c1e7d0c3c312f29,Oc1ccc(I)cc1,1991,u0,8191,qgeognn_v2_row_lcmd
a4a0dd6b9d09c8176801,Oc1ccc(I)cc1,1992,u0,8191,qgeognn_v2_row_lcmd
54a6d230aaff08b98193,Oc1ccc(I)cc1,1993,l0,8191,qgeognn_v2_row_lcmd
836ccf54f6d913ff8c83,Oc1ccc(I)cc1,1994,l0,8191,qgeognn_v2_row_lcmd
3fe8b9db9fbe9d0dedc4,Oc1ccc(I)cc1,1995,validation,8191,qgeognn_v2_row_lcmd
e71bdbb1d06ba82dc4cc,Oc1ccc(I)cc1,1996,u0,8191,qgeognn_v2_row_lcmd
f525413ea8aed78db62a,Oc1ccc(I)cc1,1997,test,8191,qgeognn_v2_row_lcmd
1c1d7ff3d6c495744916,Oc1ccc(I)cc1,1998,u0,8191,qgeognn_v2_row_lcmd
1150272392a90f36db05,Oc1ccc(I)cc1,1999,u0,8191,qgeognn_v2_row_lcmd
bd3f212c1910e0de6b6e,Oc1ccc(I)cc1,2000,validation,8191,qgeognn_v2_row_lcmd
bc62be727bf6ded3d86e,Oc1ccc(I)cc1,2001,u0,8191,qgeognn_v2_row_lcmd
e9e7a737df389d5fcc13,Oc1ccc(I)cc1,2002,u0,8191,qgeognn_v2_row_lcmd
457b3def1714039eadb3,Oc1ccc(I)cc1,2003,l0,8191,qgeognn_v2_row_lcmd
60f6bc343299a27882d2,Oc1ccc(I)cc1,2004,u0,8191,qgeognn_v2_row_lcmd
5a7a5139767fda9f7e9a,Oc1ccc(I)cc1,2005,u0,8191,qgeognn_v2_row_lcmd
0b8c6c59ae5e24b420e5,Oc1ccc(I)cc1,2006,u0,8191,qgeognn_v2_row_lcmd
b66aa101a244885dd587,Oc1ccc(I)cc1,2007,l0,8191,qgeognn_v2_row_lcmd
95d1d257dfea69f178f8,Oc1ccc(I)cc1,2008,u0,8191,qgeognn_v2_row_lcmd
9a87a9343e800f08cbb2,O=[N+]([O-])c1cccc(Br)c1,2009,l0,8191,qgeognn_v2_row_lcmd
6e2d6c528ed6d4a81f3a,O=[N+]([O-])c1cccc(Br)c1,2010,u0,8191,qgeognn_v2_row_lcmd
85021fbdc4a98f7e9242,O=[N+]([O-])c1cccc(Br)c1,2011,u0,8191,qgeognn_v2_row_lcmd
f9686b895e76bbe20c6a,O=[N+]([O-])c1cccc(Br)c1,2012,u0,8191,qgeognn_v2_row_lcmd
d0bd013e3ad90384cf0e,O=[N+]([O-])c1cccc(Br)c1,2013,u0,8191,qgeognn_v2_row_lcmd
0ba3183db9fd2bc51744,O=[N+]([O-])c1cccc(Br)c1,2014,test,8191,qgeognn_v2_row_lcmd
5067b637ae304dd5924a,O=[N+]([O-])c1cccc(Br)c1,2015,u0,8191,qgeognn_v2_row_lcmd
79c219f1a2400af70283,O=[N+]([O-])c1cccc(Br)c1,2016,test,8191,qgeognn_v2_row_lcmd
801e2da4e098caa8fc7c,O=[N+]([O-])c1cccc(Br)c1,2017,u0,8191,qgeognn_v2_row_lcmd
40dc5fb2b982ad272131,O=[N+]([O-])c1cccc(Br)c1,2018,u0,8191,qgeognn_v2_row_lcmd
06b20e376e3c4ce5bfeb,O=[N+]([O-])c1cccc(Br)c1,2019,test,8191,qgeognn_v2_row_lcmd
88bd894f636978ba76e5,O=[N+]([O-])c1cccc(Br)c1,2020,u0,8191,qgeognn_v2_row_lcmd
1d2bc3f5c63f14f60fe3,O=[N+]([O-])c1cccc(Br)c1,2021,u0,8191,qgeognn_v2_row_lcmd
4827de5b91fc990df932,O=[N+]([O-])c1cccc(Br)c1,2022,u0,8191,qgeognn_v2_row_lcmd
233d989ae4a18100f4c1,O=[N+]([O-])c1cccc(Br)c1,2023,u0,8191,qgeognn_v2_row_lcmd
d6faa7e77464f5f9a34b,O=[N+]([O-])c1cccc(Br)c1,2024,validation,8191,qgeognn_v2_row_lcmd
a4157c1e4630bc139965,O=[N+]([O-])c1cccc(Br)c1,2025,u0,8191,qgeognn_v2_row_lcmd
476cfe5a707e309dcbc1,O=[N+]([O-])c1cccc(Br)c1,2026,u0,8191,qgeognn_v2_row_lcmd
59ce141f6f9f30603132,O=[N+]([O-])c1cccc(Br)c1,2027,u0,8191,qgeognn_v2_row_lcmd
822acada514c54d41f68,O=[N+]([O-])c1cccc(Br)c1,2028,u0,8191,qgeognn_v2_row_lcmd
bef8e35136c28810eb6b,O=[N+]([O-])c1cccc(Br)c1,2029,u0,8191,qgeognn_v2_row_lcmd
13aa7f454204d054a196,O=C1c2ccccc2-c2ccccc21,2030,u0,8191,qgeognn_v2_row_lcmd
4003f255f44e82ee0975,O=C1c2ccccc2-c2ccccc21,2031,test,8191,qgeognn_v2_row_lcmd
9948433906d4afa41345,O=C1c2ccccc2-c2ccccc21,2032,u0,8191,qgeognn_v2_row_lcmd
52b474514f1e9ba6c4d2,O=C1c2ccccc2-c2ccccc21,2033,u0,8191,qgeognn_v2_row_lcmd
d6f36b5de45565d68603,O=C1c2ccccc2-c2ccccc21,2034,u0,8191,qgeognn_v2_row_lcmd
8f683baab6101dc15006,O=C1c2ccccc2-c2ccccc21,2035,u0,8191,qgeognn_v2_row_lcmd
6d7b9c18dcb836a2b09c,O=C1c2ccccc2-c2ccccc21,2036,u0,8191,qgeognn_v2_row_lcmd
25d11f28e27e3f751324,O=C1c2ccccc2-c2ccccc21,2037,u0,8191,qgeognn_v2_row_lcmd
195ef0093f90d8fd51ad,O=C1c2ccccc2-c2ccccc21,2038,u0,8191,qgeognn_v2_row_lcmd
74292a64ad6203713d6b,O=C1c2ccccc2-c2ccccc21,2039,u0,8191,qgeognn_v2_row_lcmd
bc3692f55b839d2f2c07,O=C1c2ccccc2-c2ccccc21,2040,l0,8191,qgeognn_v2_row_lcmd
d7603686249e1fb69a60,O=C1c2ccccc2-c2ccccc21,2041,u0,8191,qgeognn_v2_row_lcmd
c9e08e156472783dee4e,O=C1c2ccccc2-c2ccccc21,2042,u0,8191,qgeognn_v2_row_lcmd
7ad898a193c20e7a329c,O=C1c2ccccc2-c2ccccc21,2043,u0,8191,qgeognn_v2_row_lcmd
b5aa0bae2967975bdf4b,O=C1c2ccccc2-c2ccccc21,2044,l0,8191,qgeognn_v2_row_lcmd
db26f51c86dc787ac633,O=C1c2ccccc2-c2ccccc21,2045,u0,8191,qgeognn_v2_row_lcmd
19c8831adeb5f3e2fcd5,O=C1c2ccccc2-c2ccccc21,2046,u0,8191,qgeognn_v2_row_lcmd
204c95299f49a2bcdb61,O=C1c2ccccc2-c2ccccc21,2047,u0,8191,qgeognn_v2_row_lcmd
486e498e45d084ced568,O=C1c2ccccc2-c2ccccc21,2048,u0,8191,qgeognn_v2_row_lcmd
76b4150b436d217e5b3e,O=C1c2ccccc2-c2ccccc21,2049,test,8191,qgeognn_v2_row_lcmd
e009f41aa23d4c7b3fff,O=C1c2ccccc2-c2ccccc21,2050,test,8191,qgeognn_v2_row_lcmd
6cf24e264547d6bffd62,O=C(c1ccccc1)c1ccc([N+](=O)[O-])cc1,2051,u0,8191,qgeognn_v2_row_lcmd
34a20bc9c1f8c8bdf357,O=C(c1ccccc1)c1ccc([N+](=O)[O-])cc1,2052,u0,8191,qgeognn_v2_row_lcmd
4466eabae9624380fbc6,O=C(c1ccccc1)c1ccc([N+](=O)[O-])cc1,2053,u0,8191,qgeognn_v2_row_lcmd
0164f18711777547e68d,O=C(c1ccccc1)c1ccc([N+](=O)[O-])cc1,2054,test,8191,qgeognn_v2_row_lcmd
61764a2e9f71f1caa18e,O=C(c1ccccc1)c1ccc([N+](=O)[O-])cc1,2055,u0,8191,qgeognn_v2_row_lcmd
2fdb072df7b02b768161,O=C(c1ccccc1)c1ccc([N+](=O)[O-])cc1,2056,u0,8191,qgeognn_v2_row_lcmd
5f8a81445707df0eaad0,O=C(c1ccccc1)c1ccc([N+](=O)[O-])cc1,2057,l0,8191,qgeognn_v2_row_lcmd
bd76c7bdcd3681374617,O=C(c1ccccc1)c1ccc([N+](=O)[O-])cc1,2058,u0,8191,qgeognn_v2_row_lcmd
bef81d4dd93af26c12a9,O=C(c1ccccc1)c1ccc([N+](=O)[O-])cc1,2059,validation,8191,qgeognn_v2_row_lcmd
27bac953781c17a3a74b,O=C(c1ccccc1)c1ccc([N+](=O)[O-])cc1,2060,u0,8191,qgeognn_v2_row_lcmd
08812206a257481691c4,O=C(c1ccccc1)c1ccc([N+](=O)[O-])cc1,2061,u0,8191,qgeognn_v2_row_lcmd
76643e968ecc935c745c,O=C(c1ccccc1)c1ccc([N+](=O)[O-])cc1,2062,u0,8191,qgeognn_v2_row_lcmd
5442611ea6789d42bc86,O=C(c1ccccc1)c1ccc([N+](=O)[O-])cc1,2063,u0,8191,qgeognn_v2_row_lcmd
ce14dd2481560a984aea,O=C(c1ccccc1)c1ccc([N+](=O)[O-])cc1,2064,u0,8191,qgeognn_v2_row_lcmd
aef5cafc63ca445e92fa,O=C(c1ccccc1)c1ccc([N+](=O)[O-])cc1,2065,l0,8191,qgeognn_v2_row_lcmd
aa43fe84c0d8c825fe58,O=C(c1ccccc1)c1ccc([N+](=O)[O-])cc1,2066,u0,8191,qgeognn_v2_row_lcmd
5e276c1730fc0a9deba7,O=C(c1ccccc1)c1ccc([N+](=O)[O-])cc1,2067,u0,8191,qgeognn_v2_row_lcmd
5b706e17e8412d02342f,O=C(c1ccccc1)c1ccc([N+](=O)[O-])cc1,2068,validation,8191,qgeognn_v2_row_lcmd
4862e2fb71344ce16021,O=C(c1ccccc1)c1ccc([N+](=O)[O-])cc1,2069,u0,8191,qgeognn_v2_row_lcmd
b514312eda7950cdcf1c,O=C(c1ccccc1)c1ccc([N+](=O)[O-])cc1,2070,u0,8191,qgeognn_v2_row_lcmd
660b9817e57d6cbe989d,C(=C/c1ccccc1)\c1ccccc1,2071,u0,8191,qgeognn_v2_row_lcmd
d2f6f26430ab4e0e5123,C(=C/c1ccccc1)\c1ccccc1,2072,test,8191,qgeognn_v2_row_lcmd
d53a30ff40b1bfdee07e,C(=C/c1ccccc1)\c1ccccc1,2073,u0,8191,qgeognn_v2_row_lcmd
90e23af4d5769cd8b21a,C(=C/c1ccccc1)\c1ccccc1,2074,u0,8191,qgeognn_v2_row_lcmd
ece04d0c0a926ed06e11,C(=C/c1ccccc1)\c1ccccc1,2075,test,8191,qgeognn_v2_row_lcmd
87feacbcbae05abe90a8,C(=C/c1ccccc1)\c1ccccc1,2076,u0,8191,qgeognn_v2_row_lcmd
4b1b47a51b44d07974fc,C(=C/c1ccccc1)\c1ccccc1,2077,validation,8191,qgeognn_v2_row_lcmd
227963f4bb930957a4f3,C(=C/c1ccccc1)\c1ccccc1,2078,validation,8191,qgeognn_v2_row_lcmd
4fd47cdd334cfb2f8195,C(=C/c1ccccc1)\c1ccccc1,2079,u0,8191,qgeognn_v2_row_lcmd
5bdb13b5edfa04fab719,C(=C/c1ccccc1)\c1ccccc1,2080,l0,8191,qgeognn_v2_row_lcmd
e2256ee3039d85dd024b,C(=C/c1ccccc1)\c1ccccc1,2081,u0,8191,qgeognn_v2_row_lcmd
0a8cca2a385938c5b6de,C(=C/c1ccccc1)\c1ccccc1,2082,u0,8191,qgeognn_v2_row_lcmd
b1c3b81bc99165da53b3,C(=C/c1ccccc1)\c1ccccc1,2083,u0,8191,qgeognn_v2_row_lcmd
7b4c7795735c2133d544,C(=C/c1ccccc1)\c1ccccc1,2084,u0,8191,qgeognn_v2_row_lcmd
47517ae6403bfcb12df7,C(=C/c1ccccc1)\c1ccccc1,2085,u0,8191,qgeognn_v2_row_lcmd
fe1917ac713d24302f5d,C(=C/c1ccccc1)\c1ccccc1,2086,u0,8191,qgeognn_v2_row_lcmd
93531d88b0ddf81f69e8,C(=C/c1ccccc1)\c1ccccc1,2087,u0,8191,qgeognn_v2_row_lcmd
4e01d606b216ecddf09c,C(=C/c1ccccc1)\c1ccccc1,2088,u0,8191,qgeognn_v2_row_lcmd
41adc20d963708a187a8,C(=C/c1ccccc1)\c1ccccc1,2089,validation,8191,qgeognn_v2_row_lcmd
00a82096f4ac4e03ea01,C(=C/c1ccccc1)\c1ccccc1,2090,test,8191,qgeognn_v2_row_lcmd
380e1e6e22f1e66a0963,C(=C/c1ccccc1)\c1ccccc1,2091,u0,8191,qgeognn_v2_row_lcmd
00ae0f7f3fc62795a036,O=C(CC(=O)c1ccccc1)c1ccccc1,2092,u0,8191,qgeognn_v2_row_lcmd
e62c5d7d6c19714760e3,O=C(CC(=O)c1ccccc1)c1ccccc1,2093,u0,8191,qgeognn_v2_row_lcmd
90eea1593f255ed0107f,O=C(CC(=O)c1ccccc1)c1ccccc1,2094,u0,8191,qgeognn_v2_row_lcmd
31ac4d8629515e309a32,O=C(CC(=O)c1ccccc1)c1ccccc1,2095,u0,8191,qgeognn_v2_row_lcmd
89fbb0023e89f4da9de7,O=C(CC(=O)c1ccccc1)c1ccccc1,2096,u0,8191,qgeognn_v2_row_lcmd
c11ae989bb46d0e24320,O=C(CC(=O)c1ccccc1)c1ccccc1,2097,u0,8191,qgeognn_v2_row_lcmd
b7d6bedb33cb5650a8cf,O=C(CC(=O)c1ccccc1)c1ccccc1,2098,test,8191,qgeognn_v2_row_lcmd
c9bc6e598eba6b2f3739,O=C(CC(=O)c1ccccc1)c1ccccc1,2099,u0,8191,qgeognn_v2_row_lcmd
8266be447d80335d4f72,O=C(CC(=O)c1ccccc1)c1ccccc1,2100,u0,8191,qgeognn_v2_row_lcmd
414e3cc35873dcefe96f,O=C(CC(=O)c1ccccc1)c1ccccc1,2101,u0,8191,qgeognn_v2_row_lcmd
5ab2073d8b67153b8455,O=C(CC(=O)c1ccccc1)c1ccccc1,2102,u0,8191,qgeognn_v2_row_lcmd
1876202ed404e43b3852,O=C(CC(=O)c1ccccc1)c1ccccc1,2103,u0,8191,qgeognn_v2_row_lcmd
a7b3f30d3df81d5a1b39,O=C(CC(=O)c1ccccc1)c1ccccc1,2104,u0,8191,qgeognn_v2_row_lcmd
24185c2e4a422e72a4c2,O=C(CC(=O)c1ccccc1)c1ccccc1,2105,u0,8191,qgeognn_v2_row_lcmd
8d1c1f1a4efded6a8158,O=C(CC(=O)c1ccccc1)c1ccccc1,2106,u0,8191,qgeognn_v2_row_lcmd
78c0a2cff75a69f56f26,O=C(CC(=O)c1ccccc1)c1ccccc1,2107,u0,8191,qgeognn_v2_row_lcmd
6f3318dd8909f20a1177,O=C(CC(=O)c1ccccc1)c1ccccc1,2108,validation,8191,qgeognn_v2_row_lcmd
89cd51ad92ae6285b501,O=C(CC(=O)c1ccccc1)c1ccccc1,2109,u0,8191,qgeognn_v2_row_lcmd
5e5b7c697bc0c268b288,O=C(CC(=O)c1ccccc1)c1ccccc1,2110,l0,8191,qgeognn_v2_row_lcmd
b8abc8f40545556f07e0,O=C(CC(=O)c1ccccc1)c1ccccc1,2111,u0,8191,qgeognn_v2_row_lcmd
8db24ae10df4095ada47,O=C(CC(=O)c1ccccc1)c1ccccc1,2112,u0,8191,qgeognn_v2_row_lcmd
5dbed8a79ad6c95bde4f,c1ccc(Cc2ccccc2)cc1,2113,test,8191,qgeognn_v2_row_lcmd
5f7489edb11716917d37,c1ccc(Cc2ccccc2)cc1,2114,u0,8191,qgeognn_v2_row_lcmd
072ea9156cf6dd75519a,c1ccc(Cc2ccccc2)cc1,2115,l0,8191,qgeognn_v2_row_lcmd
13c17274bed8acf44c7f,c1ccc(Cc2ccccc2)cc1,2116,l0,8191,qgeognn_v2_row_lcmd
28e22b3182086ffca89c,c1ccc(Cc2ccccc2)cc1,2117,u0,8191,qgeognn_v2_row_lcmd
06906310911a5a7509dd,c1ccc(Cc2ccccc2)cc1,2118,u0,8191,qgeognn_v2_row_lcmd
3b2c3b53c2b3401ccb72,c1ccc(Cc2ccccc2)cc1,2119,u0,8191,qgeognn_v2_row_lcmd
f3268baa6bed1f0d5edf,c1ccc(Cc2ccccc2)cc1,2120,l0,8191,qgeognn_v2_row_lcmd
fdab71468651c1f40792,c1ccc(Cc2ccccc2)cc1,2121,l0,8191,qgeognn_v2_row_lcmd
9181e4bc1c8af8bf8693,c1ccc(Cc2ccccc2)cc1,2122,u0,8191,qgeognn_v2_row_lcmd
7bfbc7febf4113a1bd42,c1ccc(Cc2ccccc2)cc1,2123,u0,8191,qgeognn_v2_row_lcmd
898bc97fff393a09eca3,c1ccc(Cc2ccccc2)cc1,2124,u0,8191,qgeognn_v2_row_lcmd
adf7fdfc67d09b71d6c3,c1ccc(Cc2ccccc2)cc1,2125,validation,8191,qgeognn_v2_row_lcmd
06e2ce85d19f6758cd2d,c1ccc(Cc2ccccc2)cc1,2126,u0,8191,qgeognn_v2_row_lcmd
9bfd77100394a711497d,c1ccc(Cc2ccccc2)cc1,2127,test,8191,qgeognn_v2_row_lcmd
667c85d13b14c7dcf547,c1ccc(Cc2ccccc2)cc1,2128,u0,8191,qgeognn_v2_row_lcmd
b3c9fa1d5357e864dbb0,c1ccc(Cc2ccccc2)cc1,2129,u0,8191,qgeognn_v2_row_lcmd
d87c90528b2938833b96,c1ccc(Cc2ccccc2)cc1,2130,u0,8191,qgeognn_v2_row_lcmd
a26b10be727def240259,c1ccc(Cc2ccccc2)cc1,2131,u0,8191,qgeognn_v2_row_lcmd
7df9f96b58c06a0c86c2,c1ccc(Cc2ccccc2)cc1,2132,u0,8191,qgeognn_v2_row_lcmd
ac7c4ed79cfcb7cf30d4,c1ccc(Cc2ccccc2)cc1,2133,validation,8191,qgeognn_v2_row_lcmd
6c27c0ab37bb8d812822,N#Cc1ccc(C(=O)c2ccccc2)cc1,2134,u0,8191,qgeognn_v2_row_lcmd
7945dfcb6be718f22113,N#Cc1ccc(C(=O)c2ccccc2)cc1,2135,u0,8191,qgeognn_v2_row_lcmd
59e942d4a3b5dfc412a2,N#Cc1ccc(C(=O)c2ccccc2)cc1,2136,u0,8191,qgeognn_v2_row_lcmd
48322f47941ad052cef4,N#Cc1ccc(C(=O)c2ccccc2)cc1,2137,l0,8191,qgeognn_v2_row_lcmd
cfcf2b8c54d4c8b3838a,N#Cc1ccc(C(=O)c2ccccc2)cc1,2138,validation,8191,qgeognn_v2_row_lcmd
d3d2b36ec3417c1c1c6c,N#Cc1ccc(C(=O)c2ccccc2)cc1,2139,validation,8191,qgeognn_v2_row_lcmd
a3b638d4b969c7f2a61b,N#Cc1ccc(C(=O)c2ccccc2)cc1,2140,u0,8191,qgeognn_v2_row_lcmd
8cbab5e832e82452994c,N#Cc1ccc(C(=O)c2ccccc2)cc1,2141,u0,8191,qgeognn_v2_row_lcmd
da1e48445e8e0b651070,N#Cc1ccc(C(=O)c2ccccc2)cc1,2142,test,8191,qgeognn_v2_row_lcmd
b86ace0ccafe0af8ceec,N#Cc1ccc(C(=O)c2ccccc2)cc1,2143,l0,8191,qgeognn_v2_row_lcmd
6aa69f7c2b8244353a75,N#Cc1ccc(C(=O)c2ccccc2)cc1,2144,u0,8191,qgeognn_v2_row_lcmd
5ae7472a4d9ce3fe20d0,N#Cc1ccc(C(=O)c2ccccc2)cc1,2145,test,8191,qgeognn_v2_row_lcmd
58394a71418a9623e18a,N#Cc1ccc(C(=O)c2ccccc2)cc1,2146,l0,8191,qgeognn_v2_row_lcmd
c6e78c97267cbb98dc22,N#Cc1ccc(C(=O)c2ccccc2)cc1,2147,u0,8191,qgeognn_v2_row_lcmd
79ff49052bce33597828,N#Cc1ccc(C(=O)c2ccccc2)cc1,2148,u0,8191,qgeognn_v2_row_lcmd
a1dc71bed9d8f372c9e5,N#Cc1ccc(C(=O)c2ccccc2)cc1,2149,u0,8191,qgeognn_v2_row_lcmd
a738b1f204da6fcfd385,N#Cc1ccc(C(=O)c2ccccc2)cc1,2150,u0,8191,qgeognn_v2_row_lcmd
59b54ad3a60a52cc2b2c,N#Cc1ccc(C(=O)c2ccccc2)cc1,2151,u0,8191,qgeognn_v2_row_lcmd
a17bcdddcf0799baeee2,N#Cc1ccc(C(=O)c2ccccc2)cc1,2152,u0,8191,qgeognn_v2_row_lcmd
1395836aef00d6a880b0,N#Cc1ccc(C(=O)c2ccccc2)cc1,2153,validation,8191,qgeognn_v2_row_lcmd
58669c7a3953b668d2e1,N#Cc1ccc(N)cc1,2154,test,8191,qgeognn_v2_row_lcmd
fd5fa962575144327bf4,N#Cc1ccc(N)cc1,2155,u0,8191,qgeognn_v2_row_lcmd
f9a0fbbcf2f61d3843a5,N#Cc1ccc(N)cc1,2156,l0,8191,qgeognn_v2_row_lcmd
a8ae74aecb3b1e85b73c,N#Cc1ccc(N)cc1,2157,u0,8191,qgeognn_v2_row_lcmd
fbf7711e24f45bf06d4f,N#Cc1ccc(N)cc1,2158,u0,8191,qgeognn_v2_row_lcmd
537a64f15ea470d73b03,N#Cc1ccc(N)cc1,2159,validation,8191,qgeognn_v2_row_lcmd
b21061720e23b7a5bdcb,N#Cc1ccc(N)cc1,2160,u0,8191,qgeognn_v2_row_lcmd
2feb7d8e0a3566ddf97f,N#Cc1ccc(N)cc1,2161,l0,8191,qgeognn_v2_row_lcmd
36d971e3231c54486d05,N#Cc1ccc(N)cc1,2162,u0,8191,qgeognn_v2_row_lcmd
ad833f34f6b91872362d,N#Cc1ccc(N)cc1,2163,u0,8191,qgeognn_v2_row_lcmd
b4e0e9dc92fca2c88b90,N#Cc1ccc(N)cc1,2164,u0,8191,qgeognn_v2_row_lcmd
fe66b2381d33aa2ea3a8,N#Cc1ccc(N)cc1,2165,u0,8191,qgeognn_v2_row_lcmd
5258960e057b56ed51f8,N#Cc1cccc(N)c1,2166,u0,8191,qgeognn_v2_row_lcmd
247846e36e9c012df30f,N#Cc1cccc(N)c1,2167,u0,8191,qgeognn_v2_row_lcmd
5a6c740e9306a2ffd60a,N#Cc1cccc(N)c1,2168,test,8191,qgeognn_v2_row_lcmd
19732d5797039e3465b6,N#Cc1cccc(N)c1,2169,u0,8191,qgeognn_v2_row_lcmd
0c24b9414856413c9a67,N#Cc1cccc(N)c1,2170,validation,8191,qgeognn_v2_row_lcmd
f9d4d16c9703edbbe541,N#Cc1cccc(N)c1,2171,u0,8191,qgeognn_v2_row_lcmd
e12edd0198c0d750ecd5,N#Cc1cccc(N)c1,2172,l0,8191,qgeognn_v2_row_lcmd
53a1acff30433cff819f,N#Cc1cccc(N)c1,2173,test,8191,qgeognn_v2_row_lcmd
0ced19fd8372ed93361c,N#Cc1cccc(N)c1,2174,test,8191,qgeognn_v2_row_lcmd
a60552f4d1a5ced4641f,N#Cc1cccc(N)c1,2175,u0,8191,qgeognn_v2_row_lcmd
17902fa9c7f8ea9b456e,N#Cc1cccc(N)c1,2176,u0,8191,qgeognn_v2_row_lcmd
3774a4dac6dd0f01d48d,N#Cc1cccc(N)c1,2177,u0,8191,qgeognn_v2_row_lcmd
f75bc5da37a9811ca823,O=Cc1ccc(C=O)cc1,2178,u0,8191,qgeognn_v2_row_lcmd
141a4d64a7d140eefdc3,O=Cc1ccc(C=O)cc1,2179,u0,8191,qgeognn_v2_row_lcmd
e058e7b399f714dd7930,O=Cc1ccc(C=O)cc1,2180,u0,8191,qgeognn_v2_row_lcmd
e76b02e4aa682c4153d0,O=Cc1ccc(C=O)cc1,2181,u0,8191,qgeognn_v2_row_lcmd
ea9c116dcd66aca4039c,O=Cc1ccc(C=O)cc1,2182,u0,8191,qgeognn_v2_row_lcmd
e5c683a60b64d9cc299c,O=Cc1ccc(C=O)cc1,2183,validation,8191,qgeognn_v2_row_lcmd
b52b86b1b9a2a78f0452,O=Cc1ccc(C=O)cc1,2184,validation,8191,qgeognn_v2_row_lcmd
acdffd73c7b1388ba321,O=Cc1ccc(C=O)cc1,2185,u0,8191,qgeognn_v2_row_lcmd
53becf1a41d72abcc45a,O=Cc1ccc(C=O)cc1,2186,u0,8191,qgeognn_v2_row_lcmd
20711ea4080ba078e890,O=Cc1ccc(C=O)cc1,2187,u0,8191,qgeognn_v2_row_lcmd
b8c35c514f5ef6c0f3bc,O=Cc1ccc(C=O)cc1,2188,u0,8191,qgeognn_v2_row_lcmd
316b7260106904f99ae8,O=Cc1ccc(C=O)cc1,2189,u0,8191,qgeognn_v2_row_lcmd
b0802294da4fd71d0f9d,O=Cc1ccc(C=O)cc1,2190,u0,8191,qgeognn_v2_row_lcmd
bae9d67e095423d8edd2,O=Cc1ccc(C=O)cc1,2191,u0,8191,qgeognn_v2_row_lcmd
eee61f9b1be6b1acbef0,c1ccc(-c2ccccc2)cc1,2192,u0,8191,qgeognn_v2_row_lcmd
1d1e8e2d695f325f148e,c1ccc(-c2ccccc2)cc1,2193,u0,8191,qgeognn_v2_row_lcmd
ef36ab8e507cfc035f9f,c1ccc(-c2ccccc2)cc1,2194,u0,8191,qgeognn_v2_row_lcmd
dbb1d905db14743c9a78,c1ccc(-c2ccccc2)cc1,2195,u0,8191,qgeognn_v2_row_lcmd
e2043dc73ec068cef30a,c1ccc(-c2ccccc2)cc1,2196,u0,8191,qgeognn_v2_row_lcmd
0167d1ccc46bf043be74,c1ccc(-c2ccccc2)cc1,2197,u0,8191,qgeognn_v2_row_lcmd
aa52d57a36f627ec591a,c1ccc(-c2ccccc2)cc1,2198,u0,8191,qgeognn_v2_row_lcmd
e33450e394ad90bf2a20,c1ccc(-c2ccccc2)cc1,2199,u0,8191,qgeognn_v2_row_lcmd
43c92df186ee75e5faba,c1ccc(-c2ccccc2)cc1,2200,u0,8191,qgeognn_v2_row_lcmd
daeabe69828349fa8e49,c1ccc(-c2ccccc2)cc1,2201,u0,8191,qgeognn_v2_row_lcmd
c60d823d6952d3b74efa,c1ccc(-c2ccccc2)cc1,2202,u0,8191,qgeognn_v2_row_lcmd
8303c53f92ada6350f8a,c1ccc(-c2ccccc2)cc1,2203,u0,8191,qgeognn_v2_row_lcmd
3f951f34f769bade4d31,c1ccc(-c2ccccc2)cc1,2204,validation,8191,qgeognn_v2_row_lcmd
d0c3cf60cb8fef1f9e7d,c1ccc(-c2ccccc2)cc1,2205,u0,8191,qgeognn_v2_row_lcmd
a45500adef751d92ffd8,c1ccc(-c2ccccc2)cc1,2206,validation,8191,qgeognn_v2_row_lcmd
8894e4be81344ed2e831,c1ccc(-c2ccccc2)cc1,2207,u0,8191,qgeognn_v2_row_lcmd
b49e40952b28235162d1,c1ccc(-c2ccccc2)cc1,2208,u0,8191,qgeognn_v2_row_lcmd
6cd0b95c2c8fa8799572,c1ccc(-c2ccccc2)cc1,2209,u0,8191,qgeognn_v2_row_lcmd
4a4b159460fe624a95fc,c1ccc(-c2ccccc2)cc1,2210,u0,8191,qgeognn_v2_row_lcmd
b230f983a749fd9f1469,c1ccc(-c2ccccc2)cc1,2211,l0,8191,qgeognn_v2_row_lcmd
e26e37dd7637158bb41c,c1ccc(-c2ccccc2)cc1,2212,u0,8191,qgeognn_v2_row_lcmd
4ed4c718fae143eacb1a,c1ccc2ccccc2c1,2213,u0,8191,qgeognn_v2_row_lcmd
dd2b6cb835831e798229,c1ccc2ccccc2c1,2214,u0,8191,qgeognn_v2_row_lcmd
42686e2f5e55689f092a,c1ccc2ccccc2c1,2215,u0,8191,qgeognn_v2_row_lcmd
63967cf28bac1e6ad3c0,c1ccc2ccccc2c1,2216,u0,8191,qgeognn_v2_row_lcmd
70c04b4ba614e99cbc29,c1ccc2ccccc2c1,2217,l0,8191,qgeognn_v2_row_lcmd
1db0e6b02c58a5022d3e,c1ccc2ccccc2c1,2218,test,8191,qgeognn_v2_row_lcmd
ab6fe239e569be0d7dd2,c1ccc2ccccc2c1,2219,l0,8191,qgeognn_v2_row_lcmd
28c0b15a1130ac8060fb,c1ccc2ccccc2c1,2220,u0,8191,qgeognn_v2_row_lcmd
50dc9c531f5fa893e9ad,c1ccc2ccccc2c1,2221,u0,8191,qgeognn_v2_row_lcmd
f696e9b3be9ec10da758,c1ccc2ccccc2c1,2222,u0,8191,qgeognn_v2_row_lcmd
36767e257ec2c6a901ce,c1ccc2ccccc2c1,2223,u0,8191,qgeognn_v2_row_lcmd
cd767a7bd002d07cbc45,c1ccc2ccccc2c1,2224,test,8191,qgeognn_v2_row_lcmd
de48048a8916e9bf8c99,c1ccc2ccccc2c1,2225,u0,8191,qgeognn_v2_row_lcmd
2050f421f2e882689760,c1ccc2ccccc2c1,2226,l0,8191,qgeognn_v2_row_lcmd
585b6d8a77a998f21285,c1ccc2ccccc2c1,2227,u0,8191,qgeognn_v2_row_lcmd
9fc58dd991e905ad49bb,c1ccc2ccccc2c1,2228,u0,8191,qgeognn_v2_row_lcmd
b68827d8848513f2ec18,c1ccc2ccccc2c1,2229,u0,8191,qgeognn_v2_row_lcmd
054d4605355a706a3605,c1ccc2ccccc2c1,2230,u0,8191,qgeognn_v2_row_lcmd
e598b9cf54086c1c64b2,c1ccc2ccccc2c1,2231,l0,8191,qgeognn_v2_row_lcmd
a211438c3061e39632da,c1ccc2ccccc2c1,2232,validation,8191,qgeognn_v2_row_lcmd
072a39209a501d7d7db5,c1ccc2ccccc2c1,2233,u0,8191,qgeognn_v2_row_lcmd
ade362756cf5f89aea03,OC1(c2ccccc2)CCCCC1,2234,u0,8191,qgeognn_v2_row_lcmd
153cd671a94c0407cc6b,OC1(c2ccccc2)CCCCC1,2235,u0,8191,qgeognn_v2_row_lcmd
d550a2107daf4c532b6a,OC1(c2ccccc2)CCCCC1,2236,u0,8191,qgeognn_v2_row_lcmd
d38814bd9947297635d0,OC1(c2ccccc2)CCCCC1,2237,u0,8191,qgeognn_v2_row_lcmd
2d389074e8eee38a47d4,OC1(c2ccccc2)CCCCC1,2238,test,8191,qgeognn_v2_row_lcmd
d9229993cd394b0710b4,OC1(c2ccccc2)CCCCC1,2239,u0,8191,qgeognn_v2_row_lcmd
9139c55b31e4e4b0e062,OC1(c2ccccc2)CCCCC1,2240,validation,8191,qgeognn_v2_row_lcmd
d11074f9c4f74061ba15,OC1(c2ccccc2)CCCCC1,2241,u0,8191,qgeognn_v2_row_lcmd
ce58f28250c053410654,OC1(c2ccccc2)CCCCC1,2242,u0,8191,qgeognn_v2_row_lcmd
5885d427a26f03e522f3,OC1(c2ccccc2)CCCCC1,2243,u0,8191,qgeognn_v2_row_lcmd
62e730f8ad10cbdd613b,OC1(c2ccccc2)CCCCC1,2244,u0,8191,qgeognn_v2_row_lcmd
eb151126b40eda411ab7,OC1(c2ccccc2)CCCCC1,2245,u0,8191,qgeognn_v2_row_lcmd
fbfb34ddee14b1ea50b1,OC1(c2ccccc2)CCCCC1,2246,u0,8191,qgeognn_v2_row_lcmd
dea19ed5b8959a2a6619,OC1(c2ccccc2)CCCCC1,2247,validation,8191,qgeognn_v2_row_lcmd
04ea307c7b7f3321cc20,OC1(c2ccccc2)CCCCC1,2248,u0,8191,qgeognn_v2_row_lcmd
9ed7c1fb1c2cc499bbf9,OC1(c2ccccc2)CCCCC1,2249,u0,8191,qgeognn_v2_row_lcmd
080258046c2cae5fb2ab,OC1(c2ccccc2)CCCCC1,2250,u0,8191,qgeognn_v2_row_lcmd
66747ae127e03516ffda,OC1(c2ccccc2)CCCCC1,2251,l0,8191,qgeognn_v2_row_lcmd
7d1e51c117cb75485054,Brc1ccc2ccccc2c1,2252,u0,8191,qgeognn_v2_row_lcmd
0a64846870593ff3fc0f,Brc1ccc2ccccc2c1,2253,u0,8191,qgeognn_v2_row_lcmd
ea3e26fb57b15d196fc0,Brc1ccc2ccccc2c1,2254,u0,8191,qgeognn_v2_row_lcmd
9a726343b54b1a50ebb9,Brc1ccc2ccccc2c1,2255,u0,8191,qgeognn_v2_row_lcmd
d979e07040a3ca7229c6,Brc1ccc2ccccc2c1,2256,test,8191,qgeognn_v2_row_lcmd
f902397116230fb405c0,Brc1ccc2ccccc2c1,2257,u0,8191,qgeognn_v2_row_lcmd
63f69c45d160367c7213,Brc1ccc2ccccc2c1,2258,l0,8191,qgeognn_v2_row_lcmd
6aa5ab28f9de62800949,Brc1ccc2ccccc2c1,2259,u0,8191,qgeognn_v2_row_lcmd
b0782bad27d15bd8a272,Brc1ccc2ccccc2c1,2260,u0,8191,qgeognn_v2_row_lcmd
15eaa084fa10ccf9c8af,Brc1ccc2ccccc2c1,2261,u0,8191,qgeognn_v2_row_lcmd
8a52c99147f17c2d2807,Brc1ccc2ccccc2c1,2262,u0,8191,qgeognn_v2_row_lcmd
c44d1ff1ddcebffc626a,Brc1ccc2ccccc2c1,2263,u0,8191,qgeognn_v2_row_lcmd
e143a1e3a3d8d9cdc9ff,Brc1ccc2ccccc2c1,2264,test,8191,qgeognn_v2_row_lcmd
60ef3e08e4fa789b999c,Brc1ccc2ccccc2c1,2265,test,8191,qgeognn_v2_row_lcmd
6b7b11353e2c7cf27d03,Brc1ccc2ccccc2c1,2266,u0,8191,qgeognn_v2_row_lcmd
9a1fe5d1bcd45919e081,Brc1ccc2ccccc2c1,2267,u0,8191,qgeognn_v2_row_lcmd
8a7128aa11d212918ef5,Brc1ccc2ccccc2c1,2268,u0,8191,qgeognn_v2_row_lcmd
c19a58904344cbc4c80b,Brc1ccc2ccccc2c1,2269,u0,8191,qgeognn_v2_row_lcmd
3eeaab90fb52af252a51,Brc1ccc2ccccc2c1,2270,u0,8191,qgeognn_v2_row_lcmd
49774197068e5ae66f69,Brc1ccc2ccccc2c1,2271,u0,8191,qgeognn_v2_row_lcmd
ba5381d85ba24754040c,Brc1ccc2ccccc2c1,2272,u0,8191,qgeognn_v2_row_lcmd
b2bf97a1dcb9d6609f7d,O=S(c1ccccc1)c1ccccc1,2273,u0,8191,qgeognn_v2_row_lcmd
3554059c7f0676bb2e03,O=S(c1ccccc1)c1ccccc1,2274,u0,8191,qgeognn_v2_row_lcmd
a7e095123d7186e83bbb,O=S(c1ccccc1)c1ccccc1,2275,l0,8191,qgeognn_v2_row_lcmd
715cf6b265c19d80e943,O=S(c1ccccc1)c1ccccc1,2276,u0,8191,qgeognn_v2_row_lcmd
b579bb037defe81a2b27,O=S(c1ccccc1)c1ccccc1,2277,u0,8191,qgeognn_v2_row_lcmd
741e52b1633ebf2743f3,O=S(c1ccccc1)c1ccccc1,2278,u0,8191,qgeognn_v2_row_lcmd
9ddc2e8babb52ee8e772,O=S(c1ccccc1)c1ccccc1,2279,test,8191,qgeognn_v2_row_lcmd
b060fa3ae84f80e773d2,O=S(c1ccccc1)c1ccccc1,2280,validation,8191,qgeognn_v2_row_lcmd
d49f2ae16cf70d54ccf4,O=S(c1ccccc1)c1ccccc1,2281,u0,8191,qgeognn_v2_row_lcmd
f82cfd3b57735b0ead3c,O=S(c1ccccc1)c1ccccc1,2282,u0,8191,qgeognn_v2_row_lcmd
714004602e6452764d9a,O=S(c1ccccc1)c1ccccc1,2283,test,8191,qgeognn_v2_row_lcmd
6bd128bde2e137ea54f3,O=S(c1ccccc1)c1ccccc1,2284,u0,8191,qgeognn_v2_row_lcmd
aa83ae83c0fa0cc37777,O=S(c1ccccc1)c1ccccc1,2285,u0,8191,qgeognn_v2_row_lcmd
d456aba90baa6ce0f0fc,COc1ccc(OC)c(Br)c1,2286,u0,8191,qgeognn_v2_row_lcmd
db81247f679ff4f4c336,COc1ccc(OC)c(Br)c1,2287,u0,8191,qgeognn_v2_row_lcmd
5194b147fd4feeed21b8,COc1ccc(OC)c(Br)c1,2288,l0,8191,qgeognn_v2_row_lcmd
38c7016974af225a3cde,COc1ccc(OC)c(Br)c1,2289,u0,8191,qgeognn_v2_row_lcmd
9b31bc79752ad3d192e4,COc1ccc(OC)c(Br)c1,2290,u0,8191,qgeognn_v2_row_lcmd
997c36806af134f14cc7,COc1ccc(OC)c(Br)c1,2291,validation,8191,qgeognn_v2_row_lcmd
aef4c70d74081b04c15e,COc1ccc(OC)c(Br)c1,2292,u0,8191,qgeognn_v2_row_lcmd
ebb30a10744d1458c592,COc1ccc(OC)c(Br)c1,2293,u0,8191,qgeognn_v2_row_lcmd
33e5f308e2ce795483a6,COc1ccc(OC)c(Br)c1,2294,test,8191,qgeognn_v2_row_lcmd
2af28410325677ec79af,COc1ccc(OC)c(Br)c1,2295,l0,8191,qgeognn_v2_row_lcmd
5f00eba1a68a62f23d9b,COc1ccc(OC)c(Br)c1,2296,u0,8191,qgeognn_v2_row_lcmd
a7ad6f7562286d2eb4bf,COc1ccc(OC)c(Br)c1,2297,u0,8191,qgeognn_v2_row_lcmd
ae2d789b6363657d3181,COc1ccc(OC)c(Br)c1,2298,validation,8191,qgeognn_v2_row_lcmd
cea0d1e24499911eed47,COc1ccc(OC)c(Br)c1,2299,u0,8191,qgeognn_v2_row_lcmd
6cca869130d41273d6b5,COc1ccc(OC)c(Br)c1,2300,u0,8191,qgeognn_v2_row_lcmd
27427ea5fe0b9eafb94a,COc1ccc(OC)c(Br)c1,2301,u0,8191,qgeognn_v2_row_lcmd
e69f027cda0eb00f0073,COc1ccc(OC)c(Br)c1,2302,u0,8191,qgeognn_v2_row_lcmd
0da0c1a34a53c41e368a,COc1ccc(OC)c(Br)c1,2303,u0,8191,qgeognn_v2_row_lcmd
199cdd47b9f05e12aaa1,COc1ccc(OC)c(Br)c1,2304,u0,8191,qgeognn_v2_row_lcmd
b4877b0011db295949d5,COc1ccc(OC)c(Br)c1,2305,u0,8191,qgeognn_v2_row_lcmd
0ca8af12f55d34f0dfd9,COc1ccc(OC)c(Br)c1,2306,u0,8191,qgeognn_v2_row_lcmd
6125098643b6e16e10e3,CCC(O)c1ccccc1,2307,u0,8191,qgeognn_v2_row_lcmd
ba886a8f0a4af3f92d70,CCC(O)c1ccccc1,2308,u0,8191,qgeognn_v2_row_lcmd
092f4fb60ce7104a94d9,CCC(O)c1ccccc1,2309,u0,8191,qgeognn_v2_row_lcmd
53280227ec79d55f1912,CCC(O)c1ccccc1,2310,u0,8191,qgeognn_v2_row_lcmd
0f23bd97c7614a46ee0d,CCC(O)c1ccccc1,2311,u0,8191,qgeognn_v2_row_lcmd
f8235c550c614221a158,CCC(O)c1ccccc1,2312,test,8191,qgeognn_v2_row_lcmd
26ead7c5ee68643c421e,CCC(O)c1ccccc1,2313,u0,8191,qgeognn_v2_row_lcmd
18493dd4e68cac01205f,CCC(O)c1ccccc1,2314,u0,8191,qgeognn_v2_row_lcmd
56f8cdbb3999b366d947,CCC(O)c1ccccc1,2315,u0,8191,qgeognn_v2_row_lcmd
209cc7cf667dbec940db,CCC(O)c1ccccc1,2316,validation,8191,qgeognn_v2_row_lcmd
47f2e980caaa77baa535,CCC(O)c1ccccc1,2317,u0,8191,qgeognn_v2_row_lcmd
cb6d3ef1b6dde291fbac,CCC(O)c1ccccc1,2318,test,8191,qgeognn_v2_row_lcmd
db5dcc7b864e0174fcbd,CCC(O)c1ccccc1,2319,u0,8191,qgeognn_v2_row_lcmd
2d11f1fe488a0c917ffe,CCC(O)c1ccccc1,2320,u0,8191,qgeognn_v2_row_lcmd
5e784130c58b8175024e,CCC(O)c1ccccc1,2321,u0,8191,qgeognn_v2_row_lcmd
2cf4f6424b85ab121943,CCC(O)c1ccccc1,2322,u0,8191,qgeognn_v2_row_lcmd
c627405cf70a0daacc94,CCC(O)c1ccccc1,2323,u0,8191,qgeognn_v2_row_lcmd
80f6a235bb59c2a7ea59,CCC(O)c1ccccc1,2324,validation,8191,qgeognn_v2_row_lcmd
4798da99427413ab47cc,OCc1cccc(Br)c1,2325,l0,8191,qgeognn_v2_row_lcmd
a7c6a921728ab0be7c57,OCc1cccc(Br)c1,2326,u0,8191,qgeognn_v2_row_lcmd
3a69b15dc3ddae32533c,OCc1cccc(Br)c1,2327,u0,8191,qgeognn_v2_row_lcmd
d803316212dc6eb862e9,OCc1cccc(Br)c1,2328,u0,8191,qgeognn_v2_row_lcmd
eb36ddda7c31d7efdac5,OCc1cccc(Br)c1,2329,u0,8191,qgeognn_v2_row_lcmd
bcd5c4eaf46f52d68e6f,OCc1cccc(Br)c1,2330,validation,8191,qgeognn_v2_row_lcmd
6be742f06dddb42eb929,OCc1cccc(Br)c1,2331,u0,8191,qgeognn_v2_row_lcmd
8294d63723a29bc21a6b,OCc1cccc(Br)c1,2332,u0,8191,qgeognn_v2_row_lcmd
6cc257b0facade227e36,OCc1cccc(Br)c1,2333,u0,8191,qgeognn_v2_row_lcmd
4e5ead91320bd24d485e,OCc1cccc(Br)c1,2334,u0,8191,qgeognn_v2_row_lcmd
ec6846c0fcb7df17c97d,OCc1cccc(Br)c1,2335,u0,8191,qgeognn_v2_row_lcmd
a7906197994af5c86745,OCc1cccc(Br)c1,2336,u0,8191,qgeognn_v2_row_lcmd
a19f98569910dc7fd6c4,OCc1cccc(Br)c1,2337,validation,8191,qgeognn_v2_row_lcmd
ff3b6b1069b7d66ad021,OCc1cccc(Br)c1,2338,test,8191,qgeognn_v2_row_lcmd
8f5452ff0e84ab2e2057,OCc1cccc(Br)c1,2339,validation,8191,qgeognn_v2_row_lcmd
e8064b0425b1eb0f4a2d,CCOC(=O)c1ccc(OC)cc1,2340,u0,8191,qgeognn_v2_row_lcmd
933e17d426dc7efc96b5,CCOC(=O)c1ccc(OC)cc1,2341,l0,8191,qgeognn_v2_row_lcmd
f5c9c8ef64b230348d9d,CCOC(=O)c1ccc(OC)cc1,2342,u0,8191,qgeognn_v2_row_lcmd
fd3a369b0bc0681cddd7,CCOC(=O)c1ccc(OC)cc1,2343,test,8191,qgeognn_v2_row_lcmd
086c54fea97e433c7cd8,CCOC(=O)c1ccc(OC)cc1,2344,u0,8191,qgeognn_v2_row_lcmd
5b59ad006ee758a4691e,CCOC(=O)c1ccc(OC)cc1,2345,u0,8191,qgeognn_v2_row_lcmd
a05ccef9e073f648892e,CCOC(=O)c1ccc(OC)cc1,2346,u0,8191,qgeognn_v2_row_lcmd
981a11d7d65c8e5597f9,CCOC(=O)c1ccc(OC)cc1,2347,u0,8191,qgeognn_v2_row_lcmd
0637945ca309d8122e64,CCOC(=O)c1ccc(OC)cc1,2348,u0,8191,qgeognn_v2_row_lcmd
c449ecc5ee6acf61bddb,CCOC(=O)c1ccc(OC)cc1,2349,u0,8191,qgeognn_v2_row_lcmd
b324251a07260af49364,CCOC(=O)c1ccc(OC)cc1,2350,test,8191,qgeognn_v2_row_lcmd
c1b9b6fc781ab8519301,CCOC(=O)c1ccc(OC)cc1,2351,u0,8191,qgeognn_v2_row_lcmd
8b197f0ed5860f909b5f,CCOC(=O)c1ccc(OC)cc1,2352,u0,8191,qgeognn_v2_row_lcmd
0c06011beeb8325569a8,CCOC(=O)c1ccc(OC)cc1,2353,u0,8191,qgeognn_v2_row_lcmd
ef809aee1c6b06021475,CCOC(=O)c1ccc(OC)cc1,2354,u0,8191,qgeognn_v2_row_lcmd
eed75e5b0d9c27fa754c,CCOC(=O)c1ccc(OC)cc1,2355,validation,8191,qgeognn_v2_row_lcmd
690924276beda2d5e719,CCOC(=O)c1ccc(OC)cc1,2356,u0,8191,qgeognn_v2_row_lcmd
6d54149d618f026681ef,CCOC(=O)c1ccc(OC)cc1,2357,u0,8191,qgeognn_v2_row_lcmd
810b16f35a3a86f451ce,CCOC(=O)c1ccc(OC)cc1,2358,u0,8191,qgeognn_v2_row_lcmd
b7cbf8a3f54b6d586198,CCOC(=O)c1ccc(OC)cc1,2359,u0,8191,qgeognn_v2_row_lcmd
8a4623d640cc619f2639,CCOC(=O)c1ccc(OC)cc1,2360,test,8191,qgeognn_v2_row_lcmd
db51722e47c78067c744,O=[P+](Oc1ccccc1)Oc1ccccc1,2361,u0,8191,qgeognn_v2_row_lcmd
8fb287430f3df6d0b3dd,O=[P+](Oc1ccccc1)Oc1ccccc1,2362,u0,8191,qgeognn_v2_row_lcmd
51691caac0be166b02c7,O=[P+](Oc1ccccc1)Oc1ccccc1,2363,u0,8191,qgeognn_v2_row_lcmd
2f5ad80c46080b17df41,O=[P+](Oc1ccccc1)Oc1ccccc1,2364,u0,8191,qgeognn_v2_row_lcmd
87a651fc86ed976bd374,O=[P+](Oc1ccccc1)Oc1ccccc1,2365,u0,8191,qgeognn_v2_row_lcmd
59f48cda668bdb63730d,O=[P+](Oc1ccccc1)Oc1ccccc1,2366,u0,8191,qgeognn_v2_row_lcmd
c6e28d5262ab7fb32107,O=[P+](Oc1ccccc1)Oc1ccccc1,2367,u0,8191,qgeognn_v2_row_lcmd
d834329bf2be8835bae6,O=[P+](Oc1ccccc1)Oc1ccccc1,2368,test,8191,qgeognn_v2_row_lcmd
942c95c0b3a64c876639,O=[P+](Oc1ccccc1)Oc1ccccc1,2369,u0,8191,qgeognn_v2_row_lcmd
4f88870ad666191b8ea7,O=[P+](Oc1ccccc1)Oc1ccccc1,2370,u0,8191,qgeognn_v2_row_lcmd
86258f5c8ffdb874521f,O=[P+](Oc1ccccc1)Oc1ccccc1,2371,u0,8191,qgeognn_v2_row_lcmd
7de812bda21b4dfe46dc,O=[P+](Oc1ccccc1)Oc1ccccc1,2372,u0,8191,qgeognn_v2_row_lcmd
902937db42f82f467718,O=[P+](Oc1ccccc1)Oc1ccccc1,2373,u0,8191,qgeognn_v2_row_lcmd
cb446680f62351d087a9,O=[P+](Oc1ccccc1)Oc1ccccc1,2374,u0,8191,qgeognn_v2_row_lcmd
ffce38d1efef72b70494,COC(=O)Cc1cccc2ccccc12,2375,u0,8191,qgeognn_v2_row_lcmd
2a0989455ef87177be63,COC(=O)Cc1cccc2ccccc12,2376,l0,8191,qgeognn_v2_row_lcmd
270f5bc8674d152e552e,COC(=O)Cc1cccc2ccccc12,2377,u0,8191,qgeognn_v2_row_lcmd
0300fa0e76a48bcc6bcd,COC(=O)Cc1cccc2ccccc12,2378,u0,8191,qgeognn_v2_row_lcmd
038c2ece456c59cf6285,COC(=O)Cc1cccc2ccccc12,2379,u0,8191,qgeognn_v2_row_lcmd
4d7ac91993f7287406c8,COC(=O)Cc1cccc2ccccc12,2380,test,8191,qgeognn_v2_row_lcmd
9ad00109e888c57d5d30,COC(=O)Cc1cccc2ccccc12,2381,l0,8191,qgeognn_v2_row_lcmd
0ac26ae17436d491f432,COC(=O)Cc1cccc2ccccc12,2382,test,8191,qgeognn_v2_row_lcmd
f17690c586ce5d166eb0,COC(=O)Cc1cccc2ccccc12,2383,u0,8191,qgeognn_v2_row_lcmd
2afa724a60f596feafb1,COC(=O)Cc1cccc2ccccc12,2384,u0,8191,qgeognn_v2_row_lcmd
87ada91b7803cfd9f767,COC(=O)Cc1cccc2ccccc12,2385,u0,8191,qgeognn_v2_row_lcmd
a4d269310b605d198465,COC(=O)Cc1cccc2ccccc12,2386,u0,8191,qgeognn_v2_row_lcmd
6c79b254471fec29c482,COC(=O)Cc1cccc2ccccc12,2387,test,8191,qgeognn_v2_row_lcmd
b3f456e3c4a350277eaa,COC(=O)Cc1cccc2ccccc12,2388,u0,8191,qgeognn_v2_row_lcmd
b40d8c452de81f2360b9,COC(=O)Cc1cccc2ccccc12,2389,u0,8191,qgeognn_v2_row_lcmd
3cd0aa35793392d15513,COC(=O)Cc1cccc2ccccc12,2390,u0,8191,qgeognn_v2_row_lcmd
752c884154a739045315,COC(=O)Cc1cccc2ccccc12,2391,u0,8191,qgeognn_v2_row_lcmd
4d3dddb7f2bd6bdeb5ea,COC(=O)Cc1cccc2ccccc12,2392,u0,8191,qgeognn_v2_row_lcmd
c80022254967f6a925f3,COC(=O)Cc1cccc2ccccc12,2393,test,8191,qgeognn_v2_row_lcmd
25fcfe22a4504f391482,COC(=O)Cc1cccc2ccccc12,2394,u0,8191,qgeognn_v2_row_lcmd
67fa39740fcf946a3154,COC(=O)Cc1cccc2ccccc12,2395,u0,8191,qgeognn_v2_row_lcmd
a355e45067146220aeb4,O=C1CCc2ccccc2O1,2396,test,8191,qgeognn_v2_row_lcmd
b2ef457b41d15be60154,O=C1CCc2ccccc2O1,2397,u0,8191,qgeognn_v2_row_lcmd
a8af004884132bf837cb,O=C1CCc2ccccc2O1,2398,l0,8191,qgeognn_v2_row_lcmd
4a565c53862a9a8c3de3,O=C1CCc2ccccc2O1,2399,l0,8191,qgeognn_v2_row_lcmd
a078de17bee0be4edb9a,O=C1CCc2ccccc2O1,2400,u0,8191,qgeognn_v2_row_lcmd
7835a90463543f061bd7,O=C1CCc2ccccc2O1,2401,u0,8191,qgeognn_v2_row_lcmd
eedc2caf00196610c74d,O=C1CCc2ccccc2O1,2402,u0,8191,qgeognn_v2_row_lcmd
36f417057065d5f3290f,O=C1CCc2ccccc2O1,2403,l0,8191,qgeognn_v2_row_lcmd
20d161840f4253ea98bc,O=C1CCc2ccccc2O1,2404,u0,8191,qgeognn_v2_row_lcmd
fd327bd31cbab5b296a7,O=C1CCc2ccccc2O1,2405,u0,8191,qgeognn_v2_row_lcmd
8fb7f07df563e78786b2,O=C1CCc2ccccc2O1,2406,l0,8191,qgeognn_v2_row_lcmd
827a3b0963882acf7f7a,O=C1CCc2ccccc2O1,2407,u0,8191,qgeognn_v2_row_lcmd
2cc7c8ae52cdb25ca284,O=C1CCc2ccccc2O1,2408,l0,8191,qgeognn_v2_row_lcmd
989b2145455d703d3b6d,O=C1CCc2ccccc2O1,2409,u0,8191,qgeognn_v2_row_lcmd
64c9e190e213bb061867,O=C1CCc2ccccc2O1,2410,u0,8191,qgeognn_v2_row_lcmd
87265e4a49086b6ac4eb,O=C1CCc2ccccc2O1,2411,u0,8191,qgeognn_v2_row_lcmd
10ea0c665f5ba7c91bbf,O=C1CCc2ccccc2O1,2412,u0,8191,qgeognn_v2_row_lcmd
0655d71fcec0d1c3c73f,O=C1CCc2ccccc2O1,2413,u0,8191,qgeognn_v2_row_lcmd
3163a9b58f1a52a1992c,O=C1CCc2ccccc2O1,2414,u0,8191,qgeognn_v2_row_lcmd
84457536bb50a7061808,CC(Br)C(=O)OC(C)(C)C,2415,u0,8191,qgeognn_v2_row_lcmd
6700854991c876090fca,CC(Br)C(=O)OC(C)(C)C,2416,u0,8191,qgeognn_v2_row_lcmd
ac5d83c43c312ae6b483,CC(Br)C(=O)OC(C)(C)C,2417,u0,8191,qgeognn_v2_row_lcmd
84a50941febef9dc2c8f,CC(Br)C(=O)OC(C)(C)C,2418,u0,8191,qgeognn_v2_row_lcmd
618acf9d7f5c9ed075eb,CC(Br)C(=O)OC(C)(C)C,2419,u0,8191,qgeognn_v2_row_lcmd
69e5210bdf6ccaba2d52,CC(Br)C(=O)OC(C)(C)C,2420,test,8191,qgeognn_v2_row_lcmd
1e5f275917d54ddaf03b,CC(Br)C(=O)OC(C)(C)C,2421,u0,8191,qgeognn_v2_row_lcmd
8590e2327b8ea7b7c98d,CC(Br)C(=O)OC(C)(C)C,2422,u0,8191,qgeognn_v2_row_lcmd
ad7cc17e8d2615575fe3,CC(Br)C(=O)OC(C)(C)C,2423,l0,8191,qgeognn_v2_row_lcmd
7f6f388120dfba7e001f,CC(Br)C(=O)OC(C)(C)C,2424,l0,8191,qgeognn_v2_row_lcmd
ca7dae83bccf2ecdcbc3,CC(Br)C(=O)OC(C)(C)C,2425,u0,8191,qgeognn_v2_row_lcmd
8bdfcbb560c240779ef1,CC(Br)C(=O)OC(C)(C)C,2426,u0,8191,qgeognn_v2_row_lcmd
a68d5f44aba74a6e6d91,CC(Br)C(=O)OC(C)(C)C,2427,test,8191,qgeognn_v2_row_lcmd
44a463059299cc1ea6e7,CC(Br)C(=O)OC(C)(C)C,2428,u0,8191,qgeognn_v2_row_lcmd
8468c4637a9ce85ddaa7,CC(Br)C(=O)OC(C)(C)C,2429,u0,8191,qgeognn_v2_row_lcmd
ad98d4ead60516eb3972,CC(Br)C(=O)OC(C)(C)C,2430,u0,8191,qgeognn_v2_row_lcmd
9fbe1ff1f15a0511c54c,CC(Br)C(=O)OC(C)(C)C,2431,validation,8191,qgeognn_v2_row_lcmd
9ef71351fbc1a53c2bf9,CC(Br)C(=O)OC(C)(C)C,2432,u0,8191,qgeognn_v2_row_lcmd
f31b175e4f53cac6ea11,CC(Br)C(=O)OC(C)(C)C,2433,u0,8191,qgeognn_v2_row_lcmd
34e5e03737a88f40fa19,CC(Br)C(=O)OC(C)(C)C,2434,test,8191,qgeognn_v2_row_lcmd
9a2827b8fbd3fba49050,CC(Br)C(=O)OC(C)(C)C,2435,u0,8191,qgeognn_v2_row_lcmd
9a9b50816ec47f1cd755,CCOC(=O)c1cccnc1,2436,u0,8191,qgeognn_v2_row_lcmd
20d919989660f0116d9e,CCOC(=O)c1cccnc1,2437,u0,8191,qgeognn_v2_row_lcmd
f868ccbcbf392038fe36,CCOC(=O)c1cccnc1,2438,u0,8191,qgeognn_v2_row_lcmd
64f99f02d02cc2d0791d,CCOC(=O)c1cccnc1,2439,u0,8191,qgeognn_v2_row_lcmd
31232902f2b6f3a67c60,CCOC(=O)c1cccnc1,2440,u0,8191,qgeognn_v2_row_lcmd
6f827d26c4f82a1bfa90,CCOC(=O)c1cccnc1,2441,test,8191,qgeognn_v2_row_lcmd
6a4e95d2a3cca31094a1,CCOC(=O)c1cccnc1,2442,u0,8191,qgeognn_v2_row_lcmd
0460dfc4e1747f0fc92c,CCOC(=O)c1cccnc1,2443,u0,8191,qgeognn_v2_row_lcmd
22f82413c75481d74e9b,CCOC(=O)c1cccnc1,2444,validation,8191,qgeognn_v2_row_lcmd
29db30571b2a1ae59cc7,CCOC(=O)c1cccnc1,2445,u0,8191,qgeognn_v2_row_lcmd
855832bd4005ac7abdc6,CCOC(=O)c1cccnc1,2446,u0,8191,qgeognn_v2_row_lcmd
b51b5dbcd2a38b174973,CCOC(=O)c1cccnc1,2447,u0,8191,qgeognn_v2_row_lcmd
96710afeabc594baa359,CCOC(=O)c1cccnc1,2448,u0,8191,qgeognn_v2_row_lcmd
c76d0420b34df595c0c9,CCOC(=O)c1cccnc1,2449,u0,8191,qgeognn_v2_row_lcmd
bd04bce318b9a6fe2f60,Brc1cc(-c2ccccc2)cc(-c2ccccc2)c1,2450,u0,8191,qgeognn_v2_row_lcmd
3bb1d388702c98c505de,Brc1cc(-c2ccccc2)cc(-c2ccccc2)c1,2451,u0,8191,qgeognn_v2_row_lcmd
8340b51546d211789a45,Brc1cc(-c2ccccc2)cc(-c2ccccc2)c1,2452,validation,8191,qgeognn_v2_row_lcmd
c3feac62808af7335473,Brc1cc(-c2ccccc2)cc(-c2ccccc2)c1,2453,validation,8191,qgeognn_v2_row_lcmd
351199afabc71b80aa4e,Brc1cc(-c2ccccc2)cc(-c2ccccc2)c1,2454,u0,8191,qgeognn_v2_row_lcmd
c2222e1974033abfcc10,Brc1cc(-c2ccccc2)cc(-c2ccccc2)c1,2455,u0,8191,qgeognn_v2_row_lcmd
26d65d4171bcd03f7ee3,Brc1cc(-c2ccccc2)cc(-c2ccccc2)c1,2456,u0,8191,qgeognn_v2_row_lcmd
5b5e5053f089dcffd674,Brc1cc(-c2ccccc2)cc(-c2ccccc2)c1,2457,u0,8191,qgeognn_v2_row_lcmd
0ee34370dd3159941bdc,Brc1cc(-c2ccccc2)cc(-c2ccccc2)c1,2458,u0,8191,qgeognn_v2_row_lcmd
1965d663b09320f566a5,Brc1cc(-c2ccccc2)cc(-c2ccccc2)c1,2459,u0,8191,qgeognn_v2_row_lcmd
c59ffcab9329339d3e91,Brc1cc(-c2ccccc2)cc(-c2ccccc2)c1,2460,validation,8191,qgeognn_v2_row_lcmd
40b5d3fdb9b234c05be5,Brc1cc(-c2ccccc2)cc(-c2ccccc2)c1,2461,u0,8191,qgeognn_v2_row_lcmd
8048dcef1d7c5237b474,Brc1cc(-c2ccccc2)cc(-c2ccccc2)c1,2462,u0,8191,qgeognn_v2_row_lcmd
8ba04fd976f536e8340b,Brc1cc(-c2ccccc2)cc(-c2ccccc2)c1,2463,u0,8191,qgeognn_v2_row_lcmd
f82ada7b7829522e1c9c,Brc1cc(-c2ccccc2)cc(-c2ccccc2)c1,2464,u0,8191,qgeognn_v2_row_lcmd
60d0510d3f8c8d6644dd,Brc1cc(-c2ccccc2)cc(-c2ccccc2)c1,2465,test,8191,qgeognn_v2_row_lcmd
c25aed72c162a62800ce,Brc1cc(-c2ccccc2)cc(-c2ccccc2)c1,2466,u0,8191,qgeognn_v2_row_lcmd
d4e24b1c20fdf74a197f,Brc1cc(-c2ccccc2)cc(-c2ccccc2)c1,2467,test,8191,qgeognn_v2_row_lcmd
f31917e9b529f3a4126a,Brc1cc(-c2ccccc2)cc(-c2ccccc2)c1,2468,u0,8191,qgeognn_v2_row_lcmd
8a7e4cadaea654017cb4,Brc1cc(-c2ccccc2)cc(-c2ccccc2)c1,2469,u0,8191,qgeognn_v2_row_lcmd
7c44f4c46906e8f36cd1,Brc1cc(-c2ccccc2)cc(-c2ccccc2)c1,2470,l0,8191,qgeognn_v2_row_lcmd
ece815bb9caf05c4cf62,Ic1ccc(I)cc1,2471,validation,8191,qgeognn_v2_row_lcmd
ada006a63d5f5bb2d92f,Ic1ccc(I)cc1,2472,validation,8191,qgeognn_v2_row_lcmd
8850f83121d2dae0c774,Ic1ccc(I)cc1,2473,u0,8191,qgeognn_v2_row_lcmd
af0f017d8214d08aa24f,Ic1ccc(I)cc1,2474,u0,8191,qgeognn_v2_row_lcmd
825a7ebe0905718755c4,Ic1ccc(I)cc1,2475,l0,8191,qgeognn_v2_row_lcmd
de76e09158de78efb2d8,Ic1ccc(I)cc1,2476,u0,8191,qgeognn_v2_row_lcmd
9046ef1d90ff9bb08297,Ic1ccc(I)cc1,2477,u0,8191,qgeognn_v2_row_lcmd
90b458cad40e4d8b82fd,Ic1ccc(I)cc1,2478,u0,8191,qgeognn_v2_row_lcmd
401d40be087039c8f592,Ic1ccc(I)cc1,2479,u0,8191,qgeognn_v2_row_lcmd
1ed429d68bc4e2aa3434,Ic1ccc(I)cc1,2480,u0,8191,qgeognn_v2_row_lcmd
d17eab369aebf6745a89,Ic1ccc(I)cc1,2481,u0,8191,qgeognn_v2_row_lcmd
ef66ddd22d87be908947,Ic1ccc(I)cc1,2482,l0,8191,qgeognn_v2_row_lcmd
6348f80546c20a88b318,Ic1ccc(I)cc1,2483,u0,8191,qgeognn_v2_row_lcmd
8755c59209c36519ca2d,Ic1ccc(I)cc1,2484,u0,8191,qgeognn_v2_row_lcmd
0d1de4d9779730c6f1e1,Ic1ccc(I)cc1,2485,u0,8191,qgeognn_v2_row_lcmd
b9682bf3eb345e24a41f,Ic1ccc(I)cc1,2486,u0,8191,qgeognn_v2_row_lcmd
e7822c39ef85d865552b,Ic1ccc(I)cc1,2487,test,8191,qgeognn_v2_row_lcmd
60177694d9cd2c7da064,Ic1ccc(I)cc1,2488,u0,8191,qgeognn_v2_row_lcmd
d5b6201c7690d729361c,Ic1ccc(I)cc1,2489,u0,8191,qgeognn_v2_row_lcmd
51b57cfd0a20117aab60,Ic1ccc(I)cc1,2490,validation,8191,qgeognn_v2_row_lcmd
a39b54ec29efd4464245,Ic1ccc(I)cc1,2491,test,8191,qgeognn_v2_row_lcmd
d1048b4ed2f23db0e4f0,COC(=O)c1ccc(Cl)cc1,2492,test,8191,qgeognn_v2_row_lcmd
6269d4154d62e1f5d91b,COC(=O)c1ccc(Cl)cc1,2493,u0,8191,qgeognn_v2_row_lcmd
639c0892794e3fbde9b7,COC(=O)c1ccc(Cl)cc1,2494,u0,8191,qgeognn_v2_row_lcmd
1de0df01db7a3b665672,COC(=O)c1ccc(Cl)cc1,2495,l0,8191,qgeognn_v2_row_lcmd
872c1c869210d02cb1a6,COC(=O)c1ccc(Cl)cc1,2496,validation,8191,qgeognn_v2_row_lcmd
0e1077de5484a2b63b08,COC(=O)c1ccc(Cl)cc1,2497,u0,8191,qgeognn_v2_row_lcmd
5089e714749798908bde,COC(=O)c1ccc(Cl)cc1,2498,validation,8191,qgeognn_v2_row_lcmd
245baab1821d3ff8ac0b,COC(=O)c1ccc(Cl)cc1,2499,u0,8191,qgeognn_v2_row_lcmd
5f2d334127042d32a9c7,COC(=O)c1ccc(Cl)cc1,2500,test,8191,qgeognn_v2_row_lcmd
0af62ac5a629ff0e38c4,COC(=O)c1ccc(Cl)cc1,2501,u0,8191,qgeognn_v2_row_lcmd
656a6ed1f18a582de4c3,COC(=O)c1ccc(Cl)cc1,2502,u0,8191,qgeognn_v2_row_lcmd
e37162f8d571d5b4cd9f,COC(=O)c1ccc(Cl)cc1,2503,l0,8191,qgeognn_v2_row_lcmd
c09610c4f397a91e89fb,COC(=O)c1ccc(Cl)cc1,2504,u0,8191,qgeognn_v2_row_lcmd
95c74e404e629c201615,COC(=O)c1ccc(Cl)cc1,2505,u0,8191,qgeognn_v2_row_lcmd
2151afbd54319dc04692,COC(=O)c1ccc(Cl)cc1,2506,u0,8191,qgeognn_v2_row_lcmd
09b222eabddb5c300af9,COC(=O)c1ccc(Cl)cc1,2507,test,8191,qgeognn_v2_row_lcmd
07f6d8c342b66a49bb4e,COC(=O)c1ccc(Cl)cc1,2508,u0,8191,qgeognn_v2_row_lcmd
8e0b5e430c52b11e3c3f,COC(=O)c1ccc(Cl)cc1,2509,u0,8191,qgeognn_v2_row_lcmd
18eb8ff2b9699bbdb4f1,COC(=O)c1ccc(Cl)cc1,2510,u0,8191,qgeognn_v2_row_lcmd
ede97e1f4b6e7fe9a7eb,COC(=O)c1ccc(Cl)cc1,2511,validation,8191,qgeognn_v2_row_lcmd
8d79808de7b5a47aefcd,COC(=O)c1ccc(Cl)cc1,2512,u0,8191,qgeognn_v2_row_lcmd
2d1e1a0500e043e38a25,COc1cc(Br)cc(OC)c1,2513,u0,8191,qgeognn_v2_row_lcmd
039b93251c132d8f8438,COc1cc(Br)cc(OC)c1,2514,l0,8191,qgeognn_v2_row_lcmd
cc1d514fd5a5a55b4569,COc1cc(Br)cc(OC)c1,2515,u0,8191,qgeognn_v2_row_lcmd
2d5dd47ac3fcf38226c3,COc1cc(Br)cc(OC)c1,2516,u0,8191,qgeognn_v2_row_lcmd
953149e1525e6f393546,COc1cc(Br)cc(OC)c1,2517,u0,8191,qgeognn_v2_row_lcmd
74ecab0a11898dede473,COc1cc(Br)cc(OC)c1,2518,l0,8191,qgeognn_v2_row_lcmd
0a556ab193222863f8b8,COc1cc(Br)cc(OC)c1,2519,u0,8191,qgeognn_v2_row_lcmd
4d07777ffa2c1d2f6254,COc1cc(Br)cc(OC)c1,2520,u0,8191,qgeognn_v2_row_lcmd
b07d71a5f4dd9000b77c,COc1cc(Br)cc(OC)c1,2521,test,8191,qgeognn_v2_row_lcmd
51e19edd60643f4e0804,COc1cc(Br)cc(OC)c1,2522,u0,8191,qgeognn_v2_row_lcmd
4057fc61f5d0f7deb4c0,COc1cc(Br)cc(OC)c1,2523,validation,8191,qgeognn_v2_row_lcmd
9b2802d54c5dd886514d,COc1cc(Br)cc(OC)c1,2524,u0,8191,qgeognn_v2_row_lcmd
75f1650706d11848a73a,COc1cc(Br)cc(OC)c1,2525,u0,8191,qgeognn_v2_row_lcmd
2291ff5611de182e3dbc,COc1cc(Br)cc(OC)c1,2526,u0,8191,qgeognn_v2_row_lcmd
4c6d97ce01feaef665c7,COc1cc(Br)cc(OC)c1,2527,u0,8191,qgeognn_v2_row_lcmd
a50ebfd1e5bcdfe74722,COc1cc(Br)cc(OC)c1,2528,u0,8191,qgeognn_v2_row_lcmd
941f69aeb5995f34ea50,COc1cc(Br)cc(OC)c1,2529,u0,8191,qgeognn_v2_row_lcmd
2486f5f33a2106f6a2e5,COc1cc(Br)cc(OC)c1,2530,u0,8191,qgeognn_v2_row_lcmd
dbbaf7572643228cf3aa,COc1cc(Br)cc(OC)c1,2531,validation,8191,qgeognn_v2_row_lcmd
b10935e1e299a91c24c3,COc1cc(Br)cc(OC)c1,2532,l0,8191,qgeognn_v2_row_lcmd
636491dd3f00eef5ba6f,COc1cc(Br)cc(OC)c1,2533,validation,8191,qgeognn_v2_row_lcmd
ccfa0b9df9a77aeb56f5,BrCc1ccccc1CBr,2534,u0,8191,qgeognn_v2_row_lcmd
764fef9a1c70175d432f,BrCc1ccccc1CBr,2535,u0,8191,qgeognn_v2_row_lcmd
bf8b91d07c4d997bc74d,BrCc1ccccc1CBr,2536,u0,8191,qgeognn_v2_row_lcmd
10348a0af7836c3323fe,BrCc1ccccc1CBr,2537,u0,8191,qgeognn_v2_row_lcmd
6f8477857e3c4b4f188b,BrCc1ccccc1CBr,2538,l0,8191,qgeognn_v2_row_lcmd
0edebff9e3a9a09d147c,BrCc1ccccc1CBr,2539,u0,8191,qgeognn_v2_row_lcmd
bdb0ef0bddafb45d4620,BrCc1ccccc1CBr,2540,l0,8191,qgeognn_v2_row_lcmd
5f9e925915a24b3422e6,BrCc1ccccc1CBr,2541,validation,8191,qgeognn_v2_row_lcmd
37f8a68f3fd76dd63fb7,BrCc1ccccc1CBr,2542,u0,8191,qgeognn_v2_row_lcmd
42f51d4ace7e9bf08452,BrCc1ccccc1CBr,2543,validation,8191,qgeognn_v2_row_lcmd
f2d70789748f1f0b5076,BrCc1ccccc1CBr,2544,u0,8191,qgeognn_v2_row_lcmd
c002be523c4278ee2e6f,BrCc1ccccc1CBr,2545,u0,8191,qgeognn_v2_row_lcmd
906af8aff07cf20bb607,BrCc1ccccc1CBr,2546,u0,8191,qgeognn_v2_row_lcmd
2d5adb5a4d8b98e22d1e,BrCc1ccccc1CBr,2547,u0,8191,qgeognn_v2_row_lcmd
44836ca8081c1f1afc9a,BrCc1ccccc1CBr,2548,u0,8191,qgeognn_v2_row_lcmd
d2b7a89da45496f37d78,BrCc1ccccc1CBr,2549,validation,8191,qgeognn_v2_row_lcmd
6f508025e3429b20ff7f,BrCc1ccccc1CBr,2550,test,8191,qgeognn_v2_row_lcmd
76adbcf0cdc6b3eed8e3,BrCc1ccccc1CBr,2551,u0,8191,qgeognn_v2_row_lcmd
acb69a388b3ff309b6c0,BrCc1ccccc1CBr,2552,u0,8191,qgeognn_v2_row_lcmd
783440b6fe10f6a948a3,BrCc1ccccc1CBr,2553,u0,8191,qgeognn_v2_row_lcmd
6ab30af49df4a72750ac,BrCc1ccccc1CBr,2554,validation,8191,qgeognn_v2_row_lcmd
b0f83f107759037eea65,OCc1ccc2ccccc2c1,2555,u0,8191,qgeognn_v2_row_lcmd
18d13a057c8c8b316800,OCc1ccc2ccccc2c1,2556,u0,8191,qgeognn_v2_row_lcmd
035c26f2979b6bb5c0b5,OCc1ccc2ccccc2c1,2557,u0,8191,qgeognn_v2_row_lcmd
fe69b1dbb4d976f830cd,OCc1ccc2ccccc2c1,2558,test,8191,qgeognn_v2_row_lcmd
53ceb391785085223695,OCc1ccc2ccccc2c1,2559,test,8191,qgeognn_v2_row_lcmd
a4fc5d66da363324e2bf,OCc1ccc2ccccc2c1,2560,u0,8191,qgeognn_v2_row_lcmd
7c0c324643799c918828,OCc1ccc2ccccc2c1,2561,u0,8191,qgeognn_v2_row_lcmd
13bfaf03c35b4cff3bd5,OCc1ccc2ccccc2c1,2562,test,8191,qgeognn_v2_row_lcmd
a6145bb0c9947f9515df,OCc1ccc2ccccc2c1,2563,l0,8191,qgeognn_v2_row_lcmd
614873124b33029a924c,OCc1ccc2ccccc2c1,2564,test,8191,qgeognn_v2_row_lcmd
cdf40bcb3f4392f8d7d1,OCc1ccc2ccccc2c1,2565,u0,8191,qgeognn_v2_row_lcmd
b7cf293311f83700cd9a,OCc1ccc2ccccc2c1,2566,u0,8191,qgeognn_v2_row_lcmd
3d86ca978d1dc95c507a,COC(=O)Cc1ccc(Br)cc1,2567,u0,8191,qgeognn_v2_row_lcmd
ca7faa605430c91c04cc,COC(=O)Cc1ccc(Br)cc1,2568,u0,8191,qgeognn_v2_row_lcmd
b39965f001aec0e5c1de,COC(=O)Cc1ccc(Br)cc1,2569,u0,8191,qgeognn_v2_row_lcmd
b0121185356dad207689,COC(=O)Cc1ccc(Br)cc1,2570,u0,8191,qgeognn_v2_row_lcmd
0b540a11a900ffa66fb2,COC(=O)Cc1ccc(Br)cc1,2571,u0,8191,qgeognn_v2_row_lcmd
af999f675454be1dbd4d,COC(=O)Cc1ccc(Br)cc1,2572,u0,8191,qgeognn_v2_row_lcmd
f98bfb82fe6bf80db29b,COC(=O)Cc1ccc(Br)cc1,2573,u0,8191,qgeognn_v2_row_lcmd
c64e23f51d1eb902808a,COC(=O)Cc1ccc(Br)cc1,2574,u0,8191,qgeognn_v2_row_lcmd
31e319070db1f9767b3e,COC(=O)Cc1ccc(Br)cc1,2575,l0,8191,qgeognn_v2_row_lcmd
d08c07ef89819d912759,COC(=O)Cc1ccc(Br)cc1,2576,u0,8191,qgeognn_v2_row_lcmd
49bf28215b10617f0914,COC(=O)Cc1ccc(Br)cc1,2577,u0,8191,qgeognn_v2_row_lcmd
aa7ba70b73157b1db11e,COC(=O)Cc1ccc(Br)cc1,2578,validation,8191,qgeognn_v2_row_lcmd
422ee7951888bafd55f4,COC(=O)Cc1ccc(Br)cc1,2579,u0,8191,qgeognn_v2_row_lcmd
e5e2c9dac97e9132f66f,COC(=O)Cc1ccc(Br)cc1,2580,u0,8191,qgeognn_v2_row_lcmd
51da06b530ccda00427a,COC(=O)Cc1ccc(Br)cc1,2581,u0,8191,qgeognn_v2_row_lcmd
88d14a06520635fcb6ae,COC(=O)Cc1ccc(Br)cc1,2582,u0,8191,qgeognn_v2_row_lcmd
80762b40f399bb68342a,COC(=O)Cc1ccc(Br)cc1,2583,u0,8191,qgeognn_v2_row_lcmd
d737499ef6500d57b008,COC(=O)Cc1ccc(Br)cc1,2584,u0,8191,qgeognn_v2_row_lcmd
13f4ada439a309a538b8,COC(=O)Cc1ccc(Br)cc1,2585,u0,8191,qgeognn_v2_row_lcmd
105457e008d11073c7b7,COC(=O)Cc1ccc(Br)cc1,2586,u0,8191,qgeognn_v2_row_lcmd
c7e762106a9ec0d9ea75,COC(=O)Cc1ccc(Br)cc1,2587,u0,8191,qgeognn_v2_row_lcmd
83326d8b972b1f3325e4,COC(=O)[C@H](O)c1ccccc1,2588,u0,8191,qgeognn_v2_row_lcmd
c19767fb04f6a760572d,COC(=O)[C@H](O)c1ccccc1,2589,u0,8191,qgeognn_v2_row_lcmd
1ab945e238082f589bc3,COC(=O)[C@H](O)c1ccccc1,2590,u0,8191,qgeognn_v2_row_lcmd
67b03e9099ef99d26eb1,COC(=O)[C@H](O)c1ccccc1,2591,u0,8191,qgeognn_v2_row_lcmd
36786ca0d1deaa0687ba,COC(=O)[C@H](O)c1ccccc1,2592,u0,8191,qgeognn_v2_row_lcmd
3ef36e4ee22e16660eb4,COC(=O)[C@H](O)c1ccccc1,2593,u0,8191,qgeognn_v2_row_lcmd
30456dafbfe681b5af70,COC(=O)[C@H](O)c1ccccc1,2594,u0,8191,qgeognn_v2_row_lcmd
ad67d712133eac45ff64,COC(=O)[C@H](O)c1ccccc1,2595,l0,8191,qgeognn_v2_row_lcmd
b43781cffcdb47081a21,COC(=O)[C@H](O)c1ccccc1,2596,u0,8191,qgeognn_v2_row_lcmd
8e701efd2ee4729edc4b,COC(=O)[C@H](O)c1ccccc1,2597,l0,8191,qgeognn_v2_row_lcmd
12ab195583f05b9aa177,COC(=O)[C@H](O)c1ccccc1,2598,u0,8191,qgeognn_v2_row_lcmd
6ce607e4fe208a186dff,COC(=O)[C@H](O)c1ccccc1,2599,test,8191,qgeognn_v2_row_lcmd
d8fcb58722028dbf9c02,COC(=O)[C@H](O)c1ccccc1,2600,u0,8191,qgeognn_v2_row_lcmd
c61c1a72306f2ee37df8,COC(=O)[C@H](O)c1ccccc1,2601,u0,8191,qgeognn_v2_row_lcmd
7bbdec21c428010dd67b,COC(=O)[C@H](O)c1ccccc1,2602,u0,8191,qgeognn_v2_row_lcmd
a8a2064b0fa605079ba7,Cc1cccc(C=O)c1Br,2603,u0,8191,qgeognn_v2_row_lcmd
5b079aff24ab9c280676,Cc1cccc(C=O)c1Br,2604,u0,8191,qgeognn_v2_row_lcmd
3c68a8834b490cef1688,Cc1cccc(C=O)c1Br,2605,l0,8191,qgeognn_v2_row_lcmd
ce88314bea29d27d2423,Cc1cccc(C=O)c1Br,2606,u0,8191,qgeognn_v2_row_lcmd
dc8bcde539e5eb188a29,Cc1cccc(C=O)c1Br,2607,u0,8191,qgeognn_v2_row_lcmd
09a23d7cc56674faa5d6,Cc1cccc(C=O)c1Br,2608,u0,8191,qgeognn_v2_row_lcmd
e7c3cef67e17bec65d1d,Cc1cccc(C=O)c1Br,2609,u0,8191,qgeognn_v2_row_lcmd
3567c58b7a6ad54b3580,Cc1cccc(C=O)c1Br,2610,u0,8191,qgeognn_v2_row_lcmd
fe7e8ceb4ace767f1df2,Cc1cccc(C=O)c1Br,2611,u0,8191,qgeognn_v2_row_lcmd
df77f48670e695e6f8a5,Cc1cccc(C=O)c1Br,2612,test,8191,qgeognn_v2_row_lcmd
2d44a7cb350fcb1e3ffa,Cc1cccc(C=O)c1Br,2613,u0,8191,qgeognn_v2_row_lcmd
af961173a92b2c6cdd21,Cc1cccc(C=O)c1Br,2614,u0,8191,qgeognn_v2_row_lcmd
0a8ac268bafa56a4fdca,Cc1cccc(C=O)c1Br,2615,validation,8191,qgeognn_v2_row_lcmd
db0c62c55a5e55e75173,Cc1cccc(C=O)c1Br,2616,u0,8191,qgeognn_v2_row_lcmd
e5ee0314a8e504395712,Cc1cccc(C=O)c1Br,2617,u0,8191,qgeognn_v2_row_lcmd
905aafee57f0e23c9490,Cc1cccc(C=O)c1Br,2618,u0,8191,qgeognn_v2_row_lcmd
9c700f8ed9efad8bc73a,Cc1cccc(C=O)c1Br,2619,u0,8191,qgeognn_v2_row_lcmd
6cc8a8235eb19b5ab514,Cc1cccc(C=O)c1Br,2620,u0,8191,qgeognn_v2_row_lcmd
54be765bfa5d47a7d908,Cc1cccc(C=O)c1Br,2621,u0,8191,qgeognn_v2_row_lcmd
41bda518b4b1e6fe001d,Cc1cccc(C=O)c1Br,2622,u0,8191,qgeognn_v2_row_lcmd
2d55c475fcf1f4ced2d2,Cc1cccc(C=O)c1Br,2623,u0,8191,qgeognn_v2_row_lcmd
7b30fef9059b95583a35,O=Cc1cc(Cl)ccc1Br,2624,validation,8191,qgeognn_v2_row_lcmd
2130189c7db0e19037e7,O=Cc1cc(Cl)ccc1Br,2625,u0,8191,qgeognn_v2_row_lcmd
1e6ced1cb75e23cdeb0b,O=Cc1cc(Cl)ccc1Br,2626,u0,8191,qgeognn_v2_row_lcmd
7bfffb44429fc5d49187,O=Cc1cc(Cl)ccc1Br,2627,u0,8191,qgeognn_v2_row_lcmd
3107570b4be841e431df,O=Cc1cc(Cl)ccc1Br,2628,u0,8191,qgeognn_v2_row_lcmd
e1f8b7530ab6a1f9cad1,O=Cc1cc(Cl)ccc1Br,2629,u0,8191,qgeognn_v2_row_lcmd
1e46d0444dfa1065fc00,O=Cc1cc(Cl)ccc1Br,2630,test,8191,qgeognn_v2_row_lcmd
7040966756030df1519a,O=Cc1cc(Cl)ccc1Br,2631,l0,8191,qgeognn_v2_row_lcmd
64bb328174ab49136339,O=Cc1cc(Cl)ccc1Br,2632,u0,8191,qgeognn_v2_row_lcmd
0c1df37e80f923f4e456,O=Cc1cc(Cl)ccc1Br,2633,u0,8191,qgeognn_v2_row_lcmd
8dc82e59aa98c85ba23b,O=Cc1cc(Cl)ccc1Br,2634,test,8191,qgeognn_v2_row_lcmd
f84606368e470b37d12f,O=Cc1cc(Cl)ccc1Br,2635,u0,8191,qgeognn_v2_row_lcmd
0a344266fe55ae2deb73,O=Cc1cc(Cl)ccc1Br,2636,u0,8191,qgeognn_v2_row_lcmd
f955417ed309a373ab5b,O=Cc1cc(Cl)ccc1Br,2637,u0,8191,qgeognn_v2_row_lcmd
e9f697dbb93b4a1b0184,O=Cc1cc(Cl)ccc1Br,2638,u0,8191,qgeognn_v2_row_lcmd
29986931427da0e193ef,O=Cc1cc(Cl)ccc1Br,2639,u0,8191,qgeognn_v2_row_lcmd
860d9209afa98954aba5,O=Cc1cc(Cl)ccc1Br,2640,u0,8191,qgeognn_v2_row_lcmd
4ea178918812712ff767,O=Cc1cc(Cl)ccc1Br,2641,u0,8191,qgeognn_v2_row_lcmd
2eba456ca9391c3e3799,O=Cc1cc(Cl)ccc1Br,2642,u0,8191,qgeognn_v2_row_lcmd
69c7676d85322b63cc1a,O=Cc1cc(Cl)ccc1Br,2643,validation,8191,qgeognn_v2_row_lcmd
909edc7547b56ed63341,O=Cc1cc(Cl)ccc1Br,2644,u0,8191,qgeognn_v2_row_lcmd
354772201c6474f84978,CCOC(=O)C(Cc1ccccc1)C(C)=O,2645,u0,8191,qgeognn_v2_row_lcmd
a9c2201879463031bf75,CCOC(=O)C(Cc1ccccc1)C(C)=O,2646,l0,8191,qgeognn_v2_row_lcmd
aa211a6a6b724470dda8,CCOC(=O)C(Cc1ccccc1)C(C)=O,2647,validation,8191,qgeognn_v2_row_lcmd
6705196420592eddf444,CCOC(=O)C(Cc1ccccc1)C(C)=O,2648,u0,8191,qgeognn_v2_row_lcmd
57d611ce05e166326cdc,CCOC(=O)C(Cc1ccccc1)C(C)=O,2649,u0,8191,qgeognn_v2_row_lcmd
7e1ad2272fdd31ba90c8,CCOC(=O)C(Cc1ccccc1)C(C)=O,2650,u0,8191,qgeognn_v2_row_lcmd
cba7a92da48055a16a13,CCOC(=O)C(Cc1ccccc1)C(C)=O,2651,u0,8191,qgeognn_v2_row_lcmd
c399872ec43e2f6ac192,CCOC(=O)C(Cc1ccccc1)C(C)=O,2652,u0,8191,qgeognn_v2_row_lcmd
d2475faf3330351d0098,CCOC(=O)C(Cc1ccccc1)C(C)=O,2653,u0,8191,qgeognn_v2_row_lcmd
cd324df5485168c781fc,CCOC(=O)C(Cc1ccccc1)C(C)=O,2654,validation,8191,qgeognn_v2_row_lcmd
a6a12fd9aa2dfc949207,CCOC(=O)C(Cc1ccccc1)C(C)=O,2655,u0,8191,qgeognn_v2_row_lcmd
6000105cb6734cff8146,CCOC(=O)C(Cc1ccccc1)C(C)=O,2656,u0,8191,qgeognn_v2_row_lcmd
9ccd4f4f61665ec641fe,CCOC(=O)C(Cc1ccccc1)C(C)=O,2657,u0,8191,qgeognn_v2_row_lcmd
3092a6310ab5c25cb83c,CCOC(=O)C(Cc1ccccc1)C(C)=O,2658,validation,8191,qgeognn_v2_row_lcmd
b5e6e9a4b5c6f0f838bd,CCOC(=O)C(Cc1ccccc1)C(C)=O,2659,u0,8191,qgeognn_v2_row_lcmd
425fe9dfe0c3f345460b,CCOC(=O)C(Cc1ccccc1)C(C)=O,2660,u0,8191,qgeognn_v2_row_lcmd
a44a22945d76c02aa6a7,CCOC(=O)C(Cc1ccccc1)C(C)=O,2661,u0,8191,qgeognn_v2_row_lcmd
c65ac14ffed8749381c1,CCOC(=O)C(Cc1ccccc1)C(C)=O,2662,u0,8191,qgeognn_v2_row_lcmd
2b97a1e0a6a4b944b760,CCOC(=O)C(Cc1ccccc1)C(C)=O,2663,u0,8191,qgeognn_v2_row_lcmd
61771d230b285babe4b6,CCOC(=O)C(Cc1ccccc1)C(C)=O,2664,u0,8191,qgeognn_v2_row_lcmd
eb3bc3fba39e57adbc2f,CCOC(=O)C(Cc1ccccc1)C(C)=O,2665,u0,8191,qgeognn_v2_row_lcmd
d76d74e2a624a532f9f8,COCCOC(=O)CC(C)=O,2666,validation,8191,qgeognn_v2_row_lcmd
92212e7e2eb760820a7b,COCCOC(=O)CC(C)=O,2667,u0,8191,qgeognn_v2_row_lcmd
b0b245affce834e336c5,COCCOC(=O)CC(C)=O,2668,u0,8191,qgeognn_v2_row_lcmd
aa3d61e39adc96782513,COCCOC(=O)CC(C)=O,2669,u0,8191,qgeognn_v2_row_lcmd
60b7eed7a46a03b366b2,COCCOC(=O)CC(C)=O,2670,u0,8191,qgeognn_v2_row_lcmd
b7953b4cf8c561ff4cfe,COCCOC(=O)CC(C)=O,2671,u0,8191,qgeognn_v2_row_lcmd
143bf510fe2028583763,COCCOC(=O)CC(C)=O,2672,u0,8191,qgeognn_v2_row_lcmd
f96cee9775323fbf1d8b,COCCOC(=O)CC(C)=O,2673,u0,8191,qgeognn_v2_row_lcmd
769f1d04efb22c05cfdf,COCCOC(=O)CC(C)=O,2674,u0,8191,qgeognn_v2_row_lcmd
c6924324ddd95f249df6,COCCOC(=O)CC(C)=O,2675,u0,8191,qgeognn_v2_row_lcmd
d1172a49fca1e196a59f,COCCOC(=O)CC(C)=O,2676,u0,8191,qgeognn_v2_row_lcmd
2cfa393cb79664e100ce,COCCOC(=O)CC(C)=O,2677,u0,8191,qgeognn_v2_row_lcmd
6fbc3a0669e9db3520ba,C=C(C)C(=O)OCCOC(=O)CC(C)=O,2678,test,8191,qgeognn_v2_row_lcmd
8aa864c9e33df9bb1a6a,C=C(C)C(=O)OCCOC(=O)CC(C)=O,2679,u0,8191,qgeognn_v2_row_lcmd
bc2a96424966b655227f,C=C(C)C(=O)OCCOC(=O)CC(C)=O,2680,u0,8191,qgeognn_v2_row_lcmd
9d7b71b3f9f6ea222bc1,C=C(C)C(=O)OCCOC(=O)CC(C)=O,2681,u0,8191,qgeognn_v2_row_lcmd
9e94f0a4a224512b06cc,C=C(C)C(=O)OCCOC(=O)CC(C)=O,2682,validation,8191,qgeognn_v2_row_lcmd
81507d463506a9e65e73,C=C(C)C(=O)OCCOC(=O)CC(C)=O,2683,u0,8191,qgeognn_v2_row_lcmd
74ce463c8423fbd22dc4,C=C(C)C(=O)OCCOC(=O)CC(C)=O,2684,u0,8191,qgeognn_v2_row_lcmd
6573d8f84faaf7ce4a78,C=C(C)C(=O)OCCOC(=O)CC(C)=O,2685,u0,8191,qgeognn_v2_row_lcmd
2dbfdf9c2d5defd09f7a,C=C(C)C(=O)OCCOC(=O)CC(C)=O,2686,u0,8191,qgeognn_v2_row_lcmd
1cc3b837c6561b1c0a23,C=C(C)C(=O)OCCOC(=O)CC(C)=O,2687,u0,8191,qgeognn_v2_row_lcmd
a421784c91de559c18e0,C=C(C)C(=O)OCCOC(=O)CC(C)=O,2688,u0,8191,qgeognn_v2_row_lcmd
5d530b2f228ed39ff952,C=C(C)C(=O)OCCOC(=O)CC(C)=O,2689,test,8191,qgeognn_v2_row_lcmd
c4bb286978fe9078a303,C=C(C)C(=O)OCCOC(=O)CC(C)=O,2690,test,8191,qgeognn_v2_row_lcmd
9e3f598e00375ec93d9b,C=C(C)C(=O)OCCOC(=O)CC(C)=O,2691,u0,8191,qgeognn_v2_row_lcmd
ca467c94f14b2219503e,C=C(C)C(=O)OCCOC(=O)CC(C)=O,2692,u0,8191,qgeognn_v2_row_lcmd
034e8de2f7813cd7ed59,FC(F)(F)Oc1ccc(I)cc1,2693,u0,8191,qgeognn_v2_row_lcmd
a23de3fbfa202e8f78c1,FC(F)(F)Oc1ccc(I)cc1,2694,u0,8191,qgeognn_v2_row_lcmd
46b721cd9a123b4974e8,FC(F)(F)Oc1ccc(I)cc1,2695,u0,8191,qgeognn_v2_row_lcmd
884464dbd5d759fd9896,FC(F)(F)Oc1ccc(I)cc1,2696,test,8191,qgeognn_v2_row_lcmd
77dcc64e3f31b0758f91,FC(F)(F)Oc1ccc(I)cc1,2697,u0,8191,qgeognn_v2_row_lcmd
bf2cad39d8b460431473,FC(F)(F)Oc1ccc(I)cc1,2698,test,8191,qgeognn_v2_row_lcmd
467369f114586bba5b10,FC(F)(F)Oc1ccc(I)cc1,2699,u0,8191,qgeognn_v2_row_lcmd
72e50c47b9a674d29382,FC(F)(F)Oc1ccc(I)cc1,2700,l0,8191,qgeognn_v2_row_lcmd
ddb1fbfb527629cd756a,FC(F)(F)Oc1ccc(I)cc1,2701,u0,8191,qgeognn_v2_row_lcmd
5805a4e906a8a8a37bd2,FC(F)(F)Oc1ccc(I)cc1,2702,test,8191,qgeognn_v2_row_lcmd
a58c0a5150ccf570c25d,FC(F)(F)Oc1ccc(I)cc1,2703,u0,8191,qgeognn_v2_row_lcmd
6f949fb2b08b72ae25fa,FC(F)(F)Oc1ccc(I)cc1,2704,u0,8191,qgeognn_v2_row_lcmd
956e1a3a4931a3109447,FC(F)(F)Oc1ccc(I)cc1,2705,u0,8191,qgeognn_v2_row_lcmd
1383d668fe060424f94f,FC(F)(F)Oc1ccc(I)cc1,2706,validation,8191,qgeognn_v2_row_lcmd
d8f34dc388842e55905b,FC(F)(F)Oc1ccc(I)cc1,2707,u0,8191,qgeognn_v2_row_lcmd
eb4799360e268e3bbc88,FC(F)(F)Oc1ccc(I)cc1,2708,u0,8191,qgeognn_v2_row_lcmd
0732cb68a38e12776b21,FC(F)(F)Oc1ccc(I)cc1,2709,u0,8191,qgeognn_v2_row_lcmd
5d2bf880d8a7ef34858f,FC(F)(F)Oc1ccc(I)cc1,2710,validation,8191,qgeognn_v2_row_lcmd
d784ecc1b8a09bebfa65,FC(F)(F)Oc1ccc(I)cc1,2711,u0,8191,qgeognn_v2_row_lcmd
5aadd41cc94de38b9875,FC(F)(F)Oc1ccc(I)cc1,2712,test,8191,qgeognn_v2_row_lcmd
c3168d5c44857ef4c782,FC(F)(F)Oc1ccc(I)cc1,2713,u0,8191,qgeognn_v2_row_lcmd
09e3b02ff83bb8eb2941,Cc1ccc(F)cc1I,2714,u0,8191,qgeognn_v2_row_lcmd
6b2f09e3927e984ec763,Cc1ccc(F)cc1I,2715,u0,8191,qgeognn_v2_row_lcmd
2936f9841ca1e653aee7,Cc1ccc(F)cc1I,2716,l0,8191,qgeognn_v2_row_lcmd
9329c6709a6b676368cf,Cc1ccc(F)cc1I,2717,u0,8191,qgeognn_v2_row_lcmd
d8cad13efbf63a0da85d,Cc1ccc(F)cc1I,2718,u0,8191,qgeognn_v2_row_lcmd
6ef1e6b5c3a9ab2744e9,Cc1ccc(F)cc1I,2719,u0,8191,qgeognn_v2_row_lcmd
b2717fe0c14d406893ef,Cc1ccc(F)cc1I,2720,test,8191,qgeognn_v2_row_lcmd
d32673e3284e67755674,Cc1ccc(F)cc1I,2721,u0,8191,qgeognn_v2_row_lcmd
2254bc862ff0eae35aa6,Cc1ccc(F)cc1I,2722,u0,8191,qgeognn_v2_row_lcmd
b8402142a746cc910d61,Cc1ccc(F)cc1I,2723,u0,8191,qgeognn_v2_row_lcmd
21bd24d1db6b60a0874d,Cc1ccc(F)cc1I,2724,u0,8191,qgeognn_v2_row_lcmd
1dc5ecd47c8da55f98fb,Cc1ccc(F)cc1I,2725,u0,8191,qgeognn_v2_row_lcmd
692f9718b7b1b1619949,Cc1ccc(F)cc1I,2726,u0,8191,qgeognn_v2_row_lcmd
df64407f37e448303040,Cc1ccc(F)cc1I,2727,u0,8191,qgeognn_v2_row_lcmd
7ee87a292280ba66cc09,Cc1ccc(F)cc1I,2728,u0,8191,qgeognn_v2_row_lcmd
159b2ad260279a6245b2,Cc1ccc(F)cc1I,2729,test,8191,qgeognn_v2_row_lcmd
b531c2b3601aa8bebd65,Cc1ccc(F)cc1I,2730,u0,8191,qgeognn_v2_row_lcmd
e77d2a9deb56463b5fad,Cc1ccc(F)cc1I,2731,u0,8191,qgeognn_v2_row_lcmd
19c803265ff8ef6cb0b0,Cc1ccc(F)cc1I,2732,u0,8191,qgeognn_v2_row_lcmd
093047e92f194db3a3b4,Cc1ccc(F)cc1I,2733,l0,8191,qgeognn_v2_row_lcmd
cc8d2cf399b47648e1e6,Cc1ccc(F)cc1I,2734,validation,8191,qgeognn_v2_row_lcmd
ab1a7e6641e6478991f4,Clc1ccc(I)c(Br)c1,2735,test,8191,qgeognn_v2_row_lcmd
94be7930f29fabd4159d,Clc1ccc(I)c(Br)c1,2736,u0,8191,qgeognn_v2_row_lcmd
a0b3373af5a61bb4c870,Clc1ccc(I)c(Br)c1,2737,u0,8191,qgeognn_v2_row_lcmd
7d4077da333ed637ab36,Clc1ccc(I)c(Br)c1,2738,u0,8191,qgeognn_v2_row_lcmd
72f4152617833b191b9a,Clc1ccc(I)c(Br)c1,2739,u0,8191,qgeognn_v2_row_lcmd
76d7714d0a8c7d4ab150,Clc1ccc(I)c(Br)c1,2740,validation,8191,qgeognn_v2_row_lcmd
3101ae6ae027b029977a,Clc1ccc(I)c(Br)c1,2741,u0,8191,qgeognn_v2_row_lcmd
0916cddf5f8ff3708f41,Clc1ccc(I)c(Br)c1,2742,u0,8191,qgeognn_v2_row_lcmd
fa91f2eb6b04627420da,Clc1ccc(I)c(Br)c1,2743,validation,8191,qgeognn_v2_row_lcmd
6ae6d6649dfdf0816664,Clc1ccc(I)c(Br)c1,2744,u0,8191,qgeognn_v2_row_lcmd
822b78c789ed33932e30,Clc1ccc(I)c(Br)c1,2745,test,8191,qgeognn_v2_row_lcmd
649a78c668441818d1bc,Clc1ccc(I)c(Br)c1,2746,validation,8191,qgeognn_v2_row_lcmd
85fc6ace85efd00ee5f7,Clc1ccc(I)c(Br)c1,2747,u0,8191,qgeognn_v2_row_lcmd
7ce4a1f0c500c875df7c,Clc1ccc(I)c(Br)c1,2748,u0,8191,qgeognn_v2_row_lcmd
852d375e77276914f436,Clc1ccc(I)c(Br)c1,2749,u0,8191,qgeognn_v2_row_lcmd
0621f37629ecf4a8db1c,Clc1ccc(I)c(Br)c1,2750,test,8191,qgeognn_v2_row_lcmd
d2765c48fed3bf3b3143,Clc1ccc(I)c(Br)c1,2751,u0,8191,qgeognn_v2_row_lcmd
efa2c8c10d56f1a92d34,Clc1ccc(I)c(Br)c1,2752,validation,8191,qgeognn_v2_row_lcmd
7227bc0d8930d3f386f6,Clc1ccc(I)c(Br)c1,2753,u0,8191,qgeognn_v2_row_lcmd
275e512e8411d758af52,Clc1ccc(I)c(Br)c1,2754,u0,8191,qgeognn_v2_row_lcmd
616dd888d5b03ea79005,Clc1ccc(I)c(Br)c1,2755,u0,8191,qgeognn_v2_row_lcmd
4aa373641091d27682fa,Cc1ccc(I)cc1,2756,u0,8191,qgeognn_v2_row_lcmd
e72ea9d7671bacdf8247,Cc1ccc(I)cc1,2757,test,8191,qgeognn_v2_row_lcmd
e941683acc216d1b83db,Cc1ccc(I)cc1,2758,u0,8191,qgeognn_v2_row_lcmd
de3b76c31de84a3a4721,Cc1ccc(I)cc1,2759,u0,8191,qgeognn_v2_row_lcmd
8f84fa7c65453783c74e,Cc1ccc(I)cc1,2760,u0,8191,qgeognn_v2_row_lcmd
7a28e0ebc79e4a74f1fd,Cc1ccc(I)cc1,2761,u0,8191,qgeognn_v2_row_lcmd
38e491895ef4f2c5a3ce,Cc1ccc(I)cc1,2762,validation,8191,qgeognn_v2_row_lcmd
50e7c46baee1bcdc90b0,Cc1ccc(I)cc1,2763,u0,8191,qgeognn_v2_row_lcmd
f21a4392bf1613c31212,Cc1ccc(I)cc1,2764,u0,8191,qgeognn_v2_row_lcmd
917bf855acf635bf6069,Cc1ccc(I)cc1,2765,u0,8191,qgeognn_v2_row_lcmd
3469f88a7cd59cc729aa,Cc1ccc(I)cc1,2766,test,8191,qgeognn_v2_row_lcmd
b80395266e308c69bc16,Cc1ccc(I)cc1,2767,u0,8191,qgeognn_v2_row_lcmd
6cb3e71e2f29850f39da,Cc1ccc(I)cc1,2768,u0,8191,qgeognn_v2_row_lcmd
900d4b75e31a9c391f1c,Cc1ccc(I)cc1,2769,validation,8191,qgeognn_v2_row_lcmd
ab88b5f07e838ab10208,Cc1ccc(I)cc1,2770,u0,8191,qgeognn_v2_row_lcmd
c5e5da5ea14a92dd18ac,Cc1ccc(I)cc1,2771,validation,8191,qgeognn_v2_row_lcmd
b9529a88ac5b822de9c4,Cc1ccc(I)cc1,2772,u0,8191,qgeognn_v2_row_lcmd
48dba5c341ba12a96231,Cc1ccc(I)cc1,2773,u0,8191,qgeognn_v2_row_lcmd
29adbc6e2d4e3aeac537,Cc1ccc(I)cc1,2774,u0,8191,qgeognn_v2_row_lcmd
99c52c931d5bd0f365b0,Cc1ccc(I)cc1,2775,test,8191,qgeognn_v2_row_lcmd
25099bfb713642a2e7fe,Cc1ccc(I)cc1,2776,u0,8191,qgeognn_v2_row_lcmd
b9625c46108697f7679c,Cc1ccc(I)c(C)c1,2777,l0,8191,qgeognn_v2_row_lcmd
8a822ff1d8dbfc293743,Cc1ccc(I)c(C)c1,2778,u0,8191,qgeognn_v2_row_lcmd
e660f128159183feb41c,Cc1ccc(I)c(C)c1,2779,u0,8191,qgeognn_v2_row_lcmd
1d7f8e6f28d47d54d5f3,Cc1ccc(I)c(C)c1,2780,u0,8191,qgeognn_v2_row_lcmd
3e9cbdb1e890c7998372,Cc1ccc(I)c(C)c1,2781,test,8191,qgeognn_v2_row_lcmd
80076f4168e2fc7ffa57,Cc1ccc(I)c(C)c1,2782,u0,8191,qgeognn_v2_row_lcmd
c2cb625cb6b43890925b,Cc1ccc(I)c(C)c1,2783,l0,8191,qgeognn_v2_row_lcmd
ad02251a0bccf82e2001,Cc1ccc(I)c(C)c1,2784,u0,8191,qgeognn_v2_row_lcmd
02ba043ace647ea2192f,Cc1ccc(I)c(C)c1,2785,l0,8191,qgeognn_v2_row_lcmd
cba11b8c9bcb576c821a,Cc1ccc(I)c(C)c1,2786,u0,8191,qgeognn_v2_row_lcmd
12b044deeed6eb136394,Cc1ccc(I)c(C)c1,2787,u0,8191,qgeognn_v2_row_lcmd
b005786b20b83286cf7b,Cc1ccc(I)c(C)c1,2788,u0,8191,qgeognn_v2_row_lcmd
371ecce939efb87a9bf0,Cc1ccc(I)c(C)c1,2789,l0,8191,qgeognn_v2_row_lcmd
5d9905b2a51a5954c8f2,Cc1ccc(I)c(C)c1,2790,u0,8191,qgeognn_v2_row_lcmd
1e23400bcfdf6336d604,Cc1ccc(I)c(C)c1,2791,validation,8191,qgeognn_v2_row_lcmd
f62720d3fc5dbb0e173d,Cc1ccc(I)c(C)c1,2792,test,8191,qgeognn_v2_row_lcmd
27c0c131e405aa30b00a,Cc1ccc(I)c(C)c1,2793,u0,8191,qgeognn_v2_row_lcmd
26601a87c396cc0a4d04,Cc1ccc(I)c(C)c1,2794,u0,8191,qgeognn_v2_row_lcmd
61f9733c04c17c3a14b4,Cc1ccc(I)c(C)c1,2795,test,8191,qgeognn_v2_row_lcmd
3db104bb8e34d2f26c94,Cc1ccc(I)c(C)c1,2796,u0,8191,qgeognn_v2_row_lcmd
17c10af05b2119e618d3,Cc1ccc(I)c(C)c1,2797,u0,8191,qgeognn_v2_row_lcmd
7da8f3ac36bcb53605d1,FC(F)(F)Oc1ccccc1I,2798,u0,8191,qgeognn_v2_row_lcmd
17c3981767dbd7d80169,FC(F)(F)Oc1ccccc1I,2799,u0,8191,qgeognn_v2_row_lcmd
7138b866c4df4a2274f1,FC(F)(F)Oc1ccccc1I,2800,validation,8191,qgeognn_v2_row_lcmd
4652c3623ae34566eb82,FC(F)(F)Oc1ccccc1I,2801,u0,8191,qgeognn_v2_row_lcmd
180dce7b015d7ed8031e,FC(F)(F)Oc1ccccc1I,2802,validation,8191,qgeognn_v2_row_lcmd
b55c27267a071711d0c0,FC(F)(F)Oc1ccccc1I,2803,u0,8191,qgeognn_v2_row_lcmd
529204682ec782016342,FC(F)(F)Oc1ccccc1I,2804,u0,8191,qgeognn_v2_row_lcmd
ad5ca8ee584c00ac0187,FC(F)(F)Oc1ccccc1I,2805,l0,8191,qgeognn_v2_row_lcmd
f2549a7765177aaeb820,FC(F)(F)Oc1ccccc1I,2806,test,8191,qgeognn_v2_row_lcmd
e3fcc2157b88a47ce0e4,FC(F)(F)Oc1ccccc1I,2807,u0,8191,qgeognn_v2_row_lcmd
5c7ee6cbeaa27e2e1572,FC(F)(F)Oc1ccccc1I,2808,u0,8191,qgeognn_v2_row_lcmd
cd223aa386d14587c91c,FC(F)(F)Oc1ccccc1I,2809,u0,8191,qgeognn_v2_row_lcmd
cdeeb0899057a3ade561,FC(F)(F)Oc1ccccc1I,2810,u0,8191,qgeognn_v2_row_lcmd
51db83714e6fa79c287c,FC(F)(F)Oc1ccccc1I,2811,test,8191,qgeognn_v2_row_lcmd
f7fb42420a42f45b9cca,FC(F)(F)Oc1ccccc1I,2812,u0,8191,qgeognn_v2_row_lcmd
95fd9350ed37cf1d8eb7,FC(F)(F)Oc1ccccc1I,2813,u0,8191,qgeognn_v2_row_lcmd
299c9c17b93fc19e0682,FC(F)(F)Oc1ccccc1I,2814,u0,8191,qgeognn_v2_row_lcmd
bff992c553be5fcbab99,FC(F)(F)Oc1ccccc1I,2815,validation,8191,qgeognn_v2_row_lcmd
95c38850fe1789c7efcc,FC(F)(F)Oc1ccccc1I,2816,u0,8191,qgeognn_v2_row_lcmd
806f355d8f9a30294e51,FC(F)(F)Oc1ccccc1I,2817,u0,8191,qgeognn_v2_row_lcmd
3d473593f8a917401398,FC(F)(F)Oc1ccccc1I,2818,u0,8191,qgeognn_v2_row_lcmd
c0801078671076bce4b1,Clc1ccccc1I,2819,validation,8191,qgeognn_v2_row_lcmd
bf2270cfda746cced721,Clc1ccccc1I,2820,l0,8191,qgeognn_v2_row_lcmd
d36939d59715910addb2,Clc1ccccc1I,2821,u0,8191,qgeognn_v2_row_lcmd
43e574fe679d2b3b9a57,Clc1ccccc1I,2822,u0,8191,qgeognn_v2_row_lcmd
0e690556cecdf2adde07,Clc1ccccc1I,2823,test,8191,qgeognn_v2_row_lcmd
488f47950e5216c295df,Clc1ccccc1I,2824,validation,8191,qgeognn_v2_row_lcmd
3b85c48d88dae39651ac,Clc1ccccc1I,2825,u0,8191,qgeognn_v2_row_lcmd
8b10a91c2ccd153f2725,Clc1ccccc1I,2826,u0,8191,qgeognn_v2_row_lcmd
d9e187481b855cef4e41,Clc1ccccc1I,2827,u0,8191,qgeognn_v2_row_lcmd
20378a5e217e0ef26df6,Clc1ccccc1I,2828,u0,8191,qgeognn_v2_row_lcmd
8b51e50fec9dd89974f1,Clc1ccccc1I,2829,u0,8191,qgeognn_v2_row_lcmd
210ab383c826750b09fe,Clc1ccccc1I,2830,u0,8191,qgeognn_v2_row_lcmd
2170a4ad809695ed5b7e,Clc1ccccc1I,2831,u0,8191,qgeognn_v2_row_lcmd
97efa15e7b0b27ceff40,Clc1ccccc1I,2832,l0,8191,qgeognn_v2_row_lcmd
0ff637bc6dbcc788a2d6,Clc1ccccc1I,2833,u0,8191,qgeognn_v2_row_lcmd
ee49fe681eb18e851746,Clc1ccccc1I,2834,test,8191,qgeognn_v2_row_lcmd
5ce90b59d89383abc568,Clc1ccccc1I,2835,u0,8191,qgeognn_v2_row_lcmd
a5bbf29595c5243c6ba1,Clc1ccccc1I,2836,u0,8191,qgeognn_v2_row_lcmd
73df0d3029e8a947992e,Clc1ccccc1I,2837,u0,8191,qgeognn_v2_row_lcmd
f81578588e5df2eb7e54,Clc1ccccc1I,2838,u0,8191,qgeognn_v2_row_lcmd
20abaa42ddee54ee8d19,Clc1ccccc1I,2839,u0,8191,qgeognn_v2_row_lcmd
69d0a853b07ce34d002e,FC(F)(F)c1cc(Br)cc(C(F)(F)F)c1,2840,u0,8191,qgeognn_v2_row_lcmd
b213664a8c509420288b,FC(F)(F)c1cc(Br)cc(C(F)(F)F)c1,2841,l0,8191,qgeognn_v2_row_lcmd
5e1c073538cbbe740b6f,FC(F)(F)c1cc(Br)cc(C(F)(F)F)c1,2842,l0,8191,qgeognn_v2_row_lcmd
73771d4752cdcd04a023,FC(F)(F)c1cc(Br)cc(C(F)(F)F)c1,2843,u0,8191,qgeognn_v2_row_lcmd
98923a8da3524ce0e392,FC(F)(F)c1cc(Br)cc(C(F)(F)F)c1,2844,validation,8191,qgeognn_v2_row_lcmd
6716006fb3d4c4c8a766,FC(F)(F)c1cc(Br)cc(C(F)(F)F)c1,2845,validation,8191,qgeognn_v2_row_lcmd
88d22d4f503314c0e664,FC(F)(F)c1cc(Br)cc(C(F)(F)F)c1,2846,l0,8191,qgeognn_v2_row_lcmd
e4165f66799cc8d96b23,FC(F)(F)c1cc(Br)cc(C(F)(F)F)c1,2847,u0,8191,qgeognn_v2_row_lcmd
b81fe27eac5700614ba2,FC(F)(F)c1cc(Br)cc(C(F)(F)F)c1,2848,validation,8191,qgeognn_v2_row_lcmd
c4c961533c50b899078c,FC(F)(F)c1cc(Br)cc(C(F)(F)F)c1,2849,test,8191,qgeognn_v2_row_lcmd
f9e2bd45cee4a33e9e75,FC(F)(F)c1cc(Br)cc(C(F)(F)F)c1,2850,u0,8191,qgeognn_v2_row_lcmd
ec762d83c969185cabe3,FC(F)(F)c1cc(Br)cc(C(F)(F)F)c1,2851,u0,8191,qgeognn_v2_row_lcmd
066b241758142e7a7356,FC(F)(F)c1cc(Br)cc(C(F)(F)F)c1,2852,test,8191,qgeognn_v2_row_lcmd
6fa263d170d8271be944,FC(F)(F)c1cc(Br)cc(C(F)(F)F)c1,2853,u0,8191,qgeognn_v2_row_lcmd
309eeb173ec41ccb2df6,FC(F)(F)c1cc(Br)cc(C(F)(F)F)c1,2854,test,8191,qgeognn_v2_row_lcmd
fe80387e23f7c4a6c3d2,FC(F)(F)c1cc(Br)cc(C(F)(F)F)c1,2855,u0,8191,qgeognn_v2_row_lcmd
7b6f484416c9d0e2004e,FC(F)(F)c1cc(Br)cc(C(F)(F)F)c1,2856,validation,8191,qgeognn_v2_row_lcmd
6e76d05ababecc4be573,FC(F)(F)c1cc(Br)cc(C(F)(F)F)c1,2857,u0,8191,qgeognn_v2_row_lcmd
42858a5819b8eb812861,FC(F)(F)c1cc(Br)cc(C(F)(F)F)c1,2858,test,8191,qgeognn_v2_row_lcmd
279654c9a255466c0dfa,FC(F)(F)c1cc(Br)cc(C(F)(F)F)c1,2859,u0,8191,qgeognn_v2_row_lcmd
cfaabf6bb144f1603460,FC(F)(F)c1cc(Br)cc(C(F)(F)F)c1,2860,validation,8191,qgeognn_v2_row_lcmd
95021ae0c44ec8574e04,COc1ccc(Br)cc1,2861,validation,8191,qgeognn_v2_row_lcmd
7f4bd7d11e89fe0d1d41,COc1ccc(Br)cc1,2862,test,8191,qgeognn_v2_row_lcmd
29d97d79c164c33531d9,COc1ccc(Br)cc1,2863,u0,8191,qgeognn_v2_row_lcmd
d022edc12ce92db63bc1,COc1ccc(Br)cc1,2864,l0,8191,qgeognn_v2_row_lcmd
012eaae5f2b970f3c3b0,COc1ccc(Br)cc1,2865,u0,8191,qgeognn_v2_row_lcmd
8c8ffefd759b8c5bd66f,COc1ccc(Br)cc1,2866,u0,8191,qgeognn_v2_row_lcmd
4bcfcadd312e425e4ec5,COc1ccc(Br)cc1,2867,u0,8191,qgeognn_v2_row_lcmd
c07cad74d1b6b267169e,COc1ccc(Br)cc1,2868,test,8191,qgeognn_v2_row_lcmd
f910964f7e52c7ba6cb0,COc1ccc(Br)cc1,2869,u0,8191,qgeognn_v2_row_lcmd
c5f81d59142d0957f1c8,COc1ccc(Br)cc1,2870,u0,8191,qgeognn_v2_row_lcmd
5b6a80940f1ca350acd7,COc1ccc(Br)cc1,2871,u0,8191,qgeognn_v2_row_lcmd
9a7e5d6654f3c8576bda,COc1ccc(Br)cc1,2872,u0,8191,qgeognn_v2_row_lcmd
cd04739913b72a351990,COc1ccc(Br)cc1,2873,u0,8191,qgeognn_v2_row_lcmd
6e5503e468bce208f798,COc1ccc(Br)cc1,2874,u0,8191,qgeognn_v2_row_lcmd
9d5283cf29e9f80d1912,COc1ccc(Br)cc1,2875,l0,8191,qgeognn_v2_row_lcmd
552218534d79b3cbbdb3,COc1ccc(Br)cc1,2876,validation,8191,qgeognn_v2_row_lcmd
b02cec6868294241a59c,COc1ccc(Br)cc1,2877,u0,8191,qgeognn_v2_row_lcmd
1e850d84723efb0d7108,COc1ccc(Br)cc1,2878,u0,8191,qgeognn_v2_row_lcmd
18d862fb465d82320e1e,COc1ccc(Br)cc1,2879,u0,8191,qgeognn_v2_row_lcmd
396f2396757216491f57,COc1ccc(Br)cc1,2880,u0,8191,qgeognn_v2_row_lcmd
658d43a24dbaba3e5104,COc1ccc(Br)cc1,2881,u0,8191,qgeognn_v2_row_lcmd
541eee11c07647e12955,Clc1cccc(Br)c1,2882,u0,8191,qgeognn_v2_row_lcmd
05c8505e4d426d98848d,Clc1cccc(Br)c1,2883,u0,8191,qgeognn_v2_row_lcmd
e800f8790e43992f0290,Clc1cccc(Br)c1,2884,u0,8191,qgeognn_v2_row_lcmd
7cfd0e9555a6a70e7363,Clc1cccc(Br)c1,2885,u0,8191,qgeognn_v2_row_lcmd
92c638a8f018cf640203,Clc1cccc(Br)c1,2886,l0,8191,qgeognn_v2_row_lcmd
9aaaa2db5c44818c3abd,Clc1cccc(Br)c1,2887,l0,8191,qgeognn_v2_row_lcmd
2d7433d60c9a30b23179,Clc1cccc(Br)c1,2888,u0,8191,qgeognn_v2_row_lcmd
b621ae038eb99991ffec,Clc1cccc(Br)c1,2889,u0,8191,qgeognn_v2_row_lcmd
be17b1e2add7cad714b5,Clc1cccc(Br)c1,2890,u0,8191,qgeognn_v2_row_lcmd
e169066a4f53d657fa7f,Clc1cccc(Br)c1,2891,test,8191,qgeognn_v2_row_lcmd
05ff5d72a0d762ce356d,Clc1cccc(Br)c1,2892,u0,8191,qgeognn_v2_row_lcmd
328a8c7b56213c777826,Clc1cccc(Br)c1,2893,u0,8191,qgeognn_v2_row_lcmd
5f12e16e52426ed0ce6d,Clc1cccc(Br)c1,2894,l0,8191,qgeognn_v2_row_lcmd
191489f2b083dd2ac770,Clc1cccc(Br)c1,2895,u0,8191,qgeognn_v2_row_lcmd
4c1951ecd911673f20b0,Clc1cccc(Br)c1,2896,u0,8191,qgeognn_v2_row_lcmd
ee25d78467a5a6adcff7,Clc1cccc(Br)c1,2897,validation,8191,qgeognn_v2_row_lcmd
39f3c918764f1f7fd0fc,Clc1cccc(Br)c1,2898,u0,8191,qgeognn_v2_row_lcmd
0bd13eb9d7b8776deee0,Clc1cccc(Br)c1,2899,test,8191,qgeognn_v2_row_lcmd
93e2a042de41a651e58a,Clc1cccc(Br)c1,2900,test,8191,qgeognn_v2_row_lcmd
f37de2f0cc3c15b74762,Clc1cccc(Br)c1,2901,u0,8191,qgeognn_v2_row_lcmd
ed12f38d160ee5f34afd,Clc1cccc(Br)c1,2902,validation,8191,qgeognn_v2_row_lcmd
8f07dde39b5cb4c7d9e6,CC(C)c1ccccc1O,2903,u0,8191,qgeognn_v2_row_lcmd
0120f093f01a659610ef,CC(C)c1ccccc1O,2904,l0,8191,qgeognn_v2_row_lcmd
b8444451034b5fb66fa0,CC(C)c1ccccc1O,2905,u0,8191,qgeognn_v2_row_lcmd
b5a09e39ab254d048d3e,CC(C)c1ccccc1O,2906,u0,8191,qgeognn_v2_row_lcmd
088a6943966c83ddf812,CC(C)c1ccccc1O,2907,u0,8191,qgeognn_v2_row_lcmd
268ba77e71afa70495ac,CC(C)c1ccccc1O,2908,test,8191,qgeognn_v2_row_lcmd
4b0aa1fb2c1d00131718,CC(C)c1ccccc1O,2909,u0,8191,qgeognn_v2_row_lcmd
d911a948651c335a0258,CC(C)c1ccccc1O,2910,u0,8191,qgeognn_v2_row_lcmd
cb61bc1a02701d243cae,CC(C)c1ccccc1O,2911,validation,8191,qgeognn_v2_row_lcmd
60c07f57327c89c83ae9,CC(C)c1ccccc1O,2912,u0,8191,qgeognn_v2_row_lcmd
d415596f22ad889a6d7b,CC(C)c1ccccc1O,2913,test,8191,qgeognn_v2_row_lcmd
a7adf2acd9c98e468b6a,CC(C)c1ccccc1O,2914,test,8191,qgeognn_v2_row_lcmd
aafc5710406e440a4c8f,CC(C)c1ccccc1O,2915,validation,8191,qgeognn_v2_row_lcmd
04c495d5b53e3b1bceb7,CC(C)c1ccccc1O,2916,u0,8191,qgeognn_v2_row_lcmd
3ae1262572c1d989fe91,CC(C)c1ccccc1O,2917,u0,8191,qgeognn_v2_row_lcmd
39963f2ef0f22d86beed,CC(C)c1ccccc1O,2918,u0,8191,qgeognn_v2_row_lcmd
c023e9fab656fe2ce6a6,CC(C)c1ccccc1O,2919,u0,8191,qgeognn_v2_row_lcmd
014a5a6687748dfc0ebf,CC(C)c1ccccc1O,2920,u0,8191,qgeognn_v2_row_lcmd
6b8fefaf0647d2239858,CC(C)c1ccccc1O,2921,u0,8191,qgeognn_v2_row_lcmd
68a01853008546de06a1,CC(C)c1ccccc1O,2922,u0,8191,qgeognn_v2_row_lcmd
0296d31e8c2e55602a19,CC(C)c1ccccc1O,2923,u0,8191,qgeognn_v2_row_lcmd
ee6b3465557d832e0b90,Cc1ccccc1C#N,2924,u0,8191,qgeognn_v2_row_lcmd
4c15c048e4f33116df8d,Cc1ccccc1C#N,2925,u0,8191,qgeognn_v2_row_lcmd
7f81423ec4cb301b12bf,Cc1ccccc1C#N,2926,u0,8191,qgeognn_v2_row_lcmd
b4297351c9b7fbdb8e4c,Cc1ccccc1C#N,2927,u0,8191,qgeognn_v2_row_lcmd
e843cbbc8c57875e9b80,Cc1ccccc1C#N,2928,validation,8191,qgeognn_v2_row_lcmd
97fda03b3c38e5bc5abd,Cc1ccccc1C#N,2929,u0,8191,qgeognn_v2_row_lcmd
751b439cc6f7eaa3bdc8,Cc1ccccc1C#N,2930,u0,8191,qgeognn_v2_row_lcmd
186ff43c8f3dcf2ed444,Cc1ccccc1C#N,2931,u0,8191,qgeognn_v2_row_lcmd
dc9dc88c690b5a1d563f,Cc1ccccc1C#N,2932,u0,8191,qgeognn_v2_row_lcmd
60b2d87cf24b037a7193,Cc1ccccc1C#N,2933,u0,8191,qgeognn_v2_row_lcmd
dff26ab879d89bb41790,Cc1ccccc1C#N,2934,u0,8191,qgeognn_v2_row_lcmd
8c4e370263f89adb3bc6,Cc1ccccc1C#N,2935,u0,8191,qgeognn_v2_row_lcmd
53d14fe6b27f5c325b09,Cc1ccccc1C#N,2936,u0,8191,qgeognn_v2_row_lcmd
101e73ea321226570290,Cc1ccccc1C#N,2937,u0,8191,qgeognn_v2_row_lcmd
4c3dce39521dcb1793a1,Cc1ccccc1C#N,2938,u0,8191,qgeognn_v2_row_lcmd
da4ade272ce8100d5b06,Cc1ccccc1C#N,2939,l0,8191,qgeognn_v2_row_lcmd
1d0ef0d2f4d834d5a1bb,Cc1ccccc1C#N,2940,u0,8191,qgeognn_v2_row_lcmd
c698067a7f9c576a34a2,Cc1ccccc1C#N,2941,u0,8191,qgeognn_v2_row_lcmd
5ff3e81c102706da6a30,Cc1ccccc1C#N,2942,u0,8191,qgeognn_v2_row_lcmd
1c312750e15ff66c6243,Cc1ccccc1C#N,2943,u0,8191,qgeognn_v2_row_lcmd
ef2fd58510bc9f4386a5,Brc1cc2ccccc2c2ccccc12,2944,u0,8191,qgeognn_v2_row_lcmd
e85d76beae17d6b6ada4,Brc1cc2ccccc2c2ccccc12,2945,u0,8191,qgeognn_v2_row_lcmd
61da71e94577a4d66028,Brc1cc2ccccc2c2ccccc12,2946,l0,8191,qgeognn_v2_row_lcmd
05532ff0857a33a604d0,Brc1cc2ccccc2c2ccccc12,2947,u0,8191,qgeognn_v2_row_lcmd
5a0302cc67b1fd69b7cd,Brc1cc2ccccc2c2ccccc12,2948,u0,8191,qgeognn_v2_row_lcmd
9aadc8feed825d13a5d7,Brc1cc2ccccc2c2ccccc12,2949,u0,8191,qgeognn_v2_row_lcmd
a539b04b0ab3606e7dd3,Brc1cc2ccccc2c2ccccc12,2950,u0,8191,qgeognn_v2_row_lcmd
e88fbf312cd49dd88cef,Brc1cc2ccccc2c2ccccc12,2951,l0,8191,qgeognn_v2_row_lcmd
032d9fbb133dff53e005,Brc1cc2ccccc2c2ccccc12,2952,u0,8191,qgeognn_v2_row_lcmd
3c273e7c71bbc8fb4fc9,Brc1cc2ccccc2c2ccccc12,2953,validation,8191,qgeognn_v2_row_lcmd
5b46916999f1668c7409,Brc1cc2ccccc2c2ccccc12,2954,u0,8191,qgeognn_v2_row_lcmd
111bfd60a27716526dc8,Brc1cc2ccccc2c2ccccc12,2955,u0,8191,qgeognn_v2_row_lcmd
e21a50fea625cd4d71f8,Brc1cc2ccccc2c2ccccc12,2956,u0,8191,qgeognn_v2_row_lcmd
5673d1c9567dd502bdc8,Brc1cc2ccccc2c2ccccc12,2957,u0,8191,qgeognn_v2_row_lcmd
971b4f8e32cbdf087dd8,Brc1cc2ccccc2c2ccccc12,2958,u0,8191,qgeognn_v2_row_lcmd
2df9d2f88ac69c5229e5,Brc1cc2ccccc2c2ccccc12,2959,u0,8191,qgeognn_v2_row_lcmd
b952320a29f6923f8c36,Brc1cc2ccccc2c2ccccc12,2960,u0,8191,qgeognn_v2_row_lcmd
c8324c0c30b89615c5fe,Brc1cc2ccccc2c2ccccc12,2961,u0,8191,qgeognn_v2_row_lcmd
42b3b7216aee53ebe1cc,Brc1cc2ccccc2c2ccccc12,2962,u0,8191,qgeognn_v2_row_lcmd
f2f1228ed527e78379ef,Brc1cc2ccccc2c2ccccc12,2963,test,8191,qgeognn_v2_row_lcmd
10c3ccc6c179f32c6ff3,Brc1cc2ccccc2c2ccccc12,2964,u0,8191,qgeognn_v2_row_lcmd
0418fe1a093c55dc73e1,Cc1cc(C)cc(C#N)c1,2965,u0,8191,qgeognn_v2_row_lcmd
2e6a6b82f8ddb64a9011,Cc1cc(C)cc(C#N)c1,2966,u0,8191,qgeognn_v2_row_lcmd
a2b4aaadfcd0dee51aef,Cc1cc(C)cc(C#N)c1,2967,u0,8191,qgeognn_v2_row_lcmd
2d27f02deb37eeb61bfe,Cc1cc(C)cc(C#N)c1,2968,u0,8191,qgeognn_v2_row_lcmd
ef909b1f112d3493ba8a,Cc1cc(C)cc(C#N)c1,2969,u0,8191,qgeognn_v2_row_lcmd
efb7617d566fb19d9217,Cc1cc(C)cc(C#N)c1,2970,test,8191,qgeognn_v2_row_lcmd
ddb0a18bcd9c5fc460c2,Cc1cc(C)cc(C#N)c1,2971,u0,8191,qgeognn_v2_row_lcmd
2bd50654bad989d82c87,Cc1cc(C)cc(C#N)c1,2972,u0,8191,qgeognn_v2_row_lcmd
cefa66116f9a89542666,Cc1cc(C)cc(C#N)c1,2973,u0,8191,qgeognn_v2_row_lcmd
99fb49a26d4f0f1440df,Cc1cc(C)cc(C#N)c1,2974,u0,8191,qgeognn_v2_row_lcmd
65bb637fa567663f5c54,Cc1cc(C)cc(C#N)c1,2975,l0,8191,qgeognn_v2_row_lcmd
5fc9dcdecdbc52f2e3ea,Cc1cc(C)cc(C#N)c1,2976,u0,8191,qgeognn_v2_row_lcmd
502fb676c48c491c8131,Cc1cc(C)cc(C#N)c1,2977,validation,8191,qgeognn_v2_row_lcmd
8677f09af6df7d38aa80,Cc1cc(C)cc(C#N)c1,2978,u0,8191,qgeognn_v2_row_lcmd
de3442604a546992b1e1,Cc1cc(C)cc(C#N)c1,2979,u0,8191,qgeognn_v2_row_lcmd
b2ac848cc42390b01b9f,Cc1cc(C)cc(C#N)c1,2980,u0,8191,qgeognn_v2_row_lcmd
c53330d840e277502386,Cc1cc(C)cc(C#N)c1,2981,u0,8191,qgeognn_v2_row_lcmd
65d07ddf4c4bdb3cf60b,Cc1cc(C)cc(C#N)c1,2982,test,8191,qgeognn_v2_row_lcmd
62d1db91c3839882736a,Cc1cc(C)cc(C#N)c1,2983,test,8191,qgeognn_v2_row_lcmd
63cda70afb5b740e4fa4,Cc1cc(C)cc(C#N)c1,2984,u0,8191,qgeognn_v2_row_lcmd
b51a88b6dc4049704214,Cc1cc(C)cc(C#N)c1,2985,u0,8191,qgeognn_v2_row_lcmd
a2febf036cd726eb4526,BrC(=C(c1ccccc1)c1ccccc1)c1ccccc1,2986,u0,8191,qgeognn_v2_row_lcmd
e831674d417af7d27b38,BrC(=C(c1ccccc1)c1ccccc1)c1ccccc1,2987,u0,8191,qgeognn_v2_row_lcmd
a0507e669c939a982dd3,BrC(=C(c1ccccc1)c1ccccc1)c1ccccc1,2988,u0,8191,qgeognn_v2_row_lcmd
a0f9239bbc5df8c3f8e9,BrC(=C(c1ccccc1)c1ccccc1)c1ccccc1,2989,u0,8191,qgeognn_v2_row_lcmd
181f4a164df2a06f6b96,BrC(=C(c1ccccc1)c1ccccc1)c1ccccc1,2990,u0,8191,qgeognn_v2_row_lcmd
6cb80aa01247c6623418,BrC(=C(c1ccccc1)c1ccccc1)c1ccccc1,2991,l0,8191,qgeognn_v2_row_lcmd
912c3bd62a46978c8a22,BrC(=C(c1ccccc1)c1ccccc1)c1ccccc1,2992,u0,8191,qgeognn_v2_row_lcmd
c5b069482139555cd052,BrC(=C(c1ccccc1)c1ccccc1)c1ccccc1,2993,l0,8191,qgeognn_v2_row_lcmd
e5ed03aa8e15ca165b73,BrC(=C(c1ccccc1)c1ccccc1)c1ccccc1,2994,u0,8191,qgeognn_v2_row_lcmd
26bf23b00a71858e89ac,BrC(=C(c1ccccc1)c1ccccc1)c1ccccc1,2995,u0,8191,qgeognn_v2_row_lcmd
9b63440194c1907efecf,BrC(=C(c1ccccc1)c1ccccc1)c1ccccc1,2996,test,8191,qgeognn_v2_row_lcmd
16cee53cbe16b60fb395,BrC(=C(c1ccccc1)c1ccccc1)c1ccccc1,2997,l0,8191,qgeognn_v2_row_lcmd
43d0ea8af460a7ac5934,BrC(=C(c1ccccc1)c1ccccc1)c1ccccc1,2998,u0,8191,qgeognn_v2_row_lcmd
fc14674e86364aa7b0fb,BrC(=C(c1ccccc1)c1ccccc1)c1ccccc1,2999,u0,8191,qgeognn_v2_row_lcmd
6b6145a0e01f7925a8fa,BrC(=C(c1ccccc1)c1ccccc1)c1ccccc1,3000,u0,8191,qgeognn_v2_row_lcmd
d25f0f076234ccfb1916,BrC(=C(c1ccccc1)c1ccccc1)c1ccccc1,3001,u0,8191,qgeognn_v2_row_lcmd
e437adb333e7b4f4021c,BrC(=C(c1ccccc1)c1ccccc1)c1ccccc1,3002,u0,8191,qgeognn_v2_row_lcmd
002ce3d7c637632f0ebe,BrC(=C(c1ccccc1)c1ccccc1)c1ccccc1,3003,validation,8191,qgeognn_v2_row_lcmd
8ab3606b0d15babbd1c7,BrC(=C(c1ccccc1)c1ccccc1)c1ccccc1,3004,u0,8191,qgeognn_v2_row_lcmd
f6ee035f6a2a7082604a,BrC(=C(c1ccccc1)c1ccccc1)c1ccccc1,3005,test,8191,qgeognn_v2_row_lcmd
2c8bdc7f29ed47c7ce61,BrC(=C(c1ccccc1)c1ccccc1)c1ccccc1,3006,u0,8191,qgeognn_v2_row_lcmd
717cada2bf06f3f3af6a,COc1cc(F)cc(Br)c1,3007,validation,8191,qgeognn_v2_row_lcmd
9b0471d6cc25cd63be83,COc1cc(F)cc(Br)c1,3008,u0,8191,qgeognn_v2_row_lcmd
c8b6d3c8743e84247e8b,COc1cc(F)cc(Br)c1,3009,u0,8191,qgeognn_v2_row_lcmd
52a57885ba0618c6880c,COc1cc(F)cc(Br)c1,3010,l0,8191,qgeognn_v2_row_lcmd
0050e3d001676878e1e4,COc1cc(F)cc(Br)c1,3011,test,8191,qgeognn_v2_row_lcmd
fa41b08d0bf4ffe0aa72,COc1cc(F)cc(Br)c1,3012,u0,8191,qgeognn_v2_row_lcmd
72ab072149ea3aa635af,COc1cc(F)cc(Br)c1,3013,test,8191,qgeognn_v2_row_lcmd
02074ce57eac6aa9fffb,COc1cc(F)cc(Br)c1,3014,u0,8191,qgeognn_v2_row_lcmd
ca81aaf7206408770c36,COc1cc(F)cc(Br)c1,3015,u0,8191,qgeognn_v2_row_lcmd
83ffe1ef81223c12af38,COc1cc(F)cc(Br)c1,3016,u0,8191,qgeognn_v2_row_lcmd
066397bae21d5a7046a6,COc1cc(F)cc(Br)c1,3017,u0,8191,qgeognn_v2_row_lcmd
402a1a80d4efc5144c89,COc1cc(F)cc(Br)c1,3018,u0,8191,qgeognn_v2_row_lcmd
8b6c17e7b3be7de3c26b,COc1cc(F)cc(Br)c1,3019,u0,8191,qgeognn_v2_row_lcmd
d894a098de0674074d0a,COc1cc(F)cc(Br)c1,3020,u0,8191,qgeognn_v2_row_lcmd
6e3dfb8b45e7c629cca9,COc1cc(F)cc(Br)c1,3021,u0,8191,qgeognn_v2_row_lcmd
97f693e8a82af54da0ed,COc1cc(F)cc(Br)c1,3022,u0,8191,qgeognn_v2_row_lcmd
5570346e8898daafc8a7,COc1cc(F)cc(Br)c1,3023,u0,8191,qgeognn_v2_row_lcmd
4b8f25056df6f60831b1,COc1cc(F)cc(Br)c1,3024,u0,8191,qgeognn_v2_row_lcmd
c8cc9df3e90a827b5f79,COc1cc(F)cc(Br)c1,3025,u0,8191,qgeognn_v2_row_lcmd
bdc6dc716495bcacc8eb,COc1cc(F)cc(Br)c1,3026,u0,8191,qgeognn_v2_row_lcmd
f0fca41370ee65c05d9e,COc1cc(F)cc(Br)c1,3027,test,8191,qgeognn_v2_row_lcmd
df4d1cc1a382562c2b31,Brc1ccccc1-c1ccccc1,3028,u0,8191,qgeognn_v2_row_lcmd
7b60956a2d35c34d6180,Brc1ccccc1-c1ccccc1,3029,u0,8191,qgeognn_v2_row_lcmd
b993127aae72ceb91b89,Brc1ccccc1-c1ccccc1,3030,u0,8191,qgeognn_v2_row_lcmd
312ba43a0274b9ce0f65,Brc1ccccc1-c1ccccc1,3031,u0,8191,qgeognn_v2_row_lcmd
9c06d41471b0bc70e4c7,Brc1ccccc1-c1ccccc1,3032,validation,8191,qgeognn_v2_row_lcmd
1d0b13a3b852c290cfd9,Brc1ccccc1-c1ccccc1,3033,u0,8191,qgeognn_v2_row_lcmd
26dcd18f16fc8db30898,Brc1ccccc1-c1ccccc1,3034,u0,8191,qgeognn_v2_row_lcmd
e515cb1302d9dac0b8cd,Brc1ccccc1-c1ccccc1,3035,u0,8191,qgeognn_v2_row_lcmd
8532b67875eadcc6397c,Brc1ccccc1-c1ccccc1,3036,l0,8191,qgeognn_v2_row_lcmd
feb389023cc6ceb597ed,Brc1ccccc1-c1ccccc1,3037,u0,8191,qgeognn_v2_row_lcmd
160cc2cbdc8a47e0549b,Brc1ccccc1-c1ccccc1,3038,u0,8191,qgeognn_v2_row_lcmd
e3a11577a13b489a198e,Brc1ccccc1-c1ccccc1,3039,u0,8191,qgeognn_v2_row_lcmd
7b0565847b084d1a1983,Brc1ccccc1-c1ccccc1,3040,u0,8191,qgeognn_v2_row_lcmd
d39245aac516fd38a15a,Brc1ccccc1-c1ccccc1,3041,u0,8191,qgeognn_v2_row_lcmd
5a7c3542e1c394df3dc5,Brc1ccccc1-c1ccccc1,3042,u0,8191,qgeognn_v2_row_lcmd
afa92b5a91d52c4e4b79,Brc1ccccc1-c1ccccc1,3043,u0,8191,qgeognn_v2_row_lcmd
6f577b8349ef1b7cf6a4,Brc1ccccc1-c1ccccc1,3044,u0,8191,qgeognn_v2_row_lcmd
f8670511cab05ad7141d,Brc1ccccc1-c1ccccc1,3045,u0,8191,qgeognn_v2_row_lcmd
f3f7cfc40e5b84b18566,Brc1ccccc1-c1ccccc1,3046,u0,8191,qgeognn_v2_row_lcmd
a49c6f33892af620bdd9,Brc1ccccc1-c1ccccc1,3047,test,8191,qgeognn_v2_row_lcmd
b673a92ba6de805c4251,Brc1ccccc1-c1ccccc1,3048,u0,8191,qgeognn_v2_row_lcmd
9879cc4dd2e9503b87fc,Brc1ccc2c(c1)OCO2,3049,u0,8191,qgeognn_v2_row_lcmd
8bc2c8fd4b9c791c9ae5,Brc1ccc2c(c1)OCO2,3050,u0,8191,qgeognn_v2_row_lcmd
d82cfdfa2fd2dd473add,Brc1ccc2c(c1)OCO2,3051,u0,8191,qgeognn_v2_row_lcmd
2b19ed7bb91c343567dd,Brc1ccc2c(c1)OCO2,3052,u0,8191,qgeognn_v2_row_lcmd
93f069afca83e51f108f,Brc1ccc2c(c1)OCO2,3053,u0,8191,qgeognn_v2_row_lcmd
8398d446af24cfce2962,Brc1ccc2c(c1)OCO2,3054,u0,8191,qgeognn_v2_row_lcmd
da41b1fbf379bd1b8e24,Brc1ccc2c(c1)OCO2,3055,u0,8191,qgeognn_v2_row_lcmd
7ea7715f3f6626cb5bfa,Brc1ccc2c(c1)OCO2,3056,u0,8191,qgeognn_v2_row_lcmd
7609a0c63a8cd353dd97,Brc1ccc2c(c1)OCO2,3057,test,8191,qgeognn_v2_row_lcmd
fe81eae9ca771781c285,Brc1ccc2c(c1)OCO2,3058,u0,8191,qgeognn_v2_row_lcmd
41133662186c9c2cfc56,Brc1ccc2c(c1)OCO2,3059,u0,8191,qgeognn_v2_row_lcmd
38e27006134935d923ca,Brc1ccc2c(c1)OCO2,3060,u0,8191,qgeognn_v2_row_lcmd
ac9bd2379845cb41edb8,Brc1ccc2c(c1)OCO2,3061,u0,8191,qgeognn_v2_row_lcmd
6e4a4c2f38801e15837c,Brc1ccc2c(c1)OCO2,3062,test,8191,qgeognn_v2_row_lcmd
d5fd79e96156bc59e3fe,Brc1ccc2c(c1)OCO2,3063,u0,8191,qgeognn_v2_row_lcmd
a2dbe14788c85f0974a9,Brc1ccc2c(c1)OCO2,3064,u0,8191,qgeognn_v2_row_lcmd
8a9121a5453cc56bc6d1,Brc1ccc2c(c1)OCO2,3065,test,8191,qgeognn_v2_row_lcmd
b94677e12c4d6aa11d9b,Brc1ccc2c(c1)OCO2,3066,u0,8191,qgeognn_v2_row_lcmd
6e800c2cd97dce7ae296,Brc1ccc2c(c1)OCO2,3067,u0,8191,qgeognn_v2_row_lcmd
0007449b058916cdcad1,Brc1ccc2c(c1)OCO2,3068,u0,8191,qgeognn_v2_row_lcmd
b149b054ae725437b4e9,Brc1ccc(Br)c2ccccc12,3069,u0,8191,qgeognn_v2_row_lcmd
61dbe9e57a7fb4f978a7,Brc1ccc(Br)c2ccccc12,3070,u0,8191,qgeognn_v2_row_lcmd
225853f825e20e6df71a,Brc1ccc(Br)c2ccccc12,3071,l0,8191,qgeognn_v2_row_lcmd
0abcd35d436abeff6ce0,Brc1ccc(Br)c2ccccc12,3072,test,8191,qgeognn_v2_row_lcmd
e66696e912043d01d240,Brc1ccc(Br)c2ccccc12,3073,u0,8191,qgeognn_v2_row_lcmd
540ef35dda953d3557c9,Brc1ccc(Br)c2ccccc12,3074,u0,8191,qgeognn_v2_row_lcmd
e3c3f08f67c5382b322d,Brc1ccc(Br)c2ccccc12,3075,validation,8191,qgeognn_v2_row_lcmd
30ae74055d1ffabed86a,Brc1ccc(Br)c2ccccc12,3076,validation,8191,qgeognn_v2_row_lcmd
536055849962ed6b1027,Brc1ccc(Br)c2ccccc12,3077,u0,8191,qgeognn_v2_row_lcmd
f90d9086f1becceab5c7,Brc1ccc(Br)c2ccccc12,3078,u0,8191,qgeognn_v2_row_lcmd
3531227af9fe32de30eb,Brc1ccc(Br)c2ccccc12,3079,u0,8191,qgeognn_v2_row_lcmd
c5e9a677323a59a4a68c,Brc1ccc(Br)c2ccccc12,3080,u0,8191,qgeognn_v2_row_lcmd
da42a0a387a029f477c4,Brc1ccc(Br)c2ccccc12,3081,l0,8191,qgeognn_v2_row_lcmd
71a0de5c629cd04d2582,Brc1ccc(Br)c2ccccc12,3082,u0,8191,qgeognn_v2_row_lcmd
02da4f87ea8775ba0ce2,Brc1ccc(Br)c2ccccc12,3083,validation,8191,qgeognn_v2_row_lcmd
c17fee6d4419cf961d3a,Brc1ccc(Br)c2ccccc12,3084,u0,8191,qgeognn_v2_row_lcmd
f10605f57638fcf2b4fb,Brc1ccc(Br)c2ccccc12,3085,u0,8191,qgeognn_v2_row_lcmd
2ced3ffcad9d3e3d21e1,Brc1ccc(Br)c2ccccc12,3086,u0,8191,qgeognn_v2_row_lcmd
2353a25bf629e6525ba2,Brc1ccc(Br)c2ccccc12,3087,u0,8191,qgeognn_v2_row_lcmd
6344eef305d5c2c9e159,Brc1ccc(Br)c2ccccc12,3088,u0,8191,qgeognn_v2_row_lcmd
6a9df58ba750ae76df13,Brc1ccc(Br)c2ccccc12,3089,validation,8191,qgeognn_v2_row_lcmd
c83d76b6b059822ce1d3,COc1ccc(Br)c(C)c1,3090,u0,8191,qgeognn_v2_row_lcmd
747280711df386cbbc09,COc1ccc(Br)c(C)c1,3091,u0,8191,qgeognn_v2_row_lcmd
26753cceaec5648eb522,COc1ccc(Br)c(C)c1,3092,test,8191,qgeognn_v2_row_lcmd
71227e6b82ad2dd28e30,COc1ccc(Br)c(C)c1,3093,u0,8191,qgeognn_v2_row_lcmd
f328cb4a0ebf229b9fe4,COc1ccc(Br)c(C)c1,3094,u0,8191,qgeognn_v2_row_lcmd
e688bca16244a0e08b8e,COc1ccc(Br)c(C)c1,3095,u0,8191,qgeognn_v2_row_lcmd
9532e02df1c56836d2f4,COc1ccc(Br)c(C)c1,3096,u0,8191,qgeognn_v2_row_lcmd
216d3a0a0932cff106a6,COc1ccc(Br)c(C)c1,3097,u0,8191,qgeognn_v2_row_lcmd
8e03d48d75ea0058fc99,COc1ccc(Br)c(C)c1,3098,u0,8191,qgeognn_v2_row_lcmd
3f3872cf92501b6fee97,COc1ccc(Br)c(C)c1,3099,u0,8191,qgeognn_v2_row_lcmd
19904930b0fa12eccf23,COc1ccc(Br)c(C)c1,3100,u0,8191,qgeognn_v2_row_lcmd
d3a7cf2d3d516c3324c7,COc1ccc(Br)c(C)c1,3101,u0,8191,qgeognn_v2_row_lcmd
afc81e621ecdca2bd686,COc1ccc(Br)c(C)c1,3102,u0,8191,qgeognn_v2_row_lcmd
5b2c1366fbc2e7f7fa49,COc1ccc(Br)c(C)c1,3103,u0,8191,qgeognn_v2_row_lcmd
2c76429fea6c16885351,COc1ccc(Br)c(C)c1,3104,test,8191,qgeognn_v2_row_lcmd
c3ed68ce5f2e05ce49a9,COc1ccc(Br)c(C)c1,3105,u0,8191,qgeognn_v2_row_lcmd
eac4c18cd654841de896,COc1ccc(Br)c(C)c1,3106,u0,8191,qgeognn_v2_row_lcmd
d17718dc009389d217a2,COc1ccc(Br)c(C)c1,3107,u0,8191,qgeognn_v2_row_lcmd
196c6af7a2a8d2ac178e,COc1ccc(Br)c(C)c1,3108,l0,8191,qgeognn_v2_row_lcmd
206b2cd651e4b3a5a841,COc1ccc(Br)c(C)c1,3109,u0,8191,qgeognn_v2_row_lcmd
3f79435038d038b87d4f,COc1ccc(Br)c(C)c1,3110,u0,8191,qgeognn_v2_row_lcmd
ca363e6811e98069497a,COc1ccc(Br)c(CBr)c1,3111,validation,8191,qgeognn_v2_row_lcmd
cbda6eb2f1c43371ac4d,COc1ccc(Br)c(CBr)c1,3112,u0,8191,qgeognn_v2_row_lcmd
1f5db46604ed112e33e9,COc1ccc(Br)c(CBr)c1,3113,u0,8191,qgeognn_v2_row_lcmd
c2b1d2f026e8b8f02920,COc1ccc(Br)c(CBr)c1,3114,test,8191,qgeognn_v2_row_lcmd
143b3cc9b2632dc21477,COc1ccc(Br)c(CBr)c1,3115,u0,8191,qgeognn_v2_row_lcmd
b0c585bd56fc0cd41c3e,COc1ccc(Br)c(CBr)c1,3116,u0,8191,qgeognn_v2_row_lcmd
21e035a18a77020afa82,COc1ccc(Br)c(CBr)c1,3117,test,8191,qgeognn_v2_row_lcmd
887e3cf24f2ebd62d0f6,COc1ccc(Br)c(CBr)c1,3118,u0,8191,qgeognn_v2_row_lcmd
7583ebbe807609bdcce3,COc1ccc(Br)c(CBr)c1,3119,u0,8191,qgeognn_v2_row_lcmd
edc72344004b11eb054e,COc1ccc(Br)c(CBr)c1,3120,validation,8191,qgeognn_v2_row_lcmd
f8028bf0ec908b7a6251,COc1ccc(Br)c(CBr)c1,3121,l0,8191,qgeognn_v2_row_lcmd
781716dc169401e81eb0,COc1ccc(Br)c(CBr)c1,3122,u0,8191,qgeognn_v2_row_lcmd
f2af3e66c706aa5706ea,COc1ccc(Br)c(CBr)c1,3123,u0,8191,qgeognn_v2_row_lcmd
7a2d11133b002d4183f0,COc1ccc(Br)c(CBr)c1,3124,u0,8191,qgeognn_v2_row_lcmd
4319c2f6bd0d3d2094a4,COc1ccc(Br)c(CBr)c1,3125,u0,8191,qgeognn_v2_row_lcmd
ebf7b4153d41109de784,COc1ccc(Br)c(CBr)c1,3126,l0,8191,qgeognn_v2_row_lcmd
1d458e17713f9272f4ef,COc1ccc(Br)c(CBr)c1,3127,u0,8191,qgeognn_v2_row_lcmd
9080bab87590c8139195,COc1ccc(Br)c(CBr)c1,3128,u0,8191,qgeognn_v2_row_lcmd
36b77874ca1dec2a4bdb,COc1ccc(Br)c(CBr)c1,3129,validation,8191,qgeognn_v2_row_lcmd
ae66743d0808a4a8cc80,COc1ccc(Br)c(CBr)c1,3130,test,8191,qgeognn_v2_row_lcmd
8bd97d062735af1ba0aa,COc1ccc(Br)c(CBr)c1,3131,u0,8191,qgeognn_v2_row_lcmd
0fca9e0134ba9700cc0c,O=C(CC(=O)C(F)(F)F)c1ccc2ccccc2c1,3132,u0,8191,qgeognn_v2_row_lcmd
6760820b54dccf5904f9,O=C(CC(=O)C(F)(F)F)c1ccc2ccccc2c1,3133,u0,8191,qgeognn_v2_row_lcmd
14d7f6fb3dda38f48fb9,O=C(CC(=O)C(F)(F)F)c1ccc2ccccc2c1,3134,u0,8191,qgeognn_v2_row_lcmd
db30f87487b96ba6d141,O=C(CC(=O)C(F)(F)F)c1ccc2ccccc2c1,3135,l0,8191,qgeognn_v2_row_lcmd
553ee7ba7226d2304ed5,O=C(CC(=O)C(F)(F)F)c1ccc2ccccc2c1,3136,u0,8191,qgeognn_v2_row_lcmd
a01ddd20ae3501ca9881,O=C(CC(=O)C(F)(F)F)c1ccc2ccccc2c1,3137,u0,8191,qgeognn_v2_row_lcmd
d9ebd22828036fc4c7e6,O=C(CC(=O)C(F)(F)F)c1ccc2ccccc2c1,3138,u0,8191,qgeognn_v2_row_lcmd
9400b8c40aaf33ef23d5,O=C(CC(=O)C(F)(F)F)c1ccc2ccccc2c1,3139,u0,8191,qgeognn_v2_row_lcmd
1bbaa0ee75bb2350dc58,O=C(CC(=O)C(F)(F)F)c1ccc2ccccc2c1,3140,u0,8191,qgeognn_v2_row_lcmd
3db682471b6cad60811d,O=C(CC(=O)C(F)(F)F)c1ccc2ccccc2c1,3141,u0,8191,qgeognn_v2_row_lcmd
989222022f8f567ee126,O=C(CC(=O)C(F)(F)F)c1ccc2ccccc2c1,3142,u0,8191,qgeognn_v2_row_lcmd
ed4d64cb440e2438815f,O=C(CC(=O)C(F)(F)F)c1ccc2ccccc2c1,3143,u0,8191,qgeognn_v2_row_lcmd
ea9ef1bc8766196ca96d,O=C(CC(=O)C(F)(F)F)c1ccc2ccccc2c1,3144,u0,8191,qgeognn_v2_row_lcmd
fc672dc6f3ecc1d0492c,O=C(CC(=O)C(F)(F)F)c1ccc2ccccc2c1,3145,u0,8191,qgeognn_v2_row_lcmd
20acd2ae49790ab82053,O=C(CC(=O)C(F)(F)F)c1ccc2ccccc2c1,3146,validation,8191,qgeognn_v2_row_lcmd
7ac16a6d90180a350ff0,O=C(CC(=O)C(F)(F)F)c1ccc2ccccc2c1,3147,u0,8191,qgeognn_v2_row_lcmd
80de1b57c56257d2ecae,O=C(CC(=O)C(F)(F)F)c1ccc2ccccc2c1,3148,u0,8191,qgeognn_v2_row_lcmd
4c2ad10692512e8f23b8,O=C(CC(=O)C(F)(F)F)c1ccc2ccccc2c1,3149,u0,8191,qgeognn_v2_row_lcmd
e9a7d193dc3d83532c1f,O=C(CC(=O)C(F)(F)F)c1ccc2ccccc2c1,3150,u0,8191,qgeognn_v2_row_lcmd
483022b02f8329c323ac,O=C(CC(=O)C(F)(F)F)c1ccc2ccccc2c1,3151,validation,8191,qgeognn_v2_row_lcmd
0b9a59526d7d4ce5f872,O=C(CC(=O)C(F)(F)F)c1ccc2ccccc2c1,3152,u0,8191,qgeognn_v2_row_lcmd
e4a7e43d15fcdee2ba1d,CCCCCCCCCCCCc1cc(Br)sc1Br,3153,u0,8191,qgeognn_v2_row_lcmd
c3070604fe243a9e8bc9,CCCCCCCCCCCCc1cc(Br)sc1Br,3154,test,8191,qgeognn_v2_row_lcmd
f156391514f509a6ea3a,CCCCCCCCCCCCc1cc(Br)sc1Br,3155,u0,8191,qgeognn_v2_row_lcmd
bd62986a3ea6d28161ec,CCCCCCCCCCCCc1cc(Br)sc1Br,3156,u0,8191,qgeognn_v2_row_lcmd
ef3f1cc179493a050c5c,CCCCCCCCCCCCc1cc(Br)sc1Br,3157,u0,8191,qgeognn_v2_row_lcmd
ec71ea81bb34e0bf505e,CCCCCCCCCCCCc1cc(Br)sc1Br,3158,validation,8191,qgeognn_v2_row_lcmd
5a2d68dbe70436facec6,CCCCCCCCCCCCc1cc(Br)sc1Br,3159,u0,8191,qgeognn_v2_row_lcmd
5d11af6ff834c7706e64,CCCCCCCCCCCCc1cc(Br)sc1Br,3160,test,8191,qgeognn_v2_row_lcmd
0f8ae9a2f5ed927d4a08,CCCCCCCCCCCCc1cc(Br)sc1Br,3161,u0,8191,qgeognn_v2_row_lcmd
bfd6d9785c1b89dd9c11,CCCCCCCCCCCCc1cc(Br)sc1Br,3162,validation,8191,qgeognn_v2_row_lcmd
f07ac5828cf38ce1bbb3,CCCCCCCCCCCCc1cc(Br)sc1Br,3163,u0,8191,qgeognn_v2_row_lcmd
a6fd9cae6e0672265c13,CCCCCCCCCCCCc1cc(Br)sc1Br,3164,u0,8191,qgeognn_v2_row_lcmd
17b4019da623a31c6bff,CCCCCCCCCCCCc1cc(Br)sc1Br,3165,u0,8191,qgeognn_v2_row_lcmd
e9b889b81ce52aedb70e,CCCCCCCCCCCCc1cc(Br)sc1Br,3166,validation,8191,qgeognn_v2_row_lcmd
e9aa21d2af3158cfa4f5,CCCCCCCCCCCCc1cc(Br)sc1Br,3167,u0,8191,qgeognn_v2_row_lcmd
e0bc96df35be6f6a3f05,CCCCCCCCCCCCc1cc(Br)sc1Br,3168,test,8191,qgeognn_v2_row_lcmd
2b49123b1511fd8054dc,CCCCCCCCCCCCc1cc(Br)sc1Br,3169,u0,8191,qgeognn_v2_row_lcmd
2f22fe92623a5d221e6e,CCCCCCCCCCCCc1cc(Br)sc1Br,3170,test,8191,qgeognn_v2_row_lcmd
7e981ba02c83f74f5e65,CCCCCCCCCCCCc1cc(Br)sc1Br,3171,u0,8191,qgeognn_v2_row_lcmd
09236f36e11ff0bb70fe,CCCCCCCCCCCCc1cc(Br)sc1Br,3172,u0,8191,qgeognn_v2_row_lcmd
4557a201acb370fccbfa,CCCCCCCCCCCCc1cc(Br)sc1Br,3173,u0,8191,qgeognn_v2_row_lcmd
fe6bfc9e4a0ae7804c89,O=C(c1ccccc1)c1ccc(Cl)cc1,3174,u0,8191,qgeognn_v2_row_lcmd
4aabb77c06ad8c4b91fa,O=C(c1ccccc1)c1ccc(Cl)cc1,3175,u0,8191,qgeognn_v2_row_lcmd
94bc3fc118d3761c7685,O=C(c1ccccc1)c1ccc(Cl)cc1,3176,u0,8191,qgeognn_v2_row_lcmd
a54f1c9df0f04b361e55,O=C(c1ccccc1)c1ccc(Cl)cc1,3177,u0,8191,qgeognn_v2_row_lcmd
367dd70ce2afaf9c8a21,O=C(c1ccccc1)c1ccc(Cl)cc1,3178,l0,8191,qgeognn_v2_row_lcmd
fb802a5856aeed00d9a0,O=C(c1ccccc1)c1ccc(Cl)cc1,3179,validation,8191,qgeognn_v2_row_lcmd
cc27ac69eb6c0c29f26f,O=C(c1ccccc1)c1ccc(Cl)cc1,3180,u0,8191,qgeognn_v2_row_lcmd
9c6788682bd290734686,O=C(c1ccccc1)c1ccc(Cl)cc1,3181,u0,8191,qgeognn_v2_row_lcmd
bcb4ef9d7e50a958d564,O=C(c1ccccc1)c1ccc(Cl)cc1,3182,test,8191,qgeognn_v2_row_lcmd
4dd5139156c57f3467c1,O=C(c1ccccc1)c1ccc(Cl)cc1,3183,u0,8191,qgeognn_v2_row_lcmd
738d61dd88e0a9cf650d,O=C(c1ccccc1)c1ccc(Cl)cc1,3184,u0,8191,qgeognn_v2_row_lcmd
10ec71e9625e7acc2788,O=C(c1ccccc1)c1ccc(Cl)cc1,3185,u0,8191,qgeognn_v2_row_lcmd
0d2aca4be80c9833ca6a,O=C(c1ccccc1)c1ccc(Cl)cc1,3186,test,8191,qgeognn_v2_row_lcmd
afcd617fb4de453e8475,O=C(c1ccccc1)c1ccc(Cl)cc1,3187,u0,8191,qgeognn_v2_row_lcmd
3786b3156365f77c03ce,O=C(c1ccccc1)c1ccc(Cl)cc1,3188,u0,8191,qgeognn_v2_row_lcmd
dbb11446f81abd9b96f1,O=C(c1ccccc1)c1ccc(Cl)cc1,3189,test,8191,qgeognn_v2_row_lcmd
c717afaee5336c60c59f,O=C(c1ccccc1)c1ccc(Cl)cc1,3190,u0,8191,qgeognn_v2_row_lcmd
09dd7a16716e6f168fd6,O=C(c1ccccc1)c1ccc(Cl)cc1,3191,u0,8191,qgeognn_v2_row_lcmd
8e330202a1983cbc02b5,O=C(c1ccccc1)c1ccc(Cl)cc1,3192,u0,8191,qgeognn_v2_row_lcmd
1f40af3483bd97a7dfca,O=C(c1ccccc1)c1ccc(Cl)cc1,3193,test,8191,qgeognn_v2_row_lcmd
975d484a29fb5011f336,O=C(c1ccccc1)c1ccc(Cl)cc1,3194,u0,8191,qgeognn_v2_row_lcmd
9ef184fb3e38791e6c13,O=C(c1ccccc1)C1CCCCC1,3195,u0,8191,qgeognn_v2_row_lcmd
5675439f54be4758d524,O=C(c1ccccc1)C1CCCCC1,3196,validation,8191,qgeognn_v2_row_lcmd
90b3c5f660655ce09ddf,O=C(c1ccccc1)C1CCCCC1,3197,u0,8191,qgeognn_v2_row_lcmd
44601c22cc7d6f0f7e2e,O=C(c1ccccc1)C1CCCCC1,3198,u0,8191,qgeognn_v2_row_lcmd
3a71d8cb86c7f455fde1,O=C(c1ccccc1)C1CCCCC1,3199,u0,8191,qgeognn_v2_row_lcmd
49330faa4707de61f98d,O=C(c1ccccc1)C1CCCCC1,3200,test,8191,qgeognn_v2_row_lcmd
7ad733fd9782f0eb8b7c,O=C(c1ccccc1)C1CCCCC1,3201,u0,8191,qgeognn_v2_row_lcmd
a44bda1a7abf6efee26c,O=C(c1ccccc1)C1CCCCC1,3202,u0,8191,qgeognn_v2_row_lcmd
af97ce84dc851451ecb5,O=C(c1ccccc1)C1CCCCC1,3203,u0,8191,qgeognn_v2_row_lcmd
9628ee594f3917a9e364,O=C(c1ccccc1)C1CCCCC1,3204,l0,8191,qgeognn_v2_row_lcmd
705d1b2999659e6d5bbf,O=C(c1ccccc1)C1CCCCC1,3205,u0,8191,qgeognn_v2_row_lcmd
75adc7367152310b089f,O=C(c1ccccc1)C1CCCCC1,3206,u0,8191,qgeognn_v2_row_lcmd
fb3554edb66d06986f1f,O=C(c1ccccc1)C1CCCCC1,3207,u0,8191,qgeognn_v2_row_lcmd
11897f093fed60f3c7e3,O=C(c1ccccc1)C1CCCCC1,3208,u0,8191,qgeognn_v2_row_lcmd
e7b97ae72bdff93feae9,O=C(c1ccccc1)C1CCCCC1,3209,test,8191,qgeognn_v2_row_lcmd
f4fd9dc02cc082b1dccd,O=C(c1ccccc1)C1CCCCC1,3210,u0,8191,qgeognn_v2_row_lcmd
3929a461501f88558c7d,O=C(c1ccccc1)C1CCCCC1,3211,u0,8191,qgeognn_v2_row_lcmd
3213e0500b0a713dade5,O=C(c1ccccc1)C1CCCCC1,3212,u0,8191,qgeognn_v2_row_lcmd
7c50b9dc5e2577123b92,O=C(c1ccccc1)C1CCCCC1,3213,validation,8191,qgeognn_v2_row_lcmd
2f9a457ea51fb6156dbc,O=C(c1ccccc1)C1CCCCC1,3214,validation,8191,qgeognn_v2_row_lcmd
0774ceee565be86b891c,O=C(c1ccccc1)C1CCCCC1,3215,u0,8191,qgeognn_v2_row_lcmd
117874b15293a4b5e3e1,CSc1ccc(C(C)=O)cc1,3216,test,8191,qgeognn_v2_row_lcmd
4589cfb6a0563df83dd6,CSc1ccc(C(C)=O)cc1,3217,l0,8191,qgeognn_v2_row_lcmd
d2d36d9586f3f49acd5d,CSc1ccc(C(C)=O)cc1,3218,validation,8191,qgeognn_v2_row_lcmd
b655d7de0986cbd0d622,CSc1ccc(C(C)=O)cc1,3219,test,8191,qgeognn_v2_row_lcmd
63109bac6659ba471955,CSc1ccc(C(C)=O)cc1,3220,u0,8191,qgeognn_v2_row_lcmd
b7c529fb27066ef73734,CSc1ccc(C(C)=O)cc1,3221,u0,8191,qgeognn_v2_row_lcmd
40d5f6dbba8de32e9852,CSc1ccc(C(C)=O)cc1,3222,u0,8191,qgeognn_v2_row_lcmd
21e09d52eac22fe25e15,CSc1ccc(C(C)=O)cc1,3223,test,8191,qgeognn_v2_row_lcmd
34aaca6f7a0768d743fe,CSc1ccc(C(C)=O)cc1,3224,u0,8191,qgeognn_v2_row_lcmd
cdcabd704ebeeeca9183,CSc1ccc(C(C)=O)cc1,3225,u0,8191,qgeognn_v2_row_lcmd
892c3900698d3de38b1c,CSc1ccc(C(C)=O)cc1,3226,validation,8191,qgeognn_v2_row_lcmd
91cd087e44e7a3364533,CSc1ccc(C(C)=O)cc1,3227,u0,8191,qgeognn_v2_row_lcmd
2f72c334253bbe94a8ab,CSc1ccc(C(C)=O)cc1,3228,u0,8191,qgeognn_v2_row_lcmd
92f7fe9d8581717a9949,CSc1ccc(C(C)=O)cc1,3229,u0,8191,qgeognn_v2_row_lcmd
596bd04bfe916866f908,CSc1ccc(C(C)=O)cc1,3230,u0,8191,qgeognn_v2_row_lcmd
55200f8e501a16ffa0cf,CSc1ccc(C(C)=O)cc1,3231,u0,8191,qgeognn_v2_row_lcmd
5e1a63da794d99ec88fb,COc1cccc(OC)c1C=O,3232,validation,8191,qgeognn_v2_row_lcmd
dd4f07e349873053fd73,COc1cccc(OC)c1C=O,3233,u0,8191,qgeognn_v2_row_lcmd
c6ce120d2546ceadde09,COc1cccc(OC)c1C=O,3234,l0,8191,qgeognn_v2_row_lcmd
f4fb5c03b8e8996e75f6,COc1cccc(OC)c1C=O,3235,u0,8191,qgeognn_v2_row_lcmd
dbb94bf062fc0e640258,COc1cccc(OC)c1C=O,3236,u0,8191,qgeognn_v2_row_lcmd
9bd998a328b109ef639e,COc1cccc(OC)c1C=O,3237,validation,8191,qgeognn_v2_row_lcmd
cc2a23d8eb9de61d2ab3,COc1cccc(OC)c1C=O,3238,u0,8191,qgeognn_v2_row_lcmd
69b09343d0b9995c3ae4,COc1cccc(OC)c1C=O,3239,validation,8191,qgeognn_v2_row_lcmd
facbcedbecb46072b04c,COc1cccc(OC)c1C=O,3240,validation,8191,qgeognn_v2_row_lcmd
761c3f82d640da44966c,COc1cccc(OC)c1C=O,3241,u0,8191,qgeognn_v2_row_lcmd
c4b5a5499258f39b7ac1,COc1cccc(OC)c1C=O,3242,u0,8191,qgeognn_v2_row_lcmd
06ebbf6e52fa3ea6aef3,COc1cccc(OC)c1C=O,3243,l0,8191,qgeognn_v2_row_lcmd
2490762d0471bbb9cc9f,O=Cc1c(Br)cccc1Br,3244,validation,8191,qgeognn_v2_row_lcmd
f48457461a7af6a98587,O=Cc1c(Br)cccc1Br,3245,test,8191,qgeognn_v2_row_lcmd
8435ac7ac5c9c8c37de2,O=Cc1c(Br)cccc1Br,3246,u0,8191,qgeognn_v2_row_lcmd
5f18493c09da8b07b64a,O=Cc1c(Br)cccc1Br,3247,u0,8191,qgeognn_v2_row_lcmd
87c47bbb721cb26b06cc,O=Cc1c(Br)cccc1Br,3248,u0,8191,qgeognn_v2_row_lcmd
5b10fd0119edd0e50d70,O=Cc1c(Br)cccc1Br,3249,u0,8191,qgeognn_v2_row_lcmd
d922ae5579393387b2cc,O=Cc1c(Br)cccc1Br,3250,u0,8191,qgeognn_v2_row_lcmd
b75ac5668dddb9154807,O=Cc1c(Br)cccc1Br,3251,u0,8191,qgeognn_v2_row_lcmd
929b1e9984f8feaf6d0f,O=Cc1c(Br)cccc1Br,3252,u0,8191,qgeognn_v2_row_lcmd
20a3e65ac978c57b9f94,O=Cc1c(Br)cccc1Br,3253,u0,8191,qgeognn_v2_row_lcmd
c098b72af1f4e81425e7,O=Cc1c(Br)cccc1Br,3254,u0,8191,qgeognn_v2_row_lcmd
4a99e7386619c065ec67,O=Cc1c(Br)cccc1Br,3255,u0,8191,qgeognn_v2_row_lcmd
8668ae8196d5d6347a4b,O=Cc1c(Br)cccc1Br,3256,u0,8191,qgeognn_v2_row_lcmd
9f3ebf8842a868d87c20,O=Cc1c(Br)cccc1Br,3257,l0,8191,qgeognn_v2_row_lcmd
4f97501404c893e36750,O=Cc1c(Br)cccc1Br,3258,u0,8191,qgeognn_v2_row_lcmd
e3ea38fbbf45a1395011,O=Cc1c(Br)cccc1Br,3259,u0,8191,qgeognn_v2_row_lcmd
0639d01c2101c2bad557,O=Cc1c(Br)cccc1Br,3260,u0,8191,qgeognn_v2_row_lcmd
80163fc8fd05827e1716,O=Cc1c(Br)cccc1Br,3261,u0,8191,qgeognn_v2_row_lcmd
c5d46fe23a4cde01f738,O=Cc1c(Br)cccc1Br,3262,u0,8191,qgeognn_v2_row_lcmd
70b0f8e7366d7227efd0,O=Cc1c(Br)cccc1Br,3263,u0,8191,qgeognn_v2_row_lcmd
8f625c2f36dcacfc8ed5,O=Cc1c(Br)cccc1Br,3264,u0,8191,qgeognn_v2_row_lcmd
43a518f01fef0d4ae54b,CC(=O)c1ccc2c(c1)OCO2,3265,u0,8191,qgeognn_v2_row_lcmd
7ca4530921bfc12ce558,CC(=O)c1ccc2c(c1)OCO2,3266,u0,8191,qgeognn_v2_row_lcmd
89fc4c70c5a2e9ea04d3,CC(=O)c1ccc2c(c1)OCO2,3267,u0,8191,qgeognn_v2_row_lcmd
c5879e8f93b99dcf6b34,CC(=O)c1ccc2c(c1)OCO2,3268,l0,8191,qgeognn_v2_row_lcmd
162ffd9b0db1fd3c1509,CC(=O)c1ccc2c(c1)OCO2,3269,validation,8191,qgeognn_v2_row_lcmd
3c4c856ec5ee29c66540,CC(=O)c1ccc2c(c1)OCO2,3270,u0,8191,qgeognn_v2_row_lcmd
3f49209a4fc102e36500,CC(=O)c1ccc2c(c1)OCO2,3271,u0,8191,qgeognn_v2_row_lcmd
355a5a627bce3e736d4d,CC(=O)c1ccc2c(c1)OCO2,3272,u0,8191,qgeognn_v2_row_lcmd
8641d0ec9c4b21727b9a,CC(=O)c1ccc2c(c1)OCO2,3273,l0,8191,qgeognn_v2_row_lcmd
8aa79ce56a84843f3849,CC(=O)c1ccc2c(c1)OCO2,3274,u0,8191,qgeognn_v2_row_lcmd
ae8805bc02bce03072e2,CC(=O)c1ccc2c(c1)OCO2,3275,test,8191,qgeognn_v2_row_lcmd
d824f03d11ae777a2d00,CC(=O)c1ccc2c(c1)OCO2,3276,u0,8191,qgeognn_v2_row_lcmd
1c52010cfa0344fd2b6b,CC(=O)c1ccc2c(c1)OCO2,3277,u0,8191,qgeognn_v2_row_lcmd
0892bc6cad36949f9030,CC(=O)c1ccc2c(c1)OCO2,3278,u0,8191,qgeognn_v2_row_lcmd
5524670e4337370c2ef6,CC(=O)c1ccc2c(c1)OCO2,3279,u0,8191,qgeognn_v2_row_lcmd
f31a89256d8ee4192d55,CC(=O)c1ccc2c(c1)OCO2,3280,u0,8191,qgeognn_v2_row_lcmd
a6a0404c3ad65c6d9326,CC(=O)c1ccc2c(c1)OCO2,3281,u0,8191,qgeognn_v2_row_lcmd
746fde6173907fe5388f,CC(=O)c1ccc2c(c1)Cc1ccccc1-2,3282,u0,8191,qgeognn_v2_row_lcmd
3c1875eb669056c6c621,CC(=O)c1ccc2c(c1)Cc1ccccc1-2,3283,u0,8191,qgeognn_v2_row_lcmd
e84314bcd7ec5ba57283,CC(=O)c1ccc2c(c1)Cc1ccccc1-2,3284,u0,8191,qgeognn_v2_row_lcmd
2d870d7a88b5d7b7ef47,CC(=O)c1ccc2c(c1)Cc1ccccc1-2,3285,u0,8191,qgeognn_v2_row_lcmd
0537c303027eef12ba09,CC(=O)c1ccc2c(c1)Cc1ccccc1-2,3286,u0,8191,qgeognn_v2_row_lcmd
0bd57808d920c8e6f5c4,CC(=O)c1ccc2c(c1)Cc1ccccc1-2,3287,u0,8191,qgeognn_v2_row_lcmd
657aa3aea4edc623ac20,CC(=O)c1ccc2c(c1)Cc1ccccc1-2,3288,u0,8191,qgeognn_v2_row_lcmd
a2f5638c0f2528673e4e,CC(=O)c1ccc2c(c1)Cc1ccccc1-2,3289,u0,8191,qgeognn_v2_row_lcmd
aa0f0e8128794bdd469d,CC(=O)c1ccc2c(c1)Cc1ccccc1-2,3290,validation,8191,qgeognn_v2_row_lcmd
bfcb567664468f0d6902,CC(=O)c1ccc2c(c1)Cc1ccccc1-2,3291,validation,8191,qgeognn_v2_row_lcmd
7b341f30a27433562690,CC(=O)c1ccc2c(c1)Cc1ccccc1-2,3292,u0,8191,qgeognn_v2_row_lcmd
5b1b0390c90ceb580c5e,CC(=O)c1ccc2c(c1)Cc1ccccc1-2,3293,u0,8191,qgeognn_v2_row_lcmd
86fb9a8fd6633397d670,CC(=O)c1ccc2c(c1)Cc1ccccc1-2,3294,l0,8191,qgeognn_v2_row_lcmd
8e4d62928039d2200288,CC(=O)c1ccc2c(c1)Cc1ccccc1-2,3295,u0,8191,qgeognn_v2_row_lcmd
d1e922c04dbd0c9f6c06,CC(=O)c1ccc2c(c1)Cc1ccccc1-2,3296,validation,8191,qgeognn_v2_row_lcmd
cace6f00c46aea69fe39,CC(=O)c1ccc2c(c1)Cc1ccccc1-2,3297,u0,8191,qgeognn_v2_row_lcmd
8f9a7ca0380c405ee685,CC(=O)c1ccc2c(c1)Cc1ccccc1-2,3298,test,8191,qgeognn_v2_row_lcmd
8fdf94a48f481ec3e125,O=Cc1cc(C(F)(F)F)ccc1Br,3299,u0,8191,qgeognn_v2_row_lcmd
82b206c9170ddc70fe8a,O=Cc1cc(C(F)(F)F)ccc1Br,3300,u0,8191,qgeognn_v2_row_lcmd
bae5bd53214695aed5b8,O=Cc1cc(C(F)(F)F)ccc1Br,3301,u0,8191,qgeognn_v2_row_lcmd
96bcae6dcf065b7ad6fc,O=Cc1cc(C(F)(F)F)ccc1Br,3302,u0,8191,qgeognn_v2_row_lcmd
604873ccb66d3a6f31b5,O=Cc1cc(C(F)(F)F)ccc1Br,3303,validation,8191,qgeognn_v2_row_lcmd
e2af7acb369eb355bc9c,O=Cc1cc(C(F)(F)F)ccc1Br,3304,u0,8191,qgeognn_v2_row_lcmd
7707be94729b49b3a560,O=Cc1cc(C(F)(F)F)ccc1Br,3305,u0,8191,qgeognn_v2_row_lcmd
872cc42767a008d75dc6,O=Cc1cc(C(F)(F)F)ccc1Br,3306,u0,8191,qgeognn_v2_row_lcmd
d1aea374a88513fdb2ab,O=Cc1cc(C(F)(F)F)ccc1Br,3307,validation,8191,qgeognn_v2_row_lcmd
66922742441393a87729,O=Cc1cc(C(F)(F)F)ccc1Br,3308,l0,8191,qgeognn_v2_row_lcmd
5b418229a22585501bfc,O=Cc1cc(C(F)(F)F)ccc1Br,3309,u0,8191,qgeognn_v2_row_lcmd
7742aaa9ee4cc6562704,O=Cc1cc(C(F)(F)F)ccc1Br,3310,u0,8191,qgeognn_v2_row_lcmd
8d11c4f585db0bf26f85,O=Cc1cc(C(F)(F)F)ccc1Br,3311,u0,8191,qgeognn_v2_row_lcmd
108c776e90a5913e6dd3,O=Cc1cc(C(F)(F)F)ccc1Br,3312,u0,8191,qgeognn_v2_row_lcmd
87dd1aa770dd9b7e4695,O=Cc1cc(C(F)(F)F)ccc1Br,3313,u0,8191,qgeognn_v2_row_lcmd
dff32382a195c5399175,O=Cc1cc(C(F)(F)F)ccc1Br,3314,l0,8191,qgeognn_v2_row_lcmd
7d8d7bb22a7cbba9acf6,O=Cc1cc(C(F)(F)F)ccc1Br,3315,test,8191,qgeognn_v2_row_lcmd
dee5054e9bcc457f0464,O=Cc1cc(C(F)(F)F)ccc1Br,3316,validation,8191,qgeognn_v2_row_lcmd
ff5dce68c6a7c86f1e2b,O=Cc1cc(C(F)(F)F)ccc1Br,3317,u0,8191,qgeognn_v2_row_lcmd
e78f0875dcf53a14bc28,Cc1ccc(Cl)cc1Br,3318,u0,8191,qgeognn_v2_row_lcmd
7298196b422df81a274a,Cc1ccc(Cl)cc1Br,3319,u0,8191,qgeognn_v2_row_lcmd
530217d6ee1ada65ac65,Cc1ccc(Cl)cc1Br,3320,validation,8191,qgeognn_v2_row_lcmd
3086c06cdcc0c6a87b5d,Cc1ccc(Cl)cc1Br,3321,u0,8191,qgeognn_v2_row_lcmd
af576fcceff1771557c3,Cc1ccc(Cl)cc1Br,3322,u0,8191,qgeognn_v2_row_lcmd
7e6b1f455c8457e0734b,Cc1ccc(Cl)cc1Br,3323,u0,8191,qgeognn_v2_row_lcmd
bf1d9732295c9586e060,Cc1ccc(Cl)cc1Br,3324,u0,8191,qgeognn_v2_row_lcmd
64ee1c3ebc67ba7edda2,Cc1ccc(Cl)cc1Br,3325,u0,8191,qgeognn_v2_row_lcmd
f7328e944d0c3c8931da,Cc1ccc(Cl)cc1Br,3326,u0,8191,qgeognn_v2_row_lcmd
ac0c86e6ff89f04f8883,Cc1ccc(Cl)cc1Br,3327,test,8191,qgeognn_v2_row_lcmd
7e86089bac8b650b9059,Cc1ccc(Cl)cc1Br,3328,l0,8191,qgeognn_v2_row_lcmd
5c9460388f53924b9d5a,Cc1ccc(Cl)cc1Br,3329,u0,8191,qgeognn_v2_row_lcmd
c9afec080b57506ebb8e,Cc1ccc(Cl)cc1Br,3330,u0,8191,qgeognn_v2_row_lcmd
81b74453706c54b13031,Cc1ccc(Cl)cc1Br,3331,u0,8191,qgeognn_v2_row_lcmd
16893461897b5955a8a4,Cc1ccc(Cl)cc1Br,3332,u0,8191,qgeognn_v2_row_lcmd
35060ef44db52906a8ee,Cc1ccc(Cl)cc1Br,3333,u0,8191,qgeognn_v2_row_lcmd
b6360e1ecf9f6780ce92,Cc1ccc(Cl)cc1Br,3334,u0,8191,qgeognn_v2_row_lcmd
d076e21bdb650d4e367e,Cc1ccc(Cl)cc1Br,3335,validation,8191,qgeognn_v2_row_lcmd
6d5c9e3367e3d9b87fe4,Cc1ccc(Cl)cc1Br,3336,u0,8191,qgeognn_v2_row_lcmd
b33b7253147a64c9baeb,Cc1ccc(Cl)cc1Br,3337,u0,8191,qgeognn_v2_row_lcmd
fd359693b36be58daf75,Cc1ccc(Cl)cc1Br,3338,u0,8191,qgeognn_v2_row_lcmd
75f2fe316efd384a6327,Brc1ccc2occc2c1,3339,u0,8191,qgeognn_v2_row_lcmd
71c9034547de9e79024a,Brc1ccc2occc2c1,3340,u0,8191,qgeognn_v2_row_lcmd
0a2dd1ad79e8b22ab734,Brc1ccc2occc2c1,3341,u0,8191,qgeognn_v2_row_lcmd
fd0fd67502640304b8fb,Brc1ccc2occc2c1,3342,u0,8191,qgeognn_v2_row_lcmd
a98f3e4664fd05c0f82c,Brc1ccc2occc2c1,3343,u0,8191,qgeognn_v2_row_lcmd
6c4ddf5ad1cf067b81ee,Brc1ccc2occc2c1,3344,validation,8191,qgeognn_v2_row_lcmd
fc859559977089c48afe,Brc1ccc2occc2c1,3345,u0,8191,qgeognn_v2_row_lcmd
431e9b6416c3370b9a56,Brc1ccc2occc2c1,3346,u0,8191,qgeognn_v2_row_lcmd
22917c7639323bc6f051,Brc1ccc2occc2c1,3347,test,8191,qgeognn_v2_row_lcmd
c8176b3eea7a5d8802dc,Brc1ccc2occc2c1,3348,u0,8191,qgeognn_v2_row_lcmd
898bde0c214429571108,Brc1ccc2occc2c1,3349,u0,8191,qgeognn_v2_row_lcmd
bb387f1af7263b2445fb,Brc1ccc2occc2c1,3350,l0,8191,qgeognn_v2_row_lcmd
1525a3663c8d039331ed,Brc1ccc2occc2c1,3351,u0,8191,qgeognn_v2_row_lcmd
52ba04ff53084b79a0c9,Brc1ccc2occc2c1,3352,u0,8191,qgeognn_v2_row_lcmd
50f5409ef3b0d36c6355,Brc1ccc2occc2c1,3353,validation,8191,qgeognn_v2_row_lcmd
6a4be1a58bc5ec9ed008,Brc1ccc2occc2c1,3354,u0,8191,qgeognn_v2_row_lcmd
6f3223bb80c479faf3dc,Brc1ccc2occc2c1,3355,l0,8191,qgeognn_v2_row_lcmd
5806c857509e09634010,Brc1ccc2occc2c1,3356,l0,8191,qgeognn_v2_row_lcmd
19e5d078bc0eb8a91e1e,Brc1ccc2occc2c1,3357,u0,8191,qgeognn_v2_row_lcmd
b6a2baaa0410b39ac474,Brc1ccc2occc2c1,3358,validation,8191,qgeognn_v2_row_lcmd
12aed585647de3f03908,Brc1ccc2occc2c1,3359,u0,8191,qgeognn_v2_row_lcmd
2767e0b150dc0e6a1b6f,FC(F)(F)Oc1ccc(I)c(Br)c1,3360,u0,8191,qgeognn_v2_row_lcmd
c6f9768de03e08b1652c,FC(F)(F)Oc1ccc(I)c(Br)c1,3361,u0,8191,qgeognn_v2_row_lcmd
f12beecbff24b79dddeb,FC(F)(F)Oc1ccc(I)c(Br)c1,3362,u0,8191,qgeognn_v2_row_lcmd
0f0ce675d00176813bf5,FC(F)(F)Oc1ccc(I)c(Br)c1,3363,u0,8191,qgeognn_v2_row_lcmd
16fad5682a8842df09c9,FC(F)(F)Oc1ccc(I)c(Br)c1,3364,validation,8191,qgeognn_v2_row_lcmd
4c40bd6781093d65e26f,FC(F)(F)Oc1ccc(I)c(Br)c1,3365,u0,8191,qgeognn_v2_row_lcmd
aa614da3137ee8938fc9,FC(F)(F)Oc1ccc(I)c(Br)c1,3366,u0,8191,qgeognn_v2_row_lcmd
ad61a3e6e11effc0299a,FC(F)(F)Oc1ccc(I)c(Br)c1,3367,l0,8191,qgeognn_v2_row_lcmd
be66ef4a8fe93b0cc2bb,FC(F)(F)Oc1ccc(I)c(Br)c1,3368,u0,8191,qgeognn_v2_row_lcmd
ca650bc31e169e1cb54a,FC(F)(F)Oc1ccc(I)c(Br)c1,3369,test,8191,qgeognn_v2_row_lcmd
9a48edcaccfb476279a6,FC(F)(F)Oc1ccc(I)c(Br)c1,3370,l0,8191,qgeognn_v2_row_lcmd
2c724479b6a5ebc46c0e,FC(F)(F)Oc1ccc(I)c(Br)c1,3371,u0,8191,qgeognn_v2_row_lcmd
4282d61bb34e5ecd598a,FC(F)(F)Oc1ccc(I)c(Br)c1,3372,u0,8191,qgeognn_v2_row_lcmd
221e6b2fcdb8b545320f,FC(F)(F)Oc1ccc(I)c(Br)c1,3373,u0,8191,qgeognn_v2_row_lcmd
e8a5f7b2a0bffe5c07f2,FC(F)(F)Oc1ccc(I)c(Br)c1,3374,u0,8191,qgeognn_v2_row_lcmd
7299a06a240b3290a6ad,FC(F)(F)Oc1ccc(I)c(Br)c1,3375,u0,8191,qgeognn_v2_row_lcmd
f29b8be2770aa433617f,FC(F)(F)Oc1ccc(I)c(Br)c1,3376,u0,8191,qgeognn_v2_row_lcmd
01ceffc28813fe71d8bc,FC(F)(F)Oc1ccc(I)c(Br)c1,3377,u0,8191,qgeognn_v2_row_lcmd
5004f7ec0b1a4d127095,FC(F)(F)Oc1ccc(I)c(Br)c1,3378,validation,8191,qgeognn_v2_row_lcmd
5b321e1d74077a216a70,FC(F)(F)Oc1ccc(I)c(Br)c1,3379,u0,8191,qgeognn_v2_row_lcmd
ef97fd8d3e9fcf6711de,Ic1cccs1,3380,u0,8191,qgeognn_v2_row_lcmd
bfcfe9bcef40efc290f2,Ic1cccs1,3381,validation,8191,qgeognn_v2_row_lcmd
6f9d141f9a5e7238a801,Ic1cccs1,3382,l0,8191,qgeognn_v2_row_lcmd
f268ace6a5f8098f342f,Ic1cccs1,3383,u0,8191,qgeognn_v2_row_lcmd
692b10efd757f1ef87ab,Ic1cccs1,3384,u0,8191,qgeognn_v2_row_lcmd
611ab761b33cd0f0ccc6,Ic1cccs1,3385,validation,8191,qgeognn_v2_row_lcmd
ad309f50747343bbbc4f,Ic1cccs1,3386,l0,8191,qgeognn_v2_row_lcmd
b31fd6bd7ae30c540bd7,Ic1cccs1,3387,u0,8191,qgeognn_v2_row_lcmd
e514cee27f046099a732,Ic1cccs1,3388,u0,8191,qgeognn_v2_row_lcmd
dcd115d5903aa7c38191,Ic1cccs1,3389,u0,8191,qgeognn_v2_row_lcmd
48a8b24b649031229980,Ic1cccs1,3390,u0,8191,qgeognn_v2_row_lcmd
9e64d50cfa49998ac275,Ic1cccs1,3391,u0,8191,qgeognn_v2_row_lcmd
40ea5a107cd72829ff82,Ic1cccs1,3392,u0,8191,qgeognn_v2_row_lcmd
35fcb2fcbf9425af2c6c,Ic1cccs1,3393,u0,8191,qgeognn_v2_row_lcmd
1ffdc26416a1526dd534,Ic1cccs1,3394,u0,8191,qgeognn_v2_row_lcmd
46b8e4fc054b67296417,Ic1cccs1,3395,validation,8191,qgeognn_v2_row_lcmd
b47cad6d1496e6fdaf2c,Ic1cccs1,3396,u0,8191,qgeognn_v2_row_lcmd
16afd85aa788409b8d07,Ic1cccs1,3397,test,8191,qgeognn_v2_row_lcmd
6bebc41cc4f55da05d47,Ic1cccs1,3398,test,8191,qgeognn_v2_row_lcmd
9e971ba2075fa0b7d8fb,Ic1cccs1,3399,test,8191,qgeognn_v2_row_lcmd
5f81e2ff4fea8e839c4d,Ic1cccs1,3400,test,8191,qgeognn_v2_row_lcmd
a9a2aa892e7f14756b97,N#Cc1ccccc1Br,3401,u0,8191,qgeognn_v2_row_lcmd
9525553a911464a2791d,N#Cc1ccccc1Br,3402,test,8191,qgeognn_v2_row_lcmd
aabeae950d0d25df651a,N#Cc1ccccc1Br,3403,u0,8191,qgeognn_v2_row_lcmd
694c5296931830daaec3,N#Cc1ccccc1Br,3404,u0,8191,qgeognn_v2_row_lcmd
f7790e666959ebae2ab4,N#Cc1ccccc1Br,3405,u0,8191,qgeognn_v2_row_lcmd
778473c0f5d36fbe8069,N#Cc1ccccc1Br,3406,u0,8191,qgeognn_v2_row_lcmd
e27ccbecd9b65fd452dd,N#Cc1ccccc1Br,3407,u0,8191,qgeognn_v2_row_lcmd
9f892e34701ddf30e470,N#Cc1ccccc1Br,3408,validation,8191,qgeognn_v2_row_lcmd
9a07019d2e529ba6eda4,N#Cc1ccccc1Br,3409,u0,8191,qgeognn_v2_row_lcmd
75f973363b6239ac22da,N#Cc1ccccc1Br,3410,u0,8191,qgeognn_v2_row_lcmd
47da5f4843d3fa0b50d2,N#Cc1ccccc1Br,3411,u0,8191,qgeognn_v2_row_lcmd
862163fa99660a023b6f,N#Cc1ccccc1Br,3412,u0,8191,qgeognn_v2_row_lcmd
9c9d41f1f5f006de9819,N#Cc1ccccc1Br,3413,u0,8191,qgeognn_v2_row_lcmd
c82c1933ed710ffb4981,N#Cc1ccccc1Br,3414,u0,8191,qgeognn_v2_row_lcmd
ae377e903c7cb2c36b71,N#Cc1ccccc1Br,3415,l0,8191,qgeognn_v2_row_lcmd
dd055d2ba5398880d3da,N#Cc1ccccc1Br,3416,u0,8191,qgeognn_v2_row_lcmd
ed3a90d38ff02a38deba,N#Cc1ccccc1Br,3417,u0,8191,qgeognn_v2_row_lcmd
fdb317cc98ed1adc023b,N#Cc1ccccc1Br,3418,u0,8191,qgeognn_v2_row_lcmd
96e2b82e29c0b5205628,N#Cc1ccccc1Br,3419,test,8191,qgeognn_v2_row_lcmd
7b8eaa0c9205349f60b1,N#Cc1ccccc1Br,3420,validation,8191,qgeognn_v2_row_lcmd
dc73b789d0821495353b,N#Cc1ccccc1Br,3421,u0,8191,qgeognn_v2_row_lcmd
976120a6d37c441ea705,CC(C)(C)C(=O)CC#N,3422,u0,8191,qgeognn_v2_row_lcmd
02c053f1544310b38b17,CC(C)(C)C(=O)CC#N,3423,u0,8191,qgeognn_v2_row_lcmd
1c9e5d1b4f0318333afd,CC(C)(C)C(=O)CC#N,3424,u0,8191,qgeognn_v2_row_lcmd
fd01ba613586dad81c4d,CC(C)(C)C(=O)CC#N,3425,test,8191,qgeognn_v2_row_lcmd
def684761639e17b1a7e,CC(C)(C)C(=O)CC#N,3426,u0,8191,qgeognn_v2_row_lcmd
1e12081e646a951776b1,CC(C)(C)C(=O)CC#N,3427,u0,8191,qgeognn_v2_row_lcmd
28d8efb10e9abe6740a6,CC(C)(C)C(=O)CC#N,3428,test,8191,qgeognn_v2_row_lcmd
5fcee2a4a6b96e3c8f46,O=Cc1c(Br)cccc1Br,3429,u0,8191,qgeognn_v2_row_lcmd
588b182228e5400a3c7a,O=Cc1c(Br)cccc1Br,3430,test,8191,qgeognn_v2_row_lcmd
aaabf25a12afe8fb3508,O=Cc1c(Br)cccc1Br,3431,validation,8191,qgeognn_v2_row_lcmd
a0dbbb6d1e855051ebb2,O=Cc1c(Br)cccc1Br,3432,l0,8191,qgeognn_v2_row_lcmd
ab4bd77cf5e0151e8470,O=Cc1c(Br)cccc1Br,3433,u0,8191,qgeognn_v2_row_lcmd
983208d88a90df1d1592,O=Cc1c(Br)cccc1Br,3434,u0,8191,qgeognn_v2_row_lcmd
8ecaba7640ab779adfd4,O=Cc1c(Br)cccc1Br,3435,validation,8191,qgeognn_v2_row_lcmd
1017f3210c25ff6e6cc1,O=Cc1c(Br)cccc1Br,3436,u0,8191,qgeognn_v2_row_lcmd
10711364aab3ba24aeed,O=Cc1c(Br)cccc1Br,3437,u0,8191,qgeognn_v2_row_lcmd
d3680eb55b3184a4075b,O=Cc1c(Br)cccc1Br,3438,u0,8191,qgeognn_v2_row_lcmd
11a42d73346c933a7b68,O=Cc1c(Br)cccc1Br,3439,u0,8191,qgeognn_v2_row_lcmd
5a9e53301097a68892d0,O=Cc1c(Br)cccc1Br,3440,u0,8191,qgeognn_v2_row_lcmd
fa6928fd61022384f96f,O=Cc1c(Br)cccc1Br,3441,u0,8191,qgeognn_v2_row_lcmd
e78030609295a056f86f,O=Cc1c(Br)cccc1Br,3442,u0,8191,qgeognn_v2_row_lcmd
46b4fda73cbe7dae99e5,O=Cc1c(Br)cccc1Br,3443,u0,8191,qgeognn_v2_row_lcmd
7f358fdf34624ad1a9d5,O=Cc1c(Br)cccc1Br,3444,test,8191,qgeognn_v2_row_lcmd
dfd15398154ac2f524d5,O=Cc1c(Br)cccc1Br,3445,u0,8191,qgeognn_v2_row_lcmd
2a0d03b265cc90a7b55b,O=Cc1c(Br)cccc1Br,3446,u0,8191,qgeognn_v2_row_lcmd
a30747adbe75d3a82d4f,O=Cc1c(Br)cccc1Br,3447,u0,8191,qgeognn_v2_row_lcmd
caf9131e01751f4c90d4,O=Cc1c(Br)cccc1Br,3448,u0,8191,qgeognn_v2_row_lcmd
56e3e54753e1a9275a6f,O=Cc1c(Br)cccc1Br,3449,test,8191,qgeognn_v2_row_lcmd
55f2352b50967352163e,COc1cccc(OC)c1C=O,3450,u0,8191,qgeognn_v2_row_lcmd
e7ed7ca4a53258b73ba2,COc1cccc(OC)c1C=O,3451,l0,8191,qgeognn_v2_row_lcmd
922b1bfbf466fff6178f,COc1cccc(OC)c1C=O,3452,validation,8191,qgeognn_v2_row_lcmd
00043aebb2540e369a7b,COc1cccc(OC)c1C=O,3453,u0,8191,qgeognn_v2_row_lcmd
4c32851430464f0ed684,COc1cccc(OC)c1C=O,3454,validation,8191,qgeognn_v2_row_lcmd
03744855d469f4cca7e6,COc1cccc(OC)c1C=O,3455,test,8191,qgeognn_v2_row_lcmd
5c2bc1d92128a17d996d,COc1cccc(OC)c1C=O,3456,u0,8191,qgeognn_v2_row_lcmd
c8d43713db33bf820a1d,COc1cccc(OC)c1C=O,3457,u0,8191,qgeognn_v2_row_lcmd
19f19f196ba5787a01b0,COc1cccc(OC)c1C=O,3458,u0,8191,qgeognn_v2_row_lcmd
780b13846ace50ede763,COc1cccc(OC)c1C=O,3459,u0,8191,qgeognn_v2_row_lcmd
74cf50c6ec476a394b01,COc1cccc(OC)c1C=O,3460,u0,8191,qgeognn_v2_row_lcmd
549daca56bed1c9d2bcc,COc1cccc(OC)c1C=O,3461,u0,8191,qgeognn_v2_row_lcmd
15a51cf39e266a0aeb52,CC(C)C(=O)c1ccccc1,3462,u0,8191,qgeognn_v2_row_lcmd
b4d8fc9ac4eb377d6c43,CC(C)C(=O)c1ccccc1,3463,u0,8191,qgeognn_v2_row_lcmd
1aa8fe1baffeaa6b652a,CC(C)C(=O)c1ccccc1,3464,u0,8191,qgeognn_v2_row_lcmd
c83a41bbaa66a83e1647,CC(C)C(=O)c1ccccc1,3465,test,8191,qgeognn_v2_row_lcmd
d42e6f60a5f8e8a2646f,CC(C)C(=O)c1ccccc1,3466,u0,8191,qgeognn_v2_row_lcmd
02cc96a05f4a95608c71,CC(C)C(=O)c1ccccc1,3467,u0,8191,qgeognn_v2_row_lcmd
f84c3d08ecd96132041d,CC(C)C(=O)c1ccccc1,3468,validation,8191,qgeognn_v2_row_lcmd
55a1897eec602dffc9af,CC(C)C(=O)c1ccccc1,3469,u0,8191,qgeognn_v2_row_lcmd
5fc00b4a6787d6ea4547,CC(C)C(=O)c1ccccc1,3470,u0,8191,qgeognn_v2_row_lcmd
c87f9f22f58a227ebe61,CC(C)C(=O)c1ccccc1,3471,u0,8191,qgeognn_v2_row_lcmd
953e8f58c02d58903b1c,CC(C)C(=O)c1ccccc1,3472,u0,8191,qgeognn_v2_row_lcmd
2a72d643375f0200af1e,CC(C)C(=O)c1ccccc1,3473,u0,8191,qgeognn_v2_row_lcmd
f100679a801aa92eb7fd,CC(C)C(=O)c1ccccc1,3474,u0,8191,qgeognn_v2_row_lcmd
515763da976fe2130227,CC(C)C(=O)c1ccccc1,3475,u0,8191,qgeognn_v2_row_lcmd
438821f1c66ff1d0f440,CC(C)C(=O)c1ccccc1,3476,u0,8191,qgeognn_v2_row_lcmd
cd29e6174c638a44ccc9,CC(C)C(=O)c1ccccc1,3477,u0,8191,qgeognn_v2_row_lcmd
565ddc610d06341d68bb,CC(C)C(=O)c1ccccc1,3478,u0,8191,qgeognn_v2_row_lcmd
4256651d9868d78b9456,CC(C)C(=O)c1ccccc1,3479,u0,8191,qgeognn_v2_row_lcmd
f7bbba9684bf7983ccbf,CC(C)C(=O)c1ccccc1,3480,test,8191,qgeognn_v2_row_lcmd
47b637b24c432172c8ed,CC(C)C(=O)c1ccccc1,3481,l0,8191,qgeognn_v2_row_lcmd
27c265d2946287217a2d,CC(C)C(=O)c1ccccc1,3482,u0,8191,qgeognn_v2_row_lcmd
4f22c848242a14ce92aa,CC(=O)c1ccccc1Br,3483,u0,8191,qgeognn_v2_row_lcmd
1dfd819f5ad387a25ee7,CC(=O)c1ccccc1Br,3484,u0,8191,qgeognn_v2_row_lcmd
00b961c15b499b7c1ac3,CC(=O)c1ccccc1Br,3485,u0,8191,qgeognn_v2_row_lcmd
3fc98e437a788e22e949,CC(=O)c1ccccc1Br,3486,u0,8191,qgeognn_v2_row_lcmd
7824cebe98e9cf6fb9da,CC(=O)c1ccccc1Br,3487,test,8191,qgeognn_v2_row_lcmd
47d6e515a2053be79718,CC(=O)c1ccccc1Br,3488,u0,8191,qgeognn_v2_row_lcmd
7b4c66ad8023a361fbe5,CC(=O)c1ccccc1Br,3489,u0,8191,qgeognn_v2_row_lcmd
8abfe1426e39da061663,CC(=O)c1ccccc1Br,3490,l0,8191,qgeognn_v2_row_lcmd
da0d1a7a638c46f849ab,CC(=O)c1ccccc1Br,3491,l0,8191,qgeognn_v2_row_lcmd
3a7c42ad542da73a4d30,CC(=O)c1ccccc1Br,3492,u0,8191,qgeognn_v2_row_lcmd
bfabf8894907ce140562,CC(=O)c1ccccc1Br,3493,u0,8191,qgeognn_v2_row_lcmd
d78f8b8454ab35fb5472,CC(=O)c1ccccc1Br,3494,validation,8191,qgeognn_v2_row_lcmd
311c5263eb74490ea0ec,CC(=O)c1ccccc1Br,3495,u0,8191,qgeognn_v2_row_lcmd
057972d40b84bce6262b,CC(=O)c1ccccc1Br,3496,u0,8191,qgeognn_v2_row_lcmd
fca76818a51e7fb90fa9,CC(=O)c1ccccc1Br,3497,u0,8191,qgeognn_v2_row_lcmd
559add3ea76f7b8934ad,CC(=O)c1ccccc1Br,3498,u0,8191,qgeognn_v2_row_lcmd
09b895807711dcfdc9a0,CC(=O)c1ccccc1Br,3499,validation,8191,qgeognn_v2_row_lcmd
ef542600347c1bda4d27,CC(=O)c1ccccc1Br,3500,u0,8191,qgeognn_v2_row_lcmd
afa41ea119c8062d57fa,CC(=O)c1ccccc1Br,3501,u0,8191,qgeognn_v2_row_lcmd
a6f8e492c9e561c79cbd,CC(=O)c1ccccc1Br,3502,u0,8191,qgeognn_v2_row_lcmd
15bcb5407f1b98aa7a7c,CC(=O)c1ccccc1Br,3503,test,8191,qgeognn_v2_row_lcmd
abcfcb23dbe2574a2389,O=Cc1c(F)cccc1F,3504,u0,8191,qgeognn_v2_row_lcmd
90986ae76102a348680d,O=Cc1c(F)cccc1F,3505,u0,8191,qgeognn_v2_row_lcmd
38307f78abdd1b440f4b,O=Cc1c(F)cccc1F,3506,u0,8191,qgeognn_v2_row_lcmd
14db2dd214b08f84732a,O=Cc1c(F)cccc1F,3507,u0,8191,qgeognn_v2_row_lcmd
bfc5d8a0a4f7ca00ff61,O=Cc1c(F)cccc1F,3508,u0,8191,qgeognn_v2_row_lcmd
953c36233727e4998c93,O=Cc1c(F)cccc1F,3509,u0,8191,qgeognn_v2_row_lcmd
f3a9b0a4924369149487,O=Cc1c(F)cccc1F,3510,test,8191,qgeognn_v2_row_lcmd
a134ef1942ffcd81d017,O=Cc1c(F)cccc1F,3511,u0,8191,qgeognn_v2_row_lcmd
5bc44018685f9a24e0ea,O=Cc1c(F)cccc1F,3512,u0,8191,qgeognn_v2_row_lcmd
37b8d0f56019b0d4fad3,O=Cc1c(F)cccc1F,3513,u0,8191,qgeognn_v2_row_lcmd
08ca5c7741cfb5861c5a,O=Cc1c(F)cccc1F,3514,u0,8191,qgeognn_v2_row_lcmd
419ef6fd31c0f118f3a3,O=Cc1c(F)cccc1F,3515,validation,8191,qgeognn_v2_row_lcmd
966bc0aaa6c98ecfa2ee,O=Cc1c(F)cccc1F,3516,u0,8191,qgeognn_v2_row_lcmd
f3ee8cbdb15889a1a50d,O=Cc1c(F)cccc1F,3517,u0,8191,qgeognn_v2_row_lcmd
b90d0d5fb80689b46cc3,O=Cc1c(F)cccc1F,3518,l0,8191,qgeognn_v2_row_lcmd
d2b2a221080a75b4729f,O=Cc1c(F)cccc1F,3519,u0,8191,qgeognn_v2_row_lcmd
efc1e677ddbcf36b5ef9,O=Cc1c(F)cccc1F,3520,u0,8191,qgeognn_v2_row_lcmd
7d5a5e7ce28dafd856c2,O=Cc1c(F)cccc1F,3521,u0,8191,qgeognn_v2_row_lcmd
6c28e50241ca84637c9f,O=Cc1c(F)cccc1F,3522,u0,8191,qgeognn_v2_row_lcmd
c32500e81a05cfd2273d,O=Cc1c(F)cccc1F,3523,u0,8191,qgeognn_v2_row_lcmd
0e5b806832eaea6e01b6,O=Cc1c(F)cccc1F,3524,validation,8191,qgeognn_v2_row_lcmd
5504ad9babd372400650,CC(C)(C)c1cc(C=O)cc(C(C)(C)C)c1,3525,validation,8191,qgeognn_v2_row_lcmd
00576956c634095bfd14,CC(C)(C)c1cc(C=O)cc(C(C)(C)C)c1,3526,u0,8191,qgeognn_v2_row_lcmd
786c15055f363ee07a8c,CC(C)(C)c1cc(C=O)cc(C(C)(C)C)c1,3527,u0,8191,qgeognn_v2_row_lcmd
e43026f3ca7cd4408b6f,CC(C)(C)c1cc(C=O)cc(C(C)(C)C)c1,3528,validation,8191,qgeognn_v2_row_lcmd
5edc83d62a273a5ae9b2,CC(C)(C)c1cc(C=O)cc(C(C)(C)C)c1,3529,l0,8191,qgeognn_v2_row_lcmd
d0d870bb88b9bfb4f88f,CC(C)(C)c1cc(C=O)cc(C(C)(C)C)c1,3530,u0,8191,qgeognn_v2_row_lcmd
6ecd5922d7fc06c7bbb7,CC(C)(C)c1cc(C=O)cc(C(C)(C)C)c1,3531,u0,8191,qgeognn_v2_row_lcmd
390b3afc0aca05c4e7bb,CC(C)(C)c1cc(C=O)cc(C(C)(C)C)c1,3532,u0,8191,qgeognn_v2_row_lcmd
4aada9cedae7eefd817c,CC(C)(C)c1cc(C=O)cc(C(C)(C)C)c1,3533,u0,8191,qgeognn_v2_row_lcmd
02a3954cb58afc382b2f,CC(C)(C)c1cc(C=O)cc(C(C)(C)C)c1,3534,test,8191,qgeognn_v2_row_lcmd
c4d9bf232947534bbfac,CC(C)(C)c1cc(C=O)cc(C(C)(C)C)c1,3535,u0,8191,qgeognn_v2_row_lcmd
5c94481353be554fe72c,CC(C)(C)c1cc(C=O)cc(C(C)(C)C)c1,3536,u0,8191,qgeognn_v2_row_lcmd
bce9467b491e9edd2ad9,CC(C)(C)c1cc(C=O)cc(C(C)(C)C)c1,3537,u0,8191,qgeognn_v2_row_lcmd
ba6fc57ebade1a1c0824,CC(C)(C)c1cc(C=O)cc(C(C)(C)C)c1,3538,validation,8191,qgeognn_v2_row_lcmd
a6d05356a06b44affa38,CC(C)(C)c1cc(C=O)cc(C(C)(C)C)c1,3539,validation,8191,qgeognn_v2_row_lcmd
68aa4bc6d54ca748c7e1,CC(C)(C)c1cc(C=O)cc(C(C)(C)C)c1,3540,validation,8191,qgeognn_v2_row_lcmd
9a88037c2284c65ce635,CC(C)(C)c1cc(C=O)cc(C(C)(C)C)c1,3541,u0,8191,qgeognn_v2_row_lcmd
a191e77d2e2d127e7ad7,CC(C)(C)c1cc(C=O)cc(C(C)(C)C)c1,3542,u0,8191,qgeognn_v2_row_lcmd
3e75262e7afda8b7f54b,CC(C)(C)c1cc(C=O)cc(C(C)(C)C)c1,3543,u0,8191,qgeognn_v2_row_lcmd
f46a56ff1e84b8baa552,CC(C)(C)c1cc(C=O)cc(C(C)(C)C)c1,3544,u0,8191,qgeognn_v2_row_lcmd
766525688b9ba3f69efe,CC(C)(C)c1cc(C=O)cc(C(C)(C)C)c1,3545,test,8191,qgeognn_v2_row_lcmd
c260e5193159c51fe828,CC(C)C(=O)c1ccccc1,3546,u0,8191,qgeognn_v2_row_lcmd
9425b8289ee4a76611af,CC(C)C(=O)c1ccccc1,3547,u0,8191,qgeognn_v2_row_lcmd
9d37460a611e0d536371,CC(C)C(=O)c1ccccc1,3548,u0,8191,qgeognn_v2_row_lcmd
0a57df1940272f310bd1,CC(C)C(=O)c1ccccc1,3549,test,8191,qgeognn_v2_row_lcmd
0fe72027fade7dd9a78e,CC(C)C(=O)c1ccccc1,3550,u0,8191,qgeognn_v2_row_lcmd
9c84ccd6d0bc1e852431,CC(C)C(=O)c1ccccc1,3551,u0,8191,qgeognn_v2_row_lcmd
9f6adbd8df76f16c991b,CC(C)C(=O)c1ccccc1,3552,validation,8191,qgeognn_v2_row_lcmd
5fa9cd5ce9abae8b52fc,CC(C)C(=O)c1ccccc1,3553,u0,8191,qgeognn_v2_row_lcmd
8f78f3cdc769c7d9f6e2,CC(C)C(=O)c1ccccc1,3554,u0,8191,qgeognn_v2_row_lcmd
7a2f7cc9ffd95dd9cfa7,CC(C)C(=O)c1ccccc1,3555,u0,8191,qgeognn_v2_row_lcmd
8f0492abba283a918b13,CC(C)C(=O)c1ccccc1,3556,u0,8191,qgeognn_v2_row_lcmd
649a4655eabbbd320a13,CC(C)C(=O)c1ccccc1,3557,u0,8191,qgeognn_v2_row_lcmd
3640b51b8b7ec629cfed,CC(C)C(=O)c1ccccc1,3558,validation,8191,qgeognn_v2_row_lcmd
b7d0715cbe35d26d92a7,CC(C)C(=O)c1ccccc1,3559,l0,8191,qgeognn_v2_row_lcmd
1f2d93ab6c3850fdd300,CC(C)C(=O)c1ccccc1,3560,u0,8191,qgeognn_v2_row_lcmd
86cdb37fc2caaa178856,CC(C)C(=O)c1ccccc1,3561,u0,8191,qgeognn_v2_row_lcmd
a902dd8124192abfc519,CC(C)C(=O)c1ccccc1,3562,validation,8191,qgeognn_v2_row_lcmd
d84e5afb325f6fd55103,CC(C)C(=O)c1ccccc1,3563,u0,8191,qgeognn_v2_row_lcmd
533e50b0595be82d2716,CC(C)C(=O)c1ccccc1,3564,u0,8191,qgeognn_v2_row_lcmd
9b2d0c18df77a2971b24,CC(C)C(=O)c1ccccc1,3565,u0,8191,qgeognn_v2_row_lcmd
1c6a12a8c2cb62f05c80,CC(C)C(=O)c1ccccc1,3566,test,8191,qgeognn_v2_row_lcmd
d9f0b37992bfe51a48b6,COC(=O)CC(=O)C1CC1,3567,u0,8191,qgeognn_v2_row_lcmd
d99e1639b668210776c3,COC(=O)CC(=O)C1CC1,3568,test,8191,qgeognn_v2_row_lcmd
d7457b516ddba0143275,COC(=O)CC(=O)C1CC1,3569,l0,8191,qgeognn_v2_row_lcmd
54f20e9bd23ee1c7b5db,COC(=O)CC(=O)C1CC1,3570,test,8191,qgeognn_v2_row_lcmd
959cb0482162f16a47e5,COC(=O)CC(=O)C1CC1,3571,u0,8191,qgeognn_v2_row_lcmd
d549eb843e65b16a5502,COC(=O)CC(=O)C1CC1,3572,u0,8191,qgeognn_v2_row_lcmd
4dedc80fb33d21596b7e,COC(=O)CC(=O)C1CC1,3573,u0,8191,qgeognn_v2_row_lcmd
7bd353fc307c5af1997e,COC(=O)CC(=O)C1CC1,3574,u0,8191,qgeognn_v2_row_lcmd
852d4f3443a81d662552,COC(=O)CC(=O)C1CC1,3575,u0,8191,qgeognn_v2_row_lcmd
20d4b1612cbdd88b6755,COC(=O)CC(=O)C1CC1,3576,l0,8191,qgeognn_v2_row_lcmd
a1809a6c4c3ada20bcb0,COC(=O)CC(=O)C1CC1,3577,u0,8191,qgeognn_v2_row_lcmd
8a5443659239e3b52e14,COC(=O)CC(=O)C1CC1,3578,u0,8191,qgeognn_v2_row_lcmd
7ac90b210e42d27c5a04,COC(=O)CC(=O)C1CC1,3579,u0,8191,qgeognn_v2_row_lcmd
668279c54bbf75e86496,COC(=O)CC(=O)C1CC1,3580,u0,8191,qgeognn_v2_row_lcmd
5b445b457a8b897a2d6c,COC(=O)CC(=O)C1CC1,3581,u0,8191,qgeognn_v2_row_lcmd
ffc70e28db22d1cc1f3f,COC(=O)CC(=O)C1CC1,3582,u0,8191,qgeognn_v2_row_lcmd
e3a799d0fa90b649a157,COC(=O)CC(=O)C1CC1,3583,validation,8191,qgeognn_v2_row_lcmd
ffffcd6f3b9393846ab4,COC(=O)CC(=O)C1CC1,3584,l0,8191,qgeognn_v2_row_lcmd
7ab4e875cad0452c3e13,COc1ccc(C(=O)c2ccccc2)cc1,3585,u0,8191,qgeognn_v2_row_lcmd
02e4d578437631b52709,COc1ccc(C(=O)c2ccccc2)cc1,3586,u0,8191,qgeognn_v2_row_lcmd
cf745fe561945306c1b8,COc1ccc(C(=O)c2ccccc2)cc1,3587,u0,8191,qgeognn_v2_row_lcmd
d89efcf911f250d9ecf3,COc1ccc(C(=O)c2ccccc2)cc1,3588,u0,8191,qgeognn_v2_row_lcmd
26312dfbe197eac03eb4,COc1ccc(C(=O)c2ccccc2)cc1,3589,validation,8191,qgeognn_v2_row_lcmd
70d035703d3eaebf81e6,COc1ccc(C(=O)c2ccccc2)cc1,3590,u0,8191,qgeognn_v2_row_lcmd
693f01f3eadae5f5bdf5,COc1ccc(C(=O)c2ccccc2)cc1,3591,u0,8191,qgeognn_v2_row_lcmd
a5583432158c4e0d0cbb,COc1ccc(C(=O)c2ccccc2)cc1,3592,u0,8191,qgeognn_v2_row_lcmd
4fea915e827f81f71f56,COc1ccc(C(=O)c2ccccc2)cc1,3593,u0,8191,qgeognn_v2_row_lcmd
8a00e449393f9942971d,COc1ccc(C(=O)c2ccccc2)cc1,3594,u0,8191,qgeognn_v2_row_lcmd
8462ba67f9bfb0d7eab2,COc1ccc(C(=O)c2ccccc2)cc1,3595,u0,8191,qgeognn_v2_row_lcmd
6b2bd8cc21ac4437ca78,COc1ccc(C(=O)c2ccccc2)cc1,3596,validation,8191,qgeognn_v2_row_lcmd
cde49c2f3cf630c3a2a2,COc1ccc(C(=O)c2ccccc2)cc1,3597,u0,8191,qgeognn_v2_row_lcmd
5fb70d195002f8a4d518,COc1ccc(C(=O)c2ccccc2)cc1,3598,u0,8191,qgeognn_v2_row_lcmd
b8268449dc991ce92f3d,COc1ccc(C(=O)c2ccccc2)cc1,3599,u0,8191,qgeognn_v2_row_lcmd
d035281432e410405550,COc1ccc(C(=O)c2ccccc2)cc1,3600,u0,8191,qgeognn_v2_row_lcmd
8232ed63909910ce88f2,COc1ccc(C(=O)c2ccccc2)cc1,3601,validation,8191,qgeognn_v2_row_lcmd
e3c2b5ea1c83276cf63a,COc1ccc(C(=O)c2ccccc2)cc1,3602,u0,8191,qgeognn_v2_row_lcmd
2d63ab3869184cde52bf,COc1ccc(C(=O)c2ccccc2)cc1,3603,u0,8191,qgeognn_v2_row_lcmd
44fcf641ccfa3b10a97c,COc1ccc(C(=O)c2ccccc2)cc1,3604,u0,8191,qgeognn_v2_row_lcmd
0cf0d36290765378ae8d,COc1ccc(C(=O)c2ccccc2)cc1,3605,u0,8191,qgeognn_v2_row_lcmd
d91b46e555c1e07f6ae1,Cc1ccc(C(=O)c2ccccc2)cc1C,3606,u0,8191,qgeognn_v2_row_lcmd
a23b5b2899de52f589d3,Cc1ccc(C(=O)c2ccccc2)cc1C,3607,u0,8191,qgeognn_v2_row_lcmd
6ddb6596285d680135c6,Cc1ccc(C(=O)c2ccccc2)cc1C,3608,u0,8191,qgeognn_v2_row_lcmd
16b86d1aa60d91e39cab,Cc1ccc(C(=O)c2ccccc2)cc1C,3609,u0,8191,qgeognn_v2_row_lcmd
4aaca0f605d3111bf1e0,Cc1ccc(C(=O)c2ccccc2)cc1C,3610,u0,8191,qgeognn_v2_row_lcmd
a78f7bae6726f8eb382a,Cc1ccc(C(=O)c2ccccc2)cc1C,3611,u0,8191,qgeognn_v2_row_lcmd
fb65053351114fb51265,Cc1ccc(C(=O)c2ccccc2)cc1C,3612,u0,8191,qgeognn_v2_row_lcmd
f7beb14403cc07d739c4,Cc1ccc(C(=O)c2ccccc2)cc1C,3613,u0,8191,qgeognn_v2_row_lcmd
cfa75012f38a3f8f45d1,Cc1ccc(C(=O)c2ccccc2)cc1C,3614,validation,8191,qgeognn_v2_row_lcmd
46ecee110f8910d47f34,Cc1ccc(C(=O)c2ccccc2)cc1C,3615,test,8191,qgeognn_v2_row_lcmd
13fe9abf652f585d7ed5,Cc1ccc(C(=O)c2ccccc2)cc1C,3616,l0,8191,qgeognn_v2_row_lcmd
460257046a150e069416,Cc1ccc(C(=O)c2ccccc2)cc1C,3617,u0,8191,qgeognn_v2_row_lcmd
8c1d858fccc9c7cff5db,Cc1ccc(C(=O)c2ccccc2)cc1C,3618,u0,8191,qgeognn_v2_row_lcmd
18f616a941bed3e03bb0,Cc1ccc(C(=O)c2ccccc2)cc1C,3619,u0,8191,qgeognn_v2_row_lcmd
64cada072f5110a54c64,Cc1ccc(C(=O)c2ccccc2)cc1C,3620,u0,8191,qgeognn_v2_row_lcmd
b9008524c9352e3478a8,Cc1ccc(C(=O)c2ccccc2)cc1C,3621,u0,8191,qgeognn_v2_row_lcmd
5e4828fe9aca9bb895f2,Cc1ccc(C(=O)c2ccccc2)cc1C,3622,test,8191,qgeognn_v2_row_lcmd
60030aa5d07e476f04ec,Cc1ccc(C(=O)c2ccccc2)cc1C,3623,u0,8191,qgeognn_v2_row_lcmd
c060c367e4e5bf6955cb,Cc1ccc(C(=O)c2ccccc2)cc1C,3624,u0,8191,qgeognn_v2_row_lcmd
9bef8796fc48c4836e6b,Cc1ccc(C(=O)c2ccccc2)cc1C,3625,u0,8191,qgeognn_v2_row_lcmd
fcadb8364427ebcaf7a2,CC(=O)CC(=O)c1ccccc1,3626,u0,8191,qgeognn_v2_row_lcmd
afae5ce1e4f0d724c9ff,CC(=O)CC(=O)c1ccccc1,3627,u0,8191,qgeognn_v2_row_lcmd
577d2bf1ed82c92427b6,CC(=O)CC(=O)c1ccccc1,3628,u0,8191,qgeognn_v2_row_lcmd
e1888b5ca18659a8d8eb,CC(=O)CC(=O)c1ccccc1,3629,u0,8191,qgeognn_v2_row_lcmd
4c57cf3006f6345d11fc,CC(=O)CC(=O)c1ccccc1,3630,u0,8191,qgeognn_v2_row_lcmd
088e6991011a5a20ef36,CC(=O)CC(=O)c1ccccc1,3631,u0,8191,qgeognn_v2_row_lcmd
99b6aac7dd5c18caba18,CC(=O)CC(=O)c1ccccc1,3632,u0,8191,qgeognn_v2_row_lcmd
313c4c25010d3ef3b482,CC(=O)CC(=O)c1ccccc1,3633,u0,8191,qgeognn_v2_row_lcmd
05ae46c25f5bd347b3a1,CC(=O)CC(=O)c1ccccc1,3634,u0,8191,qgeognn_v2_row_lcmd
f394f6b40e55953df8e1,CC(=O)CC(=O)c1ccccc1,3635,u0,8191,qgeognn_v2_row_lcmd
cd886ea93739886ed3c6,CC(=O)CC(=O)c1ccccc1,3636,u0,8191,qgeognn_v2_row_lcmd
1cfbe67bb7b0a73807c3,CC(=O)CC(=O)c1ccccc1,3637,u0,8191,qgeognn_v2_row_lcmd
ba0d2f91eb0b005857f8,CC(=O)CC(=O)c1ccccc1,3638,validation,8191,qgeognn_v2_row_lcmd
b6788273a51c50c0e948,CC(=O)CC(=O)c1ccccc1,3639,test,8191,qgeognn_v2_row_lcmd
95e11ec70cd7b493e3f8,CC(=O)CC(=O)c1ccccc1,3640,u0,8191,qgeognn_v2_row_lcmd
c692f211a6366b2f15c2,CC(=O)CC(=O)c1ccccc1,3641,u0,8191,qgeognn_v2_row_lcmd
d3ffe87bbab76e5d5d56,CC(=O)CC(=O)c1ccccc1,3642,test,8191,qgeognn_v2_row_lcmd
fa851bcd2cdb1d84b91f,CC(=O)CC(=O)c1ccccc1,3643,u0,8191,qgeognn_v2_row_lcmd
6020a000a87663526cc8,CC(=O)CC(=O)c1ccccc1,3644,u0,8191,qgeognn_v2_row_lcmd
7a077667c09ee80c3016,CC(=O)c1c(C)cc(C)cc1C,3645,l0,8191,qgeognn_v2_row_lcmd
18355dfa0f6e519b7bf6,CC(=O)c1c(C)cc(C)cc1C,3646,u0,8191,qgeognn_v2_row_lcmd
dc3996b1d58824c80cc8,CC(=O)c1c(C)cc(C)cc1C,3647,u0,8191,qgeognn_v2_row_lcmd
0c698539e41c4b28cd00,CC(=O)c1c(C)cc(C)cc1C,3648,u0,8191,qgeognn_v2_row_lcmd
a7a30ef771295dc6deed,CC(=O)c1c(C)cc(C)cc1C,3649,validation,8191,qgeognn_v2_row_lcmd
a4b63f07629b6c031997,CC(=O)c1c(C)cc(C)cc1C,3650,test,8191,qgeognn_v2_row_lcmd
c317a83705a69984f4b1,CC(=O)c1c(C)cc(C)cc1C,3651,l0,8191,qgeognn_v2_row_lcmd
e586f782dfd7bb09f66f,CC(=O)c1c(C)cc(C)cc1C,3652,u0,8191,qgeognn_v2_row_lcmd
4ec23b54825a10cdf42f,CC(=O)c1c(C)cc(C)cc1C,3653,u0,8191,qgeognn_v2_row_lcmd
1775390f94178c3c9974,CC(=O)c1c(C)cc(C)cc1C,3654,u0,8191,qgeognn_v2_row_lcmd
60880ddea87941f6e9ca,CC(=O)c1c(C)cc(C)cc1C,3655,u0,8191,qgeognn_v2_row_lcmd
161dadd8e1a872f74bda,CC(=O)c1c(C)cc(C)cc1C,3656,u0,8191,qgeognn_v2_row_lcmd
ac0a989229b7353f0794,CC(=O)c1c(C)cc(C)cc1C,3657,l0,8191,qgeognn_v2_row_lcmd
b99eb5b0204fb5f49372,CC(=O)c1c(C)cc(C)cc1C,3658,u0,8191,qgeognn_v2_row_lcmd
fb057a32ef260665f35c,CC(=O)c1c(C)cc(C)cc1C,3659,u0,8191,qgeognn_v2_row_lcmd
4b104d6f7556c8bc3a51,CC(=O)c1c(C)cc(C)cc1C,3660,u0,8191,qgeognn_v2_row_lcmd
0e3fa5113029ce384922,CC(=O)c1c(C)cc(C)cc1C,3661,u0,8191,qgeognn_v2_row_lcmd
5830dbb35947aa6f58f0,CC(=O)c1c(C)cc(C)cc1C,3662,u0,8191,qgeognn_v2_row_lcmd
f73fd2f4c55177304721,CC(=O)c1c(C)cc(C)cc1C,3663,u0,8191,qgeognn_v2_row_lcmd
ab5af30c3befe81e6244,O=Cc1ccc2c(c1)CCO2,3664,u0,8191,qgeognn_v2_row_lcmd
12400c6c61643f9c79b5,O=Cc1ccc2c(c1)CCO2,3665,u0,8191,qgeognn_v2_row_lcmd
d7895c522a1a46a1175c,O=Cc1ccc2c(c1)CCO2,3666,u0,8191,qgeognn_v2_row_lcmd
c0094343ab6bb16bc58b,O=Cc1ccc2c(c1)CCO2,3667,u0,8191,qgeognn_v2_row_lcmd
4a39c1f64d17e050e4a5,O=Cc1ccc2c(c1)CCO2,3668,u0,8191,qgeognn_v2_row_lcmd
e8185e062559aff5c99e,O=Cc1ccc2c(c1)CCO2,3669,l0,8191,qgeognn_v2_row_lcmd
2bd4f8787a951ef0ee04,O=Cc1ccc2c(c1)CCO2,3670,u0,8191,qgeognn_v2_row_lcmd
66c6a533f485d5277f2f,O=Cc1ccc2c(c1)CCO2,3671,l0,8191,qgeognn_v2_row_lcmd
2bb48a2862bf80c30a36,O=Cc1ccc2c(c1)CCO2,3672,u0,8191,qgeognn_v2_row_lcmd
c393010c592b487413e2,O=Cc1ccc2c(c1)CCO2,3673,u0,8191,qgeognn_v2_row_lcmd
39815ababe97d7acc107,O=Cc1ccc2c(c1)CCO2,3674,u0,8191,qgeognn_v2_row_lcmd
3f59bb6766ef6551502f,O=Cc1ccc2c(c1)CCO2,3675,u0,8191,qgeognn_v2_row_lcmd
38f45f2503d6739a07ad,Cc1ccc(C=O)c(C)c1,3676,test,8191,qgeognn_v2_row_lcmd
45456543397c99c90420,Cc1ccc(C=O)c(C)c1,3677,validation,8191,qgeognn_v2_row_lcmd
493af6122d46790dafb3,Cc1ccc(C=O)c(C)c1,3678,u0,8191,qgeognn_v2_row_lcmd
af4a0fce87d9f5644a6c,Cc1ccc(C=O)c(C)c1,3679,u0,8191,qgeognn_v2_row_lcmd
6fe77425f0d00758ebb8,Cc1ccc(C=O)c(C)c1,3680,u0,8191,qgeognn_v2_row_lcmd
f4e3920c62fc6679c3c2,Cc1ccc(C=O)c(C)c1,3681,u0,8191,qgeognn_v2_row_lcmd
189eec2c1ef09a7ad6fc,Cc1ccc(C=O)c(C)c1,3682,l0,8191,qgeognn_v2_row_lcmd
a81fa5ae33e09cf1cfc3,Cc1ccc(C=O)c(C)c1,3683,u0,8191,qgeognn_v2_row_lcmd
b25f71071bf6bc67a168,Cc1ccc(C=O)c(C)c1,3684,u0,8191,qgeognn_v2_row_lcmd
5aca00ababefe7b971d7,Cc1ccc(C=O)c(C)c1,3685,u0,8191,qgeognn_v2_row_lcmd
5fe9702f3a3a783b4c94,Cc1ccc(C=O)c(C)c1,3686,u0,8191,qgeognn_v2_row_lcmd
7a32c95cf5cf281c87d9,Cc1ccc(C=O)c(C)c1,3687,u0,8191,qgeognn_v2_row_lcmd
4e01f3a3b2efd49f7fbc,Cc1ccc(C=O)c(C)c1,3688,test,8191,qgeognn_v2_row_lcmd
c8b332c6c452d13fcc6e,Cc1ccc(C=O)c(C)c1,3689,test,8191,qgeognn_v2_row_lcmd
4caaa164908173f305cd,Cc1ccc(C=O)c(C)c1,3690,u0,8191,qgeognn_v2_row_lcmd
23e0c45fe7c2db0d34ba,Cc1ccc(C=O)c(C)c1,3691,u0,8191,qgeognn_v2_row_lcmd
21dff71e317a08aafbb2,Cc1ccc(C=O)c(C)c1,3692,u0,8191,qgeognn_v2_row_lcmd
1c74260e06ef3cc0b7b8,Cc1ccc(C=O)c(C)c1,3693,u0,8191,qgeognn_v2_row_lcmd
195a292d7c8874415285,Cc1ccc(C=O)c(C)c1,3694,test,8191,qgeognn_v2_row_lcmd
8b06ec38a7e5999edfa6,Cc1ccc(C=O)c(C)c1,3695,u0,8191,qgeognn_v2_row_lcmd
7becf2ab3560ce93bfc8,Cc1ccc(C=O)c(C)c1,3696,u0,8191,qgeognn_v2_row_lcmd
17fd49e7bf1b8c8b08f7,CC(=O)c1ccc(C)cc1C,3697,u0,8191,qgeognn_v2_row_lcmd
915cf3a7c8100cb7ce1f,CC(=O)c1ccc(C)cc1C,3698,u0,8191,qgeognn_v2_row_lcmd
003ad1a9637ac1b7c0fd,CC(=O)c1ccc(C)cc1C,3699,u0,8191,qgeognn_v2_row_lcmd
7f441e5455eeb896256b,CC(=O)c1ccc(C)cc1C,3700,l0,8191,qgeognn_v2_row_lcmd
7a9775ac62acbc27a73d,CC(=O)c1ccc(C)cc1C,3701,l0,8191,qgeognn_v2_row_lcmd
22191f76e895327c6e2d,CC(=O)c1ccc(C)cc1C,3702,validation,8191,qgeognn_v2_row_lcmd
3525a4882a3afddd9dad,CC(=O)c1ccc(C)cc1C,3703,u0,8191,qgeognn_v2_row_lcmd
068ecbf94a9e12b1b908,CC(=O)c1ccc(C)cc1C,3704,validation,8191,qgeognn_v2_row_lcmd
d36f7b3485a7dead23e2,CC(=O)c1ccc(C)cc1C,3705,u0,8191,qgeognn_v2_row_lcmd
9d3546df38b38ba16da5,CC(=O)c1ccc(C)cc1C,3706,u0,8191,qgeognn_v2_row_lcmd
3b45c013164f91745fd2,CC(=O)c1ccc(C)cc1C,3707,test,8191,qgeognn_v2_row_lcmd
211d35ba2d70d66634dc,CC(=O)c1ccc(C)cc1C,3708,u0,8191,qgeognn_v2_row_lcmd
b176d0d8203294517e53,CC(=O)c1ccc(C)cc1C,3709,u0,8191,qgeognn_v2_row_lcmd
b08821181fbd4d81b247,CC(=O)c1ccc(C)cc1C,3710,u0,8191,qgeognn_v2_row_lcmd
ba4d64425eed071718e4,CC(=O)c1ccc(C)cc1C,3711,u0,8191,qgeognn_v2_row_lcmd
d13724f7a4b6c8bb3628,CC(=O)c1ccc(C)cc1C,3712,u0,8191,qgeognn_v2_row_lcmd
1ed76d286d658f024404,CC(=O)c1ccc(C)cc1C,3713,validation,8191,qgeognn_v2_row_lcmd
75328dcee739068fdfba,CC(=O)c1ccc(C)cc1C,3714,u0,8191,qgeognn_v2_row_lcmd
570497bf792f134f2223,CC(=O)c1ccc(C)cc1C,3715,validation,8191,qgeognn_v2_row_lcmd
d2c44b46eb306c56f241,CC(=O)c1ccc(C)cc1C,3716,test,8191,qgeognn_v2_row_lcmd
c356230277dfc98406e0,CC(=O)c1ccc(C)cc1C,3717,u0,8191,qgeognn_v2_row_lcmd
4576779100baec321031,CC(=O)c1cccc(C)c1,3718,u0,8191,qgeognn_v2_row_lcmd
1c904e2260d780d691ac,CC(=O)c1cccc(C)c1,3719,u0,8191,qgeognn_v2_row_lcmd
6e4be94a2a9069414c1c,CC(=O)c1cccc(C)c1,3720,u0,8191,qgeognn_v2_row_lcmd
226d1197cb663575c710,CC(=O)c1cccc(C)c1,3721,u0,8191,qgeognn_v2_row_lcmd
c3bd3203f2f49d7ee9be,CC(=O)c1cccc(C)c1,3722,u0,8191,qgeognn_v2_row_lcmd
34d95567b1dba64add5d,CC(=O)c1cccc(C)c1,3723,u0,8191,qgeognn_v2_row_lcmd
66c26a33ef4dc69074d4,CC(=O)c1cccc(C)c1,3724,validation,8191,qgeognn_v2_row_lcmd
f4bf664ee55bdc446085,CC(=O)c1cccc(C)c1,3725,u0,8191,qgeognn_v2_row_lcmd
92a45835ad66971fb432,CC(=O)c1cccc(C)c1,3726,u0,8191,qgeognn_v2_row_lcmd
67b7c283d1762ce094e6,CC(=O)c1cccc(C)c1,3727,u0,8191,qgeognn_v2_row_lcmd
a68f480c04f4dafbdb6d,CC(=O)c1cccc(C)c1,3728,u0,8191,qgeognn_v2_row_lcmd
e7d4a88bced1d015ecc8,CC(=O)c1cccc(C)c1,3729,u0,8191,qgeognn_v2_row_lcmd
81a4344d3452c8e992bb,CC(=O)c1cccc(C)c1,3730,u0,8191,qgeognn_v2_row_lcmd
a7c31cd83c8ff0e359d0,CC(=O)c1cccc(C)c1,3731,u0,8191,qgeognn_v2_row_lcmd
6ee03cf62adedf0716b3,CC(=O)c1cccc(C)c1,3732,u0,8191,qgeognn_v2_row_lcmd
b4d9d000145f0dfcee50,CC(=O)c1cccc(C)c1,3733,u0,8191,qgeognn_v2_row_lcmd
17beb55af7159f9079dc,CC(=O)c1cccc(C)c1,3734,u0,8191,qgeognn_v2_row_lcmd
46412717e5e282f83527,CC(=O)c1cccc(C)c1,3735,u0,8191,qgeognn_v2_row_lcmd
dc795e0a68f104353b33,CC(=O)c1cccc(C)c1,3736,validation,8191,qgeognn_v2_row_lcmd
a4923e4c1f935a466f3b,CC(=O)c1cccc(C)c1,3737,u0,8191,qgeognn_v2_row_lcmd
0a198329beafc8de5ed0,CC(=O)c1cccc(C)c1,3738,l0,8191,qgeognn_v2_row_lcmd
c07756fcea88312950ae,COc1ccccc1C(C)=O,3739,l0,8191,qgeognn_v2_row_lcmd
298de9d74bc6f5f13409,COc1ccccc1C(C)=O,3740,u0,8191,qgeognn_v2_row_lcmd
5b7c4a47b624119302fa,COc1ccccc1C(C)=O,3741,u0,8191,qgeognn_v2_row_lcmd
fe872ffee0a9e2f9ef3c,COc1ccccc1C(C)=O,3742,l0,8191,qgeognn_v2_row_lcmd
b688bf34f76e0d26985a,COc1ccccc1C(C)=O,3743,u0,8191,qgeognn_v2_row_lcmd
5b1af559138d20cb2423,COc1ccccc1C(C)=O,3744,u0,8191,qgeognn_v2_row_lcmd
48f5b1b6d33e4e067356,COc1ccccc1C(C)=O,3745,u0,8191,qgeognn_v2_row_lcmd
fd8b5ea3b704959cd1ab,COc1ccccc1C(C)=O,3746,test,8191,qgeognn_v2_row_lcmd
f4e1a820726cf8f5d4e2,COc1ccccc1C(C)=O,3747,u0,8191,qgeognn_v2_row_lcmd
c40d715383d042030e93,COc1ccccc1C(C)=O,3748,u0,8191,qgeognn_v2_row_lcmd
81ac865dd40a21b73e6d,COc1ccccc1C(C)=O,3749,u0,8191,qgeognn_v2_row_lcmd
50fbcf5ece9bd5fc2d70,COc1ccccc1C(C)=O,3750,u0,8191,qgeognn_v2_row_lcmd
4b408fbbcfc4c054f284,COc1ccccc1C(C)=O,3751,u0,8191,qgeognn_v2_row_lcmd
aff2ffd59a0610a54995,COc1ccccc1C(C)=O,3752,l0,8191,qgeognn_v2_row_lcmd
b0a156972380db9bb945,COc1ccccc1C(C)=O,3753,u0,8191,qgeognn_v2_row_lcmd
8143c4fff6f999b7ad0e,COc1ccccc1C(C)=O,3754,u0,8191,qgeognn_v2_row_lcmd
15d6bc57a87392fbeb98,COc1ccccc1C(C)=O,3755,u0,8191,qgeognn_v2_row_lcmd
ebdeaba52880c7eade16,COc1ccccc1C(C)=O,3756,test,8191,qgeognn_v2_row_lcmd
52b9af4df1f1e7cd4d9b,COc1ccccc1C(C)=O,3757,u0,8191,qgeognn_v2_row_lcmd
a3ae677aae8a8faf5786,COc1ccccc1C(C)=O,3758,l0,8191,qgeognn_v2_row_lcmd
c82167c626a1495ef750,COc1ccccc1C(C)=O,3759,u0,8191,qgeognn_v2_row_lcmd
6ec710c7602a3cf9c5cb,CC(=O)c1ccc(F)cc1,3760,u0,8191,qgeognn_v2_row_lcmd
76066d9a67f992290a6b,CC(=O)c1ccc(F)cc1,3761,u0,8191,qgeognn_v2_row_lcmd
3e396e6a49f6a2920d92,CC(=O)c1ccc(F)cc1,3762,u0,8191,qgeognn_v2_row_lcmd
fa1bec4ee7db4191b72d,CC(=O)c1ccc(F)cc1,3763,validation,8191,qgeognn_v2_row_lcmd
4ee0e15840492362f7d8,CC(=O)c1ccc(F)cc1,3764,u0,8191,qgeognn_v2_row_lcmd
b0035c08cda3495cb3b2,CC(=O)c1ccc(F)cc1,3765,u0,8191,qgeognn_v2_row_lcmd
e163f0e07a3ada3f4e96,CC(=O)c1ccc(F)cc1,3766,u0,8191,qgeognn_v2_row_lcmd
1e337f272ca5d688e8ff,CC(=O)c1ccc(F)cc1,3767,u0,8191,qgeognn_v2_row_lcmd
fc6013d1dabfab0fd3cb,CC(=O)c1ccc(F)cc1,3768,u0,8191,qgeognn_v2_row_lcmd
059b09a46d0835771fd6,CC(=O)c1ccc(F)cc1,3769,u0,8191,qgeognn_v2_row_lcmd
0300244d8c6adba42302,CC(=O)c1ccc(F)cc1,3770,u0,8191,qgeognn_v2_row_lcmd
f5d873a623aaeeb1e41e,CC(=O)c1ccc(F)cc1,3771,u0,8191,qgeognn_v2_row_lcmd
084212942b840ae3c1c7,CC(=O)c1ccc(F)cc1,3772,u0,8191,qgeognn_v2_row_lcmd
7fdf49a091a855c0138f,CC(=O)c1ccc(F)cc1,3773,u0,8191,qgeognn_v2_row_lcmd
01ed985e6ebf7d4a3dc8,CC(=O)c1ccc(F)cc1,3774,validation,8191,qgeognn_v2_row_lcmd
6ac700cf79bf6e05982e,CC(=O)c1ccc(F)cc1,3775,validation,8191,qgeognn_v2_row_lcmd
122ecf89b68742b1bf36,CC(=O)c1ccc(F)cc1,3776,u0,8191,qgeognn_v2_row_lcmd
bed2f1430d0964e86fcb,CC(=O)c1ccc(F)cc1,3777,l0,8191,qgeognn_v2_row_lcmd
6998dee6f6e69401798a,CC(=O)c1ccc(F)cc1,3778,u0,8191,qgeognn_v2_row_lcmd
c53b8c93f8ee1304dfd0,CC(=O)c1ccc(F)cc1,3779,u0,8191,qgeognn_v2_row_lcmd
c096c324a71974b6ab37,CC(=O)c1ccc(F)cc1,3780,l0,8191,qgeognn_v2_row_lcmd
1d69b62112cfd5846e0a,O=Cc1ccc2ccccc2c1,3781,l0,8191,qgeognn_v2_row_lcmd
2ce533611bd97dcbb793,O=Cc1ccc2ccccc2c1,3782,u0,8191,qgeognn_v2_row_lcmd
d559ea9713a01142b49d,O=Cc1ccc2ccccc2c1,3783,test,8191,qgeognn_v2_row_lcmd
b55f143d53d9447725b8,O=Cc1ccc2ccccc2c1,3784,u0,8191,qgeognn_v2_row_lcmd
b3e21424d2010c374094,O=Cc1ccc2ccccc2c1,3785,validation,8191,qgeognn_v2_row_lcmd
c8e588995366580872ed,O=Cc1ccc2ccccc2c1,3786,test,8191,qgeognn_v2_row_lcmd
26090cc02583c115f47a,O=Cc1ccc2ccccc2c1,3787,u0,8191,qgeognn_v2_row_lcmd
1194ed3b17f8c39d6111,O=Cc1ccc2ccccc2c1,3788,u0,8191,qgeognn_v2_row_lcmd
e34787d652ccb3634f92,O=Cc1ccc2ccccc2c1,3789,u0,8191,qgeognn_v2_row_lcmd
bca40cf794ce43726023,O=Cc1ccc2ccccc2c1,3790,validation,8191,qgeognn_v2_row_lcmd
7f03fef6741ddd243d91,O=Cc1ccc2ccccc2c1,3791,u0,8191,qgeognn_v2_row_lcmd
0d1eaff6f686ee174d88,O=Cc1ccc2ccccc2c1,3792,u0,8191,qgeognn_v2_row_lcmd
bd9a1f4f201144d577d7,O=Cc1ccc2ccccc2c1,3793,u0,8191,qgeognn_v2_row_lcmd
04220e1eb53e9a22175c,O=Cc1ccc2ccccc2c1,3794,u0,8191,qgeognn_v2_row_lcmd
dc9e3983cd4f98689fa7,O=Cc1ccc2ccccc2c1,3795,test,8191,qgeognn_v2_row_lcmd
a83fb14090f1518df5a7,O=Cc1ccc2ccccc2c1,3796,u0,8191,qgeognn_v2_row_lcmd
783cf2454912fc14bb80,O=Cc1ccc2ccccc2c1,3797,u0,8191,qgeognn_v2_row_lcmd
a917c928912c74862968,O=Cc1ccc2ccccc2c1,3798,l0,8191,qgeognn_v2_row_lcmd
7654254c03d9de79740f,O=Cc1ccc2ccccc2c1,3799,u0,8191,qgeognn_v2_row_lcmd
8bef7f788af60df5e18a,O=Cc1ccc2ccccc2c1,3800,l0,8191,qgeognn_v2_row_lcmd
79362765eb92377a5970,O=Cc1ccc2ccccc2c1,3801,u0,8191,qgeognn_v2_row_lcmd
6c6e575f7751f607a167,CC(=O)c1ccc(C#N)cc1,3802,l0,8191,qgeognn_v2_row_lcmd
d6ef05c62d2172fae39a,CC(=O)c1ccc(C#N)cc1,3803,l0,8191,qgeognn_v2_row_lcmd
5ae1e9580200827a709d,CC(=O)c1ccc(C#N)cc1,3804,u0,8191,qgeognn_v2_row_lcmd
386303f0b10c49ce93b4,CC(=O)c1ccc(C#N)cc1,3805,validation,8191,qgeognn_v2_row_lcmd
434c05a62ac9e65dd102,CC(=O)c1ccc(C#N)cc1,3806,u0,8191,qgeognn_v2_row_lcmd
a3646d612d7aa09baee0,CC(=O)c1ccc(C#N)cc1,3807,u0,8191,qgeognn_v2_row_lcmd
2a4de703709973e74dd2,CC(=O)c1ccc(C#N)cc1,3808,u0,8191,qgeognn_v2_row_lcmd
c19b06649402d37faeba,CC(=O)c1ccc(C#N)cc1,3809,u0,8191,qgeognn_v2_row_lcmd
064249131c1c3106e540,CC(=O)c1ccc(C#N)cc1,3810,u0,8191,qgeognn_v2_row_lcmd
156594686f5cf7182bcc,CC(=O)c1ccc(C#N)cc1,3811,test,8191,qgeognn_v2_row_lcmd
f0b6d8fb9d1feea8b24b,CC(=O)c1ccc(C#N)cc1,3812,u0,8191,qgeognn_v2_row_lcmd
eb383b92fe958c91d272,CC(=O)c1ccc(C#N)cc1,3813,l0,8191,qgeognn_v2_row_lcmd
b3d9bb5afa82b99f2a11,CC(=O)c1ccc(C#N)cc1,3814,u0,8191,qgeognn_v2_row_lcmd
4446efa237f2754b5bf4,CCCCCCC(=O)c1ccccc1,3815,u0,8191,qgeognn_v2_row_lcmd
f92eb849bab96551864b,CCCCCCC(=O)c1ccccc1,3816,validation,8191,qgeognn_v2_row_lcmd
c77f31cb02185dc79f0b,CCCCCCC(=O)c1ccccc1,3817,l0,8191,qgeognn_v2_row_lcmd
de8ca068ee88300ff9d9,CCCCCCC(=O)c1ccccc1,3818,u0,8191,qgeognn_v2_row_lcmd
595f04f84ed107179631,CCCCCCC(=O)c1ccccc1,3819,validation,8191,qgeognn_v2_row_lcmd
c4b488e01e3ae7149581,CCCCCCC(=O)c1ccccc1,3820,u0,8191,qgeognn_v2_row_lcmd
65a84972b3a290ff8a0e,CCCCCCC(=O)c1ccccc1,3821,validation,8191,qgeognn_v2_row_lcmd
c8dd55f564273cf0c058,CCCCCCC(=O)c1ccccc1,3822,u0,8191,qgeognn_v2_row_lcmd
c4cc06293efcfb1dd49a,CCCCCCC(=O)c1ccccc1,3823,u0,8191,qgeognn_v2_row_lcmd
f0cfc6cf54b6042b832e,CCCCCCC(=O)c1ccccc1,3824,u0,8191,qgeognn_v2_row_lcmd
fd40d88566b5a84ea627,CCCCCCC(=O)c1ccccc1,3825,u0,8191,qgeognn_v2_row_lcmd
f112f5419754597ea093,CCCCCCC(=O)c1ccccc1,3826,u0,8191,qgeognn_v2_row_lcmd
3588135cce392e640236,CCCCCCC(=O)c1ccccc1,3827,u0,8191,qgeognn_v2_row_lcmd
cd64ecbc5b5755fec3b6,CCCCCCC(=O)c1ccccc1,3828,l0,8191,qgeognn_v2_row_lcmd
b85fc381264ea308d549,CCCCCCC(=O)c1ccccc1,3829,u0,8191,qgeognn_v2_row_lcmd
db4d7b947a514c78d89d,CCCCCCC(=O)c1ccccc1,3830,u0,8191,qgeognn_v2_row_lcmd
daf5b621e5b862e37cfe,CCCCCCC(=O)c1ccccc1,3831,validation,8191,qgeognn_v2_row_lcmd
b6b5bac1327c9f0ca6fb,CCCCCCC(=O)c1ccccc1,3832,u0,8191,qgeognn_v2_row_lcmd
e56c111af22d80f8d431,CCCCCCC(=O)c1ccccc1,3833,validation,8191,qgeognn_v2_row_lcmd
7799455820f8a51e59fa,CCCCCCC(=O)c1ccccc1,3834,test,8191,qgeognn_v2_row_lcmd
b7bebdf1c141f2ae938e,CCCCCCC(=O)c1ccccc1,3835,u0,8191,qgeognn_v2_row_lcmd
c115dcdcaf52094f06a1,Cc1cccc(C=O)c1,3836,u0,8191,qgeognn_v2_row_lcmd
4b2736825853aa6a9272,Cc1cccc(C=O)c1,3837,u0,8191,qgeognn_v2_row_lcmd
084866775caa8ca58925,Cc1cccc(C=O)c1,3838,l0,8191,qgeognn_v2_row_lcmd
44500edb95a3649adf91,Cc1cccc(C=O)c1,3839,l0,8191,qgeognn_v2_row_lcmd
f4cd6f48e4bea36680cb,Cc1cccc(C=O)c1,3840,u0,8191,qgeognn_v2_row_lcmd
faea8b8adf639599424e,Cc1cccc(C=O)c1,3841,test,8191,qgeognn_v2_row_lcmd
652518146491634ce312,Cc1cccc(C=O)c1,3842,validation,8191,qgeognn_v2_row_lcmd
b034fc8cd9ed2ec8074b,Cc1cccc(C=O)c1,3843,u0,8191,qgeognn_v2_row_lcmd
1fd7ef0e6f395b5f42e6,Cc1cccc(C=O)c1,3844,test,8191,qgeognn_v2_row_lcmd
47046691058568380f85,Cc1cccc(C=O)c1,3845,u0,8191,qgeognn_v2_row_lcmd
6868ce2f3b3c5af9a39c,Cc1cccc(C=O)c1,3846,l0,8191,qgeognn_v2_row_lcmd
9fcc3231ad85ef14e8d8,Cc1cccc(C=O)c1,3847,u0,8191,qgeognn_v2_row_lcmd
c6d5f62b278d39ee2c4f,Cc1cccc(C=O)c1,3848,validation,8191,qgeognn_v2_row_lcmd
2306a3f73b44a07f2190,Cc1cccc(C=O)c1,3849,validation,8191,qgeognn_v2_row_lcmd
7c14324532b02f7a3ab9,Cc1cccc(C=O)c1,3850,validation,8191,qgeognn_v2_row_lcmd
0f5a668aff17f4f3cc95,Cc1cccc(C=O)c1,3851,u0,8191,qgeognn_v2_row_lcmd
ca28db10589bf3ee4600,Cc1cccc(C=O)c1,3852,u0,8191,qgeognn_v2_row_lcmd
85956151bfe869ac5ee6,Cc1cccc(C=O)c1,3853,validation,8191,qgeognn_v2_row_lcmd
654a4a40363a388cf9cb,Cc1cccc(C=O)c1,3854,l0,8191,qgeognn_v2_row_lcmd
67434b9a07488d70219b,Cc1cccc(C=O)c1,3855,u0,8191,qgeognn_v2_row_lcmd
e947f47c9e991c7add4c,O=C(CC(=O)C(F)(F)F)c1ccccc1,3856,u0,8191,qgeognn_v2_row_lcmd
fa9279ef251a02144c33,O=C(CC(=O)C(F)(F)F)c1ccccc1,3857,u0,8191,qgeognn_v2_row_lcmd
bd4a842f0d21e901f024,O=C(CC(=O)C(F)(F)F)c1ccccc1,3858,u0,8191,qgeognn_v2_row_lcmd
c65fe185a35d8a355300,O=C(CC(=O)C(F)(F)F)c1ccccc1,3859,u0,8191,qgeognn_v2_row_lcmd
aeb141ae676e7c5ad293,O=C(CC(=O)C(F)(F)F)c1ccccc1,3860,test,8191,qgeognn_v2_row_lcmd
263bf94e554be864c090,O=C(CC(=O)C(F)(F)F)c1ccccc1,3861,u0,8191,qgeognn_v2_row_lcmd
8136e1c1c9734ab0048d,O=C(CC(=O)C(F)(F)F)c1ccccc1,3862,u0,8191,qgeognn_v2_row_lcmd
ea6260d7052cabfca181,O=C(CC(=O)C(F)(F)F)c1ccccc1,3863,u0,8191,qgeognn_v2_row_lcmd
d1e6e925623ba4b6810b,O=C(CC(=O)C(F)(F)F)c1ccccc1,3864,u0,8191,qgeognn_v2_row_lcmd
df7a5d9fbf36fc121de6,O=C(CC(=O)C(F)(F)F)c1ccccc1,3865,u0,8191,qgeognn_v2_row_lcmd
34a133db8364fd665ae6,O=C(CC(=O)C(F)(F)F)c1ccccc1,3866,validation,8191,qgeognn_v2_row_lcmd
6d00a25c0ca42a5cf2c1,O=C(CC(=O)C(F)(F)F)c1ccccc1,3867,l0,8191,qgeognn_v2_row_lcmd
f05558de399ad23eb6f6,O=C(CC(=O)C(F)(F)F)c1ccccc1,3868,u0,8191,qgeognn_v2_row_lcmd
3aac78d03dd703c0b776,O=C(CC(=O)C(F)(F)F)c1ccccc1,3869,test,8191,qgeognn_v2_row_lcmd
25dd969086d07da70d74,O=C(CC(=O)C(F)(F)F)c1ccccc1,3870,test,8191,qgeognn_v2_row_lcmd
7accad40a62307970be8,O=C(CC(=O)C(F)(F)F)c1ccccc1,3871,u0,8191,qgeognn_v2_row_lcmd
1c12f9e9a5043e6d32cc,O=C(CC(=O)C(F)(F)F)c1ccccc1,3872,u0,8191,qgeognn_v2_row_lcmd
ddf2f769007f3d9f75fd,O=C(CC(=O)C(F)(F)F)c1ccccc1,3873,l0,8191,qgeognn_v2_row_lcmd
f4c58d48258027bb5485,O=C(CC(=O)C(F)(F)F)c1ccccc1,3874,validation,8191,qgeognn_v2_row_lcmd
4df3d7b92b603fe8522f,O=C(CC(=O)C(F)(F)F)c1ccccc1,3875,validation,8191,qgeognn_v2_row_lcmd
fa6fd34875fdc7acf6c1,O=C(CC(=O)C(F)(F)F)c1ccccc1,3876,u0,8191,qgeognn_v2_row_lcmd
04ecdea4151183669394,O=Cc1cc(Br)ccc1O,3877,u0,8191,qgeognn_v2_row_lcmd
8e99350aac88fae9186b,O=Cc1cc(Br)ccc1O,3878,u0,8191,qgeognn_v2_row_lcmd
563fd55865b603f34e87,O=Cc1cc(Br)ccc1O,3879,test,8191,qgeognn_v2_row_lcmd
47328994eb7953d68919,O=Cc1cc(Br)ccc1O,3880,test,8191,qgeognn_v2_row_lcmd
ea05f93949c8eb3289cd,O=Cc1cc(Br)ccc1O,3881,u0,8191,qgeognn_v2_row_lcmd
cf2b5bd61a8fa92f67a8,O=Cc1cc(Br)ccc1O,3882,u0,8191,qgeognn_v2_row_lcmd
4a54ee0e355066ed7429,O=Cc1cc(Br)ccc1O,3883,u0,8191,qgeognn_v2_row_lcmd
43758e84c67aabf44a9f,O=Cc1cc(Br)ccc1O,3884,u0,8191,qgeognn_v2_row_lcmd
a352cfd369602fd71eec,O=Cc1cc(Br)ccc1O,3885,l0,8191,qgeognn_v2_row_lcmd
71b1366f422bdb427e46,O=Cc1cc(Br)ccc1O,3886,u0,8191,qgeognn_v2_row_lcmd
a594ed374525b27ed662,O=Cc1cc(Br)ccc1O,3887,u0,8191,qgeognn_v2_row_lcmd
89d8c3c7ccaf88632c79,O=Cc1cc(Br)ccc1O,3888,u0,8191,qgeognn_v2_row_lcmd
79faae5899539a97f8d9,O=Cc1cc(Br)ccc1O,3889,u0,8191,qgeognn_v2_row_lcmd
6fa96316d53d24c2c55c,O=Cc1cc(Br)ccc1O,3890,u0,8191,qgeognn_v2_row_lcmd
1723e818bb3500feacec,O=Cc1cc(Br)ccc1O,3891,validation,8191,qgeognn_v2_row_lcmd
5f1ae4e354b8b36ec691,O=Cc1cc(Br)ccc1O,3892,u0,8191,qgeognn_v2_row_lcmd
14636dfc9018393d202e,O=Cc1cc(Br)ccc1O,3893,u0,8191,qgeognn_v2_row_lcmd
5bf4578bc08db91b5967,O=Cc1cc(Br)ccc1O,3894,u0,8191,qgeognn_v2_row_lcmd
2efa93ea474f798b712a,O=Cc1cc(Br)ccc1O,3895,u0,8191,qgeognn_v2_row_lcmd
c45057c2cab40f4fa2be,O=Cc1cc(Br)ccc1O,3896,l0,8191,qgeognn_v2_row_lcmd
92fa6bf0071974e7a017,O=Cc1ccccc1[N+](=O)[O-],3897,u0,8191,qgeognn_v2_row_lcmd
40dbbf2e58a6065b2b52,O=Cc1ccccc1[N+](=O)[O-],3898,u0,8191,qgeognn_v2_row_lcmd
3232c07325c3dd8f1e6a,O=Cc1ccccc1[N+](=O)[O-],3899,u0,8191,qgeognn_v2_row_lcmd
23434652f7af1cc03ab7,O=Cc1ccccc1[N+](=O)[O-],3900,u0,8191,qgeognn_v2_row_lcmd
e6326a07ad46fdd2e66f,O=Cc1ccccc1[N+](=O)[O-],3901,u0,8191,qgeognn_v2_row_lcmd
658eecf514c6a6aa009d,O=Cc1ccccc1[N+](=O)[O-],3902,u0,8191,qgeognn_v2_row_lcmd
6f43332e2665523bcccc,O=Cc1ccccc1[N+](=O)[O-],3903,test,8191,qgeognn_v2_row_lcmd
66178a861f4bf31fa2e1,O=Cc1ccccc1[N+](=O)[O-],3904,u0,8191,qgeognn_v2_row_lcmd
8eaf61cc544233320cf2,O=Cc1ccccc1[N+](=O)[O-],3905,validation,8191,qgeognn_v2_row_lcmd
e8985293d175e0f0f8dd,O=Cc1ccccc1[N+](=O)[O-],3906,u0,8191,qgeognn_v2_row_lcmd
4da6e3b93f29af1efa94,O=Cc1ccccc1[N+](=O)[O-],3907,u0,8191,qgeognn_v2_row_lcmd
5a279bc25d91d033acdc,O=Cc1ccccc1[N+](=O)[O-],3908,u0,8191,qgeognn_v2_row_lcmd
c6bd64a77e94e93e5018,O=Cc1ccccc1[N+](=O)[O-],3909,test,8191,qgeognn_v2_row_lcmd
fcb9019ffbdb889489f7,O=Cc1ccccc1[N+](=O)[O-],3910,u0,8191,qgeognn_v2_row_lcmd
e99da719af7e2c3e9a93,O=Cc1ccccc1[N+](=O)[O-],3911,validation,8191,qgeognn_v2_row_lcmd
cdaf95461fe3b3d80075,O=Cc1ccccc1[N+](=O)[O-],3912,u0,8191,qgeognn_v2_row_lcmd
163874b97308a1ea2507,O=Cc1ccccc1[N+](=O)[O-],3913,u0,8191,qgeognn_v2_row_lcmd
857ae40d0fdf1c7e387e,O=Cc1ccccc1[N+](=O)[O-],3914,u0,8191,qgeognn_v2_row_lcmd
8ab554cd154e9749790b,O=Cc1ccccc1[N+](=O)[O-],3915,u0,8191,qgeognn_v2_row_lcmd
0ac58929e586a4da4056,O=Cc1ccccc1[N+](=O)[O-],3916,l0,8191,qgeognn_v2_row_lcmd
0634486d18ed767b5150,C/C(=N\O)c1ccccc1,3917,test,8191,qgeognn_v2_row_lcmd
c219b2fe4227fb602c44,C/C(=N\O)c1ccccc1,3918,u0,8191,qgeognn_v2_row_lcmd
eb1224edeb2e39f898b1,C/C(=N\O)c1ccccc1,3919,u0,8191,qgeognn_v2_row_lcmd
692318a7ef5974282184,C/C(=N\O)c1ccccc1,3920,u0,8191,qgeognn_v2_row_lcmd
8b09df1985688231fe0e,C/C(=N\O)c1ccccc1,3921,u0,8191,qgeognn_v2_row_lcmd
9ff9df9d0885684c7f41,C/C(=N\O)c1ccccc1,3922,u0,8191,qgeognn_v2_row_lcmd
3e41bb94c582476b5b6a,C/C(=N\O)c1ccccc1,3923,u0,8191,qgeognn_v2_row_lcmd
c3c4fdce502f6d3576dc,C/C(=N\O)c1ccccc1,3924,validation,8191,qgeognn_v2_row_lcmd
dc8da611e77ae1bb11f2,C/C(=N\O)c1ccccc1,3925,l0,8191,qgeognn_v2_row_lcmd
3b4634411832718c26e4,C/C(=N\O)c1ccccc1,3926,u0,8191,qgeognn_v2_row_lcmd
1182373ab8814dbe2f43,C/C(=N\O)c1ccccc1,3927,u0,8191,qgeognn_v2_row_lcmd
efe14b6a1dc3741d71ba,C/C(=N\O)c1ccccc1,3928,u0,8191,qgeognn_v2_row_lcmd
6b5982c6e1bbaadd6a95,C/C(=N\O)c1ccccc1,3929,u0,8191,qgeognn_v2_row_lcmd
7d406784048b9e313d67,C/C(=N\O)c1ccccc1,3930,u0,8191,qgeognn_v2_row_lcmd
79cb1738d945317e5bfa,C/C(=N\O)c1ccccc1,3931,u0,8191,qgeognn_v2_row_lcmd
2f48e798c7917fb7d2ae,C/C(=N\O)c1ccccc1,3932,u0,8191,qgeognn_v2_row_lcmd
a38fee52661fd3e3b7ea,C/C(=N\O)c1ccccc1,3933,u0,8191,qgeognn_v2_row_lcmd
9ffee2813aef5c26f96f,C/C(=N\O)c1ccccc1,3934,u0,8191,qgeognn_v2_row_lcmd
efd84dffe823b6298db6,C/C(=N\O)c1ccccc1,3935,u0,8191,qgeognn_v2_row_lcmd
339874c9f2c54f3370a0,CC(=O)c1ccc(I)cc1,3936,validation,8191,qgeognn_v2_row_lcmd
5f184bdc699e7f028d59,CC(=O)c1ccc(I)cc1,3937,u0,8191,qgeognn_v2_row_lcmd
b8d2fd43e8f44cebaf16,CC(=O)c1ccc(I)cc1,3938,u0,8191,qgeognn_v2_row_lcmd
e9950c0bf61094f632c2,CC(=O)c1ccc(I)cc1,3939,u0,8191,qgeognn_v2_row_lcmd
35cb57fad7b23937c429,CC(=O)c1ccc(I)cc1,3940,validation,8191,qgeognn_v2_row_lcmd
3848a52863e96bf74dcc,CC(=O)c1ccc(I)cc1,3941,u0,8191,qgeognn_v2_row_lcmd
0d1c0a80c613a60b0fa0,CC(=O)c1ccc(I)cc1,3942,l0,8191,qgeognn_v2_row_lcmd
83150ceeb5912da00b30,CC(=O)c1ccc(I)cc1,3943,u0,8191,qgeognn_v2_row_lcmd
ede92d66c7b35b3b7b8b,CC(=O)c1ccc(I)cc1,3944,u0,8191,qgeognn_v2_row_lcmd
668124a369ad42ae4b89,CC(=O)c1ccc(I)cc1,3945,u0,8191,qgeognn_v2_row_lcmd
8200df9dd2dce17ed7d1,CC(=O)c1ccc(I)cc1,3946,u0,8191,qgeognn_v2_row_lcmd
e30b9b123d9fdc2ec715,CC(=O)c1ccc(I)cc1,3947,test,8191,qgeognn_v2_row_lcmd
a97a618319325a403c10,CC(=O)c1ccc(I)cc1,3948,u0,8191,qgeognn_v2_row_lcmd
8fca5f8901efd254353e,CC(=O)c1ccc(I)cc1,3949,u0,8191,qgeognn_v2_row_lcmd
205465cd85c7d1cb8af6,CC(=O)c1ccc(I)cc1,3950,test,8191,qgeognn_v2_row_lcmd
dc419b3ce4e1382aae7a,CC(=O)c1ccc(I)cc1,3951,u0,8191,qgeognn_v2_row_lcmd
796417d42eb6a5349404,CC(=O)c1ccc(I)cc1,3952,test,8191,qgeognn_v2_row_lcmd
e97ed592e525b9c30dec,CC(=O)c1ccc(I)cc1,3953,l0,8191,qgeognn_v2_row_lcmd
20a5a5008211ea15a65a,CC(=O)c1ccc(I)cc1,3954,l0,8191,qgeognn_v2_row_lcmd
a31d24ee8162e1eca101,CC(=O)c1ccc(I)cc1,3955,test,8191,qgeognn_v2_row_lcmd
93d0b949ca6dc0685979,CC(=O)c1ccc(I)cc1,3956,l0,8191,qgeognn_v2_row_lcmd
6968793dd11dbff25f65,O=Cc1ccc(Cl)cc1Br,3957,validation,8191,qgeognn_v2_row_lcmd
0037e4cf8cedc4462b44,O=Cc1ccc(Cl)cc1Br,3958,test,8191,qgeognn_v2_row_lcmd
e3aa0a6706a5d307bd26,O=Cc1ccc(Cl)cc1Br,3959,validation,8191,qgeognn_v2_row_lcmd
075fc15242ef40eefe4f,O=Cc1ccc(Cl)cc1Br,3960,u0,8191,qgeognn_v2_row_lcmd
0a47888f8860e1cb8d77,O=Cc1ccc(Cl)cc1Br,3961,l0,8191,qgeognn_v2_row_lcmd
90b9bfcce4f713fc0a63,O=Cc1ccc(Cl)cc1Br,3962,test,8191,qgeognn_v2_row_lcmd
c93af2fe431eef00061a,O=Cc1ccc(Cl)cc1Br,3963,u0,8191,qgeognn_v2_row_lcmd
8b8b6aa0aade18818222,O=Cc1ccc(Cl)cc1Br,3964,l0,8191,qgeognn_v2_row_lcmd
d170227948f0f7b43616,O=Cc1ccc(Cl)cc1Br,3965,l0,8191,qgeognn_v2_row_lcmd
0ad8db4872b66b223e00,O=Cc1ccc(Cl)cc1Br,3966,u0,8191,qgeognn_v2_row_lcmd
cc84d3afa80cc8866c3a,O=Cc1ccc(Cl)cc1Br,3967,l0,8191,qgeognn_v2_row_lcmd
362d97d3a3c3ee97164c,O=Cc1ccc(Cl)cc1Br,3968,u0,8191,qgeognn_v2_row_lcmd
f61d410c5d674ab2fa28,O=Cc1ccc(Cl)cc1Br,3969,u0,8191,qgeognn_v2_row_lcmd
1125dd6a2736e219401f,O=Cc1ccc(Cl)cc1Br,3970,u0,8191,qgeognn_v2_row_lcmd
a3d022d17070867cf2cb,O=Cc1ccc(Cl)cc1Br,3971,u0,8191,qgeognn_v2_row_lcmd
2ec01bd25afd51d17ada,O=Cc1ccc(Cl)cc1Br,3972,l0,8191,qgeognn_v2_row_lcmd
a04af55e394c31f4123a,O=Cc1ccc(Cl)cc1Br,3973,u0,8191,qgeognn_v2_row_lcmd
463aca130eb59787c2df,O=Cc1ccc(Cl)cc1Br,3974,test,8191,qgeognn_v2_row_lcmd
e5696fe9cdcea0b4680a,O=Cc1ccc(Cl)cc1Br,3975,u0,8191,qgeognn_v2_row_lcmd
253f25857da206693a36,O=Cc1ccc(Cl)cc1Br,3976,u0,8191,qgeognn_v2_row_lcmd
ad3ba40aa370443bc14f,O=Cc1ccc(Cl)cc1Br,3977,u0,8191,qgeognn_v2_row_lcmd
3fa513c053678904d89c,COc1ccc(C=O)c(O)c1,3978,u0,8191,qgeognn_v2_row_lcmd
3c0e2ce9feb019d1dd30,COc1ccc(C=O)c(O)c1,3979,u0,8191,qgeognn_v2_row_lcmd
25de8af35e546add9783,COc1ccc(C=O)c(O)c1,3980,u0,8191,qgeognn_v2_row_lcmd
02425f554db74d9809d2,COc1ccc(C=O)c(O)c1,3981,u0,8191,qgeognn_v2_row_lcmd
af0ec4f316723b99eaef,COc1ccc(C=O)c(O)c1,3982,u0,8191,qgeognn_v2_row_lcmd
e55c8ef232b46d3a1ca9,COc1ccc(C=O)c(O)c1,3983,u0,8191,qgeognn_v2_row_lcmd
408ce1a4e23492a3ef31,COc1ccc(C=O)c(O)c1,3984,u0,8191,qgeognn_v2_row_lcmd
5079d0dfcde65893b224,COc1ccc(C=O)c(O)c1,3985,u0,8191,qgeognn_v2_row_lcmd
cac9ff0c40665baf313f,COc1ccc(C=O)c(O)c1,3986,u0,8191,qgeognn_v2_row_lcmd
c68db037670dea886720,COc1ccc(C=O)c(O)c1,3987,u0,8191,qgeognn_v2_row_lcmd
a0d6732883ffc7d063fb,COc1ccc(C=O)c(O)c1,3988,l0,8191,qgeognn_v2_row_lcmd
09c2a4beb05ca5c84aab,COc1ccc(C=O)c(O)c1,3989,l0,8191,qgeognn_v2_row_lcmd
a7bc3fb68bdecbbe086f,COc1ccc(C=O)c(O)c1,3990,u0,8191,qgeognn_v2_row_lcmd
1d15ee46756cd1845a68,COc1ccc(C=O)c(O)c1,3991,test,8191,qgeognn_v2_row_lcmd
72231b208c5287c32d70,COc1ccc(C=O)c(O)c1,3992,u0,8191,qgeognn_v2_row_lcmd
7e834c7b870ef7024d35,COc1ccc(C=O)c(O)c1,3993,l0,8191,qgeognn_v2_row_lcmd
b1801204c2c4a34a9278,COc1ccc(C=O)c(O)c1,3994,u0,8191,qgeognn_v2_row_lcmd
d9c8c8af50a10bf07765,COc1ccc(C=O)c(O)c1,3995,u0,8191,qgeognn_v2_row_lcmd
fe1a34b5975943e8f292,COc1ccc(C=O)c(O)c1,3996,u0,8191,qgeognn_v2_row_lcmd
80eea92895f0bd1c8d5a,CC(=O)Oc1ccc(C=O)cc1,3997,u0,8191,qgeognn_v2_row_lcmd
f34ee58fabc050d20fd2,CC(=O)Oc1ccc(C=O)cc1,3998,validation,8191,qgeognn_v2_row_lcmd
cc1f4899902d6f44bef2,CC(=O)Oc1ccc(C=O)cc1,3999,validation,8191,qgeognn_v2_row_lcmd
686562279e2bfb73ef1e,CC(=O)Oc1ccc(C=O)cc1,4000,u0,8191,qgeognn_v2_row_lcmd
0d18f3f10c8377d12316,CC(=O)Oc1ccc(C=O)cc1,4001,u0,8191,qgeognn_v2_row_lcmd
9845fd896eb72b0e149f,CC(=O)Oc1ccc(C=O)cc1,4002,u0,8191,qgeognn_v2_row_lcmd
08d345874afeaea97b5e,CC(=O)Oc1ccc(C=O)cc1,4003,u0,8191,qgeognn_v2_row_lcmd
5522a1ec1f8e39cedb13,CC(=O)Oc1ccc(C=O)cc1,4004,u0,8191,qgeognn_v2_row_lcmd
b05a4e8db42ce35cc958,CC(=O)Oc1ccc(C=O)cc1,4005,u0,8191,qgeognn_v2_row_lcmd
be82391d6b3e742f1f26,CC(=O)Oc1ccc(C=O)cc1,4006,u0,8191,qgeognn_v2_row_lcmd
bfbe491a54086b98874d,CC(=O)Oc1ccc(C=O)cc1,4007,validation,8191,qgeognn_v2_row_lcmd
050e2fab4b407ea058cb,CC(=O)Oc1ccc(C=O)cc1,4008,u0,8191,qgeognn_v2_row_lcmd
db7f9ffa50eb931613f6,CC(=O)Oc1ccc(C=O)cc1,4009,test,8191,qgeognn_v2_row_lcmd
351c17dfa8f46a8cb40a,CC(=O)Oc1ccc(C=O)cc1,4010,u0,8191,qgeognn_v2_row_lcmd
0dccaa29989ef4956786,CC(=O)Oc1ccc(C=O)cc1,4011,u0,8191,qgeognn_v2_row_lcmd
1a3149e0c41e4560d347,O=C1CCCc2ccccc21,4012,u0,8191,qgeognn_v2_row_lcmd
5149828089c3ed20123a,O=C1CCCc2ccccc21,4013,test,8191,qgeognn_v2_row_lcmd
983a604ac43bb4d41238,O=C1CCCc2ccccc21,4014,u0,8191,qgeognn_v2_row_lcmd
73a35f890e678b320073,O=C1CCCc2ccccc21,4015,u0,8191,qgeognn_v2_row_lcmd
9ff75a89ec8d52e6f51c,O=C1CCCc2ccccc21,4016,validation,8191,qgeognn_v2_row_lcmd
1668026caa5d708642cf,O=C1CCCc2ccccc21,4017,u0,8191,qgeognn_v2_row_lcmd
52348febee6695107c49,O=C1CCCc2ccccc21,4018,u0,8191,qgeognn_v2_row_lcmd
c18c041c752aba7ff0e4,CSc1ccc(C=O)cc1,4019,u0,8191,qgeognn_v2_row_lcmd
b0571346163b8f77528d,CSc1ccc(C=O)cc1,4020,u0,8191,qgeognn_v2_row_lcmd
e05652bb38d9efd5b11e,CSc1ccc(C=O)cc1,4021,u0,8191,qgeognn_v2_row_lcmd
cf8ab33c25ad391a584c,CSc1ccc(C=O)cc1,4022,u0,8191,qgeognn_v2_row_lcmd
4c46ceefd6147b1e0a7a,CSc1ccc(C=O)cc1,4023,u0,8191,qgeognn_v2_row_lcmd
f4331eb64b6774466836,CSc1ccc(C=O)cc1,4024,u0,8191,qgeognn_v2_row_lcmd
d54c93a11164b4abac6e,CSc1ccc(C=O)cc1,4025,u0,8191,qgeognn_v2_row_lcmd
480c3ccae36541513345,Cc1ccccc1C=O,4026,u0,8191,qgeognn_v2_row_lcmd
9494caa86cfeaed1f207,Cc1ccccc1C=O,4027,u0,8191,qgeognn_v2_row_lcmd
5aebfa2ff0320d9580ae,Cc1ccccc1C=O,4028,l0,8191,qgeognn_v2_row_lcmd
5070bf9690131f519648,Cc1ccccc1C=O,4029,u0,8191,qgeognn_v2_row_lcmd
bccdbbd73be98bf008c8,Cc1ccccc1C=O,4030,u0,8191,qgeognn_v2_row_lcmd
d626f5ddb709bc11257a,Cc1ccccc1C=O,4031,u0,8191,qgeognn_v2_row_lcmd
abb2d31b1372dbd64398,Cc1ccccc1C=O,4032,u0,8191,qgeognn_v2_row_lcmd
88cccd3e55677c52f9b7,O=Cc1ccc(Br)cc1O,4033,u0,8191,qgeognn_v2_row_lcmd
03e8372f11ac433be4fa,O=Cc1ccc(Br)cc1O,4034,test,8191,qgeognn_v2_row_lcmd
b73454f4c6942f4deb70,O=Cc1ccc(Br)cc1O,4035,u0,8191,qgeognn_v2_row_lcmd
f5259e3f51c168c59973,O=Cc1ccc(Br)cc1O,4036,u0,8191,qgeognn_v2_row_lcmd
2029b30e714e5ff498bf,O=Cc1ccc(Br)cc1O,4037,u0,8191,qgeognn_v2_row_lcmd
d1774335b45258bc173a,O=Cc1ccc(Br)cc1O,4038,u0,8191,qgeognn_v2_row_lcmd
7d9c7f40bc71ee7c4ef0,O=Cc1ccc(Br)cc1O,4039,u0,8191,qgeognn_v2_row_lcmd
38e2a93d1ea8073f4d36,CC(=O)c1ccc(Br)cc1,4040,test,8191,qgeognn_v2_row_lcmd
4ed02da322b210a5f98f,CC(=O)c1ccc(Br)cc1,4041,validation,8191,qgeognn_v2_row_lcmd
209779f51b9585f75215,CC(=O)c1ccc(Br)cc1,4042,u0,8191,qgeognn_v2_row_lcmd
595ef9e60d54ebad4071,CC(=O)c1ccc(Br)cc1,4043,u0,8191,qgeognn_v2_row_lcmd
2420964caf34a1de2a5d,CC(=O)c1ccc(Br)cc1,4044,u0,8191,qgeognn_v2_row_lcmd
f79cf892a214e3af8f61,CC(=O)c1ccc(Br)cc1,4045,u0,8191,qgeognn_v2_row_lcmd
605436d35600502e8c2e,CC(=O)c1ccc(Br)cc1,4046,u0,8191,qgeognn_v2_row_lcmd
43a235b691b6f7b06db4,O=C(Cc1ccccc1)c1ccccc1,4047,validation,8191,qgeognn_v2_row_lcmd
0901fd8923d9679837cd,O=C(Cc1ccccc1)c1ccccc1,4048,u0,8191,qgeognn_v2_row_lcmd
10b3c563b748d6a9737c,O=C(Cc1ccccc1)c1ccccc1,4049,u0,8191,qgeognn_v2_row_lcmd
a059b2825881c97ce308,O=C(Cc1ccccc1)c1ccccc1,4050,validation,8191,qgeognn_v2_row_lcmd
4fecb175b95402132c29,O=C(Cc1ccccc1)c1ccccc1,4051,u0,8191,qgeognn_v2_row_lcmd
191c723f2b37d0c12afa,O=C(Cc1ccccc1)c1ccccc1,4052,u0,8191,qgeognn_v2_row_lcmd
3c358af26c2e2988cd46,O=C(Cc1ccccc1)c1ccccc1,4053,test,8191,qgeognn_v2_row_lcmd
b23c792edccd16573efa,O=Cc1ccc(-c2ccccc2)cc1,4054,validation,8191,qgeognn_v2_row_lcmd
2c105d3b7f32d3b6a965,O=Cc1ccc(-c2ccccc2)cc1,4055,u0,8191,qgeognn_v2_row_lcmd
f1dafc187f7b1ec15297,O=Cc1ccc(-c2ccccc2)cc1,4056,u0,8191,qgeognn_v2_row_lcmd
5edaf16084f46f5b4726,O=Cc1ccc(-c2ccccc2)cc1,4057,u0,8191,qgeognn_v2_row_lcmd
360c6a3ecab6fd4cb98e,O=Cc1ccc(-c2ccccc2)cc1,4058,test,8191,qgeognn_v2_row_lcmd
fd9cda2d3ab32ea2a360,O=Cc1ccc(-c2ccccc2)cc1,4059,u0,8191,qgeognn_v2_row_lcmd
f3dce4b948dcaf6a3407,O=Cc1ccc2ccccc2c1Br,4060,validation,8191,qgeognn_v2_row_lcmd
f5477be41896484d6b21,O=Cc1ccc2ccccc2c1Br,4061,test,8191,qgeognn_v2_row_lcmd
b025092d9221340d484c,O=Cc1ccc2ccccc2c1Br,4062,u0,8191,qgeognn_v2_row_lcmd
7a9ddf2102dcd051c2f7,O=Cc1ccc2ccccc2c1Br,4063,u0,8191,qgeognn_v2_row_lcmd
36b4e1b99354c22c07da,O=Cc1ccc2ccccc2c1Br,4064,l0,8191,qgeognn_v2_row_lcmd
ffa53b3aa054bc392704,O=Cc1ccc2ccccc2c1Br,4065,u0,8191,qgeognn_v2_row_lcmd
7c6e7b244de393e8554d,O=Cc1ccc2ccccc2c1Br,4066,u0,8191,qgeognn_v2_row_lcmd
0bdd638e906bf11a00cb,O=C(/C=C/c1ccccc1)c1ccccc1,4067,u0,8191,qgeognn_v2_row_lcmd
067c9b96b35fefd28fdf,O=C(/C=C/c1ccccc1)c1ccccc1,4068,u0,8191,qgeognn_v2_row_lcmd
bb18fe197ad7e24c5ed1,O=C(/C=C/c1ccccc1)c1ccccc1,4069,u0,8191,qgeognn_v2_row_lcmd
9e0497d20614ebedf8ed,O=C(/C=C/c1ccccc1)c1ccccc1,4070,u0,8191,qgeognn_v2_row_lcmd
0dfdfd6dce2d3f41a427,O=C(/C=C/c1ccccc1)c1ccccc1,4071,u0,8191,qgeognn_v2_row_lcmd
a7f8c888870123f3b277,O=C(/C=C/c1ccccc1)c1ccccc1,4072,u0,8191,qgeognn_v2_row_lcmd
683b6279a87805548c7c,O=C(/C=C/c1ccccc1)c1ccccc1,4073,l0,8191,qgeognn_v2_row_lcmd
5df546d9e2f2a29dfc89,O=C(/C=C/c1ccccc1)/C=C/c1ccccc1,4074,u0,8191,qgeognn_v2_row_lcmd
3f6b817d855e67b3b406,O=C(/C=C/c1ccccc1)/C=C/c1ccccc1,4075,u0,8191,qgeognn_v2_row_lcmd
cb729a03dac0230812b1,O=C(/C=C/c1ccccc1)/C=C/c1ccccc1,4076,validation,8191,qgeognn_v2_row_lcmd
9f450a70d44f4384353f,O=C(/C=C/c1ccccc1)/C=C/c1ccccc1,4077,u0,8191,qgeognn_v2_row_lcmd
7726f4a207a737256a86,O=C(/C=C/c1ccccc1)/C=C/c1ccccc1,4078,u0,8191,qgeognn_v2_row_lcmd
b7fffd840d208b29776c,O=C(/C=C/c1ccccc1)/C=C/c1ccccc1,4079,u0,8191,qgeognn_v2_row_lcmd
c9bef93a79964dc6ede1,O=C(/C=C/c1ccccc1)/C=C/c1ccccc1,4080,u0,8191,qgeognn_v2_row_lcmd
b1c16d76595907509c1b,CC1CCC(=O)c2ccccc21,4081,l0,8191,qgeognn_v2_row_lcmd
87727a0338c26706a350,CC1CCC(=O)c2ccccc21,4082,u0,8191,qgeognn_v2_row_lcmd
7bd8adc2fdba124990b2,CC1CCC(=O)c2ccccc21,4083,u0,8191,qgeognn_v2_row_lcmd
06c1f0c9b81146ac92c4,CC1CCC(=O)c2ccccc21,4084,u0,8191,qgeognn_v2_row_lcmd
c65455de87b41e2ef577,CC1CCC(=O)c2ccccc21,4085,u0,8191,qgeognn_v2_row_lcmd
f9bba2e75f16ebadb0eb,CC1CCC(=O)c2ccccc21,4086,test,8191,qgeognn_v2_row_lcmd
65f22906a14f74d756d4,CC1CCC(=O)c2ccccc21,4087,l0,8191,qgeognn_v2_row_lcmd
f2f54282835725ea01b1,O=C(Cc1ccccc1F)C1CC1,4088,validation,8191,qgeognn_v2_row_lcmd
6cb56f71f524d68d7e3f,O=C(Cc1ccccc1F)C1CC1,4089,u0,8191,qgeognn_v2_row_lcmd
9e46469e7c9719ba3611,O=C(Cc1ccccc1F)C1CC1,4090,u0,8191,qgeognn_v2_row_lcmd
b54f29a73518aa1f30a7,O=C(Cc1ccccc1F)C1CC1,4091,u0,8191,qgeognn_v2_row_lcmd
c4b2566e6fe1d00b20ea,O=C(Cc1ccccc1F)C1CC1,4092,validation,8191,qgeognn_v2_row_lcmd
fd11ee7c408d95a1a8e6,O=C(Cc1ccccc1F)C1CC1,4093,validation,8191,qgeognn_v2_row_lcmd
419f6eb4080dcb9d293b,O=C(Cc1ccccc1F)C1CC1,4094,u0,8191,qgeognn_v2_row_lcmd
ac1a676320b3d8efa2c5,CCC(=O)c1cccc(Br)c1,4095,u0,8191,qgeognn_v2_row_lcmd
4c10cf623fbb8793829f,CCC(=O)c1cccc(Br)c1,4096,u0,8191,qgeognn_v2_row_lcmd
da91e1af5bac578c9384,CCC(=O)c1cccc(Br)c1,4097,test,8191,qgeognn_v2_row_lcmd
9449e3a7076ce90324ad,CCC(=O)c1cccc(Br)c1,4098,test,8191,qgeognn_v2_row_lcmd
84e56cf199f91314159c,CCC(=O)c1cccc(Br)c1,4099,u0,8191,qgeognn_v2_row_lcmd
d6f7a7ee5941a7d9a3f5,CCC(=O)c1cccc(Br)c1,4100,u0,8191,qgeognn_v2_row_lcmd
05c8e4d5f25c1295f231,CCC(=O)c1cccc(Br)c1,4101,u0,8191,qgeognn_v2_row_lcmd
265b6eb5a10a34c937b1,COCCCCC(=O)c1ccc(C(F)(F)F)cc1,4102,test,8191,qgeognn_v2_row_lcmd
ed763ea5943e63a671c9,COCCCCC(=O)c1ccc(C(F)(F)F)cc1,4103,u0,8191,qgeognn_v2_row_lcmd
8730f48ba29fd2e622ac,COCCCCC(=O)c1ccc(C(F)(F)F)cc1,4104,u0,8191,qgeognn_v2_row_lcmd
8b556440cbbd8224f6ff,COCCCCC(=O)c1ccc(C(F)(F)F)cc1,4105,u0,8191,qgeognn_v2_row_lcmd
7155ede91e7e3232862a,COCCCCC(=O)c1ccc(C(F)(F)F)cc1,4106,u0,8191,qgeognn_v2_row_lcmd
b1c5816f929ef59f5a87,COCCCCC(=O)c1ccc(C(F)(F)F)cc1,4107,u0,8191,qgeognn_v2_row_lcmd
9ee8566ca27ac0454721,CCCC(=O)c1ccc(-c2ccccc2)cc1,4108,l0,8191,qgeognn_v2_row_lcmd
e42bb4e647ec675f47ae,CCCC(=O)c1ccc(-c2ccccc2)cc1,4109,test,8191,qgeognn_v2_row_lcmd
e3716bf7dba67a0f2185,CCCC(=O)c1ccc(-c2ccccc2)cc1,4110,u0,8191,qgeognn_v2_row_lcmd
c4b06a6e718225cb9cf8,CCCC(=O)c1ccc(-c2ccccc2)cc1,4111,u0,8191,qgeognn_v2_row_lcmd
f1e08c239f1c0950ad36,CCCC(=O)c1ccc(-c2ccccc2)cc1,4112,u0,8191,qgeognn_v2_row_lcmd
cb534927304d5c892100,CCCC(=O)c1ccc(-c2ccccc2)cc1,4113,u0,8191,qgeognn_v2_row_lcmd
9f362bfe1dab6e9eac3d,CCCC(=O)c1ccc(-c2ccccc2)cc1,4114,u0,8191,qgeognn_v2_row_lcmd
aed6d224edcb21e5d658,O=C(c1ccccc1)c1cccc(C(=O)c2ccccc2)c1,4115,test,8191,qgeognn_v2_row_lcmd
409d01129a3e41b32902,O=C(c1ccccc1)c1cccc(C(=O)c2ccccc2)c1,4116,u0,8191,qgeognn_v2_row_lcmd
5d450444eb031c873584,O=C(c1ccccc1)c1cccc(C(=O)c2ccccc2)c1,4117,u0,8191,qgeognn_v2_row_lcmd
17ff889395addf7d6295,O=C(c1ccccc1)c1cccc(C(=O)c2ccccc2)c1,4118,u0,8191,qgeognn_v2_row_lcmd
634f21e11a8442494ce3,O=C(c1ccccc1)c1cccc(C(=O)c2ccccc2)c1,4119,validation,8191,qgeognn_v2_row_lcmd
855456da9ea892f7216b,O=C(c1ccccc1)c1cccc(C(=O)c2ccccc2)c1,4120,l0,8191,qgeognn_v2_row_lcmd
0c5c35afb3a24375c153,O=C(c1ccccc1)c1cccc(C(=O)c2ccccc2)c1,4121,u0,8191,qgeognn_v2_row_lcmd
07dbb8c9982caa472c1a,CCC(=O)c1cccnc1,4122,test,8191,qgeognn_v2_row_lcmd
8f5acbec0c511bb1ea89,CCC(=O)c1cccnc1,4123,validation,8191,qgeognn_v2_row_lcmd
4659b6752f23c0b85f08,CCC(=O)c1cccnc1,4124,u0,8191,qgeognn_v2_row_lcmd
49201b5817f204116f7f,CCC(=O)c1cccnc1,4125,u0,8191,qgeognn_v2_row_lcmd
6fc227d3382270d96cdc,O=C(CCCCl)c1ccc(F)cc1,4126,u0,8191,qgeognn_v2_row_lcmd
334348368030ba5ce3b6,O=C(CCCCl)c1ccc(F)cc1,4127,u0,8191,qgeognn_v2_row_lcmd
8b18117ded9c488721a3,O=C(CCCCl)c1ccc(F)cc1,4128,u0,8191,qgeognn_v2_row_lcmd
e41d3fe370d4a57960e2,O=C(CCCCl)c1ccc(F)cc1,4129,u0,8191,qgeognn_v2_row_lcmd
9b11493847c035abf800,O=C(CCCCl)c1ccc(F)cc1,4130,u0,8191,qgeognn_v2_row_lcmd
a8313da6e9c9be0c1636,O=C(CCCCl)c1ccc(F)cc1,4131,u0,8191,qgeognn_v2_row_lcmd
f46da3c00b2199795e4c,O=C(CCCCl)c1ccc(F)cc1,4132,test,8191,qgeognn_v2_row_lcmd
a2c075159f93cc78c444,O=C1CCCCc2ccccc21,4133,u0,8191,qgeognn_v2_row_lcmd
593cfb8dc5f3c8b36cac,O=C1CCCCc2ccccc21,4134,u0,8191,qgeognn_v2_row_lcmd
4bfc587d4349aa309395,O=C1CCCCc2ccccc21,4135,u0,8191,qgeognn_v2_row_lcmd
ac975c791f030093081f,O=C1CCCCc2ccccc21,4136,validation,8191,qgeognn_v2_row_lcmd
b6dc1ec0dbd724128ce3,O=C1CCCCc2ccccc21,4137,u0,8191,qgeognn_v2_row_lcmd
8b8becd233748ccae9e3,O=C1CCCCc2ccccc21,4138,u0,8191,qgeognn_v2_row_lcmd
a36291cab664852df5e5,O=C1CCCCc2ccccc21,4139,l0,8191,qgeognn_v2_row_lcmd
b060b3829845575c0998,CCC(=O)c1cccc(F)c1,4140,u0,8191,qgeognn_v2_row_lcmd
3bbc2fe79c55fc8440ad,CCC(=O)c1cccc(F)c1,4141,u0,8191,qgeognn_v2_row_lcmd
0b81e78fd9712d2a9e45,CCC(=O)c1cccc(F)c1,4142,test,8191,qgeognn_v2_row_lcmd
c88ecd4aff975383199f,CCC(=O)c1cccc(F)c1,4143,u0,8191,qgeognn_v2_row_lcmd
fd73bcb28ed4a4959b1f,CCC(=O)c1cccc(F)c1,4144,test,8191,qgeognn_v2_row_lcmd
20d2b3319fd90528853f,CCC(=O)c1cccc(F)c1,4145,u0,8191,qgeognn_v2_row_lcmd
5307ce95bcee2886afe0,CCC(=O)c1cccc(F)c1,4146,l0,8191,qgeognn_v2_row_lcmd
0b8c7bc2949fb8070c94,CCOC(=O)/C=C/c1ccccc1,4147,u0,8191,qgeognn_v2_row_lcmd
45dca237351265a8f169,CCOC(=O)/C=C/c1ccccc1,4148,u0,8191,qgeognn_v2_row_lcmd
49932dbd3d16bb64f71a,CCOC(=O)/C=C/c1ccccc1,4149,validation,8191,qgeognn_v2_row_lcmd
c9a9fab963b85f141aa6,CCOC(=O)/C=C/c1ccccc1,4150,test,8191,qgeognn_v2_row_lcmd
77f65db1224c7c295678,CCOC(=O)/C=C/c1ccccc1,4151,u0,8191,qgeognn_v2_row_lcmd
0baeb34a1650e9409f2a,CCOC(=O)/C=C/c1ccccc1,4152,u0,8191,qgeognn_v2_row_lcmd
e6dcf9d6f65fa598a38e,CCOC(=O)/C=C/c1ccccc1,4153,u0,8191,qgeognn_v2_row_lcmd
f90a5a5a54509c085ebd,O=C(O)/C=C/c1ccccc1,4154,u0,8191,qgeognn_v2_row_lcmd
65fcce0299e031dedeb8,O=C(O)/C=C/c1ccccc1,4155,u0,8191,qgeognn_v2_row_lcmd
6802f0b28c5a0c7b4c2a,O=C(O)/C=C/c1ccccc1,4156,l0,8191,qgeognn_v2_row_lcmd
0b247863fd6e8aaf44d8,O=C(O)/C=C/c1ccccc1,4157,test,8191,qgeognn_v2_row_lcmd
1e775e7d8dcbf48fd6f8,O=C(O)/C=C/c1ccccc1,4158,u0,8191,qgeognn_v2_row_lcmd
87da8c37b16d810331a2,O=C(O)/C=C/c1ccccc1,4159,u0,8191,qgeognn_v2_row_lcmd
9a32b65bc21fdc5f7286,O=C(O)/C=C/c1ccccc1,4160,test,8191,qgeognn_v2_row_lcmd
1e971da91b3a8229f0e0,O=C(O)/C=C/c1ccccc1,4161,u0,8191,qgeognn_v2_row_lcmd
b37608f8c4a8ee4b8696,O=C(O)/C=C/c1ccccc1,4162,u0,8191,qgeognn_v2_row_lcmd
