column,protocol,seed,fold,method,n_train,n_valid,unique_train_compounds,unique_valid_compounds,selected_penalty,free_coefficients,physical_projection_frequency,V1_rmse,V1_mae,V1_r2,V2_rmse,V2_mae,V2_r2,combined_normalized_rmse,normalized_rmse,nrmse,combined_nrmse,all_outputs_finite
25g,row,769539383,0,M0_scale_only,256,64,63,14,0.0,2,,7.96038494521167,4.989906498575102,0.2776453138230459,7.812822136169022,6.15704294261635,0.7534602018429752,0.7927070066456796,0.7927070066456796,0.7481111807682137,0.7481111807682137,True
25g,row,769539383,0,M1_conditional_EA,256,64,63,14,0.0,6,,7.537388872523008,5.331975629944006,0.35237411386957973,8.533157294119482,6.691320809285218,0.7059029531624826,0.7735451826083289,0.7735451826083289,0.7436735113561325,0.7436735113561325,True
25g,row,769539383,0,M2_EA_source_magnitude,256,64,63,14,0.0,8,,7.983234941637231,5.892838815636445,0.2734923760533149,8.462897960669283,6.6810409351655835,0.7107260204498347,0.8073332050449866,0.8073332050449866,0.7697793056023206,0.7697793056023206,True
25g,row,769539383,0,M3_center_width,256,64,63,14,1.0,8,0.0,6.970487931212918,4.628155975509486,0.4461288880979888,8.832582334069764,6.9322217110882915,0.6849013444584631,0.7363421136316664,0.7363421136316664,0.7170135844687888,0.7170135844687888,True
25g,row,769539383,1,M0_scale_only,256,64,62,15,0.0,2,,6.881723256405249,4.712712735905371,0.5719108061827882,9.217072565550797,6.746042568968787,0.7124324128854036,0.7387311541294901,0.7387311541294901,0.7233392021784592,0.7233392021784592,True
25g,row,769539383,1,M1_conditional_EA,256,64,62,15,0.0,6,,6.777835586355959,4.871322342417338,0.5847382622850643,8.952607364383926,6.73539751324405,0.7286979995475111,0.72456881300015,0.72456881300015,0.7085218538419944,0.7085218538419944,True
25g,row,769539383,1,M2_EA_source_magnitude,256,64,62,15,0.0,8,,6.91270080229652,4.921363658100484,0.5680481109888124,9.666260729390432,7.423398722107046,0.6837205823063571,0.7520467491523637,0.7520467491523637,0.7392751937116975,0.7392751937116975,True
25g,row,769539383,1,M3_center_width,256,64,62,15,1.0,8,0.0,5.804451051713135,4.172054760803755,0.6954475034563818,9.023509613552367,6.77785450091576,0.7243837047456505,0.6548571728302649,0.6548571728302649,0.6489613537668575,0.6489613537668575,True
25g,row,769539383,2,M0_scale_only,256,64,61,16,0.0,2,,12.744359799945142,6.802484082037223,-0.6529241404607256,14.77195604146388,8.235469947865656,0.4072313428240042,1.3153311361910174,1.3153311361910174,1.2681139812167568,1.2681139812167568,True
25g,row,769539383,2,M1_conditional_EA,256,64,61,16,0.0,6,,12.791651188134422,5.739069765901436,-0.6652141435894952,15.144620640002154,8.08324866638932,0.37694552861247743,1.3271734409493643,1.3271734409493643,1.2827051791082305,1.2827051791082305,True
25g,row,769539383,2,M2_EA_source_magnitude,256,64,61,16,0.1,8,,16.263614673319925,6.1555553060399255,-1.6918510607652024,17.39572747007875,8.106113381158924,0.17795723894702964,1.6478692704633628,1.6478692704633628,1.573029263859595,1.573029263859595,True
25g,row,769539383,2,M3_center_width,256,64,61,16,1.0,8,0.0,11.998928062632059,5.256680300788573,-0.4652164088599582,15.533189226520479,8.032774997609014,0.3445637083466123,1.2752228067853746,1.2752228067853746,1.2444882916593167,1.2444882916593167,True
25g,row,769539383,3,M0_scale_only,256,64,61,16,0.0,2,,7.123547714057821,5.345117002630938,0.5099198078492949,8.512337230006597,6.810382906280515,0.7842226699499502,0.7408278597314968,0.7408278597314968,0.7167658877227854,0.7167658877227854,True
25g,row,769539383,3,M1_conditional_EA,256,64,61,16,0.0,6,,6.32028274601629,4.7854789479010265,0.6142130884090586,7.455388351649615,5.639350723343839,0.8344806716129795,0.6551430325395523,0.6551430325395523,0.6329226315235066,0.6329226315235066,True
25g,row,769539383,3,M2_EA_source_magnitude,256,64,61,16,0.0,8,,6.51723424010909,4.735485154997182,0.5897948243672559,7.423170100664972,5.694031656492589,0.835908154760419,0.6698103167882842,0.6698103167882842,0.6444180657044143,0.6444180657044143,True
25g,row,769539383,3,M3_center_width,256,64,61,16,1.0,8,0.0,5.389363397942063,4.226661574700912,0.7194893131473343,7.652695874172178,5.6196793044618865,0.8256037739209054,0.5892335197423997,0.5892335197423997,0.5799881051799577,0.5799881051799577,True
25g,row,769539383,4,M0_scale_only,256,64,61,16,0.0,2,,7.435379168729016,4.8732126732500625,0.4172716274261774,10.682581054972559,7.294269992696918,0.6996026457770874,0.8160733991534055,0.8160733991534055,0.8040503612070375,0.8040503612070375,True
25g,row,769539383,4,M1_conditional_EA,256,64,61,16,0.0,6,,6.164220637390457,4.14458529332501,0.5994873168307946,9.67296328006494,6.915885385498027,0.7537009209022212,0.6978569010414053,0.6978569010414053,0.6919892002846544,0.6919892002846544,True
25g,row,769539383,4,M2_EA_source_magnitude,256,64,61,16,0.1,8,,6.202042032749439,4.059720963079033,0.5945574414884112,10.178953492620234,7.2578161862659,0.7272592879774922,0.714285167920975,0.714285167920975,0.7101260813497994,0.7101260813497994,True
25g,row,769539383,4,M3_center_width,256,64,61,16,1.0,8,0.0,5.494302843429238,3.5745280624774183,0.6818110371372194,9.675446473945215,7.043549444658419,0.7535744473795342,0.6513076150556117,0.6513076150556117,0.6495571171868718,0.6495571171868718,True
25g,row,1425370602,0,M0_scale_only,261,66,63,15,0.0,2,,8.07609831489468,5.688808660497294,0.4581695243255195,10.155803329007922,7.991046582458101,0.5854267572891065,0.8513364871765701,0.8513364871765701,0.828323427828939,0.828323427828939,True
25g,row,1425370602,0,M1_conditional_EA,261,66,63,15,0.0,6,,7.529105599370814,5.090706020038132,0.5290801349058927,10.32908703504006,7.8476831103464555,0.5711587252421026,0.8141876446599755,0.8141876446599755,0.7990036111496521,0.7990036111496521,True
25g,row,1425370602,0,M2_EA_source_magnitude,261,66,63,15,1.0,8,,7.467186964622676,4.89147105658848,0.5367938840399837,9.972511913161307,7.282498272180914,0.6002561120903936,0.800886662850117,0.800886662850117,0.7839846516086637,0.7839846516086637,True
25g,row,1425370602,0,M3_center_width,261,66,63,15,1.0,8,0.0,7.583834504668865,4.678076057815838,0.5222090398500006,10.015522794307476,7.626284642170793,0.5968005305984588,0.8106916149238574,0.8106916149238574,0.7927241589313698,0.7927241589313698,True
25g,row,1425370602,1,M0_scale_only,261,66,62,16,0.0,2,,6.069392982019129,4.76393659037006,0.5255388323225774,10.154740359060792,7.326002398630764,0.6299070257201922,0.704373676271607,0.704373676271607,0.7009558397921869,0.7009558397921869,True
25g,row,1425370602,1,M1_conditional_EA,261,66,62,16,0.0,6,,5.722427763395844,4.540633599487389,0.5782347493858111,9.645156618177014,7.143297036966846,0.666118956921498,0.6660896944491238,0.6660896944491238,0.6630906217719083,0.6630906217719083,True
25g,row,1425370602,1,M2_EA_source_magnitude,261,66,62,16,0.1,8,,5.546230359360323,4.279200964814961,0.6038077603996759,9.957827770237325,7.355264721167123,0.6441209567417281,0.6629810464133494,0.6629810464133494,0.6616345722277487,0.6616345722277487,True
25g,row,1425370602,1,M3_center_width,261,66,62,16,0.1,8,0.0,5.769798213104059,4.520653894887289,0.5712230736749913,9.584446992961288,7.1805170622401615,0.6703088320248296,0.6676832881252875,0.6676832881252875,0.6642083440717628,0.6642083440717628,True
25g,row,1425370602,2,M0_scale_only,262,65,63,15,0.0,2,,9.478576045953385,6.439270274458113,0.040024158941320276,9.357841549783913,6.093107812623877,0.776203569507758,0.9449413881120972,0.9449413881120972,0.8924993508205382,0.8924993508205382,True
25g,row,1425370602,2,M1_conditional_EA,262,65,63,15,0.0,6,,8.79285619472749,5.203170806789372,0.17389728974277063,8.905149571275834,5.801013097777253,0.7973324500534726,0.8809222188784617,0.8809222188784617,0.8349080259512149,0.8349080259512149,True
25g,row,1425370602,2,M2_EA_source_magnitude,262,65,63,15,0.1,8,,9.285127866749182,4.825495373354062,0.0788085809563045,8.2617087517791,5.461979840560645,0.8255618217758511,0.9090216437649073,0.9090216437649073,0.846133057657499,0.846133057657499,True
25g,row,1425370602,2,M3_center_width,262,65,63,15,1.0,8,0.0,7.681166010448977,4.245156029699339,0.36958228416240757,8.623108549727123,5.655131769281658,0.8099667976133427,0.7867516460173982,0.7867516460173982,0.7555944200090297,0.7555944200090297,True
25g,row,1425370602,3,M0_scale_only,262,65,62,16,0.0,2,,7.6703141489031434,5.137606417779826,0.4558848248747034,9.269054078109367,7.422225402911372,0.7437048693232048,0.7999970156497571,0.7999970156497571,0.7749955520550234,0.7749955520550234,True
25g,row,1425370602,3,M1_conditional_EA,262,65,62,16,0.0,6,,6.915613908995575,4.982795179725075,0.5576907584026087,9.269565394442388,7.504806848848148,0.7436765921117796,0.7425406596566251,0.7425406596566251,0.72712231143688,0.72712231143688,True
25g,row,1425370602,3,M2_EA_source_magnitude,262,65,62,16,0.1,8,,6.75395346448139,4.938312696440907,0.5781280374085572,9.093292023001002,7.135608278199216,0.7533325751963933,0.7261604384277618,0.7261604384277618,0.7113818979468796,0.7113818979468796,True
25g,row,1425370602,3,M3_center_width,262,65,62,16,1.0,8,0.0,6.374754934311164,4.8595416672343195,0.6241699316582466,9.310964674606598,7.464523019570203,0.7413819211885482,0.7035399000509488,0.7035399000509488,0.6940899341014527,0.6940899341014527,True
25g,row,1425370602,4,M0_scale_only,262,65,62,16,0.0,2,,7.209962134225317,4.921647818444528,0.5670574968450366,7.829406273528459,5.359789005853746,0.7969062198746588,0.7329461324923439,0.7329461324923439,0.7010092476410666,0.7010092476410666,True
25g,row,1425370602,4,M1_conditional_EA,262,65,62,16,0.0,6,,6.329531325471224,4.134786452885343,0.6663375278661127,7.328033813826253,4.869406256426522,0.8220844558141226,0.653079037528417,0.653079037528417,0.6295486067731659,0.6295486067731659,True
25g,row,1425370602,4,M2_EA_source_magnitude,262,65,62,16,1.0,8,,6.330805435250955,4.321165412162255,0.6662031844574878,6.537875773895321,4.496958613271265,0.8583840100259277,0.6367467140377314,0.6367467140377314,0.605054529587572,0.605054529587572,True
25g,row,1425370602,4,M3_center_width,262,65,62,16,1.0,8,0.0,5.752718150804274,3.6583135511683063,0.7243801770404192,6.96997769521829,4.648670057877952,0.8390460124130547,0.6004044687504426,0.6004044687504426,0.5818111992704932,0.5818111992704932,True
25g,row,536279090,0,M0_scale_only,261,65,63,14,0.0,2,,9.643068640820955,6.761399568977805,0.20842789476986068,12.171670979069154,8.921046611021799,0.5856997729756326,1.0175663419798302,1.0175663419798302,0.9904508424195686,0.9904508424195686,True
25g,row,536279090,0,M1_conditional_EA,261,65,63,14,0.0,6,,9.056818659007604,5.581822955160729,0.30174941318540405,12.054370538640077,8.48683631858985,0.5936466567789845,0.9703920537020104,0.9703920537020104,0.9496024362108209,0.9496024362108209,True
25g,row,536279090,0,M2_EA_source_magnitude,261,65,63,14,0.1,8,,9.546189830877994,5.610569917919251,0.2242530126261092,11.505605046116544,8.089724614071068,0.6298023250706597,0.9949678561605366,0.9949678561605366,0.9635879417713229,0.9635879417713229,True
25g,row,536279090,0,M3_center_width,261,65,63,14,1.0,8,0.0,8.628541972285488,5.3109340074736,0.3662254477518204,11.772902880628054,8.297594627500075,0.6124016802054324,0.9314995324866076,0.9314995324866076,0.9136723396345721,0.9136723396345721,True
25g,row,536279090,1,M0_scale_only,260,66,61,16,0.0,2,,7.698523219295652,5.071483018391768,0.4406292878803808,10.441769652815296,7.390862227202816,0.7005583950890355,0.829581020295256,0.829581020295256,0.8132584987636979,0.8132584987636979,True
25g,row,536279090,1,M1_conditional_EA,260,66,61,16,0.0,6,,6.597367128798846,4.598659651841397,0.5892040245629375,9.383942773174757,6.653668058563102,0.7581563847855884,0.721708187972281,0.721708187972281,0.710485396726549,0.710485396726549,True
25g,row,536279090,1,M2_EA_source_magnitude,260,66,61,16,0.0,8,,6.425805416284177,4.434662954116908,0.6102913763373935,9.450878190428593,6.518788234734338,0.7546939516417209,0.7108509906817027,0.7108509906817027,0.7016808072620639,0.7016808072620639,True
25g,row,536279090,1,M3_center_width,260,66,61,16,1.0,8,0.0,5.924499468475629,4.211319288549116,0.6687253488477425,9.501282227890705,6.73172388661462,0.7520704099236671,0.6762389158545289,0.6762389158545289,0.671438307816942,0.671438307816942,True
25g,row,536279090,2,M0_scale_only,260,66,61,16,0.0,2,,7.898791539727966,5.752339559740416,0.26169659467311635,8.580599069482691,5.98119537982084,0.6963331875551024,0.8030365300063241,0.8030365300063241,0.768081644830157,0.768081644830157,True
25g,row,536279090,2,M1_conditional_EA,260,66,61,16,0.0,6,,6.350437427524906,4.6354877799087415,0.5227775684490321,7.174640857627242,5.32302684757272,0.7876939141219892,0.6514163767758709,0.6514163767758709,0.6261044764505455,0.6261044764505455,True
25g,row,536279090,2,M2_EA_source_magnitude,260,66,61,16,0.0,8,,6.1695715576595305,4.480606224736584,0.5495738682980518,7.813557702438562,5.772000611486653,0.7481976619500579,0.6516393088980157,0.6516393088980157,0.6344988497679723,0.6344988497679723,True
25g,row,536279090,2,M3_center_width,260,66,61,16,1.0,8,0.0,5.803260808418332,4.06228723196915,0.6014730047675062,7.174512456600009,5.326815173302863,0.7877015131296952,0.6089218568323693,0.6089218568323693,0.5913796520304085,0.5913796520304085,True
25g,row,536279090,3,M0_scale_only,261,65,61,16,0.0,2,,4.685394736880132,3.7389105857286653,0.8078104708346173,7.761483003147421,5.593243996906463,0.8333933554984632,0.5415958801438812,0.5415958801438812,0.5387015288609572,0.5387015288609572,True
25g,row,536279090,3,M1_conditional_EA,261,65,61,16,0.0,6,,4.694008443374556,3.47070311131325,0.8071031725151193,7.90323865587861,5.6044444895538374,0.8272519755781076,0.5461433523054979,0.5461433523054979,0.5436568895181833,0.5436568895181833,True
25g,row,536279090,3,M2_EA_source_magnitude,261,65,61,16,0.1,8,,4.946816690198582,3.6388262385588046,0.7857657088469341,7.4968901120495754,5.3844264924174565,0.8445591414559208,0.552986089930791,0.552986089930791,0.5470607568500594,0.5470607568500594,True
25g,row,536279090,3,M3_center_width,261,65,61,16,1.0,8,0.0,4.698668094375237,3.4379764377824746,0.8067200125644938,7.632095740962025,5.391871814354107,0.8389018639123946,0.5389582472841739,0.5389582472841739,0.5355196741521758,0.5355196741521758,True
25g,row,536279090,4,M0_scale_only,262,64,62,15,0.0,2,,6.774973772785053,4.744772059258562,0.5574052298314526,8.289109173216337,6.2361284011308875,0.7181426191002063,0.708912079449491,0.708912079449491,0.6877046168396832,0.6877046168396832,True
25g,row,536279090,4,M1_conditional_EA,262,64,62,15,0.0,6,,5.709439842292259,3.9494596310131014,0.6856756371025913,8.202941936673296,6.107910479542555,0.7239721086724731,0.6266436123186799,0.6266436123186799,0.6174117590599812,0.6174117590599812,True
25g,row,536279090,4,M2_EA_source_magnitude,262,64,62,15,0.0,8,,5.61140356219263,3.9624043058322815,0.6963774326140335,7.803731593002317,5.88105465335565,0.7501850988911151,0.6094116856409191,0.6094116856409191,0.5987749616818954,0.5987749616818954,True
25g,row,536279090,4,M3_center_width,262,64,62,15,1.0,8,0.0,5.56815196175524,3.8157315211758887,0.7010399209758853,7.879234539253068,5.93953326838954,0.745327677330248,0.6080949625353197,0.6080949625353197,0.5983786901915751,0.5983786901915751,True
25g,row,2767143051,0,M0_scale_only,256,64,63,15,0.0,2,,7.386831314506755,5.422148399028064,0.4218488051153323,9.716219024532975,7.4030298889530055,0.7130929812503153,0.7886985252461576,0.7886985252461576,0.7709146857238114,0.7709146857238114,True
25g,row,2767143051,0,M1_conditional_EA,256,64,63,15,0.0,6,,6.494591318312781,4.729995021463379,0.5530811015504979,9.805208671392494,7.448981189056817,0.707813422338936,0.725028130534369,0.725028130534369,0.7170657147658073,0.7170657147658073,True
25g,row,2767143051,0,M2_EA_source_magnitude,256,64,63,15,0.0,8,,6.819862300353553,5.009975444412957,0.5071936716181176,9.93525324597386,7.657309130522606,0.7000115986894593,0.7520025909321536,0.7520025909321536,0.741750182076089,0.741750182076089,True
25g,row,2767143051,0,M3_center_width,256,64,63,15,1.0,8,0.0,5.718980130468621,4.293397967563817,0.6534529232988655,10.047712048076344,7.651639559448169,0.6931819247903683,0.6772696255912392,0.6772696255912392,0.6753918423850318,0.6753918423850318,True
25g,row,2767143051,1,M0_scale_only,256,64,63,15,0.0,2,,8.001753761382796,4.970390506597822,0.34438242775384287,10.712764338696184,6.844680359537908,0.6965847966876012,0.8588560325477,0.8588560325477,0.8409281291431929,0.8409281291431929,True
25g,row,2767143051,1,M1_conditional_EA,256,64,63,15,0.0,6,,7.136465879296546,4.623811893394069,0.47850925259833776,10.225606584100806,6.348697928690592,0.723552672821784,0.7825697728220636,0.7825697728220636,0.7708704709548575,0.7708704709548575,True
25g,row,2767143051,1,M2_EA_source_magnitude,256,64,63,15,0.0,8,,7.430707956376937,4.934887278247912,0.4346197862375043,11.794724855745303,7.255585853496861,0.63220157587797,0.8448533449005329,0.8448533449005329,0.8383430456739522,0.8383430456739522,True
25g,row,2767143051,1,M3_center_width,256,64,63,15,1.0,8,0.0,7.0014649235171476,4.315659736109096,0.4980527783260992,10.164219123443395,6.34965063397439,0.7268619063657928,0.771118561098481,0.771118561098481,0.7603948212878731,0.7603948212878731,True
25g,row,2767143051,2,M0_scale_only,256,64,62,16,0.0,2,,12.069068123680667,6.544575250852926,-0.26826226376905216,13.755347613654008,7.387975571045448,0.297968542958325,1.2405859014871488,1.2405859014871488,1.1936458487004349,1.1936458487004349,True
25g,row,2767143051,2,M1_conditional_EA,256,64,62,16,0.0,6,,10.68094904079129,5.331721361255939,0.006698070112861387,13.766383672007231,7.053216080145978,0.296841596790547,1.133724337023755,1.133724337023755,1.1059066509114897,1.1059066509114897,True
25g,row,2767143051,2,M2_EA_source_magnitude,256,64,62,16,1.0,8,,12.878456620506906,5.75367964223159,-0.4440732795168787,17.588906992525228,7.513769890167959,-0.14786585560420273,1.3907263092074373,1.3907263092074373,1.364233806794923,1.364233806794923,True
25g,row,2767143051,2,M3_center_width,256,64,62,16,1.0,8,0.0,11.245172412452265,5.140031262986529,-0.10101650692942932,13.954240641448145,7.002246513476061,0.2775199672196752,1.181113944357129,1.181113944357129,1.1475517673496274,1.1475517673496274,True
25g,row,2767143051,3,M0_scale_only,256,64,62,16,0.0,2,,8.63211286661481,6.0212972144586265,0.24472401121651666,9.421589939305017,6.862822578829722,0.7360859059676214,0.8785090813840547,0.8785090813840547,0.840770090536211,0.840770090536211,True
25g,row,2767143051,3,M1_conditional_EA,256,64,62,16,0.0,6,,7.677133986225998,5.7043964527812285,0.40259383748193267,9.034230826121627,6.773199968915192,0.7573409167174576,0.7953132792729508,0.7953132792729508,0.7681249982298555,0.7681249982298555,True
25g,row,2767143051,3,M2_EA_source_magnitude,256,64,62,16,0.0,8,,8.009114924995284,5.814505521258933,0.34980966606499864,8.95114802684476,6.829094901575953,0.7617835953424485,0.8194928044906588,0.8194928044906588,0.7866067088410926,0.7866067088410926,True
25g,row,2767143051,3,M3_center_width,256,64,62,16,1.0,8,0.0,7.055464978031382,5.145872799578577,0.4954284741484588,9.312675810133012,6.9584382145971695,0.7421523624586226,0.754089401217148,0.754089401217148,0.7373372832590861,0.7373372832590861,True
25g,row,2767143051,4,M0_scale_only,256,64,62,16,0.0,2,,6.262837762075372,4.421991740318789,0.4674214901518903,8.094804041824908,6.015032060486782,0.7856668415850858,0.6653021949304426,0.6653021949304426,0.6491641329287823,0.6491641329287823,True
25g,row,2767143051,4,M1_conditional_EA,256,64,62,16,0.0,6,,5.637740962533234,4.482350644230889,0.5684296995081788,7.581797990385604,5.629821602193235,0.8119726168531102,0.6059395423968392,0.6059395423968392,0.593543770068761,0.593543770068761,True
25g,row,2767143051,4,M2_EA_source_magnitude,256,64,62,16,0.0,8,,5.799973814529696,4.6073796619610885,0.5432344084068075,7.943571917898531,6.009588655592864,0.7936006393362409,0.6268743665524394,0.6268743665524394,0.6150898098476326,0.6150898098476326,True
25g,row,2767143051,4,M3_center_width,256,64,62,16,1.0,8,0.0,5.021252272822263,3.6064870738438293,0.6576538897222344,7.7519514872198085,5.7661070277342485,0.8034383557413567,0.5650602366596603,0.5650602366596603,0.5597167660371895,0.5597167660371895,True
25g,row,1362771960,0,M0_scale_only,252,63,63,14,0.0,2,,8.280662864988404,5.887397938315455,0.4420411756334809,12.144326974456241,9.550838746619867,0.5159885772839521,0.9151539361993579,0.9151539361993579,0.9031496012219684,0.9031496012219684,True
25g,row,1362771960,0,M1_conditional_EA,252,63,63,14,0.0,6,,7.236616347351779,4.798759071466264,0.5738690859103674,10.636264724649925,8.457709846494609,0.6287324572905658,0.8003631472634423,0.8003631472634423,0.7899974642379913,0.7899974642379913,True
25g,row,1362771960,0,M2_EA_source_magnitude,252,63,63,14,0.0,8,,7.135635101102577,4.941887653517275,0.5856787481494689,11.15253799820649,8.750066550811205,0.5918158554420025,0.8066323368853208,0.8066323368853208,0.7996465063281041,0.7996465063281041,True
25g,row,1362771960,0,M3_center_width,252,63,63,14,1.0,8,0.0,7.035167660330069,4.942158026722205,0.5972636334065122,10.327253713091167,8.149681271167353,0.6499916534056782,0.7777509546352059,0.7777509546352059,0.7676039965211456,0.7676039965211456,True
25g,row,1362771960,1,M0_scale_only,252,63,62,15,0.0,2,,8.723089426191349,5.432737177129337,0.1533391757870547,10.460195846843183,6.840959627029875,0.6875190535018938,0.9079872948498728,0.9079872948498728,0.8788449361872493,0.8788449361872493,True
25g,row,1362771960,1,M1_conditional_EA,252,63,62,15,0.0,6,,7.8500925327915905,4.968489186659417,0.3143249173091168,10.299303858894554,6.560558899329245,0.6970578857297032,0.8375359883694582,0.8375359883694582,0.8184453888230969,0.8184453888230969,True
25g,row,1362771960,1,M2_EA_source_magnitude,252,63,62,15,0.0,8,,7.87078286959643,5.158543213350588,0.3107057129899423,11.258906792345035,7.165364978653392,0.6379768380947067,0.8626164717610534,0.8626164717610534,0.849603162288413,0.849603162288413,True
25g,row,1362771960,1,M3_center_width,252,63,62,15,1.0,8,0.0,7.834405213489659,4.551318219211245,0.31706263188387074,10.141862246385351,6.517563327253502,0.706249019902655,0.8326218135647301,0.8326218135647301,0.8125533220414868,0.8125533220414868,True
25g,row,1362771960,2,M0_scale_only,252,63,61,16,0.0,2,,11.739652894332085,6.1607744557049395,-0.596557841729719,13.440019389135403,7.362484457103168,0.45830167513774067,1.2080167680205707,1.2080167680205707,1.1629358517694675,1.1629358517694675,True
25g,row,1362771960,2,M1_conditional_EA,252,63,61,16,0.0,6,,11.146739126693612,6.208053044306717,-0.43936129106822985,13.582827894378577,7.546134610065662,0.44672875696446424,1.1651156270575773,1.1651156270575773,1.1297543189590118,1.1297543189590118,True
25g,row,1362771960,2,M2_EA_source_magnitude,252,63,61,16,0.1,8,,11.850935993047148,6.16765441530744,-0.6269696425189437,16.708581391116848,8.077061112637736,0.16278527298774093,1.292704060627258,1.292704060627258,1.2716537245678885,1.2716537245678885,True
25g,row,1362771960,2,M3_center_width,252,63,61,16,1.0,8,0.0,10.953778567877919,5.600123599214829,-0.3899592218679173,14.08654740983107,7.748299232086569,0.404931687484991,1.1619448252572204,1.1619448252572204,1.1331764197816239,1.1331764197816239,True
25g,row,1362771960,3,M0_scale_only,252,63,61,16,0.0,2,,7.754139442355338,5.408363519874777,0.39492151409227527,8.5793666721319,6.5436884285520325,0.7993303011389565,0.7915762910719415,0.7915762910719415,0.7588644859572302,0.7588644859572302,True
25g,row,1362771960,3,M1_conditional_EA,252,63,61,16,0.0,6,,6.922166897843139,5.024613426753748,0.5177984182913015,8.008982093487035,6.3325223005762785,0.8251257015013862,0.7141146292703472,0.7141146292703472,0.6883323759716156,0.6883323759716156,True
25g,row,1362771960,3,M2_EA_source_magnitude,252,63,61,16,0.0,8,,7.644150960526873,5.445881246097729,0.4119652270592846,8.070536045118843,6.5134560528780625,0.8224273389008138,0.7723759119872017,0.7723759119872017,0.7360599363727937,0.7360599363727937,True
25g,row,1362771960,3,M3_center_width,252,63,61,16,1.0,8,0.0,6.193299776658359,4.3920764106142025,0.6139987581548167,8.240604118639887,6.537903153396914,0.8148646114061373,0.6635204146838984,0.6635204146838984,0.6492862020676987,0.6492862020676987,True
25g,row,1362771960,4,M0_scale_only,252,63,61,16,0.0,2,,7.922800245480984,5.613579246813194,0.4848253998704094,8.477380747471505,5.928662499693824,0.7571856998307724,0.8028202942199911,0.8028202942199911,0.7663948840117903,0.7663948840117903,True
25g,row,1362771960,4,M1_conditional_EA,252,63,61,16,0.0,6,,7.375253614085211,5.168795934898564,0.5535724910393397,8.480493631359357,5.885189996939478,0.7570073448602087,0.7597156116324526,0.7597156116324526,0.7317473887432476,0.7317473887432476,True
25g,row,1362771960,4,M2_EA_source_magnitude,252,63,61,16,0.0,8,,7.316852090000379,4.872823122125338,0.5606146407745319,8.876023784633297,6.20682941481293,0.7338124147732641,0.7638972308814772,0.7638972308814772,0.7403430413594888,0.7403430413594888,True
25g,row,1362771960,4,M3_center_width,252,63,61,16,1.0,8,0.0,6.607909104055593,4.442017000452904,0.6416353603354985,8.515692736737659,5.967064824427542,0.754986029892118,0.7013684979665548,0.7013684979665548,0.684150646590197,0.684150646590197,True
25g,compound,769539383,0,M0_scale_only,248,62,49,12,0.0,2,,12.09511834225727,6.711184840671887,-0.30456224972297585,12.944990359208496,6.708461795558684,0.4623747782073184,1.2256689791333708,1.2256689791333708,1.1700957062682946,1.1700957062682946,True
25g,compound,769539383,0,M1_conditional_EA,248,62,49,12,0.0,6,,11.790840185184468,5.625712525454591,-0.23974986306234336,13.510364242045862,6.724227542520915,0.41438756807656996,1.2135368161477196,1.2135368161477196,1.168371731716121,1.168371731716121,True
25g,compound,769539383,0,M2_EA_source_magnitude,248,62,49,12,0.1,8,,15.203458418681919,5.732724564927033,-1.061243715258065,17.57903788097941,7.167074332584349,0.008560138392352368,1.5681930873725742,1.5681930873725742,1.5114587432794186,1.5114587432794186,True
25g,compound,769539383,0,M3_center_width,248,62,49,12,1.0,8,0.0,11.02878829024028,4.90935591265335,-0.08467633059009683,14.10939509525398,6.713024887929521,0.3613058154768076,1.1681783340418077,1.1681783340418077,1.138646718108747,1.138646718108747,True
25g,compound,769539383,1,M0_scale_only,248,62,49,12,0.0,2,,7.14715001160525,4.667346595910115,0.5367026833929208,7.323259878530878,5.418674688335655,0.8402427945186156,0.717712117748676,0.717712117748676,0.6812817344417907,0.6812817344417907,True
25g,compound,769539383,1,M1_conditional_EA,248,62,49,12,0.0,6,,6.772513335278362,5.00314975130306,0.5839996200617938,8.654215802396074,6.610785465326532,0.7768961811440556,0.7171160631195308,0.7171160631195308,0.6989037738881452,0.6989037738881452,True
25g,compound,769539383,1,M2_EA_source_magnitude,248,62,49,12,0.1,8,,6.896680675105639,4.817087086472808,0.5686058755607365,9.232055809357226,6.9781953738337394,0.7461083574121115,0.7402149129473208,0.7402149129473208,0.7247543160746548,0.7247543160746548,True
25g,compound,769539383,1,M3_center_width,248,62,49,12,1.0,8,0.0,6.093717517977932,4.377091006337879,0.6632104359493743,8.897300986226197,6.7982792955004125,0.7641867911655491,0.6724422211764213,0.6724422211764213,0.6633913695434424,0.6633913695434424,True
25g,compound,769539383,2,M0_scale_only,248,62,49,12,0.0,2,,7.878428791014586,5.540085406772694,0.389280205018003,11.238219290159641,8.8115462287925,0.5132416345649091,0.8626566643208077,0.8626566643208077,0.8494449228138776,0.8494449228138776,True
25g,compound,769539383,2,M1_conditional_EA,248,62,49,12,0.0,6,,7.043353034622471,5.1675627174743815,0.5118855292534599,10.302869360011664,8.260579942008695,0.5908949827279231,0.7777219034123224,0.7777219034123224,0.7673650109820376,0.7673650109820376,True
25g,compound,769539383,2,M2_EA_source_magnitude,248,62,49,12,0.0,8,,7.1300986055073965,5.263858452779667,0.4997883057506075,10.805725146457169,8.74781787565992,0.5499857636842886,0.7970489814106504,0.7970489814106504,0.7885088675753446,0.7885088675753446,True
25g,compound,769539383,2,M3_center_width,248,62,49,12,1.0,8,0.0,6.643133479177321,4.849462366978872,0.5657810965783691,10.161041811524044,8.131042586254791,0.6020807983828915,0.7450675741067802,0.7450675741067802,0.7375582521963107,0.7375582521963107,True
25g,compound,769539383,3,M0_scale_only,248,62,49,12,0.0,2,,8.075916231924468,5.875572598756811,0.19843684928022143,9.343143813135002,6.1830694909519694,0.6207193830658687,0.8331235091827,0.8331235091827,0.8030371239593812,0.8030371239593812,True
25g,compound,769539383,3,M1_conditional_EA,248,62,49,12,0.0,6,,6.29994541790912,4.46917757559393,0.5122158254135443,8.097282466558571,5.5720754903023195,0.7151257726140194,0.6681756772639824,0.6681756772639824,0.6515958636814569,0.6515958636814569,True
25g,compound,769539383,3,M2_EA_source_magnitude,248,62,49,12,0.0,8,,6.617260922425504,4.699861361735125,0.4618409456456184,8.472692517656542,6.015272657890474,0.688098493284153,0.7010709920751932,0.7010709920751932,0.6834066999708732,0.6834066999708732,True
25g,compound,769539383,3,M3_center_width,248,62,49,12,1.0,8,0.0,6.431664062766365,4.223319670444228,0.4916055072760207,8.043412845899727,5.662429152222299,0.7189035880609391,0.6769648119471763,0.6769648119471763,0.6582785932983835,0.6582785932983835,True
25g,compound,769539383,4,M0_scale_only,248,62,48,13,0.0,2,,6.744759528393688,4.353579451067245,0.5049241324640807,9.6407013451369,7.026691308215943,0.6839524649271735,0.739018932624691,0.739018932624691,0.727823630873762,0.727823630873762,True
25g,compound,769539383,4,M1_conditional_EA,248,62,48,13,0.1,6,,6.231783057125386,4.4100220689396705,0.5773669375675458,10.900688930229585,7.9332999884366,0.5959426213775412,0.7366232284432052,0.7366232284432052,0.7344601786510638,0.7344601786510638,True
25g,compound,769539383,4,M2_EA_source_magnitude,248,62,48,13,0.0,8,,6.025106236734129,4.361441094611142,0.6049352925010639,9.838007752935514,7.521004943359445,0.6708836408899752,0.6925160382241919,0.6925160382241919,0.6882948565507627,0.6882948565507627,True
25g,compound,769539383,4,M3_center_width,248,62,48,13,1.0,8,0.0,5.126092955416169,3.905615733752545,0.7140357314280341,9.456601481540156,7.1118714003886145,0.6959077696606915,0.620169546466193,0.620169546466193,0.619386175589153,0.619386175589153,True
25g,compound,1425370602,0,M0_scale_only,253,65,49,12,0.0,2,,7.919033371250753,5.099928071140903,0.31097790158272354,9.902829029358037,6.488779112389819,0.7319885769985761,0.8335021995183779,0.8335021995183779,0.8104891227264628,0.8104891227264628,True
25g,compound,1425370602,0,M1_conditional_EA,253,65,49,12,0.0,6,,6.5997980588113165,3.995429180294776,0.5214248997414701,10.078872176338919,5.96372431483928,0.7223749708387122,0.7397883388380047,0.7397883388380047,0.7322528430945623,0.7322528430945623,True
25g,compound,1425370602,0,M2_EA_source_magnitude,253,65,49,12,0.0,8,,6.70696642130568,4.341466794059414,0.5057563835843466,10.866610962024653,6.586339109564078,0.6772821551779591,0.7685639432781359,0.7685639432781359,0.7635528436564092,0.7635528436564092,True
25g,compound,1425370602,0,M3_center_width,253,65,49,12,1.0,8,0.0,6.390031519803436,3.5935365333331335,0.5513632917542717,10.063606540042842,5.94940992308887,0.7232153254102008,0.7243956009678394,0.7243956009678394,0.7184674267603767,0.7184674267603767,True
25g,compound,1425370602,1,M0_scale_only,254,64,48,13,0.0,2,,11.998814606864226,6.2161314281505575,-0.47923552360065846,15.30329969900486,8.730885801501868,0.15958770506447417,1.2698256092178255,1.2698256092178255,1.2373312341716145,1.2373312341716145,True
25g,compound,1425370602,1,M1_conditional_EA,254,64,48,13,0.0,6,,10.406823786781267,4.813043594426234,-0.11274856641025743,14.86083703651037,8.088020630387959,0.20748265894917184,1.1399086987793128,1.1399086987793128,1.1225510626966018,1.1225510626966018,True
25g,compound,1425370602,1,M2_EA_source_magnitude,254,64,48,13,0.0,8,,10.965215207366672,4.831474444554402,-0.23536405595010135,18.18680233767829,8.515976336203746,-0.1869568297518982,1.268122755633188,1.268122755633188,1.261425296471149,1.261425296471149,True
25g,compound,1425370602,1,M3_center_width,254,64,48,13,1.0,8,0.0,10.627515149781022,4.538560576187269,-0.16044378528140224,14.777048086827794,7.882075893982104,0.21639426925608785,1.1541101490558647,1.1541101490558647,1.1339489842590273,1.1339489842590273,True
25g,compound,1425370602,2,M0_scale_only,255,63,49,12,0.0,2,,7.868351900463748,5.12275555112434,0.4189141976545081,9.000864040657,6.161897745202427,0.7637939984368242,0.8095041962684706,0.8095041962684706,0.7792208899492785,0.7792208899492785,True
25g,compound,1425370602,2,M1_conditional_EA,255,63,49,12,0.0,6,,7.624708436078378,5.5330169161853435,0.45434367070897885,9.255087288669685,6.9181183434140605,0.750262613247314,0.7961642075576316,0.7961642075576316,0.7716672783258649,0.7716672783258649,True
25g,compound,1425370602,2,M2_EA_source_magnitude,255,63,49,12,0.0,8,,7.879421514725759,5.611494981306836,0.4172780429720485,9.494774659119049,6.994562542207694,0.7371597638283206,0.8212025331661988,0.8212025331661988,0.7952845587046418,0.7952845587046418,True
25g,compound,1425370602,2,M3_center_width,255,63,49,12,1.0,8,0.0,6.775478752475957,4.850974786836567,0.5691236172600502,9.532536373672578,7.204525694728269,0.735064920021279,0.7385672311203789,0.7385672311203789,0.7264088356684268,0.7264088356684268,True
25g,compound,1425370602,3,M0_scale_only,255,63,49,12,0.0,2,,6.492822169875099,4.558730361246037,0.6289815132248651,8.990634193365036,6.845941372537538,0.7263972201894867,0.7041741030062818,0.7041741030062818,0.6916191466439641,0.6916191466439641,True
25g,compound,1425370602,3,M1_conditional_EA,255,63,49,12,0.0,6,,6.555839919417909,4.938124344371729,0.6217445326356603,8.603399466778503,6.4084735044527505,0.7494582961293206,0.6995017952602389,0.6995017952602389,0.6835744127842289,0.6835744127842289,True
25g,compound,1425370602,3,M2_EA_source_magnitude,255,63,49,12,0.1,8,,6.419853894589168,4.902111701968786,0.6372738870213468,8.909305012271071,6.661772065687873,0.731324846955428,0.6967475963222746,0.6967475963222746,0.6844595380853279,0.6844595380853279,True
25g,compound,1425370602,3,M3_center_width,255,63,49,12,1.0,8,0.0,5.982069185255826,4.471898170176939,0.6850574088104655,8.598668545664372,6.400073361600403,0.7497337609967015,0.6566683359938352,0.6566683359938352,0.647018927238258,0.647018927238258,True
25g,compound,1425370602,4,M0_scale_only,255,63,49,12,0.0,2,,7.672807549704572,5.081413012077674,0.37414154469345196,10.061784763841569,6.986968685102117,0.6003290523321514,0.8185041728619676,0.8185041728619676,0.7998087073982365,0.7998087073982365,True
25g,compound,1425370602,4,M1_conditional_EA,255,63,49,12,0.0,6,,7.1264250681288015,5.313741172333699,0.4601029439403366,9.978799892047695,7.39999269989767,0.6068944622843868,0.7756386011029209,0.7756386011029209,0.7625573324277338,0.7625573324277338,True
25g,compound,1425370602,4,M2_EA_source_magnitude,255,63,49,12,0.0,8,,7.1752664381638445,5.097239899993303,0.45267715234026906,10.243699020335214,7.830896610537547,0.5857465313038224,0.7858776820443035,0.7858776820443035,0.773895239780122,0.773895239780122,True
25g,compound,1425370602,4,M3_center_width,255,63,49,12,1.0,8,0.0,6.876437966212822,4.743515658113254,0.4973165671442249,9.962715809039334,7.437754266660262,0.6081606759753898,0.7568388840306738,0.7568388840306738,0.7461942847481289,0.7461942847481289,True
25g,compound,536279090,0,M0_scale_only,245,61,50,11,0.0,2,,6.556587693803727,4.68297306560079,0.6532391255216103,9.184649315508608,6.184606310127131,0.7524228328587507,0.7137113676056093,0.7137113676056093,0.7016994758403712,0.7016994758403712,True
25g,compound,536279090,0,M1_conditional_EA,245,61,50,11,0.0,6,,5.4483707975189875,3.8580582709214903,0.7605539627269651,8.230535467374036,5.749645975333319,0.8011884492100909,0.6083597171783925,0.6083597171783925,0.6017039416157581,0.6017039416157581,True
25g,compound,536279090,0,M2_EA_source_magnitude,245,61,50,11,0.0,8,,5.7313036163904085,4.289351992533029,0.7350394767522422,8.499232624453553,5.919097357434129,0.787995605312471,0.6358224704750399,0.6358224704750399,0.6280141335816602,0.6280141335816602,True
25g,compound,536279090,0,M3_center_width,245,61,50,11,1.0,8,0.0,4.7151096750416555,3.4101955385470415,0.8206679392550169,8.334425119485962,5.903028678802265,0.796137789248825,0.5598359634217254,0.5598359634217254,0.5584063083588009,0.5584063083588009,True
25g,compound,536279090,1,M0_scale_only,244,62,49,12,0.0,2,,12.733225787882095,7.267066334433044,-0.44470034759139465,14.678487887552468,8.704162349313966,0.2850288282582649,1.3124352785915305,1.3124352785915305,1.2645004987196602,1.2645004987196602,True
25g,compound,536279090,1,M1_conditional_EA,244,62,49,12,0.0,6,,11.706080492859893,6.015822685070211,-0.22102318122483733,14.62559625792245,8.22887878628457,0.29017211804464915,1.2318022855107236,1.2318022855107236,1.1976784873817639,1.1976784873817639,True
25g,compound,536279090,1,M2_EA_source_magnitude,244,62,49,12,0.1,8,,12.524998717058764,6.010543384877404,-0.39783618015763955,16.800384970703664,8.379705246219027,0.06337798764014368,1.3451216889205921,1.3451216889205921,1.3172812614170157,1.3172812614170157,True
25g,compound,536279090,1,M3_center_width,244,62,49,12,1.0,8,0.0,11.454033557078219,5.608401513475107,-0.1690088507490175,14.883898054980884,8.168254512012373,0.26487825932846754,1.2186362561483126,1.2186362561483126,1.1897184855846719,1.1897184855846719,True
25g,compound,536279090,2,M0_scale_only,244,62,48,13,0.0,2,,8.406773052200492,5.6918555043163055,0.41650449090542496,11.254776157148271,7.3857507608403905,0.6611205492256793,0.9023226382708484,0.9023226382708484,0.8834856952524468,0.8834856952524468,True
25g,compound,536279090,2,M1_conditional_EA,244,62,48,13,0.0,6,,7.767712083330372,5.378023038222486,0.501844292647992,9.572947872943821,6.555118567909795,0.7548324997455419,0.8143594035640112,0.8143594035640112,0.7906273769879087,0.7906273769879087,True
25g,compound,536279090,2,M2_EA_source_magnitude,244,62,48,13,0.0,8,,8.277491025043462,5.777449566247964,0.43431285717879164,10.41229796886258,7.208704448125098,0.7099554653071476,0.8726409592135977,0.8726409592135977,0.8490800172609227,0.8490800172609227,True
25g,compound,536279090,2,M3_center_width,244,62,48,13,1.0,8,0.0,7.252914473601223,4.599009958746694,0.5656858454224214,9.291025999667012,6.561130620293122,0.7690601594601006,0.7685198116723805,0.7685198116723805,0.749193009897096,0.749193009897096,True
25g,compound,536279090,3,M0_scale_only,245,61,48,13,0.0,2,,9.055052309191739,6.209970282474242,0.25436459511878073,12.581512684784741,9.031112527689704,0.6148786981929455,0.9831209166263205,0.9831209166263205,0.9658851479927559,0.9658851479927559,True
25g,compound,536279090,3,M1_conditional_EA,245,61,48,13,0.0,6,,8.252953292611526,5.731527946974263,0.3806111702842365,12.744872272867982,9.145407563520559,0.6048128667231727,0.9288345825950737,0.9288345825950737,0.9200690300863147,0.9200690300863147,True
25g,compound,536279090,3,M2_EA_source_magnitude,245,61,48,13,0.0,8,,8.043865691372307,5.632135828168848,0.411597898021395,13.210776374116444,9.449458157725259,0.5753916762646633,0.9266542536054461,0.9266542536054461,0.9212916894091288,0.9212916894091288,True
25g,compound,536279090,3,M3_center_width,245,61,48,13,1.0,8,0.0,7.980982598190797,5.295855976224245,0.42076163081993545,12.785454427954994,9.242436758859391,0.602292154310984,0.910594870814503,0.910594870814503,0.904073416494948,0.904073416494948,True
25g,compound,536279090,4,M0_scale_only,246,60,49,12,0.0,2,,5.842265293996374,4.106617140777286,0.5422644756034818,6.497211794624889,5.229441770334091,0.7747961384383305,0.5971011271652489,0.5971011271652489,0.5727897465536658,0.5727897465536658,True
25g,compound,536279090,4,M1_conditional_EA,246,60,49,12,0.0,6,,5.583064829735222,4.517489464334887,0.5819796618099793,7.459049399323564,6.007284651885963,0.703183013311103,0.598874324992686,0.598874324992686,0.5862566840713849,0.5862566840713849,True
25g,compound,536279090,4,M2_EA_source_magnitude,246,60,49,12,0.0,8,,5.683133759813099,4.510811903461254,0.5668604646905331,7.67629881922579,6.145987922029247,0.6856412669292733,0.6116293853721645,0.6116293853721645,0.5993632449271756,0.5993632449271756,True
25g,compound,536279090,4,M3_center_width,246,60,49,12,1.0,8,0.0,4.941672481641197,3.9677026139498652,0.6725085340149386,7.638399188283955,6.164810172465125,0.6887377249976898,0.5563518838706256,0.5563518838706256,0.5511354467354211,0.5511354467354211,True
25g,compound,2767143051,0,M0_scale_only,267,67,50,11,0.0,2,,7.464621789038428,5.153212997378845,0.47976995961253777,8.23431122953195,6.7655693111778765,0.7475003001271143,0.7615032215095686,0.7615032215095686,0.7297616161677853,0.7297616161677853,True
25g,compound,2767143051,0,M1_conditional_EA,267,67,50,11,0.0,6,,6.857430424096254,4.700587053731464,0.5609614754500294,8.399769055958176,6.553551645783646,0.737251042290304,0.7177612965237248,0.7177612965237248,0.6963785280853387,0.6963785280853387,True
25g,compound,2767143051,0,M2_EA_source_magnitude,267,67,50,11,0.0,8,,6.953529429224505,4.875026638926077,0.5485700130105895,8.681183863264714,6.721713049645109,0.7193505344858211,0.7315521261781044,0.7315521261781044,0.7112288048298456,0.7112288048298456,True
25g,compound,2767143051,0,M3_center_width,267,67,50,11,1.0,8,0.0,6.420629641558774,4.3575827828193345,0.6151113988998783,8.499840160051747,6.64130142272257,0.7309532016933555,0.6868383441425155,0.6868383441425155,0.6717738823576525,0.6717738823576525,True
25g,compound,2767143051,1,M0_scale_only,267,67,49,12,0.0,2,,8.783788577706371,5.915601968341655,0.28418352486368226,10.947879139356838,7.714091925525274,0.5518518853108816,0.9236861597798115,0.9236861597798115,0.8978641457231472,0.8978641457231472,True
25g,compound,2767143051,1,M1_conditional_EA,267,67,49,12,0.0,6,,7.993185736244936,5.5605386665686085,0.40724155320370226,10.486563946685287,7.572149493048906,0.5888237663358302,0.8527914091515959,0.8527914091515959,0.8333493278253303,0.8333493278253303,True
25g,compound,2767143051,1,M2_EA_source_magnitude,267,67,49,12,0.0,8,,8.052325277922026,5.560642812487818,0.3984377677689108,10.792344054820934,7.918484650709011,0.5644949963771659,0.8645706970844269,0.8645706970844269,0.8466121514771563,0.8466121514771563,True
25g,compound,2767143051,1,M3_center_width,267,67,49,12,1.0,8,0.0,7.730265014448121,5.134191457723976,0.4455955495499201,10.411749925745456,7.585092268403616,0.5946697262028278,0.8312264567409806,0.8312264567409806,0.8143390073219763,0.8143390073219763,True
25g,compound,2767143051,2,M0_scale_only,268,66,49,12,0.0,2,,11.670710418281,6.077568634023119,-0.3468302926319704,13.072923921573048,6.54598165604594,0.36329106218235996,1.1947713026402287,1.1947713026402287,1.1471440015334153,1.1471440015334153,True
25g,compound,2767143051,2,M1_conditional_EA,268,66,49,12,0.0,6,,10.255777651797532,5.2268998211788045,-0.04005302820295786,12.830885757624905,6.389878985582797,0.38664945561464614,1.0795880367294035,1.0795880367294035,1.0498324224063893,1.0498324224063893,True
25g,compound,2767143051,2,M2_EA_source_magnitude,268,66,49,12,0.1,8,,11.62624977386443,5.304720914460786,-0.3365880914960433,18.427667158829074,7.729012404175208,-0.26513303917517095,1.3211575756301919,1.3211575756301919,1.310862132987452,1.310862132987452,True
25g,compound,2767143051,2,M3_center_width,268,66,49,12,1.0,8,0.0,10.745788535737022,4.917657721660522,-0.14181270042904814,13.182535514537758,6.524106785875466,0.35256916618282763,1.1252022107743413,1.1252022107743413,1.0918625859767486,1.0918625859767486,True
25g,compound,2767143051,3,M0_scale_only,267,67,48,13,0.0,2,,6.136658095791498,4.1674951164574265,0.523077634126343,9.332693518273391,6.803203205983142,0.6836992594512583,0.6868500077757927,0.6868500077757927,0.6796574077670174,0.6796574077670174,True
25g,compound,2767143051,3,M1_conditional_EA,267,67,48,13,0.0,6,,5.585247981179749,3.8863093462551634,0.6049348182076377,8.211423555298323,6.0973076391367345,0.7551370321738833,0.6177828145526751,0.6177828145526751,0.6097950130209221,0.6097950130209221,True
25g,compound,2767143051,3,M2_EA_source_magnitude,267,67,48,13,0.0,8,,5.859136635386738,3.8547274022673617,0.5652384914129378,9.104699991435027,6.795612409028299,0.6989646613407778,0.660924894329222,0.660924894329222,0.654956525905388,0.654956525905388,True
25g,compound,2767143051,3,M3_center_width,267,67,48,13,1.0,8,0.0,4.755624626047312,3.3264096947352177,0.7135828823959789,8.159711857570427,6.033338360986288,0.7582113856376141,0.5576121523910587,0.5576121523910587,0.5555433594148995,0.5555433594148995,True
25g,compound,2767143051,4,M0_scale_only,267,67,48,13,0.0,2,,8.756660910807415,5.862992107863767,0.1512307746664847,11.715195556360058,7.902494510655576,0.6591047818613438,0.9396840521536561,0.9396840521536561,0.9200072941170125,0.9200072941170125,True
25g,compound,2767143051,4,M1_conditional_EA,267,67,48,13,0.0,6,,7.462611193170002,5.231472283836259,0.3835552053144009,11.84475601524029,8.012247291224584,0.6515230452106824,0.8484642258607873,0.8484642258607873,0.8419234833469929,0.8419234833469929,True
25g,compound,2767143051,4,M2_EA_source_magnitude,267,67,48,13,0.0,8,,7.59371246746818,5.490420879939763,0.36170586070604005,12.152447712096274,8.142766441836159,0.6331830913098511,0.8660668111166718,0.8660668111166718,0.8598120572198724,0.8598120572198724,True
25g,compound,2767143051,4,M3_center_width,267,67,48,13,1.0,8,0.0,7.1739504725048,4.865519493154036,0.4303221844153138,11.93287558116998,8.08772737149744,0.6463187398890641,0.8306150057164287,0.8306150057164287,0.8263472863639867,0.8263472863639867,True
25g,compound,1362771960,0,M0_scale_only,248,63,49,12,0.0,2,,6.4146800925654,4.486244783842204,0.5338287822390243,7.4492534467380045,5.435933014998366,0.7394288625875701,0.6623566475874124,0.6623566475874124,0.6387217666701425,0.6387217666701425,True
25g,compound,1362771960,0,M1_conditional_EA,248,63,49,12,0.0,6,,5.862688374790513,4.4792018218065905,0.6106061648182198,8.014780071374727,6.076276066534367,0.6983634069405147,0.633292933357181,0.633292933357181,0.6212839969193991,0.6212839969193991,True
25g,compound,1362771960,0,M2_EA_source_magnitude,248,63,49,12,0.0,8,,5.937658600346082,4.404201850555164,0.6005835960264121,8.375485536290741,6.328331550564967,0.6706021247163163,0.647782005820579,0.647782005820579,0.6372595978693076,0.6372595978693076,True
25g,compound,1362771960,0,M3_center_width,248,63,49,12,1.0,8,0.0,5.544480501264332,4.003730240481136,0.6517291130779976,8.050209984618922,6.173495637712038,0.6956906999010355,0.6106799874550067,0.6106799874550067,0.6021941839068288,0.6021941839068288,True
25g,compound,1362771960,1,M0_scale_only,249,62,49,12,0.0,2,,14.414873598313239,8.313583389790407,-1.0226460849179624,16.30883212733643,9.77118459761552,0.3397995769000759,1.4791440461509155,1.4791440461509155,1.421914447380216,1.421914447380216,True
25g,compound,1362771960,1,M1_conditional_EA,249,62,49,12,0.0,6,,13.839007953669377,7.037731235962443,-0.8642671160103077,15.6535759251909,9.463427036742164,0.39178489497072577,1.419973606132845,1.419973606132845,1.3649938623914597,1.3649938623914597,True
25g,compound,1362771960,1,M2_EA_source_magnitude,249,62,49,12,0.1,8,,16.883606011882787,7.43530827442467,-1.774780535962762,20.288353958172774,10.441260891272453,-0.02170072081826735,1.7583657048173174,1.7583657048173174,1.7023348999185581,1.7023348999185581,True
25g,compound,1362771960,1,M3_center_width,249,62,49,12,1.0,8,0.0,12.791097855990824,6.297561109574105,-0.5926262298990683,16.27601390470437,9.641651416338794,0.34245394288664466,1.3527926224976023,1.3527926224976023,1.3178578446342286,1.3178578446342286,True
25g,compound,1362771960,2,M0_scale_only,249,62,49,12,0.0,2,,7.369649101003494,4.8670126953498105,0.4891883328131682,7.281745771141787,5.547169584994418,0.8124838634176045,0.7348119180588918,0.7348119180588918,0.6941091660605567,0.6941091660605567,True
25g,compound,1362771960,2,M1_conditional_EA,249,62,49,12,0.0,6,,6.988289454965942,5.160691983093569,0.5406867658558331,7.814305634033472,6.183542124419921,0.7840523865096081,0.7151275759535346,0.7151275759535346,0.6864734644761317,0.6864734644761317,True
25g,compound,1362771960,2,M2_EA_source_magnitude,249,62,49,12,0.0,8,,7.240448438088175,5.282486486648882,0.5069418762027789,7.6981388593245805,6.093099173057702,0.7904251792484833,0.732676259595833,0.732676259595833,0.6988611570901406,0.6988611570901406,True
25g,compound,1362771960,2,M3_center_width,249,62,49,12,1.0,8,0.0,6.342485498563492,4.517550280260157,0.6216566069047232,8.1145105907152,6.424706136236356,0.7671413984694355,0.6718110002490457,0.6718110002490457,0.6548310408647924,0.6548310408647924,True
25g,compound,1362771960,3,M0_scale_only,249,62,49,12,0.0,2,,7.6263131104218065,5.583692945148395,0.2904426148550824,11.26546720698063,7.644650041298211,0.4691746864600518,0.8449164825985085,0.8449164825985085,0.8342944877832782,0.8342944877832782,True
25g,compound,1362771960,3,M1_conditional_EA,249,62,49,12,0.0,6,,6.833287760926081,4.972460628451695,0.43033743555013704,9.88066296149729,6.9420980208904535,0.5916567507010773,0.7515924814502344,0.7515924814502344,0.7409042606257654,0.7409042606257654,True
25g,compound,1362771960,3,M2_EA_source_magnitude,249,62,49,12,0.0,8,,7.226349096646274,5.274092147645503,0.36291682363464695,11.175926689732833,7.703863518256575,0.4775793946038064,0.8137307180237582,0.8137307180237582,0.8061301377896197,0.8061301377896197,True
25g,compound,1362771960,3,M3_center_width,249,62,49,12,1.0,8,0.0,6.639865966112474,4.698753867032061,0.46213053983983154,9.32491952227833,6.689819749086858,0.6362999219431344,0.7233648872283389,0.7233648872283389,0.7113464415862926,0.7113464415862926,True
25g,compound,1362771960,4,M0_scale_only,249,62,48,13,0.0,2,,5.112002283166909,3.7780297210535676,0.7338766303909516,8.4558304132652,6.34430172453716,0.6954883338722789,0.590566506825572,0.590566506825572,0.5873667990614988,0.5873667990614988,True
25g,compound,1362771960,4,M1_conditional_EA,249,62,48,13,0.0,6,,6.448566663158655,4.513071932615241,0.5765254422783624,8.877374911060851,6.2964636680797375,0.6643701879184836,0.6980930996883746,0.6980930996883746,0.6852884261306535,0.6852884261306535,True
25g,compound,1362771960,4,M2_EA_source_magnitude,249,62,48,13,0.0,8,,5.948568354669677,4.140275176300709,0.6396489031303172,9.666066450051455,6.925281147233835,0.6020844055635033,0.6824299953699918,0.6824299953699918,0.6780905874691552,0.6780905874691552,True
25g,compound,1362771960,4,M3_center_width,249,62,48,13,1.0,8,0.0,5.4940996727877565,3.808580658919218,0.6926069786625482,8.926600324952778,6.3807425289775646,0.6606377055509522,0.6302656641703319,0.6302656641703319,0.6262541525008751,0.6262541525008751,True
40g,row,769539383,0,M0_scale_only,291,73,65,15,0.0,2,,19.35211142185482,13.667019295288688,0.4550000934440478,21.605113736688956,12.787770918673724,0.6857521106442019,1.9796184992282857,1.9796184992282857,1.8999256440381949,1.8999256440381949,True
40g,row,769539383,0,M1_conditional_EA,291,73,65,15,0.0,6,,16.934834248789947,11.40031543458192,0.5826488479027272,19.902094497000423,11.217948786375352,0.7333406454688531,1.7537870657998027,1.7537870657998027,1.693572400167474,1.693572400167474,True
40g,row,769539383,0,M2_EA_source_magnitude,291,73,65,15,0.1,8,,16.658256553724947,10.721815354764452,0.5961697862637683,20.936667440651856,12.568166724039473,0.7048964968164113,1.7557578312076023,1.7557578312076023,1.7081988358348217,1.7081988358348217,True
40g,row,769539383,0,M3_center_width,291,73,65,15,1.0,8,0.0,14.71878939845879,9.260649085005344,0.6847290911603818,20.037769734893445,11.60337705327296,0.7296925480135726,1.5878825681245443,1.5878825681245443,1.5571740061258788,1.5571740061258788,True
40g,row,769539383,1,M0_scale_only,291,73,63,17,0.0,2,,18.681350086112655,13.290450549612801,0.5001003593729731,23.374554455077323,17.784213333278473,0.5242239976911999,1.966575305860301,1.966575305860301,1.9123946723644765,1.9123946723644765,True
40g,row,769539383,1,M1_conditional_EA,291,73,63,17,0.0,6,,17.133552321928835,11.315994321560021,0.5795047090699232,23.99195847887444,19.228578467963317,0.4987582331570867,1.8648283008951259,1.8648283008951259,1.8333819590626166,1.8333819590626166,True
40g,row,769539383,1,M2_EA_source_magnitude,291,73,63,17,0.1,8,,17.276906954130567,11.883262174867339,0.5724387924833985,22.523382459757194,17.718276805232787,0.5582433735020678,1.8398791687799947,1.8398791687799947,1.7968038670860202,1.7968038670860202,True
40g,row,769539383,1,M3_center_width,291,73,63,17,1.0,8,0.0,18.25928155055817,13.229736799184083,0.5224336954221125,22.52176781889648,17.889624825933385,0.5583067079265847,1.914717215539339,1.914717215539339,1.8590897604357934,1.8590897604357934,True
40g,row,769539383,2,M0_scale_only,291,73,64,16,0.0,2,,17.441720647285365,12.361719668896892,0.7023925735094605,18.43145606599302,13.046769942274215,0.7983331150503057,1.7626770400961476,1.7626770400961476,1.6799978991187163,1.6799978991187163,True
40g,row,769539383,2,M1_conditional_EA,291,73,64,16,0.0,6,,13.633173360161825,8.096269239013733,0.8181727266779522,17.392856585860805,13.136993937038136,0.8204203457106404,1.4429073589484307,1.4429073589484307,1.4060265787019703,1.4060265787019703,True
40g,row,769539383,2,M2_EA_source_magnitude,291,73,64,16,0.0,8,,13.643279798395936,7.8284649028785145,0.8179030451906123,17.279453844205364,12.484332291584886,0.8227544574122956,1.4410395369449545,1.4410395369449545,1.4031409076680545,1.4031409076680545,True
40g,row,769539383,2,M3_center_width,291,73,64,16,1.0,8,0.0,12.30906304843169,7.58722937616458,0.8517771689595905,16.99336003186007,12.870121591869747,0.8285751347673338,1.3337106075262515,1.3337106075262515,1.3095809378241974,1.3095809378241974,True
40g,row,769539383,3,M0_scale_only,291,73,64,16,0.0,2,,16.351396223039046,11.942060608483837,0.5625625163802332,21.224041869057224,14.805042814927372,0.6819627711297465,1.7391243617204284,1.7391243617204284,1.6976648722505108,1.6976648722505108,True
40g,row,769539383,3,M1_conditional_EA,291,73,64,16,0.0,6,,12.621704896630424,9.041064978642982,0.7393592278361514,19.686940808950393,14.059188812243866,0.7263608426737209,1.4257247133357465,1.4257247133357465,1.4131932827096019,1.4131932827096019,True
40g,row,769539383,3,M2_EA_source_magnitude,291,73,64,16,0.0,8,,12.282993430150666,8.849158499645839,0.7531604483315293,18.514992390942098,13.17253559196605,0.7579701960160675,1.3704553151340007,1.3704553151340007,1.3552514143354868,1.3552514143354868,True
40g,row,769539383,3,M3_center_width,291,73,64,16,1.0,8,0.0,11.285704807615309,8.240553287474862,0.7916163297757599,19.233137393639183,13.716602866339604,0.7388307503341878,1.3195865102907023,1.3195865102907023,1.3143041688789252,1.3143041688789252,True
40g,row,769539383,4,M0_scale_only,292,72,64,16,0.0,2,,17.134063505392398,13.165998955868835,0.595062521457248,18.219067665995844,13.512286159215302,0.7766126882805008,1.7338708491678942,1.7338708491678942,1.6538701113788075,1.6538701113788075,True
40g,row,769539383,4,M1_conditional_EA,292,72,64,16,0.0,6,,11.95352430725341,8.940338062824644,0.8029124604234461,16.938025422940516,12.504166669257895,0.8069224564168691,1.306018588484884,1.306018588484884,1.2852994197609189,1.2852994197609189,True
40g,row,769539383,4,M2_EA_source_magnitude,292,72,64,16,0.0,8,,12.03225115147756,8.838819794557425,0.8003078436286373,16.66521361675497,12.12228085553197,0.8130919640570097,1.3050502509986852,1.3050502509986852,1.2818101981076264,1.2818101981076264,True
40g,row,769539383,4,M3_center_width,292,72,64,16,1.0,8,0.0,13.051781869299674,9.116028159185495,0.7650330152916134,16.17398738727616,12.063065170486036,0.8239482265208298,1.3703628315117988,1.3703628315117988,1.331226269045326,1.331226269045326,True
40g,row,1425370602,0,M0_scale_only,283,71,64,16,0.0,2,,16.503439526307847,11.598665115696678,0.6051908483085447,17.698586978323647,12.175665988171154,0.7860992731491232,1.6731162671569395,1.6731162671569395,1.5976665532384753,1.5976665532384753,True
40g,row,1425370602,0,M1_conditional_EA,283,71,64,16,0.0,6,,14.049574119827485,9.69145385176617,0.7138692070323587,17.688663068474288,12.40663654641054,0.7863390817175786,1.4815143477486576,1.4815143477486576,1.441649049776336,1.441649049776336,True
40g,row,1425370602,0,M2_EA_source_magnitude,283,71,64,16,0.1,8,,14.194738511435169,9.636955098143746,0.7079258832973612,17.97261492557214,13.116890822986774,0.77942432845848,1.499163811711066,1.499163811711066,1.4596916526737802,1.4596916526737802,True
40g,row,1425370602,0,M3_center_width,283,71,64,16,1.0,8,0.0,12.650979042903044,8.592905294201694,0.7680007657600206,17.290176483933834,12.352120040531855,0.7958572674191692,1.366453773238621,1.366453773238621,1.3405084250452657,1.3405084250452657,True
40g,row,1425370602,1,M0_scale_only,283,71,64,16,0.0,2,,15.546372842598542,11.884954771447621,0.4872170962042438,15.70646900662492,12.0276384479409,0.7560524419941733,1.556779769184781,1.556779769184781,1.4749789282788743,1.4749789282788743,True
40g,row,1425370602,1,M1_conditional_EA,283,71,64,16,0.0,6,,13.071820278099683,9.678267846410414,0.6374670243300187,16.105829783101548,12.052642893620659,0.7434892553294931,1.3703479545218709,1.3703479545218709,1.3303780080781915,1.3303780080781915,True
40g,row,1425370602,1,M2_EA_source_magnitude,283,71,64,16,1.0,8,,13.256111939151399,9.757985874174492,0.6271727007573864,15.730869689276226,11.652678303170285,0.7552938869468719,1.3761658947352269,1.3761658947352269,1.3304104091130717,1.3304104091130717,True
40g,row,1425370602,1,M3_center_width,283,71,64,16,1.0,8,0.0,12.335840445037118,9.279462583069582,0.6771410230551778,15.733357835465103,11.766960088387277,0.7552164706632759,1.3054978165564617,1.3054978165564617,1.272092405586926,1.272092405586926,True
40g,row,1425370602,2,M0_scale_only,283,71,64,16,0.0,2,,18.253622751203025,12.9897888077502,0.5870547455580093,19.734269534626172,13.8338289555527,0.7054331043603064,1.8538087017715261,1.8538087017715261,1.7720359237303271,1.7720359237303271,True
40g,row,1425370602,2,M1_conditional_EA,283,71,64,16,0.0,6,,15.750201783690091,11.283962330661398,0.692555603175413,18.217022097026586,13.723698680913534,0.7489867788139504,1.6247141246569476,1.6247141246569476,1.5659942070764543,1.5659942070764543,True
40g,row,1425370602,2,M2_EA_source_magnitude,283,71,64,16,0.1,8,,15.24968755452985,10.910724258054845,0.7117852323911154,17.324548487710285,13.306346429466783,0.7729791860790175,1.566327747023497,1.566327747023497,1.5064772455308195,1.5064772455308195,True
40g,row,1425370602,2,M3_center_width,283,71,64,16,1.0,8,0.0,14.4339138790079,10.55594270083188,0.7417962427405203,17.866444692024366,13.54973779463292,0.7585550616676429,1.515015416047532,1.515015416047532,1.4715663813753608,1.4715663813753608,True
40g,row,1425370602,3,M0_scale_only,283,71,64,16,0.0,2,,18.638271527168435,12.8163892442965,0.5382356169036568,22.005768961720424,14.115607572976044,0.6429015108526224,1.9324346626370958,1.9324346626370958,1.8670901642287205,1.8670901642287205,True
40g,row,1425370602,3,M1_conditional_EA,283,71,64,16,0.0,6,,17.38734900337042,9.738955291100739,0.5981389579792061,21.201734025683944,14.033383626166735,0.6685197339280518,1.8177423840974956,1.8177423840974956,1.7627069586128803,1.7627069586128803,True
40g,row,1425370602,3,M2_EA_source_magnitude,283,71,64,16,0.1,8,,17.11372151522894,9.29115984165576,0.6106877365949764,20.701247995303067,13.103808917070028,0.6839848009060561,1.7853829370014236,1.7853829370014236,1.7297783016750823,1.7297783016750823,True
40g,row,1425370602,3,M3_center_width,283,71,64,16,1.0,8,0.0,16.220765565845483,8.721081872828247,0.6502547231325735,20.895133851855114,13.656971456363427,0.6780375453506426,1.721478574223889,1.721478574223889,1.6791463064745962,1.6791463064745962,True
40g,row,1425370602,4,M0_scale_only,284,70,64,16,0.0,2,,18.58518830068551,13.982328065062628,0.5519187063835376,21.29113491547781,15.889233683018675,0.6377640097831347,1.912729175417753,1.912729175417753,1.841495760993341,1.841495760993341,True
40g,row,1425370602,4,M1_conditional_EA,284,70,64,16,0.0,6,,12.131065422196464,8.709188129764419,0.8090934752004144,18.728609603015787,14.123335408584584,0.7197116495584512,1.3651626982294212,1.3651626982294212,1.352254663558098,1.352254663558098,True
40g,row,1425370602,4,M2_EA_source_magnitude,284,70,64,16,0.1,8,,12.28023032560281,8.572094859956646,0.80436979632525,17.948634156151826,13.136210608165078,0.74257140590396,1.3555992401002825,1.3555992401002825,1.3374616176982101,1.3374616176982101,True
40g,row,1425370602,4,M3_center_width,284,70,64,16,1.0,8,0.0,14.352350639186428,10.298666079798663,0.7327800033579626,17.768535960700657,13.468191038846408,0.7477116101666942,1.5065239711322371,1.5065239711322371,1.4633457382397217,1.4633457382397217,True
40g,row,536279090,0,M0_scale_only,278,70,63,16,0.0,2,,23.734663047832477,16.777666998288684,0.33902223435937107,23.165289039343698,16.108472804279675,0.6579255261606302,2.3610714325612023,2.3610714325612023,2.226541810465058,2.226541810465058,True
40g,row,536279090,0,M1_conditional_EA,278,70,63,16,0.0,6,,22.380166687080045,13.609632641076455,0.412311296047447,22.5554529760619,15.246762149077258,0.6756989703246421,2.2400249022128627,2.2400249022128627,2.1216262097162253,2.1216262097162253,True
40g,row,536279090,0,M2_EA_source_magnitude,278,70,63,16,0.1,8,,22.273800164345747,13.211389398217584,0.41788425336613366,23.528988491986134,15.689244649169625,0.6470999373163333,2.250834764253659,2.250834764253659,2.145154971980341,2.145154971980341,True
40g,row,536279090,0,M3_center_width,278,70,63,16,1.0,8,0.0,20.48161324553944,11.479808937485936,0.5077915879515952,22.786845123535755,15.404473471735784,0.6690109533706563,2.0934891416322525,2.0934891416322525,2.008350999613108,2.008350999613108,True
40g,row,536279090,1,M0_scale_only,278,70,63,16,0.0,2,,23.56374849369887,15.973036914210525,0.39499610198763657,24.813531979131458,16.05906729582343,0.6490471046624586,2.37961053785556,2.37961053785556,2.266958971687176,2.266958971687176,True
40g,row,536279090,1,M1_conditional_EA,278,70,63,16,0.0,6,,19.794879336862525,12.840024369557366,0.5730518529983075,23.48627402430727,15.173307439239787,0.68558742749172,2.0548894050731974,2.0548894050731974,1.9865277604778933,1.9865277604778933,True
40g,row,536279090,1,M2_EA_source_magnitude,278,70,63,16,0.1,8,,19.65013672863317,12.752325841900156,0.5792728207061348,23.67040219221098,15.208671941843457,0.6806382266821738,2.0477770500229013,2.0477770500229013,1.9830698088339265,1.9830698088339265,True
40g,row,536279090,1,M3_center_width,278,70,63,16,1.0,8,0.0,18.30631197334188,11.99947001663952,0.6348501437604643,23.56448146107101,15.030728252613295,0.6834900031204871,1.9424099397184083,1.9424099397184083,1.89450378076801,1.89450378076801,True
40g,row,536279090,2,M0_scale_only,279,69,64,15,0.0,2,,15.239483641158333,12.865251469220196,0.55843499528452,17.3382621247132,13.91740297128524,0.7468031052059372,1.5658214695355932,1.5658214695355932,1.5062562727250275,1.5062562727250275,True
40g,row,536279090,2,M1_conditional_EA,279,69,64,15,0.0,6,,13.354413057711005,10.430088978726776,0.6609187676261492,17.099695383602754,13.43592281485777,0.7537229209438694,1.414862717619133,1.414862717619133,1.3792202886914497,1.3792202886914497,True
40g,row,536279090,2,M2_EA_source_magnitude,279,69,64,15,0.1,8,,13.27902322853722,10.370965986884968,0.6647364000056166,16.95153777937704,13.362736364109757,0.7579720902669822,1.405669666654816,1.405669666654816,1.3698285721919576,1.3698285721919576,True
40g,row,536279090,2,M3_center_width,279,69,64,15,0.1,8,0.0,12.434875559953523,9.349754171093869,0.7060069729792653,16.865989855399352,13.314747552610493,0.760408770693585,1.3399665684964925,1.3399665684964925,1.3136029353200003,1.3136029353200003,True
40g,row,536279090,3,M0_scale_only,278,70,63,16,0.0,2,,14.538630492487028,10.905933233762584,0.6357550820429995,17.410891381593892,12.125753876110734,0.7115845901434035,1.512816434726695,1.512816434726695,1.4640428337086409,1.4640428337086409,True
40g,row,536279090,3,M1_conditional_EA,278,70,63,16,0.0,6,,12.29350245474653,8.806572509599118,0.7395659480424981,16.660598649851853,12.136801173936021,0.7359065358429548,1.324400326576143,1.324400326576143,1.2982442433884966,1.2982442433884966,True
40g,row,536279090,3,M2_EA_source_magnitude,278,70,63,16,1.0,8,,12.506527739456795,8.850048617343615,0.7304619979684567,16.552585342816197,12.628513502967394,0.7393197553799915,1.3377742740027063,1.3377742740027063,1.308402309131964,1.308402309131964,True
40g,row,536279090,3,M3_center_width,278,70,63,16,1.0,8,0.0,11.640192420554424,7.90675870131201,0.7665107863615155,16.805650757620096,12.564040262516649,0.7312879657851656,1.2796524481889664,1.2796524481889664,1.261300073241481,1.261300073241481,True
40g,row,536279090,4,M0_scale_only,279,69,63,16,0.0,2,,13.219914762359684,10.07571475284843,0.7442333429582251,18.31111700067804,14.178167977158928,0.7297994599922297,1.4338905425449726,1.4338905425449726,1.4083625246318163,1.4083625246318163,True
40g,row,536279090,4,M1_conditional_EA,279,69,63,16,0.0,6,,11.939629413716508,8.738169203574131,0.7913740575212047,19.34709055625855,15.289700011885774,0.6983607402767273,1.3682539203617428,1.3682539203617428,1.359342731425114,1.359342731425114,True
40g,row,536279090,4,M2_EA_source_magnitude,279,69,63,16,1.0,8,,12.728602311128737,9.613872822989949,0.7628909924999655,18.695854981213287,14.766640414689498,0.7183257161493206,1.4074519096722578,1.4074519096722578,1.3891523707943345,1.3891523707943345,True
40g,row,536279090,4,M3_center_width,279,69,63,16,1.0,8,0.0,13.268451727640903,9.55817586871639,0.7423517988103561,18.057955309676064,14.385117966800449,0.7372191668745538,1.4312872956780263,1.4312872956780263,1.4035687623353756,1.4035687623353756,True
40g,row,2767143051,0,M0_scale_only,287,72,65,15,0.0,2,,16.09778339721847,11.660709111080173,0.7093537238945883,17.506083787644094,11.529161589031757,0.8109135934891796,1.636981367388615,1.636981367388615,1.5659387420111208,1.5659387420111208,True
40g,row,2767143051,0,M1_conditional_EA,287,72,65,15,0.0,6,,12.516940520178217,8.582084698087742,0.8242768495158608,16.201804606100236,11.115680309587223,0.8380395094828643,1.3302295892203555,1.3302295892203555,1.2981533177938749,1.2981533177938749,True
40g,row,2767143051,0,M2_EA_source_magnitude,287,72,65,15,0.1,8,,12.245853924477002,8.254079175749029,0.8318059015801879,15.380748137836939,11.166886524048996,0.8540388676129572,1.2904598863777097,1.2904598863777097,1.2554157415232743,1.2554157415232743,True
40g,row,2767143051,0,M3_center_width,287,72,65,15,1.0,8,0.0,11.767959719378815,7.879066355159972,0.8446772932055012,15.249975169644681,11.097764609791527,0.8565103500937434,1.2510480579177388,1.2510480579177388,1.2210239865281234,1.2210239865281234,True
40g,row,2767143051,1,M0_scale_only,287,72,64,16,0.0,2,,20.54894036980141,14.951801108039486,0.44004281379608867,24.23594466721107,17.581672431760303,0.6220689607171976,2.129968637423388,2.129968637423388,2.057692058519533,2.057692058519533,True
40g,row,2767143051,1,M1_conditional_EA,287,72,64,16,0.0,6,,16.38659334865073,10.8843127504833,0.643915301765664,23.178035888469157,16.469583597073193,0.6543425520533117,1.789323783553437,1.789323783553437,1.7606700011144802,1.7606700011144802,True
40g,row,2767143051,1,M2_EA_source_magnitude,287,72,64,16,0.1,8,,16.23754336420616,10.92173270320284,0.6503636268262948,22.82252005081731,15.821073681858325,0.6648649492199156,1.769430171912069,1.769430171912069,1.7401551084940605,1.7401551084940605,True
40g,row,2767143051,1,M3_center_width,287,72,64,16,1.0,8,0.0,15.474090981277916,10.376015981397074,0.6824689125191388,22.730556377149462,15.820427132547097,0.6675603706768184,1.7110856650610533,1.7110856650610533,1.688850414408427,1.688850414408427,True
40g,row,2767143051,2,M0_scale_only,287,72,64,16,0.0,2,,15.80703904619625,12.430392954976336,0.6218031654403281,18.990318410245823,14.48501408902322,0.721321615764486,1.6461477056985225,1.6461477056985225,1.5936512923736947,1.5936512923736947,True
40g,row,2767143051,2,M1_conditional_EA,287,72,64,16,0.0,6,,12.741273670102233,9.713840683511412,0.7542788577694632,18.302393014702524,14.098983721202702,0.7411462002483176,1.3983409540983824,1.3983409540983824,1.3777192556482352,1.3777192556482352,True
40g,row,2767143051,2,M2_EA_source_magnitude,287,72,64,16,0.1,8,,12.675251959487369,9.60903963074531,0.7568187763402004,17.848732197617352,13.712412778422582,0.7538195634297111,1.3820696275524513,1.3820696275524513,1.3594204481487813,1.3594204481487813,True
40g,row,2767143051,2,M3_center_width,287,72,64,16,1.0,8,0.0,13.546463006110116,9.944593078619672,0.722240662235839,17.5596084073862,13.582166249500432,0.7617305053024148,1.4402354940320847,1.4402354940320847,1.405710609438342,1.405710609438342,True
40g,row,2767143051,3,M0_scale_only,287,72,63,17,0.0,2,,18.427272367122434,13.104730855171397,0.6197006239913896,20.490998119102578,14.651121194359275,0.7758155989549267,1.8832920140577751,1.8832920140577751,1.8065900035684086,1.8065900035684086,True
40g,row,2767143051,3,M1_conditional_EA,287,72,63,17,0.0,6,,18.339708601289182,12.534555041292325,0.6233062933889602,20.915056483452094,14.913964883921361,0.766440655689578,1.885425988134089,1.885425988134089,1.8142224439011576,1.8142224439011576,True
40g,row,2767143051,3,M2_EA_source_magnitude,287,72,63,17,0.1,8,,18.21259695446377,12.43771466968049,0.62850989001716,20.47925351644493,14.3860356893609,0.7760725119803857,1.8661500444738353,1.8661500444738353,1.7926026056492297,1.7926026056492297,True
40g,row,2767143051,3,M3_center_width,287,72,63,17,1.0,8,0.0,16.669182477373496,10.60706514571204,0.6888053626664843,20.42427700810823,14.681305453799148,0.7772731638801551,1.7448835110007392,1.7448835110007392,1.6929561375871949,1.6929561375871949,True
40g,row,2767143051,4,M0_scale_only,288,71,64,16,0.0,2,,19.92594983904768,13.70813404453766,0.21379368429899037,21.700908346288703,14.665240898259386,0.45263474322273045,2.02692441219027,2.02692441219027,1.939317621510094,1.939317621510094,True
40g,row,2767143051,4,M1_conditional_EA,288,71,64,16,0.0,6,,18.199156256689804,10.902325897533432,0.3441553646020683,22.056272394221587,14.846870737416047,0.4345611616597441,1.8995644604065738,1.8995644604065738,1.840797035818424,1.840797035818424,True
40g,row,2767143051,4,M2_EA_source_magnitude,288,71,64,16,0.0,8,,18.48790640450983,10.371051871014753,0.32317883595257224,22.6670077423272,14.634901117132026,0.40281376577805206,1.9355863477559485,1.9355863477559485,1.8781141886307569,1.8781141886307569,True
40g,row,2767143051,4,M3_center_width,288,71,64,16,1.0,8,0.0,18.721945342256667,10.603665135204288,0.3059345776004434,21.88952118015158,14.70058996328971,0.443078574895714,1.936389991697716,1.936389991697716,1.8687841915720806,1.8687841915720806,True
40g,row,1362771960,0,M0_scale_only,288,73,64,16,0.0,2,,19.100613299245854,13.217540364718849,0.4565250488601045,23.36789190059777,14.696302670151136,0.5667298617938357,1.9985943714350862,1.9985943714350862,1.9387916053135577,1.9387916053135577,True
40g,row,1362771960,0,M1_conditional_EA,288,73,64,16,0.0,6,,15.208782201207173,10.303711001464102,0.6554329148771374,21.082522715758675,13.69133428562873,0.6473329852062453,1.6500219692922795,1.6500219692922795,1.620759418720048,1.620759418720048,True
40g,row,1362771960,0,M2_EA_source_magnitude,288,73,64,16,0.1,8,,14.908204060809252,9.85859312546001,0.6689180037162542,20.84745207643017,13.255993784914471,0.6551536320981075,1.621913959430628,1.621913959430628,1.5943753789973014,1.5943753789973014,True
40g,row,1362771960,0,M3_center_width,288,73,64,16,1.0,8,0.0,14.369485846456667,9.291887957288099,0.6924134324376483,20.842415170916738,13.42347786817877,0.6553202470622861,1.5821453981355966,1.5821453981355966,1.5600346178455657,1.5600346178455657,True
40g,row,1362771960,1,M0_scale_only,289,72,64,16,0.0,2,,18.684543082851068,13.213667064443879,0.581957744484163,19.42210906948223,13.439257180424354,0.7667485924480462,1.8817923174182734,1.8817923174182734,1.7896711779832604,1.7896711779832604,True
40g,row,1362771960,1,M1_conditional_EA,289,72,64,16,0.0,6,,15.34753751397946,10.445363762839886,0.7179457646144687,18.639352825160387,13.05278228597566,0.7851708776562218,1.6028007271307727,1.6028007271307727,1.553578363761362,1.553578363761362,True
40g,row,1362771960,1,M2_EA_source_magnitude,289,72,64,16,0.1,8,,15.00626235386259,10.20644781977833,0.7303500846833537,17.898820538122035,12.636691492267182,0.801901894109358,1.5598731986752874,1.5598731986752874,1.5088914106458016,1.5088914106458016,True
40g,row,1362771960,1,M3_center_width,289,72,64,16,0.0,8,0.0,13.549140132097964,9.449145096027372,0.7801741873380384,18.206029130966982,12.762616977332017,0.7950433743224076,1.4558809069083627,1.4558809069083627,1.4259849961037934,1.4259849961037934,True
40g,row,1362771960,2,M0_scale_only,289,72,64,16,0.0,2,,16.835549336467384,13.001998236776075,0.6326113622025091,18.95151785012594,13.881649205063958,0.7400843492601982,1.7254906409107191,1.7254906409107191,1.6577081745087023,1.6577081745087023,True
40g,row,1362771960,2,M1_conditional_EA,289,72,64,16,0.0,6,,13.397959600110703,9.730008558105224,0.7673256737588716,17.81858346485298,13.534720173417734,0.770231343507439,1.4351935183569424,1.4351935183569424,1.4043418521211903,1.4043418521211903,True
40g,row,1362771960,2,M2_EA_source_magnitude,289,72,64,16,0.1,8,,13.17273102986738,9.440070806036712,0.7750827392827614,17.315275135460027,13.161311638889234,0.7830282324300873,1.406192815047233,1.406192815047233,1.3743965482914695,1.3743965482914695,True
40g,row,1362771960,2,M3_center_width,289,72,64,16,1.0,8,0.0,13.182849039244568,9.482670322150447,0.7747370875057397,17.54523259871848,13.39496466681809,0.7772269280716064,1.4124567628477847,1.4124567628477847,1.3821905528378216,1.3821905528378216,True
40g,row,1362771960,3,M0_scale_only,289,72,64,16,0.0,2,,19.871688228975678,14.492810914330569,0.41556331951775116,22.07974079496862,15.59203637505207,0.5681996859917827,2.030546323133447,2.030546323133447,1.9476566504324997,1.9476566504324997,True
40g,row,1362771960,3,M1_conditional_EA,289,72,64,16,0.0,6,,18.19277714820357,11.498706720926869,0.5101468162173384,21.66764233276464,15.353574938595905,0.5841675963523729,1.890397436305144,1.890397436305144,1.8283053607843893,1.8283053607843893,True
40g,row,1362771960,3,M2_EA_source_magnitude,289,72,64,16,1.0,8,,18.952049978259797,11.325926157812868,0.4684056925086437,23.205048321389683,15.572670210993895,0.5230641519196864,1.983477304568234,1.983477304568234,1.9242999472483215,1.9242999472483215,True
40g,row,1362771960,3,M3_center_width,289,72,64,16,1.0,8,0.0,18.275866068594972,10.962468900787481,0.5056621444988418,21.645572523100018,15.462076372897432,0.5850142660564335,1.8963530133313478,1.8963530133313478,1.8328913292414521,1.8328913292414521,True
40g,row,1362771960,4,M0_scale_only,289,72,64,16,0.0,2,,13.866593451130564,9.722936310226222,0.6100788391826166,14.897252872362328,10.371512818470924,0.7824444440333644,1.406335215627072,1.406335215627072,1.3432216730974287,1.3432216730974287,True
40g,row,1362771960,4,M1_conditional_EA,289,72,64,16,0.0,6,,10.082595707536502,7.501644823311976,0.793850661560983,14.420869202208113,10.238511366805149,0.7961359372062677,1.1049755215007064,1.1049755215007064,1.0882937626888396,1.0882937626888396,True
40g,row,1362771960,4,M2_EA_source_magnitude,289,72,64,16,1.0,8,,11.250354299787208,8.42341695683303,0.743333234142172,13.64556998584072,9.81138059677458,0.8174670966154746,1.174515947457294,1.174515947457294,1.1382805295282197,1.1382805295282197,True
40g,row,1362771960,4,M3_center_width,289,72,64,16,1.0,8,0.0,10.791197579063333,8.26099741539205,0.7638562108952189,13.46420022121751,9.822401713259142,0.8222871131176075,1.1351103337036237,1.1351103337036237,1.1035041275992428,1.1035041275992428,True
40g,compound,769539383,0,M0_scale_only,295,72,52,11,0.0,2,,20.21844938585745,14.181686556889225,0.480081980687313,18.33499027006803,13.760945736549601,0.7721263459071837,1.9855183110388364,1.9855183110388364,1.8531936852271684,1.8531936852271684,True
40g,compound,769539383,0,M1_conditional_EA,295,72,52,11,0.0,6,,17.1599473535917,11.667418809713077,0.6254833919872818,16.792474577724732,12.754917605635164,0.8088553495817135,1.70787281740584,1.70787281740584,1.6111436897401334,1.6111436897401334,True
40g,compound,769539383,0,M2_EA_source_magnitude,295,72,52,11,0.1,8,,16.606590602689216,11.204778730014986,0.6492480148739397,17.809838443851906,13.433274525740302,0.7849929459159224,1.6835866087267732,1.6835866087267732,1.6076720183223787,1.6076720183223787,True
40g,compound,769539383,0,M3_center_width,295,72,52,11,0.0,8,0.0,13.60218800126784,9.199990624786352,0.7646811456592345,17.31876547066229,13.46372604489164,0.7966863153862236,1.4388225692336993,1.4388225692336993,1.4017560891509175,1.4017560891509175,True
40g,compound,769539383,1,M0_scale_only,292,75,50,13,0.0,2,,19.773343203462293,13.52903086614374,0.5813163622163111,25.222873739108323,16.178228995763778,0.6719000111042416,2.0926898739323363,2.0926898739323363,2.039171666692835,2.039171666692835,True
40g,compound,769539383,1,M1_conditional_EA,292,75,50,13,0.0,6,,15.58513360066499,10.372986151048053,0.7398961149087859,23.836800958247437,15.67832913181854,0.7069693664936376,1.7479266527384136,1.7479266527384136,1.7303021915191934,1.7303021915191934,True
40g,compound,769539383,1,M2_EA_source_magnitude,292,75,50,13,1.0,8,,15.288957548116917,9.540935020573059,0.7496880810387171,22.990107976504433,14.63715283209833,0.7274167872872281,1.7043790140173096,1.7043790140173096,1.685175247405371,1.685175247405371,True
40g,compound,769539383,1,M3_center_width,292,75,50,13,0.0,8,0.0,14.614956856940271,9.313974991981246,0.7712711979355423,23.263946491989106,14.975929252661235,0.720884557959838,1.6634608881002704,1.6634608881002704,1.6509235834290696,1.6509235834290696,True
40g,compound,769539383,2,M0_scale_only,293,74,50,13,0.0,2,,16.579216389574174,13.527774893434028,0.556285286174561,17.322329898569816,12.734178505123793,0.7660475128920166,1.6715305254325021,1.6715305254325021,1.5907728616959331,1.5907728616959331,True
40g,compound,769539383,2,M1_conditional_EA,293,74,50,13,0.0,6,,11.647207621206473,9.497497204862293,0.7810124297585999,14.914117482149138,11.43549428099774,0.826575610084318,1.233998850394868,1.233998850394868,1.2029161163651256,1.2029161163651256,True
40g,compound,769539383,2,M2_EA_source_magnitude,293,74,50,13,1.0,8,,11.051932887073525,8.960275997970271,0.8028247915955623,14.314588423544066,11.027475799326904,0.8402382581340775,1.1747507558334798,1.1747507558334798,1.1464971222824138,1.1464971222824138,True
40g,compound,769539383,2,M3_center_width,293,74,50,13,1.0,8,0.0,10.657174995531511,8.364949217770436,0.8166588188857102,14.530251508236669,11.293168872101432,0.8353880653428756,1.150244049634314,1.150244049634314,1.1281553464935992,1.1281553464935992,True
40g,compound,769539383,3,M0_scale_only,294,73,50,13,0.0,2,,19.631864497559313,13.578973112432413,0.36347423705610415,22.16589726649447,16.198632871457363,0.5499258449584413,2.0135044808275384,2.0135044808275384,1.9351183265276242,1.9351183265276242,True
40g,compound,769539383,3,M1_conditional_EA,294,73,50,13,0.0,6,,18.641700755898242,9.748477666707807,0.42606335468491763,22.38060401346049,15.768785030944425,0.5411644605706507,1.9410100253460425,1.9410100253460425,1.8789656136136283,1.8789656136136283,True
40g,compound,769539383,3,M2_EA_source_magnitude,294,73,50,13,0.1,8,,19.231639908535385,9.721971099231464,0.38916272944813346,22.387390389143874,14.650545435812708,0.5408861568713965,1.9869661603422548,1.9869661603422548,1.9166109856953089,1.9166109856953089,True
40g,compound,769539383,3,M3_center_width,294,73,50,13,1.0,8,0.0,19.290726607140346,10.580147986080945,0.38540352821534973,21.636484764288415,15.01912322950229,0.5711683321185994,1.9754522134047414,1.9754522134047414,1.897006179007845,1.897006179007845,True
40g,compound,769539383,4,M0_scale_only,294,73,50,13,0.0,2,,14.510272554816702,11.395837444311258,0.6878379853964065,18.3851881068075,13.792095857901916,0.691967064963823,1.5327916339302061,1.5327916339302061,1.4925452680560498,1.4925452680560498,True
40g,compound,769539383,4,M1_conditional_EA,294,73,50,13,0.0,6,,13.537898072818688,9.825774636798347,0.7282738755893281,19.272685848364276,13.967380771012774,0.6615102803081273,1.4813762165863653,1.4813762165863653,1.4584460241722055,1.4584460241722055,True
40g,compound,769539383,4,M2_EA_source_magnitude,294,73,50,13,1.0,8,,14.086280731304495,10.075536986023687,0.7058142762938062,18.86295612832072,13.78468461684466,0.6757496093985587,1.5120311612354158,1.5120311612354158,1.4805002656999213,1.4805002656999213,True
40g,compound,769539383,4,M3_center_width,294,73,50,13,0.1,8,0.0,13.812425882641852,9.637596627377313,0.717141759293644,18.608282452294358,13.544493310260991,0.6844460814234563,1.4853452548601946,1.4853452548601946,1.4552022601861117,1.4552022601861117,True
40g,compound,1425370602,0,M0_scale_only,291,72,52,11,0.0,2,,18.53355971879238,13.4173241230582,0.5026711343260731,14.293046942780704,9.930453256416923,0.8444920446391978,1.778018293360305,1.778018293360305,1.6205702113917222,1.6205702113917222,True
40g,compound,1425370602,0,M1_conditional_EA,291,72,52,11,0.0,6,,14.284950604274462,9.30744084306431,0.7045503570430758,13.12944426099285,9.596134617603935,0.8687813217940528,1.4059769723232929,1.4059769723232929,1.3147872185504332,1.3147872185504332,True
40g,compound,1425370602,0,M2_EA_source_magnitude,291,72,52,11,0.0,8,,13.827596966622936,9.010021352591387,0.7231660121663617,13.692947439530434,10.03011475101081,0.8572760510863873,1.3793011296071187,1.3793011296071187,1.303291731205613,1.303291731205613,True
40g,compound,1425370602,0,M3_center_width,291,72,52,11,0.0,8,0.0,11.01008377956968,7.152770753979963,0.8244878319821094,13.503268385412255,9.72039105441497,0.8612027791419734,1.152797627962638,1.152797627962638,1.118608516745232,1.118608516745232,True
40g,compound,1425370602,1,M0_scale_only,290,73,50,13,0.0,2,,16.172816253232025,12.81973522167856,0.6218712171580083,21.346554311594996,16.059315307354733,0.6392728377376174,1.7285457068286199,1.7285457068286199,1.6901434591604287,1.6901434591604287,True
40g,compound,1425370602,1,M1_conditional_EA,290,73,50,13,0.0,6,,13.81190229733303,10.222074432702875,0.7242119607459171,19.984338985917727,15.371312596963397,0.6838429608734435,1.519496984964756,1.519496984964756,1.4979661537345348,1.4979661537345348,True
40g,compound,1425370602,1,M2_EA_source_magnitude,290,73,50,13,0.1,8,,14.116114757929182,10.16826907110133,0.7119294958401166,19.45037233922534,15.16491868783919,0.7005122115010028,1.528578849641109,1.528578849641109,1.500662764744602,1.500662764744602,True
40g,compound,1425370602,1,M3_center_width,290,73,50,13,0.0,8,0.0,14.892397833550218,10.37085885473681,0.6793747723555463,19.022182700736344,15.00786928742814,0.713553198545497,1.5767139529997813,1.5767139529997813,1.5366041913120583,1.5366041913120583,True
40g,compound,1425370602,2,M0_scale_only,290,73,50,13,0.0,2,,19.521572907818026,13.412775587030302,0.33480685462651016,22.16189269407041,15.743947521417327,0.6142935829952654,2.004764787971222,2.004764787971222,1.927995279063894,1.927995279063894,True
40g,compound,1425370602,2,M1_conditional_EA,290,73,50,13,0.0,6,,18.196251820668454,11.454734916468775,0.4220609654808929,21.74602307032344,15.818644246448072,0.628633386180703,1.8924068427021035,1.8924068427021035,1.8309635856091298,1.8309635856091298,True
40g,compound,1425370602,2,M2_EA_source_magnitude,290,73,50,13,0.1,8,,19.796446527824106,11.699421892038666,0.3159424611601398,24.445872005049072,16.693843902953613,0.5306960215499401,2.076548153898737,2.076548153898737,2.0164719298231093,2.0164719298231093,True
40g,compound,1425370602,2,M3_center_width,290,73,50,13,1.0,8,0.0,17.944555626953008,11.436338674795651,0.43793885041589986,22.353542031914703,16.195836059956505,0.6075937942203713,1.8867378921274964,1.8867378921274964,1.833886940253147,1.833886940253147,True
40g,compound,1425370602,3,M0_scale_only,290,73,50,13,0.0,2,,15.381402898808648,11.73855274543073,0.6593247601507495,19.383090594798055,13.725557441317687,0.7364055397113491,1.622361824105001,1.622361824105001,1.5788584710398017,1.5788584710398017,True
40g,compound,1425370602,3,M1_conditional_EA,290,73,50,13,0.0,6,,13.414641344587176,9.275271519238117,0.74087649728515,18.922642469172956,13.251860372165291,0.7487802407324611,1.4635086480677137,1.4635086480677137,1.4397380307579204,1.4397380307579204,True
40g,compound,1425370602,3,M2_EA_source_magnitude,290,73,50,13,1.0,8,,13.513551527472895,9.447845777907327,0.7370412189416422,18.43580945118616,12.900356090235233,0.7615404890020356,1.4588082662877564,1.4588082662877564,1.4308731999172841,1.4308731999172841,True
40g,compound,1425370602,3,M3_center_width,290,73,50,13,1.0,8,0.0,12.474435702716967,8.41862343834167,0.7759265031459983,18.516283947587702,12.955123825767233,0.7594541371956786,1.3843439680444285,1.3843439680444285,1.3674394613537806,1.3674394613537806,True
40g,compound,1425370602,4,M0_scale_only,291,72,50,13,0.0,2,,22.400785304393892,15.381150469142012,0.45513651788570897,22.4758956068592,16.549425311364427,0.6882571980402599,2.2401375515274413,2.2401375515274413,2.1204602183368646,2.1204602183368646,True
40g,compound,1425370602,4,M1_conditional_EA,291,72,50,13,0.0,6,,19.109828566265943,11.601100304477676,0.6034711447088802,21.090369929446933,15.502863990062837,0.7255072887774612,1.9496999522625122,1.9496999522625122,1.8685425106978504,1.8685425106978504,True
40g,compound,1425370602,4,M2_EA_source_magnitude,291,72,50,13,1.0,8,,18.788660422007045,11.45948795625002,0.6166876176627734,20.581642154528016,15.03409685847052,0.7385898369248864,1.9137132909467014,1.9137132909467014,1.8323408553441425,1.8323408553441425,True
40g,compound,1425370602,4,M3_center_width,291,72,50,13,0.0,8,0.0,18.015155765317488,11.350768177654045,0.6475988984293448,20.50982683180823,15.126151057008466,0.7404109260697491,1.8513073166892777,1.8513073166892777,1.7810249385018477,1.7810249385018477,True
40g,compound,536279090,0,M0_scale_only,286,73,51,12,0.0,2,,19.237670765390888,13.854351721161532,0.3515978687253878,18.939858429894077,13.182751919893118,0.7034105266042667,1.916838488566989,1.916838488566989,1.8097710194340453,1.8097710194340453,True
40g,compound,536279090,0,M1_conditional_EA,286,73,51,12,0.0,6,,15.592747447049595,10.304717945471038,0.5740243764078872,16.897852682737767,11.82425186809107,0.7639166739117269,1.5844050987202534,1.5844050987202534,1.51497516209356,1.51497516209356,True
40g,compound,536279090,0,M2_EA_source_magnitude,286,73,51,12,1.0,8,,15.763351386116007,10.235214986714771,0.5646519824182119,18.3100444222624,13.30480324484617,0.7228077575221163,1.6277611714941165,1.6277611714941165,1.5697217220554198,1.5697217220554198,True
40g,compound,536279090,0,M3_center_width,286,73,51,12,1.0,8,0.0,13.723890847027711,9.62643679840553,0.6700151751013028,17.142264801714457,12.460966781172349,0.7570378203759014,1.4440307848604572,1.4440307848604572,1.403989288642114,1.403989288642114,True
40g,compound,536279090,1,M0_scale_only,287,72,50,13,0.0,2,,16.422688361316588,12.701561191869345,0.5282015417522504,19.975328759927145,16.209488321558574,0.6602891560209656,1.7157630428174684,1.7157630428174684,1.6633521067281307,1.6633521067281307,True
40g,compound,536279090,1,M1_conditional_EA,287,72,50,13,0.0,6,,14.203366973011152,10.552626557566018,0.6471008356052228,20.39321494391699,16.810033697783098,0.6459269009945207,1.5585655222262313,1.5585655222262313,1.5355229227484735,1.5355229227484735,True
40g,compound,536279090,1,M2_EA_source_magnitude,287,72,50,13,1.0,8,,14.668390190251548,11.577727014710977,0.6236144673238302,19.138339092024538,15.77992962854601,0.6881612873152678,1.562458542683625,1.562458542683625,1.526002505581252,1.526002505581252,True
40g,compound,536279090,1,M3_center_width,287,72,50,13,1.0,8,0.0,15.06271780282532,11.48692950557757,0.603105853961047,19.278541493030048,15.947715484229008,0.683575656496866,1.5956527791489157,1.5956527791489157,1.5553848497822538,1.5553848497822538,True
40g,compound,536279090,2,M0_scale_only,287,72,50,13,0.0,2,,18.54847765689498,12.50849083749646,0.6198353613171699,22.325180926062416,15.659801499580368,0.6952541824223787,1.9325649000508958,1.9325649000508958,1.871326457524936,1.871326457524936,True
40g,compound,536279090,2,M1_conditional_EA,287,72,50,13,0.0,6,,15.915904205667449,10.386542372119182,0.7200903902182421,20.56153521949918,15.243492157999356,0.7415010070146019,1.690513782329494,1.690513782329494,1.6494261305412858,1.6494261305412858,True
40g,compound,536279090,2,M2_EA_source_magnitude,287,72,50,13,1.0,8,,16.128643456753284,10.555775387092913,0.712557581365231,19.61284955172692,14.165241289822054,0.7648044104519037,1.684933990714208,1.684933990714208,1.6334200609880318,1.6334200609880318,True
40g,compound,536279090,2,M3_center_width,287,72,50,13,1.0,8,0.0,15.63163881690019,10.174580352294003,0.7299997295753093,19.88695448854872,14.842930241660927,0.7581843862329508,1.6531280940482846,1.6531280940482846,1.610407882943227,1.610407882943227,True
40g,compound,536279090,3,M0_scale_only,287,72,50,13,0.0,2,,14.012974921801693,11.295506899293981,0.7580490816814862,17.42169462231139,11.650900122608792,0.7966103820597593,1.4725760900447837,1.4725760900447837,1.431023605169392,1.431023605169392,True
40g,compound,536279090,3,M1_conditional_EA,287,72,50,13,0.0,6,,12.359341712708297,9.21197189489104,0.8117836856057707,18.01612552949941,12.066106070222846,0.7824942286735104,1.363100330098506,1.363100330098506,1.3445806609711004,1.3445806609711004,True
40g,compound,536279090,3,M2_EA_source_magnitude,287,72,50,13,1.0,8,,11.55068557289231,8.202870105489419,0.8356074587680761,16.963606159799664,11.234309125776397,0.8071656720179674,1.2771505972436528,1.2771505972436528,1.2605330739242977,1.2605330739242977,True
40g,compound,536279090,3,M3_center_width,287,72,50,13,1.0,8,0.0,11.597527604975818,8.04940052223434,0.8342714177684982,17.434737622444626,11.88026962412504,0.7963057269841481,1.2927480816871237,1.2927480816871237,1.2781582034966208,1.2781582034966208,True
40g,compound,536279090,4,M0_scale_only,289,70,51,12,0.0,2,,15.438025057980168,11.737102849558102,0.46579703376510484,16.11404460450336,11.850345326246556,0.7411934795575217,1.5561551411702352,1.5561551411702352,1.4807798935184426,1.4807798935184426,True
40g,compound,536279090,4,M1_conditional_EA,289,70,51,12,0.0,6,,12.161943242660088,9.020559451239267,0.6684654783794169,17.017726714172834,12.829836950539246,0.7113515823112617,1.3234029038472568,1.3234029038472568,1.3010033557980898,1.3010033557980898,True
40g,compound,536279090,4,M2_EA_source_magnitude,289,70,51,12,1.0,8,,11.224892960728058,8.354993134771574,0.717585345329236,15.905926862631736,12.542088063074347,0.7478354377341148,1.226418912353628,1.226418912353628,1.2069648810241245,1.2069648810241245,True
40g,compound,536279090,4,M3_center_width,289,70,51,12,1.0,8,0.0,11.803212104977497,8.423005473157417,0.6877350533507107,16.412208726047027,12.635830593849743,0.7315272854008036,1.2817968064806535,1.2817968064806535,1.2594078592687838,1.2594078592687838,True
40g,compound,2767143051,0,M0_scale_only,288,72,51,12,0.0,2,,16.74778185671973,12.410007330801282,0.5921926479208052,13.687527364406394,10.080135163183787,0.8535454680511723,1.6190115847719198,1.6190115847719198,1.4884220971949247,1.4884220971949247,True
40g,compound,2767143051,0,M1_conditional_EA,288,72,51,12,0.0,6,,14.183449535510764,10.492314351609012,0.7075145976549522,13.546285479983919,10.229663114883149,0.8565524080773916,1.405351659759197,1.405351659759197,1.3213108115361067,1.3213108115361067,True
40g,compound,2767143051,0,M2_EA_source_magnitude,288,72,51,12,0.1,8,,13.933820077075993,10.230261724956916,0.7177195137898916,13.717175690481822,10.399516955662587,0.8529103154319335,1.3883456860923626,1.3883456860923626,1.3107855975165834,1.3107855975165834,True
40g,compound,2767143051,0,M3_center_width,288,72,51,12,1.0,8,0.0,11.664407353856436,8.869341316775206,0.8021819956774774,13.784229527839466,10.542071835448846,0.8514687600353636,1.2096493393156689,1.2096493393156689,1.1688665573090826,1.1688665573090826,True
40g,compound,2767143051,1,M0_scale_only,289,71,51,12,0.0,2,,18.398505196489108,13.410646389320833,0.5669155476118353,22.291199077776856,16.854492446768464,0.7020322832620799,1.920221949187007,1.920221949187007,1.8607531477648815,1.8607531477648815,True
40g,compound,2767143051,1,M1_conditional_EA,289,71,51,12,0.0,6,,14.286024366992985,10.473111211118303,0.7388859226168378,21.555575083353396,16.453006610145053,0.7213740386329017,1.5944965842514762,1.5944965842514762,1.576918794545327,1.576918794545327,True
40g,compound,2767143051,1,M2_EA_source_magnitude,289,71,51,12,1.0,8,,14.366196076158811,10.8759243395782,0.7359470081981865,20.46525904848877,15.329816381142603,0.7488478821522204,1.57234955472498,1.57234955472498,1.5480958294630915,1.5480958294630915,True
40g,compound,2767143051,1,M3_center_width,289,71,51,12,1.0,8,0.0,15.331807035563136,11.09222156368084,0.6992579175259699,20.51853251707471,15.534347099258117,0.7475386234762929,1.645429802123738,1.645429802123738,1.6110250846084444,1.6110250846084444,True
40g,compound,2767143051,2,M0_scale_only,287,73,50,13,0.0,2,,19.598216146586033,13.545931390779291,0.43127174607727525,20.43112737578367,14.644718184049845,0.6818432099568117,1.9749968235177418,1.9749968235177418,1.8790296250864262,1.8790296250864262,True
40g,compound,2767143051,2,M1_conditional_EA,287,73,50,13,0.0,6,,17.637554003384643,10.188270274757127,0.5393740182007127,18.3591352890406,12.920942972120276,0.743101849332336,1.776852349698718,1.776852349698718,1.6901751425610203,1.6901751425610203,True
40g,compound,2767143051,2,M2_EA_source_magnitude,287,73,50,13,0.1,8,,17.384762330632945,9.949774514385606,0.5524833135453078,17.9159444723679,12.734062895368645,0.7553552225729981,1.7478005771692238,1.7478005771692238,1.6603505667306275,1.6603505667306275,True
40g,compound,2767143051,2,M3_center_width,287,73,50,13,0.1,8,0.0,15.94612440623977,9.307939673064798,0.6234852331379884,18.45454180786106,12.958759841778573,0.7404248776206095,1.6451612843879726,1.6451612843879726,1.585813550161976,1.585813550161976,True
40g,compound,2767143051,3,M0_scale_only,288,72,50,13,0.0,2,,19.303512201124164,14.197274225201628,0.4630845699203059,19.922061053462333,14.681589652230652,0.6330020897198052,1.9412749525776265,1.9412749525776265,1.8444967135686445,1.8444967135686445,True
40g,compound,2767143051,3,M1_conditional_EA,288,72,50,13,0.0,6,,15.34930979108204,8.187974877470298,0.6605225595714592,19.919421239476968,13.781064539290274,0.6330993429133096,1.632450604679492,1.632450604679492,1.5935025869367083,1.5935025869367083,True
40g,compound,2767143051,3,M2_EA_source_magnitude,288,72,50,13,0.1,8,,16.822061207581875,8.653120072976513,0.5922521930774322,21.398951244646728,13.499939681101276,0.5765715483736498,1.7789636324772733,1.7789636324772733,1.732970599204544,1.732970599204544,True
40g,compound,2767143051,3,M3_center_width,288,72,50,13,1.0,8,0.0,16.99650054629778,9.216704104272413,0.5837519218847892,19.469847142829746,13.337404467560791,0.6494740768644389,1.7491986039148266,1.7491986039148266,1.6840419603005379,1.6840419603005379,True
40g,compound,2767143051,4,M0_scale_only,288,72,50,13,0.0,2,,17.726269822329094,12.990518588871693,0.6135145911159412,22.047664692504867,16.484946767215728,0.6898512622226858,1.8630088401752019,1.8630088401752019,1.8105225424918432,1.8105225424918432,True
40g,compound,2767143051,4,M1_conditional_EA,288,72,50,13,0.0,6,,16.13534780529214,11.273155833902786,0.6797751331979865,22.071210081297487,16.8328982138904,0.6891884734839291,1.7432697430000645,1.7432697430000645,1.710303637562827,1.710303637562827,True
40g,compound,2767143051,4,M2_EA_source_magnitude,288,72,50,13,0.0,8,,15.94600294869709,11.162948716177576,0.6872465772556743,21.494002968490868,16.489071770270087,0.7052326098158888,1.7150583114995128,1.7150583114995128,1.680336971001859,1.680336971001859,True
40g,compound,2767143051,4,M3_center_width,288,72,50,13,1.0,8,0.0,15.068927137224781,10.319897011035579,0.720705066829403,21.45970135123757,16.52613463501356,0.7061726794991743,1.6490950952975632,1.6490950952975632,1.6236157202069403,1.6236157202069403,True
40g,compound,1362771960,0,M0_scale_only,284,71,51,12,0.0,2,,16.722185183960065,11.650411205127483,0.5650431789887591,16.92404253258684,12.327126951837332,0.7715084184175566,1.6751022175053658,1.6751022175053658,1.58745763197943,1.58745763197943,True
40g,compound,1362771960,0,M1_conditional_EA,284,71,51,12,0.0,6,,14.6529287642572,9.740575119526317,0.6660288398117837,17.176271283953444,12.722803656511715,0.7646469834217257,1.5165038069979426,1.5165038069979426,1.4639985909597637,1.4639985909597637,True
40g,compound,1362771960,0,M2_EA_source_magnitude,284,71,51,12,1.0,8,,14.945342809703238,10.053623127360725,0.6525663722914314,16.685316531589358,12.49939671905265,0.7779090368979359,1.5288297091055523,1.5288297091055523,1.467284264074298,1.467284264074298,True
40g,compound,1362771960,0,M3_center_width,284,71,51,12,1.0,8,0.0,15.3971498216062,9.86757024847127,0.6312425865264166,16.506040765702547,12.4760340662256,0.7826559205435377,1.5608351237461808,1.5608351237461808,1.4903777566776977,1.4903777566776977,True
40g,compound,1362771960,1,M0_scale_only,283,72,50,13,0.0,2,,18.699498708425452,13.667225030397798,0.5716149801498417,22.846223701116596,15.48344548702233,0.6597266855574055,1.9559242055975143,1.9559242055975143,1.8971145226355235,1.8971145226355235,True
40g,compound,1362771960,1,M1_conditional_EA,283,72,50,13,0.0,6,,15.46937160407444,10.684872619435746,0.7068298889603222,22.25097445872078,15.724532662103663,0.677227064523888,1.69850074301623,1.69850074301623,1.6736353378016107,1.6736353378016107,True
40g,compound,1362771960,1,M2_EA_source_magnitude,283,72,50,13,0.1,8,,15.207964427700748,10.501343361155428,0.716654367237203,21.80205073856847,15.157580654489216,0.6901198670927173,1.66795288387931,1.66795288387931,1.6430857686770328,1.6430857686770328,True
40g,compound,1362771960,1,M3_center_width,283,72,50,13,1.0,8,0.0,14.77830921065931,10.487574439000777,0.7324383623039339,21.60209647968243,15.07612783538,0.6957778408413171,1.6314179754276514,1.6314179754276514,1.60960336904085,1.60960336904085,True
40g,compound,1362771960,2,M0_scale_only,284,71,50,13,0.0,2,,20.404892664682947,14.302067665756816,0.3700653790865489,19.453767673807903,13.7224662444933,0.7263359932425824,2.021154180045334,2.021154180045334,1.8998197619710293,1.8998197619710293,True
40g,compound,1362771960,2,M1_conditional_EA,284,71,50,13,0.0,6,,17.897232373380014,11.882806096965927,0.5153830474968905,18.25706293223667,13.156298597120164,0.7589694696484653,1.7956289515394277,1.7956289515394277,1.7034783286928599,1.7034783286928599,True
40g,compound,1362771960,2,M2_EA_source_magnitude,284,71,50,13,0.0,8,,17.736816401412238,11.704342043552352,0.5240315243133938,18.717932175780543,13.563258492075361,0.7466470475135325,1.791986868166124,1.791986868166124,1.7076328324897059,1.7076328324897059,True
40g,compound,1362771960,2,M3_center_width,284,71,50,13,1.0,8,0.0,15.380256196553061,10.118609116455481,0.6421063540541814,18.790908359957808,13.514884863440267,0.74466768645536,1.6087388851295203,1.6087388851295203,1.560368083021801,1.560368083021801,True
40g,compound,1362771960,3,M0_scale_only,284,71,50,13,0.0,2,,16.719268338832382,12.145449717512815,0.6040419245866175,18.276306186904844,13.140676986374402,0.7151524731443937,1.7021363583341407,1.7021363583341407,1.6293296734050746,1.6293296734050746,True
40g,compound,1362771960,3,M1_conditional_EA,284,71,50,13,0.0,6,,16.536167888240424,9.226757727062763,0.612667076054463,19.296038629309525,13.326659114540604,0.6824793884614173,1.7094894038070716,1.7094894038070716,1.6494261044057232,1.6494261044057232,True
40g,compound,1362771960,3,M2_EA_source_magnitude,284,71,50,13,1.0,8,,18.54580949872443,10.023269491465262,0.5128011468841254,21.119974413763398,13.452397558062923,0.6196158800108311,1.9059681956474657,1.9059681956474657,1.833673687503718,1.833673687503718,True
40g,compound,1362771960,3,M3_center_width,284,71,50,13,1.0,8,0.0,17.081250620026776,9.530420465761942,0.5867108556654776,18.963661010408423,12.972155920519954,0.6933238734295197,1.7450837053886479,1.7450837053886479,1.6736766998967714,1.6736766998967714,True
40g,compound,1362771960,4,M0_scale_only,285,70,51,12,0.0,2,,15.405042829361772,11.422518987228505,0.6611227069199151,18.316076420427216,13.50175725429917,0.7633595376625186,1.6000310137403102,1.6000310137403102,1.5471730266018542,1.5471730266018542,True
40g,compound,1362771960,4,M1_conditional_EA,285,70,51,12,0.0,6,,11.70885534398693,7.668318854949819,0.8042302751985582,17.264834376683705,12.629870722670708,0.7897437354653077,1.2964130228807695,1.2964130228807695,1.2799382438407056,1.2799382438407056,True
40g,compound,1362771960,4,M2_EA_source_magnitude,285,70,51,12,1.0,8,,12.020677733314932,7.964277909572164,0.7936642136324151,16.72468164561338,12.564980806808718,0.8026942095866936,1.3056629659655963,1.3056629659655963,1.2829253441105544,1.2829253441105544,True
40g,compound,1362771960,4,M3_center_width,285,70,51,12,1.0,8,0.0,11.156745235463717,7.172549627704343,0.8222573375438307,16.742902144162134,12.251364628868663,0.8022640706801687,1.2428537063751612,1.2428537063751612,1.2286716009509389,1.2286716009509389,True
