outer_seed,member_index,member_seed,fit_seconds_current_run,reused_completed_fit,max_epoch,early_stop_epoch,hit_max_epoch,best_epoch_ge_490,checkpoint,checkpoint_sha256,best_epoch,epochs_run,normalized_valid_score,train_rows,validation_rows,trainable_parameters,total_parameters,train_config_hash,labeled_ids_hash,validation_ids_hash,initialization_policy,trainable_scope,scaler_hash,strategy,round
42,0,4200,0.0,True,500,159,False,False,/Users/fish/Documents/GitHub/column_chromatography_prediction/experiments/e2_4g_active_learning/row_seed_42/shared_round_0/member_0_seed_4200/best.pt,11dbc5394698bf8d228d976daef1d3022f12dcca8db7040d01c548f81bbf1bf5,59,159,0.8644910498953251,318,57,775476,775476,c2cff5afb7ce404d3bef2832441caa1cfde8b27b4c7d2fb9102977b0456477a8,6fff13b9ab58f9fb958ada0427cbd58280d8cc5218d8cd2369cde8ae5af47972,a662a6a643614ec75e1cf33c79d9ed75ae400ab3f4c103150651ef1a5bfeada7,seeded_random,full_source_free,7c5b931c947120a97d9675bca200b8d9acee1bd1483c0ed3626aac365eb6d5c5,coverage,0
42,1,4201,0.0,True,500,285,False,False,/Users/fish/Documents/GitHub/column_chromatography_prediction/experiments/e2_4g_active_learning/row_seed_42/shared_round_0/member_1_seed_4201/best.pt,d75a0f048f220a2800d770b692da8512f943d0ee5f70241f6411121d407512c2,185,285,0.573775097183201,318,57,775476,775476,c2cff5afb7ce404d3bef2832441caa1cfde8b27b4c7d2fb9102977b0456477a8,6fff13b9ab58f9fb958ada0427cbd58280d8cc5218d8cd2369cde8ae5af47972,a662a6a643614ec75e1cf33c79d9ed75ae400ab3f4c103150651ef1a5bfeada7,seeded_random,full_source_free,7c5b931c947120a97d9675bca200b8d9acee1bd1483c0ed3626aac365eb6d5c5,coverage,0
42,2,4202,0.0,True,500,185,False,False,/Users/fish/Documents/GitHub/column_chromatography_prediction/experiments/e2_4g_active_learning/row_seed_42/shared_round_0/member_2_seed_4202/best.pt,a48f70d8084f9394c5e5565f252c2c7ebfab2deec48f536338b82cad0c8eadef,85,185,0.6120099672519419,318,57,775476,775476,c2cff5afb7ce404d3bef2832441caa1cfde8b27b4c7d2fb9102977b0456477a8,6fff13b9ab58f9fb958ada0427cbd58280d8cc5218d8cd2369cde8ae5af47972,a662a6a643614ec75e1cf33c79d9ed75ae400ab3f4c103150651ef1a5bfeada7,seeded_random,full_source_free,7c5b931c947120a97d9675bca200b8d9acee1bd1483c0ed3626aac365eb6d5c5,coverage,0
42,0,4200,0.0,True,500,281,False,False,/Users/fish/Documents/GitHub/column_chromatography_prediction/experiments/e2_4g_active_learning/row_seed_42/coverage/round_1/checkpoints/member_0_seed_4200/best.pt,0231a7715d2c2f46e046d2230e7c2f9c8043b518fd6fc14ce143b4fcf91bd5d4,181,281,0.2573975864072406,343,57,775476,775476,c2cff5afb7ce404d3bef2832441caa1cfde8b27b4c7d2fb9102977b0456477a8,60be76b744627a6b149b76763f8cc593ddd1cca541cbfee54c21bc63a13b8785,a662a6a643614ec75e1cf33c79d9ed75ae400ab3f4c103150651ef1a5bfeada7,seeded_random,full_source_free,7c5b931c947120a97d9675bca200b8d9acee1bd1483c0ed3626aac365eb6d5c5,coverage,1
42,1,4201,0.0,True,500,227,False,False,/Users/fish/Documents/GitHub/column_chromatography_prediction/experiments/e2_4g_active_learning/row_seed_42/coverage/round_1/checkpoints/member_1_seed_4201/best.pt,0a82beb7d1a1c6bd69684b16271526819b8bcd661ebc1dac2b3937dd435f130d,127,227,0.3384122948823398,343,57,775476,775476,c2cff5afb7ce404d3bef2832441caa1cfde8b27b4c7d2fb9102977b0456477a8,60be76b744627a6b149b76763f8cc593ddd1cca541cbfee54c21bc63a13b8785,a662a6a643614ec75e1cf33c79d9ed75ae400ab3f4c103150651ef1a5bfeada7,seeded_random,full_source_free,7c5b931c947120a97d9675bca200b8d9acee1bd1483c0ed3626aac365eb6d5c5,coverage,1
42,2,4202,0.0,True,500,214,False,False,/Users/fish/Documents/GitHub/column_chromatography_prediction/experiments/e2_4g_active_learning/row_seed_42/coverage/round_1/checkpoints/member_2_seed_4202/best.pt,7ecf6d1f5f18acebdee6eb021596cb87adf8fea3fe64b31312433fa8b3216b76,114,214,0.2526601322394853,343,57,775476,775476,c2cff5afb7ce404d3bef2832441caa1cfde8b27b4c7d2fb9102977b0456477a8,60be76b744627a6b149b76763f8cc593ddd1cca541cbfee54c21bc63a13b8785,a662a6a643614ec75e1cf33c79d9ed75ae400ab3f4c103150651ef1a5bfeada7,seeded_random,full_source_free,7c5b931c947120a97d9675bca200b8d9acee1bd1483c0ed3626aac365eb6d5c5,coverage,1
42,0,4200,380.8139292909764,False,500,355,False,False,/Users/fish/Documents/GitHub/column_chromatography_prediction/experiments/e2_4g_active_learning/row_seed_42/coverage/round_2/checkpoints/member_0_seed_4200/best.pt,91ba52b70b54a0740054627967678eba2bcabe97346c18895ecc6593992a7a78,255,355,0.1932057394577685,368,57,775476,775476,c2cff5afb7ce404d3bef2832441caa1cfde8b27b4c7d2fb9102977b0456477a8,94c8d24d289b489659672d980408a738b629ea539055cfd89058b5cd69366443,a662a6a643614ec75e1cf33c79d9ed75ae400ab3f4c103150651ef1a5bfeada7,seeded_random,full_source_free,7c5b931c947120a97d9675bca200b8d9acee1bd1483c0ed3626aac365eb6d5c5,coverage,2
42,1,4201,297.47445429093204,False,500,270,False,False,/Users/fish/Documents/GitHub/column_chromatography_prediction/experiments/e2_4g_active_learning/row_seed_42/coverage/round_2/checkpoints/member_1_seed_4201/best.pt,40802b5e855ed71b592dca15def5f97d13cc90e7c525e53f03455f9d95c5342e,170,270,0.1872503547537916,368,57,775476,775476,c2cff5afb7ce404d3bef2832441caa1cfde8b27b4c7d2fb9102977b0456477a8,94c8d24d289b489659672d980408a738b629ea539055cfd89058b5cd69366443,a662a6a643614ec75e1cf33c79d9ed75ae400ab3f4c103150651ef1a5bfeada7,seeded_random,full_source_free,7c5b931c947120a97d9675bca200b8d9acee1bd1483c0ed3626aac365eb6d5c5,coverage,2
42,2,4202,304.0841449580621,False,500,272,False,False,/Users/fish/Documents/GitHub/column_chromatography_prediction/experiments/e2_4g_active_learning/row_seed_42/coverage/round_2/checkpoints/member_2_seed_4202/best.pt,5504a35ed665be462064df8a7f678ab07f069c054f1bdaa1c2f35a68ba0ecfb1,172,272,0.2007803721467751,368,57,775476,775476,c2cff5afb7ce404d3bef2832441caa1cfde8b27b4c7d2fb9102977b0456477a8,94c8d24d289b489659672d980408a738b629ea539055cfd89058b5cd69366443,a662a6a643614ec75e1cf33c79d9ed75ae400ab3f4c103150651ef1a5bfeada7,seeded_random,full_source_free,7c5b931c947120a97d9675bca200b8d9acee1bd1483c0ed3626aac365eb6d5c5,coverage,2
42,0,4200,410.3323902500561,False,500,359,False,False,/Users/fish/Documents/GitHub/column_chromatography_prediction/experiments/e2_4g_active_learning/row_seed_42/coverage/round_3/checkpoints/member_0_seed_4200/best.pt,bc904e329fb09390c648054110fdef010fc7f9645035b08327f9501894688c09,259,359,0.1543775155072111,393,57,775476,775476,c2cff5afb7ce404d3bef2832441caa1cfde8b27b4c7d2fb9102977b0456477a8,9b67933fbb89cd8dfb85568f0e5b044f587a493b592a85ac273a246a73a65e8e,a662a6a643614ec75e1cf33c79d9ed75ae400ab3f4c103150651ef1a5bfeada7,seeded_random,full_source_free,7c5b931c947120a97d9675bca200b8d9acee1bd1483c0ed3626aac365eb6d5c5,coverage,3
42,1,4201,318.36279162496794,False,500,270,False,False,/Users/fish/Documents/GitHub/column_chromatography_prediction/experiments/e2_4g_active_learning/row_seed_42/coverage/round_3/checkpoints/member_1_seed_4201/best.pt,87b367017106150d90285f0094fbad8b3179ed42f9a31c27e976fbfbd3f69b17,170,270,0.1504058004604582,393,57,775476,775476,c2cff5afb7ce404d3bef2832441caa1cfde8b27b4c7d2fb9102977b0456477a8,9b67933fbb89cd8dfb85568f0e5b044f587a493b592a85ac273a246a73a65e8e,a662a6a643614ec75e1cf33c79d9ed75ae400ab3f4c103150651ef1a5bfeada7,seeded_random,full_source_free,7c5b931c947120a97d9675bca200b8d9acee1bd1483c0ed3626aac365eb6d5c5,coverage,3
42,2,4202,440.9762248749612,False,500,325,False,False,/Users/fish/Documents/GitHub/column_chromatography_prediction/experiments/e2_4g_active_learning/row_seed_42/coverage/round_3/checkpoints/member_2_seed_4202/best.pt,1a5297133e039346b0d4f0b3adf03331a9f2ed99bdcae5e3482943edf09cd37f,225,325,0.137738237165842,393,57,775476,775476,c2cff5afb7ce404d3bef2832441caa1cfde8b27b4c7d2fb9102977b0456477a8,9b67933fbb89cd8dfb85568f0e5b044f587a493b592a85ac273a246a73a65e8e,a662a6a643614ec75e1cf33c79d9ed75ae400ab3f4c103150651ef1a5bfeada7,seeded_random,full_source_free,7c5b931c947120a97d9675bca200b8d9acee1bd1483c0ed3626aac365eb6d5c5,coverage,3
42,0,4200,630.9392342501087,False,500,289,False,False,/Users/fish/Documents/GitHub/column_chromatography_prediction/experiments/e2_4g_active_learning/row_seed_42/coverage/round_4/checkpoints/member_0_seed_4200/best.pt,505e778c5eccf3ec47a4db46ee93aeaf3d286d0628cd7c99002e2ac2aa7fde4b,189,289,0.1119169951672633,418,57,775476,775476,c2cff5afb7ce404d3bef2832441caa1cfde8b27b4c7d2fb9102977b0456477a8,13726db865ce8fb974cc45caa2234ed667bf013227969a38891958c525463358,a662a6a643614ec75e1cf33c79d9ed75ae400ab3f4c103150651ef1a5bfeada7,seeded_random,full_source_free,7c5b931c947120a97d9675bca200b8d9acee1bd1483c0ed3626aac365eb6d5c5,coverage,4
42,1,4201,570.2955460000085,False,500,275,False,False,/Users/fish/Documents/GitHub/column_chromatography_prediction/experiments/e2_4g_active_learning/row_seed_42/coverage/round_4/checkpoints/member_1_seed_4201/best.pt,d507189609cd04b0774e8199d719c8d209ea613efe109b3357505f04045057a1,175,275,0.1147841774760693,418,57,775476,775476,c2cff5afb7ce404d3bef2832441caa1cfde8b27b4c7d2fb9102977b0456477a8,13726db865ce8fb974cc45caa2234ed667bf013227969a38891958c525463358,a662a6a643614ec75e1cf33c79d9ed75ae400ab3f4c103150651ef1a5bfeada7,seeded_random,full_source_free,7c5b931c947120a97d9675bca200b8d9acee1bd1483c0ed3626aac365eb6d5c5,coverage,4
42,2,4202,645.5509179580258,False,500,306,False,False,/Users/fish/Documents/GitHub/column_chromatography_prediction/experiments/e2_4g_active_learning/row_seed_42/coverage/round_4/checkpoints/member_2_seed_4202/best.pt,c9c62b219c336e4fe6b0c938d575fcfc79d445e1506309a871ad17ef2c94964b,206,306,0.1097204545057625,418,57,775476,775476,c2cff5afb7ce404d3bef2832441caa1cfde8b27b4c7d2fb9102977b0456477a8,13726db865ce8fb974cc45caa2234ed667bf013227969a38891958c525463358,a662a6a643614ec75e1cf33c79d9ed75ae400ab3f4c103150651ef1a5bfeada7,seeded_random,full_source_free,7c5b931c947120a97d9675bca200b8d9acee1bd1483c0ed3626aac365eb6d5c5,coverage,4
42,0,4200,744.3183632919099,False,500,345,False,False,/Users/fish/Documents/GitHub/column_chromatography_prediction/experiments/e2_4g_active_learning/row_seed_42/coverage/round_5/checkpoints/member_0_seed_4200/best.pt,64c941e360f72c2db46283fb06186cb793c9667e8bd0df991dd59f25d9470b17,245,345,0.1122490747064248,443,57,775476,775476,c2cff5afb7ce404d3bef2832441caa1cfde8b27b4c7d2fb9102977b0456477a8,e0270ec62b46512d62e17f2c2e17e4158773cee6014694e296f6ac36d2dd5e78,a662a6a643614ec75e1cf33c79d9ed75ae400ab3f4c103150651ef1a5bfeada7,seeded_random,full_source_free,7c5b931c947120a97d9675bca200b8d9acee1bd1483c0ed3626aac365eb6d5c5,coverage,5
42,1,4201,538.3651611659443,False,500,257,False,False,/Users/fish/Documents/GitHub/column_chromatography_prediction/experiments/e2_4g_active_learning/row_seed_42/coverage/round_5/checkpoints/member_1_seed_4201/best.pt,27e7cbfb2143dd7cc4c4d5812d0cd3f44be0f4d41decc16a78c6824723e6ecde,157,257,0.0900132964658819,443,57,775476,775476,c2cff5afb7ce404d3bef2832441caa1cfde8b27b4c7d2fb9102977b0456477a8,e0270ec62b46512d62e17f2c2e17e4158773cee6014694e296f6ac36d2dd5e78,a662a6a643614ec75e1cf33c79d9ed75ae400ab3f4c103150651ef1a5bfeada7,seeded_random,full_source_free,7c5b931c947120a97d9675bca200b8d9acee1bd1483c0ed3626aac365eb6d5c5,coverage,5
42,2,4202,549.371885792003,False,500,261,False,False,/Users/fish/Documents/GitHub/column_chromatography_prediction/experiments/e2_4g_active_learning/row_seed_42/coverage/round_5/checkpoints/member_2_seed_4202/best.pt,a7cb3ca71401991c2e45d9a2252c43c1bd51ea265f102449e1d41a9710e0878a,161,261,0.0871315177859776,443,57,775476,775476,c2cff5afb7ce404d3bef2832441caa1cfde8b27b4c7d2fb9102977b0456477a8,e0270ec62b46512d62e17f2c2e17e4158773cee6014694e296f6ac36d2dd5e78,a662a6a643614ec75e1cf33c79d9ed75ae400ab3f4c103150651ef1a5bfeada7,seeded_random,full_source_free,7c5b931c947120a97d9675bca200b8d9acee1bd1483c0ed3626aac365eb6d5c5,coverage,5
42,0,4200,636.4115537080215,False,500,300,False,False,/Users/fish/Documents/GitHub/column_chromatography_prediction/experiments/e2_4g_active_learning/row_seed_42/coverage/round_6/checkpoints/member_0_seed_4200/best.pt,093dc5fdee0690e656dcf07f943536714108a98dc5d63209bc204bfd342109b7,200,300,0.1189595438645051,468,57,775476,775476,c2cff5afb7ce404d3bef2832441caa1cfde8b27b4c7d2fb9102977b0456477a8,ea9ba43817f3c72e156cbd6dc3aa5ad4467f59682829d5121602222629d581bd,a662a6a643614ec75e1cf33c79d9ed75ae400ab3f4c103150651ef1a5bfeada7,seeded_random,full_source_free,7c5b931c947120a97d9675bca200b8d9acee1bd1483c0ed3626aac365eb6d5c5,coverage,6
42,1,4201,522.4741255829576,False,500,266,False,False,/Users/fish/Documents/GitHub/column_chromatography_prediction/experiments/e2_4g_active_learning/row_seed_42/coverage/round_6/checkpoints/member_1_seed_4201/best.pt,56e1f7b9bb0e0b72203cf9ff52724cb051f52b09d01c61b5490f7acb4ed331b7,166,266,0.0976870112709126,468,57,775476,775476,c2cff5afb7ce404d3bef2832441caa1cfde8b27b4c7d2fb9102977b0456477a8,ea9ba43817f3c72e156cbd6dc3aa5ad4467f59682829d5121602222629d581bd,a662a6a643614ec75e1cf33c79d9ed75ae400ab3f4c103150651ef1a5bfeada7,seeded_random,full_source_free,7c5b931c947120a97d9675bca200b8d9acee1bd1483c0ed3626aac365eb6d5c5,coverage,6
42,2,4202,285.18860074994154,False,500,241,False,False,/Users/fish/Documents/GitHub/column_chromatography_prediction/experiments/e2_4g_active_learning/row_seed_42/coverage/round_6/checkpoints/member_2_seed_4202/best.pt,e84ed4ca9195952de278c0b33fe5176c7b81221b160ce4e5e8798ab94835e19a,141,241,0.0904546106616323,468,57,775476,775476,c2cff5afb7ce404d3bef2832441caa1cfde8b27b4c7d2fb9102977b0456477a8,ea9ba43817f3c72e156cbd6dc3aa5ad4467f59682829d5121602222629d581bd,a662a6a643614ec75e1cf33c79d9ed75ae400ab3f4c103150651ef1a5bfeada7,seeded_random,full_source_free,7c5b931c947120a97d9675bca200b8d9acee1bd1483c0ed3626aac365eb6d5c5,coverage,6
42,0,4200,333.0002624579938,False,500,271,False,False,/Users/fish/Documents/GitHub/column_chromatography_prediction/experiments/e2_4g_active_learning/row_seed_42/coverage/round_7/checkpoints/member_0_seed_4200/best.pt,a027e9ed792825f720d31a2b60e3e675bd3c78b13c9d8f3d0d24f1344d992e77,171,271,0.0902287308520319,493,57,775476,775476,c2cff5afb7ce404d3bef2832441caa1cfde8b27b4c7d2fb9102977b0456477a8,9af84e3fd932db84687e05712f0185e158264eaf4bbd6a06c74075e8435d4d14,a662a6a643614ec75e1cf33c79d9ed75ae400ab3f4c103150651ef1a5bfeada7,seeded_random,full_source_free,7c5b931c947120a97d9675bca200b8d9acee1bd1483c0ed3626aac365eb6d5c5,coverage,7
42,1,4201,327.12607124994975,False,500,269,False,False,/Users/fish/Documents/GitHub/column_chromatography_prediction/experiments/e2_4g_active_learning/row_seed_42/coverage/round_7/checkpoints/member_1_seed_4201/best.pt,fda659f30010c26f4d011982e560c18f52377a6585079c5b763c77a6561f55ff,169,269,0.1137715318487404,493,57,775476,775476,c2cff5afb7ce404d3bef2832441caa1cfde8b27b4c7d2fb9102977b0456477a8,9af84e3fd932db84687e05712f0185e158264eaf4bbd6a06c74075e8435d4d14,a662a6a643614ec75e1cf33c79d9ed75ae400ab3f4c103150651ef1a5bfeada7,seeded_random,full_source_free,7c5b931c947120a97d9675bca200b8d9acee1bd1483c0ed3626aac365eb6d5c5,coverage,7
42,2,4202,309.4223060000222,False,500,256,False,False,/Users/fish/Documents/GitHub/column_chromatography_prediction/experiments/e2_4g_active_learning/row_seed_42/coverage/round_7/checkpoints/member_2_seed_4202/best.pt,e521cd64db3df4659a3a0c41eed30ee49fbc1bdc3309b6c6ee17e1a6bfab1286,156,256,0.0802928723415165,493,57,775476,775476,c2cff5afb7ce404d3bef2832441caa1cfde8b27b4c7d2fb9102977b0456477a8,9af84e3fd932db84687e05712f0185e158264eaf4bbd6a06c74075e8435d4d14,a662a6a643614ec75e1cf33c79d9ed75ae400ab3f4c103150651ef1a5bfeada7,seeded_random,full_source_free,7c5b931c947120a97d9675bca200b8d9acee1bd1483c0ed3626aac365eb6d5c5,coverage,7
42,0,4200,479.03665054100566,False,500,382,False,False,/Users/fish/Documents/GitHub/column_chromatography_prediction/experiments/e2_4g_active_learning/row_seed_42/coverage/round_8/checkpoints/member_0_seed_4200/best.pt,34454647333b279606970da59fd82ac1205959e0b4b07b5572c365dfc22b6ba2,282,382,0.0912698155299005,518,57,775476,775476,c2cff5afb7ce404d3bef2832441caa1cfde8b27b4c7d2fb9102977b0456477a8,d053319421db238cf589b7f8fd36a498414fe5e34a54df17a213ba40d6ebc926,a662a6a643614ec75e1cf33c79d9ed75ae400ab3f4c103150651ef1a5bfeada7,seeded_random,full_source_free,7c5b931c947120a97d9675bca200b8d9acee1bd1483c0ed3626aac365eb6d5c5,coverage,8
42,1,4201,363.8700267919339,False,500,288,False,False,/Users/fish/Documents/GitHub/column_chromatography_prediction/experiments/e2_4g_active_learning/row_seed_42/coverage/round_8/checkpoints/member_1_seed_4201/best.pt,225b0d7c1744e4145d742270c96083cdd83709dc58626048248bb6d230fb06dd,188,288,0.1076544000494933,518,57,775476,775476,c2cff5afb7ce404d3bef2832441caa1cfde8b27b4c7d2fb9102977b0456477a8,d053319421db238cf589b7f8fd36a498414fe5e34a54df17a213ba40d6ebc926,a662a6a643614ec75e1cf33c79d9ed75ae400ab3f4c103150651ef1a5bfeada7,seeded_random,full_source_free,7c5b931c947120a97d9675bca200b8d9acee1bd1483c0ed3626aac365eb6d5c5,coverage,8
42,2,4202,297.64537570800167,False,500,233,False,False,/Users/fish/Documents/GitHub/column_chromatography_prediction/experiments/e2_4g_active_learning/row_seed_42/coverage/round_8/checkpoints/member_2_seed_4202/best.pt,8237589ce584b59836e56b5a62f3ccecb8c7f474bcc83b3b4f10cefcf614c4d8,133,233,0.0794784264641572,518,57,775476,775476,c2cff5afb7ce404d3bef2832441caa1cfde8b27b4c7d2fb9102977b0456477a8,d053319421db238cf589b7f8fd36a498414fe5e34a54df17a213ba40d6ebc926,a662a6a643614ec75e1cf33c79d9ed75ae400ab3f4c103150651ef1a5bfeada7,seeded_random,full_source_free,7c5b931c947120a97d9675bca200b8d9acee1bd1483c0ed3626aac365eb6d5c5,coverage,8
42,0,4200,0.0,True,500,159,False,False,/Users/fish/Documents/GitHub/column_chromatography_prediction/experiments/e2_4g_active_learning/row_seed_42/shared_round_0/member_0_seed_4200/best.pt,11dbc5394698bf8d228d976daef1d3022f12dcca8db7040d01c548f81bbf1bf5,59,159,0.8644910498953251,318,57,775476,775476,c2cff5afb7ce404d3bef2832441caa1cfde8b27b4c7d2fb9102977b0456477a8,6fff13b9ab58f9fb958ada0427cbd58280d8cc5218d8cd2369cde8ae5af47972,a662a6a643614ec75e1cf33c79d9ed75ae400ab3f4c103150651ef1a5bfeada7,seeded_random,full_source_free,7c5b931c947120a97d9675bca200b8d9acee1bd1483c0ed3626aac365eb6d5c5,ensemble,0
42,1,4201,0.0,True,500,285,False,False,/Users/fish/Documents/GitHub/column_chromatography_prediction/experiments/e2_4g_active_learning/row_seed_42/shared_round_0/member_1_seed_4201/best.pt,d75a0f048f220a2800d770b692da8512f943d0ee5f70241f6411121d407512c2,185,285,0.573775097183201,318,57,775476,775476,c2cff5afb7ce404d3bef2832441caa1cfde8b27b4c7d2fb9102977b0456477a8,6fff13b9ab58f9fb958ada0427cbd58280d8cc5218d8cd2369cde8ae5af47972,a662a6a643614ec75e1cf33c79d9ed75ae400ab3f4c103150651ef1a5bfeada7,seeded_random,full_source_free,7c5b931c947120a97d9675bca200b8d9acee1bd1483c0ed3626aac365eb6d5c5,ensemble,0
42,2,4202,0.0,True,500,185,False,False,/Users/fish/Documents/GitHub/column_chromatography_prediction/experiments/e2_4g_active_learning/row_seed_42/shared_round_0/member_2_seed_4202/best.pt,a48f70d8084f9394c5e5565f252c2c7ebfab2deec48f536338b82cad0c8eadef,85,185,0.6120099672519419,318,57,775476,775476,c2cff5afb7ce404d3bef2832441caa1cfde8b27b4c7d2fb9102977b0456477a8,6fff13b9ab58f9fb958ada0427cbd58280d8cc5218d8cd2369cde8ae5af47972,a662a6a643614ec75e1cf33c79d9ed75ae400ab3f4c103150651ef1a5bfeada7,seeded_random,full_source_free,7c5b931c947120a97d9675bca200b8d9acee1bd1483c0ed3626aac365eb6d5c5,ensemble,0
42,0,4200,234.8305637080921,False,500,238,False,False,/Users/fish/Documents/GitHub/column_chromatography_prediction/experiments/e2_4g_active_learning/row_seed_42/ensemble/round_1/checkpoints/member_0_seed_4200/best.pt,72fe9c3edd316b224acf78db7679d880368f7f491398a5e47159b2a88997e508,138,238,0.4990774843615545,343,57,775476,775476,c2cff5afb7ce404d3bef2832441caa1cfde8b27b4c7d2fb9102977b0456477a8,7e45af6092f917576e0dc3c991331a47dd0d478227fa2097a4cd47f3e6b2ceda,a662a6a643614ec75e1cf33c79d9ed75ae400ab3f4c103150651ef1a5bfeada7,seeded_random,full_source_free,7c5b931c947120a97d9675bca200b8d9acee1bd1483c0ed3626aac365eb6d5c5,ensemble,1
42,1,4201,286.06732004205696,False,500,286,False,False,/Users/fish/Documents/GitHub/column_chromatography_prediction/experiments/e2_4g_active_learning/row_seed_42/ensemble/round_1/checkpoints/member_1_seed_4201/best.pt,35f3b751b680b350ff8fccdd01bd18833e0dcf09d7804a4ee1fe6f8b56de7a89,186,286,0.4671256858188882,343,57,775476,775476,c2cff5afb7ce404d3bef2832441caa1cfde8b27b4c7d2fb9102977b0456477a8,7e45af6092f917576e0dc3c991331a47dd0d478227fa2097a4cd47f3e6b2ceda,a662a6a643614ec75e1cf33c79d9ed75ae400ab3f4c103150651ef1a5bfeada7,seeded_random,full_source_free,7c5b931c947120a97d9675bca200b8d9acee1bd1483c0ed3626aac365eb6d5c5,ensemble,1
42,2,4202,198.49063733394723,False,500,201,False,False,/Users/fish/Documents/GitHub/column_chromatography_prediction/experiments/e2_4g_active_learning/row_seed_42/ensemble/round_1/checkpoints/member_2_seed_4202/best.pt,20e8fe93ee25881ad7dba2823c12a312aece03394ca681a5327b1da0e8b175e9,101,201,0.3667653599467162,343,57,775476,775476,c2cff5afb7ce404d3bef2832441caa1cfde8b27b4c7d2fb9102977b0456477a8,7e45af6092f917576e0dc3c991331a47dd0d478227fa2097a4cd47f3e6b2ceda,a662a6a643614ec75e1cf33c79d9ed75ae400ab3f4c103150651ef1a5bfeada7,seeded_random,full_source_free,7c5b931c947120a97d9675bca200b8d9acee1bd1483c0ed3626aac365eb6d5c5,ensemble,1
42,0,4200,276.89242395793553,False,500,263,False,False,/Users/fish/Documents/GitHub/column_chromatography_prediction/experiments/e2_4g_active_learning/row_seed_42/ensemble/round_2/checkpoints/member_0_seed_4200/best.pt,c353479562bd5e310a90ac8c4d85b23b906035350d95d5ded9c11c59f23ce722,163,263,0.2821193592030885,368,57,775476,775476,c2cff5afb7ce404d3bef2832441caa1cfde8b27b4c7d2fb9102977b0456477a8,897f0afe9f3cf74b8dcd5939ef7019a34750244b95a3dbebc6cf05dd411ef6d2,a662a6a643614ec75e1cf33c79d9ed75ae400ab3f4c103150651ef1a5bfeada7,seeded_random,full_source_free,7c5b931c947120a97d9675bca200b8d9acee1bd1483c0ed3626aac365eb6d5c5,ensemble,2
42,1,4201,376.98376283305697,False,500,358,False,False,/Users/fish/Documents/GitHub/column_chromatography_prediction/experiments/e2_4g_active_learning/row_seed_42/ensemble/round_2/checkpoints/member_1_seed_4201/best.pt,9a621025042749503265b030bcdcedbf149f21bbe1a1038978ed95dc35db9b08,258,358,0.2517983830890156,368,57,775476,775476,c2cff5afb7ce404d3bef2832441caa1cfde8b27b4c7d2fb9102977b0456477a8,897f0afe9f3cf74b8dcd5939ef7019a34750244b95a3dbebc6cf05dd411ef6d2,a662a6a643614ec75e1cf33c79d9ed75ae400ab3f4c103150651ef1a5bfeada7,seeded_random,full_source_free,7c5b931c947120a97d9675bca200b8d9acee1bd1483c0ed3626aac365eb6d5c5,ensemble,2
42,2,4202,867.6113020419143,False,500,318,False,False,/Users/fish/Documents/GitHub/column_chromatography_prediction/experiments/e2_4g_active_learning/row_seed_42/ensemble/round_2/checkpoints/member_2_seed_4202/best.pt,297d1813ae3b9c98aa15f079835dbf161032585d8be9a0ac0b50969cf21faec9,218,318,0.2312056538241317,368,57,775476,775476,c2cff5afb7ce404d3bef2832441caa1cfde8b27b4c7d2fb9102977b0456477a8,897f0afe9f3cf74b8dcd5939ef7019a34750244b95a3dbebc6cf05dd411ef6d2,a662a6a643614ec75e1cf33c79d9ed75ae400ab3f4c103150651ef1a5bfeada7,seeded_random,full_source_free,7c5b931c947120a97d9675bca200b8d9acee1bd1483c0ed3626aac365eb6d5c5,ensemble,2
42,0,4200,772.063670124975,False,500,356,False,False,/Users/fish/Documents/GitHub/column_chromatography_prediction/experiments/e2_4g_active_learning/row_seed_42/ensemble/round_3/checkpoints/member_0_seed_4200/best.pt,2d7a148bca85d15bfd8e2d4eb205514d57c63606612db44a6f3ae4e9761aca62,256,356,0.1610511252120494,393,57,775476,775476,c2cff5afb7ce404d3bef2832441caa1cfde8b27b4c7d2fb9102977b0456477a8,1772433e13720f45d061d7424170e924557140aa858e0a6440126a236632f45b,a662a6a643614ec75e1cf33c79d9ed75ae400ab3f4c103150651ef1a5bfeada7,seeded_random,full_source_free,7c5b931c947120a97d9675bca200b8d9acee1bd1483c0ed3626aac365eb6d5c5,ensemble,3
42,1,4201,687.8733605829766,False,500,293,False,False,/Users/fish/Documents/GitHub/column_chromatography_prediction/experiments/e2_4g_active_learning/row_seed_42/ensemble/round_3/checkpoints/member_1_seed_4201/best.pt,7d1b6891679dcc80002a43f595c7f0c5c63e7dcd28cb6cbccb7aba0e10827a89,193,293,0.1784051218609026,393,57,775476,775476,c2cff5afb7ce404d3bef2832441caa1cfde8b27b4c7d2fb9102977b0456477a8,1772433e13720f45d061d7424170e924557140aa858e0a6440126a236632f45b,a662a6a643614ec75e1cf33c79d9ed75ae400ab3f4c103150651ef1a5bfeada7,seeded_random,full_source_free,7c5b931c947120a97d9675bca200b8d9acee1bd1483c0ed3626aac365eb6d5c5,ensemble,3
42,2,4202,654.9334799170028,False,500,288,False,False,/Users/fish/Documents/GitHub/column_chromatography_prediction/experiments/e2_4g_active_learning/row_seed_42/ensemble/round_3/checkpoints/member_2_seed_4202/best.pt,bed29f95d623d713841814825322915a95f291309af1581afe847ef37a448f3f,188,288,0.1675882894587406,393,57,775476,775476,c2cff5afb7ce404d3bef2832441caa1cfde8b27b4c7d2fb9102977b0456477a8,1772433e13720f45d061d7424170e924557140aa858e0a6440126a236632f45b,a662a6a643614ec75e1cf33c79d9ed75ae400ab3f4c103150651ef1a5bfeada7,seeded_random,full_source_free,7c5b931c947120a97d9675bca200b8d9acee1bd1483c0ed3626aac365eb6d5c5,ensemble,3
42,0,4200,580.6438519580988,False,500,305,False,False,/Users/fish/Documents/GitHub/column_chromatography_prediction/experiments/e2_4g_active_learning/row_seed_42/ensemble/round_4/checkpoints/member_0_seed_4200/best.pt,4af90ba65c880d69bbc064d60f32560caa4bcb363c9e563f8e5a2b7969a72a73,205,305,0.1646019467852556,418,57,775476,775476,c2cff5afb7ce404d3bef2832441caa1cfde8b27b4c7d2fb9102977b0456477a8,523fd6953206cd81163a17e53d885bf1748b7f7fa462ee4e115fb2a2ea4bd7f2,a662a6a643614ec75e1cf33c79d9ed75ae400ab3f4c103150651ef1a5bfeada7,seeded_random,full_source_free,7c5b931c947120a97d9675bca200b8d9acee1bd1483c0ed3626aac365eb6d5c5,ensemble,4
42,1,4201,412.78113037499133,False,500,261,False,False,/Users/fish/Documents/GitHub/column_chromatography_prediction/experiments/e2_4g_active_learning/row_seed_42/ensemble/round_4/checkpoints/member_1_seed_4201/best.pt,4d19d82c435ff50974722b0fa41967eccd503515db9e65e45c8edc5950748ec3,161,261,0.2217245630905246,418,57,775476,775476,c2cff5afb7ce404d3bef2832441caa1cfde8b27b4c7d2fb9102977b0456477a8,523fd6953206cd81163a17e53d885bf1748b7f7fa462ee4e115fb2a2ea4bd7f2,a662a6a643614ec75e1cf33c79d9ed75ae400ab3f4c103150651ef1a5bfeada7,seeded_random,full_source_free,7c5b931c947120a97d9675bca200b8d9acee1bd1483c0ed3626aac365eb6d5c5,ensemble,4
42,2,4202,587.7294950420037,False,500,312,False,False,/Users/fish/Documents/GitHub/column_chromatography_prediction/experiments/e2_4g_active_learning/row_seed_42/ensemble/round_4/checkpoints/member_2_seed_4202/best.pt,e1538bea5691bb39c0d61eb439885d8c3d754a09ff46133b3d624c9e2ae7e938,212,312,0.1305900544239149,418,57,775476,775476,c2cff5afb7ce404d3bef2832441caa1cfde8b27b4c7d2fb9102977b0456477a8,523fd6953206cd81163a17e53d885bf1748b7f7fa462ee4e115fb2a2ea4bd7f2,a662a6a643614ec75e1cf33c79d9ed75ae400ab3f4c103150651ef1a5bfeada7,seeded_random,full_source_free,7c5b931c947120a97d9675bca200b8d9acee1bd1483c0ed3626aac365eb6d5c5,ensemble,4
42,0,4200,494.7179307499901,False,500,277,False,False,/Users/fish/Documents/GitHub/column_chromatography_prediction/experiments/e2_4g_active_learning/row_seed_42/ensemble/round_5/checkpoints/member_0_seed_4200/best.pt,925642efbf580d405e332e561fe729ce5a3042a96c4ccc766891d90e5ea5dbb2,177,277,0.1735897760040323,443,57,775476,775476,c2cff5afb7ce404d3bef2832441caa1cfde8b27b4c7d2fb9102977b0456477a8,64d8401fba8febc1f942ab06e51a8a5808f3460c734048d2d1f444eff1619a0e,a662a6a643614ec75e1cf33c79d9ed75ae400ab3f4c103150651ef1a5bfeada7,seeded_random,full_source_free,7c5b931c947120a97d9675bca200b8d9acee1bd1483c0ed3626aac365eb6d5c5,ensemble,5
42,1,4201,459.1271049999632,False,500,257,False,False,/Users/fish/Documents/GitHub/column_chromatography_prediction/experiments/e2_4g_active_learning/row_seed_42/ensemble/round_5/checkpoints/member_1_seed_4201/best.pt,eba649a6645ec5ec960abe62738d0b7b093909514232800b1cd61cadd5a5a639,157,257,0.1523008741600365,443,57,775476,775476,c2cff5afb7ce404d3bef2832441caa1cfde8b27b4c7d2fb9102977b0456477a8,64d8401fba8febc1f942ab06e51a8a5808f3460c734048d2d1f444eff1619a0e,a662a6a643614ec75e1cf33c79d9ed75ae400ab3f4c103150651ef1a5bfeada7,seeded_random,full_source_free,7c5b931c947120a97d9675bca200b8d9acee1bd1483c0ed3626aac365eb6d5c5,ensemble,5
42,2,4202,501.98407912498806,False,500,290,False,False,/Users/fish/Documents/GitHub/column_chromatography_prediction/experiments/e2_4g_active_learning/row_seed_42/ensemble/round_5/checkpoints/member_2_seed_4202/best.pt,ecdd124166044051dcff9a997586b6a0d42e726bbdefd9bcc05d51c8699d1c2d,190,290,0.1336292224538677,443,57,775476,775476,c2cff5afb7ce404d3bef2832441caa1cfde8b27b4c7d2fb9102977b0456477a8,64d8401fba8febc1f942ab06e51a8a5808f3460c734048d2d1f444eff1619a0e,a662a6a643614ec75e1cf33c79d9ed75ae400ab3f4c103150651ef1a5bfeada7,seeded_random,full_source_free,7c5b931c947120a97d9675bca200b8d9acee1bd1483c0ed3626aac365eb6d5c5,ensemble,5
42,0,4200,503.8656572919572,False,500,276,False,False,/Users/fish/Documents/GitHub/column_chromatography_prediction/experiments/e2_4g_active_learning/row_seed_42/ensemble/round_6/checkpoints/member_0_seed_4200/best.pt,cbea7448daf72585d9200c745b064527165b172811f93481344e5a742110f257,176,276,0.2058395545940154,468,57,775476,775476,c2cff5afb7ce404d3bef2832441caa1cfde8b27b4c7d2fb9102977b0456477a8,2257677d778b14809927d8abe762b6902fb472d33aa05990a9142e4a6adc58db,a662a6a643614ec75e1cf33c79d9ed75ae400ab3f4c103150651ef1a5bfeada7,seeded_random,full_source_free,7c5b931c947120a97d9675bca200b8d9acee1bd1483c0ed3626aac365eb6d5c5,ensemble,6
42,1,4201,488.55007620796096,False,500,261,False,False,/Users/fish/Documents/GitHub/column_chromatography_prediction/experiments/e2_4g_active_learning/row_seed_42/ensemble/round_6/checkpoints/member_1_seed_4201/best.pt,a88eeaa905f5aea24a33281675567c34573f306adc03f05c6c125a819ee811fe,161,261,0.1362737180127944,468,57,775476,775476,c2cff5afb7ce404d3bef2832441caa1cfde8b27b4c7d2fb9102977b0456477a8,2257677d778b14809927d8abe762b6902fb472d33aa05990a9142e4a6adc58db,a662a6a643614ec75e1cf33c79d9ed75ae400ab3f4c103150651ef1a5bfeada7,seeded_random,full_source_free,7c5b931c947120a97d9675bca200b8d9acee1bd1483c0ed3626aac365eb6d5c5,ensemble,6
42,2,4202,535.9163000839762,False,500,287,False,False,/Users/fish/Documents/GitHub/column_chromatography_prediction/experiments/e2_4g_active_learning/row_seed_42/ensemble/round_6/checkpoints/member_2_seed_4202/best.pt,3d68b45bc8aa02ce5e3e16f95597e3337fb2fcff417219d8e118464584ffdf00,187,287,0.1332254050989251,468,57,775476,775476,c2cff5afb7ce404d3bef2832441caa1cfde8b27b4c7d2fb9102977b0456477a8,2257677d778b14809927d8abe762b6902fb472d33aa05990a9142e4a6adc58db,a662a6a643614ec75e1cf33c79d9ed75ae400ab3f4c103150651ef1a5bfeada7,seeded_random,full_source_free,7c5b931c947120a97d9675bca200b8d9acee1bd1483c0ed3626aac365eb6d5c5,ensemble,6
42,0,4200,338.5563225829974,False,500,184,False,False,/Users/fish/Documents/GitHub/column_chromatography_prediction/experiments/e2_4g_active_learning/row_seed_42/ensemble/round_7/checkpoints/member_0_seed_4200/best.pt,391b8011785671e33093e43f742ffb64ca959edef511cb94f0e685d27d170812,84,184,0.217077173879547,493,57,775476,775476,c2cff5afb7ce404d3bef2832441caa1cfde8b27b4c7d2fb9102977b0456477a8,61ff1a1ecebd63edc12e9982df531480fe2e9385de5686cd8ade7a7567fe0854,a662a6a643614ec75e1cf33c79d9ed75ae400ab3f4c103150651ef1a5bfeada7,seeded_random,full_source_free,7c5b931c947120a97d9675bca200b8d9acee1bd1483c0ed3626aac365eb6d5c5,ensemble,7
42,1,4201,618.3134349170141,False,500,307,False,False,/Users/fish/Documents/GitHub/column_chromatography_prediction/experiments/e2_4g_active_learning/row_seed_42/ensemble/round_7/checkpoints/member_1_seed_4201/best.pt,b08a9bbbbea03f5362f99c2c104e6e4b17999a2e966b0016a610bb982ec80794,207,307,0.1424549396522724,493,57,775476,775476,c2cff5afb7ce404d3bef2832441caa1cfde8b27b4c7d2fb9102977b0456477a8,61ff1a1ecebd63edc12e9982df531480fe2e9385de5686cd8ade7a7567fe0854,a662a6a643614ec75e1cf33c79d9ed75ae400ab3f4c103150651ef1a5bfeada7,seeded_random,full_source_free,7c5b931c947120a97d9675bca200b8d9acee1bd1483c0ed3626aac365eb6d5c5,ensemble,7
42,2,4202,358.340336333029,False,500,207,False,False,/Users/fish/Documents/GitHub/column_chromatography_prediction/experiments/e2_4g_active_learning/row_seed_42/ensemble/round_7/checkpoints/member_2_seed_4202/best.pt,35632b26992812498e4c44503c83333c3de0dceece73936933bb2dbefcedc1f7,107,207,0.1734988665787167,493,57,775476,775476,c2cff5afb7ce404d3bef2832441caa1cfde8b27b4c7d2fb9102977b0456477a8,61ff1a1ecebd63edc12e9982df531480fe2e9385de5686cd8ade7a7567fe0854,a662a6a643614ec75e1cf33c79d9ed75ae400ab3f4c103150651ef1a5bfeada7,seeded_random,full_source_free,7c5b931c947120a97d9675bca200b8d9acee1bd1483c0ed3626aac365eb6d5c5,ensemble,7
42,0,4200,285.45989749999717,False,500,161,False,False,/Users/fish/Documents/GitHub/column_chromatography_prediction/experiments/e2_4g_active_learning/row_seed_42/ensemble/round_8/checkpoints/member_0_seed_4200/best.pt,51ed8eb342d4d2a2809435e4ccd9ac3f51db6a10fe533e05e29dc91acaa2f9bd,61,161,0.2523488538732596,518,57,775476,775476,c2cff5afb7ce404d3bef2832441caa1cfde8b27b4c7d2fb9102977b0456477a8,ac02298eacd30335c6a542316d0a7b4c4623bd80ded3a02911d1ae1b6ecaaa69,a662a6a643614ec75e1cf33c79d9ed75ae400ab3f4c103150651ef1a5bfeada7,seeded_random,full_source_free,7c5b931c947120a97d9675bca200b8d9acee1bd1483c0ed3626aac365eb6d5c5,ensemble,8
42,1,4201,781.6583284160588,False,500,329,False,False,/Users/fish/Documents/GitHub/column_chromatography_prediction/experiments/e2_4g_active_learning/row_seed_42/ensemble/round_8/checkpoints/member_1_seed_4201/best.pt,067e619122c4ba562be5b58e21cd6192f0431bae81f29530d0745323a06b62db,229,329,0.1815433924371726,518,57,775476,775476,c2cff5afb7ce404d3bef2832441caa1cfde8b27b4c7d2fb9102977b0456477a8,ac02298eacd30335c6a542316d0a7b4c4623bd80ded3a02911d1ae1b6ecaaa69,a662a6a643614ec75e1cf33c79d9ed75ae400ab3f4c103150651ef1a5bfeada7,seeded_random,full_source_free,7c5b931c947120a97d9675bca200b8d9acee1bd1483c0ed3626aac365eb6d5c5,ensemble,8
42,2,4202,397.88178116607014,False,500,191,False,False,/Users/fish/Documents/GitHub/column_chromatography_prediction/experiments/e2_4g_active_learning/row_seed_42/ensemble/round_8/checkpoints/member_2_seed_4202/best.pt,932073f74ea15e01cf6e7fae893feebe966e71d939d2f24d687a564180f34f1a,91,191,0.1831259765464702,518,57,775476,775476,c2cff5afb7ce404d3bef2832441caa1cfde8b27b4c7d2fb9102977b0456477a8,ac02298eacd30335c6a542316d0a7b4c4623bd80ded3a02911d1ae1b6ecaaa69,a662a6a643614ec75e1cf33c79d9ed75ae400ab3f4c103150651ef1a5bfeada7,seeded_random,full_source_free,7c5b931c947120a97d9675bca200b8d9acee1bd1483c0ed3626aac365eb6d5c5,ensemble,8
42,0,4200,0.0,True,500,159,False,False,/Users/fish/Documents/GitHub/column_chromatography_prediction/experiments/e2_4g_active_learning/row_seed_42/shared_round_0/member_0_seed_4200/best.pt,11dbc5394698bf8d228d976daef1d3022f12dcca8db7040d01c548f81bbf1bf5,59,159,0.8644910498953251,318,57,775476,775476,c2cff5afb7ce404d3bef2832441caa1cfde8b27b4c7d2fb9102977b0456477a8,6fff13b9ab58f9fb958ada0427cbd58280d8cc5218d8cd2369cde8ae5af47972,a662a6a643614ec75e1cf33c79d9ed75ae400ab3f4c103150651ef1a5bfeada7,seeded_random,full_source_free,7c5b931c947120a97d9675bca200b8d9acee1bd1483c0ed3626aac365eb6d5c5,hybrid,0
42,1,4201,0.0,True,500,285,False,False,/Users/fish/Documents/GitHub/column_chromatography_prediction/experiments/e2_4g_active_learning/row_seed_42/shared_round_0/member_1_seed_4201/best.pt,d75a0f048f220a2800d770b692da8512f943d0ee5f70241f6411121d407512c2,185,285,0.573775097183201,318,57,775476,775476,c2cff5afb7ce404d3bef2832441caa1cfde8b27b4c7d2fb9102977b0456477a8,6fff13b9ab58f9fb958ada0427cbd58280d8cc5218d8cd2369cde8ae5af47972,a662a6a643614ec75e1cf33c79d9ed75ae400ab3f4c103150651ef1a5bfeada7,seeded_random,full_source_free,7c5b931c947120a97d9675bca200b8d9acee1bd1483c0ed3626aac365eb6d5c5,hybrid,0
42,2,4202,0.0,True,500,185,False,False,/Users/fish/Documents/GitHub/column_chromatography_prediction/experiments/e2_4g_active_learning/row_seed_42/shared_round_0/member_2_seed_4202/best.pt,a48f70d8084f9394c5e5565f252c2c7ebfab2deec48f536338b82cad0c8eadef,85,185,0.6120099672519419,318,57,775476,775476,c2cff5afb7ce404d3bef2832441caa1cfde8b27b4c7d2fb9102977b0456477a8,6fff13b9ab58f9fb958ada0427cbd58280d8cc5218d8cd2369cde8ae5af47972,a662a6a643614ec75e1cf33c79d9ed75ae400ab3f4c103150651ef1a5bfeada7,seeded_random,full_source_free,7c5b931c947120a97d9675bca200b8d9acee1bd1483c0ed3626aac365eb6d5c5,hybrid,0
42,0,4200,534.1989447079832,False,500,278,False,False,/Users/fish/Documents/GitHub/column_chromatography_prediction/experiments/e2_4g_active_learning/row_seed_42/hybrid/round_1/checkpoints/member_0_seed_4200/best.pt,cddb9cbef0308717b8ded4b069a051fd7ba8db58ea0ee071ba4a4137c0192eda,178,278,0.2942837126197432,343,57,775476,775476,c2cff5afb7ce404d3bef2832441caa1cfde8b27b4c7d2fb9102977b0456477a8,0f7760c5ccc0a433a643fd3ffb41589086fe3ce2fdefeb1d0260be89696ac384,a662a6a643614ec75e1cf33c79d9ed75ae400ab3f4c103150651ef1a5bfeada7,seeded_random,full_source_free,7c5b931c947120a97d9675bca200b8d9acee1bd1483c0ed3626aac365eb6d5c5,hybrid,1
42,1,4201,497.6443790829507,False,500,264,False,False,/Users/fish/Documents/GitHub/column_chromatography_prediction/experiments/e2_4g_active_learning/row_seed_42/hybrid/round_1/checkpoints/member_1_seed_4201/best.pt,d54e56374a18e00efff245704041a9ef9c98f09db0108c59027652bb018e911e,164,264,0.3207049272212645,343,57,775476,775476,c2cff5afb7ce404d3bef2832441caa1cfde8b27b4c7d2fb9102977b0456477a8,0f7760c5ccc0a433a643fd3ffb41589086fe3ce2fdefeb1d0260be89696ac384,a662a6a643614ec75e1cf33c79d9ed75ae400ab3f4c103150651ef1a5bfeada7,seeded_random,full_source_free,7c5b931c947120a97d9675bca200b8d9acee1bd1483c0ed3626aac365eb6d5c5,hybrid,1
42,2,4202,505.1351678749779,False,500,280,False,False,/Users/fish/Documents/GitHub/column_chromatography_prediction/experiments/e2_4g_active_learning/row_seed_42/hybrid/round_1/checkpoints/member_2_seed_4202/best.pt,80c8bf840f14c87726264a2608557ce6296422ba71f38413a2c7bf47319db7c7,180,280,0.2809928662201504,343,57,775476,775476,c2cff5afb7ce404d3bef2832441caa1cfde8b27b4c7d2fb9102977b0456477a8,0f7760c5ccc0a433a643fd3ffb41589086fe3ce2fdefeb1d0260be89696ac384,a662a6a643614ec75e1cf33c79d9ed75ae400ab3f4c103150651ef1a5bfeada7,seeded_random,full_source_free,7c5b931c947120a97d9675bca200b8d9acee1bd1483c0ed3626aac365eb6d5c5,hybrid,1
42,0,4200,551.8217565410305,False,500,280,False,False,/Users/fish/Documents/GitHub/column_chromatography_prediction/experiments/e2_4g_active_learning/row_seed_42/hybrid/round_2/checkpoints/member_0_seed_4200/best.pt,00a4cbf6cb8e01aeb989304adb0e73e45161d9492f237a8a733a4caa75839faf,180,280,0.209823688393949,368,57,775476,775476,c2cff5afb7ce404d3bef2832441caa1cfde8b27b4c7d2fb9102977b0456477a8,6c193d28ca600372b3dc52adf51a82754b9f8690d1963669f858f4ce3a1a3b9a,a662a6a643614ec75e1cf33c79d9ed75ae400ab3f4c103150651ef1a5bfeada7,seeded_random,full_source_free,7c5b931c947120a97d9675bca200b8d9acee1bd1483c0ed3626aac365eb6d5c5,hybrid,2
42,1,4201,468.7555148330284,False,500,240,False,False,/Users/fish/Documents/GitHub/column_chromatography_prediction/experiments/e2_4g_active_learning/row_seed_42/hybrid/round_2/checkpoints/member_1_seed_4201/best.pt,746ef8377b42fdbcd96b090097dc7a4393df7d5ff698a271c43398e2368e3e03,140,240,0.2152440667470402,368,57,775476,775476,c2cff5afb7ce404d3bef2832441caa1cfde8b27b4c7d2fb9102977b0456477a8,6c193d28ca600372b3dc52adf51a82754b9f8690d1963669f858f4ce3a1a3b9a,a662a6a643614ec75e1cf33c79d9ed75ae400ab3f4c103150651ef1a5bfeada7,seeded_random,full_source_free,7c5b931c947120a97d9675bca200b8d9acee1bd1483c0ed3626aac365eb6d5c5,hybrid,2
42,2,4202,766.7110982500017,False,500,412,False,False,/Users/fish/Documents/GitHub/column_chromatography_prediction/experiments/e2_4g_active_learning/row_seed_42/hybrid/round_2/checkpoints/member_2_seed_4202/best.pt,432d43efefbbeacadcae47fd4bd0f7c4eee1cbc0268af713a64476c9ec0d588b,312,412,0.2001976513458596,368,57,775476,775476,c2cff5afb7ce404d3bef2832441caa1cfde8b27b4c7d2fb9102977b0456477a8,6c193d28ca600372b3dc52adf51a82754b9f8690d1963669f858f4ce3a1a3b9a,a662a6a643614ec75e1cf33c79d9ed75ae400ab3f4c103150651ef1a5bfeada7,seeded_random,full_source_free,7c5b931c947120a97d9675bca200b8d9acee1bd1483c0ed3626aac365eb6d5c5,hybrid,2
42,0,4200,0.0,True,500,289,False,False,/Users/fish/Documents/GitHub/column_chromatography_prediction/experiments/e2_4g_active_learning/row_seed_42/hybrid/round_3/checkpoints/member_0_seed_4200/best.pt,1f97d3c1bd31a4a0d18dd4dba4046123a59142077d1d7c9110c91658f143b1fd,189,289,0.1521855837304399,393,57,775476,775476,c2cff5afb7ce404d3bef2832441caa1cfde8b27b4c7d2fb9102977b0456477a8,02b00f4d6b35548c6d147dc484d0ae6bbdec1cce8b39bfd89e231071f9094765,a662a6a643614ec75e1cf33c79d9ed75ae400ab3f4c103150651ef1a5bfeada7,seeded_random,full_source_free,7c5b931c947120a97d9675bca200b8d9acee1bd1483c0ed3626aac365eb6d5c5,hybrid,3
42,1,4201,0.0,True,500,271,False,False,/Users/fish/Documents/GitHub/column_chromatography_prediction/experiments/e2_4g_active_learning/row_seed_42/hybrid/round_3/checkpoints/member_1_seed_4201/best.pt,6429d671a4580e7ecf9d7a0a267adf87707cf444543d18838d015b4b1c188b67,171,271,0.1979241681748303,393,57,775476,775476,c2cff5afb7ce404d3bef2832441caa1cfde8b27b4c7d2fb9102977b0456477a8,02b00f4d6b35548c6d147dc484d0ae6bbdec1cce8b39bfd89e231071f9094765,a662a6a643614ec75e1cf33c79d9ed75ae400ab3f4c103150651ef1a5bfeada7,seeded_random,full_source_free,7c5b931c947120a97d9675bca200b8d9acee1bd1483c0ed3626aac365eb6d5c5,hybrid,3
42,2,4202,580.4600195829989,False,500,259,False,False,/Users/fish/Documents/GitHub/column_chromatography_prediction/experiments/e2_4g_active_learning/row_seed_42/hybrid/round_3/checkpoints/member_2_seed_4202/best.pt,6b77f1f53cef255e7ea481c32c0d4f9bd9dcd752d5844095c6e1045f04c70b55,159,259,0.1525106685160608,393,57,775476,775476,c2cff5afb7ce404d3bef2832441caa1cfde8b27b4c7d2fb9102977b0456477a8,02b00f4d6b35548c6d147dc484d0ae6bbdec1cce8b39bfd89e231071f9094765,a662a6a643614ec75e1cf33c79d9ed75ae400ab3f4c103150651ef1a5bfeada7,seeded_random,full_source_free,7c5b931c947120a97d9675bca200b8d9acee1bd1483c0ed3626aac365eb6d5c5,hybrid,3
42,0,4200,0.0,True,500,369,False,False,/Users/fish/Documents/GitHub/column_chromatography_prediction/experiments/e2_4g_active_learning/row_seed_42/hybrid/round_4/checkpoints/member_0_seed_4200/best.pt,a8ea8927218127cb07dc38cad34e3e6dbfe209b1e81b7f0390e7ea9937890f45,269,369,0.1324113065484046,418,57,775476,775476,c2cff5afb7ce404d3bef2832441caa1cfde8b27b4c7d2fb9102977b0456477a8,4495d0db159680094e2a41d12e0fe0dbc25e38dd6186c2be5ebdeb97cdd35a6c,a662a6a643614ec75e1cf33c79d9ed75ae400ab3f4c103150651ef1a5bfeada7,seeded_random,full_source_free,7c5b931c947120a97d9675bca200b8d9acee1bd1483c0ed3626aac365eb6d5c5,hybrid,4
42,1,4201,206.63954862498213,False,500,292,False,False,/Users/fish/Documents/GitHub/column_chromatography_prediction/experiments/e2_4g_active_learning/row_seed_42/hybrid/round_4/checkpoints/member_1_seed_4201/best.pt,8f6bc708fb8d13bf011b48a92c97c731a3d8f9193b3bbe349d9563daeb573ebb,192,292,0.1679557335760545,418,57,775476,775476,c2cff5afb7ce404d3bef2832441caa1cfde8b27b4c7d2fb9102977b0456477a8,4495d0db159680094e2a41d12e0fe0dbc25e38dd6186c2be5ebdeb97cdd35a6c,a662a6a643614ec75e1cf33c79d9ed75ae400ab3f4c103150651ef1a5bfeada7,seeded_random,full_source_free,7c5b931c947120a97d9675bca200b8d9acee1bd1483c0ed3626aac365eb6d5c5,hybrid,4
42,2,4202,271.3768503329484,False,500,385,False,False,/Users/fish/Documents/GitHub/column_chromatography_prediction/experiments/e2_4g_active_learning/row_seed_42/hybrid/round_4/checkpoints/member_2_seed_4202/best.pt,be40262d3eb9fe8d23f2396f7239155a959fdb30f1f46985915ae2c7b4b395e2,285,385,0.1313980254051313,418,57,775476,775476,c2cff5afb7ce404d3bef2832441caa1cfde8b27b4c7d2fb9102977b0456477a8,4495d0db159680094e2a41d12e0fe0dbc25e38dd6186c2be5ebdeb97cdd35a6c,a662a6a643614ec75e1cf33c79d9ed75ae400ab3f4c103150651ef1a5bfeada7,seeded_random,full_source_free,7c5b931c947120a97d9675bca200b8d9acee1bd1483c0ed3626aac365eb6d5c5,hybrid,4
42,0,4200,124.68552454200108,False,500,328,False,False,/Users/fish/Documents/GitHub/column_chromatography_prediction/experiments/e2_4g_active_learning/row_seed_42/hybrid/round_5/checkpoints/member_0_seed_4200/best.pt,3c070f313e587f99cd0d5ea02df8b091bae471085f225285d7970ae0a8db5136,228,328,0.140176145583061,443,57,775476,775476,c2cff5afb7ce404d3bef2832441caa1cfde8b27b4c7d2fb9102977b0456477a8,6a7422e1a57a3a4007ba42c1816636b87079fdfa1d04185b9c3bbb1dc2b01171,a662a6a643614ec75e1cf33c79d9ed75ae400ab3f4c103150651ef1a5bfeada7,seeded_random,full_source_free,7c5b931c947120a97d9675bca200b8d9acee1bd1483c0ed3626aac365eb6d5c5,hybrid,5
42,1,4201,137.03803020901978,False,500,308,False,False,/Users/fish/Documents/GitHub/column_chromatography_prediction/experiments/e2_4g_active_learning/row_seed_42/hybrid/round_5/checkpoints/member_1_seed_4201/best.pt,4699d01cbd713a18aa2fbac00cf0e31b43afdf5e1fa952ba074caecb2b20cb30,208,308,0.108139226547842,443,57,775476,775476,c2cff5afb7ce404d3bef2832441caa1cfde8b27b4c7d2fb9102977b0456477a8,6a7422e1a57a3a4007ba42c1816636b87079fdfa1d04185b9c3bbb1dc2b01171,a662a6a643614ec75e1cf33c79d9ed75ae400ab3f4c103150651ef1a5bfeada7,seeded_random,full_source_free,7c5b931c947120a97d9675bca200b8d9acee1bd1483c0ed3626aac365eb6d5c5,hybrid,5
42,2,4202,107.61969062499702,False,500,243,False,False,/Users/fish/Documents/GitHub/column_chromatography_prediction/experiments/e2_4g_active_learning/row_seed_42/hybrid/round_5/checkpoints/member_2_seed_4202/best.pt,5f34dd460c645df30fc2c6449618570b6555ba3a70103ae19cf9d05b35b71447,143,243,0.1183149683231722,443,57,775476,775476,c2cff5afb7ce404d3bef2832441caa1cfde8b27b4c7d2fb9102977b0456477a8,6a7422e1a57a3a4007ba42c1816636b87079fdfa1d04185b9c3bbb1dc2b01171,a662a6a643614ec75e1cf33c79d9ed75ae400ab3f4c103150651ef1a5bfeada7,seeded_random,full_source_free,7c5b931c947120a97d9675bca200b8d9acee1bd1483c0ed3626aac365eb6d5c5,hybrid,5
42,0,4200,156.33375975000672,False,500,299,False,False,/Users/fish/Documents/GitHub/column_chromatography_prediction/experiments/e2_4g_active_learning/row_seed_42/hybrid/round_6/checkpoints/member_0_seed_4200/best.pt,dc9e887c58b96523308055548f5108dca06fe0bcb2debe346b356fd3bbc28a6f,199,299,0.1384555673750355,468,57,775476,775476,c2cff5afb7ce404d3bef2832441caa1cfde8b27b4c7d2fb9102977b0456477a8,8166c38088ccf17e4bd61f1d6a0a81566dce4a9f643bce0daa9ad06b1b61312d,a662a6a643614ec75e1cf33c79d9ed75ae400ab3f4c103150651ef1a5bfeada7,seeded_random,full_source_free,7c5b931c947120a97d9675bca200b8d9acee1bd1483c0ed3626aac365eb6d5c5,hybrid,6
42,1,4201,145.62974758306518,False,500,247,False,False,/Users/fish/Documents/GitHub/column_chromatography_prediction/experiments/e2_4g_active_learning/row_seed_42/hybrid/round_6/checkpoints/member_1_seed_4201/best.pt,6a926487b01ec349afad8a76463ea47d6c6d11cd4fbf8af7913bb513a54bc5f6,147,247,0.0964427580672648,468,57,775476,775476,c2cff5afb7ce404d3bef2832441caa1cfde8b27b4c7d2fb9102977b0456477a8,8166c38088ccf17e4bd61f1d6a0a81566dce4a9f643bce0daa9ad06b1b61312d,a662a6a643614ec75e1cf33c79d9ed75ae400ab3f4c103150651ef1a5bfeada7,seeded_random,full_source_free,7c5b931c947120a97d9675bca200b8d9acee1bd1483c0ed3626aac365eb6d5c5,hybrid,6
42,2,4202,198.1704850420356,False,500,308,False,False,/Users/fish/Documents/GitHub/column_chromatography_prediction/experiments/e2_4g_active_learning/row_seed_42/hybrid/round_6/checkpoints/member_2_seed_4202/best.pt,ad4098adf61b2e83201aa257392952ade427dfa21ab910124d17326ba58642cd,208,308,0.1003788639208769,468,57,775476,775476,c2cff5afb7ce404d3bef2832441caa1cfde8b27b4c7d2fb9102977b0456477a8,8166c38088ccf17e4bd61f1d6a0a81566dce4a9f643bce0daa9ad06b1b61312d,a662a6a643614ec75e1cf33c79d9ed75ae400ab3f4c103150651ef1a5bfeada7,seeded_random,full_source_free,7c5b931c947120a97d9675bca200b8d9acee1bd1483c0ed3626aac365eb6d5c5,hybrid,6
42,0,4200,192.96688379102852,False,500,311,False,False,/Users/fish/Documents/GitHub/column_chromatography_prediction/experiments/e2_4g_active_learning/row_seed_42/hybrid/round_7/checkpoints/member_0_seed_4200/best.pt,56dbc515576c2e62db8363a3ddfee95d482725a6fbc58de5e61d4aba87e2ec4a,211,311,0.1004105916092691,493,57,775476,775476,c2cff5afb7ce404d3bef2832441caa1cfde8b27b4c7d2fb9102977b0456477a8,ac2ec2e18be7c2756dcc1e81915f7cac95b65d5e307111780ad47e36b7838866,a662a6a643614ec75e1cf33c79d9ed75ae400ab3f4c103150651ef1a5bfeada7,seeded_random,full_source_free,7c5b931c947120a97d9675bca200b8d9acee1bd1483c0ed3626aac365eb6d5c5,hybrid,7
42,1,4201,183.27357525005937,False,500,272,False,False,/Users/fish/Documents/GitHub/column_chromatography_prediction/experiments/e2_4g_active_learning/row_seed_42/hybrid/round_7/checkpoints/member_1_seed_4201/best.pt,9a013e03e247e9f8d3fb20e1e2489293271aa4522b306c2db73474cda3faf495,172,272,0.1019172580101893,493,57,775476,775476,c2cff5afb7ce404d3bef2832441caa1cfde8b27b4c7d2fb9102977b0456477a8,ac2ec2e18be7c2756dcc1e81915f7cac95b65d5e307111780ad47e36b7838866,a662a6a643614ec75e1cf33c79d9ed75ae400ab3f4c103150651ef1a5bfeada7,seeded_random,full_source_free,7c5b931c947120a97d9675bca200b8d9acee1bd1483c0ed3626aac365eb6d5c5,hybrid,7
42,2,4202,176.93217162496876,False,500,276,False,False,/Users/fish/Documents/GitHub/column_chromatography_prediction/experiments/e2_4g_active_learning/row_seed_42/hybrid/round_7/checkpoints/member_2_seed_4202/best.pt,9295edc6a11e8aa15a7250963dca4bf3da9122249908338b50a547db824d3cca,176,276,0.0950140655325904,493,57,775476,775476,c2cff5afb7ce404d3bef2832441caa1cfde8b27b4c7d2fb9102977b0456477a8,ac2ec2e18be7c2756dcc1e81915f7cac95b65d5e307111780ad47e36b7838866,a662a6a643614ec75e1cf33c79d9ed75ae400ab3f4c103150651ef1a5bfeada7,seeded_random,full_source_free,7c5b931c947120a97d9675bca200b8d9acee1bd1483c0ed3626aac365eb6d5c5,hybrid,7
42,0,4200,229.87069433298893,False,500,322,False,False,/Users/fish/Documents/GitHub/column_chromatography_prediction/experiments/e2_4g_active_learning/row_seed_42/hybrid/round_8/checkpoints/member_0_seed_4200/best.pt,73b4db779fa12c4b9d5028823193ddddbabb748de8556b5227e199b45f5d5a8a,222,322,0.0932535586016144,518,57,775476,775476,c2cff5afb7ce404d3bef2832441caa1cfde8b27b4c7d2fb9102977b0456477a8,1539d4a48299fdc488ad3b317642f5e18b2560c2952da5574322d5972144081a,a662a6a643614ec75e1cf33c79d9ed75ae400ab3f4c103150651ef1a5bfeada7,seeded_random,full_source_free,7c5b931c947120a97d9675bca200b8d9acee1bd1483c0ed3626aac365eb6d5c5,hybrid,8
42,1,4201,273.4446747909533,False,500,414,False,False,/Users/fish/Documents/GitHub/column_chromatography_prediction/experiments/e2_4g_active_learning/row_seed_42/hybrid/round_8/checkpoints/member_1_seed_4201/best.pt,c122e424eb156ec6382f3e32b7a90eb04d8b48765d52a65dc28a656233fbd55c,314,414,0.0922874388426133,518,57,775476,775476,c2cff5afb7ce404d3bef2832441caa1cfde8b27b4c7d2fb9102977b0456477a8,1539d4a48299fdc488ad3b317642f5e18b2560c2952da5574322d5972144081a,a662a6a643614ec75e1cf33c79d9ed75ae400ab3f4c103150651ef1a5bfeada7,seeded_random,full_source_free,7c5b931c947120a97d9675bca200b8d9acee1bd1483c0ed3626aac365eb6d5c5,hybrid,8
42,2,4202,163.4055170409847,False,500,245,False,False,/Users/fish/Documents/GitHub/column_chromatography_prediction/experiments/e2_4g_active_learning/row_seed_42/hybrid/round_8/checkpoints/member_2_seed_4202/best.pt,9ba63e0163bedadf22583298363fff41c3bb8ffc2dad939a6cece445a91e63c9,145,245,0.0969669214116182,518,57,775476,775476,c2cff5afb7ce404d3bef2832441caa1cfde8b27b4c7d2fb9102977b0456477a8,1539d4a48299fdc488ad3b317642f5e18b2560c2952da5574322d5972144081a,a662a6a643614ec75e1cf33c79d9ed75ae400ab3f4c103150651ef1a5bfeada7,seeded_random,full_source_free,7c5b931c947120a97d9675bca200b8d9acee1bd1483c0ed3626aac365eb6d5c5,hybrid,8
42,0,4200,0.0,True,500,159,False,False,/Users/fish/Documents/GitHub/column_chromatography_prediction/experiments/e2_4g_active_learning/row_seed_42/shared_round_0/member_0_seed_4200/best.pt,11dbc5394698bf8d228d976daef1d3022f12dcca8db7040d01c548f81bbf1bf5,59,159,0.8644910498953251,318,57,775476,775476,c2cff5afb7ce404d3bef2832441caa1cfde8b27b4c7d2fb9102977b0456477a8,6fff13b9ab58f9fb958ada0427cbd58280d8cc5218d8cd2369cde8ae5af47972,a662a6a643614ec75e1cf33c79d9ed75ae400ab3f4c103150651ef1a5bfeada7,seeded_random,full_source_free,7c5b931c947120a97d9675bca200b8d9acee1bd1483c0ed3626aac365eb6d5c5,random,0
42,1,4201,0.0,True,500,285,False,False,/Users/fish/Documents/GitHub/column_chromatography_prediction/experiments/e2_4g_active_learning/row_seed_42/shared_round_0/member_1_seed_4201/best.pt,d75a0f048f220a2800d770b692da8512f943d0ee5f70241f6411121d407512c2,185,285,0.573775097183201,318,57,775476,775476,c2cff5afb7ce404d3bef2832441caa1cfde8b27b4c7d2fb9102977b0456477a8,6fff13b9ab58f9fb958ada0427cbd58280d8cc5218d8cd2369cde8ae5af47972,a662a6a643614ec75e1cf33c79d9ed75ae400ab3f4c103150651ef1a5bfeada7,seeded_random,full_source_free,7c5b931c947120a97d9675bca200b8d9acee1bd1483c0ed3626aac365eb6d5c5,random,0
42,2,4202,0.0,True,500,185,False,False,/Users/fish/Documents/GitHub/column_chromatography_prediction/experiments/e2_4g_active_learning/row_seed_42/shared_round_0/member_2_seed_4202/best.pt,a48f70d8084f9394c5e5565f252c2c7ebfab2deec48f536338b82cad0c8eadef,85,185,0.6120099672519419,318,57,775476,775476,c2cff5afb7ce404d3bef2832441caa1cfde8b27b4c7d2fb9102977b0456477a8,6fff13b9ab58f9fb958ada0427cbd58280d8cc5218d8cd2369cde8ae5af47972,a662a6a643614ec75e1cf33c79d9ed75ae400ab3f4c103150651ef1a5bfeada7,seeded_random,full_source_free,7c5b931c947120a97d9675bca200b8d9acee1bd1483c0ed3626aac365eb6d5c5,random,0
42,0,4200,0.0,True,500,158,False,False,/Users/fish/Documents/GitHub/column_chromatography_prediction/experiments/e2_4g_active_learning/row_seed_42/random/round_1/checkpoints/member_0_seed_4200/best.pt,d300ca9e301d19ba1fe4bcdc6180cf8581572f902a608f90e1604a48b56717f1,58,158,0.8750741021077133,343,57,775476,775476,c2cff5afb7ce404d3bef2832441caa1cfde8b27b4c7d2fb9102977b0456477a8,66026310a0d4d84f28def774ebee20c5f5642a3aad9458a3e86606efdf4441a8,a662a6a643614ec75e1cf33c79d9ed75ae400ab3f4c103150651ef1a5bfeada7,seeded_random,full_source_free,7c5b931c947120a97d9675bca200b8d9acee1bd1483c0ed3626aac365eb6d5c5,random,1
42,1,4201,0.0,True,500,253,False,False,/Users/fish/Documents/GitHub/column_chromatography_prediction/experiments/e2_4g_active_learning/row_seed_42/random/round_1/checkpoints/member_1_seed_4201/best.pt,fcde33f1f40121f950cd79b5478c1f0a60b4aa931dd451a1bb36e3d6a855e821,153,253,0.5293258445357145,343,57,775476,775476,c2cff5afb7ce404d3bef2832441caa1cfde8b27b4c7d2fb9102977b0456477a8,66026310a0d4d84f28def774ebee20c5f5642a3aad9458a3e86606efdf4441a8,a662a6a643614ec75e1cf33c79d9ed75ae400ab3f4c103150651ef1a5bfeada7,seeded_random,full_source_free,7c5b931c947120a97d9675bca200b8d9acee1bd1483c0ed3626aac365eb6d5c5,random,1
42,2,4202,0.0,True,500,212,False,False,/Users/fish/Documents/GitHub/column_chromatography_prediction/experiments/e2_4g_active_learning/row_seed_42/random/round_1/checkpoints/member_2_seed_4202/best.pt,a49a1abbefcd2d560391b448d9ffeec8e65e955e2fe6943c3e8c453ac32c358a,112,212,0.5358728573910819,343,57,775476,775476,c2cff5afb7ce404d3bef2832441caa1cfde8b27b4c7d2fb9102977b0456477a8,66026310a0d4d84f28def774ebee20c5f5642a3aad9458a3e86606efdf4441a8,a662a6a643614ec75e1cf33c79d9ed75ae400ab3f4c103150651ef1a5bfeada7,seeded_random,full_source_free,7c5b931c947120a97d9675bca200b8d9acee1bd1483c0ed3626aac365eb6d5c5,random,1
42,0,4200,0.0,True,500,386,False,False,/Users/fish/Documents/GitHub/column_chromatography_prediction/experiments/e2_4g_active_learning/row_seed_42/random/round_2/checkpoints/member_0_seed_4200/best.pt,21437d84de1f45ffed89799f4213ee810d6e00a7337f06c3085341d3dbc4ceb6,286,386,0.7886714424940332,368,57,775476,775476,c2cff5afb7ce404d3bef2832441caa1cfde8b27b4c7d2fb9102977b0456477a8,90af6df071624a771c461cd54cfbdca752d08e397a8b5fc50e18b81eeb7e03ad,a662a6a643614ec75e1cf33c79d9ed75ae400ab3f4c103150651ef1a5bfeada7,seeded_random,full_source_free,7c5b931c947120a97d9675bca200b8d9acee1bd1483c0ed3626aac365eb6d5c5,random,2
42,1,4201,0.0,True,500,245,False,False,/Users/fish/Documents/GitHub/column_chromatography_prediction/experiments/e2_4g_active_learning/row_seed_42/random/round_2/checkpoints/member_1_seed_4201/best.pt,d6005ac6e235d3cf8cd171291bfd30a9cb2f145b091100747ad87eddf097d83c,145,245,0.4893264923935344,368,57,775476,775476,c2cff5afb7ce404d3bef2832441caa1cfde8b27b4c7d2fb9102977b0456477a8,90af6df071624a771c461cd54cfbdca752d08e397a8b5fc50e18b81eeb7e03ad,a662a6a643614ec75e1cf33c79d9ed75ae400ab3f4c103150651ef1a5bfeada7,seeded_random,full_source_free,7c5b931c947120a97d9675bca200b8d9acee1bd1483c0ed3626aac365eb6d5c5,random,2
42,2,4202,0.0,True,500,290,False,False,/Users/fish/Documents/GitHub/column_chromatography_prediction/experiments/e2_4g_active_learning/row_seed_42/random/round_2/checkpoints/member_2_seed_4202/best.pt,52bd76d5cf30fb9fdb4c17e956c2b1bc1d6a04aade113faf4320f61d7802ab1d,190,290,0.4342382017194197,368,57,775476,775476,c2cff5afb7ce404d3bef2832441caa1cfde8b27b4c7d2fb9102977b0456477a8,90af6df071624a771c461cd54cfbdca752d08e397a8b5fc50e18b81eeb7e03ad,a662a6a643614ec75e1cf33c79d9ed75ae400ab3f4c103150651ef1a5bfeada7,seeded_random,full_source_free,7c5b931c947120a97d9675bca200b8d9acee1bd1483c0ed3626aac365eb6d5c5,random,2
42,0,4200,0.0,True,500,159,False,False,/Users/fish/Documents/GitHub/column_chromatography_prediction/experiments/e2_4g_active_learning/row_seed_42/random/round_3/checkpoints/member_0_seed_4200/best.pt,0eb6979266f0e6a96b94b5fb62486ca9595d8e9532ad4d549acb355fd415918b,59,159,0.8284089923334611,393,57,775476,775476,c2cff5afb7ce404d3bef2832441caa1cfde8b27b4c7d2fb9102977b0456477a8,216c8a40c4cd7f8bbd5b98c2b7b7ecb1cd719ab374d41ccbb9fd51ce64c4c834,a662a6a643614ec75e1cf33c79d9ed75ae400ab3f4c103150651ef1a5bfeada7,seeded_random,full_source_free,7c5b931c947120a97d9675bca200b8d9acee1bd1483c0ed3626aac365eb6d5c5,random,3
42,1,4201,0.0,True,500,261,False,False,/Users/fish/Documents/GitHub/column_chromatography_prediction/experiments/e2_4g_active_learning/row_seed_42/random/round_3/checkpoints/member_1_seed_4201/best.pt,4d96ea6dc60c881c295f21d00bf86fedc04f4354318c0a54c13656ed04ac8664,161,261,0.5236263433282962,393,57,775476,775476,c2cff5afb7ce404d3bef2832441caa1cfde8b27b4c7d2fb9102977b0456477a8,216c8a40c4cd7f8bbd5b98c2b7b7ecb1cd719ab374d41ccbb9fd51ce64c4c834,a662a6a643614ec75e1cf33c79d9ed75ae400ab3f4c103150651ef1a5bfeada7,seeded_random,full_source_free,7c5b931c947120a97d9675bca200b8d9acee1bd1483c0ed3626aac365eb6d5c5,random,3
42,2,4202,0.0,True,500,199,False,False,/Users/fish/Documents/GitHub/column_chromatography_prediction/experiments/e2_4g_active_learning/row_seed_42/random/round_3/checkpoints/member_2_seed_4202/best.pt,89d29372b77478e0b06dce44c0eb0c7f48f69de3f0ca9107577e99fc29ca7d3f,99,199,0.4824205330585803,393,57,775476,775476,c2cff5afb7ce404d3bef2832441caa1cfde8b27b4c7d2fb9102977b0456477a8,216c8a40c4cd7f8bbd5b98c2b7b7ecb1cd719ab374d41ccbb9fd51ce64c4c834,a662a6a643614ec75e1cf33c79d9ed75ae400ab3f4c103150651ef1a5bfeada7,seeded_random,full_source_free,7c5b931c947120a97d9675bca200b8d9acee1bd1483c0ed3626aac365eb6d5c5,random,3
42,0,4200,0.0,True,500,152,False,False,/Users/fish/Documents/GitHub/column_chromatography_prediction/experiments/e2_4g_active_learning/row_seed_42/random/round_4/checkpoints/member_0_seed_4200/best.pt,17de5b71eaadb14114f2f171fb6032cda9a0f4294508748757d923e7d12fea47,52,152,1.062956105760252,418,57,775476,775476,c2cff5afb7ce404d3bef2832441caa1cfde8b27b4c7d2fb9102977b0456477a8,65a839945ca1e6ecd330ca03f0e519b2a6121bd197044a204f59dbc75611c4f6,a662a6a643614ec75e1cf33c79d9ed75ae400ab3f4c103150651ef1a5bfeada7,seeded_random,full_source_free,7c5b931c947120a97d9675bca200b8d9acee1bd1483c0ed3626aac365eb6d5c5,random,4
42,1,4201,0.0,True,500,500,True,False,/Users/fish/Documents/GitHub/column_chromatography_prediction/experiments/e2_4g_active_learning/row_seed_42/random/round_4/checkpoints/member_1_seed_4201/best.pt,6b7787b398851a97ae19f798e362ab7002752e82fb5af498fa8c51f909587330,405,500,0.555049257297153,418,57,775476,775476,c2cff5afb7ce404d3bef2832441caa1cfde8b27b4c7d2fb9102977b0456477a8,65a839945ca1e6ecd330ca03f0e519b2a6121bd197044a204f59dbc75611c4f6,a662a6a643614ec75e1cf33c79d9ed75ae400ab3f4c103150651ef1a5bfeada7,seeded_random,full_source_free,7c5b931c947120a97d9675bca200b8d9acee1bd1483c0ed3626aac365eb6d5c5,random,4
42,2,4202,0.0,True,500,384,False,False,/Users/fish/Documents/GitHub/column_chromatography_prediction/experiments/e2_4g_active_learning/row_seed_42/random/round_4/checkpoints/member_2_seed_4202/best.pt,c50849a6a2779e81bdd87c1c9d6014d00574547a61ef59727d9b19d971b82cc5,284,384,0.5784289076591895,418,57,775476,775476,c2cff5afb7ce404d3bef2832441caa1cfde8b27b4c7d2fb9102977b0456477a8,65a839945ca1e6ecd330ca03f0e519b2a6121bd197044a204f59dbc75611c4f6,a662a6a643614ec75e1cf33c79d9ed75ae400ab3f4c103150651ef1a5bfeada7,seeded_random,full_source_free,7c5b931c947120a97d9675bca200b8d9acee1bd1483c0ed3626aac365eb6d5c5,random,4
42,0,4200,0.0,True,500,166,False,False,/Users/fish/Documents/GitHub/column_chromatography_prediction/experiments/e2_4g_active_learning/row_seed_42/random/round_5/checkpoints/member_0_seed_4200/best.pt,c88187b192453ea023296c1cad3eb1de5eb270cd8863990bdb4fc1d05ea6a595,66,166,0.7908909188718548,443,57,775476,775476,c2cff5afb7ce404d3bef2832441caa1cfde8b27b4c7d2fb9102977b0456477a8,34d004d7952ddda645812805629ce09ed8beb2c2aa016491a0fa61bbde9c5798,a662a6a643614ec75e1cf33c79d9ed75ae400ab3f4c103150651ef1a5bfeada7,seeded_random,full_source_free,7c5b931c947120a97d9675bca200b8d9acee1bd1483c0ed3626aac365eb6d5c5,random,5
42,1,4201,0.0,True,500,278,False,False,/Users/fish/Documents/GitHub/column_chromatography_prediction/experiments/e2_4g_active_learning/row_seed_42/random/round_5/checkpoints/member_1_seed_4201/best.pt,cc535e6908150ad0f7b2e9a832b9763a65d68f885c13ee66a83236e5c7d4de63,178,278,0.3998017775536181,443,57,775476,775476,c2cff5afb7ce404d3bef2832441caa1cfde8b27b4c7d2fb9102977b0456477a8,34d004d7952ddda645812805629ce09ed8beb2c2aa016491a0fa61bbde9c5798,a662a6a643614ec75e1cf33c79d9ed75ae400ab3f4c103150651ef1a5bfeada7,seeded_random,full_source_free,7c5b931c947120a97d9675bca200b8d9acee1bd1483c0ed3626aac365eb6d5c5,random,5
42,2,4202,0.0,True,500,265,False,False,/Users/fish/Documents/GitHub/column_chromatography_prediction/experiments/e2_4g_active_learning/row_seed_42/random/round_5/checkpoints/member_2_seed_4202/best.pt,8953e825947b2e76652633b3f8b2e16a901795a4b20fa8266410d6dea470899d,165,265,0.4038153274094653,443,57,775476,775476,c2cff5afb7ce404d3bef2832441caa1cfde8b27b4c7d2fb9102977b0456477a8,34d004d7952ddda645812805629ce09ed8beb2c2aa016491a0fa61bbde9c5798,a662a6a643614ec75e1cf33c79d9ed75ae400ab3f4c103150651ef1a5bfeada7,seeded_random,full_source_free,7c5b931c947120a97d9675bca200b8d9acee1bd1483c0ed3626aac365eb6d5c5,random,5
42,0,4200,0.0,True,500,188,False,False,/Users/fish/Documents/GitHub/column_chromatography_prediction/experiments/e2_4g_active_learning/row_seed_42/random/round_6/checkpoints/member_0_seed_4200/best.pt,cfda92c64a44c08962e1e77f45ba1eb4f062ad4fe1263a65b2a6d3fb46df18db,88,188,0.6590609279192952,468,57,775476,775476,c2cff5afb7ce404d3bef2832441caa1cfde8b27b4c7d2fb9102977b0456477a8,7c9817915e29133d350037c23fc3a936a757034d4d4577b0fe19c83dfb01645e,a662a6a643614ec75e1cf33c79d9ed75ae400ab3f4c103150651ef1a5bfeada7,seeded_random,full_source_free,7c5b931c947120a97d9675bca200b8d9acee1bd1483c0ed3626aac365eb6d5c5,random,6
42,1,4201,0.0,True,500,316,False,False,/Users/fish/Documents/GitHub/column_chromatography_prediction/experiments/e2_4g_active_learning/row_seed_42/random/round_6/checkpoints/member_1_seed_4201/best.pt,3bb2ebcdf8ff74e90839f289aa7402886cf8816c5044dbaa21e149a84444981b,216,316,0.3241209446885997,468,57,775476,775476,c2cff5afb7ce404d3bef2832441caa1cfde8b27b4c7d2fb9102977b0456477a8,7c9817915e29133d350037c23fc3a936a757034d4d4577b0fe19c83dfb01645e,a662a6a643614ec75e1cf33c79d9ed75ae400ab3f4c103150651ef1a5bfeada7,seeded_random,full_source_free,7c5b931c947120a97d9675bca200b8d9acee1bd1483c0ed3626aac365eb6d5c5,random,6
42,2,4202,0.0,True,500,212,False,False,/Users/fish/Documents/GitHub/column_chromatography_prediction/experiments/e2_4g_active_learning/row_seed_42/random/round_6/checkpoints/member_2_seed_4202/best.pt,4c2c3508298a79b7e94f09152850302e87fede2d871107fb95b803cdf2d6db2c,112,212,0.4080866053638093,468,57,775476,775476,c2cff5afb7ce404d3bef2832441caa1cfde8b27b4c7d2fb9102977b0456477a8,7c9817915e29133d350037c23fc3a936a757034d4d4577b0fe19c83dfb01645e,a662a6a643614ec75e1cf33c79d9ed75ae400ab3f4c103150651ef1a5bfeada7,seeded_random,full_source_free,7c5b931c947120a97d9675bca200b8d9acee1bd1483c0ed3626aac365eb6d5c5,random,6
42,0,4200,0.0,True,500,184,False,False,/Users/fish/Documents/GitHub/column_chromatography_prediction/experiments/e2_4g_active_learning/row_seed_42/random/round_7/checkpoints/member_0_seed_4200/best.pt,9108082b54dc86f03964349edacae84cc4c801651d456c51a9f24f0f4a1fb124,84,184,0.8060585516809373,493,57,775476,775476,c2cff5afb7ce404d3bef2832441caa1cfde8b27b4c7d2fb9102977b0456477a8,c758b2bc61b3127fc240046996749740548ca66d6f9cb4f479b10f8fcdad3341,a662a6a643614ec75e1cf33c79d9ed75ae400ab3f4c103150651ef1a5bfeada7,seeded_random,full_source_free,7c5b931c947120a97d9675bca200b8d9acee1bd1483c0ed3626aac365eb6d5c5,random,7
42,1,4201,0.0,True,500,285,False,False,/Users/fish/Documents/GitHub/column_chromatography_prediction/experiments/e2_4g_active_learning/row_seed_42/random/round_7/checkpoints/member_1_seed_4201/best.pt,4b0a366bea67fedf7b7c1dc6e74f6291330bc4ff13fc401b1adbb12ddaee8ef5,185,285,0.4308803111404969,493,57,775476,775476,c2cff5afb7ce404d3bef2832441caa1cfde8b27b4c7d2fb9102977b0456477a8,c758b2bc61b3127fc240046996749740548ca66d6f9cb4f479b10f8fcdad3341,a662a6a643614ec75e1cf33c79d9ed75ae400ab3f4c103150651ef1a5bfeada7,seeded_random,full_source_free,7c5b931c947120a97d9675bca200b8d9acee1bd1483c0ed3626aac365eb6d5c5,random,7
42,2,4202,0.0,True,500,321,False,False,/Users/fish/Documents/GitHub/column_chromatography_prediction/experiments/e2_4g_active_learning/row_seed_42/random/round_7/checkpoints/member_2_seed_4202/best.pt,506b7d581b81c305c6351ce33831fe1176eaa0b80c2b1eb2a895cea2e623593a,221,321,0.3218036992407157,493,57,775476,775476,c2cff5afb7ce404d3bef2832441caa1cfde8b27b4c7d2fb9102977b0456477a8,c758b2bc61b3127fc240046996749740548ca66d6f9cb4f479b10f8fcdad3341,a662a6a643614ec75e1cf33c79d9ed75ae400ab3f4c103150651ef1a5bfeada7,seeded_random,full_source_free,7c5b931c947120a97d9675bca200b8d9acee1bd1483c0ed3626aac365eb6d5c5,random,7
42,0,4200,0.0,True,500,189,False,False,/Users/fish/Documents/GitHub/column_chromatography_prediction/experiments/e2_4g_active_learning/row_seed_42/random/round_8/checkpoints/member_0_seed_4200/best.pt,c347ea8eac9e0ea5c26aa94a859e0a91d83cfecc0ae533271bd5b37dcc2e27bb,89,189,0.7027374767169049,518,57,775476,775476,c2cff5afb7ce404d3bef2832441caa1cfde8b27b4c7d2fb9102977b0456477a8,a24180b064dd4a4a9ffab12f36dbe60544ca418a953fe99861d93a64e13bfb29,a662a6a643614ec75e1cf33c79d9ed75ae400ab3f4c103150651ef1a5bfeada7,seeded_random,full_source_free,7c5b931c947120a97d9675bca200b8d9acee1bd1483c0ed3626aac365eb6d5c5,random,8
42,1,4201,0.0,True,500,247,False,False,/Users/fish/Documents/GitHub/column_chromatography_prediction/experiments/e2_4g_active_learning/row_seed_42/random/round_8/checkpoints/member_1_seed_4201/best.pt,72e451d6148214f282407cddd92e3efc263d9af11f06b9cef6adc5a54b3ade84,147,247,0.4114518659663365,518,57,775476,775476,c2cff5afb7ce404d3bef2832441caa1cfde8b27b4c7d2fb9102977b0456477a8,a24180b064dd4a4a9ffab12f36dbe60544ca418a953fe99861d93a64e13bfb29,a662a6a643614ec75e1cf33c79d9ed75ae400ab3f4c103150651ef1a5bfeada7,seeded_random,full_source_free,7c5b931c947120a97d9675bca200b8d9acee1bd1483c0ed3626aac365eb6d5c5,random,8
42,2,4202,0.0,True,500,256,False,False,/Users/fish/Documents/GitHub/column_chromatography_prediction/experiments/e2_4g_active_learning/row_seed_42/random/round_8/checkpoints/member_2_seed_4202/best.pt,332e4071654aad2c485ae272e709d9503ba37a82e0c186914d3c5016884c6378,156,256,0.3563022610776539,518,57,775476,775476,c2cff5afb7ce404d3bef2832441caa1cfde8b27b4c7d2fb9102977b0456477a8,a24180b064dd4a4a9ffab12f36dbe60544ca418a953fe99861d93a64e13bfb29,a662a6a643614ec75e1cf33c79d9ed75ae400ab3f4c103150651ef1a5bfeada7,seeded_random,full_source_free,7c5b931c947120a97d9675bca200b8d9acee1bd1483c0ed3626aac365eb6d5c5,random,8
525,0,52500,0.0,True,500,239,False,False,/Users/fish/Documents/GitHub/column_chromatography_prediction/experiments/e2_4g_active_learning/row_seed_525/shared_round_0/member_0_seed_52500/best.pt,adcf9cc0a946b45913e4a0fab3dfa3753857f5c30eefa8241ebd76812c290964,139,239,0.3779091887657659,318,57,775476,775476,c2cff5afb7ce404d3bef2832441caa1cfde8b27b4c7d2fb9102977b0456477a8,6073f3049a18dbae58cae5ab480fd2cf72b6ae07c937670adeaed2460f1cf9b2,de5df2b182256d45e13e1d041ff4fb5190e00810dfe19101298438c566bfda12,seeded_random,full_source_free,48a36f413fda5e0df37a963134c2d89accbcb5c11457c6a5c8d8ddf042ccb0e5,coverage,0
525,1,52501,0.0,True,500,293,False,False,/Users/fish/Documents/GitHub/column_chromatography_prediction/experiments/e2_4g_active_learning/row_seed_525/shared_round_0/member_1_seed_52501/best.pt,bf78eadda7bc1954793d13f5022e3988a4c0261cdf2800e508abf4571d6bc878,193,293,0.3026599595455547,318,57,775476,775476,c2cff5afb7ce404d3bef2832441caa1cfde8b27b4c7d2fb9102977b0456477a8,6073f3049a18dbae58cae5ab480fd2cf72b6ae07c937670adeaed2460f1cf9b2,de5df2b182256d45e13e1d041ff4fb5190e00810dfe19101298438c566bfda12,seeded_random,full_source_free,48a36f413fda5e0df37a963134c2d89accbcb5c11457c6a5c8d8ddf042ccb0e5,coverage,0
525,2,52502,0.0,True,500,268,False,False,/Users/fish/Documents/GitHub/column_chromatography_prediction/experiments/e2_4g_active_learning/row_seed_525/shared_round_0/member_2_seed_52502/best.pt,071a84f7e8b0b47a9e9a306549f1128b45f99897ac476eb6422320a801267227,168,268,0.3922562924614468,318,57,775476,775476,c2cff5afb7ce404d3bef2832441caa1cfde8b27b4c7d2fb9102977b0456477a8,6073f3049a18dbae58cae5ab480fd2cf72b6ae07c937670adeaed2460f1cf9b2,de5df2b182256d45e13e1d041ff4fb5190e00810dfe19101298438c566bfda12,seeded_random,full_source_free,48a36f413fda5e0df37a963134c2d89accbcb5c11457c6a5c8d8ddf042ccb0e5,coverage,0
525,0,52500,0.0,True,500,169,False,False,/Users/fish/Documents/GitHub/column_chromatography_prediction/experiments/e2_4g_active_learning/row_seed_525/coverage/round_1/checkpoints/member_0_seed_52500/best.pt,c32d54eddbd12ada3831e40e3b9d1f5db7ee22d810a37d009ba89037a24c49d8,69,169,0.3481146412491113,343,57,775476,775476,c2cff5afb7ce404d3bef2832441caa1cfde8b27b4c7d2fb9102977b0456477a8,9769269da170923a6b0ed4c039654341ff17d8ebbc4492de070664f1b483099f,de5df2b182256d45e13e1d041ff4fb5190e00810dfe19101298438c566bfda12,seeded_random,full_source_free,48a36f413fda5e0df37a963134c2d89accbcb5c11457c6a5c8d8ddf042ccb0e5,coverage,1
525,1,52501,0.0,True,500,457,False,False,/Users/fish/Documents/GitHub/column_chromatography_prediction/experiments/e2_4g_active_learning/row_seed_525/coverage/round_1/checkpoints/member_1_seed_52501/best.pt,2b4a795e68b39794c23dd91a8d7ea4810b04b086e057a2a04e7d39e383a4a867,357,457,0.315991582898268,343,57,775476,775476,c2cff5afb7ce404d3bef2832441caa1cfde8b27b4c7d2fb9102977b0456477a8,9769269da170923a6b0ed4c039654341ff17d8ebbc4492de070664f1b483099f,de5df2b182256d45e13e1d041ff4fb5190e00810dfe19101298438c566bfda12,seeded_random,full_source_free,48a36f413fda5e0df37a963134c2d89accbcb5c11457c6a5c8d8ddf042ccb0e5,coverage,1
525,2,52502,0.0,True,500,244,False,False,/Users/fish/Documents/GitHub/column_chromatography_prediction/experiments/e2_4g_active_learning/row_seed_525/coverage/round_1/checkpoints/member_2_seed_52502/best.pt,7e57b189e23f198b1e57be6a38c04aad5044bfa458ce7052266cea2bb067904d,144,244,0.2919141136385728,343,57,775476,775476,c2cff5afb7ce404d3bef2832441caa1cfde8b27b4c7d2fb9102977b0456477a8,9769269da170923a6b0ed4c039654341ff17d8ebbc4492de070664f1b483099f,de5df2b182256d45e13e1d041ff4fb5190e00810dfe19101298438c566bfda12,seeded_random,full_source_free,48a36f413fda5e0df37a963134c2d89accbcb5c11457c6a5c8d8ddf042ccb0e5,coverage,1
525,0,52500,519.8538755419431,False,500,260,False,False,/Users/fish/Documents/GitHub/column_chromatography_prediction/experiments/e2_4g_active_learning/row_seed_525/coverage/round_2/checkpoints/member_0_seed_52500/best.pt,c121a6051bafe200a9ff3f7fccbf9cf6d591dbccd3813683476266c713b6157b,160,260,0.16608812261771,368,57,775476,775476,c2cff5afb7ce404d3bef2832441caa1cfde8b27b4c7d2fb9102977b0456477a8,1955091b03222e07583535cface8188821777e8ecf839509b0968fb822403521,de5df2b182256d45e13e1d041ff4fb5190e00810dfe19101298438c566bfda12,seeded_random,full_source_free,48a36f413fda5e0df37a963134c2d89accbcb5c11457c6a5c8d8ddf042ccb0e5,coverage,2
525,1,52501,705.57356458297,False,500,372,False,False,/Users/fish/Documents/GitHub/column_chromatography_prediction/experiments/e2_4g_active_learning/row_seed_525/coverage/round_2/checkpoints/member_1_seed_52501/best.pt,e2de32c85525c76862e76d057b9ffd00d016f773eb66b52e0282a8f4b574fe1d,272,372,0.1349432336358697,368,57,775476,775476,c2cff5afb7ce404d3bef2832441caa1cfde8b27b4c7d2fb9102977b0456477a8,1955091b03222e07583535cface8188821777e8ecf839509b0968fb822403521,de5df2b182256d45e13e1d041ff4fb5190e00810dfe19101298438c566bfda12,seeded_random,full_source_free,48a36f413fda5e0df37a963134c2d89accbcb5c11457c6a5c8d8ddf042ccb0e5,coverage,2
525,2,52502,541.421024417039,False,500,280,False,False,/Users/fish/Documents/GitHub/column_chromatography_prediction/experiments/e2_4g_active_learning/row_seed_525/coverage/round_2/checkpoints/member_2_seed_52502/best.pt,b50bbb46d8d4941e9a4e6e9f4adfe25c16a7fcfecd65dcdf8682579e32535655,180,280,0.1725836149664282,368,57,775476,775476,c2cff5afb7ce404d3bef2832441caa1cfde8b27b4c7d2fb9102977b0456477a8,1955091b03222e07583535cface8188821777e8ecf839509b0968fb822403521,de5df2b182256d45e13e1d041ff4fb5190e00810dfe19101298438c566bfda12,seeded_random,full_source_free,48a36f413fda5e0df37a963134c2d89accbcb5c11457c6a5c8d8ddf042ccb0e5,coverage,2
525,0,52500,541.9800547079649,False,500,272,False,False,/Users/fish/Documents/GitHub/column_chromatography_prediction/experiments/e2_4g_active_learning/row_seed_525/coverage/round_3/checkpoints/member_0_seed_52500/best.pt,ab2d3d398cff27f0bc2b22120913c4e9c3a06a9bf71f07014feb1300048793a5,172,272,0.123630795619982,393,57,775476,775476,c2cff5afb7ce404d3bef2832441caa1cfde8b27b4c7d2fb9102977b0456477a8,219801c300e2028bf7107998ff66cfd33f23d688771a484891866ae5145b17d0,de5df2b182256d45e13e1d041ff4fb5190e00810dfe19101298438c566bfda12,seeded_random,full_source_free,48a36f413fda5e0df37a963134c2d89accbcb5c11457c6a5c8d8ddf042ccb0e5,coverage,3
525,1,52501,967.3917114159558,False,500,500,True,False,/Users/fish/Documents/GitHub/column_chromatography_prediction/experiments/e2_4g_active_learning/row_seed_525/coverage/round_3/checkpoints/member_1_seed_52501/best.pt,6bca54753801f3424388759789c31bf2cd7f5b3a50cc72180040c3e939574158,417,500,0.1331865201371168,393,57,775476,775476,c2cff5afb7ce404d3bef2832441caa1cfde8b27b4c7d2fb9102977b0456477a8,219801c300e2028bf7107998ff66cfd33f23d688771a484891866ae5145b17d0,de5df2b182256d45e13e1d041ff4fb5190e00810dfe19101298438c566bfda12,seeded_random,full_source_free,48a36f413fda5e0df37a963134c2d89accbcb5c11457c6a5c8d8ddf042ccb0e5,coverage,3
525,2,52502,597.0528915419709,False,500,305,False,False,/Users/fish/Documents/GitHub/column_chromatography_prediction/experiments/e2_4g_active_learning/row_seed_525/coverage/round_3/checkpoints/member_2_seed_52502/best.pt,14977dd14863e6e56dd0df3c3600749656476e7957ef2b42eebc3acd53859d39,205,305,0.1383647669969232,393,57,775476,775476,c2cff5afb7ce404d3bef2832441caa1cfde8b27b4c7d2fb9102977b0456477a8,219801c300e2028bf7107998ff66cfd33f23d688771a484891866ae5145b17d0,de5df2b182256d45e13e1d041ff4fb5190e00810dfe19101298438c566bfda12,seeded_random,full_source_free,48a36f413fda5e0df37a963134c2d89accbcb5c11457c6a5c8d8ddf042ccb0e5,coverage,3
525,0,52500,659.824705917039,False,500,300,False,False,/Users/fish/Documents/GitHub/column_chromatography_prediction/experiments/e2_4g_active_learning/row_seed_525/coverage/round_4/checkpoints/member_0_seed_52500/best.pt,66a582083ccd16c2774184d8fb2c5922e53156a5ec75de12615fb59bfb4a5d33,200,300,0.1087519413403575,418,57,775476,775476,c2cff5afb7ce404d3bef2832441caa1cfde8b27b4c7d2fb9102977b0456477a8,29302a31a871abd9b5fa5c9f1cd6b28b39a343028af5ee64a3873987fd8d636f,de5df2b182256d45e13e1d041ff4fb5190e00810dfe19101298438c566bfda12,seeded_random,full_source_free,48a36f413fda5e0df37a963134c2d89accbcb5c11457c6a5c8d8ddf042ccb0e5,coverage,4
525,1,52501,497.32331391691696,False,500,357,False,False,/Users/fish/Documents/GitHub/column_chromatography_prediction/experiments/e2_4g_active_learning/row_seed_525/coverage/round_4/checkpoints/member_1_seed_52501/best.pt,628f07337441488dd886811f0e669e4fb4b61b58951948cc1b0ccb463f90a7e8,257,357,0.1257805445655127,418,57,775476,775476,c2cff5afb7ce404d3bef2832441caa1cfde8b27b4c7d2fb9102977b0456477a8,29302a31a871abd9b5fa5c9f1cd6b28b39a343028af5ee64a3873987fd8d636f,de5df2b182256d45e13e1d041ff4fb5190e00810dfe19101298438c566bfda12,seeded_random,full_source_free,48a36f413fda5e0df37a963134c2d89accbcb5c11457c6a5c8d8ddf042ccb0e5,coverage,4
525,2,52502,308.7727109580301,False,500,267,False,False,/Users/fish/Documents/GitHub/column_chromatography_prediction/experiments/e2_4g_active_learning/row_seed_525/coverage/round_4/checkpoints/member_2_seed_52502/best.pt,9fdf31c9b32888b3ff766933e495c03db8f26d1c9e8b876548c16b6153e8965d,167,267,0.1310405448594747,418,57,775476,775476,c2cff5afb7ce404d3bef2832441caa1cfde8b27b4c7d2fb9102977b0456477a8,29302a31a871abd9b5fa5c9f1cd6b28b39a343028af5ee64a3873987fd8d636f,de5df2b182256d45e13e1d041ff4fb5190e00810dfe19101298438c566bfda12,seeded_random,full_source_free,48a36f413fda5e0df37a963134c2d89accbcb5c11457c6a5c8d8ddf042ccb0e5,coverage,4
525,0,52500,332.87527166702785,False,500,273,False,False,/Users/fish/Documents/GitHub/column_chromatography_prediction/experiments/e2_4g_active_learning/row_seed_525/coverage/round_5/checkpoints/member_0_seed_52500/best.pt,cbb6c371f5a461e7ae1f7a21d67bca806a242a47671cbff04a7dc041cec95cac,173,273,0.107292276660252,443,57,775476,775476,c2cff5afb7ce404d3bef2832441caa1cfde8b27b4c7d2fb9102977b0456477a8,78b28fcfd9cec8c38289156bc3a1fb7b405eb535d304cc09cd95257f3d6241a3,de5df2b182256d45e13e1d041ff4fb5190e00810dfe19101298438c566bfda12,seeded_random,full_source_free,48a36f413fda5e0df37a963134c2d89accbcb5c11457c6a5c8d8ddf042ccb0e5,coverage,5
525,1,52501,565.8764560410054,False,500,476,False,False,/Users/fish/Documents/GitHub/column_chromatography_prediction/experiments/e2_4g_active_learning/row_seed_525/coverage/round_5/checkpoints/member_1_seed_52501/best.pt,2a90b51d00efb041d9c01390cd3e32a7d731742f7f98bb21f815875f131197f4,376,476,0.1090351394444154,443,57,775476,775476,c2cff5afb7ce404d3bef2832441caa1cfde8b27b4c7d2fb9102977b0456477a8,78b28fcfd9cec8c38289156bc3a1fb7b405eb535d304cc09cd95257f3d6241a3,de5df2b182256d45e13e1d041ff4fb5190e00810dfe19101298438c566bfda12,seeded_random,full_source_free,48a36f413fda5e0df37a963134c2d89accbcb5c11457c6a5c8d8ddf042ccb0e5,coverage,5
525,2,52502,348.69332770910114,False,500,290,False,False,/Users/fish/Documents/GitHub/column_chromatography_prediction/experiments/e2_4g_active_learning/row_seed_525/coverage/round_5/checkpoints/member_2_seed_52502/best.pt,501fe80e9e187a740a82a3259a3a9a062d674aa25809d8262e0cf7c740acb3c6,190,290,0.1131549311161026,443,57,775476,775476,c2cff5afb7ce404d3bef2832441caa1cfde8b27b4c7d2fb9102977b0456477a8,78b28fcfd9cec8c38289156bc3a1fb7b405eb535d304cc09cd95257f3d6241a3,de5df2b182256d45e13e1d041ff4fb5190e00810dfe19101298438c566bfda12,seeded_random,full_source_free,48a36f413fda5e0df37a963134c2d89accbcb5c11457c6a5c8d8ddf042ccb0e5,coverage,5
525,0,52500,333.0854203749914,False,500,270,False,False,/Users/fish/Documents/GitHub/column_chromatography_prediction/experiments/e2_4g_active_learning/row_seed_525/coverage/round_6/checkpoints/member_0_seed_52500/best.pt,701154d9b2cb1ff93774f433d8456cbf721e28a9ebe706da22e523de81113444,170,270,0.0837880125737748,468,57,775476,775476,c2cff5afb7ce404d3bef2832441caa1cfde8b27b4c7d2fb9102977b0456477a8,d0d937b16426b5d42461b327400f4993b98cc9162d5c8833a29537519dda927f,de5df2b182256d45e13e1d041ff4fb5190e00810dfe19101298438c566bfda12,seeded_random,full_source_free,48a36f413fda5e0df37a963134c2d89accbcb5c11457c6a5c8d8ddf042ccb0e5,coverage,6
525,1,52501,532.7253550000023,False,500,449,False,False,/Users/fish/Documents/GitHub/column_chromatography_prediction/experiments/e2_4g_active_learning/row_seed_525/coverage/round_6/checkpoints/member_1_seed_52501/best.pt,456699e3c338958538f59f925a82a5fe71d6d7aad41cb78869faef3e6cfa4351,349,449,0.0869598158531879,468,57,775476,775476,c2cff5afb7ce404d3bef2832441caa1cfde8b27b4c7d2fb9102977b0456477a8,d0d937b16426b5d42461b327400f4993b98cc9162d5c8833a29537519dda927f,de5df2b182256d45e13e1d041ff4fb5190e00810dfe19101298438c566bfda12,seeded_random,full_source_free,48a36f413fda5e0df37a963134c2d89accbcb5c11457c6a5c8d8ddf042ccb0e5,coverage,6
525,2,52502,413.71758950001094,False,500,348,False,False,/Users/fish/Documents/GitHub/column_chromatography_prediction/experiments/e2_4g_active_learning/row_seed_525/coverage/round_6/checkpoints/member_2_seed_52502/best.pt,76700947eb88fc7d8d3654ccf721c70c35a98018b8e6a485d4457ce7a5b93db7,248,348,0.0945473389345018,468,57,775476,775476,c2cff5afb7ce404d3bef2832441caa1cfde8b27b4c7d2fb9102977b0456477a8,d0d937b16426b5d42461b327400f4993b98cc9162d5c8833a29537519dda927f,de5df2b182256d45e13e1d041ff4fb5190e00810dfe19101298438c566bfda12,seeded_random,full_source_free,48a36f413fda5e0df37a963134c2d89accbcb5c11457c6a5c8d8ddf042ccb0e5,coverage,6
525,0,52500,288.3912707080599,False,500,237,False,False,/Users/fish/Documents/GitHub/column_chromatography_prediction/experiments/e2_4g_active_learning/row_seed_525/coverage/round_7/checkpoints/member_0_seed_52500/best.pt,d52606409a377473ae62f163b8758f5a6cb4c77efae92f3ea02174cff40b2e92,137,237,0.0876751288375329,493,57,775476,775476,c2cff5afb7ce404d3bef2832441caa1cfde8b27b4c7d2fb9102977b0456477a8,31ab78046daa8584c5536d0c996f6ff1253b94b34fe26646945cbd114c9fe55f,de5df2b182256d45e13e1d041ff4fb5190e00810dfe19101298438c566bfda12,seeded_random,full_source_free,48a36f413fda5e0df37a963134c2d89accbcb5c11457c6a5c8d8ddf042ccb0e5,coverage,7
525,1,52501,452.2073740840424,False,500,374,False,False,/Users/fish/Documents/GitHub/column_chromatography_prediction/experiments/e2_4g_active_learning/row_seed_525/coverage/round_7/checkpoints/member_1_seed_52501/best.pt,faeaed37d2fd8e9cd7e75d8c005c12ae928f23e435d7dd351b6c5c41e6b8fc6d,274,374,0.0835593477957807,493,57,775476,775476,c2cff5afb7ce404d3bef2832441caa1cfde8b27b4c7d2fb9102977b0456477a8,31ab78046daa8584c5536d0c996f6ff1253b94b34fe26646945cbd114c9fe55f,de5df2b182256d45e13e1d041ff4fb5190e00810dfe19101298438c566bfda12,seeded_random,full_source_free,48a36f413fda5e0df37a963134c2d89accbcb5c11457c6a5c8d8ddf042ccb0e5,coverage,7
525,2,52502,957.5735153330024,False,500,306,False,False,/Users/fish/Documents/GitHub/column_chromatography_prediction/experiments/e2_4g_active_learning/row_seed_525/coverage/round_7/checkpoints/member_2_seed_52502/best.pt,22784ece329afa25dec7212e3d7111067be679215f3c652b4ad9963ef9be314c,206,306,0.0918280184376502,493,57,775476,775476,c2cff5afb7ce404d3bef2832441caa1cfde8b27b4c7d2fb9102977b0456477a8,31ab78046daa8584c5536d0c996f6ff1253b94b34fe26646945cbd114c9fe55f,de5df2b182256d45e13e1d041ff4fb5190e00810dfe19101298438c566bfda12,seeded_random,full_source_free,48a36f413fda5e0df37a963134c2d89accbcb5c11457c6a5c8d8ddf042ccb0e5,coverage,7
525,0,52500,692.7198618339607,False,500,298,False,False,/Users/fish/Documents/GitHub/column_chromatography_prediction/experiments/e2_4g_active_learning/row_seed_525/coverage/round_8/checkpoints/member_0_seed_52500/best.pt,d6b5dcdd2365babe479fb7ba8a83316016be9e1db0f845991ae5de6822907b49,198,298,0.0817022332875986,518,57,775476,775476,c2cff5afb7ce404d3bef2832441caa1cfde8b27b4c7d2fb9102977b0456477a8,f6f0e6641dbb05c15f1f8626405f0a519abae7ecce65ff2305984f77b04a3547,de5df2b182256d45e13e1d041ff4fb5190e00810dfe19101298438c566bfda12,seeded_random,full_source_free,48a36f413fda5e0df37a963134c2d89accbcb5c11457c6a5c8d8ddf042ccb0e5,coverage,8
525,1,52501,881.988215124933,False,500,323,False,False,/Users/fish/Documents/GitHub/column_chromatography_prediction/experiments/e2_4g_active_learning/row_seed_525/coverage/round_8/checkpoints/member_1_seed_52501/best.pt,9ddf9b543008fe47dcff3fe988f17085ce7be19ecccd7f112ee39d6f6ca2b4de,223,323,0.0829223087313523,518,57,775476,775476,c2cff5afb7ce404d3bef2832441caa1cfde8b27b4c7d2fb9102977b0456477a8,f6f0e6641dbb05c15f1f8626405f0a519abae7ecce65ff2305984f77b04a3547,de5df2b182256d45e13e1d041ff4fb5190e00810dfe19101298438c566bfda12,seeded_random,full_source_free,48a36f413fda5e0df37a963134c2d89accbcb5c11457c6a5c8d8ddf042ccb0e5,coverage,8
525,2,52502,702.9940450839931,False,500,296,False,False,/Users/fish/Documents/GitHub/column_chromatography_prediction/experiments/e2_4g_active_learning/row_seed_525/coverage/round_8/checkpoints/member_2_seed_52502/best.pt,ae034650bb25a84355a41ff09081348b1dcd8d4f98775fcad4972b9380e3fb57,196,296,0.086962458110776,518,57,775476,775476,c2cff5afb7ce404d3bef2832441caa1cfde8b27b4c7d2fb9102977b0456477a8,f6f0e6641dbb05c15f1f8626405f0a519abae7ecce65ff2305984f77b04a3547,de5df2b182256d45e13e1d041ff4fb5190e00810dfe19101298438c566bfda12,seeded_random,full_source_free,48a36f413fda5e0df37a963134c2d89accbcb5c11457c6a5c8d8ddf042ccb0e5,coverage,8
525,0,52500,0.0,True,500,239,False,False,/Users/fish/Documents/GitHub/column_chromatography_prediction/experiments/e2_4g_active_learning/row_seed_525/shared_round_0/member_0_seed_52500/best.pt,adcf9cc0a946b45913e4a0fab3dfa3753857f5c30eefa8241ebd76812c290964,139,239,0.3779091887657659,318,57,775476,775476,c2cff5afb7ce404d3bef2832441caa1cfde8b27b4c7d2fb9102977b0456477a8,6073f3049a18dbae58cae5ab480fd2cf72b6ae07c937670adeaed2460f1cf9b2,de5df2b182256d45e13e1d041ff4fb5190e00810dfe19101298438c566bfda12,seeded_random,full_source_free,48a36f413fda5e0df37a963134c2d89accbcb5c11457c6a5c8d8ddf042ccb0e5,ensemble,0
525,1,52501,0.0,True,500,293,False,False,/Users/fish/Documents/GitHub/column_chromatography_prediction/experiments/e2_4g_active_learning/row_seed_525/shared_round_0/member_1_seed_52501/best.pt,bf78eadda7bc1954793d13f5022e3988a4c0261cdf2800e508abf4571d6bc878,193,293,0.3026599595455547,318,57,775476,775476,c2cff5afb7ce404d3bef2832441caa1cfde8b27b4c7d2fb9102977b0456477a8,6073f3049a18dbae58cae5ab480fd2cf72b6ae07c937670adeaed2460f1cf9b2,de5df2b182256d45e13e1d041ff4fb5190e00810dfe19101298438c566bfda12,seeded_random,full_source_free,48a36f413fda5e0df37a963134c2d89accbcb5c11457c6a5c8d8ddf042ccb0e5,ensemble,0
525,2,52502,0.0,True,500,268,False,False,/Users/fish/Documents/GitHub/column_chromatography_prediction/experiments/e2_4g_active_learning/row_seed_525/shared_round_0/member_2_seed_52502/best.pt,071a84f7e8b0b47a9e9a306549f1128b45f99897ac476eb6422320a801267227,168,268,0.3922562924614468,318,57,775476,775476,c2cff5afb7ce404d3bef2832441caa1cfde8b27b4c7d2fb9102977b0456477a8,6073f3049a18dbae58cae5ab480fd2cf72b6ae07c937670adeaed2460f1cf9b2,de5df2b182256d45e13e1d041ff4fb5190e00810dfe19101298438c566bfda12,seeded_random,full_source_free,48a36f413fda5e0df37a963134c2d89accbcb5c11457c6a5c8d8ddf042ccb0e5,ensemble,0
525,0,52500,388.41020062495954,False,500,255,False,False,/Users/fish/Documents/GitHub/column_chromatography_prediction/experiments/e2_4g_active_learning/row_seed_525/ensemble/round_1/checkpoints/member_0_seed_52500/best.pt,9d957370dfb5c1993cb94ccc4b2e43ddc98563f76f11c72fd1f92ac103a84297,155,255,0.2542825054316296,343,57,775476,775476,c2cff5afb7ce404d3bef2832441caa1cfde8b27b4c7d2fb9102977b0456477a8,bc8c4c98f3b8173182555ac64ef47ae61162c5c5629832a2aef27ec28ed58dcb,de5df2b182256d45e13e1d041ff4fb5190e00810dfe19101298438c566bfda12,seeded_random,full_source_free,48a36f413fda5e0df37a963134c2d89accbcb5c11457c6a5c8d8ddf042ccb0e5,ensemble,1
525,1,52501,522.4340476250509,False,500,375,False,False,/Users/fish/Documents/GitHub/column_chromatography_prediction/experiments/e2_4g_active_learning/row_seed_525/ensemble/round_1/checkpoints/member_1_seed_52501/best.pt,4c83e3fa0a530cc1fc1d22d25582572c51d642e2565267a4f9425e8c66de5cee,275,375,0.2040306775491389,343,57,775476,775476,c2cff5afb7ce404d3bef2832441caa1cfde8b27b4c7d2fb9102977b0456477a8,bc8c4c98f3b8173182555ac64ef47ae61162c5c5629832a2aef27ec28ed58dcb,de5df2b182256d45e13e1d041ff4fb5190e00810dfe19101298438c566bfda12,seeded_random,full_source_free,48a36f413fda5e0df37a963134c2d89accbcb5c11457c6a5c8d8ddf042ccb0e5,ensemble,1
525,2,52502,533.6196342089679,False,500,305,False,False,/Users/fish/Documents/GitHub/column_chromatography_prediction/experiments/e2_4g_active_learning/row_seed_525/ensemble/round_1/checkpoints/member_2_seed_52502/best.pt,5cd2cb7c8ca35a456720dc61ff158b2c33f3b216edbc561215ff81d9922e8912,205,305,0.3384927777883212,343,57,775476,775476,c2cff5afb7ce404d3bef2832441caa1cfde8b27b4c7d2fb9102977b0456477a8,bc8c4c98f3b8173182555ac64ef47ae61162c5c5629832a2aef27ec28ed58dcb,de5df2b182256d45e13e1d041ff4fb5190e00810dfe19101298438c566bfda12,seeded_random,full_source_free,48a36f413fda5e0df37a963134c2d89accbcb5c11457c6a5c8d8ddf042ccb0e5,ensemble,1
525,0,52500,279.95828516606707,False,500,172,False,False,/Users/fish/Documents/GitHub/column_chromatography_prediction/experiments/e2_4g_active_learning/row_seed_525/ensemble/round_2/checkpoints/member_0_seed_52500/best.pt,d96e7bc008af871c5f7f04a1354ba5163dbd1fce8fe1556499c16ff46e547cd7,72,172,0.3204746775963645,368,57,775476,775476,c2cff5afb7ce404d3bef2832441caa1cfde8b27b4c7d2fb9102977b0456477a8,3f36cd75d318da7be3f69012838aedaf1782e844e96a465ef18db4960210535c,de5df2b182256d45e13e1d041ff4fb5190e00810dfe19101298438c566bfda12,seeded_random,full_source_free,48a36f413fda5e0df37a963134c2d89accbcb5c11457c6a5c8d8ddf042ccb0e5,ensemble,2
525,1,52501,807.839370416943,False,500,500,True,False,/Users/fish/Documents/GitHub/column_chromatography_prediction/experiments/e2_4g_active_learning/row_seed_525/ensemble/round_2/checkpoints/member_1_seed_52501/best.pt,3f9fd68be12d762539fc3950820bf1320bf2a359b861099321dd24988d092d93,433,500,0.2621741726633164,368,57,775476,775476,c2cff5afb7ce404d3bef2832441caa1cfde8b27b4c7d2fb9102977b0456477a8,3f36cd75d318da7be3f69012838aedaf1782e844e96a465ef18db4960210535c,de5df2b182256d45e13e1d041ff4fb5190e00810dfe19101298438c566bfda12,seeded_random,full_source_free,48a36f413fda5e0df37a963134c2d89accbcb5c11457c6a5c8d8ddf042ccb0e5,ensemble,2
525,2,52502,475.0330933330115,False,500,307,False,False,/Users/fish/Documents/GitHub/column_chromatography_prediction/experiments/e2_4g_active_learning/row_seed_525/ensemble/round_2/checkpoints/member_2_seed_52502/best.pt,1c147cc4935ad9a5c118dc9506ec2d2ffee08a483fa5b8054738655729ef4236,207,307,0.3212034437270529,368,57,775476,775476,c2cff5afb7ce404d3bef2832441caa1cfde8b27b4c7d2fb9102977b0456477a8,3f36cd75d318da7be3f69012838aedaf1782e844e96a465ef18db4960210535c,de5df2b182256d45e13e1d041ff4fb5190e00810dfe19101298438c566bfda12,seeded_random,full_source_free,48a36f413fda5e0df37a963134c2d89accbcb5c11457c6a5c8d8ddf042ccb0e5,ensemble,2
525,0,52500,829.2999428749317,False,500,500,True,False,/Users/fish/Documents/GitHub/column_chromatography_prediction/experiments/e2_4g_active_learning/row_seed_525/ensemble/round_3/checkpoints/member_0_seed_52500/best.pt,1015750cb7e3f7fd1de5f07ab45a6d64cdbe841fe71be43804e28ca2fc556c95,437,500,0.162507583310853,393,57,775476,775476,c2cff5afb7ce404d3bef2832441caa1cfde8b27b4c7d2fb9102977b0456477a8,c7a626426824979b6a61c26210ebde283b4c58f2513f075ba5b09d1381d45e66,de5df2b182256d45e13e1d041ff4fb5190e00810dfe19101298438c566bfda12,seeded_random,full_source_free,48a36f413fda5e0df37a963134c2d89accbcb5c11457c6a5c8d8ddf042ccb0e5,ensemble,3
525,1,52501,318.67828974989243,False,500,194,False,False,/Users/fish/Documents/GitHub/column_chromatography_prediction/experiments/e2_4g_active_learning/row_seed_525/ensemble/round_3/checkpoints/member_1_seed_52501/best.pt,2bc554486dfab6c3eb37a8d80aefb6dd824163e92e8c632e3df68bbbc1a26788,94,194,0.2702932270478789,393,57,775476,775476,c2cff5afb7ce404d3bef2832441caa1cfde8b27b4c7d2fb9102977b0456477a8,c7a626426824979b6a61c26210ebde283b4c58f2513f075ba5b09d1381d45e66,de5df2b182256d45e13e1d041ff4fb5190e00810dfe19101298438c566bfda12,seeded_random,full_source_free,48a36f413fda5e0df37a963134c2d89accbcb5c11457c6a5c8d8ddf042ccb0e5,ensemble,3
525,2,52502,437.1113900829805,False,500,261,False,False,/Users/fish/Documents/GitHub/column_chromatography_prediction/experiments/e2_4g_active_learning/row_seed_525/ensemble/round_3/checkpoints/member_2_seed_52502/best.pt,39f20c9aa43c3c012ab29d86adb0249f030b7e36815ff6775aa404d2d727f9f3,161,261,0.2457057402091731,393,57,775476,775476,c2cff5afb7ce404d3bef2832441caa1cfde8b27b4c7d2fb9102977b0456477a8,c7a626426824979b6a61c26210ebde283b4c58f2513f075ba5b09d1381d45e66,de5df2b182256d45e13e1d041ff4fb5190e00810dfe19101298438c566bfda12,seeded_random,full_source_free,48a36f413fda5e0df37a963134c2d89accbcb5c11457c6a5c8d8ddf042ccb0e5,ensemble,3
525,0,52500,534.2326449169777,False,500,263,False,False,/Users/fish/Documents/GitHub/column_chromatography_prediction/experiments/e2_4g_active_learning/row_seed_525/ensemble/round_4/checkpoints/member_0_seed_52500/best.pt,0887b07eb7aa3e16ae06c0be86a6d6797ad9f7490af42f7533ad4a14fe520a58,163,263,0.1946602547075261,418,57,775476,775476,c2cff5afb7ce404d3bef2832441caa1cfde8b27b4c7d2fb9102977b0456477a8,ba1ed252843de3d8f7e8793fdc804e31613ee64e5c559dcb36e2a89ae0056d8a,de5df2b182256d45e13e1d041ff4fb5190e00810dfe19101298438c566bfda12,seeded_random,full_source_free,48a36f413fda5e0df37a963134c2d89accbcb5c11457c6a5c8d8ddf042ccb0e5,ensemble,4
525,1,52501,828.33179758396,False,500,500,True,True,/Users/fish/Documents/GitHub/column_chromatography_prediction/experiments/e2_4g_active_learning/row_seed_525/ensemble/round_4/checkpoints/member_1_seed_52501/best.pt,a948b28cb01bb1bbb92c24f2d069edcbb4326590bb4a92d9899a0b903f81e5d1,493,500,0.2083493338241054,418,57,775476,775476,c2cff5afb7ce404d3bef2832441caa1cfde8b27b4c7d2fb9102977b0456477a8,ba1ed252843de3d8f7e8793fdc804e31613ee64e5c559dcb36e2a89ae0056d8a,de5df2b182256d45e13e1d041ff4fb5190e00810dfe19101298438c566bfda12,seeded_random,full_source_free,48a36f413fda5e0df37a963134c2d89accbcb5c11457c6a5c8d8ddf042ccb0e5,ensemble,4
525,2,52502,647.4238443330396,False,500,270,False,False,/Users/fish/Documents/GitHub/column_chromatography_prediction/experiments/e2_4g_active_learning/row_seed_525/ensemble/round_4/checkpoints/member_2_seed_52502/best.pt,63215af7a473307bc4a49da53340cf211570e621f865a6ef5e2fb308a5cb2e83,170,270,0.3097445523244467,418,57,775476,775476,c2cff5afb7ce404d3bef2832441caa1cfde8b27b4c7d2fb9102977b0456477a8,ba1ed252843de3d8f7e8793fdc804e31613ee64e5c559dcb36e2a89ae0056d8a,de5df2b182256d45e13e1d041ff4fb5190e00810dfe19101298438c566bfda12,seeded_random,full_source_free,48a36f413fda5e0df37a963134c2d89accbcb5c11457c6a5c8d8ddf042ccb0e5,ensemble,4
525,0,52500,0.0,True,500,369,False,False,/Users/fish/Documents/GitHub/column_chromatography_prediction/experiments/e2_4g_active_learning/row_seed_525/ensemble/round_5/checkpoints/member_0_seed_52500/best.pt,8df6b9088e3fb76e87b8f044a09dc3b22fc6a6594c13ba0e16737380d3df3521,269,369,0.1062856707261048,443,57,775476,775476,c2cff5afb7ce404d3bef2832441caa1cfde8b27b4c7d2fb9102977b0456477a8,f485f5b5533b8afd7052df4d2b38f5508eba9f09aa841e9c87db0e0cb4eee8f1,de5df2b182256d45e13e1d041ff4fb5190e00810dfe19101298438c566bfda12,seeded_random,full_source_free,48a36f413fda5e0df37a963134c2d89accbcb5c11457c6a5c8d8ddf042ccb0e5,ensemble,5
525,1,52501,267.17061583301984,False,500,488,False,False,/Users/fish/Documents/GitHub/column_chromatography_prediction/experiments/e2_4g_active_learning/row_seed_525/ensemble/round_5/checkpoints/member_1_seed_52501/best.pt,e9c3a02327f749d7b6ee6a9e3fa697c80342bb64bc75bd67aa5863710c78d2fe,388,488,0.0909208633943534,443,57,775476,775476,c2cff5afb7ce404d3bef2832441caa1cfde8b27b4c7d2fb9102977b0456477a8,f485f5b5533b8afd7052df4d2b38f5508eba9f09aa841e9c87db0e0cb4eee8f1,de5df2b182256d45e13e1d041ff4fb5190e00810dfe19101298438c566bfda12,seeded_random,full_source_free,48a36f413fda5e0df37a963134c2d89accbcb5c11457c6a5c8d8ddf042ccb0e5,ensemble,5
525,2,52502,221.3261419159826,False,500,408,False,False,/Users/fish/Documents/GitHub/column_chromatography_prediction/experiments/e2_4g_active_learning/row_seed_525/ensemble/round_5/checkpoints/member_2_seed_52502/best.pt,212e197a65d7eed6cdb3230ddc16cc37d6d8766e87b70e22e875fdb8918fdc91,308,408,0.1097904683878644,443,57,775476,775476,c2cff5afb7ce404d3bef2832441caa1cfde8b27b4c7d2fb9102977b0456477a8,f485f5b5533b8afd7052df4d2b38f5508eba9f09aa841e9c87db0e0cb4eee8f1,de5df2b182256d45e13e1d041ff4fb5190e00810dfe19101298438c566bfda12,seeded_random,full_source_free,48a36f413fda5e0df37a963134c2d89accbcb5c11457c6a5c8d8ddf042ccb0e5,ensemble,5
525,0,52500,184.57764354196843,False,500,319,False,False,/Users/fish/Documents/GitHub/column_chromatography_prediction/experiments/e2_4g_active_learning/row_seed_525/ensemble/round_6/checkpoints/member_0_seed_52500/best.pt,a64f2bb64018cb6d86d9f29d5469245010509c8c19747b1118f89f1d628ac46e,219,319,0.0985613036853066,468,57,775476,775476,c2cff5afb7ce404d3bef2832441caa1cfde8b27b4c7d2fb9102977b0456477a8,af3721f7403c97dab91385c2a5cca57f79ccf33fdf17f9cb111428561f24e540,de5df2b182256d45e13e1d041ff4fb5190e00810dfe19101298438c566bfda12,seeded_random,full_source_free,48a36f413fda5e0df37a963134c2d89accbcb5c11457c6a5c8d8ddf042ccb0e5,ensemble,6
525,1,52501,291.20173874998,False,500,500,True,False,/Users/fish/Documents/GitHub/column_chromatography_prediction/experiments/e2_4g_active_learning/row_seed_525/ensemble/round_6/checkpoints/member_1_seed_52501/best.pt,8f51b31725683c545a8624878010e232f4e7b3778a86211066f42be83fc9e4c7,434,500,0.0842316681055051,468,57,775476,775476,c2cff5afb7ce404d3bef2832441caa1cfde8b27b4c7d2fb9102977b0456477a8,af3721f7403c97dab91385c2a5cca57f79ccf33fdf17f9cb111428561f24e540,de5df2b182256d45e13e1d041ff4fb5190e00810dfe19101298438c566bfda12,seeded_random,full_source_free,48a36f413fda5e0df37a963134c2d89accbcb5c11457c6a5c8d8ddf042ccb0e5,ensemble,6
525,2,52502,166.78864062495995,False,500,285,False,False,/Users/fish/Documents/GitHub/column_chromatography_prediction/experiments/e2_4g_active_learning/row_seed_525/ensemble/round_6/checkpoints/member_2_seed_52502/best.pt,b95a325b63049db723009286e611404645151337fd78da82773ee8d9b8864ebc,185,285,0.1048922221813321,468,57,775476,775476,c2cff5afb7ce404d3bef2832441caa1cfde8b27b4c7d2fb9102977b0456477a8,af3721f7403c97dab91385c2a5cca57f79ccf33fdf17f9cb111428561f24e540,de5df2b182256d45e13e1d041ff4fb5190e00810dfe19101298438c566bfda12,seeded_random,full_source_free,48a36f413fda5e0df37a963134c2d89accbcb5c11457c6a5c8d8ddf042ccb0e5,ensemble,6
525,0,52500,200.3918788749725,False,500,306,False,False,/Users/fish/Documents/GitHub/column_chromatography_prediction/experiments/e2_4g_active_learning/row_seed_525/ensemble/round_7/checkpoints/member_0_seed_52500/best.pt,e72bf028c795a060161c28d87c14857b055a4a657731708bdcdac152c95f9bfd,206,306,0.085234646110759,493,57,775476,775476,c2cff5afb7ce404d3bef2832441caa1cfde8b27b4c7d2fb9102977b0456477a8,d2d5d98b3d42307cf7a070029a1741aeef39702304b59ee7882510c0aa7bf5dd,de5df2b182256d45e13e1d041ff4fb5190e00810dfe19101298438c566bfda12,seeded_random,full_source_free,48a36f413fda5e0df37a963134c2d89accbcb5c11457c6a5c8d8ddf042ccb0e5,ensemble,7
525,1,52501,148.47339737496804,False,500,261,False,False,/Users/fish/Documents/GitHub/column_chromatography_prediction/experiments/e2_4g_active_learning/row_seed_525/ensemble/round_7/checkpoints/member_1_seed_52501/best.pt,0087b547559fab9d975e8ac929cf4d5e4ce12314ce64ba54e6dfab6a3c90dfef,161,261,0.1104941556946788,493,57,775476,775476,c2cff5afb7ce404d3bef2832441caa1cfde8b27b4c7d2fb9102977b0456477a8,d2d5d98b3d42307cf7a070029a1741aeef39702304b59ee7882510c0aa7bf5dd,de5df2b182256d45e13e1d041ff4fb5190e00810dfe19101298438c566bfda12,seeded_random,full_source_free,48a36f413fda5e0df37a963134c2d89accbcb5c11457c6a5c8d8ddf042ccb0e5,ensemble,7
525,2,52502,295.9381543750642,False,500,500,True,False,/Users/fish/Documents/GitHub/column_chromatography_prediction/experiments/e2_4g_active_learning/row_seed_525/ensemble/round_7/checkpoints/member_2_seed_52502/best.pt,0f19af2a8548f07540a9d95b825ccfadc509c3c92902ad5f5a4479983489c9a6,461,500,0.0831028165811347,493,57,775476,775476,c2cff5afb7ce404d3bef2832441caa1cfde8b27b4c7d2fb9102977b0456477a8,d2d5d98b3d42307cf7a070029a1741aeef39702304b59ee7882510c0aa7bf5dd,de5df2b182256d45e13e1d041ff4fb5190e00810dfe19101298438c566bfda12,seeded_random,full_source_free,48a36f413fda5e0df37a963134c2d89accbcb5c11457c6a5c8d8ddf042ccb0e5,ensemble,7
525,0,52500,172.26510900002904,False,500,271,False,False,/Users/fish/Documents/GitHub/column_chromatography_prediction/experiments/e2_4g_active_learning/row_seed_525/ensemble/round_8/checkpoints/member_0_seed_52500/best.pt,a20e7f1ef9dc93e0daefdfe5eece1368ae82db295da7dfddbc0849eca50cdaff,171,271,0.0792405560209499,518,57,775476,775476,c2cff5afb7ce404d3bef2832441caa1cfde8b27b4c7d2fb9102977b0456477a8,4f220f65c3021e0d173c467cb355c2a40cf73a6e598b69bf0e59228e176a1969,de5df2b182256d45e13e1d041ff4fb5190e00810dfe19101298438c566bfda12,seeded_random,full_source_free,48a36f413fda5e0df37a963134c2d89accbcb5c11457c6a5c8d8ddf042ccb0e5,ensemble,8
525,1,52501,313.70462624996435,False,500,500,True,False,/Users/fish/Documents/GitHub/column_chromatography_prediction/experiments/e2_4g_active_learning/row_seed_525/ensemble/round_8/checkpoints/member_1_seed_52501/best.pt,13d633c71fc1bffcd38a71dad262653c5f65e398b65e2228ee8cc82de6fece46,478,500,0.0749479849393774,518,57,775476,775476,c2cff5afb7ce404d3bef2832441caa1cfde8b27b4c7d2fb9102977b0456477a8,4f220f65c3021e0d173c467cb355c2a40cf73a6e598b69bf0e59228e176a1969,de5df2b182256d45e13e1d041ff4fb5190e00810dfe19101298438c566bfda12,seeded_random,full_source_free,48a36f413fda5e0df37a963134c2d89accbcb5c11457c6a5c8d8ddf042ccb0e5,ensemble,8
525,2,52502,278.0780763339717,False,500,442,False,False,/Users/fish/Documents/GitHub/column_chromatography_prediction/experiments/e2_4g_active_learning/row_seed_525/ensemble/round_8/checkpoints/member_2_seed_52502/best.pt,f0f6982d89901b42c75c65604957770edf1155956aab146c63ae08fa4c178cba,342,442,0.0814511477290476,518,57,775476,775476,c2cff5afb7ce404d3bef2832441caa1cfde8b27b4c7d2fb9102977b0456477a8,4f220f65c3021e0d173c467cb355c2a40cf73a6e598b69bf0e59228e176a1969,de5df2b182256d45e13e1d041ff4fb5190e00810dfe19101298438c566bfda12,seeded_random,full_source_free,48a36f413fda5e0df37a963134c2d89accbcb5c11457c6a5c8d8ddf042ccb0e5,ensemble,8
525,0,52500,0.0,True,500,239,False,False,/Users/fish/Documents/GitHub/column_chromatography_prediction/experiments/e2_4g_active_learning/row_seed_525/shared_round_0/member_0_seed_52500/best.pt,adcf9cc0a946b45913e4a0fab3dfa3753857f5c30eefa8241ebd76812c290964,139,239,0.3779091887657659,318,57,775476,775476,c2cff5afb7ce404d3bef2832441caa1cfde8b27b4c7d2fb9102977b0456477a8,6073f3049a18dbae58cae5ab480fd2cf72b6ae07c937670adeaed2460f1cf9b2,de5df2b182256d45e13e1d041ff4fb5190e00810dfe19101298438c566bfda12,seeded_random,full_source_free,48a36f413fda5e0df37a963134c2d89accbcb5c11457c6a5c8d8ddf042ccb0e5,hybrid,0
525,1,52501,0.0,True,500,293,False,False,/Users/fish/Documents/GitHub/column_chromatography_prediction/experiments/e2_4g_active_learning/row_seed_525/shared_round_0/member_1_seed_52501/best.pt,bf78eadda7bc1954793d13f5022e3988a4c0261cdf2800e508abf4571d6bc878,193,293,0.3026599595455547,318,57,775476,775476,c2cff5afb7ce404d3bef2832441caa1cfde8b27b4c7d2fb9102977b0456477a8,6073f3049a18dbae58cae5ab480fd2cf72b6ae07c937670adeaed2460f1cf9b2,de5df2b182256d45e13e1d041ff4fb5190e00810dfe19101298438c566bfda12,seeded_random,full_source_free,48a36f413fda5e0df37a963134c2d89accbcb5c11457c6a5c8d8ddf042ccb0e5,hybrid,0
525,2,52502,0.0,True,500,268,False,False,/Users/fish/Documents/GitHub/column_chromatography_prediction/experiments/e2_4g_active_learning/row_seed_525/shared_round_0/member_2_seed_52502/best.pt,071a84f7e8b0b47a9e9a306549f1128b45f99897ac476eb6422320a801267227,168,268,0.3922562924614468,318,57,775476,775476,c2cff5afb7ce404d3bef2832441caa1cfde8b27b4c7d2fb9102977b0456477a8,6073f3049a18dbae58cae5ab480fd2cf72b6ae07c937670adeaed2460f1cf9b2,de5df2b182256d45e13e1d041ff4fb5190e00810dfe19101298438c566bfda12,seeded_random,full_source_free,48a36f413fda5e0df37a963134c2d89accbcb5c11457c6a5c8d8ddf042ccb0e5,hybrid,0
525,0,52500,414.27657966595143,False,500,220,False,False,/Users/fish/Documents/GitHub/column_chromatography_prediction/experiments/e2_4g_active_learning/row_seed_525/hybrid/round_1/checkpoints/member_0_seed_52500/best.pt,c29c9682c2622adeccf6635603d97b6a04f727185672a88080eb95a7d5c0513d,120,220,0.2583922766856318,343,57,775476,775476,c2cff5afb7ce404d3bef2832441caa1cfde8b27b4c7d2fb9102977b0456477a8,61ff2a8a2dd727290bb997df4b0463f684d171325d2923c8c5e272c2c6a02a9b,de5df2b182256d45e13e1d041ff4fb5190e00810dfe19101298438c566bfda12,seeded_random,full_source_free,48a36f413fda5e0df37a963134c2d89accbcb5c11457c6a5c8d8ddf042ccb0e5,hybrid,1
525,1,52501,422.7742343749851,False,500,224,False,False,/Users/fish/Documents/GitHub/column_chromatography_prediction/experiments/e2_4g_active_learning/row_seed_525/hybrid/round_1/checkpoints/member_1_seed_52501/best.pt,faa783eab23d64f5d9ca7315c5c484ba4c9ddaca642dcc2d3dcb16396ecadec2,124,224,0.3084395330037161,343,57,775476,775476,c2cff5afb7ce404d3bef2832441caa1cfde8b27b4c7d2fb9102977b0456477a8,61ff2a8a2dd727290bb997df4b0463f684d171325d2923c8c5e272c2c6a02a9b,de5df2b182256d45e13e1d041ff4fb5190e00810dfe19101298438c566bfda12,seeded_random,full_source_free,48a36f413fda5e0df37a963134c2d89accbcb5c11457c6a5c8d8ddf042ccb0e5,hybrid,1
525,2,52502,457.98717612505425,False,500,256,False,False,/Users/fish/Documents/GitHub/column_chromatography_prediction/experiments/e2_4g_active_learning/row_seed_525/hybrid/round_1/checkpoints/member_2_seed_52502/best.pt,dabe2050b00d70e2545204d6b1db2c41856f1be324c9d3a5114d0c180478991a,156,256,0.3409347319604036,343,57,775476,775476,c2cff5afb7ce404d3bef2832441caa1cfde8b27b4c7d2fb9102977b0456477a8,61ff2a8a2dd727290bb997df4b0463f684d171325d2923c8c5e272c2c6a02a9b,de5df2b182256d45e13e1d041ff4fb5190e00810dfe19101298438c566bfda12,seeded_random,full_source_free,48a36f413fda5e0df37a963134c2d89accbcb5c11457c6a5c8d8ddf042ccb0e5,hybrid,1
525,0,52500,528.620535791968,False,500,271,False,False,/Users/fish/Documents/GitHub/column_chromatography_prediction/experiments/e2_4g_active_learning/row_seed_525/hybrid/round_2/checkpoints/member_0_seed_52500/best.pt,9b5bc3e086b41dd31879874af4568b2232e08f52756af0576949650bebc70640,171,271,0.2018816968989923,368,57,775476,775476,c2cff5afb7ce404d3bef2832441caa1cfde8b27b4c7d2fb9102977b0456477a8,d7d66120cf33c452b317288f2c46864bf45aaad3056cada2875ccf56128315e5,de5df2b182256d45e13e1d041ff4fb5190e00810dfe19101298438c566bfda12,seeded_random,full_source_free,48a36f413fda5e0df37a963134c2d89accbcb5c11457c6a5c8d8ddf042ccb0e5,hybrid,2
525,1,52501,780.3659080410143,False,500,408,False,False,/Users/fish/Documents/GitHub/column_chromatography_prediction/experiments/e2_4g_active_learning/row_seed_525/hybrid/round_2/checkpoints/member_1_seed_52501/best.pt,f84afbf3aac8baed9160256df19a6dbee171ebcb524b6f8ef6fbea2d5650f8c1,308,408,0.233426116165988,368,57,775476,775476,c2cff5afb7ce404d3bef2832441caa1cfde8b27b4c7d2fb9102977b0456477a8,d7d66120cf33c452b317288f2c46864bf45aaad3056cada2875ccf56128315e5,de5df2b182256d45e13e1d041ff4fb5190e00810dfe19101298438c566bfda12,seeded_random,full_source_free,48a36f413fda5e0df37a963134c2d89accbcb5c11457c6a5c8d8ddf042ccb0e5,hybrid,2
525,2,52502,533.5073113330873,False,500,286,False,False,/Users/fish/Documents/GitHub/column_chromatography_prediction/experiments/e2_4g_active_learning/row_seed_525/hybrid/round_2/checkpoints/member_2_seed_52502/best.pt,182839ee86dc7eef85e8aeed02c3c56e83c1a11313f98989e3dbe693b179e088,186,286,0.1859469782851502,368,57,775476,775476,c2cff5afb7ce404d3bef2832441caa1cfde8b27b4c7d2fb9102977b0456477a8,d7d66120cf33c452b317288f2c46864bf45aaad3056cada2875ccf56128315e5,de5df2b182256d45e13e1d041ff4fb5190e00810dfe19101298438c566bfda12,seeded_random,full_source_free,48a36f413fda5e0df37a963134c2d89accbcb5c11457c6a5c8d8ddf042ccb0e5,hybrid,2
525,0,52500,0.0,True,500,249,False,False,/Users/fish/Documents/GitHub/column_chromatography_prediction/experiments/e2_4g_active_learning/row_seed_525/hybrid/round_3/checkpoints/member_0_seed_52500/best.pt,2a2b6ebf612d924b97f4b3df391f3fe007d9e0b4904fc7c13e00e34ff5f77399,149,249,0.1710129037407886,393,57,775476,775476,c2cff5afb7ce404d3bef2832441caa1cfde8b27b4c7d2fb9102977b0456477a8,9f668447b46c7243e893a3b7b88659903c3bb2a0154556a4a77b31bd89cde71a,de5df2b182256d45e13e1d041ff4fb5190e00810dfe19101298438c566bfda12,seeded_random,full_source_free,48a36f413fda5e0df37a963134c2d89accbcb5c11457c6a5c8d8ddf042ccb0e5,hybrid,3
525,1,52501,0.0,True,500,359,False,False,/Users/fish/Documents/GitHub/column_chromatography_prediction/experiments/e2_4g_active_learning/row_seed_525/hybrid/round_3/checkpoints/member_1_seed_52501/best.pt,3806f0955a16d514fbdbce53a686cc05903cc32227886d5245e6199df2290e92,259,359,0.17394742142424,393,57,775476,775476,c2cff5afb7ce404d3bef2832441caa1cfde8b27b4c7d2fb9102977b0456477a8,9f668447b46c7243e893a3b7b88659903c3bb2a0154556a4a77b31bd89cde71a,de5df2b182256d45e13e1d041ff4fb5190e00810dfe19101298438c566bfda12,seeded_random,full_source_free,48a36f413fda5e0df37a963134c2d89accbcb5c11457c6a5c8d8ddf042ccb0e5,hybrid,3
525,2,52502,134.29375991702543,False,500,288,False,False,/Users/fish/Documents/GitHub/column_chromatography_prediction/experiments/e2_4g_active_learning/row_seed_525/hybrid/round_3/checkpoints/member_2_seed_52502/best.pt,ed01c1fcee0546dd592bb9809bb24964189d9281d357ce1c23196ddc53fe5b3f,188,288,0.182566776268642,393,57,775476,775476,c2cff5afb7ce404d3bef2832441caa1cfde8b27b4c7d2fb9102977b0456477a8,9f668447b46c7243e893a3b7b88659903c3bb2a0154556a4a77b31bd89cde71a,de5df2b182256d45e13e1d041ff4fb5190e00810dfe19101298438c566bfda12,seeded_random,full_source_free,48a36f413fda5e0df37a963134c2d89accbcb5c11457c6a5c8d8ddf042ccb0e5,hybrid,3
525,0,52500,131.65229929203633,False,500,262,False,False,/Users/fish/Documents/GitHub/column_chromatography_prediction/experiments/e2_4g_active_learning/row_seed_525/hybrid/round_4/checkpoints/member_0_seed_52500/best.pt,b510e4e29199ff082a4459e5f172075a5f2f5070418aeaf37e46bb514739ca69,162,262,0.1260270944981828,418,57,775476,775476,c2cff5afb7ce404d3bef2832441caa1cfde8b27b4c7d2fb9102977b0456477a8,cb22b25717d4e879ec93f1d53a4c787e75668f01b4b161e71c9519bde8ed3455,de5df2b182256d45e13e1d041ff4fb5190e00810dfe19101298438c566bfda12,seeded_random,full_source_free,48a36f413fda5e0df37a963134c2d89accbcb5c11457c6a5c8d8ddf042ccb0e5,hybrid,4
525,1,52501,186.25059770792723,False,500,368,False,False,/Users/fish/Documents/GitHub/column_chromatography_prediction/experiments/e2_4g_active_learning/row_seed_525/hybrid/round_4/checkpoints/member_1_seed_52501/best.pt,c26c240b9070f6ddd39f9cfc853cd3ae723209f71d9231bf18c393aeaed7e51c,268,368,0.138223956954433,418,57,775476,775476,c2cff5afb7ce404d3bef2832441caa1cfde8b27b4c7d2fb9102977b0456477a8,cb22b25717d4e879ec93f1d53a4c787e75668f01b4b161e71c9519bde8ed3455,de5df2b182256d45e13e1d041ff4fb5190e00810dfe19101298438c566bfda12,seeded_random,full_source_free,48a36f413fda5e0df37a963134c2d89accbcb5c11457c6a5c8d8ddf042ccb0e5,hybrid,4
525,2,52502,143.56325004191604,False,500,287,False,False,/Users/fish/Documents/GitHub/column_chromatography_prediction/experiments/e2_4g_active_learning/row_seed_525/hybrid/round_4/checkpoints/member_2_seed_52502/best.pt,6031a8c6cd98fdc1a5d82774991e19c28d504c2e42745f979dada41446fc27e2,187,287,0.141916639324327,418,57,775476,775476,c2cff5afb7ce404d3bef2832441caa1cfde8b27b4c7d2fb9102977b0456477a8,cb22b25717d4e879ec93f1d53a4c787e75668f01b4b161e71c9519bde8ed3455,de5df2b182256d45e13e1d041ff4fb5190e00810dfe19101298438c566bfda12,seeded_random,full_source_free,48a36f413fda5e0df37a963134c2d89accbcb5c11457c6a5c8d8ddf042ccb0e5,hybrid,4
525,0,52500,126.21531737491024,False,500,268,False,False,/Users/fish/Documents/GitHub/column_chromatography_prediction/experiments/e2_4g_active_learning/row_seed_525/hybrid/round_5/checkpoints/member_0_seed_52500/best.pt,cb83a3a23ba29932c2012d9c1ab9e47e8f346694d30be289b724612acb4abb8b,168,268,0.1229626389415801,443,57,775476,775476,c2cff5afb7ce404d3bef2832441caa1cfde8b27b4c7d2fb9102977b0456477a8,0d66bc4c0d10699bc6bb97e6fd11f500e16e363bc85a33c53137bd5624cd7a74,de5df2b182256d45e13e1d041ff4fb5190e00810dfe19101298438c566bfda12,seeded_random,full_source_free,48a36f413fda5e0df37a963134c2d89accbcb5c11457c6a5c8d8ddf042ccb0e5,hybrid,5
525,1,52501,157.86700862506405,False,500,345,False,False,/Users/fish/Documents/GitHub/column_chromatography_prediction/experiments/e2_4g_active_learning/row_seed_525/hybrid/round_5/checkpoints/member_1_seed_52501/best.pt,2d78fad9e572b1d93f8500d4da73dd5cadfe36979cc929ea6eb3f6146420d163,245,345,0.103523236111627,443,57,775476,775476,c2cff5afb7ce404d3bef2832441caa1cfde8b27b4c7d2fb9102977b0456477a8,0d66bc4c0d10699bc6bb97e6fd11f500e16e363bc85a33c53137bd5624cd7a74,de5df2b182256d45e13e1d041ff4fb5190e00810dfe19101298438c566bfda12,seeded_random,full_source_free,48a36f413fda5e0df37a963134c2d89accbcb5c11457c6a5c8d8ddf042ccb0e5,hybrid,5
525,2,52502,127.207985291956,False,500,279,False,False,/Users/fish/Documents/GitHub/column_chromatography_prediction/experiments/e2_4g_active_learning/row_seed_525/hybrid/round_5/checkpoints/member_2_seed_52502/best.pt,d1973b4898eec33cd32639cacec767abf99306e3b2daeccc390a45eb2d436b3a,179,279,0.1084487749627316,443,57,775476,775476,c2cff5afb7ce404d3bef2832441caa1cfde8b27b4c7d2fb9102977b0456477a8,0d66bc4c0d10699bc6bb97e6fd11f500e16e363bc85a33c53137bd5624cd7a74,de5df2b182256d45e13e1d041ff4fb5190e00810dfe19101298438c566bfda12,seeded_random,full_source_free,48a36f413fda5e0df37a963134c2d89accbcb5c11457c6a5c8d8ddf042ccb0e5,hybrid,5
525,0,52500,131.0025805409532,False,500,273,False,False,/Users/fish/Documents/GitHub/column_chromatography_prediction/experiments/e2_4g_active_learning/row_seed_525/hybrid/round_6/checkpoints/member_0_seed_52500/best.pt,ffb7c1c35c8c7f03c9e026fd1f5145fa5514e7d20347321a556a4161dbd083db,173,273,0.1245912434079655,468,57,775476,775476,c2cff5afb7ce404d3bef2832441caa1cfde8b27b4c7d2fb9102977b0456477a8,c6b7d89f53c8f54e5bd72c5483a06e7a6916ce706b58b70f4d9d7d4546a67449,de5df2b182256d45e13e1d041ff4fb5190e00810dfe19101298438c566bfda12,seeded_random,full_source_free,48a36f413fda5e0df37a963134c2d89accbcb5c11457c6a5c8d8ddf042ccb0e5,hybrid,6
525,1,52501,163.97307700000238,False,500,339,False,False,/Users/fish/Documents/GitHub/column_chromatography_prediction/experiments/e2_4g_active_learning/row_seed_525/hybrid/round_6/checkpoints/member_1_seed_52501/best.pt,bab2fe194c5f6ba6e81b837f596de463c6633a20804aefcb3f52edf34a56dbaf,239,339,0.1042832701302061,468,57,775476,775476,c2cff5afb7ce404d3bef2832441caa1cfde8b27b4c7d2fb9102977b0456477a8,c6b7d89f53c8f54e5bd72c5483a06e7a6916ce706b58b70f4d9d7d4546a67449,de5df2b182256d45e13e1d041ff4fb5190e00810dfe19101298438c566bfda12,seeded_random,full_source_free,48a36f413fda5e0df37a963134c2d89accbcb5c11457c6a5c8d8ddf042ccb0e5,hybrid,6
525,2,52502,177.0840063749347,False,500,362,False,False,/Users/fish/Documents/GitHub/column_chromatography_prediction/experiments/e2_4g_active_learning/row_seed_525/hybrid/round_6/checkpoints/member_2_seed_52502/best.pt,6e98a871ad385b7fde84c63605b99b8a95094721d8f6a401b31f9313b8f4337b,262,362,0.1276392606929145,468,57,775476,775476,c2cff5afb7ce404d3bef2832441caa1cfde8b27b4c7d2fb9102977b0456477a8,c6b7d89f53c8f54e5bd72c5483a06e7a6916ce706b58b70f4d9d7d4546a67449,de5df2b182256d45e13e1d041ff4fb5190e00810dfe19101298438c566bfda12,seeded_random,full_source_free,48a36f413fda5e0df37a963134c2d89accbcb5c11457c6a5c8d8ddf042ccb0e5,hybrid,6
525,0,52500,182.62440016597975,False,500,350,False,False,/Users/fish/Documents/GitHub/column_chromatography_prediction/experiments/e2_4g_active_learning/row_seed_525/hybrid/round_7/checkpoints/member_0_seed_52500/best.pt,77a934e49cb125e7bb9012003cee92077b87d588566dd5f2a43804854eadc087,250,350,0.0901913215232963,493,57,775476,775476,c2cff5afb7ce404d3bef2832441caa1cfde8b27b4c7d2fb9102977b0456477a8,a77f014e731a19604be6ca80ddba1bd5371703cb54879aca3d1d8cf6c70707cc,de5df2b182256d45e13e1d041ff4fb5190e00810dfe19101298438c566bfda12,seeded_random,full_source_free,48a36f413fda5e0df37a963134c2d89accbcb5c11457c6a5c8d8ddf042ccb0e5,hybrid,7
525,1,52501,125.95786587498152,False,500,243,False,False,/Users/fish/Documents/GitHub/column_chromatography_prediction/experiments/e2_4g_active_learning/row_seed_525/hybrid/round_7/checkpoints/member_1_seed_52501/best.pt,4c08b0d607f0ea3e63b902592e5940c6f29fb9577859c50aee74c13f2587875a,143,243,0.1383933459324389,493,57,775476,775476,c2cff5afb7ce404d3bef2832441caa1cfde8b27b4c7d2fb9102977b0456477a8,a77f014e731a19604be6ca80ddba1bd5371703cb54879aca3d1d8cf6c70707cc,de5df2b182256d45e13e1d041ff4fb5190e00810dfe19101298438c566bfda12,seeded_random,full_source_free,48a36f413fda5e0df37a963134c2d89accbcb5c11457c6a5c8d8ddf042ccb0e5,hybrid,7
525,2,52502,164.2391067079734,False,500,311,False,False,/Users/fish/Documents/GitHub/column_chromatography_prediction/experiments/e2_4g_active_learning/row_seed_525/hybrid/round_7/checkpoints/member_2_seed_52502/best.pt,3089a2a0706c5ff031d4806dcd52548e59a2c750584d295ad59775798f0e4d64,211,311,0.1076777699556135,493,57,775476,775476,c2cff5afb7ce404d3bef2832441caa1cfde8b27b4c7d2fb9102977b0456477a8,a77f014e731a19604be6ca80ddba1bd5371703cb54879aca3d1d8cf6c70707cc,de5df2b182256d45e13e1d041ff4fb5190e00810dfe19101298438c566bfda12,seeded_random,full_source_free,48a36f413fda5e0df37a963134c2d89accbcb5c11457c6a5c8d8ddf042ccb0e5,hybrid,7
525,0,52500,158.85277366708033,False,500,298,False,False,/Users/fish/Documents/GitHub/column_chromatography_prediction/experiments/e2_4g_active_learning/row_seed_525/hybrid/round_8/checkpoints/member_0_seed_52500/best.pt,2acdfda632ac794abfeece6dfb5c37523c4ac364c8cdedc8e505e23817a1d9e4,198,298,0.0864897103724874,518,57,775476,775476,c2cff5afb7ce404d3bef2832441caa1cfde8b27b4c7d2fb9102977b0456477a8,5a369525c002b9e8e966eb1e3f98d094198c02cd25e0683a661e27a27a2715e7,de5df2b182256d45e13e1d041ff4fb5190e00810dfe19101298438c566bfda12,seeded_random,full_source_free,48a36f413fda5e0df37a963134c2d89accbcb5c11457c6a5c8d8ddf042ccb0e5,hybrid,8
525,1,52501,161.59588608297054,False,500,312,False,False,/Users/fish/Documents/GitHub/column_chromatography_prediction/experiments/e2_4g_active_learning/row_seed_525/hybrid/round_8/checkpoints/member_1_seed_52501/best.pt,7ca0b5cf2ee60215a1e0261567e9efdff96f3e3ecc15aacb513ef624e8de353e,212,312,0.1033092492958805,518,57,775476,775476,c2cff5afb7ce404d3bef2832441caa1cfde8b27b4c7d2fb9102977b0456477a8,5a369525c002b9e8e966eb1e3f98d094198c02cd25e0683a661e27a27a2715e7,de5df2b182256d45e13e1d041ff4fb5190e00810dfe19101298438c566bfda12,seeded_random,full_source_free,48a36f413fda5e0df37a963134c2d89accbcb5c11457c6a5c8d8ddf042ccb0e5,hybrid,8
525,2,52502,194.53755587502383,False,500,350,False,False,/Users/fish/Documents/GitHub/column_chromatography_prediction/experiments/e2_4g_active_learning/row_seed_525/hybrid/round_8/checkpoints/member_2_seed_52502/best.pt,6fc05dac3a6cacae2b0647b7b9505e23bf3323ebc454baa39dcc16787bca2a9a,250,350,0.1095961639572978,518,57,775476,775476,c2cff5afb7ce404d3bef2832441caa1cfde8b27b4c7d2fb9102977b0456477a8,5a369525c002b9e8e966eb1e3f98d094198c02cd25e0683a661e27a27a2715e7,de5df2b182256d45e13e1d041ff4fb5190e00810dfe19101298438c566bfda12,seeded_random,full_source_free,48a36f413fda5e0df37a963134c2d89accbcb5c11457c6a5c8d8ddf042ccb0e5,hybrid,8
525,0,52500,0.0,True,500,239,False,False,/Users/fish/Documents/GitHub/column_chromatography_prediction/experiments/e2_4g_active_learning/row_seed_525/shared_round_0/member_0_seed_52500/best.pt,adcf9cc0a946b45913e4a0fab3dfa3753857f5c30eefa8241ebd76812c290964,139,239,0.3779091887657659,318,57,775476,775476,c2cff5afb7ce404d3bef2832441caa1cfde8b27b4c7d2fb9102977b0456477a8,6073f3049a18dbae58cae5ab480fd2cf72b6ae07c937670adeaed2460f1cf9b2,de5df2b182256d45e13e1d041ff4fb5190e00810dfe19101298438c566bfda12,seeded_random,full_source_free,48a36f413fda5e0df37a963134c2d89accbcb5c11457c6a5c8d8ddf042ccb0e5,random,0
525,1,52501,0.0,True,500,293,False,False,/Users/fish/Documents/GitHub/column_chromatography_prediction/experiments/e2_4g_active_learning/row_seed_525/shared_round_0/member_1_seed_52501/best.pt,bf78eadda7bc1954793d13f5022e3988a4c0261cdf2800e508abf4571d6bc878,193,293,0.3026599595455547,318,57,775476,775476,c2cff5afb7ce404d3bef2832441caa1cfde8b27b4c7d2fb9102977b0456477a8,6073f3049a18dbae58cae5ab480fd2cf72b6ae07c937670adeaed2460f1cf9b2,de5df2b182256d45e13e1d041ff4fb5190e00810dfe19101298438c566bfda12,seeded_random,full_source_free,48a36f413fda5e0df37a963134c2d89accbcb5c11457c6a5c8d8ddf042ccb0e5,random,0
525,2,52502,0.0,True,500,268,False,False,/Users/fish/Documents/GitHub/column_chromatography_prediction/experiments/e2_4g_active_learning/row_seed_525/shared_round_0/member_2_seed_52502/best.pt,071a84f7e8b0b47a9e9a306549f1128b45f99897ac476eb6422320a801267227,168,268,0.3922562924614468,318,57,775476,775476,c2cff5afb7ce404d3bef2832441caa1cfde8b27b4c7d2fb9102977b0456477a8,6073f3049a18dbae58cae5ab480fd2cf72b6ae07c937670adeaed2460f1cf9b2,de5df2b182256d45e13e1d041ff4fb5190e00810dfe19101298438c566bfda12,seeded_random,full_source_free,48a36f413fda5e0df37a963134c2d89accbcb5c11457c6a5c8d8ddf042ccb0e5,random,0
525,0,52500,0.0,True,500,244,False,False,/Users/fish/Documents/GitHub/column_chromatography_prediction/experiments/e2_4g_active_learning/row_seed_525/random/round_1/checkpoints/member_0_seed_52500/best.pt,cbea8690890c4ca69e221a443472a3582bf6cf915a7eb99fb7c127af9b20e624,144,244,0.3855842158880215,343,57,775476,775476,c2cff5afb7ce404d3bef2832441caa1cfde8b27b4c7d2fb9102977b0456477a8,c67108a972288a066c068b6c7484470e241f8a5c244cc8adc190e21103c6ab71,de5df2b182256d45e13e1d041ff4fb5190e00810dfe19101298438c566bfda12,seeded_random,full_source_free,48a36f413fda5e0df37a963134c2d89accbcb5c11457c6a5c8d8ddf042ccb0e5,random,1
525,1,52501,0.0,True,500,334,False,False,/Users/fish/Documents/GitHub/column_chromatography_prediction/experiments/e2_4g_active_learning/row_seed_525/random/round_1/checkpoints/member_1_seed_52501/best.pt,85c99325945844a6d8ebb2b5e41d1221b21c6f505af75223c4b00eb9ede04aff,234,334,0.3293366572653226,343,57,775476,775476,c2cff5afb7ce404d3bef2832441caa1cfde8b27b4c7d2fb9102977b0456477a8,c67108a972288a066c068b6c7484470e241f8a5c244cc8adc190e21103c6ab71,de5df2b182256d45e13e1d041ff4fb5190e00810dfe19101298438c566bfda12,seeded_random,full_source_free,48a36f413fda5e0df37a963134c2d89accbcb5c11457c6a5c8d8ddf042ccb0e5,random,1
525,2,52502,0.0,True,500,296,False,False,/Users/fish/Documents/GitHub/column_chromatography_prediction/experiments/e2_4g_active_learning/row_seed_525/random/round_1/checkpoints/member_2_seed_52502/best.pt,c3446c3bbd4cb5e72985f543f99a435105bff762d09e3412021017c5b16ce7bf,196,296,0.4165723710019545,343,57,775476,775476,c2cff5afb7ce404d3bef2832441caa1cfde8b27b4c7d2fb9102977b0456477a8,c67108a972288a066c068b6c7484470e241f8a5c244cc8adc190e21103c6ab71,de5df2b182256d45e13e1d041ff4fb5190e00810dfe19101298438c566bfda12,seeded_random,full_source_free,48a36f413fda5e0df37a963134c2d89accbcb5c11457c6a5c8d8ddf042ccb0e5,random,1
525,0,52500,0.0,True,500,168,False,False,/Users/fish/Documents/GitHub/column_chromatography_prediction/experiments/e2_4g_active_learning/row_seed_525/random/round_2/checkpoints/member_0_seed_52500/best.pt,471c6057bd759f82ac5e8caa2409f61b07c0369d25f5d1ee762fa661e0173f7e,68,168,0.3649403745028901,368,57,775476,775476,c2cff5afb7ce404d3bef2832441caa1cfde8b27b4c7d2fb9102977b0456477a8,28a7bc6a22f83bfe6006f4ce2e6b055b041d879550a3dbbd089f371861632af3,de5df2b182256d45e13e1d041ff4fb5190e00810dfe19101298438c566bfda12,seeded_random,full_source_free,48a36f413fda5e0df37a963134c2d89accbcb5c11457c6a5c8d8ddf042ccb0e5,random,2
525,1,52501,0.0,True,500,351,False,False,/Users/fish/Documents/GitHub/column_chromatography_prediction/experiments/e2_4g_active_learning/row_seed_525/random/round_2/checkpoints/member_1_seed_52501/best.pt,72b12f79a2c8eba58bedc5cc27dd1c7f7c3aa93f541f3b7e0dd4f00dcaff039a,251,351,0.3058065373177968,368,57,775476,775476,c2cff5afb7ce404d3bef2832441caa1cfde8b27b4c7d2fb9102977b0456477a8,28a7bc6a22f83bfe6006f4ce2e6b055b041d879550a3dbbd089f371861632af3,de5df2b182256d45e13e1d041ff4fb5190e00810dfe19101298438c566bfda12,seeded_random,full_source_free,48a36f413fda5e0df37a963134c2d89accbcb5c11457c6a5c8d8ddf042ccb0e5,random,2
525,2,52502,0.0,True,500,363,False,False,/Users/fish/Documents/GitHub/column_chromatography_prediction/experiments/e2_4g_active_learning/row_seed_525/random/round_2/checkpoints/member_2_seed_52502/best.pt,df8d0e24daabf11cf6179beee52ca539b5a24c96cd95be7e2a8edc49ba453f61,263,363,0.3449404226573165,368,57,775476,775476,c2cff5afb7ce404d3bef2832441caa1cfde8b27b4c7d2fb9102977b0456477a8,28a7bc6a22f83bfe6006f4ce2e6b055b041d879550a3dbbd089f371861632af3,de5df2b182256d45e13e1d041ff4fb5190e00810dfe19101298438c566bfda12,seeded_random,full_source_free,48a36f413fda5e0df37a963134c2d89accbcb5c11457c6a5c8d8ddf042ccb0e5,random,2
525,0,52500,0.0,True,500,227,False,False,/Users/fish/Documents/GitHub/column_chromatography_prediction/experiments/e2_4g_active_learning/row_seed_525/random/round_3/checkpoints/member_0_seed_52500/best.pt,c36461101a8789b88158dc01abbca26da34db86a9f27e422d158ca534919a159,127,227,0.3582748671170864,393,57,775476,775476,c2cff5afb7ce404d3bef2832441caa1cfde8b27b4c7d2fb9102977b0456477a8,354cb0dbbf5ad6a87fc00bc9fae727f54d3b76724f0fb1023169b4791008dd7a,de5df2b182256d45e13e1d041ff4fb5190e00810dfe19101298438c566bfda12,seeded_random,full_source_free,48a36f413fda5e0df37a963134c2d89accbcb5c11457c6a5c8d8ddf042ccb0e5,random,3
525,1,52501,0.0,True,500,369,False,False,/Users/fish/Documents/GitHub/column_chromatography_prediction/experiments/e2_4g_active_learning/row_seed_525/random/round_3/checkpoints/member_1_seed_52501/best.pt,b8567bc0954b26c318e0b6f5db00e799b8731414ac78b680188589994a8ea6d1,269,369,0.2742082081298537,393,57,775476,775476,c2cff5afb7ce404d3bef2832441caa1cfde8b27b4c7d2fb9102977b0456477a8,354cb0dbbf5ad6a87fc00bc9fae727f54d3b76724f0fb1023169b4791008dd7a,de5df2b182256d45e13e1d041ff4fb5190e00810dfe19101298438c566bfda12,seeded_random,full_source_free,48a36f413fda5e0df37a963134c2d89accbcb5c11457c6a5c8d8ddf042ccb0e5,random,3
525,2,52502,0.0,True,500,330,False,False,/Users/fish/Documents/GitHub/column_chromatography_prediction/experiments/e2_4g_active_learning/row_seed_525/random/round_3/checkpoints/member_2_seed_52502/best.pt,ed5031b87bc638d89b3aa8c93975c413f05c52479eb7f8bdc7c4e9f935949e9c,230,330,0.4096858395221855,393,57,775476,775476,c2cff5afb7ce404d3bef2832441caa1cfde8b27b4c7d2fb9102977b0456477a8,354cb0dbbf5ad6a87fc00bc9fae727f54d3b76724f0fb1023169b4791008dd7a,de5df2b182256d45e13e1d041ff4fb5190e00810dfe19101298438c566bfda12,seeded_random,full_source_free,48a36f413fda5e0df37a963134c2d89accbcb5c11457c6a5c8d8ddf042ccb0e5,random,3
525,0,52500,0.0,True,500,160,False,False,/Users/fish/Documents/GitHub/column_chromatography_prediction/experiments/e2_4g_active_learning/row_seed_525/random/round_4/checkpoints/member_0_seed_52500/best.pt,7ee9d22d9a61fb873794c82aa9f817756e307ebcd3a7adce39b072a4c0d8f2b5,60,160,0.4405856913134623,418,57,775476,775476,c2cff5afb7ce404d3bef2832441caa1cfde8b27b4c7d2fb9102977b0456477a8,d0da7c58bfd976d5af367ee7a513096b1e82bbba3ad5dfbc1e40a014ac3a9df2,de5df2b182256d45e13e1d041ff4fb5190e00810dfe19101298438c566bfda12,seeded_random,full_source_free,48a36f413fda5e0df37a963134c2d89accbcb5c11457c6a5c8d8ddf042ccb0e5,random,4
525,1,52501,0.0,True,500,345,False,False,/Users/fish/Documents/GitHub/column_chromatography_prediction/experiments/e2_4g_active_learning/row_seed_525/random/round_4/checkpoints/member_1_seed_52501/best.pt,d43e0c4a854605cbc052bdadef9c642b96b35cd1b850273be10aa747355f3a12,245,345,0.3495273758115429,418,57,775476,775476,c2cff5afb7ce404d3bef2832441caa1cfde8b27b4c7d2fb9102977b0456477a8,d0da7c58bfd976d5af367ee7a513096b1e82bbba3ad5dfbc1e40a014ac3a9df2,de5df2b182256d45e13e1d041ff4fb5190e00810dfe19101298438c566bfda12,seeded_random,full_source_free,48a36f413fda5e0df37a963134c2d89accbcb5c11457c6a5c8d8ddf042ccb0e5,random,4
525,2,52502,0.0,True,500,310,False,False,/Users/fish/Documents/GitHub/column_chromatography_prediction/experiments/e2_4g_active_learning/row_seed_525/random/round_4/checkpoints/member_2_seed_52502/best.pt,b3db13d0266970c5bd183a5de9c54ffbeb1f9170979ea7a39b5a27f6ce4fd975,210,310,0.3746725847976111,418,57,775476,775476,c2cff5afb7ce404d3bef2832441caa1cfde8b27b4c7d2fb9102977b0456477a8,d0da7c58bfd976d5af367ee7a513096b1e82bbba3ad5dfbc1e40a014ac3a9df2,de5df2b182256d45e13e1d041ff4fb5190e00810dfe19101298438c566bfda12,seeded_random,full_source_free,48a36f413fda5e0df37a963134c2d89accbcb5c11457c6a5c8d8ddf042ccb0e5,random,4
525,0,52500,0.0,True,500,224,False,False,/Users/fish/Documents/GitHub/column_chromatography_prediction/experiments/e2_4g_active_learning/row_seed_525/random/round_5/checkpoints/member_0_seed_52500/best.pt,c75c471590bcbaf6156d21d7ab6ecd2d93eb05e3371d9af611c1cc0b151f1603,124,224,0.3788157260883958,443,57,775476,775476,c2cff5afb7ce404d3bef2832441caa1cfde8b27b4c7d2fb9102977b0456477a8,ef37306201250bceda1fa5b76bfbe79567670e98e9672bbfa25b97a1f89c0542,de5df2b182256d45e13e1d041ff4fb5190e00810dfe19101298438c566bfda12,seeded_random,full_source_free,48a36f413fda5e0df37a963134c2d89accbcb5c11457c6a5c8d8ddf042ccb0e5,random,5
525,1,52501,0.0,True,500,261,False,False,/Users/fish/Documents/GitHub/column_chromatography_prediction/experiments/e2_4g_active_learning/row_seed_525/random/round_5/checkpoints/member_1_seed_52501/best.pt,da1d5897cbd88a95b1ebc2649da7dac4e98c8d571eebba00bc223c6669cb934b,161,261,0.4198832321972516,443,57,775476,775476,c2cff5afb7ce404d3bef2832441caa1cfde8b27b4c7d2fb9102977b0456477a8,ef37306201250bceda1fa5b76bfbe79567670e98e9672bbfa25b97a1f89c0542,de5df2b182256d45e13e1d041ff4fb5190e00810dfe19101298438c566bfda12,seeded_random,full_source_free,48a36f413fda5e0df37a963134c2d89accbcb5c11457c6a5c8d8ddf042ccb0e5,random,5
525,2,52502,0.0,True,500,287,False,False,/Users/fish/Documents/GitHub/column_chromatography_prediction/experiments/e2_4g_active_learning/row_seed_525/random/round_5/checkpoints/member_2_seed_52502/best.pt,9eb13b5978ddcd8a16b9a2199cc9d72c9d9f0d9203f3de48f855cb1ee0cf1922,187,287,0.4774254965785192,443,57,775476,775476,c2cff5afb7ce404d3bef2832441caa1cfde8b27b4c7d2fb9102977b0456477a8,ef37306201250bceda1fa5b76bfbe79567670e98e9672bbfa25b97a1f89c0542,de5df2b182256d45e13e1d041ff4fb5190e00810dfe19101298438c566bfda12,seeded_random,full_source_free,48a36f413fda5e0df37a963134c2d89accbcb5c11457c6a5c8d8ddf042ccb0e5,random,5
525,0,52500,0.0,True,500,255,False,False,/Users/fish/Documents/GitHub/column_chromatography_prediction/experiments/e2_4g_active_learning/row_seed_525/random/round_6/checkpoints/member_0_seed_52500/best.pt,dd0208ef3b547cd1d93607fdd2200affb5ac67844459d92a8c5c59d836cc7efe,155,255,0.2502509766498968,468,57,775476,775476,c2cff5afb7ce404d3bef2832441caa1cfde8b27b4c7d2fb9102977b0456477a8,5888087a66ede46d0662475a0b5be90e5df79bbf04b0d838c68ae196e4bf0eb4,de5df2b182256d45e13e1d041ff4fb5190e00810dfe19101298438c566bfda12,seeded_random,full_source_free,48a36f413fda5e0df37a963134c2d89accbcb5c11457c6a5c8d8ddf042ccb0e5,random,6
525,1,52501,0.0,True,500,185,False,False,/Users/fish/Documents/GitHub/column_chromatography_prediction/experiments/e2_4g_active_learning/row_seed_525/random/round_6/checkpoints/member_1_seed_52501/best.pt,98d3db3952b2fe8f6844a56d1ee5f7f903b8954bf9add63771de22d5669ec242,85,185,0.4110524832072693,468,57,775476,775476,c2cff5afb7ce404d3bef2832441caa1cfde8b27b4c7d2fb9102977b0456477a8,5888087a66ede46d0662475a0b5be90e5df79bbf04b0d838c68ae196e4bf0eb4,de5df2b182256d45e13e1d041ff4fb5190e00810dfe19101298438c566bfda12,seeded_random,full_source_free,48a36f413fda5e0df37a963134c2d89accbcb5c11457c6a5c8d8ddf042ccb0e5,random,6
525,2,52502,0.0,True,500,255,False,False,/Users/fish/Documents/GitHub/column_chromatography_prediction/experiments/e2_4g_active_learning/row_seed_525/random/round_6/checkpoints/member_2_seed_52502/best.pt,7cd715036ccd40874b99b23987705393cc0844b3721be4c44a12b4489b46d2e9,155,255,0.3797089918467939,468,57,775476,775476,c2cff5afb7ce404d3bef2832441caa1cfde8b27b4c7d2fb9102977b0456477a8,5888087a66ede46d0662475a0b5be90e5df79bbf04b0d838c68ae196e4bf0eb4,de5df2b182256d45e13e1d041ff4fb5190e00810dfe19101298438c566bfda12,seeded_random,full_source_free,48a36f413fda5e0df37a963134c2d89accbcb5c11457c6a5c8d8ddf042ccb0e5,random,6
525,0,52500,0.0,True,500,202,False,False,/Users/fish/Documents/GitHub/column_chromatography_prediction/experiments/e2_4g_active_learning/row_seed_525/random/round_7/checkpoints/member_0_seed_52500/best.pt,2cb726c325a1cf05425aebbe955afa2ecb11e7fc9b777a11d5ed3c49458f6b96,102,202,0.3978301343449916,493,57,775476,775476,c2cff5afb7ce404d3bef2832441caa1cfde8b27b4c7d2fb9102977b0456477a8,b52196e45e4d14090ca6981f93359c57c03dae9f27929a3cb58fca4be8fad3c7,de5df2b182256d45e13e1d041ff4fb5190e00810dfe19101298438c566bfda12,seeded_random,full_source_free,48a36f413fda5e0df37a963134c2d89accbcb5c11457c6a5c8d8ddf042ccb0e5,random,7
525,1,52501,0.0,True,500,197,False,False,/Users/fish/Documents/GitHub/column_chromatography_prediction/experiments/e2_4g_active_learning/row_seed_525/random/round_7/checkpoints/member_1_seed_52501/best.pt,7eba8ad3beee61cc1c9b3cd1f143b02788557892d8481032972ad4fca028ad83,97,197,0.4006978359943379,493,57,775476,775476,c2cff5afb7ce404d3bef2832441caa1cfde8b27b4c7d2fb9102977b0456477a8,b52196e45e4d14090ca6981f93359c57c03dae9f27929a3cb58fca4be8fad3c7,de5df2b182256d45e13e1d041ff4fb5190e00810dfe19101298438c566bfda12,seeded_random,full_source_free,48a36f413fda5e0df37a963134c2d89accbcb5c11457c6a5c8d8ddf042ccb0e5,random,7
525,2,52502,0.0,True,500,264,False,False,/Users/fish/Documents/GitHub/column_chromatography_prediction/experiments/e2_4g_active_learning/row_seed_525/random/round_7/checkpoints/member_2_seed_52502/best.pt,f288ec6324bb4ff6e673f624f76bca88f5cb1ebdcbe033a4cc18930a2fcf39bd,164,264,0.450906807980447,493,57,775476,775476,c2cff5afb7ce404d3bef2832441caa1cfde8b27b4c7d2fb9102977b0456477a8,b52196e45e4d14090ca6981f93359c57c03dae9f27929a3cb58fca4be8fad3c7,de5df2b182256d45e13e1d041ff4fb5190e00810dfe19101298438c566bfda12,seeded_random,full_source_free,48a36f413fda5e0df37a963134c2d89accbcb5c11457c6a5c8d8ddf042ccb0e5,random,7
525,0,52500,0.0,True,500,214,False,False,/Users/fish/Documents/GitHub/column_chromatography_prediction/experiments/e2_4g_active_learning/row_seed_525/random/round_8/checkpoints/member_0_seed_52500/best.pt,76e24003d48d06aa1247ff4d08a8b772234d1b3a7c4cf34e1f06680b56915389,114,214,0.3497031565875571,518,57,775476,775476,c2cff5afb7ce404d3bef2832441caa1cfde8b27b4c7d2fb9102977b0456477a8,ca0dd170c7b008c0b3490c16088dbdea62cf0cbdb0f5c5c5271d0cd534856826,de5df2b182256d45e13e1d041ff4fb5190e00810dfe19101298438c566bfda12,seeded_random,full_source_free,48a36f413fda5e0df37a963134c2d89accbcb5c11457c6a5c8d8ddf042ccb0e5,random,8
525,1,52501,0.0,True,500,354,False,False,/Users/fish/Documents/GitHub/column_chromatography_prediction/experiments/e2_4g_active_learning/row_seed_525/random/round_8/checkpoints/member_1_seed_52501/best.pt,71e6705a6b42ea4e2c59a94f5efce68f30ef9997d2c1cfc5fb9bb301dcdd8ad2,254,354,0.3900807002807567,518,57,775476,775476,c2cff5afb7ce404d3bef2832441caa1cfde8b27b4c7d2fb9102977b0456477a8,ca0dd170c7b008c0b3490c16088dbdea62cf0cbdb0f5c5c5271d0cd534856826,de5df2b182256d45e13e1d041ff4fb5190e00810dfe19101298438c566bfda12,seeded_random,full_source_free,48a36f413fda5e0df37a963134c2d89accbcb5c11457c6a5c8d8ddf042ccb0e5,random,8
525,2,52502,0.0,True,500,256,False,False,/Users/fish/Documents/GitHub/column_chromatography_prediction/experiments/e2_4g_active_learning/row_seed_525/random/round_8/checkpoints/member_2_seed_52502/best.pt,72a98c979412b95a75ae9412c3461ef865e04c0038124c951a092c73c4797205,156,256,0.5884866013603625,518,57,775476,775476,c2cff5afb7ce404d3bef2832441caa1cfde8b27b4c7d2fb9102977b0456477a8,ca0dd170c7b008c0b3490c16088dbdea62cf0cbdb0f5c5c5271d0cd534856826,de5df2b182256d45e13e1d041ff4fb5190e00810dfe19101298438c566bfda12,seeded_random,full_source_free,48a36f413fda5e0df37a963134c2d89accbcb5c11457c6a5c8d8ddf042ccb0e5,random,8
1101,0,110100,0.0,True,500,170,False,False,/Users/fish/Documents/GitHub/column_chromatography_prediction/experiments/e2_4g_active_learning/row_seed_1101/shared_round_0/member_0_seed_110100/best.pt,2a13a7a7aa8eae56da7710816b5662efa46fe35f5fe2fdca289be6d3a7466e31,70,170,0.6767919730095804,318,57,775476,775476,c2cff5afb7ce404d3bef2832441caa1cfde8b27b4c7d2fb9102977b0456477a8,7e8fe2d07f94a5b096ad8d884de813eeb4adbc3b52c354d82457434d0b1ccf10,1b0ec16a914860259bc832f1cdec96577264252ae8026840a26b40e4508c8c64,seeded_random,full_source_free,5b84f7b5991f7adee450702433a58eae7bebaa5bd7ab1e20dc971ab7ca6b197c,coverage,0
1101,1,110101,0.0,True,500,262,False,False,/Users/fish/Documents/GitHub/column_chromatography_prediction/experiments/e2_4g_active_learning/row_seed_1101/shared_round_0/member_1_seed_110101/best.pt,1ec4ca29f9c4ee0c326917254920ed0fe65565618b3f8ca6a7670cda67cf832b,162,262,0.5506074052609344,318,57,775476,775476,c2cff5afb7ce404d3bef2832441caa1cfde8b27b4c7d2fb9102977b0456477a8,7e8fe2d07f94a5b096ad8d884de813eeb4adbc3b52c354d82457434d0b1ccf10,1b0ec16a914860259bc832f1cdec96577264252ae8026840a26b40e4508c8c64,seeded_random,full_source_free,5b84f7b5991f7adee450702433a58eae7bebaa5bd7ab1e20dc971ab7ca6b197c,coverage,0
1101,2,110102,0.0,True,500,149,False,False,/Users/fish/Documents/GitHub/column_chromatography_prediction/experiments/e2_4g_active_learning/row_seed_1101/shared_round_0/member_2_seed_110102/best.pt,5c7e284a63b5ee9ceaae495e144201d940088aac1de716df3bcd0d2dd499f7f7,49,149,0.8083901665312787,318,57,775476,775476,c2cff5afb7ce404d3bef2832441caa1cfde8b27b4c7d2fb9102977b0456477a8,7e8fe2d07f94a5b096ad8d884de813eeb4adbc3b52c354d82457434d0b1ccf10,1b0ec16a914860259bc832f1cdec96577264252ae8026840a26b40e4508c8c64,seeded_random,full_source_free,5b84f7b5991f7adee450702433a58eae7bebaa5bd7ab1e20dc971ab7ca6b197c,coverage,0
1101,0,110100,0.0,True,500,172,False,False,/Users/fish/Documents/GitHub/column_chromatography_prediction/experiments/e2_4g_active_learning/row_seed_1101/coverage/round_1/checkpoints/member_0_seed_110100/best.pt,96f6821f5bbe9a2d582511e2f5f9a94526bfcfb92f31dc06fc52c1af5f952cf4,72,172,0.4556808842177725,343,57,775476,775476,c2cff5afb7ce404d3bef2832441caa1cfde8b27b4c7d2fb9102977b0456477a8,1a68d9358d73f2a9eb59f264139071cd58dfc652c512e10fd4123e84a456e549,1b0ec16a914860259bc832f1cdec96577264252ae8026840a26b40e4508c8c64,seeded_random,full_source_free,5b84f7b5991f7adee450702433a58eae7bebaa5bd7ab1e20dc971ab7ca6b197c,coverage,1
1101,1,110101,0.0,True,500,222,False,False,/Users/fish/Documents/GitHub/column_chromatography_prediction/experiments/e2_4g_active_learning/row_seed_1101/coverage/round_1/checkpoints/member_1_seed_110101/best.pt,cb575b5880f0c1043fc1603cd51cf92fe8ba312fd9c9b3954b5e393df0c72d00,122,222,0.4186135675960017,343,57,775476,775476,c2cff5afb7ce404d3bef2832441caa1cfde8b27b4c7d2fb9102977b0456477a8,1a68d9358d73f2a9eb59f264139071cd58dfc652c512e10fd4123e84a456e549,1b0ec16a914860259bc832f1cdec96577264252ae8026840a26b40e4508c8c64,seeded_random,full_source_free,5b84f7b5991f7adee450702433a58eae7bebaa5bd7ab1e20dc971ab7ca6b197c,coverage,1
1101,2,110102,0.0,True,500,152,False,False,/Users/fish/Documents/GitHub/column_chromatography_prediction/experiments/e2_4g_active_learning/row_seed_1101/coverage/round_1/checkpoints/member_2_seed_110102/best.pt,d15ff06a1a6bf0d9e61e2adc181126b2f2a18880e026c8a5a5e463a688f57597,52,152,0.6474709532144414,343,57,775476,775476,c2cff5afb7ce404d3bef2832441caa1cfde8b27b4c7d2fb9102977b0456477a8,1a68d9358d73f2a9eb59f264139071cd58dfc652c512e10fd4123e84a456e549,1b0ec16a914860259bc832f1cdec96577264252ae8026840a26b40e4508c8c64,seeded_random,full_source_free,5b84f7b5991f7adee450702433a58eae7bebaa5bd7ab1e20dc971ab7ca6b197c,coverage,1
1101,0,110100,189.357600874966,False,500,181,False,False,/Users/fish/Documents/GitHub/column_chromatography_prediction/experiments/e2_4g_active_learning/row_seed_1101/coverage/round_2/checkpoints/member_0_seed_110100/best.pt,93353c80fa3c512d1b398f6f578ae9483dadcb290f1f543032679d64903c3a1d,81,181,0.3689908369126367,368,57,775476,775476,c2cff5afb7ce404d3bef2832441caa1cfde8b27b4c7d2fb9102977b0456477a8,5fb2b2277445744d8dfa7ee51c13e9914cee01f168b33ffe20ad1e95404d17bb,1b0ec16a914860259bc832f1cdec96577264252ae8026840a26b40e4508c8c64,seeded_random,full_source_free,5b84f7b5991f7adee450702433a58eae7bebaa5bd7ab1e20dc971ab7ca6b197c,coverage,2
1101,1,110101,244.11339983297512,False,500,227,False,False,/Users/fish/Documents/GitHub/column_chromatography_prediction/experiments/e2_4g_active_learning/row_seed_1101/coverage/round_2/checkpoints/member_1_seed_110101/best.pt,8c3e348465e15b8d33744e9aab4187981a286ab5afd01eaeb62893da7a6abb2f,127,227,0.2738309401162642,368,57,775476,775476,c2cff5afb7ce404d3bef2832441caa1cfde8b27b4c7d2fb9102977b0456477a8,5fb2b2277445744d8dfa7ee51c13e9914cee01f168b33ffe20ad1e95404d17bb,1b0ec16a914860259bc832f1cdec96577264252ae8026840a26b40e4508c8c64,seeded_random,full_source_free,5b84f7b5991f7adee450702433a58eae7bebaa5bd7ab1e20dc971ab7ca6b197c,coverage,2
1101,2,110102,188.5589813750703,False,500,178,False,False,/Users/fish/Documents/GitHub/column_chromatography_prediction/experiments/e2_4g_active_learning/row_seed_1101/coverage/round_2/checkpoints/member_2_seed_110102/best.pt,e754e3b12f4d7fee8a31ff99e3b9ad58b63c80b445677b6dacb2bbe343a19436,78,178,0.3881778237070136,368,57,775476,775476,c2cff5afb7ce404d3bef2832441caa1cfde8b27b4c7d2fb9102977b0456477a8,5fb2b2277445744d8dfa7ee51c13e9914cee01f168b33ffe20ad1e95404d17bb,1b0ec16a914860259bc832f1cdec96577264252ae8026840a26b40e4508c8c64,seeded_random,full_source_free,5b84f7b5991f7adee450702433a58eae7bebaa5bd7ab1e20dc971ab7ca6b197c,coverage,2
1101,0,110100,247.71670712495688,False,500,214,False,False,/Users/fish/Documents/GitHub/column_chromatography_prediction/experiments/e2_4g_active_learning/row_seed_1101/coverage/round_3/checkpoints/member_0_seed_110100/best.pt,266d9fc401cc3999c8a3b057b5e7cfab6e5b33d2399a41e41ce09cd17ac57243,114,214,0.2089122094022501,393,57,775476,775476,c2cff5afb7ce404d3bef2832441caa1cfde8b27b4c7d2fb9102977b0456477a8,8431d90b47c542d7376e0817ca042dbcc9b2b51f9ad677097d759f2af593def0,1b0ec16a914860259bc832f1cdec96577264252ae8026840a26b40e4508c8c64,seeded_random,full_source_free,5b84f7b5991f7adee450702433a58eae7bebaa5bd7ab1e20dc971ab7ca6b197c,coverage,3
1101,1,110101,259.8277438329533,False,500,222,False,False,/Users/fish/Documents/GitHub/column_chromatography_prediction/experiments/e2_4g_active_learning/row_seed_1101/coverage/round_3/checkpoints/member_1_seed_110101/best.pt,a87d0b0d90542619e08edea5e58ee977f0d0fccbaefc9b016eb532b2fd440cce,122,222,0.2045782047524884,393,57,775476,775476,c2cff5afb7ce404d3bef2832441caa1cfde8b27b4c7d2fb9102977b0456477a8,8431d90b47c542d7376e0817ca042dbcc9b2b51f9ad677097d759f2af593def0,1b0ec16a914860259bc832f1cdec96577264252ae8026840a26b40e4508c8c64,seeded_random,full_source_free,5b84f7b5991f7adee450702433a58eae7bebaa5bd7ab1e20dc971ab7ca6b197c,coverage,3
1101,2,110102,228.5193192079896,False,500,197,False,False,/Users/fish/Documents/GitHub/column_chromatography_prediction/experiments/e2_4g_active_learning/row_seed_1101/coverage/round_3/checkpoints/member_2_seed_110102/best.pt,4bb99da975a60d96cd61de0734119a5b71a4d511512e552b375ef179ca2e1b90,97,197,0.2902173176163044,393,57,775476,775476,c2cff5afb7ce404d3bef2832441caa1cfde8b27b4c7d2fb9102977b0456477a8,8431d90b47c542d7376e0817ca042dbcc9b2b51f9ad677097d759f2af593def0,1b0ec16a914860259bc832f1cdec96577264252ae8026840a26b40e4508c8c64,seeded_random,full_source_free,5b84f7b5991f7adee450702433a58eae7bebaa5bd7ab1e20dc971ab7ca6b197c,coverage,3
1101,0,110100,245.5958924590377,False,500,208,False,False,/Users/fish/Documents/GitHub/column_chromatography_prediction/experiments/e2_4g_active_learning/row_seed_1101/coverage/round_4/checkpoints/member_0_seed_110100/best.pt,eacb10bb4a925ee1ca10d3ff27e1868a5fc22815c1f2d513a74dd7425e754eeb,108,208,0.3738139107881482,418,57,775476,775476,c2cff5afb7ce404d3bef2832441caa1cfde8b27b4c7d2fb9102977b0456477a8,11454170233af85bdab048ee8062791a0252072f985d29e0e1ed78165cb1a9f6,1b0ec16a914860259bc832f1cdec96577264252ae8026840a26b40e4508c8c64,seeded_random,full_source_free,5b84f7b5991f7adee450702433a58eae7bebaa5bd7ab1e20dc971ab7ca6b197c,coverage,4
1101,1,110101,297.6935182920424,False,500,252,False,False,/Users/fish/Documents/GitHub/column_chromatography_prediction/experiments/e2_4g_active_learning/row_seed_1101/coverage/round_4/checkpoints/member_1_seed_110101/best.pt,667738987a19d246c212954f7d24afc7381b88552859f45178e8a4db964cddfd,152,252,0.3436242361187871,418,57,775476,775476,c2cff5afb7ce404d3bef2832441caa1cfde8b27b4c7d2fb9102977b0456477a8,11454170233af85bdab048ee8062791a0252072f985d29e0e1ed78165cb1a9f6,1b0ec16a914860259bc832f1cdec96577264252ae8026840a26b40e4508c8c64,seeded_random,full_source_free,5b84f7b5991f7adee450702433a58eae7bebaa5bd7ab1e20dc971ab7ca6b197c,coverage,4
1101,2,110102,250.08601370896213,False,500,208,False,False,/Users/fish/Documents/GitHub/column_chromatography_prediction/experiments/e2_4g_active_learning/row_seed_1101/coverage/round_4/checkpoints/member_2_seed_110102/best.pt,c86c23e4e59b12f7d9b69944f0f476ee777d4fbfcfd8fb5e71240444c5586d1b,108,208,0.3609264922375161,418,57,775476,775476,c2cff5afb7ce404d3bef2832441caa1cfde8b27b4c7d2fb9102977b0456477a8,11454170233af85bdab048ee8062791a0252072f985d29e0e1ed78165cb1a9f6,1b0ec16a914860259bc832f1cdec96577264252ae8026840a26b40e4508c8c64,seeded_random,full_source_free,5b84f7b5991f7adee450702433a58eae7bebaa5bd7ab1e20dc971ab7ca6b197c,coverage,4
1101,0,110100,355.31777925009374,False,500,226,False,False,/Users/fish/Documents/GitHub/column_chromatography_prediction/experiments/e2_4g_active_learning/row_seed_1101/coverage/round_5/checkpoints/member_0_seed_110100/best.pt,793a52c1c0a6f8bb81d1cdeab6566ffd3ecbe8ac0ef02a958bc544a3216ff508,126,226,0.3374892231681196,443,57,775476,775476,c2cff5afb7ce404d3bef2832441caa1cfde8b27b4c7d2fb9102977b0456477a8,226ba9e7aef71cbe91a16fbe0a184a896fc1de3f27e181a6e3ed946f2d22b177,1b0ec16a914860259bc832f1cdec96577264252ae8026840a26b40e4508c8c64,seeded_random,full_source_free,5b84f7b5991f7adee450702433a58eae7bebaa5bd7ab1e20dc971ab7ca6b197c,coverage,5
1101,1,110101,619.1068317919271,False,500,274,False,False,/Users/fish/Documents/GitHub/column_chromatography_prediction/experiments/e2_4g_active_learning/row_seed_1101/coverage/round_5/checkpoints/member_1_seed_110101/best.pt,fd4ed2f574eae6248d3adaebdce52f28663d61c0b97e10a1b1acd4c5e646470e,174,274,0.3454052670348104,443,57,775476,775476,c2cff5afb7ce404d3bef2832441caa1cfde8b27b4c7d2fb9102977b0456477a8,226ba9e7aef71cbe91a16fbe0a184a896fc1de3f27e181a6e3ed946f2d22b177,1b0ec16a914860259bc832f1cdec96577264252ae8026840a26b40e4508c8c64,seeded_random,full_source_free,5b84f7b5991f7adee450702433a58eae7bebaa5bd7ab1e20dc971ab7ca6b197c,coverage,5
1101,2,110102,580.6716048331,False,500,269,False,False,/Users/fish/Documents/GitHub/column_chromatography_prediction/experiments/e2_4g_active_learning/row_seed_1101/coverage/round_5/checkpoints/member_2_seed_110102/best.pt,dbbad3a7b8822ada9d39f17bd0a85d609d5aa4dc8aa01bf6a4b7784e196c7f0e,169,269,0.3336803811726282,443,57,775476,775476,c2cff5afb7ce404d3bef2832441caa1cfde8b27b4c7d2fb9102977b0456477a8,226ba9e7aef71cbe91a16fbe0a184a896fc1de3f27e181a6e3ed946f2d22b177,1b0ec16a914860259bc832f1cdec96577264252ae8026840a26b40e4508c8c64,seeded_random,full_source_free,5b84f7b5991f7adee450702433a58eae7bebaa5bd7ab1e20dc971ab7ca6b197c,coverage,5
1101,0,110100,426.9661684590392,False,500,202,False,False,/Users/fish/Documents/GitHub/column_chromatography_prediction/experiments/e2_4g_active_learning/row_seed_1101/coverage/round_6/checkpoints/member_0_seed_110100/best.pt,08a92a80d8b0f0a767428d2fe207e3469726ca89c2812e1912c21ad2d91d77f3,102,202,0.3437386765317433,468,57,775476,775476,c2cff5afb7ce404d3bef2832441caa1cfde8b27b4c7d2fb9102977b0456477a8,198106cc05791b10dbfc21c5dea01fe0357bf52c960d2fa5d53527017d2c3d01,1b0ec16a914860259bc832f1cdec96577264252ae8026840a26b40e4508c8c64,seeded_random,full_source_free,5b84f7b5991f7adee450702433a58eae7bebaa5bd7ab1e20dc971ab7ca6b197c,coverage,6
1101,1,110101,514.5498286670772,False,500,245,False,False,/Users/fish/Documents/GitHub/column_chromatography_prediction/experiments/e2_4g_active_learning/row_seed_1101/coverage/round_6/checkpoints/member_1_seed_110101/best.pt,9dab1cadaf2c0261b453038c8f48e00bee6467b92d3017f5547454ff1fcf1d74,145,245,0.29139275127594,468,57,775476,775476,c2cff5afb7ce404d3bef2832441caa1cfde8b27b4c7d2fb9102977b0456477a8,198106cc05791b10dbfc21c5dea01fe0357bf52c960d2fa5d53527017d2c3d01,1b0ec16a914860259bc832f1cdec96577264252ae8026840a26b40e4508c8c64,seeded_random,full_source_free,5b84f7b5991f7adee450702433a58eae7bebaa5bd7ab1e20dc971ab7ca6b197c,coverage,6
1101,2,110102,505.6357381669805,False,500,244,False,False,/Users/fish/Documents/GitHub/column_chromatography_prediction/experiments/e2_4g_active_learning/row_seed_1101/coverage/round_6/checkpoints/member_2_seed_110102/best.pt,362d8798b6f07917a92008c439a56b8feb0c55062f702523264ef018b210d1cc,144,244,0.2962142588760882,468,57,775476,775476,c2cff5afb7ce404d3bef2832441caa1cfde8b27b4c7d2fb9102977b0456477a8,198106cc05791b10dbfc21c5dea01fe0357bf52c960d2fa5d53527017d2c3d01,1b0ec16a914860259bc832f1cdec96577264252ae8026840a26b40e4508c8c64,seeded_random,full_source_free,5b84f7b5991f7adee450702433a58eae7bebaa5bd7ab1e20dc971ab7ca6b197c,coverage,6
1101,0,110100,437.337614875054,False,500,209,False,False,/Users/fish/Documents/GitHub/column_chromatography_prediction/experiments/e2_4g_active_learning/row_seed_1101/coverage/round_7/checkpoints/member_0_seed_110100/best.pt,7d9eb87cc8b3e8ca6df0da126ee5d4e2f1e4e501f4cfdd95fe34c1ed1f9945f7,109,209,0.2811451773450145,493,57,775476,775476,c2cff5afb7ce404d3bef2832441caa1cfde8b27b4c7d2fb9102977b0456477a8,320b059a7cab7ead5027fecb01f316e311a026792775dff24a822e75168d7666,1b0ec16a914860259bc832f1cdec96577264252ae8026840a26b40e4508c8c64,seeded_random,full_source_free,5b84f7b5991f7adee450702433a58eae7bebaa5bd7ab1e20dc971ab7ca6b197c,coverage,7
1101,1,110101,498.19231466704514,False,500,237,False,False,/Users/fish/Documents/GitHub/column_chromatography_prediction/experiments/e2_4g_active_learning/row_seed_1101/coverage/round_7/checkpoints/member_1_seed_110101/best.pt,ed695ad069fad68844f632f7289129977095d22e631641e1b0c178c0a43279f0,137,237,0.2788559632809951,493,57,775476,775476,c2cff5afb7ce404d3bef2832441caa1cfde8b27b4c7d2fb9102977b0456477a8,320b059a7cab7ead5027fecb01f316e311a026792775dff24a822e75168d7666,1b0ec16a914860259bc832f1cdec96577264252ae8026840a26b40e4508c8c64,seeded_random,full_source_free,5b84f7b5991f7adee450702433a58eae7bebaa5bd7ab1e20dc971ab7ca6b197c,coverage,7
1101,2,110102,516.6060006669722,False,500,241,False,False,/Users/fish/Documents/GitHub/column_chromatography_prediction/experiments/e2_4g_active_learning/row_seed_1101/coverage/round_7/checkpoints/member_2_seed_110102/best.pt,b2aaa90796d7e98b400e25b487adba61d18dc5e08b7c349878733f87d6b0f2b3,141,241,0.3228660315696471,493,57,775476,775476,c2cff5afb7ce404d3bef2832441caa1cfde8b27b4c7d2fb9102977b0456477a8,320b059a7cab7ead5027fecb01f316e311a026792775dff24a822e75168d7666,1b0ec16a914860259bc832f1cdec96577264252ae8026840a26b40e4508c8c64,seeded_random,full_source_free,5b84f7b5991f7adee450702433a58eae7bebaa5bd7ab1e20dc971ab7ca6b197c,coverage,7
1101,0,110100,519.8496550420532,False,500,211,False,False,/Users/fish/Documents/GitHub/column_chromatography_prediction/experiments/e2_4g_active_learning/row_seed_1101/coverage/round_8/checkpoints/member_0_seed_110100/best.pt,d457c6259e0fc15a04592719febf443905294ce335adcaf3c7337ec83f782165,111,211,0.2849622775438321,518,57,775476,775476,c2cff5afb7ce404d3bef2832441caa1cfde8b27b4c7d2fb9102977b0456477a8,b270f2f694231d7744ca3cbc2bab69fa3e83a033be6661f06c6642b4b9633f09,1b0ec16a914860259bc832f1cdec96577264252ae8026840a26b40e4508c8c64,seeded_random,full_source_free,5b84f7b5991f7adee450702433a58eae7bebaa5bd7ab1e20dc971ab7ca6b197c,coverage,8
1101,1,110101,356.7056987079559,False,500,240,False,False,/Users/fish/Documents/GitHub/column_chromatography_prediction/experiments/e2_4g_active_learning/row_seed_1101/coverage/round_8/checkpoints/member_1_seed_110101/best.pt,d71f949f966faba96360022de2bcf562c62851a29a4cf48177f65fe2542ec4af,140,240,0.2824423806540752,518,57,775476,775476,c2cff5afb7ce404d3bef2832441caa1cfde8b27b4c7d2fb9102977b0456477a8,b270f2f694231d7744ca3cbc2bab69fa3e83a033be6661f06c6642b4b9633f09,1b0ec16a914860259bc832f1cdec96577264252ae8026840a26b40e4508c8c64,seeded_random,full_source_free,5b84f7b5991f7adee450702433a58eae7bebaa5bd7ab1e20dc971ab7ca6b197c,coverage,8
1101,2,110102,281.10947237501387,False,500,217,False,False,/Users/fish/Documents/GitHub/column_chromatography_prediction/experiments/e2_4g_active_learning/row_seed_1101/coverage/round_8/checkpoints/member_2_seed_110102/best.pt,9bd5a46bac34700cb22d179266612039b78145441b40604ee336c52b4641ae7d,117,217,0.3195255067459286,518,57,775476,775476,c2cff5afb7ce404d3bef2832441caa1cfde8b27b4c7d2fb9102977b0456477a8,b270f2f694231d7744ca3cbc2bab69fa3e83a033be6661f06c6642b4b9633f09,1b0ec16a914860259bc832f1cdec96577264252ae8026840a26b40e4508c8c64,seeded_random,full_source_free,5b84f7b5991f7adee450702433a58eae7bebaa5bd7ab1e20dc971ab7ca6b197c,coverage,8
1101,0,110100,0.0,True,500,170,False,False,/Users/fish/Documents/GitHub/column_chromatography_prediction/experiments/e2_4g_active_learning/row_seed_1101/shared_round_0/member_0_seed_110100/best.pt,2a13a7a7aa8eae56da7710816b5662efa46fe35f5fe2fdca289be6d3a7466e31,70,170,0.6767919730095804,318,57,775476,775476,c2cff5afb7ce404d3bef2832441caa1cfde8b27b4c7d2fb9102977b0456477a8,7e8fe2d07f94a5b096ad8d884de813eeb4adbc3b52c354d82457434d0b1ccf10,1b0ec16a914860259bc832f1cdec96577264252ae8026840a26b40e4508c8c64,seeded_random,full_source_free,5b84f7b5991f7adee450702433a58eae7bebaa5bd7ab1e20dc971ab7ca6b197c,ensemble,0
1101,1,110101,0.0,True,500,262,False,False,/Users/fish/Documents/GitHub/column_chromatography_prediction/experiments/e2_4g_active_learning/row_seed_1101/shared_round_0/member_1_seed_110101/best.pt,1ec4ca29f9c4ee0c326917254920ed0fe65565618b3f8ca6a7670cda67cf832b,162,262,0.5506074052609344,318,57,775476,775476,c2cff5afb7ce404d3bef2832441caa1cfde8b27b4c7d2fb9102977b0456477a8,7e8fe2d07f94a5b096ad8d884de813eeb4adbc3b52c354d82457434d0b1ccf10,1b0ec16a914860259bc832f1cdec96577264252ae8026840a26b40e4508c8c64,seeded_random,full_source_free,5b84f7b5991f7adee450702433a58eae7bebaa5bd7ab1e20dc971ab7ca6b197c,ensemble,0
1101,2,110102,0.0,True,500,149,False,False,/Users/fish/Documents/GitHub/column_chromatography_prediction/experiments/e2_4g_active_learning/row_seed_1101/shared_round_0/member_2_seed_110102/best.pt,5c7e284a63b5ee9ceaae495e144201d940088aac1de716df3bcd0d2dd499f7f7,49,149,0.8083901665312787,318,57,775476,775476,c2cff5afb7ce404d3bef2832441caa1cfde8b27b4c7d2fb9102977b0456477a8,7e8fe2d07f94a5b096ad8d884de813eeb4adbc3b52c354d82457434d0b1ccf10,1b0ec16a914860259bc832f1cdec96577264252ae8026840a26b40e4508c8c64,seeded_random,full_source_free,5b84f7b5991f7adee450702433a58eae7bebaa5bd7ab1e20dc971ab7ca6b197c,ensemble,0
1101,0,110100,235.2290793750435,False,500,228,False,False,/Users/fish/Documents/GitHub/column_chromatography_prediction/experiments/e2_4g_active_learning/row_seed_1101/ensemble/round_1/checkpoints/member_0_seed_110100/best.pt,117b5498051f9b2663144b99a5be2b6fbbdcb0431d6fb83d0b8e735975be6466,128,228,0.4237628884181558,343,57,775476,775476,c2cff5afb7ce404d3bef2832441caa1cfde8b27b4c7d2fb9102977b0456477a8,6312945d09f42afff770fa16df4776478b454ff11be910a34d431efa35504115,1b0ec16a914860259bc832f1cdec96577264252ae8026840a26b40e4508c8c64,seeded_random,full_source_free,5b84f7b5991f7adee450702433a58eae7bebaa5bd7ab1e20dc971ab7ca6b197c,ensemble,1
1101,1,110101,221.81205466599204,False,500,226,False,False,/Users/fish/Documents/GitHub/column_chromatography_prediction/experiments/e2_4g_active_learning/row_seed_1101/ensemble/round_1/checkpoints/member_1_seed_110101/best.pt,d2a5f62ef285eb7374d2d5500983c9bc99b248f653bd6d1b3e22d7c4793dcca5,126,226,0.3880697825298687,343,57,775476,775476,c2cff5afb7ce404d3bef2832441caa1cfde8b27b4c7d2fb9102977b0456477a8,6312945d09f42afff770fa16df4776478b454ff11be910a34d431efa35504115,1b0ec16a914860259bc832f1cdec96577264252ae8026840a26b40e4508c8c64,seeded_random,full_source_free,5b84f7b5991f7adee450702433a58eae7bebaa5bd7ab1e20dc971ab7ca6b197c,ensemble,1
1101,2,110102,145.6151499999687,False,500,142,False,False,/Users/fish/Documents/GitHub/column_chromatography_prediction/experiments/e2_4g_active_learning/row_seed_1101/ensemble/round_1/checkpoints/member_2_seed_110102/best.pt,48a7486c33c4a81d62db918f8da8d5c0d84471a38b11134517f68663b7d6fa82,42,142,0.603557168022894,343,57,775476,775476,c2cff5afb7ce404d3bef2832441caa1cfde8b27b4c7d2fb9102977b0456477a8,6312945d09f42afff770fa16df4776478b454ff11be910a34d431efa35504115,1b0ec16a914860259bc832f1cdec96577264252ae8026840a26b40e4508c8c64,seeded_random,full_source_free,5b84f7b5991f7adee450702433a58eae7bebaa5bd7ab1e20dc971ab7ca6b197c,ensemble,1
1101,0,110100,236.7421717919642,False,500,229,False,False,/Users/fish/Documents/GitHub/column_chromatography_prediction/experiments/e2_4g_active_learning/row_seed_1101/ensemble/round_2/checkpoints/member_0_seed_110100/best.pt,6d20748429fff2d57281c754b07e635e5e60fb29e1fb6bddffa50ad803aad13c,129,229,0.1921229395461485,368,57,775476,775476,c2cff5afb7ce404d3bef2832441caa1cfde8b27b4c7d2fb9102977b0456477a8,2d6e092eaadd7948c516eeaf08e3115e6911818aa5d68a662fbde2f2308efe7d,1b0ec16a914860259bc832f1cdec96577264252ae8026840a26b40e4508c8c64,seeded_random,full_source_free,5b84f7b5991f7adee450702433a58eae7bebaa5bd7ab1e20dc971ab7ca6b197c,ensemble,2
1101,1,110101,242.82851466699503,False,500,232,False,False,/Users/fish/Documents/GitHub/column_chromatography_prediction/experiments/e2_4g_active_learning/row_seed_1101/ensemble/round_2/checkpoints/member_1_seed_110101/best.pt,d9173cc524837c6c1a3b5312be7038b32fbaadae4e2d7b0e71511e94cd4cede5,132,232,0.3090983797109469,368,57,775476,775476,c2cff5afb7ce404d3bef2832441caa1cfde8b27b4c7d2fb9102977b0456477a8,2d6e092eaadd7948c516eeaf08e3115e6911818aa5d68a662fbde2f2308efe7d,1b0ec16a914860259bc832f1cdec96577264252ae8026840a26b40e4508c8c64,seeded_random,full_source_free,5b84f7b5991f7adee450702433a58eae7bebaa5bd7ab1e20dc971ab7ca6b197c,ensemble,2
1101,2,110102,178.55360462504905,False,500,171,False,False,/Users/fish/Documents/GitHub/column_chromatography_prediction/experiments/e2_4g_active_learning/row_seed_1101/ensemble/round_2/checkpoints/member_2_seed_110102/best.pt,dcb5825b50ef2ccf1813999252db23567f11169bfdf8c8a98a38bb0124d218fd,71,171,0.4558181929979692,368,57,775476,775476,c2cff5afb7ce404d3bef2832441caa1cfde8b27b4c7d2fb9102977b0456477a8,2d6e092eaadd7948c516eeaf08e3115e6911818aa5d68a662fbde2f2308efe7d,1b0ec16a914860259bc832f1cdec96577264252ae8026840a26b40e4508c8c64,seeded_random,full_source_free,5b84f7b5991f7adee450702433a58eae7bebaa5bd7ab1e20dc971ab7ca6b197c,ensemble,2
1101,0,110100,192.9887212080648,False,500,174,False,False,/Users/fish/Documents/GitHub/column_chromatography_prediction/experiments/e2_4g_active_learning/row_seed_1101/ensemble/round_3/checkpoints/member_0_seed_110100/best.pt,30c10eaf1f9ad24c5fde0007e550f555a2a648e35cc0e4ae317883eba7ee2689,74,174,0.1531447632212222,393,57,775476,775476,c2cff5afb7ce404d3bef2832441caa1cfde8b27b4c7d2fb9102977b0456477a8,a2355e3520ed155555be1bc5a384f6469d2250330f36efc511cc8af787aa84a2,1b0ec16a914860259bc832f1cdec96577264252ae8026840a26b40e4508c8c64,seeded_random,full_source_free,5b84f7b5991f7adee450702433a58eae7bebaa5bd7ab1e20dc971ab7ca6b197c,ensemble,3
1101,1,110101,253.5443825830007,False,500,227,False,False,/Users/fish/Documents/GitHub/column_chromatography_prediction/experiments/e2_4g_active_learning/row_seed_1101/ensemble/round_3/checkpoints/member_1_seed_110101/best.pt,d08f0ea0cd1bd145ac69231b2066ccc2843fb5f0833e2e6fe30f3d4beb970a95,127,227,0.2215389110181979,393,57,775476,775476,c2cff5afb7ce404d3bef2832441caa1cfde8b27b4c7d2fb9102977b0456477a8,a2355e3520ed155555be1bc5a384f6469d2250330f36efc511cc8af787aa84a2,1b0ec16a914860259bc832f1cdec96577264252ae8026840a26b40e4508c8c64,seeded_random,full_source_free,5b84f7b5991f7adee450702433a58eae7bebaa5bd7ab1e20dc971ab7ca6b197c,ensemble,3
1101,2,110102,220.69421687501017,False,500,197,False,False,/Users/fish/Documents/GitHub/column_chromatography_prediction/experiments/e2_4g_active_learning/row_seed_1101/ensemble/round_3/checkpoints/member_2_seed_110102/best.pt,23a3326d11914f5ddaf5b05e8972ef7f4688aff5862da326437a3a809ed75c78,97,197,0.2105872090308669,393,57,775476,775476,c2cff5afb7ce404d3bef2832441caa1cfde8b27b4c7d2fb9102977b0456477a8,a2355e3520ed155555be1bc5a384f6469d2250330f36efc511cc8af787aa84a2,1b0ec16a914860259bc832f1cdec96577264252ae8026840a26b40e4508c8c64,seeded_random,full_source_free,5b84f7b5991f7adee450702433a58eae7bebaa5bd7ab1e20dc971ab7ca6b197c,ensemble,3
1101,0,110100,229.06730266590603,False,500,203,False,False,/Users/fish/Documents/GitHub/column_chromatography_prediction/experiments/e2_4g_active_learning/row_seed_1101/ensemble/round_4/checkpoints/member_0_seed_110100/best.pt,a58ab60eed3ecbe8f700ba51e6d4c7be5f49935e994f7a383f09406a25d04d6e,103,203,0.131978626571894,418,57,775476,775476,c2cff5afb7ce404d3bef2832441caa1cfde8b27b4c7d2fb9102977b0456477a8,7bd03966d31cdb9dfbfe9346a1fe8a17cb15b61f4d87428281654519bc494aaa,1b0ec16a914860259bc832f1cdec96577264252ae8026840a26b40e4508c8c64,seeded_random,full_source_free,5b84f7b5991f7adee450702433a58eae7bebaa5bd7ab1e20dc971ab7ca6b197c,ensemble,4
1101,1,110101,271.539605790982,False,500,242,False,False,/Users/fish/Documents/GitHub/column_chromatography_prediction/experiments/e2_4g_active_learning/row_seed_1101/ensemble/round_4/checkpoints/member_1_seed_110101/best.pt,dc805a813b93a1c7faa304e6b0dc7fd7d482b291759ab809cc0147f8be04b821,142,242,0.1171852605463132,418,57,775476,775476,c2cff5afb7ce404d3bef2832441caa1cfde8b27b4c7d2fb9102977b0456477a8,7bd03966d31cdb9dfbfe9346a1fe8a17cb15b61f4d87428281654519bc494aaa,1b0ec16a914860259bc832f1cdec96577264252ae8026840a26b40e4508c8c64,seeded_random,full_source_free,5b84f7b5991f7adee450702433a58eae7bebaa5bd7ab1e20dc971ab7ca6b197c,ensemble,4
1101,2,110102,341.2317403750494,False,500,300,False,False,/Users/fish/Documents/GitHub/column_chromatography_prediction/experiments/e2_4g_active_learning/row_seed_1101/ensemble/round_4/checkpoints/member_2_seed_110102/best.pt,dd7c269b4606e2962dea466ae6daa00a381fd162601f6f2499c414da8fe841d9,200,300,0.132231901580461,418,57,775476,775476,c2cff5afb7ce404d3bef2832441caa1cfde8b27b4c7d2fb9102977b0456477a8,7bd03966d31cdb9dfbfe9346a1fe8a17cb15b61f4d87428281654519bc494aaa,1b0ec16a914860259bc832f1cdec96577264252ae8026840a26b40e4508c8c64,seeded_random,full_source_free,5b84f7b5991f7adee450702433a58eae7bebaa5bd7ab1e20dc971ab7ca6b197c,ensemble,4
1101,0,110100,229.92073254100976,False,500,190,False,False,/Users/fish/Documents/GitHub/column_chromatography_prediction/experiments/e2_4g_active_learning/row_seed_1101/ensemble/round_5/checkpoints/member_0_seed_110100/best.pt,3aa02aa1bacae68b58fa2f548e5e7849d250533c41bdfc8a3395d1555fddef09,90,190,0.1419406903981163,443,57,775476,775476,c2cff5afb7ce404d3bef2832441caa1cfde8b27b4c7d2fb9102977b0456477a8,03a83ce0f3925cfcac08a48f26fa93628588ae82d82950843890791d80dfbe54,1b0ec16a914860259bc832f1cdec96577264252ae8026840a26b40e4508c8c64,seeded_random,full_source_free,5b84f7b5991f7adee450702433a58eae7bebaa5bd7ab1e20dc971ab7ca6b197c,ensemble,5
1101,1,110101,290.53969862498343,False,500,245,False,False,/Users/fish/Documents/GitHub/column_chromatography_prediction/experiments/e2_4g_active_learning/row_seed_1101/ensemble/round_5/checkpoints/member_1_seed_110101/best.pt,7141a636ff366325bdd5a332eb669178a67bc3c89c81861afc831d081d725ee3,145,245,0.1001326351510179,443,57,775476,775476,c2cff5afb7ce404d3bef2832441caa1cfde8b27b4c7d2fb9102977b0456477a8,03a83ce0f3925cfcac08a48f26fa93628588ae82d82950843890791d80dfbe54,1b0ec16a914860259bc832f1cdec96577264252ae8026840a26b40e4508c8c64,seeded_random,full_source_free,5b84f7b5991f7adee450702433a58eae7bebaa5bd7ab1e20dc971ab7ca6b197c,ensemble,5
1101,2,110102,636.533685375005,False,500,227,False,False,/Users/fish/Documents/GitHub/column_chromatography_prediction/experiments/e2_4g_active_learning/row_seed_1101/ensemble/round_5/checkpoints/member_2_seed_110102/best.pt,0d953c3c1f4f93bf046021fb5ad9185dc42f332023e8842fc4324e746b86781e,127,227,0.1401104274524343,443,57,775476,775476,c2cff5afb7ce404d3bef2832441caa1cfde8b27b4c7d2fb9102977b0456477a8,03a83ce0f3925cfcac08a48f26fa93628588ae82d82950843890791d80dfbe54,1b0ec16a914860259bc832f1cdec96577264252ae8026840a26b40e4508c8c64,seeded_random,full_source_free,5b84f7b5991f7adee450702433a58eae7bebaa5bd7ab1e20dc971ab7ca6b197c,ensemble,5
1101,0,110100,751.6978154580574,False,500,273,False,False,/Users/fish/Documents/GitHub/column_chromatography_prediction/experiments/e2_4g_active_learning/row_seed_1101/ensemble/round_6/checkpoints/member_0_seed_110100/best.pt,aaab035e668aa6c1c356227966926b717b4a3ced1de9b6d01ebbfc9309432e28,173,273,0.1105896817872655,468,57,775476,775476,c2cff5afb7ce404d3bef2832441caa1cfde8b27b4c7d2fb9102977b0456477a8,619a1bba7b616eacc9a8b482fae3d5363055f613188ee6de5e584f2262094a7d,1b0ec16a914860259bc832f1cdec96577264252ae8026840a26b40e4508c8c64,seeded_random,full_source_free,5b84f7b5991f7adee450702433a58eae7bebaa5bd7ab1e20dc971ab7ca6b197c,ensemble,6
1101,1,110101,598.479351707967,False,500,294,False,False,/Users/fish/Documents/GitHub/column_chromatography_prediction/experiments/e2_4g_active_learning/row_seed_1101/ensemble/round_6/checkpoints/member_1_seed_110101/best.pt,f03f15ff26c0083cf3bd24de584ae91eb9454674383c9f688279172de68f8dd1,194,294,0.131324346779615,468,57,775476,775476,c2cff5afb7ce404d3bef2832441caa1cfde8b27b4c7d2fb9102977b0456477a8,619a1bba7b616eacc9a8b482fae3d5363055f613188ee6de5e584f2262094a7d,1b0ec16a914860259bc832f1cdec96577264252ae8026840a26b40e4508c8c64,seeded_random,full_source_free,5b84f7b5991f7adee450702433a58eae7bebaa5bd7ab1e20dc971ab7ca6b197c,ensemble,6
1101,2,110102,985.5058173750294,False,500,402,False,False,/Users/fish/Documents/GitHub/column_chromatography_prediction/experiments/e2_4g_active_learning/row_seed_1101/ensemble/round_6/checkpoints/member_2_seed_110102/best.pt,8dfdd2f86ddd623d6a84b849a404783d7ba27957bd26e271f7190ba84e4edbab,302,402,0.1205461550397657,468,57,775476,775476,c2cff5afb7ce404d3bef2832441caa1cfde8b27b4c7d2fb9102977b0456477a8,619a1bba7b616eacc9a8b482fae3d5363055f613188ee6de5e584f2262094a7d,1b0ec16a914860259bc832f1cdec96577264252ae8026840a26b40e4508c8c64,seeded_random,full_source_free,5b84f7b5991f7adee450702433a58eae7bebaa5bd7ab1e20dc971ab7ca6b197c,ensemble,6
1101,0,110100,391.30395604204386,False,500,166,False,False,/Users/fish/Documents/GitHub/column_chromatography_prediction/experiments/e2_4g_active_learning/row_seed_1101/ensemble/round_7/checkpoints/member_0_seed_110100/best.pt,305c57694cb726831c2568fcccac5df3852c4b6c98d0885779153f8aab7da85f,66,166,0.2089099392831533,493,57,775476,775476,c2cff5afb7ce404d3bef2832441caa1cfde8b27b4c7d2fb9102977b0456477a8,82e501d51ff5769c68a63916c0da0cab2ca2f136c83beca8589685c063202b53,1b0ec16a914860259bc832f1cdec96577264252ae8026840a26b40e4508c8c64,seeded_random,full_source_free,5b84f7b5991f7adee450702433a58eae7bebaa5bd7ab1e20dc971ab7ca6b197c,ensemble,7
1101,1,110101,468.2254807909485,False,500,288,False,False,/Users/fish/Documents/GitHub/column_chromatography_prediction/experiments/e2_4g_active_learning/row_seed_1101/ensemble/round_7/checkpoints/member_1_seed_110101/best.pt,33fff905399c3b431a40228211725a2b5907c136d5b07a08628eecf2c810b752,188,288,0.1203501552105646,493,57,775476,775476,c2cff5afb7ce404d3bef2832441caa1cfde8b27b4c7d2fb9102977b0456477a8,82e501d51ff5769c68a63916c0da0cab2ca2f136c83beca8589685c063202b53,1b0ec16a914860259bc832f1cdec96577264252ae8026840a26b40e4508c8c64,seeded_random,full_source_free,5b84f7b5991f7adee450702433a58eae7bebaa5bd7ab1e20dc971ab7ca6b197c,ensemble,7
1101,2,110102,491.0459533330286,False,500,302,False,False,/Users/fish/Documents/GitHub/column_chromatography_prediction/experiments/e2_4g_active_learning/row_seed_1101/ensemble/round_7/checkpoints/member_2_seed_110102/best.pt,93dfc67f20e415f991ee31f02cafd0027c92c13fa677fb82757d20ffebf5bc92,202,302,0.1535148851368611,493,57,775476,775476,c2cff5afb7ce404d3bef2832441caa1cfde8b27b4c7d2fb9102977b0456477a8,82e501d51ff5769c68a63916c0da0cab2ca2f136c83beca8589685c063202b53,1b0ec16a914860259bc832f1cdec96577264252ae8026840a26b40e4508c8c64,seeded_random,full_source_free,5b84f7b5991f7adee450702433a58eae7bebaa5bd7ab1e20dc971ab7ca6b197c,ensemble,7
1101,0,110100,551.4799296670826,False,500,251,False,False,/Users/fish/Documents/GitHub/column_chromatography_prediction/experiments/e2_4g_active_learning/row_seed_1101/ensemble/round_8/checkpoints/member_0_seed_110100/best.pt,b5222e570032da421463ee03f65b1943a4571cddc0619ca41081dac855bb56f1,151,251,0.1240404846609143,518,57,775476,775476,c2cff5afb7ce404d3bef2832441caa1cfde8b27b4c7d2fb9102977b0456477a8,906d0c513598f26553e4b296c7ca9c36122ec0cb2f2c55840eb1927d69f0fd3e,1b0ec16a914860259bc832f1cdec96577264252ae8026840a26b40e4508c8c64,seeded_random,full_source_free,5b84f7b5991f7adee450702433a58eae7bebaa5bd7ab1e20dc971ab7ca6b197c,ensemble,8
1101,1,110101,490.5136167500168,False,500,265,False,False,/Users/fish/Documents/GitHub/column_chromatography_prediction/experiments/e2_4g_active_learning/row_seed_1101/ensemble/round_8/checkpoints/member_1_seed_110101/best.pt,68c272db53887f81860d93ca5f6cb4298378ad2b3386c7bff187e477f9b8313e,165,265,0.1380556688044886,518,57,775476,775476,c2cff5afb7ce404d3bef2832441caa1cfde8b27b4c7d2fb9102977b0456477a8,906d0c513598f26553e4b296c7ca9c36122ec0cb2f2c55840eb1927d69f0fd3e,1b0ec16a914860259bc832f1cdec96577264252ae8026840a26b40e4508c8c64,seeded_random,full_source_free,5b84f7b5991f7adee450702433a58eae7bebaa5bd7ab1e20dc971ab7ca6b197c,ensemble,8
1101,2,110102,408.5888062500162,False,500,220,False,False,/Users/fish/Documents/GitHub/column_chromatography_prediction/experiments/e2_4g_active_learning/row_seed_1101/ensemble/round_8/checkpoints/member_2_seed_110102/best.pt,724ae2d84a734fe40ceb568ac2f43b59497c6bdee6bfd1573b1fe22db3694452,120,220,0.1502707174702331,518,57,775476,775476,c2cff5afb7ce404d3bef2832441caa1cfde8b27b4c7d2fb9102977b0456477a8,906d0c513598f26553e4b296c7ca9c36122ec0cb2f2c55840eb1927d69f0fd3e,1b0ec16a914860259bc832f1cdec96577264252ae8026840a26b40e4508c8c64,seeded_random,full_source_free,5b84f7b5991f7adee450702433a58eae7bebaa5bd7ab1e20dc971ab7ca6b197c,ensemble,8
1101,0,110100,0.0,True,500,170,False,False,/Users/fish/Documents/GitHub/column_chromatography_prediction/experiments/e2_4g_active_learning/row_seed_1101/shared_round_0/member_0_seed_110100/best.pt,2a13a7a7aa8eae56da7710816b5662efa46fe35f5fe2fdca289be6d3a7466e31,70,170,0.6767919730095804,318,57,775476,775476,c2cff5afb7ce404d3bef2832441caa1cfde8b27b4c7d2fb9102977b0456477a8,7e8fe2d07f94a5b096ad8d884de813eeb4adbc3b52c354d82457434d0b1ccf10,1b0ec16a914860259bc832f1cdec96577264252ae8026840a26b40e4508c8c64,seeded_random,full_source_free,5b84f7b5991f7adee450702433a58eae7bebaa5bd7ab1e20dc971ab7ca6b197c,hybrid,0
1101,1,110101,0.0,True,500,262,False,False,/Users/fish/Documents/GitHub/column_chromatography_prediction/experiments/e2_4g_active_learning/row_seed_1101/shared_round_0/member_1_seed_110101/best.pt,1ec4ca29f9c4ee0c326917254920ed0fe65565618b3f8ca6a7670cda67cf832b,162,262,0.5506074052609344,318,57,775476,775476,c2cff5afb7ce404d3bef2832441caa1cfde8b27b4c7d2fb9102977b0456477a8,7e8fe2d07f94a5b096ad8d884de813eeb4adbc3b52c354d82457434d0b1ccf10,1b0ec16a914860259bc832f1cdec96577264252ae8026840a26b40e4508c8c64,seeded_random,full_source_free,5b84f7b5991f7adee450702433a58eae7bebaa5bd7ab1e20dc971ab7ca6b197c,hybrid,0
1101,2,110102,0.0,True,500,149,False,False,/Users/fish/Documents/GitHub/column_chromatography_prediction/experiments/e2_4g_active_learning/row_seed_1101/shared_round_0/member_2_seed_110102/best.pt,5c7e284a63b5ee9ceaae495e144201d940088aac1de716df3bcd0d2dd499f7f7,49,149,0.8083901665312787,318,57,775476,775476,c2cff5afb7ce404d3bef2832441caa1cfde8b27b4c7d2fb9102977b0456477a8,7e8fe2d07f94a5b096ad8d884de813eeb4adbc3b52c354d82457434d0b1ccf10,1b0ec16a914860259bc832f1cdec96577264252ae8026840a26b40e4508c8c64,seeded_random,full_source_free,5b84f7b5991f7adee450702433a58eae7bebaa5bd7ab1e20dc971ab7ca6b197c,hybrid,0
1101,0,110100,0.0,True,500,194,False,False,/Users/fish/Documents/GitHub/column_chromatography_prediction/experiments/e2_4g_active_learning/row_seed_1101/hybrid/round_1/checkpoints/member_0_seed_110100/best.pt,a09ad12894f5ca97226ca0272fdd703c33b4a3f2758c6c7423039b838dc2f034,94,194,0.4240072797809724,343,57,775476,775476,c2cff5afb7ce404d3bef2832441caa1cfde8b27b4c7d2fb9102977b0456477a8,0e9a6788a92ed32d2aab46fca44cc62af369d3ad894304611e256a3d55508228,1b0ec16a914860259bc832f1cdec96577264252ae8026840a26b40e4508c8c64,seeded_random,full_source_free,5b84f7b5991f7adee450702433a58eae7bebaa5bd7ab1e20dc971ab7ca6b197c,hybrid,1
1101,1,110101,0.0,True,500,221,False,False,/Users/fish/Documents/GitHub/column_chromatography_prediction/experiments/e2_4g_active_learning/row_seed_1101/hybrid/round_1/checkpoints/member_1_seed_110101/best.pt,8710cd04739c9a7e91092b2cfd03a2e9d6a17217c29f707c0063319083d1ed6e,121,221,0.5567707801134616,343,57,775476,775476,c2cff5afb7ce404d3bef2832441caa1cfde8b27b4c7d2fb9102977b0456477a8,0e9a6788a92ed32d2aab46fca44cc62af369d3ad894304611e256a3d55508228,1b0ec16a914860259bc832f1cdec96577264252ae8026840a26b40e4508c8c64,seeded_random,full_source_free,5b84f7b5991f7adee450702433a58eae7bebaa5bd7ab1e20dc971ab7ca6b197c,hybrid,1
1101,2,110102,0.0,True,500,205,False,False,/Users/fish/Documents/GitHub/column_chromatography_prediction/experiments/e2_4g_active_learning/row_seed_1101/hybrid/round_1/checkpoints/member_2_seed_110102/best.pt,08dd63a52eab948fd00b948ef6ceb21208f76f58f617b290e65fd25ffe3bae1b,105,205,0.6467821683460093,343,57,775476,775476,c2cff5afb7ce404d3bef2832441caa1cfde8b27b4c7d2fb9102977b0456477a8,0e9a6788a92ed32d2aab46fca44cc62af369d3ad894304611e256a3d55508228,1b0ec16a914860259bc832f1cdec96577264252ae8026840a26b40e4508c8c64,seeded_random,full_source_free,5b84f7b5991f7adee450702433a58eae7bebaa5bd7ab1e20dc971ab7ca6b197c,hybrid,1
1101,0,110100,0.0,True,500,191,False,False,/Users/fish/Documents/GitHub/column_chromatography_prediction/experiments/e2_4g_active_learning/row_seed_1101/hybrid/round_2/checkpoints/member_0_seed_110100/best.pt,6762a48ca41157817bfd7b39b26838ad6f3d8c051a4cf3ca23b9e89fb58c16df,91,191,0.4932083464548357,368,57,775476,775476,c2cff5afb7ce404d3bef2832441caa1cfde8b27b4c7d2fb9102977b0456477a8,4903b4b641e500f12542a21aafb31afb1382c21667bc74ad1eb39bd291d64dba,1b0ec16a914860259bc832f1cdec96577264252ae8026840a26b40e4508c8c64,seeded_random,full_source_free,5b84f7b5991f7adee450702433a58eae7bebaa5bd7ab1e20dc971ab7ca6b197c,hybrid,2
1101,1,110101,0.0,True,500,226,False,False,/Users/fish/Documents/GitHub/column_chromatography_prediction/experiments/e2_4g_active_learning/row_seed_1101/hybrid/round_2/checkpoints/member_1_seed_110101/best.pt,d0cf127e62310ab6ac02a9b4f2eca3e594b1d538ef07a43a150f282b083d43ba,126,226,0.5285974057190965,368,57,775476,775476,c2cff5afb7ce404d3bef2832441caa1cfde8b27b4c7d2fb9102977b0456477a8,4903b4b641e500f12542a21aafb31afb1382c21667bc74ad1eb39bd291d64dba,1b0ec16a914860259bc832f1cdec96577264252ae8026840a26b40e4508c8c64,seeded_random,full_source_free,5b84f7b5991f7adee450702433a58eae7bebaa5bd7ab1e20dc971ab7ca6b197c,hybrid,2
1101,2,110102,0.0,True,500,274,False,False,/Users/fish/Documents/GitHub/column_chromatography_prediction/experiments/e2_4g_active_learning/row_seed_1101/hybrid/round_2/checkpoints/member_2_seed_110102/best.pt,90887f40f9fc4c915f5d0361b76cfef0537cf9e6d953aeaf48e0efa704006530,174,274,0.5136336214271556,368,57,775476,775476,c2cff5afb7ce404d3bef2832441caa1cfde8b27b4c7d2fb9102977b0456477a8,4903b4b641e500f12542a21aafb31afb1382c21667bc74ad1eb39bd291d64dba,1b0ec16a914860259bc832f1cdec96577264252ae8026840a26b40e4508c8c64,seeded_random,full_source_free,5b84f7b5991f7adee450702433a58eae7bebaa5bd7ab1e20dc971ab7ca6b197c,hybrid,2
1101,0,110100,0.0,True,500,200,False,False,/Users/fish/Documents/GitHub/column_chromatography_prediction/experiments/e2_4g_active_learning/row_seed_1101/hybrid/round_3/checkpoints/member_0_seed_110100/best.pt,2b0a082f1fc3a2b2dba7ec5426209bee79bd79a97d79c117f5d45758b4029a15,100,200,0.4828952645081522,393,57,775476,775476,c2cff5afb7ce404d3bef2832441caa1cfde8b27b4c7d2fb9102977b0456477a8,dd13b4eb2feecc5503d6730100d3bf57e0131474c6c234729c486d185818ed87,1b0ec16a914860259bc832f1cdec96577264252ae8026840a26b40e4508c8c64,seeded_random,full_source_free,5b84f7b5991f7adee450702433a58eae7bebaa5bd7ab1e20dc971ab7ca6b197c,hybrid,3
1101,1,110101,0.0,True,500,232,False,False,/Users/fish/Documents/GitHub/column_chromatography_prediction/experiments/e2_4g_active_learning/row_seed_1101/hybrid/round_3/checkpoints/member_1_seed_110101/best.pt,abe0e0d593278bc06bfb6f4e159629cf96fcb309f4d4fdd403b8e05ceeb19c84,132,232,0.3877437827844745,393,57,775476,775476,c2cff5afb7ce404d3bef2832441caa1cfde8b27b4c7d2fb9102977b0456477a8,dd13b4eb2feecc5503d6730100d3bf57e0131474c6c234729c486d185818ed87,1b0ec16a914860259bc832f1cdec96577264252ae8026840a26b40e4508c8c64,seeded_random,full_source_free,5b84f7b5991f7adee450702433a58eae7bebaa5bd7ab1e20dc971ab7ca6b197c,hybrid,3
1101,2,110102,0.0,True,500,181,False,False,/Users/fish/Documents/GitHub/column_chromatography_prediction/experiments/e2_4g_active_learning/row_seed_1101/hybrid/round_3/checkpoints/member_2_seed_110102/best.pt,8002e50a4b4a9bb21f2cace12492245cd995e7c2937f5986a79e44c7e50da158,81,181,0.4814807979961096,393,57,775476,775476,c2cff5afb7ce404d3bef2832441caa1cfde8b27b4c7d2fb9102977b0456477a8,dd13b4eb2feecc5503d6730100d3bf57e0131474c6c234729c486d185818ed87,1b0ec16a914860259bc832f1cdec96577264252ae8026840a26b40e4508c8c64,seeded_random,full_source_free,5b84f7b5991f7adee450702433a58eae7bebaa5bd7ab1e20dc971ab7ca6b197c,hybrid,3
1101,0,110100,0.0,True,500,236,False,False,/Users/fish/Documents/GitHub/column_chromatography_prediction/experiments/e2_4g_active_learning/row_seed_1101/hybrid/round_4/checkpoints/member_0_seed_110100/best.pt,ca9f65e49b93deefeb0744b51d00f819906b74e00fc5697ed04e85e49e3b143d,136,236,0.3232346771557787,418,57,775476,775476,c2cff5afb7ce404d3bef2832441caa1cfde8b27b4c7d2fb9102977b0456477a8,25de89af81387be0c876e4cfbd7419339cfc218e124fea8ca24884dbe8e0c158,1b0ec16a914860259bc832f1cdec96577264252ae8026840a26b40e4508c8c64,seeded_random,full_source_free,5b84f7b5991f7adee450702433a58eae7bebaa5bd7ab1e20dc971ab7ca6b197c,hybrid,4
1101,1,110101,0.0,True,500,238,False,False,/Users/fish/Documents/GitHub/column_chromatography_prediction/experiments/e2_4g_active_learning/row_seed_1101/hybrid/round_4/checkpoints/member_1_seed_110101/best.pt,ef8890bf3de9755d020095ee84b2ac8a2a1abcd9ae347c44695606a3cb93108a,138,238,0.3055060999426317,418,57,775476,775476,c2cff5afb7ce404d3bef2832441caa1cfde8b27b4c7d2fb9102977b0456477a8,25de89af81387be0c876e4cfbd7419339cfc218e124fea8ca24884dbe8e0c158,1b0ec16a914860259bc832f1cdec96577264252ae8026840a26b40e4508c8c64,seeded_random,full_source_free,5b84f7b5991f7adee450702433a58eae7bebaa5bd7ab1e20dc971ab7ca6b197c,hybrid,4
1101,2,110102,399.0326903749956,False,500,237,False,False,/Users/fish/Documents/GitHub/column_chromatography_prediction/experiments/e2_4g_active_learning/row_seed_1101/hybrid/round_4/checkpoints/member_2_seed_110102/best.pt,86232727354fb1db9f6db97689b458ae27a6493ebed453bc17348e29d461e1c4,137,237,0.3143839909168285,418,57,775476,775476,c2cff5afb7ce404d3bef2832441caa1cfde8b27b4c7d2fb9102977b0456477a8,25de89af81387be0c876e4cfbd7419339cfc218e124fea8ca24884dbe8e0c158,1b0ec16a914860259bc832f1cdec96577264252ae8026840a26b40e4508c8c64,seeded_random,full_source_free,5b84f7b5991f7adee450702433a58eae7bebaa5bd7ab1e20dc971ab7ca6b197c,hybrid,4
1101,0,110100,448.539234249969,False,500,251,False,False,/Users/fish/Documents/GitHub/column_chromatography_prediction/experiments/e2_4g_active_learning/row_seed_1101/hybrid/round_5/checkpoints/member_0_seed_110100/best.pt,8897bfa0455f28ed5f0bcce24897a9dda97e05c3bdbd78727a669eea694431cd,151,251,0.299611662499838,443,57,775476,775476,c2cff5afb7ce404d3bef2832441caa1cfde8b27b4c7d2fb9102977b0456477a8,f5680ff7528cfdd1384d9fe4698adc8455fd97134fce5576c0278dd0763acc41,1b0ec16a914860259bc832f1cdec96577264252ae8026840a26b40e4508c8c64,seeded_random,full_source_free,5b84f7b5991f7adee450702433a58eae7bebaa5bd7ab1e20dc971ab7ca6b197c,hybrid,5
1101,1,110101,486.1486625409452,False,500,270,False,False,/Users/fish/Documents/GitHub/column_chromatography_prediction/experiments/e2_4g_active_learning/row_seed_1101/hybrid/round_5/checkpoints/member_1_seed_110101/best.pt,ad7c31019f21d63102af67bef09aebe380ef0f6575b943ab6933d57fce53357b,170,270,0.2834832277429472,443,57,775476,775476,c2cff5afb7ce404d3bef2832441caa1cfde8b27b4c7d2fb9102977b0456477a8,f5680ff7528cfdd1384d9fe4698adc8455fd97134fce5576c0278dd0763acc41,1b0ec16a914860259bc832f1cdec96577264252ae8026840a26b40e4508c8c64,seeded_random,full_source_free,5b84f7b5991f7adee450702433a58eae7bebaa5bd7ab1e20dc971ab7ca6b197c,hybrid,5
1101,2,110102,480.3528776660096,False,500,266,False,False,/Users/fish/Documents/GitHub/column_chromatography_prediction/experiments/e2_4g_active_learning/row_seed_1101/hybrid/round_5/checkpoints/member_2_seed_110102/best.pt,ad2d484596fe0bdf52bbd5cb5de1126bd62f930f672910528fc986f8bb22dee7,166,266,0.2936717586599462,443,57,775476,775476,c2cff5afb7ce404d3bef2832441caa1cfde8b27b4c7d2fb9102977b0456477a8,f5680ff7528cfdd1384d9fe4698adc8455fd97134fce5576c0278dd0763acc41,1b0ec16a914860259bc832f1cdec96577264252ae8026840a26b40e4508c8c64,seeded_random,full_source_free,5b84f7b5991f7adee450702433a58eae7bebaa5bd7ab1e20dc971ab7ca6b197c,hybrid,5
1101,0,110100,470.86837366595864,False,500,218,False,False,/Users/fish/Documents/GitHub/column_chromatography_prediction/experiments/e2_4g_active_learning/row_seed_1101/hybrid/round_6/checkpoints/member_0_seed_110100/best.pt,16b13c3e06a80d9f712fbbe3c0990003ad84be27b9c034d2741b24dd5e56d90a,118,218,0.2642584832842448,468,57,775476,775476,c2cff5afb7ce404d3bef2832441caa1cfde8b27b4c7d2fb9102977b0456477a8,e832e6df0fc70185a63e34beedb2096a59258fc2eeeb8e2d2ba49b3c670dac33,1b0ec16a914860259bc832f1cdec96577264252ae8026840a26b40e4508c8c64,seeded_random,full_source_free,5b84f7b5991f7adee450702433a58eae7bebaa5bd7ab1e20dc971ab7ca6b197c,hybrid,6
1101,1,110101,569.6553366250591,False,500,334,False,False,/Users/fish/Documents/GitHub/column_chromatography_prediction/experiments/e2_4g_active_learning/row_seed_1101/hybrid/round_6/checkpoints/member_1_seed_110101/best.pt,def7feddefce74afb8a5f3c50b09c1b40fb5ab20a88c4500ea448d12dcfb4093,234,334,0.2493061365413084,468,57,775476,775476,c2cff5afb7ce404d3bef2832441caa1cfde8b27b4c7d2fb9102977b0456477a8,e832e6df0fc70185a63e34beedb2096a59258fc2eeeb8e2d2ba49b3c670dac33,1b0ec16a914860259bc832f1cdec96577264252ae8026840a26b40e4508c8c64,seeded_random,full_source_free,5b84f7b5991f7adee450702433a58eae7bebaa5bd7ab1e20dc971ab7ca6b197c,hybrid,6
1101,2,110102,503.8953985000262,False,500,298,False,False,/Users/fish/Documents/GitHub/column_chromatography_prediction/experiments/e2_4g_active_learning/row_seed_1101/hybrid/round_6/checkpoints/member_2_seed_110102/best.pt,34f25d993e43dcf3d9d0bb00da20c1755863a0553a17e447a2ad730d03d92600,198,298,0.258717625432702,468,57,775476,775476,c2cff5afb7ce404d3bef2832441caa1cfde8b27b4c7d2fb9102977b0456477a8,e832e6df0fc70185a63e34beedb2096a59258fc2eeeb8e2d2ba49b3c670dac33,1b0ec16a914860259bc832f1cdec96577264252ae8026840a26b40e4508c8c64,seeded_random,full_source_free,5b84f7b5991f7adee450702433a58eae7bebaa5bd7ab1e20dc971ab7ca6b197c,hybrid,6
1101,0,110100,585.2722062499961,False,500,227,False,False,/Users/fish/Documents/GitHub/column_chromatography_prediction/experiments/e2_4g_active_learning/row_seed_1101/hybrid/round_7/checkpoints/member_0_seed_110100/best.pt,ac931fc51d0c57124823bae4d0da9153df4c877b85e3a65a024d22f43bbbab36,127,227,0.2603506045752947,493,57,775476,775476,c2cff5afb7ce404d3bef2832441caa1cfde8b27b4c7d2fb9102977b0456477a8,276ae23f240086d494b0ca0e74b6da30e88c04e6f281648bbe83d35a2c647260,1b0ec16a914860259bc832f1cdec96577264252ae8026840a26b40e4508c8c64,seeded_random,full_source_free,5b84f7b5991f7adee450702433a58eae7bebaa5bd7ab1e20dc971ab7ca6b197c,hybrid,7
1101,1,110101,589.2825242079562,False,500,309,False,False,/Users/fish/Documents/GitHub/column_chromatography_prediction/experiments/e2_4g_active_learning/row_seed_1101/hybrid/round_7/checkpoints/member_1_seed_110101/best.pt,7c683e98971ada2992772972b7136445bbd17661b343ac26e308ff504af06f01,209,309,0.2566149098637432,493,57,775476,775476,c2cff5afb7ce404d3bef2832441caa1cfde8b27b4c7d2fb9102977b0456477a8,276ae23f240086d494b0ca0e74b6da30e88c04e6f281648bbe83d35a2c647260,1b0ec16a914860259bc832f1cdec96577264252ae8026840a26b40e4508c8c64,seeded_random,full_source_free,5b84f7b5991f7adee450702433a58eae7bebaa5bd7ab1e20dc971ab7ca6b197c,hybrid,7
1101,2,110102,540.281998957973,False,500,315,False,False,/Users/fish/Documents/GitHub/column_chromatography_prediction/experiments/e2_4g_active_learning/row_seed_1101/hybrid/round_7/checkpoints/member_2_seed_110102/best.pt,810772d457c2e420c128089fb4b1560176e671e7d22524189cdc41247c231be7,215,315,0.267655149885126,493,57,775476,775476,c2cff5afb7ce404d3bef2832441caa1cfde8b27b4c7d2fb9102977b0456477a8,276ae23f240086d494b0ca0e74b6da30e88c04e6f281648bbe83d35a2c647260,1b0ec16a914860259bc832f1cdec96577264252ae8026840a26b40e4508c8c64,seeded_random,full_source_free,5b84f7b5991f7adee450702433a58eae7bebaa5bd7ab1e20dc971ab7ca6b197c,hybrid,7
1101,0,110100,524.4729177500121,False,500,216,False,False,/Users/fish/Documents/GitHub/column_chromatography_prediction/experiments/e2_4g_active_learning/row_seed_1101/hybrid/round_8/checkpoints/member_0_seed_110100/best.pt,1f36ef8ec8d59fbdd1e75f03dae71275490aa2895d78dc161e0eadb2b1739f92,116,216,0.2649237765485395,518,57,775476,775476,c2cff5afb7ce404d3bef2832441caa1cfde8b27b4c7d2fb9102977b0456477a8,84299e578701e1efc9de632fc523c1f9524595de2caf880a9393e8a1d5f2cd6b,1b0ec16a914860259bc832f1cdec96577264252ae8026840a26b40e4508c8c64,seeded_random,full_source_free,5b84f7b5991f7adee450702433a58eae7bebaa5bd7ab1e20dc971ab7ca6b197c,hybrid,8
1101,1,110101,679.6427116669947,False,500,288,False,False,/Users/fish/Documents/GitHub/column_chromatography_prediction/experiments/e2_4g_active_learning/row_seed_1101/hybrid/round_8/checkpoints/member_1_seed_110101/best.pt,6221ccd24644c4c14913cdcae03e417f53d6f43c504bc8d1a9b83b9456dfb52a,188,288,0.261138019961149,518,57,775476,775476,c2cff5afb7ce404d3bef2832441caa1cfde8b27b4c7d2fb9102977b0456477a8,84299e578701e1efc9de632fc523c1f9524595de2caf880a9393e8a1d5f2cd6b,1b0ec16a914860259bc832f1cdec96577264252ae8026840a26b40e4508c8c64,seeded_random,full_source_free,5b84f7b5991f7adee450702433a58eae7bebaa5bd7ab1e20dc971ab7ca6b197c,hybrid,8
1101,2,110102,559.3173719579354,False,500,300,False,False,/Users/fish/Documents/GitHub/column_chromatography_prediction/experiments/e2_4g_active_learning/row_seed_1101/hybrid/round_8/checkpoints/member_2_seed_110102/best.pt,94b8332e898bc495d0a7bd106b23a8a025c79fc50cbf4a7e6fe5957b24e9491a,200,300,0.2597149565415204,518,57,775476,775476,c2cff5afb7ce404d3bef2832441caa1cfde8b27b4c7d2fb9102977b0456477a8,84299e578701e1efc9de632fc523c1f9524595de2caf880a9393e8a1d5f2cd6b,1b0ec16a914860259bc832f1cdec96577264252ae8026840a26b40e4508c8c64,seeded_random,full_source_free,5b84f7b5991f7adee450702433a58eae7bebaa5bd7ab1e20dc971ab7ca6b197c,hybrid,8
1101,0,110100,0.0,True,500,170,False,False,/Users/fish/Documents/GitHub/column_chromatography_prediction/experiments/e2_4g_active_learning/row_seed_1101/shared_round_0/member_0_seed_110100/best.pt,2a13a7a7aa8eae56da7710816b5662efa46fe35f5fe2fdca289be6d3a7466e31,70,170,0.6767919730095804,318,57,775476,775476,c2cff5afb7ce404d3bef2832441caa1cfde8b27b4c7d2fb9102977b0456477a8,7e8fe2d07f94a5b096ad8d884de813eeb4adbc3b52c354d82457434d0b1ccf10,1b0ec16a914860259bc832f1cdec96577264252ae8026840a26b40e4508c8c64,seeded_random,full_source_free,5b84f7b5991f7adee450702433a58eae7bebaa5bd7ab1e20dc971ab7ca6b197c,random,0
1101,1,110101,0.0,True,500,262,False,False,/Users/fish/Documents/GitHub/column_chromatography_prediction/experiments/e2_4g_active_learning/row_seed_1101/shared_round_0/member_1_seed_110101/best.pt,1ec4ca29f9c4ee0c326917254920ed0fe65565618b3f8ca6a7670cda67cf832b,162,262,0.5506074052609344,318,57,775476,775476,c2cff5afb7ce404d3bef2832441caa1cfde8b27b4c7d2fb9102977b0456477a8,7e8fe2d07f94a5b096ad8d884de813eeb4adbc3b52c354d82457434d0b1ccf10,1b0ec16a914860259bc832f1cdec96577264252ae8026840a26b40e4508c8c64,seeded_random,full_source_free,5b84f7b5991f7adee450702433a58eae7bebaa5bd7ab1e20dc971ab7ca6b197c,random,0
1101,2,110102,0.0,True,500,149,False,False,/Users/fish/Documents/GitHub/column_chromatography_prediction/experiments/e2_4g_active_learning/row_seed_1101/shared_round_0/member_2_seed_110102/best.pt,5c7e284a63b5ee9ceaae495e144201d940088aac1de716df3bcd0d2dd499f7f7,49,149,0.8083901665312787,318,57,775476,775476,c2cff5afb7ce404d3bef2832441caa1cfde8b27b4c7d2fb9102977b0456477a8,7e8fe2d07f94a5b096ad8d884de813eeb4adbc3b52c354d82457434d0b1ccf10,1b0ec16a914860259bc832f1cdec96577264252ae8026840a26b40e4508c8c64,seeded_random,full_source_free,5b84f7b5991f7adee450702433a58eae7bebaa5bd7ab1e20dc971ab7ca6b197c,random,0
1101,0,110100,0.0,True,500,165,False,False,/Users/fish/Documents/GitHub/column_chromatography_prediction/experiments/e2_4g_active_learning/row_seed_1101/random/round_1/checkpoints/member_0_seed_110100/best.pt,cad272ce1788a4e3ef0f4ea4ca2372cc6a7b81e81a5ab630d9c77a3cd26a876e,65,165,0.7062558893070238,343,57,775476,775476,c2cff5afb7ce404d3bef2832441caa1cfde8b27b4c7d2fb9102977b0456477a8,3e07aaab6c5b73d9cfb955649807889ffee24d941c9c9f43ecfff9f97b3a5fdb,1b0ec16a914860259bc832f1cdec96577264252ae8026840a26b40e4508c8c64,seeded_random,full_source_free,5b84f7b5991f7adee450702433a58eae7bebaa5bd7ab1e20dc971ab7ca6b197c,random,1
1101,1,110101,0.0,True,500,220,False,False,/Users/fish/Documents/GitHub/column_chromatography_prediction/experiments/e2_4g_active_learning/row_seed_1101/random/round_1/checkpoints/member_1_seed_110101/best.pt,377b850dfc289d2e23da6d24db8463473254364aaeedcb4109e6d30404ee6bb3,120,220,0.3987949405318569,343,57,775476,775476,c2cff5afb7ce404d3bef2832441caa1cfde8b27b4c7d2fb9102977b0456477a8,3e07aaab6c5b73d9cfb955649807889ffee24d941c9c9f43ecfff9f97b3a5fdb,1b0ec16a914860259bc832f1cdec96577264252ae8026840a26b40e4508c8c64,seeded_random,full_source_free,5b84f7b5991f7adee450702433a58eae7bebaa5bd7ab1e20dc971ab7ca6b197c,random,1
1101,2,110102,0.0,True,500,148,False,False,/Users/fish/Documents/GitHub/column_chromatography_prediction/experiments/e2_4g_active_learning/row_seed_1101/random/round_1/checkpoints/member_2_seed_110102/best.pt,ee0cb6c470ec58288b6cf2b5fa142dab535a5e627b050ba84bfa9e554b90a15d,48,148,0.9673149338108078,343,57,775476,775476,c2cff5afb7ce404d3bef2832441caa1cfde8b27b4c7d2fb9102977b0456477a8,3e07aaab6c5b73d9cfb955649807889ffee24d941c9c9f43ecfff9f97b3a5fdb,1b0ec16a914860259bc832f1cdec96577264252ae8026840a26b40e4508c8c64,seeded_random,full_source_free,5b84f7b5991f7adee450702433a58eae7bebaa5bd7ab1e20dc971ab7ca6b197c,random,1
1101,0,110100,0.0,True,500,169,False,False,/Users/fish/Documents/GitHub/column_chromatography_prediction/experiments/e2_4g_active_learning/row_seed_1101/random/round_2/checkpoints/member_0_seed_110100/best.pt,a49e764d2f94291641c13fc0f7af137b0dc673776454102766bf132aea189977,69,169,0.5968054382213073,368,57,775476,775476,c2cff5afb7ce404d3bef2832441caa1cfde8b27b4c7d2fb9102977b0456477a8,8f421467357bb4b0b0bb3613ac9e6826f6f66be371b4b5abcc09602de324c5ba,1b0ec16a914860259bc832f1cdec96577264252ae8026840a26b40e4508c8c64,seeded_random,full_source_free,5b84f7b5991f7adee450702433a58eae7bebaa5bd7ab1e20dc971ab7ca6b197c,random,2
1101,1,110101,0.0,True,500,227,False,False,/Users/fish/Documents/GitHub/column_chromatography_prediction/experiments/e2_4g_active_learning/row_seed_1101/random/round_2/checkpoints/member_1_seed_110101/best.pt,a1498e63fa55938c9950a5eeea95147fbb4b239df383bfd69ba7a820560a386a,127,227,0.4713599761994362,368,57,775476,775476,c2cff5afb7ce404d3bef2832441caa1cfde8b27b4c7d2fb9102977b0456477a8,8f421467357bb4b0b0bb3613ac9e6826f6f66be371b4b5abcc09602de324c5ba,1b0ec16a914860259bc832f1cdec96577264252ae8026840a26b40e4508c8c64,seeded_random,full_source_free,5b84f7b5991f7adee450702433a58eae7bebaa5bd7ab1e20dc971ab7ca6b197c,random,2
1101,2,110102,0.0,True,500,146,False,False,/Users/fish/Documents/GitHub/column_chromatography_prediction/experiments/e2_4g_active_learning/row_seed_1101/random/round_2/checkpoints/member_2_seed_110102/best.pt,64a5060f6840225ca91c8ff14b456c567b083894d42d94e606e3899b5aca7720,46,146,1.035995145362705,368,57,775476,775476,c2cff5afb7ce404d3bef2832441caa1cfde8b27b4c7d2fb9102977b0456477a8,8f421467357bb4b0b0bb3613ac9e6826f6f66be371b4b5abcc09602de324c5ba,1b0ec16a914860259bc832f1cdec96577264252ae8026840a26b40e4508c8c64,seeded_random,full_source_free,5b84f7b5991f7adee450702433a58eae7bebaa5bd7ab1e20dc971ab7ca6b197c,random,2
1101,0,110100,0.0,True,500,166,False,False,/Users/fish/Documents/GitHub/column_chromatography_prediction/experiments/e2_4g_active_learning/row_seed_1101/random/round_3/checkpoints/member_0_seed_110100/best.pt,fbde139aeae0d3e3c81b04177a73999d0ec332c0fea0c6ea4fb5d8598dfcb783,66,166,0.5258562386225745,393,57,775476,775476,c2cff5afb7ce404d3bef2832441caa1cfde8b27b4c7d2fb9102977b0456477a8,b64f7a06f26c3f56c61aa3ad58cf31cddea330cd05fc4ee52078d45a085afa34,1b0ec16a914860259bc832f1cdec96577264252ae8026840a26b40e4508c8c64,seeded_random,full_source_free,5b84f7b5991f7adee450702433a58eae7bebaa5bd7ab1e20dc971ab7ca6b197c,random,3
1101,1,110101,0.0,True,500,355,False,False,/Users/fish/Documents/GitHub/column_chromatography_prediction/experiments/e2_4g_active_learning/row_seed_1101/random/round_3/checkpoints/member_1_seed_110101/best.pt,80cd4b6617f0f9fe8c1d7d85f23f37200b321833452259a6d12ba4852e676dbd,255,355,0.5659435141940559,393,57,775476,775476,c2cff5afb7ce404d3bef2832441caa1cfde8b27b4c7d2fb9102977b0456477a8,b64f7a06f26c3f56c61aa3ad58cf31cddea330cd05fc4ee52078d45a085afa34,1b0ec16a914860259bc832f1cdec96577264252ae8026840a26b40e4508c8c64,seeded_random,full_source_free,5b84f7b5991f7adee450702433a58eae7bebaa5bd7ab1e20dc971ab7ca6b197c,random,3
1101,2,110102,0.0,True,500,141,False,False,/Users/fish/Documents/GitHub/column_chromatography_prediction/experiments/e2_4g_active_learning/row_seed_1101/random/round_3/checkpoints/member_2_seed_110102/best.pt,6da96081f59379295396ee9faa0beb5189058017bfd0c147c92d61de3c157da5,41,141,1.0106508451487672,393,57,775476,775476,c2cff5afb7ce404d3bef2832441caa1cfde8b27b4c7d2fb9102977b0456477a8,b64f7a06f26c3f56c61aa3ad58cf31cddea330cd05fc4ee52078d45a085afa34,1b0ec16a914860259bc832f1cdec96577264252ae8026840a26b40e4508c8c64,seeded_random,full_source_free,5b84f7b5991f7adee450702433a58eae7bebaa5bd7ab1e20dc971ab7ca6b197c,random,3
1101,0,110100,0.0,True,500,164,False,False,/Users/fish/Documents/GitHub/column_chromatography_prediction/experiments/e2_4g_active_learning/row_seed_1101/random/round_4/checkpoints/member_0_seed_110100/best.pt,ee2622001599ed12bef6fe34bc768555ec40ae5a80c5a5bd4f3e341cff0db273,64,164,0.6722555543984945,418,57,775476,775476,c2cff5afb7ce404d3bef2832441caa1cfde8b27b4c7d2fb9102977b0456477a8,998fde0c8931e1ab6022fdd391eeea6a52151b8d3fcb2ca078e6c308001815ed,1b0ec16a914860259bc832f1cdec96577264252ae8026840a26b40e4508c8c64,seeded_random,full_source_free,5b84f7b5991f7adee450702433a58eae7bebaa5bd7ab1e20dc971ab7ca6b197c,random,4
1101,1,110101,0.0,True,500,223,False,False,/Users/fish/Documents/GitHub/column_chromatography_prediction/experiments/e2_4g_active_learning/row_seed_1101/random/round_4/checkpoints/member_1_seed_110101/best.pt,5a192eab9532e72a364213b41b7b396bfef6f326590ceb7c294fba80d1097310,123,223,0.492384746425769,418,57,775476,775476,c2cff5afb7ce404d3bef2832441caa1cfde8b27b4c7d2fb9102977b0456477a8,998fde0c8931e1ab6022fdd391eeea6a52151b8d3fcb2ca078e6c308001815ed,1b0ec16a914860259bc832f1cdec96577264252ae8026840a26b40e4508c8c64,seeded_random,full_source_free,5b84f7b5991f7adee450702433a58eae7bebaa5bd7ab1e20dc971ab7ca6b197c,random,4
1101,2,110102,0.0,True,500,161,False,False,/Users/fish/Documents/GitHub/column_chromatography_prediction/experiments/e2_4g_active_learning/row_seed_1101/random/round_4/checkpoints/member_2_seed_110102/best.pt,5dbaddf955b9e0654eb9c9a8b906982836ed7aaab9c98b8afaf9262c128656c0,61,161,0.7879894846343638,418,57,775476,775476,c2cff5afb7ce404d3bef2832441caa1cfde8b27b4c7d2fb9102977b0456477a8,998fde0c8931e1ab6022fdd391eeea6a52151b8d3fcb2ca078e6c308001815ed,1b0ec16a914860259bc832f1cdec96577264252ae8026840a26b40e4508c8c64,seeded_random,full_source_free,5b84f7b5991f7adee450702433a58eae7bebaa5bd7ab1e20dc971ab7ca6b197c,random,4
1101,0,110100,0.0,True,500,175,False,False,/Users/fish/Documents/GitHub/column_chromatography_prediction/experiments/e2_4g_active_learning/row_seed_1101/random/round_5/checkpoints/member_0_seed_110100/best.pt,c549756531ea570c965ff567ea216f16288666bb59398966df0ecf6cfb70baf3,75,175,0.5053737388172832,443,57,775476,775476,c2cff5afb7ce404d3bef2832441caa1cfde8b27b4c7d2fb9102977b0456477a8,b8d9f024e4d482e02ae2e2fc0e2f380b59e35d47b93b756f4f799585fdd65c44,1b0ec16a914860259bc832f1cdec96577264252ae8026840a26b40e4508c8c64,seeded_random,full_source_free,5b84f7b5991f7adee450702433a58eae7bebaa5bd7ab1e20dc971ab7ca6b197c,random,5
1101,1,110101,0.0,True,500,200,False,False,/Users/fish/Documents/GitHub/column_chromatography_prediction/experiments/e2_4g_active_learning/row_seed_1101/random/round_5/checkpoints/member_1_seed_110101/best.pt,7685056a67df2d202a9605a3fdcc0b564e1bacbca6e1772fb9473a704e6bb9ff,100,200,0.6479271536754656,443,57,775476,775476,c2cff5afb7ce404d3bef2832441caa1cfde8b27b4c7d2fb9102977b0456477a8,b8d9f024e4d482e02ae2e2fc0e2f380b59e35d47b93b756f4f799585fdd65c44,1b0ec16a914860259bc832f1cdec96577264252ae8026840a26b40e4508c8c64,seeded_random,full_source_free,5b84f7b5991f7adee450702433a58eae7bebaa5bd7ab1e20dc971ab7ca6b197c,random,5
1101,2,110102,0.0,True,500,154,False,False,/Users/fish/Documents/GitHub/column_chromatography_prediction/experiments/e2_4g_active_learning/row_seed_1101/random/round_5/checkpoints/member_2_seed_110102/best.pt,f20dc15052f415aa8c39cafbe85422aef4c46f4f3c6b6bae8d5a3e0ca6e457b5,54,154,0.8321399475613624,443,57,775476,775476,c2cff5afb7ce404d3bef2832441caa1cfde8b27b4c7d2fb9102977b0456477a8,b8d9f024e4d482e02ae2e2fc0e2f380b59e35d47b93b756f4f799585fdd65c44,1b0ec16a914860259bc832f1cdec96577264252ae8026840a26b40e4508c8c64,seeded_random,full_source_free,5b84f7b5991f7adee450702433a58eae7bebaa5bd7ab1e20dc971ab7ca6b197c,random,5
1101,0,110100,0.0,True,500,178,False,False,/Users/fish/Documents/GitHub/column_chromatography_prediction/experiments/e2_4g_active_learning/row_seed_1101/random/round_6/checkpoints/member_0_seed_110100/best.pt,8a3be9b7669201bde9a5432220c6839567b75d3e693d7862e006443529d57c39,78,178,0.5287210803660003,468,57,775476,775476,c2cff5afb7ce404d3bef2832441caa1cfde8b27b4c7d2fb9102977b0456477a8,99827696f64ef1bd6de9679d86daa59efc4222e5fd39247a9708bf3dbb350b15,1b0ec16a914860259bc832f1cdec96577264252ae8026840a26b40e4508c8c64,seeded_random,full_source_free,5b84f7b5991f7adee450702433a58eae7bebaa5bd7ab1e20dc971ab7ca6b197c,random,6
1101,1,110101,0.0,True,500,208,False,False,/Users/fish/Documents/GitHub/column_chromatography_prediction/experiments/e2_4g_active_learning/row_seed_1101/random/round_6/checkpoints/member_1_seed_110101/best.pt,0043d3efaf170ff2da7adcf44d3b05fc338b68cfe2db2d210b4aa76db80e0b32,108,208,0.6183587165037032,468,57,775476,775476,c2cff5afb7ce404d3bef2832441caa1cfde8b27b4c7d2fb9102977b0456477a8,99827696f64ef1bd6de9679d86daa59efc4222e5fd39247a9708bf3dbb350b15,1b0ec16a914860259bc832f1cdec96577264252ae8026840a26b40e4508c8c64,seeded_random,full_source_free,5b84f7b5991f7adee450702433a58eae7bebaa5bd7ab1e20dc971ab7ca6b197c,random,6
1101,2,110102,0.0,True,500,157,False,False,/Users/fish/Documents/GitHub/column_chromatography_prediction/experiments/e2_4g_active_learning/row_seed_1101/random/round_6/checkpoints/member_2_seed_110102/best.pt,1cde13a6a61d8969ae684e125f60d499e813a196d651a7aca797a28b83f7f664,57,157,0.8189555842935909,468,57,775476,775476,c2cff5afb7ce404d3bef2832441caa1cfde8b27b4c7d2fb9102977b0456477a8,99827696f64ef1bd6de9679d86daa59efc4222e5fd39247a9708bf3dbb350b15,1b0ec16a914860259bc832f1cdec96577264252ae8026840a26b40e4508c8c64,seeded_random,full_source_free,5b84f7b5991f7adee450702433a58eae7bebaa5bd7ab1e20dc971ab7ca6b197c,random,6
1101,0,110100,0.0,True,500,166,False,False,/Users/fish/Documents/GitHub/column_chromatography_prediction/experiments/e2_4g_active_learning/row_seed_1101/random/round_7/checkpoints/member_0_seed_110100/best.pt,85b7423c69715f537ca3d55c32e639f3387d25f061fd2581267f5ce2dc011a75,66,166,0.5216150235117057,493,57,775476,775476,c2cff5afb7ce404d3bef2832441caa1cfde8b27b4c7d2fb9102977b0456477a8,cf43a92b7d290d39fd72f4c797741dc49d23ebddb478bda6defb4c12d79c59d4,1b0ec16a914860259bc832f1cdec96577264252ae8026840a26b40e4508c8c64,seeded_random,full_source_free,5b84f7b5991f7adee450702433a58eae7bebaa5bd7ab1e20dc971ab7ca6b197c,random,7
1101,1,110101,0.0,True,500,202,False,False,/Users/fish/Documents/GitHub/column_chromatography_prediction/experiments/e2_4g_active_learning/row_seed_1101/random/round_7/checkpoints/member_1_seed_110101/best.pt,e46341ce2f86245d9b89837742846882931cec13db47b07f4635efecbca806c4,102,202,0.9003653065575155,493,57,775476,775476,c2cff5afb7ce404d3bef2832441caa1cfde8b27b4c7d2fb9102977b0456477a8,cf43a92b7d290d39fd72f4c797741dc49d23ebddb478bda6defb4c12d79c59d4,1b0ec16a914860259bc832f1cdec96577264252ae8026840a26b40e4508c8c64,seeded_random,full_source_free,5b84f7b5991f7adee450702433a58eae7bebaa5bd7ab1e20dc971ab7ca6b197c,random,7
1101,2,110102,0.0,True,500,159,False,False,/Users/fish/Documents/GitHub/column_chromatography_prediction/experiments/e2_4g_active_learning/row_seed_1101/random/round_7/checkpoints/member_2_seed_110102/best.pt,93819806e881557c917972dc0291bca7d1b12224d572822cbd7b9b5c32b9a1eb,59,159,0.8613978669612292,493,57,775476,775476,c2cff5afb7ce404d3bef2832441caa1cfde8b27b4c7d2fb9102977b0456477a8,cf43a92b7d290d39fd72f4c797741dc49d23ebddb478bda6defb4c12d79c59d4,1b0ec16a914860259bc832f1cdec96577264252ae8026840a26b40e4508c8c64,seeded_random,full_source_free,5b84f7b5991f7adee450702433a58eae7bebaa5bd7ab1e20dc971ab7ca6b197c,random,7
1101,0,110100,0.0,True,500,196,False,False,/Users/fish/Documents/GitHub/column_chromatography_prediction/experiments/e2_4g_active_learning/row_seed_1101/random/round_8/checkpoints/member_0_seed_110100/best.pt,ae8ac7d0edf92bacfb1bca56adacb48c528f482f17e5277d978e925da168d9d6,96,196,0.4037527884996816,518,57,775476,775476,c2cff5afb7ce404d3bef2832441caa1cfde8b27b4c7d2fb9102977b0456477a8,90115833826d295b0e81fc1bcaebf6be27f811f59d269338d683058ff8a60a76,1b0ec16a914860259bc832f1cdec96577264252ae8026840a26b40e4508c8c64,seeded_random,full_source_free,5b84f7b5991f7adee450702433a58eae7bebaa5bd7ab1e20dc971ab7ca6b197c,random,8
1101,1,110101,0.0,True,500,225,False,False,/Users/fish/Documents/GitHub/column_chromatography_prediction/experiments/e2_4g_active_learning/row_seed_1101/random/round_8/checkpoints/member_1_seed_110101/best.pt,5dda6f1d54237e57c3c212272767972ee437841664398840fdf74e0832b532bf,125,225,0.5467492139565976,518,57,775476,775476,c2cff5afb7ce404d3bef2832441caa1cfde8b27b4c7d2fb9102977b0456477a8,90115833826d295b0e81fc1bcaebf6be27f811f59d269338d683058ff8a60a76,1b0ec16a914860259bc832f1cdec96577264252ae8026840a26b40e4508c8c64,seeded_random,full_source_free,5b84f7b5991f7adee450702433a58eae7bebaa5bd7ab1e20dc971ab7ca6b197c,random,8
1101,2,110102,0.0,True,500,161,False,False,/Users/fish/Documents/GitHub/column_chromatography_prediction/experiments/e2_4g_active_learning/row_seed_1101/random/round_8/checkpoints/member_2_seed_110102/best.pt,8f5b3084a558a9dad059731fb104f793cb8706295c1df5ea882906b93328496e,61,161,0.7669122592033137,518,57,775476,775476,c2cff5afb7ce404d3bef2832441caa1cfde8b27b4c7d2fb9102977b0456477a8,90115833826d295b0e81fc1bcaebf6be27f811f59d269338d683058ff8a60a76,1b0ec16a914860259bc832f1cdec96577264252ae8026840a26b40e4508c8c64,seeded_random,full_source_free,5b84f7b5991f7adee450702433a58eae7bebaa5bd7ab1e20dc971ab7ca6b197c,random,8
