epoch,train_loss,normalized_valid_score,legacy_valid_score,V1_mae,V1_rmse,V1_r2,V1_mean_pinball_loss,V1_interval_80_coverage,V1_interval_80_mean_width,V2_mae,V2_rmse,V2_r2,V2_mean_pinball_loss,V2_interval_80_coverage,V2_interval_80_mean_width,quantile_crossing_rate,V1_quantile_crossing_rate,V2_quantile_crossing_rate
1,177.99761962890625,2.7874929740921983,279.0369030695465,8.333593368530273,11.690810203552246,-0.04845128277492039,3.8673813343048096,0.01818181818181818,8.648970603942871,12.493988990783691,16.87375831604004,0.19492928613385685,5.649930477142334,0.07272727272727272,4.857598304748535,0.0,0.0,0.0
2,165.15135192871094,2.424006475370266,242.7894133597706,7.5280632972717285,10.8873929977417,0.09070083186480515,3.525925397872925,0.03636363636363636,9.130097389221191,11.395458221435547,15.764142036437988,0.2973305452774584,5.135087013244629,0.07272727272727272,4.9337077140808105,0.0,0.0,0.0
3,153.91448974609375,2.1108534337479687,211.53721929451103,6.735006809234619,10.147045135498047,0.2101616384388717,3.195662498474121,0.09090909090909091,9.5828857421875,10.316697120666504,14.735989570617676,0.3859991565545252,4.633025646209717,0.10909090909090909,5.018545150756836,0.0,0.0,0.0
4,143.96563720703125,1.850653570058347,185.5223599044284,6.013260841369629,9.493752479553223,0.3085913461761106,2.9087793827056885,0.14545454545454545,9.987420082092285,9.282903671264648,13.812387466430664,0.46055411355386755,4.162771701812744,0.12727272727272726,5.113729000091553,0.0,0.0,0.0
5,135.0098114013672,1.639894879788887,164.4151971160113,5.448819637298584,8.934168815612793,0.3876956633901848,2.668062925338745,0.18181818181818182,10.346162796020508,8.374747276306152,13.007369041442871,0.5216020443511745,3.7452495098114014,0.16363636363636364,5.219810485839844,0.0,0.0,0.0
6,126.80165100097656,1.4728797946297116,147.65653796511015,5.050029277801514,8.46886920928955,0.4498135884054876,2.477357864379883,0.2545454545454545,10.658517837524414,7.568031311035156,12.323537826538086,0.5705810736860073,3.3959147930145264,0.2909090909090909,5.336725234985352,0.0,0.0,0.0
7,119.16759490966797,1.3399956471192769,134.2982214461481,4.726554870605469,8.082998275756836,0.498808128994753,2.3170111179351807,0.2909090909090909,10.92837142944336,6.888938903808594,11.744220733642578,0.6100051962265856,3.115893602371216,0.34545454545454546,5.46439266204834,0.0,0.0,0.0
8,112.01710510253906,1.2351222215320412,123.738115513396,4.495571613311768,7.767531871795654,0.5371661351452732,2.184587001800537,0.3090909090909091,11.156712532043457,6.372391700744629,11.26086711883545,0.6414464336815893,2.893331289291382,0.4,5.598718166351318,0.0,0.0,0.0
9,105.33146667480469,1.1525035524307143,115.40664917781669,4.287854194641113,7.511553764343262,0.5671687516634163,2.0686638355255127,0.4,11.34585189819336,6.079379558563232,10.861234664916992,0.6664439736322879,2.721665143966675,0.4,5.733311176300049,0.0,0.0,0.0
10,99.14312744140625,1.0869936560932363,108.78892559024871,4.133932590484619,7.304018020629883,0.5907556207467959,1.976003885269165,0.45454545454545453,11.499608993530273,5.857212066650391,10.529980659484863,0.6864797949624215,2.573376178741455,0.38181818181818183,5.867849826812744,0.0,0.0,0.0
11,93.48035430908203,1.0343190283143486,103.45821869112524,4.002114295959473,7.134304046630859,0.6095528723267181,1.899554967880249,0.509090909090909,11.625448226928711,5.653321743011475,10.25279712677002,0.7027683085403875,2.4408152103424072,0.41818181818181815,6.001054763793945,0.0,0.0,0.0
12,88.36570739746094,0.991529723319893,99.11985431474454,3.882131576538086,6.994727611541748,0.6246809032858074,1.8360490798950195,0.5818181818181818,11.734589576721191,5.477982521057129,10.0193452835083,0.7161498973305955,2.340113401412964,0.45454545454545453,6.133728981018066,0.0,0.0,0.0
13,83.80767059326172,0.956800694814766,95.59131592368476,3.794743537902832,6.880592346191406,0.6368293929378255,1.7853447198867798,0.6,11.83141803741455,5.3544602394104,9.823315620422363,0.7271483761164357,2.2605950832366943,0.4,6.263722896575928,0.0,0.0,0.0
14,79.78598022460938,0.9283666492319227,92.69093197388838,3.7534728050231934,6.7876434326171875,0.6465751738874486,1.7442708015441895,0.6181818181818182,11.919940948486328,5.299691677093506,9.655964851379395,0.7363658294131528,2.1995012760162354,0.4,6.389525890350342,0.0,0.0,0.0
15,76.22872924804688,0.905550060730204,90.3550717545686,3.723895311355591,6.7135725021362305,0.6542466389115067,1.708809733390808,0.6363636363636364,12.001655578613281,5.274281978607178,9.516618728637695,0.7439199881515992,2.146637439727783,0.4,6.512855052947998,0.0,0.0,0.0
16,73.07038879394531,0.8878133785243301,88.53588212518707,3.693998098373413,6.656005859375,0.6601506602315665,1.6763054132461548,0.6727272727272727,12.079129219055176,5.2887864112854,9.405686378479004,0.7498552587319198,2.10536527633667,0.43636363636363634,6.636419296264648,0.0,0.0,0.0
17,70.24348449707031,0.8748564900275266,87.20507887319968,3.6667535305023193,6.61395788192749,0.6644309352261252,1.6475064754486084,0.6909090909090909,12.150134086608887,5.335072994232178,9.323158264160156,0.7542257120336575,2.0799996852874756,0.4,6.759573459625244,0.0,0.0,0.0
18,67.72184753417969,0.8662672887889171,86.32140492614076,3.6563570499420166,6.586192607879639,0.6672424663754944,1.6260956525802612,0.7090909090909091,12.211974143981934,5.3788743019104,9.267520904541016,0.7571503090123153,2.0601108074188232,0.43636363636363634,6.885153293609619,0.0,0.0,0.0
19,65.48786926269531,0.8615538856796578,85.838047361897,3.6705586910247803,6.570633411407471,0.6688128539824878,1.610490322113037,0.7272727272727273,12.260822296142578,5.420592308044434,9.237404823303223,0.758726121205123,2.045045852661133,0.45454545454545453,7.0139031410217285,0.0,0.0,0.0
20,63.537837982177734,0.8601758813502056,85.69908803356293,3.6886188983917236,6.565667152404785,0.6693133090468872,1.5999778509140015,0.7454545454545455,12.291679382324219,5.47913932800293,9.22942066192627,0.7591430242540779,2.0325493812561035,0.43636363636363634,7.144859790802002,0.0,0.0,0.0
21,61.85182189941406,0.8610782028658877,85.79513790927149,3.7035586833953857,6.568037986755371,0.6690744376937701,1.591862678527832,0.7636363636363637,12.303750991821289,5.5337958335876465,9.236451148986816,0.7587758995496604,2.0255074501037598,0.4727272727272727,7.275651454925537,0.0,0.0,0.0
22,60.391868591308594,0.8632876391182698,86.0218000570776,3.7209951877593994,6.575324058532715,0.6683398103848393,1.5878466367721558,0.7636363636363637,12.295225143432617,5.589260101318359,9.250612258911133,0.7580357008379229,2.023878812789917,0.43636363636363634,7.404798984527588,0.0,0.0,0.0
23,59.10393524169922,0.8659458757347152,86.28635185328926,3.7311079502105713,6.585496425628662,0.6673128167982372,1.583652138710022,0.7636363636363637,12.265536308288574,5.6238179206848145,9.264727592468262,0.7572967070482923,2.0193965435028076,0.4727272727272727,7.532927989959717,0.0,0.0,0.0
24,57.93868637084961,0.8683460019329478,86.51610000297205,3.7417240142822266,6.596249580383301,0.6662254839332711,1.5802323818206787,0.7636363636363637,12.217779159545898,5.634886264801025,9.274221420288086,0.7567990491156373,2.0115537643432617,0.4909090909090909,7.658926486968994,0.0,0.0,0.0
25,56.86665344238281,0.8701529355458645,86.67426641438828,3.737227201461792,6.606897830963135,0.6651470044612928,1.5748432874679565,0.7636363636363637,12.153666496276855,5.630841255187988,9.276116371154785,0.756699617939282,1.9991647005081177,0.4909090909090909,7.779479026794434,0.0,0.0,0.0
26,55.86055374145508,0.8717145158678541,86.80214010314035,3.7217164039611816,6.617611408233643,0.6640601483174875,1.5679372549057007,0.7636363636363637,12.079251289367676,5.617276668548584,9.274627685546875,0.7567777370558733,1.9830151796340942,0.4909090909090909,7.895387172698975,0.0,0.0,0.0
27,54.91740417480469,0.8729014836323999,86.89345712346244,3.6993255615234375,6.626759052276611,0.6631307123113104,1.5599416494369507,0.7636363636363637,12.001785278320312,5.603365898132324,9.27140998840332,0.7569464763559139,1.9688602685928345,0.5272727272727272,8.007330894470215,0.0,0.0,0.0
28,54.016136169433594,0.8739969824886408,86.97704661601188,3.682300567626953,6.63530969619751,0.6622608664502443,1.55322265625,0.7818181818181819,11.925369262695312,5.583356857299805,9.268194198608398,0.7571150399381473,1.95981764793396,0.5272727272727272,8.115516662597656,0.0,0.0,0.0
29,53.140316009521484,0.8747898448301041,87.03610199495688,3.6676037311553955,6.641739845275879,0.661605919678205,1.546838402748108,0.8,11.855162620544434,5.568155288696289,9.26535415649414,0.7572638478183379,1.9528472423553467,0.5454545454545454,8.21898365020752,0.0,0.0,0.0
30,52.27177429199219,0.8745942874617537,86.99854404851203,3.649446725845337,6.644116401672363,0.6613637112769617,1.5396531820297241,0.8,11.788860321044922,5.552621364593506,9.257889747619629,0.7576548199394526,1.9462075233459473,0.5454545454545454,8.315905570983887,0.0,0.0,0.0
31,51.39469909667969,0.8738337133444907,86.90101813029878,3.6308436393737793,6.644994735717773,0.6612741558017374,1.5320665836334229,0.8,11.726438522338867,5.533816814422607,9.246087074279785,0.7582723676217348,1.9393898248672485,0.5636363636363636,8.40640640258789,0.0,0.0,0.0
32,50.50493621826172,0.8727918070992244,86.77341194482642,3.6089446544647217,6.64516544342041,0.6612567554793649,1.5239163637161255,0.8,11.664804458618164,5.510454177856445,9.232029914855957,0.7590067927483771,1.9327818155288696,0.5818181818181818,8.490839958190918,0.0,0.0,0.0
33,49.60566711425781,0.8716434558405164,86.63210614567697,3.583374261856079,6.645467758178711,0.6612259388614645,1.515504240989685,0.8181818181818182,11.601081848144531,5.479111194610596,9.216275215148926,0.7598286249328507,1.9275811910629272,0.6,8.567390441894531,0.0,0.0,0.0
34,48.71395492553711,0.8707828124533957,86.5145926904388,3.5547194480895996,6.647693634033203,0.6609989514858581,1.5073981285095215,0.8,11.532055854797363,5.437989234924316,9.200300216674805,0.760660498134881,1.9222763776779175,0.6181818181818182,8.634888648986816,0.0,0.0,0.0
35,47.83547592163086,0.8701364960929572,86.41484430296464,3.518364429473877,6.651343822479248,0.6606265982076919,1.4987435340881348,0.8,11.457368850708008,5.387995719909668,9.184167861938477,0.7614990988186743,1.9167922735214233,0.6363636363636364,8.691823959350586,0.0,0.0,0.0
36,46.96828842163086,0.8699229251652567,86.35723809905971,3.476986885070801,6.656788349151611,0.6600707753856061,1.489754557609558,0.8181818181818182,11.379902839660645,5.3339033126831055,9.169995307922363,0.7622346284572479,1.9109245538711548,0.6181818181818182,8.739480972290039,0.0,0.0,0.0
37,46.107696533203125,0.8700760671851591,86.3372553426334,3.43076753616333,6.663420677185059,0.65939308220389,1.4801067113876343,0.8181818181818182,11.29985237121582,5.273665904998779,9.158174514770508,0.7628472309383834,1.9031985998153687,0.6181818181818182,8.773758888244629,0.0,0.0,0.0
38,45.25828552246094,0.8706545435137647,86.36245222738967,3.3823626041412354,6.671163082122803,0.6586010780980951,1.4701358079910278,0.8181818181818182,11.219688415527344,5.217739582061768,9.149648666381836,0.7632885838650889,1.895325779914856,0.6181818181818182,8.7979154586792,0.0,0.0,0.0
39,44.42425537109375,0.8713682009562987,86.40896849437627,3.3368191719055176,6.67805814743042,0.6578950200073062,1.4602329730987549,0.8181818181818182,11.143930435180664,5.179690837860107,9.144671440124512,0.7635460355552431,1.8894975185394287,0.6181818181818182,8.815045356750488,0.0,0.0,0.0
40,43.61616516113281,0.8718097848691524,86.43675104123167,3.3014562129974365,6.682492256164551,0.6574405685349324,1.451357364654541,0.8,11.075366020202637,5.1536664962768555,9.141230583190918,0.7637239372838043,1.8844836950302124,0.6363636363636364,8.828936576843262,0.0,0.0,0.0
41,42.849544525146484,0.8713983102905909,86.3852497834996,3.2704217433929443,6.682748794555664,0.6574142126650375,1.442642331123352,0.8181818181818182,11.016535758972168,5.138971328735352,9.13521957397461,0.7640345812644653,1.8807768821716309,0.6363636363636364,8.842581748962402,0.0,0.0,0.0
42,42.11766815185547,0.8695052344485656,86.19351675455391,3.2477283477783203,6.676182746887207,0.6580871045836332,1.434381365776062,0.8181818181818182,10.96953010559082,5.132872581481934,9.123826026916504,0.7646228091754819,1.877485752105713,0.6363636363636364,8.857931137084961,0.0,0.0,0.0
43,41.41215515136719,0.8659828756923313,85.8463662808283,3.231684923171997,6.662299633026123,0.6595076655400611,1.4261237382888794,0.8181818181818182,10.932809829711914,5.1340436935424805,9.106056213378906,0.7655387758995497,1.8738675117492676,0.6545454545454545,8.873723030090332,0.0,0.0,0.0
44,40.73261260986328,0.8612180653599182,85.38259388051688,3.219639778137207,6.6424689292907715,0.6615316533316408,1.417683720588684,0.8181818181818182,10.902856826782227,5.140937805175781,9.084074020385742,0.7666693944764362,1.8705743551254272,0.6363636363636364,8.888854026794434,0.0,0.0,0.0
45,40.07828903198242,0.8559658287738514,84.87411034290335,3.210068941116333,6.620068550109863,0.663810584789762,1.4093518257141113,0.8181818181818182,10.872838020324707,5.151205539703369,9.060772895812988,0.7678648780267392,1.8677901029586792,0.6363636363636364,8.90075397491455,0.0,0.0,0.0
46,39.455711364746094,0.8508650591188751,84.3845460758896,3.2042269706726074,6.597503185272217,0.6660985739499399,1.4016836881637573,0.8363636363636363,10.843635559082031,5.161999702453613,9.039634704589844,0.768946722360844,1.865265130996704,0.6363636363636364,8.906656265258789,0.0,0.0,0.0
47,38.861698150634766,0.8460328657930767,83.9253150446732,3.200281858444214,6.57526159286499,0.6683461099144653,1.3943631649017334,0.8363636363636363,10.812724113464355,5.171031951904297,9.021224975585938,0.7698868879372236,1.8640092611312866,0.6363636363636364,8.906723976135254,0.0,0.0,0.0
48,38.29278564453125,0.8418904172456105,83.53377292707273,3.1975505352020264,6.555761337280273,0.6703103713548879,1.3875889778137207,0.8363636363636363,10.776823043823242,5.176593780517578,9.006194114685059,0.7706530426793451,1.863378882408142,0.6363636363636364,8.899996757507324,0.0,0.0,0.0
49,37.745330810546875,0.8385071334162395,83.21715558374399,3.195941686630249,6.539237022399902,0.6719702803855938,1.3814159631729126,0.8363636363636363,10.735357284545898,5.178829669952393,8.995058059692383,0.7712198581204219,1.8627792596817017,0.6545454545454545,8.886099815368652,0.0,0.0,0.0
50,37.21956253051758,0.8356292784133583,82.95154791208392,3.193737745285034,6.5244975090026855,0.6734474009026102,1.3754764795303345,0.8363636363636363,10.68847370147705,5.177664279937744,8.986932754516602,0.771633020890337,1.8621903657913208,0.6363636363636364,8.86574649810791,0.0,0.0,0.0
51,36.710975646972656,0.8334730062429858,82.75655542274035,3.190518379211426,6.512725830078125,0.6746246638094271,1.3698508739471436,0.8363636363636363,10.634048461914062,5.173782825469971,8.982311248779297,0.7718678300859009,1.8614264726638794,0.6181818181818182,8.837135314941406,0.0,0.0,0.0
52,36.21903610229492,0.8317036467409276,82.59748181040186,3.186474084854126,6.502886772155762,0.6756070499159745,1.3645920753479004,0.8363636363636363,10.570866584777832,5.1673583984375,8.97885799407959,0.7720431713549851,1.8607932329177856,0.6363636363636364,8.802461624145508,0.0,0.0,0.0
53,35.74015808105469,0.8301951721381751,82.46203264090968,3.1834897994995117,6.494456768035889,0.6764475433741344,1.3598564863204956,0.8363636363636363,10.503456115722656,5.160182476043701,8.975975036621094,0.7721895442884181,1.8598874807357788,0.6363636363636364,8.761719703674316,0.0,0.0,0.0
54,35.26948547363281,0.8287665494129404,82.33272032568561,3.1814119815826416,6.486645221710205,0.6772254161026601,1.3554528951644897,0.8363636363636363,10.43292236328125,5.152029514312744,8.972865104675293,0.7723473890844098,1.8592989444732666,0.6545454545454545,8.717284202575684,0.0,0.0,0.0
55,34.80659866333008,0.8273534300759597,82.20384051878932,3.177243947982788,6.479080677032471,0.6779777842490784,1.3508981466293335,0.8363636363636363,10.358482360839844,5.142955303192139,8.96943187713623,0.7725215505339311,1.8589420318603516,0.6363636363636364,8.66871452331543,0.0,0.0,0.0
56,34.35066223144531,0.826300520255617,82.11082159769171,3.170677661895752,6.472906589508057,0.6785912222286088,1.3463174104690552,0.8363636363636363,10.279726028442383,5.133558750152588,8.967976570129395,0.772595352012973,1.8587702512741089,0.6363636363636364,8.616023063659668,0.0,0.0,0.0
57,33.901248931884766,0.8257481487733576,82.06796084362213,3.1621973514556885,6.46861457824707,0.6790173428434211,1.341858148574829,0.8363636363636363,10.197256088256836,5.12448263168335,8.969390869140625,0.7725236340450741,1.858949065208435,0.6363636363636364,8.559892654418945,0.0,0.0,0.0
58,33.45674514770508,0.8256100847697727,82.06608001409063,3.1518659591674805,6.465978145599365,0.6792789265547035,1.3373749256134033,0.8363636363636363,10.11149787902832,5.115396976470947,8.972982406616211,0.7723414146789636,1.8593361377716064,0.6363636363636364,8.500919342041016,0.0,0.0,0.0
59,33.01689910888672,0.8260298520775717,82.11614297312804,3.142066240310669,6.466145992279053,0.6792622413140723,1.333316683769226,0.8363636363636363,10.024097442626953,5.105941295623779,8.978318214416504,0.7720705833329149,1.8599411249160767,0.6363636363636364,8.438748359680176,0.0,0.0,0.0
60,32.585243225097656,0.8264683617550104,82.16475492435598,3.1317946910858154,6.466973781585693,0.6791801431198649,1.3294386863708496,0.8363636363636363,9.935029983520508,5.095054626464844,8.982539176940918,0.7718562327106229,1.8601688146591187,0.6363636363636364,8.374429702758789,0.0,0.0,0.0
61,32.15971755981445,0.8270187060494086,82.2204649319433,3.122744560241699,6.468950271606445,0.6789840064136703,1.3260266780853271,0.8363636363636363,9.844740867614746,5.081846714019775,8.985894203186035,0.7716857864375976,1.859882116317749,0.6363636363636364,8.307713508605957,0.0,0.0,0.0
62,31.736717224121094,0.8276711127152185,82.28401541822132,3.1151373386383057,6.471733093261719,0.6787077805524463,1.3231223821640015,0.8363636363636363,9.753519058227539,5.0660295486450195,8.988958358764648,0.7715300502552929,1.859025478363037,0.6363636363636364,8.237221717834473,0.0,0.0,0.0
63,31.315998077392578,0.8279883173605673,82.31192488535521,3.1089394092559814,6.47361421585083,0.6785209739604006,1.3204913139343262,0.8363636363636363,9.662055015563965,5.0487189292907715,8.989354133605957,0.7715098929125478,1.8575506210327148,0.6181818181818182,8.163281440734863,0.0,0.0,0.0
64,30.89999771118164,0.8282472159157291,82.33495785747937,3.1052160263061523,6.475104331970215,0.6783729179884328,1.3181813955307007,0.8181818181818182,9.572230339050293,5.035943984985352,8.98976993560791,0.7714887565705908,1.8571676015853882,0.6363636363636364,8.085738182067871,0.0,0.0,0.0
65,30.489795684814453,0.8284718214303917,82.3551921840301,3.1028659343719482,6.476352214813232,0.6782489704866015,1.3159821033477783,0.8181818181818182,9.48316764831543,5.024324893951416,8.990222930908203,0.771465762640386,1.856934666633606,0.6363636363636364,8.00607967376709,0.0,0.0,0.0
66,30.08484649658203,0.828837897406736,82.38852293093328,3.101538896560669,6.478323459625244,0.6780530380894759,1.314000129699707,0.8181818181818182,9.393726348876953,5.0112810134887695,8.991089820861816,0.771421682573312,1.8566397428512573,0.6181818181818182,7.926322937011719,0.0,0.0,0.0
67,29.68579864501953,0.8295378872337793,82.45352883788178,3.1006200313568115,6.481866359710693,0.677700843306113,1.3122072219848633,0.8181818181818182,9.303018569946289,4.998138427734375,8.993212699890137,0.7713137165320334,1.8563976287841797,0.6181818181818182,7.848450183868408,0.0,0.0,0.0
68,29.29735565185547,0.8305606885382668,82.54972984482583,3.0991578102111816,6.486824989318848,0.6772075390591268,1.3105319738388062,0.8181818181818182,9.210192680358887,4.983943462371826,8.996758460998535,0.7711333798567147,1.856000304222107,0.6181818181818182,7.771154403686523,0.0,0.0,0.0
69,28.916221618652344,0.8316097059378954,82.64727771245111,3.0956027507781982,6.4921040534973145,0.6766819199277345,1.3086477518081665,0.8181818181818182,9.1151762008667,4.9679856300354,8.999984741210938,0.7709691590145745,1.8552087545394897,0.6181818181818182,7.697103977203369,0.0,0.0,0.0
70,28.54221534729004,0.8325255804124179,82.72863219263309,3.090449571609497,6.497381210327148,0.6761560964872733,1.3064632415771484,0.8181818181818182,9.019643783569336,4.951015472412109,9.001407623291016,0.7708967632779906,1.85395085811615,0.6181818181818182,7.627804756164551,0.0,0.0,0.0
71,28.172924041748047,0.833376015249345,82.79893501505558,3.083258628845215,6.503199577331543,0.6755758587314478,1.3039652109146118,0.8181818181818182,8.922808647155762,4.932858943939209,9.000814437866211,0.7709269365357485,1.8521223068237305,0.6181818181818182,7.563377857208252,0.0,0.0,0.0
72,27.808303833007812,0.8340062360155281,82.84926666265733,3.0746192932128906,6.507818698883057,0.6751148012658446,1.301059603691101,0.8181818181818182,8.829139709472656,4.914268970489502,8.99972915649414,0.7709821872348543,1.8499870300292969,0.6363636363636364,7.504347801208496,0.0,0.0,0.0
73,27.449573516845703,0.8345933933834694,82.89796566866517,3.066382884979248,6.511801719665527,0.6747169774570821,1.2981427907943726,0.8181818181818182,8.738615989685059,4.895303726196289,8.999378204345703,0.7710000351435614,1.8474993705749512,0.6363636363636364,7.451932430267334,0.0,0.0,0.0
74,27.094894409179688,0.8350458960991531,82.93554495009948,3.0586564540863037,6.514861106872559,0.6744112629869059,1.2953381538391113,0.8363636363636363,8.651390075683594,4.877179145812988,8.999125480651855,0.771012912748578,1.8448797464370728,0.6363636363636364,7.406894207000732,0.0,0.0,0.0
75,26.744203567504883,0.8352999377623633,82.95557477623925,3.053274154663086,6.516765594482422,0.6742208809861536,1.2928745746612549,0.8363636363636363,8.566680908203125,4.860744476318359,8.9985933303833,0.7710399732908932,1.8424209356307983,0.6181818181818182,7.3685197830200195,0.0,0.0,0.0
76,26.397781372070312,0.835303818947646,82.94912806729917,3.0503416061401367,6.517980575561523,0.6740993851931497,1.290879726409912,0.8363636363636363,8.481499671936035,4.845278263092041,8.996116638183594,0.7711660382663179,1.8399724960327148,0.6181818181818182,7.335671901702881,0.0,0.0,0.0
77,26.053813934326172,0.8352266870606463,82.93140924203794,3.0490458011627197,6.519445896148682,0.6739528274876876,1.2892073392868042,0.8363636363636363,8.3960542678833,4.831867218017578,8.992022514343262,0.7713742387653565,1.8375831842422485,0.6181818181818182,7.307878017425537,0.0,0.0,0.0
78,25.710468292236328,0.8352473885302791,82.92191250837118,3.0484378337860107,6.521554470062256,0.6737419124255055,1.287696361541748,0.8363636363636363,8.310386657714844,4.820051670074463,8.987907409667969,0.7715834433661507,1.8353359699249268,0.6181818181818182,7.284399032592773,0.0,0.0,0.0
79,25.370716094970703,0.8351922955435243,82.90775324625702,3.0485241413116455,6.52286434173584,0.6736108481577724,1.2865116596221924,0.8181818181818182,8.224798202514648,4.809218406677246,8.984430313110352,0.7717601401726051,1.8333144187927246,0.6181818181818182,7.2632575035095215,0.0,0.0,0.0
80,25.03409194946289,0.8345538276821309,82.84238088197662,3.0514309406280518,6.520720481872559,0.6738253726801726,1.2854825258255005,0.8181818181818182,8.142064094543457,4.799728870391846,8.980265617370605,0.7719717295150691,1.8314586877822876,0.6181818181818182,7.244960784912109,0.0,0.0,0.0
81,24.69923210144043,0.8331752144302011,82.70681442793784,3.055408239364624,6.515107154846191,0.6743866777956087,1.2841753959655762,0.8181818181818182,8.06165885925293,4.791126728057861,8.973315238952637,0.7723245206669244,1.8294795751571655,0.6181818181818182,7.230255126953125,0.0,0.0,0.0
82,24.370038986206055,0.8312768520030155,82.5239016177186,3.0601274967193604,6.506707668304443,0.6752257410902858,1.2827129364013672,0.8181818181818182,7.983743190765381,4.782582759857178,8.965116500854492,0.7727403694090359,1.827499508857727,0.6181818181818182,7.219254493713379,0.0,0.0,0.0
83,24.044479370117188,0.8294876162848297,82.3551008602251,3.063978910446167,6.498147487640381,0.6760796848954851,1.2810405492782593,0.8181818181818182,7.90778923034668,4.77346658706665,8.95870304107666,0.7730654473524348,1.8257691860198975,0.6181818181818182,7.211014270782471,0.0,0.0,0.0
84,23.723453521728516,0.8284396256813752,82.2614275419478,3.0667197704315186,6.492212295532227,0.6766711255985915,1.2794069051742554,0.8181818181818182,7.8310418128967285,4.764262676239014,8.956852912902832,0.7731591300462388,1.825144648551941,0.6,7.203253269195557,0.0,0.0,0.0
85,23.408124923706055,0.8282279275346034,82.24195965858735,3.0695672035217285,6.4911088943481445,0.676781043877688,1.2781867980957031,0.8181818181818182,7.750624656677246,4.754983901977539,8.956278800964355,0.7731882238946095,1.8248757123947144,0.6,7.194810390472412,0.0,0.0,0.0
86,23.09497833251953,0.8277137473307596,82.19213439006307,3.071438789367676,6.4888763427734375,0.67700336619622,1.2766000032424927,0.8181818181818182,7.671156406402588,4.74679708480835,8.953950881958008,0.7733061305432692,1.8246437311172485,0.6,7.186192512512207,0.0,0.0,0.0
87,22.78510093688965,0.8265706639450303,82.08171696903446,3.0720956325531006,6.483848571777344,0.6775036510030622,1.2744423151016235,0.8181818181818182,7.5939226150512695,4.739540100097656,8.948902130126953,0.7735616744400877,1.8246084451675415,0.6181818181818182,7.176347255706787,0.0,0.0,0.0
88,22.477941513061523,0.8246854665011143,81.89827534397978,3.070844888687134,6.475784778594971,0.6783053597896325,1.271604061126709,0.8181818181818182,7.519160747528076,4.732605934143066,8.94007682800293,0.7740080729781156,1.824370265007019,0.6181818181818182,7.164665222167969,0.0,0.0,0.0
89,22.17445182800293,0.8224742507638901,81.68273725313179,3.0679726600646973,6.466379642486572,0.6792390862862577,1.2683292627334595,0.8181818181818182,7.447384357452393,4.725646018981934,8.929576873779297,0.7745386403458127,1.8237733840942383,0.6181818181818182,7.151378154754639,0.0,0.0,0.0
90,21.873584747314453,0.8202229806160587,81.46601485918904,3.0634918212890625,6.456307888031006,0.6802375106547179,1.264696478843689,0.8181818181818182,7.379711151123047,4.718749523162842,8.919877052307129,0.7750281901567905,1.8232331275939941,0.6181818181818182,7.136918544769287,0.0,0.0,0.0
91,21.576797485351562,0.8193834510475866,81.38538931848689,3.0597891807556152,6.452513694763184,0.6806132350325219,1.2620749473571777,0.8,7.311779975891113,4.711551189422607,8.916328430175781,0.7752071461921951,1.8235026597976685,0.6,7.118083953857422,0.0,0.0,0.0
92,21.281137466430664,0.8190776696114483,81.35812386692373,3.0568203926086426,6.450758457183838,0.6807869658441547,1.2602607011795044,0.8,7.245960712432861,4.704957008361816,8.915810585021973,0.7752332779403865,1.8244078159332275,0.6,7.097836971282959,0.0,0.0,0.0
93,20.988609313964844,0.8182557535335695,81.28579467687291,3.0555226802825928,6.445868015289307,0.6812707697194347,1.2584494352340698,0.8,7.184483528137207,4.698958873748779,8.914772033691406,0.775285591641857,1.825182318687439,0.5818181818181818,7.078061580657959,0.0,0.0,0.0
94,20.699485778808594,0.8166701428456824,81.1420536143064,3.0540294647216797,6.43717098236084,0.68213033202403,1.2562614679336548,0.7818181818181819,7.126976490020752,4.6934919357299805,8.911215782165527,0.7754648489077883,1.8257660865783691,0.5818181818181818,7.059234619140625,0.0,0.0,0.0
95,20.412784576416016,0.8145603503371693,80.94823479938736,3.052356243133545,6.426036357879639,0.683229004042323,1.2540744543075562,0.7636363636363637,7.072378635406494,4.689075946807861,8.905536651611328,0.7757509928056109,1.8260759115219116,0.5818181818181818,7.03870964050293,0.0,0.0,0.0
96,20.12798309326172,0.8125885277401634,80.76392975824479,3.0509934425354004,6.4161763191223145,0.6842003915106585,1.2521225214004517,0.7636363636363637,7.016643524169922,4.686039447784424,8.899057388305664,0.7760771501583971,1.8264186382293701,0.5818181818181818,7.016496181488037,0.0,0.0,0.0
97,19.846891403198242,0.8112997925522583,80.63776592040358,3.050811529159546,6.41074275970459,0.6847350002410847,1.2506840229034424,0.7636363636363637,6.958292007446289,4.6836676597595215,8.892709732055664,0.7763965047217884,1.8270763158798218,0.5636363636363636,6.992242813110352,0.0,0.0,0.0
98,19.569129943847656,0.810658942050035,80.56692497872086,3.050379753112793,6.409486293792725,0.6848585731762895,1.2494785785675049,0.7636363636363637,6.896921634674072,4.681027889251709,8.886552810668945,0.7767059939854305,1.8278368711471558,0.5636363636363636,6.966960430145264,0.0,0.0,0.0
99,19.294658660888672,0.8104959095283224,80.53428794866909,3.050863265991211,6.411776065826416,0.6846333564792808,1.2487000226974487,0.7636363636363637,6.8326826095581055,4.6782660484313965,8.879573822021484,0.7770566263185111,1.828282356262207,0.5636363636363636,6.941092014312744,0.0,0.0,0.0
100,19.02399444580078,0.8100350659397046,80.46836813143705,3.0499267578125,6.413546085357666,0.6844592170495101,1.2475743293762207,0.7636363636363637,6.7675862312316895,4.6753249168396,8.869587898254395,0.7775577484022231,1.8280757665634155,0.5636363636363636,6.914104461669922,0.0,0.0,0.0
101,18.758499145507812,0.8093787219120059,80.38449783447936,3.0489449501037598,6.414279460906982,0.6843870959481697,1.2464362382888794,0.7454545454545455,6.703936576843262,4.672826766967773,8.859065055847168,0.7780852532595653,1.8281309604644775,0.5636363636363636,6.8843159675598145,0.0,0.0,0.0
102,18.496074676513672,0.808764922019731,80.30718951975769,3.0479960441589355,6.414764404296875,0.6843393557290578,1.245368480682373,0.7454545454545455,6.640302658081055,4.669126987457275,8.849631309509277,0.7785576329305212,1.828217625617981,0.5636363636363636,6.852869987487793,0.0,0.0,0.0
103,18.2366943359375,0.8081328291811567,80.23049892620247,3.0472919940948486,6.414742469787598,0.6843415350257933,1.2445005178451538,0.7454545454545455,6.5765581130981445,4.663547039031982,8.84099292755127,0.7789897230185308,1.8280789852142334,0.5636363636363636,6.818454742431641,0.0,0.0,0.0
104,17.978652954101562,0.8074605256636069,80.14898329462108,3.0462169647216797,6.414709568023682,0.6843447358678736,1.243718147277832,0.7454545454545455,6.513319969177246,4.655436038970947,8.831815719604492,0.77944832139289,1.8271527290344238,0.5636363636363636,6.780838966369629,0.0,0.0,0.0
105,17.720849990844727,0.8064429250292053,80.03691840609531,3.0442845821380615,6.41264009475708,0.684548397958108,1.2430355548858643,0.7272727272727273,6.452554225921631,4.646135330200195,8.822127342224121,0.7799319219009655,1.8258455991744995,0.5636363636363636,6.740406036376953,0.0,0.0,0.0
106,17.465539932250977,0.8047997973220755,79.86883757389,3.0419468879699707,6.406998157501221,0.6851031992348489,1.2420883178710938,0.7272727272727273,6.393683433532715,4.638930797576904,8.811266899108887,0.7804734339777993,1.8248794078826904,0.5636363636363636,6.695749759674072,0.0,0.0,0.0
107,17.214752197265625,0.8033085504935454,79.71847648401558,3.0413413047790527,6.401483058929443,0.6856450949887344,1.2414387464523315,0.7272727272727273,6.334018230438232,4.630255699157715,8.802214622497559,0.780924275666096,1.8240386247634888,0.5636363636363636,6.647586345672607,0.0,0.0,0.0
108,16.966747283935547,0.8022163004298004,79.61084916367963,3.0412814617156982,6.3969926834106445,0.6860859599080228,1.2410063743591309,0.7272727272727273,6.273350238800049,4.62025260925293,8.796514511108398,0.7812079093095294,1.823651909828186,0.5636363636363636,6.595710754394531,0.0,0.0,0.0
109,16.721906661987305,0.8014631632352396,79.54007282067528,3.0413146018981934,6.393279552459717,0.6864502770294769,1.240708827972412,0.7272727272727273,6.211154460906982,4.608150005340576,8.793867111206055,0.7813395721522419,1.823300838470459,0.5636363636363636,6.5420708656311035,0.0,0.0,0.0
110,16.480274200439453,0.8006404201305586,79.47009350743383,3.040634870529175,6.387906074523926,0.6869771220152829,1.2402689456939697,0.7272727272727273,6.148968696594238,4.595460414886475,8.793719291687012,0.7813469523001461,1.8232442140579224,0.5636363636363636,6.487168788909912,0.0,0.0,0.0
111,16.242612838745117,0.7997150362124562,79.39179023626116,3.038787364959717,6.381783962249756,0.687576837235682,1.2395298480987549,0.7090909090909091,6.088066577911377,4.5821919441223145,8.793704986572266,0.7813476300688311,1.8230690956115723,0.5636363636363636,6.431277275085449,0.0,0.0,0.0
112,16.008989334106445,0.7988123237295748,79.31254891324852,3.036604404449463,6.37631893157959,0.6881116843266886,1.2389600276947021,0.7090909090909091,6.026475429534912,4.567857265472412,8.792622566223145,0.7814014750254791,1.8225737810134888,0.5636363636363636,6.374368190765381,0.0,0.0,0.0
113,15.77894401550293,0.7982225045369239,79.25665634562415,3.0357823371887207,6.373485088348389,0.6883888295787228,1.238855004310608,0.7090909090909091,5.964413642883301,4.553560733795166,8.790374755859375,0.7815132064483414,1.8219949007034302,0.5636363636363636,6.31746768951416,0.0,0.0,0.0
114,15.55125617980957,0.7975248759495517,79.18668408141957,3.0382587909698486,6.37082576751709,0.6886488469204766,1.2393543720245361,0.7090909090909091,5.903380393981934,4.5415825843811035,8.786269187927246,0.781717239925094,1.8218117952346802,0.5636363636363636,6.263865947723389,0.0,0.0,0.0
115,15.325104713439941,0.7962513053869884,79.05941888999996,3.0401313304901123,6.365882873535156,0.6891317654564577,1.2397706508636475,0.6727272727272727,5.8437089920043945,4.530706882476807,8.778946876525879,0.7820809506835422,1.821637749671936,0.5636363636363636,6.213660717010498,0.0,0.0,0.0
116,15.101902961730957,0.7947651059356553,78.9085641613458,3.0411429405212402,6.360531330108643,0.6896542518487927,1.2402862310409546,0.6727272727272727,5.7827467918396,4.520243167877197,8.769515991210938,0.7825489123067731,1.8218547105789185,0.5454545454545454,6.166692733764648,0.0,0.0,0.0
117,14.882512092590332,0.7934924124044326,78.77726204241912,3.041951894760132,6.356326580047607,0.6900644023047153,1.2407575845718384,0.6727272727272727,5.722503185272217,4.5102858543396,8.760636329650879,0.7829890603113719,1.8219674825668335,0.5454545454545454,6.120499610900879,0.0,0.0,0.0
118,14.666627883911133,0.7922121986075816,78.64701002141078,3.0418853759765625,6.351765155792236,0.6905090809932908,1.2410261631011963,0.6909090909090909,5.662210941314697,4.501300811767578,8.752381324768066,0.783397830136106,1.821997046470642,0.5454545454545454,6.076025485992432,0.0,0.0,0.0
119,14.45448112487793,0.7907476380426044,78.49863957620255,3.0412704944610596,6.346427917480469,0.6910290135222639,1.2410118579864502,0.6909090909090909,5.601832866668701,4.492678165435791,8.743167877197266,0.7838535919230054,1.821645975112915,0.5454545454545454,6.0334696769714355,0.0,0.0,0.0
120,14.24447250366211,0.7892060272344632,78.34236026207941,3.0408644676208496,6.340823650360107,0.6915744165818329,1.2409096956253052,0.6909090909090909,5.5419921875,4.484804153442383,8.733420372009277,0.7843352846377452,1.8212753534317017,0.5454545454545454,5.994365692138672,0.0,0.0,0.0
121,14.036738395690918,0.7877167695851772,78.19293817823973,3.0404770374298096,6.335124969482422,0.6921285708798557,1.241204857826233,0.6545454545454545,5.484700679779053,4.478532314300537,8.724577903747559,0.7847717927734796,1.821196436882019,0.5454545454545454,5.957587242126465,0.0,0.0,0.0
122,13.831596374511719,0.7860345117117674,78.02900346653973,3.0401628017425537,6.327804088592529,0.6928396685943454,1.2417161464691162,0.6545454545454545,5.430593490600586,4.474287033081055,8.716409683227539,0.7851746132953114,1.8216649293899536,0.5454545454545454,5.922556400299072,0.0,0.0,0.0
123,13.62911605834961,0.7841707933535693,77.84782301344853,3.0393824577331543,6.319604396820068,0.6936352140573356,1.24192214012146,0.6545454545454545,5.376790523529053,4.474115371704102,8.70751667022705,0.785612702891311,1.8226922750473022,0.5454545454545454,5.887610912322998,0.0,0.0,0.0
124,13.429231643676758,0.7826255661620933,77.69748009859222,3.0393784046173096,6.3128204345703125,0.6942926465897139,1.2423059940338135,0.6545454545454545,5.322707176208496,4.474754810333252,8.700089454650879,0.7859782963405512,1.8240923881530762,0.5454545454545454,5.853137016296387,0.0,0.0,0.0
125,13.232175827026367,0.7817575977606197,77.61344336283469,3.040104627609253,6.308931827545166,0.6946691201007706,1.2430145740509033,0.6545454545454545,5.269019603729248,4.475471019744873,8.696070671081543,0.7861759537711552,1.8260772228240967,0.5454545454545454,5.819596290588379,0.0,0.0,0.0
126,13.036953926086426,0.7816966178028193,77.6068739927457,3.0417487621307373,6.308779239654541,0.6946838984567583,1.2440019845962524,0.6545454545454545,5.216350555419922,4.475201606750488,8.695536613464355,0.7862022612371538,1.8282270431518555,0.5454545454545454,5.787121772766113,0.0,0.0,0.0
127,12.843942642211914,0.7815871014835803,77.59190416026718,3.0427122116088867,6.309080600738525,0.6946547163114095,1.2446386814117432,0.6545454545454545,5.164015293121338,4.4738969802856445,8.693377494812012,0.7863084198952722,1.8300585746765137,0.5272727272727272,5.752472400665283,0.0,0.0,0.0
128,12.653043746948242,0.7809948464402222,77.52568236401635,3.0418224334716797,6.308037281036377,0.6947557130944951,1.2447006702423096,0.6363636363636364,5.111911773681641,4.473167896270752,8.687272071838379,0.786608420397323,1.831483006477356,0.5272727272727272,5.715750217437744,0.0,0.0,0.0
129,12.465110778808594,0.7801805867498433,77.43911501858065,3.0392932891845703,6.305789947509766,0.6949732000983952,1.2442550659179688,0.6363636363636364,5.061333179473877,4.472245216369629,8.680567741394043,0.7869376904655518,1.8329079151153564,0.5272727272727272,5.675614356994629,0.0,0.0,0.0
130,12.279457092285156,0.7799677331984218,77.41295690920947,3.037306547164917,6.305842876434326,0.69496805832016,1.244310736656189,0.6181818181818182,5.01060676574707,4.470190525054932,8.67747688293457,0.7870893851382899,1.8343907594680786,0.5272727272727272,5.633101463317871,0.0,0.0,0.0
131,12.096614837646484,0.7801543155890164,77.42491070992833,3.036471366882324,6.307788372039795,0.6947797875131201,1.2449123859405518,0.6181818181818182,4.958775043487549,4.466526985168457,8.676026344299316,0.7871605508502232,1.8355900049209595,0.5272727272727272,5.588421821594238,0.0,0.0,0.0
132,11.917036056518555,0.7800858676851289,77.40700222917258,3.0357534885406494,6.309528350830078,0.6946113687372801,1.245496392250061,0.6181818181818182,4.906367301940918,4.462723731994629,8.671430587768555,0.7873859967969155,1.836499810218811,0.5272727272727272,5.542163848876953,0.0,0.0,0.0
133,11.739767074584961,0.7800068129666229,77.38573803801683,3.0351109504699707,6.311642646789551,0.694406685101701,1.2460856437683105,0.6181818181818182,4.854949951171875,4.460598945617676,8.665899276733398,0.7876571544760346,1.8378846645355225,0.5272727272727272,5.496401786804199,0.0,0.0,0.0
134,11.564677238464355,0.780162927953975,77.38670066777627,3.034986734390259,6.314907550811768,0.6940904487144737,1.2467918395996094,0.6181818181818182,4.8041157722473145,4.46040678024292,8.66125202178955,0.7878848345491332,1.8405070304870605,0.509090909090909,5.4507527351379395,0.0,0.0,0.0
135,11.391353607177734,0.7804298636086013,77.4000472296907,3.034522533416748,6.318367004394531,0.6937552115838339,1.247191309928894,0.6181818181818182,4.75377082824707,4.4607391357421875,8.657746315002441,0.7880565108468092,1.843589425086975,0.509090909090909,5.404588222503662,0.0,0.0,0.0
136,11.220285415649414,0.7811365831138342,77.45648010207583,3.034769296646118,6.323699474334717,0.6932380372272917,1.2477514743804932,0.6181818181818182,4.703884601593018,4.4622368812561035,8.656477928161621,0.7881186145403976,1.8469038009643555,0.509090909090909,5.3580145835876465,0.0,0.0,0.0
137,11.051370620727539,0.7821922782944073,77.54644649909005,3.03562593460083,6.330632209777832,0.6925650772056731,1.2485065460205078,0.6181818181818182,4.655762672424316,4.464219570159912,8.656736373901367,0.788105962858276,1.85037362575531,0.509090909090909,5.311872959136963,0.0,0.0,0.0
138,10.884369850158691,0.7832308483808272,77.6322488060373,3.036196708679199,6.337933540344238,0.6918555118092005,1.2491201162338257,0.6181818181818182,4.610537052154541,4.466279029846191,8.655962944030762,0.7881438174944648,1.8541725873947144,0.4909090909090909,5.268677234649658,0.0,0.0,0.0
139,10.720317840576172,0.7839633332747491,77.68805865278614,3.037062883377075,6.343926906585693,0.6912724818294325,1.2502391338348389,0.6181818181818182,4.56724739074707,4.4699482917785645,8.653629302978516,0.7882580340691726,1.857818365097046,0.4909090909090909,5.229119300842285,0.0,0.0,0.0
140,10.558537483215332,0.7848266815505853,77.75329506235903,3.038400888442993,6.351081848144531,0.6905756857497694,1.2520132064819336,0.6,4.523563861846924,4.473045825958252,8.650671005249023,0.7884027753372527,1.8608331680297852,0.4909090909090909,5.192969799041748,0.0,0.0,0.0
141,10.399276733398438,0.7861439685799048,77.86210468039167,3.042661666870117,6.360314846038818,0.6896753637859179,1.25435471534729,0.5818181818181818,4.482227802276611,4.476400375366211,8.64968204498291,0.7884511479393321,1.8637726306915283,0.4909090909090909,5.15786600112915,0.0,0.0,0.0
142,10.242835998535156,0.7870709774933266,77.93361130187759,3.0489704608917236,6.367714881896973,0.6889528588150782,1.257168173789978,0.5818181818181818,4.4445672035217285,4.479552745819092,8.647059440612793,0.7885794470411631,1.8662638664245605,0.4909090909090909,5.124832630157471,0.0,0.0,0.0
143,10.088254928588867,0.7871808220888012,77.9254280279606,3.052891969680786,6.371583938598633,0.6885747508314698,1.2593623399734497,0.5818181818181818,4.410641670227051,4.480593681335449,8.640410423278809,0.7889043994718425,1.8675178289413452,0.4909090909090909,5.0926432609558105,0.0,0.0,0.0
144,9.93586540222168,0.7864714785197142,77.83422806834483,3.0550801753997803,6.372481822967529,0.6884869660348432,1.261012077331543,0.5818181818181818,4.378645420074463,4.47802734375,8.628522872924805,0.7894848957993403,1.8671183586120605,0.4727272727272727,5.0620293617248535,0.0,0.0,0.0
145,9.785935401916504,0.7859358586332037,77.75976267040596,3.0583198070526123,6.3741655349731445,0.6883223269767788,1.2629801034927368,0.5818181818181818,4.346167087554932,4.473701477050781,8.617398262023926,0.7900273366702981,1.8661513328552246,0.4727272727272727,5.031847953796387,0.0,0.0,0.0
146,9.63884449005127,0.7853114785164411,77.68033842089335,3.0604941844940186,6.374802589416504,0.6882600127107482,1.2646074295043945,0.5818181818181818,4.315605640411377,4.469326972961426,8.607233047485352,0.7905224341434761,1.8649177551269531,0.45454545454545453,5.0024309158325195,0.0,0.0,0.0
147,9.493739128112793,0.7842967798508438,77.5656334624664,3.061142683029175,6.373257637023926,0.6884110992672388,1.265531063079834,0.5818181818181818,4.2876176834106445,4.464229106903076,8.596187591552734,0.7910597289929362,1.863394856452942,0.45454545454545453,4.974583625793457,0.0,0.0,0.0
148,9.350797653198242,0.783131336646831,77.43829841168326,3.0617709159851074,6.37069034576416,0.6886620589069357,1.266322135925293,0.5818181818181818,4.2605462074279785,4.4587721824646,8.585173606872559,0.7915947897159898,1.8616175651550293,0.45454545454545453,4.949263572692871,0.0,0.0,0.0
149,9.209214210510254,0.782511929903918,77.36742410649163,3.0640227794647217,6.369900226593018,0.6887393217865112,1.2676080465316772,0.5636363636363636,4.233650207519531,4.453860759735107,8.57808780670166,0.7919386694647635,1.8600410223007202,0.45454545454545453,4.925461769104004,0.0,0.0,0.0
150,9.069709777832031,0.7828031228611525,77.3855091002863,3.0690407752990723,6.3730082511901855,0.6884354801494671,1.2697585821151733,0.5636363636363636,4.206522464752197,4.4509196281433105,8.575578689575195,0.7920604042513668,1.8594354391098022,0.4727272727272727,4.901275634765625,0.0,0.0,0.0
151,8.932076454162598,0.7831652076853197,77.40947242453376,3.0734801292419434,6.376605987548828,0.6880836258812191,1.2715749740600586,0.5636363636363636,4.180900573730469,4.449124813079834,8.573023796081543,0.792184260202929,1.8596030473709106,0.4727272727272727,4.875198841094971,0.0,0.0,0.0
152,8.796463012695312,0.7836791057878529,77.44948083529994,3.0776946544647217,6.3806328773498535,0.6876895477387208,1.2733311653137207,0.5636363636363636,4.1558098793029785,4.448500156402588,8.571698188781738,0.79224851016402,1.8604910373687744,0.4727272727272727,4.847856044769287,0.0,0.0,0.0
153,8.662755966186523,0.7847500981032189,77.5447213092541,3.0830533504486084,6.386891841888428,0.6870765183773284,1.2753582000732422,0.5636363636363636,4.1302947998046875,4.448763370513916,8.573486328125,0.7921618561825056,1.861953616142273,0.4727272727272727,4.81765604019165,0.0,0.0,0.0
154,8.531527519226074,0.7863544651507626,77.69168061315236,3.089198112487793,6.39548921585083,0.6862335051073181,1.2777432203292847,0.5454545454545454,4.103889465332031,4.450284004211426,8.577808380126953,0.7919522248384652,1.8640719652175903,0.4727272727272727,4.784473419189453,0.0,0.0,0.0
155,8.402345657348633,0.787627190477689,77.8081756993422,3.0943548679351807,6.402316570281982,0.6855632351551073,1.2800811529159546,0.5272727272727272,4.077232360839844,4.452073097229004,8.581202507019043,0.7917875647018069,1.8665932416915894,0.4727272727272727,4.7485270500183105,0.0,0.0,0.0
156,8.275518417358398,0.7881474106203894,77.85194977236165,3.0978899002075195,6.405791759490967,0.685221800649376,1.2820937633514404,0.5272727272727272,4.049867630004883,4.452478408813477,8.581116676330566,0.791791719172821,1.8686563968658447,0.45454545454545453,4.711794853210449,0.0,0.0,0.0
157,8.150813102722168,0.7884936313127642,77.88246327434263,3.1012179851531982,6.4078569412231445,0.68501878553786,1.2841737270355225,0.5272727272727272,4.022409439086914,4.45297908782959,8.581588745117188,0.7917688005502478,1.8712339401245117,0.45454545454545453,4.674737453460693,0.0,0.0,0.0
158,8.027425765991211,0.7882606266413354,77.85704700875476,3.1045188903808594,6.407339096069336,0.6850696925475407,1.2861460447311401,0.5272727272727272,3.996014356613159,4.455941677093506,8.579400062561035,0.7918750345159978,1.8743890523910522,0.45454545454545453,4.63691520690918,0.0,0.0,0.0
159,7.9059624671936035,0.7877516853345297,77.7988586893996,3.1086652278900146,6.4066853523254395,0.6851339477497262,1.2881975173950195,0.5272727272727272,3.969550132751465,4.458572864532471,8.573592185974121,0.7921567227122797,1.877475380897522,0.45454545454545453,4.598823070526123,0.0,0.0,0.0
160,7.786663055419922,0.7880900120633951,77.82518849968096,3.114710569381714,6.409326076507568,0.6848743390261105,1.2911064624786377,0.5272727272727272,3.941915988922119,4.462097644805908,8.572715759277344,0.7921992213190885,1.8813837766647339,0.43636363636363634,4.559625625610352,0.0,0.0,0.0
161,7.669064521789551,0.7885714767437761,77.86575710544685,3.1193699836730957,6.412528991699219,0.6845593284932969,1.2936915159225464,0.5272727272727272,3.9142799377441406,4.464639663696289,8.572657585144043,0.7922019951501885,1.885026216506958,0.43636363636363634,4.520732402801514,0.0,0.0,0.0
162,7.55331563949585,0.7879925247412981,77.79747443776432,3.119488477706909,6.412158966064453,0.6845956955075705,1.2945663928985596,0.509090909090909,3.8886301517486572,4.463026523590088,8.565242767333984,0.7925613255147277,1.8864694833755493,0.43636363636363634,4.482078552246094,0.0,0.0,0.0
163,7.43958854675293,0.7875994080423543,77.74793073060596,3.1192305088043213,6.412475109100342,0.6845646064775781,1.2954615354537964,0.509090909090909,3.8632521629333496,4.461185932159424,8.558982849121094,0.7928644387322211,1.8873122930526733,0.43636363636363634,4.445278644561768,0.0,0.0,0.0
164,7.328658103942871,0.7876748735215673,77.74460466036226,3.120175361633301,6.414705276489258,0.684345178537523,1.2969225645065308,0.4909090909090909,3.837007761001587,4.461495876312256,8.555251121520996,0.7930450264329787,1.8888176679611206,0.43636363636363634,4.410089492797852,0.0,0.0,0.0
165,7.219846725463867,0.7871096940512484,77.67588787434647,3.1218199729919434,6.4147114753723145,0.6843445315588046,1.2986648082733154,0.4727272727272727,3.8105623722076416,4.462032794952393,8.547205924987793,0.7934340782094857,1.8902268409729004,0.43636363636363634,4.376286029815674,0.0,0.0,0.0
166,7.113236904144287,0.7860758543518825,77.56097595960273,3.124239206314087,6.412797927856445,0.684532836417356,1.3006294965744019,0.4727272727272727,3.7855429649353027,4.463925361633301,8.536626815795898,0.793945090695491,1.8917360305786133,0.43636363636363634,4.345034122467041,0.0,0.0,0.0
167,7.008562088012695,0.7857480246059865,77.51689710587448,3.1283669471740723,6.413554668426514,0.6844583657617227,1.3030892610549927,0.4727272727272727,3.7617528438568115,4.46732759475708,8.53032398223877,0.7942492331172841,1.8939862251281738,0.4,4.312941074371338,0.0,0.0,0.0
168,6.906069755554199,0.7860940171304704,77.53497554252954,3.1335976123809814,6.417830467224121,0.6840375231311917,1.30568528175354,0.4727272727272727,3.7372374534606934,4.470271587371826,8.526010513305664,0.7944572704497874,1.8965060710906982,0.4,4.279526710510254,0.0,0.0,0.0
169,6.805629730224609,0.7867079565680322,77.57412780311097,3.1389334201812744,6.424150466918945,0.68341492529507,1.307955265045166,0.4727272727272727,3.7115166187286377,4.471494197845459,8.521081924438477,0.7946948283739075,1.8983345031738281,0.4,4.245808124542236,0.0,0.0,0.0
170,6.70691442489624,0.7874145374808644,77.62384147251646,3.143490791320801,6.430588245391846,0.6827801029663225,1.309898853302002,0.45454545454545453,3.686924695968628,4.4725847244262695,8.517203330993652,0.7948817042619098,1.8999409675598145,0.4,4.213467597961426,0.0,0.0,0.0
171,6.6098175048828125,0.7882106852814041,77.6845588676556,3.1471128463745117,6.43699836730957,0.6821473577797761,1.3115133047103882,0.45454545454545453,3.66377592086792,4.47348165512085,8.514647483825684,0.7950048071371553,1.9013776779174805,0.4,4.181714057922363,0.0,0.0,0.0
172,6.514371395111084,0.7887179532061427,77.71489138752099,3.148772954940796,6.442563533782959,0.681597528023713,1.3124440908432007,0.45454545454545453,3.6414248943328857,4.474118709564209,8.509790420532227,0.7952385996796916,1.9024503231048584,0.4,4.150641441345215,0.0,0.0,0.0
173,6.420323371887207,0.7891425299224706,77.73793902749662,3.1498615741729736,6.447633266448975,0.6810962216715261,1.3133262395858765,0.45454545454545453,3.6191632747650146,4.474948883056641,8.504817962646484,0.7954778018204365,1.9034191370010376,0.4,4.121641635894775,0.0,0.0,0.0
174,6.328127861022949,0.7896026587682173,77.76505340463405,3.1520650386810303,6.452744007110596,0.6805904545713337,1.3147087097167969,0.45454545454545453,3.596824884414673,4.476934909820557,8.500252723693848,0.7956973235667703,1.9046761989593506,0.4,4.093724250793457,0.0,0.0,0.0
175,6.237582206726074,0.789161971989393,77.70090932512585,3.152759552001953,6.454622268676758,0.6804044652155637,1.3154888153076172,0.45454545454545453,3.576101064682007,4.480114936828613,8.489848136901855,0.7961971654207437,1.9059773683547974,0.38181818181818183,4.065975189208984,0.0,0.0,0.0
176,6.148767471313477,0.788863584853841,77.65441252583969,3.154231071472168,6.456437110900879,0.6802247413379083,1.3164911270141602,0.45454545454545453,3.5561363697052,4.484951972961426,8.481607437133789,0.7965926057946713,1.908422827720642,0.38181818181818183,4.0377092361450195,0.0,0.0,0.0
177,6.06151008605957,0.7887136878191916,77.6256402529848,3.156235456466675,6.458308219909668,0.6800393308578339,1.317475438117981,0.45454545454545453,3.5362751483917236,4.487265110015869,8.475363731384277,0.7968919912843968,1.9102121591567993,0.38181818181818183,4.008776664733887,0.0,0.0,0.0
178,5.975552558898926,0.7881801887348194,77.55771645335949,3.1579606533050537,6.458856105804443,0.6799850868000269,1.3181359767913818,0.45454545454545453,3.5162253379821777,4.488428115844727,8.466509819030762,0.7973161364172645,1.9114631414413452,0.38181818181818183,3.978902816772461,0.0,0.0,0.0
179,5.891469478607178,0.7876946645017946,77.4973123646746,3.1594676971435547,6.459104537963867,0.6799604335057066,1.318734049797058,0.45454545454545453,3.4960782527923584,4.48858118057251,8.458992958068848,0.7976758684225059,1.9124196767807007,0.38181818181818183,3.949068307876587,0.0,0.0,0.0
180,5.808666229248047,0.7871155503098637,77.43303409030477,3.1603169441223145,6.458024024963379,0.6800675255093493,1.3191938400268555,0.45454545454545453,3.476349115371704,4.488279819488525,8.453042030334473,0.7979604434113353,1.9133360385894775,0.4,3.9182112216949463,0.0,0.0,0.0
181,5.726963043212891,0.7861337315832384,77.32754477317235,3.1590335369110107,6.455573558807373,0.6803102787347766,1.3187787532806396,0.45454545454545453,3.454652786254883,4.487970352172852,8.44430160522461,0.7983780116777034,1.9142529964447021,0.38181818181818183,3.887165069580078,0.0,0.0,0.0
182,5.646551609039307,0.7865378817383828,77.36072224554323,3.159525156021118,6.458398342132568,0.6800304093618229,1.3193426132202148,0.45454545454545453,3.4305083751678467,4.4862260818481445,8.443910598754883,0.7983967005216308,1.915169596672058,0.38181818181818183,3.8569014072418213,0.0,0.0,0.0
183,5.5671586990356445,0.7868164180572212,77.37765069047146,3.159428834915161,6.461396217346191,0.6797333099240542,1.3196516036987305,0.45454545454545453,3.4048948287963867,4.4836812019348145,8.441328048706055,0.7985200167684994,1.9155776500701904,0.38181818181818183,3.8285202980041504,0.0,0.0,0.0
184,5.489310264587402,0.7863084763592266,77.3153617159503,3.1572933197021484,6.461495876312256,0.6797234349857215,1.3192058801651,0.45454545454545453,3.3797249794006348,4.480834484100342,8.433793067932129,0.7988795479533896,1.9157230854034424,0.38181818181818183,3.7999370098114014,0.0,0.0,0.0
185,5.4127092361450195,0.7861269271168283,77.28604121767262,3.1561577320098877,6.4627814292907715,0.6795959801782065,1.3193756341934204,0.45454545454545453,3.355217695236206,4.477537155151367,8.4283447265625,0.7991393090775819,1.9158546924591064,0.38181818181818183,3.7730419635772705,0.0,0.0,0.0
186,5.337469577789307,0.785641293373103,77.2254587216928,3.1553585529327393,6.463058948516846,0.6795684665569209,1.3195841312408447,0.45454545454545453,3.3314363956451416,4.476335525512695,8.420727729797363,0.7995022040033537,1.9167098999023438,0.38181818181818183,3.745574474334717,0.0,0.0,0.0
187,5.263635635375977,0.7850085798121378,77.15187879920086,3.155963659286499,6.462472915649414,0.6796265584355264,1.3201518058776855,0.45454545454545453,3.307544708251953,4.47645378112793,8.412885665893555,0.7998754537284809,1.9182426929473877,0.38181818181818183,3.717649221420288,0.0,0.0,0.0
188,5.190889835357666,0.7853562372996035,77.17735527318291,3.157963991165161,6.465442657470703,0.6793320469126312,1.3215872049331665,0.45454545454545453,3.2819504737854004,4.4769062995910645,8.41135025024414,0.799948514682478,1.9206039905548096,0.38181818181818183,3.688588857650757,0.0,0.0,0.0
189,5.11920166015625,0.7861786452653454,77.2530407454592,3.160200357437134,6.469735145568848,0.6789060965553764,1.323362946510315,0.45454545454545453,3.2547435760498047,4.475226402282715,8.41374683380127,0.7998345114793933,1.9226044416427612,0.38181818181818183,3.65848445892334,0.0,0.0,0.0
190,5.049029350280762,0.7864645391750782,77.27023225976882,3.160400629043579,6.47283935546875,0.6785979303763727,1.3241480588912964,0.45454545454545453,3.2277345657348633,4.475428581237793,8.411014556884766,0.7999644547978493,1.9253754615783691,0.36363636363636365,3.626328945159912,0.0,0.0,0.0
191,4.980129241943359,0.7881793115375089,77.43180152055561,3.1635608673095703,6.481112003326416,0.6777758587859302,1.3263776302337646,0.45454545454545453,3.2003982067108154,4.474954128265381,8.41748046875,0.7996567854686394,1.928037166595459,0.34545454545454546,3.597486972808838,0.0,0.0,0.0
192,4.91188907623291,0.7889748017815099,77.50391124448424,3.166360855102539,6.485447883605957,0.677344562341371,1.3282991647720337,0.45454545454545453,3.17350435256958,4.475247859954834,8.419367790222168,0.7995669434640507,1.9304839372634888,0.34545454545454546,3.5698230266571045,0.0,0.0,0.0
193,4.845163345336914,0.7884276658320318,77.44611021536639,3.1668906211853027,6.483914375305176,0.6774971471643672,1.3292444944381714,0.45454545454545453,3.1477818489074707,4.475949764251709,8.414863586425781,0.7997813568427025,1.932899832725525,0.36363636363636365,3.5420942306518555,0.0,0.0,0.0
194,4.779563903808594,0.7890822998526176,77.51356201011754,3.16817045211792,6.486050128936768,0.6772846316811449,1.3308911323547363,0.45454545454545453,3.1212384700775146,4.475584030151367,8.419586181640625,0.7995565510108794,1.9348580837249756,0.36363636363636365,3.5154480934143066,0.0,0.0,0.0
195,4.715119361877441,0.7891237963989649,77.52085831031286,3.1662144660949707,6.485652446746826,0.6773242335890102,1.3311606645584106,0.45454545454545453,3.0943236351013184,4.471844673156738,8.421065330505371,0.7994861132727191,1.9357410669326782,0.36363636363636365,3.486438512802124,0.0,0.0,0.0
196,4.651760578155518,0.7897070251711248,77.58064308326789,3.166222333908081,6.487609386444092,0.6771294929947869,1.3321737051010132,0.45454545454545453,3.0691986083984375,4.468140602111816,8.425148963928223,0.7992915811088296,1.9364935159683228,0.34545454545454546,3.457700490951538,0.0,0.0,0.0
197,4.589727401733398,0.7905989371935196,77.66705818169567,3.167494297027588,6.491484642028809,0.6767436553180697,1.3336191177368164,0.45454545454545453,3.0457417964935303,4.4655537605285645,8.429434776306152,0.7990873468117259,1.9376250505447388,0.34545454545454546,3.430558681488037,0.0,0.0,0.0
198,4.52856969833374,0.7911863276411497,77.71877563448902,3.1684610843658447,6.494950771331787,0.6763983389400282,1.3349392414093018,0.45454545454545453,3.0226030349731445,4.464062690734863,8.430230140686035,0.7990494294191773,1.9393725395202637,0.34545454545454546,3.4036033153533936,0.0,0.0,0.0
199,4.468545436859131,0.7928095775365174,77.87249287234681,3.173413038253784,6.502619743347168,0.6756337122494729,1.3375370502471924,0.45454545454545453,2.9997191429138184,4.462138652801514,8.436637878417969,0.7987438184985667,1.9405946731567383,0.34545454545454546,3.3786447048187256,0.0,0.0,0.0
200,4.410014629364014,0.7931962535710906,77.89781739665409,3.1721839904785156,6.506432056427002,0.6752532206600599,1.337509036064148,0.45454545454545453,2.9766101837158203,4.4560675621032715,8.433760643005371,0.798881079208567,1.940382719039917,0.34545454545454546,3.3528575897216797,0.0,0.0,0.0
201,4.3520379066467285,0.7951645814172645,78.08666692696852,3.1768903732299805,6.51528263092041,0.6743691412671902,1.339904546737671,0.45454545454545453,2.9530811309814453,4.451547145843506,8.442482948303223,0.7984648915821129,1.9403595924377441,0.34545454545454546,3.329784393310547,0.0,0.0,0.0
202,4.295115947723389,0.7942321158291676,77.98528437892924,3.175990104675293,6.513185977935791,0.6745786942689127,1.340288519859314,0.45454545454545453,2.929443836212158,4.44846773147583,8.43370532989502,0.7988837275269476,1.9407074451446533,0.34545454545454546,3.305935859680176,0.0,0.0,0.0
203,4.238748550415039,0.7949965961318877,78.05372412844395,3.180830717086792,6.517483234405518,0.6741491344514396,1.3429638147354126,0.45454545454545453,2.9057822227478027,4.447779655456543,8.4351806640625,0.798813352545147,1.9413633346557617,0.34545454545454546,3.286975622177124,0.0,0.0,0.0
204,4.183563232421875,0.7949442034697114,78.03308853173098,3.1812520027160645,6.519988536834717,0.6738985834298807,1.3437700271606445,0.45454545454545453,2.8831307888031006,4.445300102233887,8.42885971069336,0.7991147462383839,1.9412003755569458,0.34545454545454546,3.2696938514709473,0.0,0.0,0.0
205,4.129602432250977,0.7955912904923539,78.08283867864407,3.1839938163757324,6.525057315826416,0.6733913521146941,1.3453123569488525,0.45454545454545453,2.860934257507324,4.444039821624756,8.42691707611084,0.7992073620740726,1.9413241147994995,0.34545454545454546,3.2555480003356934,0.0,0.0,0.0
206,4.076767921447754,0.7955821639057454,78.07217586132379,3.1856112480163574,6.526732921600342,0.6732235803175726,1.3466538190841675,0.45454545454545453,2.8392891883850098,4.444207668304443,8.423055648803711,0.7993913260669836,1.9422563314437866,0.34545454545454546,3.2421791553497314,0.0,0.0,0.0
207,4.024937629699707,0.7952407116862596,78.02951520350734,3.1841683387756348,6.526937484741211,0.6732031153591658,1.3468601703643799,0.4727272727272727,2.8177316188812256,4.442633628845215,8.417672157287598,0.7996476857964786,1.9425880908966064,0.36363636363636365,3.22799015045166,0.0,0.0,0.0
208,3.9743871688842773,0.7962519086631159,78.12907401200232,3.185462713241577,6.531026363372803,0.6727935097274271,1.3483270406723022,0.4727272727272727,2.7959158420562744,4.442390441894531,8.423154830932617,0.7993866193400039,1.943283200263977,0.36363636363636365,3.2143044471740723,0.0,0.0,0.0
209,3.9255757331848145,0.7939695624035179,77.90401183096537,3.179220199584961,6.521855354309082,0.6737118108893465,1.3465958833694458,0.4727272727272727,2.7752413749694824,4.439121246337891,8.410637855529785,0.7999824031167319,1.943433165550232,0.36363636363636365,3.195960283279419,0.0,0.0,0.0
210,3.8772802352905273,0.7953513435830424,78.04588521320147,3.18337345123291,6.526424407958984,0.673254465038496,1.34921395778656,0.4727272727272727,2.7551746368408203,4.438589572906494,8.420412063598633,0.799517227875873,1.9441282749176025,0.34545454545454546,3.1830365657806396,0.0,0.0,0.0
211,3.8305768966674805,0.7924394101691259,77.75483217783426,3.176435947418213,6.51539945602417,0.6743574615987484,1.3466808795928955,0.4727272727272727,2.735799551010132,4.430980205535889,8.402904510498047,0.8003500298720272,1.9425129890441895,0.34545454545454546,3.1655516624450684,0.0,0.0,0.0
212,3.78200626373291,0.7931756323249473,77.83289485876276,3.1781680583953857,6.517402648925781,0.6741571706081518,1.3480639457702637,0.4727272727272727,2.715625286102295,4.426413059234619,8.409085273742676,0.8000562045957738,1.9416155815124512,0.34545454545454546,3.1511733531951904,0.0,0.0,0.0
213,3.734539031982422,0.7919392883885703,77.72037092018422,3.1758527755737305,6.510775089263916,0.6748195746612079,1.3480181694030762,0.43636363636363634,2.6946942806243896,4.421532154083252,8.40597152709961,0.8002042845021915,1.9409575462341309,0.34545454545454546,3.135511875152588,0.0,0.0,0.0
214,3.688413619995117,0.7905282739951662,77.59271646401021,3.173430919647217,6.503067970275879,0.6755889685633722,1.34845769405365,0.43636363636363634,2.6734962463378906,4.419984817504883,8.402716636657715,0.8003589412751089,1.941741704940796,0.34545454545454546,3.118607997894287,0.0,0.0,0.0
215,3.6444671154022217,0.7921370091502566,77.77102526035083,3.178539752960205,6.506092548370361,0.6752871019139945,1.351822018623352,0.43636363636363634,2.651109218597412,4.422585964202881,8.419238090515137,0.799573106138576,1.9435179233551025,0.34545454545454546,3.1044018268585205,0.0,0.0,0.0
216,3.6036031246185303,0.7877242198076454,77.34726004088839,3.1701102256774902,6.486273288726807,0.677262430095652,1.3499575853347778,0.43636363636363634,2.6293368339538574,4.416965961456299,8.399466514587402,0.8005133846764031,1.9433315992355347,0.34545454545454546,3.084552049636841,0.0,0.0,0.0
217,3.561298370361328,0.7888511059045565,77.47907826704636,3.1752376556396484,6.48717737197876,0.6771724319507784,1.3532487154006958,0.43636363636363634,2.6084165573120117,4.413595199584961,8.413751602172852,0.7998342479026824,1.9422903060913086,0.36363636363636365,3.0707859992980957,0.0,0.0,0.0
218,3.5192465782165527,0.7848040399897049,77.08253690453671,3.1671319007873535,6.470346927642822,0.678845382710386,1.3509031534194946,0.43636363636363634,2.587616205215454,4.402783393859863,8.3925142288208,0.8008434956798522,1.940120816230774,0.34545454545454546,3.051692247390747,0.0,0.0,0.0
219,3.4753057956695557,0.7861268227330525,77.21835801889415,3.168067693710327,6.474754810333252,0.6784076505301548,1.3520969152450562,0.43636363636363634,2.565849781036377,4.39818000793457,8.401893615722656,0.8003980886923081,1.9385143518447876,0.36363636363636365,3.0370426177978516,0.0,0.0,0.0
220,3.4333128929138184,0.7858856553093103,77.19651654070981,3.165818929672241,6.473434925079346,0.6785387829009109,1.3521184921264648,0.43636363636363634,2.5448591709136963,4.395513534545898,8.401328086853027,0.8004249107604564,1.9391309022903442,0.34545454545454546,3.020855188369751,0.0,0.0,0.0
221,3.3930187225341797,0.7849360606812623,77.10995414368222,3.1639997959136963,6.468334674835205,0.6790450948252871,1.3524571657180786,0.43636363636363634,2.5252299308776855,4.394814968109131,8.398880958557129,0.8005411731924913,1.9409582614898682,0.34545454545454546,3.0060338973999023,0.0,0.0,0.0
222,3.3543639183044434,0.7859885239664977,77.22678570437233,3.1657352447509766,6.470292568206787,0.6788507628492016,1.354175329208374,0.43636363636363634,2.5054986476898193,4.39394998550415,8.409768104553223,0.8000237470065217,1.940814733505249,0.34545454545454546,2.9942097663879395,0.0,0.0,0.0
223,3.316877841949463,0.7831633708645672,76.9503740506591,3.1586358547210693,6.458446025848389,0.680025710253237,1.3523106575012207,0.45454545454545453,2.4865026473999023,4.3861870765686035,8.395099639892578,0.8007207442402213,1.9400930404663086,0.32727272727272727,2.9778528213500977,0.0,0.0,0.0
224,3.2810981273651123,0.7849593233805998,77.14152041034731,3.165635824203491,6.463247299194336,0.6795498063286232,1.356062412261963,0.43636363636363634,2.467923164367676,4.387423515319824,8.4104642868042,0.7999906116485844,1.9394477605819702,0.34545454545454546,2.9676496982574463,0.0,0.0,0.0
225,3.2475433349609375,0.7793688975915511,76.58125843587004,3.1572775840759277,6.442121505737305,0.6816411820614459,1.3540606498718262,0.45454545454545453,2.4507744312286377,4.384000778198242,8.376195907592773,0.8016171811851414,1.9426634311676025,0.32727272727272727,2.950195074081421,0.0,0.0,0.0
226,3.213101387023926,0.782335050617559,76.87722955258573,3.1658201217651367,6.453567981719971,0.6805089012013101,1.357988953590393,0.43636363636363634,2.433664321899414,4.38857889175415,8.393889427185059,0.8007781914119176,1.9428627490997314,0.34545454545454546,2.941317081451416,0.0,0.0,0.0
227,3.1758365631103516,0.7784738054096176,76.48578065587958,3.1565351486206055,6.439758777618408,0.6818746732757472,1.3555361032485962,0.45454545454545453,2.415764093399048,4.384132385253906,8.368427276611328,0.8019849962095159,1.944923758506775,0.32727272727272727,2.922708034515381,0.0,0.0,0.0
228,3.1368203163146973,0.7797116390258043,76.60337889630887,3.161093235015869,6.445590496063232,0.6812982492892088,1.3578672409057617,0.45454545454545453,2.39894962310791,4.386877059936523,8.373498916625977,0.8017449405822786,1.9460945129394531,0.32727272727272727,2.9089035987854004,0.0,0.0,0.0
229,3.0998964309692383,0.7778751352733364,76.42034689034176,3.1586291790008545,6.43845796585083,0.68200321773163,1.3580806255340576,0.45454545454545453,2.381516695022583,4.386008262634277,8.362607955932617,0.8022603209109211,1.9478471279144287,0.32727272727272727,2.889747142791748,0.0,0.0,0.0
230,3.065279483795166,0.7769510370055726,76.32635579512271,3.156437873840332,6.435202598571777,0.6823246640001155,1.3581428527832031,0.45454545454545453,2.365314245223999,4.3862996101379395,8.356377601623535,0.8025548365071317,1.9494545459747314,0.32727272727272727,2.8701086044311523,0.0,0.0,0.0
231,3.0323476791381836,0.7784816447495391,76.47766673658589,3.159135103225708,6.441370010375977,0.6817154484080101,1.3598501682281494,0.45454545454545453,2.349040985107422,4.387307643890381,8.36497688293457,0.8021482631549881,1.950453281402588,0.32727272727272727,2.851687431335449,0.0,0.0,0.0
232,3.001193046569824,0.7760870585989591,76.24132804604483,3.153714895248413,6.431650638580322,0.6826752924139499,1.3590022325515747,0.45454545454545453,2.331374406814575,4.389063835144043,8.351670265197754,0.802777232494741,1.9537155628204346,0.32727272727272727,2.83026123046875,0.0,0.0,0.0
233,2.970085620880127,0.7787218425144407,76.50550901256202,3.161982297897339,6.4416093826293945,0.6816918166590347,1.362777590751648,0.45454545454545453,2.3142266273498535,4.393489360809326,8.367936134338379,0.8020082286138878,1.9556912183761597,0.32727272727272727,2.8154850006103516,0.0,0.0,0.0
234,2.9399614334106445,0.7760388126458291,76.23662527982742,3.1550638675689697,6.43144416809082,0.6826956211663106,1.3610987663269043,0.45454545454545453,2.296548366546631,4.3962602615356445,8.351425170898438,0.8027887922162031,1.9596563577651978,0.32727272727272727,2.7948038578033447,0.0,0.0,0.0
235,2.908904552459717,0.7788980429235979,76.524063135814,3.162121534347534,6.442117214202881,0.6816416247310952,1.364263892173767,0.45454545454545453,2.2805988788604736,4.397514343261719,8.36937141418457,0.8019403262326604,1.9598610401153564,0.32727272727272727,2.779971122741699,0.0,0.0,0.0
236,2.8774378299713135,0.7757768164613044,76.21585915602986,3.1565663814544678,6.429473400115967,0.6828900552969306,1.3632997274398804,0.45454545454545453,2.2643465995788574,4.398179531097412,8.351973533630371,0.8027629114934507,1.9629963636398315,0.32727272727272727,2.758725166320801,0.0,0.0,0.0
237,2.8458781242370605,0.7772292597538946,76.36588152554123,3.1621992588043213,6.434185981750488,0.6824250478559942,1.366180658340454,0.45454545454545453,2.247077226638794,4.403050422668457,8.3626708984375,0.802257333708198,1.9658515453338623,0.32727272727272727,2.7439963817596436,0.0,0.0,0.0
238,2.8147048950195312,0.7766855284885683,76.30686849541439,3.1587860584259033,6.432929515838623,0.6825490634608485,1.3656316995620728,0.45454545454545453,2.2287604808807373,4.404597282409668,8.357545852661133,0.8024996109105696,1.968109130859375,0.32727272727272727,2.7276623249053955,0.0,0.0,0.0
239,2.78410267829895,0.7759147833786773,76.22609424824509,3.156582832336426,6.430635929107666,0.6827753698062251,1.3657341003417969,0.45454545454545453,2.212160587310791,4.4043049812316895,8.351408958435059,0.8027895703950638,1.9691312313079834,0.32727272727272727,2.7125673294067383,0.0,0.0,0.0
240,2.755222797393799,0.7758310400417565,76.2143556100018,3.1607816219329834,6.430913925170898,0.682747958339474,1.3681609630584717,0.45454545454545453,2.198610544204712,4.406793594360352,8.34957504272461,0.8028761616202186,1.9708385467529297,0.32727272727272727,2.7007222175598145,0.0,0.0,0.0
241,2.727848529815674,0.773321020006434,75.96215607432373,3.1574084758758545,6.421505451202393,0.6836755555640306,1.367300033569336,0.45454545454545453,2.1826720237731934,4.408300399780273,8.333837509155273,0.8036185819070905,1.9735603332519531,0.32727272727272727,2.6843645572662354,0.0,0.0,0.0
242,2.702331066131592,0.7768342539878925,76.31196295231052,3.1644909381866455,6.435238361358643,0.6823211566944318,1.3709217309951782,0.45454545454545453,2.1690211296081543,4.410394668579102,8.354599952697754,0.8026388296189936,1.9736520051956177,0.32727272727272727,2.6752002239227295,0.0,0.0,0.0
243,2.679844856262207,0.7721437128944131,75.84009753570422,3.157646656036377,6.417759418487549,0.6840445036910476,1.3681892156600952,0.45454545454545453,2.1551008224487305,4.409098148345947,8.324957847595215,0.8040368279421437,1.9766587018966675,0.32727272727272727,2.656198024749756,0.0,0.0,0.0
244,2.6587142944335938,0.7782139264217479,76.44644247356746,3.169006824493408,6.441137313842773,0.6817385012812902,1.373252034187317,0.43636363636363634,2.144024133682251,4.408939838409424,8.361601829528809,0.8023078651290522,1.974225401878357,0.3090909090909091,2.6516830921173096,0.0,0.0,0.0
245,2.637385129928589,0.7719006986950407,75.81620157647944,3.1584317684173584,6.416754245758057,0.6841434914349552,1.3687453269958496,0.43636363636363634,2.1296498775482178,4.406717777252197,8.323637008666992,0.8040989943920918,1.9772945642471313,0.32727272727272727,2.6308696269989014,0.0,0.0,0.0
246,2.611419200897217,0.7775438752584163,76.37648341174736,3.168581008911133,6.439099311828613,0.6819398138172317,1.3732075691223145,0.43636363636363634,2.118990182876587,4.4064812660217285,8.356372833251953,0.8025550749812986,1.975053310394287,0.32727272727272727,2.624647617340088,0.0,0.0,0.0
247,2.5729949474334717,0.7745241062661304,76.07511328661622,3.1649467945098877,6.427428245544434,0.6830917764510098,1.3715537786483765,0.43636363636363634,2.1063742637634277,4.404239177703857,8.338258743286133,0.803410130382613,1.9765543937683105,0.32727272727272727,2.6071465015411377,0.0,0.0,0.0
248,2.537553310394287,0.7735502122634456,75.9779352474709,3.1636085510253906,6.423656940460205,0.6834635849049921,1.3708851337432861,0.43636363636363634,2.093583345413208,4.399306297302246,8.332414627075195,0.8036856056992816,1.9758394956588745,0.32727272727272727,2.590542793273926,0.0,0.0,0.0
249,2.514737606048584,0.7769916999270751,76.32433676588062,3.1694319248199463,6.436440467834473,0.6822024531253703,1.3738911151885986,0.45454545454545453,2.081223249435425,4.39613151550293,8.354228973388672,0.8026563762971739,1.97384512424469,0.3090909090909091,2.5783469676971436,0.0,0.0,0.0
250,2.4971940517425537,0.771975111397089,75.82758077930589,3.159677743911743,6.416337490081787,0.6841844894547917,1.3703449964523315,0.43636363636363634,2.065479040145874,4.395848274230957,8.32564640045166,0.8040044205579794,1.976754903793335,0.32727272727272727,2.5552845001220703,0.0,0.0,0.0
251,2.4754281044006348,0.7761765734808631,76.24839031357874,3.168206214904785,6.4323296546936035,0.6826082449878218,1.3746929168701172,0.45454545454545453,2.05472731590271,4.394525527954102,8.351469993591309,0.8027866961537882,1.9756571054458618,0.3090909090909091,2.5472028255462646,0.0,0.0,0.0
252,2.4470293521881104,0.7723629408967417,75.86686434343119,3.1652491092681885,6.417737007141113,0.6840467170392946,1.3735227584838867,0.43636363636363634,2.042292594909668,4.395328044891357,8.328207015991211,0.8038838153858512,1.9784494638442993,0.32727272727272727,2.5310537815093994,0.0,0.0,0.0
253,2.415923595428467,0.7731839633684152,75.94278509970354,3.1663920879364014,6.421989440917969,0.6836278834479417,1.374611258506775,0.43636363636363634,2.029594898223877,4.397909164428711,8.330766677856445,0.8037632353162669,1.9800196886062622,0.32727272727272727,2.521322250366211,0.0,0.0,0.0
254,2.390852451324463,0.7758553263098441,76.2001640816386,3.1712253093719482,6.433964252471924,0.6824469089263722,1.3771740198135376,0.43636363636363634,2.0177481174468994,4.397220611572266,8.343173027038574,0.8031783209410441,1.979268193244934,0.3090909090909091,2.5144846439361572,0.0,0.0,0.0
255,2.373548984527588,0.7714212804479246,75.75864184977968,3.166398525238037,6.416629314422607,0.6841557499790925,1.3751144409179688,0.43636363636363634,2.003662586212158,4.397444725036621,8.316911697387695,0.8044154621629356,1.9818142652511597,0.3090909090909091,2.4991636276245117,0.0,0.0,0.0
256,2.3559823036193848,0.7753167231176248,76.14784621760737,3.177795171737671,6.43162727355957,0.6826775738652198,1.3805001974105835,0.41818181818181815,1.9927074909210205,4.39866828918457,8.340505599975586,0.8033041725448458,1.9817649126052856,0.3090909090909091,2.4957072734832764,0.0,0.0,0.0
257,2.3344507217407227,0.7707165536771317,75.69783818615201,3.170741319656372,6.412197589874268,0.6845919157897948,1.3780437707901,0.43636363636363634,1.9749614000320435,4.401053428649902,8.316436767578125,0.8044377783244554,1.9852882623672485,0.3090909090909091,2.479874849319458,0.0,0.0,0.0
258,2.3063905239105225,0.7735758950061578,75.98230602878266,3.1743502616882324,6.423434257507324,0.6834854800268817,1.3806885480880737,0.41818181818181815,1.9606332778930664,4.4015212059021,8.333282470703125,0.8036447011040099,1.9850432872772217,0.2909090909090909,2.4733824729919434,0.0,0.0,0.0
259,2.2807095050811768,0.7727832491247129,75.8981771799954,3.1734840869903564,6.421260833740234,0.683699664034167,1.3806827068328857,0.41818181818181815,1.9467127323150635,4.400953769683838,8.326534271240234,0.8039626248223994,1.9857677221298218,0.2909090909090909,2.4610483646392822,0.0,0.0,0.0
260,2.2570159435272217,0.7718051390363929,75.7966082590624,3.1742517948150635,6.418177604675293,0.6840033694651652,1.3810480833053589,0.41818181818181815,1.9344861507415771,4.400235176086426,8.319087028503418,0.8043130939889449,1.9867864847183228,0.3090909090909091,2.4490740299224854,0.0,0.0,0.0
261,2.237576961517334,0.7740049659023477,76.01650025773483,3.1792211532592773,6.426631450653076,0.6831703673395336,1.3839073181152344,0.41818181818181815,1.9224270582199097,4.398097991943359,8.3324556350708,0.8036836979059458,1.9861080646514893,0.2909090909090909,2.4393117427825928,0.0,0.0,0.0
262,2.220834732055664,0.7706560541932614,75.6951714561294,3.1706998348236084,6.411361217498779,0.6846741842415598,1.380995750427246,0.43636363636363634,1.906166911125183,4.396529674530029,8.317405700683594,0.8043922297585637,1.9873110055923462,0.3090909090909091,2.4190051555633545,0.0,0.0,0.0
263,2.2041282653808594,0.774071738346672,76.04214202412436,3.1810600757598877,6.423509120941162,0.6834781589519108,1.3864555358886719,0.41818181818181815,1.8954110145568848,4.398479461669922,8.340344429016113,0.803311778615645,1.9887064695358276,0.2909090909090909,2.409182071685791,0.0,0.0,0.0
264,2.18772292137146,0.7685203175503602,75.4868174435992,3.176380157470703,6.402216911315918,0.6855730079389055,1.383725881576538,0.43636363636363634,1.8816242218017578,4.401185035705566,8.306435585021973,0.8049078736639171,1.99240243434906,0.3090909090909091,2.388572931289673,0.0,0.0,0.0
265,2.171414375305176,0.7747674747936759,76.09384692867525,3.183382987976074,6.42935848236084,0.6829013944502574,1.3882110118865967,0.41818181818181815,1.872593641281128,4.3979997634887695,8.337529182434082,0.8034445208677448,1.9906367063522339,0.2727272727272727,2.3819804191589355,0.0,0.0,0.0
266,2.1511778831481934,0.770124278272093,75.62052285998698,3.1748006343841553,6.413150787353516,0.6844981379271455,1.3839198350906372,0.4,1.858994960784912,4.399091720581055,8.305663108825684,0.8049441342885688,1.992595911026001,0.2909090909090909,2.361999034881592,0.0,0.0,0.0
267,2.1285297870635986,0.773338826188452,75.93625877447175,3.183023691177368,6.426505088806152,0.6831827961412282,1.3876605033874512,0.41818181818181815,1.850229024887085,4.393857002258301,8.323015213012695,0.8041282765095414,1.9906597137451172,0.2727272727272727,2.3546640872955322,0.0,0.0,0.0
268,2.1051368713378906,0.769982612482545,75.60690866852792,3.177504777908325,6.412508010864258,0.6845613715839864,1.3848146200180054,0.41818181818181815,1.8380467891693115,4.386351585388184,8.30501651763916,0.8049745083666779,1.988466739654541,0.2727272727272727,2.3370277881622314,0.0,0.0,0.0
269,2.080205202102661,0.7701014781265072,75.6253819558774,3.1752896308898926,6.4117889404296875,0.684632130624867,1.3848276138305664,0.41818181818181815,1.8263754844665527,4.384735584259033,8.308350563049316,0.804817868492793,1.9888252019882202,0.2727272727272727,2.3227531909942627,0.0,0.0,0.0
270,2.0612549781799316,0.7721174562707356,75.82824556919513,3.178715944290161,6.419303894042969,0.6838924296407238,1.386979341506958,0.43636363636363634,1.8152624368667603,4.38802433013916,8.321151733398438,0.8042159596953555,1.9916503429412842,0.2545454545454545,2.3116111755371094,0.0,0.0,0.0
271,2.047241449356079,0.7695614331811255,75.57234426811283,3.170039415359497,6.409541130065918,0.6848531930374738,1.3841204643249512,0.41818181818181815,1.8019325733184814,4.393817901611328,8.305435180664062,0.8049548656260825,1.9949400424957275,0.2909090909090909,2.2953743934631348,0.0,0.0,0.0
272,2.0344252586364746,0.7751475292775389,76.12566154549631,3.182737112045288,6.431916236877441,0.6826490727501009,1.3895968198776245,0.43636363636363634,1.7944598197937012,4.393997669219971,8.33739948272705,0.8034506835422701,1.9966667890548706,0.2545454545454545,2.2912702560424805,0.0,0.0,0.0
273,2.0217771530151367,0.7699263601758539,75.61459221531004,3.168163537979126,6.409915924072266,0.6848163152505279,1.3844094276428223,0.41818181818181815,1.780102014541626,4.399003505706787,8.309942245483398,0.8047430880145394,1.9994455575942993,0.2727272727272727,2.270437717437744,0.0,0.0,0.0
274,2.0093154907226562,0.7763025932319174,76.25653274569436,3.1836202144622803,6.433605670928955,0.682482322498324,1.390291690826416,0.43636363636363634,1.7715510129928589,4.394708156585693,8.350479125976562,0.8028334747443306,1.999255895614624,0.23636363636363636,2.263164758682251,0.0,0.0,0.0
275,1.9934258460998535,0.7714932126148546,75.76943087374525,3.171128034591675,6.416264057159424,0.6841917424267395,1.3849395513534546,0.41818181818181815,1.7592829465866089,4.391306400299072,8.318772315979004,0.8043279421436569,1.998092532157898,0.2545454545454545,2.2424042224884033,0.0,0.0,0.0
276,1.9684889316558838,0.7764005309428785,76.23916424551385,3.185338020324707,6.4388108253479,0.681968348983862,1.3897494077682495,0.41818181818181815,1.753570795059204,4.389652729034424,8.34036922454834,0.8033106113473539,1.999384880065918,0.23636363636363636,2.2372822761535645,0.0,0.0,0.0
277,1.9432424306869507,0.774485266561602,76.0462963991863,3.182779312133789,6.431717872619629,0.6826686183176973,1.3890577554702759,0.4,1.7432541847229004,4.387803077697754,8.328181266784668,0.8038850454105019,1.9995553493499756,0.23636363636363636,2.2216548919677734,0.0,0.0,0.0
278,1.922787070274353,0.7723767405814803,75.84711323508736,3.1766555309295654,6.421557426452637,0.6836704478373068,1.3879003524780273,0.41818181818181815,1.7301735877990723,4.386925220489502,8.319941520690918,0.804272917367446,2.0000696182250977,0.23636363636363636,2.2042076587677,0.0,0.0,0.0
279,1.909242868423462,0.7748800097686401,76.10509562198467,3.182192802429199,6.429790496826172,0.6828587960093808,1.3906114101409912,0.41818181818181815,1.7210361957550049,4.383910655975342,8.338212013244629,0.8034123143039316,2.0011343955993652,0.23636363636363636,2.192944049835205,0.0,0.0,0.0
280,1.8980064392089844,0.7716935614095177,75.7821452776775,3.1743314266204834,6.418338775634766,0.6839874674092983,1.38716459274292,0.41818181818181815,1.7108478546142578,4.380168914794922,8.317099571228027,0.8044065884136699,2.0000548362731934,0.23636363636363636,2.1744818687438965,0.0,0.0,0.0
281,1.8858082294464111,0.7773294004911896,76.3333276860617,3.188617467880249,6.442136764526367,0.6816396837949401,1.3921464681625366,0.4,1.7061221599578857,4.383938789367676,8.34652042388916,0.8030204008374209,2.003857374191284,0.23636363636363636,2.169787645339966,0.0,0.0,0.0
282,1.8695316314697266,0.7727494937782369,75.88779597195776,3.17665958404541,6.422379970550537,0.683589371188444,1.388190746307373,0.4,1.6925772428512573,4.386183261871338,8.32356071472168,0.8041026091584121,2.0053153038024902,0.23636363636363636,2.1519734859466553,0.0,0.0,0.0
283,1.8537163734436035,0.7762149350219262,76.24357515425095,3.1830315589904785,6.43401575088501,0.6824418693026714,1.3912148475646973,0.38181818181818183,1.683349847793579,4.384556293487549,8.348295211791992,0.8029365959946381,2.006345748901367,0.23636363636363636,2.1430907249450684,0.0,0.0,0.0
284,1.8346751928329468,0.7728040081258609,75.90147565765574,3.1763598918914795,6.4211225509643555,0.6837132846387639,1.3886181116104126,0.38181818181818183,1.6733320951461792,4.384775161743164,8.327143669128418,0.8039338949609154,2.006883382797241,0.23636363636363636,2.1254818439483643,0.0,0.0,0.0
285,1.817319631576538,0.7748369941771425,76.09189549518169,3.1812894344329834,6.431209564208984,0.6827187761941251,1.3906168937683105,0.38181818181818183,1.6694530248641968,4.390944004058838,8.334439277648926,0.8035901783786769,2.011051893234253,0.23636363636363636,2.1161272525787354,0.0,0.0,0.0
286,1.8008244037628174,0.774480428562369,76.05586245441418,3.1783978939056396,6.429910659790039,0.6828469460833815,1.3896597623825073,0.38181818181818183,1.662062406539917,4.389763355255127,8.332119941711426,0.8036995250598695,2.012159824371338,0.23636363636363636,2.1005380153656006,0.0,0.0,0.0
287,1.7848328351974487,0.7747535785591311,76.10077407174163,3.1772654056549072,6.4278244972229,0.6830527193673284,1.3896292448043823,0.38181818181818183,1.6528414487838745,4.385772228240967,8.34072494506836,0.8032938553993062,2.0122032165527344,0.23636363636363636,2.084735870361328,0.0,0.0,0.0
288,1.770270586013794,0.7744673410205823,76.08827108303149,3.174376964569092,6.423855781555176,0.6834439712343727,1.3890310525894165,0.38181818181818183,1.6432733535766602,4.38470983505249,8.34533977508545,0.8030760908310448,2.0134613513946533,0.23636363636363636,2.0693280696868896,0.0,0.0,0.0
289,1.7564414739608765,0.773663150981962,76.0056267423522,3.172253370285034,6.421167850494385,0.6837087898392469,1.3880958557128906,0.38181818181818183,1.6340245008468628,4.382989883422852,8.339571952819824,0.8033482400606478,2.0133509635925293,0.23636363636363636,2.053393840789795,0.0,0.0,0.0
290,1.7436728477478027,0.7769497813950657,76.31867691964248,3.1822478771209717,6.4365410804748535,0.6821925100840146,1.3914893865585327,0.38181818181818183,1.6285617351531982,4.382103443145752,8.35339641571045,0.8026956868809085,2.013307809829712,0.23636363636363636,2.046186923980713,0.0,0.0,0.0
291,1.734377384185791,0.7718547139661993,75.81633111504334,3.167360544204712,6.41573429107666,0.684243875290834,1.3869866132736206,0.36363636363636365,1.6146929264068604,4.381387710571289,8.325224876403809,0.8040242766701977,2.0138349533081055,0.23636363636363636,2.027973175048828,0.0,0.0,0.0
292,1.7334990501403809,0.778318487724124,76.47333365966028,3.1794214248657227,6.4386162757873535,0.6819875540363436,1.3921834230422974,0.38181818181818183,1.6082680225372314,4.395964622497559,8.368698120117188,0.8019721813608591,2.0193936824798584,0.23636363636363636,2.0249035358428955,0.0,0.0,0.0
293,1.7442858219146729,0.7684612076549955,75.48791240480705,3.1572515964508057,6.4007368087768555,0.6857183738414654,1.384158730506897,0.38181818181818183,1.594952940940857,4.381852626800537,8.30884838104248,0.8047944854731579,2.015488386154175,0.2545454545454545,2.000194787979126,0.0,0.0,0.0
294,1.7460758686065674,0.778048742878356,76.4407869492361,3.1794545650482178,6.43857479095459,0.6819916402177226,1.3919934034347534,0.36363636363636365,1.5935566425323486,4.389952182769775,8.364871978759766,0.8021532209074067,2.018305540084839,0.21818181818181817,2.002391815185547,0.0,0.0,0.0
295,1.7189890146255493,0.7705981295444904,75.6918448682411,3.1635940074920654,6.410698413848877,0.6847393928860672,1.3868547677993774,0.36363636363636365,1.5822150707244873,4.380234718322754,8.31802749633789,0.8043629852949298,2.016599416732788,0.23636363636363636,1.9821105003356934,0.0,0.0,0.0
296,1.6777962446212769,0.7742213415924455,76.0485614571869,3.1710991859436035,6.425604343414307,0.6832716024831997,1.3897767066955566,0.36363636363636365,1.5758291482925415,4.388221263885498,8.337885856628418,0.8034277147146092,2.0213332176208496,0.21818181818181817,1.9754451513290405,0.0,0.0,0.0
297,1.6504589319229126,0.7754037466885988,76.17317715719582,3.1742191314697266,6.4290008544921875,0.6829366718161632,1.3918653726577759,0.36363636363636365,1.5668617486953735,4.394813537597656,8.347589492797852,0.8029699196216544,2.024200916290283,0.21818181818181817,1.9645416736602783,0.0,0.0,0.0
298,1.6458622217178345,0.7688445864852025,75.53207753395577,3.160869836807251,6.401170253753662,0.6856758094521003,1.3880746364593506,0.36363636363636365,1.5525745153427124,4.388458251953125,8.313494682312012,0.804576130995115,2.022353410720825,0.23636363636363636,1.943477988243103,0.0,0.0,0.0
299,1.651877522468567,0.7766237639185637,76.30589067643473,3.1774721145629883,6.43176794052124,0.6826636808485309,1.3940801620483398,0.36363636363636365,1.5482103824615479,4.404638767242432,8.359216690063477,0.8024206634100299,2.028839588165283,0.21818181818181817,1.9419668912887573,0.0,0.0,0.0
300,1.6424660682678223,0.7710261287278346,75.73488417788758,3.1650609970092773,6.412300109863281,0.6845818024908816,1.3893718719482422,0.36363636363636365,1.5367951393127441,4.39415979385376,8.320732116699219,0.8042357279486703,2.02608585357666,0.21818181818181817,1.9232717752456665,0.0,0.0,0.0
301,1.618072748184204,0.7744240105114014,76.06518256246272,3.173912763595581,6.427030563354492,0.6831309697407373,1.3926210403442383,0.36363636363636365,1.5319359302520752,4.391109466552734,8.33768081665039,0.8034374042965514,2.026059865951538,0.21818181818181817,1.9175167083740234,0.0,0.0,0.0
302,1.5901293754577637,0.7743296810807834,76.06727342342333,3.1738944053649902,6.42461633682251,0.6833689898060671,1.393476963043213,0.36363636363636365,1.5205583572387695,4.3901567459106445,8.341651916503906,0.8032501142165747,2.026031017303467,0.21818181818181817,1.9037245512008667,0.0,0.0,0.0
303,1.5809030532836914,0.7700459914873632,75.65905598199856,3.161888599395752,6.40457010269165,0.6853418322273857,1.3902559280395508,0.36363636363636365,1.5032142400741577,4.386761665344238,8.323525428771973,0.8041042282724932,2.0259950160980225,0.21818181818181817,1.8820664882659912,0.0,0.0,0.0
304,1.584144115447998,0.7761016505736996,76.27460650453668,3.174755573272705,6.426041603088379,0.6832284932696506,1.3958580493927002,0.36363636363636365,1.4963443279266357,4.404029369354248,8.364280700683594,0.8021811851413022,2.0319664478302,0.21818181818181817,1.87687349319458,0.0,0.0,0.0
305,1.5779523849487305,0.7697922855803387,75.6435532919188,3.163266897201538,6.401830196380615,0.6856109753742192,1.3926900625228882,0.36363636363636365,1.4849241971969604,4.3842644691467285,8.325878143310547,0.8039935009513864,2.027796983718872,0.21818181818181817,1.8574539422988892,0.0,0.0,0.0
306,1.5581939220428467,0.7743507088351507,76.09966016048406,3.1730098724365234,6.419299602508545,0.6838928723103732,1.3966892957687378,0.36363636363636365,1.4795862436294556,4.393508434295654,8.35371208190918,0.8026807759698368,2.0309975147247314,0.21818181818181817,1.8517322540283203,0.0,0.0,0.0
307,1.5360193252563477,0.7733836063434545,76.01110037018589,3.1677467823028564,6.414133071899414,0.6844014656860195,1.395461082458496,0.36363636363636365,1.468048095703125,4.3933916091918945,8.35104751586914,0.8028066526761822,2.0323331356048584,0.21818181818181817,1.8363122940063477,0.0,0.0,0.0
308,1.520530343055725,0.7721308723331077,75.88072225255291,3.1648333072662354,6.410231590270996,0.684785260272047,1.394965410232544,0.36363636363636365,1.4589834213256836,4.388299465179443,8.341421127319336,0.8032609961693518,2.03230619430542,0.21818181818181817,1.8216519355773926,0.0,0.0,0.0
309,1.5114736557006836,0.7745350853741062,76.10860620341987,3.1728553771972656,6.421699047088623,0.6836564867175949,1.3984817266464233,0.34545454545454546,1.4538213014602661,4.390771389007568,8.351094245910645,0.8028044311010478,2.0333590507507324,0.21818181818181817,1.8136894702911377,0.0,0.0,0.0
310,1.5045323371887207,0.771272145967869,75.78058690593889,3.1658153533935547,6.409478187561035,0.6848593563610539,1.396109700202942,0.36363636363636365,1.443429708480835,4.378785133361816,8.330567359924316,0.8037726738727703,2.02992582321167,0.21818181818181817,1.7964251041412354,0.0,0.0,0.0
311,1.5001535415649414,0.7753047620062391,76.18565264068866,3.172226667404175,6.4246368408203125,0.6833669807668891,1.3991543054580688,0.34545454545454546,1.437618613243103,4.385972023010254,8.355799674987793,0.8025821480748859,2.0325675010681152,0.21818181818181817,1.7909085750579834,0.0,0.0,0.0
312,1.4889297485351562,0.7698079406388539,75.65338140575682,3.158572196960449,6.4004130363464355,0.685750177953199,1.3949413299560547,0.34545454545454546,1.4245483875274658,4.371267795562744,8.32923698425293,0.8038353423735961,2.0294322967529297,0.21818181818181817,1.772491455078125,0.0,0.0,0.0
313,1.4762120246887207,0.7738160573080037,76.05783772946234,3.1678733825683594,6.415170669555664,0.6842993452030546,1.399369716644287,0.34545454545454546,1.4200507402420044,4.388101577758789,8.355049133300781,0.8026176430719489,2.0348713397979736,0.21818181818181817,1.7666970491409302,0.0,0.0,0.0
314,1.461364984512329,0.7717547602224466,75.85400159523692,3.1636433601379395,6.406840801239014,0.6851186586210664,1.3983923196792603,0.34545454545454546,1.4101895093917847,4.386444091796875,8.343427658081055,0.8031663219250639,2.0364465713500977,0.21818181818181817,1.7520469427108765,0.0,0.0,0.0
315,1.4469343423843384,0.77150823333178,75.83167334689688,3.163733959197998,6.405477523803711,0.6852526513187878,1.3994802236557007,0.34545454545454546,1.401897668838501,4.384516716003418,8.34284496307373,0.8031938217618974,2.036869764328003,0.21818181818181817,1.740996241569519,0.0,0.0,0.0
316,1.4355809688568115,0.7724003424704295,75.92806601664256,3.1652634143829346,6.4076247215271,0.6850416341020712,1.4008755683898926,0.34545454545454546,1.393704891204834,4.3879570960998535,8.351097106933594,0.8028043055883283,2.0381240844726562,0.21818181818181817,1.7316399812698364,0.0,0.0,0.0
317,1.4268040657043457,0.7709317315775546,75.78164293593795,3.1589555740356445,6.40189790725708,0.6856043353294783,1.3985366821289062,0.34545454545454546,1.3842098712921143,4.392309665679932,8.3423433303833,0.8032174934607873,2.0418004989624023,0.21818181818181817,1.718422770500183,0.0,0.0,0.0
318,1.4219441413879395,0.7742558250008529,76.11699572451312,3.166234254837036,6.414150714874268,0.6843997631104448,1.4019194841384888,0.34545454545454546,1.3811397552490234,4.406419277191162,8.363691329956055,0.8022090489650221,2.0472006797790527,0.21818181818181817,1.712963581085205,0.0,0.0,0.0
319,1.4210004806518555,0.7679224964635174,75.49742551587792,3.152963161468506,6.387315273284912,0.6870350095848194,1.3976879119873047,0.3090909090909091,1.3699326515197754,4.387338161468506,8.330621719360352,0.8037700757594775,2.041872262954712,0.21818181818181817,1.6924513578414917,0.0,0.0,0.0
320,1.4312009811401367,0.776119890706743,76.32311896771262,3.1700518131256104,6.417790412902832,0.6840414731065249,1.404052734375,0.34545454545454546,1.3682188987731934,4.4121503829956055,8.382730484008789,0.8013075664087799,2.048403024673462,0.21818181818181817,1.6934635639190674,0.0,0.0,0.0
321,1.445960283279419,0.7660831031922108,75.30488527646435,3.1467719078063965,6.381760120391846,0.687579186789975,1.3959007263183594,0.2909090909090909,1.3571094274520874,4.383783340454102,8.316011428833008,0.8044577725006652,2.0424532890319824,0.2,1.6718201637268066,0.0,0.0,0.0
322,1.4319366216659546,0.7743921867215502,76.11811806364335,3.168158531188965,6.416906833648682,0.6841284747183871,1.4036240577697754,0.34545454545454546,1.3598175048828125,4.40828800201416,8.359596252441406,0.8024027025398754,2.04944109916687,0.21818181818181817,1.676885962486267,0.0,0.0,0.0
323,1.3925397396087646,0.770720069575271,75.7419588895234,3.1637613773345947,6.404393672943115,0.6853591644467352,1.4022877216339111,0.3090909090909091,1.3547534942626953,4.391645431518555,8.33375072479248,0.803622623416657,2.046055555343628,0.21818181818181817,1.6631747484207153,0.0,0.0,0.0
324,1.3633949756622314,0.7688630166676227,75.56867044516798,3.159069061279297,6.39502477645874,0.6862790660296946,1.4018714427947998,0.3090909090909091,1.3474689722061157,4.383479595184326,8.327343940734863,0.8039244689556839,2.0451302528381348,0.21818181818181817,1.651222825050354,0.0,0.0,0.0
325,1.3537068367004395,0.7723513187527982,75.93358816767523,3.1659226417541504,6.405573844909668,0.6852432190501045,1.404610514640808,0.32727272727272727,1.3433263301849365,4.395949363708496,8.354904174804688,0.8026244584126155,2.049945831298828,0.2,1.6453685760498047,0.0,0.0,0.0
326,1.3645856380462646,0.7659541938466676,75.29524136354303,3.1540846824645996,6.380680084228516,0.6876848826816464,1.401785969734192,0.3090909090909091,1.3360013961791992,4.387247085571289,8.316509246826172,0.804434376929758,2.0474653244018555,0.21818181818181817,1.6276744604110718,0.0,0.0,0.0
327,1.3719875812530518,0.773577315037202,76.05406733646305,3.17152738571167,6.410665512084961,0.6847425937281475,1.406867265701294,0.34545454545454546,1.3372761011123657,4.408458232879639,8.36151123046875,0.8023121953178736,2.0548064708709717,0.21818181818181817,1.6336289644241333,0.0,0.0,0.0
328,1.3626707792282104,0.765175010938519,75.21449028428515,3.152308225631714,6.378179550170898,0.6879296449462518,1.401317834854126,0.3090909090909091,1.3277298212051392,4.378940582275391,8.310633659362793,0.8047106178740153,2.0461976528167725,0.18181818181818182,1.6179438829421997,0.0,0.0,0.0
329,1.339423418045044,0.7698369585648683,75.68119916863634,3.162637948989868,6.3960676193237305,0.6861767412376607,1.4048465490341187,0.3090909090909091,1.325769066810608,4.385120391845703,8.33924674987793,0.8033635400611499,2.0459654331207275,0.21818181818181817,1.6200003623962402,0.0,0.0,0.0
330,1.3120425939559937,0.7692537860859814,75.62071862552716,3.1615242958068848,6.3942084312438965,0.686359155184724,1.4052821397781372,0.3090909090909091,1.3203065395355225,4.385052680969238,8.334844589233398,0.8035710878940472,2.0469579696655273,0.21818181818181817,1.613574743270874,0.0,0.0,0.0
331,1.3001954555511475,0.7651941611729056,75.21563764302891,3.1545050144195557,6.378391265869141,0.687908907575753,1.404915690422058,0.3090909090909091,1.3127704858779907,4.379010200500488,8.310446739196777,0.8047193912131055,2.048060178756714,0.16363636363636364,1.6020082235336304,0.0,0.0,0.0
332,1.3053032159805298,0.7718237968474435,75.87718322035653,3.1693332195281982,6.404197692871094,0.6853784376022396,1.4095481634140015,0.3090909090909091,1.3116077184677124,4.4066972732543945,8.350261688232422,0.8028437416847823,2.0579638481140137,0.18181818181818182,1.6025044918060303,0.0,0.0,0.0
333,1.304093837738037,0.767480770222855,75.44100485675949,3.157817840576172,6.387806415557861,0.6869868947990811,1.4061964750289917,0.3090909090909091,1.3019886016845703,4.391522407531738,8.323092460632324,0.8041246366406771,2.0536532402038574,0.2,1.5851922035217285,0.0,0.0,0.0
334,1.287949562072754,0.7710188548579192,75.78644763023544,3.164719343185425,6.4029316902160645,0.6855027937222089,1.4077919721603394,0.3090909090909091,1.298693060874939,4.392756462097168,8.34133243560791,0.8032651757429098,2.0545947551727295,0.18181818181818182,1.579850435256958,0.0,0.0,0.0
335,1.2697566747665405,0.7699249030364488,75.67417791977005,3.1646852493286133,6.399235725402832,0.6858657828347148,1.4090149402618408,0.3090909090909091,1.2933495044708252,4.373394012451172,8.333541870117188,0.8036325138189504,2.048111915588379,0.18181818181818182,1.5672075748443604,0.0,0.0,0.0
336,1.2559633255004883,0.7685469525601054,75.54105540355226,3.1621198654174805,6.393092632293701,0.6864685967426596,1.4095736742019653,0.3090909090909091,1.2861286401748657,4.368456840515137,8.326994895935059,0.8039409362244769,2.0466699600219727,0.18181818181818182,1.5551860332489014,0.0,0.0,0.0
337,1.254266619682312,0.7715066279419588,75.85279665684607,3.163313627243042,6.40166711807251,0.6856270136361321,1.4094394445419312,0.3090909090909091,1.2787367105484009,4.3919782638549805,8.351222038269043,0.8027983813879699,2.0570530891418457,0.18181818181818182,1.5501042604446411,0.0,0.0,0.0
338,1.2522377967834473,0.767978367457304,75.503938352864,3.153679847717285,6.387364864349365,0.6870301742701876,1.406914472579956,0.3090909090909091,1.269952416419983,4.384866714477539,8.331327438354492,0.8037368274400928,2.0554022789001465,0.16363636363636364,1.5358613729476929,0.0,0.0,0.0
339,1.2447905540466309,0.7723868330953425,75.94767517106266,3.164398670196533,6.403827667236328,0.6854147705650018,1.410580039024353,0.3090909090909091,1.2684825658798218,4.399307727813721,8.35926628112793,0.8024183037709042,2.0594091415405273,0.18181818181818182,1.5343427658081055,0.0,0.0,0.0
340,1.2391033172607422,0.7659016975225135,75.3097922045963,3.151548385620117,6.376924514770508,0.6880524346966923,1.407963514328003,0.3090909090909091,1.2590258121490479,4.375762939453125,8.324016571044922,0.8040811464833846,2.0542523860931396,0.16363636363636364,1.5186233520507812,0.0,0.0,0.0
341,1.2286591529846191,0.7692107555373344,75.65606953661768,3.155071496963501,6.3869404792785645,0.6870717511657194,1.4087355136871338,0.3090909090909091,1.2544505596160889,4.394551753997803,8.35021686553955,0.8028458502984692,2.0611400604248047,0.18181818181818182,1.5158015489578247,0.0,0.0,0.0
342,1.2205109596252441,0.7643943637085644,75.1866821127478,3.1452348232269287,6.3661346435546875,0.6891071802651605,1.407785177230835,0.3090909090909091,1.246522068977356,4.3777546882629395,8.32574462890625,0.8039997891386313,2.0571887493133545,0.16363636363636364,1.5026960372924805,0.0,0.0,0.0
343,1.2090121507644653,0.7658878482025754,75.33809864141654,3.15354061126709,6.37153959274292,0.6885790753734293,1.4120185375213623,0.3090909090909091,1.2449052333831787,4.377033233642578,8.33565616607666,0.8035328567197,2.0593972206115723,0.2,1.499193549156189,0.0,0.0,0.0
344,1.201827049255371,0.7645634582659869,75.19516397929942,3.1496808528900146,6.3683037757873535,0.6888953117606565,1.4110251665115356,0.3090909090909091,1.2391695976257324,4.37920618057251,8.323445320129395,0.8041080313078928,2.060633420944214,0.16363636363636364,1.4883991479873657,0.0,0.0,0.0
345,1.1888940334320068,0.7664312015062382,75.38922837802625,3.1507444381713867,6.374215602874756,0.6883173895076125,1.4111647605895996,0.3090909090909091,1.233709454536438,4.388762950897217,8.337697982788086,0.803436575912603,2.064007043838501,0.16363636363636364,1.480950951576233,0.0,0.0,0.0
346,1.1791576147079468,0.7664755770721963,75.39661528731858,3.151231527328491,6.373857498168945,0.6883524285129379,1.411781668663025,0.3090909090909091,1.2278481721878052,4.388463973999023,8.339131355285645,0.8033690124157182,2.065251111984253,0.16363636363636364,1.471502423286438,0.0,0.0,0.0
347,1.172855257987976,0.7659467406484539,75.32891877147631,3.1507349014282227,6.374473571777344,0.6882921913891082,1.4121006727218628,0.3090909090909091,1.2232049703598022,4.390462398529053,8.330066680908203,0.8037962451614846,2.0672056674957275,0.16363636363636364,1.4624422788619995,0.0,0.0,0.0
348,1.1684736013412476,0.7708312750674025,75.815375898914,3.159221649169922,6.393679141998291,0.6864110837397495,1.4141435623168945,0.3090909090909091,1.2198593616485596,4.419242858886719,8.358976364135742,0.802432022311141,2.07765531539917,0.14545454545454545,1.4602935314178467,0.0,0.0,0.0
349,1.177390456199646,0.7633856144993926,75.07533990866068,3.1461246013641357,6.364112854003906,0.6893046109287917,1.4114947319030762,0.2727272727272727,1.2091580629348755,4.3907151222229,8.31545639038086,0.8044838665950407,2.068326711654663,0.16363636363636364,1.4412753582000732,0.0,0.0,0.0
350,1.18715500831604,0.7711557436971853,75.84402994071115,3.162459135055542,6.395607948303223,0.6862218594903877,1.4155545234680176,0.3090909090909091,1.209930181503296,4.398163318634033,8.359453201293945,0.8024094802267262,2.0697176456451416,0.2,1.4440157413482666,0.0,0.0,0.0
351,1.2036480903625488,0.7627208914809798,74.99215090940447,3.1439359188079834,6.364546298980713,0.6892623189515186,1.4105089902877808,0.2727272727272727,1.2001138925552368,4.3734965324401855,8.304781913757324,0.8049855409347183,2.0598132610321045,0.16363636363636364,1.4257007837295532,0.0,0.0,0.0
352,1.1881568431854248,0.7697426324256217,75.68881572306464,3.156709671020508,6.39265251159668,0.6865117740592317,1.412993311882019,0.3090909090909091,1.1990983486175537,4.397055149078369,8.3453950881958,0.8030734927177521,2.0695855617523193,0.14545454545454545,1.4314364194869995,0.0,0.0,0.0
353,1.1603593826293945,0.7640329557955425,75.1278013128981,3.146916627883911,6.368824005126953,0.6888444728539989,1.4128459692001343,0.2727272727272727,1.1913859844207764,4.377920627593994,8.31455135345459,0.8045264405094812,2.0654261112213135,0.16363636363636364,1.4195252656936646,0.0,0.0,0.0
354,1.1290277242660522,0.7655093595465998,75.28038503400444,3.150312662124634,6.3736443519592285,0.6883733020894824,1.4152754545211792,0.2909090909090909,1.1875169277191162,4.380954742431641,8.325508117675781,0.8040109472193913,2.067699909210205,0.16363636363636364,1.4146435260772705,0.0,0.0,0.0
355,1.1171631813049316,0.7683699384877194,75.56148729485994,3.1540727615356445,6.3855791091918945,0.687205130936234,1.4158140420913696,0.2909090909090909,1.1833984851837158,4.396976470947266,8.340967178344727,0.8032824086392916,2.0745277404785156,0.16363636363636364,1.4096282720565796,0.0,0.0,0.0
356,1.115900993347168,0.7657522696176682,75.29584130916555,3.148249387741089,6.376169204711914,0.6881263264766302,1.4153603315353394,0.2727272727272727,1.176941156387329,4.3910417556762695,8.323497772216797,0.8041055461560475,2.0728700160980225,0.16363636363636364,1.3990912437438965,0.0,0.0,0.0
357,1.1185040473937988,0.7700593315214991,75.72923793309633,3.1611266136169434,6.392305850982666,0.6865457574677007,1.4198582172393799,0.2909090909090909,1.1762231588363647,4.396615505218506,8.350768089294434,0.8028198566142692,2.0724194049835205,0.16363636363636364,1.3985213041305542,0.0,0.0,0.0
358,1.1270785331726074,0.7638081830388703,75.11067631214314,3.1466474533081055,6.366992473602295,0.6890234135468899,1.4153379201889038,0.2727272727272727,1.1666460037231445,4.384437561035156,8.31529712677002,0.8044913722556644,2.0705647468566895,0.16363636363636364,1.3829725980758667,0.0,0.0,0.0
359,1.1173207759857178,0.7714805675617911,75.85993890038685,3.158825635910034,6.3998236656188965,0.6858080655227357,1.4158049821853638,0.2727272727272727,1.1682316064834595,4.411495685577393,8.354902267456055,0.8026245588227912,2.0809648036956787,0.14545454545454545,1.3854008913040161,0.0,0.0,0.0
360,1.1079773902893066,0.7672133595880777,75.43131056989023,3.150557279586792,6.383719444274902,0.6873872724712053,1.414310097694397,0.2727272727272727,1.1627662181854248,4.3860392570495605,8.328197479248047,0.8038842546803693,2.0724706649780273,0.16363636363636364,1.374725341796875,0.0,0.0,0.0
361,1.0825475454330444,0.7670632849228213,75.4319055866315,3.1506097316741943,6.38034200668335,0.6877179807508167,1.4151004552841187,0.2727272727272727,1.156031608581543,4.386884689331055,8.333443641662598,0.8036371075844826,2.07291316986084,0.16363636363636364,1.3710757493972778,0.0,0.0,0.0
362,1.071890115737915,0.7681351398941785,75.53822896826591,3.1523611545562744,6.384633541107178,0.6872977510474926,1.4163434505462646,0.2727272727272727,1.150127649307251,4.398163318634033,8.33962631225586,0.8033456670498988,2.0762248039245605,0.14545454545454545,1.367746353149414,0.0,0.0,0.0
363,1.0676064491271973,0.7651818053798775,75.22987987066654,3.149742603302002,6.375565528869629,0.6881854058490691,1.4173400402069092,0.2727272727272727,1.142833948135376,4.377760410308838,8.316494941711426,0.8044350546984431,2.069586753845215,0.16363636363636364,1.356265664100647,0.0,0.0,0.0
364,1.0695581436157227,0.768520887468204,75.56111615854229,3.1589887142181396,6.388932704925537,0.6868765338503351,1.420168161392212,0.2909090909090909,1.1389509439468384,4.374172210693359,8.335784912109375,0.8035267944553501,2.0680620670318604,0.18181818181818182,1.351728916168213,0.0,0.0,0.0
365,1.0770342350006104,0.7612606973113267,74.86358096641948,3.142045497894287,6.355750560760498,0.6901205872986773,1.4163140058517456,0.2545454545454545,1.1275569200515747,4.370314598083496,8.302772521972656,0.8050798762946637,2.068101644515991,0.16363636363636364,1.3352802991867065,0.0,0.0,0.0
366,1.0822545289993286,0.7686644295109298,75.61335516628287,3.1521565914154053,6.382696151733398,0.6874875201210382,1.4180630445480347,0.2909090909090909,1.128279685974121,4.404393196105957,8.351592063903809,0.8027809100174211,2.081005811691284,0.14545454545454545,1.339316964149475,0.0,0.0,0.0
367,1.0817593336105347,0.7627442110895064,75.02302167207222,3.1373298168182373,6.35950231552124,0.6897546697561829,1.4148895740509033,0.2727272727272727,1.1219468116760254,4.380672931671143,8.316219329833984,0.8044480201623633,2.0737531185150146,0.16363636363636364,1.3253790140151978,0.0,0.0,0.0
368,1.0596160888671875,0.7685310561030123,75.59453329574376,3.145719528198242,6.383164882659912,0.6874416186835468,1.415968656539917,0.2727272727272727,1.1201645135879517,4.396235466003418,8.348621368408203,0.8029211955839605,2.077979564666748,0.18181818181818182,1.3252755403518677,0.0,0.0,0.0
369,1.0448839664459229,0.7657479013866657,75.3366940639753,3.137362003326416,6.368736267089844,0.6888530197833833,1.415223479270935,0.2727272727272727,1.1109983921051025,4.394629001617432,8.339771270751953,0.8033388015041445,2.0776634216308594,0.14545454545454545,1.3155453205108643,0.0,0.0,0.0
370,1.028733491897583,0.7642927504608383,75.19624219631146,3.140348434448242,6.362194538116455,0.6894918942419983,1.4176833629608154,0.2727272727272727,1.1064634323120117,4.388681411743164,8.332913398742676,0.8036621097181988,2.0787363052368164,0.16363636363636364,1.3076521158218384,0.0,0.0,0.0
371,1.0195732116699219,0.7656193535555347,75.31040743506924,3.151043653488159,6.370652675628662,0.6886657705216882,1.422531247138977,0.2727272727272727,1.1065444946289062,4.376288890838623,8.33368968963623,0.8036255353117485,2.07525634765625,0.18181818181818182,1.3022197484970093,0.0,0.0,0.0
372,1.0251469612121582,0.7638494312594166,75.10826360193232,3.1422665119171143,6.3683271408081055,0.6888930303093865,1.4189338684082031,0.2727272727272727,1.1014882326126099,4.378551483154297,8.312962532043457,0.8046011456801032,2.075403928756714,0.16363636363636364,1.2923239469528198,0.0,0.0,0.0
373,1.0249357223510742,0.7694216732909751,75.67712114201368,3.148383617401123,6.387761116027832,0.6869913555470866,1.4186571836471558,0.2545454545454545,1.0979969501495361,4.407382965087891,8.351482391357422,0.8027861187952787,2.0857696533203125,0.14545454545454545,1.2924880981445312,0.0,0.0,0.0
374,1.0325665473937988,0.7609876420837468,74.86420110085123,3.13400936126709,6.349660396575928,0.6907141732470077,1.4175673723220825,0.2727272727272727,1.0892055034637451,4.3679022789001465,8.312161445617676,0.804638786944669,2.072495698928833,0.16363636363636364,1.2777948379516602,0.0,0.0,0.0
375,1.015144944190979,0.7669369894884875,75.45182161763796,3.143897533416748,6.3740129470825195,0.6883372415388123,1.4196635484695435,0.2727272727272727,1.0905725955963135,4.386014461517334,8.345511436462402,0.8030679827093677,2.07877779006958,0.18181818181818182,1.2819966077804565,0.0,0.0,0.0
376,1.0081640481948853,0.7645407752251916,75.19334931945286,3.1334919929504395,6.368134498596191,0.6889118267437302,1.415468454360962,0.2727272727272727,1.0852477550506592,4.3872575759887695,8.323486328125,0.8041060984120131,2.0801351070404053,0.14545454545454545,1.2772425413131714,0.0,0.0,0.0
377,0.9911577701568604,0.7641935961517137,75.17629580441326,3.1338064670562744,6.363615036010742,0.6893532364872025,1.4159520864486694,0.2727272727272727,1.0785948038101196,4.388219833374023,8.328349113464355,0.803877138109176,2.0803182125091553,0.16363636363636364,1.273281216621399,0.0,0.0,0.0
378,0.9791194200515747,0.7632941906598487,75.09284238014152,3.135399341583252,6.358964920043945,0.6898071090838809,1.4177029132843018,0.2727272727272727,1.073673129081726,4.380716323852539,8.325431823730469,0.8040145117806239,2.0767431259155273,0.18181818181818182,1.2656031847000122,0.0,0.0,0.0
379,0.9749910831451416,0.7637252826997658,75.12466321997658,3.1359751224517822,6.36266565322876,0.689445924701484,1.4174060821533203,0.2727272727272727,1.0700440406799316,4.386378765106201,8.323598861694336,0.804100776672708,2.0803945064544678,0.14545454545454545,1.255856990814209,0.0,0.0,0.0
380,0.9703613519668579,0.7656817250099577,75.3374069123679,3.137866497039795,6.367162704467773,0.6890067964092818,1.4169808626174927,0.2727272727272727,1.0651330947875977,4.393423557281494,8.342259407043457,0.8032214220089064,2.0845465660095215,0.16363636363636364,1.247842788696289,0.0,0.0,0.0
381,0.9693156480789185,0.7611338313475967,74.90849181326303,3.123882532119751,6.344877243041992,0.6911799638727083,1.4148892164230347,0.2727272727272727,1.0573493242263794,4.3761796951293945,8.324785232543945,0.8040449486150927,2.078364610671997,0.16363636363636364,1.2351759672164917,0.0,0.0,0.0
382,0.9723756909370422,0.7684143553162024,75.61550072558043,3.136518716812134,6.376859188079834,0.6880588363808529,1.4172719717025757,0.2545454545454545,1.057687759399414,4.40097713470459,8.360761642456055,0.8023476401098487,2.08801007270813,0.12727272727272726,1.234338402748108,0.0,0.0,0.0
383,0.9888927936553955,0.7612512669802427,74.877384370026,3.1228737831115723,6.353057861328125,0.69038309040077,1.4142413139343262,0.2545454545454545,1.0512168407440186,4.372584819793701,8.308554649353027,0.8048082918722983,2.0776240825653076,0.16363636363636364,1.2177592515945435,0.0,0.0,0.0
384,1.0161781311035156,0.7718071000700262,75.92277142369744,3.14449405670166,6.395681858062744,0.68621460651844,1.421249270439148,0.2545454545454545,1.0534518957138062,4.403575420379639,8.368754386901855,0.8019695204912065,2.0890820026397705,0.10909090909090909,1.2219667434692383,0.0,0.0,0.0
385,1.0175386667251587,0.761436027592598,74.9040397476092,3.124403715133667,6.352300643920898,0.6904569140776848,1.4165489673614502,0.2545454545454545,1.0431054830551147,4.37285041809082,8.312919616699219,0.8046031664348865,2.0774309635162354,0.14545454545454545,1.205707311630249,0.0,0.0,0.0
386,0.9830666780471802,0.7674917294842136,75.52353931329003,3.135071277618408,6.373239994049072,0.6884128358943249,1.4190362691879272,0.2545454545454545,1.0416620969772339,4.401546478271484,8.355279922485352,0.8026066983628121,2.0885608196258545,0.12727272727272726,1.2081986665725708,0.0,0.0,0.0
387,0.9515718221664429,0.7639583579984137,75.17563325600554,3.1311137676239014,6.358590602874756,0.6898435782526889,1.4198068380355835,0.2727272727272727,1.0373165607452393,4.384713649749756,8.335941314697266,0.803519401756174,2.0838000774383545,0.14545454545454545,1.2005423307418823,0.0,0.0,0.0
388,0.9276517629623413,0.7636244631806024,75.13803492959119,3.128068208694458,6.3580546379089355,0.6898958813743408,1.4185909032821655,0.2727272727272727,1.034397840499878,4.395321846008301,8.332247734069824,0.8036934878980636,2.089507818222046,0.14545454545454545,1.1959328651428223,0.0,0.0,0.0
389,0.9341455698013306,0.7697714716424501,75.77453327359785,3.137181282043457,6.377915859222412,0.6879554559919627,1.4199917316436768,0.2545454545454545,1.0310827493667603,4.423583030700684,8.378152847290039,0.8015244774905489,2.1008238792419434,0.10909090909090909,1.1961461305618286,0.0,0.0,0.0
390,0.9772274494171143,0.7587753653396341,74.6954305221011,3.118603467941284,6.331596374511719,0.6924714355490698,1.4160184860229492,0.23636363636363636,1.0210341215133667,4.385697364807129,8.319413185119629,0.804297756334627,2.084534168243408,0.12727272727272726,1.1799784898757935,0.0,0.0,0.0
391,0.9947428703308105,0.767491652759803,75.54976393283573,3.13555908203125,6.368526935577393,0.6888734847417901,1.420959234237671,0.2545454545454545,1.0233538150787354,4.3982253074646,8.365599632263184,0.8021188053197311,2.088507890701294,0.10909090909090909,1.187414526939392,0.0,0.0,0.0
392,0.9590977430343628,0.7605201568937571,74.83324247515543,3.123755931854248,6.344998836517334,0.6911681139467092,1.4189386367797852,0.2727272727272727,1.0173310041427612,4.366936683654785,8.315555572509766,0.8044792351756926,2.077913522720337,0.18181818181818182,1.1793409585952759,0.0,0.0,0.0
393,0.9142286777496338,0.7616861353614537,74.96025592599358,3.1210944652557373,6.347646236419678,0.6909103440047137,1.4179434776306152,0.23636363636363636,1.014022707939148,4.388345241546631,8.326781272888184,0.8039509897933057,2.0882365703582764,0.14545454545454545,1.1785558462142944,0.0,0.0,0.0
394,0.9009858965873718,0.7640659166508031,75.22261164901533,3.1232686042785645,6.352484226226807,0.6904390029826399,1.418809413909912,0.2909090909090909,1.0113651752471924,4.405670166015625,8.350874900817871,0.8028147859004031,2.095766544342041,0.16363636363636364,1.1777759790420532,0.0,0.0,0.0
395,0.9181159734725952,0.7574049012061856,74.56456497040017,3.1171844005584717,6.325143814086914,0.6930979152575016,1.4194352626800537,0.23636363636363636,1.0046135187149048,4.376605987548828,8.313497543334961,0.8045759929311236,2.0847482681274414,0.18181818181818182,1.1662206649780273,0.0,0.0,0.0
396,0.9219168424606323,0.7663011969605498,75.42794932838001,3.1275148391723633,6.3644185066223145,0.6892748158562362,1.4197732210159302,0.2545454545454545,1.004940152168274,4.40285062789917,8.357287406921387,0.8025118735032608,2.0930211544036865,0.12727272727272726,1.1709402799606323,0.0,0.0,0.0
397,0.9168655872344971,0.762505939502999,75.03455833339126,3.1176536083221436,6.352210521697998,0.6904656993676498,1.4161494970321655,0.21818181818181817,0.9996122717857361,4.387918949127197,8.328742980957031,0.8038585998805119,2.085832357406616,0.12727272727272726,1.1635990142822266,0.0,0.0,0.0
398,0.8985390663146973,0.7638498646256758,75.16257602059727,3.122796058654785,6.358567714691162,0.6898458256524473,1.4179012775421143,0.2545454545454545,0.9973589777946472,4.376026630401611,8.334409713745117,0.8035916217749507,2.0823304653167725,0.14545454545454545,1.161033034324646,0.0,0.0,0.0
399,0.8794853091239929,0.7614886572319701,74.9450920545869,3.1207456588745117,6.346053123474121,0.6910654826910718,1.4176324605941772,0.23636363636363636,0.9924756288528442,4.369191646575928,8.327388763427734,0.803922360341997,2.081946849822998,0.14545454545454545,1.1551499366760254,0.0,0.0,0.0
400,0.8713130354881287,0.7594724315131074,74.7475792867167,3.115236520767212,6.337479591369629,0.6918996766196057,1.417101263999939,0.2545454545454545,0.9883027672767639,4.378878116607666,8.31672191619873,0.8044243735660171,2.0872228145599365,0.14545454545454545,1.1499292850494385,0.0,0.0,0.0
401,0.8786835074424744,0.7648956349305722,75.27634403909201,3.130058765411377,6.360964298248291,0.6896119939230311,1.4224662780761719,0.23636363636363636,0.9872279167175293,4.393517971038818,8.344396591186523,0.803120597641365,2.0928921699523926,0.14545454545454545,1.1501758098602295,0.0,0.0,0.0
402,0.8974458575248718,0.7577711913159252,74.57097650879246,3.114259958267212,6.332034587860107,0.6924288711597046,1.4193825721740723,0.2545454545454545,0.9781010150909424,4.362980842590332,8.30377197265625,0.80503295964013,2.0785183906555176,0.16363636363636364,1.1349893808364868,0.0,0.0,0.0
403,0.9098654985427856,0.7679324494085027,75.56978629655487,3.1318697929382324,6.3745527267456055,0.6882844616959995,1.4248383045196533,0.2545454545454545,0.9789868593215942,4.390888690948486,8.358811378479004,0.8024398166510194,2.0894641876220703,0.10909090909090909,1.138405442237854,0.0,0.0,0.0
404,0.9028280973434448,0.7610553022497335,74.88135287541832,3.1177499294281006,6.348050594329834,0.6908709804574289,1.4207404851913452,0.21818181818181817,0.9740847945213318,4.371827125549316,8.316682815551758,0.8044262060517213,2.0842504501342773,0.16363636363636364,1.1274772882461548,0.0,0.0,0.0
405,0.8671366572380066,0.7614360936186837,74.94977768627064,3.116905927658081,6.344055652618408,0.6912599508732034,1.4209115505218506,0.23636363636363636,0.971523642539978,4.384677410125732,8.330994606018066,0.8037525290812971,2.0919008255004883,0.18181818181818182,1.125515341758728,0.0,0.0,0.0
406,0.8463445901870728,0.7609403041613739,74.92205900784097,3.1133437156677246,6.338183879852295,0.691831199029995,1.4195926189422607,0.23636363636363636,0.9662483930587769,4.387037754058838,8.336604118347168,0.8034881741915726,2.0940773487091064,0.18181818181818182,1.1202000379562378,0.0,0.0,0.0
407,0.8464030027389526,0.757159887923049,74.53905370987695,3.1088905334472656,6.324372291564941,0.6931727945312728,1.418623685836792,0.23636363636363636,0.9601577520370483,4.3727850914001465,8.311602592468262,0.8046650818593957,2.0882349014282227,0.14545454545454545,1.1104182004928589,0.0,0.0,0.0
408,0.8575718402862549,0.7631315571238659,75.11600968491643,3.127049446105957,6.351233005523682,0.6905609414452932,1.4256610870361328,0.23636363636363636,0.9600456953048706,4.376119136810303,8.340005874633789,0.8033277438335601,2.089219331741333,0.12727272727272726,1.1108976602554321,0.0,0.0,0.0
409,0.8702846765518188,0.7554130378304821,74.34695410178074,3.1143627166748047,6.320718765258789,0.6935271686113712,1.4227888584136963,0.2545454545454545,0.9532667398452759,4.34958553314209,8.29403018951416,0.8054901648233032,2.078270673751831,0.16363636363636364,1.0981941223144531,0.0,0.0,0.0
410,0.8641905784606934,0.7634980131758355,75.14502017014729,3.1198747158050537,6.354029655456543,0.6902883590957989,1.4222818613052368,0.23636363636363636,0.9551703929901123,4.378594875335693,8.339223861694336,0.8033646194705372,2.0899782180786133,0.14545454545454545,1.1013742685317993,0.0,0.0,0.0
411,0.8479102253913879,0.7592951773584543,74.73774653962232,3.1097917556762695,6.335364818572998,0.6921052455944836,1.4190750122070312,0.2,0.9515830278396606,4.374078273773193,8.318761825561523,0.8043283939894469,2.089935541152954,0.16363636363636364,1.0916595458984375,0.0,0.0,0.0
412,0.8233388662338257,0.7587919618514845,74.71312040109319,3.10982608795166,6.328762531280518,0.692746639864949,1.4201526641845703,0.2545454545454545,0.947302520275116,4.378414630889893,8.325849533081055,0.8039948439374847,2.0932559967041016,0.16363636363636364,1.0849907398223877,0.0,0.0,0.0
413,0.8176475763320923,0.7617100438023449,75.01195820257362,3.111095666885376,6.338841438293457,0.6917672502914128,1.4199106693267822,0.21818181818181817,0.9417168498039246,4.401986598968506,8.346382141113281,0.803026877293745,2.1015141010284424,0.12727272727272726,1.0807743072509766,0.0,0.0,0.0
414,0.8169394135475159,0.759571197643933,74.78155493163308,3.1080615520477295,6.333509922027588,0.6922855142963228,1.419449806213379,0.23636363636363636,0.9355893731117249,4.385202407836914,8.326848983764648,0.8039477641164156,2.093956708908081,0.14545454545454545,1.0697240829467773,0.0,0.0,0.0
415,0.8145675659179688,0.7616625848678042,74.97340018458658,3.121187210083008,6.344759464263916,0.6911914392320813,1.4249191284179688,0.21818181818181817,0.9324787259101868,4.364863872528076,8.332757949829102,0.8036694396610152,2.087796926498413,0.14545454545454545,1.061919093132019,0.0,0.0,0.0
416,0.8179234266281128,0.7605068900701675,74.85621848482106,3.1087708473205566,6.340561866760254,0.6915998871124291,1.4192390441894531,0.21818181818181817,0.9279020428657532,4.37624979019165,8.325081825256348,0.8040310041519607,2.0914571285247803,0.14545454545454545,1.052764654159546,0.0,0.0,0.0
417,0.8169243335723877,0.765010728519198,75.3097341453888,3.1157379150390625,6.357471942901611,0.6899527133470211,1.4227510690689087,0.23636363636363636,0.9268943071365356,4.391755104064941,8.353715896606445,0.8026806128033015,2.0987160205841064,0.12727272727272726,1.0533666610717773,0.0,0.0,0.0
418,0.8175597786903381,0.7575234692667936,74.57204522628376,3.101682424545288,6.32639741897583,0.6929762492069402,1.418694019317627,0.2,0.9183176159858704,4.37113094329834,8.31248950958252,0.8046233614314475,2.0902609825134277,0.14545454545454545,1.0432872772216797,0.0,0.0,0.0
419,0.8238524198532104,0.7658076886078173,75.39736974240873,3.1125590801239014,6.359130382537842,0.6897909005644106,1.421822428703308,0.23636363636363636,0.9165598750114441,4.410054683685303,8.361678123474121,0.8023042754652756,2.1068360805511475,0.10909090909090909,1.0467406511306763,0.0,0.0,0.0
420,0.8271735310554504,0.7585545306460832,74.6766543656413,3.1011569499969482,6.33013916015625,0.692612953630831,1.418718695640564,0.18181818181818182,0.9103618264198303,4.379401683807373,8.319374084472656,0.8042996013716031,2.09285044670105,0.14545454545454545,1.0350682735443115,0.0,0.0,0.0
421,0.8051884174346924,0.7621429224595946,75.00214138897263,3.114236354827881,6.350102424621582,0.6906710980849702,1.4234447479248047,0.2,0.9119981527328491,4.371324062347412,8.328065872192383,0.8038904801112545,2.092118263244629,0.12727272727272726,1.034523606300354,0.0,0.0,0.0
422,0.8004925847053528,0.7607650574987463,74.85926016633516,3.1043241024017334,6.34567403793335,0.6911023604780178,1.4186397790908813,0.21818181818181817,0.9095636010169983,4.387460231781006,8.31765365600586,0.8043805445243821,2.098816394805908,0.14545454545454545,1.0299116373062134,0.0,0.0,0.0
423,0.7817429304122925,0.7588802803914318,74.70722516339538,3.107410430908203,6.331768989562988,0.6924546481539041,1.421803593635559,0.21818181818181817,0.9041711688041687,4.378604888916016,8.320568084716797,0.8042434218783732,2.0975635051727295,0.14545454545454545,1.0235496759414673,0.0,0.0,0.0
424,0.773506760597229,0.7578854304594104,74.63247425447912,3.1113779544830322,6.323421955108643,0.6932649719728818,1.4253605604171753,0.2,0.8991836309432983,4.36741304397583,8.324278831481934,0.804068770929246,2.0965635776519775,0.18181818181818182,1.0176987648010254,0.0,0.0,0.0
425,0.7817825078964233,0.7568666879687465,74.51840160120673,3.1014010906219482,6.321660995483398,0.6934358084060379,1.4208648204803467,0.21818181818181817,0.8952472805976868,4.384658336639404,8.31324291229248,0.80458796684456,2.1001107692718506,0.12727272727272726,1.0122096538543701,0.0,0.0,0.0
426,0.7959858179092407,0.766166607288115,75.44009628033405,3.11248779296875,6.359290599822998,0.6897753049721472,1.42399001121521,0.21818181818181817,0.8927009105682373,4.41650390625,8.36654281616211,0.8020741855479634,2.113870143890381,0.10909090909090909,1.0152517557144165,0.0,0.0,0.0
427,0.8388329148292542,0.7546256693725146,74.30489352408426,3.0927045345306396,6.311001300811768,0.6944687950586625,1.416886806488037,0.2,0.8835733532905579,4.370121479034424,8.303752899169922,0.8050338382291662,2.0910937786102295,0.12727272727272726,1.0007961988449097,0.0,0.0,0.0
428,0.8455092906951904,0.7657886174335025,75.40366924239333,3.1153204441070557,6.357579231262207,0.6899422254814815,1.4266226291656494,0.23636363636363636,0.8880838751792908,4.396117687225342,8.364789962768555,0.8021570992504381,2.103856325149536,0.09090909090909091,1.0088757276535034,0.0,0.0,0.0
429,0.8181978464126587,0.7604657034962026,74.85447555117776,3.101827383041382,6.339972972869873,0.6916571958062703,1.4204374551773071,0.21818181818181817,0.8839464783668518,4.399569511413574,8.325769424438477,0.8039985967677965,2.1062088012695312,0.12727272727272726,1.0045167207717896,0.0,0.0,0.0
430,0.7698118090629578,0.7619708782223538,74.9938166522536,3.105397939682007,6.34783411026001,0.6908920583430426,1.4219040870666504,0.21818181818181817,0.8807571530342102,4.399153709411621,8.330524444580078,0.8037746695250096,2.1084179878234863,0.12727272727272726,1.00421142578125,0.0,0.0,0.0
431,0.7539756298065186,0.7592669202389558,74.74875240533788,3.105921745300293,6.3327555656433105,0.6923588272005653,1.4246366024017334,0.23636363636363636,0.8761525750160217,4.3682427406311035,8.324056625366211,0.8040792386900488,2.093170404434204,0.14545454545454545,0.9980510473251343,0.0,0.0,0.0
432,0.7520990371704102,0.7552863990940735,74.36462301445681,3.10343074798584,6.314729690551758,0.6941077128308002,1.4238450527191162,0.2,0.8694233298301697,4.358407020568848,8.305276870727539,0.8049622708765306,2.0901100635528564,0.14545454545454545,0.9900648593902588,0.0,0.0,0.0
433,0.7503004670143127,0.7593543864787544,74.77291865588154,3.1069560050964355,6.330308437347412,0.6925965067507802,1.42445969581604,0.21818181818181817,0.8692046999931335,4.382908344268799,8.330679893493652,0.8037673521334652,2.10172963142395,0.12727272727272726,0.9916458129882812,0.0,0.0,0.0
434,0.7626613974571228,0.7550195870226876,74.35478784938891,3.096558094024658,6.310634136199951,0.6945043448366603,1.4212169647216797,0.23636363636363636,0.8660840392112732,4.3813958168029785,8.310317039489746,0.8047255036825431,2.0977113246917725,0.12727272727272726,0.9843503832817078,0.0,0.0,0.0
435,0.7630329132080078,0.7604272414391108,74.89618125126253,3.1004347801208496,6.331594467163086,0.6924716058066271,1.4226772785186768,0.21818181818181817,0.8637970685958862,4.39378547668457,8.343511581420898,0.8031623808256729,2.1067798137664795,0.12727272727272726,0.9850903749465942,0.0,0.0,0.0
436,0.7681218385696411,0.7537725241996969,74.23872924913394,3.090380907058716,6.304194450378418,0.6951275215484776,1.419948697090149,0.21818181818181817,0.8568533062934875,4.386063575744629,8.30612564086914,0.8049224205881024,2.102823495864868,0.12727272727272726,0.9775308966636658,0.0,0.0,0.0
437,0.7536717057228088,0.7588630313688922,74.73120010066327,3.1003949642181396,6.327054500579834,0.6929124707259156,1.424734354019165,0.23636363636363636,0.8569320440292358,4.390035152435303,8.330615997314453,0.8037703644387322,2.104400157928467,0.12727272727272726,0.9805478453636169,0.0,0.0,0.0
438,0.748060405254364,0.7553185920053263,74.36759860546272,3.089395046234131,6.314899444580078,0.694091231899238,1.4197125434875488,0.21818181818181817,0.8510312438011169,4.383761882781982,8.305377006530762,0.804957551598279,2.102141857147217,0.10909090909090909,0.9740571975708008,0.0,0.0,0.0
439,0.7264222502708435,0.7557819558453798,74.42873504813383,3.091095209121704,6.314024448394775,0.6941760201628534,1.42021644115448,0.21818181818181817,0.8473966717720032,4.380730152130127,8.314064025878906,0.8045493716833264,2.102003335952759,0.12727272727272726,0.9692298173904419,0.0,0.0,0.0
440,0.7187950611114502,0.756639172324632,74.51454574248078,3.100193977355957,6.317351818084717,0.6938535864005346,1.4256007671356201,0.2,0.8460392355918884,4.364930152893066,8.319328308105469,0.8043017727416496,2.096548080444336,0.14545454545454545,0.9648441076278687,0.0,0.0,0.0
441,0.7189725637435913,0.755585089327053,74.3991895081067,3.0970842838287354,6.3150434494018555,0.6940772707795262,1.4243478775024414,0.2,0.8412675261497498,4.374087333679199,8.308960914611816,0.8047892013876686,2.1006035804748535,0.16363636363636364,0.95961594581604,0.0,0.0,0.0
442,0.7173024415969849,0.7596728768146499,74.81106593992581,3.1033432483673096,6.330409049987793,0.692586733966982,1.426814079284668,0.16363636363636364,0.8368807435035706,4.391372203826904,8.335104942321777,0.8035588127500841,2.1085708141326904,0.12727272727272726,0.9572468996047974,0.0,0.0,0.0
443,0.7260531187057495,0.7545133131551334,74.30631248044551,3.093867540359497,6.308267116546631,0.6947334774574907,1.4242802858352661,0.18181818181818182,0.8309592604637146,4.3623366355896,8.308077812194824,0.8048307209952656,2.0929298400878906,0.10909090909090909,0.9447085857391357,0.0,0.0,0.0
444,0.7286125421524048,0.7608421999262227,74.91501390724488,3.1089072227478027,6.337303161621094,0.6919168045298862,1.431335687637329,0.18181818181818182,0.8313516974449158,4.373859405517578,8.337098121643066,0.8034648413770251,2.101473808288574,0.12727272727272726,0.9449585676193237,0.0,0.0,0.0
445,0.7483905553817749,0.7550125204350016,74.33029614569091,3.091949939727783,6.3149189949035645,0.6940893590661059,1.4233208894729614,0.2,0.8273142576217651,4.37601900100708,8.300854682922363,0.8051699442221475,2.1007442474365234,0.10909090909090909,0.9364823698997498,0.0,0.0,0.0
446,0.7561925649642944,0.7649745414958593,75.3180025661668,3.1081390380859375,6.355191230773926,0.6901751378200875,1.4303151369094849,0.2,0.8304863572120667,4.4067511558532715,8.358175277709961,0.8024698769473299,2.1154379844665527,0.10909090909090909,0.9406632781028748,0.0,0.0,0.0
447,0.7570501565933228,0.7550102059755887,74.33896657825335,3.0919833183288574,6.313296318054199,0.6942465408431535,1.4246729612350464,0.18181818181818182,0.8219242691993713,4.359785079956055,8.304367065429688,0.8050050205087784,2.0943379402160645,0.14545454545454545,0.925041675567627,0.0,0.0,0.0
448,0.7309151887893677,0.763060894187648,75.11797848919082,3.1010735034942627,6.349330425262451,0.6907463178738563,1.4274060726165771,0.16363636363636364,0.8218006491661072,4.383566379547119,8.343138694763184,0.803179977708941,2.105724573135376,0.10909090909090909,0.9268180727958679,0.0,0.0,0.0
449,0.7083318829536438,0.7610757633459999,74.90922961276942,3.1002676486968994,6.343471050262451,0.6913168168973951,1.4271153211593628,0.2,0.820114254951477,4.382072448730469,8.327016830444336,0.8039398693663615,2.104581594467163,0.10909090909090909,0.922207772731781,0.0,0.0,0.0
450,0.6881276369094849,0.7552663871232487,74.35132425802794,3.0998446941375732,6.316699028015137,0.6939168881603984,1.43002188205719,0.18181818181818182,0.8156694173812866,4.357812404632568,8.300679206848145,0.805178177856544,2.100358724594116,0.14545454545454545,0.9148973226547241,0.0,0.0,0.0
451,0.6991001963615417,0.7615344772147232,74.98992571802364,3.1023190021514893,6.338967323303223,0.6917549917472756,1.4294712543487549,0.2,0.8123239874839783,4.397460460662842,8.343550682067871,0.803160498134881,2.1168265342712402,0.12727272727272726,0.918039083480835,0.0,0.0,0.0
452,0.7357562780380249,0.7540083332694731,74.23373014771778,3.0885820388793945,6.310301780700684,0.6945365235150204,1.4229462146759033,0.2,0.8058233261108398,4.369490623474121,8.296242713928223,0.8053863783555826,2.100259304046631,0.09090909090909091,0.9083274602890015,0.0,0.0,0.0
453,0.7643718719482422,0.7625131041112931,75.05627384172885,3.10739803314209,6.348453521728516,0.6908317190646786,1.4329109191894531,0.2,0.8090264201164246,4.368039608001709,8.337075233459473,0.8034659458889564,2.099864959716797,0.09090909090909091,0.9140909314155579,0.0,0.0,0.0
454,0.7410303950309753,0.7563851705524844,74.45409708198122,3.089914560317993,6.322709083557129,0.6933341305927224,1.4233527183532715,0.2,0.8053454160690308,4.373083591461182,8.303908348083496,0.8050265710427095,2.10141658782959,0.09090909090909091,0.9090158343315125,0.0,0.0,0.0
455,0.6907666325569153,0.7602124040291399,74.85010499380996,3.093398332595825,6.335203170776367,0.6921209433412814,1.4249504804611206,0.21818181818181817,0.8063685297966003,4.401940822601318,8.332503318786621,0.8036814386769955,2.115037679672241,0.09090909090909091,0.9127861261367798,0.0,0.0,0.0
456,0.6726090312004089,0.7623329731895376,75.02253300570192,3.101123332977295,6.350589752197266,0.6906236302779503,1.4288561344146729,0.2,0.8081430792808533,4.393633842468262,8.329771041870117,0.8038101645220727,2.113528251647949,0.10909090909090909,0.9115918278694153,0.0,0.0,0.0
457,0.6785631775856018,0.7593280462871728,74.71190575899618,3.096928596496582,6.340752601623535,0.6915813290386659,1.427721381187439,0.18181818181818182,0.8036707043647766,4.386903762817383,8.307437896728516,0.8048607561890322,2.1130900382995605,0.10909090909090909,0.9044943451881409,0.0,0.0,0.0
458,0.6901953220367432,0.7645630035760832,75.26259511957005,3.108757495880127,6.356163024902344,0.6900803724636051,1.433532953262329,0.21818181818181817,0.8011337518692017,4.395792484283447,8.350064277648926,0.8028530547285662,2.1134657859802246,0.10909090909090909,0.9062930941581726,0.0,0.0,0.0
459,0.700534462928772,0.7551022770399205,74.33367587152452,3.0938942432403564,6.316283226013184,0.6939571370469821,1.4280047416687012,0.18181818181818182,0.7922286987304688,4.355988502502441,8.299185752868652,0.805248239056546,2.094921112060547,0.10909090909090909,0.8949230313301086,0.0,0.0,0.0
460,0.693804919719696,0.7625330928233568,75.06746417977251,3.096362590789795,6.346873760223389,0.6909855637935999,1.4289731979370117,0.14545454545454545,0.7904410362243652,4.382652759552002,8.340822219848633,0.8032892616337739,2.1083855628967285,0.09090909090909091,0.8980954885482788,0.0,0.0,0.0
461,0.6839814186096191,0.7606784582233448,74.90892637008483,3.0897324085235596,6.334808349609375,0.6921593534462445,1.4245344400405884,0.18181818181818182,0.7882833480834961,4.3851423263549805,8.34015941619873,0.8033204891983754,2.1082146167755127,0.09090909090909091,0.8938811421394348,0.0,0.0,0.0
462,0.6631406545639038,0.7591625691443826,74.7657265000903,3.0905489921569824,6.327393531799316,0.6928795769658143,1.4261726140975952,0.2,0.785269558429718,4.3779778480529785,8.334244728088379,0.8035993659097413,2.107126235961914,0.10909090909090909,0.8911448121070862,0.0,0.0,0.0
463,0.6526617407798767,0.7645542150999126,75.26240626333129,3.096238851547241,6.35600471496582,0.690095797798311,1.427118182182312,0.18181818181818182,0.7859693169593811,4.4054789543151855,8.350282669067383,0.8028427501342986,2.120293617248535,0.10909090909090909,0.892073392868042,0.0,0.0,0.0
464,0.6525776982307434,0.7627757220065654,75.06971673224098,3.097048044204712,6.35178279876709,0.6905073784177161,1.4280338287353516,0.21818181818181817,0.7837330102920532,4.373469829559326,8.33361530303955,0.8036290120140774,2.104184865951538,0.10909090909090909,0.8833721280097961,0.0,0.0,0.0
465,0.6591377258300781,0.762986989904747,75.09654163286791,3.1065239906311035,6.3515753746032715,0.6905275709640311,1.4351584911346436,0.18181818181818182,0.7773293256759644,4.356273651123047,8.337149620056152,0.8034624440840835,2.0994765758514404,0.12727272727272726,0.8778910040855408,0.0,0.0,0.0
466,0.6648095846176147,0.7557947552010379,74.41066407183507,3.087305784225464,6.3175811767578125,0.6938313848150417,1.4268136024475098,0.14545454545454545,0.7701886296272278,4.35504674911499,8.306483268737793,0.8049056395375107,2.0978970527648926,0.10909090909090909,0.8698888421058655,0.0,0.0,0.0
467,0.6668739318847656,0.765147267422759,75.34187053243681,3.1042206287384033,6.354672908782959,0.690225670263142,1.4333207607269287,0.21818181818181817,0.7735338807106018,4.400932312011719,8.361818313598633,0.8022976609449601,2.1179938316345215,0.07272727272727272,0.8769235610961914,0.0,0.0,0.0
468,0.6894082427024841,0.7550397987620698,74.34879050503605,3.0815680027008057,6.312167167663574,0.6943558802465548,1.4247677326202393,0.14545454545454545,0.7663214206695557,4.365749359130859,8.307266235351562,0.8048688517594373,2.102818727493286,0.12727272727272726,0.8658997416496277,0.0,0.0,0.0
469,0.6743097305297852,0.7629904142114212,75.12782732049163,3.0886523723602295,6.346010208129883,0.6910696710269855,1.4283126592636108,0.16363636363636364,0.7662605047225952,4.395002841949463,8.349369049072266,0.8028859139585205,2.1166114807128906,0.09090909090909091,0.8686147928237915,0.0,0.0,0.0
470,0.6613356471061707,0.7618158337811803,75.00093281484578,3.088686227798462,6.343152046203613,0.691347871875876,1.4271173477172852,0.16363636363636364,0.7656071782112122,4.401607036590576,8.338507652282715,0.8033984074946154,2.1174042224884033,0.09090909090909091,0.8648535013198853,0.0,0.0,0.0
471,0.6531641483306885,0.7619660988547626,74.96852416069578,3.0958783626556396,6.352288246154785,0.6904581058805871,1.431727409362793,0.2,0.7650654315948486,4.38783597946167,8.32069206237793,0.8042376231907341,2.114434242248535,0.12727272727272726,0.8624931573867798,0.0,0.0,0.0
472,0.632599949836731,0.7614653152706605,74.92447646615642,3.092540979385376,6.349258899688721,0.6907532643822007,1.4305896759033203,0.16363636363636364,0.761721670627594,4.381651878356934,8.320022583007812,0.8042690892295026,2.1129863262176514,0.10909090909090909,0.8551744222640991,0.0,0.0,0.0
473,0.62386554479599,0.7614532003359041,74.95431180490459,3.0939834117889404,6.3436126708984375,0.6913030260352409,1.4309154748916626,0.16363636363636364,0.7587715983390808,4.376471519470215,8.332213401794434,0.8036951195634165,2.109067916870117,0.09090909090909091,0.8491694331169128,0.0,0.0,0.0
474,0.6361799240112305,0.7618428700575954,74.98426081620164,3.096557855606079,6.346752166748047,0.6909974137195991,1.4336307048797607,0.16363636363636364,0.754235029220581,4.365580081939697,8.331026077270508,0.8037510229286636,2.1073246002197266,0.12727272727272726,0.8440172076225281,0.0,0.0,0.0
475,0.6278232336044312,0.7589462746339118,74.6981604665732,3.0872442722320557,6.3348565101623535,0.692154620286147,1.4284628629684448,0.2,0.7493419051170349,4.365362644195557,8.314776420593262,0.8045158597872308,2.1048061847686768,0.09090909090909091,0.8371290564537048,0.0,0.0,0.0
476,0.635338544845581,0.7683437211211814,75.64521891007962,3.1032376289367676,6.369980812072754,0.6887314558873565,1.4348008632659912,0.2,0.7492181658744812,4.410372734069824,8.374791145324707,0.8016837154777265,2.1256349086761475,0.07272727272727272,0.8385233879089355,0.0,0.0,0.0
477,0.6587145328521729,0.7578366144406019,74.62439489792632,3.0763957500457764,6.323810577392578,0.6932272769496601,1.424311637878418,0.18181818181818182,0.7408308386802673,4.377678871154785,8.322717666625977,0.8041422837290331,2.1115520000457764,0.09090909090909091,0.8266265392303467,0.0,0.0,0.0
478,0.6464738845825195,0.7641169962983778,75.24819674373498,3.0924057960510254,6.348991870880127,0.6907793137884921,1.4331080913543701,0.16363636363636364,0.7410829067230225,4.397109508514404,8.359246253967285,0.802419282770116,2.122009038925171,0.07272727272727272,0.8303982019424438,0.0,0.0,0.0
479,0.6526542901992798,0.7626266077207432,75.09036301468404,3.0881757736206055,6.344793319702148,0.691188102183955,1.4295622110366821,0.16363636363636364,0.7393598556518555,4.403059005737305,8.346731185913086,0.8030104225762239,2.1217408180236816,0.07272727272727272,0.8269082307815552,0.0,0.0,0.0
480,0.6499020457267761,0.7656282321351011,75.35184266665442,3.100027084350586,6.36339807510376,0.6893744165273505,1.4350874423980713,0.18181818181818182,0.7391189336776733,4.401371479034424,8.3497314453125,0.8028687814723144,2.123749256134033,0.09090909090909091,0.8259426355361938,0.0,0.0,0.0
481,0.6149571537971497,0.7601093259770455,74.80619372031742,3.0956172943115234,6.3408708572387695,0.6915698536792931,1.4346903562545776,0.16363636363636364,0.7352736592292786,4.351684093475342,8.318599700927734,0.8043360628166059,2.1024391651153564,0.12727272727272726,0.8134954571723938,0.0,0.0,0.0
482,0.6125607490539551,0.7660964500173252,75.39891018025833,3.0959811210632324,6.365166187286377,0.6892017753640856,1.4317864179611206,0.2,0.7361603379249573,4.390395641326904,8.352672576904297,0.8027298765456892,2.119053363800049,0.09090909090909091,0.814659595489502,0.0,0.0,0.0
483,0.6032631397247314,0.7660195644038224,75.37331022594071,3.0955402851104736,6.368088722229004,0.6889162874917357,1.432150959968567,0.18181818181818182,0.7345091104507446,4.394021511077881,8.345149040222168,0.803085102644302,2.120925188064575,0.09090909090909091,0.8134159445762634,0.0,0.0,0.0
484,0.5939057469367981,0.7629514077959769,75.0860277424099,3.09560489654541,6.352690696716309,0.6904189125908596,1.4343549013137817,0.2,0.729452908039093,4.37832498550415,8.334188461303711,0.8036020393306658,2.115018606185913,0.09090909090909091,0.8085889220237732,0.0,0.0,0.0
485,0.5980167388916016,0.7660934651833174,75.42245596900602,3.092282295227051,6.360865592956543,0.6896216305007834,1.4326359033584595,0.2,0.7251163721084595,4.407958507537842,8.362038612365723,0.8022872433892451,2.128652572631836,0.09090909090909091,0.805794894695282,0.0,0.0,0.0
486,0.5952880382537842,0.7649451283063269,75.30246146323248,3.0875754356384277,6.357346057891846,0.6899649718911582,1.4310652017593384,0.18181818181818182,0.7196915149688721,4.401280403137207,8.353036880493164,0.8027126562005793,2.125147819519043,0.09090909090909091,0.8008196949958801,0.0,0.0,0.0
487,0.5893582105636597,0.7642111653321735,75.20401054788272,3.0929596424102783,6.359012603759766,0.6898024440268065,1.4353235960006714,0.18181818181818182,0.7175842523574829,4.392969608306885,8.338701248168945,0.8033892701686389,2.1218373775482178,0.09090909090909091,0.7968651056289673,0.0,0.0,0.0
488,0.5894790887832642,0.7648141493593694,75.29465612438207,3.097592830657959,6.3558855056762695,0.6901074434152412,1.4375423192977905,0.2,0.715768039226532,4.3938703536987305,8.354325294494629,0.8026518201854576,2.122866630554199,0.09090909090909091,0.7927911281585693,0.0,0.0,0.0
489,0.5914396047592163,0.762462092888151,75.05840508336905,3.08955454826355,6.346951484680176,0.6909780384095601,1.4349161386489868,0.18181818181818182,0.7110967636108398,4.372325897216797,8.339617729187012,0.8033460561393292,2.114039421081543,0.09090909090909091,0.784492015838623,0.0,0.0,0.0
490,0.5800340175628662,0.7636752746225811,75.16317025454578,3.0895068645477295,6.354640483856201,0.6902288030021992,1.4357755184173584,0.16363636363636364,0.7068337202072144,4.380919933319092,8.340469360351562,0.8033058920691023,2.11881685256958,0.10909090909090909,0.7815085053443909,0.0,0.0,0.0
491,0.5900667905807495,0.7599373278094097,74.82919836083124,3.0862886905670166,6.332940578460693,0.6923408480024975,1.4341754913330078,0.16363636363636364,0.7008202075958252,4.371372699737549,8.333434104919434,0.8036375719815446,2.112750768661499,0.09090909090909091,0.7739355564117432,0.0,0.0,0.0
492,0.6053032875061035,0.7634661626181699,75.16265652946299,3.105708360671997,6.350154399871826,0.6906660584612694,1.4447065591812134,0.16363636363636364,0.6991322636604309,4.3601975440979,8.347238540649414,0.802986487300623,2.110292434692383,0.07272727272727272,0.7716857194900513,0.0,0.0,0.0
493,0.6209383010864258,0.7545975402090366,74.28942332526321,3.082660675048828,6.3131866455078125,0.6942571649147391,1.4346750974655151,0.14545454545454545,0.6944863200187683,4.343297481536865,8.298565864562988,0.8052773580074605,2.102369546890259,0.09090909090909091,0.7621365785598755,0.0,0.0,0.0
494,0.6609004735946655,0.7705663704539115,75.85102465402633,3.1190507411956787,6.381523132324219,0.6876023758693011,1.4485453367233276,0.16363636363636364,0.7007322907447815,4.415060043334961,8.38178825378418,0.8013521987318195,2.1351845264434814,0.09090909090909091,0.7728963494300842,0.0,0.0,0.0
495,0.6772061586380005,0.7595034918655847,74.76657165431129,3.089700937271118,6.334730625152588,0.6921668788302843,1.4365191459655762,0.18181818181818182,0.6936194896697998,4.402989387512207,8.32319164276123,0.8041199675675132,2.128650188446045,0.05454545454545454,0.76236891746521,0.0,0.0,0.0
496,0.640579879283905,0.7642833987213324,75.25724651810015,3.1027538776397705,6.351005554199219,0.6905831089792747,1.4444304704666138,0.16363636363636364,0.6912439465522766,4.413074970245361,8.357269287109375,0.8025126767846653,2.135552167892456,0.07272727272727272,0.7627755999565125,0.0,0.0,0.0
497,0.6046379804611206,0.761844176405053,75.01830098195978,3.091403007507324,6.340639114379883,0.6915923617283893,1.437996745109558,0.18181818181818182,0.6876500844955444,4.405815601348877,8.34441089630127,0.8031199449752238,2.1299846172332764,0.07272727272727272,0.7586022615432739,0.0,0.0,0.0
498,0.5765529870986938,0.7634389035494371,75.14164343090351,3.088604688644409,6.353343963623047,0.6903552362643695,1.4359443187713623,0.18181818181818182,0.6866717338562012,4.429916858673096,8.339863777160645,0.8033344587640512,2.141749620437622,0.09090909090909091,0.7615856528282166,0.0,0.0,0.0
499,0.571951150894165,0.7615365246411134,74.963840303305,3.1023764610290527,6.343720436096191,0.6912925381697013,1.4439667463302612,0.14545454545454545,0.6856158375740051,4.3974995613098145,8.333192825317383,0.8036489559851996,2.1281330585479736,0.10909090909090909,0.759441077709198,0.0,0.0,0.0
500,0.5796542763710022,0.7564952518295398,74.48523964331434,3.0928027629852295,6.319492340087891,0.6936461105410132,1.440418004989624,0.16363636363636364,0.6816025972366333,4.375118255615234,8.312551498413086,0.804620436985084,2.118302345275879,0.07272727272727272,0.7521588206291199,0.0,0.0,0.0
