,,,,V1_r2,V1_r2,V1_r2,V1_r2,V1_r2,V1_rmse,V1_rmse,V1_rmse,V1_rmse,V1_rmse,V1_mae,V1_mae,V1_mae,V1_mae,V1_mae,V2_r2,V2_r2,V2_r2,V2_r2,V2_r2,V2_rmse,V2_rmse,V2_rmse,V2_rmse,V2_rmse,V2_mae,V2_mae,V2_mae,V2_mae,V2_mae,combined_normalized_rmse,combined_normalized_rmse,combined_normalized_rmse,combined_normalized_rmse,combined_normalized_rmse,normalized_rmse,normalized_rmse,normalized_rmse,normalized_rmse,normalized_rmse,V1_macro_compound_mae,V1_macro_compound_mae,V1_macro_compound_mae,V1_macro_compound_mae,V1_macro_compound_mae,V1_macro_compound_rmse,V1_macro_compound_rmse,V1_macro_compound_rmse,V1_macro_compound_rmse,V1_macro_compound_rmse,V1_median_relative_absolute_error,V1_median_relative_absolute_error,V1_median_relative_absolute_error,V1_median_relative_absolute_error,V1_median_relative_absolute_error,V1_relative_excluded_rows,V1_relative_excluded_rows,V1_relative_excluded_rows,V1_relative_excluded_rows,V1_relative_excluded_rows,V1_median_absolute_error,V1_median_absolute_error,V1_median_absolute_error,V1_median_absolute_error,V1_median_absolute_error,V2_macro_compound_mae,V2_macro_compound_mae,V2_macro_compound_mae,V2_macro_compound_mae,V2_macro_compound_mae,V2_macro_compound_rmse,V2_macro_compound_rmse,V2_macro_compound_rmse,V2_macro_compound_rmse,V2_macro_compound_rmse,V2_median_relative_absolute_error,V2_median_relative_absolute_error,V2_median_relative_absolute_error,V2_median_relative_absolute_error,V2_median_relative_absolute_error,V2_relative_excluded_rows,V2_relative_excluded_rows,V2_relative_excluded_rows,V2_relative_excluded_rows,V2_relative_excluded_rows,V2_median_absolute_error,V2_median_absolute_error,V2_median_absolute_error,V2_median_absolute_error,V2_median_absolute_error
,,,,mean,std,median,min,max,mean,std,median,min,max,mean,std,median,min,max,mean,std,median,min,max,mean,std,median,min,max,mean,std,median,min,max,mean,std,median,min,max,mean,std,median,min,max,mean,std,median,min,max,mean,std,median,min,max,mean,std,median,min,max,mean,std,median,min,max,mean,std,median,min,max,mean,std,median,min,max,mean,std,median,min,max,mean,std,median,min,max,mean,std,median,min,max,mean,std,median,min,max
column,protocol,budget,method,,,,,,,,,,,,,,,,,,,,,,,,,,,,,,,,,,,,,,,,,,,,,,,,,,,,,,,,,,,,,,,,,,,,,,,,,,,,,,,,,,,,,,,,,,
25g,compound,30,conditional_EA,0.8592581058130753,0.016441658550205455,0.8675282505139379,0.8353338943651676,0.8756243884926733,13.154753064040303,2.3662432501900175,14.111127692064537,8.936972300337382,14.463268816384367,8.109113522233423,0.9893823547561634,8.578856935463115,6.34565939124708,8.61497759110871,0.8748727197585631,0.025129180037928595,0.8779048575998093,0.8425140909549957,0.9081924257067291,20.05921602994149,4.9899685172322235,22.414712684985922,12.403311338717673,25.003093864141547,13.552716443814186,2.770964325853295,13.719227087362905,9.390582552161064,16.940440482767364,1.4757300029980018,0.2932431126223213,1.609191616165208,0.9699509617833644,1.6915338578170593,1.4585958348453416,0.29653170020378194,1.5975409559231524,0.9528501477539038,1.6864393874776602,8.678362457395213,1.276043861602111,9.07543457343707,6.462643085076124,9.700005251984834,11.881191424518633,2.0892636829577103,12.474819527705058,8.26084898473923,13.668127746377614,0.17080931858221662,0.014648969405353816,0.1648733579358823,0.15831884803917984,0.19422722206780876,0.0,0.0,0.0,0,0,4.625062909990193,0.3030292561666862,4.614213949551804,4.356491414194807,5.125120353019243,14.304194079096977,3.359816237709122,14.869123260268584,9.054296857029772,17.175572179022293,18.122065646759662,4.637021071910328,19.87326394628487,10.722863260420656,21.786514205794422,0.2041444046048054,0.017960285624722676,0.19613430458701156,0.1861765757268507,0.2318593927275426,0.0,0.0,0.0,0,0,9.136016955671577,1.9679363309134985,8.90797419516366,7.113168794070569,12.13707395922691
25g,compound,30,conditional_policy,0.8412818806819212,0.039789654135443574,0.8514809691853025,0.7757826669348646,0.8756243884926733,13.88378074547769,2.7962638553030823,14.322244817696324,9.462803660223784,17.230434739365077,8.613364845071985,1.0577347795192453,8.60006983588413,7.238291652838605,10.207481288064402,0.8656944621437361,0.04694797989628977,0.8779048575998093,0.7990432413227065,0.9228778335588559,20.739214948467442,6.249019336594701,22.414712684985922,11.368102983668825,27.01067650234538,13.674123336057828,2.9995836173954826,14.77051320974107,8.94633089100112,16.940440482767364,1.5469785628005566,0.35714317456764133,1.6298883660892198,0.9854500491377364,1.9499353278236085,1.5260047738262554,0.365366343806972,1.6148860341816917,0.9540202222147584,1.9334155763668668,9.101893409485012,1.2547993322999191,9.282669315264002,7.048792992857196,10.40256491388196,12.35408533531066,2.2962545927797904,12.640993012191487,8.550970622332345,14.549167444072083,0.18017095439317093,0.025801035542736283,0.1648733579358823,0.15831884803917984,0.20839704600686293,0.0,0.0,0.0,0,0,5.000291826486648,0.6979272311782907,4.61638295695883,4.356491414194807,6.0522154747879195,14.491065502784787,3.4219373033025726,15.798368425448636,9.059408810288774,17.175572179022293,18.45562900016344,5.009307646032868,21.64342210475948,10.43921065659996,21.824733317124448,0.19732550902610005,0.02607822794299174,0.1951011086955244,0.16303678114720976,0.2318593927275426,0.0,0.0,0.0,0,0,8.886342686891187,2.2993527027107805,8.90797419516366,6.053983184458032,12.13707395922691
25g,compound,30,local_identity_shrinkage,0.8387287667663065,0.02701298193175641,0.8514809689077488,0.8090238700789666,0.861808456096476,14.053944644216179,2.5998620674457715,14.976048981826485,9.46280366906587,15.901979456063232,8.796115972063017,0.9121020220107438,8.97513689418394,7.238291702772919,9.580745119110976,0.8810849879062415,0.025669484509357125,0.8769492181175437,0.8523809951347237,0.9228778312199015,19.562455330813513,4.933997822650691,22.309775152649436,11.368103156054236,23.15022890625202,12.539427129865684,2.3038162655918497,13.244560117170016,8.946330980532473,14.712376884353267,1.5281225522728508,0.31018785472955085,1.6586620567254182,0.9854500536686439,1.7530484523511518,1.5002037142070406,0.31389672207094876,1.641013883956246,0.9540202281372354,1.729054225359492,9.23919242157569,1.2546949184207563,9.842240529505126,7.048793043686667,10.06897206495017,12.443787060609615,2.205312772659178,13.304130711946867,8.550970645471832,13.762155419086621,0.18216189596004023,0.019505220515696236,0.18035404861947138,0.16263141153185784,0.20839704388647728,0.0,0.0,0.0,0,0,5.098148046676675,0.6435762879785423,4.900917746927851,4.357044113028053,6.05221561411474,13.724324834969991,3.1274352830972147,14.172917142874535,9.059408845750221,17.146015516686,17.626583758188854,4.409408296305238,19.097794277753998,10.43921073977834,21.641939672107668,0.17690505847747262,0.0168852604577976,0.17510776403829229,0.15971721732506902,0.20074100761989155,0.0,0.0,0.0,0,0,7.464568754489446,1.1657729989024224,7.625694607911711,6.053983048727186,9.033819259844371
25g,compound,30,scale_only,0.8172414269585022,0.030169543907666227,0.8223608194568516,0.7757826669348646,0.8551960007403161,14.939273825125317,2.6795681686905803,15.453745537719598,10.34899450814926,17.230434739365077,10.657524720568002,1.590596732298071,10.302862924475171,8.530303794876746,12.819369764946567,0.8513086950131765,0.03624102290477535,0.8477636922957007,0.7990432413227065,0.899916105135606,21.81704822179775,5.473537494041547,23.347356360356876,12.950319639526118,27.01067650234538,15.421413110649885,3.3718314700061964,15.308758093314678,10.258237451237202,19.024769592599508,1.6498004059354148,0.33332404238100793,1.7256098344307726,1.0894652774659639,1.9499353278236085,1.626502575743546,0.3386907951187422,1.706742672026993,1.0594619999137431,1.9334155763668668,10.796282209043731,1.719906912727563,10.48832537778204,8.326486126628776,12.858181205350446,13.476122555446793,2.2552525691895475,14.32101186847778,9.654084285755738,15.442721442282991,0.283877008057954,0.062395417951897805,0.28228094630498995,0.2082411807846246,0.37902431697232264,0.0,0.0,0.0,0,0,7.960390913088647,2.1395698187398287,7.8745988354309535,5.362155336939878,11.05635840189015,15.733621937336611,3.6885554788949926,15.798368425448636,10.010484674772066,19.706767247590477,19.412795184397357,4.7105093934317415,21.57920791046303,11.516583897608129,23.35104039760284,0.2584368141338268,0.06055885523028347,0.280008568961447,0.18517962127312573,0.3328810663759224,0.0,0.0,0.0,0,0,11.766166662664926,3.27730252077488,12.795667373889529,7.5569926162150765,15.507137388528491
25g,compound,30,source_anchored_full,-0.2690842470052652,0.10887111975621101,-0.2959998644806181,-0.34859380071718826,-0.08008309917459511,39.441371628541404,6.709838163238974,41.25742699496475,28.372975333971905,46.26245902307006,26.85179275795907,4.424745834290391,28.797283117757008,19.25643141981132,30.115472628828826,-0.23536521303352456,0.13712976905731464,-0.3179268300306537,-0.34569369230557867,-0.06742468279633851,62.25263002197691,9.882943311322661,63.343129335592224,46.99417593615913,74.4144184172823,42.913837942062145,6.42079854157318,44.257501630841126,32.13250343396227,49.09338905405405,4.4752542733552385,0.7398547732366751,4.633546089351083,3.2795213466094344,5.286567290407937,4.438869775956157,0.7309210373576597,4.588022624512668,3.261972547241339,5.2499457854380545,29.519621756677473,5.0281868663858615,30.097927706979167,21.442503604358553,35.026249440310934,36.607021241263546,6.757034739841654,37.55952450569106,25.617540471283622,44.1314976237435,0.6462714752718102,0.0584588384582712,0.6391944777475023,0.5598638102281585,0.7130890404040404,0.0,0.0,0.0,0,0,15.60832704,1.9045910898041403,16.395811000000002,12.4314569,17.312425,47.73681598343202,7.722023511461008,47.109526636293864,36.90028380435072,58.47820961649437,58.28053086077553,10.460567627587867,59.1188902010973,42.97406591786283,72.46012629604874,0.6226576711145695,0.035788859244547715,0.6349548554572272,0.564853077491261,0.6556732218181818,0.0,0.0,0.0,0,0,26.5016029,3.3386329144630507,27.799055,21.3309165,29.737907999999997
25g,compound,30,source_anchored_shallow,0.27105889900626456,0.1260721452233992,0.2473449663884284,0.14810345093723076,0.4684429367313979,29.666035896397517,4.569626149963167,29.803232969146645,22.182594399424833,33.58575173927376,17.526052583587028,3.147054179468283,18.614707635632183,13.148793514150945,21.15498397297297,0.27744807588062054,0.13702089406674584,0.2507224223649245,0.155478657814761,0.48970513309739183,47.27644341019531,7.078480989844982,45.91575135302137,37.36533193774431,55.371905314312464,28.448291359818178,4.854359177485828,28.982650954022986,21.82408886792453,33.7927687072072,3.3785881398201227,0.510281679298832,3.351340668427395,2.5813937549548776,3.874953505354725,3.35280196685171,0.5056759214345825,3.319188479021279,2.5696955238604104,3.853304878044397,20.14158252846851,3.675950217361574,19.711530889494046,15.537979814927944,24.95676955006657,27.008245795082445,4.890461545861149,26.821524779811504,19.483977480027086,31.63114269148193,0.3600546616545331,0.09930619585208951,0.3847498637602179,0.21133129476584014,0.4762602414486922,0.0,0.0,0.0,0,0,8.327997700000001,2.5032995868000807,8.845341000000001,5.128789999999999,11.394083000000002,33.02855115459665,6.205810157356567,30.531955405357145,26.354401400622653,41.284667534108706,43.174794951747174,8.136202436368634,42.47769015861237,32.12035361626312,51.512231664571715,0.3706657581269191,0.08661921068442621,0.39263750000000003,0.2325468852459017,0.45848133971291866,0.0,0.0,0.0,0,0,14.3320416,4.118519542360192,16.102293999999997,8.013579999999997,18.607
25g,compound,30,standard_full_finetune,0.3475330309567915,0.20777149536379302,0.4218456235850976,0.0649003161050914,0.6038376537633869,28.396447814460835,8.489998005403542,26.120849753977872,18.62562243775044,38.522732859877465,17.383802278787343,5.492467148351089,17.564084730693068,11.674658235849055,24.222620743678164,0.24242932484686489,0.2996335756861064,0.20052987380059373,-0.14447814809756965,0.642860505498198,48.48848471745398,14.878807305187996,50.22588620937375,31.448772392125637,67.40260054695398,29.085691579446024,9.653256036703613,31.102351585585588,19.19241303773585,42.39312280689655,3.3274061212079706,0.9857562001922163,3.2209883197172915,2.1695686520572326,4.372139150692886,3.3099368957634696,0.9794757859722131,3.2195753154339912,2.159977001319362,4.368596012189574,18.48444814143405,5.4004735324796105,17.842278413302004,12.971688440789475,24.449260970297615,24.353940275665764,6.828081581399676,23.57976457106036,16.990890418507064,32.665511640872,0.36701285976834525,0.1543337690348635,0.346292627501614,0.20439556350626115,0.5894633562071118,0.0,0.0,0.0,0,0,9.21616272,3.522350319192707,9.140974000000002,5.8905425000000005,14.2476481,30.78484697649248,8.529032388882122,32.457116997250935,21.449659222282268,41.77098328090774,39.83975545072875,10.890201645479571,42.75464670168771,27.21568121000477,51.98075324318414,0.3574504610889931,0.16990823688816822,0.31900872620790627,0.21213625570776254,0.6314270489844683,0.0,0.0,0.0,0,0,14.594114999999999,5.356037288769095,14.852775999999999,8.443248,22.665374
25g,compound,30,standard_shallow_finetune,0.6855113080694034,0.0665182144818563,0.6794409899258809,0.6065628820152249,0.7759866963712643,19.3589464515372,2.450125359062377,19.449990187409412,15.401621313253626,21.7537928496846,11.521418489764212,1.036880946015972,11.703573383177568,10.439370202830187,12.841407918918918,0.7378637791798469,0.05221223377143153,0.7392350898633361,0.6625441693760787,0.807302355481918,28.522900277354175,4.625582892592324,30.7686702888389,23.28512266875405,32.97873397698861,16.77358749073872,2.5059340903793266,15.852856242990653,13.784662910891088,19.908029551724134,2.146131047460861,0.268777768202626,2.253717038411166,1.733262038672613,2.375366528858544,2.115511362984848,0.2698653594296691,2.245352533090303,1.7168824211766216,2.3373215156263765,12.801345167779607,1.29155746075131,12.200649039050752,11.658307728606673,14.927318653884713,17.215805808469494,2.301217658154902,17.65412257543289,14.001131859811704,20.09876989383886,0.24201826224708683,0.06027624793730556,0.23056500802568214,0.18192310773480672,0.3347161241671965,0.0,0.0,0.0,0,0,6.286157749999999,1.511917420835439,7.135363999999999,4.114142000000001,7.576886999999999,18.597913055157427,2.684743645709422,18.034802392688754,15.334920059406329,22.624884071945488,24.39645476539793,3.440035778836949,24.380480495867342,21.143979145519893,29.289208979595706,0.21625708276144562,0.048657027878168696,0.22684716471647165,0.15915248137535817,0.26982850222042787,0.0,0.0,0.0,0,0,8.565579500000002,1.2596955443615134,9.370826000000001,6.8246600000000015,9.631500000000003
25g,compound,30,target_head_only,0.4731348317812074,0.04163790559521126,0.47605799116172476,0.4306292050905215,0.5357914915710598,25.585062270014827,5.136863414520385,27.457389048777635,16.729591019691327,29.19664495411386,14.762189020422031,2.98179907228884,15.48265055140187,9.743535160377357,17.521041000000004,0.3280136889337034,0.045435598574288805,0.3102811236590107,0.2917675095762723,0.40667731614242986,46.27907236808071,8.868278825895091,50.14461019241759,31.531444370935635,53.27458060904927,29.10499659803373,5.597084627253997,30.573906364485985,19.863562018867928,34.37313833333333,3.068643871131261,0.6020334108388535,3.306909630536195,2.0438381719811898,3.490941561891779,3.0628262203434096,0.6002207212920416,3.301856989898652,2.0422364376359665,3.486659956843162,16.53495248494831,3.168351458644748,17.465442078704573,11.133505648222119,19.382299082808583,22.67360807179281,4.653624995731573,24.32898199064655,14.643851120056489,26.62219669995718,0.28559155479083564,0.031485486238897895,0.28919711924439195,0.23950471389087336,0.32556451612903226,0.0,0.0,0.0,0,0,6.9911504,0.6748345262442483,7.167225999999999,5.829799000000001,7.536137,32.74308767954574,5.871787125368381,34.715952695723686,23.233599762186717,38.97965517270521,42.50765936546465,8.351913106032258,45.07435955847555,28.615192542469202,50.66343674018839,0.3677154856899104,0.039738535068120376,0.36691865486725667,0.3093165567731506,0.4208295355830271,0.0,0.0,0.0,0,0,15.593424599999997,3.150926171736861,16.014907,12.203767,20.346046
25g,compound,50,conditional_EA,0.8412016966082007,0.02134919727222559,0.8422376211346455,0.8093115675431776,0.865444315438943,13.942230933100642,2.441404070384818,14.896852018286046,9.752826517247662,15.889997111824709,8.95935972462369,1.9909846238324196,8.951342610122383,6.02177319583915,11.299907343191013,0.8684813716765237,0.05901030353196132,0.8833847979897982,0.7675337758828806,0.9230913902913226,20.37295501554294,6.493306404517087,21.51545252926173,11.35235253206061,29.051200501839393,13.865194298825571,3.998621653107649,13.965021563425125,8.78575013600513,19.475201446042767,1.5429336006404641,0.33791700408328645,1.637872326245112,1.0076201546448347,1.9146898581308334,1.5183225504047244,0.34940438088834996,1.6144307086446221,0.9719336248848335,1.9118216521020845,9.41283448516046,1.9623887980711803,9.180333903109574,6.443885121859646,11.548603434677233,12.652941292689754,2.6434148458936177,12.489250870510567,8.577880119585464,15.22099668855912,0.2081846902249173,0.06840987069577043,0.16566692680983572,0.16184426222593348,0.31971596938167596,0.0,0.0,0.0,0,0,5.994831793603414,2.1888061377461474,4.983793518504207,4.281670426092877,9.36014995420934,14.795416324075159,4.661436515888498,14.752105968151696,8.668808975506185,20.885214169680577,18.70481607205641,6.19877795860863,19.047449460784126,10.034643082847818,26.422238811848285,0.21060093657248863,0.054921479470274565,0.19228095226353564,0.15638851368499884,0.30134264961053653,0.0,0.0,0.0,0,0,9.55897081508942,2.982775515096654,9.65595890460611,6.639582002491366,14.249954754512032
25g,compound,50,conditional_policy,0.8305392920907714,0.04329302732710682,0.8422376211346455,0.7559995449560319,0.865444315438943,14.359132700191841,2.976500824187137,14.896852018286046,9.752826517247662,17.974505947280697,9.616670899347373,3.1576066784929484,8.951342610122383,6.02177319583915,14.586463216809424,0.8829652459041268,0.02959473405023665,0.8833847979897982,0.8399531470208955,0.9230913902913226,19.38372142721453,5.059042766899535,21.51545252926173,11.35235253206061,24.105032560197365,13.543162986409826,3.4628024842433938,13.965021563425125,8.78575013600513,17.86504488396404,1.5460455339413977,0.3422404476194445,1.637872326245112,1.0076201546448347,1.9302495246355003,1.5140104236105265,0.343415708029805,1.6144307086446221,0.9719336248848335,1.8902610181310946,10.08692104437866,3.1180388223289475,9.180333903109574,6.443885121859646,14.919036230768233,13.131609372420787,3.347592129085774,12.489250870510567,8.577880119585464,17.614337087214288,0.23138824804376718,0.11765093326100692,0.16566692680983572,0.16184426222593348,0.43573375847592527,0.0,0.0,0.0,0,0,6.562064024875161,3.34244321605505,4.983793518504207,4.281670426092877,12.196311110568082,14.27498097200166,3.8935703352466597,14.752105968151696,8.668808975506185,18.283037409313067,17.917081871518125,5.131206432531804,19.047449460784126,10.034643082847818,22.483567809156845,0.21332519641628567,0.06059279559612418,0.19228095226353564,0.15638851368499884,0.3149639488295217,0.0,0.0,0.0,0,0,9.848762684606985,3.5658615965651146,9.65595890460611,6.639582002491366,15.698914102099856
25g,compound,50,local_identity_shrinkage,0.8262599000358405,0.025446947839253484,0.8306768711072433,0.7867592412309379,0.8506840532180493,14.586518958172283,2.619430615776697,15.686400139453628,10.10385065995447,16.803384050236723,9.84862395335093,2.3717788358426777,9.740235850381854,6.546860619698335,12.958798203056954,0.868696155529648,0.05705083286665463,0.8768989885911571,0.7756557180543153,0.9323799109637098,20.393935063488854,6.527808118331777,21.63337184178174,10.644769406524484,28.539190824738757,13.545670397700652,4.382292169163045,13.29102283337023,7.97655495793423,20.003704198949265,1.5904251219334196,0.35127582202178254,1.699560298452654,1.0204496704671193,1.9620060026385948,1.559858045577917,0.3651438708538213,1.6685957869329968,0.9722009543710814,1.9538560284297792,10.226290352891334,2.3226837848458493,9.857129713835029,6.911713021809224,13.152074276845937,13.242093318416362,2.6907988299087635,13.345876310145485,9.038117563451832,16.19183704305041,0.23552193999119667,0.0791785785037713,0.20482304708618232,0.16585689384868593,0.36328357064439637,0.0,0.0,0.0,0,0,6.722142284026051,2.4256148398127184,5.913799520949079,4.484858627728197,10.534262763566833,14.611246914811312,4.899620692795024,14.192950995664166,8.164390245437662,21.382080193376257,18.686786162612037,6.218367686613332,18.976149909744215,9.630209104396197,26.484845103717905,0.20348406106206401,0.0705945440644081,0.18703787636003127,0.14471645604141412,0.32351891485417317,0.0,0.0,0.0,0,0,9.199329385519263,4.053744800394888,7.885844158973537,6.397333918827545,16.349230437300065
25g,compound,50,scale_only,0.8117028341287271,0.037980922819769974,0.8202220823137354,0.7559995449560319,0.8596947286810659,15.15792785698838,2.93272129813219,15.39262259418731,10.319678695257005,17.974505947280697,10.937364646291895,3.2515618917289255,10.245723825768671,6.557842472916304,14.586463216809424,0.8656974836930343,0.030100432959650324,0.849359069738528,0.8399531470208955,0.9097376915322734,20.72214256748567,5.00951618031701,21.447335527980613,12.298484751908624,24.897484919905665,14.954587299231974,3.7198539705018674,14.877983897508887,9.162033958954392,18.548410602245717,1.6380660055151204,0.339078775549617,1.6593150614936576,1.0724811198384303,1.9302495246355003,1.6063241972639202,0.3401986555352173,1.6322967581197956,1.0373288806725987,1.8902610181310946,11.195315202401257,3.1646966373046315,10.450528513965972,6.980266210583292,14.919036230768233,13.859790435281653,3.2270062717669523,13.44663401525375,9.213410207285312,17.614337087214288,0.29733938127521575,0.11781564420043304,0.24466762068040507,0.1803650965792985,0.43573375847592527,0.0,0.0,0.0,0,0,8.20197431807744,3.5946885693851764,6.804215225437893,4.413030429935722,12.196311110568082,15.296589614858913,3.914680759103035,14.795780621494881,9.370960342145636,19.37236202666424,18.925787617013647,4.744446698578424,19.134604793403078,11.16978515392223,23.068098448189247,0.26167808529257874,0.059698424057847616,0.2715012978049895,0.17272490652937905,0.3149639488295217,0.0,0.0,0.0,0,0,11.839481417208512,3.434651110073824,11.64508987550645,7.637536804672241,15.698914102099856
25g,compound,50,source_anchored_full,-0.17065839305767297,0.1813618849608621,-0.24205372024223348,-0.32106099724728665,0.13889718349016356,38.06435496343879,8.516356262719281,40.84941778972418,26.546536362499136,45.787778085888064,24.74393960492238,4.898263541559854,26.393968943925238,17.908068598113207,29.088765572413795,-0.1544287724338576,0.18034895661307876,-0.23970694041755514,-0.30263305542051167,0.12206518045729076,60.740165077093096,13.888990875510785,67.08781836600618,42.29543871032686,73.21415103371189,40.493865606325464,7.999821970645887,44.370973710280374,29.313474117924528,47.22227072072072,4.336657144133383,0.9775392766120855,4.705833209119648,3.022555543840866,5.2204529209086346,4.304452247876083,0.9715194340086026,4.678597211509883,2.999939999993919,5.182495283218792,27.285014359599465,5.5646428787125055,29.736604969329576,19.649255213921524,33.60308286594455,34.61925962749403,7.648594184942517,37.845668203421276,23.928868101542704,42.88721340740943,0.5553840879040071,0.058609968603517075,0.5626199876466955,0.48741615384615383,0.6136924661246612,0.0,0.0,0.0,0,0,14.1275148,2.1837748201612555,14.775046,11.615014500000001,16.468093,45.05680403122259,9.262876416527131,47.247733998288695,33.20992172348841,56.162314708286345,56.18988700659507,12.716374388133245,61.26328349658866,39.1150684894396,70.11906377984926,0.558488738041441,0.04425000721543514,0.5754807358556058,0.506477192429022,0.6069271889400921,0.0,0.0,0.0,0,0,23.612704200000003,3.441022556764589,25.710731000000003,18.717615000000002,26.468295000000005
25g,compound,50,source_anchored_shallow,0.30224160227598096,0.06847007843478926,0.2884312556369313,0.222148555876311,0.38705757774418204,29.23328835096977,4.987783918736576,30.29798341988116,21.161998106400148,34.25720371703539,16.84296496540786,3.0749444923639877,15.840117425742571,13.404675836792453,21.557422844827585,0.2980289543385396,0.07388480479166751,0.3107558790601329,0.20573568358834737,0.3779161269064757,46.854968705726186,6.638162574110992,47.52352258616968,35.69431591365173,52.30695462988862,27.540913128917758,4.532672893685165,26.358692683177573,22.096191491509437,34.41356382758621,3.336577868721721,0.5301000914866615,3.4228378169223506,2.463974785066618,3.8397439041780106,3.312233775936287,0.5206682189171298,3.392827601859822,2.4529633389699783,3.8005876578995585,19.320774667757988,2.8540348985705175,18.633677881502194,15.390899400638315,22.181374075595237,26.129401714021185,4.369777197080177,27.335884817884207,19.14788235665923,29.836727995573582,0.3254819033004053,0.08051068354646958,0.32037022280471816,0.21093284755512937,0.42303612527312456,0.0,0.0,0.0,0,0,7.7287571999999995,1.8275335781119584,7.6913339999999994,5.200855000000001,10.363527999999999,31.900767025863093,4.2209854295853475,31.75105064766604,26.058771834241856,36.71357122059054,42.05607297507105,6.268826961633508,43.78743642700437,31.571513793737488,47.96055544180383,0.32816944136027143,0.07512454805084133,0.3212357575757576,0.2302736842105263,0.4295742947845805,0.0,0.0,0.0,0,0,13.686492099999999,3.165896616762588,13.093143,9.702615000000002,18.313646000000002
25g,compound,50,standard_full_finetune,0.27194640011754717,0.2387446341832508,0.18504538555248684,-0.01638521869388554,0.6093648161577705,29.74496118284079,8.437393496761288,28.245128156392525,21.470940620429545,40.162182398573094,17.957182705299026,4.399104392215399,17.519781985046723,13.742284103773585,24.09225036936937,0.23990502436863276,0.20427704771690425,0.18814687546553832,0.03897611114934174,0.47507179147179857,48.60847834225778,10.789076634997974,45.346360391808965,38.43176082188979,62.88558063675703,28.978735072815233,4.912621769012823,28.02232190654206,24.10568470754717,36.27336939639639,3.4214661504291586,0.8862125960026455,3.225306709446562,2.5631612020681804,4.543115572508982,3.3992381225175414,0.8700885344783945,3.2026108955936863,2.5577051749292465,4.504294052353946,18.956792092927632,5.758603087931004,19.261317650967264,13.473634083086623,28.019007772243107,25.15723594206785,8.659303349504686,25.098225092856808,16.373025555225208,38.61054432627135,0.3470055641283687,0.05424884194586252,0.36771071473750794,0.26154500311915163,0.38983905743740804,0.0,0.0,0.0,0,0,8.9956727,1.2523746751878824,8.7103495,8.047795,11.094073000000002,30.344369559794018,7.483326767888194,29.13645634642857,23.72675941351426,42.686210587124066,39.8325714245157,11.778292601776274,40.22019970638017,27.988667951680476,58.47533010675974,0.31434381712277953,0.037821748316558323,0.31561530256444914,0.2605050988776055,0.36696733689658095,0.0,0.0,0.0,0,0,14.4159897,1.674060764929904,14.980740000000004,11.942480000000003,15.885293999999998
25g,compound,50,standard_shallow_finetune,0.6860613280111524,0.0517402422123959,0.6816413958218812,0.6269505954508994,0.7653089854071514,19.553285568693287,3.519288618155772,20.982081421244214,14.352926638053223,22.914045678890925,11.610425546936026,1.4153851132408624,11.50410831683168,10.17941290754717,13.441704298850576,0.7748023426676729,0.03356578278880891,0.7578255839100255,0.7491212013614987,0.8316911827791045,26.561176902944112,4.6215253154734794,26.13928849810571,20.144779563168445,32.130387568101405,16.24799111574352,2.008520319714138,15.781572691588785,14.32012518811881,18.590358252252255,2.1088675972002644,0.3695533025629824,2.206154890982811,1.563341394015674,2.4354657145142693,2.066830953936326,0.3598772073323607,2.144373243486653,1.5372865018989135,2.3882583075120944,12.809148746486528,1.8225581650472993,13.276004118248746,10.436749049796365,15.054220316102757,17.366707983672928,3.345852375395009,18.82157964029834,12.583498457572858,21.104005662346204,0.24960844908812155,0.042884512871256476,0.2313903068252974,0.20679585301837278,0.29918220021010405,0.0,0.0,0.0,0,0,5.978818399999999,0.5465664280257234,5.786493,5.482245000000001,6.772814999999998,18.014245540693924,2.617388178088579,17.347587510698624,15.403635420120613,22.230198895018802,23.520011786112985,4.132227514675907,23.042172912812674,18.008872374043538,29.512105496967415,0.20907248774253318,0.04401550385216185,0.22698085808580853,0.14299833940276757,0.25448646668193264,0.0,0.0,0.0,0,0,9.0962147,2.100063344094578,9.471234500000003,5.678539000000001,11.240498000000002
25g,compound,50,target_head_only,0.4741677779481666,0.028956885105866085,0.47294595341047996,0.43729262541511105,0.5178220464597728,25.54158314445577,4.985829326407099,26.6056408861386,17.05031671794091,29.482958057343087,14.616322313135374,2.740236343014204,14.695376202970298,10.259736349056604,17.600926247126434,0.3287132582968507,0.04320483371526388,0.31675096378555345,0.2896552396574972,0.40290551482947334,46.24395467286029,8.782673332889983,49.805082845217406,31.631509590428987,53.146691523392924,29.048833376935,5.139172151428474,29.990944654205602,20.74078614622642,34.230311379310336,3.0647648363696502,0.5888250205329659,3.240243360110422,2.068030025522376,3.495271803344423,3.0589750679833587,0.5872271042008169,3.237249982546933,2.0657000898644178,3.4859024829353578,16.41027328444314,2.9261479649571362,16.68198174219925,11.580133217508614,19.273583062022244,22.58414304792005,4.392387192429157,23.257618102539418,15.11611610255433,26.54421286316017,0.27290384273335283,0.025286137223809214,0.2688061757719714,0.24843160762942781,0.3146242011524358,0.0,0.0,0.0,0,0,6.85037655,0.38814909633849104,6.645972,6.562227749999999,7.507719999999999,32.695955262245455,5.450908980516366,34.192977352858705,24.011624701554666,38.744219922963666,42.496266161316285,8.026440278054096,45.147658193371186,29.180511152515187,50.473644703364315,0.36666593689469107,0.026303845031428744,0.3581160083160083,0.3393670303535308,0.40970766524822694,0.0,0.0,0.0,0,0,15.5204747,3.070774255005559,15.313869999999998,12.950093500000001,20.543163
25g,compound,70,conditional_EA,0.8582344188550419,0.033096754107917625,0.8690525164425981,0.8026689816143472,0.8862145529061166,13.184982390949283,2.822631936956934,13.698936063911388,8.580759690559661,16.16439008808227,8.312767922822752,2.1338506435218183,7.9408490148634545,5.751346962806796,11.679816932391798,0.8637083103538947,0.06111179956123996,0.8888713517249104,0.7549265734403496,0.9008770264110086,20.631351183148666,6.219161724545861,20.9582484611794,12.88800066346666,29.828558389582145,13.925921931827379,3.9849019903538276,12.969470106438544,9.731564119612504,20.451586196408723,1.4931540213702252,0.3624461343949675,1.5365494728348725,0.9561741704709843,1.9558665392406935,1.4783081570503953,0.3655746935178794,1.5210877651230876,0.9453213044068902,1.9534099514511727,8.813388762380665,2.1462450408038967,8.469270883588823,5.977159968896001,11.921696481791372,11.775546743689246,2.8153041153507252,11.39205159268581,7.792064376604721,15.53411948793224,0.18862480509145618,0.0831214791135382,0.1634531725563377,0.12374643759622686,0.33405492328678943,0.0,0.0,0.0,0,0,5.308070382229048,2.4333652964641694,4.152819317490049,3.781725551820113,9.604335347570572,14.843517415171869,4.6447499651442365,13.663196727312599,9.390017221803998,21.832416652894228,18.72726465914578,5.93396728387213,18.259386977445708,11.156470558762681,27.27016872287789,0.21467621101477086,0.057887821601650236,0.18762150926467774,0.18291977808240512,0.3176966780470279,0.0,0.0,0.0,0,0,9.718650503144618,3.6023176373610797,7.927815579158384,7.761837646389926,16.115003901606563
25g,compound,70,conditional_policy,0.8463502540145049,0.05276465777219332,0.8670842969179597,0.7540418551823665,0.8862145529061166,13.635633314641689,3.253097804608655,13.698936063911388,8.951935046737376,18.046469350366596,9.020015982218663,3.2496821754613054,7.9408490148634545,6.300315443140055,14.6670887490381,0.8825474152507443,0.026656704562236365,0.8888713517249104,0.8386796930821007,0.9113194312535061,19.366237736172724,4.640957967150556,20.9582484611794,12.190250319095567,24.200741499073533,13.369856245225623,3.162067128792808,12.969470106438544,9.33683392663321,18.06598795637925,1.49150308643413,0.3531744216877658,1.5365494728348725,0.9658277910773351,1.9379582439538663,1.4675573505663349,0.34723410022091683,1.5210877651230876,0.9471731315827528,1.8978040918550083,9.511674197984036,3.2632516362873534,8.469270883588823,6.380540548624419,15.0097430800798,12.283322824780711,3.4798832361906884,11.39205159268581,8.171148223972754,17.69391604602154,0.2163784041668805,0.12685320650664292,0.1683680993729553,0.12374643759622686,0.4395464983592918,0.0,0.0,0.0,0,0,5.9986281575178735,3.5871312504998407,4.8484636769322424,3.781725551820113,12.361479864572509,14.137316194382539,3.547477297879162,13.663196727312599,9.201829426853116,18.489598343898464,17.735776973796625,4.578189790101626,18.259386977445708,10.80740180856152,22.661799046333243,0.21314734172817423,0.057675359834517964,0.18652495576785008,0.18203594158031916,0.3156378992984031,0.0,0.0,0.0,0,0,9.490663133536037,3.7140089256901563,7.927815579158384,6.740962098830213,15.995942601123382
25g,compound,70,local_identity_shrinkage,0.8430748131757502,0.038021712512561125,0.8670751418776969,0.7842814161799204,0.8720814844404576,13.856799405063265,2.9431456171817243,14.377001659752006,8.95193504487802,16.900728463400416,9.042437332986887,2.5137536918335943,8.696059613727236,6.300315475541999,13.143428181537177,0.8654157987119904,0.05806577708918527,0.8830591010776567,0.7638364783966612,0.9113194321299781,20.56021484603624,6.191118479964553,21.078499218105694,12.190250258854567,29.281313952064366,13.568708910607445,4.386008154603517,12.348372768210165,9.336833898736925,20.887749255078603,1.5396976942331733,0.3682761906622281,1.6017924377098074,0.9658277894676239,1.9896987718495838,1.5187255537321527,0.37218664602056223,1.5863549523238136,0.9471731295911963,1.9831139496876902,9.396045694101709,2.5011466166634317,9.001698556856452,6.380540565871419,13.329020145806265,12.399455614877187,2.885443005923798,12.505418795484108,8.171148222973454,16.320909194149994,0.2103370173270382,0.09552453965944235,0.18677781177345282,0.14948465720790222,0.378019519605393,0.0,0.0,0.0,0,0,5.936743449900005,2.743772126922973,4.84846383381514,4.518369723951729,10.834526883794702,14.605877302825991,4.9051647994690635,13.211569616048328,9.201829378938662,22.272377388520052,18.659317722210545,5.988180644237634,18.15769353335541,10.807401738433501,27.254558551342154,0.20412111554909956,0.08220073717303647,0.174313586805707,0.15654418397767172,0.34987919192022393,0.0,0.0,0.0,0,0,9.096777929762832,4.758063414910438,6.848765242760852,6.740962296728519,17.587140119179864
25g,compound,70,scale_only,0.8195827207165509,0.04216954943426338,0.8376992472174054,0.7540418551823665,0.8613010273410197,14.83106128095011,3.0013814662209617,15.235992647255728,9.892112413608498,18.046469350366596,10.547923483693406,2.534309301663124,10.277886891478317,7.742598498990093,14.6670887490381,0.855592126275984,0.018053959452797277,0.8476269896855522,0.8386796930821007,0.8842336582271323,21.3472060013148,3.858053596583054,21.437002338965414,15.22468369110451,25.040212339837662,15.308249046073275,2.0605276642343626,14.92257487783027,12.808288390401396,18.06598795637925,1.6295592186993635,0.3133132500429953,1.6526147131787932,1.1119490724326166,1.9379582439538663,1.6050233067220478,0.3051527568900445,1.626434056083152,1.1012063944996409,1.8978040918550083,10.807616639214928,2.655668253714754,10.531147207117098,7.6696523108418955,15.0097430800798,13.471414051319636,3.065991552338634,13.398822766253465,9.116022049493738,17.69391604602154,0.2845407523916732,0.08796765400552957,0.25878891853560737,0.2254429589556722,0.4395464983592918,0.0,0.0,0.0,0,0,7.853457649052153,2.566176188491093,7.161618471514782,6.0053453069142435,12.361479864572509,15.621804328662284,2.6496907795840055,14.826272110494315,12.193608684517157,18.489598343898464,19.28215044040508,3.744183585709013,19.04282019271917,13.450923581156005,22.661799046333243,0.2690038930734599,0.03394799296487138,0.2692816233542192,0.2276149316868519,0.3156378992984031,0.0,0.0,0.0,0,0,12.162905674105366,2.333967169395899,11.74541754850749,9.602674977619838,15.995942601123382
25g,compound,70,source_anchored_full,-0.2903466756065796,0.17057523417075235,-0.218464082285851,-0.5175313973872298,-0.13095425809796923,39.95254483983329,8.147813465270717,42.31888680266252,26.46461236751811,48.44701737997175,26.453495065839235,5.673602959301083,27.401502421621622,17.563729475471696,32.68738685977011,-0.25401599652738593,0.18130643587276005,-0.18994864274203094,-0.4705561853069331,-0.06416601432294411,63.0818583463615,12.371830434224819,65.72767375856087,42.22824973550155,75.09489193801839,42.54444365422395,8.51300399347915,44.39022423423423,28.493068990566037,51.5103716091954,4.53386649430043,0.9090603443568954,4.735684332217372,3.014943179663975,5.459922627980208,4.497096088904452,0.8993623453079798,4.6859206709065475,2.9926518890124854,5.409729488872072,29.094568132379855,5.711444467764742,31.785438952453788,19.363313781081608,33.39011068514881,36.68921556698926,7.361997594870145,40.04271205993749,24.10724836221077,42.597506037790545,0.6114924536914037,0.08068503799231562,0.6316167512690356,0.4954481248460386,0.7016788130563798,0.0,0.0,0.0,0,0,14.910460160000003,2.5278669767453144,15.181631000000001,10.8963605,17.336856700000002,47.30443077580984,8.394903623829332,50.07250155997416,32.51918056004856,52.76852335489505,58.82301486232207,11.159103375739349,61.7942600529776,39.25433706137979,66.11473934035531,0.5887969902840824,0.06353727669848064,0.5819667040402088,0.5010029416886806,0.656684446250762,0.0,0.0,0.0,0,0,24.6844313,4.902479531699745,24.646107,17.2924045,30.865076000000002
25g,compound,70,source_anchored_shallow,0.28920277233119207,0.16335085804851396,0.278858908029609,0.11340858515581431,0.4653032729808344,29.75208878090433,7.639010003412743,31.76893543925259,18.314718774183493,38.23888667911763,18.283021311755213,5.4138816563722685,18.930267688118814,11.641871279245283,26.215479433333332,0.2990659775984258,0.13681323176484794,0.2864124344497502,0.16516832787184488,0.4418347129215744,47.20703783864978,10.461260504177341,48.44030256979243,30.58297999597339,57.56683582557122,29.208751662110124,7.830250002529768,29.745030079207922,18.924225952830188,40.4160616954023,3.3831472951964345,0.8209853273109511,3.5590705906203746,2.1238270125260925,4.264529034692871,3.3561038095253375,0.8073367708192001,3.5224379605971405,2.113321507477965,4.216832477882684,20.63543184245692,5.131535235138297,21.472998706132515,13.441758042688752,26.784617949107144,27.094105446060773,6.9148685633859985,29.267665933732957,16.730578736875483,33.94177382477862,0.3864630772101811,0.09537732570120379,0.3539734549480169,0.31027832898172325,0.5530897131931167,0.0,0.0,0.0,0,0,9.5969177,2.783859399244545,9.005072000000002,6.795137500000001,14.154916,33.36575564997729,7.3431914391275255,33.902458066322055,22.47146121511983,40.95231671875,42.998349021711775,10.007874980160702,45.42417450610618,26.93065968733412,51.13771604770169,0.3743955697751719,0.0917879166473555,0.34470404819277106,0.3106317569051526,0.5357235117427679,0.0,0.0,0.0,0,0,15.9531014,5.508000049100973,14.093512999999998,10.203035999999999,24.866111000000004
25g,compound,70,standard_full_finetune,0.38809969064045424,0.16463376490729031,0.39131891875322344,0.1466445196620504,0.5905587451686208,27.403186245110682,6.978940606041367,29.534825262516463,19.156831427884413,36.80044962709132,17.74387291789215,3.165422720777647,18.296276270114944,13.343309340566037,21.600595324324328,0.4361343668387182,0.12555495314664433,0.49246042609259244,0.21760250744753473,0.5182749578746009,42.409134235218595,10.394524915850553,44.14174959980894,28.41175104003374,56.74109445953126,27.409220588113563,4.759035283319146,27.259311862068973,20.029955132075468,32.68921343243243,3.0874069232212498,0.7710100779717352,3.285445789440283,2.12531220188969,4.139368881152897,3.0578343852583183,0.7623406537934683,3.2469830737298544,2.0992293673289844,4.09987552972861,19.175016734467103,4.534509619036306,17.626490031473214,14.663112331343985,25.359594076911026,24.37441961205409,6.977216576581177,23.14630594702701,17.19508466055631,35.41683324214335,0.439058108826317,0.11348888202648662,0.4164252155172413,0.32222833615341234,0.6248452724968314,0.0,0.0,0.0,0,0,10.7577604,1.821653404695113,9.945205999999999,9.653865000000003,13.962231,29.68489397135965,6.792432529766666,26.24568782261905,22.516016815178567,38.70040688806391,37.333707720002415,10.367589708688245,34.32566205190389,25.88124235268978,53.40332850315872,0.373681119825495,0.10643905081782971,0.3893138620899766,0.251341690140845,0.5305131545741325,0.0,0.0,0.0,0,0,15.639906100000001,3.188645561805598,14.396964500000003,12.468540000000004,20.72271
25g,compound,70,standard_shallow_finetune,0.688135673905324,0.025980844674654228,0.6789238220517586,0.6554732947324837,0.7176479499762587,19.530607384452225,3.1887854570453356,19.524431972856828,14.412529904717243,22.573150453143583,11.774987030175915,1.2911557735378627,11.441596118811882,10.189865619811318,13.45352637931034,0.7826416033295495,0.021574871621854452,0.7942268051947421,0.7509682451361541,0.8012529913332127,26.194466234092523,4.660790746106795,27.332449424829576,19.64681687026452,32.011892366965206,15.916390092959062,2.128411618114018,16.31198231775701,13.193476584905662,17.928377160919542,2.098144786871468,0.3465609536594847,2.1109157304347046,1.5554774384983086,2.4669496471779664,2.0539867499688884,0.3413757889859932,2.0770038657684218,1.5255813223474248,2.42797925697106,13.140534144028038,1.5184327613454387,13.034282655153508,11.205051849173715,15.277659066306391,17.46748936227248,2.985877854220942,17.83576409935332,13.120032861556457,21.346209305712385,0.26412933013478146,0.05111969234346934,0.24119888888888882,0.21465566433566438,0.3430055250720139,0.0,0.0,0.0,0,0,6.5217095,0.9230262115209674,6.059528000000002,5.595901999999999,7.7862615,18.046970936697214,2.4523148894581954,18.08841873576911,15.569764016568765,21.918815807777257,23.318114764627175,4.02468197372001,23.424784375928,18.332462018124218,29.408475330906366,0.2108080103146575,0.03716350210746121,0.21709844585987254,0.17283633893392503,0.2598340091496677,0.0,0.0,0.0,0,0,9.1918866,1.4867966158516093,9.141342000000002,7.245910000000002,11.206904000000002
25g,compound,70,target_head_only,0.4820572557838313,0.04027129299601937,0.47209055207917483,0.4498211387386388,0.5520013338047789,25.403569648265712,5.300949502986651,26.438776967021127,16.434902668800117,29.448653537534817,14.452009915515703,2.829138024328022,14.437078752475248,9.977733943396226,17.41839635632184,0.3363524593963982,0.050308978014626055,0.3215184114927132,0.3035239850063711,0.4247850124003142,46.023927399987556,9.063159411294695,49.491916368100775,31.046559906229753,53.415841283825095,28.866733364737193,5.210473693302287,29.84407,20.521224674528302,34.05795648275862,3.0491009509668654,0.6183374968898281,3.2198975326445844,2.009942861484626,3.5203572643507304,3.0433743580319925,0.6162742954029619,3.216921834465245,2.008456602351159,3.515090794887895,16.253203376598528,3.1001632869859956,16.431190301362783,11.234692861219456,19.510990394877822,22.43008082279632,4.6882947359352105,23.035568917169435,14.553580034454463,26.911456836560678,0.26899701675765797,0.02547684286696872,0.2659487139207768,0.24319241306638575,0.31048025144054475,0.0,0.0,0.0,0,0,6.7198404,0.5065280875990987,6.680513999999999,6.139569999999999,7.347804,32.515791389098524,5.59185737129159,33.98249677722431,23.754389271432487,38.916105051636904,42.27472516813859,8.245852107817893,45.038511185139214,28.728210140350487,50.70820726023186,0.36395111591200646,0.024868701981438455,0.35585931107578167,0.34513880981564715,0.40590519211493487,0.0,0.0,0.0,0,0,15.2653368,3.0402770595076882,15.23584,12.569784999999996,20.082010000000004
25g,compound,100,conditional_EA,0.8635054002123658,0.015219011853258945,0.8670409933149182,0.8416642079465331,0.877124636079236,13.007012448377797,2.639801384617313,14.235603627530715,8.618066918809319,15.175628527378317,8.17191280385011,1.545174846305849,8.06383473176998,5.856703327189225,10.092619955786317,0.8776937731364611,0.02841322812555541,0.8895652974906594,0.8336309260191235,0.9050673394351658,19.75875013367831,4.8247774908817815,20.513558479356906,12.61264624711555,24.576523688937158,12.820697919174744,2.159694135240376,12.479492515479107,9.695456695789012,15.393000962576563,1.4560400629159491,0.3133722020868033,1.5639798349207064,0.9517626181052432,1.708695681737694,1.4398761511508555,0.313652051536423,1.5413113220662562,0.9391247423809874,1.6927047849382597,8.604836135350045,1.6502178940502956,8.371778576908516,6.118043145944009,10.208840747091472,11.620616609122838,2.397035408669141,11.634914710393804,7.92617723828269,13.831425403583985,0.18556884534020077,0.04583318767310831,0.18004800393292072,0.1403373833830927,0.26090278479437373,0.0,0.0,0.0,0,0,5.344248468790137,1.6925387433346033,5.397576224583858,3.5129708340363663,7.996525192581295,13.893174067793016,3.1088447931226053,13.067986545675335,9.689334363121702,17.262588368621756,17.81615011769204,4.460587935406241,17.712374832098106,11.3474732589677,22.49399101174975,0.18813548868847438,0.021114335852762057,0.1836746451256648,0.1685929552557579,0.22408102149509246,0.0,0.0,0.0,0,0,7.750512462200374,1.1924971178807815,7.956222164595427,6.602297755309639,9.51548682259206
25g,compound,100,conditional_policy,0.8608399631861904,0.01335887553469505,0.863486582612939,0.8416642079465331,0.877124636079236,13.097855063623053,2.452153141376578,14.235603627530715,9.072279995035606,15.175628527378317,8.268387464640547,1.3695636108740257,8.06383473176998,6.339076631141403,10.092619955786317,0.8789810089401531,0.030061387178944982,0.8895652974906594,0.8336309260191235,0.9115035184536245,19.671739125288937,4.987063933567195,20.513558479356906,12.177591205168705,24.576523688937158,12.775982702219727,2.2413479447153013,12.479492515479107,9.471880611013916,15.393000962576563,1.46059206968609,0.3042483443042713,1.5639798349207064,0.9745226519559463,1.708695681737694,1.442934372307107,0.30756438616231674,1.5413113220662562,0.9544158481622453,1.6927047849382597,8.669812723824673,1.529826974320044,8.371778576908516,6.4429260883171615,10.208840747091472,11.700720696940948,2.244551811684981,11.634914710393804,8.326697677373243,13.831425403583985,0.19140711381000358,0.04357637863001126,0.18648841484415637,0.1403373833830927,0.26090278479437373,0.0,0.0,0.0,0,0,5.408141710560254,1.6497732974675117,5.397576224583858,3.5129708340363663,7.996525192581295,13.87720736079542,3.1359200114895494,13.067986545675335,9.609500828133733,17.262588368621756,17.781704753031374,4.523252920012509,17.712374832098106,11.175246435664366,22.49399101174975,0.1866640547041713,0.021622930172730186,0.17915923988160037,0.1685929552557579,0.22408102149509246,0.0,0.0,0.0,0,0,7.849701966432262,1.0978751655303383,7.956222164595427,6.602297755309639,9.51548682259206
25g,compound,100,local_identity_shrinkage,0.8417290369204495,0.03161118811470207,0.8561972741666305,0.7912684017498185,0.8671051179507048,13.951885312541373,2.8902181684056965,14.522529320137952,9.072279993466926,16.624773733662394,8.908752431390695,1.9184977877978995,9.02762101454598,6.33907664562036,11.680611491229259,0.8778334181094012,0.029985921499690347,0.8839627092241574,0.8306424443591949,0.911503519102105,19.758103702133695,4.920935652168913,20.822285232650078,12.177591160551504,24.79627483891524,12.490095411441349,2.2687462129436535,12.11979144240679,9.471880581956484,15.534325734366165,1.5250875043832732,0.33199316064113615,1.647768745292306,0.97452265075975,1.8480222254328735,1.499812502541587,0.3314177432441566,1.6248135480456107,0.9544158466750536,1.8261129238521878,9.272827922129622,2.039389199417052,9.250507596512826,6.442926091255652,12.17319217299736,12.378091516982266,2.6432881844286458,12.622727318488895,8.326697671994246,15.742003336017374,0.20394937803276925,0.06835043603153819,0.18925898623416224,0.14474701786053684,0.3170517380722324,0.0,0.0,0.0,0,0,5.657567958075576,1.7329590481354102,4.865809842685756,4.482867441174523,8.652964635885358,13.618243961851416,3.09729919995026,12.880296390536682,9.609500799374194,17.46652101179354,17.742078184992142,4.362765792189292,17.952358541144246,11.175246399796569,22.635560501208346,0.17028280403068136,0.024378254332436847,0.1689794813146633,0.1443309989587908,0.20707843719634944,0.0,0.0,0.0,0,0,7.656120960077702,1.1768893380550494,7.174119551326896,6.579662344131254,9.599326570099805
25g,compound,100,scale_only,0.8225337234906501,0.02505193551725629,0.8326024233016229,0.7869804594925425,0.8464350428107086,14.758612543842066,2.7004626908217015,15.91437326633276,10.046235610740558,16.794665782677658,10.331154562592882,1.840698790743943,10.19846059154568,8.032105018793787,13.033490736281454,0.8563839924131436,0.017433766286425203,0.847858997119339,0.8406533532357302,0.880038114496733,21.34056107753612,4.098797448575658,21.821999527873846,14.77960494701565,25.358814326572677,15.007826110662066,2.167256489552171,15.422214836353339,12.345029745500463,17.746228722687576,1.6239147526341544,0.2978989363496248,1.7206961707994517,1.1114595198134747,1.841357260210283,1.6002194410923039,0.2941190369899636,1.6885310369380173,1.0971436904018845,1.8137530606387715,10.496352670331218,1.9166849030512254,10.778211750162823,7.902640735448303,13.16827704104304,13.288851204799808,2.50424536854663,13.594047916526417,9.316880506428802,16.171272322838004,0.2684655910796976,0.07749917013265255,0.2784850483125808,0.17016319159475385,0.3799912588283375,0.0,0.0,0.0,0,0,7.899694023555634,1.835349712380672,7.1045870940431115,6.003322308109823,10.683422768672749,15.332623227554686,2.7176248078651897,15.161136462195467,11.790693044289798,18.161040074005083,19.102542450041593,3.847226038757066,18.834879559011725,13.067480226493275,22.539604074781543,0.25535157098361416,0.04887789448891723,0.27162172729594136,0.18528114658913475,0.3105200296427869,0.0,0.0,0.0,0,0,11.826253148571064,2.714469172241647,11.726621348461649,8.172027795961355,15.47485046727261
25g,compound,100,source_anchored_full,-0.19248008066888125,0.18643004035734373,-0.11846235456045773,-0.47786874127685586,-0.03904969092202637,38.526232202010945,8.867066329276597,38.857553536744874,25.02919804458784,49.36980481843292,25.81424761953304,6.64225239576063,26.69582899108911,16.127511987735847,34.70290027701149,-0.17977036141469874,0.14076166987212846,-0.15694888399775886,-0.39363415449823447,-0.04871959549996441,61.2844888743297,12.373389618652487,62.21152509616869,41.92065697756607,74.37847866870871,41.82955180833173,9.326046171016463,42.43858413551401,27.124455801886786,52.614011047126446,4.385042100369541,0.9575455392691221,4.344383362935062,2.905955073562571,5.507311875382343,4.350689613395492,0.9424236240341427,4.298151250617566,2.892001830824235,5.446003156404024,28.244673379907113,6.396710782347962,29.280246963655234,18.0660230135495,35.185075849166665,35.42034376965471,8.264384280095324,36.8609481844468,21.98451738829053,43.664558618425566,0.5944719600656099,0.10423279992472229,0.5686155991763898,0.4645582669519974,0.7479089007092199,0.0,0.0,0.0,0,0,14.688430540000002,3.6786180520172937,14.7838448,9.7129537,20.002915700000003,46.186590328162595,9.039722852415562,47.49042549559054,31.314143870191103,53.784783828187656,57.17254139456266,11.905480355531264,58.903485016489356,37.32420427362435,67.093881889728,0.585127026878377,0.08270925605103431,0.5904558738862234,0.4632890330069744,0.6959615606153846,0.0,0.0,0.0,0,0,25.1324833,6.776636302589728,25.993616999999997,15.151432499999999,34.070682000000005
25g,compound,100,source_anchored_shallow,0.3661557450856394,0.17795790387264376,0.4296295349157787,0.17518163452909918,0.5365656895540243,27.822892856628176,6.803212007896042,27.119534194238224,18.544165319643945,36.84097078246947,17.240312988962497,4.364442494201798,17.117959811711714,11.728284414150945,23.614585494252875,0.37318014491610196,0.15443349454280633,0.4195447750855097,0.19872921103714447,0.5332279842417571,44.19918983712237,8.823494332291832,43.82645962568045,31.187657141074286,55.58157495572642,27.291879773447114,6.228024408511644,27.016850109009006,19.263273751886793,36.41886575862069,3.1652253988583023,0.7187203950852004,3.104602630246386,2.156618924442752,4.111744742315253,3.140139685503449,0.7045091699591226,3.0839160114798476,2.1466871606728635,4.066384241339833,19.39693994829848,4.007063780782386,20.51410853907425,13.635810115063048,24.301307286383928,25.442800312549316,5.860803090049164,26.622268543903594,16.871606201808962,32.18430799905914,0.36818352454834163,0.04215398028188209,0.3454649285001663,0.3420275320239112,0.44128244951140067,0.0,0.0,0.0,0,0,9.567097200000001,1.7594086428674556,10.124670000000002,6.981437999999998,11.497444999999999,31.085129280581924,5.319136417256814,32.91627868510338,23.057214073789943,37.107278392261904,40.16718838848571,7.924024803358737,42.25808710287702,27.631285197291277,48.41343599661279,0.35109855260591283,0.047461207914538735,0.33973074537268644,0.3163787712112346,0.43411449101796407,0.0,0.0,0.0,0,0,15.695138099999998,3.750015647413693,16.095757,11.027362500000002,20.590638
25g,compound,100,standard_full_finetune,0.41137482431982636,0.23163865182165716,0.4355288192589556,0.09610229049235253,0.7377907827038285,26.569747361399465,8.10941162258497,27.338994072120457,17.59095305035229,37.87457575686929,17.1565195563893,4.06317957050585,18.228257460747667,11.016802900990099,21.930562540540535,0.4597086136708848,0.20353847043913434,0.4755951351947655,0.22276158523696576,0.7592072534039356,41.1863207751682,13.306041459492196,42.11612236516738,26.029272344301887,56.55371152183474,26.174547846786247,5.923942000012527,26.91239265420561,17.601948386138613,32.086895162162165,2.995697019233989,0.9287935886766345,3.074156263010974,1.9500360682770368,4.21179713371724,2.9669178571151247,0.9228602326549118,3.044648057827991,1.9257691695907957,4.162205841272668,18.811399923666198,5.528679876706228,18.598094264211312,10.913494505012531,26.062575396412903,24.160535982516087,8.357000464018896,23.460654004498537,15.157004368033377,37.238393559960144,0.4286708391760808,0.16408026134970047,0.42261404316546763,0.21404984615384612,0.63760558866782,0.0,0.0,0.0,0,0,10.105635060000001,3.013967782137461,10.990547999999999,5.396072,13.5202147,28.795153473157107,7.953224597479858,30.046731443154762,16.85424963652882,38.56178088515821,36.533548407130525,12.040528502905232,38.76431490764956,22.031220331486928,53.86198886152481,0.36314158287391163,0.13179937092788305,0.37837635303913403,0.2176573972917145,0.5593892035019361,0.0,0.0,0.0,0,0,15.086668400000004,3.916704642622521,15.637474000000001,10.230501999999998,20.602525999999997
25g,compound,100,standard_shallow_finetune,0.6903173360708154,0.03960349574927155,0.698261619726253,0.637337575901407,0.7418726258726869,19.554305883409832,3.9456758545876056,20.63291125831967,13.311744469023905,23.990506328498796,11.93979901690123,1.6079357190502637,12.039700738317757,9.64603596037736,14.037429923423423,0.7822586410369035,0.049209624888910744,0.8043375396878822,0.7132450407270516,0.8330282325887758,26.282030860379713,6.271552439152769,25.745090485882663,18.107235244477785,34.35100536764698,16.030415881903487,2.7823102147264516,15.861258632183908,12.620150103773584,19.75616605405406,2.102371605653519,0.44260537902451197,2.1703771214138365,1.4357220955476713,2.6301366504420995,2.0582138987235057,0.4397322293900411,2.1099567554543244,1.4078485515331485,2.5906663017249008,13.304911195296835,2.331827398652278,12.949359442543859,10.436093129060934,16.944391314700816,17.576241583086368,3.8305321495950575,17.52197225684727,12.220465270604638,23.05113050039376,0.2754888799218028,0.03182203763349008,0.2713001909959072,0.25136007067137817,0.3295519404440817,0.0,0.0,0.0,0,0,6.83829755,0.5662335286334053,6.764091999999998,6.115740000000001,7.6828467499999995,18.273388285593672,3.767835949921936,16.42025367202381,14.765085519462719,24.210566756923562,23.548175474595883,5.6465025448693495,21.87314996300335,17.054561139346657,32.12727829128558,0.22400406756280739,0.022004860588070194,0.23147925807190295,0.18702352882949752,0.2448111491440178,0.0,0.0,0.0,0,0,9.274006500000002,0.8019075647984621,9.385612000000002,7.948318,9.946921500000002
25g,compound,100,target_head_only,0.48392745195618303,0.038281917994333434,0.464061798858698,0.4520582084462127,0.5440716587943333,25.351709715061922,5.284844739365398,25.737845381966146,16.57971537292948,29.73040570481694,14.500641660582644,2.850516987598017,14.343071638613859,10.132507169811321,17.738292022988503,0.33598283492752146,0.05055207060541717,0.31704366544743523,0.3040760240005459,0.4243746647622826,46.039765274930595,9.092007783920824,49.31970088474939,31.05763195017209,53.51368810008395,28.921656425553994,5.272465952150997,30.13796591588785,20.500872405660377,34.252102620689655,3.046238435703762,0.6171075494462589,3.168644040841455,2.0198270260635747,3.5277020309558798,3.040576188902104,0.6150123294007795,3.1670884338645964,2.017989978037528,3.522380572151582,16.28303480615758,3.0794894542279176,16.352989724083642,11.398829888784462,19.4954873552005,22.39155343465422,4.658765177477649,22.854312936003836,14.716823598799275,26.954049215948555,0.2736179465433633,0.02750897463504794,0.2641418842069201,0.2531620726495725,0.32171503404924046,0.0,0.0,0.0,0,0,6.751747399999999,0.5145504602449612,6.4901649999999975,6.232180999999999,7.472834000000002,32.56169713788769,5.616074080107149,34.19546960172306,23.72847452682096,38.836495469266914,42.29279039109519,8.27774824934376,45.221042783383396,28.721892199448,50.78115217770315,0.36571530769564375,0.026638795631750794,0.36069920997920996,0.3439038676348599,0.41058932175075175,0.0,0.0,0.0,0,0,15.435292900000002,3.087730956085886,15.766145000000002,12.555363,20.203340000000004
25g,row,30,conditional_EA,0.74680448309007,0.05432458399350434,0.713377115532211,0.7024423175556849,0.8236376004979524,18.625945291650527,4.234067597637427,17.139542049911487,13.286107824928882,23.73318607046006,10.235908122371299,2.2264061566038054,9.443992416066981,7.780329900537069,13.113470556642788,0.8124003576833214,0.05336968103738606,0.8156121529977667,0.7382872544064963,0.8844517643215167,25.408242913282876,5.102245186441528,26.177932913073096,17.969232859222455,32.12408116909348,15.514098459405506,3.3241288711510077,15.832143858886546,11.262949904689183,20.239936270756637,2.0119900448483867,0.4335625756002453,1.9213024830177823,1.4304458119178138,2.555844473942766,1.972129298601083,0.41904846496931475,1.9017486339355085,1.401929739919015,2.505077978102311,10.916913622500774,2.2974663484236126,9.798879091162595,8.53937004930003,13.515299279234778,11.812851710006,2.6208857100582432,10.464454091305448,9.183211106207581,15.30110982176272,0.18828619250767215,0.014031752405116607,0.18479317529088327,0.17702667764759705,0.21225963828910216,0.0,0.0,0.0,0,0,5.783806868896056,0.6632114685651453,5.804248721051826,4.7774219046195086,6.5105887334893655,16.370706978039625,3.58317095869824,17.216766787458532,11.989944337135052,21.334132354578575,17.567431189793545,3.889486740262277,17.967942962824555,12.83570725154753,23.24510972796065,0.20228890912430067,0.02726370084103272,0.1936754591819168,0.17170040324383162,0.23152621116899352,0.0,0.0,0.0,0,0,9.529794763375717,1.157406209144753,9.986861853424498,7.926390809534215,10.659462213145524
25g,row,30,conditional_policy,0.7506303682215225,0.05230861072168485,0.7331936421932488,0.6981410253253653,0.8236376004979524,18.4621144002297,3.9894564613427397,17.139542049911487,13.286107824928882,22.75504436031811,10.56667973028155,2.7525916999071307,9.443992416066981,7.780329900537069,14.527102219647237,0.8167478759418121,0.05232429386396446,0.8182088949000675,0.7382872544064963,0.8844517643215167,25.066145794389275,4.609571034238478,26.177932913073096,17.969232859222455,30.601771397871516,15.195675601256506,3.04462356718559,15.019182748923264,11.262949904689183,19.460783089974914,1.991583056973291,0.40215338916626886,1.9213024830177823,1.4304458119178138,2.4456956178011366,1.951093829897626,0.386567084032137,1.9017486339355085,1.401929739919015,2.3956646830651165,11.300151862355483,2.827440581298177,9.798879091162595,8.53937004930003,14.762917861336671,12.134683032133282,3.067660975002947,10.464454091305448,9.183211106207581,16.25911982428725,0.2224806467947503,0.051405002884052406,0.21225963828910216,0.1797169649709306,0.3086175902579159,0.0,0.0,0.0,0,0,6.490158379264638,1.7635776306681625,5.91737617517029,4.7774219046195086,9.441156361992201,15.892408160547006,2.8619647727126734,17.064606755223213,11.989944337135052,19.0947982993508,17.052484479837773,3.0332245317203466,17.927296606231877,12.83570725154753,20.711022534774465,0.19800426626181042,0.030184161866342464,0.1842612128824061,0.17170040324383162,0.23097169403557208,0.0,0.0,0.0,0,0,9.494067313525715,1.816564834879136,8.73120491191974,7.926390809534215,12.441308779437701
25g,row,30,local_identity_shrinkage,0.7306748713373642,0.0430124370131009,0.7101532321799156,0.6916908579558159,0.7857858855163504,19.22624733176675,4.006715330910187,17.556781776500166,14.64262076822344,24.460920756303285,10.640288223148143,2.5354775086626393,10.010790258529452,7.8663285598996975,14.15075487452697,0.7999609936445242,0.046971565075313366,0.7930410381336913,0.737956118540948,0.8660165302764059,26.266536294574813,4.560199670060056,26.44114818397371,19.349666650933784,32.13189355374227,16.205068620678922,3.515173188680731,16.302493663243766,11.031977790779242,20.2429193980122,2.0786210658526354,0.3975416579807932,1.978675291967269,1.5655443540929919,2.6106990429534904,2.036915199234191,0.38135707613572345,1.9604935591917356,1.5309398764683744,2.5514990101104082,11.481725568083828,2.595705565545861,10.513141941777597,8.575802961556604,14.50768375723882,12.333464263215935,2.960823810563696,11.273952947224371,9.232187973730499,16.296909008686836,0.2034336149049934,0.02606742279267061,0.21570579751295965,0.16461324655287005,0.22417453411595523,0.0,0.0,0.0,0,0,5.766802951152005,0.9813050914360038,5.91737617517029,4.156423190595438,6.718120637662322,16.94584045434025,3.427703870892362,17.06778606787494,11.717335029005357,21.335960838844994,18.194539706939118,3.8236331508930532,18.246452983117663,12.52185364729976,23.247200698955712,0.18954616351307194,0.043952357488897746,0.1870756172692491,0.1362693580800885,0.25721679788326157,0.0,0.0,0.0,0,0,9.665329914275471,3.028059102821714,9.252611923967748,5.918895620941441,14.122207760778345
25g,row,30,scale_only,0.727974055947298,0.03787481575464252,0.7331936421932488,0.6775022227509135,0.7638002636886534,19.223978971012656,3.112184867357106,18.180555365277687,15.37568515354008,22.75504436031811,11.046908337868931,2.5134308113312764,10.005062543017278,8.591663389357008,14.527102219647237,0.7799223185267629,0.02595508883843311,0.7857130261250298,0.7449914687420605,0.812282513181553,27.507272437551073,2.1104009809506374,26.726642488557243,25.66021748043826,30.601771397871516,15.509654936132444,2.5904762874773373,14.756008527242358,12.964570202906211,19.460783089974914,2.1088580873954785,0.2780936096769866,1.9883507717752198,1.7825906757804093,2.4456956178011366,2.075359741741809,0.2595178476724829,1.9573098494419017,1.773722325330835,2.3956646830651165,11.947920050741322,2.607657209607499,10.642056569668592,9.227383022505919,14.762917861336671,12.742319459599925,2.8432476970413454,11.374573910178952,9.95060812889994,16.25911982428725,0.22934108300507378,0.05344048499502717,0.23068202826623124,0.17514521057109564,0.3086175902579159,0.0,0.0,0.0,0,0,6.84375522723507,1.7019647229859838,6.833339618256371,5.11248987075882,9.441156361992201,16.55232176938772,2.5614772561777253,15.316764311978414,14.157564475994906,19.538301004791165,17.713899139094895,2.6573808445343863,16.47039218574805,15.3457082366271,20.711022534774465,0.18710157056136284,0.028672010445473236,0.1816144095347101,0.1541729632789732,0.23097169403557208,0.0,0.0,0.0,0,0,9.201893869063833,2.2356589739847808,9.08569685207106,6.174929817650952,12.441308779437701
25g,row,30,source_anchored_full,-0.13538691054238416,0.12521608333512588,-0.1457258064787954,-0.3075393665884478,0.01990849314584664,39.429430892272975,7.327102146548851,36.054817164919655,32.5207187150046,50.37406357544496,25.95600751897959,6.015349634074901,22.549136336734687,21.346905897959182,34.72677365714286,-0.0795159564412439,0.13653002622220686,-0.1251494100370485,-0.2494774154086239,0.08792711841278911,61.49082451182578,11.055380082059662,56.000284700861485,52.07961914481713,78.9511401685851,40.346607941632655,9.498680960004457,34.94688774489795,32.476470428571425,54.29185505000001,4.453757556090677,0.8167862940536388,4.066366470839633,3.7099747926259496,5.700308604494603,4.414418956950405,0.8078488611739499,4.029521647446556,3.683329407378086,5.65194353463324,27.742610956240902,6.644333336793948,23.191418799999997,22.513719349561406,35.98246914971751,29.276429569033716,6.811214933835415,24.479926686651382,24.307865033875377,38.277517612701,0.5783897571056977,0.0995718281384768,0.5323677026460143,0.48033073304975193,0.7343409985915755,0.0,0.0,0.0,0,0,14.09125286,2.879757598415008,12.5780985,11.4416765,18.555104,43.66857359666079,10.259557633893804,38.42256927966102,34.835529336257316,56.78064787485876,46.033538703164645,10.639769511550737,40.1792430046086,37.422915114732476,60.63354280232821,0.5462745750776604,0.09525570987317857,0.5422495771120781,0.42828541667048725,0.670933702640814,0.0,0.0,0.0,0,0,23.963556649999997,5.04382099537263,22.419609,18.693853499999996,31.17932325
25g,row,30,source_anchored_shallow,0.3172916246447848,0.15286678472013962,0.408970964972742,0.10687091951274585,0.43873606404825705,30.369659903479366,5.713782957444725,29.89867127852824,23.984316772279954,39.35728762547438,17.192983661306123,3.4465975471051333,15.686747092244895,14.177645606122448,22.459575308163263,0.3089758203698935,0.17519216135270407,0.41056424590095986,0.07166608947414876,0.46378729289428555,48.93548064229935,9.89299846711052,47.61154045425457,37.47067049835116,64.23247126472832,27.67585067061225,5.663119668806906,26.774830863265308,23.09865530612245,37.01298842857143,3.4733161519248283,0.6689003082622585,3.49011690938501,2.710846453863769,4.522797658439084,3.4490482710074284,0.6670130264184732,3.4550516104456728,2.6872991202673973,4.495109859469377,19.018891809477886,4.075459914935532,17.286832533672314,15.437785212096776,24.521858820903955,20.65702867654634,4.330632053105737,19.064108899228902,16.556005192777608,26.908343060746315,0.32302384454833155,0.03919451571821287,0.3365763061514252,0.274801843448725,0.3731317826517845,0.0,0.0,0.0,0,0,8.180844500000001,0.7872817694181001,8.420716500000001,7.27013075,9.0399145,30.87444608954048,6.488934576812204,29.997368367796614,25.07288442982456,40.69223487853107,33.421069579227115,6.976976672897165,32.5688917685978,26.953936144541828,44.441942958556105,0.31576598722823646,0.03678032064744135,0.3149193827715554,0.26897801040105185,0.3592643206427052,0.0,0.0,0.0,0,0,13.267204900000001,1.7812206613404356,12.791099999999997,10.9670965,15.176138000000002
25g,row,30,standard_full_finetune,0.44875261053510007,0.08837182996114493,0.4355934550556444,0.3186920047674354,0.5546837193307919,27.54094290067699,5.980144934419839,25.731388230251806,21.111984567788397,36.36229970853405,15.891846438367347,5.182426389446907,12.862977709183673,11.820211928571426,23.290451931632653,0.51437420428523,0.08842395112856699,0.5387503956099085,0.36586070648782254,0.6006091551171732,41.33813021741535,8.990026237876025,39.393996043038754,33.40772715670335,56.24533828559161,23.64188494489796,7.198043297429916,19.333618397959185,18.50004175510204,35.10676533673469,3.069007337621799,0.6621468730093739,2.8868915672423725,2.3975960325818155,4.0948582725992795,3.0332660738620136,0.6541875714809194,2.8579765883724515,2.3786739201563094,4.056654285141839,17.034587206554594,5.597487009337013,13.433223795698925,12.695568495762712,23.895243574293787,18.244930370109508,5.696597061835162,14.40070354732059,13.6677250163643,25.68696302369028,0.3144757560134345,0.10396893202996167,0.27494031029309307,0.20585715861438186,0.4655421184122426,0.0,0.0,0.0,0,0,8.5856557,3.470046744911525,7.228584,5.062020500000002,13.1786915,25.672275417346345,7.272558727966371,20.7001065480226,20.35864521908602,36.09714908615819,27.409837133076955,7.6637999020816325,22.935554098557265,21.649862429931066,38.92208950478254,0.2802443257244974,0.0877031664162544,0.25805875064084033,0.20384316207826503,0.41446684575852566,0.0,0.0,0.0,0,0,13.111051099999997,5.257100881353398,12.109517999999998,8.600574499999999,21.249114
25g,row,30,standard_shallow_finetune,0.6517470624832745,0.14832003056187246,0.7151670548374046,0.40740687540798814,0.7851989510211821,21.54118439279779,6.058294798988916,19.635145815835745,16.52620438482268,31.15431928406341,12.50990046122449,4.495976328118654,10.834296255102043,9.041626168367348,19.93824238265306,0.7092621778648289,0.10357149857837483,0.7448865353251601,0.545516214624949,0.8157395373820434,31.46208841433684,6.895859547901354,29.915529128708403,25.170482570075794,41.80740311354312,18.19268047959184,5.393607544029204,15.560311653061227,14.055110377551022,26.87111105102041,2.3805272880338864,0.6071035830586288,2.096910572113861,1.8761571577117362,3.3462665357984145,2.345396737753585,0.5874684455658638,2.0497755259327297,1.8538866954421693,3.277146133199988,13.68535690025729,5.731397792739263,11.718235014784945,9.590572023391813,23.391225101527777,14.68107976642708,5.689205870778444,12.677345313414218,10.35850525904593,24.13235477214198,0.23163148043539783,0.09361998642647974,0.189949058952587,0.1780131483778299,0.39817725540578186,0.0,0.0,0.0,0,0,6.215875600000002,2.086692660057639,5.262030499999998,4.619649000000002,9.747880000000002,19.937557926629434,7.089459417332737,17.19193886440678,14.14929717251462,31.722593844722223,21.327832245012125,6.997069362961312,18.226499950186245,15.619798729326472,32.61279234742736,0.21452690914581515,0.0739438672416263,0.18064477586351613,0.16376076532020611,0.34247072801389217,0.0,0.0,0.0,0,0,9.611781200000001,2.9642414380506485,8.437042000000003,6.9134165,14.191144000000001
25g,row,30,target_head_only,0.3874908190016308,0.05364358124981599,0.4128994382917909,0.3003927787145655,0.43609133961819846,28.79969345298818,3.691227186142088,27.86907400539124,24.241027326266572,33.08140769412228,16.278305348979593,2.487956704726921,15.251752658163262,13.232106086734696,18.950852959183674,0.25874409535963366,0.032568691039846005,0.25277641453739763,0.2148532585745453,0.291650465493661,50.75030967847657,5.869958652118077,49.402560862365675,45.341755412320325,59.44536628178783,30.72731743469388,4.198402298703789,28.92222391836735,26.943425214285718,36.03474345918367,3.415757082228052,0.4118520794999258,3.313030145731636,2.9694653897225276,3.955920685963016,3.405870303029104,0.4094270180667157,3.3049015793307457,2.967466419642351,3.9479918113518018,17.696365872241444,3.286922716751364,16.087243068713452,14.372997028248587,22.284274374722223,19.087538504419502,3.397347081343101,17.65197270362498,15.57169371284573,23.25599214682348,0.2923710494875304,0.019403590928126404,0.2917926625600139,0.26352218454558685,0.3119316032315648,0.0,0.0,0.0,0,0,7.124509450000001,0.5686292488784008,6.824725,6.591107999999998,7.813888500000001,33.46689074453192,5.241500051995919,30.674756309941518,28.263660639784945,39.78158279694444,35.701659868504365,5.575877911731535,33.303060206378326,29.799012660132565,42.08178997483128,0.37244453555936075,0.007941139503617543,0.3676819536809408,0.3654967962472577,0.38339958945683317,0.0,0.0,0.0,0,0,15.564217000000003,1.2044230800173064,15.363085000000002,14.390525000000002,17.586176000000002
25g,row,50,conditional_EA,0.7577485188739623,0.04526036053420488,0.7293341716118298,0.7175418473379218,0.8168646874725599,18.21655029222959,3.8844865964374917,16.662560887667837,13.53882018284395,22.919034274392526,10.032606861897502,2.3542549156200274,9.285693888540377,7.577834844783619,13.478706881024843,0.7908841135222354,0.08281344648487583,0.8265546747699114,0.6940659439856056,0.8902519735104591,26.806151176353445,7.807548939341424,25.827079225697386,17.51242293200471,39.06682464969288,17.17607212227633,6.930237920859215,14.426261685474683,10.820050973998203,28.79167010557206,2.019853399111341,0.4666212956848021,1.916653620269347,1.438544311424686,2.6800483631748797,1.9896280686032106,0.4689156366134007,1.9051744265492876,1.4037581091306404,2.6693445629370105,10.671699161635459,2.4212195098492875,9.921426179239777,8.313692442531861,13.785048411544352,11.557521776718769,2.7286342341540304,10.486210695209268,8.97155084504137,15.462656613553275,0.19646577149764144,0.0281183010027355,0.19113094635751648,0.16685091533995725,0.23381103220996713,0.0,0.0,0.0,0,0,5.188788928626574,0.9778889631160588,5.259896288586701,3.8383588997920066,6.4959411857365055,17.995897542734717,7.304011655794475,15.76609992000559,11.397883876953848,30.234839267202567,19.204376661040193,7.601512486678271,16.52144972771164,12.213797216016207,31.942413340094106,0.22622588247767417,0.0840880831165719,0.19922124459543505,0.1551905447400141,0.3700815165562964,0.0,0.0,0.0,0,0,11.24665247130716,5.5479478621244525,9.549062956319482,6.698993135696012,20.820717553526983
25g,row,50,conditional_policy,0.7513262273496816,0.051674364918950645,0.7291081535994138,0.7027119582980661,0.8168646874725599,18.472103684035858,4.2221219232095395,16.662560887667837,13.53882018284395,23.639385217097324,10.66322149556731,3.3440561312474513,9.285693888540377,7.577834844783619,15.855444135577999,0.8083510436760966,0.06294705443027623,0.8150635156744614,0.716178325233662,0.8902519735104591,25.58984878771095,5.330514613130909,26.66891172869226,17.51242293200471,32.14348020348553,16.16160994887386,4.541789975625672,15.146448089079705,10.820050973998203,22.99917283495468,2.0060851283709233,0.4317113670158568,1.916653620269347,1.438544311424686,2.5493075272997308,1.968015527745934,0.41867015758696696,1.9051744265492876,1.4037581091306404,2.499729224530139,11.355165439198398,3.3890795150592563,9.921426179239777,8.313692442531861,15.998719584090683,12.183380881047174,3.6167529715691145,10.486210695209268,8.97155084504137,17.42327425712482,0.22548255632002845,0.07629366279003387,0.21404771946282597,0.16685091533995725,0.3559781832165927,0.0,0.0,0.0,0,0,6.074564560658156,2.6748264383632523,5.487651533003308,3.8383588997920066,10.697064101477814,16.861480971368405,4.39068329122163,17.379540319826443,11.397883876953848,22.949316010550145,18.055862669665537,4.5769455151712455,18.245052691683192,12.213797216016207,24.476240419249287,0.20748521798071784,0.06907282682532669,0.18377358500205332,0.15499619348218768,0.3206032451847622,0.0,0.0,0.0,0,0,10.49289930068597,3.7098542339550162,9.549062956319482,6.698993135696012,16.60384418824549
25g,row,50,local_identity_shrinkage,0.7421030621340663,0.03760440270755304,0.7273204382730769,0.7027119582980661,0.7926395156075413,18.79019362915863,3.6279515079565874,17.47866083331503,14.406476413603276,23.00413422616842,10.716295720446828,2.542801262117548,9.654839469136377,7.989922732161832,14.448160340753011,0.7838270657609484,0.07032686717497727,0.764749493631521,0.6940545642681042,0.8833494609039265,27.444357144622167,7.617710805688682,26.66891172869226,18.054740573024976,39.06755122015048,17.748686069615268,7.092300879312809,15.146448089079705,10.711885007129345,28.842798883770183,2.0782406221279475,0.4414445972667546,2.0109379291633878,1.5172292109888585,2.6859338177545244,2.0458773540461963,0.4457659005350213,1.9989498947138093,1.4756815927392135,2.674767136995574,11.545813831068019,2.5670266025577724,10.383686408724337,8.68796489996832,14.665689366658013,12.359327401244368,2.8334694258888047,10.926900757791655,9.353135797781654,16.184180903710516,0.22001860177641222,0.04655993610798189,0.21404771946282597,0.1709285099670464,0.29606796789926604,0.0,0.0,0.0,0,0,6.103914283119906,1.6702839274280155,5.851285356092404,4.185766497656466,8.752963191902424,18.468391383090594,7.258537223158127,17.379540319826443,11.240892321380871,30.25910523263981,19.636618991031376,7.62643061203597,18.245052691683192,11.998643004443373,31.955334387265594,0.23054085883972367,0.09705033319063025,0.18065624977069777,0.1532521435099677,0.3703625681368651,0.0,0.0,0.0,0,0,11.986516166432862,6.2143993770654875,8.945765453709434,6.003440684714034,20.758818656243186
25g,row,50,scale_only,0.7292257406734247,0.040396667469092234,0.7120526030302818,0.6928582714989926,0.782512981685406,19.238279154779256,3.6408734430069987,17.78480032681387,14.754056519676402,23.639385217097324,11.607536228471087,2.782776993357563,10.822769736308496,8.986078560711366,15.855444135577999,0.7834309206925573,0.029005730719198358,0.7928917538503617,0.7381367855978183,0.8163815210368773,27.392259049247183,3.559509807981696,26.674017897323814,22.651974816280696,32.14348020348553,16.74218059593247,3.7712123866736547,16.03864927460178,13.012623288582231,22.99917283495468,2.106071144280249,0.35627697422195315,1.9808082049062399,1.6569972847738856,2.5493075272997308,2.0726900896574576,0.3402619479499545,1.9581220668883,1.6407169845965348,2.499729224530139,12.484656260143828,2.8178287874244288,11.571176731022147,9.654121199119112,15.998719584090683,13.2750804643044,3.0509817628715785,12.068173668493406,10.351675268471693,17.42327425712482,0.26715253005439965,0.0673152859379653,0.22550923326603523,0.20927342553748346,0.3559781832165927,0.0,0.0,0.0,0,0,7.755859665845317,1.8693600030187898,6.996093068382496,6.2432059801882165,10.697064101477814,17.759330620181323,3.6855319075077064,16.93214370208989,13.654163689431563,22.949316010550145,18.919210903000305,3.8093643980126672,18.005468031496598,14.752501190556591,24.476240419249287,0.23243062617663432,0.06072480789783033,0.20346005383248794,0.17475302145625377,0.3206032451847622,0.0,0.0,0.0,0,0,10.820054186485914,3.3619772573357616,10.220114447877602,8.382701446389813,16.60384418824549
25g,row,50,source_anchored_full,-0.15303737353903749,0.0684410771615179,-0.13161513312976192,-0.24081150773792315,-0.09078974340283552,39.68415463062206,6.424628967281611,38.07758892965299,33.4359991528468,49.0718584223949,26.129014110204082,5.112625535354231,25.13480563469388,21.54015279081633,34.10656508979592,-0.1016636955438082,0.06634537550874539,-0.07059366465745787,-0.17464550368938458,-0.031115915727620624,61.9718152710394,8.312508535789151,60.414796674976785,51.96089928851086,73.08134565831648,41.05146519408163,6.979970406550024,39.752825632653064,32.92664263775511,50.483411993877546,4.485179939782248,0.6780726908572956,4.3286384563512055,3.7717589425310094,5.451995198215468,4.445541757618405,0.6638307615209132,4.295172629610025,3.7377157510325247,5.386754615237305,27.956731969271708,5.981693853241046,25.87774645687134,22.006467284946236,35.97748190635593,29.456865576467003,6.1358741168250015,27.67230264461558,23.204728228094936,38.00355975599788,0.586381365509585,0.08822787179004796,0.5656890618361359,0.49828456054186376,0.7287522503683801,0.0,0.0,0.0,0,0,13.824780560000002,2.948501763786562,12.951166,11.646227000000001,18.966974,44.25685057315458,8.313597845119427,41.46496767397661,34.36619862231183,53.61185921242938,46.57833541365618,8.53084042075828,44.24733881338832,36.19337761692704,56.87657456485262,0.5646008794362608,0.05216956756031804,0.5689587556152358,0.4910699255586607,0.6327137008054884,0.0,0.0,0.0,0,0,24.4078683,3.35675665171132,23.965293,21.539126500000002,30.045412
25g,row,50,source_anchored_shallow,0.4772862621873878,0.08203921877565067,0.5101913146390612,0.33943819245241724,0.540333820640339,26.451543731007384,2.614661230013739,25.712926190960015,23.378414784481244,29.867637716995002,15.018392365918368,1.6322675744436925,14.053506796938775,13.444285012244897,16.835254467346935,0.4566711511704649,0.10633471607586026,0.5081763821521817,0.2705616721241946,0.5260694472207862,43.25846378494617,5.781609208344302,42.69247657669493,35.761155237682175,51.56774660524071,24.248997088102044,3.1455320086750884,24.001015670102042,21.174928386734695,29.18943437244898,3.0435409140663405,0.3303906959003229,3.0442809325441518,2.6220983539886444,3.5111735384111884,3.023863598932052,0.3336077756921434,3.035773771018623,2.595683788942758,3.4990595296222677,16.59857810793679,2.16668129480748,15.27003443669355,14.820614469883042,19.682546930000004,17.917355288020666,2.1932766618315913,16.56619898946907,16.04802908464927,20.73540335213716,0.28593692696652234,0.016234499225266284,0.27874827890893783,0.2730436477034611,0.31291960899726,0.0,0.0,0.0,0,0,7.7553213,0.6372433119984058,7.3623135,7.202912000000003,8.588271999999996,26.940395754029794,3.388229514182424,26.33810457327683,23.700967185380115,31.34536733898305,28.99191862942423,3.6668792732799935,28.567044823336076,25.47120528187906,34.22561910043958,0.2926834270602853,0.04371200258941171,0.3060251361477927,0.22071742338939598,0.33046648741603657,0.0,0.0,0.0,0,0,12.8604612,2.3785790834238796,13.777160000000002,10.139734999999995,15.437472499999998
25g,row,50,standard_full_finetune,0.4903439541965223,0.10779591162789831,0.47976855226536597,0.3830760457522523,0.6689268701774377,26.492686116092965,6.3609748493138625,26.26807729038012,18.203577220327514,34.60153903590904,14.627431914693878,4.663633944259754,12.27436918367347,10.005885362244898,21.45977961428571,0.5134452558000703,0.08256523438776843,0.5177559750198304,0.4004473750466907,0.632759649093096,41.34939902415658,8.575823174106352,40.71648102278049,32.03487798723104,54.68999143003742,22.704506942857144,7.112035914621155,19.665664653061228,16.13356568367347,34.22527002040816,2.994750999760353,0.6761243962373367,2.9603783282075886,2.1572756924325462,3.9278298335217228,2.9670999146352806,0.6643131524685545,2.9331629099015775,2.1514249569647683,3.896552782131625,15.009051705062626,4.819487949860442,13.219066008040935,9.578499015536723,20.527893568644068,16.224374188117192,5.004583636699858,14.50256446236243,10.475125807851441,22.298541506477005,0.2676478388109452,0.1190303522926574,0.22795030892976775,0.18780041452900853,0.4785128734183125,0.0,0.0,0.0,0,0,7.208338550000001,3.1306189829561686,6.0126495,5.006661999999999,12.6681605,23.52010348322363,6.812327966291082,21.56839362134503,16.520049050847458,32.977009234463274,25.30619408367134,7.172977772767824,23.556279214099074,17.80921347513455,35.649884850593935,0.24864287337233404,0.10161371775313995,0.21170547674363607,0.1740986423524048,0.42769656529791256,0.0,0.0,0.0,0,0,11.348709000000001,5.03880977638244,10.081648500000005,7.170536499999997,20.0578675
25g,row,50,standard_shallow_finetune,0.7337664116298439,0.05186122035837559,0.7118821726820523,0.6759942558103862,0.7967750576873069,19.088391839032845,4.076606413206321,17.404321779918785,14.262093446643535,23.646380023651215,10.67309852857143,2.669542649222558,9.99933513265306,7.461974566326531,13.516524785714289,0.7732647501765193,0.01745613540938152,0.7660162902369956,0.7575830166819124,0.7986593587369513,28.064683705796234,3.457235841348474,26.311232186634655,24.75230938639282,32.84865272892932,15.684258776530616,2.680887921781932,14.401943908163267,12.883929000000002,18.78022608163266,2.114079638861516,0.3777946426597135,1.9214626571665288,1.7127582029325341,2.5671570790035574,2.084092328111161,0.35914197176394586,1.90292038671247,1.7098269797904666,2.5221048437020985,11.254685541701186,2.9396371359618962,10.577953677419353,7.733189224576271,14.781742720277776,12.188338273228293,3.142569529832968,11.368251036487269,8.3057641978385,15.52615527588914,0.1931524888068366,0.02367071009246825,0.19282816434877326,0.16484348765353504,0.2204107699810351,0.0,0.0,0.0,0,0,5.441648250000001,1.2536208711236474,5.615480499999999,3.8097100000000017,6.785102,16.520469251474807,3.212149457735758,14.6695036922043,13.779913981638419,20.87390153305555,17.857075058826076,3.4347412155391472,15.729145805310885,14.732222546962792,21.769722251218436,0.17464250208063453,0.012463948909717597,0.17812646356456224,0.16046857595502606,0.18638813702458953,0.0,0.0,0.0,0,0,8.3844609,1.3973260583922165,8.527451499999998,6.747372499999999,9.977005500000004
25g,row,50,target_head_only,0.40486063667875277,0.048786768912627135,0.4140627073894253,0.34239813293869714,0.454920834809469,28.42184022640742,3.9037512510083854,27.877611064110358,23.561783103768946,32.52440725052022,16.05104289387755,2.422401645683466,15.018080224489799,13.23156623469388,18.86401349489796,0.2654583234694843,0.031497807700840985,0.2687091580496268,0.22302509727434783,0.3026347919395581,50.53155130728679,5.93772696294728,49.5435394484286,45.10517882528716,58.98265791831993,30.646245618367345,4.111824495359191,28.67485030612245,26.98537279591837,35.87187290816327,3.3838818529870522,0.4288009880121634,3.3176779886709133,2.902425329327634,3.904999787801526,3.375090142019644,0.42559880269686745,3.309827908573186,2.9010559326536303,3.898256792627524,17.456220730024462,3.3244673908294318,15.858174871345032,14.225864920903955,22.27546427472223,18.831731837279843,3.4538032795399376,17.445863310364654,15.361404276409507,23.27648033488943,0.2836215723919282,0.009177305744930973,0.28309328525556665,0.2711699402296815,0.2950583996027396,0.0,0.0,0.0,0,0,7.0886241,0.5819709355782295,7.432019499999999,6.401195000000001,7.622384000000001,33.35429628855546,5.1986693367079955,30.425209581871346,28.299955131720434,39.688689994722225,35.57078405987814,5.533962792263288,33.08564112443841,29.793675424331624,41.818581735645296,0.37561565535323427,0.009607966811036848,0.3770146746212314,0.36196002814088657,0.38644241447525174,0.0,0.0,0.0,0,0,15.646025200000002,1.0923423450915923,15.377358500000003,14.811159500000002,17.5354135
25g,row,70,conditional_EA,0.7524814487959148,0.04640573713997975,0.7424468176221225,0.7075497336324039,0.8108425923508212,18.45092820199513,4.172390574420749,16.687623675142987,13.759620310494126,23.823502430070945,9.746155748121545,2.507920105044494,8.31245690779055,7.420339546419498,13.11350253651468,0.8069857968764144,0.04934114136238078,0.7924513670141576,0.7653738251849094,0.882309510600385,25.896006759370454,5.7325349106196,25.67999149089109,18.135041834694494,34.21231256148372,15.767933188769334,4.2776371954922325,14.199684575176864,11.062248944277922,22.15843627087471,2.012223571650243,0.4370719843550444,1.9034512716876315,1.4699953975197317,2.6143677216311376,1.976193751972182,0.4269561620635951,1.889738007715568,1.4371331196122137,2.57575562554405,10.403782065437179,2.624716085194408,8.877502959871489,8.092767482534427,13.518579503462346,11.290012260549783,2.9844148635208008,9.429389192578702,8.705956200693162,15.330942023143189,0.160167312375228,0.021408855110843658,0.15660809491530062,0.12944386586006146,0.18731200096459072,0.0,0.0,0.0,0,0,4.745943892665142,1.0414694750544402,4.5278848838234325,3.488203017196888,6.090682339464811,16.35391590786897,4.417636477211585,15.555409514718585,11.73753853034813,23.50538761751632,17.54551921707249,4.862590294978562,16.296144219116545,12.539600454107736,25.39079787723639,0.1968404204559599,0.03399557638497964,0.1889993337818005,0.15529660010471774,0.24362978288542875,0.0,0.0,0.0,0,0,9.521932726797415,2.984241721095592,7.74181004898154,6.788565607496519,13.402508713231702
25g,row,70,conditional_policy,0.7567735526954704,0.04281166861762801,0.7424468176221225,0.7055987577786262,0.8108425923508212,18.266776055358342,3.8730026293247364,16.687623675142987,13.759620310494126,22.68062474266739,10.091045827517803,3.0319968753157043,8.31245690779055,7.420339546419498,14.394085641757702,0.812442976583457,0.043157377406439164,0.8066925959977795,0.7662696562793323,0.882309510600385,25.470379901727732,4.706451495924441,26.710105655841954,18.135041834694494,31.054064108319245,15.687288581474755,3.766043095986013,15.052886183676684,11.062248944277922,20.902011625902,1.987608330415681,0.3912168675527266,1.9034512716876315,1.4699953975197317,2.4511520095058756,1.9512709260632584,0.3778935951300785,1.889738007715568,1.4371331196122137,2.4050093033015734,10.810329073073905,3.1827441452399525,8.877502959871489,8.092767482534427,14.637926937332495,11.629412248576395,3.4342851098364613,9.429389192578702,8.705956200693162,16.140848355287545,0.19407591215479458,0.07166512749699544,0.15660809491530062,0.12944386586006146,0.3072352987930376,0.0,0.0,0.0,0,0,5.613412983792617,2.3690836230791863,4.5278848838234325,3.488203017196888,9.302935513545181,16.150808120308273,3.3773059774277376,16.80131171541579,11.73753853034813,20.651447418600252,17.298994307218667,3.65055256271081,18.257663289849617,12.539600454107736,22.196654257234208,0.20145511608593614,0.05804477095962687,0.18021038832966602,0.14774485547546684,0.2803939536344014,0.0,0.0,0.0,0,0,10.250075172582468,3.481805515600457,8.802883933243942,6.788565607496519,14.514607559958641
25g,row,70,local_identity_shrinkage,0.7368307396987228,0.039869747945094104,0.7224036160842588,0.6981031808496931,0.786588139482682,19.011447780543126,3.941737766292599,17.410493932240783,14.615175985262258,24.20521073009598,10.409739458014895,2.532220825048634,9.051734037028186,7.936135507688944,13.947445234051932,0.8024628847064523,0.04477672983143689,0.7899110075935472,0.766548338885533,0.8743653492512489,26.228366466885053,5.497669058769278,26.710105655841954,18.737109540679914,34.093693211837554,15.920564767863562,4.282301901884409,15.052886183676684,10.942648747186944,22.14054152645378,2.0611300598027618,0.4184594420893408,1.9592136089789272,1.5489765831013027,2.63948447102657,2.0220980658800576,0.4100762218786708,1.9406765554361818,1.510147071628099,2.596287529961554,11.251709529597637,2.650315687986484,9.925611577246436,8.618170524710408,14.302963746184773,12.110755866765475,2.9958991938846316,10.405915090103344,9.267110807198586,16.087811479954333,0.1933387786708539,0.02574675951430717,0.1976786618239836,0.15249024451417875,0.22092067723807723,0.0,0.0,0.0,0,0,5.4380697830011,1.2009081060984286,5.815509451278139,3.7691162880814257,6.604497573593813,16.710385278115183,4.4805566293718195,17.00843997590742,11.568628192425829,23.51567059883313,17.909914654234548,4.890481326466199,18.257663289849617,12.336936890780454,25.389117655191676,0.18859158826476446,0.042321638397354595,0.18198645658856483,0.14774485547546684,0.24538090592382117,0.0,0.0,0.0,0,0,9.711514503673058,3.2706735661838526,8.802883933243942,5.948792259635244,13.919331852199882
25g,row,70,scale_only,0.7316705003698852,0.033582346424145496,0.7349359511280029,0.6939717791856113,0.7738625107261208,19.121307691649385,3.202250120833584,18.100722172366627,15.044614231818363,22.68062474266739,11.164713749162027,2.4013679079569035,10.700025700169961,8.736024557996082,14.394085641757702,0.7848999832474546,0.02845792208936406,0.7888360311253696,0.7370583143320223,0.8066925959977795,27.243720803757174,2.899658051528713,26.945445687695308,23.26304076861168,31.054064108319245,16.200825495165482,3.013653198179277,16.201907958839595,12.915988234905178,20.902011625902,2.0938089891203058,0.306755753671477,2.010734476823385,1.6940020753138572,2.4511520095058756,2.0606479920085095,0.2912098554193522,1.9866104879700404,1.678159117753526,2.4050093033015734,12.04544118827685,2.5169630918753145,11.455131363121478,9.37663692584734,14.71608844384855,12.842601497621018,2.7292589843664268,11.957574378345212,10.068888692166826,16.140848355287545,0.24668019804226665,0.06456522381809474,0.2327690725983439,0.1799253348386463,0.32059406822140846,0.0,0.0,0.0,0,0,7.150495829206863,1.745009324363021,7.351255826186311,5.043366198781397,9.302935513545181,17.221021803845293,2.9186350277130844,17.101134098933517,13.684291911832752,20.651447418600252,18.378705370610334,3.0108618661142317,18.175960282572852,14.814716713102033,22.196654257234208,0.22006054088744506,0.0524842215733013,0.18965947115943682,0.17318536124150102,0.2803939536344014,0.0,0.0,0.0,0,0,10.224063306945434,2.638318679105049,9.492461456994217,7.485678467129173,14.514607559958641
25g,row,70,source_anchored_full,-0.20543105246898383,0.23464384381234996,-0.2274037521459975,-0.5323494736052856,0.08758080748335961,40.25352198925628,6.232989105561609,39.629874268202784,34.787818111237655,50.0410415427846,27.487394544489796,4.784762902317629,28.402566864285717,22.664461488775512,34.42849011734694,-0.144356280743078,0.14613991043316113,-0.15088133475417997,-0.3414138474052806,0.06412854684336655,62.97764876286128,8.540563495459178,59.26582116722802,56.71045747393126,76.92017228678449,43.363605369183674,6.198108933276578,41.62101226020408,38.03123171428572,52.85190289285713,4.552599272270887,0.6694046933500384,4.409361332965869,3.996351540691118,5.622436741485255,4.51295339887424,0.6581934167233254,4.357937547065425,3.9717012000879377,5.567646083033885,29.198527040632694,5.421456193819671,29.417356440053762,23.64550141388889,36.33035803305085,30.593747247750876,5.532787243285046,30.43527670083487,25.22677132058713,38.39337525919549,0.6323029069114556,0.10066766230525341,0.5871510071602736,0.5429052800179212,0.7627123677193427,0.0,0.0,0.0,0,0,15.45340736,2.6630328899364324,14.347635499999999,12.8590935,18.736762,46.49416099860757,7.331489945700655,43.362817176478494,39.5139729005848,56.33680819632769,48.5985445209068,7.633287075087237,44.824373883101465,41.9167623624752,59.649895190576345,0.6131661404532142,0.05407345434462268,0.6046881540244258,0.5455595820962836,0.6808089646182409,0.0,0.0,0.0,0,0,26.1763561,2.272561363409671,25.403502500000002,23.598402999999998,29.359377499999997
25g,row,70,source_anchored_shallow,0.5592831843580418,0.09385646570515192,0.5056945213010258,0.48180600181105016,0.678237442593189,24.394723690162408,4.303995246334331,26.07382123033506,17.945787700986656,29.13306323833143,14.012155491020408,2.563760145855368,14.330278082653063,10.064433360204083,17.075765948979594,0.5390520124028554,0.060911641656534427,0.5070650425742275,0.4782855157042818,0.6113280000250163,39.98025896896188,5.343943560138871,41.427435187320356,32.95638023542624,44.797716604402986,22.750981863816328,3.079296703767305,22.05076036020408,18.605930158163268,25.862647795918363,2.809166784393068,0.4426131742318152,2.9656264239587955,2.166715181393692,3.2735905935434664,2.7913927049930853,0.4341333563913532,2.9429480678366158,2.163726944164739,3.241745113506794,15.326456413726058,3.493415891229466,15.777792218128655,10.301169256638417,20.064874615833332,16.49062670337917,3.620346216223116,17.123116673314804,11.206258171439744,21.199362929872674,0.2735327152711236,0.03139171903127261,0.289526269571797,0.22631690100356094,0.2978700602084412,0.0,0.0,0.0,0,0,7.726371600000002,1.2531249621322402,7.617614999999999,6.186433000000001,9.105563500000004,24.969967333823533,4.230105306915018,24.507332458187136,19.50698134463277,30.492754238055554,26.78182839171842,4.421664631941053,26.597595374763294,20.990009801071423,32.06852159443038,0.2733374405229104,0.022135591068415214,0.27513418082188734,0.2490847568117172,0.30706427480075027,0.0,0.0,0.0,0,0,11.992714,1.4916023382657178,11.569072499999994,10.713844,14.290043500000003
25g,row,70,standard_full_finetune,0.4929446159666758,0.04179400322254898,0.5100538120474669,0.4378336891021398,0.5366782489192816,26.38804923502058,4.896994210612952,25.245806593456447,21.534565709581727,33.030261143509485,13.782887551224487,4.148697219946779,11.412715568367346,9.904293193877551,19.25124910612245,0.5641096610687976,0.08377333181033916,0.5446854806184902,0.46869848836506267,0.6781558984612662,39.069939407241904,8.10913497936818,36.27260767048224,29.989598706046372,51.48310440076164,20.478746442857148,6.233378327443695,17.379702969387758,14.496861836734697,29.48158054081633,2.926833324107607,0.5595455830617037,2.7708997017470596,2.33973724657293,3.7300640463456727,2.889566123088094,0.5570400855420922,2.730085068667262,2.2991804399513507,3.697109807625411,14.158240791819088,4.39120619557662,12.79854102222222,9.260183374293787,19.20831891722223,15.437220747574747,4.516700027788349,14.001682348235185,10.509549568556487,20.254392767824793,0.2509587444355777,0.11279022314077387,0.1953000197357081,0.1792443069280132,0.44740262254233065,0.0,0.0,0.0,0,0,6.3217633,2.6197279099164477,5.195006000000001,4.125312,10.7479735,21.29518312993799,6.06824635725775,19.463021225146196,14.233402621468924,28.23483176836158,23.13965944248859,6.477192778281639,21.172436941736574,15.836752242856889,31.163053464664152,0.21217211650883075,0.07519362605963777,0.19126125138315822,0.1599863468123161,0.3422293285298912,0.0,0.0,0.0,0,0,10.0876823,3.4989547136259604,7.953366000000003,7.730260499999998,15.7937945
25g,row,70,standard_shallow_finetune,0.7039327414598018,0.10861495700180786,0.7261402906213585,0.5229288852270231,0.8148978698115152,20.07904677455026,5.703200075839949,18.452800666527505,13.61132743562747,27.953199452367873,11.269182082653062,3.936126756432126,9.636685464285716,7.484703051020408,17.261485704081633,0.7543266886521902,0.061525640223242674,0.7783862183782243,0.6453139788005943,0.7911869212988054,29.15109667980878,5.405667688568152,26.79503394983531,24.57683201899868,36.93312292332101,16.351910837755103,4.176575250302086,14.250891010204082,13.176977112244899,22.945256852040817,2.2142772228673566,0.5504785770647251,2.032499621263292,1.6401272917488672,2.9885281536288617,2.180742696225137,0.5269300361534105,2.004273463292154,1.6376709466421873,2.9224242580258553,12.335079552517794,4.900003674696273,10.279420243279569,7.833151151129943,20.3004770625,13.259979102073316,4.97706374773233,10.975318715558812,8.4573127008147,21.0524978594127,0.22100270805860567,0.07827090269138832,0.19680316484354937,0.16436093710440147,0.35813343412603327,0.0,0.0,0.0,0,0,5.876344400000001,1.6090190035891585,5.648331500000002,3.911450000000001,8.3222585,17.73520540510558,5.581211120335336,14.886390162280703,13.699840899193548,27.12835562083333,19.019816806827475,5.5689116999879715,16.33649689682294,14.623011516420101,27.958505107658176,0.1937936368044028,0.05410074750669858,0.1762984251426824,0.15013281859655825,0.287807547034574,0.0,0.0,0.0,0,0,8.4176916,1.6016510192496043,8.151857,6.438622000000002,10.775946999999999
25g,row,70,target_head_only,0.4048477979790368,0.0409128105902392,0.4091016136223302,0.3542739624386073,0.448865285067208,28.433569163583098,3.9135513011528373,27.995381280697952,23.6958537191128,32.70457298048953,16.061357979591836,2.3715429737665135,15.26917314285714,13.398152336734695,18.678060096938776,0.2668332957986658,0.0313690183274481,0.26661270078964083,0.22513305290398034,0.30278986334525715,50.483920792312,5.9326049730011094,49.37861818891235,45.043951434648825,58.97609963859889,30.658302514285715,4.068792746115031,28.838172734693874,26.85145042857143,35.85039963265306,3.3831864391815074,0.43049922163185234,3.3209058460489347,2.9131475738473487,3.916907614078248,3.374353026216754,0.4272409062676835,3.312171699395762,2.9115771649879174,3.909485152075466,17.464537350573554,3.262753458875621,16.092272678362573,14.394116802966101,22.09975217166667,18.8404430627969,3.422739664649898,17.65900061062476,15.534955460052196,23.105467347894376,0.28026347935576706,0.011933840362254191,0.2771326042973441,0.26760129645656516,0.29768952342111554,0.0,0.0,0.0,0,0,7.141464600000001,0.5095366913437652,7.229850500000003,6.629762499999999,7.820613000000002,33.36403514950861,5.1471545203362625,30.60579605263158,28.168948233870967,39.59049721527778,35.58439244974774,5.501368843204331,33.25218191668031,29.67119867017165,41.80767662588778,0.3756512324274069,0.010923156900923034,0.3737991292117654,0.3650560863340737,0.38895766360928424,0.0,0.0,0.0,0,0,15.6532421,0.9802015635312844,15.311311500000002,14.892824000000003,17.37182
25g,row,100,conditional_EA,0.76826869390842,0.04127133843373775,0.7736400947808559,0.7156851200676841,0.8221009113460975,17.782383089258172,3.447437516824871,16.75256371830596,13.343864854688787,21.57941946645326,9.13158313541296,1.836517880480034,8.28136230908172,7.358971863091495,11.353610770793072,0.8146121125452022,0.03758273292865811,0.8194863280367128,0.7680767698087676,0.8664571408154844,25.297605576502395,3.9018688053542583,25.681520009073125,19.317824335316807,30.008842990401085,15.036671370344061,2.8568456531432123,14.241190934215409,11.492159463962548,18.103931764796673,1.9476341324116728,0.33795347199377646,1.9113750109740626,1.4682784247065723,2.2977792602512896,1.9151604993931008,0.32308965703356823,1.89768339822268,1.4475376036548622,2.2632836429664795,9.82571093365999,1.9991371294683193,8.667243560101412,8.106440539239248,12.708418484205595,10.663564743352463,2.17154640230442,9.475543723773058,8.75652117351257,13.345362263185223,0.1597519197956686,0.019638434728625823,0.15335614548291293,0.1458315255983133,0.19351698627167266,0.0,0.0,0.0,0,0,4.696559744978492,0.5378598179951017,4.362436891160371,4.279701177798319,5.515265149375951,15.58055368243871,2.5200855984067254,15.647295160243498,12.361419595899113,18.902893253166592,16.778802194232235,2.9661788674960223,16.4099424631387,13.210573634233384,20.79500438155925,0.18608747996840555,0.03696503998458175,0.18419231784113171,0.1513292903278608,0.24512611017367053,0.0,0.0,0.0,0,0,8.809687328467088,2.421949373664061,7.9908335543597975,7.229197712713324,13.05394210107602
25g,row,100,conditional_policy,0.7655092483588779,0.04587101314393609,0.7736400947808559,0.7018878923199734,0.8221009113460975,17.885863112834848,3.594531894891588,16.75256371830596,13.343864854688787,22.09681958433665,9.282905337994782,2.0803594065094724,8.28136230908172,7.358971863091495,12.110221783702187,0.8128552567276808,0.03697131980757543,0.8194863280367128,0.7680767698087676,0.8664571408154844,25.427507614160394,3.9285660283146937,26.331030197363116,19.317824335316807,30.008842990401085,15.154480915279796,2.8278392033156874,14.83023865889408,11.492159463962548,18.103931764796673,1.958534263082758,0.3504632992783259,1.9113750109740626,1.4682784247065723,2.2977792602512896,1.9257668943010564,0.33414779726245825,1.89768339822268,1.4475376036548622,2.2632836429664795,10.047115653183457,2.416042663799003,8.667243560101412,8.106440539239248,13.81544208182293,10.877185477879422,2.525074604553017,9.475543723773058,8.75652117351257,14.413465935820012,0.1666074906692782,0.034631768570228705,0.15335614548291293,0.1458315255983133,0.22779484063972064,0.0,0.0,0.0,0,0,4.78914403346731,0.7222538193452827,4.362436891160371,4.279701177798319,5.978186591820039,15.836273274838106,2.5923853362747775,16.906903302832777,12.361419595899113,18.902893253166592,17.05052531981267,2.986103658829053,17.768558091040894,13.210573634233384,20.79500438155925,0.18174209299134397,0.03848914331382292,0.16246538295582375,0.1513292903278608,0.24512611017367053,0.0,0.0,0.0,0,0,9.015992609160874,2.3783005420922985,8.425440966992625,7.229197712713324,13.05394210107602
25g,row,100,local_identity_shrinkage,0.7464223643023925,0.03631154980980197,0.7456830015457943,0.7018878909608948,0.791665687017046,18.612369417622062,3.424943131281511,17.413905552924525,14.440265410543509,22.216073008007534,9.915754826892094,1.988768103680981,9.101463112342351,7.940295657593757,12.110221816087739,0.8116429952673201,0.03906375695857811,0.8116834341616896,0.7689300727502737,0.8714604713530254,25.526175322783697,4.285341826585392,26.331030260340295,18.95248793641107,30.65056353757589,15.151752644992422,3.151754284018965,14.830238704869712,10.908395248470393,18.322121503323668,2.0143530207844833,0.3475342532444917,1.965372487351805,1.5408135855880478,2.406661623804643,1.9749356967048954,0.3357990311493867,1.9478073301216952,1.5057467481185507,2.3629820112887616,10.791615867177848,2.2124702848359283,9.64693443870095,8.652261613941095,13.815442103438325,11.627404892557326,2.428587039026956,10.413372076366615,9.304030028487317,14.413465953842085,0.19055195375734352,0.024168247582934857,0.17850802632367196,0.17178066105980047,0.22779483940361012,0.0,0.0,0.0,0,0,5.20291957005939,0.7464099917683572,4.975134412885842,4.255569513889531,5.97818648273279,15.790541180886345,2.9941410387952465,16.925893215547372,11.540958933380335,19.159135497953127,16.98823694443626,3.4141241538140576,17.768558188566303,12.33354464725437,21.10508320741371,0.1773810314844918,0.04334059155946573,0.1624653873306256,0.1372959965447068,0.2478693486235823,0.0,0.0,0.0,0,0,9.106434735198565,3.0503998366840905,9.022359704461328,5.77267283354316,13.856549305403174
25g,row,100,scale_only,0.7379488067762582,0.035579355043544515,0.7506026163367696,0.6991466059642499,0.7803750660225798,18.881781074264048,3.1187422275902277,17.957346776525515,14.826395986267576,22.065149736848362,10.687139091419404,1.924434745169223,9.664562201526314,8.892757924947531,12.795629613207339,0.7915170243626837,0.02924495094358834,0.7923950378368251,0.743326312563241,0.8175359136404076,26.821600196102015,2.9718690581830356,26.7174083474069,22.580657099357847,30.623217235751987,15.815491894096127,2.446172687958359,15.175196374437789,13.032142496000706,19.589013778760584,2.0655435421150585,0.3013421013978565,1.9944289798231374,1.660310588360262,2.3899566712669555,2.0323204543672753,0.28664487290541385,1.9704204179006142,1.6430891787213007,2.3484299064246743,11.572557335640555,2.188666539379824,10.499081654671262,9.546071843717716,14.709457231970408,12.367389518240355,2.3327263333578805,11.006482178247733,10.235190243764714,15.293506903306065,0.22471717263246963,0.024128690047892448,0.22547867974104377,0.19002732925675708,0.25611383676384814,0.0,0.0,0.0,0,0,6.479040453076536,0.7613965738132519,6.492176532386414,5.370379472710315,7.393232388707705,16.72306510185218,2.4910505141057935,16.068873886149856,13.657949796382802,19.32123669513134,17.886002564990093,2.5794440667927536,17.122782286310517,14.748502298971644,20.841579157853722,0.20967810993436883,0.02654653535149207,0.19652997022758345,0.18009525289107095,0.2396575853474228,0.0,0.0,0.0,0,0,10.016734513582081,1.612821667224548,9.66710571134167,8.376432216886197,12.720962098892105
25g,row,100,source_anchored_full,-0.2844633255802188,0.09940707260770976,-0.32974191611356884,-0.3734067251242148,-0.14257494689668282,41.847723228599605,6.45348880148972,42.42275766416712,33.817159178264696,48.65309195203797,28.412469444285716,4.37687615875698,29.93420803469388,22.071284184693877,32.53721892857143,-0.22416663920184962,0.07824815485733304,-0.23871331836816867,-0.29309236332926347,-0.10117614452725077,65.3356476663237,8.935175607338309,65.26207332660924,55.47231297082339,77.41647250355024,44.44540165530613,5.781142369275076,45.22850012346938,37.15086598979592,51.038050423469386,4.729345561111584,0.6946012045071425,4.767857078097694,3.8938929092336725,5.536864184639502,4.687449457443508,0.6829984108599931,4.721649736838002,3.871111533027155,5.495009975996579,30.237498451501914,5.3756995127234335,30.55106473304094,23.714745895197737,36.91581671936111,31.842430246999946,5.5548473168780985,32.36571088113988,25.089457819683822,37.92573163362119,0.6458252360226588,0.07758522187957241,0.6329374404403041,0.5473652779567706,0.7409421241498648,0.0,0.0,0.0,0,0,15.56526154,2.192292068522436,15.4587687,12.281394500000001,18.060044650000002,47.83683030748277,6.9628626327717456,46.68508359488305,40.62050307062147,55.15988231944444,50.2735604089719,7.4240685090689755,49.50057983573328,42.609756129339324,59.07702029512686,0.6170900621774196,0.044410238647423765,0.6187612615758602,0.5537643191545977,0.6766469716103112,0.0,0.0,0.0,0,0,26.472566899999997,2.1037767585528875,26.2777825,23.789147500000002,29.6028685
25g,row,100,source_anchored_shallow,0.558643390396829,0.13683919277347983,0.5536371470812828,0.3888379214262857,0.7151584342580846,24.087698405679742,3.914436333911211,24.732782186546867,19.437108855277213,29.618098058279767,13.976033219183673,2.077026081133323,13.069114713265305,11.894393593877552,17.174559186734697,0.5542207882537618,0.14378148056677398,0.5588854174790844,0.353306039243502,0.7148375999680654,38.70360016592247,5.741768967617229,41.116609439692354,31.31277763967173,44.59212137476401,22.39141724020408,3.058183688912163,22.66542082142857,18.498601846938776,26.22729784489796,2.7520957997607045,0.4273576751722606,2.8999216210896512,2.222442513600635,3.303200498804321,2.732204841320774,0.4212123997044028,2.8817440808422194,2.207239873641016,3.2662742471816184,15.360025022565925,2.888765805757265,14.217530387570623,13.229532148245614,20.364033684166664,16.57899091622602,2.905598072421185,15.636030279813758,14.26727766762856,21.460296017917617,0.2885534216285058,0.02249783530668878,0.29026823491050924,0.25870704717785964,0.31878228376671197,0.0,0.0,0.0,0,0,7.987388300000001,1.070520365104899,8.045651500000002,6.424674,9.415931,24.815691544030056,4.159783376063782,25.144375033898303,20.717972935672513,31.307724302638885,26.49046518170196,4.257342270998104,27.11881986281106,22.090616185442222,32.737379406355195,0.26839066629577335,0.019388094291637244,0.2727548905059531,0.23637904727900563,0.2879759099366873,0.0,0.0,0.0,0,0,12.6613376,1.1622712034709997,12.538318,11.502087499999998,13.9974585
25g,row,100,standard_full_finetune,0.44321564322864715,0.25402605596199607,0.5218298473540737,0.046157292289677465,0.7201541706242464,27.514393564936405,9.988512504064206,21.87691126089971,19.265904542414052,43.02471292336302,16.05901760408163,7.994013767820134,12.345236413265305,9.730116096938774,29.344171683673476,0.5636585915754841,0.16231174139701493,0.5852646674737473,0.2983270138930125,0.7409205829963961,38.98993319579183,11.868754735077236,33.32447829704385,29.84639751357136,59.16455186697199,22.43316383285714,9.579679724760258,17.2117906122449,15.775544948979588,38.77951689897959,3.008538623049291,1.0288741887156438,2.4330715048599085,2.170804642433692,4.656062248692474,2.9585494690389083,0.9975093356792392,2.4044811866422817,2.150769889147465,4.570205807539709,16.575426445220785,8.454254770340457,12.566948333333334,9.784368721751415,29.940333415536724,17.749313814106504,8.574402119771344,13.330837842671787,10.939317991674852,31.328646644872304,0.32393269786236584,0.22744010126216524,0.21961208647300204,0.18200385436385,0.7213543184050348,0.0,0.0,0.0,0,0,8.10290055,5.439587890529038,5.573724,4.9098500000000005,17.731221,23.136796172416474,9.523174294911124,18.083724788978497,16.467413292397662,38.73376100155367,24.75483538073122,9.689062530593889,19.257146786753825,18.153107304179745,40.71462753888412,0.2777155028987906,0.18508467215573793,0.1843192973020087,0.16663122912273942,0.6034203450863957,0.0,0.0,0.0,0,0,12.0853473,6.809015499039357,9.5007775,7.706965500000001,24.1767835
25g,row,100,standard_shallow_finetune,0.7752685401886581,0.09363797601533018,0.7685620736151727,0.6487871120071326,0.8781710985132658,17.375091306064125,5.258791533647699,16.720040161299284,11.042564313122556,23.984197092573147,10.1569909622449,3.0134971569882287,9.388124,6.475609377551021,13.9079083622449,0.8090070885907312,0.047538300351493826,0.7989935882276028,0.7577791770854893,0.871786259759291,25.661762923805895,4.8678032000040075,25.184228506430703,20.96711810257159,31.666433764649085,14.89888186530612,3.020842440690421,13.441271387755101,11.638941163265306,19.108391285714283,1.9287237540783415,0.4999592574358585,1.8650145326778251,1.3536773996398526,2.5130381792203997,1.9006417529053272,0.47683466336222863,1.844223864545941,1.3528048217883977,2.4392297438432404,10.761900211461823,3.5954707053792774,9.455476997311832,6.603569134180792,15.33902245138889,11.596788284467559,3.70696965270599,10.303363393844108,7.157287770383006,15.96833344801764,0.17926364114876495,0.026716697556948273,0.1795148275002837,0.15468493144944667,0.2202433257038802,0.0,0.0,0.0,0,0,5.744360300000001,1.2329850739619994,5.294641999999998,4.272346000000001,7.172000500000001,15.565258586230755,3.473739358659535,13.665453976608186,12.457564597457626,20.105522594632767,16.66421644822917,3.6678670826124424,14.81516618983634,13.26185762998542,21.850797824089156,0.16488965466558728,0.021630669390876284,0.16848143671224505,0.1353792917537914,0.18988745733816226,0.0,0.0,0.0,0,0,8.171707199999998,1.4955344187113604,8.228094999999998,5.903036499999999,9.997473500000002
25g,row,100,target_head_only,0.41127951703910154,0.04143790194499081,0.41658245846659836,0.3556498950099508,0.4527384546880163,28.27711721985752,3.87929096669554,27.817604367303815,23.52146151859474,32.58945258563199,16.04401590102041,2.4628322687733197,15.075968051020407,13.160408510204084,18.67371948979592,0.270070207497312,0.03186948069126833,0.2705615899697862,0.22450053875193376,0.3091000785751974,50.361984456760396,5.80986364601459,49.478469832994016,45.06233209020955,58.70860656134055,30.67824054489796,4.11889397172051,28.7697001122449,27.028978020408168,36.001974295918366,3.369085363355486,0.42468874590872013,3.311737981295762,2.8980631643833346,3.9013758585138567,3.360633066939159,0.4214169729646432,3.3039964640642467,2.896715506150549,3.893860865734658,17.41965252790514,3.2833971235551176,15.90281428216374,14.152805899717515,21.988014101666675,18.778362777442116,3.4409510826021346,17.46180545097714,15.28731458732764,22.97796506083235,0.28801066164127215,0.00872057335750409,0.2832329808444318,0.2817372684948689,0.3019477114890976,0.0,0.0,0.0,0,0,7.186440099999999,0.7231487773656438,7.3785995,6.409530499999999,8.067362,33.3617115773116,5.146543738945139,30.522058614035092,28.343600510752687,39.497167222222224,35.55985236573997,5.497204267827419,33.156117670148745,29.82625638031688,41.90587878237088,0.3764894501249957,0.010857608281380347,0.37661529427643065,0.362356937460371,0.3917043631316314,0.0,0.0,0.0,0,0,15.8583391,1.3020448600594754,15.460049,14.813331000000003,18.1176345
40g,compound,30,conditional_EA,0.7142423184605213,0.1147800986522052,0.6941822354612737,0.5538084429160501,0.8507784195405982,34.588731175320135,7.939637289462096,34.36624198298861,26.55352939918841,46.17958188207816,21.32933775502734,5.06445983001855,21.81650961987024,16.48497379846477,28.972080333642733,0.7533928952638085,0.09771552638615512,0.7340120867466526,0.6280164565558042,0.8902405605737714,44.328664677373716,7.975563144693127,46.21005412476273,33.1018253273056,51.98598513031223,29.24959997764256,7.49999464777696,28.765969455309126,19.23776312741506,37.240039628628324,3.6695051335276476,0.7707075145898155,3.809990604967591,2.7924601687970956,4.733036798065589,3.5734895570935565,0.7264943233937455,3.762651180106383,2.714450610083561,4.547133907371368,21.914041172022173,5.06276927910733,23.183205545551004,16.54648814853283,28.990957025090733,29.53473365082624,6.745714042903755,30.134715695474767,22.294588784214476,38.93278173719227,0.2595878141430695,0.07487919981816368,0.26554302318189976,0.1698119818262151,0.37171797491270436,0.0,0.0,0.0,0,0,13.752476174452658,4.642761143241348,12.759818465948598,8.706783663582364,20.97594003045,30.06659246527313,7.5763269892065646,29.652369650058105,20.4327956076155,37.60061568215693,38.361141792556325,9.1446720335499,38.86683549363542,26.782866106605763,47.413984794989744,0.2473633784113467,0.1010401520862612,0.23633414259020433,0.10030201091444957,0.3656684406523827,0.0,0.0,0.0,0,0,19.91411699293149,8.526957556594503,18.780007558524332,8.434636382925113,28.631394188558176
40g,compound,30,conditional_policy,0.7157712243363277,0.08476336597498714,0.6613900598896085,0.6467104859003967,0.8367697634313918,34.64035077048753,5.643520143405382,36.93737791415248,27.77197345051046,40.27817721449359,21.42859837419413,4.22969756793047,23.175315404876446,16.240575909773913,26.108451178062612,0.7677860705246966,0.0992355646712167,0.7700498279067682,0.6176415545110654,0.8863219001032541,42.932229224324395,7.203578819207026,44.96963832514961,33.68754831682714,51.5691660824288,25.86526544387906,7.262098128400184,23.647520516622777,19.6432267418792,37.018609347178874,3.6390686464827544,0.5826848065308707,3.998339698543837,2.8994069107563374,4.159930826437482,3.5333341259951903,0.5634640375433917,3.8556930481645257,2.809983129107349,4.011934311051265,22.054110382277763,4.328642525960513,24.142951904813696,16.39300516482427,26.606066542438448,29.512650056709084,4.845205611550726,32.57284826753714,23.289352775851356,33.471586254621315,0.275332627644134,0.09288292653900351,0.270936240331614,0.1873813903060367,0.4183981605775052,0.0,0.0,0.0,0,0,14.26965024095631,4.582701242379009,15.454317243295606,9.328608788130822,20.331980917746396,26.813754714432292,7.794206142870345,24.891036319665375,19.57031386670299,38.97566089029121,35.10643615311908,9.00166940672415,33.94078447707898,26.55488833881354,48.3921722817483,0.21198510162061393,0.09879782528731387,0.1654993750792451,0.11826885084592678,0.3664772891175968,0.0,0.0,0.0,0,0,16.235114910985704,8.689431081920466,11.95121412145788,9.169948185469583,29.39078832644182
40g,compound,30,local_identity_shrinkage,0.7157712237001906,0.08476336483989101,0.6613900598896085,0.6467104859003967,0.8367697602507065,34.64035082460367,5.643520061078648,36.93737791415248,27.77197372109116,40.27817721449359,21.428598421743608,4.229697515999847,23.175315404876446,16.240575909773913,26.108451178062612,0.7677860715067002,0.09923556613745778,0.7700498279067682,0.6176415545110654,0.8863219050132721,42.93222907882015,7.203579052622326,44.96963832514961,33.687547589305886,51.5691660824288,25.865265386377285,7.262098189983327,23.647520516622777,19.64322645437034,37.018609347178874,3.6390686473864533,0.5826848050969242,3.998339698543837,2.899406915274829,4.159930826437482,3.533334124903736,0.5634640392948447,3.8556930481645257,2.809983123650077,4.011934311051265,22.05411043510218,4.328642473575961,24.142951904813696,16.39300516482427,26.606066542438448,29.512650115246505,4.845205547227783,32.57284826753714,23.289352775851356,33.471586254621315,0.2753326275144149,0.09288292667056285,0.270936240331614,0.1873813903060367,0.4183981605775052,0.0,0.0,0.0,0,0,14.269650254165523,4.582701227185043,15.454317243295606,9.328608788130822,20.331980917746396,26.813754633549216,7.794206216124943,24.891036319665375,19.57031386670299,38.97566089029121,35.10643599895105,9.001669568604221,33.94078447707898,26.55488833881354,48.3921722817483,0.21198510346729318,0.09879782309769271,0.1654993750792451,0.11826886007932294,0.3664772891175968,0.0,0.0,0.0,0,0,16.235114850193167,8.689431143706646,11.95121412145788,9.169947881506907,29.39078832644182
40g,compound,30,scale_only,0.6451061369117579,0.1578752424772001,0.6541153959048884,0.4233244250559566,0.8349421121269015,38.20200449876824,8.373040453894957,39.13564064581452,27.92701884683486,47.191791861443676,28.75450996725027,9.112195952402827,25.4723673672512,18.746728612727022,39.35973758956234,0.7577521569465796,0.06501783853413595,0.7405492871905474,0.677819484241988,0.8471178936828647,44.52722198809911,4.78957466643821,46.69389224487879,39.066934219186706,49.7306421209826,30.185235159750782,6.763640899599729,29.759747890864595,22.60417154199744,39.70751794082511,3.9527522974586624,0.7508123340786489,4.0684013968843,3.03862625062397,4.719058462733434,3.808943476012202,0.6735410128434475,3.9355731266813887,2.987127239463292,4.466786269055909,29.465032718532758,9.573630315428193,26.741217933318254,19.088713347057293,41.15118138154766,34.9005350238117,9.222786049634076,34.753966585162594,24.08089235064642,45.81637247059417,0.46316734852374486,0.21288651036546813,0.3718804045695664,0.2351848467894605,0.702951890554381,0.0,0.0,0.0,0,0,24.291380470778023,9.902341278112491,18.939265622621747,14.46384222462994,35.10828580054067,31.164173004263983,6.827032313095233,30.986367707874415,24.45202790912745,40.355568976500855,38.733525776949485,6.584622342177572,40.11490910936299,31.04137896513909,46.05942685712613,0.2978213660768273,0.13225942671685068,0.25715964787093204,0.13862313412665472,0.4958953121126154,0.0,0.0,0.0,0,0,21.887918132170842,8.670557467062661,19.72745815527331,11.169166017474552,33.12081701394115
40g,compound,30,source_anchored_full,-0.5351978513189983,0.17626075303466193,-0.5612497458953005,-0.7780247454729485,-0.2939649216488025,81.16238988157359,3.5589589915210795,80.58009425927534,77.79173475642648,86.38244904621473,56.275448212106596,3.1629734381378256,56.74876871809524,52.35480323838384,60.06347091467889,-0.5412414732832523,0.16344093178521188,-0.5145554312691825,-0.8002558126182426,-0.346121439689536,113.39608482510316,4.620107967750617,111.89788445698532,108.16350680484548,119.99947973411454,79.06961729294412,4.336162331599717,80.17532161,71.4737120858586,81.99130084862385,8.828382595848762,0.3498211815497047,8.724855805641933,8.447850899120743,9.378072650639378,8.676883887760733,0.33840862823095835,8.567079966838724,8.30026071094904,9.213494272204825,58.22528953384822,2.837866120019744,58.29878150565476,54.09105639970238,61.80796817028274,73.7260535293128,3.990472311550885,74.24809951823008,67.87517726438259,78.05145330580348,0.7109253496268784,0.043573342500069646,0.685787421941083,0.6815769653833712,0.7838697966101694,0.0,0.0,0.0,0,0,32.70092875,2.6911860126632483,32.160383749999994,29.226233,36.526903,82.43828504931548,5.351711019174415,84.53521912351191,73.92377959315476,87.47900455877976,103.11125800819534,6.4769297354958555,106.6147235881966,92.37443716472518,107.85456158081735,0.6850593084780641,0.034521471175816464,0.6738598546575645,0.6448121258209472,0.7369204844167409,0.0,0.0,0.0,0,0,47.3406865,4.801946889005825,49.51030299999999,41.66456,52.349712
40g,compound,30,source_anchored_shallow,0.13759704440325776,0.2164186739279223,0.08712044115454098,-0.07815280455068474,0.5001725039756872,60.787268037421335,10.378852734806557,62.34514993949441,43.80385232072246,71.37507783527127,35.49364351414831,6.507614832857179,36.73705418899082,25.27397362626263,42.683157072916664,0.12410853396759816,0.24928822740229617,0.10099891498840419,-0.1415329809453525,0.5291153781307268,85.31216564209561,16.91586166150098,83.86914093265557,60.310846849618805,106.7518067953972,50.98284581530389,11.150157061099131,52.94286647706422,35.1831835050505,65.95867456250001,6.621987616573884,1.184641832455116,6.701422042305329,4.742220881207007,7.941746620787469,6.510544473901407,1.17896433578366,6.564519212524315,4.655296965243147,7.849189136126332,37.8697752746131,6.856550474936684,38.376987946875005,27.85919140952381,47.14309570714286,52.64934941421816,9.332771992783467,54.307532696795846,37.76044947509975,63.42752790633742,0.3866509059579714,0.09805964255757009,0.41155775749510765,0.28082557667934094,0.511750513631603,0.0,0.0,0.0,0,0,16.9187849,3.116436636597447,17.855202,12.113299999999995,19.840481499999996,54.92793024398809,12.173058316191938,54.39527395208333,38.789504501785714,73.03193888690475,74.51164149457819,15.806315449980097,75.14472442727282,51.196160064213245,95.81711223614504,0.3909352623247213,0.09163645241865984,0.4424249222733491,0.28929969949916523,0.4767548286635057,0.0,0.0,0.0,0,0,25.2517587,5.542863766154207,26.4365865,19.528617000000004,33.162127
40g,compound,30,standard_full_finetune,0.10571731651205307,0.6187795933334065,0.32388453288723695,-0.9770838225811975,0.5877568719701058,59.23683074613797,16.668362175313657,54.71636872231307,44.13500181596562,87.11937992750754,36.920319744070326,9.044831583051723,33.005059321100916,27.49764796875,49.59448745959595,0.08138099587553957,0.7365272271251998,0.3053291010396595,-1.1911714354865097,0.6185733202628623,82.62769757157481,29.01423080402573,81.37409764018606,56.66553187583596,130.09971696399106,51.80886918791491,15.518568368877453,49.359461590476194,35.422381260416664,73.6998363030303,6.446019573104417,1.9388958574910442,6.126237391089854,4.801333763218658,9.68838237583519,6.328671827283244,1.9448048591066316,6.062483826019725,4.719741340908533,9.574386159668098,37.19527936190476,8.57759221090531,32.33411243497024,29.375171627678576,49.21278981383929,47.606934293293946,12.248507087154435,41.03681445573699,37.1367933744462,67.11282822844676,0.4047297253376043,0.15985964087614757,0.3382023604586222,0.2797975669099757,0.6740526702003116,0.0,0.0,0.0,0,0,20.279157040000005,5.246373446114453,21.143935,14.283384999999999,28.02566020000001,52.208017078785716,14.643404332904138,49.85480354166667,38.16574579836309,72.19327270089285,66.05052230031468,20.249665798023376,62.196886789254705,48.903099573425166,97.81993807552081,0.3997568528961112,0.18180632640589506,0.31767396842678275,0.22992556284574978,0.6948500765888495,0.0,0.0,0.0,0,0,26.568819639999997,10.17403351090716,24.897914,15.518442999999998,43.3007252
40g,compound,30,standard_shallow_finetune,0.6588844751272698,0.057455135104415085,0.6522005960337613,0.5932202445536147,0.7397377845109676,38.153335034152875,2.1939420959380254,38.26242422568487,35.06808072343669,40.77122299848038,24.713105079832253,3.430266011188156,25.47027516,20.983061625,29.613140659595953,0.7014317067897481,0.046142489466055654,0.7201742585446316,0.6442598008016218,0.7541930001688089,49.95859974782928,4.894394238665797,51.64644873864409,41.34775059213166,53.44068275146281,32.43784482090739,4.722398298126004,30.76568149523809,27.596950779816503,39.38694265656566,4.073311418993325,0.18424758053552343,4.078960979994288,3.885492936473719,4.3065733968147635,3.9747779704127737,0.19200889234534213,4.019290735292715,3.7138917557375404,4.193389062078831,26.02213335931548,3.5167507013981982,24.700601742261902,23.123140159375,31.700133146428573,32.89403792186765,2.3371700542851803,31.86459987792523,30.86913444319921,36.732531031749666,0.2968035973175232,0.10595861026637042,0.2750651915429532,0.21852507439310886,0.47991517657192073,0.0,0.0,0.0,0,0,15.285671999999996,4.43415946817269,14.615384999999996,10.615389999999996,22.548621,34.460531724375,4.8254974926491805,34.156219553571425,28.624841508333333,42.04552668065476,43.51764218022562,4.821565446469278,44.657232252230116,35.986713919986826,48.995240803488514,0.279386604176391,0.1307454995616991,0.2006874241110147,0.18677884884346432,0.48725016213167904,0.0,0.0,0.0,0,0,20.751297299999997,7.7257536793008885,19.2183,13.704100000000004,31.6864
40g,compound,30,target_head_only,-0.17959658045831522,0.07078167299888119,-0.14473923147688228,-0.26001550166531096,-0.11460969295407741,71.30377196293561,3.6021813751275413,72.57179149343557,65.75442080228318,74.46772923800431,47.55283982949219,2.2873064961835277,47.66146487,44.45214166161617,50.73313746666666,-0.2706951530349743,0.09783300831235035,-0.22120695595056006,-0.3829946908359254,-0.1886108679506695,103.14311065866175,6.053044587750267,104.89696249489153,95.82040922885537,110.41437975608578,71.85497596903062,4.3321073222106,71.12412984,66.21366421212122,76.97873758333334,7.844471058130206,0.40100235052002753,8.120596197723296,7.251243734346128,8.124350036036112,7.732429392698458,0.39866654559094566,7.9877438244983905,7.152552589558952,8.039036731110077,49.11146903738096,3.0653561960960083,48.151224864583334,45.59194475059524,52.88813477678572,64.16814916850387,4.573088793306271,64.39542737358484,57.484626779064335,69.77191182409496,0.5710585330508028,0.01958701778159022,0.563845016477005,0.5471085521199761,0.5966153756097561,0.0,0.0,0.0,0,0,25.9759721,2.530964963516888,26.120892,22.595119000000004,29.064871,74.72587166616071,6.188287209436174,71.94886843675596,68.01189059642857,82.60198100892856,93.97543725891447,7.843878112855809,92.65555932989822,83.46738720190586,102.75620399544248,0.6109379707204147,0.006342060581945714,0.6098417012858556,0.6021466744693269,0.6175892173913043,0.0,0.0,0.0,0,0,42.792985699999996,3.56146430029959,41.313918,38.9403045,47.660602000000004
40g,compound,50,conditional_EA,0.7639308259459663,0.07258305380834704,0.7437738544864202,0.6737850552281708,0.8629305267106842,31.568031097922972,5.227982449149122,32.11088774548081,25.44935666982115,38.00657710994878,17.802532378165562,2.145741217010073,17.879739274500075,14.704281316409071,20.160171323060773,0.7715612897487875,0.05877019758008929,0.7952038074312713,0.681113293531894,0.8284890185655182,43.35429521769039,4.1548144599153085,45.10212136509101,36.3985546772885,47.09480168509023,26.931877158268556,5.429580320028237,26.079098319938147,19.454173678655717,33.65641734057725,3.422551363269542,0.4333867773561881,3.5488329389402318,2.9249742356181754,3.945606778250066,3.351508340772753,0.39588335808065356,3.5022895831822867,2.8630005643035292,3.8144228300085032,18.332097337599755,2.60757022489946,18.110477633556652,14.50515342264865,21.352588281249872,25.618260242052962,4.394494953457661,25.607799574966915,20.656711742312083,31.843705016906675,0.193471793712442,0.030991837604176727,0.1893570605296869,0.16138442814857615,0.23463833818728497,0.0,0.0,0.0,0,0,10.555206583472465,1.6920962090138632,9.976844568301118,8.623647312329865,12.705369138342714,27.825060589825227,5.975509336332615,27.073856378485054,19.047630627993797,34.378274915799366,35.86775156825706,6.367716199563655,35.83781028768546,25.706174280543685,42.102310248182846,0.21794485943309821,0.06446679793839279,0.20953573303283907,0.14915219867941115,0.3020250859697093,0.0,0.0,0.0,0,0,17.467747197586796,6.300892683810234,14.86462564504266,10.539852123759417,25.374960504679017
40g,compound,50,conditional_policy,0.39379056710791854,0.7154842324114415,0.7114559155295574,-0.8836547344950947,0.775037514076161,45.561225563235766,22.52361247825975,37.13602452071817,29.387137543971154,85.29063343441847,26.35969925370812,13.302335576708717,21.50861784489932,15.896546056809024,49.55265615778367,0.7769823218102538,0.051027368887121005,0.7983265371303416,0.7013908481197628,0.8224930101028416,42.86683131874516,3.0715800245077904,43.84509450565041,37.901585356455556,45.57286394662287,23.536246378015054,2.4207124868233167,24.166182513410725,19.46252142268739,25.806750015081168,4.540424196596834,1.916664658037331,3.850288404044446,3.119878560623928,7.911955633769123,4.224279060693999,1.49106534581699,3.7200871889495817,3.0435345344426405,6.829450733010162,27.523680116426885,14.590474743484673,22.90311683081391,15.84231116083769,52.87522371055461,38.170938709936344,20.37494823195023,32.677601575401496,22.426457881414258,73.78743664877493,0.2897325470796045,0.13818172966361753,0.253556358459174,0.16830285511008655,0.5246723995497169,0.0,0.0,0.0,0,0,14.557081228412358,6.441091856025386,13.072473321807752,8.486128068563076,25.430691308069505,24.360201724624226,3.181953656597071,25.012724035655673,18.863082375839447,26.773540846434496,32.3306908557074,3.7172010414318684,33.92280796086962,25.892101005631773,35.20728335230345,0.17481207281773783,0.04072848226345883,0.15702221556920043,0.1317099455512459,0.2350955319152545,0.0,0.0,0.0,0,0,13.0879234882897,3.3226634396791312,11.637386796445092,9.461972702771654,17.761017588813825
40g,compound,50,local_identity_shrinkage,0.39379057364081516,0.7154842178314241,0.7114559155295574,-0.8836547018306116,0.775037514076161,45.56122541533316,22.523612152152925,37.13602452071817,29.387137543971154,85.29063269490543,26.359699181098343,13.302335418462496,21.50861784489932,15.896546056809024,49.552655794734775,0.7769823213790801,0.051027369685541946,0.7983265371303416,0.7013908459638943,0.8224930101028416,42.866831351647406,3.071580060740989,43.84509450565041,37.901585356455556,45.572864111134066,23.53624639322832,2.4207124917719574,24.166182589477074,19.46252142268739,25.806750015081168,4.5404241841239585,1.916664630611633,3.850288404044446,3.119878560623928,7.911955571404745,4.224279052332212,1.4910653275549701,3.7200871889495817,3.0435345344426405,6.829450691201225,27.52368004123167,14.590474580166253,22.90311683081391,15.84231116083769,52.875223334578564,38.170938592034226,20.374947974326233,32.677601575401496,22.426457881414258,73.78743605926434,0.2897325472245161,0.1381817299715951,0.253556358459174,0.16830285511008655,0.5246724002742748,0.0,0.0,0.0,0,0,14.557081267890783,6.4410919393328845,13.072473321807752,8.486128068563076,25.43069150546163,24.36020173905854,3.181953667648319,25.012724035655673,18.863082375839447,26.773540846434496,32.330690870727565,3.7172010559612443,33.92280796086962,25.892101005631773,35.20728342740426,0.17481207174468527,0.04072848158388155,0.15702221556920043,0.1317099455512459,0.2350955319152545,0.0,0.0,0.0,0,0,13.08792348894411,3.3226634401890283,11.637386796445092,9.461972702771654,17.761017588813825
40g,compound,50,scale_only,0.7094464227422945,0.08289857331097349,0.6740800880430352,0.6418499428608442,0.8337383478629177,35.02981018719991,5.325255256520092,37.19060141548479,28.028669477307535,39.701378989206695,24.458494294660163,3.465471306223644,24.45491328533775,20.131992259367582,28.96148620510723,0.7745380192059054,0.06726579745917141,0.7894242406705287,0.6923789300197736,0.8665942558789055,42.78957254871896,4.50263568675612,44.80235268258128,36.49373106964877,46.737935447472395,27.66977693907822,2.70942380076342,28.463585444829604,23.195918924368065,29.89174524014162,3.66482188937474,0.5086051790288896,3.9086476734894973,2.9837741597634824,4.113273823125366,3.5536102822517903,0.47422114582069325,3.798515125097768,2.913547524020862,3.9728415829205375,24.855399834830227,3.8106189255155605,25.82257454634747,19.566209428096904,29.20635599850745,30.921126494570974,4.609987133974451,33.077373208771846,25.329411055197255,35.01912976403837,0.36181529029802323,0.08047819760124812,0.3612114514806737,0.2749013100482624,0.4701128733582097,0.0,0.0,0.0,0,0,19.532129399296306,3.671088509864788,20.11578395917648,15.241229901481823,24.664687247785075,28.380635688881636,3.46506869398069,30.228773825316637,22.49446315250558,30.832504174375952,36.22262580594223,4.59944539582459,37.557574138204274,29.744652747919385,40.384405857371334,0.25206766292410226,0.04755322659742921,0.2522342577178475,0.2029074258050283,0.321804926010705,0.0,0.0,0.0,0,0,19.78803141502011,3.1237273808656436,20.23797492150898,14.822343457236379,23.506424813216725
40g,compound,50,source_anchored_full,-0.6457481505287956,0.20450315949118672,-0.5125669773854913,-0.9047033442190007,-0.4881133200439185,84.09951222103058,5.731177650301769,84.08315361459846,75.69768789734343,91.83759541985611,58.51843361453717,5.229148865884798,57.129379085000004,51.75297916868686,65.90177536095239,-0.6429253490696378,0.2668097523313356,-0.5370836449669254,-0.9782525820810488,-0.39374152986939714,116.92537069512403,8.829202990603001,116.77229105352532,103.75984000629006,126.0220084069963,82.14647820042833,8.55033459495321,84.21562012844039,70.25718972727273,92.9066308047619,9.133599519762807,0.6271360067297309,9.197623716869918,8.183668280318685,9.931962053150826,8.973022885318688,0.6200726337804273,9.026988160899748,8.03042430054592,9.74695632064958,60.47153610098214,5.752138189985617,60.93564934017857,53.4163075266369,68.54567288824404,76.76021613713993,7.535423124147676,76.77160860695463,66.9292574807876,87.44036039919129,0.7365721804141282,0.0643760313304436,0.6993213533834586,0.6852831439673359,0.8173035294117648,0.0,0.0,0.0,0,0,34.470754799999995,5.121552616429095,33.240842,29.407887,41.125778000000004,85.55349967729167,10.242608406674428,86.84094758898809,72.77010567991071,98.25044765029762,106.98672613998835,12.50205678471329,108.83720923632869,90.03410936437817,122.24907264022528,0.708354970769601,0.06464441819352468,0.6773204836965592,0.6488885045212149,0.7920634556848702,0.0,0.0,0.0,0,0,50.759768099999995,8.014178544259481,54.41164499999999,41.291790500000005,59.601912
40g,compound,50,source_anchored_shallow,0.1301799684879013,0.1986780501556485,0.1256124833397796,-0.12086941504530824,0.4284713846587688,60.98998873191363,8.109192647299558,63.41378757197925,46.84046784621025,66.67878798703282,34.49533602335748,3.7184983049178904,35.08583424479167,28.46245584343434,38.51079581651376,0.13537380305495356,0.22431071643863107,0.16503242728363943,-0.14328035460328237,0.457248899773946,84.63749297056924,12.799910682271047,87.88638899499568,64.74981458405252,99.50579207655004,48.10231977214811,5.540321690222565,49.432565990000015,39.81182666666666,53.59936617431194,6.620535551887182,0.9078047103443244,6.879398906062127,5.077323362062834,7.413431295942753,6.50242483611824,0.9001607768554032,6.757270653572229,4.986041524352378,7.325827985816646,37.01255676190476,4.035062538167118,37.19204407589285,30.77553188065476,40.64761837455357,52.267426440838314,6.472264410337431,55.37188007955942,41.42384596982654,57.130603058177456,0.3615592377947464,0.08892936397255707,0.3263289103690685,0.28130372284204347,0.4646211108553413,0.0,0.0,0.0,0,0,15.4754812,2.925149443532877,16.7234,11.976506,18.287591,52.384273445922624,6.913007248401954,51.00261554166667,43.069267111904765,61.137491162946425,72.60258083275154,10.240158096802299,73.3939220158569,56.59634616330172,83.34528076751852,0.3448851143107263,0.07821737784367001,0.3378715520221224,0.2653736795844986,0.42887352231580744,0.0,0.0,0.0,0,0,21.364675400000003,3.1139605476369128,21.99787599999999,18.105940000000004,24.995745500000005
40g,compound,50,standard_full_finetune,0.09936734769637803,0.6362498407731324,0.3142841133472285,-1.0229465550561883,0.5387287053763276,59.86080792445283,19.61273400926706,52.9229430602235,46.953453059457416,94.64529658651331,37.399622219332116,10.199155260908798,34.00526666,31.210820864583336,55.40224023809523,0.026449609795940222,0.943936980754778,0.4064179021991903,-1.6558336528864643,0.5545235597913383,83.99422789885311,35.55229071102986,71.43916765282027,55.66306740811405,146.01785382519054,51.22058105795761,18.40656083960433,44.0080893939394,37.595378018348626,83.36785266666666,6.531487477064976,2.3126742891358236,5.574196495898853,5.215228824673383,10.64818141240166,6.410766841272952,2.326522076047614,5.477493518121335,5.124462255073167,10.547014012999522,38.76479865779762,10.671674325221636,34.42324597291666,33.19703743035714,57.829432900297626,50.86237038537182,15.64032773302573,43.91227034394364,43.35706793383012,78.82073099712859,0.3716980692088423,0.03899378963236134,0.3738623440233236,0.32144216086499156,0.4262073194856578,0.0,0.0,0.0,0,0,20.9279065,4.780981678707391,22.869687000000003,15.194032499999999,25.44359,53.58242417863096,19.51732166951405,48.12071233303571,37.707353772619044,87.62714829761904,70.23488107359415,27.91465933305998,61.40206610192822,48.31309168462693,119.13502613274373,0.3484381281412573,0.08421555747045438,0.3496022583926755,0.2389196166593881,0.44614579474940336,0.0,0.0,0.0,0,0,26.330917899999996,5.4696802150782355,24.34106,19.89616,32.142025999999994
40g,compound,50,standard_shallow_finetune,0.6729256393155162,0.047191053220365674,0.6574877547072429,0.621851475735695,0.745384867950253,37.51762485264119,3.6228028411765645,38.50034685759331,31.26398543695467,40.664577316682724,21.966152460324015,2.3713206865985197,22.014647714285715,19.034194111111113,25.40151570833334,0.6987560465414104,0.04711747846842466,0.6716823074402754,0.6535073829977093,0.7585741733746101,50.17827326346728,5.32432580930158,49.78698187505038,43.18471287370024,57.392031248597604,29.995457409226958,3.0650679648099586,30.08496056190476,26.70724498989899,33.607831177083334,4.026513673953316,0.39007259288441226,4.0904803776705485,3.3880800368605173,4.4371871659074555,3.9412714116941894,0.3839372638297661,3.991459904657834,3.3269410408966236,4.365316872737299,22.30949910892857,2.137930439171627,22.181284823511902,19.679462255654762,25.38423108720238,29.644942370318354,2.43164853360903,29.146729684028855,26.597072468731515,32.8423919907957,0.21282901116977948,0.024481425027788228,0.20915695411317967,0.18590907692307687,0.2527811849883375,0.0,0.0,0.0,0,0,12.164618699999998,0.910607763016519,12.124259999999992,10.828738000000001,13.377139999999999,30.559111928184524,2.934155051921273,31.43121786488095,27.31844724404762,33.73019325803571,40.49687908584279,3.433814444040879,39.92895979537755,36.0176547805977,43.93493735104922,0.20502459054699043,0.03163810795776278,0.19223600742915334,0.17404210216110028,0.25451648917298986,0.0,0.0,0.0,0,0,15.809804200000002,2.824293526433505,14.60775000000001,13.82459,20.653037
40g,compound,50,target_head_only,-0.18442941404400437,0.07701418970433366,-0.14585139460913865,-0.27640061880363764,-0.11335430012411063,71.44008987145907,3.586370593556686,72.53091091654132,65.7991764156865,74.65742858355262,47.59958397675242,2.401366434433278,47.63684788,44.34716827777777,51.07837063333333,-0.2702638447020954,0.10076529489236491,-0.21810666831121717,-0.3876956345233771,-0.1845329504551949,103.11278131700672,5.933747553148908,104.92881104290461,95.85780447669457,110.27413576566197,71.70033145769537,4.303235453940038,70.82861621,66.09691372727274,76.72980673958332,7.853742832250234,0.39487883521093703,8.117244659381642,7.255468030707394,8.135405352622055,7.740136099166196,0.39189179541850594,8.000694682424587,7.156555575643557,8.032080906235556,49.16539056684523,3.113475759065101,48.53977251473214,45.48864337619048,53.22159119494047,64.26273202274419,4.63272466322356,64.82063381825058,57.46368644112106,69.97669035069245,0.5726347504343829,0.021665427142446403,0.5711216297355254,0.547343514083344,0.6021437097717964,0.0,0.0,0.0,0,0,25.9697973,2.5790497579719083,25.870969000000002,22.426284499999998,29.364857,74.58429034785715,6.174608410202994,71.93907445282738,67.89368718214286,82.36700680610119,93.90483307866612,7.839007458627334,92.73255321666855,83.4330684089843,102.57723820788837,0.6082112276283185,0.0069866996242473,0.6088292045137396,0.5974321282277604,0.6151038234134804,0.0,0.0,0.0,0,0,42.740743099999996,3.505906952397524,41.290547,38.6677065,47.474935
40g,compound,70,conditional_EA,0.742085586671906,0.05051135566163974,0.7341165994513785,0.6824526785106615,0.7963963072027429,33.24013772794579,3.717101772962121,33.660589839276355,27.95728924773914,37.49825506485049,19.177044663721933,2.725384832802357,20.47938148363331,14.887520743633237,21.237951694955196,0.7781740145370788,0.06375006164856305,0.810572684128303,0.7017775936711703,0.8339222156337001,42.5809577101838,4.356426520934511,42.49305305160187,36.45609534388086,47.69426629696535,25.8503275790414,4.448176658398221,25.265086978040923,19.826255526649764,31.681332039078367,3.5227665482796873,0.37736235555130987,3.624496660436484,2.97748465524137,3.9653601624340875,3.433559283079924,0.36295934825807297,3.5523728217925132,2.9078476064648235,3.8627865187457893,19.725499515373805,3.3427125326187195,20.327741068627947,14.84265010182639,22.889823115392858,26.984378373826537,4.070343169433575,27.68191394795148,21.024202138331177,32.0116638095649,0.22486763799774317,0.04440421533367512,0.2370471291124312,0.16062660589505456,0.27172322838336826,0.0,0.0,0.0,0,0,10.894994192449579,1.6319361629643405,11.826767220724296,8.684703487679375,12.471652926806343,26.573751123167238,4.805244414169029,25.534513859237293,19.679067273571114,32.03571571952108,34.742947044888226,6.049080182172723,34.36581279208151,26.079795297631374,41.1237592388635,0.19633945051371365,0.05440275396649803,0.188195105859019,0.1383324524436626,0.27069871912908017,0.0,0.0,0.0,0,0,16.463596563219888,5.044945051841135,14.923313846235668,11.962109196054953,23.183752105573888
40g,compound,70,conditional_policy,0.7151586482203258,0.05294321782506957,0.7126201357370907,0.6626328672075907,0.7736053033824267,34.93389264628319,3.585091728056308,36.095417890027846,29.480534885873176,38.610041501757685,20.39057729725327,2.6271913394654405,20.57733510940086,15.997651852192421,22.578076571522434,0.7807517217457018,0.05324057869497168,0.7842980436844496,0.7090688872495545,0.8433647236690722,42.45309614117609,3.6189976191160143,44.803272549640056,37.59109577313059,45.344401575747476,23.702520995252154,2.8812680487951807,24.22027951773215,18.88707855704063,26.669953429209126,3.649272497326526,0.35380992169767794,3.795604522450106,3.1197070551386425,3.9859962179020405,3.537059034071734,0.3352862339404742,3.689450924030483,3.039804395173645,3.8434207944998153,20.83205479586473,3.1102085912005144,20.564012649064622,15.99936564045506,23.62927976679483,28.459779937727074,3.7871319843613547,28.433215226940582,22.63236642113484,32.900826755058446,0.23213105136665915,0.04286686581147458,0.24192321300878952,0.16392449970350806,0.2814864266179208,0.0,0.0,0.0,0,0,12.287685065157188,2.2745005790783615,12.711378637150517,8.48719097214913,14.560969132574876,24.441881154072387,3.4549317406469813,25.15155356024625,18.436442261467825,26.962691652654406,32.277722354415914,4.15893383402535,34.04767606933024,25.20481261642844,35.74009802961101,0.18011775078478703,0.05496715701819636,0.15823370024047925,0.12929607098297274,0.2722233093355966,0.0,0.0,0.0,0,0,13.373889451242984,3.4895540006762245,12.48825528684744,9.726072895677433,19.135624643857753
40g,compound,70,local_identity_shrinkage,0.715158648496317,0.0529432174828007,0.7126201357370907,0.6626328685875467,0.7736053033824267,34.93389263151884,3.585091722076973,36.095417816206066,29.480534885873176,38.610041501757685,20.390577295571298,2.627191339315983,20.577335100990982,15.997651852192421,22.578076571522434,0.780751721975639,0.05324057830798878,0.7842980436844496,0.7090688883992409,0.8433647236690722,42.45309612339989,3.618997603581765,44.803272549640056,37.59109577313059,45.344401575747476,23.702520967161377,2.8812680385817204,24.22027951773215,18.88707855704063,26.669953429209126,3.6492724957882805,0.3538099209024254,3.795604514758878,3.1197070551386425,3.9859962179020405,3.537059032582006,0.3352862330940987,3.6894509165818437,3.039804395173645,3.8434207944998153,20.83205479355284,3.1102085915681954,20.564012649064622,15.99936564045506,23.62927976679483,28.459779929853596,3.7871319855387138,28.433215226940582,22.63236642113484,32.900826755058446,0.23213105203833959,0.042866865745182725,0.24192321300878952,0.16392449970350806,0.2814864266179208,0.0,0.0,0.0,0,0,12.287684784048682,2.2745005136223932,12.711377231607997,8.48719097214913,14.560969132574876,24.44188112961117,3.4549317221959868,25.15155356024625,18.436442261467825,26.962691652654406,32.2777223016847,4.158933779150925,34.04767606933024,25.20481261642844,35.74009776595492,0.18011775453837178,0.05496715732294207,0.15823370024047925,0.12929607098297274,0.2722233093355966,0.0,0.0,0.0,0,0,13.373889603008246,3.489553998639204,12.48825528684744,9.726072895677433,19.135624643857753
40g,compound,70,scale_only,0.7069036845044205,0.05953595902320477,0.6826097630070991,0.6542097629900752,0.7860531120411415,35.39398253317934,3.9331921366085303,36.33413434264747,30.762348665715873,39.13030162779825,24.5974579519977,3.254471300164177,25.739345208720312,20.030991751795774,27.517138032903954,0.7695367183959447,0.058464751984169464,0.789493847493513,0.6947057967807215,0.8417860345011986,43.45094425906803,3.4302787747835057,44.79494725472519,39.742337801844634,46.8228692387247,28.789025561852725,3.525001948056616,29.837067163753108,22.765991433667153,31.56547176261837,3.7074986751227983,0.3758176269328888,3.8391550002685575,3.269152130797078,4.070854804445386,3.5972881702212414,0.3507795605837427,3.7387172416146344,3.1902888812109786,3.9392456912417737,24.89329704759753,3.7155203759653492,26.984922455293542,19.453236505261394,27.98770268764595,30.82838822191229,3.730621896643361,31.250865436502377,25.254619039436676,34.82500289415015,0.36059912888937135,0.08418440861459837,0.34509621886873515,0.2703861908085719,0.47886701284151917,0.0,0.0,0.0,0,0,19.734808667486995,4.347672676619587,18.89531316006756,15.288464241624204,25.193742737733185,29.44452234536708,4.2180096835513625,30.711749379452314,22.06464230088635,32.320463557320736,37.0787634740572,4.4453349190688405,37.51703051643681,29.66952786302315,40.566275997382746,0.275248376240533,0.0657240195441677,0.3049541064020133,0.18866679223793026,0.33954714603766156,0.0,0.0,0.0,0,0,21.271303395524452,4.372790206478118,23.29428480126606,13.856331343670838,24.754656942535718
40g,compound,70,source_anchored_full,-0.7711094860190808,0.128762948115755,-0.8113297896245599,-0.8844211732859693,-0.5771951268868565,87.34525360920998,4.6167556437297455,86.82244975292387,81.00520517155049,92.51351908720113,61.27645973578647,3.394251574716464,61.34468335688075,57.06658727777777,65.52583683619048,-0.7764580156112048,0.18153961119033168,-0.8271065846947738,-0.9403694613661293,-0.5140422171557186,121.88898060208574,8.407554602362199,120.13391360107715,113.68502673609665,135.05570797833892,86.44873434366231,6.19571757984297,85.4150744587156,79.7196127929293,93.62361883333331,9.496979500948374,0.5402801162530968,9.414054206847629,8.822996406381678,10.208331250165323,9.333354468437646,0.542507983783337,9.245595371993089,8.675896269899301,10.070806339807511,63.318556556654755,4.60401110489525,63.16805455946428,58.73875272559523,68.03508790193452,80.08805023042974,6.199574323443134,80.33014561402547,72.53962336755295,86.64782067022436,0.7719615048563978,0.034430627467357255,0.776655409009009,0.7225369148365763,0.80593397157816,0.0,0.0,0.0,0,0,36.0635712,3.374848230358399,36.438576,31.129647999999996,40.197658000000004,90.00909147223214,8.691597056609735,88.0016236483631,81.85837209910713,100.90231602470237,112.11090205652427,10.923700195340084,110.60613825009816,100.37726075799159,125.67316567494586,0.7541263447510254,0.026294552405903757,0.7510324989535371,0.7205735006508842,0.787214890510949,0.0,0.0,0.0,0,0,53.4843467,5.3355089957534485,53.722854,46.695787,60.29184500000001
40g,compound,70,source_anchored_shallow,0.23510954176307375,0.09585757522294,0.2218911389265361,0.09654871574469381,0.3538968182467197,57.36304189281624,4.400421126834808,58.698501240033586,49.80273280482789,61.2648269978181,32.87178058925116,2.396277862747424,33.412845374999996,28.95007431313131,35.456064823,0.24754994454298104,0.08935817311111632,0.256361099292685,0.12551170471295325,0.3707556695698745,79.3261715613949,6.182104231591293,79.48276232010762,69.71846690043228,85.24758425156537,45.772924787627616,3.1740236056755124,45.94901479816513,40.79472118181818,48.730471189999996,6.219582303157457,0.464618592798741,6.322047413096851,5.42007167445678,6.6286559696188165,6.107089770961929,0.4548817000990727,6.1967008786907956,5.328542071426974,6.506050505850629,35.21543613821429,2.5530993323807567,35.5001411671131,31.22506803125,38.331440491220235,49.24095816405939,3.1302691653374413,50.45213066138369,43.71349281462911,51.375529276314936,0.362758833812494,0.06367220284911951,0.37084286127167626,0.28966169225276694,0.45682922409612786,0.0,0.0,0.0,0,0,15.92425225,2.2304707799897994,15.714330000000004,13.861260000000001,19.579437249999998,49.66850307169643,4.533676384528943,49.40669725029761,44.02324781398809,56.436139683482146,68.24228163648357,4.827521703042744,68.42642463736337,60.48309000899019,73.54053680596544,0.360743063233245,0.08064756440855439,0.3693703986524424,0.27879692275051626,0.4639189276888993,0.0,0.0,0.0,0,0,23.336435299999998,1.8716339404210982,23.414727,20.876088999999997,26.022067500000002
40g,compound,70,standard_full_finetune,-0.6607565491751684,1.5171981587142636,-0.2989104479482734,-3.2630291705879317,0.5393671995319894,78.61762503321793,35.72532429255052,77.18703002487896,46.92094519765259,137.39343581644133,45.385845704773246,16.861407712822295,44.2170921559633,28.836331965999992,72.95807845714286,-0.7619812184117694,1.6697094134757884,-0.2546336026734193,-3.6282757490735014,0.507652090152612,111.43518247483705,49.44962401398018,108.86031767328953,68.50664229681398,192.75921057563326,64.60468292966932,23.638417707434158,62.69145032110091,42.7329718,103.93683862857142,8.590634061236473,3.8736583147252097,8.420454084719474,5.177689581985167,14.963177315094685,8.454420479926608,3.8047214993218343,8.28356116991158,5.107990320997863,14.713292718481263,45.76321265938691,16.877721706790954,44.52788509032739,29.16631135422619,73.59034137946429,61.21743972173014,24.950748242734683,57.5852083046458,40.45969381547044,103.85492041122016,0.36722784008310694,0.06392077967558202,0.3404756733828208,0.3090217470702188,0.4728375757291471,0.0,0.0,0.0,0,0,21.0133146,2.104149610099573,20.088071499999998,18.638851,23.484270000000002,65.15829603059524,24.448335093462283,61.42701315952382,43.2592780047619,106.34244742708333,86.01464495894754,35.72903082082015,78.71232417210823,58.59754527471807,147.7294533681703,0.368153656757117,0.03530152986655351,0.3563438050584491,0.33142723445912875,0.4078381156233043,0.0,0.0,0.0,0,0,29.337650900000007,2.067298345337714,28.533330000000007,27.33677,32.37807600000001
40g,compound,70,standard_shallow_finetune,0.6582047268369038,0.06717847807318532,0.6463384166020886,0.5901567693417199,0.755778467017689,38.3303741550441,5.057253327752895,38.37854355793452,30.619226183042457,43.09667789056475,21.85370480123213,3.021972371992522,21.7207591,18.03927687878788,26.392558156250004,0.6895067822808733,0.0758082112817814,0.7211527745425785,0.602231296758202,0.7603579602264672,50.897086859075344,8.213229519578286,48.8319280908768,43.0248808841047,62.080159134648625,29.513007493835534,4.104629105494569,30.12781040952381,24.85961027272727,35.62892912499999,4.105987725062517,0.5625025073791899,4.058868078697626,3.33633311907547,4.734205648157516,4.015200052219966,0.5599755092029812,3.9540275407937124,3.2810571712230043,4.6654514236158535,22.274849283601192,3.2309782221780052,21.705412455654763,18.477521879464284,27.250639156994048,29.745285817966835,3.999523547694356,28.91378497498012,25.454661458841816,35.77444547210435,0.22489922059176531,0.0315449003692794,0.20958369901369148,0.19755056034482754,0.276707689787391,0.0,0.0,0.0,0,0,11.285464600000001,1.7768942184268586,10.571280000000002,9.757389,14.066916,30.337921365952383,4.597801995546039,29.01719359642857,25.541659879464284,37.27950989791667,40.23285395367498,5.930506720013512,37.203954568330104,35.01906188112045,48.982994440575084,0.20412062098820974,0.02177081618521767,0.20761776235906332,0.16942013758599128,0.22895304603326785,0.0,0.0,0.0,0,0,15.940005399999995,3.121678528281024,17.710969999999996,11.598225,18.798262
40g,compound,70,target_head_only,-0.17272924240283466,0.07574765268979822,-0.1440855794198086,-0.2558234866955713,-0.09008411214016343,71.08649638325069,3.5703585032686203,71.76892503061174,65.67588369264779,74.4000120241632,47.45328526370302,2.255685757242658,47.98437697,44.21278888888889,50.3825623047619,-0.2627619400382454,0.09964201850937783,-0.19983727688369246,-0.37467866111436354,-0.18346668995999837,102.8043701910166,5.8012984032758075,104.82353326492313,95.76080211423763,109.44405553548073,71.7143952112672,4.284886708159248,71.24230758999998,65.99317431818183,76.77707612500001,7.820003989255701,0.3900540561506618,8.040607391391488,7.243985072656066,8.115324691313207,7.708107012976361,0.3864490449306123,7.957912899469706,7.145715197314665,7.995587242085486,48.95836457425595,2.9281049650428805,47.994834002380955,45.37094095684523,52.52898586160714,64.00443665145838,4.495570930259669,64.32561842510248,57.34646900962176,69.66717499584226,0.5717055197488081,0.012769057427494955,0.5747326021346957,0.5514281678030795,0.585292181303116,0.0,0.0,0.0,0,0,26.0384612,2.304126277991985,25.822396,22.834333,28.306874999999998,74.53444892276785,6.073269372846167,71.78570590074405,67.81224515595238,82.26410301755952,93.72867210775318,7.658974279604883,92.41094476538987,83.35258215537783,101.974376282031,0.610771318022626,0.003215542429271965,0.6112548979911427,0.6068651174711661,0.614391125042004,0.0,0.0,0.0,0,0,42.8982132,3.3994980865814175,41.282191999999995,39.673857,47.993377
40g,compound,100,conditional_EA,0.759812893871384,0.07108687389883882,0.7325853197909136,0.6844916895626894,0.8635085504358995,31.844720031971008,5.1146372498528,32.87080588153059,25.3956398472718,37.37767068931439,18.640082117389333,2.028309786019558,17.79690357125187,16.878596642354598,21.465452963712856,0.7675872378922594,0.06579803460595539,0.7584443244362308,0.6955049263951281,0.8559456689716842,43.45523928242005,3.706194676453807,43.19632458777449,37.92225572235915,47.56666903774145,28.433227627299157,2.677742500821108,29.17645351630496,25.401518398006715,31.370363637925866,3.4414685293870755,0.4550379981048214,3.577461573701967,2.824141060765865,3.953208482421919,3.372204994375165,0.42010677396560464,3.517076469927245,2.7908988296067525,3.8511664569106703,19.021632415667618,2.581754312697358,17.792306158689122,16.57664374372751,23.120118002996776,25.892250819452908,4.015260599088618,25.171404329180714,22.263363596794655,32.00407239613199,0.2290461002607546,0.027792523721495842,0.23494223489083954,0.18909330652018488,0.26398106510026964,0.0,0.0,0.0,0,0,11.171118821757046,1.0522436940355255,10.959156071405772,9.756063078917435,12.64514755608139,29.15008719224852,2.7905478025179646,30.72154337334203,25.697192754456182,31.78635058145525,37.258499066110794,3.4542784151153443,36.91430483286436,33.38084530706611,40.9465163672219,0.23749483993041234,0.05145214423582943,0.22759035661595498,0.1923414592956434,0.3153946075977304,0.0,0.0,0.0,0,0,19.40603284367511,2.6222261283102197,19.788874462316528,16.03854978241837,22.386659875437168
40g,compound,100,conditional_policy,0.732092814324084,0.07992357198247513,0.7106368676703649,0.6638316361782035,0.8567674781235594,33.574458308284804,5.265516149246491,35.78700101695134,26.01520519011221,38.582045789656284,20.075574358263303,1.856667957572941,20.332268764922542,18.17372420732516,22.74351522499084,0.7916240584378402,0.07015577257424398,0.7915544771134317,0.7103950569076333,0.8941795323309938,40.965248488690015,5.638088246559762,44.57516080151539,32.50243068432172,45.09006502928373,23.082901890504754,2.359811509290795,24.018094844832536,20.12102458792006,25.636365598345513,3.510858062174185,0.5313346688440245,3.769646882013405,2.737493371798201,3.990067405707462,3.4045228134244865,0.5075575792466557,3.666688185423957,2.6616495648612304,3.8505639527261764,20.482867210302224,2.099770217891509,20.28273744134011,18.830751282590246,23.991826315183385,27.807988920510702,3.4548553885272315,28.180354027488754,24.09926335552757,33.0440338028683,0.24010250138582173,0.017977683119119563,0.2284618250680045,0.22634112574268234,0.26324138177332723,0.0,0.0,0.0,0,0,12.798014440455995,1.414867086588028,12.466653398381048,11.49247342931637,15.216452074067888,23.937805096445835,2.6103428244034985,25.438382153679857,20.88374873185183,26.098039826840214,31.52179620921995,3.8307294208372755,33.29993333224411,26.8432476253641,34.985979102553465,0.1843042369370964,0.04304517374281157,0.17102803046451415,0.14852571830080671,0.25796495956680754,0.0,0.0,0.0,0,0,13.682719570668876,2.8189827568257786,13.376479571830458,10.869381905968368,18.365740139152216
40g,compound,100,local_identity_shrinkage,0.7320928144861489,0.07992357193680885,0.7106368676703649,0.6638316361782035,0.8567674781235594,33.57445829878806,5.265516150867995,35.78700099483583,26.01520519011221,38.582045789656284,20.075574361200722,1.856667962079166,20.332268764922542,18.17372420732516,22.74351522499084,0.7916240580522813,0.07015577280939521,0.7915544771134317,0.7103950558439939,0.8941795323309938,40.96524852284305,5.638088248382299,44.57516080151539,32.50243068432172,45.09006502928373,23.082901926659495,2.3598114662461827,24.01809482897333,20.12102458792006,25.636365598345513,3.510858062232456,0.5313346688565052,3.769646882220943,2.737493371798201,3.990067405707462,3.4045228138840775,0.5075575792243858,3.666688186583898,2.6616495648612304,3.8505639527261764,20.482867215129716,2.0997702213677396,20.28273744134011,18.830751263348354,23.991826315183385,27.80798891711124,3.4548553934636375,28.180354036705854,24.09926335552757,33.0440338028683,0.24010250118365128,0.017977682856955217,0.2284618250680045,0.22634112574268234,0.26324138088621823,0.0,0.0,0.0,0,0,12.79801448876346,1.4148670645913737,12.466653398381048,11.49247342931637,15.216452074067888,23.937805131581523,2.610342767507483,25.438382153679857,20.883748918565445,26.09803981580506,31.52179623097137,3.830729376637444,33.29993333224411,26.8432476253641,34.98597906124715,0.18430423647638522,0.043045173006369834,0.17102804170927585,0.14852571830080671,0.25796495956680754,0.0,0.0,0.0,0,0,13.68271989525602,2.818982632482307,13.376480319922656,10.869381905968368,18.365740139152216
40g,compound,100,scale_only,0.7151053171398959,0.07397493051888902,0.683441324652184,0.6532067721422515,0.8321979961602346,34.73907025761934,4.818824664271431,36.012743966222466,28.15820768114275,39.18701074135828,24.33405966682828,2.0876560460645854,23.335261429969158,22.53807358980913,26.886058100383988,0.7749381211887222,0.06893897318401739,0.7898118006268995,0.6931088566322614,0.8713811769986427,42.70940345154804,4.732377391349748,44.761104832888556,35.83300812218547,46.912438468888936,28.51458663071936,2.7803125812498863,29.464209112954723,25.44157827504656,31.222082365180107,3.640323237953629,0.47366363424787156,3.817506331905103,2.978098534724038,4.077237643158691,3.5326681574905643,0.4476699916805297,3.722066962911955,2.901217980503945,3.945629858520459,24.671841753242575,2.4105588866396666,23.565953969417116,22.381771254812854,27.48263983192117,30.525004125407737,3.543509441717769,30.154181656011744,26.8083901482428,35.01459136222578,0.3668024576999368,0.01861017886387385,0.36418574648574575,0.3502750593213636,0.39722370471582635,0.0,0.0,0.0,0,0,19.707342510760032,1.843511502912611,19.944603450806206,17.804067387613337,22.30719973978154,29.20996588473734,3.406532353682592,29.7817545798364,24.92499569402368,32.61989865490492,36.57133791301841,4.779402252120613,37.25896513627622,31.13532693789689,41.547012850533264,0.2821342152497218,0.02996758421700131,0.28209113860816004,0.24671725718373538,0.3142364595135654,0.0,0.0,0.0,0,0,21.451431394988376,3.4772362279940783,22.85724441766357,17.672282120416448,25.37278607022398
40g,compound,100,source_anchored_full,-0.7319648162618139,0.10197239379717754,-0.6991289565332208,-0.8969586199904647,-0.6285653746028343,86.40713996837182,4.428261639848529,88.04552490390805,79.06874267637944,89.72774054231057,60.41884508205685,3.5717063109558516,61.585917111009174,54.26526132929293,63.133972978124994,-0.747167659043422,0.1443664793060251,-0.7371052207970248,-0.9547895447748544,-0.5985106187108842,120.95768609087159,7.823248873669846,120.69494416921377,111.12094744853057,131.68735212494252,85.58677888211416,6.519281575628292,86.09711215137615,76.01419493434344,93.80784102604167,9.404455444036923,0.5081130112264262,9.518830857683808,8.615909884683985,9.909715561808701,9.244862465582017,0.508437454420702,9.340653789360804,8.473272823429191,9.781322031818108,62.306283008244044,4.397039930689969,63.317422762053575,55.87748445059525,67.2095628282738,79.04506821836881,5.689266784350501,80.69484319109961,69.7959964550983,83.54044405741877,0.762100388441153,0.022034518722825924,0.7625336763794173,0.7335662013519827,0.7867640152671755,0.0,0.0,0.0,0,0,35.28358095,3.7771065260257677,34.247584,31.037706250000003,39.9662735,88.95451360303572,8.47570521905297,88.71547398854167,78.35723683065476,100.43364746145834,111.02550502752993,10.06743760825091,111.3745216436495,96.77548504603217,123.42041659790266,0.7412508068461712,0.021224918363611577,0.7439736257833482,0.7205189683124539,0.7726929712764838,0.0,0.0,0.0,0,0,52.4465326,6.306851578692786,54.331782,44.887919499999995,58.9671855
40g,compound,100,source_anchored_shallow,0.31212255642530584,0.08551218992306386,0.33044908133769646,0.1772697161589747,0.40002488321394714,54.524082477687465,5.894534687731521,56.053460726021,47.99200054650589,62.707294569784466,30.87262464592978,3.588140721490663,31.482523276190477,26.974210717171722,36.208144986,0.3297969665676138,0.08823952091821997,0.32297865267073944,0.2097716191348279,0.4187003268926608,75.1431342323549,9.745147767536539,75.74997192751988,63.585018836132036,86.79065068675341,42.96371907085078,5.204819854493929,43.88110559047619,37.72411832110092,50.3531148,5.90572035235154,0.6682980944602912,6.0334921977038665,5.227864652379917,6.7998751951149465,5.796847148716886,0.6668705630231611,5.912766543020993,5.126239656494331,6.678361615379187,33.10163154059524,3.4914248840548106,34.42115996726191,29.200177155654764,36.210574414285716,46.3321410067562,4.547750421149536,48.186374080440245,40.84406690525421,50.93630403068509,0.3532332929144619,0.07411596611585977,0.31553088801007917,0.3067649511400651,0.4813453558340583,0.0,0.0,0.0,0,0,15.719829099999998,2.525184269979282,15.683000999999999,12.973755999999998,19.619356,46.61297181502976,5.911478142163693,49.450153071428566,39.132243720238094,52.14895946205357,64.04109546027946,7.186524768340394,68.75520508632208,55.50030442505089,70.18564880256136,0.3312244830612451,0.08615878921644868,0.30608022973271487,0.2354381785532861,0.4668176330811078,0.0,0.0,0.0,0,0,21.907793100000003,2.700396334630675,21.494630000000015,18.789204499999997,26.203166999999993
40g,compound,100,standard_full_finetune,-0.08386646940227789,0.7643951212772769,0.07970823909676616,-1.3464127862755055,0.5175227223673673,64.977535540663,20.672578407968732,65.94307628011018,43.602997269677445,95.1925361005457,42.65313711146602,12.45996628934576,44.00380161458333,29.482728365000003,54.842582339449535,-0.10915848437507894,0.9614260917266126,0.16060488472381407,-1.797744233420603,0.5273395059731879,89.61020296989783,30.343288200257806,84.7289147193743,60.42446657368416,139.495041217534,58.17555332105835,16.000108455200564,60.04899970833333,41.44751223232323,80.41344999082568,7.043621090677647,2.2639559430515397,7.157469532672099,4.730097120583747,10.517485674032445,6.910110352352208,2.231274304162314,7.031419153210551,4.646085522600398,10.378871023815655,44.04195812717262,12.93635058539423,45.22866262127977,29.66384545654762,58.04190981324405,55.67564530579911,14.996763629535955,57.34878448459253,39.67639660889931,72.60358656629727,0.496228199459113,0.21496531316657497,0.4309634248487667,0.29522429166367614,0.8590082495049505,0.0,0.0,0.0,0,0,24.204951,8.666240097145563,21.648899999999998,15.77836,37.480161,60.59026548752977,16.416436608817136,61.96721725550596,43.92230859642857,80.98767411592262,75.73377087874381,19.88638106232831,77.88627408396417,54.87952818590931,105.53975933328833,0.477244122315967,0.18006481388151788,0.41988573329164613,0.3224566211642489,0.7827955481357818,0.0,0.0,0.0,0,0,35.27303880000001,9.229489671872502,34.644014000000006,25.955676000000004,48.993076
40g,compound,100,standard_shallow_finetune,0.6727233627969367,0.06432415875865456,0.6731372892101305,0.6086196860147208,0.767180297555693,37.457475034118524,4.387297157548558,38.877665403376675,29.895932159267527,41.111005541945374,21.986353527182423,1.958476328688296,21.429931676190478,19.288349909090908,24.02495625688074,0.7195854544146714,0.05947207823206482,0.7271640189684319,0.6490546811200429,0.8037866009143413,48.26727033726297,5.686156352097,49.88255360854972,38.931622493702676,53.079308085535615,28.52919704885965,3.0506325953253244,27.972693609999997,24.136342343434343,31.83117952083333,3.9763609835967166,0.4588561673494917,4.101589491242435,3.182710688660963,4.365881648199976,3.8780199995816056,0.4464129546729578,4.026670434130719,3.1078553255207098,4.259513558579146,22.657881098869048,2.3768674604553426,22.134533328869047,20.055903286011905,25.356741817559524,29.9411154266935,3.3006717885540717,30.104185108087176,25.76171433517803,33.942788838029514,0.2337693924878314,0.02732695697895481,0.24360472136260197,0.1904886471009306,0.2562042426813746,0.0,0.0,0.0,0,0,11.9317309,1.52620259477831,11.351294000000003,10.900061999999998,14.563109999999995,29.70161499577381,3.747574660708485,29.88137006696428,24.855383599702378,34.58933215297619,39.1088694613577,5.4769919256396395,40.58231546905204,31.960740286241318,46.46344065412384,0.20372712834869167,0.03454840969116282,0.19712561111741567,0.15787727708533078,0.24409421238047307,0.0,0.0,0.0,0,0,15.367561099999994,3.5761779349557377,14.507574999999996,11.353149999999992,20.708589999999987
40g,compound,100,target_head_only,-0.16943167314680233,0.07613368486315164,-0.143894533069443,-0.25118407610161797,-0.08294716766197885,70.9857320379044,3.5752638438156366,71.53359825004765,65.61976157782505,74.32257048641185,47.326327982223404,2.462086651546202,47.952477989583336,43.68342733838384,50.43281713333334,-0.2614113752589019,0.09881450568103968,-0.19761344453719154,-0.3714527604579436,-0.1834611099842698,102.75106928510101,5.795211189585366,104.77929231755755,95.75505713361572,109.34258422956368,71.60155688082845,4.462012085143866,71.21050706000001,65.48955222222223,76.70072087499999,7.811306099879597,0.38940549315884726,8.021025456753438,7.239741176388915,8.114865298398266,7.700055333260552,0.38564646667181485,7.939824463683313,7.141975319085654,7.9951876680025356,48.81403395583333,3.0733158783049723,47.9010358547619,44.88222315625,52.58578079464286,63.87975552185112,4.585381329852493,64.18785718648152,57.046220765426455,69.65122110491775,0.5691394288148082,0.015980799181684054,0.5695342554094187,0.5512527785083758,0.5925739197530864,0.0,0.0,0.0,0,0,26.0730745,2.358393019480904,25.715708999999997,22.822145,28.717781000000002,74.4104542310119,6.2030771064422225,71.67217169107143,67.34892377023809,82.13221344613095,93.63265554104264,7.737566917771133,92.2971116097491,83.08050268203311,101.89230098270487,0.6078218193414593,0.005359736481409901,0.6077710208908159,0.5994848931466471,0.6138946654872527,0.0,0.0,0.0,0,0,42.66062960000001,3.39325640190193,41.133437,39.6181635,47.8197485
40g,row,30,conditional_EA,0.7851726537398774,0.06529607006627816,0.8119499714873226,0.7028012977033715,0.8559459768312081,32.637649464113906,8.121952481153047,28.19402968503107,25.73540932765869,42.92502438595944,18.301077283931676,3.1108836975753205,17.85778213288673,14.992775178673403,23.365848753721966,0.8524732737665864,0.05546613209637644,0.859337084450955,0.7766260878109953,0.9306505009039402,36.701449233948075,8.568937105523485,31.75768736325669,28.224338972875028,46.76497927234327,21.655165809511466,2.7823545734252337,20.768140835413412,18.433052121607957,25.22632867971534,3.345985873148769,0.8116359589692976,2.8182317597908337,2.696647029378879,4.33291525346154,3.212468447880518,0.7717322788547503,2.6668517108634635,2.6174933448151783,4.126663292974978,18.51941769315432,3.4852290190262933,18.714897374304442,14.445828059439618,22.316570777355178,20.34038613584883,3.7389459198276938,20.88828259589125,15.881177213546419,24.77037230666022,0.20723239987496286,0.019261588265204986,0.21290500396845002,0.17504632640911505,0.22561035109991345,0.0,0.0,0.0,0,0,9.744588001957936,1.4596844911416855,9.830805060503717,7.463603100340514,11.28775779845076,22.357444049275013,4.183056027198197,20.84860634393142,17.517075469041163,27.88931993823258,24.108148378383657,4.132556804301728,23.004826624723798,19.166002622201564,29.15743487120329,0.1753955911613044,0.02193873205559178,0.17054919251584133,0.15194563151925922,0.2090105057105408,0.0,0.0,0.0,0,0,13.969675358871328,1.5455809573741683,14.893125791122895,11.851129992420187,15.327588260540747
40g,row,30,conditional_policy,0.7794143094825459,0.06359156291785623,0.7831582502006644,0.7028012977033715,0.8559459768312081,33.028280070489295,7.790485302123017,28.408581115316423,25.73540932765869,42.92502438595944,18.946559668677704,3.086961982931311,18.370745232274807,14.992775178673403,23.365848753721966,0.8531473503221958,0.05561813844971375,0.859337084450955,0.7766260878109953,0.9306505009039402,36.623891260976166,8.626432036951392,31.653529656046555,28.224338972875028,46.76497927234327,21.54824320282683,2.834742800929891,20.233527801990213,18.433052121607957,25.22632867971534,3.374839148695892,0.7875595909379229,2.8987717017451624,2.696647029378879,4.33291525346154,3.2348435742945343,0.7533453741499562,2.7782968609406313,2.6174933448151783,4.126663292974978,19.251912550522462,3.079231709573522,19.2615181805727,14.445828059439618,22.316570777355178,21.03484463435067,3.3217663641988993,20.88828259589125,15.881177213546419,24.77037230666022,0.22197558746200735,0.046208123090747705,0.21290500396845002,0.17504632640911505,0.29932628903513575,0.0,0.0,0.0,0,0,10.768939084202291,2.7564371669292043,10.669856258889467,7.463603100340514,14.952560471725487,22.272273800026092,4.225576622434564,20.42275509768682,17.517075469041163,27.88931993823258,24.020732871003666,4.166215509630041,22.567749087823845,19.166002622201564,29.15743487120329,0.17497894202476452,0.02226121562842234,0.17054919251584133,0.15194563151925922,0.2090105057105408,0.0,0.0,0.0,0,0,13.660319368932429,1.9416199566752643,14.893125791122895,11.255874957450796,15.327588260540747
40g,row,30,local_identity_shrinkage,0.7604822379891567,0.06794251891022247,0.7831582502006644,0.687927188436479,0.8434790805148618,34.463160986058455,8.32177140364465,29.38871870280723,27.814710118368925,45.839712082275696,19.893883029550093,3.557644631335285,19.169364485590346,15.982502945715849,25.63065178570334,0.8501559741146671,0.05452199475299566,0.8503804507780514,0.7790794914925938,0.9285857917460638,37.026833957979186,8.534732417504935,32.645739316814094,28.64141222042165,46.507451090734875,21.447118327799277,3.288683599968546,20.233527801990213,18.177397638557853,25.802830318183485,3.496746206966031,0.8280216612803343,2.9227219577640415,2.8795830834143312,4.5836312082620845,3.3384252903778515,0.7836447731997505,2.780293372158651,2.7556316429968395,4.3384525290506115,20.141510023498522,3.462313669062904,19.2615181805727,15.900034476158266,24.533842966334884,22.001037113979773,3.705433581775538,20.72713911500382,17.541279473728007,27.086155722549986,0.22862716669732874,0.05013134155287607,0.20941287288696836,0.18367105397186853,0.29932628903513575,0.0,0.0,0.0,0,0,11.409392139069492,2.3863407085787425,11.683269708930393,8.76344147365322,14.952560471725487,22.219030402281557,4.540330904488672,20.42275509768682,18.134923429955155,28.20156593733355,23.967725659766632,4.4888761611888315,22.567749087823845,19.90925932523281,29.395163969950513,0.17013997406392212,0.028844742623733054,0.16046146126045366,0.14638720963154667,0.219546587826417,0.0,0.0,0.0,0,0,12.890337342944301,2.857039092582473,11.298102515702915,10.091987764940097,16.758037823919615
40g,row,30,scale_only,0.7245358665128944,0.05730769279430146,0.720176850275617,0.6629856238190174,0.8073029369789048,36.9699125405173,7.422910391553261,32.608588814100735,30.710110312313702,48.00413954450417,24.32029136244133,2.6329857061677093,25.574874226661446,20.524327680558248,26.510500654914935,0.7785013613135373,0.08641231942433324,0.7897967934588737,0.6453488828242225,0.8863376536838989,45.26387272809316,12.345550104520049,38.69474649204292,36.13353268266131,66.05171512114381,28.703210566563207,3.940878590422671,26.515533371942045,25.854970123185034,34.990886501721754,3.8716990647042167,0.8448165616283967,3.3515887473304833,3.2390493148428052,5.195906204930533,3.7536724491397053,0.8456945749369589,3.240749880184461,3.152151464812807,5.100372527199868,24.86952735458852,3.4660678661439475,25.02664098312269,20.614941207645295,29.603770093522066,26.626387344566446,3.288579430762812,27.599226389771722,22.410607353420755,30.887116629986302,0.36516955830460834,0.09351497432253723,0.3604933904510147,0.24790718666861378,0.4931152318092644,0.0,0.0,0.0,0,0,17.517257655627983,4.825021013805434,17.09949426372855,11.79244188619273,24.740358242359576,29.385229829832134,2.9960170777400315,30.38910660626087,25.60027765473127,33.058987818714066,31.521506312916852,3.825162344510909,31.51266249738622,27.678310750101367,37.3607745085883,0.2712781177100922,0.05745178422613826,0.2600205369087041,0.2012172716257682,0.3606341756309719,0.0,0.0,0.0,0,0,18.2272200493686,3.5527596193871696,18.52824878568398,13.516096970928583,22.927472608240333
40g,row,30,source_anchored_full,-0.2652472629686762,0.10493289500984436,-0.28284616024376286,-0.3490700108032381,-0.08839872455996023,79.44342900467873,12.429020428638553,82.85163423420497,64.11449496086252,96.04432752154844,52.83403117396226,8.04273838908903,54.904943088679246,42.6365090528302,62.56548995754717,-0.27150377362396577,0.1033861614951505,-0.25851926904326783,-0.37239921790388353,-0.12046893405877146,109.85016866010241,15.990916454643711,111.00293336273663,89.33718160954122,129.9342559842592,75.49556286792452,10.895506281481591,76.68827617452831,60.992622268867926,89.09396675471699,8.612717120717749,1.3138788611734056,8.894708731844073,6.96729142914542,10.341464700272013,8.457525520470094,1.281305282253174,8.709644011235241,6.846855211278674,10.135568397878504,52.50840215340522,8.233011108818593,57.040361128813565,42.8664525704301,59.44612585887097,55.88138101600369,9.264423623643133,60.52057757064931,45.14743664252828,64.38971064326786,0.6911181415721515,0.018382135929582936,0.690689312197934,0.6619576047598769,0.7102728487218045,0.0,0.0,0.0,0,0,30.276574800000002,1.7463742085498388,30.137793000000002,28.801592499999998,33.0591085,75.2735545251231,11.579966713190593,81.57877618644069,61.253315336021515,84.86630517876344,79.36648447727482,12.840246681389777,85.40106260667731,64.12420418993976,91.13624783976096,0.674366952518028,0.012758280554320258,0.6737874094106352,0.6599641802312065,0.6899022174931457,0.0,0.0,0.0,0,0,46.5027791,4.167902518464554,44.0424345,43.251042,52.4121575
40g,row,30,source_anchored_shallow,0.193916571415039,0.21933234237154844,0.26023812509842326,-0.18021575090031305,0.39884224566327586,63.563120479431475,16.166392110880334,62.71601268502139,47.30121738911956,89.8328502018597,34.666398035849056,10.582765982480897,33.10954221698114,25.623108693396226,52.00932463301887,0.20733202923347357,0.22992095397234208,0.29140966036075067,-0.1778108704146899,0.4268249718915783,86.72269432577755,21.080589197733204,83.03359321733987,64.52259583401911,120.37081807770785,48.346861439622636,13.927710522399872,46.82050047169811,36.17962166037736,71.17485198113208,6.862342599309095,1.7195513622179817,6.709155719860449,5.106044524263319,9.644543973760488,6.7305541099508535,1.679358099625695,6.56206552873835,5.008211372889737,9.443986926530812,34.698614128670826,10.202945127542547,36.10793774858757,24.82634904341398,49.72271086370967,38.53557432700941,11.559769559171935,40.15753887767475,27.52312999402355,55.87751393207934,0.3782678995287214,0.10451648212113973,0.35432641945288756,0.290960005242238,0.5580696018227205,0.0,0.0,0.0,0,0,17.324402049999996,4.766137768610562,16.841461,12.874309999999998,24.60887175,48.60853786571985,13.696705695417632,51.49749355820105,34.57341069435484,67.95676777956989,53.537445683115905,15.541093028379043,55.7117406798076,38.10669297337396,76.24308332553944,0.34531436682909755,0.06915200129724469,0.32508984987010126,0.27854402881222107,0.46134636386120287,0.0,0.0,0.0,0,0,24.912528700000003,5.421326266606052,24.84599,19.061332500000002,33.406850000000006
40g,row,30,standard_full_finetune,0.3273376607759805,0.2726423903986925,0.42434265578367536,-0.14412134831789003,0.53016833204319,56.59094876263848,9.73794103902575,56.360713394060525,44.18432573669062,67.01458361117807,32.93025561320755,5.349449829157278,33.87588010377359,26.954818169811322,38.77984841037736,0.35031858399589283,0.2853912441015903,0.40937593052393795,-0.13396116861460117,0.6000143254157239,76.61424870826957,14.747673475836898,82.36784163142374,59.1459995808834,90.754316909591,44.79299623584906,10.917654567739827,48.176101764150935,31.76605629245283,58.46985806603773,6.096449421361617,1.075972743611235,6.221376293742237,4.742262560662449,7.157046287526088,5.97375270244034,1.0650791617067314,6.13808732265324,4.64321148485738,6.9962686587244445,32.0806542324578,5.555459088277193,31.786791098655915,25.152159669354834,39.44663515079365,34.841541742156934,5.795610522362143,34.731232782645215,27.600953728376037,41.741420516893946,0.38795605385434506,0.12410608971568123,0.34808711827598027,0.2591129546202042,0.5708230641025641,0.0,0.0,0.0,0,0,17.15925745,5.0458198591723376,15.269337499999999,12.715354999999997,25.34769175,43.72953928199905,10.801224053859908,45.05700468655915,31.797348428763446,58.796452436507934,47.38773650425842,11.162630945948207,49.319073256256594,35.09095150993635,62.084765817870206,0.3298949988936244,0.14767089253296045,0.2917134911228134,0.16086078296742845,0.5607842899642222,0.0,0.0,0.0,0,0,22.562708999999998,8.856109553579136,21.0233575,12.683229999999995,37.021755
40g,row,30,standard_shallow_finetune,0.6648244837920716,0.09223371761581477,0.6765508521583139,0.5518057344849814,0.7678559991193973,40.3982726909702,7.318488390047486,37.5556598293913,34.95145173208083,52.85090633602901,22.964417100943397,3.4626136525361755,21.426076853773584,20.900359905660377,29.11984848113208,0.7208913678699603,0.09536641386624342,0.718859678529363,0.6027783062162553,0.8165119412281473,50.490762913108,9.30623042070208,45.90986525063826,42.70650177008955,65.37370638015983,29.33144705849056,5.096285935978427,29.33828146226415,22.07683589622641,36.4896224245283,4.252393488295636,0.7670398931149912,3.858300099168386,3.7029245303188514,5.546305721653873,4.133780371819384,0.7464834669771192,3.711303257304748,3.6096126601289282,5.386834860059566,22.783283143461905,2.5775447587364297,21.389015492063486,21.206135041666666,27.218816028225806,24.948154759905677,3.1947012325682667,23.349758631863168,23.18642986445589,30.610433939182048,0.23802020153601688,0.03881459529528413,0.23329551349568056,0.18559434438933883,0.294333353709125,0.0,0.0,0.0,0,0,11.927984599999998,2.360920011844705,12.4406635,8.332988499999999,14.575549500000001,29.2421913343028,3.2049142190994275,28.6539800376344,25.799933168079093,34.438420271505386,31.815454276915194,4.035687496059552,30.773963160112128,27.1478223140055,38.222632469965916,0.22026035112185963,0.06089885132785011,0.20280533739160667,0.14607178972909063,0.3053532750815876,0.0,0.0,0.0,0,0,16.6077935,4.648981009097288,16.053769999999997,11.033936000000004,22.223746999999996
40g,row,30,target_head_only,-0.09132878742894616,0.04248774119854023,-0.07470845325834552,-0.1593771480566899,-0.048166667114004635,73.78554093193006,10.981161218898354,76.77721186615277,62.91835881290363,89.03624665566781,46.61698008207547,7.595812017657767,47.82925679716981,37.865169773584896,56.1222176226415,-0.18455563871171674,0.04832269396527843,-0.194518725486446,-0.24832296984484148,-0.13528228583849033,105.98699297806247,14.192739494068931,108.14364464378464,89.92579131199706,123.92157198072026,71.39677066981133,10.160260212794526,72.73251033962265,58.43421312264151,83.79825486792454,8.098442285737198,1.1609144577307025,8.372279237227279,6.89373947471991,9.672015198847983,7.978357232979005,1.1333128830551065,8.235266906973608,6.789261477643182,9.503871814854008,45.8908323230892,7.98128013028965,49.72022924435027,37.11910992473118,52.90389943010752,49.67291207914535,8.919117250689814,53.68900538421421,39.67005133834863,57.959283529264255,0.5677164229034226,0.014694754793472957,0.5639814720616271,0.5505562297287621,0.5902137954480796,0.0,0.0,0.0,0,0,25.393238000000004,3.1015373108148516,24.855055999999998,22.286711500000003,29.6443085,70.71729010219714,11.2452880273456,77.23136279943503,57.88798873790323,79.96922093386245,75.22850534599102,12.39316753140145,81.75817295922293,61.51004324392032,85.78720503211507,0.6069891248952178,0.010043022744259658,0.6086075891701139,0.5901907140908011,0.6150952031335135,0.0,0.0,0.0,0,0,42.631008099999995,4.985906841529099,40.8133065,36.3578615,48.1004365
40g,row,50,conditional_EA,0.8068815295344184,0.06300428429104418,0.8186051630621711,0.7209919919985788,0.8806817313935749,30.842059731786616,7.66688396774579,25.98307532467352,24.175163907072676,39.7539088538233,17.100505350720177,3.1320495454718493,17.340513649446777,13.107073800231362,21.767081876798585,0.848385564215447,0.06021543980881086,0.8642348525783666,0.7851841345831789,0.9330275924594873,37.25714482933834,10.058643564431458,31.402364377926382,27.736398650228466,50.204524957833826,21.593538799039646,3.4635833404525194,21.10726941179533,18.604181629391242,27.060763856244016,3.2174274000746066,0.8132095306596568,2.710058292395952,2.564262284130657,4.195565140139409,3.1158130025940216,0.7949694324024847,2.6253973110981605,2.490847792850688,4.083990205992425,17.32000629817444,3.925456138615427,17.385209179088964,12.505615551914756,21.365116656087032,19.055286697656435,4.082073171134512,19.243114079693683,13.92222969108836,23.282898231665545,0.18424843366356874,0.012368610752606216,0.19011871082619647,0.16316644806237926,0.19244182314874386,0.0,0.0,0.0,0,0,9.076764324687332,1.0465104669584557,9.046249035167921,7.919320256363589,10.498138769556364,22.07289939350174,4.257309106747752,21.156491214775972,17.403113764559386,26.548209544756673,23.976670551596065,4.48041357717913,23.34081074602634,19.202293247751907,29.368983775391257,0.17321351408961533,0.015554917846261316,0.17719875181709255,0.1555274664982585,0.1915559659107863,0.0,0.0,0.0,0,0,12.54429173385606,0.45250602154382874,12.684273606808583,11.892025000145363,13.103483688178997
40g,row,50,conditional_policy,0.7998244490259723,0.06333810228762779,0.7833197605199405,0.7209919919985788,0.8806817313935749,31.32504453838185,7.353940595462388,28.397999357649667,24.175163907072676,39.7539088538233,17.748539087465737,3.162520169058666,17.365030982425978,13.107073800231362,21.767081876798585,0.8483475184238148,0.06020298108875832,0.864044623620206,0.7851841345831789,0.9330275924594873,37.261543268944195,10.055447645037011,31.42435657595569,27.736398650228466,50.204524957833826,21.431857620101656,3.5105078114002137,20.298863517105367,18.604181629391242,27.060763856244016,3.255231310671639,0.7877208122627531,2.899077845381113,2.564262284130657,4.195565140139409,3.1465973698738976,0.7739327767199055,2.779319147497538,2.490847792850688,4.083990205992425,18.04588070602349,3.561647912713413,17.996615014195836,12.505615551914756,21.365116656087032,19.757528851464603,3.7306630803408627,19.598179748859426,13.92222969108836,23.282898231665545,0.19791396866561978,0.03587851671272058,0.19229960949985414,0.16316644806237926,0.25844638583645163,0.0,0.0,0.0,0,0,9.928489260173565,1.7244702921061337,9.664536043349564,7.919320256363589,12.514202196430386,21.919602026388493,4.312005177027956,20.390004379209724,17.403113764559386,26.548209544756673,23.81656320361633,4.522918549437773,22.540274006127653,19.202293247751907,29.368983775391257,0.16866216856941557,0.015312367139285583,0.16021747035882317,0.1555274664982585,0.1915559659107863,0.0,0.0,0.0,0,0,12.305712341591228,0.7789959686741708,12.684273606808583,11.154441655173795,13.103483688178997
40g,row,50,local_identity_shrinkage,0.7666462322773171,0.07765349317631805,0.7833197605199405,0.6801853321360484,0.8617298373878445,33.95133525899168,9.101628508702351,28.397999357649667,26.562522369360927,46.76314000547129,19.45527332334903,3.985816622655521,18.67475793470155,15.168823244028987,26.01548178447971,0.842179313284527,0.06303052045693855,0.8583024167865936,0.7746348947032625,0.9282114824958326,38.07377122508327,10.53392651588762,31.7697325582846,28.71637443456637,52.65344230835967,21.553059974911505,3.941689892277686,20.298863517105367,18.06541243590151,27.954250105821785,3.477135453021598,0.9366957066234388,2.899077845381113,2.7630606106827797,4.793070490057917,3.338508720816852,0.9029518102438211,2.779319147497538,2.6458711908826595,4.604922080873319,19.558558890953147,3.952814782605534,17.996615014195836,14.85687723756071,24.850377939578046,21.36730727654129,4.309247968466572,19.674078536135507,16.35060972291932,27.499874762523103,0.21958029817910357,0.044058373182998926,0.21545595334080608,0.16612694600992078,0.26896518590410406,0.0,0.0,0.0,0,0,11.03471987841163,1.3733433600225449,11.203335058079407,9.192453888924906,12.514202196430386,22.02991161824589,4.433156811920195,20.390004379209724,17.842271325230865,26.97554969813648,23.976129434168133,4.765206581070688,22.540274006127653,19.604123533764323,30.173083059116678,0.16682100115440696,0.020116070891232345,0.16021747035882317,0.14124460657652466,0.19248941412347367,0.0,0.0,0.0,0,0,11.809428468890124,1.1855570997510323,11.406704833072997,10.426512426605932,13.294508478011622
40g,row,50,scale_only,0.7305322563987952,0.0602235645658696,0.7299911150985282,0.6742263916191904,0.8237196101428701,36.502619673078144,7.384964530587997,31.70057350232233,31.098840729767872,47.19678599679458,24.376421739010155,1.421728462944318,24.75507580210387,22.349210314911115,26.139580041317824,0.7905265497540114,0.06638686953741786,0.7810236720262544,0.7018488612384488,0.8855419311447588,44.09625994244513,10.131138862304852,39.49398180789984,36.25979314081344,60.562203645652374,28.615269414816517,2.3589043404063457,27.558787109064887,26.384386790847415,32.45711848242222,3.8077684189084215,0.7928905812578473,3.2872211773632456,3.221318242157621,5.003384702230352,3.6877063530991534,0.7778913791774952,3.201675407858427,3.1067862684027316,4.878411468585986,24.877647371712442,2.369188960876889,24.582300035783756,22.334340138684478,28.722884707186736,26.567908375438627,2.3912665087022336,25.837132594565173,23.974857076813382,30.144430807687936,0.3783247910983948,0.06768388283229837,0.3970761451477237,0.26445318155422853,0.4307964458190009,0.0,0.0,0.0,0,0,17.821468970851733,3.323461261973047,19.359172157755513,12.175796631107213,20.51130031126149,29.221733312692294,1.5046350489373645,28.654430892821416,27.79296885153865,30.934091810588615,31.249271975459756,2.199219568269612,30.64641549861621,29.268536501179813,34.79161528957881,0.2774976972794202,0.058721502891853565,0.2917059698893429,0.17859279943951845,0.3312926866780335,0.0,0.0,0.0,0,0,19.506293007936268,3.05038793357973,19.814834380612844,15.90546712666508,22.886271998387166
40g,row,50,source_anchored_full,-0.3514560477218095,0.12305366535649168,-0.31240253069208723,-0.48683546122658083,-0.22387122371144397,82.20435548434371,13.852808314881518,82.03415983239185,67.49101403448182,100.82910940777829,54.12738282415095,9.995344039194139,54.02586351886792,42.44119014528302,66.12230994056605,-0.35033445289516163,0.1268984818115519,-0.30223720636382345,-0.5229427253124417,-0.23777690544852614,113.43754595187264,18.928391884314177,110.42508643429139,94.81769391631994,136.87534233287147,76.93880000283018,13.767157632038227,75.53410516509433,61.9440149245283,93.36089881132075,8.906240779243708,1.492590525939114,8.819458844007642,7.3535112479544775,10.868048850480239,8.744290811395047,1.4635888505285073,8.63979978534999,7.231561555419912,10.655061106039557,53.77744965343875,10.308876423482921,55.747281877118645,40.167733113709666,63.92911133201058,57.528144621740964,11.429682141563799,59.3768171779297,42.74871121512599,68.4178707376828,0.6917461044890414,0.04412275642417669,0.7028824370906983,0.6220202007547565,0.7405951608037922,0.0,0.0,0.0,0,0,29.7904299,3.9814032774820802,29.579055499999996,24.510927,35.567756,76.81924472642697,14.678245383392635,79.89636967655366,57.763130993279574,91.93563850396826,81.40053964171949,16.040507711848505,84.16339139446323,60.99233514060115,97.22835420878152,0.6689662338430464,0.05352827137934179,0.6828278790829894,0.5878879312558675,0.7330220411433495,0.0,0.0,0.0,0,0,45.698876999999996,7.7506891305014936,44.769501500000004,34.7646115,53.276061999999996
40g,row,50,source_anchored_shallow,0.341563925276294,0.20475805730641,0.36348612837128935,0.008324244379739665,0.5365992433654708,57.25449429088483,15.170932901611328,50.56765636118562,44.19858742662254,82.34539627042247,31.572963007320755,8.295173808556969,32.38466229415094,22.734748264150944,44.25975946226416,0.35505750043919826,0.2090655521149082,0.3680530188364979,0.02570121662278213,0.5691408460995342,77.8472416912895,19.246593161455383,70.35091934958575,60.67383901775341,109.47867009618506,44.89173295679245,10.463631446811924,44.86855876226416,33.095800622641505,60.49061358018868,6.174481596015272,1.6023259774620602,5.492433598616677,4.780518746848725,8.81999008513923,6.0542053250473264,1.5610698023060054,5.396750010020936,4.691634213320012,8.63011438679691,32.20462978994929,8.62217133266494,34.0109681689418,23.278893381720426,42.15929336290323,35.40174004469533,9.557031791881768,36.11392217347577,25.95693422966781,47.87616405544535,0.3489394219111893,0.051136872032925045,0.3614319764732886,0.26113875086246496,0.39405372330367006,0.0,0.0,0.0,0,0,17.40164694,4.440177584747702,17.05515,11.214255499999995,23.668263200000002,45.952805782976796,11.62442628205176,47.12727156137568,33.85337720430108,57.90806197177419,49.83932401808296,12.764745296587035,49.428510632881114,37.03689589926907,65.32203528912731,0.35284962709353146,0.03979352319953596,0.37197032657771745,0.28359366402656433,0.38008615903186505,0.0,0.0,0.0,0,0,27.051998949999994,5.072822362119247,27.252515999999996,19.178223999999993,33.285327249999995
40g,row,50,standard_full_finetune,0.4124400263524083,0.10558833208079185,0.4484661734686436,0.26432634642882724,0.5317507084980659,53.70477377445282,6.935926054498298,52.32638028130355,44.807668362417154,61.410205794533574,32.921427101132075,5.4941403107536635,31.397734367924528,29.128980150943395,42.41410676981132,0.4209305712782211,0.09599638212589222,0.41391308129696414,0.27663233984090174,0.5101858597641868,73.43486384396658,6.531040040833474,72.48493356931154,65.55156851437697,82.05085844169369,45.66413545698113,7.495707167652887,41.769958688679246,40.77919811320755,58.58272691698113,5.803001055781665,0.6708477242077634,5.675719619066401,4.947831222938802,6.482773022215693,5.691728913326162,0.6360023150272589,5.57471956669212,4.881986776387343,6.354338624744484,32.45835153525493,7.722621708764737,29.46163600806452,27.255574838709673,46.120558703174595,35.18675912304443,7.304948207463988,32.71940381901172,29.62108965843447,48.01219064518054,0.41608631635761767,0.17937585612378068,0.38013652587919855,0.2789746288235645,0.7237684333880186,0.0,0.0,0.0,0,0,18.475805219999998,6.273509251029566,16.720940500000005,12.5979125,28.849596599999998,44.94616342992083,10.916864938696973,39.91329535169491,37.82964226075269,64.14934256296297,48.54247183590979,10.117944456163501,45.02932688968025,41.323796273246565,66.37861673446007,0.3959304568932326,0.17222444876462928,0.370201384749548,0.24260777229024238,0.6827711703971233,0.0,0.0,0.0,0,0,25.466034200000003,8.842851447807492,25.147409,17.183447500000003,39.988161999999996
40g,row,50,standard_shallow_finetune,0.7358635364019117,0.055417970665304496,0.729006209058045,0.6678657349740416,0.8166562356594941,36.105507303698666,6.783125541817405,32.86574391325127,31.321810798410407,47.65531199306127,21.079821745471698,4.374775360679845,20.139831933962263,15.956822754716981,25.641929283018868,0.7879773392536038,0.046768193948408,0.7760374180274063,0.7364574538981146,0.8543723457763013,44.53796821009469,7.595580763301623,41.858991849781525,37.75951852077642,56.93886445956157,26.872442714150946,5.542557878323416,25.88242111320755,19.31276629245283,32.84301916509434,3.78645213946819,0.6927018052868252,3.4768053939402,3.264763821801015,4.955850987357649,3.676245469219481,0.6652638468889949,3.387348241163104,3.1618798414131715,4.794816535729095,21.010341882032353,3.94739799729839,19.30121545430108,17.156370599193547,26.68031699708995,22.88584467155973,4.329717702902592,21.097724512649357,19.09221785228538,28.339445712707285,0.24366546224723334,0.07321521196622585,0.2059548582490408,0.17987034795684867,0.3401057939173088,0.0,0.0,0.0,0,0,11.8496698,4.758235391915693,10.1951735,7.744964999999997,18.9937435,26.80625864926885,5.031314668813092,25.122347049731182,22.259226686440677,33.8720787526455,29.196374824610835,5.293465845014327,27.2251709311004,23.866947826097576,35.97083539188797,0.2084309841669453,0.07497186092882151,0.2063215090799877,0.12057642921394082,0.2977815627585485,0.0,0.0,0.0,0,0,15.666742099999999,6.886050672834274,13.341017500000003,9.589802999999996,26.403510000000008
40g,row,50,target_head_only,-0.09083487567294415,0.04267388206451254,-0.07499344011229536,-0.16083788037650737,-0.048018829660706475,73.76695983877298,10.97195503288141,76.58095564377524,62.91392153292035,89.09231865223323,46.65980736509434,7.446793818117342,47.59974933962265,38.305384490566034,56.07444016037736,-0.18399719563179012,0.048018277964058546,-0.190534865868625,-0.2484622327692918,-0.13610882455143858,105.96056871899327,14.177113833446205,107.96315818248395,89.95852045137036,123.92848413392238,71.42512402075472,10.021375032757952,72.5188428773585,58.916517018867935,83.72665016981134,8.09640374406066,1.1598977705547433,8.353276537999212,6.894239429314205,9.676343595204024,7.9763563503498105,1.1322738097663907,8.217200202444568,6.789997830238305,9.507644813412348,45.92853626249823,7.821188431637462,49.49209099364406,37.13265327419355,52.8618221142473,49.712300839038235,8.78516354792132,53.46700735860202,39.69336775906761,57.92369723133614,0.5694298489336218,0.012744527204667903,0.5638680809688654,0.5610350600330696,0.5917841339842839,0.0,0.0,0.0,0,0,25.2689297,2.804145004187562,24.541246,22.700002500000004,29.018975499999996,70.73773441795743,11.122349327977473,77.0137046257062,58.377166352150546,80.02886221031746,75.2477359496923,12.295522825634217,81.54649310022303,61.8514998154855,85.73218394091583,0.6076392627951784,0.005302343434156105,0.6077951005358453,0.6020396064291766,0.6140624461655356,0.0,0.0,0.0,0,0,42.5657688,4.857364470295258,41.489222500000004,36.214887,47.80402050000001
40g,row,70,conditional_EA,0.8135112795948946,0.05825004495517496,0.8195974890829564,0.7262848332127757,0.8800790190886619,30.28471822625307,6.978225185119954,25.91190725404457,24.026425860846306,38.270419368569264,17.044921269666435,2.757994026447,17.468311285990787,13.402170244541473,20.93197072406084,0.8548499541999595,0.054045830701311935,0.865583196612358,0.7887087586805521,0.9323019526419166,36.4687007516166,8.93585621574817,31.246039857012242,27.886254477419264,46.79321899041951,21.151898938541805,2.8559518994973883,20.58892028249677,18.669648085661315,25.637912592844796,3.1566196047905377,0.7347210360520313,2.7010605303351825,2.5495313948532226,3.9744880611539934,3.055925544800308,0.7162951921107792,2.616019482720496,2.4867156157246217,3.8429981381009335,17.313259857425894,3.8605152541749463,17.262867543461514,12.699163693351416,21.830499362915834,18.98191117046507,3.943843563569039,19.028842933743984,14.071634151776989,23.207901136439006,0.1970387134242632,0.010423845335138127,0.1980484832794025,0.18502253509908662,0.20900388351375832,0.0,0.0,0.0,0,0,9.09668094685573,1.3150635974119806,9.537168497811507,7.653894953632532,10.719167114001579,21.73070960097784,3.934015456698446,20.648364734656642,17.43117695364811,26.115717802514098,23.53342243747603,3.9796790776320656,22.81022647214052,19.249582086832056,28.04110328629774,0.1619030803958298,0.01517618385411147,0.16614845411479973,0.13881612657958523,0.1762506722470562,0.0,0.0,0.0,0,0,12.857673272714692,0.6141787825192562,13.069266470664221,12.011980189676972,13.583918169455476
40g,row,70,conditional_policy,0.8049530098724199,0.060241755324087695,0.7944409989978845,0.7262848332127757,0.8800790190886619,30.86667172247919,6.635287824130896,28.821674735175197,24.026425860846306,38.270419368569264,17.79144645692305,2.8420575529143783,17.61804250144861,13.402170244541473,20.93197072406084,0.8543555300676008,0.053934285543986764,0.8631110759505651,0.7887087586805521,0.9323019526419166,36.52590494807764,8.894885755833414,31.532060839317445,27.886254477419264,46.79321899041951,21.086365526088635,2.8757901825678904,20.261253220230913,18.669648085661315,25.637912592844796,3.2033655671588,0.7053382574541943,2.9347903421764934,2.5495313948532226,3.9744880611539934,3.094632249551546,0.6913765703627137,2.809553006476685,2.4867156157246217,3.8429981381009335,18.1141222197206,3.5024551944057385,18.399073544524455,12.699163693351416,21.830499362915834,19.751863408554367,3.6108567393718527,19.98487348937123,14.071634151776989,23.207901136439006,0.20994793603858897,0.03121674316332577,0.20509142269811614,0.18502253509908662,0.26259459635103116,0.0,0.0,0.0,0,0,10.155824914807777,1.998332167996533,9.739773998547193,7.653894953632532,13.12912001004607,21.674349224266688,3.9553588313641663,20.366562851100905,17.43117695364811,26.115717802514098,23.47351308621025,3.995510820357147,22.510679715811612,19.249582086832056,28.04110328629774,0.1615428132374041,0.01507122578576549,0.16434711832267118,0.13881612657958523,0.1762506722470562,0.0,0.0,0.0,0,0,12.636159489821186,0.9113592286481609,13.069266470664221,11.374473941089086,13.583918169455476
40g,row,70,local_identity_shrinkage,0.7786825302957162,0.06085652835629075,0.7768061404705828,0.6984675739539732,0.8617957036621563,32.99617651557621,7.081000362967654,28.821674735175197,27.119862071045848,41.2556435791957,19.47900809388499,2.7663148614259656,19.034771556690895,16.310758699733096,23.907175070382078,0.8494013048274608,0.0543811550759505,0.8579246011303194,0.7874201232559969,0.9281693876897911,37.197484116184775,9.04229005300788,31.812059010186058,28.724792445571154,48.297424699563685,21.010606200730223,3.0912750582150785,20.261253220230913,18.068281172193945,25.853516260490046,3.383511720091838,0.7465194625264983,2.9347903421764934,2.781658245824914,4.268375688346149,3.250645929655259,0.7284266905990916,2.809553006476685,2.645715481452963,4.11996880947653,19.74872886297186,3.1421235770236056,18.399073544524455,16.0150880275313,23.36686442278771,21.423289651377807,3.246671158847329,19.98487348937123,17.607240267785528,25.427225738695004,0.23107115837344358,0.037996719628391525,0.2335948001891871,0.17891852924067306,0.27087376813403535,0.0,0.0,0.0,0,0,11.764838651875685,1.506238590420818,12.120453132185503,9.359411484473492,13.12912001004607,21.599994312263593,3.9513622936171866,20.366562851100905,17.676683597350795,26.069197204948278,23.471613191316,4.096857585958919,22.510679715811612,19.48296976492623,28.2674004515761,0.15680889571722387,0.017283291951734597,0.16434711832267118,0.13829542433906708,0.17631893479440852,0.0,0.0,0.0,0,0,11.661523422391017,1.11185779990402,11.374473941089086,10.7979248919941,13.603489966999405
40g,row,70,scale_only,0.7426866232192062,0.051203244561988805,0.7341045018367491,0.6815295572087954,0.8234549569257378,35.58134447119098,5.846582070186108,31.6704049897038,31.104158434254252,42.6392903589142,24.269338862002332,1.3502172487997328,24.392282003840137,22.364403786556846,25.918879974361253,0.8048853278157576,0.0483149929131697,0.7839484696224169,0.7692569892423173,0.886405891770464,42.54753636776881,7.373628190787303,39.229340840179745,36.12268452847814,53.27797509965063,27.81806142101623,1.6545029650652514,27.186393470075135,26.23521180229316,30.419387515696826,3.7016336344235135,0.6120894879549106,3.2814909585908287,3.220163400638502,4.486928984511786,3.5810799921226986,0.594689454531765,3.1937821678321807,3.1040070592161424,4.362668939715153,24.917935768017976,2.5521807554674796,23.941196540265967,22.3484280530596,29.013990071951714,26.492838666880466,2.5473007983750264,25.25861431061752,23.98759609118039,30.39589992363473,0.38587621603101696,0.04831085514371911,0.39583303261561176,0.30454295554845734,0.4313456771777383,0.0,0.0,0.0,0,0,18.319634636490406,1.9428888537925304,19.228018922972527,15.02664904295274,19.826146188958017,28.55990530073409,1.4293943900931814,27.974486263886437,27.360874861086796,30.606451616279045,30.46144215340009,1.573322072005188,29.986385303544036,28.77151416370689,32.49758350568394,0.27369530456185204,0.03657428040246889,0.2799880743528833,0.21556603728108475,0.31607845716302196,0.0,0.0,0.0,0,0,19.10743105392357,2.5197484241478882,19.037558806226258,16.54521823057584,22.207664055047548
40g,row,70,source_anchored_full,-0.38261685716402,0.1503181071056217,-0.4233535137498159,-0.5209859071709217,-0.13681685858164827,83.206846302174,14.77708702630839,88.62389752863562,65.52506587384626,101.98048451458413,56.37816940245284,10.402634345802577,60.69286560377359,43.448866621698116,68.786325104717,-0.4080195429130441,0.14088016547769666,-0.45240321409253137,-0.5400643330577379,-0.17143346106989044,115.7509081359298,18.64460948554585,120.01919137596256,91.34633977499146,137.6425990086003,80.81855629622642,12.999092201179746,85.38479951415096,62.95227007075472,95.96498805660379,9.038179850806602,1.553117477234561,9.56132938392683,7.121660886116448,10.972802844920487,8.879851908783019,1.5123014443133334,9.369778324704422,6.998849702282547,10.75198372694863,55.9434123218108,10.533592737109357,62.474741643650795,43.4886104217742,65.14404952405914,59.52949176540584,11.622082745676803,66.64035913428495,45.92705387552054,70.31903580522103,0.7450865549285068,0.05117807572660587,0.7470264194798009,0.6774450400074304,0.8106201451130686,0.0,0.0,0.0,0,0,32.510890540000005,3.883236475573964,33.717546999999996,28.2545565,36.459728999999996,80.43791591757021,13.786605718026527,90.17151081481481,62.97211335887096,90.8625438266129,84.79112770205566,15.049477842467569,94.45079834140708,65.96755717685352,97.47772840335602,0.7263411521343839,0.031273489089494656,0.7271786738695174,0.6808552290593435,0.7678352313040525,0.0,0.0,0.0,0,0,50.4081557,4.965518936965435,53.686345,43.8599645,54.538234
40g,row,70,source_anchored_shallow,0.4387454050125831,0.06441967563249584,0.40917016242528914,0.3829048772179814,0.522266260264097,52.85121185832959,8.44493091801934,51.3437297532898,43.45012139050003,64.76079390100112,30.702068286603776,5.624485810988206,30.675166871698114,25.294558500943396,39.11231485566039,0.44908108532986296,0.0738957215046738,0.4259290817189215,0.36624864788056366,0.5566248599593993,72.01330317277042,9.512335516579181,71.36541315380288,61.087119913287985,84.03616136359896,43.55986661830188,6.130840059013331,44.92409919056605,36.19676241226415,51.86943945660377,5.7037001313660065,0.8615195237814962,5.57511217108809,4.735231768198298,6.887373258239665,5.593354195420451,0.8300343175766682,5.477547430676185,4.656994222740139,6.7229972950985,31.141056907874713,6.261829258742814,34.22109398835979,23.273624359811826,37.078000311290324,33.96687965859975,6.53385832526361,36.58468859758648,25.89278180442082,41.0045634254001,0.38076066142112847,0.05914286155102836,0.3831387954566483,0.3125571256189449,0.4487115957841953,0.0,0.0,0.0,0,0,18.4553124,3.0973532109784943,18.171816999999997,15.024363500000003,22.5516195,44.449756908821385,8.274214438269508,47.089654323280435,34.78829240322581,53.74934440819208,47.81201358414537,8.515452399468733,49.79549181115525,37.99906349737968,56.68752840341718,0.37131323388644577,0.03331544671669046,0.3902919840191259,0.32841028243222964,0.3981016304233961,0.0,0.0,0.0,0,0,27.442159300000004,2.6775413524220246,27.808265,23.446626499999997,30.849095000000005
40g,row,70,standard_full_finetune,0.4980788493258067,0.17242799364262865,0.523028803613707,0.20892549692080908,0.661732093824748,49.08363056738186,7.639548603808173,51.968690436249844,39.53553994308818,57.108473625543425,29.494457681132076,4.464930848069356,30.205443693396223,24.997324018867925,35.211600259433965,0.5097778611316331,0.17530854253387182,0.5495946398518824,0.2117260331309221,0.6688060961048028,66.94021759861769,10.628019398831368,73.8308428211603,53.82312235329639,75.66704829896723,41.08808943207547,7.089829892033417,41.68555806603773,33.81753456603773,50.523425188679234,5.29868014168746,0.8252495055479502,5.682811609130066,4.26515848005553,6.081347378110139,5.196504677341652,0.80987729890769,5.593882026838816,4.182676716240191,5.938857301603919,29.369977417067304,5.824767894472954,29.87997865860215,22.30355241935483,38.05482929232805,31.734584589125596,5.739785051701277,32.68549427094435,24.727933287422005,39.973607455771386,0.34108954124873725,0.06311627276861108,0.3254677119247166,0.29204781019833237,0.44997029168949965,0.0,0.0,0.0,0,0,16.1448147,3.620175823327465,14.689196,14.058491,22.577414999999995,41.30924711723357,9.176984390880015,40.0904461263441,30.21776872311828,54.80039296296296,44.26261577635032,9.094051175808882,43.92384423449199,33.121543825666656,57.352448266009574,0.32095269221284467,0.07171362507438146,0.3073862656641604,0.23867851787699754,0.4239352952951545,0.0,0.0,0.0,0,0,24.0300736,5.943762160225986,22.391369999999995,16.989212000000006,33.066748
40g,row,70,standard_shallow_finetune,0.7846003318145602,0.04834684699651905,0.7715460163330577,0.7352781448633678,0.8415534416915607,32.460590354316956,5.2557682843975435,30.71127469725944,29.117574476250187,41.71152917047131,18.976019203773586,2.9970593561004,19.174196688679245,15.557601264150943,23.420956292452836,0.8206352129486459,0.04857161420876356,0.7981013796594578,0.7654964034336276,0.8735239491601576,40.61385229593128,5.686044582544032,38.11590740956847,35.62940221882115,50.13046617829399,24.182928283018867,4.268510040828436,24.64842120754717,17.66776321698113,29.613274669811318,3.417471214256319,0.5306370326915941,3.2258337001603334,3.046870521702684,4.344267900877257,3.3229139836557735,0.507568109844819,3.134222714826203,2.955761738313603,4.205906745324092,19.009587697460766,2.2310356722379843,18.320968522849462,16.18496048951613,21.684921995967745,20.92220605729674,2.515249068876734,20.275642988403703,18.47707572554656,24.544941416750117,0.20505005843048618,0.04024580556203027,0.20021974725844144,0.15950283462105616,0.2572054390145617,0.0,0.0,0.0,0,0,9.9437524,2.149530871850046,9.8518145,7.71612,12.612764999999996,24.25919769843444,3.047743574737745,23.78153396102151,21.003509372881357,28.69918906317205,26.662661019518378,3.3775685388363,26.268624377084926,22.551533166038656,31.702983595505632,0.1780372622917126,0.04693979975961099,0.20043094276213347,0.10367169509358817,0.22251405097008065,0.0,0.0,0.0,0,0,12.512766700000004,3.7295357114719336,12.527566000000004,7.488465500000004,17.50423200000001
40g,row,70,target_head_only,-0.08522435687183627,0.035750417530342936,-0.07545340545881252,-0.1397420385930921,-0.04233810941370675,73.56231798048006,10.738204939211402,76.52430326078697,62.74317936399978,88.27907208216705,46.45161425,7.593379626523226,47.36185310377358,37.752410363207545,56.03630692924527,-0.17985034525197086,0.04541073672627922,-0.1897695833836721,-0.23596201733372402,-0.12926075495249134,105.77173455207416,14.074024600256916,107.92845294278996,89.68699129577013,123.30650698739859,71.14713359056604,10.298653272136248,72.32051616981133,58.03001167924528,83.70490962264151,8.076545683876429,1.1402354857489894,8.348226424110598,6.874837791604681,9.600652308727485,7.957497914982712,1.114446234925305,8.212525975221265,6.770718563598026,9.436696356370838,45.733149788548566,7.9271423181783955,49.24541818361582,37.03303423333333,52.835095501344085,49.49343035726629,8.863873714707106,53.23722012508056,39.596050811570024,57.754487138572024,0.565221853198534,0.014581825684163819,0.5634541000601434,0.5481495233276061,0.5883534245916556,0.0,0.0,0.0,0,0,25.076835199999998,3.0313990221077276,24.2979955,22.166501500000003,28.923526499999998,70.47158411058518,11.33925828524142,76.80720589406778,57.53178197177419,79.90916940079364,74.97443016374584,12.48225401015187,81.35497131223157,61.12853347048197,85.60724120810576,0.6037947682817391,0.011452489171835742,0.607479381090465,0.5853078193162398,0.6143744202257921,0.0,0.0,0.0,0,0,42.448605,5.101386948328525,40.765641,36.128395,47.746486499999996
40g,row,100,conditional_EA,0.816767902785605,0.05715297647263366,0.813766655000435,0.7273367584049693,0.8772696793327829,29.986364443555328,6.584517292429414,26.32732977939349,23.497271850387225,38.196809323275424,17.310620551679694,2.5350390320813343,17.620160215897897,13.724895765354367,20.501868427716524,0.8572505419483456,0.050406802471357946,0.8647096815756219,0.794737418469371,0.9310687392082976,36.19062203548,8.33962004478856,31.334673305439942,28.139101504898456,45.60715407786707,20.71155045621929,2.5212898603076614,19.983217038817145,18.77284836533352,25.089685559178655,3.127743481094568,0.6883683684602991,2.7351816389052734,2.51207475377389,3.9543697774532123,3.028345044460809,0.6697995074917074,2.6451365341817112,2.4564896203166318,3.818000666121243,17.604734376995754,3.6722625069167028,18.21047722711544,12.935018912950943,21.755635689662213,19.179381037964482,3.8056444173608672,19.783502924664198,14.142422496879341,23.17173113042191,0.19712297150947236,0.017444272354683942,0.2030174306421726,0.16865430495842473,0.2130031773948149,0.0,0.0,0.0,0,0,10.189465262941656,1.9689958932479146,10.318206640440703,8.356090740477324,13.203911124678466,21.28081372554282,3.2491898613739654,20.470032031552005,17.870883640759413,25.303905498110485,23.058266571767042,3.3107491305970838,22.62259778099148,19.796564743042698,27.5419101330344,0.1541118821478626,0.028209051194024514,0.15698193277764674,0.1256811804420121,0.19593865960159956,0.0,0.0,0.0,0,0,12.141347297244451,1.9032491635479647,13.232997494219408,9.413599119400923,13.81941822341491
40g,row,100,conditional_policy,0.8088174393903664,0.06035035490630227,0.811653994136869,0.7273367584049693,0.8772696793327829,30.5211727580455,6.316150903599225,29.001371351844348,23.497271850387225,38.196809323275424,18.01844486573191,2.6462710746317124,18.48551673432224,13.724895765354367,20.501868427716524,0.8568644189155815,0.05034168039839406,0.8628889184422278,0.794737418469371,0.9310687392082976,36.23521481675821,8.307698503382724,31.557637211831008,28.139101504898456,45.60715407786707,20.701452533258134,2.5231538676758327,19.983217038817145,18.77284836533352,25.089685559178655,3.170615317617801,0.6640529833696039,2.949540821521442,2.51207475377389,3.9543697774532123,3.0636679430906755,0.6488681126912361,2.821751027331041,2.4564896203166318,3.818000666121243,18.36239688385952,3.3417213087786553,18.65374125018374,12.935018912950943,21.755635689662213,19.913788943704436,3.5164098045427292,20.229135953253664,14.142422496879341,23.17173113042191,0.2122045141728554,0.036119576782208895,0.2074490539151644,0.16865430495842473,0.26889860395370047,0.0,0.0,0.0,0,0,11.231001094642206,2.1277020764252237,10.579846974600839,8.489270834510952,13.563769898980066,21.27733031280714,3.250285548113206,20.452614967873608,17.870883640759413,25.303905498110485,23.046935147376587,3.312709417010164,22.565940659039207,19.796564743042698,27.5419101330344,0.1559507147451284,0.02910040072945557,0.15698193277764674,0.1256811804420121,0.19593865960159956,0.0,0.0,0.0,0,0,12.14703662680141,1.8986005687740612,13.232997494219408,9.413599119400923,13.81941822341491
40g,row,100,local_identity_shrinkage,0.7792216182038045,0.056331608980227155,0.7743460004029536,0.6989075582537558,0.8568697507742401,32.91082162485149,6.225554069270307,29.001371351844348,28.030105673849725,40.138738277948924,19.998601571105855,1.9487384864759474,19.75978318536853,17.927305620920198,23.17997531084667,0.85040315935472,0.050318375576308035,0.8464404215550118,0.7936214216567928,0.9272939647580946,37.060979506673874,8.221599186184893,33.07278693308436,28.89930152954936,46.82443357109867,20.692908729148147,2.6307123917993325,20.031643252959956,18.138843951293953,25.14748813979438,3.374172274189104,0.6602771617548494,2.949540821521442,2.8241761307571243,4.108918337896979,3.2409843079685814,0.646707811185062,2.821751027331041,2.682098407258815,3.948819293020686,20.330469729071353,2.377141734138383,19.774664358956986,17.629589451764158,22.8942117142607,21.933261750972303,2.4367728799916875,21.20884374349669,19.25773569986016,24.748372610597052,0.25155781306243596,0.04952484735744371,0.25575989164719826,0.1816500302111207,0.3171878330310446,0.0,0.0,0.0,0,0,12.844793173172471,1.8069697396454238,13.563769898980066,9.695771419209306,14.077020712683254,21.306902067979447,3.12011664153176,20.452614967873608,18.4459636759257,25.139352760745723,23.187488282757684,3.225189374971526,22.565940659039207,19.913318684636593,27.649839721327016,0.14771892890791363,0.017790006406965254,0.1431013630872497,0.12446803412571786,0.17074037641476236,0.0,0.0,0.0,0,0,11.27705999220105,1.478747827558727,10.915860526526071,9.627717087527756,13.453804568638038
40g,row,100,scale_only,0.7438719240594336,0.052604467223617626,0.7328720766829511,0.6791263582071322,0.8245376282185014,35.427889801471615,5.363101141269852,31.76302507740559,31.11619285407815,41.436285010423795,24.639379935350878,0.8906064420578766,24.436210747621708,23.8399190784902,26.167517470362334,0.8034388696935097,0.047788835003375524,0.7782435249156168,0.7725341289139053,0.8846436202002564,42.66069450165374,6.824904040002157,40.20606723013816,36.401805444578116,52.23018785493692,28.527949769501436,2.0599415268836014,27.994474397593955,25.637480384903608,30.72070666645701,3.6923894395538284,0.5612528555054922,3.3543766217506983,3.2187736200570907,4.349373402738108,3.5748619619895052,0.545247989974216,3.265967675354349,3.1066058405503014,4.235893769246517,25.326416916891,1.9313790218605158,24.39889923621114,23.704582109744084,28.34504372939408,26.843424036872527,2.0202076040233536,25.760723506825677,25.233230555381976,29.817698943125684,0.3952689885443356,0.05065786194992039,0.39610049238339506,0.33786117976065466,0.4685915099646171,0.0,0.0,0.0,0,0,19.212985180326697,2.033834646191892,19.85412121860716,16.931301706503422,21.398060027059287,29.287348002400712,0.895808406099608,29.502523559368505,28.29804964502952,30.120682719865055,31.116338104669484,1.1864295091824153,31.331313395433227,29.60035644144773,32.386512081616885,0.28873367341707123,0.060465842284533486,0.3053687474123671,0.21097161265421366,0.3630045948623215,0.0,0.0,0.0,0,0,19.923421669331027,3.5177974447287506,20.442378361946425,15.787338157643227,23.726914622662523
40g,row,100,source_anchored_full,-0.3996053962737719,0.10508249538851855,-0.3557459239630332,-0.5599389122161154,-0.3020585308850534,83.34834241275944,11.14291962712768,85.17319596080807,70.12574161803724,99.52561509544195,56.243332077547166,7.270612141488519,57.55433606509434,46.61439621981132,66.13945249056603,-0.43586820261934633,0.12437792062325773,-0.40476293754707426,-0.617161114371723,-0.30959067042457544,116.42694062674188,14.34989005613438,117.27516190469747,97.95480299110253,135.8751482089469,80.92929199792452,9.719423904268288,82.26732002358489,67.01247434433962,93.87277880660379,9.064948109643925,1.1792061475924087,9.221013697219083,7.626527533601825,10.74632992385609,8.909855951621342,1.1504339415154587,9.052031927942652,7.496315038486224,10.541241181173636,55.73568995434764,7.198323768184559,59.643760172033886,46.59720617956989,62.689436324999996,59.38061630000384,8.150042579111432,63.41307363974851,49.36170663661681,67.86947032043241,0.7394628172426906,0.03433658786294201,0.7268736552514519,0.7103794706542319,0.7959330467877883,0.0,0.0,0.0,0,0,32.270956999999996,1.948250041581066,32.6380675,29.322904499999996,34.651233,80.40128344983412,10.031183389801,86.55812280820105,67.00031550000001,89.1077483387097,84.87549293216144,11.1895151514446,91.22329905625949,70.43550196553242,95.74587072021255,0.726101322089113,0.030691156045043876,0.716953718593089,0.6955033609605881,0.7756951858453054,0.0,0.0,0.0,0,0,49.9675874,2.1483743402086457,50.467226,47.007752499999995,51.9854155
40g,row,100,source_anchored_shallow,0.5014748052342781,0.045197463085792595,0.5175924031897414,0.4219879849367747,0.5299602256805915,49.78626563615511,7.121943727610927,51.02228429373815,41.825909758869734,57.433005682048815,29.642930125384908,4.370936056314376,29.954065117924525,24.564845371698112,34.90863237603774,0.5117367364132832,0.053868498842828585,0.5295133852963195,0.42024414232031815,0.5586556786260066,67.8636120796232,8.521635257713168,71.2017858555429,58.45771518930643,75.34346669878921,42.09832268777358,4.85070842791386,43.4077011245283,35.43581512264151,47.553187322641506,5.373430828891918,0.7379666546264686,5.547230204477861,4.549608269228222,6.127395324255383,5.269808798853689,0.714887728838223,5.452061244428065,4.4721528010692655,5.987662076902607,30.07125767396633,5.534405515363348,33.80232226387096,23.30176085239516,34.27476821751412,32.83927686355349,5.7585373385473755,36.61030494477843,25.828484631207207,37.48072572444634,0.3536248849688819,0.03246192200593119,0.3505363447811448,0.3048980259119205,0.39337041971234266,0.0,0.0,0.0,0,0,18.0747055,2.1173567057442146,18.359882500000005,15.712231499999998,20.57570449999999,42.8388284313663,7.186380198345734,46.62476240833333,34.487810891801075,50.527412027401134,46.19765847607946,7.566379812495087,49.63168727644746,37.47571583222092,53.836270785235754,0.3477953165684524,0.030961773354795954,0.35303892588201324,0.30298470285612755,0.3844935706209175,0.0,0.0,0.0,0,0,27.802356600000003,1.9169003764061205,27.970698,25.0907035,30.039738999999997
40g,row,100,standard_full_finetune,0.5681361572988995,0.1078496282516197,0.5787813372062631,0.453375269798565,0.6859151916640123,45.75119135428415,6.09242850400153,44.70064334043774,39.885589578737665,54.92108327232735,31.428435530566038,5.910564715852984,28.657638452830188,27.631227896226413,41.84246113396226,0.5807626921053708,0.09560080898345316,0.5590434674613007,0.46334340895541604,0.691381918079468,62.30279702086407,7.574598006741387,62.433320684110754,54.96866692743686,73.82478577224266,43.64703399207547,8.549335978211577,39.21613794339623,38.24139679245283,58.341191667924534,4.936405431055825,0.6377414770723164,4.861257148425749,4.345978676805988,5.902031283757778,4.840816630309772,0.6200832515853439,4.778214060722424,4.2739655112604735,5.781036321955572,31.57687056540078,6.399155322750728,29.0248896779661,27.45568031182795,42.753741692989415,33.46865047128848,6.3941742176412735,30.23581383300273,29.757601151088632,44.662944889995934,0.5271807352414893,0.16422837836524512,0.4811422271244046,0.34382611770397736,0.7911467812891166,0.0,0.0,0.0,0,0,22.44121428,5.011636260994666,20.907929999999997,18.9318055,31.2702239,43.88957454369484,8.680502341635297,40.62111755084746,37.43743493548388,58.67368653214285,46.31317861356639,8.4634548288024,42.41082526538902,40.471302703681914,60.80800458418902,0.4877757487741867,0.17610830860009757,0.4498521459790843,0.29259797431856327,0.7700756746536082,0.0,0.0,0.0,0,0,31.245620600000002,8.446988932426244,28.762388,23.463444999999993,45.708224
40g,row,100,standard_shallow_finetune,0.8197570354395683,0.01625598025670246,0.8192257209155328,0.8033324306488479,0.845773071077371,29.838560539138996,3.493078975017976,28.727239508236202,26.83377230044119,35.15788935879412,17.66580217735849,2.7119418469588905,16.80204941509434,15.318848188679246,21.676177981132074,0.8545757275288463,0.014091926557749738,0.8587432937295765,0.8329204515656289,0.8682607452011507,36.95226770066789,3.5985247285810456,35.91386304372812,32.80209614921075,41.685783701178295,22.280033449056603,3.9036633584680667,21.670086632075474,17.071061735849057,27.905964358490568,3.1325782931416923,0.3483443088210273,3.023402825843476,2.80715210966824,3.6490818094730404,3.042654372217784,0.33131226746729836,2.939840314699052,2.7229113288879274,3.527408240614549,17.846841168665737,3.175144167391854,17.14669604237288,15.22695689489247,22.983943574074075,19.602052449995647,3.1004318330910134,18.187305272488477,17.14392552094768,24.420813960399652,0.20123042145921005,0.04651312909744577,0.18575109576864146,0.15861120718117172,0.2694245369740146,0.0,0.0,0.0,0,0,10.009690999999998,2.7871068700563852,8.914445999999998,7.812914999999997,14.371530999999997,22.559216013672966,3.8882729364695034,20.359996504301076,19.82130516666667,28.891631023809524,24.727779335065,3.8764249591281272,22.93535954685612,21.24816260463558,30.66313513287722,0.16101299736763125,0.04736902286508935,0.15833681266514682,0.10828471325764705,0.2299249161281796,0.0,0.0,0.0,0,0,12.336213799999996,4.292977118001284,10.601854999999997,7.92269499999999,18.722618
40g,row,100,target_head_only,-0.08267113660334044,0.03602187612557392,-0.0748654421807553,-0.13501560889535535,-0.03647505197310741,73.47718167848991,10.733480375853476,76.53762504882945,62.56646816742766,88.09583838353532,46.412262465094344,7.607356825089147,47.638096250000004,37.52607875943397,55.88616600000001,-0.17879412401953498,0.04575379542218882,-0.1901452994157682,-0.232934315193023,-0.12534596674666498,105.72422246758401,14.064757147254854,107.94549290154167,89.53139818069258,123.15538410184446,71.15742105849056,10.28303230387997,72.34563432075471,57.864756981132075,83.64451623584905,8.069101930743612,1.13961985803509,8.349635991286585,6.857924403948585,9.583330080030736,7.95061794503969,1.1138501449054246,8.21390126741958,6.7546662942372215,9.420369234610689,45.6992646432697,7.959836142922136,49.54409645268362,37.04659776680107,52.682939677419355,49.444174634498594,8.8959496121768,53.47204528301356,39.59862737861665,57.60137514903685,0.5664051902041549,0.012845747674639465,0.5668452268657898,0.549265774083654,0.5849672789582316,0.0,0.0,0.0,0,0,25.0278072,2.9251050666266356,24.397343,22.1079765,28.771441,70.48123453472567,11.29531573419877,76.83382979519774,57.376273883064506,79.86682533730158,74.97917592244123,12.442586062467758,81.37930739043655,60.96463546691449,85.53992422271546,0.6048109343780557,0.013071420514464306,0.6076590033098332,0.5824243289016964,0.615591367259998,0.0,0.0,0.0,0,0,42.3922088,4.9805251260943075,40.688498,36.255041999999996,47.601074999999994
8g,compound,30,conditional_EA,0.5198281157003019,0.450907925171544,0.7881317458915517,-0.1415622226913711,0.8656247984183032,11.073337185025338,6.312066015091525,7.429994697666657,5.819926619270691,20.4350434627802,5.8230060892508675,3.2649262418060023,4.3532670859762606,2.810404748425197,10.857393324514469,0.8321860333459222,0.10755774735241168,0.8405899068382305,0.6538258074760273,0.9213541671883564,11.907033018493355,5.284755341905957,11.089995899973525,7.154309215864235,20.537798007841385,6.685901616660533,2.655472610561033,5.587685188936371,5.215106769257475,11.423646181278519,1.1266978531638883,0.6043352234042991,0.8261306460577321,0.6097423433788978,2.0442231490871583,1.0729772707674052,0.5586731459545692,0.8163798147036474,0.5918088264813834,1.9354476957198177,6.353965252881811,3.631326445072426,4.378635940948994,3.273554585645793,11.564012757724868,8.669402463092982,4.941892200568866,5.569387568948914,4.787526965735438,15.486909355870747,0.21778314080266464,0.11010861005723156,0.191419802397,0.1077605158871429,0.3973568211165309,0.0,0.0,0.0,0,0,2.4660541083582785,1.159032551574712,2.2959899237300174,1.3048484628482857,4.330303403265447,7.178705245516932,2.934921731461768,5.971405555027609,5.3510022314779855,12.31439050080029,9.258233463777637,3.9101550281156827,7.59876093649556,6.494223834911492,15.83720523249063,0.16560684274976054,0.04550974117043347,0.1715109033237426,0.11114800626130718,0.22480592442437874,0.0,0.0,0.0,0,0,3.941450180627315,1.1374874503498345,4.116232861027687,2.76936412829199,5.538418867781098
8g,compound,30,conditional_policy,0.5550115522754933,0.4277421148801836,0.7881317458915517,-0.1415622226913711,0.8657124698236465,10.716416334490138,6.04700235393521,7.429994697666657,6.4209391040909285,20.4350434627802,5.548948404317781,3.283419423021797,4.3532670859762606,2.900113580670833,10.857393324514469,0.8391402627103094,0.11135076006265808,0.8597184995808109,0.6538258074760273,0.9331708889315996,11.59168965055149,5.420541388764233,11.089995899973525,6.996266898945483,20.537798007841385,6.289058172123985,2.9522326895501383,5.3950443474115,3.8322312487190002,11.423646181278519,1.0909793886494903,0.5869078897292089,0.8261306460577321,0.6532259383818101,2.0442231490871583,1.0405214468034065,0.5474767128980712,0.8163798147036474,0.625030468503269,1.9354476957198177,5.9778193732945635,3.6209645090504665,4.378635940948994,2.845028455999269,11.564012757724868,8.278974342267727,4.800081900849571,5.569387568948914,4.208042481182118,15.486909355870747,0.2056408466166407,0.11484314822669893,0.191419802397,0.10929636739928998,0.3973568211165309,0.0,0.0,0.0,0,0,2.2490743951450134,1.234004738045968,1.9440143284788673,1.3023512967786068,4.330303403265447,6.736109406611638,3.268654003911744,5.971405555027609,3.7598071771220827,12.31439050080029,8.785594313822955,4.223371644848801,7.59876093649556,5.051390663227453,15.83720523249063,0.15122943567543207,0.057509954605319644,0.13093557174847115,0.09058706701428662,0.22480592442437874,0.0,0.0,0.0,0,0,3.495556635979832,1.3942650764499518,2.9201371468195596,2.1289994833565693,5.538418867781098
8g,compound,30,local_identity_shrinkage,0.5850759284690954,0.37401997389461444,0.8153739191334529,-0.004173662643559561,0.8514036378830305,10.430906242151057,5.557648241532642,6.935888219759984,6.420939147357695,19.16594267389665,5.6161356068734065,2.916517153567428,4.422857354327393,3.169825630653791,10.328578569398159,0.8402923454329748,0.10869722953742261,0.8597185008509898,0.6611549808181106,0.9346735326128333,11.551105683098292,5.3446567253325235,11.191344844606656,6.99626696232439,20.319222564191158,6.404502758061952,2.592686465644076,5.395044325805329,4.8554352880542515,11.019428980018048,1.0681632465165696,0.543764652434674,0.7935353880157645,0.6532259431198951,1.9382593755579793,1.0211423270076037,0.5117236442586651,0.7881786059251517,0.625030473219906,1.8481195356657558,6.080295652161059,3.285133450832189,4.477856058879961,3.488748693538417,11.15237219063396,8.234674751023167,4.299096698411666,5.549167461425221,4.957098725154349,14.536575068343147,0.22590473580799766,0.09610424124253879,0.21364684075268353,0.10929637095487213,0.37679017104444523,0.0,0.0,0.0,0,0,2.5796790776857628,1.2154126744672904,2.4629140916200747,1.3023512627746783,4.543157850886287,6.795797836277974,2.805527057416529,5.891199442808302,4.750090673964141,11.702755144406424,8.883697785901882,3.933526863508229,7.572375859125019,5.862997780332232,15.542500516122232,0.16772876722665003,0.05007114822724938,0.1790809443538024,0.1118996601261788,0.2285806838085063,0.0,0.0,0.0,0,0,3.680500481994631,1.1179219750531593,3.853467711062674,2.5226932976728307,5.136113778353279
8g,compound,30,scale_only,0.7250056819933317,0.2756934615227195,0.8657124698236465,0.24383014909163991,0.8992995381687139,8.461577674834167,4.696762281997779,6.463814385217506,5.376400313225883,16.63165434127279,5.15019609000639,3.8670768682567473,2.9196117186019896,2.872017356241783,11.827168041693307,0.8682934430136582,0.08088306804225517,0.9090342733258108,0.7378981002636653,0.9331708889315996,10.5119441909148,4.393362599873602,9.466019857170469,6.866405004301724,17.870702237686466,5.984239212222802,3.283359776458405,4.935786725273771,3.8322312487190002,11.79844416257082,0.8915089899248629,0.4576440990071864,0.669022228197383,0.5901857087661566,1.6868235873083706,0.8638602725845821,0.43107282294898397,0.6458817732957705,0.5720986512517565,1.6111553676805577,5.340926044908055,4.027527930760697,3.154139141111637,2.845028455999269,12.333441088574528,6.792702554545455,4.217469992276266,4.57674126605362,4.208042481182118,14.166168865428325,0.2520856484626596,0.23621959268695897,0.12491848375374418,0.10923709369330852,0.6605917160154623,0.0,0.0,0.0,0,0,3.085085800081287,2.9483509182954846,1.37271302347213,1.3029381405673357,8.142251761889343,6.271569460929349,3.386392620076175,5.079474795186493,3.7598071771220827,12.231136249335513,8.030522850426852,3.8837689539396463,6.896841291448428,5.051390663227453,14.810242535385376,0.16197216166227751,0.11607461330652888,0.09767974015711577,0.09058706701428662,0.3627471026442762,0.0,0.0,0.0,0,0,3.610089664365668,2.2673502671785997,2.4013111876517605,2.1289994833565693,7.449631490989619
8g,compound,30,source_anchored_full,0.3770873837533323,0.3177574377147534,0.521702826866689,-0.1846789890357019,0.5719276892969295,13.223691877845166,3.0653280175912805,12.005164341045987,10.56122094684727,18.440649342012453,6.980841557972863,1.7958887145916504,6.113706782608694,5.154074736467236,9.66265993829201,0.4619058378243096,0.31873432791463713,0.6090168182277508,-0.08874617257561446,0.6901002742441898,21.223797182683164,7.675504048403984,16.416924660028936,15.117842841679561,32.74853187307166,10.838412149384549,3.584476826052514,8.869548348623852,7.271211943019941,15.143601717630855,1.5140515400760575,0.4168004417159867,1.2945889493287286,1.1914781995916015,2.193909362139412,1.4991902770435388,0.42515740693952087,1.2693925538205728,1.1807445751935695,2.188663803413764,7.802167498824515,2.434104666378775,7.581987827843916,5.0487326194444435,11.449453441269842,10.580954652139626,3.2789059678208043,9.848787411173834,7.602560826032546,15.837848636890966,0.2993790264233174,0.05702424993183744,0.29835439065108504,0.2235640312093628,0.3837758595848596,0.0,0.0,0.0,0,0,3.2854376533333336,0.5983068598987767,3.124214666666666,2.6542600000000007,4.250437333333334,12.295632770626101,4.810733442359327,10.441357737522045,7.182567910493827,18.819635665917104,16.830632015644383,6.627822846460154,13.466208599152193,10.878952307891275,26.25969509686128,0.24890528743127308,0.06536865214676021,0.21361548677546424,0.19971781643671266,0.3585744377165558,0.0,0.0,0.0,0,0,5.079133333333333,1.292140748228475,4.817779333333332,3.946655,7.232167666666665
8g,compound,30,source_anchored_shallow,0.6649888912777835,0.15472778558247016,0.6246180556397831,0.46395633878920994,0.8637234492789615,9.567670758997213,1.9900163211906259,9.7273520542738,7.0605143148234975,12.404405330796163,5.518194946608227,1.3083375272027191,5.506864559710145,3.8410501310541303,6.944394639669421,0.7182645182826987,0.11124037252505063,0.7386072030438569,0.565421045876171,0.8503048805471958,15.233037114674872,3.316276846458598,13.661652652328026,12.361113551231657,20.69011286525945,8.751478878312838,1.7620117730620253,8.030796893274855,6.73083104131054,10.80343977355372,1.0910108691332279,0.21882909088321664,1.028386898468976,0.868510511259686,1.43779625417444,1.0808789064415603,0.2185139200447334,1.001690912344372,0.8680595769529894,1.4306045760100952,6.004690871382716,1.653450849529248,6.31524274920635,3.7668125801234567,8.049226784832452,7.988780115792653,2.1971949267738764,8.319885266367272,5.484373862704302,11.164814062335791,0.2753534232651548,0.06397845554336257,0.2902779675675676,0.17464963265306122,0.3447364420485175,0.0,0.0,0.0,0,0,3.1309699666666666,0.856693774907934,3.2238806666666666,1.7959023333333333,4.180564666666667,9.474126771097882,2.2836140130260483,8.688992473544973,6.642510821164021,12.654156310229276,12.418001953115915,3.09031689622128,11.185920295103607,9.341273260469885,17.458513733852236,0.237562752840733,0.05031108533256364,0.23140477400656834,0.16548871690427702,0.30288290575415794,0.0,0.0,0.0,0,0,5.4501657,1.193669314705841,5.373894166666667,3.9046196666666653,7.208807
8g,compound,30,standard_full_finetune,0.33897244291045664,0.12376513168816128,0.3289570422408813,0.16495561490997723,0.49101320088042477,13.834992758671333,0.9006711829428876,14.22847196026152,12.343866743316198,14.508172965057767,8.226800652707748,0.4677529311215237,8.373588021345029,7.5554643136752135,8.794287495316803,0.45849075641593656,0.09014841358731453,0.4901392925765453,0.3106453965858166,0.5475310663054389,21.383384788737338,1.498951986494051,20.7716756110492,20.073917182593068,23.480152719554777,12.419034041883148,0.8866640762180843,12.604613885674931,10.888139695726494,13.034449056521739,1.5587325149937459,0.07931560753002921,1.5861927211563893,1.4194724512564385,1.6130506687064825,1.5429434609951818,0.0772981876015489,1.5628978019455988,1.4109146684404656,1.5998604901641738,8.982157570885361,0.9769464977075962,9.389851545595238,7.4452717447266314,9.889158105105817,11.297667440686407,1.5040905357939922,11.299727897085367,9.552623382150445,13.200032163985618,0.43845057902544937,0.01625845126670535,0.43934411801896733,0.4222046975088968,0.46384936241610736,0.0,0.0,0.0,0,0,4.79828949,0.26388291865016744,4.856388316666667,4.397397266666667,5.126037666666666,13.431255046049383,1.5438376177888515,13.725956073853617,10.834313525837741,14.790269123963846,17.07770176848478,2.064070723942402,17.68610481368505,14.063263421128397,19.302373247261006,0.3674351411673434,0.032384709021811446,0.37043458646616545,0.33460246228123114,0.41079314095449504,0.0,0.0,0.0,0,0,7.5847783333333325,1.004000920531035,7.954616999999999,6.282751999999999,8.704897999999998
8g,compound,30,standard_shallow_finetune,0.7604711199762978,0.08904619216998538,0.7723905708855792,0.6179613424103219,0.8648706849911152,8.209033881296936,1.1289930466096991,8.082970454111514,7.03073225123684,9.977212338125012,4.403445463150907,1.0746111606358808,4.198115876023391,3.4909205652421655,6.21515864556575,0.8303080246925928,0.10415632982491428,0.8609786558948899,0.6534316693271649,0.9095114660030343,11.628946945891967,3.0995378922139927,11.702246880513401,7.272899128634829,15.962698067959431,6.277697821733136,2.4079765304299756,5.667559321937323,4.125895526086957,10.39910541590214,0.8993862664357106,0.15197296672493382,0.8894162019128969,0.7449826795503154,1.1377939163124577,0.8825754405065538,0.16084500131270227,0.8768558676303109,0.7019429874046648,1.1295595601870903,4.749295247325397,1.1030126996670924,4.625441288932979,3.3974625050970015,6.437967379369487,6.575477302733239,1.1748835732626146,6.230596332571401,5.1389230490935365,8.251711555776396,0.1934109170037062,0.06449001877862831,0.17777532163742682,0.12711074918566775,0.2986144291129644,0.0,0.0,0.0,0,0,2.327318773333333,0.797497997923094,2.0781063333333334,1.5563233333333333,3.6120780333333338,6.690129879497354,2.363340420240782,6.120792732275132,4.5650293106261035,10.709047317063492,8.905871286846693,2.497550333876872,8.823546177794189,6.173036186535906,12.919840924997969,0.1630303783116988,0.08144043136931427,0.14276919148936176,0.10366176234979964,0.30181265532402984,0.0,0.0,0.0,0,0,3.652464666666667,1.8757649581708442,2.877886333333329,2.447882333333334,6.915757666666668
8g,compound,30,target_head_only,0.8127862360716674,0.09401615529977023,0.8452689121603421,0.6711592411449301,0.9186472584175145,7.162636735173142,1.625996865031156,6.938407822555321,5.45521495665519,9.715578998806043,3.6992097387285505,1.1342366293211843,3.3118022817391313,2.9577318149122807,5.710933240220386,0.8305748928057397,0.06374356348069321,0.8367513060426262,0.7276601184562965,0.8922173008010759,11.89163737730868,2.6042186131142078,11.389995107907563,9.768674656570276,16.378877571973412,5.976662184124495,1.7785744979053162,5.172602248538013,4.8706475213675215,9.12067788292011,0.8310952663782633,0.1714788305017055,0.7741939824241737,0.7026506987563558,1.1309832376719198,0.8243468177053412,0.17112925339142113,0.7656155353668566,0.7025757920383287,1.125901456256679,4.0166242556349205,1.4158535026154595,3.3649629182539686,3.181876580467372,6.510137295149912,5.754472022994155,1.6996020497942603,4.917854256191003,4.631768728304152,8.669608832587063,0.15081852670530188,0.05860203398625464,0.12461649227432904,0.09831156878321903,0.24792275167785233,0.0,0.0,0.0,0,0,1.7303108466666663,0.5950209789249831,1.523201666666667,1.2828920000000004,2.7426053999999995,6.611854931322751,2.2691868186364865,5.8527247402557325,4.789950772663138,10.578155133509698,9.048615275523385,2.8551078251689743,8.203178226755817,6.577546120769181,13.961069418053931,0.14167501820608014,0.05549820927425017,0.12281720319999999,0.10188761180250865,0.23954807991120977,0.0,0.0,0.0,0,0,3.2099188000000005,1.3858747739646562,2.7023433333333333,2.3471326666666688,5.675250333333333
8g,compound,50,conditional_EA,0.8422065416640653,0.06985207917903014,0.8468219499109557,0.7395382310072725,0.9103706384354179,6.741273812073496,1.9392468793081465,6.903499567501393,4.993064206511847,9.761077579028802,3.6838020989446276,1.3302416570401707,3.1958363079024985,2.644593164523672,5.905433022504215,0.9057344298408146,0.04707352725959916,0.9280845099193575,0.8241687049973471,0.9390112872920633,8.800963797376719,2.109121539973877,7.862362343864972,6.38454452132906,11.369986504973644,5.118389274535656,1.3324883090302082,4.356849597972331,4.208433847635821,7.306216999092355,0.7202619945698714,0.18757050370968956,0.7094923987529628,0.5287946415411091,0.9930579157705599,0.7014855351187116,0.17680505008655714,0.682587787783912,0.5154000009650211,0.9502089920519502,3.8295214237404815,1.3282709213575024,3.153014928307551,2.898787614789842,6.098941532727728,5.124686317433476,1.3629571563643583,4.5766183095005735,4.140502483734189,7.471270879322322,0.15468376928639785,0.07629014819981984,0.1312047385091495,0.1002259929896185,0.2852314318926821,0.0,0.0,0.0,0,0,1.8947617532805379,0.8977582795952653,1.656453192520754,1.1682540860105988,3.3438102958610187,5.374824513593724,1.5035998074386092,4.51553961198152,4.312483004035918,7.822365233138003,6.899932383695473,1.6589274507408345,6.472048196523765,5.476607055995011,9.444517990003655,0.1440100784999357,0.05451128087190525,0.12722360433397975,0.10104596944512993,0.23887260192807863,0.0,0.0,0.0,0,0,3.136062903744632,1.1678694479863407,2.8120789437277054,2.302633562134819,5.186456218566553
8g,compound,50,conditional_policy,0.845648733466833,0.0667053307196494,0.8525485086601824,0.7395382310072725,0.9066116099953951,6.682799931454065,1.887851425843848,6.600288021554554,5.101880988399393,9.761077579028802,3.8013858715144364,1.2354384191964614,3.1924858318046483,2.9780299793826743,5.905433022504215,0.9011504424174896,0.04433229477270664,0.9157715154128993,0.8238625597872422,0.9335021614810896,9.065682409444824,2.0246525600930734,8.567981296290402,6.234685522164622,11.379880514638508,4.956813939509748,1.466951908172267,4.136564397487426,3.8324166358458833,7.306216999092355,0.72284798435574,0.17830914483155072,0.713797552263709,0.5336772851525344,0.9930579157705599,0.7060081902191508,0.16734935779275992,0.6944282637015884,0.5176441114188483,0.9502089920519502,3.8954016124586017,1.2946782384518922,3.3013755196855534,2.918589068602764,6.098941532727728,5.123994076684644,1.3544143592199518,4.461617117140986,4.267494489758043,7.471270879322322,0.16903030040602013,0.06874705267464207,0.13792214895856922,0.11339100898886738,0.2852314318926821,0.0,0.0,0.0,0,0,2.1298694784725862,0.7555091940915336,1.9407077105232418,1.4599260152080777,3.3438102958610187,5.241990009769738,1.6185196474851722,4.453564762876749,4.027414524960182,7.822365233138003,6.883108359875896,1.7057822704993395,6.611687829046158,5.219129389704676,9.444517990003655,0.1343434855858482,0.05970499865036926,0.11808391811367137,0.09459093763349515,0.23887260192807863,0.0,0.0,0.0,0,0,2.884876266222921,1.2927754345314633,2.2890645310461863,2.211398350025803,5.186456218566553
8g,compound,50,local_identity_shrinkage,0.8712774958026188,0.030069881641043815,0.8693580735833921,0.8328083224740921,0.9065462355813777,6.121583349665876,0.8804507980192793,6.600288021554554,5.150274183158334,6.913007999514785,3.501825629434271,0.8471026065762756,3.071964926820747,2.7954626193807606,4.800029960623379,0.9079665458366805,0.04922100455606069,0.9302198249455043,0.8238625597872422,0.941963617325398,8.670588984995238,2.2561700201990664,7.758011137301911,6.386704391934348,11.379880514638508,4.877217356899196,1.1016972032019299,4.2268355321491375,3.930059456304246,6.528425009426957,0.6710554153377036,0.11051766341798942,0.6819499271519097,0.5408499321395914,0.7804164277180755,0.6581085495055272,0.11391909814102448,0.6489401188233186,0.5254428596724197,0.7734763200911698,3.6141201268552137,0.8674927357716664,3.1103642833778835,2.9684918960541276,4.974055683986617,4.820985559313982,0.7170307521693464,4.421498925822789,4.227902762090555,5.954146041510814,0.1559725862405463,0.06444133927572152,0.124312029085524,0.10557341699624274,0.2604607509161965,0.0,0.0,0.0,0,0,2.0235989819505162,0.9173555454268233,1.5419238648952813,1.3098841078134633,3.508152790429616,5.097238411311929,1.2410497937598413,4.532773027107261,3.847270070347429,6.891435125574308,6.702718272086964,1.6039925081062232,6.5192699834785754,4.984698811776114,8.9486078933002,0.13176894906430453,0.030567122128431184,0.11865543476184048,0.10489145853426646,0.1832564455050068,0.0,0.0,0.0,0,0,2.7237546157697268,0.521332583672728,2.5624660923981093,2.2890645310461863,3.5886393168521273
8g,compound,50,scale_only,0.8354946784636226,0.07399780288023995,0.8525485086601824,0.7321394666376734,0.9066116099953951,6.871690951526834,1.9660753718603006,6.773226802921067,5.101880988399393,9.898744990182136,4.084482387894296,1.5834557614604032,3.1924858318046483,2.9780299793826743,6.658399153118478,0.9051506691020771,0.037618911972704026,0.9157715154128993,0.8396346255525555,0.9335021614810896,8.912384636059794,1.8321967538586985,8.567981296290402,6.234685522164622,10.85843318121842,4.624360665386675,0.93387415461672,4.136564397487426,3.8324166358458833,6.061447005637124,0.732639451408315,0.18460702708431595,0.713797552263709,0.5336772851525344,0.9989948182895736,0.7132264229317412,0.17190131723613783,0.6944282637015884,0.5176441114188483,0.9513235069008128,4.17534545696155,1.6429858233537262,3.3013755196855534,2.918589068602764,6.864350206860859,5.371843859498339,1.6219272913803264,4.461617117140986,4.267494489758043,8.056289582609786,0.19321230393305994,0.10542101822294782,0.13792214895856922,0.11339100898886738,0.3693924143451057,0.0,0.0,0.0,0,0,2.4587520094607895,1.2850971247883816,1.9407077105232418,1.4599260152080777,4.58450502942633,4.884408719084133,1.0351360640614495,4.453564762876749,4.027414524960182,6.433506902263907,6.582901516055699,1.3042341479508468,6.611687829046158,5.219129389704676,8.50952632648044,0.11422878460459432,0.02337332206031793,0.10512071120519,0.09459093763349515,0.15126230393029058,0.0,0.0,0.0,0,0,2.501368801496445,0.46675383407005355,2.253828894881927,2.211398350025803,3.3041545310984333
8g,compound,50,source_anchored_full,0.5317080483489761,0.10036852733664331,0.5161001340214444,0.40087710595881687,0.6516535899652797,11.692190763196045,1.6843665044325804,11.22879907696478,9.927966992222673,13.779606059026316,6.667896479102336,1.8578611832294274,7.799848705504589,4.4093087005698,8.15457668705234,0.6335604782993791,0.14078630274031423,0.665158284732504,0.3951542648753601,0.7444176908545131,17.698873557942516,4.714306745226249,16.408239161652904,12.222954154828074,24.40904712858126,9.821776373104331,2.606597105399232,10.819209141812866,6.912340737971015,13.124151465564736,1.3091611118805182,0.23894518819418475,1.2394399350853678,1.0405588798271954,1.5929655497270374,1.2923799742581867,0.24636892246071218,1.2228352964406817,1.0101239035430392,1.5912925804268792,7.357062316084656,2.2005957174704154,8.038261090723106,4.350967306834216,9.523648379422397,9.554064985164924,2.349020015540918,9.789006737228792,6.414072585090462,11.772368410546601,0.3165131786796716,0.11792387898978014,0.372531706779627,0.13717767741935485,0.42125620137299774,0.0,0.0,0.0,0,0,3.5155363699999995,1.3161709499321712,4.13863785,1.646053333333331,4.855792000000001,10.887697391574074,3.5109044702105514,11.014523766534388,7.4113336078483245,15.988206844841269,14.36074238981574,4.275173300198559,13.412782242433543,10.254985842820165,20.17550455499949,0.2545153897840756,0.06749296724917984,0.252036317696415,0.1821159024390245,0.3246812476129854,0.0,0.0,0.0,0,0,5.711666066666666,1.9659743199142639,5.606852000000001,3.6778499999999994,8.137939999999999
8g,compound,50,source_anchored_shallow,0.7120628498568593,0.06441837770469172,0.6856367565410402,0.643775973643141,0.7920837862321329,9.102937761633475,0.6957063761783668,9.109399091447983,8.160196274569895,9.889786452099518,5.005148973303432,0.8414770472995893,4.7009219400000015,4.268952052421652,6.345617834556574,0.7294173418802762,0.0323045657853994,0.7289680729869312,0.6851321477887525,0.776353335356497,15.191126797602966,1.5821512195499428,15.336302749367416,12.556944773865318,16.50774483033455,8.276050453293317,1.1774672096261618,7.552153540869566,7.229721944444445,9.854040039755347,1.0576362521115958,0.0516833412440779,1.0675524020696718,0.9865503796999765,1.1147463485336409,1.0500860316517915,0.05398412443859244,1.066803526238886,0.9685696036616127,1.1045302971336424,5.4512548706966495,0.8771515569484619,5.539917355357144,4.190976081525573,6.5677037269620815,7.318356504477369,0.7738389835015655,7.51161382152932,6.123521947145638,8.200753196371517,0.23534312852662015,0.061995748111789456,0.2207305154639175,0.1779742019543974,0.3303987521663778,0.0,0.0,0.0,0,0,2.743027046666667,0.8293855155514903,2.4841808333333333,1.7895254000000005,4.005753666666667,9.067663440317459,1.2381074441309388,9.08795818946208,7.200612693386243,10.188167813624338,11.997889834232714,1.3451886926514585,12.264777781934026,10.162720102636396,13.635134192553348,0.21037833456110286,0.06408428937731696,0.21115624516841539,0.14668966157929658,0.2946388541323676,0.0,0.0,0.0,0,0,4.689191466666667,1.4778316539956367,4.827292333333336,3.180419999999998,6.638407666666668
8g,compound,50,standard_full_finetune,0.4523555870299079,0.1320762024257479,0.47982145089089434,0.28925760625700037,0.5786913775368177,12.54208043043438,0.926577301499023,12.721761607138987,10.997045964637262,13.384866835669404,7.015804849181761,1.4058974193153828,7.071557086956521,5.534869346153846,9.17206219847095,0.4919718131479671,0.10740716389799132,0.48888548986226665,0.3212832854576235,0.6033905575106191,20.647349779026577,1.5209099307612342,19.91842800987894,19.42476375013269,23.167489249240337,11.160395221673292,1.8200639471995546,11.043877559064327,8.40084362672176,13.211374274006117,1.447675693326167,0.07780084464342127,1.4673976852019086,1.3151742975964833,1.5163650114656024,1.4380106970395103,0.07584450132852093,1.4591506010628956,1.3125477803066596,1.5145823898486954,7.765655787193121,1.5989544100668103,8.262826025758377,5.325953400220459,9.548255091754848,9.956624342971867,1.4358909573961274,10.09676238801044,7.726427090759483,11.338217613909615,0.3356764814379739,0.12262881561746553,0.33058286199369386,0.20180432525951553,0.5190977317452097,0.0,0.0,0.0,0,0,3.85740366,1.5574390168544052,3.9783810000000006,1.944048333333333,6.149333166666666,12.389033122896825,1.6700490749607937,12.940769696428571,10.403684069664903,14.017081392085537,15.855248776889871,1.6424217647478727,16.2333165379021,13.527915658283458,18.013230068378558,0.2929511802800053,0.11303269066512163,0.2704566815003179,0.1450198087141338,0.42699620421753615,0.0,0.0,0.0,0,0,6.2000551999999995,2.337480537886412,5.6799653333333335,3.247809000000002,9.256343
8g,compound,50,standard_shallow_finetune,0.7820917620238816,0.09448613200512337,0.7937488871134547,0.6848171683652244,0.9075671672646264,7.7876671316730155,1.6324718313452513,8.686081937621642,5.150969732874983,8.94421779593484,4.130636490472086,1.1041235834873868,4.199380386086958,2.878831861432507,5.444660397553516,0.826851345548884,0.062268593058775634,0.824228040661396,0.7335820726209499,0.9067967804809943,11.976211980810529,2.2810292134565398,11.476868905096751,9.581730946891922,14.690350517632776,6.208293409692127,1.8043697430429702,5.4103811434782605,4.354160625344353,8.458530524464832,0.8776511393152342,0.16132004565663446,0.9157278211867077,0.6255219813253726,1.0124593200424794,0.8666382012364459,0.15788774046828793,0.8808464391745796,0.6248564059625855,1.008059861946939,4.482150270964726,1.2778642038933283,4.984751935780424,3.0905434577160498,5.679115717610229,6.2286694370817495,1.4821589451525876,7.078548663538832,4.57636238202771,7.477915283663107,0.17899931087222526,0.06076447812667042,0.17362171990171985,0.12244697435897442,0.26559524647887334,0.0,0.0,0.0,0,0,2.051216486666667,0.7065583311626358,1.753572666666667,1.380767333333333,3.0471399333333338,6.760999677416225,1.9003000212626462,6.320041876675486,4.892508355555555,8.802441512169311,9.122281369726144,2.130483214044364,8.688813107267546,6.949810601694294,11.798325423344,0.15602878091145853,0.05813125531447198,0.14311304731861205,0.08753056234718823,0.23180827272727272,0.0,0.0,0.0,0,0,3.503999633333335,1.4064178638878524,2.756228,2.137225000000001,5.2741473333333335
8g,compound,50,target_head_only,0.8685023336952812,0.027377629984842212,0.8667802410173059,0.8335593201803808,0.9050224942468166,6.168742209316443,0.5953992902111384,5.894353141055253,5.784933275755865,7.196159389538037,3.134944659319914,0.23927219139868283,3.2034922484848485,2.7384699171014493,3.326911396011396,0.8711703754527551,0.01755143307426123,0.8730492827764852,0.8472682190274874,0.8960141390965278,10.543598496312665,1.688964531644764,10.75205882873278,7.796468595824462,12.389935291437276,4.947310066561677,0.6784226527478976,4.977409849002849,3.9404576724637685,5.812442891812866,0.724378488601073,0.0659433800104176,0.7239795269192238,0.6229075243307169,0.8004188014307275,0.7193539827531896,0.06833626670177743,0.7213064756426009,0.610189636485277,0.7910316319788636,3.3069869624779544,0.20595151209755305,3.3770678628747794,2.9875663667107584,3.4834495224426814,4.857398074145966,0.33491817423251213,4.695255563064969,4.4836590224795865,5.271630610704895,0.12446833827180903,0.020414529048138307,0.12045524038461536,0.09928498649389833,0.15552860251046022,0.0,0.0,0.0,0,0,1.5017480333333322,0.15437196371123038,1.5045906666666653,1.2666154999999968,1.6815613333333328,5.429735454232804,0.8710121132888141,5.168664009567902,4.450075120546737,6.582381406261023,7.5866205854090705,1.4330402771543371,6.72088230848647,6.325982661276072,9.553953446005838,0.10774728460930116,0.016275912115647263,0.10985982465188236,0.08998694294635248,0.12400536330790841,0.0,0.0,0.0,0,0,2.441431233333333,0.41276776852385366,2.677914666666666,1.9394086666666652,2.8297880000000006
8g,compound,70,conditional_EA,0.8282157891275244,0.09360384863917577,0.8503099493996206,0.6781385686836887,0.9103573494820317,6.993047798532755,2.357586660503313,6.824447563892276,5.072630295325125,10.85076207184666,3.6474747437531847,1.3158878181944687,3.1084111713690237,2.642085521116038,5.862837476763272,0.9025280638305547,0.050705074762798494,0.9333649043787938,0.8207808959438876,0.9390814075041121,8.96259206561525,2.527449378974967,7.746462892530512,6.241116661546636,11.832403565312628,4.9238495679251155,1.2517371859275261,4.273143272762549,3.982270078610025,6.88673607219184,0.7432725210845499,0.23036036153070472,0.6959000891874999,0.5330062254902432,1.104082944659084,0.7224885789338816,0.21786807222367546,0.666736392967382,0.5171707943321946,1.0565328018794464,3.811312972699574,1.3399698617211182,3.1064191200841846,2.907000757181023,6.113398716474269,5.201034245542736,1.5339661729741092,4.470045527210054,4.206224963694251,7.873064323475112,0.13712193838408396,0.046159843273327616,0.13191156760162628,0.10220291730199968,0.2149981838921421,0.0,0.0,0.0,0,0,1.6878918694003517,0.5997804443112874,1.5945383456099513,1.1253697794480022,2.663764288557709,5.177403666851876,1.4231513169088685,4.587013573006112,3.9348359936403607,7.363331914800164,6.813003369514361,1.8232157870488293,6.532758402720995,5.134908574231398,9.534651779258581,0.12054688898895538,0.02224052025743982,0.11935070612289946,0.10028569742640753,0.1568262439593479,0.0,0.0,0.0,0,0,2.620094187650871,0.45626497280729267,2.543855938927571,2.143184731420069,3.377581258537125
8g,compound,70,conditional_policy,0.8241208022717617,0.09281847858654345,0.8503099493996206,0.6781385686836887,0.9053747837794816,7.080817605187612,2.3182147964426183,6.824447563892276,5.169427212747995,10.85076207184666,3.9370839379717806,1.2459249329232802,3.260414964309245,2.930688184605096,5.862837476763272,0.9038366919505079,0.0419441132366175,0.9274886764158656,0.8383322534819985,0.9343165110735713,8.98279106929326,2.3405670724135144,8.451453977616643,6.213683248006338,11.832403565312628,4.731755190642308,1.3255278793199001,3.9997180546648985,3.667092336926699,6.88673607219184,0.7502258465372714,0.2239494567180219,0.6959000891874999,0.5384168489466828,1.104082944659084,0.7286861849259545,0.21123068473220735,0.666736392967382,0.5212770272421514,1.0565328018794464,4.040509233781828,1.3133301176429553,3.357623666332473,3.0600391562262796,6.113398716474269,5.367303530958507,1.5090439008182135,4.494822188651415,4.294715833124354,7.873064323475112,0.16461170493610866,0.04454803381548636,0.14246924692812038,0.12120497290682307,0.2149981838921421,0.0,0.0,0.0,0,0,2.0877931351962746,0.604151272997108,2.073564322602114,1.3893188821883093,2.71777983702329,5.020486798732129,1.4576045161600164,4.409022461829845,3.9075235397605934,7.363331914800164,6.6860249065033965,1.8111337572202124,6.55512117983647,5.127384764136703,9.534651779258581,0.11852892777262783,0.022998128436034927,0.11022439490911543,0.09904722152341168,0.1568262439593479,0.0,0.0,0.0,0,0,2.5322280701204605,0.483309983079136,2.3375079805646095,2.1870233584865346,3.377581258537125
8g,compound,70,local_identity_shrinkage,0.8312413374499595,0.09243416740083864,0.8545159106732105,0.674800024311344,0.9066110242939664,6.9454088946946015,2.3339940165303226,6.654359952070831,5.17754250121647,10.90689227612691,3.71755420733451,1.3985488028813893,3.02562559967743,2.7948614028308407,6.145306816979467,0.9046123370855976,0.05298521907659731,0.9330045665510109,0.8179504204948114,0.9434767683432155,8.829270935568932,2.5679128002215883,7.754277558320936,6.257968729324884,11.59445667493345,4.841228544479805,1.1735252649576524,4.2781910535401355,3.8253793092265003,6.580237234963412,0.7376299074720576,0.22494093024446077,0.6771307830895007,0.5464419478205033,1.1036529765786036,0.7153192174597436,0.2118602287499529,0.6437021141649797,0.5284245396573168,1.0526940646870755,3.861378806356691,1.48899179742218,3.123314232302574,2.9752817155041575,6.461747051129432,5.223287845819174,1.6293436984655645,4.4056381813138135,4.298884329561141,8.102181488101605,0.14365292462882312,0.05759811511001347,0.12064519683482895,0.10394924719103901,0.24310975185839573,0.0,0.0,0.0,0,0,1.8543729368339548,0.6961734031755412,1.523609067638147,1.3470470678506636,3.062454547608578,5.066230984122643,1.3199913602976077,4.599663212696504,3.743928562820436,6.95857894205087,6.736608747645457,1.781953727553406,6.566634721427625,4.89158940353286,9.252457042110427,0.11948429348646261,0.014860810793255802,0.1134976722170189,0.10587543703130568,0.14313701636356913,0.0,0.0,0.0,0,0,2.529671042511853,0.32928445450897914,2.41322184909108,2.2824635384117755,3.08167657987443
8g,compound,70,scale_only,0.8264847964814981,0.08991936578878859,0.8540282818239527,0.6862402073080385,0.9053747837794816,7.036272190371491,2.2649624340573613,6.739154198448104,5.169427212747995,10.713328363210227,4.190535552152059,1.8396180886843907,3.260414964309245,2.930688184605096,7.269698413732053,0.9012289141394583,0.038475054574032955,0.9131232518044217,0.8383322534819985,0.9339494185286954,9.122796852900985,2.0928424464874897,8.64158907792445,6.213683248006338,11.404821752467596,4.769560817870862,1.2932515004542375,4.186730893136082,3.667092336926699,6.871303393808555,0.749965166916051,0.21529481034365486,0.7142850888503992,0.5384168489466828,1.0843945468900826,0.7302139357672104,0.20106838126341836,0.6963942785223404,0.5212770272421514,1.0345136705307671,4.285740998028605,1.9049761803404106,3.357623666332473,2.909888307845434,7.489708386089,5.512210110638625,1.9117292387070002,4.494822188651415,4.294715833124354,8.76735575418627,0.19921012144775374,0.12292236293433471,0.14246924692812038,0.11376029949334979,0.40827905497444617,0.0,0.0,0.0,0,0,2.5197477595989546,1.4821934149032532,2.073564322602114,1.3893188821883093,4.986842947805262,5.031792558973581,1.3721157823537504,4.409022461829845,3.9075235397605934,7.232602189480397,6.759149850237108,1.6551849657990019,6.55512117983647,5.127384764136703,9.388700619027057,0.12354398816711809,0.03654095250741013,0.11022439490911543,0.09904722152341168,0.18678759088976493,0.0,0.0,0.0,0,0,2.5463882070507387,0.6340438082971005,2.2900524609786217,2.1870233584865346,3.6761733492871365
8g,compound,70,source_anchored_full,0.46493880148630395,0.08523818109754332,0.44186378875229504,0.383441390262377,0.5942754884540298,12.51606682009055,1.4572639270843466,13.087462864340417,10.281848087660677,13.850269273766449,6.977731736622363,1.06907547342966,6.8558469324159015,5.346676647293447,8.066946220760235,0.5559775338547766,0.061484170816820366,0.5774694507224536,0.48795498555519545,0.6195331397799487,19.44732506800372,2.12401684317464,20.401287293683467,17.116096449554078,21.53103720906136,10.701581975523023,1.5225474121602005,11.083565894782607,8.035254743589743,11.812685513157893,1.4121167278916034,0.15714266173459546,1.4780119564193424,1.1908337088934224,1.547993902744977,1.3990377131468712,0.1551709072588253,1.4649648209879396,1.184762240372574,1.5313526486233082,7.590656057244269,1.4918202736923765,7.82485530112434,5.25767117808642,9.029978471604936,9.953761033343117,1.6772492551044142,10.172658335593733,7.7342655815076,11.542683360807501,0.3478084879494615,0.053610914485369775,0.3643053737858215,0.2552635228426396,0.3902513372781065,0.0,0.0,0.0,0,0,3.8547452333333316,0.8648201004662194,3.949352733333331,2.584401999999999,4.913538333333332,11.686442885176367,2.1824896862262633,12.398784017416226,7.886221203527337,13.341146789550265,15.372784398015359,2.3993846896147213,15.477428630084397,11.967826315223801,17.91994507538447,0.29070410730414353,0.0686398085970557,0.2830099190201729,0.18917644894204233,0.3706360316066725,0.0,0.0,0.0,0,0,6.198921933333334,1.8020505747478555,6.240426000000002,3.427246666666667,8.374773
8g,compound,70,source_anchored_shallow,0.7702388341977136,0.08004249276947782,0.8091174651855514,0.6601228293153483,0.8482178576303105,8.121684052941422,1.5250353278811855,8.356200814695882,6.6006424152145,10.283288749368962,4.398434367843733,0.9876889394535953,4.533618541595441,3.3623592842975207,5.757712966666667,0.7669654066325065,0.0552882051777371,0.7879261632614308,0.7042584439088673,0.8177855565557737,14.085022881968161,2.3138751817074796,14.56962110236098,10.439118892018367,16.074966665971242,7.617227537067595,1.4251512206998116,7.641502753561253,6.015320860881542,9.675129264525994,0.9579167608279855,0.1606580165191331,1.0068155822167397,0.7575787849432863,1.1590344876188234,0.9534198004369596,0.1591119418011095,1.0022317655669553,0.7507594123386522,1.1484007851978013,4.729663586916226,0.8675048322050394,4.469945106261023,3.9104075548941797,5.9142689104717805,6.494581037807043,0.9068591809401543,6.4298211245104095,5.587125810073831,7.44854932949995,0.20800524350967048,0.06292241411231678,0.20729832214765098,0.12915633908477123,0.30019355339805825,0.0,0.0,0.0,0,0,2.473217833333333,0.9221395370730083,2.3535173333333326,1.5238103333333317,3.9510553333333327,8.244608560762787,1.2339052897527887,7.613341458377426,7.225079207319224,9.953910244510581,11.00551117411375,1.391691355923097,10.597263496833884,9.457625932964918,12.944254545724862,0.20724267625903092,0.047830433153546924,0.19945791476407915,0.1651308810949529,0.28815330138144923,0.0,0.0,0.0,0,0,4.411042466666667,1.3534830338232229,4.034249666666668,3.2385420000000025,6.7507793333333375
8g,compound,70,standard_full_finetune,0.5203398679075946,0.06715473471559548,0.5103123719986982,0.4480158791918297,0.6281262326099863,11.887204890760135,1.641333697773102,12.122458497450184,9.84358581368036,14.209835937337546,6.7443248530859226,0.7696369463305137,6.710243287052342,5.939671466096867,7.809452899707603,0.5619730145904956,0.09684715837308432,0.5311966897514253,0.43602450972750506,0.6805632188747912,19.31334033446268,3.1280749219882424,21.076421373153476,15.325135473269794,22.01769989029691,10.695590301827256,0.9585555439859248,10.413615990214067,9.740549626721762,11.989254985754982,1.3647405233142529,0.19208741591426148,1.4441097513079104,1.111150386120159,1.5765207796296485,1.3549664833180917,0.1917902271616403,1.440804796281237,1.1012513411290357,1.5571820011786515,7.321426040503527,1.0061950217699458,7.499718961728394,5.701580207751324,8.262403997200176,9.407553462979013,1.3713971867198131,9.327321314723683,7.593338009612361,10.938172978884644,0.29663627013729893,0.08788344099067957,0.2860878022471911,0.1900012836079792,0.43101629068577285,0.0,0.0,0.0,0,0,3.435245376666667,0.9805606986254052,3.19799785,2.379677066666668,5.037994666666666,11.698258027292768,0.7288951790524727,11.457659509126984,10.912567610582009,12.594013511992946,14.953728278765018,1.7463117432820068,14.620691829675549,12.591297120101293,17.041171016375166,0.27113061882674916,0.06791373011979143,0.24799833992094858,0.19321866108786614,0.37307452303698907,0.0,0.0,0.0,0,0,5.523736613333334,1.4303339444086869,5.322496333333337,3.512303666666668,7.4477224
8g,compound,70,standard_shallow_finetune,0.8133839203439794,0.06551559275571259,0.8328017693643758,0.7281778217700449,0.8920267602643762,7.267786562540847,1.0509124401023875,7.472418792796386,5.56716294518541,8.415850346235032,3.7915935642000633,0.8664927973678326,3.5480458379710145,3.0817905994490356,5.179792540672783,0.8534188750542336,0.04911608727116602,0.8698997090311956,0.7725988003697959,0.899047629646514,11.078082240883633,1.8993068442337082,11.5198736940463,8.377566884521645,12.93028917407785,5.476550032002275,1.3584726917059629,5.076913232193732,4.262869949275363,7.638157744648317,0.8165338531681122,0.10459674538293537,0.8219799326871029,0.6648064801862474,0.9454150573532568,0.8057164449459956,0.10534424776571188,0.8159496438613387,0.6634068311143944,0.9361722874819018,4.095958466853615,0.9201389987678522,4.151456712949735,3.02316295978836,5.388350561750441,5.847593139394229,1.0089356321881182,6.117046134661132,4.610053677853331,6.965772346205299,0.16666701835651737,0.05590997957061938,0.1504409782608696,0.1254721137206427,0.2624563649529326,0.0,0.0,0.0,0,0,2.0284740433333326,0.6518183706212569,1.9800473666666658,1.4701269999999997,3.119691333333332,5.96438348723545,1.3284281903710624,5.344694719223986,4.9032152238315705,7.9648120510582014,8.214159188327372,1.3954624034906598,7.627138105972476,6.992419584890219,9.774361101798963,0.1367104640578001,0.044648526819899316,0.125462,0.10441709205020917,0.21319033093525178,0.0,0.0,0.0,0,0,3.087573600000001,1.0387973310404417,3.0736000000000026,2.2218056666666666,4.780067333333335
8g,compound,70,target_head_only,0.869555491839962,0.029043017733866944,0.8793776050608857,0.8318235252638055,0.8980423011930161,6.159115938630159,0.7842514194496909,6.282730906764561,5.069533028975236,7.233586112960659,3.191428066206917,0.2750013683689204,3.3044882353276357,2.707893788985507,3.376550078593272,0.8724223963126153,0.03554692690688625,0.8614660995827639,0.8456154270898641,0.9347481585504934,10.506530031208353,2.5972527871893094,10.81279709186357,6.175998390726424,12.992255877272495,5.065413186885321,1.0434228116125315,5.012020655270655,3.5638186985507248,6.381693163742689,0.723364406855649,0.11283589788580155,0.7434184092295373,0.5298610953137076,0.8047069371283223,0.7175902756905499,0.11803546660338936,0.7434108545393625,0.5137662422901004,0.802743456112543,3.3589820140652558,0.32868448852636445,3.5083361700617277,2.856404304276895,3.6546295608465607,4.850553971935669,0.5723460677299654,4.690720586874398,4.079979969712003,5.572034380818995,0.13170782320425536,0.010121115697352825,0.1299894627383016,0.12025610177678112,0.14760449321824895,0.0,0.0,0.0,0,0,1.6103054999999995,0.0817772510529528,1.661922333333333,1.5009378333333334,1.6768206666666643,5.5376372420458555,1.349879599493312,5.127592454012346,3.8438544239417993,7.211743746208112,7.59508594134032,2.1136607763789175,6.765687982473064,5.046461718307977,10.184025582669113,0.11864435517177592,0.017710285896477197,0.11373407608695638,0.09749816774193547,0.14412053539705835,0.0,0.0,0.0,0,0,2.704822100000001,0.5646688935215785,2.8911153333333317,2.136303333333334,3.454234500000002
8g,compound,100,conditional_EA,0.8720204744795762,0.031063148772339424,0.8696800571816369,0.8302873822237173,0.9098561731116177,6.104701275933916,0.9383977556271862,6.367610261735712,5.086790625032535,7.233799864847401,3.167844763139793,0.5749743798370468,2.861441044423877,2.662583502100826,4.0443627746443775,0.9093081858872674,0.046162443676299215,0.9326377462713371,0.8310484699926262,0.9413370955491737,8.636323624726101,2.2152097374661497,7.840368025559549,6.2750774790323876,11.145329857518284,4.753561939757558,0.9407421969113328,4.422844219945745,3.87704098316888,6.187868610372367,0.6683032574118417,0.11749240387616344,0.6512067082787095,0.5410282729677612,0.8049038530059686,0.655971609070637,0.12090388107351496,0.624905930941174,0.5242027867699527,0.7955261720097562,3.3195251684737146,0.5782142655921461,3.1677876745113385,2.763949753632722,4.213850581696807,4.613631274219804,0.5735024578068229,4.380550922720914,4.121746178587116,5.544078722057095,0.11709678870799842,0.022393340432078548,0.1099777345183019,0.09995695186840073,0.15569633076743628,0.0,0.0,0.0,0,0,1.447300397255912,0.4279488593890736,1.2767252187002516,1.1141466490778846,2.1914595465656035,4.998549449659863,1.090029818024936,4.778762213196667,3.8196343798100734,6.557859165713491,6.615169668517349,1.531515857070829,6.817800350967604,4.955671621902823,8.741271431844034,0.11643005371105457,0.01673937511542505,0.10924549182805716,0.09808545203235977,0.14087860995666485,0.0,0.0,0.0,0,0,2.604343330551962,0.382513737200794,2.5871340201383077,2.1372485334159723,3.1883765268179696
8g,compound,100,conditional_policy,0.8694967677094503,0.03155880075367995,0.8661945796077994,0.8256980662333558,0.9070149072170554,6.163633667724191,0.9263234168522282,6.452200983219326,5.166334610916133,7.233799864847401,3.383652874540348,0.5578827383054927,3.1658926523728494,2.893269095589459,4.0443627746443775,0.908293579903137,0.0371797769819418,0.9230855429095957,0.8456327700793106,0.9349280497373573,8.765291073532026,1.9534079373220343,8.131034841774367,6.2160343733654635,10.819775712287454,4.5524165471128555,1.0097660135662843,4.090767996051919,3.6497509498606253,6.187868610372367,0.6751199243766203,0.11300317503140617,0.6805541012279338,0.5429002091238319,0.8049038530059686,0.663722188375474,0.11537432047217058,0.6623069098667596,0.5249817652711223,0.7955261720097562,3.479558182211521,0.5945757596592193,3.279404647748966,2.84284375715964,4.213850581696807,4.728426583856819,0.5778055822300282,4.449874731716606,4.205213421785125,5.544078722057095,0.13789794283174847,0.02085655642333205,0.1318425995235127,0.1147739840099262,0.16342591378684382,0.0,0.0,0.0,0,0,1.7593741827587892,0.45869836964569966,1.8919028476715756,1.178535222348975,2.1914595465656035,4.803384540132685,1.114348339802068,4.416357287510423,3.896592241423415,6.557859165713491,6.477481653205231,1.444054456831756,6.469644487855059,5.1207437791913195,8.741271431844034,0.10968024746059328,0.021142014698541448,0.10200265484716975,0.08858322855620053,0.14087860995666485,0.0,0.0,0.0,0,0,2.4437997362547783,0.4285865272758637,2.243571269314401,2.1780929151677952,3.1883765268179696
8g,compound,100,local_identity_shrinkage,0.8766197648118592,0.024181378034402658,0.8830680966960452,0.8437674599951074,0.9068498899468855,5.994230328535217,0.6803678210383982,6.380303042079271,5.170916832127861,6.540218848714546,3.255317479383515,0.5420151684602228,2.972219612439923,2.8160819939972344,4.15054154083569,0.9094579154313746,0.0495243159075422,0.9321222565719447,0.8257808260702953,0.9469959830249726,8.594078496786953,2.3326204210062054,7.772817866604011,6.299041737442493,11.317743236645324,4.746288544080841,0.9821651482325482,4.380621971635028,3.78853699329751,6.185759835320548,0.6604395058533055,0.09654248240613478,0.6577187294388868,0.5534960553363941,0.7586992287030672,0.6476478503875838,0.10259654453038476,0.6249316274442518,0.5347281129101024,0.7568553654588952,3.375326892873944,0.5778109738747406,3.1434357865403184,2.91108155695375,4.338774086131371,4.632394680942896,0.46808845602502724,4.416380457749802,4.281629426962091,5.426286591199819,0.1319282431176352,0.035391429966926916,0.12228836267413322,0.1047050592668573,0.1935862876189578,0.0,0.0,0.0,0,0,1.7265378017282604,0.5359649716149847,1.5173141906413985,1.3329069952465629,2.6583872818306733,4.969652334189203,1.1357463031290826,4.704679468461911,3.7043378051651796,6.553806385402511,6.600082984799211,1.5715611406693804,6.659207173639968,4.839905242827486,8.744064257422703,0.12031798501635112,0.014756465779348858,0.1201051068515219,0.10505671752111877,0.14030121989065736,0.0,0.0,0.0,0,0,2.5925553397770917,0.3887743969896873,2.5545591775931022,2.1517993676089517,3.190737257022456
8g,compound,100,scale_only,0.8531615453952364,0.053314674275667245,0.8661945796077994,0.7752760053713007,0.9070149072170554,6.530218908283932,1.5845398693684838,6.452200983219326,5.166334610916133,9.066726067646107,3.781959607929605,1.3275494055161503,3.1658926523728494,2.893269095589459,6.035896441590662,0.9090830967789453,0.03710558086966299,0.9230855429095957,0.8456327700793106,0.9349280497373573,8.720369229116532,1.8960918574480206,8.131034841774367,6.2160343733654635,10.653429036242729,4.56068995390916,1.026545931262518,4.090767996051919,3.6497509498606253,6.229235644353885,0.7016671031227558,0.15781943461856168,0.6805541012279338,0.5429002091238319,0.9376397467366461,0.6855865529094136,0.15134732197760722,0.6623069098667596,0.5249817652711223,0.9048479946794542,3.8823208360917674,1.3798452810477,3.279404647748966,2.84284375715964,6.227663851098041,5.091166578866891,1.3158400138723254,4.449874731716606,4.205213421785125,7.357778697107453,0.1723547351857845,0.08890746333028991,0.1318425995235127,0.1147739840099262,0.3279802925376164,0.0,0.0,0.0,0,0,2.1421855836524997,1.1647510661716671,1.8919028476715756,1.178535222348975,4.105516551034155,4.8114059710327854,1.1301669928049332,4.416357287510423,3.896592241423415,6.597966320214,6.467588209175473,1.4247073319788364,6.469644487855059,5.1207437791913195,8.691804211695244,0.11341547412675479,0.028426691077068977,0.10200265484716975,0.08858322855620053,0.15955474328747243,0.0,0.0,0.0,0,0,2.4940929378379053,0.5384712792197657,2.243571269314401,2.1780929151677952,3.4398425347336046
8g,compound,100,source_anchored_full,0.4029770158539108,0.13500319629698687,0.37483519576107427,0.2642573867467011,0.5653840719595574,13.218402757362398,2.199875942943572,12.553221861459948,10.64163549783503,16.40547188187639,7.67934685697085,1.2848790610794065,7.295577453516819,6.2448500074074085,9.690615993274854,0.477232389617429,0.1050350180350445,0.4616589206476992,0.34061553047448545,0.6222639908656241,21.30253360401837,4.751002118216566,20.175843720365,16.665028306319204,28.34496279391613,12.29489075961305,1.9811321188859448,11.60582724928775,11.14779531192661,15.81305945906433,1.5124438939526832,0.2819451710939614,1.410481687534661,1.2038393905644462,1.9291656152471468,1.5013034617933392,0.28476652272637115,1.402723471181062,1.193563582698923,1.9225659617977082,8.385231561361552,1.7698166425339064,8.241863772632275,6.102534870255732,10.721514099647266,10.971381218599522,2.3934696575672785,10.798415677036944,8.118910755684254,14.030875831752454,0.3578664679248396,0.045675966719703406,0.3572997050147492,0.3088113643659711,0.4134948821233929,0.0,0.0,0.0,0,0,3.9936602866666666,0.777698068429247,3.8224370000000008,3.1687446,5.000480333333331,13.364365003007055,2.5950626432290846,12.565093046781305,11.380105737698411,17.641058008730155,17.48751928614735,4.1174455495078295,16.00005884010687,14.011039449418234,23.766099977846377,0.3327097392272522,0.04427632632680417,0.3499964366373901,0.2650574848000001,0.3816068517635299,0.0,0.0,0.0,0,0,7.235631316666667,1.0423827544321116,7.557845333333333,5.777539666666666,8.452717250000001
8g,compound,100,source_anchored_shallow,0.7249916791086662,0.06550421210034875,0.7026429697308362,0.6506069844643199,0.8029023593618538,8.900258701952309,0.8865721543348579,8.892763606724067,7.521709899490635,9.899965815588848,4.9614356241375015,0.7679882134001351,5.196141071014493,3.8729298115702484,5.749774207033639,0.7368580461080791,0.039051772785942344,0.7256779349587117,0.6988890502286609,0.7950595075857678,14.918370883647821,1.0985164484882495,15.355791381164728,13.046313105760053,15.802304348537914,8.4890271548859,0.9519550672063538,8.539056030144927,7.409004265289257,9.767846016819574,1.0357485227886392,0.057265775895771864,1.0257832187330662,0.959630767950323,1.1159923063841002,1.028742071111088,0.05534973309176767,1.0213012172132354,0.9596175091660784,1.1057823451452478,5.386906931469136,0.7870450663053125,5.915677573765432,4.449912185493827,6.030886431856261,7.2371030647410945,0.803572666880402,7.52557146020054,6.305301960816449,7.9602410357648745,0.24042392093526507,0.059838233924378696,0.26848042918454945,0.145253516819572,0.2920322619954303,0.0,0.0,0.0,0,0,2.827125993333334,0.7827441809534122,3.0694136333333333,1.9540456666666675,3.8630033333333342,9.205202575485009,0.9555111524021935,9.447431822839507,7.722956481922397,10.05575310542328,11.919286264499533,0.9691685906230717,11.93255529542809,10.461427556679991,13.177629567056567,0.23704969857162955,0.045170636480136826,0.24604261657409127,0.17869007272727272,0.28518467709041456,0.0,0.0,0.0,0,0,5.277259700000002,1.2239320658752113,5.610193666666667,3.9217096666666684,6.932990333333336
8g,compound,100,standard_full_finetune,0.5396588552707507,0.158127830118053,0.5591485785995965,0.300743015293955,0.7042333194403716,11.457051002122665,1.73469847998823,11.304547954538409,8.778699507997239,13.276278405479239,6.458307044888554,0.34213022943361243,6.403493065289256,6.106395709174311,6.927345488695653,0.5280708391826054,0.2644587495344232,0.6683963188282485,0.20165094158927332,0.7587228022230849,19.202758379845875,4.52249433187618,18.073330319175376,14.124964633322733,26.196196611914083,10.526346785827764,2.210108528059961,9.165532469298245,8.933786440978594,13.923677900284902,1.332963978443279,0.2363224074237304,1.284904521647831,1.0032856880298184,1.6191508265108543,1.3242320336340694,0.23781820122720526,1.2759168680193071,0.9963526418174649,1.6191177291948593,7.092785137659613,0.9545993131376879,7.238555331697531,5.930457764462081,8.171579677182539,9.194946785168977,1.4825379766892515,9.391374904748103,7.365913041087556,11.110903328515096,0.2876265481415978,0.06040285226068677,0.3040656303317535,0.19151500446030312,0.35486200398142004,0.0,0.0,0.0,0,0,3.283014073333333,0.8400855899017856,3.452666933333333,2.041390999999999,4.311481266666667,11.487394034444446,1.8490862958598517,11.493968228968255,9.097588490917108,13.340384516225749,14.595865026585699,2.6849690775813717,14.62024281745805,10.957993234428365,17.817927785579357,0.2501992825515519,0.0390469867655734,0.27067330143540663,0.2039174049207771,0.28825861281826165,0.0,0.0,0.0,0,0,5.2399314666666665,0.8632927670814812,5.002928333333331,4.192230333333335,6.137199333333335
8g,compound,100,standard_shallow_finetune,0.833725860124502,0.057180423276212825,0.853419183643841,0.7704153530111415,0.8960157635627454,6.857981459882469,0.8873027926996271,6.829547698113986,5.463357502584062,7.734406273414921,3.521736935085425,0.6051553113242664,3.426678082318841,2.975810990082645,4.496853578899082,0.8728894507512486,0.04428774611073157,0.8815397777987688,0.7969798648605028,0.9101427895720113,10.27115634770001,1.5159917824149551,10.21284571998145,8.321412664488884,12.21747384964925,5.14642153935357,0.9307159797226906,5.007205593567251,4.166572159420291,6.676870223241588,0.7653508151521337,0.08444296817453888,0.766861115857885,0.641563161152291,0.8777836755497771,0.7546160310311142,0.08361075578623674,0.7461536284481523,0.6392807369695288,0.8707621114780913,3.8205898161904757,0.6523880208746544,4.005389650088183,2.98594542882716,4.693381270679011,5.502933326922007,0.8120691637549949,5.949605916392413,4.438983873380945,6.238314564515176,0.14723429695307663,0.037734458277326945,0.12865058686301672,0.12225498680738796,0.2127612676056338,0.0,0.0,0.0,0,0,1.746732706666667,0.45781181986400993,1.5257053333333337,1.4524630000000016,2.5332326666666667,5.617538593386243,0.8754581250785228,5.577502217239858,4.840682706878307,7.034985672663139,7.652316818004867,0.9541747315334196,7.420620179682026,6.674197754571775,8.909703743285796,0.1259782217034508,0.03111014326146404,0.10503908116385915,0.10194759936406993,0.16636466666666672,0.0,0.0,0.0,0,0,2.8661100000000004,0.6527513127579035,2.577624,2.1045000000000016,3.5640473333333347
8g,compound,100,target_head_only,0.8823643720897796,0.02277751853586322,0.8984091896816179,0.8541274420840502,0.8994413895878003,5.851476734994996,0.6190010993316597,6.082713335536109,5.060403607745611,6.5765227683899266,3.041075287710778,0.1974842310155445,2.9619261709401714,2.796641398260869,3.276613064220184,0.8866585668776349,0.032938730956610894,0.8889100005469464,0.8463873286833886,0.9357026152189697,9.883190441643091,2.3514615385481235,10.302009906885662,6.130662981337927,12.58401278952302,4.70007942640388,0.878104687041234,4.695685180440771,3.499038247826087,5.975787280701754,0.6843030240317542,0.09651122308819471,0.7242764142550943,0.5281369942067631,0.777373332777601,0.6786825188414143,0.1019292607184018,0.7212289041063031,0.5117769500363459,0.7773545547327472,3.188344845643739,0.29302163899183914,3.155505312522046,2.8772479297178126,3.5117627989417994,4.633154499587177,0.49911179720034893,4.593891833838032,4.117057669760654,5.414223133093149,0.12174750030492221,0.011101924992910227,0.11946486678507998,0.11216128453172733,0.13873231020408153,0.0,0.0,0.0,0,0,1.4875933333333329,0.13765765564516358,1.4550663333333311,1.3486753333333326,1.6722686666666675,5.117249088130511,1.120530933183359,5.089669889991182,3.780517813095238,6.7750845340388,7.084466771049025,1.8052329699943364,6.645338889717462,4.998808875893227,9.738520926036172,0.10619005527539047,0.016974563646423725,0.09849591726618695,0.0888556805807622,0.1287364339192255,0.0,0.0,0.0,0,0,2.4340974500000008,0.4346264857759385,2.444752000000001,1.9444546666666689,2.9487795833333346
8g,row,30,conditional_EA,0.8232658106089584,0.12357332906534033,0.8624115285557631,0.6135453071484225,0.9400924653703471,6.6352545499273985,1.2284846633597324,6.653652208851967,5.45204915656528,8.37903682453034,3.6139121821233857,0.5888045957910146,3.8296795538110717,2.66358600854943,4.133908707575055,0.8319473730237459,0.11036930979191024,0.8849009903820315,0.6601716827456073,0.9345767823065216,10.680892285060827,3.2551408686843746,9.290900166655039,7.643145525456593,15.56326134185865,6.467070008996425,1.6185045102310252,6.0022178115866325,4.475437599364933,8.718274853862239,0.7604503285832287,0.16985528433514338,0.7637983637262852,0.5936213780581315,1.0168421961376677,0.7532263128300969,0.1730115870846075,0.7452446824987731,0.5836687719943474,1.0157251035676707,3.5490621719611197,0.6155953289032421,3.891496908104682,2.6560301878898436,4.11896621031297,3.9113676039999845,0.6839449394648728,4.225458065988626,2.9055045378860784,4.5532555280517055,0.1532418527355466,0.02383187382113606,0.15045550521051554,0.11899841762087114,0.18487160046275536,0.0,0.0,0.0,0,0,1.9004111579076681,0.33860327152536007,1.889651438920314,1.4017292441391493,2.351051412376311,6.261146380336032,1.1592289712514183,5.928224221618541,4.714633531530699,7.504201264838691,6.874266593050922,1.3961490530345837,6.3545464993909455,5.114346654389254,8.531541343142969,0.16322849041057869,0.032984063744481575,0.1635332299429327,0.11356196625740676,0.204387697962661,0.0,0.0,0.0,0,0,3.9496229095886592,0.7636896200183214,4.128820812809128,2.6930726360155397,4.684164060389495
8g,row,30,conditional_policy,0.7943271834677181,0.130449472588276,0.8347532620393978,0.6073047033383956,0.9389790483984969,7.1054572240097045,1.1116458344823836,7.046896296122863,5.551663665086296,8.446419673406258,3.8788586936263676,0.5829620978566853,3.8296795538110717,3.3604976245292417,4.812971190325582,0.8176680192999554,0.11370055730775372,0.7931439152495182,0.6603540332386415,0.9608387803320454,10.874930097256478,3.3631142500436115,10.660311327755442,6.611352900104579,15.55908519018508,6.394122836907379,1.7283646177639957,5.801771117031699,4.488116970087248,8.879348882337483,0.8001145679816718,0.16065360529693432,0.8075553947379265,0.5768537400445128,1.0211986212620923,0.7890976229277464,0.1671322153855237,0.8066732651283643,0.557899693312168,1.019870966398893,3.777169350116101,0.5758469184788755,3.9109500084918984,3.028830739220399,4.468941069528782,4.170933376302081,0.5974496351600193,4.225458065988626,3.411246108349796,4.911927912947694,0.15459090025949676,0.047477092025688374,0.15045550521051554,0.11729508898520276,0.2341479030733059,0.0,0.0,0.0,0,0,1.9045732952151737,0.6079937190214973,1.8385407959552929,1.3031117123159977,2.9111169319142682,6.135029013298979,1.2817176642745558,5.625432389645104,4.7581234275552395,7.653658225346601,6.7538482760653125,1.5281066299694595,6.114573153746256,5.034608924842371,8.652253445873072,0.1563106617106292,0.03085968390405082,0.1454568647669735,0.1220196135340924,0.198950077207092,0.0,0.0,0.0,0,0,3.793226890733931,0.8962712708482043,3.418625019341377,2.910166750547816,5.191106421460006
8g,row,30,local_identity_shrinkage,0.7863533609574087,0.1270369970017561,0.8079202359311052,0.6073047033383956,0.938979053511808,7.277323880920702,1.0806599580552319,7.386326509450832,5.551663432482711,8.446419673406258,3.9586006941011305,0.5978599166867791,4.007977776981745,3.360497516023349,4.812971190325582,0.8149607499977243,0.11397214216467787,0.7931439071752332,0.6603540332386415,0.9608387816025069,10.960353425779248,3.3806994575450102,10.660311535809246,6.611352792862396,15.55908519018508,6.39836117683558,1.6847438758549085,6.0417012451605565,4.4881168919378664,8.879348882337483,0.8145896682629244,0.1602158070842559,0.8446288538475876,0.5768537196394754,1.0211986212620923,0.8026601142686955,0.16719726706302063,0.8283128431263225,0.5578996752170498,1.019870966398893,3.8409567805477707,0.6184845601183898,4.017038942604562,3.0288306739812976,4.468941069528782,4.2480990966863645,0.6435860309793275,4.387429433901815,3.4112460368282074,4.911927912947694,0.15387772250481074,0.04931453624981282,0.13100240940364433,0.11729508251034823,0.2341479030733059,0.0,0.0,0.0,0,0,1.9388448915715373,0.6137858114080407,1.8108493630966818,1.3031117411584905,2.9111169319142682,6.146384432185977,1.2243454620264274,5.858976298078471,4.758123360930135,7.653658225346601,6.760056457032379,1.4674413692031523,6.347907694521584,5.034608859965273,8.652253445873072,0.1561665852501147,0.028106986373872767,0.15236995388540045,0.1220196102134873,0.198950077207092,0.0,0.0,0.0,0,0,3.750823434928994,0.8947592007385275,3.336352991810159,2.9101667384024132,5.191106421460006
8g,row,30,scale_only,0.7788891580561215,0.19832104229981212,0.8364899706400686,0.4357419883381143,0.9443339966126248,7.124060747067363,1.8415430300572588,7.046896296122863,5.3024756194734675,10.124735196166526,4.34298544454119,1.5138596581582633,3.9680690330360773,2.9733768315757008,6.664661910586529,0.8150634632692333,0.13459598062705969,0.8507683864458807,0.6113399128462518,0.9624808615111476,10.873957160465777,3.9826514052129895,9.182063810538512,6.471257236246741,16.643926898008097,7.032458620126922,2.574405097534605,5.801771117031699,4.451057762337041,10.553853422097285,0.8002174936543707,0.23319473790000766,0.7503362448956808,0.5544668714197766,1.1668024595110735,0.7902478410185997,0.2369449249332656,0.7327313614745155,0.5377304306625517,1.1601076401997923,4.283204212494551,1.405268470075705,4.10391274947762,2.969734796248206,6.260613485766682,4.645660771244861,1.4332934777745565,4.539004256589139,3.3047056868903844,6.69706260369723,0.21760863033323458,0.11201103867570487,0.152142952545432,0.13675201000354975,0.39702283972785196,0.0,0.0,0.0,0,0,2.6015066496138126,1.3404375159241395,1.8385407959552929,1.5135529684400293,4.621665842474476,6.8433024673285985,2.108777352979257,5.634253620443736,4.734685674939753,9.346606056048818,7.395545628447084,2.33736147008528,6.114573153746256,5.002331166826731,10.285503769348937,0.19346939419287898,0.0769729011974187,0.15532616646540953,0.12199452745354242,0.2940895165206867,0.0,0.0,0.0,0,0,4.7030605621292825,1.7833689927716958,3.967837853320212,2.993976879532836,7.141264049378449
8g,row,30,source_anchored_full,0.6071347133186201,0.14391327925273065,0.6242621676253748,0.3761986518837167,0.7584686912287363,10.477572676275162,1.3221367036873755,10.878628322397908,8.262039541683311,11.742607556270714,5.92321375884058,0.8221302906689488,6.289632502898551,4.954624841449275,6.892999593333334,0.6831280221744837,0.10708147184307427,0.7288374852225225,0.5042785927051385,0.764185532184245,15.142519058010397,1.3253357940194725,15.476852003437651,13.60718316465542,16.502683667939916,9.045962388405796,1.0929758582679978,9.569596544927537,7.357209860869565,10.034376133333334,1.1532967422653424,0.12003664871649473,1.1594794122601528,0.9610447466635261,1.2795595899465748,1.135801070666089,0.11462414618648259,1.1450505264146775,0.9566420783901429,1.258376112940675,5.939201441663814,0.8123122336405314,6.004092644953051,5.058802982107844,6.859062831584969,6.48123345748313,0.8485172512822591,6.7576606086937465,5.493858636464012,7.43733077536791,0.27733501543991584,0.07538875761510119,0.28284553191489353,0.17583437967115084,0.38674498269896196,0.0,0.0,0.0,0,0,3.1700887333333325,0.7583290231221621,3.059330666666666,2.1108796666666656,4.206608000000001,8.854187594944538,1.0386463307988232,9.184399595629085,7.403948399101307,9.882968874804384,9.609134485197416,1.1126736821805814,10.112101726646458,7.9691568986808115,10.782845894829634,0.2344844324131826,0.052669980553545624,0.22303910693302012,0.1633261250730567,0.293610223390276,0.0,0.0,0.0,0,0,5.529714800000001,1.2615812988799358,5.976557999999999,3.5618223333333354,6.581058666666669
8g,row,30,source_anchored_shallow,0.771120005151838,0.06100681581448678,0.8015940787495226,0.6703068557112248,0.8216106854884453,8.224361811286176,2.0077069826167913,7.247369022964538,6.622450287332271,11.13110600257801,4.41200193026087,0.8072775889358399,4.206909675362319,3.3775847997101454,5.574393083478261,0.8014211753498733,0.06553948887027342,0.8187329998117039,0.7035450394846428,0.8727091921275386,12.06802177307629,2.005563561618232,11.91957460485461,9.403212827363047,14.91081428143664,7.152845308347826,1.2397095060621033,6.889049540579709,5.520336084057971,8.70499146637681,0.9113328445650127,0.18746784629759064,0.8209042597883276,0.7240396400494278,1.194944629272503,0.8972038554391162,0.1786980234476537,0.8161668904215729,0.7126763598901887,1.1700644009270689,4.33203386889867,0.9138142061198934,4.26869845122549,3.3389627558823527,5.717473573692811,4.80254663625266,1.0074840982409528,4.658948395873549,3.720764876768449,6.272162544855494,0.18833848831328281,0.016484237748145867,0.19587331742243416,0.16616688396349436,0.20230688524590174,0.0,0.0,0.0,0,0,2.293222393333334,0.19163881478991746,2.2992153,2.1254349999999995,2.5988793333333327,6.949514476733176,1.3293862538266872,6.9258926499183,5.323115536111111,8.966540004820262,7.616903909022919,1.3687534412032023,7.4140880886601135,5.9104817846627,9.661820073816111,0.1789227919517345,0.031251868221834234,0.18942877459897467,0.13934388646288218,0.21102540438871478,0.0,0.0,0.0,0,0,4.375921133333334,0.5300451909968822,4.292208333333335,3.6086153333333346,4.898961999999999
8g,row,30,standard_full_finetune,0.525293310070054,0.27581203819955086,0.5415955199677989,0.0952469169238842,0.8447503510469053,10.956576536318236,1.4385487778826969,11.081998202743884,8.855212202523672,12.820644035940928,6.4456459961159425,1.280568110757759,6.758167526376812,4.733441452173913,7.745249035942029,0.5833665459400807,0.2180587165793117,0.6187521091304478,0.258640344296566,0.86370573914318,16.891868501344796,4.048918152755761,16.494992638496015,12.333916933156454,22.987159113577267,10.219984123072464,2.3594185083723564,10.31304771884058,7.768505197101448,13.458636746086958,1.2340360750633848,0.2079417526306334,1.257083822716803,0.9621690938276065,1.531634752778551,1.2206030359186781,0.2137951558052866,1.2389252088270972,0.9455038450735285,1.528457879174519,6.501043296917979,1.4045119506840487,7.096232311683004,4.610762104851332,7.8684839643382345,7.090048579309356,1.3202733369824013,7.430065511416517,5.275076574246111,8.279205704952748,0.32140949013794307,0.12259111396924442,0.3898094473883421,0.15226924471299094,0.4350767164179105,0.0,0.0,0.0,0,0,3.6290014533333332,1.2807872634923871,4.390443666666667,1.9639319999999998,4.803542666666667,10.138727979615897,2.3352486507508528,10.377818027042483,7.579827877042484,12.677347831127449,11.06913206686976,2.493989786168397,10.991409124965815,8.62199042636315,14.26029912449677,0.28217776274240974,0.07785995033217515,0.33311715536685677,0.17648339324227186,0.3417866966797974,0.0,0.0,0.0,0,0,5.941651933333333,1.3212168050206892,6.470951333333333,4.288882666666666,7.296790999999999
8g,row,30,standard_shallow_finetune,0.8333593459817733,0.07713643936858432,0.84472270503459,0.7540437645260254,0.9437635713647825,6.70197772770679,1.709414989216975,6.449820481951179,5.329574356433296,9.61418066707972,3.8675897281739124,0.824562827320353,3.8566167634782604,2.931125311304348,4.949376093333332,0.845931073411138,0.06179954945895243,0.8254960679827823,0.7789927432817038,0.9355713979153348,10.455842439316323,2.020046756944468,11.152530930143458,8.152999509665026,12.574988245869026,6.386086426956522,0.9179073591635694,6.205676886956521,5.19827933478261,7.456264289855073,0.7594444192862502,0.16428798484149001,0.7636927465741703,0.6065138261131708,1.0095376520562196,0.7504608622872064,0.1563955819932876,0.760745459789723,0.6019279199745307,0.9807463632791262,3.853252353338511,0.9842172466575373,3.443975894689543,2.91151118619281,5.199281458088234,4.2401930794266764,1.0403934556401826,3.776324635940687,3.2564791015929337,5.720038745883417,0.1676107870647626,0.03922268692895031,0.18117268427095284,0.12375460916442048,0.20806024875621884,0.0,0.0,0.0,0,0,2.2243888666666662,0.6245936269220527,2.450490666666667,1.5507400000000002,2.9868419999999993,6.300360998395471,1.1253572575795951,5.906800020735524,5.0406140133169925,7.595651276143791,6.8607220234565105,1.1516605411599599,6.363573147276027,5.527517821673692,8.139025443542828,0.16560315503224404,0.02376232756417175,0.1561960898282695,0.1387418959982881,0.19168617013232522,0.0,0.0,0.0,0,0,4.2314947999999974,0.3942192301326333,4.182606666666658,3.7280956666666665,4.776066999999998
8g,row,30,target_head_only,0.8335397091222401,0.06339323000753973,0.8250624050767479,0.7587590283207302,0.9224338204775175,6.7514786876161015,0.9211171267254066,6.2592148625045025,5.991071139761893,8.108209026672315,3.6982577017391307,0.3812860375536692,3.7840582860869563,3.3034961936231886,4.228919855072464,0.8609768866161008,0.06131472591261609,0.8561667729047704,0.8016517710284322,0.9595961722764456,9.73380817647568,1.8865426547690995,9.958159181797598,6.715424799525942,11.890085876243667,5.744339184057971,0.926681964324571,5.940354489855072,4.459080776811595,6.954493834782609,0.7451335870289449,0.08745885348360023,0.7568379927956339,0.6346182430425907,0.8591332682098178,0.7311457333988528,0.08909272937501472,0.7566458698178101,0.6060337856753558,0.8375228585836166,3.64376310804566,0.5153654780171868,3.7838783452614373,2.9745966996732025,4.329501509395424,4.027136952605645,0.5549222171276326,4.116360890046812,3.2890433913530353,4.799948641767678,0.14997375047541583,0.02865159671758953,0.1522563093145869,0.11742906888720656,0.19271648780487802,0.0,0.0,0.0,0,0,1.8554147399999992,0.25917930002381095,2.0093653333333332,1.4894296666666662,2.0840713333333323,5.566682246811424,0.6360791023280415,5.870718639297385,4.608520241001565,6.075871625408498,6.137944914403043,0.7891821845177592,6.462132143975076,4.924837552106831,6.849422755504665,0.14494039094821784,0.027249585123265935,0.14646777747024628,0.10963228870903542,0.17626057835307077,0.0,0.0,0.0,0,0,3.6784054666666663,0.6958321218868728,3.345399666666667,2.915911666666668,4.438829999999999
8g,row,50,conditional_EA,0.8055320448791541,0.07833479596250036,0.8228323563896219,0.6858885476613122,0.8820507088988987,7.483002680975126,2.009378362466558,7.209198213648089,5.106096988429435,10.65607865388564,3.9623421083187713,1.2194479833358318,3.8528476859120144,2.5536207395532298,5.91761006353608,0.8414675330933553,0.09246121464247181,0.8854072476271828,0.6964517292399919,0.9305837177469378,10.473870929926013,2.759420226483816,9.181737727460286,7.934404063673684,14.70905288279011,6.250395236587336,1.265345848200253,5.904768555132026,4.658791534137262,8.063048096315468,0.8225860309191712,0.17429615033859455,0.8055791194914339,0.57597689497443,1.0316583111211397,0.8005811367145628,0.15571974930468246,0.8023569769454363,0.5707750553192245,0.9499371113775128,3.866809356740397,1.1299587287267867,3.896213910265948,2.531665538246199,5.6052709473934215,4.274823219246604,1.230819881483959,4.230249971619693,2.8062206284949283,6.176739778955478,0.15548271638154823,0.046053995091994655,0.16253273398079185,0.10386430415597118,0.22404371680568363,0.0,0.0,0.0,0,0,1.912617199745458,0.5808524059964763,1.9156576939047252,1.210122081659204,2.778965225396373,6.085581428406447,0.8163014165375108,6.0699277754037775,4.963774444642501,6.972679287178472,6.686259786101975,1.000220679373246,6.540294638556895,5.405444858618573,7.95769005857769,0.15680659713041806,0.029810534502228682,0.17167739707118476,0.11190419469208353,0.17993968518358885,0.0,0.0,0.0,0,0,3.685906364496863,0.7182553694097026,3.9550272244025617,2.5202389376895944,4.280517303104332
8g,row,50,conditional_policy,0.8150795911875672,0.0778757501217627,0.8298185150203764,0.6819850967295815,0.8790572213431868,7.228279794940706,1.4715997253499102,7.209198213648089,5.170485963106319,9.271282489908085,3.9071288904569466,0.933599918293847,3.872557121414668,2.5774490584033956,5.211427837455402,0.8439045836844027,0.09257639602287202,0.8875897882070195,0.6999586895914238,0.9341047980829361,10.375478669044842,2.8040921113088237,9.181737727460286,7.7538060010080345,14.623837568280637,6.174892325423079,1.4107543852902908,5.834003445489269,4.356696993272028,8.164600627223576,0.7990222999442084,0.14445403697363088,0.8055791194914339,0.5758444628337513,0.9375387033399002,0.781357692557892,0.1383813420118371,0.8023569769454363,0.5692439963162689,0.9371354363642892,3.7892414488446358,0.8252548440920223,3.896213910265948,2.5297812674931315,4.831993617559084,4.18356701195096,0.910690422265039,4.230249971619693,2.791389235650522,5.3360649524191395,0.15672131102567713,0.03847481038980027,0.16325109513012098,0.11145621016825694,0.20174727490557592,0.0,0.0,0.0,0,0,1.9052667333150393,0.45231522282905784,1.9156576939047252,1.338946869934695,2.494909073137844,6.003871771188144,0.9424492345667668,5.903085195366223,4.660007029847363,7.03474099591965,6.587407346554694,1.123565676715336,6.352475537294316,5.076840683831755,7.9798511368906855,0.15602916631242356,0.029382571063114152,0.1703866162150538,0.11151078028283672,0.17972853932383046,0.0,0.0,0.0,0,0,3.7606821409193016,0.6929662461545671,3.9210739237762198,2.771779664620567,4.660131763162084
8g,row,50,local_identity_shrinkage,0.8142514937319227,0.07680124325312082,0.8298185150203764,0.6819850967295815,0.8792833978087404,7.2559194787302435,1.4838445351969527,7.453056267911836,5.165649008341558,9.271282489908085,3.9634776690784053,0.9325140013290172,4.021362749099252,2.5817238382773784,5.211427837455402,0.8420265887275962,0.09070630048533232,0.8771713539385455,0.6999586895914238,0.9341047980829361,10.443191078329813,2.687857224442234,9.1833244624012,8.214583912609179,14.623837568280637,6.2617287854865396,1.2804267302288899,5.835456936186406,4.7839294401140435,8.164600627223576,0.8030502390534078,0.13890984570805853,0.7951460908409953,0.5877317736019102,0.9375387033399002,0.7852174979846748,0.13181027736103068,0.7921089027750632,0.5832678517908474,0.9371354363642892,3.826847394472214,0.836298840029729,3.8702164244749904,2.541646590359074,4.831993617559084,4.226169897068742,0.9242707960684902,4.206899694548972,2.8047991442466293,5.3360649524191395,0.16173881728826192,0.03664803464837984,0.1737250026895977,0.11001908750216574,0.20174727490557592,0.0,0.0,0.0,0,0,1.9790494196097483,0.46221906899103143,2.052793395630192,1.238293849793184,2.494909073137844,6.104615280240111,0.7935549169474082,5.903085195366223,5.127124340225473,7.03474099591965,6.691112738580517,0.9590977060925651,6.352475537294316,5.599888556848829,7.9798511368906855,0.16086625930670256,0.030737595821504454,0.1703866162150538,0.11877073331225188,0.19618310732960512,0.0,0.0,0.0,0,0,3.6905111977435032,0.8126753154365249,3.9210739237762198,2.444657386121694,4.660131763162084
8g,row,50,scale_only,0.8118144452595771,0.12940222640309415,0.8649257865675797,0.5806579431294993,0.8790572213431868,7.0252409451716264,1.4312855935413817,7.124749245165138,5.170485963106319,8.728286975492207,4.321097151979693,1.295517250682477,3.9551453289171397,2.5774490584033956,5.81695797533656,0.845166913368234,0.10429160588713246,0.8877036132821765,0.669611093598617,0.9388677403842022,10.253359184144106,3.0633420581840025,9.177087897739034,7.7538060010080345,15.345588776166684,6.394367089421603,1.9028208643024997,5.778601058093152,4.356696993272028,9.464948126496266,0.7787206029624837,0.16637964264944669,0.7561167952174767,0.5758444628337513,1.0339566961697064,0.7646758872325503,0.1672542741549576,0.737516725916857,0.5692439963162689,1.0311167099885274,4.211388028853721,1.13926083371934,4.085964044366377,2.5297812674931315,5.469786247531114,4.551634161001935,1.1689716029981754,4.522166304538866,2.791389235650522,5.763250258596634,0.21243619824105586,0.09533340633593887,0.18595443099262265,0.11145621016825694,0.3232719462796882,0.0,0.0,0.0,0,0,2.6564457176583107,1.223050456762455,2.3101579710194606,1.338946869934695,4.218101520208062,6.227451461885718,1.3915460550805303,5.9766433622969135,4.660007029847363,8.381982436958742,6.777645324377081,1.575019369568027,6.372979721326662,5.076840683831755,9.259632120816025,0.17387798276580274,0.052181343171216886,0.17511822703324695,0.11151078028283672,0.2524203037868464,0.0,0.0,0.0,0,0,4.157327592376685,1.3133040912489957,4.141410607600129,2.771779664620567,6.269951813793469
8g,row,50,source_anchored_full,0.5568179813509204,0.13164619620803109,0.5654714929530769,0.3424302279860755,0.6859294467542246,11.50668206158827,3.177235147951113,10.789536422217834,7.5536771034194485,15.720062949122632,6.123671534086957,1.611440589661801,6.642261704347827,3.9692551875362314,8.101280046376813,0.5946155713115022,0.1154125185475949,0.5652656689143807,0.43329070720074636,0.7239481322696484,17.245636556898006,2.250713333398859,17.55325167740438,14.920173464770388,20.615893746933306,9.949559632869565,1.8278270041200646,10.573152990144926,6.7789162840579715,11.27475979710145,1.2845442276886048,0.28378829627558083,1.241977776062589,0.9434751586701782,1.6769836034058148,1.266512358043832,0.2677393777113998,1.234659231187601,0.9433514416035632,1.6386897368562718,6.090147576181833,1.6562241032460947,6.795338117075163,3.845655035318628,7.8987113406885765,6.724130541738307,1.786357872426063,7.466834507798132,4.385174747675001,8.732641115074786,0.26066021270818573,0.08761021418377635,0.2948247574750831,0.15978291423813504,0.3645250738461539,0.0,0.0,0.0,0,0,2.8583522599999993,1.105446022340864,3.2422826333333328,1.6631543333333312,4.299773999999999,9.642547035953351,1.9264043215371562,9.870938460130718,6.428402642728758,11.551363965890522,10.541429269288505,1.8454937977892676,10.898005902341877,7.399127875461839,12.223395998489895,0.257551096014167,0.08665916053925984,0.3028589869531849,0.14515858381502877,0.3371570651452832,0.0,0.0,0.0,0,0,5.804212866666669,2.0790264222722885,6.8214103333333345,2.972523333333335,7.913024000000004
8g,row,50,source_anchored_shallow,0.7782944859761823,0.049091311839643395,0.7703678874009972,0.7079072755686578,0.8306675492763047,8.093784657453059,1.7912142998368525,7.960151214750678,6.324543949618411,10.477163713665009,4.626241624753622,1.1775081810992352,4.840681789565217,3.0395125547826085,6.047736653333331,0.7890342245486422,0.051471271036087486,0.7863241328302796,0.7120588567241922,0.846310411767044,12.522483871351062,1.7553191486194082,12.623211528353037,9.83202578884548,14.695144552467218,7.739676964115941,1.2947121325905586,8.014785375072464,5.578822414492754,9.080529971594201,0.9130310611100185,0.16853383760731722,0.89779449728339,0.7135336397390566,1.1409414643437181,0.9030524967779282,0.16192282972118932,0.8896642197907996,0.707109486852327,1.1218612010742923,4.527869927846567,1.1818320786306227,4.927002151470588,3.0917481252369283,5.984926182271242,4.967385896368251,1.2736532451483216,5.334451160170394,3.4335648231654154,6.506588256614692,0.21618101491999303,0.06087334085523167,0.22083991543340373,0.12420486187845316,0.28700107526881735,0.0,0.0,0.0,0,0,2.7248469466666667,0.8149443470494863,2.611431999999999,1.6860810000000015,3.849228,7.4540893799612205,1.28493217523853,7.552915810876369,5.5550630379901955,9.11632188831699,8.135338201939222,1.3242753075378348,8.33740922815929,6.146786063938795,9.849705488285034,0.21414491803548086,0.030505400237542935,0.21726818532818531,0.16721851285615016,0.241696329375885,0.0,0.0,0.0,0,0,5.0253672,0.6353247231846005,5.223512333333332,3.950538999999999,5.592142000000001
8g,row,50,standard_full_finetune,0.5349495777763429,0.12319092511663776,0.569433466021812,0.3721054192342922,0.6455642817236632,11.680258399763352,2.641730724288606,10.740235005714412,8.85441076591701,15.361256031965937,6.493776110086957,1.4521288471830454,7.12396059652174,4.197153977681159,7.773681601449276,0.5513583570197351,0.1554754831506442,0.5975182833201353,0.29328795028798704,0.6960308226420988,18.156046150694312,3.2021680628279743,18.217742590069008,14.183723434491906,23.022010532044575,10.37443742226087,1.994460236203876,11.708981768405796,7.744712034782609,11.872986218840582,1.3186673241226792,0.26999052391955597,1.2533911641114095,1.0102232494512753,1.7104363926591462,1.3058414639397493,0.26286053657836883,1.248111566651,1.0029843373582514,1.6907551234245357,6.494467668738034,1.5528496346576646,7.271425238848039,4.2318237707924835,7.891750978308825,7.097218246009115,1.481338845484354,7.934410807748134,4.760830248157519,8.278704858736571,0.2995529370923104,0.18063621569511726,0.1854328470588235,0.16247683412322267,0.5488482805755396,0.0,0.0,0.0,0,0,3.376458533333333,2.0839258515923014,2.084921333333334,1.5901109999999994,6.211561333333331,10.2181918028314,2.0735925211905344,11.17488459869281,7.980812804330064,12.296357979575166,11.150649854161049,1.9681783719824677,11.983339838626518,8.806099637947424,12.954875845626926,0.24850278718406243,0.1005855362428604,0.21172578217821772,0.1516662960288809,0.3639126126126126,0.0,0.0,0.0,0,0,5.856370699999999,2.1780086675255443,5.311516000000001,3.730404666666665,8.793163333333332
8g,row,50,standard_shallow_finetune,0.8488907602860971,0.06137383813257357,0.8631544397130297,0.7708041934708689,0.9297206507488098,6.448678771163086,1.1926439113348828,5.957959205327009,5.499924760209996,8.492726714817161,3.706763280521739,0.6065241294495809,3.7529254455072465,2.811793931594203,4.422165118550724,0.8571767415898137,0.051921997683567096,0.8387447223090502,0.810312002684079,0.9392141058325544,10.083012297608239,1.6795118173131092,10.997120121233001,8.23689708228554,11.649954965320862,5.985791747652174,0.8401339643992891,6.155578975362318,4.677630567246378,6.907099518840578,0.7313044145109004,0.11342340332324284,0.7329482716845513,0.6135109587519172,0.9026583307818258,0.7227924039495548,0.10927037400254194,0.7329018968575086,0.6066775959588369,0.8809264117392432,3.732247300720818,0.6298510786958149,3.7010569259803923,2.954727646699346,4.629204317769607,4.071558491225341,0.7044477556655774,4.018780627599752,3.2213648899337874,5.106121242857595,0.1689886960069224,0.025553652021834225,0.17042273062730612,0.13764979253112045,0.20395821693907856,0.0,0.0,0.0,0,0,2.108509706666667,0.32504799827143005,2.1900153333333314,1.6152885333333327,2.498624333333332,5.96311093073587,0.8290754217288389,5.819188606416275,4.847835062581699,6.923098464052287,6.507844183251711,0.8731993674654795,6.295181483625704,5.302072125053297,7.485197553448708,0.13825619162027772,0.023625977430959653,0.14331240591966185,0.10050111814927014,0.16570796025715953,0.0,0.0,0.0,0,0,3.5068448000000005,0.8039713522924659,3.7452506666666636,2.179969333333336,4.326219333333334
8g,row,50,target_head_only,0.8608810167308366,0.05645858065216831,0.8599152493994422,0.7948218523081985,0.9427015453658935,6.156578894837069,1.1195413775419791,5.632008772076008,5.379663534087475,8.101238284708026,3.40899144,0.4555042320580154,3.289616866376811,2.875525724637681,4.09473922173913,0.8766654643934759,0.05818642208379059,0.8745849233428882,0.8003984899502612,0.9621062725575482,9.21157687557191,2.1046376993698677,9.472818032186895,6.503481337961857,11.927591011766548,5.387694962028986,1.1048423929535531,4.936928855072464,4.451886601449274,6.995067175362319,0.6877070896546019,0.11926306017147735,0.6550067788525273,0.5611437206975991,0.8561716534520003,0.677154590125854,0.11819819252488883,0.6519931775208803,0.5436305636723915,0.8338367762825099,3.364917892706849,0.536832696190852,3.253381253145425,2.8709076225735295,4.1979577785947715,3.692348175465483,0.6105961247033896,3.569195577096624,3.130719880695521,4.66983407595626,0.1371160190298692,0.015719264932960858,0.14413283816752506,0.11030636655948553,0.14901487046632117,0.0,0.0,0.0,0,0,1.7860923999999998,0.27468234495053084,1.7269776666666674,1.4392959999999988,2.1960420000000003,5.258351719657093,0.7437724591682484,4.834504152369281,4.648053548122066,6.086384233660131,5.7787157706314165,0.9140942989890293,5.354036340343673,4.926219847562394,6.893528691924313,0.1281655929261603,0.02899923307307731,0.11163503633916569,0.10153035294117654,0.17028249322493225,0.0,0.0,0.0,0,0,3.3622788666666663,0.6182614653398216,3.241142,2.853557000000002,4.382659666666665
8g,row,70,conditional_EA,0.8333266000465427,0.05500704080223975,0.8623260361955416,0.7390025686282824,0.8681494299921386,6.883601543277368,1.0040888249329698,6.885935065146194,5.398615510577381,8.192589366941128,3.6675390453222065,0.6427097394614478,3.862905435689627,2.832419811059956,4.473545361057027,0.8508487230274866,0.07587431917289987,0.8365394000298569,0.7576591194376442,0.960953529983261,10.01482049902214,2.450674120524597,9.476375959659189,6.601659547749939,13.142687106600816,6.008272984065887,0.849725845204229,6.060649577860958,4.888438260695135,7.0422690019790695,0.7659573048343281,0.07674759999093993,0.7866661498821925,0.6390870025151997,0.8461677736564162,0.7482693685800695,0.07675992976529511,0.7499159407714306,0.6372939756953477,0.8456980913871296,3.5623486412735685,0.6288887644488838,3.844560948056675,2.8217091553330453,4.1308107778175716,3.9552972946336524,0.6746570326606318,4.170391533007445,3.136693307026546,4.618848834143133,0.146020359056308,0.02418335322338687,0.14386870679270097,0.1160713524283078,0.17670266304324184,0.0,0.0,0.0,0,0,1.7274758703199655,0.3159383087275369,1.8099057269869254,1.2903368186925306,2.03086306761244,5.901857503651472,0.49565615254336687,5.863253789546498,5.161469129601654,6.515127579655434,6.444709590758187,0.6727862180252927,6.388518140124223,5.413331867761056,7.095459122727743,0.15700266284937414,0.013006535688067169,0.15271559538521035,0.14418683567725937,0.17764663633913708,0.0,0.0,0.0,0,0,3.679113205920392,0.39759403720811404,3.8632977183770087,3.0006380870383147,3.9591408739631166
8g,row,70,conditional_policy,0.8356104712043082,0.05712157294949719,0.8623260361955416,0.7386903311067471,0.8780957242805525,6.831857657675377,1.0650863102607169,6.89005273908822,5.190997999918138,8.137369775648391,3.7033292191709863,0.5923297679669637,3.862905435689627,2.8325830251837445,4.415408831339852,0.8520206898121725,0.07524611264768509,0.8408933213831817,0.7591373387731685,0.9609812232178409,9.980911681424262,2.446267640007402,9.436537934482212,6.599318059084739,13.102542226770712,6.0013453141110675,0.8680156360787628,6.060649577860958,4.879887660804056,7.06705754098558,0.761297774128153,0.08352660931013112,0.7858075521329806,0.6213691703467834,0.845232755077433,0.7439313774590373,0.08299887009265608,0.7499159407714306,0.6201680482213067,0.8447108193345303,3.5773462473978817,0.5937500983186387,3.844560948056675,2.7531894602138127,4.068703239417924,3.9743374093092045,0.6521776635825014,4.170391533007445,3.0398852292691396,4.57543758913525,0.14360060917636192,0.019174614830215753,0.13379582683233443,0.13109387320531718,0.17670266304324184,0.0,0.0,0.0,0,0,1.7679023148707895,0.15446544664098383,1.7964905528361275,1.5793312808791882,1.9855396044598317,5.890125275093355,0.5026024518543302,5.83774433466886,5.1522668807117675,6.515127579655434,6.429184280017734,0.6784721130548997,6.327867982799489,5.403946679006407,7.095459122727743,0.15639703208703243,0.0141771377164946,0.15649211395634707,0.14249294193111517,0.17764663633913708,0.0,0.0,0.0,0,0,3.7044009063773125,0.37803387383592896,3.8746664861576647,3.068199674623786,3.9692184152102215
8g,row,70,local_identity_shrinkage,0.8368362246221512,0.05657442570715862,0.8573562017983282,0.7386903311067471,0.8780957242805525,6.81278483775769,1.0877885581491729,6.89005273908822,5.190997999918138,8.137369775648391,3.7273481396574404,0.6090630529356388,3.836207068252735,2.8325830251837445,4.415408831339852,0.8549045998010005,0.07488942470258406,0.8408933213831817,0.7591373387731685,0.9609812232178409,9.879997653868644,2.42124345077386,9.349318240165106,6.599318059084739,13.102542226770712,5.915964970157794,0.8413036332409364,5.823699663188608,4.879887660804056,7.06705754098558,0.7575318066014916,0.08257187395944639,0.7719539626207182,0.6213691703467834,0.845232755077433,0.73958256551237,0.08092844283954881,0.7511412672485902,0.6201680482213067,0.8447108193345303,3.587026734567309,0.6193732784028475,3.7433533742478686,2.7531894602138127,4.215784008532073,3.988598472527046,0.6837267751800015,4.079557523437852,3.0398852292691396,4.662814401330615,0.1480734900765172,0.02312630921751458,0.13379582683233443,0.13109387320531718,0.18394430683615484,0.0,0.0,0.0,0,0,1.8028831995270926,0.19149537937784475,1.7964905528361275,1.5793312808791882,2.0628842061128907,5.817449913364569,0.4643469888663065,5.801019292005329,5.1522668807117675,6.3482473042366525,6.352691497103741,0.648791734170271,6.320155758235688,5.403946679006407,6.998491857319338,0.15112795526180822,0.010890981396805943,0.14457101832243704,0.14249294193111517,0.16787041993528096,0.0,0.0,0.0,0,0,3.5762453947837,0.3600346461339015,3.491573804752907,3.068199674623786,3.9692184152102215
8g,row,70,scale_only,0.8440802707975104,0.08732435014962113,0.86811296788636,0.6953682527826489,0.9259522031805258,6.404739951103743,0.7937545564809247,6.1156092676064775,5.647052978045689,7.439305386636963,3.899396895229245,0.39479431494016265,3.969584335981182,3.4810619041827184,4.412738869377333,0.8615199297577835,0.0737150305096539,0.8550728847713205,0.7570066407882425,0.9617800502708111,9.655403944529183,2.3848095126729354,9.284512254658145,6.531415169518042,13.160367900736615,5.871952249349316,1.0807801686736282,5.667944915534628,4.497041262071668,7.500604546702571,0.7173910114590892,0.10549613432417379,0.6854095105516954,0.6194463938132605,0.8835930416127119,0.7067051206586555,0.11114194026624484,0.6835717632451899,0.5911984265113328,0.8813618360987716,3.7933763444588933,0.2974682974668647,3.8440780384713262,3.4249341114436525,4.10596749489719,4.142395363178266,0.3357183790314936,4.2770562859653865,3.7367150817563632,4.540925051113412,0.18665528953927998,0.032123534838550065,0.1884244224824317,0.1532463820716599,0.2313572944675117,0.0,0.0,0.0,0,0,2.3874462869785624,0.5035364317212728,2.41499555494247,1.8491126193681922,3.1466657873587778,5.759920628339806,0.6814068472047694,5.9002054635315355,4.784384341866777,6.645021098435102,6.293209747227813,0.8791777037054771,6.388503797909216,5.062435985019454,7.484215565918583,0.1485194627377526,0.019244107296211153,0.15533589065441855,0.12520320570376267,0.1731099406545692,0.0,0.0,0.0,0,0,3.6648720497394516,0.5774891001017021,3.4913044336766426,3.1453891632405657,4.61700952147836
8g,row,70,source_anchored_full,0.581379158281798,0.15069364502972887,0.5954243525728677,0.3433321300935296,0.7224209063645644,11.078316932870928,3.094470814291913,10.411025677038515,7.833119804714917,15.709278676978197,6.110181774086956,1.5317415557073883,6.157534840289855,3.77646334057971,7.7483032678260875,0.6259916365912893,0.1693221680907597,0.6470547449781539,0.41682107854014416,0.8087358281042905,16.360161040543808,3.7421094849840904,15.891247609451046,11.36663712492395,20.913316463232125,9.895526305797102,2.637629660011325,10.919937185507248,6.402208317391305,12.4045949,1.2325496144453782,0.29647010067299645,1.1667895279990113,0.8625889259338796,1.683282482683378,1.2117912328395992,0.2856441551197696,1.165285058778455,0.8505638215678459,1.6472556527334672,6.064505102276558,1.7022417018166227,5.974920356064165,3.8509053878758173,7.928118054697713,6.665692303666747,1.821980462358171,6.747487221971484,4.230961895717881,8.751138967479918,0.27971411526026396,0.07214830893306451,0.2905847353760447,0.20128810313075507,0.37999471540469965,0.0,0.0,0.0,0,0,3.1356351933333326,0.770427833340365,3.2269241666666675,2.1497923333333313,4.153449633333333,9.518380247722314,2.569981079961734,10.669475240604575,6.181565279248365,12.067016388888888,10.348261384412188,2.655441954260169,11.709142098872087,6.796492091877709,13.048279279364612,0.2773301129903105,0.08119988548370465,0.30673083240843513,0.1898627062706271,0.3558006700167504,0.0,0.0,0.0,0,0,5.878662266666669,1.7339341459038293,6.915570333333335,3.7754069999999995,7.255515000000001
8g,row,70,source_anchored_shallow,0.7357572879203566,0.06292747562783683,0.7160725697336341,0.6840500962020287,0.8442733900789455,8.676253907146954,1.0470974008884604,8.868804347937369,7.1820509588533055,10.07846045637698,5.008942788695652,0.6693098482905816,4.884354668115941,4.084808553333334,5.759398874492753,0.7701222920167563,0.049551656618247536,0.7537499005657502,0.739091206362887,0.8570807404646971,12.986591792859894,0.8647131258046945,13.375701548789948,11.631184512708474,13.663082139404539,8.079661493391304,0.49415807562029124,7.934511900869566,7.586525776521738,8.89093331478261,0.9673557150415173,0.0784110271509013,0.9705744039913532,0.880305372803627,1.0789327975318594,0.9544471544708699,0.07230978409173822,0.955578745875787,0.8797331987174806,1.0555253120944088,4.989855989805372,0.7226384272749773,4.923682306723856,3.9600803806781046,5.718436965890524,5.442727007346322,0.7419785481300539,5.297076829176974,4.37039963845647,6.152031300371864,0.2492763380082763,0.03385940197256554,0.263667488,0.1951491968621591,0.2812863288009888,0.0,0.0,0.0,0,0,3.0450291999999997,0.2754520386339319,3.0583959999999992,2.612335999999999,3.3410703333333327,7.8321977133947795,0.6744193925017328,7.703335735825162,7.168926443035992,8.93283662610294,8.517826524635002,0.596864780140864,8.378042812026678,7.908187880440351,9.466557145262476,0.2322912791928177,0.03332309435183308,0.23861133761682243,0.18989336856010572,0.2679325758305248,0.0,0.0,0.0,0,0,5.340072866666664,0.5056581281053777,5.127619333333332,4.799557333333329,5.993986333333334
8g,row,70,standard_full_finetune,0.5671184930779707,0.2124223444684246,0.5350829006813306,0.3124140729206738,0.8570049369274689,10.994251767039447,3.2955539832583365,11.176563657097802,5.622143341232315,14.481757046872719,6.207962863043479,2.043795605227377,6.931202023768115,2.9050439863768114,8.03443665057971,0.5760770051682899,0.1944354833305745,0.46502414328589203,0.4003408718411098,0.8273785355114276,17.464372619320173,4.554270370619517,19.88701206405655,9.738299708525076,20.713645787671258,9.952028943710143,3.012525370956288,10.806042790144929,5.747329968115943,12.886285503768114,1.2531606303817684,0.3447854953539139,1.3492098777461552,0.6618206133100355,1.5700508219692144,1.2407993096692862,0.33730130924673185,1.3277150074993744,0.6596239908563505,1.5419032623198963,6.150131178357729,2.165804848998912,7.02904947634804,2.9280931789624187,8.069018510375818,6.7238015197889895,2.2290473432620996,7.80552437669585,3.17752527944295,8.548532550232238,0.29844738771698565,0.17275357972600336,0.2376242823529412,0.12794443396226415,0.5239132397191575,0.0,0.0,0.0,0,0,3.490289333333334,1.7428054953657504,2.6260026666666665,1.6875446666666658,5.708529666666667,9.695208655829191,3.1903715369341485,10.668914306535948,5.630955560457518,12.594749407271243,10.637332062127172,3.3130016383627625,11.792299217092914,6.0868396367660775,13.57636276420621,0.24231107894106702,0.1090524506245717,0.21823509749303638,0.14108459124690334,0.37888091144484737,0.0,0.0,0.0,0,0,5.4463346,1.99551215057258,5.489407,3.426808000000001,8.026662000000002
8g,row,70,standard_shallow_finetune,0.8512387215610536,0.05959790432914039,0.868421734478407,0.771873138221579,0.9251509378873429,6.41711155954402,1.1677611544864563,6.148608496932699,5.393037881970151,8.380583472635596,3.7842441592463762,0.6321475976304533,3.7206687162318848,3.0733806947826094,4.662739858840578,0.8444735457530133,0.049908177447576765,0.8247699032844564,0.8167189431071553,0.9333900083237934,10.512844831530872,1.2132963500682015,11.197180294522598,8.622474616304553,11.429562796124037,6.283972153333333,0.6345683015860455,6.028612920289856,5.885435636231883,7.399329624637681,0.7405329011636497,0.10061791083570985,0.7117209854821254,0.652880454377437,0.9027138718433277,0.7341576629365771,0.09564698177258735,0.711561459099404,0.6520786638077533,0.8848438503284186,3.8088071679717386,0.6757745275057345,3.4949010094362745,3.2355358313153593,4.890126224183007,4.158245468053654,0.7453346529912233,3.806184006508415,3.5509375540329504,5.378128465094863,0.17175608894053407,0.022507069011761534,0.18382280589365785,0.14218631853785893,0.19033683987274655,0.0,0.0,0.0,0,0,2.1205598666666665,0.3730622810550231,2.1252689999999994,1.6993790000000004,2.6908223333333314,6.303791793458529,0.6928447417133069,6.172814699754902,5.6001848688725495,7.43626554370915,6.8782073527184195,0.6947890773355945,6.767507031358605,6.2801395583415065,8.020096316958256,0.15337813286366725,0.016128109129032377,0.14647426282051285,0.13598319749216303,0.1764432971246006,0.0,0.0,0.0,0,0,3.6794375333333336,0.5999052517121446,3.472805666666666,3.059497333333333,4.484191666666668
8g,row,70,target_head_only,0.8648859646258421,0.057889827051742754,0.8615262407224755,0.7951478223256627,0.9500106667713497,6.027427582366167,1.1098195260495685,5.587039568256243,5.024841086641774,7.8922146540275175,3.32624457257971,0.46302363304170335,3.1036942179710136,3.022457844637681,4.133045208695651,0.8792558195464795,0.057221780896944845,0.8759868721826622,0.8039497015755481,0.9637572279854777,9.104367654348879,2.090924432705834,9.419723423618109,6.360231719432273,11.821009916313317,5.311885369565218,1.069019323605704,4.837648563768116,4.363426333333333,6.86801784057971,0.6752311851209817,0.12084791301930972,0.6504079571493216,0.5306485475184304,0.8351911458641968,0.6656250114466364,0.11973906644630215,0.6474883679690189,0.5166602284926387,0.8138059431002851,3.2807368475743344,0.5387889479176988,3.1063246871323535,2.963748800939542,4.234328033088235,3.6146993256851707,0.609935220889033,3.4133119221300063,3.261595254891069,4.696913478300946,0.13172716592236877,0.01050617261864194,0.13185335365853665,0.11756706512042804,0.14660669683257915,0.0,0.0,0.0,0,0,1.7044762333333328,0.1268047448010127,1.6858338333333336,1.5736573333333332,1.9149309999999993,5.19466230102527,0.6959946617718251,4.837833253267974,4.528242994913929,5.9643284125816995,5.7120844057954265,0.8707759341635845,5.283265761856325,4.7702075763404315,6.76219740609959,0.12710930739965956,0.027643712161955596,0.11137342465753435,0.1039231038026722,0.1615971612903226,0.0,0.0,0.0,0,0,3.1177255333333322,0.7414191719254288,2.8407193333333325,2.3991583333333324,4.259805666666665
8g,row,100,conditional_EA,0.8492178951095459,0.057099890123406646,0.8773243246184574,0.7485733933279364,0.8813089391214485,6.513088820863658,0.9247927843488142,6.682994191142081,5.207396191343118,7.742704153365054,3.466579399271153,0.5445740584818755,3.4419607664543936,2.729206646588991,4.162743970393864,0.8693309258398557,0.06551399694882144,0.8643688024823877,0.7784760572287156,0.9619958693734378,9.42061488075969,2.1740676259498195,9.363302762070816,6.5129483775007895,12.565540204749833,5.550908968112802,0.8022021603993801,5.263848425231573,4.635300852248222,6.632296103726855,0.7220037217647206,0.07773686006569669,0.7275105624069526,0.6070691160434372,0.8205446980121656,0.7062781063845667,0.07669383833456825,0.698139945879329,0.6044412236769039,0.8196618576367017,3.366869505053427,0.5406034255949433,3.4695802208606574,2.6932117206714787,3.917291977915491,3.748745926786613,0.5942347177119902,3.792401616364477,2.9863870349454076,4.327953735274853,0.13500587973737602,0.016996320052902292,0.12850979877938282,0.11576798657313073,0.15926088532264557,0.0,0.0,0.0,0,0,1.5902234227427603,0.21472919432469031,1.5879395014074635,1.3831564594372665,1.8839838541251037,5.449372840237599,0.4188085590199719,5.476217093694441,4.892374733364342,5.899380220191026,5.974444606953007,0.5792656765612019,5.983742496899392,5.136459341520662,6.622382105082025,0.1390803356390107,0.017042601619101153,0.139920823251123,0.11666049474589366,0.16379926770308612,0.0,0.0,0.0,0,0,3.266709315316393,0.47226567967092087,3.2008612253147195,2.779108021109508,3.798033674847879
8g,row,100,conditional_policy,0.8491656413036195,0.0577604558808093,0.8786294699769954,0.7473403410298286,0.8811564964456363,6.513017461781452,0.9393490290106007,6.682994191142081,5.179621400276753,7.753569816667755,3.547852553413649,0.5085136986420636,3.468531499571991,2.831540014264945,4.21925314540241,0.8695915103976913,0.06536777960070479,0.8643688024823877,0.7789799831225059,0.9621489965563338,9.411095894840011,2.174721639298959,9.363302762070816,6.499814067547121,12.551239930499404,5.563606270701564,0.7847005467502778,5.263848425231573,4.7014399270722125,6.633676889677793,0.7217784023035388,0.0789356277951964,0.7275105624069526,0.6045851606753976,0.8212202522966139,0.7059775256965201,0.0777021561863819,0.698139945879329,0.6020517750619628,0.8202674211679786,3.4345517967220056,0.49595058291658645,3.4695802208606574,2.749974166847739,3.917291977915491,3.8214364192508405,0.5579446582753366,3.792401616364477,3.0344719514822542,4.376554432577193,0.13776951293712064,0.012442609308624545,0.13475689906609856,0.1269759566643434,0.15926088532264557,0.0,0.0,0.0,0,0,1.6606403397817249,0.18524308538855483,1.6339029130415277,1.387247247755278,1.8839838541251037,5.462925043834074,0.3930378391482601,5.467955378591583,4.970514272995117,5.899380220191026,5.987054797533275,0.548890091783987,5.97182433337175,5.217183242652203,6.6166273203794645,0.13790409903266632,0.017430210681000435,0.13889162441021252,0.11666049474589366,0.16379926770308612,0.0,0.0,0.0,0,0,3.3356635873867617,0.49132450762965646,3.4927414120556506,2.779108021109508,3.798033674847879
8g,row,100,local_identity_shrinkage,0.8506068019846685,0.05869947380342043,0.8786294699769954,0.7473403410298286,0.887259354124676,6.473451191563934,0.9367018623229012,6.509140106352468,5.179621400276753,7.753569816667755,3.5495738370079493,0.511177371981408,3.468531499571991,2.831540014264945,4.21925314540241,0.8683450789164215,0.06512144033352939,0.8640290143332977,0.7789799831225059,0.9621489965563338,9.460178049036895,2.176503049016573,9.59638160428774,6.499814067547121,12.551239930499404,5.636231183028802,0.8400780332002027,5.323040378123705,4.7014399270722125,6.633676889677793,0.7201366293855279,0.07894648713224925,0.7206602667428228,0.6045851606753976,0.8212202522966139,0.7049933846645283,0.07763495387353773,0.6970020186504406,0.6020517750619628,0.8202674211679786,3.42852044704291,0.5008319916385493,3.4185240187242187,2.749974166847739,3.938191431656453,3.8235721786496044,0.5675567532140292,3.764229344828045,3.0344719514822542,4.376554432577193,0.13723713946779176,0.010738934378037577,0.13475689906609856,0.12783160046246356,0.15574337417788087,0.0,0.0,0.0,0,0,1.6981497072699945,0.1580649365336739,1.6339029130415277,1.5233717166189695,1.9354062227027597,5.530780640834363,0.47180986458417234,5.467955378591583,4.970514272995117,6.180502936613363,6.050635872956251,0.6023707544909085,5.97182433337175,5.217183242652203,6.654033108550838,0.14527809552989476,0.03176857276171817,0.13889162441021252,0.11771716153173345,0.19961258340338858,0.0,0.0,0.0,0,0,3.5096397176133984,0.6877071278184113,3.4927414120556506,2.848472022563243,4.529796623251865
8g,row,100,scale_only,0.852852017862331,0.08225046794521575,0.8669479354427212,0.7151565116580361,0.9366073307487752,6.198540682176667,0.7387592679263352,5.9704141462055516,5.443410038110489,7.193627645166435,3.8248837147187054,0.37102067921538345,3.872405914633053,3.2524519865207604,4.257841056607938,0.8746235057926747,0.062850472311753,0.8697372501272382,0.7858013709551348,0.9622145004645216,9.243614384224859,2.1271288749885215,9.181463413548355,6.494187432210326,12.356036177729965,5.519750429236308,0.8458143070663229,5.471025641761521,4.46884186971166,6.7483095243503035,0.6904829851657632,0.10283907587108777,0.685629934796318,0.5826117981588064,0.8438493832741435,0.68081366277392,0.10741720342057436,0.6813676279024673,0.5610364827493433,0.8407567274948945,3.7244129364860816,0.4339384989095116,3.6561292130355416,3.182376437993472,4.385963505122958,4.06827366403761,0.46428256318830935,4.047656345241909,3.485617482125173,4.778970984426678,0.18587739775529424,0.017205122162008483,0.18126919460767862,0.16976515725249966,0.21135439048493787,0.0,0.0,0.0,0,0,2.354523083776433,0.2545906154026887,2.2217964851374585,2.1318772925915503,2.710943536727859,5.416906719321511,0.4491183164101419,5.376240203048699,4.754094938124888,5.981461783945766,5.936713238229662,0.630693073648304,5.917648427871558,5.0260197149104595,6.786152936234953,0.13773937862676938,0.009593814763717748,0.1372075723139022,0.12443971730445501,0.15141264274566438,0.0,0.0,0.0,0,0,3.355452417158985,0.40129446529095997,3.2944244555860003,3.0286398924515296,4.008669931173463
8g,row,100,source_anchored_full,0.6407466763342163,0.14169368951868008,0.6583092036251077,0.41739121170934523,0.7759746607053745,10.509831160246094,4.225089357740458,8.69076552270784,6.815004059760521,17.15426738517138,5.385609983594203,1.8147155851429253,4.346304740869566,3.973823191014493,8.26528755188406,0.6598191429528945,0.11855417531267129,0.6536579341288953,0.47937986203956695,0.782301542326749,16.061472460871926,4.748559004405156,13.793940856384227,12.456570889421554,24.1058647910289,9.106626567246376,1.8745594889445896,7.965850995652175,7.752188169565218,11.972499079710145,1.1800419157889854,0.4271571522320989,0.9880953982962307,0.8210936580764878,1.8691985637588089,1.1664286430144477,0.41437291760058725,0.9804775701287336,0.8198581068094595,1.8382390554358832,5.431032824455031,1.786179231409794,4.598385115441178,3.705769955555556,8.074477238615025,6.012992110210871,2.053027860849641,5.063014059784788,4.087839167525447,9.157799721069031,0.22147611928358774,0.041893220935835834,0.20811290421927947,0.1808654379562043,0.28836481632653066,0.0,0.0,0.0,0,0,2.4601014733333333,0.4173226910774782,2.2606219999999997,2.042673333333333,3.0249620000000004,9.020191632642227,1.9678229109262793,8.14871321119281,7.07813743872549,11.623485406103288,9.856015613646742,2.1886287349429265,8.829168039949526,7.815031214680499,13.006216334801401,0.2327491711082112,0.03179552707581077,0.22775137236750748,0.20907686209744006,0.287359514370664,0.0,0.0,0.0,0,0,5.298090366666668,0.6666344334938974,5.341945666666668,4.446573333333333,6.221039333333337
8g,row,100,source_anchored_shallow,0.7517722730636918,0.08303236356698018,0.7206661650770303,0.6954905210893627,0.8970982454390771,8.29879356747475,1.497274520559818,7.857839685852769,6.862836993126385,10.531748136637672,4.789268552695651,0.7993645511451507,4.4326242605797095,4.000893903768116,5.672955131014492,0.7827094457873798,0.07463104525577596,0.7685138865635992,0.7134953777918591,0.9072767938983332,12.426685771521582,1.752531967664516,12.41896741004669,10.173173581014023,14.317597105430117,7.663953896115942,1.2788117640181447,7.596659930434783,6.101755116521738,9.32715116956522,0.9250168811374424,0.14529764975665518,0.8621263440116371,0.7866157017864417,1.126722677460875,0.9130817958554281,0.1401737228337455,0.8493483191535494,0.7738634472390651,1.1020432212762579,4.766015806324358,0.8648640010605784,4.626863052949346,3.867527312499999,5.793767304534315,5.1852886326562055,0.9056579607911523,4.9566307167611265,4.263138083094926,6.224778266736577,0.2335128966025138,0.04068662949679362,0.252399378238342,0.1785610728436453,0.26914224924012153,0.0,0.0,0.0,0,0,2.9375381599999995,0.38978062133345615,2.9562674666666666,2.356370666666665,3.3104390000000024,7.468487394742359,1.4552325014977459,7.479779129207517,5.827547724569639,9.397220638071895,8.120595260350274,1.4022690499153765,7.944395344195681,6.478284124160198,9.954693845875724,0.21383021574806885,0.054027241523321015,0.22580718792866936,0.14443866689454796,0.26527534994068797,0.0,0.0,0.0,0,0,5.091951399999999,0.8914019195041554,5.465161999999999,4.081145333333328,5.998060000000001
8g,row,100,standard_full_finetune,0.5727118517244457,0.12990691252339,0.6366062176080338,0.3543125740822365,0.6767251079588497,11.114359280946735,2.1249338797050537,10.830686144708766,8.45332137194767,13.547913204418471,6.2492476375072465,1.6198006530052467,6.545461655942029,3.685353893043479,7.994312319710145,0.5925805589878639,0.1425382404145846,0.6064193936447834,0.40192859554965366,0.7788923923742818,17.164957516753766,2.667091171215145,17.180620519256244,13.698345468641765,20.68620574465029,9.723976829855072,2.666947402919016,8.786807082608695,7.256910884057971,12.576532831304348,1.2573610790021215,0.1728834527674118,1.2689913352649473,0.968744814803237,1.3983999100354667,1.239108482115347,0.16058823734556152,1.2660584270707929,0.9624375261952471,1.3545962291474316,6.272808932715549,1.6191292429245185,6.561307704460093,3.653294553643791,7.9741469895424855,6.842561204672985,1.6526780738461841,7.433809724106083,4.067283309871364,8.415312354250814,0.30460783864416313,0.1640539885001539,0.2862852230652503,0.11298082246740221,0.5070925232358003,0.0,0.0,0.0,0,0,3.5403926999999995,1.7294785635153977,3.3394793333333332,1.3526369999999996,5.560576999999999,9.47353156994914,2.4427786140684824,8.932379961601308,7.06262192377451,12.19498205751634,10.38119083461635,2.5681632367597573,9.91553017745139,7.642215054569132,13.1341034306018,0.2469303764855691,0.1008980791791616,0.19321278152069302,0.15388931785195936,0.35716687850467294,0.0,0.0,0.0,0,0,5.1398470666666665,2.2229634213531706,4.141424333333333,2.653789999999997,7.964107666666667
8g,row,100,standard_shallow_finetune,0.8598785678959843,0.05425692092156595,0.8670468653812238,0.7837379412661356,0.9312152061231959,6.214064196050153,0.9368946975953107,5.894268015697646,5.4211407469013535,7.796207050361217,3.555343220637681,0.4552860644501225,3.5635268211594204,2.9091931791304346,4.189365137101449,0.8680231875963076,0.04296090689052084,0.8641921441886,0.8275156902377301,0.938074017233721,9.699509948139674,1.0130626158443161,9.61436003241615,8.313783075029894,11.087806171800343,5.738115231304347,0.5163254316705059,5.673832344927536,5.106733355072463,6.41788588115942,0.7034445878728814,0.08198054126446717,0.6630267768407971,0.638139210975553,0.8285564025501106,0.695977634805082,0.07705807343824903,0.6601143851666207,0.6325872436195078,0.8085839031388711,3.5418622169526834,0.4852162101994307,3.398028089436619,3.077523941160131,4.349739432761437,3.879038256052567,0.5585725224040485,3.7136435176827813,3.3941269322001246,4.828410594612414,0.15079955825341762,0.020019775334446138,0.14968368633791426,0.12649272177419368,0.1808860309810671,0.0,0.0,0.0,0,0,1.9132871999999996,0.3568683143118922,1.967300999999999,1.361450333333332,2.2719986666666667,5.670539142894458,0.505129909102134,5.534304969771242,5.00707957638889,6.3093799530228765,6.1996545802366585,0.4920070067448628,6.186417368388298,5.581855656341396,6.817377386185466,0.12771422933333437,0.015030338760032323,0.12527474518686288,0.10737806277421548,0.1482047894736842,0.0,0.0,0.0,0,0,3.371956666666665,0.5218548770542231,3.147625333333334,2.8342196666666624,4.167749999999998
8g,row,100,target_head_only,0.8633700883230475,0.0578984242941858,0.8574836801962615,0.7963332758432154,0.9485367274606206,6.069854543700356,1.1378336420816515,5.612724065417099,5.098381847672085,8.007257220919785,3.3430514278840575,0.46367217818473894,3.2035248437681156,3.0478962243478267,4.156831779710145,0.8787585535135234,0.057763046517472216,0.8784664090311929,0.8028966651286131,0.9635495038123412,9.122946677466814,2.1119357938154155,9.325078274881214,6.378432399758414,11.852714238707433,5.297948515362319,1.0969010890382063,4.758091784057971,4.341355198550724,6.891602862318841,0.6789053550551098,0.1226717655627257,0.6450626667764711,0.5366857512400509,0.8473957555395404,0.6688950253822882,0.12143848515033645,0.6420733367052827,0.5218927867807104,0.8257089377611002,3.2912474362560986,0.5497655749642568,3.0858581502347424,2.911366951960784,4.253261715277777,3.627899602072334,0.619417345494201,3.378056907086084,3.217599716873441,4.7182250978911116,0.1297629135324066,0.009408815906210564,0.12971249999999995,0.1194188361581921,0.1437064431575738,0.0,0.0,0.0,0,0,1.6989698666666668,0.10398809969724539,1.6925363333333339,1.5485256666666682,1.8112469999999998,5.170250465802725,0.7437582620421559,4.822350661846406,4.504072627543036,5.980735575571894,5.684953235406249,0.9195002960129296,5.2635922980996455,4.755382425690625,6.7814328390231005,0.1274899840443716,0.025106243564767643,0.12331654289372587,0.1017696614821592,0.16462263214209286,0.0,0.0,0.0,0,0,3.118807333333333,0.6887724201144206,2.899720666666667,2.481456333333334,4.270943666666664
