scope,outer_seed,method,metric,active_label_count,gap_closed,gap_status
seed,157.0,gradient_maxdet,combined_normalized_RMSE,333,-0.0,VALID
seed,157.0,gradient_maxdet,combined_normalized_RMSE,365,0.09129727381904372,VALID
seed,157.0,gradient_maxdet,combined_normalized_RMSE,397,0.3421558496760489,VALID
seed,157.0,gradient_maxdet,combined_normalized_RMSE,429,0.4567145562936965,VALID
seed,157.0,gradient_maxdet,combined_normalized_RMSE,461,0.45305439899928573,VALID
seed,157.0,gradient_maxdet,combined_normalized_RMSE,493,0.5369176890184938,VALID
seed,157.0,gradient_maxdet,combined_normalized_RMSE,525,0.4490881085175228,VALID
seed,157.0,gradient_maxdet,combined_normalized_RMSE,557,0.8013497218191588,VALID
seed,157.0,gradient_maxdet,combined_normalized_RMSE,589,0.8297157388079556,VALID
seed,157.0,gradient_maxdet,combined_normalized_RMSE,621,0.8004193618360652,VALID
seed,157.0,gradient_maxdet,combined_normalized_RMSE,653,0.8687556245823909,VALID
seed,157.0,gradient_maxdet,combined_normalized_RMSE,685,0.8750548402019768,VALID
seed,157.0,gradient_maxdet,combined_normalized_RMSE,717,0.8860480803951777,VALID
seed,157.0,gradient_maxdet,combined_normalized_RMSE,749,0.8790169281845901,VALID
seed,157.0,gradient_maxdet,combined_normalized_RMSE,781,0.8910096991069602,VALID
seed,157.0,gradient_maxdet,combined_normalized_RMSE,813,0.9128251544138845,VALID
seed,157.0,gradient_maxdet,combined_normalized_RMSE,845,0.8445247558151904,VALID
seed,157.0,gradient_maxdet,combined_normalized_RMSE,877,0.8086489280157118,VALID
seed,157.0,gradient_maxdet,combined_normalized_RMSE,909,0.8309480605652889,VALID
seed,157.0,gradient_maxdet,combined_normalized_RMSE,941,0.7823283607404019,VALID
seed,157.0,gradient_maxdet,combined_normalized_RMSE,973,0.8112106087429688,VALID
seed,157.0,gradient_maxdet,combined_normalized_RMSE,1005,0.8695656132889293,VALID
seed,157.0,hybrid,combined_normalized_RMSE,333,-0.0,VALID
seed,157.0,hybrid,combined_normalized_RMSE,365,0.03601517348586025,VALID
seed,157.0,hybrid,combined_normalized_RMSE,397,0.2400200260978114,VALID
seed,157.0,hybrid,combined_normalized_RMSE,429,0.552684445670341,VALID
seed,157.0,hybrid,combined_normalized_RMSE,461,0.42977446363057575,VALID
seed,157.0,hybrid,combined_normalized_RMSE,493,0.44297280464065175,VALID
seed,157.0,hybrid,combined_normalized_RMSE,525,0.48877322215193186,VALID
seed,157.0,hybrid,combined_normalized_RMSE,557,0.624757817037533,VALID
seed,157.0,hybrid,combined_normalized_RMSE,589,0.48792913165709967,VALID
seed,157.0,hybrid,combined_normalized_RMSE,621,0.5527395927515417,VALID
seed,157.0,hybrid,combined_normalized_RMSE,653,0.5752434354171877,VALID
seed,157.0,hybrid,combined_normalized_RMSE,685,0.6462231329401057,VALID
seed,157.0,hybrid,combined_normalized_RMSE,717,0.6704533897419721,VALID
seed,157.0,hybrid,combined_normalized_RMSE,749,0.7331677842243954,VALID
seed,157.0,hybrid,combined_normalized_RMSE,781,0.6766424893669809,VALID
seed,157.0,hybrid,combined_normalized_RMSE,813,0.6196943044416844,VALID
seed,157.0,hybrid,combined_normalized_RMSE,845,0.6702380539322732,VALID
seed,157.0,hybrid,combined_normalized_RMSE,877,0.7399571748681647,VALID
seed,157.0,hybrid,combined_normalized_RMSE,909,0.6775861459034328,VALID
seed,157.0,hybrid,combined_normalized_RMSE,941,0.6888525350696203,VALID
seed,157.0,hybrid,combined_normalized_RMSE,973,0.678071574495389,VALID
seed,157.0,hybrid,combined_normalized_RMSE,1005,0.673644461048988,VALID
seed,157.0,kernel_ivr,combined_normalized_RMSE,333,-0.0,VALID
seed,157.0,kernel_ivr,combined_normalized_RMSE,365,-0.07609802574940025,VALID
seed,157.0,kernel_ivr,combined_normalized_RMSE,397,0.10471333514793515,VALID
seed,157.0,kernel_ivr,combined_normalized_RMSE,429,0.3512770040067259,VALID
seed,157.0,kernel_ivr,combined_normalized_RMSE,461,0.5308778292525113,VALID
seed,157.0,kernel_ivr,combined_normalized_RMSE,493,0.551194273524377,VALID
seed,157.0,kernel_ivr,combined_normalized_RMSE,525,0.8067292308463536,VALID
seed,157.0,kernel_ivr,combined_normalized_RMSE,557,0.6726887601032158,VALID
seed,157.0,kernel_ivr,combined_normalized_RMSE,589,0.7712697873654929,VALID
seed,157.0,kernel_ivr,combined_normalized_RMSE,621,0.7425383587898654,VALID
seed,157.0,kernel_ivr,combined_normalized_RMSE,653,0.7541877471795926,VALID
seed,157.0,kernel_ivr,combined_normalized_RMSE,685,0.7726926105860957,VALID
seed,157.0,kernel_ivr,combined_normalized_RMSE,717,0.7880560922631369,VALID
seed,157.0,kernel_ivr,combined_normalized_RMSE,749,0.8770499186230754,VALID
seed,157.0,kernel_ivr,combined_normalized_RMSE,781,0.8881140272777686,VALID
seed,157.0,kernel_ivr,combined_normalized_RMSE,813,0.7400276307218375,VALID
seed,157.0,kernel_ivr,combined_normalized_RMSE,845,0.7556998686502331,VALID
seed,157.0,kernel_ivr,combined_normalized_RMSE,877,0.8301012030231253,VALID
seed,157.0,kernel_ivr,combined_normalized_RMSE,909,0.8402192691373087,VALID
seed,157.0,kernel_ivr,combined_normalized_RMSE,941,0.8193206533865282,VALID
seed,157.0,kernel_ivr,combined_normalized_RMSE,973,0.9684373090725519,VALID
seed,157.0,kernel_ivr,combined_normalized_RMSE,1005,0.8869719813691478,VALID
seed,157.0,lcmd,combined_normalized_RMSE,333,-0.0,VALID
seed,157.0,lcmd,combined_normalized_RMSE,365,0.10400304767540174,VALID
seed,157.0,lcmd,combined_normalized_RMSE,397,0.07578745055505827,VALID
seed,157.0,lcmd,combined_normalized_RMSE,429,0.22476334899746278,VALID
seed,157.0,lcmd,combined_normalized_RMSE,461,0.17421937026503298,VALID
seed,157.0,lcmd,combined_normalized_RMSE,493,0.4427599751908905,VALID
seed,157.0,lcmd,combined_normalized_RMSE,525,0.503262568330029,VALID
seed,157.0,lcmd,combined_normalized_RMSE,557,0.4734390525251846,VALID
seed,157.0,lcmd,combined_normalized_RMSE,589,0.47704919811065416,VALID
seed,157.0,lcmd,combined_normalized_RMSE,621,0.5950615491359611,VALID
seed,157.0,lcmd,combined_normalized_RMSE,653,0.6290984524672405,VALID
seed,157.0,lcmd,combined_normalized_RMSE,685,0.6745262128266124,VALID
seed,157.0,lcmd,combined_normalized_RMSE,717,0.7498174893221061,VALID
seed,157.0,lcmd,combined_normalized_RMSE,749,0.7580585103179887,VALID
seed,157.0,lcmd,combined_normalized_RMSE,781,0.7351345488866662,VALID
seed,157.0,lcmd,combined_normalized_RMSE,813,0.7632433017960658,VALID
seed,157.0,lcmd,combined_normalized_RMSE,845,0.761095969363804,VALID
seed,157.0,lcmd,combined_normalized_RMSE,877,0.770605682994942,VALID
seed,157.0,lcmd,combined_normalized_RMSE,909,0.717676254419876,VALID
seed,157.0,lcmd,combined_normalized_RMSE,941,0.812073304447918,VALID
seed,157.0,lcmd,combined_normalized_RMSE,973,0.7768917102685127,VALID
seed,157.0,lcmd,combined_normalized_RMSE,1005,0.7900256621542256,VALID
seed,157.0,random,combined_normalized_RMSE,333,-0.0,VALID
seed,157.0,random,combined_normalized_RMSE,365,0.0968665215647355,VALID
seed,157.0,random,combined_normalized_RMSE,397,-0.35015534292434547,VALID
seed,157.0,random,combined_normalized_RMSE,429,-0.47730125171755117,VALID
seed,157.0,random,combined_normalized_RMSE,461,-0.4625091240785793,VALID
seed,157.0,random,combined_normalized_RMSE,493,-0.2301321781117506,VALID
seed,157.0,random,combined_normalized_RMSE,525,-0.18821693757630822,VALID
seed,157.0,random,combined_normalized_RMSE,557,-0.32423783027913416,VALID
seed,157.0,random,combined_normalized_RMSE,589,-0.11505893051745784,VALID
seed,157.0,random,combined_normalized_RMSE,621,0.0411349757400485,VALID
seed,157.0,random,combined_normalized_RMSE,653,0.042890877550928116,VALID
seed,157.0,random,combined_normalized_RMSE,685,-0.12341126345385597,VALID
seed,157.0,random,combined_normalized_RMSE,717,-0.17763340956862594,VALID
seed,157.0,random,combined_normalized_RMSE,749,-0.13805962727687904,VALID
seed,157.0,random,combined_normalized_RMSE,781,-0.10022920416728817,VALID
seed,157.0,random,combined_normalized_RMSE,813,0.14204343798374897,VALID
seed,157.0,random,combined_normalized_RMSE,845,0.05529970057413539,VALID
seed,157.0,random,combined_normalized_RMSE,877,-0.07567446018734075,VALID
seed,157.0,random,combined_normalized_RMSE,909,0.3378414727829339,VALID
seed,157.0,random,combined_normalized_RMSE,941,0.2806281740310852,VALID
seed,157.0,random,combined_normalized_RMSE,973,0.3708433102438495,VALID
seed,157.0,random,combined_normalized_RMSE,1005,0.2765808056004302,VALID
seed,157.0,u50_gradient_maxdet,combined_normalized_RMSE,333,-0.0,VALID
seed,157.0,u50_gradient_maxdet,combined_normalized_RMSE,365,0.09129727381904372,VALID
seed,157.0,u50_gradient_maxdet,combined_normalized_RMSE,397,0.3421558496760489,VALID
seed,157.0,u50_gradient_maxdet,combined_normalized_RMSE,429,0.4567145562936965,VALID
seed,157.0,u50_gradient_maxdet,combined_normalized_RMSE,461,0.45305439899928573,VALID
seed,157.0,u50_gradient_maxdet,combined_normalized_RMSE,493,0.5161801044506457,VALID
seed,157.0,u50_gradient_maxdet,combined_normalized_RMSE,525,0.5205886793053408,VALID
seed,157.0,u50_gradient_maxdet,combined_normalized_RMSE,557,0.557429719314178,VALID
seed,157.0,u50_gradient_maxdet,combined_normalized_RMSE,589,0.831181662976804,VALID
seed,157.0,u50_gradient_maxdet,combined_normalized_RMSE,621,0.8135456597190905,VALID
seed,157.0,u50_gradient_maxdet,combined_normalized_RMSE,653,0.8649382216555881,VALID
seed,157.0,u50_gradient_maxdet,combined_normalized_RMSE,685,0.7867080054249933,VALID
seed,157.0,u50_gradient_maxdet,combined_normalized_RMSE,717,0.8408835502304779,VALID
seed,157.0,u50_gradient_maxdet,combined_normalized_RMSE,749,0.7316462114823358,VALID
seed,157.0,u50_gradient_maxdet,combined_normalized_RMSE,781,0.8539548607883741,VALID
seed,157.0,u50_gradient_maxdet,combined_normalized_RMSE,813,0.8872747187839417,VALID
seed,157.0,u50_gradient_maxdet,combined_normalized_RMSE,845,0.8710621142879883,VALID
seed,157.0,u50_gradient_maxdet,combined_normalized_RMSE,877,0.8350450074591551,VALID
seed,157.0,u50_gradient_maxdet,combined_normalized_RMSE,909,0.7950986885127951,VALID
seed,157.0,u50_gradient_maxdet,combined_normalized_RMSE,941,0.8434568127793469,VALID
seed,157.0,u50_gradient_maxdet,combined_normalized_RMSE,973,0.826619147120686,VALID
seed,157.0,u50_gradient_maxdet,combined_normalized_RMSE,1005,0.8751360825345161,VALID
seed,157.0,gradient_maxdet,V1_RMSE,333,-0.0,VALID
seed,157.0,gradient_maxdet,V1_RMSE,365,0.02892936655722231,VALID
seed,157.0,gradient_maxdet,V1_RMSE,397,0.31979891346455513,VALID
seed,157.0,gradient_maxdet,V1_RMSE,429,0.3858083909352691,VALID
seed,157.0,gradient_maxdet,V1_RMSE,461,0.38265097458992414,VALID
seed,157.0,gradient_maxdet,V1_RMSE,493,0.4883792787989674,VALID
seed,157.0,gradient_maxdet,V1_RMSE,525,0.40813227323621964,VALID
seed,157.0,gradient_maxdet,V1_RMSE,557,0.7977939658349567,VALID
seed,157.0,gradient_maxdet,V1_RMSE,589,0.8258470755499526,VALID
seed,157.0,gradient_maxdet,V1_RMSE,621,0.7897408238709513,VALID
seed,157.0,gradient_maxdet,V1_RMSE,653,0.873085424844381,VALID
seed,157.0,gradient_maxdet,V1_RMSE,685,0.8823960503758684,VALID
seed,157.0,gradient_maxdet,V1_RMSE,717,0.8929746056911232,VALID
seed,157.0,gradient_maxdet,V1_RMSE,749,0.8735453158984062,VALID
seed,157.0,gradient_maxdet,V1_RMSE,781,0.8910256349280445,VALID
seed,157.0,gradient_maxdet,V1_RMSE,813,0.9417516764771544,VALID
seed,157.0,gradient_maxdet,V1_RMSE,845,0.7861127299133892,VALID
seed,157.0,gradient_maxdet,V1_RMSE,877,0.7531040653804035,VALID
seed,157.0,gradient_maxdet,V1_RMSE,909,0.7521280224108525,VALID
seed,157.0,gradient_maxdet,V1_RMSE,941,0.6711711051109472,VALID
seed,157.0,gradient_maxdet,V1_RMSE,973,0.7138051604879659,VALID
seed,157.0,gradient_maxdet,V1_RMSE,1005,0.799170877381484,VALID
seed,157.0,hybrid,V1_RMSE,333,-0.0,VALID
seed,157.0,hybrid,V1_RMSE,365,-0.02723388925700636,VALID
seed,157.0,hybrid,V1_RMSE,397,0.0921863529717571,VALID
seed,157.0,hybrid,V1_RMSE,429,0.5739026377395491,VALID
seed,157.0,hybrid,V1_RMSE,461,0.27638177642786343,VALID
seed,157.0,hybrid,V1_RMSE,493,0.28425837465959264,VALID
seed,157.0,hybrid,V1_RMSE,525,0.3364608269249783,VALID
seed,157.0,hybrid,V1_RMSE,557,0.6222524379390911,VALID
seed,157.0,hybrid,V1_RMSE,589,0.335085147021487,VALID
seed,157.0,hybrid,V1_RMSE,621,0.3996648320944766,VALID
seed,157.0,hybrid,V1_RMSE,653,0.41842569532946916,VALID
seed,157.0,hybrid,V1_RMSE,685,0.5074392522036825,VALID
seed,157.0,hybrid,V1_RMSE,717,0.5393549415431128,VALID
seed,157.0,hybrid,V1_RMSE,749,0.6312789217298791,VALID
seed,157.0,hybrid,V1_RMSE,781,0.5168204317215374,VALID
seed,157.0,hybrid,V1_RMSE,813,0.42457597913938455,VALID
seed,157.0,hybrid,V1_RMSE,845,0.5158457443544794,VALID
seed,157.0,hybrid,V1_RMSE,877,0.638685250569033,VALID
seed,157.0,hybrid,V1_RMSE,909,0.5443389530512728,VALID
seed,157.0,hybrid,V1_RMSE,941,0.5593602158619829,VALID
seed,157.0,hybrid,V1_RMSE,973,0.5127923802115275,VALID
seed,157.0,hybrid,V1_RMSE,1005,0.501277254259257,VALID
seed,157.0,kernel_ivr,V1_RMSE,333,-0.0,VALID
seed,157.0,kernel_ivr,V1_RMSE,365,-0.11072278298369562,VALID
seed,157.0,kernel_ivr,V1_RMSE,397,0.004794701524497066,VALID
seed,157.0,kernel_ivr,V1_RMSE,429,0.2821813217588878,VALID
seed,157.0,kernel_ivr,V1_RMSE,461,0.48280511322754754,VALID
seed,157.0,kernel_ivr,V1_RMSE,493,0.389267847398963,VALID
seed,157.0,kernel_ivr,V1_RMSE,525,0.8388845687285343,VALID
seed,157.0,kernel_ivr,V1_RMSE,557,0.5611165880513128,VALID
seed,157.0,kernel_ivr,V1_RMSE,589,0.709874681143347,VALID
seed,157.0,kernel_ivr,V1_RMSE,621,0.6586344622571136,VALID
seed,157.0,kernel_ivr,V1_RMSE,653,0.6542741052507776,VALID
seed,157.0,kernel_ivr,V1_RMSE,685,0.6859657630427713,VALID
seed,157.0,kernel_ivr,V1_RMSE,717,0.7331571344626894,VALID
seed,157.0,kernel_ivr,V1_RMSE,749,0.916592744233813,VALID
seed,157.0,kernel_ivr,V1_RMSE,781,0.8962289377848617,VALID
seed,157.0,kernel_ivr,V1_RMSE,813,0.6286020138340982,VALID
seed,157.0,kernel_ivr,V1_RMSE,845,0.6372667686180614,VALID
seed,157.0,kernel_ivr,V1_RMSE,877,0.7619042071435272,VALID
seed,157.0,kernel_ivr,V1_RMSE,909,0.8218190848742447,VALID
seed,157.0,kernel_ivr,V1_RMSE,941,0.763499448755807,VALID
seed,157.0,kernel_ivr,V1_RMSE,973,1.0145654194149993,VALID
seed,157.0,kernel_ivr,V1_RMSE,1005,0.8632768770083831,VALID
seed,157.0,lcmd,V1_RMSE,333,-0.0,VALID
seed,157.0,lcmd,V1_RMSE,365,0.04098337054364181,VALID
seed,157.0,lcmd,V1_RMSE,397,0.08085340769217203,VALID
seed,157.0,lcmd,V1_RMSE,429,0.18868707195891904,VALID
seed,157.0,lcmd,V1_RMSE,461,0.03915750388386975,VALID
seed,157.0,lcmd,V1_RMSE,493,0.3430518798820907,VALID
seed,157.0,lcmd,V1_RMSE,525,0.42054445477499847,VALID
seed,157.0,lcmd,V1_RMSE,557,0.4075429579524529,VALID
seed,157.0,lcmd,V1_RMSE,589,0.39716090054545394,VALID
seed,157.0,lcmd,V1_RMSE,621,0.5029737239941934,VALID
seed,157.0,lcmd,V1_RMSE,653,0.5615988439481215,VALID
seed,157.0,lcmd,V1_RMSE,685,0.5972096410844558,VALID
seed,157.0,lcmd,V1_RMSE,717,0.6575057425968133,VALID
seed,157.0,lcmd,V1_RMSE,749,0.6611733509434591,VALID
seed,157.0,lcmd,V1_RMSE,781,0.627654955763384,VALID
seed,157.0,lcmd,V1_RMSE,813,0.6567952700290399,VALID
seed,157.0,lcmd,V1_RMSE,845,0.6930595686427307,VALID
seed,157.0,lcmd,V1_RMSE,877,0.6946992233763792,VALID
seed,157.0,lcmd,V1_RMSE,909,0.6138308789071406,VALID
seed,157.0,lcmd,V1_RMSE,941,0.768401962298754,VALID
seed,157.0,lcmd,V1_RMSE,973,0.6893926793348804,VALID
seed,157.0,lcmd,V1_RMSE,1005,0.76290424970499,VALID
seed,157.0,random,V1_RMSE,333,-0.0,VALID
seed,157.0,random,V1_RMSE,365,0.12568301194243925,VALID
seed,157.0,random,V1_RMSE,397,-0.4042231102292813,VALID
seed,157.0,random,V1_RMSE,429,-0.5484569691652474,VALID
seed,157.0,random,V1_RMSE,461,-0.49667041337943835,VALID
seed,157.0,random,V1_RMSE,493,-0.20124221428003272,VALID
seed,157.0,random,V1_RMSE,525,-0.22078969802365256,VALID
seed,157.0,random,V1_RMSE,557,-0.3367114347801433,VALID
seed,157.0,random,V1_RMSE,589,-0.061601020096719535,VALID
seed,157.0,random,V1_RMSE,621,0.016961594603092878,VALID
seed,157.0,random,V1_RMSE,653,0.004358171177271877,VALID
seed,157.0,random,V1_RMSE,685,-0.04784760163292967,VALID
seed,157.0,random,V1_RMSE,717,-0.1330170951537237,VALID
seed,157.0,random,V1_RMSE,749,-0.04310362713513557,VALID
seed,157.0,random,V1_RMSE,781,-0.0825846697538454,VALID
seed,157.0,random,V1_RMSE,813,0.20742313424562778,VALID
seed,157.0,random,V1_RMSE,845,0.11190956513981959,VALID
seed,157.0,random,V1_RMSE,877,0.050107455114377565,VALID
seed,157.0,random,V1_RMSE,909,0.5038916525907564,VALID
seed,157.0,random,V1_RMSE,941,0.3518086155672498,VALID
seed,157.0,random,V1_RMSE,973,0.44596126024415966,VALID
seed,157.0,random,V1_RMSE,1005,0.36061204387701007,VALID
seed,157.0,u50_gradient_maxdet,V1_RMSE,333,-0.0,VALID
seed,157.0,u50_gradient_maxdet,V1_RMSE,365,0.02892936655722231,VALID
seed,157.0,u50_gradient_maxdet,V1_RMSE,397,0.31979891346455513,VALID
seed,157.0,u50_gradient_maxdet,V1_RMSE,429,0.3858083909352691,VALID
seed,157.0,u50_gradient_maxdet,V1_RMSE,461,0.38265097458992414,VALID
seed,157.0,u50_gradient_maxdet,V1_RMSE,493,0.45573099344311907,VALID
seed,157.0,u50_gradient_maxdet,V1_RMSE,525,0.4521400734283399,VALID
seed,157.0,u50_gradient_maxdet,V1_RMSE,557,0.5196347981156171,VALID
seed,157.0,u50_gradient_maxdet,V1_RMSE,589,0.8500554476256019,VALID
seed,157.0,u50_gradient_maxdet,V1_RMSE,621,0.7737083490230359,VALID
seed,157.0,u50_gradient_maxdet,V1_RMSE,653,0.8967673431820163,VALID
seed,157.0,u50_gradient_maxdet,V1_RMSE,685,0.7352410692298493,VALID
seed,157.0,u50_gradient_maxdet,V1_RMSE,717,0.7943501856377281,VALID
seed,157.0,u50_gradient_maxdet,V1_RMSE,749,0.6167203818810834,VALID
seed,157.0,u50_gradient_maxdet,V1_RMSE,781,0.847962827222688,VALID
seed,157.0,u50_gradient_maxdet,V1_RMSE,813,0.9159318848628363,VALID
seed,157.0,u50_gradient_maxdet,V1_RMSE,845,0.8674829162939126,VALID
seed,157.0,u50_gradient_maxdet,V1_RMSE,877,0.7694511677460173,VALID
seed,157.0,u50_gradient_maxdet,V1_RMSE,909,0.6982563430778268,VALID
seed,157.0,u50_gradient_maxdet,V1_RMSE,941,0.7802734557753137,VALID
seed,157.0,u50_gradient_maxdet,V1_RMSE,973,0.7626272055712576,VALID
seed,157.0,u50_gradient_maxdet,V1_RMSE,1005,0.8438787062592243,VALID
seed,157.0,gradient_maxdet,V2_RMSE,333,-0.0,VALID
seed,157.0,gradient_maxdet,V2_RMSE,365,0.1439199133972427,VALID
seed,157.0,gradient_maxdet,V2_RMSE,397,0.3544035008124155,VALID
seed,157.0,gradient_maxdet,V2_RMSE,429,0.515763412383205,VALID
seed,157.0,gradient_maxdet,V2_RMSE,461,0.511558794038149,VALID
seed,157.0,gradient_maxdet,V2_RMSE,493,0.5742217518835259,VALID
seed,157.0,gradient_maxdet,V2_RMSE,525,0.4783842207871625,VALID
seed,157.0,gradient_maxdet,V2_RMSE,557,0.7968336439501187,VALID
seed,157.0,gradient_maxdet,V2_RMSE,589,0.8263211643340032,VALID
seed,157.0,gradient_maxdet,V2_RMSE,621,0.8034566677765882,VALID
seed,157.0,gradient_maxdet,V2_RMSE,653,0.8577530914551914,VALID
seed,157.0,gradient_maxdet,V2_RMSE,685,0.8610039270755427,VALID
seed,157.0,gradient_maxdet,V2_RMSE,717,0.872808117130069,VALID
seed,157.0,gradient_maxdet,V2_RMSE,749,0.8790784037215638,VALID
seed,157.0,gradient_maxdet,V2_RMSE,781,0.8854997661383754,VALID
seed,157.0,gradient_maxdet,V2_RMSE,813,0.876765680644752,VALID
seed,157.0,gradient_maxdet,V2_RMSE,845,0.9030677010294018,VALID
seed,157.0,gradient_maxdet,V2_RMSE,877,0.8617061491623451,VALID
seed,157.0,gradient_maxdet,V2_RMSE,909,0.9128392324183725,VALID
seed,157.0,gradient_maxdet,V2_RMSE,941,0.8997222088998427,VALID
seed,157.0,gradient_maxdet,V2_RMSE,973,0.9141433282358576,VALID
seed,157.0,gradient_maxdet,V2_RMSE,1005,0.9442754683127818,VALID
seed,157.0,hybrid,V2_RMSE,333,-0.0,VALID
seed,157.0,hybrid,V2_RMSE,365,0.09042233863203375,VALID
seed,157.0,hybrid,V2_RMSE,397,0.3745605674968476,VALID
seed,157.0,hybrid,V2_RMSE,429,0.5220124476330528,VALID
seed,157.0,hybrid,V2_RMSE,461,0.5750792540934877,VALID
seed,157.0,hybrid,V2_RMSE,493,0.5947029841597452,VALID
seed,157.0,hybrid,V2_RMSE,525,0.6354117447236429,VALID
seed,157.0,hybrid,V2_RMSE,557,0.6167132534640458,VALID
seed,157.0,hybrid,V2_RMSE,589,0.6351258470888761,VALID
seed,157.0,hybrid,V2_RMSE,621,0.7036540144118077,VALID
seed,157.0,hybrid,V2_RMSE,653,0.7319447174122454,VALID
seed,157.0,hybrid,V2_RMSE,685,0.7864156868943455,VALID
seed,157.0,hybrid,V2_RMSE,717,0.803207039957996,VALID
seed,157.0,hybrid,V2_RMSE,749,0.8355849049341203,VALID
seed,157.0,hybrid,V2_RMSE,781,0.8450105439900714,VALID
seed,157.0,hybrid,V2_RMSE,813,0.8271011675106591,VALID
seed,157.0,hybrid,V2_RMSE,845,0.8312714039481177,VALID
seed,157.0,hybrid,V2_RMSE,877,0.8421061712606029,VALID
seed,157.0,hybrid,V2_RMSE,909,0.8134358733768853,VALID
seed,157.0,hybrid,V2_RMSE,941,0.8210308688917906,VALID
seed,157.0,hybrid,V2_RMSE,973,0.8534403896319566,VALID
seed,157.0,hybrid,V2_RMSE,1005,0.8575664091506021,VALID
seed,157.0,kernel_ivr,V2_RMSE,333,-0.0,VALID
seed,157.0,kernel_ivr,V2_RMSE,365,-0.0442515646929426,VALID
seed,157.0,kernel_ivr,V2_RMSE,397,0.19193955893225492,VALID
seed,157.0,kernel_ivr,V2_RMSE,429,0.4079622263574883,VALID
seed,157.0,kernel_ivr,V2_RMSE,461,0.5676480130873435,VALID
seed,157.0,kernel_ivr,V2_RMSE,493,0.7123357281368642,VALID
seed,157.0,kernel_ivr,V2_RMSE,525,0.7653781132933856,VALID
seed,157.0,kernel_ivr,V2_RMSE,557,0.7826006733393498,VALID
seed,157.0,kernel_ivr,V2_RMSE,589,0.8290256430664092,VALID
seed,157.0,kernel_ivr,V2_RMSE,621,0.8245162590558678,VALID
seed,157.0,kernel_ivr,V2_RMSE,653,0.8557173669264135,VALID
seed,157.0,kernel_ivr,V2_RMSE,685,0.8598530590698956,VALID
seed,157.0,kernel_ivr,V2_RMSE,717,0.8392914293911152,VALID
seed,157.0,kernel_ivr,V2_RMSE,749,0.8291114971379407,VALID
seed,157.0,kernel_ivr,V2_RMSE,781,0.8736548344163885,VALID
seed,157.0,kernel_ivr,V2_RMSE,813,0.8543145765231044,VALID
seed,157.0,kernel_ivr,V2_RMSE,845,0.8797697165535063,VALID
seed,157.0,kernel_ivr,V2_RMSE,877,0.8992308664622849,VALID
seed,157.0,kernel_ivr,V2_RMSE,909,0.852993536693149,VALID
seed,157.0,kernel_ivr,V2_RMSE,941,0.8732972508458273,VALID
seed,157.0,kernel_ivr,V2_RMSE,973,0.9155850717463813,VALID
seed,157.0,kernel_ivr,V2_RMSE,1005,0.9078171958776835,VALID
seed,157.0,lcmd,V2_RMSE,333,-0.0,VALID
seed,157.0,lcmd,V2_RMSE,365,0.157012267611442,VALID
seed,157.0,lcmd,V2_RMSE,397,0.06922257129687354,VALID
seed,157.0,lcmd,V2_RMSE,429,0.25126045624477356,VALID
seed,157.0,lcmd,V2_RMSE,461,0.295272778468822,VALID
seed,157.0,lcmd,V2_RMSE,493,0.5310893487531575,VALID
seed,157.0,lcmd,V2_RMSE,525,0.5751074460186142,VALID
seed,157.0,lcmd,V2_RMSE,557,0.5276041822900174,VALID
seed,157.0,lcmd,V2_RMSE,589,0.5455085841435269,VALID
seed,157.0,lcmd,V2_RMSE,621,0.6793892916877773,VALID
seed,157.0,lcmd,V2_RMSE,653,0.6879550054778787,VALID
seed,157.0,lcmd,V2_RMSE,685,0.7456834927785841,VALID
seed,157.0,lcmd,V2_RMSE,717,0.8420475463025777,VALID
seed,157.0,lcmd,V2_RMSE,749,0.856254657346042,VALID
seed,157.0,lcmd,V2_RMSE,781,0.8443298372568433,VALID
seed,157.0,lcmd,V2_RMSE,813,0.8733027586044521,VALID
seed,157.0,lcmd,V2_RMSE,845,0.8258814175046432,VALID
seed,157.0,lcmd,V2_RMSE,877,0.8449734219342593,VALID
seed,157.0,lcmd,V2_RMSE,909,0.8213728829384341,VALID
seed,157.0,lcmd,V2_RMSE,941,0.8517954582509586,VALID
seed,157.0,lcmd,V2_RMSE,973,0.8652496326000313,VALID
seed,157.0,lcmd,V2_RMSE,1005,0.8104755646470458,VALID
seed,157.0,random,V2_RMSE,333,-0.0,VALID
seed,157.0,random,V2_RMSE,365,0.0694623554710569,VALID
seed,157.0,random,V2_RMSE,397,-0.2934669308621882,VALID
seed,157.0,random,V2_RMSE,429,-0.40210608844633355,VALID
seed,157.0,random,V2_RMSE,461,-0.41834454890941136,VALID
seed,157.0,random,V2_RMSE,493,-0.2459301559138566,VALID
seed,157.0,random,V2_RMSE,525,-0.15480748770407426,VALID
seed,157.0,random,V2_RMSE,557,-0.3028985325188208,VALID
seed,157.0,random,V2_RMSE,589,-0.15513477054605262,VALID
seed,157.0,random,V2_RMSE,621,0.060798998414313236,VALID
seed,157.0,random,V2_RMSE,653,0.07511707717760427,VALID
seed,157.0,random,V2_RMSE,685,-0.18074108508035353,VALID
seed,157.0,random,V2_RMSE,717,-0.2081344813273106,VALID
seed,157.0,random,V2_RMSE,749,-0.20994788701722383,VALID
seed,157.0,random,V2_RMSE,781,-0.11170775625195173,VALID
seed,157.0,random,V2_RMSE,813,0.08261008886165846,VALID
seed,157.0,random,V2_RMSE,845,0.006190000681383925,VALID
seed,157.0,random,V2_RMSE,877,-0.17414204810760983,VALID
seed,157.0,random,V2_RMSE,909,0.18980331085611588,VALID
seed,157.0,random,V2_RMSE,941,0.21167497110564748,VALID
seed,157.0,random,V2_RMSE,973,0.29575399756484544,VALID
seed,157.0,random,V2_RMSE,1005,0.19702218280945144,VALID
seed,157.0,u50_gradient_maxdet,V2_RMSE,333,-0.0,VALID
seed,157.0,u50_gradient_maxdet,V2_RMSE,365,0.1439199133972427,VALID
seed,157.0,u50_gradient_maxdet,V2_RMSE,397,0.3544035008124155,VALID
seed,157.0,u50_gradient_maxdet,V2_RMSE,429,0.515763412383205,VALID
seed,157.0,u50_gradient_maxdet,V2_RMSE,461,0.511558794038149,VALID
seed,157.0,u50_gradient_maxdet,V2_RMSE,493,0.5653217722667169,VALID
seed,157.0,u50_gradient_maxdet,V2_RMSE,525,0.5779822180071856,VALID
seed,157.0,u50_gradient_maxdet,V2_RMSE,557,0.5841063440273377,VALID
seed,157.0,u50_gradient_maxdet,V2_RMSE,589,0.8038037726017678,VALID
seed,157.0,u50_gradient_maxdet,V2_RMSE,621,0.8490211406095746,VALID
seed,157.0,u50_gradient_maxdet,V2_RMSE,653,0.8247551982724738,VALID
seed,157.0,u50_gradient_maxdet,V2_RMSE,685,0.8339970573669535,VALID
seed,157.0,u50_gradient_maxdet,V2_RMSE,717,0.8853813216619381,VALID
seed,157.0,u50_gradient_maxdet,V2_RMSE,749,0.8495153503035529,VALID
seed,157.0,u50_gradient_maxdet,V2_RMSE,781,0.8536479903527997,VALID
seed,157.0,u50_gradient_maxdet,V2_RMSE,813,0.8508617207047944,VALID
seed,157.0,u50_gradient_maxdet,V2_RMSE,845,0.8687399219850583,VALID
seed,157.0,u50_gradient_maxdet,V2_RMSE,877,0.901429286892868,VALID
seed,157.0,u50_gradient_maxdet,V2_RMSE,909,0.8960173384630328,VALID
seed,157.0,u50_gradient_maxdet,V2_RMSE,941,0.9075601701286702,VALID
seed,157.0,u50_gradient_maxdet,V2_RMSE,973,0.8905564632021395,VALID
seed,157.0,u50_gradient_maxdet,V2_RMSE,1005,0.9039891548234802,VALID
seed,157.0,gradient_maxdet,V1_MAE,333,-0.0,VALID
seed,157.0,gradient_maxdet,V1_MAE,365,-0.008495133294552289,VALID
seed,157.0,gradient_maxdet,V1_MAE,397,0.22505777950177927,VALID
seed,157.0,gradient_maxdet,V1_MAE,429,0.2657170465808248,VALID
seed,157.0,gradient_maxdet,V1_MAE,461,0.2903790798379569,VALID
seed,157.0,gradient_maxdet,V1_MAE,493,0.38642810107299613,VALID
seed,157.0,gradient_maxdet,V1_MAE,525,0.3540308778419095,VALID
seed,157.0,gradient_maxdet,V1_MAE,557,0.5438549730428381,VALID
seed,157.0,gradient_maxdet,V1_MAE,589,0.5383603208407898,VALID
seed,157.0,gradient_maxdet,V1_MAE,621,0.5932913665194443,VALID
seed,157.0,gradient_maxdet,V1_MAE,653,0.6379145622555787,VALID
seed,157.0,gradient_maxdet,V1_MAE,685,0.6201716831925398,VALID
seed,157.0,gradient_maxdet,V1_MAE,717,0.7242856063076684,VALID
seed,157.0,gradient_maxdet,V1_MAE,749,0.6551702127198241,VALID
seed,157.0,gradient_maxdet,V1_MAE,781,0.6695575286204789,VALID
seed,157.0,gradient_maxdet,V1_MAE,813,0.758652997549125,VALID
seed,157.0,gradient_maxdet,V1_MAE,845,0.6646940728580849,VALID
seed,157.0,gradient_maxdet,V1_MAE,877,0.6655824990165062,VALID
seed,157.0,gradient_maxdet,V1_MAE,909,0.6999220085912881,VALID
seed,157.0,gradient_maxdet,V1_MAE,941,0.5688873294980095,VALID
seed,157.0,gradient_maxdet,V1_MAE,973,0.6003089526232142,VALID
seed,157.0,gradient_maxdet,V1_MAE,1005,0.6744838365439814,VALID
seed,157.0,hybrid,V1_MAE,333,-0.0,VALID
seed,157.0,hybrid,V1_MAE,365,-0.04879274543650737,VALID
seed,157.0,hybrid,V1_MAE,397,0.044695258968486154,VALID
seed,157.0,hybrid,V1_MAE,429,0.25486118120537576,VALID
seed,157.0,hybrid,V1_MAE,461,0.21530586430608656,VALID
seed,157.0,hybrid,V1_MAE,493,0.15958208323000755,VALID
seed,157.0,hybrid,V1_MAE,525,0.2547573956791481,VALID
seed,157.0,hybrid,V1_MAE,557,0.48932986928622785,VALID
seed,157.0,hybrid,V1_MAE,589,0.3763655390227703,VALID
seed,157.0,hybrid,V1_MAE,621,0.422703784653079,VALID
seed,157.0,hybrid,V1_MAE,653,0.49242054127248935,VALID
seed,157.0,hybrid,V1_MAE,685,0.5775493488091115,VALID
seed,157.0,hybrid,V1_MAE,717,0.5625330552228935,VALID
seed,157.0,hybrid,V1_MAE,749,0.6462523901909534,VALID
seed,157.0,hybrid,V1_MAE,781,0.5877728890657397,VALID
seed,157.0,hybrid,V1_MAE,813,0.5072783010927371,VALID
seed,157.0,hybrid,V1_MAE,845,0.5616309027816361,VALID
seed,157.0,hybrid,V1_MAE,877,0.6504601892717407,VALID
seed,157.0,hybrid,V1_MAE,909,0.5877596111860278,VALID
seed,157.0,hybrid,V1_MAE,941,0.5785829971988115,VALID
seed,157.0,hybrid,V1_MAE,973,0.6061193707013348,VALID
seed,157.0,hybrid,V1_MAE,1005,0.6510317686352999,VALID
seed,157.0,kernel_ivr,V1_MAE,333,-0.0,VALID
seed,157.0,kernel_ivr,V1_MAE,365,-0.046693383874311226,VALID
seed,157.0,kernel_ivr,V1_MAE,397,-0.11820577575424009,VALID
seed,157.0,kernel_ivr,V1_MAE,429,0.1350096793728746,VALID
seed,157.0,kernel_ivr,V1_MAE,461,0.32587054149339945,VALID
seed,157.0,kernel_ivr,V1_MAE,493,0.22114354836270742,VALID
seed,157.0,kernel_ivr,V1_MAE,525,0.4147980510343304,VALID
seed,157.0,kernel_ivr,V1_MAE,557,0.3454645677278046,VALID
seed,157.0,kernel_ivr,V1_MAE,589,0.5529718098453389,VALID
seed,157.0,kernel_ivr,V1_MAE,621,0.5330185003601259,VALID
seed,157.0,kernel_ivr,V1_MAE,653,0.5623856261157525,VALID
seed,157.0,kernel_ivr,V1_MAE,685,0.5584765931864093,VALID
seed,157.0,kernel_ivr,V1_MAE,717,0.540259099213347,VALID
seed,157.0,kernel_ivr,V1_MAE,749,0.6687607328486261,VALID
seed,157.0,kernel_ivr,V1_MAE,781,0.6579292653544304,VALID
seed,157.0,kernel_ivr,V1_MAE,813,0.6004660337808294,VALID
seed,157.0,kernel_ivr,V1_MAE,845,0.6052926791606945,VALID
seed,157.0,kernel_ivr,V1_MAE,877,0.6552784862367044,VALID
seed,157.0,kernel_ivr,V1_MAE,909,0.6962170891600671,VALID
seed,157.0,kernel_ivr,V1_MAE,941,0.6650128152202384,VALID
seed,157.0,kernel_ivr,V1_MAE,973,0.8003965771267278,VALID
seed,157.0,kernel_ivr,V1_MAE,1005,0.7154529670094076,VALID
seed,157.0,lcmd,V1_MAE,333,-0.0,VALID
seed,157.0,lcmd,V1_MAE,365,-0.08496512505354144,VALID
seed,157.0,lcmd,V1_MAE,397,0.015622646463588985,VALID
seed,157.0,lcmd,V1_MAE,429,0.07238577129245084,VALID
seed,157.0,lcmd,V1_MAE,461,0.09279603523660021,VALID
seed,157.0,lcmd,V1_MAE,493,0.2980925559153634,VALID
seed,157.0,lcmd,V1_MAE,525,0.39789737128157343,VALID
seed,157.0,lcmd,V1_MAE,557,0.40017829725740556,VALID
seed,157.0,lcmd,V1_MAE,589,0.4049520070646832,VALID
seed,157.0,lcmd,V1_MAE,621,0.4892941994610941,VALID
seed,157.0,lcmd,V1_MAE,653,0.5440765297194511,VALID
seed,157.0,lcmd,V1_MAE,685,0.616112995472999,VALID
seed,157.0,lcmd,V1_MAE,717,0.6334262108019099,VALID
seed,157.0,lcmd,V1_MAE,749,0.663840414769287,VALID
seed,157.0,lcmd,V1_MAE,781,0.6414235725800593,VALID
seed,157.0,lcmd,V1_MAE,813,0.696429512963774,VALID
seed,157.0,lcmd,V1_MAE,845,0.7011600867369424,VALID
seed,157.0,lcmd,V1_MAE,877,0.7431551516725374,VALID
seed,157.0,lcmd,V1_MAE,909,0.6861766067568401,VALID
seed,157.0,lcmd,V1_MAE,941,0.7884567560945012,VALID
seed,157.0,lcmd,V1_MAE,973,0.7620772844294222,VALID
seed,157.0,lcmd,V1_MAE,1005,0.7804165930998076,VALID
seed,157.0,random,V1_MAE,333,-0.0,VALID
seed,157.0,random,V1_MAE,365,0.05832998689405256,VALID
seed,157.0,random,V1_MAE,397,-0.09847132609285399,VALID
seed,157.0,random,V1_MAE,429,-0.2503116440070661,VALID
seed,157.0,random,V1_MAE,461,-0.12264035446767838,VALID
seed,157.0,random,V1_MAE,493,-0.15316712345689273,VALID
seed,157.0,random,V1_MAE,525,-0.13179785836501043,VALID
seed,157.0,random,V1_MAE,557,-0.06297785379978156,VALID
seed,157.0,random,V1_MAE,589,0.00819303158807933,VALID
seed,157.0,random,V1_MAE,621,0.0593018006908819,VALID
seed,157.0,random,V1_MAE,653,0.053255389929162025,VALID
seed,157.0,random,V1_MAE,685,0.06084047522501542,VALID
seed,157.0,random,V1_MAE,717,0.1789883357068501,VALID
seed,157.0,random,V1_MAE,749,0.22564411657434552,VALID
seed,157.0,random,V1_MAE,781,0.25112369860068895,VALID
seed,157.0,random,V1_MAE,813,0.24751182281775982,VALID
seed,157.0,random,V1_MAE,845,0.2675858725155459,VALID
seed,157.0,random,V1_MAE,877,0.27158568233125063,VALID
seed,157.0,random,V1_MAE,909,0.4000707646450253,VALID
seed,157.0,random,V1_MAE,941,0.4437784018743087,VALID
seed,157.0,random,V1_MAE,973,0.3801517030620149,VALID
seed,157.0,random,V1_MAE,1005,0.37484294315563343,VALID
seed,157.0,u50_gradient_maxdet,V1_MAE,333,-0.0,VALID
seed,157.0,u50_gradient_maxdet,V1_MAE,365,-0.008495133294552289,VALID
seed,157.0,u50_gradient_maxdet,V1_MAE,397,0.22505777950177927,VALID
seed,157.0,u50_gradient_maxdet,V1_MAE,429,0.2657170465808248,VALID
seed,157.0,u50_gradient_maxdet,V1_MAE,461,0.2903790798379569,VALID
seed,157.0,u50_gradient_maxdet,V1_MAE,493,0.3223577529024171,VALID
seed,157.0,u50_gradient_maxdet,V1_MAE,525,0.3412905810141759,VALID
seed,157.0,u50_gradient_maxdet,V1_MAE,557,0.43275307525763407,VALID
seed,157.0,u50_gradient_maxdet,V1_MAE,589,0.5874643689090266,VALID
seed,157.0,u50_gradient_maxdet,V1_MAE,621,0.5681520546595569,VALID
seed,157.0,u50_gradient_maxdet,V1_MAE,653,0.5293280728625499,VALID
seed,157.0,u50_gradient_maxdet,V1_MAE,685,0.5537626919916608,VALID
seed,157.0,u50_gradient_maxdet,V1_MAE,717,0.6220626902341284,VALID
seed,157.0,u50_gradient_maxdet,V1_MAE,749,0.5481881824596876,VALID
seed,157.0,u50_gradient_maxdet,V1_MAE,781,0.6361017401883335,VALID
seed,157.0,u50_gradient_maxdet,V1_MAE,813,0.6597810153458906,VALID
seed,157.0,u50_gradient_maxdet,V1_MAE,845,0.6226249892367783,VALID
seed,157.0,u50_gradient_maxdet,V1_MAE,877,0.631835653155723,VALID
seed,157.0,u50_gradient_maxdet,V1_MAE,909,0.6221626665609676,VALID
seed,157.0,u50_gradient_maxdet,V1_MAE,941,0.6890013635647004,VALID
seed,157.0,u50_gradient_maxdet,V1_MAE,973,0.7609638247379329,VALID
seed,157.0,u50_gradient_maxdet,V1_MAE,1005,0.7471689906659035,VALID
seed,157.0,gradient_maxdet,V2_MAE,333,-0.0,VALID
seed,157.0,gradient_maxdet,V2_MAE,365,0.13020334050417842,VALID
seed,157.0,gradient_maxdet,V2_MAE,397,0.2619380808528518,VALID
seed,157.0,gradient_maxdet,V2_MAE,429,0.43555420280853446,VALID
seed,157.0,gradient_maxdet,V2_MAE,461,0.4428678794217804,VALID
seed,157.0,gradient_maxdet,V2_MAE,493,0.5398570856082864,VALID
seed,157.0,gradient_maxdet,V2_MAE,525,0.5405787826338021,VALID
seed,157.0,gradient_maxdet,V2_MAE,557,0.6064228457325821,VALID
seed,157.0,gradient_maxdet,V2_MAE,589,0.6453199976876962,VALID
seed,157.0,gradient_maxdet,V2_MAE,621,0.6426268084867338,VALID
seed,157.0,gradient_maxdet,V2_MAE,653,0.7009017846300438,VALID
seed,157.0,gradient_maxdet,V2_MAE,685,0.6967139193669628,VALID
seed,157.0,gradient_maxdet,V2_MAE,717,0.738720719737822,VALID
seed,157.0,gradient_maxdet,V2_MAE,749,0.7249809445374275,VALID
seed,157.0,gradient_maxdet,V2_MAE,781,0.7534988762411925,VALID
seed,157.0,gradient_maxdet,V2_MAE,813,0.7403889982668164,VALID
seed,157.0,gradient_maxdet,V2_MAE,845,0.787217221027585,VALID
seed,157.0,gradient_maxdet,V2_MAE,877,0.7278349308924059,VALID
seed,157.0,gradient_maxdet,V2_MAE,909,0.7904449312987751,VALID
seed,157.0,gradient_maxdet,V2_MAE,941,0.777354681294757,VALID
seed,157.0,gradient_maxdet,V2_MAE,973,0.8044007439383553,VALID
seed,157.0,gradient_maxdet,V2_MAE,1005,0.8379541123919283,VALID
seed,157.0,hybrid,V2_MAE,333,-0.0,VALID
seed,157.0,hybrid,V2_MAE,365,0.1348183816819947,VALID
seed,157.0,hybrid,V2_MAE,397,0.3267962952235028,VALID
seed,157.0,hybrid,V2_MAE,429,0.37339958164360854,VALID
seed,157.0,hybrid,V2_MAE,461,0.46511077057180017,VALID
seed,157.0,hybrid,V2_MAE,493,0.48378382493847527,VALID
seed,157.0,hybrid,V2_MAE,525,0.48661498931858854,VALID
seed,157.0,hybrid,V2_MAE,557,0.5597738537351025,VALID
seed,157.0,hybrid,V2_MAE,589,0.6029526061645892,VALID
seed,157.0,hybrid,V2_MAE,621,0.7003010092864153,VALID
seed,157.0,hybrid,V2_MAE,653,0.735628291908373,VALID
seed,157.0,hybrid,V2_MAE,685,0.7498130232495588,VALID
seed,157.0,hybrid,V2_MAE,717,0.7915984367282046,VALID
seed,157.0,hybrid,V2_MAE,749,0.8215517563143553,VALID
seed,157.0,hybrid,V2_MAE,781,0.8682891240881564,VALID
seed,157.0,hybrid,V2_MAE,813,0.8515202610385867,VALID
seed,157.0,hybrid,V2_MAE,845,0.8275964251429074,VALID
seed,157.0,hybrid,V2_MAE,877,0.8411247548145301,VALID
seed,157.0,hybrid,V2_MAE,909,0.8293162612713932,VALID
seed,157.0,hybrid,V2_MAE,941,0.831106713131028,VALID
seed,157.0,hybrid,V2_MAE,973,0.8906731295211522,VALID
seed,157.0,hybrid,V2_MAE,1005,0.8988870128363776,VALID
seed,157.0,kernel_ivr,V2_MAE,333,-0.0,VALID
seed,157.0,kernel_ivr,V2_MAE,365,0.07171539615191255,VALID
seed,157.0,kernel_ivr,V2_MAE,397,0.06671500079322164,VALID
seed,157.0,kernel_ivr,V2_MAE,429,0.2931564017758924,VALID
seed,157.0,kernel_ivr,V2_MAE,461,0.49216337941649724,VALID
seed,157.0,kernel_ivr,V2_MAE,493,0.5781098413493282,VALID
seed,157.0,kernel_ivr,V2_MAE,525,0.5227145947729485,VALID
seed,157.0,kernel_ivr,V2_MAE,557,0.6074118574343982,VALID
seed,157.0,kernel_ivr,V2_MAE,589,0.6842568343730435,VALID
seed,157.0,kernel_ivr,V2_MAE,621,0.6950971684916335,VALID
seed,157.0,kernel_ivr,V2_MAE,653,0.7303655763164648,VALID
seed,157.0,kernel_ivr,V2_MAE,685,0.7063487134933933,VALID
seed,157.0,kernel_ivr,V2_MAE,717,0.7089679260866658,VALID
seed,157.0,kernel_ivr,V2_MAE,749,0.7104460416726662,VALID
seed,157.0,kernel_ivr,V2_MAE,781,0.7621745550167128,VALID
seed,157.0,kernel_ivr,V2_MAE,813,0.75764850589165,VALID
seed,157.0,kernel_ivr,V2_MAE,845,0.8044166345393517,VALID
seed,157.0,kernel_ivr,V2_MAE,877,0.8272125678193661,VALID
seed,157.0,kernel_ivr,V2_MAE,909,0.7929517250889303,VALID
seed,157.0,kernel_ivr,V2_MAE,941,0.7698574658421649,VALID
seed,157.0,kernel_ivr,V2_MAE,973,0.7917129560791601,VALID
seed,157.0,kernel_ivr,V2_MAE,1005,0.8241191773834904,VALID
seed,157.0,lcmd,V2_MAE,333,-0.0,VALID
seed,157.0,lcmd,V2_MAE,365,0.15792615908249255,VALID
seed,157.0,lcmd,V2_MAE,397,0.049837937830108335,VALID
seed,157.0,lcmd,V2_MAE,429,0.22604419042444215,VALID
seed,157.0,lcmd,V2_MAE,461,0.3094428510125435,VALID
seed,157.0,lcmd,V2_MAE,493,0.47417032598375003,VALID
seed,157.0,lcmd,V2_MAE,525,0.5579385334792473,VALID
seed,157.0,lcmd,V2_MAE,557,0.5228813873852518,VALID
seed,157.0,lcmd,V2_MAE,589,0.5767096278782897,VALID
seed,157.0,lcmd,V2_MAE,621,0.6716980642018612,VALID
seed,157.0,lcmd,V2_MAE,653,0.7243130560393709,VALID
seed,157.0,lcmd,V2_MAE,685,0.7897137648820852,VALID
seed,157.0,lcmd,V2_MAE,717,0.8123973370806483,VALID
seed,157.0,lcmd,V2_MAE,749,0.8091072121118269,VALID
seed,157.0,lcmd,V2_MAE,781,0.8184043162654162,VALID
seed,157.0,lcmd,V2_MAE,813,0.8552230868039513,VALID
seed,157.0,lcmd,V2_MAE,845,0.8275037341295702,VALID
seed,157.0,lcmd,V2_MAE,877,0.8647100518382831,VALID
seed,157.0,lcmd,V2_MAE,909,0.8615461810784747,VALID
seed,157.0,lcmd,V2_MAE,941,0.854007408196492,VALID
seed,157.0,lcmd,V2_MAE,973,0.8673206734512957,VALID
seed,157.0,lcmd,V2_MAE,1005,0.8335385230053255,VALID
seed,157.0,random,V2_MAE,333,-0.0,VALID
seed,157.0,random,V2_MAE,365,-0.020925233115001402,VALID
seed,157.0,random,V2_MAE,397,-0.11614309353025226,VALID
seed,157.0,random,V2_MAE,429,-0.21560869480391623,VALID
seed,157.0,random,V2_MAE,461,-0.17349017262990438,VALID
seed,157.0,random,V2_MAE,493,-0.16930359590536295,VALID
seed,157.0,random,V2_MAE,525,-0.11185986317831677,VALID
seed,157.0,random,V2_MAE,557,-0.09440667310786628,VALID
seed,157.0,random,V2_MAE,589,-0.02401190136379721,VALID
seed,157.0,random,V2_MAE,621,0.14678580467096097,VALID
seed,157.0,random,V2_MAE,653,0.13853649978281937,VALID
seed,157.0,random,V2_MAE,685,0.11603151017229825,VALID
seed,157.0,random,V2_MAE,717,0.1677549804655431,VALID
seed,157.0,random,V2_MAE,749,0.16926046783906643,VALID
seed,157.0,random,V2_MAE,781,0.26322473215439307,VALID
seed,157.0,random,V2_MAE,813,0.3350518648653725,VALID
seed,157.0,random,V2_MAE,845,0.2840448293781108,VALID
seed,157.0,random,V2_MAE,877,0.3254905512875043,VALID
seed,157.0,random,V2_MAE,909,0.36039775992960815,VALID
seed,157.0,random,V2_MAE,941,0.44582808861474926,VALID
seed,157.0,random,V2_MAE,973,0.4440845015397767,VALID
seed,157.0,random,V2_MAE,1005,0.3964669404241225,VALID
seed,157.0,u50_gradient_maxdet,V2_MAE,333,-0.0,VALID
seed,157.0,u50_gradient_maxdet,V2_MAE,365,0.13020334050417842,VALID
seed,157.0,u50_gradient_maxdet,V2_MAE,397,0.2619380808528518,VALID
seed,157.0,u50_gradient_maxdet,V2_MAE,429,0.43555420280853446,VALID
seed,157.0,u50_gradient_maxdet,V2_MAE,461,0.4428678794217804,VALID
seed,157.0,u50_gradient_maxdet,V2_MAE,493,0.489043227393566,VALID
seed,157.0,u50_gradient_maxdet,V2_MAE,525,0.5369764370516769,VALID
seed,157.0,u50_gradient_maxdet,V2_MAE,557,0.5293050948632447,VALID
seed,157.0,u50_gradient_maxdet,V2_MAE,589,0.5934590083466597,VALID
seed,157.0,u50_gradient_maxdet,V2_MAE,621,0.6869508399232793,VALID
seed,157.0,u50_gradient_maxdet,V2_MAE,653,0.6170078569594418,VALID
seed,157.0,u50_gradient_maxdet,V2_MAE,685,0.6316264451726814,VALID
seed,157.0,u50_gradient_maxdet,V2_MAE,717,0.7141910940915468,VALID
seed,157.0,u50_gradient_maxdet,V2_MAE,749,0.699134072068753,VALID
seed,157.0,u50_gradient_maxdet,V2_MAE,781,0.6750736181040656,VALID
seed,157.0,u50_gradient_maxdet,V2_MAE,813,0.6896834321901057,VALID
seed,157.0,u50_gradient_maxdet,V2_MAE,845,0.73057431825789,VALID
seed,157.0,u50_gradient_maxdet,V2_MAE,877,0.7652122965587846,VALID
seed,157.0,u50_gradient_maxdet,V2_MAE,909,0.7829037696946227,VALID
seed,157.0,u50_gradient_maxdet,V2_MAE,941,0.790601527791112,VALID
seed,157.0,u50_gradient_maxdet,V2_MAE,973,0.8244937402168451,VALID
seed,157.0,u50_gradient_maxdet,V2_MAE,1005,0.8407505569730623,VALID
seed,157.0,gradient_maxdet,V1_R2,333,0.0,VALID
seed,157.0,gradient_maxdet,V1_R2,365,0.03469522757632225,VALID
seed,157.0,gradient_maxdet,V1_R2,397,0.3644455482851929,VALID
seed,157.0,gradient_maxdet,V1_R2,429,0.4344435087989279,VALID
seed,157.0,gradient_maxdet,V1_R2,461,0.4311360433183528,VALID
seed,157.0,gradient_maxdet,V1_R2,493,0.5396630294206253,VALID
seed,157.0,gradient_maxdet,V1_R2,525,0.45771153120221864,VALID
seed,157.0,gradient_maxdet,V1_R2,557,0.8309039736755229,VALID
seed,157.0,gradient_maxdet,V1_R2,589,0.8553662924300333,VALID
seed,157.0,gradient_maxdet,V1_R2,621,0.8238219527605944,VALID
seed,157.0,gradient_maxdet,V1_R2,653,0.8958281584039754,VALID
seed,157.0,gradient_maxdet,V1_R2,685,0.9036950834434091,VALID
seed,157.0,gradient_maxdet,V1_R2,717,0.9125901502847474,VALID
seed,157.0,gradient_maxdet,V1_R2,749,0.8962175744305839,VALID
seed,157.0,gradient_maxdet,V1_R2,781,0.9109547938851673,VALID
seed,157.0,gradient_maxdet,V1_R2,813,0.9530105322835859,VALID
seed,157.0,gradient_maxdet,V1_R2,845,0.8206226688989187,VALID
seed,157.0,gradient_maxdet,V1_R2,877,0.7912671399392361,VALID
seed,157.0,gradient_maxdet,V1_R2,909,0.7903923095012455,VALID
seed,157.0,gradient_maxdet,V1_R2,941,0.7164689613401938,VALID
seed,157.0,gradient_maxdet,V1_R2,973,0.7557342958616634,VALID
seed,157.0,gradient_maxdet,V1_R2,1005,0.8321121797295864,VALID
seed,157.0,hybrid,V1_R2,333,0.0,VALID
seed,157.0,hybrid,V1_R2,365,-0.032975760250885194,VALID
seed,157.0,hybrid,V1_R2,397,0.10936297527389267,VALID
seed,157.0,hybrid,V1_R2,429,0.6240931341910418,VALID
seed,157.0,hybrid,V1_R2,461,0.3174299014489361,VALID
seed,157.0,hybrid,V1_R2,493,0.3260167860569475,VALID
seed,157.0,hybrid,V1_R2,525,0.3822829808727329,VALID
seed,157.0,hybrid,V1_R2,557,0.6704963705170665,VALID
seed,157.0,hybrid,V1_R2,589,0.38081456111531464,VALID
seed,157.0,hybrid,V1_R2,621,0.44891005924372024,VALID
seed,157.0,hybrid,V1_R2,653,0.4683713812162848,VALID
seed,157.0,hybrid,V1_R2,685,0.5587393606517969,VALID
seed,157.0,hybrid,V1_R2,717,0.5903485216585823,VALID
seed,157.0,hybrid,V1_R2,749,0.679053149812102,VALID
seed,157.0,hybrid,V1_R2,781,0.5680738294014397,VALID
seed,157.0,hybrid,V1_R2,813,0.47471984720672133,VALID
seed,157.0,hybrid,V1_R2,845,0.5671056769210585,VALID
seed,157.0,hybrid,V1_R2,877,0.6860491011458594,VALID
seed,157.0,hybrid,V1_R2,909,0.5952469186836242,VALID
seed,157.0,hybrid,V1_R2,941,0.6099484715497222,VALID
seed,157.0,hybrid,V1_R2,973,0.564070260015189,VALID
seed,157.0,hybrid,V1_R2,1005,0.5525883866877231,VALID
seed,157.0,kernel_ivr,V1_R2,333,0.0,VALID
seed,157.0,kernel_ivr,V1_R2,365,-0.13596439564848062,VALID
seed,157.0,kernel_ivr,V1_R2,397,0.005774075775042018,VALID
seed,157.0,kernel_ivr,V1_R2,429,0.3237549035686898,VALID
seed,157.0,kernel_ivr,V1_R2,461,0.5340558966481622,VALID
seed,157.0,kernel_ivr,V1_R2,493,0.4380626699387935,VALID
seed,157.0,kernel_ivr,V1_R2,525,0.866625035773701,VALID
seed,157.0,kernel_ivr,V1_R2,557,0.6116614132805333,VALID
seed,157.0,kernel_ivr,V1_R2,589,0.7521456052517168,VALID
seed,157.0,kernel_ivr,V1_R2,621,0.7047809392648617,VALID
seed,157.0,kernel_ivr,V1_R2,653,0.7007006182988087,VALID
seed,157.0,kernel_ivr,V1_R2,685,0.7301791580205179,VALID
seed,157.0,kernel_ivr,V1_R2,717,0.7733109746133888,VALID
seed,157.0,kernel_ivr,V1_R2,749,0.9322838905595436,VALID
seed,157.0,kernel_ivr,V1_R2,781,0.9153173431694236,VALID
seed,157.0,kernel_ivr,V1_R2,813,0.6765190268141602,VALID
seed,157.0,kernel_ivr,V1_R2,845,0.68471095919264,VALID
seed,157.0,kernel_ivr,V1_R2,877,0.7991370774974669,VALID
seed,157.0,kernel_ivr,V1_R2,909,0.8518737457931488,VALID
seed,157.0,kernel_ivr,V1_R2,941,0.8005602931517396,VALID
seed,157.0,kernel_ivr,V1_R2,973,1.0115323840418764,VALID
seed,157.0,kernel_ivr,V1_R2,1005,0.8875020285895799,VALID
seed,157.0,lcmd,V1_R2,333,0.0,VALID
seed,157.0,lcmd,V1_R2,365,0.04905029956121578,VALID
seed,157.0,lcmd,V1_R2,397,0.09610648723150435,VALID
seed,157.0,lcmd,V1_R2,429,0.2201069841115576,VALID
seed,157.0,lcmd,V1_R2,461,0.0468797142321553,VALID
seed,157.0,lcmd,V1_R2,493,0.3893075846789263,VALID
seed,157.0,lcmd,V1_R2,525,0.4705601671689535,VALID
seed,157.0,lcmd,V1_R2,557,0.4570999210031225,VALID
seed,157.0,lcmd,V1_R2,589,0.4463017120487521,VALID
seed,157.0,lcmd,V1_R2,621,0.5542833762600665,VALID
seed,157.0,lcmd,V1_R2,653,0.6121315226774067,VALID
seed,157.0,lcmd,V1_R2,685,0.6465815935187862,VALID
seed,157.0,lcmd,V1_R2,717,0.7037254582401637,VALID
seed,157.0,lcmd,V1_R2,749,0.707153177246309,VALID
seed,157.0,lcmd,V1_R2,781,0.6756217799108658,VALID
seed,157.0,lcmd,V1_R2,813,0.7030608175362381,VALID
seed,157.0,lcmd,V1_R2,845,0.7367211124803043,VALID
seed,157.0,lcmd,V1_R2,877,0.7382302738322736,VALID
seed,157.0,lcmd,V1_R2,909,0.6624828791852007,VALID
seed,157.0,lcmd,V1_R2,941,0.8049275965097124,VALID
seed,157.0,lcmd,V1_R2,973,0.7333420620437491,VALID
seed,157.0,lcmd,V1_R2,1005,0.8000294007066212,VALID
seed,157.0,random,V1_R2,333,0.0,VALID
seed,157.0,random,V1_R2,365,0.14823682215611406,VALID
seed,157.0,random,V1_R2,397,-0.5207246540591707,VALID
seed,157.0,random,V1_R2,429,-0.7227644897283804,VALID
seed,157.0,random,V1_R2,461,-0.6492403227527653,VALID
seed,157.0,random,V1_R2,493,-0.250858482655074,VALID
seed,157.0,random,V1_R2,525,-0.27611121572263486,VALID
seed,157.0,random,V1_R2,557,-0.4290897321467543,VALID
seed,157.0,random,V1_R2,589,-0.07502321856028532,VALID
seed,157.0,random,V1_R2,621,0.020383843475635568,VALID
seed,157.0,random,V1_R2,653,0.005248769438579236,VALID
seed,157.0,random,V1_R2,685,-0.05813801266416144,VALID
seed,157.0,random,V1_R2,717,-0.16394983200123028,VALID
seed,157.0,random,V1_R2,749,-0.052331799499115705,VALID
seed,157.0,random,V1_R2,781,-0.10093465562451892,VALID
seed,157.0,random,V1_R2,813,0.2411653042298709,VALID
seed,157.0,random,V1_R2,845,0.13230809298130095,VALID
seed,157.0,random,V1_R2,877,0.059876480770794785,VALID
seed,157.0,random,V1_R2,909,0.5552000114124547,VALID
seed,157.0,random,V1_R2,941,0.3986127426602056,VALID
seed,157.0,random,V1_R2,973,0.49667337151725505,VALID
seed,157.0,random,V1_R2,1005,0.4079357886748586,VALID
seed,157.0,u50_gradient_maxdet,V1_R2,333,0.0,VALID
seed,157.0,u50_gradient_maxdet,V1_R2,365,0.03469522757632225,VALID
seed,157.0,u50_gradient_maxdet,V1_R2,397,0.3644455482851929,VALID
seed,157.0,u50_gradient_maxdet,V1_R2,429,0.4344435087989279,VALID
seed,157.0,u50_gradient_maxdet,V1_R2,461,0.4311360433183528,VALID
seed,157.0,u50_gradient_maxdet,V1_R2,493,0.5066402311516327,VALID
seed,157.0,u50_gradient_maxdet,V1_R2,525,0.5029814101324469,VALID
seed,157.0,u50_gradient_maxdet,V1_R2,557,0.5708671379031383,VALID
seed,157.0,u50_gradient_maxdet,V1_R2,589,0.8762163290210115,VALID
seed,157.0,u50_gradient_maxdet,V1_R2,621,0.8096435633289293,VALID
seed,157.0,u50_gradient_maxdet,V1_R2,653,0.9157681181290258,VALID
seed,157.0,u50_gradient_maxdet,V1_R2,685,0.7751945665681736,VALID
seed,157.0,u50_gradient_maxdet,V1_R2,717,0.8278787337900381,VALID
seed,157.0,u50_gradient_maxdet,V1_R2,749,0.6652356517629491,VALID
seed,157.0,u50_gradient_maxdet,V1_R2,781,0.874423508649019,VALID
seed,157.0,u50_gradient_maxdet,V1_R2,813,0.9317359537102737,VALID
seed,157.0,u50_gradient_maxdet,V1_R2,845,0.8910772232691424,VALID
seed,157.0,u50_gradient_maxdet,V1_R2,877,0.8058609779295958,VALID
seed,157.0,u50_gradient_maxdet,V1_R2,909,0.7415005029130451,VALID
seed,157.0,u50_gradient_maxdet,V1_R2,941,0.8154622011819466,VALID
seed,157.0,u50_gradient_maxdet,V1_R2,973,0.7997822394286825,VALID
seed,157.0,u50_gradient_maxdet,V1_R2,1005,0.8709193231290222,VALID
seed,157.0,gradient_maxdet,V2_R2,333,0.0,VALID
seed,157.0,gradient_maxdet,V2_R2,365,0.18737417862726866,VALID
seed,157.0,gradient_maxdet,V2_R2,397,0.43510029774164133,VALID
seed,157.0,gradient_maxdet,V2_R2,429,0.6038490815418784,VALID
seed,157.0,gradient_maxdet,V2_R2,461,0.5996849804015458,VALID
seed,157.0,gradient_maxdet,V2_R2,493,0.6604521194565299,VALID
seed,157.0,gradient_maxdet,V2_R2,525,0.5663927359236537,VALID
seed,157.0,gradient_maxdet,V2_R2,557,0.8539310765711887,VALID
seed,157.0,gradient_maxdet,V2_R2,589,0.8769377564822295,VALID
seed,157.0,gradient_maxdet,V2_R2,621,0.8591518848492418,VALID
seed,157.0,gradient_maxdet,V2_R2,653,0.9007861540719848,VALID
seed,157.0,gradient_maxdet,V2_R2,685,0.9032129004684881,VALID
seed,157.0,gradient_maxdet,V2_R2,717,0.911962041695616,VALID
seed,157.0,gradient_maxdet,V2_R2,749,0.9165695405332108,VALID
seed,157.0,gradient_maxdet,V2_R2,781,0.9212593084304167,VALID
seed,157.0,gradient_maxdet,V2_R2,813,0.914873345703404,VALID
seed,157.0,gradient_maxdet,V2_R2,845,0.9339412069437316,VALID
seed,157.0,gradient_maxdet,V2_R2,877,0.90373612968937,VALID
seed,157.0,gradient_maxdet,V2_R2,909,0.940900835029097,VALID
seed,157.0,gradient_maxdet,V2_R2,941,0.9315429526669353,VALID
seed,157.0,gradient_maxdet,V2_R2,973,0.9418245637161673,VALID
seed,157.0,gradient_maxdet,V2_R2,1005,0.9628339422483768,VALID
seed,157.0,hybrid,V2_R2,333,0.0,VALID
seed,157.0,hybrid,V2_R2,365,0.11942999538888462,VALID
seed,157.0,hybrid,V2_R2,397,0.45718422960820765,VALID
seed,157.0,hybrid,V2_R2,429,0.6100148590816821,VALID
seed,157.0,hybrid,V2_R2,461,0.6612644677829245,VALID
seed,157.0,hybrid,V2_R2,493,0.6797131083569888,VALID
seed,157.0,hybrid,V2_R2,525,0.717117949673316,VALID
seed,157.0,hybrid,V2_R2,557,0.7000821802509877,VALID
seed,157.0,hybrid,V2_R2,589,0.7168593314696527,VALID
seed,157.0,hybrid,V2_R2,621,0.7771993857376794,VALID
seed,157.0,hybrid,V2_R2,653,0.8011437109461265,VALID
seed,157.0,hybrid,V2_R2,685,0.8456561775840629,VALID
seed,157.0,hybrid,V2_R2,717,0.8589556689424879,VALID
seed,157.0,hybrid,V2_R2,749,0.8840388787719343,VALID
seed,157.0,hybrid,V2_R2,781,0.8912019741472201,VALID
seed,157.0,hybrid,V2_R2,813,0.8775380019718185,VALID
seed,157.0,hybrid,V2_R2,845,0.8807398947016344,VALID
seed,157.0,hybrid,V2_R2,877,0.8890014512164506,VALID
seed,157.0,hybrid,V2_R2,909,0.8669598765204015,VALID
seed,157.0,hybrid,V2_R2,941,0.8728553237387395,VALID
seed,157.0,hybrid,V2_R2,973,0.8975552207371219,VALID
seed,157.0,hybrid,V2_R2,1005,0.9006465695374614,VALID
seed,157.0,kernel_ivr,V2_R2,333,0.0,VALID
seed,157.0,kernel_ivr,V2_R2,365,-0.06054943633364337,VALID
seed,157.0,kernel_ivr,V2_R2,397,0.2466418436375191,VALID
seed,157.0,kernel_ivr,V2_R2,429,0.49314788718702385,VALID
seed,157.0,kernel_ivr,V2_R2,461,0.6542073075813429,VALID
seed,157.0,kernel_ivr,V2_R2,493,0.7846073464920609,VALID
seed,157.0,kernel_ivr,V2_R2,525,0.8287128090532085,VALID
seed,157.0,kernel_ivr,V2_R2,557,0.8426067923071654,VALID
seed,157.0,kernel_ivr,V2_R2,589,0.8790171317795568,VALID
seed,157.0,kernel_ivr,V2_R2,621,0.8755471599096204,VALID
seed,157.0,kernel_ivr,V2_R2,653,0.8992626915328915,VALID
seed,157.0,kernel_ivr,V2_R2,685,0.9023546307337387,VALID
seed,157.0,kernel_ivr,V2_R2,717,0.8868631602800036,VALID
seed,157.0,kernel_ivr,V2_R2,749,0.8790830573597385,VALID
seed,157.0,kernel_ivr,V2_R2,781,0.9125858416631425,VALID
seed,157.0,kernel_ivr,V2_R2,813,0.8982111927581616,VALID
seed,157.0,kernel_ivr,V2_R2,845,0.9170758299862828,VALID
seed,157.0,kernel_ivr,V2_R2,877,0.9311900633266725,VALID
seed,157.0,kernel_ivr,V2_R2,909,0.8972197032033175,VALID
seed,157.0,kernel_ivr,V2_R2,941,0.9123224616769067,VALID
seed,157.0,kernel_ivr,V2_R2,973,0.9428443959943998,VALID
seed,157.0,kernel_ivr,V2_R2,1005,0.9373323765875682,VALID
seed,157.0,lcmd,V2_R2,333,0.0,VALID
seed,157.0,lcmd,V2_R2,365,0.20369453772948626,VALID
seed,157.0,lcmd,V2_R2,397,0.09194688088048926,VALID
seed,157.0,lcmd,V2_R2,429,0.31761215424472217,VALID
seed,157.0,lcmd,V2_R2,461,0.36866357223351653,VALID
seed,157.0,lcmd,V2_R2,493,0.6189217621499594,VALID
seed,157.0,lcmd,V2_R2,525,0.6612911663864913,VALID
seed,157.0,lcmd,V2_R2,557,0.6155087414597985,VALID
seed,157.0,lcmd,V2_R2,589,0.6329514536401197,VALID
seed,157.0,lcmd,V2_R2,621,0.7562127489679776,VALID
seed,157.0,lcmd,V2_R2,653,0.7636686901838804,VALID
seed,157.0,lcmd,V2_R2,685,0.8125681039060901,VALID
seed,157.0,lcmd,V2_R2,717,0.8889569722489479,VALID
seed,157.0,lcmd,V2_R2,749,0.8996650641830127,VALID
seed,157.0,lcmd,V2_R2,781,0.8906867647065295,VALID
seed,157.0,lcmd,V2_R2,813,0.9123265191282839,VALID
seed,157.0,lcmd,V2_R2,845,0.8765991634889652,VALID
seed,157.0,lcmd,V2_R2,877,0.8911738858430104,VALID
seed,157.0,lcmd,V2_R2,909,0.8731198471648672,VALID
seed,157.0,lcmd,V2_R2,941,0.8963194362820932,VALID
seed,157.0,lcmd,V2_R2,973,0.9063710909581019,VALID
seed,157.0,lcmd,V2_R2,1005,0.8646509817788249,VALID
seed,157.0,random,V2_R2,333,0.0,VALID
seed,157.0,random,V2_R2,365,0.09225950669053651,VALID
seed,157.0,random,V2_R2,397,-0.42734567410723645,VALID
seed,157.0,random,V2_R2,429,-0.6009529088725677,VALID
seed,157.0,random,V2_R2,461,-0.6276174453351836,VALID
seed,157.0,random,V2_R2,493,-0.35399952333857193,VALID
seed,157.0,random,V2_R2,525,-0.2178594606777526,VALID
seed,157.0,random,V2_R2,557,-0.44208752494144093,VALID
seed,157.0,random,V2_R2,589,-0.21833795073565526,VALID
seed,157.0,random,V2_R2,621,0.08093865675832716,VALID
seed,157.0,random,V2_R2,653,0.09962026384677893,VALID
seed,157.0,random,V2_R2,685,-0.25600879236793617,VALID
seed,157.0,random,V2_R2,717,-0.2968207619548318,VALID
seed,157.0,random,V2_R2,749,-0.29954113897320694,VALID
seed,157.0,random,V2_R2,781,-0.15550745175021954,VALID
seed,157.0,random,V2_R2,813,0.1093391790194759,VALID
seed,157.0,random,V2_R2,845,0.008359658200498174,VALID
seed,157.0,random,V2_R2,877,-0.24625635204445423,VALID
seed,157.0,random,V2_R2,909,0.24403977576080732,VALID
seed,157.0,random,V2_R2,941,0.27052842449904047,VALID
seed,157.0,random,V2_R2,973,0.369214203376969,VALID
seed,157.0,random,V2_R2,1005,0.25281981900201905,VALID
seed,157.0,u50_gradient_maxdet,V2_R2,333,0.0,VALID
seed,157.0,u50_gradient_maxdet,V2_R2,365,0.18737417862726866,VALID
seed,157.0,u50_gradient_maxdet,V2_R2,397,0.43510029774164133,VALID
seed,157.0,u50_gradient_maxdet,V2_R2,429,0.6038490815418784,VALID
seed,157.0,u50_gradient_maxdet,V2_R2,461,0.5996849804015458,VALID
seed,157.0,u50_gradient_maxdet,V2_R2,493,0.6519901617406986,VALID
seed,157.0,u50_gradient_maxdet,V2_R2,525,0.6640107188317703,VALID
seed,157.0,u50_gradient_maxdet,V2_R2,557,0.6697847436391821,VALID
seed,157.0,u50_gradient_maxdet,V2_R2,589,0.8594246479265086,VALID
seed,157.0,u50_gradient_maxdet,V2_R2,621,0.8942308558092598,VALID
seed,157.0,u50_gradient_maxdet,V2_R2,653,0.8757313835630689,VALID
seed,157.0,u50_gradient_maxdet,V2_R2,685,0.8828260125653987,VALID
seed,157.0,u50_gradient_maxdet,V2_R2,717,0.9211730671763204,VALID
seed,157.0,u50_gradient_maxdet,V2_R2,749,0.8946033075090826,VALID
seed,157.0,u50_gradient_maxdet,V2_R2,781,0.8977110488926986,VALID
seed,157.0,u50_gradient_maxdet,V2_R2,813,0.8956170998454563,VALID
seed,157.0,u50_gradient_maxdet,V2_R2,845,0.9089578381396712,VALID
seed,157.0,u50_gradient_maxdet,V2_R2,877,0.9327676774885145,VALID
seed,157.0,u50_gradient_maxdet,V2_R2,909,0.9288778613553667,VALID
seed,157.0,u50_gradient_maxdet,V2_R2,941,0.9371492658097502,VALID
seed,157.0,u50_gradient_maxdet,V2_R2,973,0.9249319380515615,VALID
seed,157.0,u50_gradient_maxdet,V2_R2,1005,0.9346003749125773,VALID
seed,6101.0,gradient_maxdet,combined_normalized_RMSE,333,-0.0,VALID
seed,6101.0,gradient_maxdet,combined_normalized_RMSE,365,0.1873621648680103,VALID
seed,6101.0,gradient_maxdet,combined_normalized_RMSE,397,0.3502950787408383,VALID
seed,6101.0,gradient_maxdet,combined_normalized_RMSE,429,0.34811827626194186,VALID
seed,6101.0,gradient_maxdet,combined_normalized_RMSE,461,0.3206519405688674,VALID
seed,6101.0,gradient_maxdet,combined_normalized_RMSE,493,0.4698785584365974,VALID
seed,6101.0,gradient_maxdet,combined_normalized_RMSE,525,0.5097791885709361,VALID
seed,6101.0,gradient_maxdet,combined_normalized_RMSE,557,0.49820552124767586,VALID
seed,6101.0,gradient_maxdet,combined_normalized_RMSE,589,0.48183246579558936,VALID
seed,6101.0,gradient_maxdet,combined_normalized_RMSE,621,0.45015379755574025,VALID
seed,6101.0,gradient_maxdet,combined_normalized_RMSE,653,0.5154326411548322,VALID
seed,6101.0,gradient_maxdet,combined_normalized_RMSE,685,0.5117043593071217,VALID
seed,6101.0,gradient_maxdet,combined_normalized_RMSE,717,0.543332182929097,VALID
seed,6101.0,gradient_maxdet,combined_normalized_RMSE,749,0.5432962880076353,VALID
seed,6101.0,gradient_maxdet,combined_normalized_RMSE,781,0.5980020483014875,VALID
seed,6101.0,gradient_maxdet,combined_normalized_RMSE,813,0.6395176692946001,VALID
seed,6101.0,gradient_maxdet,combined_normalized_RMSE,845,0.6818918198134192,VALID
seed,6101.0,gradient_maxdet,combined_normalized_RMSE,877,0.8894920205399525,VALID
seed,6101.0,gradient_maxdet,combined_normalized_RMSE,909,0.8437898574764929,VALID
seed,6101.0,gradient_maxdet,combined_normalized_RMSE,941,0.8634099948960617,VALID
seed,6101.0,gradient_maxdet,combined_normalized_RMSE,973,0.8608407685945644,VALID
seed,6101.0,gradient_maxdet,combined_normalized_RMSE,1005,0.9241825916831874,VALID
seed,6101.0,hybrid,combined_normalized_RMSE,333,-0.0,VALID
seed,6101.0,hybrid,combined_normalized_RMSE,365,0.11645818533921892,VALID
seed,6101.0,hybrid,combined_normalized_RMSE,397,0.15004751644608993,VALID
seed,6101.0,hybrid,combined_normalized_RMSE,429,0.3765248568461428,VALID
seed,6101.0,hybrid,combined_normalized_RMSE,461,0.41969913503759954,VALID
seed,6101.0,hybrid,combined_normalized_RMSE,493,0.4239002973394237,VALID
seed,6101.0,hybrid,combined_normalized_RMSE,525,0.5475852606339773,VALID
seed,6101.0,hybrid,combined_normalized_RMSE,557,0.5491583921816752,VALID
seed,6101.0,hybrid,combined_normalized_RMSE,589,0.7160059989310212,VALID
seed,6101.0,hybrid,combined_normalized_RMSE,621,0.7683564194062041,VALID
seed,6101.0,hybrid,combined_normalized_RMSE,653,0.920589551128767,VALID
seed,6101.0,hybrid,combined_normalized_RMSE,685,0.9566999692297081,VALID
seed,6101.0,hybrid,combined_normalized_RMSE,717,0.9685226617064285,VALID
seed,6101.0,hybrid,combined_normalized_RMSE,749,0.8904953226605188,VALID
seed,6101.0,hybrid,combined_normalized_RMSE,781,0.952000505381403,VALID
seed,6101.0,hybrid,combined_normalized_RMSE,813,0.9715448802530537,VALID
seed,6101.0,hybrid,combined_normalized_RMSE,845,0.9125853707233502,VALID
seed,6101.0,hybrid,combined_normalized_RMSE,877,0.96507501545226,VALID
seed,6101.0,hybrid,combined_normalized_RMSE,909,0.9867394744171399,VALID
seed,6101.0,hybrid,combined_normalized_RMSE,941,0.9786749969166512,VALID
seed,6101.0,hybrid,combined_normalized_RMSE,973,1.0134383292788336,VALID
seed,6101.0,hybrid,combined_normalized_RMSE,1005,0.9812686317317355,VALID
seed,6101.0,kernel_ivr,combined_normalized_RMSE,333,-0.0,VALID
seed,6101.0,kernel_ivr,combined_normalized_RMSE,365,0.22778606632945703,VALID
seed,6101.0,kernel_ivr,combined_normalized_RMSE,397,0.40098457405132665,VALID
seed,6101.0,kernel_ivr,combined_normalized_RMSE,429,0.3653319156217843,VALID
seed,6101.0,kernel_ivr,combined_normalized_RMSE,461,0.35135121117779755,VALID
seed,6101.0,kernel_ivr,combined_normalized_RMSE,493,0.5046104044565612,VALID
seed,6101.0,kernel_ivr,combined_normalized_RMSE,525,0.592136388373116,VALID
seed,6101.0,kernel_ivr,combined_normalized_RMSE,557,0.4239566994476058,VALID
seed,6101.0,kernel_ivr,combined_normalized_RMSE,589,0.5334469785213821,VALID
seed,6101.0,kernel_ivr,combined_normalized_RMSE,621,0.5176977867924619,VALID
seed,6101.0,kernel_ivr,combined_normalized_RMSE,653,0.5059866804305815,VALID
seed,6101.0,kernel_ivr,combined_normalized_RMSE,685,0.5785580688793528,VALID
seed,6101.0,kernel_ivr,combined_normalized_RMSE,717,0.5861384123610809,VALID
seed,6101.0,kernel_ivr,combined_normalized_RMSE,749,0.6345637754147015,VALID
seed,6101.0,kernel_ivr,combined_normalized_RMSE,781,0.6684458535401987,VALID
seed,6101.0,kernel_ivr,combined_normalized_RMSE,813,0.818522663899158,VALID
seed,6101.0,kernel_ivr,combined_normalized_RMSE,845,0.920211359865722,VALID
seed,6101.0,kernel_ivr,combined_normalized_RMSE,877,0.8963153928127391,VALID
seed,6101.0,kernel_ivr,combined_normalized_RMSE,909,0.876875274201439,VALID
seed,6101.0,kernel_ivr,combined_normalized_RMSE,941,0.855915898502323,VALID
seed,6101.0,kernel_ivr,combined_normalized_RMSE,973,0.9025218580020756,VALID
seed,6101.0,kernel_ivr,combined_normalized_RMSE,1005,0.9015626656942901,VALID
seed,6101.0,lcmd,combined_normalized_RMSE,333,-0.0,VALID
seed,6101.0,lcmd,combined_normalized_RMSE,365,0.06850796706815676,VALID
seed,6101.0,lcmd,combined_normalized_RMSE,397,0.014217723984240547,VALID
seed,6101.0,lcmd,combined_normalized_RMSE,429,0.18164599489119276,VALID
seed,6101.0,lcmd,combined_normalized_RMSE,461,0.31926151052123536,VALID
seed,6101.0,lcmd,combined_normalized_RMSE,493,0.38659040204396167,VALID
seed,6101.0,lcmd,combined_normalized_RMSE,525,0.3475741822518815,VALID
seed,6101.0,lcmd,combined_normalized_RMSE,557,0.6166075341790227,VALID
seed,6101.0,lcmd,combined_normalized_RMSE,589,0.7763144341544669,VALID
seed,6101.0,lcmd,combined_normalized_RMSE,621,0.8133930980536023,VALID
seed,6101.0,lcmd,combined_normalized_RMSE,653,0.8528180424113052,VALID
seed,6101.0,lcmd,combined_normalized_RMSE,685,0.8677380403645112,VALID
seed,6101.0,lcmd,combined_normalized_RMSE,717,0.8887001635802318,VALID
seed,6101.0,lcmd,combined_normalized_RMSE,749,0.9294026925493772,VALID
seed,6101.0,lcmd,combined_normalized_RMSE,781,0.8832218049805278,VALID
seed,6101.0,lcmd,combined_normalized_RMSE,813,0.9059669104513178,VALID
seed,6101.0,lcmd,combined_normalized_RMSE,845,0.9041939784090213,VALID
seed,6101.0,lcmd,combined_normalized_RMSE,877,0.8673789993261989,VALID
seed,6101.0,lcmd,combined_normalized_RMSE,909,0.8936016508345455,VALID
seed,6101.0,lcmd,combined_normalized_RMSE,941,0.9045642654830938,VALID
seed,6101.0,lcmd,combined_normalized_RMSE,973,0.8966536831252158,VALID
seed,6101.0,lcmd,combined_normalized_RMSE,1005,0.9381318801239656,VALID
seed,6101.0,random,combined_normalized_RMSE,333,-0.0,VALID
seed,6101.0,random,combined_normalized_RMSE,365,0.1242109215564618,VALID
seed,6101.0,random,combined_normalized_RMSE,397,0.2182908896419405,VALID
seed,6101.0,random,combined_normalized_RMSE,429,0.26064173363677434,VALID
seed,6101.0,random,combined_normalized_RMSE,461,0.301178591043101,VALID
seed,6101.0,random,combined_normalized_RMSE,493,0.3354363266884317,VALID
seed,6101.0,random,combined_normalized_RMSE,525,0.3998247150049114,VALID
seed,6101.0,random,combined_normalized_RMSE,557,0.3205585668346782,VALID
seed,6101.0,random,combined_normalized_RMSE,589,0.250792540117998,VALID
seed,6101.0,random,combined_normalized_RMSE,621,0.381897391751457,VALID
seed,6101.0,random,combined_normalized_RMSE,653,0.34878774502290955,VALID
seed,6101.0,random,combined_normalized_RMSE,685,0.5225251319816113,VALID
seed,6101.0,random,combined_normalized_RMSE,717,0.41174797904162797,VALID
seed,6101.0,random,combined_normalized_RMSE,749,0.3826446789176501,VALID
seed,6101.0,random,combined_normalized_RMSE,781,0.41659810589955104,VALID
seed,6101.0,random,combined_normalized_RMSE,813,0.4348319150253291,VALID
seed,6101.0,random,combined_normalized_RMSE,845,0.46256996616361556,VALID
seed,6101.0,random,combined_normalized_RMSE,877,0.40982133554421946,VALID
seed,6101.0,random,combined_normalized_RMSE,909,0.43382379415396366,VALID
seed,6101.0,random,combined_normalized_RMSE,941,0.5056986127394799,VALID
seed,6101.0,random,combined_normalized_RMSE,973,0.4450964569537416,VALID
seed,6101.0,random,combined_normalized_RMSE,1005,0.4536162308918188,VALID
seed,6101.0,u50_gradient_maxdet,combined_normalized_RMSE,333,-0.0,VALID
seed,6101.0,u50_gradient_maxdet,combined_normalized_RMSE,365,0.1873621648680103,VALID
seed,6101.0,u50_gradient_maxdet,combined_normalized_RMSE,397,0.3502950787408383,VALID
seed,6101.0,u50_gradient_maxdet,combined_normalized_RMSE,429,0.34811827626194186,VALID
seed,6101.0,u50_gradient_maxdet,combined_normalized_RMSE,461,0.3206519405688674,VALID
seed,6101.0,u50_gradient_maxdet,combined_normalized_RMSE,493,0.45258926007736544,VALID
seed,6101.0,u50_gradient_maxdet,combined_normalized_RMSE,525,0.4575367730068987,VALID
seed,6101.0,u50_gradient_maxdet,combined_normalized_RMSE,557,0.4698232413730343,VALID
seed,6101.0,u50_gradient_maxdet,combined_normalized_RMSE,589,0.5031244793158044,VALID
seed,6101.0,u50_gradient_maxdet,combined_normalized_RMSE,621,0.42571638300409065,VALID
seed,6101.0,u50_gradient_maxdet,combined_normalized_RMSE,653,0.5156892542421518,VALID
seed,6101.0,u50_gradient_maxdet,combined_normalized_RMSE,685,0.5544275351568123,VALID
seed,6101.0,u50_gradient_maxdet,combined_normalized_RMSE,717,0.5448173824200733,VALID
seed,6101.0,u50_gradient_maxdet,combined_normalized_RMSE,749,0.5938610738802813,VALID
seed,6101.0,u50_gradient_maxdet,combined_normalized_RMSE,781,0.5729946494752242,VALID
seed,6101.0,u50_gradient_maxdet,combined_normalized_RMSE,813,0.6452254224955061,VALID
seed,6101.0,u50_gradient_maxdet,combined_normalized_RMSE,845,0.8350029079397694,VALID
seed,6101.0,u50_gradient_maxdet,combined_normalized_RMSE,877,0.8191012681832761,VALID
seed,6101.0,u50_gradient_maxdet,combined_normalized_RMSE,909,0.9064395206788243,VALID
seed,6101.0,u50_gradient_maxdet,combined_normalized_RMSE,941,0.8902756284884454,VALID
seed,6101.0,u50_gradient_maxdet,combined_normalized_RMSE,973,0.9121661682428507,VALID
seed,6101.0,u50_gradient_maxdet,combined_normalized_RMSE,1005,0.8651835840573591,VALID
seed,6101.0,gradient_maxdet,V1_RMSE,333,-0.0,VALID
seed,6101.0,gradient_maxdet,V1_RMSE,365,0.22506325120944246,VALID
seed,6101.0,gradient_maxdet,V1_RMSE,397,0.36609704389306785,VALID
seed,6101.0,gradient_maxdet,V1_RMSE,429,0.36598957215530664,VALID
seed,6101.0,gradient_maxdet,V1_RMSE,461,0.33545131345038687,VALID
seed,6101.0,gradient_maxdet,V1_RMSE,493,0.4678479189837311,VALID
seed,6101.0,gradient_maxdet,V1_RMSE,525,0.516205689043343,VALID
seed,6101.0,gradient_maxdet,V1_RMSE,557,0.5051577686437517,VALID
seed,6101.0,gradient_maxdet,V1_RMSE,589,0.4689786751017183,VALID
seed,6101.0,gradient_maxdet,V1_RMSE,621,0.45816958612245134,VALID
seed,6101.0,gradient_maxdet,V1_RMSE,653,0.511048475716022,VALID
seed,6101.0,gradient_maxdet,V1_RMSE,685,0.48289899853793167,VALID
seed,6101.0,gradient_maxdet,V1_RMSE,717,0.5401173700674399,VALID
seed,6101.0,gradient_maxdet,V1_RMSE,749,0.5239479365865813,VALID
seed,6101.0,gradient_maxdet,V1_RMSE,781,0.5774090779075925,VALID
seed,6101.0,gradient_maxdet,V1_RMSE,813,0.6179934223427751,VALID
seed,6101.0,gradient_maxdet,V1_RMSE,845,0.6585490440514036,VALID
seed,6101.0,gradient_maxdet,V1_RMSE,877,0.8957697192661519,VALID
seed,6101.0,gradient_maxdet,V1_RMSE,909,0.8477369667487997,VALID
seed,6101.0,gradient_maxdet,V1_RMSE,941,0.8612234910084581,VALID
seed,6101.0,gradient_maxdet,V1_RMSE,973,0.8540271609369158,VALID
seed,6101.0,gradient_maxdet,V1_RMSE,1005,0.922478949660687,VALID
seed,6101.0,hybrid,V1_RMSE,333,-0.0,VALID
seed,6101.0,hybrid,V1_RMSE,365,0.11396747764964867,VALID
seed,6101.0,hybrid,V1_RMSE,397,0.16358887358331348,VALID
seed,6101.0,hybrid,V1_RMSE,429,0.3626212812350828,VALID
seed,6101.0,hybrid,V1_RMSE,461,0.43179825133246874,VALID
seed,6101.0,hybrid,V1_RMSE,493,0.4363464362398876,VALID
seed,6101.0,hybrid,V1_RMSE,525,0.5697204928405947,VALID
seed,6101.0,hybrid,V1_RMSE,557,0.5718137949215288,VALID
seed,6101.0,hybrid,V1_RMSE,589,0.7234763971406415,VALID
seed,6101.0,hybrid,V1_RMSE,621,0.8042036881350535,VALID
seed,6101.0,hybrid,V1_RMSE,653,0.9683199135456357,VALID
seed,6101.0,hybrid,V1_RMSE,685,1.0288108705548347,VALID
seed,6101.0,hybrid,V1_RMSE,717,1.0160019414180512,VALID
seed,6101.0,hybrid,V1_RMSE,749,0.9252185129413265,VALID
seed,6101.0,hybrid,V1_RMSE,781,1.0180719420229931,VALID
seed,6101.0,hybrid,V1_RMSE,813,1.0074940864324,VALID
seed,6101.0,hybrid,V1_RMSE,845,0.9779133426503563,VALID
seed,6101.0,hybrid,V1_RMSE,877,1.022992117816334,VALID
seed,6101.0,hybrid,V1_RMSE,909,1.049332938301452,VALID
seed,6101.0,hybrid,V1_RMSE,941,1.040264448600655,VALID
seed,6101.0,hybrid,V1_RMSE,973,1.0481725618978546,VALID
seed,6101.0,hybrid,V1_RMSE,1005,1.0294672330602197,VALID
seed,6101.0,kernel_ivr,V1_RMSE,333,-0.0,VALID
seed,6101.0,kernel_ivr,V1_RMSE,365,0.2552419220631131,VALID
seed,6101.0,kernel_ivr,V1_RMSE,397,0.4395177342989423,VALID
seed,6101.0,kernel_ivr,V1_RMSE,429,0.4059807174299439,VALID
seed,6101.0,kernel_ivr,V1_RMSE,461,0.35169353899657463,VALID
seed,6101.0,kernel_ivr,V1_RMSE,493,0.5510447672851108,VALID
seed,6101.0,kernel_ivr,V1_RMSE,525,0.6296845996555261,VALID
seed,6101.0,kernel_ivr,V1_RMSE,557,0.45003960252624176,VALID
seed,6101.0,kernel_ivr,V1_RMSE,589,0.5139959372464924,VALID
seed,6101.0,kernel_ivr,V1_RMSE,621,0.5265347649476066,VALID
seed,6101.0,kernel_ivr,V1_RMSE,653,0.5227833688423151,VALID
seed,6101.0,kernel_ivr,V1_RMSE,685,0.5876438489550115,VALID
seed,6101.0,kernel_ivr,V1_RMSE,717,0.5757844260871644,VALID
seed,6101.0,kernel_ivr,V1_RMSE,749,0.6561962346628618,VALID
seed,6101.0,kernel_ivr,V1_RMSE,781,0.6516389298373254,VALID
seed,6101.0,kernel_ivr,V1_RMSE,813,0.813480271004488,VALID
seed,6101.0,kernel_ivr,V1_RMSE,845,0.9355058051394677,VALID
seed,6101.0,kernel_ivr,V1_RMSE,877,0.8851396013827783,VALID
seed,6101.0,kernel_ivr,V1_RMSE,909,0.8822074235979953,VALID
seed,6101.0,kernel_ivr,V1_RMSE,941,0.8520927299106178,VALID
seed,6101.0,kernel_ivr,V1_RMSE,973,0.9026705729419995,VALID
seed,6101.0,kernel_ivr,V1_RMSE,1005,0.8980514609365854,VALID
seed,6101.0,lcmd,V1_RMSE,333,-0.0,VALID
seed,6101.0,lcmd,V1_RMSE,365,0.07700079006577822,VALID
seed,6101.0,lcmd,V1_RMSE,397,-0.012688060770592605,VALID
seed,6101.0,lcmd,V1_RMSE,429,0.15258786205552294,VALID
seed,6101.0,lcmd,V1_RMSE,461,0.2801083109279994,VALID
seed,6101.0,lcmd,V1_RMSE,493,0.3468616272741,VALID
seed,6101.0,lcmd,V1_RMSE,525,0.33250000126391505,VALID
seed,6101.0,lcmd,V1_RMSE,557,0.6557232957080479,VALID
seed,6101.0,lcmd,V1_RMSE,589,0.7916035529942801,VALID
seed,6101.0,lcmd,V1_RMSE,621,0.8709194667807614,VALID
seed,6101.0,lcmd,V1_RMSE,653,0.9358019748171992,VALID
seed,6101.0,lcmd,V1_RMSE,685,0.9237199523720294,VALID
seed,6101.0,lcmd,V1_RMSE,717,0.9226569484239862,VALID
seed,6101.0,lcmd,V1_RMSE,749,0.9845399013456516,VALID
seed,6101.0,lcmd,V1_RMSE,781,0.9159365373832294,VALID
seed,6101.0,lcmd,V1_RMSE,813,0.950692294471057,VALID
seed,6101.0,lcmd,V1_RMSE,845,0.9393879226469731,VALID
seed,6101.0,lcmd,V1_RMSE,877,0.9073031520763536,VALID
seed,6101.0,lcmd,V1_RMSE,909,0.9159801784732073,VALID
seed,6101.0,lcmd,V1_RMSE,941,0.9308280522849433,VALID
seed,6101.0,lcmd,V1_RMSE,973,0.9353354198650835,VALID
seed,6101.0,lcmd,V1_RMSE,1005,0.9719480375968077,VALID
seed,6101.0,random,V1_RMSE,333,-0.0,VALID
seed,6101.0,random,V1_RMSE,365,0.12907439771395884,VALID
seed,6101.0,random,V1_RMSE,397,0.26920821069704476,VALID
seed,6101.0,random,V1_RMSE,429,0.30030877385336874,VALID
seed,6101.0,random,V1_RMSE,461,0.3143972099732903,VALID
seed,6101.0,random,V1_RMSE,493,0.3703573941364001,VALID
seed,6101.0,random,V1_RMSE,525,0.45219404724075024,VALID
seed,6101.0,random,V1_RMSE,557,0.36027781333155595,VALID
seed,6101.0,random,V1_RMSE,589,0.24346636919268422,VALID
seed,6101.0,random,V1_RMSE,621,0.4025961265447103,VALID
seed,6101.0,random,V1_RMSE,653,0.35243528962871373,VALID
seed,6101.0,random,V1_RMSE,685,0.5821200232425172,VALID
seed,6101.0,random,V1_RMSE,717,0.42554115392370256,VALID
seed,6101.0,random,V1_RMSE,749,0.37774057486596213,VALID
seed,6101.0,random,V1_RMSE,781,0.42059107638862414,VALID
seed,6101.0,random,V1_RMSE,813,0.4464961627197574,VALID
seed,6101.0,random,V1_RMSE,845,0.505859526244551,VALID
seed,6101.0,random,V1_RMSE,877,0.37319702142443006,VALID
seed,6101.0,random,V1_RMSE,909,0.3520128160576989,VALID
seed,6101.0,random,V1_RMSE,941,0.4358283550441298,VALID
seed,6101.0,random,V1_RMSE,973,0.36418615203921906,VALID
seed,6101.0,random,V1_RMSE,1005,0.3996534938180595,VALID
seed,6101.0,u50_gradient_maxdet,V1_RMSE,333,-0.0,VALID
seed,6101.0,u50_gradient_maxdet,V1_RMSE,365,0.22506325120944246,VALID
seed,6101.0,u50_gradient_maxdet,V1_RMSE,397,0.36609704389306785,VALID
seed,6101.0,u50_gradient_maxdet,V1_RMSE,429,0.36598957215530664,VALID
seed,6101.0,u50_gradient_maxdet,V1_RMSE,461,0.33545131345038687,VALID
seed,6101.0,u50_gradient_maxdet,V1_RMSE,493,0.43884657447612535,VALID
seed,6101.0,u50_gradient_maxdet,V1_RMSE,525,0.45930444360737793,VALID
seed,6101.0,u50_gradient_maxdet,V1_RMSE,557,0.44308522142435386,VALID
seed,6101.0,u50_gradient_maxdet,V1_RMSE,589,0.48816660483230767,VALID
seed,6101.0,u50_gradient_maxdet,V1_RMSE,621,0.35271241577454393,VALID
seed,6101.0,u50_gradient_maxdet,V1_RMSE,653,0.4974941678102813,VALID
seed,6101.0,u50_gradient_maxdet,V1_RMSE,685,0.5338354837724648,VALID
seed,6101.0,u50_gradient_maxdet,V1_RMSE,717,0.530810508256978,VALID
seed,6101.0,u50_gradient_maxdet,V1_RMSE,749,0.5980520560789836,VALID
seed,6101.0,u50_gradient_maxdet,V1_RMSE,781,0.5597073356076213,VALID
seed,6101.0,u50_gradient_maxdet,V1_RMSE,813,0.6395252331316639,VALID
seed,6101.0,u50_gradient_maxdet,V1_RMSE,845,0.8321280799093929,VALID
seed,6101.0,u50_gradient_maxdet,V1_RMSE,877,0.8082385921591059,VALID
seed,6101.0,u50_gradient_maxdet,V1_RMSE,909,0.9049127172255573,VALID
seed,6101.0,u50_gradient_maxdet,V1_RMSE,941,0.8849678008972317,VALID
seed,6101.0,u50_gradient_maxdet,V1_RMSE,973,0.9183182418966767,VALID
seed,6101.0,u50_gradient_maxdet,V1_RMSE,1005,0.8705961843248994,VALID
seed,6101.0,gradient_maxdet,V2_RMSE,333,-0.0,VALID
seed,6101.0,gradient_maxdet,V2_RMSE,365,0.14062422522082754,VALID
seed,6101.0,gradient_maxdet,V2_RMSE,397,0.3288109019218394,VALID
seed,6101.0,gradient_maxdet,V2_RMSE,429,0.32410030183751243,VALID
seed,6101.0,gradient_maxdet,V2_RMSE,461,0.3005689344666501,VALID
seed,6101.0,gradient_maxdet,V2_RMSE,493,0.47032975607328653,VALID
seed,6101.0,gradient_maxdet,V2_RMSE,525,0.49936357491946876,VALID
seed,6101.0,gradient_maxdet,V2_RMSE,557,0.48715264740164577,VALID
seed,6101.0,gradient_maxdet,V2_RMSE,589,0.4962475171433097,VALID
seed,6101.0,gradient_maxdet,V2_RMSE,621,0.43790711260598175,VALID
seed,6101.0,gradient_maxdet,V2_RMSE,653,0.5188598314912451,VALID
seed,6101.0,gradient_maxdet,V2_RMSE,685,0.5472587910893617,VALID
seed,6101.0,gradient_maxdet,V2_RMSE,717,0.5452359493177263,VALID
seed,6101.0,gradient_maxdet,V2_RMSE,749,0.5663529669832765,VALID
seed,6101.0,gradient_maxdet,V2_RMSE,781,0.6229286218392396,VALID
seed,6101.0,gradient_maxdet,V2_RMSE,813,0.6659215565175515,VALID
seed,6101.0,gradient_maxdet,V2_RMSE,845,0.7110681978566247,VALID
seed,6101.0,gradient_maxdet,V2_RMSE,877,0.8797287179533839,VALID
seed,6101.0,gradient_maxdet,V2_RMSE,909,0.8369153582336273,VALID
seed,6101.0,gradient_maxdet,V2_RMSE,941,0.8650099081475642,VALID
seed,6101.0,gradient_maxdet,V2_RMSE,973,0.8687938483545727,VALID
seed,6101.0,gradient_maxdet,V2_RMSE,1005,0.9256707880401396,VALID
seed,6101.0,hybrid,V2_RMSE,333,-0.0,VALID
seed,6101.0,hybrid,V2_RMSE,365,0.11881420889751941,VALID
seed,6101.0,hybrid,V2_RMSE,397,0.1325730040928759,VALID
seed,6101.0,hybrid,V2_RMSE,429,0.39233575474761884,VALID
seed,6101.0,hybrid,V2_RMSE,461,0.4024576953702562,VALID
seed,6101.0,hybrid,V2_RMSE,493,0.4062075244385265,VALID
seed,6101.0,hybrid,V2_RMSE,525,0.5172627730877838,VALID
seed,6101.0,hybrid,V2_RMSE,557,0.5181803381032095,VALID
seed,6101.0,hybrid,V2_RMSE,589,0.7040657337192866,VALID
seed,6101.0,hybrid,V2_RMSE,621,0.7199738297784308,VALID
seed,6101.0,hybrid,V2_RMSE,653,0.8567182694135644,VALID
seed,6101.0,hybrid,V2_RMSE,685,0.8626247268182435,VALID
seed,6101.0,hybrid,V2_RMSE,717,0.904814960347984,VALID
seed,6101.0,hybrid,V2_RMSE,749,0.8432146985773655,VALID
seed,6101.0,hybrid,V2_RMSE,781,0.8652732115608486,VALID
seed,6101.0,hybrid,V2_RMSE,813,0.9226280698267155,VALID
seed,6101.0,hybrid,V2_RMSE,845,0.8270269184986776,VALID
seed,6101.0,hybrid,V2_RMSE,877,0.8882938745205281,VALID
seed,6101.0,hybrid,V2_RMSE,909,0.9040628287146348,VALID
seed,6101.0,hybrid,V2_RMSE,941,0.8972806690128359,VALID
seed,6101.0,hybrid,V2_RMSE,973,0.9661449249882725,VALID
seed,6101.0,hybrid,V2_RMSE,1005,0.9166145221690695,VALID
seed,6101.0,kernel_ivr,V2_RMSE,333,-0.0,VALID
seed,6101.0,kernel_ivr,V2_RMSE,365,0.1929388447766762,VALID
seed,6101.0,kernel_ivr,V2_RMSE,397,0.3515028309541784,VALID
seed,6101.0,kernel_ivr,V2_RMSE,429,0.3135955667370493,VALID
seed,6101.0,kernel_ivr,V2_RMSE,461,0.3491071684893615,VALID
seed,6101.0,kernel_ivr,V2_RMSE,493,0.44484420708148426,VALID
seed,6101.0,kernel_ivr,V2_RMSE,525,0.542526945576291,VALID
seed,6101.0,kernel_ivr,V2_RMSE,557,0.3894146215692732,VALID
seed,6101.0,kernel_ivr,V2_RMSE,589,0.5566112233147364,VALID
seed,6101.0,kernel_ivr,V2_RMSE,621,0.5042026725799069,VALID
seed,6101.0,kernel_ivr,V2_RMSE,653,0.4825097671784115,VALID
seed,6101.0,kernel_ivr,V2_RMSE,685,0.5646045739162124,VALID
seed,6101.0,kernel_ivr,V2_RMSE,717,0.597405015346146,VALID
seed,6101.0,kernel_ivr,V2_RMSE,749,0.6045386628070981,VALID
seed,6101.0,kernel_ivr,V2_RMSE,781,0.6886339336461197,VALID
seed,6101.0,kernel_ivr,V2_RMSE,813,0.8236906920776615,VALID
seed,6101.0,kernel_ivr,V2_RMSE,845,0.898447873289726,VALID
seed,6101.0,kernel_ivr,V2_RMSE,877,0.9107497730558063,VALID
seed,6101.0,kernel_ivr,V2_RMSE,909,0.8683167254334497,VALID
seed,6101.0,kernel_ivr,V2_RMSE,941,0.8597021069377891,VALID
seed,6101.0,kernel_ivr,V2_RMSE,973,0.9012375497733385,VALID
seed,6101.0,kernel_ivr,V2_RMSE,1005,0.9053331574403649,VALID
seed,6101.0,lcmd,V2_RMSE,333,-0.0,VALID
seed,6101.0,lcmd,V2_RMSE,365,0.05771997495251581,VALID
seed,6101.0,lcmd,V2_RMSE,397,0.04744470674787299,VALID
seed,6101.0,lcmd,V2_RMSE,429,0.217164565029998,VALID
seed,6101.0,lcmd,V2_RMSE,461,0.36794818803100354,VALID
seed,6101.0,lcmd,V2_RMSE,493,0.4362452971915222,VALID
seed,6101.0,lcmd,V2_RMSE,525,0.3649242210240979,VALID
seed,6101.0,lcmd,V2_RMSE,557,0.5649291397265047,VALID
seed,6101.0,lcmd,V2_RMSE,589,0.7542129251971867,VALID
seed,6101.0,lcmd,V2_RMSE,621,0.7379849735853785,VALID
seed,6101.0,lcmd,V2_RMSE,653,0.7467471755133853,VALID
seed,6101.0,lcmd,V2_RMSE,685,0.7938738531385721,VALID
seed,6101.0,lcmd,V2_RMSE,717,0.8424054132408121,VALID
seed,6101.0,lcmd,V2_RMSE,749,0.8562459235077652,VALID
seed,6101.0,lcmd,V2_RMSE,781,0.8385294774095027,VALID
seed,6101.0,lcmd,V2_RMSE,813,0.845929252299344,VALID
seed,6101.0,lcmd,V2_RMSE,845,0.8562910248623746,VALID
seed,6101.0,lcmd,V2_RMSE,877,0.8135256381149446,VALID
seed,6101.0,lcmd,V2_RMSE,909,0.8623502693152971,VALID
seed,6101.0,lcmd,V2_RMSE,941,0.8682334797508112,VALID
seed,6101.0,lcmd,V2_RMSE,973,0.8443020798256357,VALID
seed,6101.0,lcmd,V2_RMSE,1005,0.8919829225461848,VALID
seed,6101.0,random,V2_RMSE,333,-0.0,VALID
seed,6101.0,random,V2_RMSE,365,0.11748445917575388,VALID
seed,6101.0,random,V2_RMSE,397,0.1557262723343605,VALID
seed,6101.0,random,V2_RMSE,429,0.21094278064620986,VALID
seed,6101.0,random,V2_RMSE,461,0.2831513220000641,VALID
seed,6101.0,random,V2_RMSE,493,0.2907961892935271,VALID
seed,6101.0,random,V2_RMSE,525,0.33387883296083437,VALID
seed,6101.0,random,V2_RMSE,557,0.27029613851450296,VALID
seed,6101.0,random,V2_RMSE,589,0.25855168872760675,VALID
seed,6101.0,random,V2_RMSE,621,0.354209159469963,VALID
seed,6101.0,random,V2_RMSE,653,0.34240631166534163,VALID
seed,6101.0,random,V2_RMSE,685,0.4469599763134639,VALID
seed,6101.0,random,V2_RMSE,717,0.39243352046037305,VALID
seed,6101.0,random,V2_RMSE,749,0.3869395705302291,VALID
seed,6101.0,random,V2_RMSE,781,0.40953278016913824,VALID
seed,6101.0,random,V2_RMSE,813,0.41806827793268087,VALID
seed,6101.0,random,V2_RMSE,845,0.40690288681447684,VALID
seed,6101.0,random,V2_RMSE,877,0.45542058982973765,VALID
seed,6101.0,random,V2_RMSE,909,0.5421057423763274,VALID
seed,6101.0,random,V2_RMSE,941,0.5980054505063217,VALID
seed,6101.0,random,V2_RMSE,973,0.552266010616267,VALID
seed,6101.0,random,V2_RMSE,1005,0.5229896517139427,VALID
seed,6101.0,u50_gradient_maxdet,V2_RMSE,333,-0.0,VALID
seed,6101.0,u50_gradient_maxdet,V2_RMSE,365,0.14062422522082754,VALID
seed,6101.0,u50_gradient_maxdet,V2_RMSE,397,0.3288109019218394,VALID
seed,6101.0,u50_gradient_maxdet,V2_RMSE,429,0.32410030183751243,VALID
seed,6101.0,u50_gradient_maxdet,V2_RMSE,461,0.3005689344666501,VALID
seed,6101.0,u50_gradient_maxdet,V2_RMSE,493,0.4681524335095551,VALID
seed,6101.0,u50_gradient_maxdet,V2_RMSE,525,0.45316961723517263,VALID
seed,6101.0,u50_gradient_maxdet,V2_RMSE,557,0.5024688845553573,VALID
seed,6101.0,u50_gradient_maxdet,V2_RMSE,589,0.5203059618404575,VALID
seed,6101.0,u50_gradient_maxdet,V2_RMSE,621,0.5213531337818065,VALID
seed,6101.0,u50_gradient_maxdet,V2_RMSE,653,0.5371484863756575,VALID
seed,6101.0,u50_gradient_maxdet,V2_RMSE,685,0.5791748752654355,VALID
seed,6101.0,u50_gradient_maxdet,V2_RMSE,717,0.5608152769341757,VALID
seed,6101.0,u50_gradient_maxdet,V2_RMSE,749,0.5861688572247878,VALID
seed,6101.0,u50_gradient_maxdet,V2_RMSE,781,0.5881035455650535,VALID
seed,6101.0,u50_gradient_maxdet,V2_RMSE,813,0.6504799479679484,VALID
seed,6101.0,u50_gradient_maxdet,V2_RMSE,845,0.8373303186915638,VALID
seed,6101.0,u50_gradient_maxdet,V2_RMSE,877,0.8322661513846318,VALID
seed,6101.0,u50_gradient_maxdet,V2_RMSE,909,0.9075058367543575,VALID
seed,6101.0,u50_gradient_maxdet,V2_RMSE,941,0.8964283743500732,VALID
seed,6101.0,u50_gradient_maxdet,V2_RMSE,973,0.902724852720941,VALID
seed,6101.0,u50_gradient_maxdet,V2_RMSE,1005,0.8564477005090455,VALID
seed,6101.0,gradient_maxdet,V1_MAE,333,-0.0,VALID
seed,6101.0,gradient_maxdet,V1_MAE,365,0.24489082645486548,VALID
seed,6101.0,gradient_maxdet,V1_MAE,397,0.36019557962002846,VALID
seed,6101.0,gradient_maxdet,V1_MAE,429,0.3543163430686977,VALID
seed,6101.0,gradient_maxdet,V1_MAE,461,0.436571192652629,VALID
seed,6101.0,gradient_maxdet,V1_MAE,493,0.5372267196462898,VALID
seed,6101.0,gradient_maxdet,V1_MAE,525,0.6537316128865244,VALID
seed,6101.0,gradient_maxdet,V1_MAE,557,0.591196822081463,VALID
seed,6101.0,gradient_maxdet,V1_MAE,589,0.5432933993858603,VALID
seed,6101.0,gradient_maxdet,V1_MAE,621,0.4884249003615727,VALID
seed,6101.0,gradient_maxdet,V1_MAE,653,0.6182015809719852,VALID
seed,6101.0,gradient_maxdet,V1_MAE,685,0.6330008223568692,VALID
seed,6101.0,gradient_maxdet,V1_MAE,717,0.6517351758069945,VALID
seed,6101.0,gradient_maxdet,V1_MAE,749,0.6660041956444902,VALID
seed,6101.0,gradient_maxdet,V1_MAE,781,0.6753145287973854,VALID
seed,6101.0,gradient_maxdet,V1_MAE,813,0.7448654445150379,VALID
seed,6101.0,gradient_maxdet,V1_MAE,845,0.7641300997517801,VALID
seed,6101.0,gradient_maxdet,V1_MAE,877,0.845917180251746,VALID
seed,6101.0,gradient_maxdet,V1_MAE,909,0.8538972808882601,VALID
seed,6101.0,gradient_maxdet,V1_MAE,941,0.82228409163003,VALID
seed,6101.0,gradient_maxdet,V1_MAE,973,0.8327822515199944,VALID
seed,6101.0,gradient_maxdet,V1_MAE,1005,0.8680631575477595,VALID
seed,6101.0,hybrid,V1_MAE,333,-0.0,VALID
seed,6101.0,hybrid,V1_MAE,365,0.15959147722289965,VALID
seed,6101.0,hybrid,V1_MAE,397,0.21931730918526218,VALID
seed,6101.0,hybrid,V1_MAE,429,0.45711298233793596,VALID
seed,6101.0,hybrid,V1_MAE,461,0.5006793200517526,VALID
seed,6101.0,hybrid,V1_MAE,493,0.5198634731072805,VALID
seed,6101.0,hybrid,V1_MAE,525,0.6758741432792917,VALID
seed,6101.0,hybrid,V1_MAE,557,0.6746481690728365,VALID
seed,6101.0,hybrid,V1_MAE,589,0.8079529057251531,VALID
seed,6101.0,hybrid,V1_MAE,621,0.765596795510871,VALID
seed,6101.0,hybrid,V1_MAE,653,0.9166786028561262,VALID
seed,6101.0,hybrid,V1_MAE,685,0.8810112139498797,VALID
seed,6101.0,hybrid,V1_MAE,717,0.9330764491832213,VALID
seed,6101.0,hybrid,V1_MAE,749,0.937064790792605,VALID
seed,6101.0,hybrid,V1_MAE,781,0.9286469102421161,VALID
seed,6101.0,hybrid,V1_MAE,813,0.9217445292696995,VALID
seed,6101.0,hybrid,V1_MAE,845,0.9949124747328784,VALID
seed,6101.0,hybrid,V1_MAE,877,1.0070889623140025,VALID
seed,6101.0,hybrid,V1_MAE,909,1.0539326582674593,VALID
seed,6101.0,hybrid,V1_MAE,941,0.9664669494383121,VALID
seed,6101.0,hybrid,V1_MAE,973,0.9771366197125891,VALID
seed,6101.0,hybrid,V1_MAE,1005,0.9855762296262153,VALID
seed,6101.0,kernel_ivr,V1_MAE,333,-0.0,VALID
seed,6101.0,kernel_ivr,V1_MAE,365,0.30329697639266556,VALID
seed,6101.0,kernel_ivr,V1_MAE,397,0.25462895191293944,VALID
seed,6101.0,kernel_ivr,V1_MAE,429,0.38996652984442615,VALID
seed,6101.0,kernel_ivr,V1_MAE,461,0.41300400798958636,VALID
seed,6101.0,kernel_ivr,V1_MAE,493,0.5771961942462357,VALID
seed,6101.0,kernel_ivr,V1_MAE,525,0.7203618888395416,VALID
seed,6101.0,kernel_ivr,V1_MAE,557,0.5258586664613664,VALID
seed,6101.0,kernel_ivr,V1_MAE,589,0.6491692325854781,VALID
seed,6101.0,kernel_ivr,V1_MAE,621,0.6311226151220961,VALID
seed,6101.0,kernel_ivr,V1_MAE,653,0.6124593683712263,VALID
seed,6101.0,kernel_ivr,V1_MAE,685,0.7130456718706586,VALID
seed,6101.0,kernel_ivr,V1_MAE,717,0.7278121490650034,VALID
seed,6101.0,kernel_ivr,V1_MAE,749,0.7155046139057287,VALID
seed,6101.0,kernel_ivr,V1_MAE,781,0.822450781860203,VALID
seed,6101.0,kernel_ivr,V1_MAE,813,0.7174365120602081,VALID
seed,6101.0,kernel_ivr,V1_MAE,845,0.8752272716332113,VALID
seed,6101.0,kernel_ivr,V1_MAE,877,0.8972961541264127,VALID
seed,6101.0,kernel_ivr,V1_MAE,909,0.7572362280045419,VALID
seed,6101.0,kernel_ivr,V1_MAE,941,0.838295633441748,VALID
seed,6101.0,kernel_ivr,V1_MAE,973,0.7838414380732857,VALID
seed,6101.0,kernel_ivr,V1_MAE,1005,0.8731337044841387,VALID
seed,6101.0,lcmd,V1_MAE,333,-0.0,VALID
seed,6101.0,lcmd,V1_MAE,365,0.11701377429472308,VALID
seed,6101.0,lcmd,V1_MAE,397,-0.039148044348931196,VALID
seed,6101.0,lcmd,V1_MAE,429,0.2077064361435393,VALID
seed,6101.0,lcmd,V1_MAE,461,0.2985504692970373,VALID
seed,6101.0,lcmd,V1_MAE,493,0.40058514041731347,VALID
seed,6101.0,lcmd,V1_MAE,525,0.32843699156258777,VALID
seed,6101.0,lcmd,V1_MAE,557,0.5415264663181395,VALID
seed,6101.0,lcmd,V1_MAE,589,0.6517159324098363,VALID
seed,6101.0,lcmd,V1_MAE,621,0.6861976827897831,VALID
seed,6101.0,lcmd,V1_MAE,653,0.8622729169350183,VALID
seed,6101.0,lcmd,V1_MAE,685,0.8201026253062814,VALID
seed,6101.0,lcmd,V1_MAE,717,0.8119254561576823,VALID
seed,6101.0,lcmd,V1_MAE,749,0.8717034668203145,VALID
seed,6101.0,lcmd,V1_MAE,781,0.9125121224254341,VALID
seed,6101.0,lcmd,V1_MAE,813,0.8683595433734186,VALID
seed,6101.0,lcmd,V1_MAE,845,0.8576179250964084,VALID
seed,6101.0,lcmd,V1_MAE,877,0.8784158470999235,VALID
seed,6101.0,lcmd,V1_MAE,909,0.9067313070218358,VALID
seed,6101.0,lcmd,V1_MAE,941,0.9051725555993555,VALID
seed,6101.0,lcmd,V1_MAE,973,0.8749795871523381,VALID
seed,6101.0,lcmd,V1_MAE,1005,0.9976296205633488,VALID
seed,6101.0,random,V1_MAE,333,-0.0,VALID
seed,6101.0,random,V1_MAE,365,-0.09822155893511225,VALID
seed,6101.0,random,V1_MAE,397,0.14123924062214757,VALID
seed,6101.0,random,V1_MAE,429,0.18618098892160734,VALID
seed,6101.0,random,V1_MAE,461,0.260719897977039,VALID
seed,6101.0,random,V1_MAE,493,0.34442818837954553,VALID
seed,6101.0,random,V1_MAE,525,0.27600829582556663,VALID
seed,6101.0,random,V1_MAE,557,0.2966912258305444,VALID
seed,6101.0,random,V1_MAE,589,-0.10972646495803581,VALID
seed,6101.0,random,V1_MAE,621,0.40468206213748215,VALID
seed,6101.0,random,V1_MAE,653,0.30454726260200576,VALID
seed,6101.0,random,V1_MAE,685,0.659312069969667,VALID
seed,6101.0,random,V1_MAE,717,0.4530968030332987,VALID
seed,6101.0,random,V1_MAE,749,0.45734432025114935,VALID
seed,6101.0,random,V1_MAE,781,0.4599651640229116,VALID
seed,6101.0,random,V1_MAE,813,0.4128686067082329,VALID
seed,6101.0,random,V1_MAE,845,0.5197739836490988,VALID
seed,6101.0,random,V1_MAE,877,0.4157424051314045,VALID
seed,6101.0,random,V1_MAE,909,0.47922759358779893,VALID
seed,6101.0,random,V1_MAE,941,0.5166739642553253,VALID
seed,6101.0,random,V1_MAE,973,0.5136632124534335,VALID
seed,6101.0,random,V1_MAE,1005,0.5605979746142504,VALID
seed,6101.0,u50_gradient_maxdet,V1_MAE,333,-0.0,VALID
seed,6101.0,u50_gradient_maxdet,V1_MAE,365,0.24489082645486548,VALID
seed,6101.0,u50_gradient_maxdet,V1_MAE,397,0.36019557962002846,VALID
seed,6101.0,u50_gradient_maxdet,V1_MAE,429,0.3543163430686977,VALID
seed,6101.0,u50_gradient_maxdet,V1_MAE,461,0.436571192652629,VALID
seed,6101.0,u50_gradient_maxdet,V1_MAE,493,0.49700560660830473,VALID
seed,6101.0,u50_gradient_maxdet,V1_MAE,525,0.44938543225647526,VALID
seed,6101.0,u50_gradient_maxdet,V1_MAE,557,0.5288658664689723,VALID
seed,6101.0,u50_gradient_maxdet,V1_MAE,589,0.5614582029491186,VALID
seed,6101.0,u50_gradient_maxdet,V1_MAE,621,0.5225094791277296,VALID
seed,6101.0,u50_gradient_maxdet,V1_MAE,653,0.573009685427378,VALID
seed,6101.0,u50_gradient_maxdet,V1_MAE,685,0.6712640143534563,VALID
seed,6101.0,u50_gradient_maxdet,V1_MAE,717,0.6157350901656358,VALID
seed,6101.0,u50_gradient_maxdet,V1_MAE,749,0.6868848766783647,VALID
seed,6101.0,u50_gradient_maxdet,V1_MAE,781,0.7032935016473736,VALID
seed,6101.0,u50_gradient_maxdet,V1_MAE,813,0.7753250247168607,VALID
seed,6101.0,u50_gradient_maxdet,V1_MAE,845,0.8160211873403812,VALID
seed,6101.0,u50_gradient_maxdet,V1_MAE,877,0.7802320716574557,VALID
seed,6101.0,u50_gradient_maxdet,V1_MAE,909,0.780406008553379,VALID
seed,6101.0,u50_gradient_maxdet,V1_MAE,941,0.8469369065300318,VALID
seed,6101.0,u50_gradient_maxdet,V1_MAE,973,0.8265305263433487,VALID
seed,6101.0,u50_gradient_maxdet,V1_MAE,1005,0.806002960028042,VALID
seed,6101.0,gradient_maxdet,V2_MAE,333,-0.0,VALID
seed,6101.0,gradient_maxdet,V2_MAE,365,0.12767980404922194,VALID
seed,6101.0,gradient_maxdet,V2_MAE,397,0.3195679132025652,VALID
seed,6101.0,gradient_maxdet,V2_MAE,429,0.31684163467432247,VALID
seed,6101.0,gradient_maxdet,V2_MAE,461,0.2810002251639807,VALID
seed,6101.0,gradient_maxdet,V2_MAE,493,0.46876463575530763,VALID
seed,6101.0,gradient_maxdet,V2_MAE,525,0.5270961537428093,VALID
seed,6101.0,gradient_maxdet,V2_MAE,557,0.49607056664849236,VALID
seed,6101.0,gradient_maxdet,V2_MAE,589,0.5591729120892747,VALID
seed,6101.0,gradient_maxdet,V2_MAE,621,0.4307250400391642,VALID
seed,6101.0,gradient_maxdet,V2_MAE,653,0.5714005080515168,VALID
seed,6101.0,gradient_maxdet,V2_MAE,685,0.6198693037860787,VALID
seed,6101.0,gradient_maxdet,V2_MAE,717,0.5922741943226386,VALID
seed,6101.0,gradient_maxdet,V2_MAE,749,0.6034860524965162,VALID
seed,6101.0,gradient_maxdet,V2_MAE,781,0.678424419690749,VALID
seed,6101.0,gradient_maxdet,V2_MAE,813,0.752513471581064,VALID
seed,6101.0,gradient_maxdet,V2_MAE,845,0.693516484736243,VALID
seed,6101.0,gradient_maxdet,V2_MAE,877,0.8224549142242914,VALID
seed,6101.0,gradient_maxdet,V2_MAE,909,0.7801509346044251,VALID
seed,6101.0,gradient_maxdet,V2_MAE,941,0.7832685688048047,VALID
seed,6101.0,gradient_maxdet,V2_MAE,973,0.7741301512579692,VALID
seed,6101.0,gradient_maxdet,V2_MAE,1005,0.86619548582167,VALID
seed,6101.0,hybrid,V2_MAE,333,-0.0,VALID
seed,6101.0,hybrid,V2_MAE,365,0.06118911484455047,VALID
seed,6101.0,hybrid,V2_MAE,397,0.1301874624396483,VALID
seed,6101.0,hybrid,V2_MAE,429,0.4161402494450267,VALID
seed,6101.0,hybrid,V2_MAE,461,0.43819553103123804,VALID
seed,6101.0,hybrid,V2_MAE,493,0.4679661261765864,VALID
seed,6101.0,hybrid,V2_MAE,525,0.5507669891698335,VALID
seed,6101.0,hybrid,V2_MAE,557,0.6084128085122247,VALID
seed,6101.0,hybrid,V2_MAE,589,0.7807354315842765,VALID
seed,6101.0,hybrid,V2_MAE,621,0.8366170496097413,VALID
seed,6101.0,hybrid,V2_MAE,653,0.8300876359596484,VALID
seed,6101.0,hybrid,V2_MAE,685,0.8296131047742964,VALID
seed,6101.0,hybrid,V2_MAE,717,0.8900810643843805,VALID
seed,6101.0,hybrid,V2_MAE,749,0.8037128069617477,VALID
seed,6101.0,hybrid,V2_MAE,781,0.8318621411063927,VALID
seed,6101.0,hybrid,V2_MAE,813,0.9666296827257885,VALID
seed,6101.0,hybrid,V2_MAE,845,0.895112646304977,VALID
seed,6101.0,hybrid,V2_MAE,877,1.007905108134085,VALID
seed,6101.0,hybrid,V2_MAE,909,1.0147270820068128,VALID
seed,6101.0,hybrid,V2_MAE,941,0.9697085667928615,VALID
seed,6101.0,hybrid,V2_MAE,973,0.9254285338793818,VALID
seed,6101.0,hybrid,V2_MAE,1005,0.9594210372655126,VALID
seed,6101.0,kernel_ivr,V2_MAE,333,-0.0,VALID
seed,6101.0,kernel_ivr,V2_MAE,365,0.12925030372582705,VALID
seed,6101.0,kernel_ivr,V2_MAE,397,0.15596612020648862,VALID
seed,6101.0,kernel_ivr,V2_MAE,429,0.19948061343785597,VALID
seed,6101.0,kernel_ivr,V2_MAE,461,0.366379595206021,VALID
seed,6101.0,kernel_ivr,V2_MAE,493,0.48035900985146174,VALID
seed,6101.0,kernel_ivr,V2_MAE,525,0.5889128008689919,VALID
seed,6101.0,kernel_ivr,V2_MAE,557,0.4142388857360178,VALID
seed,6101.0,kernel_ivr,V2_MAE,589,0.6374891432319764,VALID
seed,6101.0,kernel_ivr,V2_MAE,621,0.5088553223895256,VALID
seed,6101.0,kernel_ivr,V2_MAE,653,0.5362735899108413,VALID
seed,6101.0,kernel_ivr,V2_MAE,685,0.6934382143880852,VALID
seed,6101.0,kernel_ivr,V2_MAE,717,0.7319483301591334,VALID
seed,6101.0,kernel_ivr,V2_MAE,749,0.6836821939864262,VALID
seed,6101.0,kernel_ivr,V2_MAE,781,0.8314190223103821,VALID
seed,6101.0,kernel_ivr,V2_MAE,813,0.7277513577600249,VALID
seed,6101.0,kernel_ivr,V2_MAE,845,0.8699524916714744,VALID
seed,6101.0,kernel_ivr,V2_MAE,877,0.9079710257730055,VALID
seed,6101.0,kernel_ivr,V2_MAE,909,0.7871487243376517,VALID
seed,6101.0,kernel_ivr,V2_MAE,941,0.816002059167524,VALID
seed,6101.0,kernel_ivr,V2_MAE,973,0.7989115446370499,VALID
seed,6101.0,kernel_ivr,V2_MAE,1005,0.8883206672240326,VALID
seed,6101.0,lcmd,V2_MAE,333,-0.0,VALID
seed,6101.0,lcmd,V2_MAE,365,-0.004169389373219173,VALID
seed,6101.0,lcmd,V2_MAE,397,-0.0942668621833867,VALID
seed,6101.0,lcmd,V2_MAE,429,0.19984699141103449,VALID
seed,6101.0,lcmd,V2_MAE,461,0.3458842342722909,VALID
seed,6101.0,lcmd,V2_MAE,493,0.39094335660297297,VALID
seed,6101.0,lcmd,V2_MAE,525,0.25443376426444414,VALID
seed,6101.0,lcmd,V2_MAE,557,0.5535558614522954,VALID
seed,6101.0,lcmd,V2_MAE,589,0.6330824397023803,VALID
seed,6101.0,lcmd,V2_MAE,621,0.5849413830416909,VALID
seed,6101.0,lcmd,V2_MAE,653,0.7206616075713281,VALID
seed,6101.0,lcmd,V2_MAE,685,0.6675945501761086,VALID
seed,6101.0,lcmd,V2_MAE,717,0.8302578919701499,VALID
seed,6101.0,lcmd,V2_MAE,749,0.8954122478017456,VALID
seed,6101.0,lcmd,V2_MAE,781,0.92064703651848,VALID
seed,6101.0,lcmd,V2_MAE,813,0.8011254300998505,VALID
seed,6101.0,lcmd,V2_MAE,845,0.9004224977697941,VALID
seed,6101.0,lcmd,V2_MAE,877,0.888045616990677,VALID
seed,6101.0,lcmd,V2_MAE,909,0.8972982228301861,VALID
seed,6101.0,lcmd,V2_MAE,941,0.9096716849560085,VALID
seed,6101.0,lcmd,V2_MAE,973,0.8850017059572516,VALID
seed,6101.0,lcmd,V2_MAE,1005,0.9821382647594195,VALID
seed,6101.0,random,V2_MAE,333,-0.0,VALID
seed,6101.0,random,V2_MAE,365,0.03844732984332644,VALID
seed,6101.0,random,V2_MAE,397,0.07982086271536122,VALID
seed,6101.0,random,V2_MAE,429,0.1522445626208346,VALID
seed,6101.0,random,V2_MAE,461,0.323635104429632,VALID
seed,6101.0,random,V2_MAE,493,0.2704087756705659,VALID
seed,6101.0,random,V2_MAE,525,0.345678927757476,VALID
seed,6101.0,random,V2_MAE,557,0.3280101458137101,VALID
seed,6101.0,random,V2_MAE,589,0.006128820468258374,VALID
seed,6101.0,random,V2_MAE,621,0.42605289495133913,VALID
seed,6101.0,random,V2_MAE,653,0.36582091006450695,VALID
seed,6101.0,random,V2_MAE,685,0.562268378578938,VALID
seed,6101.0,random,V2_MAE,717,0.47089469518255594,VALID
seed,6101.0,random,V2_MAE,749,0.4521751321150395,VALID
seed,6101.0,random,V2_MAE,781,0.5243702112291263,VALID
seed,6101.0,random,V2_MAE,813,0.446441016132986,VALID
seed,6101.0,random,V2_MAE,845,0.43074525063273056,VALID
seed,6101.0,random,V2_MAE,877,0.5445229432270017,VALID
seed,6101.0,random,V2_MAE,909,0.6706817617616246,VALID
seed,6101.0,random,V2_MAE,941,0.7397463280443378,VALID
seed,6101.0,random,V2_MAE,973,0.5884976621649404,VALID
seed,6101.0,random,V2_MAE,1005,0.6514356511598703,VALID
seed,6101.0,u50_gradient_maxdet,V2_MAE,333,-0.0,VALID
seed,6101.0,u50_gradient_maxdet,V2_MAE,365,0.12767980404922194,VALID
seed,6101.0,u50_gradient_maxdet,V2_MAE,397,0.3195679132025652,VALID
seed,6101.0,u50_gradient_maxdet,V2_MAE,429,0.31684163467432247,VALID
seed,6101.0,u50_gradient_maxdet,V2_MAE,461,0.2810002251639807,VALID
seed,6101.0,u50_gradient_maxdet,V2_MAE,493,0.42171459801971634,VALID
seed,6101.0,u50_gradient_maxdet,V2_MAE,525,0.4451100321672034,VALID
seed,6101.0,u50_gradient_maxdet,V2_MAE,557,0.4462996310114736,VALID
seed,6101.0,u50_gradient_maxdet,V2_MAE,589,0.48743953594329276,VALID
seed,6101.0,u50_gradient_maxdet,V2_MAE,621,0.5328183864184837,VALID
seed,6101.0,u50_gradient_maxdet,V2_MAE,653,0.5318529756559773,VALID
seed,6101.0,u50_gradient_maxdet,V2_MAE,685,0.6534184617455941,VALID
seed,6101.0,u50_gradient_maxdet,V2_MAE,717,0.5980311070309646,VALID
seed,6101.0,u50_gradient_maxdet,V2_MAE,749,0.6617311650221751,VALID
seed,6101.0,u50_gradient_maxdet,V2_MAE,781,0.6402796641364595,VALID
seed,6101.0,u50_gradient_maxdet,V2_MAE,813,0.7000747803755994,VALID
seed,6101.0,u50_gradient_maxdet,V2_MAE,845,0.7831070154095228,VALID
seed,6101.0,u50_gradient_maxdet,V2_MAE,877,0.7049068057235794,VALID
seed,6101.0,u50_gradient_maxdet,V2_MAE,909,0.7675783680109171,VALID
seed,6101.0,u50_gradient_maxdet,V2_MAE,941,0.842079786542979,VALID
seed,6101.0,u50_gradient_maxdet,V2_MAE,973,0.8297926272014602,VALID
seed,6101.0,u50_gradient_maxdet,V2_MAE,1005,0.7823616245756999,VALID
seed,6101.0,gradient_maxdet,V1_R2,333,1.5352126279098705e-16,VALID
seed,6101.0,gradient_maxdet,V1_R2,365,0.27469666592988246,VALID
seed,6101.0,gradient_maxdet,V1_R2,397,0.4321393621451655,VALID
seed,6101.0,gradient_maxdet,V1_R2,429,0.43202369648226907,VALID
seed,6101.0,gradient_maxdet,V1_R2,461,0.39889079296670094,VALID
seed,6101.0,gradient_maxdet,V1_R2,493,0.5386985589490897,VALID
seed,6101.0,gradient_maxdet,V1_R2,525,0.5872757772029353,VALID
seed,6101.0,gradient_maxdet,V1_R2,557,0.5762950237168593,VALID
seed,6101.0,gradient_maxdet,V1_R2,589,0.5398496436239305,VALID
seed,6101.0,gradient_maxdet,V1_R2,621,0.5288164595634188,VALID
seed,6101.0,gradient_maxdet,V1_R2,653,0.5821585630736349,VALID
seed,6101.0,gradient_maxdet,V1_R2,685,0.5539606005729936,VALID
seed,6101.0,gradient_maxdet,V1_R2,717,0.6108041927918778,VALID
seed,6101.0,gradient_maxdet,V1_R2,749,0.5949295549291582,VALID
seed,6101.0,gradient_maxdet,V1_R2,781,0.6468486572901957,VALID
seed,6101.0,gradient_maxdet,V1_R2,813,0.68517620749914,VALID
seed,6101.0,gradient_maxdet,V1_R2,845,0.7225401722573394,VALID
seed,6101.0,gradient_maxdet,V1_R2,877,0.9223398441353909,VALID
seed,6101.0,gradient_maxdet,V1_R2,909,0.8844701790882972,VALID
seed,6101.0,gradient_maxdet,V1_R2,941,0.895235723272983,VALID
seed,6101.0,gradient_maxdet,V1_R2,973,0.8895041740315486,VALID
seed,6101.0,gradient_maxdet,V1_R2,1005,0.9428296530049193,VALID
seed,6101.0,hybrid,V1_R2,333,0.0,VALID
seed,6101.0,hybrid,V1_R2,365,0.14270398020976716,VALID
seed,6101.0,hybrid,V1_R2,397,0.2025271634650624,VALID
seed,6101.0,hybrid,V1_R2,429,0.42839526661353,VALID
seed,6101.0,hybrid,V1_R2,461,0.501619362435471,VALID
seed,6101.0,hybrid,V1_R2,493,0.5063382102170466,VALID
seed,6101.0,hybrid,V1_R2,525,0.639481993515342,VALID
seed,6101.0,hybrid,V1_R2,557,0.6414909821425838,VALID
seed,6101.0,hybrid,V1_R2,589,0.7804088485843225,VALID
seed,6101.0,hybrid,V1_R2,621,0.8490135781478296,VALID
seed,6101.0,hybrid,V1_R2,653,0.9770497987294356,VALID
seed,6101.0,hybrid,V1_R2,685,1.0203756734310814,VALID
seed,6101.0,hybrid,V1_R2,717,1.011375250109131,VALID
seed,6101.0,hybrid,V1_R2,749,0.9449083318403483,VALID
seed,6101.0,hybrid,V1_R2,781,1.0128360991654497,VALID
seed,6101.0,hybrid,V1_R2,813,1.0053454421903307,VALID
seed,6101.0,hybrid,V1_R2,845,0.9840599245941645,VALID
seed,6101.0,hybrid,V1_R2,877,1.0162985976801964,VALID
seed,6101.0,hybrid,V1_R2,909,1.034601213440623,VALID
seed,6101.0,hybrid,V1_R2,941,1.0283446525904696,VALID
seed,6101.0,hybrid,V1_R2,973,1.033803254323812,VALID
seed,6101.0,hybrid,V1_R2,1005,1.0208343631496604,VALID
seed,6101.0,kernel_ivr,V1_R2,333,0.0,VALID
seed,6101.0,kernel_ivr,V1_R2,365,0.3093385929392257,VALID
seed,6101.0,kernel_ivr,V1_R2,397,0.5096215390981642,VALID
seed,6101.0,kernel_ivr,V1_R2,429,0.4746099685885594,VALID
seed,6101.0,kernel_ivr,V1_R2,461,0.4165790979564647,VALID
seed,6101.0,kernel_ivr,V1_R2,493,0.621448102101134,VALID
seed,6101.0,kernel_ivr,V1_R2,525,0.6960433434173102,VALID
seed,6101.0,kernel_ivr,V1_R2,557,0.5204741064457108,VALID
seed,6101.0,kernel_ivr,V1_R2,589,0.5850850176874509,VALID
seed,6101.0,kernel_ivr,V1_R2,621,0.5974792200551503,VALID
seed,6101.0,kernel_ivr,V1_R2,653,0.5937804744945081,VALID
seed,6101.0,kernel_ivr,V1_R2,685,0.6566026945217068,VALID
seed,6101.0,kernel_ivr,V1_R2,717,0.6452948333039624,VALID
seed,6101.0,kernel_ivr,V1_R2,749,0.7203981039866018,VALID
seed,6101.0,kernel_ivr,V1_R2,781,0.7162400350890319,VALID
seed,6101.0,kernel_ivr,V1_R2,813,0.8566595226289323,VALID
seed,6101.0,kernel_ivr,V1_R2,845,0.9526758101841023,VALID
seed,6101.0,kernel_ivr,V1_R2,877,0.9140720640436412,VALID
seed,6101.0,kernel_ivr,V1_R2,909,0.9117801890917481,VALID
seed,6101.0,kernel_ivr,V1_R2,941,0.8879584613217291,VALID
seed,6101.0,kernel_ivr,V1_R2,973,0.9276726887276007,VALID
seed,6101.0,kernel_ivr,V1_R2,1005,0.9241061287763748,VALID
seed,6101.0,lcmd,V1_R2,333,0.0,VALID
seed,6101.0,lcmd,V1_R2,365,0.09722631588259385,VALID
seed,6101.0,lcmd,V1_R2,397,-0.016344633790066877,VALID
seed,6101.0,lcmd,V1_R2,429,0.18938533366860713,VALID
seed,6101.0,lcmd,V1_R2,461,0.33749305710755667,VALID
seed,6101.0,lcmd,V1_R2,493,0.41133268087767005,VALID
seed,6101.0,lcmd,V1_R2,525,0.39566059894567385,VALID
seed,6101.0,lcmd,V1_R2,557,0.7199671458565053,VALID
seed,6101.0,lcmd,V1_R2,589,0.8385498514752241,VALID
seed,6101.0,lcmd,V1_R2,621,0.9029115160014751,VALID
seed,6101.0,lcmd,V1_R2,653,0.9528985427657605,VALID
seed,6101.0,lcmd,V1_R2,685,0.9437718089929734,VALID
seed,6101.0,lcmd,V1_R2,717,0.9429648416088384,VALID
seed,6101.0,lcmd,V1_R2,749,0.988871506814242,VALID
seed,6101.0,lcmd,V1_R2,781,0.9378482321283635,VALID
seed,6101.0,lcmd,V1_R2,813,0.9640323635374078,VALID
seed,6101.0,lcmd,V1_R2,845,0.9555913710921691,VALID
seed,6101.0,lcmd,V1_R2,877,0.9312374502288946,VALID
seed,6101.0,lcmd,V1_R2,909,0.9378815413526903,VALID
seed,6101.0,lcmd,V1_R2,941,0.9491513137218768,VALID
seed,6101.0,lcmd,V1_R2,973,0.9525476503657442,VALID
seed,6101.0,lcmd,V1_R2,1005,0.9797071064529657,VALID
seed,6101.0,random,V1_R2,333,0.0,VALID
seed,6101.0,random,V1_R2,365,0.1610651516451307,VALID
seed,6101.0,random,V1_R2,397,0.32519496245146373,VALID
seed,6101.0,random,V1_R2,429,0.3601055484977939,VALID
seed,6101.0,random,V1_R2,461,0.375738735179762,VALID
seed,6101.0,random,V1_R2,493,0.4367192370045544,VALID
seed,6101.0,random,V1_R2,525,0.5226884927237808,VALID
seed,6101.0,random,V1_R2,557,0.42586699943413214,VALID
seed,6101.0,random,V1_R2,589,0.29588317214024046,VALID
seed,6101.0,random,V1_R2,621,0.47104100188396525,VALID
seed,6101.0,random,V1_R2,653,0.4173833031103103,VALID
seed,6101.0,random,V1_R2,685,0.6513457319238176,VALID
seed,6101.0,random,V1_R2,717,0.4951082378059279,VALID
seed,6101.0,random,V1_R2,749,0.44463168919774465,VALID
seed,6101.0,random,V1_R2,781,0.4899414083420573,VALID
seed,6101.0,random,V1_R2,813,0.516826334377985,VALID
seed,6101.0,random,V1_R2,845,0.576994581101197,VALID
seed,6101.0,random,V1_R2,877,0.4397660977521307,VALID
seed,6101.0,random,V1_R2,909,0.4169252961524948,VALID
seed,6101.0,random,V1_R2,941,0.5058012830879551,VALID
seed,6101.0,random,V1_R2,973,0.4300817982202112,VALID
seed,6101.0,random,V1_R2,1005,0.46793277054347954,VALID
seed,6101.0,u50_gradient_maxdet,V1_R2,333,1.5352126279098705e-16,VALID
seed,6101.0,u50_gradient_maxdet,V1_R2,365,0.27469666592988246,VALID
seed,6101.0,u50_gradient_maxdet,V1_R2,397,0.4321393621451655,VALID
seed,6101.0,u50_gradient_maxdet,V1_R2,429,0.43202369648226907,VALID
seed,6101.0,u50_gradient_maxdet,V1_R2,461,0.39889079296670094,VALID
seed,6101.0,u50_gradient_maxdet,V1_R2,493,0.5089271470779708,VALID
seed,6101.0,u50_gradient_maxdet,V1_R2,525,0.5299779693841199,VALID
seed,6101.0,u50_gradient_maxdet,V1_R2,557,0.5133082115767581,VALID
seed,6101.0,u50_gradient_maxdet,V1_R2,589,0.5592715810245469,VALID
seed,6101.0,u50_gradient_maxdet,V1_R2,621,0.4176836825952036,VALID
seed,6101.0,u50_gradient_maxdet,V1_R2,653,0.5686372064973813,VALID
seed,6101.0,u50_gradient_maxdet,V1_R2,685,0.6046545116306355,VALID
seed,6101.0,u50_gradient_maxdet,V1_R2,717,0.6016851863214489,VALID
seed,6101.0,u50_gradient_maxdet,V1_R2,749,0.6664608777427795,VALID
seed,6101.0,u50_gradient_maxdet,V1_R2,781,0.6298376457072966,VALID
seed,6101.0,u50_gradient_maxdet,V1_R2,813,0.7051300707449796,VALID
seed,6101.0,u50_gradient_maxdet,V1_R2,845,0.8718812297584364,VALID
seed,6101.0,u50_gradient_maxdet,V1_R2,877,0.8523452452177813,VALID
seed,6101.0,u50_gradient_maxdet,V1_R2,909,0.9293995400724672,VALID
seed,6101.0,u50_gradient_maxdet,V1_R2,941,0.9139379147730861,VALID
seed,6101.0,u50_gradient_maxdet,V1_R2,973,0.9396644922597404,VALID
seed,6101.0,u50_gradient_maxdet,V1_R2,1005,0.9026564526116337,VALID
seed,6101.0,gradient_maxdet,V2_R2,333,1.370248210569484e-16,VALID
seed,6101.0,gradient_maxdet,V2_R2,365,0.18317694829996217,VALID
seed,6101.0,gradient_maxdet,V2_R2,397,0.40652059784377165,VALID
seed,6101.0,gradient_maxdet,V2_R2,429,0.40123429151760087,VALID
seed,6101.0,gradient_maxdet,V2_R2,461,0.37459303123865245,VALID
seed,6101.0,gradient_maxdet,V2_R2,493,0.5580484464025895,VALID
seed,6101.0,gradient_maxdet,V2_R2,525,0.5873920973954453,VALID
seed,6101.0,gradient_maxdet,V2_R2,557,0.5751231943988256,VALID
seed,6101.0,gradient_maxdet,V2_R2,589,0.5842712240672518,VALID
seed,6101.0,gradient_maxdet,V2_R2,621,0.5245781902391703,VALID
seed,6101.0,gradient_maxdet,V2_R2,653,0.6067632517808781,VALID
seed,6101.0,gradient_maxdet,V2_R2,685,0.6345010456490304,VALID
seed,6101.0,gradient_maxdet,V2_R2,717,0.6325440853136499,VALID
seed,6101.0,gradient_maxdet,V2_R2,749,0.6528313711494805,VALID
seed,6101.0,gradient_maxdet,V2_R2,781,0.7056363252347803,VALID
seed,6101.0,gradient_maxdet,V2_R2,813,0.7442565180700421,VALID
seed,6101.0,gradient_maxdet,V2_R2,845,0.7834102308372272,VALID
seed,6101.0,gradient_maxdet,V2_R2,877,0.916984597189314,VALID
seed,6101.0,gradient_maxdet,V2_R2,909,0.884974798572517,VALID
seed,6101.0,gradient_maxdet,V2_R2,941,0.9061255507521278,VALID
seed,6101.0,gradient_maxdet,V2_R2,973,0.9089317849076722,VALID
seed,6101.0,gradient_maxdet,V2_R2,1005,0.9498978190102995,VALID
seed,6101.0,hybrid,V2_R2,333,0.0,VALID
seed,6101.0,hybrid,V2_R2,365,0.15567969575739,VALID
seed,6101.0,hybrid,V2_R2,397,0.17306527548184109,VALID
seed,6101.0,hybrid,V2_R2,429,0.47628285117049196,VALID
seed,6101.0,hybrid,V2_R2,461,0.4871361651095664,VALID
seed,6101.0,hybrid,V2_R2,493,0.49113862684116005,VALID
seed,6101.0,hybrid,V2_R2,525,0.6051865068402013,VALID
seed,6101.0,hybrid,V2_R2,557,0.6060926206083946,VALID
seed,6101.0,hybrid,V2_R2,589,0.7774313500978403,VALID
seed,6101.0,hybrid,V2_R2,621,0.7909641996344249,VALID
seed,6101.0,hybrid,V2_R2,653,0.8999410750593122,VALID
seed,6101.0,hybrid,V2_R2,685,0.9043514786927009,VALID
seed,6101.0,hybrid,V2_R2,717,0.9351407819091254,VALID
seed,6101.0,hybrid,V2_R2,749,0.8897655491802131,VALID
seed,6101.0,hybrid,V2_R2,781,0.9063211474324165,VALID
seed,6101.0,hybrid,V2_R2,813,0.9477639560543399,VALID
seed,6101.0,hybrid,V2_R2,845,0.877398115946685,VALID
seed,6101.0,hybrid,V2_R2,877,0.9232334612130876,VALID
seed,6101.0,hybrid,V2_R2,909,0.9346028706987333,VALID
seed,6101.0,hybrid,V2_R2,941,0.9297343976890245,VALID
seed,6101.0,hybrid,V2_R2,973,0.9776622113397524,VALID
seed,6101.0,hybrid,V2_R2,1005,0.9435274695814103,VALID
seed,6101.0,kernel_ivr,V2_R2,333,0.0,VALID
seed,6101.0,kernel_ivr,V2_R2,365,0.24776783226735208,VALID
seed,6101.0,kernel_ivr,V2_R2,397,0.4317668715830368,VALID
seed,6101.0,kernel_ivr,V2_R2,429,0.38938944008806536,VALID
seed,6101.0,kernel_ivr,V2_R2,461,0.42911865931939774,VALID
seed,6101.0,kernel_ivr,V2_R2,493,0.5318016825161387,VALID
seed,6101.0,kernel_ivr,V2_R2,525,0.6299187968364623,VALID
seed,6101.0,kernel_ivr,V2_R2,557,0.47313723214365055,VALID
seed,6101.0,kernel_ivr,V2_R2,589,0.6435114205700102,VALID
seed,6101.0,kernel_ivr,V2_R2,621,0.5922251184653253,VALID
seed,6101.0,kernel_ivr,V2_R2,653,0.5704307174963147,VALID
seed,6101.0,kernel_ivr,V2_R2,685,0.6511636001059792,VALID
seed,6101.0,kernel_ivr,V2_R2,717,0.6820929091448672,VALID
seed,6101.0,kernel_ivr,V2_R2,749,0.6887193019842127,VALID
seed,6101.0,kernel_ivr,V2_R2,781,0.7641333869637462,VALID
seed,6101.0,kernel_ivr,V2_R2,813,0.874826309778954,VALID
seed,6101.0,kernel_ivr,V2_R2,845,0.93057456570115,VALID
seed,6101.0,kernel_ivr,V2_R2,877,0.9393712808067856,VALID
seed,6101.0,kernel_ivr,V2_R2,909,0.9085784980189834,VALID
seed,6101.0,kernel_ivr,V2_R2,941,0.9021722034113719,VALID
seed,6101.0,kernel_ivr,V2_R2,973,0.9325787223991981,VALID
seed,6101.0,kernel_ivr,V2_R2,1005,0.9355111554927371,VALID
seed,6101.0,lcmd,V2_R2,333,0.0,VALID
seed,6101.0,lcmd,V2_R2,365,0.07687092070914475,VALID
seed,6101.0,lcmd,V2_R2,397,0.0633580733809299,VALID
seed,6101.0,lcmd,V2_R2,429,0.2770255068542122,VALID
seed,6101.0,lcmd,V2_R2,461,0.4498367899876502,VALID
seed,6101.0,lcmd,V2_R2,493,0.5228427351613831,VALID
seed,6101.0,lcmd,V2_R2,525,0.446528390032184,VALID
seed,6101.0,lcmd,V2_R2,557,0.6514733622361107,VALID
seed,6101.0,lcmd,V2_R2,589,0.8194864580651219,VALID
seed,6101.0,lcmd,V2_R2,621,0.8060709743045583,VALID
seed,6101.0,lcmd,V2_R2,653,0.813337632251189,VALID
seed,6101.0,lcmd,V2_R2,685,0.8514932477236681,VALID
seed,6101.0,lcmd,V2_R2,717,0.8891516389950181,VALID
seed,6101.0,lcmd,V2_R2,749,0.8995873092997614,VALID
seed,6101.0,lcmd,V2_R2,781,0.8862050252816547,VALID
seed,6101.0,lcmd,V2_R2,813,0.8918213955714756,VALID
seed,6101.0,lcmd,V2_R2,845,0.8996210949632845,VALID
seed,6101.0,lcmd,V2_R2,877,0.8669420216209087,VALID
seed,6101.0,lcmd,V2_R2,909,0.9041470831434364,VALID
seed,6101.0,lcmd,V2_R2,941,0.9085168421145722,VALID
seed,6101.0,lcmd,V2_R2,973,0.8905896920250488,VALID
seed,6101.0,lcmd,V2_R2,1005,0.9259089547319473,VALID
seed,6101.0,random,V2_R2,333,0.0,VALID
seed,6101.0,random,V2_R2,365,0.15399236245933853,VALID
seed,6101.0,random,V2_R2,397,0.2020207587314785,VALID
seed,6101.0,random,V2_R2,429,0.26955083062605373,VALID
seed,6101.0,random,V2_R2,461,0.35462237647939465,VALID
seed,6101.0,random,V2_R2,493,0.36341412162202263,VALID
seed,6101.0,random,V2_R2,525,0.41219045662784515,VALID
seed,6101.0,random,V2_R2,557,0.33974587356369007,VALID
seed,6101.0,random,V2_R2,589,0.3260530244040982,VALID
seed,6101.0,random,V2_R2,621,0.43475363831026265,VALID
seed,6101.0,random,V2_R2,653,0.4216899378295799,VALID
seed,6101.0,random,V2_R2,685,0.5339980569135622,VALID
seed,6101.0,random,V2_R2,717,0.47638802614514686,VALID
seed,6101.0,random,V2_R2,749,0.4704672733902901,VALID
seed,6101.0,random,V2_R2,781,0.4946796269594282,VALID
seed,6101.0,random,V2_R2,813,0.5037332652425781,VALID
seed,6101.0,random,V2_R2,845,0.49187974862585526,VALID
seed,6101.0,random,V2_R2,877,0.5427494890763149,VALID
seed,6101.0,random,V2_R2,909,0.6295101456646249,VALID
seed,6101.0,random,V2_R2,941,0.6826520302291335,VALID
seed,6101.0,random,V2_R2,973,0.639332791465051,VALID
seed,6101.0,random,V2_R2,1005,0.6108322157303236,VALID
seed,6101.0,u50_gradient_maxdet,V2_R2,333,1.370248210569484e-16,VALID
seed,6101.0,u50_gradient_maxdet,V2_R2,365,0.18317694829996217,VALID
seed,6101.0,u50_gradient_maxdet,V2_R2,397,0.40652059784377165,VALID
seed,6101.0,u50_gradient_maxdet,V2_R2,429,0.40123429151760087,VALID
seed,6101.0,u50_gradient_maxdet,V2_R2,461,0.37459303123865245,VALID
seed,6101.0,u50_gradient_maxdet,V2_R2,493,0.5558239601516989,VALID
seed,6101.0,u50_gradient_maxdet,V2_R2,525,0.5404260650386746,VALID
seed,6101.0,u50_gradient_maxdet,V2_R2,557,0.590495403374245,VALID
seed,6101.0,u50_gradient_maxdet,V2_R2,589,0.6081894387633385,VALID
seed,6101.0,u50_gradient_maxdet,V2_R2,621,0.6092212499716307,VALID
seed,6101.0,u50_gradient_maxdet,V2_R2,653,0.6246912297045001,VALID
seed,6101.0,u50_gradient_maxdet,V2_R2,685,0.6649962529663883,VALID
seed,6101.0,u50_gradient_maxdet,V2_R2,717,0.6475416466945751,VALID
seed,6101.0,u50_gradient_maxdet,V2_R2,749,0.6715830456302951,VALID
seed,6101.0,u50_gradient_maxdet,V2_R2,781,0.6733990140107782,VALID
seed,6101.0,u50_gradient_maxdet,V2_R2,813,0.7305352530804123,VALID
seed,6101.0,u50_gradient_maxdet,V2_R2,845,0.8852912425263746,VALID
seed,6101.0,u50_gradient_maxdet,V2_R2,877,0.8814210779174118,VALID
seed,6101.0,u50_gradient_maxdet,V2_R2,909,0.9370619867712456,VALID
seed,6101.0,u50_gradient_maxdet,V2_R2,941,0.9291202994324951,VALID
seed,6101.0,u50_gradient_maxdet,V2_R2,973,0.9336449892941457,VALID
seed,6101.0,u50_gradient_maxdet,V2_R2,1005,0.8997384503881202,VALID
cohort_mean,,gradient_maxdet,combined_normalized_RMSE,333,-0.0,VALID
cohort_mean,,gradient_maxdet,combined_normalized_RMSE,365,0.148089234124243,VALID
cohort_mean,,gradient_maxdet,combined_normalized_RMSE,397,0.3469676260588151,VALID
cohort_mean,,gradient_maxdet,combined_normalized_RMSE,429,0.3925142479655261,VALID
cohort_mean,,gradient_maxdet,combined_normalized_RMSE,461,0.3747802753170099,VALID
cohort_mean,,gradient_maxdet,combined_normalized_RMSE,493,0.49728527387359445,VALID
cohort_mean,,gradient_maxdet,combined_normalized_RMSE,525,0.48496766213629744,VALID
cohort_mean,,gradient_maxdet,combined_normalized_RMSE,557,0.6221359297915217,VALID
cohort_mean,,gradient_maxdet,combined_normalized_RMSE,589,0.6240529538297203,VALID
cohort_mean,,gradient_maxdet,combined_normalized_RMSE,621,0.5933482060196601,VALID
cohort_mean,,gradient_maxdet,combined_normalized_RMSE,653,0.659876973593191,VALID
cohort_mean,,gradient_maxdet,combined_normalized_RMSE,685,0.66024810006486,VALID
cohort_mean,,gradient_maxdet,combined_normalized_RMSE,717,0.6834401615985648,VALID
cohort_mean,,gradient_maxdet,combined_normalized_RMSE,749,0.6805444887493829,VALID
cohort_mean,,gradient_maxdet,combined_normalized_RMSE,781,0.7177884661262023,VALID
cohort_mean,,gradient_maxdet,combined_normalized_RMSE,813,0.7512503305992555,VALID
cohort_mean,,gradient_maxdet,combined_normalized_RMSE,845,0.748378878326788,VALID
cohort_mean,,gradient_maxdet,combined_normalized_RMSE,877,0.8564420150785594,VALID
cohort_mean,,gradient_maxdet,combined_normalized_RMSE,909,0.8385399165749605,VALID
cohort_mean,,gradient_maxdet,combined_normalized_RMSE,941,0.8302624696345844,VALID
cohort_mean,,gradient_maxdet,combined_normalized_RMSE,973,0.8405511309405719,VALID
cohort_mean,,gradient_maxdet,combined_normalized_RMSE,1005,0.9018542593810336,VALID
cohort_mean,,hybrid,combined_normalized_RMSE,333,-0.0,VALID
cohort_mean,,hybrid,combined_normalized_RMSE,365,0.08357173953326198,VALID
cohort_mean,,hybrid,combined_normalized_RMSE,397,0.1868297799953595,VALID
cohort_mean,,hybrid,combined_normalized_RMSE,429,0.44854183678751175,VALID
cohort_mean,,hybrid,combined_normalized_RMSE,461,0.4238180975194385,VALID
cohort_mean,,hybrid,combined_normalized_RMSE,493,0.4316974566363547,VALID
cohort_mean,,hybrid,combined_normalized_RMSE,525,0.5235419177541335,VALID
cohort_mean,,hybrid,combined_normalized_RMSE,557,0.5800646987856075,VALID
cohort_mean,,hybrid,combined_normalized_RMSE,589,0.6227643690816901,VALID
cohort_mean,,hybrid,combined_normalized_RMSE,621,0.6802086621149052,VALID
cohort_mean,,hybrid,combined_normalized_RMSE,653,0.7794062953432944,VALID
cohort_mean,,hybrid,combined_normalized_RMSE,685,0.8297718568256643,VALID
cohort_mean,,hybrid,combined_normalized_RMSE,717,0.8466669686755759,VALID
cohort_mean,,hybrid,combined_normalized_RMSE,749,0.8261771992168584,VALID
cohort_mean,,hybrid,combined_normalized_RMSE,781,0.8394295528243102,VALID
cohort_mean,,hybrid,combined_normalized_RMSE,813,0.8277024926220619,VALID
cohort_mean,,hybrid,combined_normalized_RMSE,845,0.8135097429435577,VALID
cohort_mean,,hybrid,combined_normalized_RMSE,877,0.8730430850986508,VALID
cohort_mean,,hybrid,combined_normalized_RMSE,909,0.8603524340806746,VALID
cohort_mean,,hybrid,combined_normalized_RMSE,941,0.8601907374976221,VALID
cohort_mean,,hybrid,combined_normalized_RMSE,973,0.8763348027921524,VALID
cohort_mean,,hybrid,combined_normalized_RMSE,1005,0.8555067366375727,VALID
cohort_mean,,kernel_ivr,combined_normalized_RMSE,333,-0.0,VALID
cohort_mean,,kernel_ivr,combined_normalized_RMSE,365,0.10355317778891572,VALID
cohort_mean,,kernel_ivr,combined_normalized_RMSE,397,0.27986394694425887,VALID
cohort_mean,,kernel_ivr,combined_normalized_RMSE,429,0.35958603318293775,VALID
cohort_mean,,kernel_ivr,combined_normalized_RMSE,461,0.42474468887109024,VALID
cohort_mean,,kernel_ivr,combined_normalized_RMSE,493,0.5236546675968222,VALID
cohort_mean,,kernel_ivr,combined_normalized_RMSE,525,0.6798655238411797,VALID
cohort_mean,,kernel_ivr,combined_normalized_RMSE,557,0.5256425170779304,VALID
cohort_mean,,kernel_ivr,combined_normalized_RMSE,589,0.630672911940305,VALID
cohort_mean,,kernel_ivr,combined_normalized_RMSE,621,0.6096163651203345,VALID
cohort_mean,,kernel_ivr,combined_normalized_RMSE,653,0.6074554188898218,VALID
cohort_mean,,kernel_ivr,combined_normalized_RMSE,685,0.6579235095535696,VALID
cohort_mean,,kernel_ivr,combined_normalized_RMSE,717,0.6686857298268709,VALID
cohort_mean,,kernel_ivr,combined_normalized_RMSE,749,0.73369615775084,VALID
cohort_mean,,kernel_ivr,combined_normalized_RMSE,781,0.7582498691342826,VALID
cohort_mean,,kernel_ivr,combined_normalized_RMSE,813,0.7864325842869169,VALID
cohort_mean,,kernel_ivr,combined_normalized_RMSE,845,0.8529563166286824,VALID
cohort_mean,,kernel_ivr,combined_normalized_RMSE,877,0.8692459269395447,VALID
cohort_mean,,kernel_ivr,combined_normalized_RMSE,909,0.8618896875577923,VALID
cohort_mean,,kernel_ivr,combined_normalized_RMSE,941,0.8409551515396142,VALID
cohort_mean,,kernel_ivr,combined_normalized_RMSE,973,0.929469194501062,VALID
cohort_mean,,kernel_ivr,combined_normalized_RMSE,1005,0.8955977504297383,VALID
cohort_mean,,lcmd,combined_normalized_RMSE,333,-0.0,VALID
cohort_mean,,lcmd,combined_normalized_RMSE,365,0.08301894841848359,VALID
cohort_mean,,lcmd,combined_normalized_RMSE,397,0.03938845577943795,VALID
cohort_mean,,lcmd,combined_normalized_RMSE,429,0.1992730888604856,VALID
cohort_mean,,lcmd,combined_normalized_RMSE,461,0.2599658628916964,VALID
cohort_mean,,lcmd,combined_normalized_RMSE,493,0.4095534609931657,VALID
cohort_mean,,lcmd,combined_normalized_RMSE,525,0.41122219285483236,VALID
cohort_mean,,lcmd,combined_normalized_RMSE,557,0.5580778694567106,VALID
cohort_mean,,lcmd,combined_normalized_RMSE,589,0.6539698110478319,VALID
cohort_mean,,lcmd,combined_normalized_RMSE,621,0.7241355169936159,VALID
cohort_mean,,lcmd,combined_normalized_RMSE,653,0.7613577402555601,VALID
cohort_mean,,lcmd,combined_normalized_RMSE,685,0.7887498206422322,VALID
cohort_mean,,lcmd,combined_normalized_RMSE,717,0.8319226084496242,VALID
cohort_mean,,lcmd,combined_normalized_RMSE,749,0.8593543311902758,VALID
cohort_mean,,lcmd,combined_normalized_RMSE,781,0.8226812631748409,VALID
cohort_mean,,lcmd,combined_normalized_RMSE,813,0.8476191172355724,VALID
cohort_mean,,lcmd,combined_normalized_RMSE,845,0.8456931240652715,VALID
cohort_mean,,lcmd,combined_normalized_RMSE,877,0.8278164525037092,VALID
cohort_mean,,lcmd,combined_normalized_RMSE,909,0.8216804126587657,VALID
cohort_mean,,lcmd,combined_normalized_RMSE,941,0.8667524169763653,VALID
cohort_mean,,lcmd,combined_normalized_RMSE,973,0.847692989844038,VALID
cohort_mean,,lcmd,combined_normalized_RMSE,1005,0.877583586386954,VALID
cohort_mean,,random,combined_normalized_RMSE,333,-0.0,VALID
cohort_mean,,random,combined_normalized_RMSE,365,0.11303207447321727,VALID
cohort_mean,,random,combined_normalized_RMSE,397,-0.014099417361600485,VALID
cohort_mean,,random,combined_normalized_RMSE,429,-0.04104167473660012,VALID
cohort_mean,,random,combined_normalized_RMSE,461,-0.011029692527966171,VALID
cohort_mean,,random,combined_normalized_RMSE,493,0.10422248282374963,VALID
cohort_mean,,random,combined_normalized_RMSE,525,0.15942347325988165,VALID
cohort_mean,,random,combined_normalized_RMSE,557,0.056955038311718484,VALID
cohort_mean,,random,combined_normalized_RMSE,589,0.1012263530138265,VALID
cohort_mean,,random,combined_normalized_RMSE,621,0.24258802890344944,VALID
cohort_mean,,random,combined_normalized_RMSE,653,0.22373200030927776,VALID
cohort_mean,,random,combined_normalized_RMSE,685,0.2584555531186629,VALID
cohort_mean,,random,combined_normalized_RMSE,717,0.1707990308482938,VALID
cohort_mean,,random,combined_normalized_RMSE,749,0.16977206820771476,VALID
cohort_mean,,random,combined_normalized_RMSE,781,0.20531047591206308,VALID
cohort_mean,,random,combined_normalized_RMSE,813,0.3151350990932124,VALID
cohort_mean,,random,combined_normalized_RMSE,845,0.29607108441983276,VALID
cohort_mean,,random,combined_normalized_RMSE,877,0.21134255152689507,VALID
cohort_mean,,random,combined_normalized_RMSE,909,0.3945846192725906,VALID
cohort_mean,,random,combined_normalized_RMSE,941,0.41368606106377437,VALID
cohort_mean,,random,combined_normalized_RMSE,973,0.4147405313247004,VALID
cohort_mean,,random,combined_normalized_RMSE,1005,0.38124119438531706,VALID
cohort_mean,,u50_gradient_maxdet,combined_normalized_RMSE,333,-0.0,VALID
cohort_mean,,u50_gradient_maxdet,combined_normalized_RMSE,365,0.148089234124243,VALID
cohort_mean,,u50_gradient_maxdet,combined_normalized_RMSE,397,0.3469676260588151,VALID
cohort_mean,,u50_gradient_maxdet,combined_normalized_RMSE,429,0.3925142479655261,VALID
cohort_mean,,u50_gradient_maxdet,combined_normalized_RMSE,461,0.3747802753170099,VALID
cohort_mean,,u50_gradient_maxdet,combined_normalized_RMSE,493,0.47858625856182213,VALID
cohort_mean,,u50_gradient_maxdet,combined_normalized_RMSE,525,0.48331344461171,VALID
cohort_mean,,u50_gradient_maxdet,combined_normalized_RMSE,557,0.5056382316709375,VALID
cohort_mean,,u50_gradient_maxdet,combined_normalized_RMSE,589,0.6372397311339376,VALID
cohort_mean,,u50_gradient_maxdet,combined_normalized_RMSE,621,0.584267464033993,VALID
cohort_mean,,u50_gradient_maxdet,combined_normalized_RMSE,653,0.6584680609403101,VALID
cohort_mean,,u50_gradient_maxdet,combined_normalized_RMSE,685,0.6493876680665768,VALID
cohort_mean,,u50_gradient_maxdet,combined_normalized_RMSE,717,0.6658541730417766,VALID
cohort_mean,,u50_gradient_maxdet,combined_normalized_RMSE,749,0.6501899377084583,VALID
cohort_mean,,u50_gradient_maxdet,combined_normalized_RMSE,781,0.687855872968739,VALID
cohort_mean,,u50_gradient_maxdet,combined_normalized_RMSE,813,0.7441792145199808,VALID
cohort_mean,,u50_gradient_maxdet,combined_normalized_RMSE,845,0.8497445133080298,VALID
cohort_mean,,u50_gradient_maxdet,combined_normalized_RMSE,877,0.8256193348936116,VALID
cohort_mean,,u50_gradient_maxdet,combined_normalized_RMSE,909,0.8609215302573185,VALID
cohort_mean,,u50_gradient_maxdet,combined_normalized_RMSE,941,0.8711353152400665,VALID
cohort_mean,,u50_gradient_maxdet,combined_normalized_RMSE,973,0.8771931182640208,VALID
cohort_mean,,u50_gradient_maxdet,combined_normalized_RMSE,1005,0.8692523315378679,VALID
cohort_mean,,gradient_maxdet,V1_RMSE,333,-0.0,VALID
cohort_mean,,gradient_maxdet,V1_RMSE,365,0.14347194698948465,VALID
cohort_mean,,gradient_maxdet,V1_RMSE,397,0.3468371141195545,VALID
cohort_mean,,gradient_maxdet,V1_RMSE,429,0.37423416117786845,VALID
cohort_mean,,gradient_maxdet,V1_RMSE,461,0.35508627819879596,VALID
cohort_mean,,gradient_maxdet,V1_RMSE,493,0.4763889236536008,VALID
cohort_mean,,gradient_maxdet,V1_RMSE,525,0.4712473639541078,VALID
cohort_mean,,gradient_maxdet,V1_RMSE,557,0.6268938421077356,VALID
cohort_mean,,gradient_maxdet,V1_RMSE,589,0.6174352168109278,VALID
cohort_mean,,gradient_maxdet,V1_RMSE,621,0.5961025586819666,VALID
cohort_mean,,gradient_maxdet,V1_RMSE,653,0.661655123351515,VALID
cohort_mean,,gradient_maxdet,V1_RMSE,685,0.6490889740706292,VALID
cohort_mean,,gradient_maxdet,V1_RMSE,717,0.6869052752223046,VALID
cohort_mean,,gradient_maxdet,V1_RMSE,749,0.6693797480275739,VALID
cohort_mean,,gradient_maxdet,V1_RMSE,781,0.7078729391503561,VALID
cohort_mean,,gradient_maxdet,V1_RMSE,813,0.7526762093259651,VALID
cohort_mean,,gradient_maxdet,V1_RMSE,845,0.7116152825498648,VALID
cohort_mean,,gradient_maxdet,V1_RMSE,877,0.8364210922373673,VALID
cohort_mean,,gradient_maxdet,V1_RMSE,909,0.8079638368918207,VALID
cohort_mean,,gradient_maxdet,V1_RMSE,941,0.7821620781221095,VALID
cohort_mean,,gradient_maxdet,V1_RMSE,973,0.7956950888564179,VALID
cohort_mean,,gradient_maxdet,V1_RMSE,1005,0.871183037911686,VALID
cohort_mean,,hybrid,V1_RMSE,333,-0.0,VALID
cohort_mean,,hybrid,V1_RMSE,365,0.05522799107911944,VALID
cohort_mean,,hybrid,V1_RMSE,397,0.1338855676419686,VALID
cohort_mean,,hybrid,V1_RMSE,429,0.45051390348711506,VALID
cohort_mean,,hybrid,V1_RMSE,461,0.36714530823076985,VALID
cohort_mean,,hybrid,V1_RMSE,493,0.3730781064322921,VALID
cohort_mean,,hybrid,V1_RMSE,525,0.4726849377772063,VALID
cohort_mean,,hybrid,V1_RMSE,557,0.592796169661034,VALID
cohort_mean,,hybrid,V1_RMSE,589,0.5619064129381033,VALID
cohort_mean,,hybrid,V1_RMSE,621,0.6359163321255227,VALID
cohort_mean,,hybrid,V1_RMSE,653,0.7395650172316843,VALID
cohort_mean,,hybrid,V1_RMSE,685,0.8119213188082285,VALID
cohort_mean,,hybrid,V1_RMSE,717,0.8177177416160357,VALID
cohort_mean,,hybrid,V1_RMSE,749,0.8029402301685706,VALID
cohort_mean,,hybrid,V1_RMSE,781,0.8095523150333055,VALID
cohort_mean,,hybrid,V1_RMSE,813,0.7650013182307169,VALID
cohort_mean,,hybrid,V1_RMSE,845,0.7856941447815426,VALID
cohort_mean,,hybrid,V1_RMSE,877,0.8631212287295584,VALID
cohort_mean,,hybrid,V1_RMSE,909,0.8392564492090311,VALID
cohort_mean,,hybrid,V1_RMSE,941,0.840209248431538,VALID
cohort_mean,,hybrid,V1_RMSE,973,0.8254554757872015,VALID
cohort_mean,,hybrid,V1_RMSE,1005,0.8097412569867904,VALID
cohort_mean,,kernel_ivr,V1_RMSE,333,-0.0,VALID
cohort_mean,,kernel_ivr,V1_RMSE,365,0.10300133581159623,VALID
cohort_mean,,kernel_ivr,V1_RMSE,397,0.2586738210637746,VALID
cohort_mean,,kernel_ivr,V1_RMSE,429,0.3544804161313954,VALID
cohort_mean,,kernel_ivr,V1_RMSE,461,0.40623569196930287,VALID
cohort_mean,,kernel_ivr,V1_RMSE,493,0.483745891776661,VALID
cohort_mean,,kernel_ivr,V1_RMSE,525,0.7167113688938337,VALID
cohort_mean,,kernel_ivr,V1_RMSE,557,0.49624740661823763,VALID
cohort_mean,,kernel_ivr,V1_RMSE,589,0.5954811034218852,VALID
cohort_mean,,kernel_ivr,V1_RMSE,621,0.5814879751471389,VALID
cohort_mean,,kernel_ivr,V1_RMSE,653,0.5774832525234681,VALID
cohort_mean,,kernel_ivr,V1_RMSE,685,0.6285455688085073,VALID
cohort_mean,,kernel_ivr,V1_RMSE,717,0.64125115840501,VALID
cohort_mean,,kernel_ivr,V1_RMSE,749,0.7645206624785434,VALID
cohort_mean,,kernel_ivr,V1_RMSE,781,0.7533878845525984,VALID
cohort_mean,,kernel_ivr,V1_RMSE,813,0.7365712853328268,VALID
cohort_mean,,kernel_ivr,V1_RMSE,845,0.8114389617063039,VALID
cohort_mean,,kernel_ivr,V1_RMSE,877,0.8338739235532162,VALID
cohort_mean,,kernel_ivr,V1_RMSE,909,0.8570859953201425,VALID
cohort_mean,,kernel_ivr,V1_RMSE,941,0.8152381019233951,VALID
cohort_mean,,kernel_ivr,V1_RMSE,973,0.9492186055545818,VALID
cohort_mean,,kernel_ivr,V1_RMSE,1005,0.8835853034878639,VALID
cohort_mean,,lcmd,V1_RMSE,333,-0.0,VALID
cohort_mean,,lcmd,V1_RMSE,365,0.0620176154926578,VALID
cohort_mean,,lcmd,V1_RMSE,397,0.026225003252282386,VALID
cohort_mean,,lcmd,V1_RMSE,429,0.16760506126386365,VALID
cohort_mean,,lcmd,V1_RMSE,461,0.17987325651890684,VALID
cohort_mean,,lcmd,V1_RMSE,493,0.34527677996934275,VALID
cohort_mean,,lcmd,V1_RMSE,525,0.36912631804768065,VALID
cohort_mean,,lcmd,V1_RMSE,557,0.5524807709646341,VALID
cohort_mean,,lcmd,V1_RMSE,589,0.6275161975108279,VALID
cohort_mean,,lcmd,V1_RMSE,621,0.7178547727868089,VALID
cohort_mean,,lcmd,V1_RMSE,653,0.7801342198806276,VALID
cohort_mean,,lcmd,V1_RMSE,685,0.787892315110596,VALID
cohort_mean,,lcmd,V1_RMSE,717,0.8123545764636567,VALID
cohort_mean,,lcmd,V1_RMSE,749,0.8500200623325871,VALID
cohort_mean,,lcmd,V1_RMSE,781,0.7960119752981885,VALID
cohort_mean,,lcmd,V1_RMSE,813,0.8284317193893532,VALID
cohort_mean,,lcmd,V1_RMSE,845,0.8369158194446155,VALID
cohort_mean,,lcmd,V1_RMSE,877,0.8188603424329487,VALID
cohort_mean,,lcmd,V1_RMSE,909,0.7902866734245727,VALID
cohort_mean,,lcmd,V1_RMSE,941,0.8632591233116526,VALID
cohort_mean,,lcmd,V1_RMSE,973,0.8330237310976281,VALID
cohort_mean,,lcmd,V1_RMSE,1005,0.8849862394178891,VALID
cohort_mean,,random,V1_RMSE,333,-0.0,VALID
cohort_mean,,random,V1_RMSE,365,0.12766358800760944,VALID
cohort_mean,,random,V1_RMSE,397,-0.010937873567676407,VALID
cohort_mean,,random,V1_RMSE,429,-0.05277607975520738,VALID
cohort_mean,,random,V1_RMSE,461,-0.023005301159716888,VALID
cohort_mean,,random,V1_RMSE,493,0.13257309885763907,VALID
cohort_mean,,random,V1_RMSE,525,0.17223415355731592,VALID
cohort_mean,,random,V1_RMSE,557,0.07033167841683266,VALID
cohort_mean,,random,V1_RMSE,589,0.11655894464829258,VALID
cohort_mean,,random,V1_RMSE,621,0.24217293159723094,VALID
cohort_mean,,random,V1_RMSE,653,0.20763590366878035,VALID
cohort_mean,,random,V1_RMSE,685,0.3200547497122552,VALID
cohort_mean,,random,V1_RMSE,717,0.19318203807866072,VALID
cohort_mean,,random,V1_RMSE,749,0.2026702275082735,VALID
cohort_mean,,random,V1_RMSE,781,0.21127097113291124,VALID
cohort_mean,,random,V1_RMSE,813,0.3470422604447503,VALID
cohort_mean,,random,V1_RMSE,845,0.34197712937604585,VALID
cohort_mean,,random,V1_RMSE,877,0.2387924072403946,VALID
cohort_mean,,random,V1_RMSE,909,0.4151941086635895,VALID
cohort_mean,,random,V1_RMSE,941,0.40087631125885853,VALID
cohort_mean,,random,V1_RMSE,973,0.39820443369921943,VALID
cohort_mean,,random,V1_RMSE,1005,0.38341232863144814,VALID
cohort_mean,,u50_gradient_maxdet,V1_RMSE,333,-0.0,VALID
cohort_mean,,u50_gradient_maxdet,V1_RMSE,365,0.14347194698948465,VALID
cohort_mean,,u50_gradient_maxdet,V1_RMSE,397,0.3468371141195545,VALID
cohort_mean,,u50_gradient_maxdet,V1_RMSE,429,0.37423416117786845,VALID
cohort_mean,,u50_gradient_maxdet,V1_RMSE,461,0.35508627819879596,VALID
cohort_mean,,u50_gradient_maxdet,V1_RMSE,493,0.4458704590382243,VALID
cohort_mean,,u50_gradient_maxdet,V1_RMSE,525,0.4563240799243826,VALID
cohort_mean,,u50_gradient_maxdet,V1_RMSE,557,0.4749296924131416,VALID
cohort_mean,,u50_gradient_maxdet,V1_RMSE,589,0.6387116405282695,VALID
cohort_mean,,u50_gradient_maxdet,V1_RMSE,621,0.5278458830280509,VALID
cohort_mean,,u50_gradient_maxdet,V1_RMSE,653,0.6635910111802524,VALID
cohort_mean,,u50_gradient_maxdet,V1_RMSE,685,0.6176198049966665,VALID
cohort_mean,,u50_gradient_maxdet,V1_RMSE,717,0.6404424876027707,VALID
cohort_mean,,u50_gradient_maxdet,V1_RMSE,749,0.6058180423209697,VALID
cohort_mean,,u50_gradient_maxdet,V1_RMSE,781,0.6796210443027914,VALID
cohort_mean,,u50_gradient_maxdet,V1_RMSE,813,0.7545098481042748,VALID
cohort_mean,,u50_gradient_maxdet,V1_RMSE,845,0.8468356212208351,VALID
cohort_mean,,u50_gradient_maxdet,V1_RMSE,877,0.7921031010846873,VALID
cohort_mean,,u50_gradient_maxdet,V1_RMSE,909,0.8189440783951019,VALID
cohort_mean,,u50_gradient_maxdet,V1_RMSE,941,0.8414151624630397,VALID
cohort_mean,,u50_gradient_maxdet,V1_RMSE,973,0.8535510817923811,VALID
cohort_mean,,u50_gradient_maxdet,V1_RMSE,1005,0.8594817668201835,VALID
cohort_mean,,gradient_maxdet,V2_RMSE,333,-0.0,VALID
cohort_mean,,gradient_maxdet,V2_RMSE,365,0.14216430682510472,VALID
cohort_mean,,gradient_maxdet,V2_RMSE,397,0.340770374009972,VALID
cohort_mean,,gradient_maxdet,V2_RMSE,429,0.4136648525381415,VALID
cohort_mean,,gradient_maxdet,V2_RMSE,461,0.39916491321867503,VALID
cohort_mean,,gradient_maxdet,V2_RMSE,493,0.5188786912316639,VALID
cohort_mean,,gradient_maxdet,V2_RMSE,525,0.4895598812326681,VALID
cohort_mean,,gradient_maxdet,V2_RMSE,557,0.631867189691069,VALID
cohort_mean,,gradient_maxdet,V2_RMSE,589,0.6504915854180162,VALID
cohort_mean,,gradient_maxdet,V2_RMSE,621,0.6087291428571547,VALID
cohort_mean,,gradient_maxdet,V2_RMSE,653,0.6772253222616049,VALID
cohort_mean,,gradient_maxdet,V2_RMSE,685,0.6938725137775935,VALID
cohort_mean,,gradient_maxdet,V2_RMSE,717,0.6983110713305727,VALID
cohort_mean,,gradient_maxdet,V2_RMSE,749,0.7124901821958268,VALID
cohort_mean,,gradient_maxdet,V2_RMSE,781,0.74562863698115,VALID
cohort_mean,,gradient_maxdet,V2_RMSE,813,0.764449432808166,VALID
cohort_mean,,gradient_maxdet,V2_RMSE,845,0.8007899454973328,VALID
cohort_mean,,gradient_maxdet,V2_RMSE,877,0.8713067359055879,VALID
cohort_mean,,gradient_maxdet,V2_RMSE,909,0.872394734830652,VALID
cohort_mean,,gradient_maxdet,V2_RMSE,941,0.8812310349560105,VALID
cohort_mean,,gradient_maxdet,V2_RMSE,973,0.8899857500121752,VALID
cohort_mean,,gradient_maxdet,V2_RMSE,1005,0.9343647919348057,VALID
cohort_mean,,hybrid,V2_RMSE,333,-0.0,VALID
cohort_mean,,hybrid,V2_RMSE,365,0.10554663175845101,VALID
cohort_mean,,hybrid,V2_RMSE,397,0.24565427116460972,VALID
cohort_mean,,hybrid,V2_RMSE,429,0.452933929855804,VALID
cohort_mean,,hybrid,V2_RMSE,461,0.4831240912367817,VALID
cohort_mean,,hybrid,V2_RMSE,493,0.4942918256427202,VALID
cohort_mean,,hybrid,V2_RMSE,525,0.5724740212522258,VALID
cohort_mean,,hybrid,V2_RMSE,557,0.564224964366397,VALID
cohort_mean,,hybrid,V2_RMSE,589,0.6718499883219324,VALID
cohort_mean,,hybrid,V2_RMSE,621,0.7123475477742037,VALID
cohort_mean,,hybrid,V2_RMSE,653,0.7984113417397828,VALID
cohort_mean,,hybrid,V2_RMSE,685,0.8270120917072059,VALID
cohort_mean,,hybrid,V2_RMSE,717,0.8573333781517848,VALID
cohort_mean,,hybrid,V2_RMSE,749,0.8396492809148318,VALID
cohort_mean,,hybrid,V2_RMSE,781,0.8558044269219799,VALID
cohort_mean,,hybrid,V2_RMSE,813,0.8779881594057651,VALID
cohort_mean,,hybrid,V2_RMSE,845,0.829010374945524,VALID
cohort_mean,,hybrid,V2_RMSE,877,0.866710269419937,VALID
cohort_mean,,hybrid,V2_RMSE,909,0.8617126732095858,VALID
cohort_mean,,hybrid,V2_RMSE,941,0.8616489865810407,VALID
cohort_mean,,hybrid,V2_RMSE,973,0.9134778726672935,VALID
cohort_mean,,hybrid,V2_RMSE,1005,0.8890212221482072,VALID
cohort_mean,,kernel_ivr,V2_RMSE,333,-0.0,VALID
cohort_mean,,kernel_ivr,V2_RMSE,365,0.08209929722806161,VALID
cohort_mean,,kernel_ivr,V2_RMSE,397,0.2769385982947132,VALID
cohort_mean,,kernel_ivr,V2_RMSE,429,0.35769329345117795,VALID
cohort_mean,,kernel_ivr,V2_RMSE,461,0.4512317374814103,VALID
cohort_mean,,kernel_ivr,V2_RMSE,493,0.56984352401494,VALID
cohort_mean,,kernel_ivr,V2_RMSE,525,0.6466657370884623,VALID
cohort_mean,,kernel_ivr,V2_RMSE,557,0.5731512413511262,VALID
cohort_mean,,kernel_ivr,V2_RMSE,589,0.6839110205473109,VALID
cohort_mean,,kernel_ivr,V2_RMSE,621,0.6538858451755386,VALID
cohort_mean,,kernel_ivr,V2_RMSE,653,0.6569104168095318,VALID
cohort_mean,,kernel_ivr,V2_RMSE,685,0.7025747750808583,VALID
cohort_mean,,kernel_ivr,V2_RMSE,717,0.7104390151223271,VALID
cohort_mean,,kernel_ivr,V2_RMSE,749,0.7094819925336268,VALID
cohort_mean,,kernel_ivr,V2_RMSE,781,0.7750945665792589,VALID
cohort_mean,,kernel_ivr,V2_RMSE,813,0.8380012938583322,VALID
cohort_mean,,kernel_ivr,V2_RMSE,845,0.8897195336982812,VALID
cohort_mean,,kernel_ivr,V2_RMSE,877,0.9053669652182736,VALID
cohort_mean,,kernel_ivr,V2_RMSE,909,0.8611561690232022,VALID
cohort_mean,,kernel_ivr,V2_RMSE,941,0.8660551445795505,VALID
cohort_mean,,kernel_ivr,V2_RMSE,973,0.9079421751732097,VALID
cohort_mean,,kernel_ivr,V2_RMSE,1005,0.9064939535159796,VALID
cohort_mean,,lcmd,V2_RMSE,333,-0.0,VALID
cohort_mean,,lcmd,V2_RMSE,365,0.10411945972927977,VALID
cohort_mean,,lcmd,V2_RMSE,397,0.05762154593198585,VALID
cohort_mean,,lcmd,V2_RMSE,429,0.23309764244220496,VALID
cohort_mean,,lcmd,V2_RMSE,461,0.3339868253781251,VALID
cohort_mean,,lcmd,V2_RMSE,493,0.4805661101041355,VALID
cohort_mean,,lcmd,V2_RMSE,525,0.46314325784263677,VALID
cohort_mean,,lcmd,V2_RMSE,557,0.547487113281243,VALID
cohort_mean,,lcmd,V2_RMSE,589,0.656684973769697,VALID
cohort_mean,,lcmd,V2_RMSE,621,0.7106030955222836,VALID
cohort_mean,,lcmd,V2_RMSE,653,0.7192734781547598,VALID
cohort_mean,,lcmd,V2_RMSE,685,0.7713544024135213,VALID
cohort_mean,,lcmd,V2_RMSE,717,0.8422381813126528,VALID
cohort_mean,,lcmd,V2_RMSE,749,0.8562500048476691,VALID
cohort_mean,,lcmd,V2_RMSE,781,0.8412399970402752,VALID
cohort_mean,,lcmd,V2_RMSE,813,0.8587209459452289,VALID
cohort_mean,,lcmd,V2_RMSE,845,0.8420805551886685,VALID
cohort_mean,,lcmd,V2_RMSE,877,0.8282212497028405,VALID
cohort_mean,,lcmd,V2_RMSE,909,0.8432014556010647,VALID
cohort_mean,,lcmd,V2_RMSE,941,0.8605519597866937,VALID
cohort_mean,,lcmd,V2_RMSE,973,0.8540909126749763,VALID
cohort_mean,,lcmd,V2_RMSE,1005,0.8538943729643321,VALID
cohort_mean,,random,V2_RMSE,333,-0.0,VALID
cohort_mean,,random,V2_RMSE,365,0.09504363511856083,VALID
cohort_mean,,random,V2_RMSE,397,-0.05418260010086991,VALID
cohort_mean,,random,V2_RMSE,429,-0.07553616859693311,VALID
cohort_mean,,random,V2_RMSE,461,-0.04465908615552705,VALID
cohort_mean,,random,V2_RMSE,493,0.039982906441010185,VALID
cohort_mean,,random,V2_RMSE,525,0.1055147486084544,VALID
cohort_mean,,random,V2_RMSE,557,0.0024411348628975214,VALID
cohort_mean,,random,V2_RMSE,589,0.0652351879659944,VALID
cohort_mean,,random,V2_RMSE,621,0.2170980107928498,VALID
cohort_mean,,random,V2_RMSE,653,0.21750152364510314,VALID
cohort_mean,,random,V2_RMSE,685,0.15363402862337655,VALID
cohort_mean,,random,V2_RMSE,717,0.11178690519809478,VALID
cohort_mean,,random,V2_RMSE,749,0.10801288087216093,VALID
cohort_mean,,random,V2_RMSE,781,0.16595604639605185,VALID
cohort_mean,,random,V2_RMSE,813,0.2613080025857462,VALID
cohort_mean,,random,V2_RMSE,845,0.21964896244541224,VALID
cohort_mean,,random,V2_RMSE,877,0.16122472373834001,VALID
cohort_mean,,random,V2_RMSE,909,0.3774741192120752,VALID
cohort_mean,,random,V2_RMSE,941,0.41747245325419274,VALID
cohort_mean,,random,V2_RMSE,973,0.4323974394924182,VALID
cohort_mean,,random,V2_RMSE,1005,0.37066440867510625,VALID
cohort_mean,,u50_gradient_maxdet,V2_RMSE,333,-0.0,VALID
cohort_mean,,u50_gradient_maxdet,V2_RMSE,365,0.14216430682510472,VALID
cohort_mean,,u50_gradient_maxdet,V2_RMSE,397,0.340770374009972,VALID
cohort_mean,,u50_gradient_maxdet,V2_RMSE,429,0.4136648525381415,VALID
cohort_mean,,u50_gradient_maxdet,V2_RMSE,461,0.39916491321867503,VALID
cohort_mean,,u50_gradient_maxdet,V2_RMSE,493,0.5135598577284564,VALID
cohort_mean,,u50_gradient_maxdet,V2_RMSE,525,0.5114947924767448,VALID
cohort_mean,,u50_gradient_maxdet,V2_RMSE,557,0.5406182308595622,VALID
cohort_mean,,u50_gradient_maxdet,V2_RMSE,589,0.6527850496166908,VALID
cohort_mean,,u50_gradient_maxdet,V2_RMSE,621,0.6744730415561472,VALID
cohort_mean,,u50_gradient_maxdet,V2_RMSE,653,0.6715476717806266,VALID
cohort_mean,,u50_gradient_maxdet,V2_RMSE,685,0.6982537850436181,VALID
cohort_mean,,u50_gradient_maxdet,V2_RMSE,717,0.7124856316829685,VALID
cohort_mean,,u50_gradient_maxdet,V2_RMSE,749,0.7092311943851926,VALID
cohort_mean,,u50_gradient_maxdet,V2_RMSE,781,0.7121929899069918,VALID
cohort_mean,,u50_gradient_maxdet,V2_RMSE,813,0.7441187467575181,VALID
cohort_mean,,u50_gradient_maxdet,V2_RMSE,845,0.8520080884442164,VALID
cohort_mean,,u50_gradient_maxdet,V2_RMSE,877,0.8645862214242189,VALID
cohort_mean,,u50_gradient_maxdet,V2_RMSE,909,0.9021372387765942,VALID
cohort_mean,,u50_gradient_maxdet,V2_RMSE,941,0.9016302845380199,VALID
cohort_mean,,u50_gradient_maxdet,V2_RMSE,973,0.8970385402276361,VALID
cohort_mean,,u50_gradient_maxdet,V2_RMSE,1005,0.8786639161553615,VALID
cohort_mean,,gradient_maxdet,V1_MAE,333,-0.0,VALID
cohort_mean,,gradient_maxdet,V1_MAE,365,0.11969456655643311,VALID
cohort_mean,,gradient_maxdet,V1_MAE,397,0.29342492207279003,VALID
cohort_mean,,gradient_maxdet,V1_MAE,429,0.31054004006878577,VALID
cohort_mean,,gradient_maxdet,V1_MAE,461,0.36433867523474683,VALID
cohort_mean,,gradient_maxdet,V1_MAE,493,0.4627181594170763,VALID
cohort_mean,,gradient_maxdet,V1_MAE,525,0.5056515410723521,VALID
cohort_mean,,gradient_maxdet,V1_MAE,557,0.5678055400934101,VALID
cohort_mean,,gradient_maxdet,V1_MAE,589,0.5408559992069445,VALID
cohort_mean,,gradient_maxdet,V1_MAE,621,0.5402387000082247,VALID
cohort_mean,,gradient_maxdet,V1_MAE,653,0.6279416294363688,VALID
cohort_mean,,gradient_maxdet,V1_MAE,685,0.6266620329358651,VALID
cohort_mean,,gradient_maxdet,V1_MAE,717,0.6875818445083227,VALID
cohort_mean,,gradient_maxdet,V1_MAE,749,0.6606511991986213,VALID
cohort_mean,,gradient_maxdet,V1_MAE,781,0.6724700346071938,VALID
cohort_mean,,gradient_maxdet,V1_MAE,813,0.7516777796370234,VALID
cohort_mean,,gradient_maxdet,V1_MAE,845,0.7149994427944577,VALID
cohort_mean,,gradient_maxdet,V1_MAE,877,0.7568150546132323,VALID
cohort_mean,,gradient_maxdet,V1_MAE,909,0.7778191579035163,VALID
cohort_mean,,gradient_maxdet,V1_MAE,941,0.6970824943486539,VALID
cohort_mean,,gradient_maxdet,V1_MAE,973,0.7179187935094956,VALID
cohort_mean,,gradient_maxdet,V1_MAE,1005,0.7724169464975567,VALID
cohort_mean,,hybrid,V1_MAE,333,-0.0,VALID
cohort_mean,,hybrid,V1_MAE,365,0.05663026609423198,VALID
cohort_mean,,hybrid,V1_MAE,397,0.13303775524092878,VALID
cohort_mean,,hybrid,V1_MAE,429,0.35718175850628003,VALID
cohort_mean,,hybrid,V1_MAE,461,0.3596782583947436,VALID
cohort_mean,,hybrid,V1_MAE,493,0.3418509164200426,VALID
cohort_mean,,hybrid,V1_MAE,525,0.467803254772806,VALID
cohort_mean,,hybrid,V1_MAE,557,0.5830836717859141,VALID
cohort_mean,,hybrid,V1_MAE,589,0.5947085563382073,VALID
cohort_mean,,hybrid,V1_MAE,621,0.5961757172981638,VALID
cohort_mean,,hybrid,V1_MAE,653,0.7070556127166655,VALID
cohort_mean,,hybrid,V1_MAE,685,0.7310727936246239,VALID
cohort_mean,,hybrid,V1_MAE,717,0.7499935068616277,VALID
cohort_mean,,hybrid,V1_MAE,749,0.7933763838918554,VALID
cohort_mean,,hybrid,V1_MAE,781,0.760223400944185,VALID
cohort_mean,,hybrid,V1_MAE,813,0.7169596166672755,VALID
cohort_mean,,hybrid,V1_MAE,845,0.7808310301853828,VALID
cohort_mean,,hybrid,V1_MAE,877,0.8308811384818828,VALID
cohort_mean,,hybrid,V1_MAE,909,0.8235997620889645,VALID
cohort_mean,,hybrid,V1_MAE,941,0.7748161565410584,VALID
cohort_mean,,hybrid,V1_MAE,973,0.7938195488695547,VALID
cohort_mean,,hybrid,V1_MAE,1005,0.8202801124805781,VALID
cohort_mean,,kernel_ivr,V1_MAE,333,-0.0,VALID
cohort_mean,,kernel_ivr,V1_MAE,365,0.13036914665315272,VALID
cohort_mean,,kernel_ivr,V1_MAE,397,0.07041387736681089,VALID
cohort_mean,,kernel_ivr,V1_MAE,429,0.26399410364492987,VALID
cohort_mean,,kernel_ivr,V1_MAE,461,0.3699519615064426,VALID
cohort_mean,,kernel_ivr,V1_MAE,493,0.4012730308805866,VALID
cohort_mean,,kernel_ivr,V1_MAE,525,0.5693848982783608,VALID
cohort_mean,,kernel_ivr,V1_MAE,557,0.4367271830456112,VALID
cohort_mean,,kernel_ivr,V1_MAE,589,0.601638747664987,VALID
cohort_mean,,kernel_ivr,V1_MAE,621,0.5826500467880353,VALID
cohort_mean,,kernel_ivr,V1_MAE,653,0.587718276734961,VALID
cohort_mean,,kernel_ivr,V1_MAE,685,0.63667415323422,VALID
cohort_mean,,kernel_ivr,V1_MAE,717,0.6351434771417733,VALID
cohort_mean,,kernel_ivr,V1_MAE,749,0.6924087837844629,VALID
cohort_mean,,kernel_ivr,V1_MAE,781,0.7411618321500041,VALID
cohort_mean,,kernel_ivr,V1_MAE,813,0.6596422032769147,VALID
cohort_mean,,kernel_ivr,V1_MAE,845,0.7418544461294326,VALID
cohort_mean,,kernel_ivr,V1_MAE,877,0.7777168890436245,VALID
cohort_mean,,kernel_ivr,V1_MAE,909,0.727087091197174,VALID
cohort_mean,,kernel_ivr,V1_MAE,941,0.7526777848149054,VALID
cohort_mean,,kernel_ivr,V1_MAE,973,0.7920212184117035,VALID
cohort_mean,,kernel_ivr,V1_MAE,1005,0.7952247366416211,VALID
cohort_mean,,lcmd,V1_MAE,333,-0.0,VALID
cohort_mean,,lcmd,V1_MAE,365,0.017217389357641874,VALID
cohort_mean,,lcmd,V1_MAE,397,-0.012086222736707293,VALID
cohort_mean,,lcmd,V1_MAE,429,0.14084542638956674,VALID
cohort_mean,,lcmd,V1_MAE,461,0.19688861862717397,VALID
cohort_mean,,lcmd,V1_MAE,493,0.34994425936905854,VALID
cohort_mean,,lcmd,V1_MAE,525,0.3627568874263595,VALID
cohort_mean,,lcmd,V1_MAE,557,0.4716873081919527,VALID
cohort_mean,,lcmd,V1_MAE,589,0.5297915741635423,VALID
cohort_mean,,lcmd,V1_MAE,621,0.5889090259987598,VALID
cohort_mean,,lcmd,V1_MAE,653,0.7050542705981081,VALID
cohort_mean,,lcmd,V1_MAE,685,0.7193127522665568,VALID
cohort_mean,,lcmd,V1_MAE,717,0.7237302067629034,VALID
cohort_mean,,lcmd,V1_MAE,749,0.7689997625045841,VALID
cohort_mean,,lcmd,V1_MAE,781,0.7785691345207597,VALID
cohort_mean,,lcmd,V1_MAE,813,0.7834100978998099,VALID
cohort_mean,,lcmd,V1_MAE,845,0.780313183295522,VALID
cohort_mean,,lcmd,V1_MAE,877,0.8115844678257268,VALID
cohort_mean,,lcmd,V1_MAE,909,0.7977567466179986,VALID
cohort_mean,,lcmd,V1_MAE,941,0.8475040818468488,VALID
cohort_mean,,lcmd,V1_MAE,973,0.8191953359301781,VALID
cohort_mean,,lcmd,V1_MAE,1005,0.8903061577063535,VALID
cohort_mean,,random,V1_MAE,333,-0.0,VALID
cohort_mean,,random,V1_MAE,365,-0.020870516917976804,VALID
cohort_mean,,random,V1_MAE,397,0.02279989836131117,VALID
cohort_mean,,random,V1_MAE,429,-0.029487018768841456,VALID
cohort_mean,,random,V1_MAE,461,0.07130423403393185,VALID
cohort_mean,,random,V1_MAE,493,0.09856976731105443,VALID
cohort_mean,,random,V1_MAE,525,0.07451407997116634,VALID
cohort_mean,,random,V1_MAE,557,0.1189812074247926,VALID
cohort_mean,,random,V1_MAE,589,-0.05146325277658992,VALID
cohort_mean,,random,V1_MAE,621,0.23403205051640077,VALID
cohort_mean,,random,V1_MAE,653,0.1803856767247703,VALID
cohort_mean,,random,V1_MAE,685,0.363611371353304,VALID
cohort_mean,,random,V1_MAE,717,0.31766169467251726,VALID
cohort_mean,,random,V1_MAE,749,0.3428628432714151,VALID
cohort_mean,,random,V1_MAE,781,0.35677803239009764,VALID
cohort_mean,,random,V1_MAE,813,0.33116695712830535,VALID
cohort_mean,,random,V1_MAE,845,0.39516957251284374,VALID
cohort_mean,,random,V1_MAE,877,0.3445155599200814,VALID
cohort_mean,,random,V1_MAE,909,0.4401167488556925,VALID
cohort_mean,,random,V1_MAE,941,0.48065676826577064,VALID
cohort_mean,,random,V1_MAE,973,0.447696093968533,VALID
cohort_mean,,random,V1_MAE,1005,0.4688176912120721,VALID
cohort_mean,,u50_gradient_maxdet,V1_MAE,333,-0.0,VALID
cohort_mean,,u50_gradient_maxdet,V1_MAE,365,0.11969456655643311,VALID
cohort_mean,,u50_gradient_maxdet,V1_MAE,397,0.29342492207279003,VALID
cohort_mean,,u50_gradient_maxdet,V1_MAE,429,0.31054004006878577,VALID
cohort_mean,,u50_gradient_maxdet,V1_MAE,461,0.36433867523474683,VALID
cohort_mean,,u50_gradient_maxdet,V1_MAE,493,0.4107133033374803,VALID
cohort_mean,,u50_gradient_maxdet,V1_MAE,525,0.39597650974476006,VALID
cohort_mean,,u50_gradient_maxdet,V1_MAE,557,0.4813771974047579,VALID
cohort_mean,,u50_gradient_maxdet,V1_MAE,589,0.574307670676921,VALID
cohort_mean,,u50_gradient_maxdet,V1_MAE,621,0.5450611617638451,VALID
cohort_mean,,u50_gradient_maxdet,V1_MAE,653,0.5514269011055588,VALID
cohort_mean,,u50_gradient_maxdet,V1_MAE,685,0.6132074191602389,VALID
cohort_mean,,u50_gradient_maxdet,V1_MAE,717,0.6188615138376173,VALID
cohort_mean,,u50_gradient_maxdet,V1_MAE,749,0.6183557940345314,VALID
cohort_mean,,u50_gradient_maxdet,V1_MAE,781,0.6700945144620595,VALID
cohort_mean,,u50_gradient_maxdet,V1_MAE,813,0.7182355244098175,VALID
cohort_mean,,u50_gradient_maxdet,V1_MAE,845,0.7204654560556173,VALID
cohort_mean,,u50_gradient_maxdet,V1_MAE,877,0.70691042196103,VALID
cohort_mean,,u50_gradient_maxdet,V1_MAE,909,0.702219061688325,VALID
cohort_mean,,u50_gradient_maxdet,V1_MAE,941,0.7689020410471858,VALID
cohort_mean,,u50_gradient_maxdet,V1_MAE,973,0.7941344700543874,VALID
cohort_mean,,u50_gradient_maxdet,V1_MAE,1005,0.7769335004320841,VALID
cohort_mean,,gradient_maxdet,V2_MAE,333,-0.0,VALID
cohort_mean,,gradient_maxdet,V2_MAE,365,0.12898170349705626,VALID
cohort_mean,,gradient_maxdet,V2_MAE,397,0.28983652304669694,VALID
cohort_mean,,gradient_maxdet,V2_MAE,429,0.3780857774333272,VALID
cohort_mean,,gradient_maxdet,V2_MAE,461,0.3645081964027304,VALID
cohort_mean,,gradient_maxdet,V2_MAE,493,0.5054414275753679,VALID
cohort_mean,,gradient_maxdet,V2_MAE,525,0.5340518793373656,VALID
cohort_mean,,gradient_maxdet,V2_MAE,557,0.5530016131267952,VALID
cohort_mean,,gradient_maxdet,V2_MAE,589,0.6036164321948888,VALID
cohort_mean,,gradient_maxdet,V2_MAE,621,0.5400457493933444,VALID
cohort_mean,,gradient_maxdet,V2_MAE,653,0.6382105753839155,VALID
cohort_mean,,gradient_maxdet,V2_MAE,685,0.6595136538398637,VALID
cohort_mean,,gradient_maxdet,V2_MAE,717,0.6678263624717405,VALID
cohort_mean,,gradient_maxdet,V2_MAE,749,0.6661656038666043,VALID
cohort_mean,,gradient_maxdet,V2_MAE,781,0.71715553979702,VALID
cohort_mean,,gradient_maxdet,V2_MAE,813,0.7462584222109248,VALID
cohort_mean,,gradient_maxdet,V2_MAE,845,0.7418569541595221,VALID
cohort_mean,,gradient_maxdet,V2_MAE,877,0.7736402027062902,VALID
cohort_mean,,gradient_maxdet,V2_MAE,909,0.7854616360155574,VALID
cohort_mean,,gradient_maxdet,V2_MAE,941,0.7802175778556698,VALID
cohort_mean,,gradient_maxdet,V2_MAE,973,0.7897468338776334,VALID
cohort_mean,,gradient_maxdet,V2_MAE,1005,0.8516256830347736,VALID
cohort_mean,,hybrid,V2_MAE,333,-0.0,VALID
cohort_mean,,hybrid,V2_MAE,365,0.09917465757440856,VALID
cohort_mean,,hybrid,V2_MAE,397,0.23161850392029776,VALID
cohort_mean,,hybrid,V2_MAE,429,0.3940902205257141,VALID
cohort_mean,,hybrid,V2_MAE,461,0.45208117767103934,VALID
cohort_mean,,hybrid,V2_MAE,493,0.47612652078616846,VALID
cohort_mean,,hybrid,V2_MAE,525,0.5176707947321615,VALID
cohort_mean,,hybrid,V2_MAE,557,0.5833198370026617,VALID
cohort_mean,,hybrid,V2_MAE,589,0.6890167794547667,VALID
cohort_mean,,hybrid,V2_MAE,621,0.7662912267830846,VALID
cohort_mean,,hybrid,V2_MAE,653,0.7813557986915182,VALID
cohort_mean,,hybrid,V2_MAE,685,0.7884440216528206,VALID
cohort_mean,,hybrid,V2_MAE,717,0.8392736039591477,VALID
cohort_mean,,hybrid,V2_MAE,749,0.812915970350367,VALID
cohort_mean,,hybrid,V2_MAE,781,0.8506549225370222,VALID
cohort_mean,,hybrid,V2_MAE,813,0.9072444132002634,VALID
cohort_mean,,hybrid,V2_MAE,845,0.860280840773456,VALID
cohort_mean,,hybrid,V2_MAE,877,0.9218626618401752,VALID
cohort_mean,,hybrid,V2_MAE,909,0.9190731259627795,VALID
cohort_mean,,hybrid,V2_MAE,941,0.8982034865326892,VALID
cohort_mean,,hybrid,V2_MAE,973,0.9074981244912549,VALID
cohort_mean,,hybrid,V2_MAE,1005,0.9281913663706532,VALID
cohort_mean,,kernel_ivr,V2_MAE,333,-0.0,VALID
cohort_mean,,kernel_ivr,V2_MAE,365,0.09956788552475485,VALID
cohort_mean,,kernel_ivr,V2_MAE,397,0.1099212204569752,VALID
cohort_mean,,kernel_ivr,V2_MAE,429,0.2478082121429138,VALID
cohort_mean,,kernel_ivr,V2_MAE,461,0.4312717979275133,VALID
cohort_mean,,kernel_ivr,V2_MAE,493,0.5307889346113949,VALID
cohort_mean,,kernel_ivr,V2_MAE,525,0.5547609629612102,VALID
cohort_mean,,kernel_ivr,V2_MAE,557,0.5138973569646196,VALID
cohort_mean,,kernel_ivr,V2_MAE,589,0.6616167246479082,VALID
cohort_mean,,kernel_ivr,V2_MAE,621,0.6049380067223473,VALID
cohort_mean,,kernel_ivr,V2_MAE,653,0.636406183372772,VALID
cohort_mean,,kernel_ivr,V2_MAE,685,0.700098776641288,VALID
cohort_mean,,kernel_ivr,V2_MAE,717,0.7200926760376369,VALID
cohort_mean,,kernel_ivr,V2_MAE,749,0.6974897371491956,VALID
cohort_mean,,kernel_ivr,V2_MAE,781,0.7956956098119667,VALID
cohort_mean,,kernel_ivr,V2_MAE,813,0.743175379302464,VALID
cohort_mean,,kernel_ivr,V2_MAE,845,0.8361423614290241,VALID
cohort_mean,,kernel_ivr,V2_MAE,877,0.8663075135969567,VALID
cohort_mean,,kernel_ivr,V2_MAE,909,0.7901425085007584,VALID
cohort_mean,,kernel_ivr,V2_MAE,941,0.7921959356408269,VALID
cohort_mean,,kernel_ivr,V2_MAE,973,0.7951977728584435,VALID
cohort_mean,,kernel_ivr,V2_MAE,1005,0.8551989407637843,VALID
cohort_mean,,lcmd,V2_MAE,333,-0.0,VALID
cohort_mean,,lcmd,V2_MAE,365,0.07945615311354812,VALID
cohort_mean,,lcmd,V2_MAE,397,-0.019922796656083142,VALID
cohort_mean,,lcmd,V2_MAE,429,0.21336219895375488,VALID
cohort_mean,,lcmd,V2_MAE,461,0.3270840236983579,VALID
cohort_mean,,lcmd,V2_MAE,493,0.43388038066257356,VALID
cohort_mean,,lcmd,V2_MAE,525,0.41101271547385093,VALID
cohort_mean,,lcmd,V2_MAE,557,0.5377308153064192,VALID
cohort_mean,,lcmd,V2_MAE,589,0.6039995499178898,VALID
cohort_mean,,lcmd,V2_MAE,621,0.6296993951863178,VALID
cohort_mean,,lcmd,V2_MAE,653,0.7225453999512649,VALID
cohort_mean,,lcmd,V2_MAE,685,0.7305961913386078,VALID
cohort_mean,,lcmd,V2_MAE,717,0.8210435822251952,VALID
cohort_mean,,lcmd,V2_MAE,749,0.8508872408063736,VALID
cohort_mean,,lcmd,V2_MAE,781,0.8678997339062723,VALID
cohort_mean,,lcmd,V2_MAE,813,0.8290345610552843,VALID
cohort_mean,,lcmd,V2_MAE,845,0.8628035056076242,VALID
cohort_mean,,lcmd,V2_MAE,877,0.8760067342841762,VALID
cohort_mean,,lcmd,V2_MAE,909,0.8788536454498684,VALID
cohort_mean,,lcmd,V2_MAE,941,0.8809543303741216,VALID
cohort_mean,,lcmd,V2_MAE,973,0.8758800123072825,VALID
cohort_mean,,lcmd,V2_MAE,1005,0.9054752463362153,VALID
cohort_mean,,random,V2_MAE,333,-0.0,VALID
cohort_mean,,random,V2_MAE,365,0.007816860138747023,VALID
cohort_mean,,random,V2_MAE,397,-0.02127748517276683,VALID
cohort_mean,,random,V2_MAE,429,-0.0375319519148125,VALID
cohort_mean,,random,V2_MAE,461,0.06716679685395192,VALID
cohort_mean,,random,V2_MAE,493,0.043559945079597436,VALID
cohort_mean,,random,V2_MAE,525,0.10963339803585537,VALID
cohort_mean,,random,V2_MAE,557,0.11008413874940892,VALID
cohort_mean,,random,V2_MAE,589,-0.009420861420982581,VALID
cohort_mean,,random,V2_MAE,621,0.28197822944762646,VALID
cohort_mean,,random,V2_MAE,653,0.24856425317498057,VALID
cohort_mean,,random,V2_MAE,685,0.33205354199878917,VALID
cohort_mean,,random,V2_MAE,717,0.31450407659983626,VALID
cohort_mean,,random,V2_MAE,749,0.30621867308245876,VALID
cohort_mean,,random,V2_MAE,781,0.389644535147047,VALID
cohort_mean,,random,V2_MAE,813,0.38897504442285125,VALID
cohort_mean,,random,V2_MAE,845,0.35506209691671914,VALID
cohort_mean,,random,V2_MAE,877,0.43152352546002226,VALID
cohort_mean,,random,V2_MAE,909,0.5106053856651098,VALID
cohort_mean,,random,V2_MAE,941,0.5881130941078095,VALID
cohort_mean,,random,V2_MAE,973,0.5139945125438541,VALID
cohort_mean,,random,V2_MAE,1005,0.5198965869748098,VALID
cohort_mean,,u50_gradient_maxdet,V2_MAE,333,-0.0,VALID
cohort_mean,,u50_gradient_maxdet,V2_MAE,365,0.12898170349705626,VALID
cohort_mean,,u50_gradient_maxdet,V2_MAE,397,0.28983652304669694,VALID
cohort_mean,,u50_gradient_maxdet,V2_MAE,429,0.3780857774333272,VALID
cohort_mean,,u50_gradient_maxdet,V2_MAE,461,0.3645081964027304,VALID
cohort_mean,,u50_gradient_maxdet,V2_MAE,493,0.45644962442802656,VALID
cohort_mean,,u50_gradient_maxdet,V2_MAE,525,0.49250416493619853,VALID
cohort_mean,,u50_gradient_maxdet,V2_MAE,557,0.4891223797550434,VALID
cohort_mean,,u50_gradient_maxdet,V2_MAE,589,0.5421352754522328,VALID
cohort_mean,,u50_gradient_maxdet,V2_MAE,621,0.6123357461606398,VALID
cohort_mean,,u50_gradient_maxdet,V2_MAE,653,0.5757846148172102,VALID
cohort_mean,,u50_gradient_maxdet,V2_MAE,685,0.642175900027199,VALID
cohort_mean,,u50_gradient_maxdet,V2_MAE,717,0.6579583661429019,VALID
cohort_mean,,u50_gradient_maxdet,V2_MAE,749,0.6810274283813557,VALID
cohort_mean,,u50_gradient_maxdet,V2_MAE,781,0.6582299613748543,VALID
cohort_mean,,u50_gradient_maxdet,V2_MAE,813,0.6947138550605023,VALID
cohort_mean,,u50_gradient_maxdet,V2_MAE,845,0.7560052514224714,VALID
cohort_mean,,u50_gradient_maxdet,V2_MAE,877,0.7360185755042449,VALID
cohort_mean,,u50_gradient_maxdet,V2_MAE,909,0.7754847851940987,VALID
cohort_mean,,u50_gradient_maxdet,V2_MAE,941,0.8155220102473811,VALID
cohort_mean,,u50_gradient_maxdet,V2_MAE,973,0.8270589167270757,VALID
cohort_mean,,u50_gradient_maxdet,V2_MAE,1005,0.8124846365490157,VALID
cohort_mean,,gradient_maxdet,V1_R2,333,1.734512565357042e-16,VALID
cohort_mean,,gradient_maxdet,V1_R2,365,0.17027433334969294,VALID
cohort_mean,,gradient_maxdet,V1_R2,397,0.40268643055858844,VALID
cohort_mean,,gradient_maxdet,V1_R2,429,0.4330765336996008,VALID
cohort_mean,,gradient_maxdet,V1_R2,461,0.41292039328680963,VALID
cohort_mean,,gradient_maxdet,V1_R2,493,0.5391181908356037,VALID
cohort_mean,,gradient_maxdet,V1_R2,525,0.5309036117725873,VALID
cohort_mean,,gradient_maxdet,V1_R2,557,0.6870729450196045,VALID
cohort_mean,,gradient_maxdet,V1_R2,589,0.6771279227135812,VALID
cohort_mean,,gradient_maxdet,V1_R2,621,0.6571705308345974,VALID
cohort_mean,,gradient_maxdet,V1_R2,653,0.7186332068448367,VALID
cohort_mean,,gradient_maxdet,V1_R2,685,0.7061267323078172,VALID
cohort_mean,,gradient_maxdet,V1_R2,717,0.7421083792898244,VALID
cohort_mean,,gradient_maxdet,V1_R2,749,0.7260170933648951,VALID
cohort_mean,,gradient_maxdet,V1_R2,781,0.7617587137514465,VALID
cohort_mean,,gradient_maxdet,V1_R2,813,0.8017083630182695,VALID
cohort_mean,,gradient_maxdet,V1_R2,845,0.7652149293540622,VALID
cohort_mean,,gradient_maxdet,V1_R2,877,0.8653113629577379,VALID
cohort_mean,,gradient_maxdet,V1_R2,909,0.8435377969582254,VALID
cohort_mean,,gradient_maxdet,V1_R2,941,0.8174560132975391,VALID
cohort_mean,,gradient_maxdet,V1_R2,973,0.8313021782298013,VALID
cohort_mean,,gradient_maxdet,V1_R2,1005,0.894657538303826,VALID
cohort_mean,,hybrid,V1_R2,333,0.0,VALID
cohort_mean,,hybrid,V1_R2,365,0.06626740377992649,VALID
cohort_mean,,hybrid,V1_R2,397,0.16199231537998485,VALID
cohort_mean,,hybrid,V1_R2,429,0.5135415388759006,VALID
cohort_mean,,hybrid,V1_R2,461,0.4214802879163934,VALID
cohort_mean,,hybrid,V1_R2,493,0.4278820815615162,VALID
cohort_mean,,hybrid,V1_R2,525,0.5275771606872248,VALID
cohort_mean,,hybrid,V1_R2,557,0.6541109494737622,VALID
cohort_mean,,hybrid,V1_R2,589,0.6065491922860851,VALID
cohort_mean,,hybrid,V1_R2,621,0.6749323601179575,VALID
cohort_mean,,hybrid,V1_R2,653,0.7557286797631719,VALID
cohort_mean,,hybrid,V1_R2,685,0.8195221247406063,VALID
cohort_mean,,hybrid,V1_R2,717,0.8281905435298083,VALID
cohort_mean,,hybrid,V1_R2,749,0.8292372824234541,VALID
cohort_mean,,hybrid,V1_R2,781,0.8193242853570702,VALID
cohort_mean,,hybrid,V1_R2,813,0.774475316015033,VALID
cohort_mean,,hybrid,V1_R2,845,0.8026471154879814,VALID
cohort_mean,,hybrid,V1_R2,877,0.8726101973184193,VALID
cohort_mean,,hybrid,V1_R2,909,0.8434423578838336,VALID
cohort_mean,,hybrid,V1_R2,941,0.8463044720539016,VALID
cohort_mean,,hybrid,V1_R2,973,0.8294269168648509,VALID
cohort_mean,,hybrid,V1_R2,1005,0.817105012947128,VALID
cohort_mean,,kernel_ivr,V1_R2,333,0.0,VALID
cohort_mean,,kernel_ivr,V1_R2,365,0.11559151753730056,VALID
cohort_mean,,kernel_ivr,V1_R2,397,0.2904023221395363,VALID
cohort_mean,,kernel_ivr,V1_R2,429,0.40897437123974373,VALID
cohort_mean,,kernel_ivr,V1_R2,461,0.46769213055991454,VALID
cohort_mean,,kernel_ivr,V1_R2,493,0.541658852840855,VALID
cohort_mean,,kernel_ivr,V1_R2,525,0.7702618078295521,VALID
cohort_mean,,kernel_ivr,V1_R2,557,0.5601488323420206,VALID
cohort_mean,,kernel_ivr,V1_R2,589,0.65777148304929,VALID
cohort_mean,,kernel_ivr,V1_R2,621,0.6441651728003014,VALID
cohort_mean,,kernel_ivr,V1_R2,653,0.6403004074267713,VALID
cohort_mean,,kernel_ivr,V1_R2,685,0.6886151107565992,VALID
cohort_mean,,kernel_ivr,V1_R2,717,0.7009934331754876,VALID
cohort_mean,,kernel_ivr,V1_R2,749,0.8125875851260449,VALID
cohort_mean,,kernel_ivr,V1_R2,781,0.8028566696231768,VALID
cohort_mean,,kernel_ivr,V1_R2,813,0.7782821141676578,VALID
cohort_mean,,kernel_ivr,V1_R2,845,0.836086863959496,VALID
cohort_mean,,kernel_ivr,V1_R2,877,0.8640649496173362,VALID
cohort_mean,,kernel_ivr,V1_R2,909,0.8857154680270052,VALID
cohort_mean,,kernel_ivr,V1_R2,941,0.8499323534527357,VALID
cohort_mean,,kernel_ivr,V1_R2,973,0.9641592408676775,VALID
cohort_mean,,kernel_ivr,V1_R2,1005,0.9081800345424175,VALID
cohort_mean,,lcmd,V1_R2,333,0.0,VALID
cohort_mean,,lcmd,V1_R2,365,0.07626539150976319,VALID
cohort_mean,,lcmd,V1_R2,397,0.03258177448016692,VALID
cohort_mean,,lcmd,V1_R2,429,0.20275203022665114,VALID
cohort_mean,,lcmd,V1_R2,461,0.2110499684737689,VALID
cohort_mean,,lcmd,V1_R2,493,0.4017497719744836,VALID
cohort_mean,,lcmd,V1_R2,525,0.42824868540373096,VALID
cohort_mean,,lcmd,V1_R2,557,0.6055961280560439,VALID
cohort_mean,,lcmd,V1_R2,589,0.667886433996818,VALID
cohort_mean,,lcmd,V1_R2,621,0.751226743590818,VALID
cohort_mean,,lcmd,V1_R2,653,0.8046340684020453,VALID
cohort_mean,,lcmd,V1_R2,685,0.8144671859343949,VALID
cohort_mean,,lcmd,V1_R2,717,0.8388740718710301,VALID
cohort_mean,,lcmd,V1_R2,749,0.8662985534774325,VALID
cohort_mean,,lcmd,V1_R2,781,0.8237560083791031,VALID
cohort_mean,,lcmd,V1_R2,813,0.8504861374920666,VALID
cohort_mean,,lcmd,V1_R2,845,0.8603630129062015,VALID
cohort_mean,,lcmd,V1_R2,877,0.8472618719893974,VALID
cohort_mean,,lcmd,V1_R2,909,0.8180582149165042,VALID
cohort_mean,,lcmd,V1_R2,941,0.8864009524407338,VALID
cohort_mean,,lcmd,V1_R2,973,0.8571733934270214,VALID
cohort_mean,,lcmd,V1_R2,1005,0.90153105352844,VALID
cohort_mean,,random,V1_R2,333,0.0,VALID
cohort_mean,,random,V1_R2,365,0.1554836680609494,VALID
cohort_mean,,random,V1_R2,397,-0.042856579811592646,VALID
cohort_mean,,random,V1_R2,429,-0.11104085815914162,VALID
cohort_mean,,random,V1_R2,461,-0.07021985910785375,VALID
cohort_mean,,random,V1_R2,493,0.13756074108231184,VALID
cohort_mean,,random,V1_R2,525,0.17513837222212772,VALID
cohort_mean,,random,V1_R2,557,0.053883494754912296,VALID
cohort_mean,,random,V1_R2,589,0.13450534560908767,VALID
cohort_mean,,random,V1_R2,621,0.2749643783529314,VALID
cohort_mean,,random,V1_R2,653,0.23806750551308162,VALID
cohort_mean,,random,V1_R2,685,0.34265613387039373,VALID
cohort_mean,,random,V1_R2,717,0.20835836902523594,VALID
cohort_mean,,random,V1_R2,749,0.22840762382165922,VALID
cohort_mean,,random,V1_R2,781,0.23285687881396255,VALID
cohort_mean,,random,V1_R2,813,0.3968888541403921,VALID
cohort_mean,,random,V1_R2,845,0.3835157391620676,VALID
cohort_mean,,random,V1_R2,877,0.27447975530218627,VALID
cohort_mean,,random,V1_R2,909,0.4770873035277825,VALID
cohort_mean,,random,V1_R2,941,0.4591645733493967,VALID
cohort_mean,,random,V1_R2,973,0.4590551554699211,VALID
cohort_mean,,random,V1_R2,1005,0.4418286570120291,VALID
cohort_mean,,u50_gradient_maxdet,V1_R2,333,1.734512565357042e-16,VALID
cohort_mean,,u50_gradient_maxdet,V1_R2,365,0.17027433334969294,VALID
cohort_mean,,u50_gradient_maxdet,V1_R2,397,0.40268643055858844,VALID
cohort_mean,,u50_gradient_maxdet,V1_R2,429,0.4330765336996008,VALID
cohort_mean,,u50_gradient_maxdet,V1_R2,461,0.41292039328680963,VALID
cohort_mean,,u50_gradient_maxdet,V1_R2,493,0.5079321318102237,VALID
cohort_mean,,u50_gradient_maxdet,V1_R2,525,0.5182320244096315,VALID
cohort_mean,,u50_gradient_maxdet,V1_R2,557,0.5383515504377425,VALID
cohort_mean,,u50_gradient_maxdet,V1_R2,589,0.6971712124262358,VALID
cohort_mean,,u50_gradient_maxdet,V1_R2,621,0.5882216814707478,VALID
cohort_mean,,u50_gradient_maxdet,V1_R2,653,0.7196705492637049,VALID
cohort_mean,,u50_gradient_maxdet,V1_R2,685,0.678854859999786,VALID
cohort_mean,,u50_gradient_maxdet,V1_R2,717,0.7000998375139236,VALID
cohort_mean,,u50_gradient_maxdet,V1_R2,749,0.6659277936261613,VALID
cohort_mean,,u50_gradient_maxdet,V1_R2,781,0.7362546176209745,VALID
cohort_mean,,u50_gradient_maxdet,V1_R2,813,0.8037241251721472,VALID
cohort_mean,,u50_gradient_maxdet,V1_R2,845,0.8802332231145309,VALID
cohort_mean,,u50_gradient_maxdet,V1_R2,877,0.8321203846843929,VALID
cohort_mean,,u50_gradient_maxdet,V1_R2,909,0.8476464644060875,VALID
cohort_mean,,u50_gradient_maxdet,V1_R2,941,0.8710920727388525,VALID
cohort_mean,,u50_gradient_maxdet,V1_R2,973,0.8788030606475151,VALID
cohort_mean,,u50_gradient_maxdet,V1_R2,1005,0.8888479308264781,VALID
cohort_mean,,gradient_maxdet,V2_R2,333,0.0,VALID
cohort_mean,,gradient_maxdet,V2_R2,365,0.1849272089320693,VALID
cohort_mean,,gradient_maxdet,V2_R2,397,0.41843843882648857,VALID
cohort_mean,,gradient_maxdet,V2_R2,429,0.4857254113293901,VALID
cohort_mean,,gradient_maxdet,V2_R2,461,0.46845720987591977,VALID
cohort_mean,,gradient_maxdet,V2_R2,493,0.6007511583227364,VALID
cohort_mean,,gradient_maxdet,V2_R2,525,0.5786352856845549,VALID
cohort_mean,,gradient_maxdet,V2_R2,557,0.6913871165649902,VALID
cohort_mean,,gradient_maxdet,V2_R2,589,0.7063142548460605,VALID
cohort_mean,,gradient_maxdet,V2_R2,621,0.6640966632676465,VALID
cohort_mean,,gradient_maxdet,V2_R2,653,0.7293718938346556,VALID
cohort_mean,,gradient_maxdet,V2_R2,685,0.7465548869193469,VALID
cohort_mean,,gradient_maxdet,V2_R2,717,0.7490624106906137,VALID
cohort_mean,,gradient_maxdet,V2_R2,749,0.7628111671242596,VALID
cohort_mean,,gradient_maxdet,V2_R2,781,0.795551909902489,VALID
cohort_mean,,gradient_maxdet,V2_R2,813,0.8154043687464437,VALID
cohort_mean,,gradient_maxdet,V2_R2,845,0.8461822068419221,VALID
cohort_mean,,gradient_maxdet,V2_R2,877,0.9114599370461614,VALID
cohort_mean,,gradient_maxdet,V2_R2,909,0.9082961634456599,VALID
cohort_mean,,gradient_maxdet,V2_R2,941,0.9167247017333129,VALID
cohort_mean,,gradient_maxdet,V2_R2,973,0.9226481958119218,VALID
cohort_mean,,gradient_maxdet,V2_R2,1005,0.9552922304364225,VALID
cohort_mean,,hybrid,V2_R2,333,0.0,VALID
cohort_mean,,hybrid,V2_R2,365,0.14056343609732333,VALID
cohort_mean,,hybrid,V2_R2,397,0.291543934374485,VALID
cohort_mean,,hybrid,V2_R2,429,0.5320495950579527,VALID
cohort_mean,,hybrid,V2_R2,461,0.5597483139168443,VALID
cohort_mean,,hybrid,V2_R2,493,0.5697748858688984,VALID
cohort_mean,,hybrid,V2_R2,525,0.651862334137833,VALID
cohort_mean,,hybrid,V2_R2,557,0.6452866159917924,VALID
cohort_mean,,hybrid,V2_R2,589,0.7521725934071618,VALID
cohort_mean,,hybrid,V2_R2,621,0.7852242211264516,VALID
cohort_mean,,hybrid,V2_R2,653,0.8587422073588056,VALID
cohort_mean,,hybrid,V2_R2,685,0.8798753201765097,VALID
cohort_mean,,hybrid,V2_R2,717,0.9033713069030432,VALID
cohort_mean,,hybrid,V2_R2,749,0.8873775063550544,VALID
cohort_mean,,hybrid,V2_R2,781,0.9000163960303018,VALID
cohort_mean,,hybrid,V2_R2,813,0.9184794724311426,VALID
cohort_mean,,hybrid,V2_R2,845,0.8787916500965617,VALID
cohort_mean,,hybrid,V2_R2,877,0.9089585859304011,VALID
cohort_mean,,hybrid,V2_R2,909,0.9063954909469156,VALID
cohort_mean,,hybrid,V2_R2,941,0.9060156126420822,VALID
cohort_mean,,hybrid,V2_R2,973,0.9442572987963109,VALID
cohort_mean,,hybrid,V2_R2,1005,0.9256459750329791,VALID
cohort_mean,,kernel_ivr,V2_R2,333,0.0,VALID
cohort_mean,,kernel_ivr,V2_R2,365,0.1191983863829278,VALID
cohort_mean,,kernel_ivr,V2_R2,397,0.3545690475030108,VALID
cohort_mean,,kernel_ivr,V2_R2,429,0.4326570978156817,VALID
cohort_mean,,kernel_ivr,V2_R2,461,0.5229814614687124,VALID
cohort_mean,,kernel_ivr,V2_R2,493,0.6372225831400725,VALID
cohort_mean,,kernel_ivr,V2_R2,525,0.7128166381147761,VALID
cohort_mean,,kernel_ivr,V2_R2,557,0.6272074106871032,VALID
cohort_mean,,kernel_ivr,V2_R2,589,0.7417181766502661,VALID
cohort_mean,,kernel_ivr,V2_R2,621,0.7103714618103613,VALID
cohort_mean,,kernel_ivr,V2_R2,653,0.7075548717248513,VALID
cohort_mean,,kernel_ivr,V2_R2,685,0.7559111926280939,VALID
cohort_mean,,kernel_ivr,V2_R2,717,0.7674828642437812,VALID
cohort_mean,,kernel_ivr,V2_R2,749,0.7681016948555746,VALID
cohort_mean,,kernel_ivr,V2_R2,781,0.8260386118234813,VALID
cohort_mean,,kernel_ivr,V2_R2,813,0.8845778928166194,VALID
cohort_mean,,kernel_ivr,V2_R2,845,0.9249455427830507,VALID
cohort_mean,,kernel_ivr,V2_R2,877,0.9359596827381763,VALID
cohort_mean,,kernel_ivr,V2_R2,909,0.9038418384021163,VALID
cohort_mean,,kernel_ivr,V2_R2,941,0.9064048987991624,VALID
cohort_mean,,kernel_ivr,V2_R2,973,0.9368595464080326,VALID
cohort_mean,,kernel_ivr,V2_R2,1005,0.9362706114520416,VALID
cohort_mean,,lcmd,V2_R2,333,0.0,VALID
cohort_mean,,lcmd,V2_R2,365,0.12975683994211965,VALID
cohort_mean,,lcmd,V2_R2,397,0.07527971226737055,VALID
cohort_mean,,lcmd,V2_R2,429,0.2939502895268865,VALID
cohort_mean,,lcmd,V2_R2,461,0.41598725676279924,VALID
cohort_mean,,lcmd,V2_R2,493,0.5629080461868975,VALID
cohort_mean,,lcmd,V2_R2,525,0.5360852652528433,VALID
cohort_mean,,lcmd,V2_R2,557,0.6364759818245778,VALID
cohort_mean,,lcmd,V2_R2,589,0.74170066855747,VALID
cohort_mean,,lcmd,V2_R2,621,0.7852799092001231,VALID
cohort_mean,,lcmd,V2_R2,653,0.7926254989729079,VALID
cohort_mean,,lcmd,V2_R2,685,0.8352613182105855,VALID
cohort_mean,,lcmd,V2_R2,717,0.8890704622390487,VALID
cohort_mean,,lcmd,V2_R2,749,0.8996197333748052,VALID
cohort_mean,,lcmd,V2_R2,781,0.8880739272639185,VALID
cohort_mean,,lcmd,V2_R2,813,0.9003721082365591,VALID
cohort_mean,,lcmd,V2_R2,845,0.8900208640509091,VALID
cohort_mean,,lcmd,V2_R2,877,0.8770467989819654,VALID
cohort_mean,,lcmd,V2_R2,909,0.891208610526606,VALID
cohort_mean,,lcmd,V2_R2,941,0.9034304785896708,VALID
cohort_mean,,lcmd,V2_R2,973,0.8971705939813692,VALID
cohort_mean,,lcmd,V2_R2,1005,0.9003641525406095,VALID
cohort_mean,,random,V2_R2,333,0.0,VALID
cohort_mean,,random,V2_R2,365,0.12824953237047498,VALID
cohort_mean,,random,V2_R2,397,-0.060427380795367906,VALID
cohort_mean,,random,V2_R2,429,-0.093452461195712,VALID
cohort_mean,,random,V2_R2,461,-0.05497527657891417,VALID
cohort_mean,,random,V2_R2,493,0.06424996769369837,VALID
cohort_mean,,random,V2_R2,525,0.14945730154031828,VALID
cohort_mean,,random,V2_R2,557,0.013718443196734664,VALID
cohort_mean,,random,V2_R2,589,0.0990399662779938,VALID
cohort_mean,,random,V2_R2,621,0.2872114771781524,VALID
cohort_mean,,random,V2_R2,653,0.2873856878339888,VALID
cohort_mean,,random,V2_R2,685,0.2045622672222993,VALID
cohort_mean,,random,V2_R2,717,0.153957090342998,VALID
cohort_mean,,random,V2_R2,749,0.14937090615424353,VALID
cohort_mean,,random,V2_R2,781,0.22354920079087598,VALID
cohort_mean,,random,V2_R2,813,0.3392694667797684,VALID
cohort_mean,,random,V2_R2,845,0.29025007545816134,VALID
cohort_mean,,random,V2_R2,877,0.21373112350513063,VALID
cohort_mean,,random,V2_R2,909,0.46876757004348807,VALID
cohort_mean,,random,V2_R2,941,0.5107949562966945,VALID
cohort_mean,,random,V2_R2,973,0.5266923371980803,VALID
cohort_mean,,random,V2_R2,1005,0.4615397168833609,VALID
cohort_mean,,u50_gradient_maxdet,V2_R2,333,0.0,VALID
cohort_mean,,u50_gradient_maxdet,V2_R2,365,0.1849272089320693,VALID
cohort_mean,,u50_gradient_maxdet,V2_R2,397,0.41843843882648857,VALID
cohort_mean,,u50_gradient_maxdet,V2_R2,429,0.4857254113293901,VALID
cohort_mean,,u50_gradient_maxdet,V2_R2,461,0.46845720987591977,VALID
cohort_mean,,u50_gradient_maxdet,V2_R2,493,0.5959256233092961,VALID
cohort_mean,,u50_gradient_maxdet,V2_R2,525,0.5919613245786113,VALID
cohort_mean,,u50_gradient_maxdet,V2_R2,557,0.6235593526906785,VALID
cohort_mean,,u50_gradient_maxdet,V2_R2,589,0.7129554538987681,VALID
cohort_mean,,u50_gradient_maxdet,V2_R2,621,0.7280713139351377,VALID
cohort_mean,,u50_gradient_maxdet,V2_R2,653,0.7293759060536099,VALID
cohort_mean,,u50_gradient_maxdet,V2_R2,685,0.7558320715887503,VALID
cohort_mean,,u50_gradient_maxdet,V2_R2,717,0.7616469651139415,VALID
cohort_mean,,u50_gradient_maxdet,V2_R2,749,0.7645833229772719,VALID
cohort_mean,,u50_gradient_maxdet,V2_R2,781,0.7669379654968158,VALID
cohort_mean,,u50_gradient_maxdet,V2_R2,813,0.7993749961816219,VALID
cohort_mean,,u50_gradient_maxdet,V2_R2,845,0.8951603007785418,VALID
cohort_mean,,u50_gradient_maxdet,V2_R2,877,0.9028328006044386,VALID
cohort_mean,,u50_gradient_maxdet,V2_R2,909,0.9336491760826238,VALID
cohort_mean,,u50_gradient_maxdet,V2_R2,941,0.932468408225857,VALID
cohort_mean,,u50_gradient_maxdet,V2_R2,973,0.9300116145717219,VALID
cohort_mean,,u50_gradient_maxdet,V2_R2,1005,0.9142760023679756,VALID
