outer_seed,strategy,round,query_rank,sample_id,canonical_smiles
42,coverage,1,1,70cba7a21b5a01fb8e73,c1ccc(CNCc2ccccc2)cc1
42,coverage,1,2,b7cf293311f83700cd9a,OCc1ccc2ccccc2c1
42,coverage,1,3,d5234e966aa231be05e5,c1ccc(CNCc2ccccc2)cc1
42,coverage,1,4,35f2be5f5aa14265e8a4,c1ccc(-c2ccccn2)cc1
42,coverage,1,5,efd84dffe823b6298db6,C/C(=N\O)c1ccccc1
42,coverage,1,6,b514312eda7950cdcf1c,O=C(c1ccccc1)c1ccc([N+](=O)[O-])cc1
42,coverage,1,7,0c5c35afb3a24375c153,O=C(c1ccccc1)c1cccc(C(=O)c2ccccc2)c1
42,coverage,1,8,5e276c1730fc0a9deba7,O=C(c1ccccc1)c1ccc([N+](=O)[O-])cc1
42,coverage,1,9,2928443b881ac6713786,C=CC(=O)O[C@@H]1C[C@H]2CC[C@]1(C)C2(C)C
42,coverage,1,10,f90a5a5a54509c085ebd,O=C(O)/C=C/c1ccccc1
42,coverage,1,11,832eaa9c6b2f7a68f2a5,COc1ccc(OC)cc1
42,coverage,1,12,1395836aef00d6a880b0,N#Cc1ccc(C(=O)c2ccccc2)cc1
42,coverage,1,13,d119d77f545c029deace,c1ccc(-c2ccccn2)cc1
42,coverage,1,14,fe1a34b5975943e8f292,COc1ccc(C=O)c(O)c1
42,coverage,1,15,68c511d842fc030aa84b,C=CC(=O)OCCCCCCCCCCCC
42,coverage,1,16,79cb1738d945317e5bfa,C/C(=N\O)c1ccccc1
42,coverage,1,17,855456da9ea892f7216b,O=C(c1ccccc1)c1cccc(C(=O)c2ccccc2)c1
42,coverage,1,18,80f546c47198fa7c6dbf,Oc1ccc(OC(F)(F)F)cc1
42,coverage,1,19,c76d0420b34df595c0c9,CCOC(=O)c1cccnc1
42,coverage,1,20,d1e922c04dbd0c9f6c06,CC(=O)c1ccc2c(c1)Cc1ccccc1-2
42,coverage,1,21,292e0342682192a69fce,c1ccc(-c2ccccn2)cc1
42,coverage,1,22,7c0c324643799c918828,OCc1ccc2ccccc2c1
42,coverage,1,23,30970941542856ce8eb1,CC(C)=CCC/C(C)=C/C=O
42,coverage,1,24,912c3bd62a46978c8a22,BrC(=C(c1ccccc1)c1ccccc1)c1ccccc1
42,coverage,1,25,a1dc71bed9d8f372c9e5,N#Cc1ccc(C(=O)c2ccccc2)cc1
42,coverage,2,1,0b247863fd6e8aaf44d8,O=C(O)/C=C/c1ccccc1
42,coverage,2,2,1e775e7d8dcbf48fd6f8,O=C(O)/C=C/c1ccccc1
42,coverage,2,3,0054790b9c9f40026ebe,C1=Cc2ccccc2C1
42,coverage,2,4,e76b02e4aa682c4153d0,O=Cc1ccc(C=O)cc1
42,coverage,2,5,8e7636d7a60a6058305a,CCOC(=O)/C=C(/C)N
42,coverage,2,6,0b9a59526d7d4ce5f872,O=C(CC(=O)C(F)(F)F)c1ccc2ccccc2c1
42,coverage,2,7,51f4126a3aadb3239225,Cc1cccc(C)n1
42,coverage,2,8,36d971e3231c54486d05,N#Cc1ccc(N)cc1
42,coverage,2,9,aef5cafc63ca445e92fa,O=C(c1ccccc1)c1ccc([N+](=O)[O-])cc1
42,coverage,2,10,9ddc2e8babb52ee8e772,O=S(c1ccccc1)c1ccccc1
42,coverage,2,11,16cee53cbe16b60fb395,BrC(=C(c1ccccc1)c1ccccc1)c1ccccc1
42,coverage,2,12,715cf6b265c19d80e943,O=S(c1ccccc1)c1ccccc1
42,coverage,2,13,a775926fce57b3bf9ec1,COc1ccc(CCO)cc1
42,coverage,2,14,5d530b2f228ed39ff952,C=C(C)C(=O)OCCOC(=O)CC(C)=O
42,coverage,2,15,017b0f98188f8ff58935,CCOC(=O)/C=C(/C)N
42,coverage,2,16,5da8c25a3982216fb112,O=[N+]([O-])c1ccc(CCO)cc1
42,coverage,2,17,486e498e45d084ced568,O=C1c2ccccc2-c2ccccc21
42,coverage,2,18,bd2e9fee67bbba1155df,c1ccc(-c2ccccn2)cc1
42,coverage,2,19,76643e968ecc935c745c,O=C(c1ccccc1)c1ccc([N+](=O)[O-])cc1
42,coverage,2,20,204c95299f49a2bcdb61,O=C1c2ccccc2-c2ccccc21
42,coverage,2,21,66454b90cefcad2e4125,Fc1cc(F)c(F)c(F)c1F
42,coverage,2,22,153cd671a94c0407cc6b,OC1(c2ccccc2)CCCCC1
42,coverage,2,23,6553b9607d6093f257c7,CC1(C)OB(c2ccc(F)cc2)OC1(C)C
42,coverage,2,24,44c8b389a6faf44f1f4c,CC(C=O)Cc1ccc2c(c1)OCO2
42,coverage,2,25,5e45395722fa0dcc1d00,CC(O)CCc1ccccc1
42,coverage,3,1,7fb4f90753d40dd25be0,Cc1cccc(C)n1
42,coverage,3,2,129036e0bccc4ff7e848,CC(Br)C(=O)O
42,coverage,3,3,f82cfd3b57735b0ead3c,O=S(c1ccccc1)c1ccccc1
42,coverage,3,4,776ee2c1e85ebde75168,COc1ccc(CCO)cc1
42,coverage,3,5,f7f0c7d2b8250e0e304f,CC(C)=CCC/C(C)=C/C=O
42,coverage,3,6,2dbfdf9c2d5defd09f7a,C=C(C)C(=O)OCCOC(=O)CC(C)=O
42,coverage,3,7,a6a0404c3ad65c6d9326,CC(=O)c1ccc2c(c1)OCO2
42,coverage,3,8,634f21e11a8442494ce3,O=C(c1ccccc1)c1cccc(C(=O)c2ccccc2)c1
42,coverage,3,9,8ab554cd154e9749790b,O=Cc1ccccc1[N+](=O)[O-]
42,coverage,3,10,9fb05d784e7952bd4741,c1ccc(-c2ccccn2)cc1
42,coverage,3,11,3f6b817d855e67b3b406,O=C(/C=C/c1ccccc1)/C=C/c1ccccc1
42,coverage,3,12,f9f0f4e29dbd30c000ee,Cc1ccc(CO)cc1
42,coverage,3,13,a0d6732883ffc7d063fb,COc1ccc(C=O)c(O)c1
42,coverage,3,14,741f33ecf2e66f9958fd,N#Cc1ccccc1F
42,coverage,3,15,914cbf3bfe7468210e0e,COC(=O)CS
42,coverage,3,16,3fe8b9db9fbe9d0dedc4,Oc1ccc(I)cc1
42,coverage,3,17,cb729a03dac0230812b1,O=C(/C=C/c1ccccc1)/C=C/c1ccccc1
42,coverage,3,18,a0507e669c939a982dd3,BrC(=C(c1ccccc1)c1ccccc1)c1ccccc1
42,coverage,3,19,29b39881584c4fec1c58,Oc1ccc(OC(F)(F)F)cc1
42,coverage,3,20,87996db5ddb7565fe66f,CC(C=O)Cc1ccc2c(c1)OCO2
42,coverage,3,21,18aafc3a2522f8cc2983,COC(=O)CS
42,coverage,3,22,6998dee6f6e69401798a,CC(=O)c1ccc(F)cc1
42,coverage,3,23,5e5b7c697bc0c268b288,O=C(CC(=O)c1ccccc1)c1ccccc1
42,coverage,3,24,cdf40bcb3f4392f8d7d1,OCc1ccc2ccccc2c1
42,coverage,3,25,eb3bc3fba39e57adbc2f,CCOC(=O)C(Cc1ccccc1)C(C)=O
42,coverage,4,1,c4bb286978fe9078a303,C=C(C)C(=O)OCCOC(=O)CC(C)=O
42,coverage,4,2,425fe9dfe0c3f345460b,CCOC(=O)C(Cc1ccccc1)C(C)=O
42,coverage,4,3,3fc05dc2025715e68174,CC(=O)CC(=O)OC(C)(C)C
42,coverage,4,4,b37608f8c4a8ee4b8696,O=C(O)/C=C/c1ccccc1
42,coverage,4,5,48679ae48dd485ffb7a6,COC(=O)C#CC(=O)OC
42,coverage,4,6,d3047299bd8817ee87dd,COc1cc(OC)cc(OC)c1
42,coverage,4,7,74292a64ad6203713d6b,O=C1c2ccccc2-c2ccccc21
42,coverage,4,8,a4fc5d66da363324e2bf,OCc1ccc2ccccc2c1
42,coverage,4,9,9249ed2c527f70995033,CCOC(=O)C(C(=O)OCC)c1ccccc1
42,coverage,4,10,3c1875eb669056c6c621,CC(=O)c1ccc2c(c1)Cc1ccccc1-2
42,coverage,4,11,8f5452ff0e84ab2e2057,OCc1cccc(Br)c1
42,coverage,4,12,45a1b11ae63f2dab2e48,OCCCc1ccccc1
42,coverage,4,13,3b54dfb5158b47f3c0f5,CCOC(=O)CC(=O)OCC
42,coverage,4,14,b66aa101a244885dd587,Oc1ccc(I)cc1
42,coverage,4,15,4466eabae9624380fbc6,O=C(c1ccccc1)c1ccc([N+](=O)[O-])cc1
42,coverage,4,16,6a4e95d2a3cca31094a1,CCOC(=O)c1cccnc1
42,coverage,4,17,dee9f600ff021919b9d2,c1ccc(CNCc2ccccc2)cc1
42,coverage,4,18,13aa7f454204d054a196,O=C1c2ccccc2-c2ccccc21
42,coverage,4,19,20711ea4080ba078e890,O=Cc1ccc(C=O)cc1
42,coverage,4,20,3163a9b58f1a52a1992c,O=C1CCc2ccccc2O1
42,coverage,4,21,cd33bc1895c4acb28189,CC(Br)C(=O)O
42,coverage,4,22,5b321e1d74077a216a70,FC(F)(F)Oc1ccc(I)c(Br)c1
42,coverage,4,23,9bc73e0c27d4d6b44abb,CCOC(=O)c1ccc(N)cc1
42,coverage,4,24,37c15d90032e66347ed6,CCOC(=O)CC(=O)OCC
42,coverage,4,25,ebf38d80f4c5674cf120,c1ccc(CNCc2ccccc2)cc1
42,coverage,5,1,0007449b058916cdcad1,Brc1ccc2c(c1)OCO2
42,coverage,5,2,aa3d61e39adc96782513,COCCOC(=O)CC(C)=O
42,coverage,5,3,bc62be727bf6ded3d86e,Oc1ccc(I)cc1
42,coverage,5,4,302e458c5ed2285ca328,COC(=O)c1ccccc1N
42,coverage,5,5,619663c2b3ffb3a6c497,O=Cc1ccccc1O
42,coverage,5,6,73771d4752cdcd04a023,FC(F)(F)c1cc(Br)cc(C(F)(F)F)c1
42,coverage,5,7,8ab3606b0d15babbd1c7,BrC(=C(c1ccccc1)c1ccccc1)c1ccccc1
42,coverage,5,8,87265e4a49086b6ac4eb,O=C1CCc2ccccc2O1
42,coverage,5,9,d54c93a11164b4abac6e,CSc1ccc(C=O)cc1
42,coverage,5,10,9c74e865c47b45a09229,O=C(OCc1ccccc1)c1ccccc1
42,coverage,5,11,6b6145a0e01f7925a8fa,BrC(=C(c1ccccc1)c1ccccc1)c1ccccc1
42,coverage,5,12,52348febee6695107c49,O=C1CCCc2ccccc21
42,coverage,5,13,eaaa3bb6872fb6f5a235,CC(C)(C)OCl
42,coverage,5,14,2635b25bb3c1c37f3b74,CCOC(=O)C(C(=O)OCC)c1ccccc1
42,coverage,5,15,8f683baab6101dc15006,O=C1c2ccccc2-c2ccccc21
42,coverage,5,16,358461ff3742e78ea3b6,OCCCc1ccccc1
42,coverage,5,17,84457536bb50a7061808,CC(Br)C(=O)OC(C)(C)C
42,coverage,5,18,61da71e94577a4d66028,Brc1cc2ccccc2c2ccccc12
42,coverage,5,19,97297c71a28a2ccbdeeb,C=CC(=O)OCCN(CC)CC
42,coverage,5,20,d5b6201c7690d729361c,Ic1ccc(I)cc1
42,coverage,5,21,e9e7a737df389d5fcc13,Oc1ccc(I)cc1
42,coverage,5,22,efe14b6a1dc3741d71ba,C/C(=N\O)c1ccccc1
42,coverage,5,23,96e2b82e29c0b5205628,N#Cc1ccccc1Br
42,coverage,5,24,6c4eacf7845534254af9,COC(=O)c1ccccc1N
42,coverage,5,25,12aed585647de3f03908,Brc1ccc2occc2c1
42,coverage,6,1,f73fd2f4c55177304721,CC(=O)c1c(C)cc(C)cc1C
42,coverage,6,2,8a5443659239e3b52e14,COC(=O)CC(=O)C1CC1
42,coverage,6,3,c06e784aecc76cea9d63,Oc1ccc(OC(F)(F)F)cc1
42,coverage,6,4,af0f017d8214d08aa24f,Ic1ccc(I)cc1
42,coverage,6,5,95d1d257dfea69f178f8,Oc1ccc(I)cc1
42,coverage,6,6,4fd617ffb65c4435f9bb,c1ccc(COCc2ccccc2)cc1
42,coverage,6,7,0dccaa29989ef4956786,CC(=O)Oc1ccc(C=O)cc1
42,coverage,6,8,5dd7416efdd0bd156d61,COc1ccc(CCO)cc1
42,coverage,6,9,3f1a96aa336ea0741b5a,CCOC(=O)c1ccc(F)cc1
42,coverage,6,10,9d7b71b3f9f6ea222bc1,C=C(C)C(=O)OCCOC(=O)CC(C)=O
42,coverage,6,11,eb1224edeb2e39f898b1,C/C(=N\O)c1ccccc1
42,coverage,6,12,25b1f8000dd22874bb29,COC(=O)c1ccc(CBr)cc1
42,coverage,6,13,bef81d4dd93af26c12a9,O=C(c1ccccc1)c1ccc([N+](=O)[O-])cc1
42,coverage,6,14,ffc70e28db22d1cc1f3f,COC(=O)CC(=O)C1CC1
42,coverage,6,15,0296d31e8c2e55602a19,CC(C)c1ccccc1O
42,coverage,6,16,401d40be087039c8f592,Ic1ccc(I)cc1
42,coverage,6,17,6c022e06f98c0a9771b6,O=[N+]([O-])c1ccc(CCO)cc1
42,coverage,6,18,bef8e35136c28810eb6b,O=[N+]([O-])c1cccc(Br)c1
42,coverage,6,19,75c96505f7b6b907aadf,C=CC(=O)OCCN(CC)CC
42,coverage,6,20,cdcabd704ebeeeca9183,CSc1ccc(C(C)=O)cc1
42,coverage,6,21,55200f8e501a16ffa0cf,CSc1ccc(C(C)=O)cc1
42,coverage,6,22,183af335033005f96b97,CC(=O)c1ccc(N)cc1
42,coverage,6,23,79ff49052bce33597828,N#Cc1ccc(C(=O)c2ccccc2)cc1
42,coverage,6,24,8c8922eada2018f59953,C=CC(=O)O[C@@H]1C[C@H]2CC[C@]1(C)C2(C)C
42,coverage,6,25,5f81e2ff4fea8e839c4d,Ic1cccs1
42,coverage,7,1,5d450444eb031c873584,O=C(c1ccccc1)c1cccc(C(=O)c2ccccc2)c1
42,coverage,7,2,7e834c7b870ef7024d35,COc1ccc(C=O)c(O)c1
42,coverage,7,3,91b6bda771851a5c78ac,OCCc1cccc2ccccc12
42,coverage,7,4,0af9d219be9872711215,CC(=O)CC(=O)OC(C)(C)C
42,coverage,7,5,17ff889395addf7d6295,O=C(c1ccccc1)c1cccc(C(=O)c2ccccc2)c1
42,coverage,7,6,b3d9bb5afa82b99f2a11,CC(=O)c1ccc(C#N)cc1
42,coverage,7,7,786c15055f363ee07a8c,CC(C)(C)c1cc(C=O)cc(C(C)(C)C)c1
42,coverage,7,8,b0802294da4fd71d0f9d,O=Cc1ccc(C=O)cc1
42,coverage,7,9,2012223149ba23d26ec2,CCOC(=O)Cc1ccccc1
42,coverage,7,10,d76d74e2a624a532f9f8,COCCOC(=O)CC(C)=O
42,coverage,7,11,2d178efe0181baca2bd5,COc1ccc(C=O)cc1
42,coverage,7,12,c82167c626a1495ef750,COc1ccccc1C(C)=O
42,coverage,7,13,be82391d6b3e742f1f26,CC(=O)Oc1ccc(C=O)cc1
42,coverage,7,14,3c273e7c71bbc8fb4fc9,Brc1cc2ccccc2c2ccccc12
42,coverage,7,15,488727f2d41859d1ac45,CC(=O)c1ccc([N+](=O)[O-])cc1
42,coverage,7,16,2f72c334253bbe94a8ab,CSc1ccc(C(C)=O)cc1
42,coverage,7,17,3774a4dac6dd0f01d48d,N#Cc1cccc(N)c1
42,coverage,7,18,18186b5d6cc190fc07a3,CCOC(=O)c1ccccc1N
42,coverage,7,19,eb383b92fe958c91d272,CC(=O)c1ccc(C#N)cc1
42,coverage,7,20,a185774933bd6bb12c07,c1ccc(-c2ccccn2)cc1
42,coverage,7,21,0164f18711777547e68d,O=C(c1ccccc1)c1ccc([N+](=O)[O-])cc1
42,coverage,7,22,3b2c663a28a9f32bd1d3,CC(=O)c1ccc([N+](=O)[O-])cc1
42,coverage,7,23,4d3dddb7f2bd6bdeb5ea,COC(=O)Cc1cccc2ccccc12
42,coverage,7,24,0892bc6cad36949f9030,CC(=O)c1ccc2c(c1)OCO2
42,coverage,7,25,b7d6bedb33cb5650a8cf,O=C(CC(=O)c1ccccc1)c1ccccc1
42,coverage,8,1,c3168d5c44857ef4c782,FC(F)(F)Oc1ccc(I)cc1
42,coverage,8,2,7654254c03d9de79740f,O=Cc1ccc2ccccc2c1
42,coverage,8,3,08ae0e5f727afabf1e71,CCOC(=O)CC(=O)OCC
42,coverage,8,4,d4bcc09609c820442d3d,COc1cc(OC)cc(OC)c1
42,coverage,8,5,8641d0ec9c4b21727b9a,CC(=O)c1ccc2c(c1)OCO2
42,coverage,8,6,bd9a1f4f201144d577d7,O=Cc1ccc2ccccc2c1
42,coverage,8,7,8cc5dd51f0360e578ac3,OCCCc1ccccc1
42,coverage,8,8,c9bef93a79964dc6ede1,O=C(/C=C/c1ccccc1)/C=C/c1ccccc1
42,coverage,8,9,24a9086a8e2c8015c232,COc1ccc(C=O)cc1
42,coverage,8,10,a202794731bbb6368378,CC1(C)OB(c2ccc(F)cc2)OC1(C)C
42,coverage,8,11,122fbec0df9ecf1c5d89,COc1ccc(C(C)=O)cc1
42,coverage,8,12,8cdde884333140be60cb,O=CCCc1ccccc1
42,coverage,8,13,b31fd6bd7ae30c540bd7,Ic1cccs1
42,coverage,8,14,476647879af7df57d509,CCOC(=O)C(C(=O)OCC)c1ccccc1
42,coverage,8,15,2a5ddd329fd392187ad2,Brc1ccccc1-c1ccccc1
42,coverage,8,16,61e2b18d9ec61505948c,CC(=O)CC(=O)OC(C)(C)C
42,coverage,8,17,90ae8e9fe447f6a79598,C=CC(=O)O[C@@H]1C[C@H]2CC[C@]1(C)C2(C)C
42,coverage,8,18,ce58f28250c053410654,OC1(c2ccccc2)CCCCC1
42,coverage,8,19,8b6fc534edc07d5b79be,COC(=O)CC(C)=O
42,coverage,8,20,4b2c37e7fb416a420eab,COC(=O)c1ccccc1O
42,coverage,8,21,aa3ac48b626bc54d5dc6,COc1ccc2ccccc2c1
42,coverage,8,22,5bdb13b5edfa04fab719,C(=C/c1ccccc1)\c1ccccc1
42,coverage,8,23,cac9ff0c40665baf313f,COc1ccc(C=O)c(O)c1
42,coverage,8,24,e4202a81051e7245d311,CC(C)=CCC/C(C)=C/C=O
42,coverage,8,25,3e75262e7afda8b7f54b,CC(C)(C)c1cc(C=O)cc(C(C)(C)C)c1
42,ensemble,1,1,70cba7a21b5a01fb8e73,c1ccc(CNCc2ccccc2)cc1
42,ensemble,1,2,942b8fc9cf013acda52b,c1ccc(CNCc2ccccc2)cc1
42,ensemble,1,3,252c027cf5a42b92c953,c1ccc(CNCc2ccccc2)cc1
42,ensemble,1,4,89d752b5a7f7c8d0b91e,c1ccc(CNCc2ccccc2)cc1
42,ensemble,1,5,d5234e966aa231be05e5,c1ccc(CNCc2ccccc2)cc1
42,ensemble,1,6,9ffee2813aef5c26f96f,C/C(=N\O)c1ccccc1
42,ensemble,1,7,efd84dffe823b6298db6,C/C(=N\O)c1ccccc1
42,ensemble,1,8,2f48e798c7917fb7d2ae,C/C(=N\O)c1ccccc1
42,ensemble,1,9,79cb1738d945317e5bfa,C/C(=N\O)c1ccccc1
42,ensemble,1,10,a38fee52661fd3e3b7ea,C/C(=N\O)c1ccccc1
42,ensemble,1,11,9e3f598e00375ec93d9b,C=C(C)C(=O)OCCOC(=O)CC(C)=O
42,ensemble,1,12,c4bb286978fe9078a303,C=C(C)C(=O)OCCOC(=O)CC(C)=O
42,ensemble,1,13,ca467c94f14b2219503e,C=C(C)C(=O)OCCOC(=O)CC(C)=O
42,ensemble,1,14,6b5982c6e1bbaadd6a95,C/C(=N\O)c1ccccc1
42,ensemble,1,15,7d406784048b9e313d67,C/C(=N\O)c1ccccc1
42,ensemble,1,16,efe14b6a1dc3741d71ba,C/C(=N\O)c1ccccc1
42,ensemble,1,17,b7cf293311f83700cd9a,OCc1ccc2ccccc2c1
42,ensemble,1,18,48679ae48dd485ffb7a6,COC(=O)C#CC(=O)OC
42,ensemble,1,19,1395836aef00d6a880b0,N#Cc1ccc(C(=O)c2ccccc2)cc1
42,ensemble,1,20,a17bcdddcf0799baeee2,N#Cc1ccc(C(=O)c2ccccc2)cc1
42,ensemble,1,21,58057b7c6f59599617ed,COC(=O)C#CC(=O)OC
42,ensemble,1,22,93f10a8edf06f7acae26,COC(=O)C#CC(=O)OC
42,ensemble,1,23,bc98537714d620facf79,COC(=O)C#CC(=O)OC
42,ensemble,1,24,4862e2fb71344ce16021,O=C(c1ccccc1)c1ccc([N+](=O)[O-])cc1
42,ensemble,1,25,5b706e17e8412d02342f,O=C(c1ccccc1)c1ccc([N+](=O)[O-])cc1
42,ensemble,2,1,0f06772820e6693753e3,c1ccc(-c2ccccn2)cc1
42,ensemble,2,2,35f2be5f5aa14265e8a4,c1ccc(-c2ccccn2)cc1
42,ensemble,2,3,449b809e4efaaf2af86a,c1ccc(-c2ccccn2)cc1
42,ensemble,2,4,434e465cfa7e0034f233,c1ccc(-c2ccccn2)cc1
42,ensemble,2,5,bd2e9fee67bbba1155df,c1ccc(-c2ccccn2)cc1
42,ensemble,2,6,44c8b389a6faf44f1f4c,CC(C=O)Cc1ccc2c(c1)OCO2
42,ensemble,2,7,4d1e1e0eca90a46d77b2,CC(C=O)Cc1ccc2c(c1)OCO2
42,ensemble,2,8,85591a54c419ed02c5f5,CC(C=O)Cc1ccc2c(c1)OCO2
42,ensemble,2,9,b070c3657459c06a4df1,COc1cc(OC)cc(OC)c1
42,ensemble,2,10,ce39d1762993bbbafaca,COc1cc(OC)cc(OC)c1
42,ensemble,2,11,d3047299bd8817ee87dd,COc1cc(OC)cc(OC)c1
42,ensemble,2,12,60f6bc343299a27882d2,Oc1ccc(I)cc1
42,ensemble,2,13,e9e7a737df389d5fcc13,Oc1ccc(I)cc1
42,ensemble,2,14,3f1a96aa336ea0741b5a,CCOC(=O)c1ccc(F)cc1
42,ensemble,2,15,cd7c523e3df961c83524,CCOC(=O)c1ccc(F)cc1
42,ensemble,2,16,df93501912d2cfcfbc41,CCOC(=O)c1ccc(F)cc1
42,ensemble,2,17,7654254c03d9de79740f,O=Cc1ccc2ccccc2c1
42,ensemble,2,18,79362765eb92377a5970,O=Cc1ccc2ccccc2c1
42,ensemble,2,19,8bef7f788af60df5e18a,O=Cc1ccc2ccccc2c1
42,ensemble,2,20,3032c273eee09a2644c3,COc1ccc2ccccc2c1
42,ensemble,2,21,9fde4f980246629c5b0d,COc1ccc2ccccc2c1
42,ensemble,2,22,aa3ac48b626bc54d5dc6,COc1ccc2ccccc2c1
42,ensemble,2,23,4e93e36ab850bab3d594,CC(=O)c1ccc2ccccc2c1
42,ensemble,2,24,8b9ff1a26d840aaa6a49,CC(=O)c1ccc2ccccc2c1
42,ensemble,2,25,c2334ccf8e6788ac6ca2,CC(=O)c1ccc2ccccc2c1
42,ensemble,3,1,0b9a59526d7d4ce5f872,O=C(CC(=O)C(F)(F)F)c1ccc2ccccc2c1
42,ensemble,3,2,483022b02f8329c323ac,O=C(CC(=O)C(F)(F)F)c1ccc2ccccc2c1
42,ensemble,3,3,e9a7d193dc3d83532c1f,O=C(CC(=O)C(F)(F)F)c1ccc2ccccc2c1
42,ensemble,3,4,59b54ad3a60a52cc2b2c,N#Cc1ccc(C(=O)c2ccccc2)cc1
42,ensemble,3,5,a1dc71bed9d8f372c9e5,N#Cc1ccc(C(=O)c2ccccc2)cc1
42,ensemble,3,6,a738b1f204da6fcfd385,N#Cc1ccc(C(=O)c2ccccc2)cc1
42,ensemble,3,7,302e458c5ed2285ca328,COC(=O)c1ccccc1N
42,ensemble,3,8,4e417c41d918e49abba1,N#Cc1ccccc1F
42,ensemble,3,9,741f33ecf2e66f9958fd,N#Cc1ccccc1F
42,ensemble,3,10,fe212637596386c24049,N#Cc1ccccc1F
42,ensemble,3,11,54d9921472c8d46b7b9a,O=C(OCc1ccccc1)c1ccccc1
42,ensemble,3,12,6d07662cb17b795ea5e2,O=C(OCc1ccccc1)c1ccccc1
42,ensemble,3,13,9c74e865c47b45a09229,O=C(OCc1ccccc1)c1ccccc1
42,ensemble,3,14,b0764b94416833704b53,O=C(OCc1ccccc1)c1ccccc1
42,ensemble,3,15,cbedf4ab0af735b39b3a,O=C(OCc1ccccc1)c1ccccc1
42,ensemble,3,16,8f5452ff0e84ab2e2057,OCc1cccc(Br)c1
42,ensemble,3,17,a19f98569910dc7fd6c4,OCc1cccc(Br)c1
42,ensemble,3,18,ff3b6b1069b7d66ad021,OCc1cccc(Br)c1
42,ensemble,3,19,08155ffdcb0d27576050,CCOC(=O)CC(=O)OCC
42,ensemble,3,20,2aa2754666d0f055cb00,CCOC(=O)CC(=O)OCC
42,ensemble,3,21,37c15d90032e66347ed6,CCOC(=O)CC(=O)OCC
42,ensemble,3,22,68ca46900cfea89e5164,CCOC(=O)CC(=O)OCC
42,ensemble,3,23,9c10e0827e86bb3c7681,CCOC(=O)CC(=O)OCC
42,ensemble,3,24,f7d57d8bb988f7016502,CCOC(=O)CC(=O)OCC
42,ensemble,3,25,5524670e4337370c2ef6,CC(=O)c1ccc2c(c1)OCO2
42,ensemble,4,1,95d1d257dfea69f178f8,Oc1ccc(I)cc1
42,ensemble,4,2,486e498e45d084ced568,O=C1c2ccccc2-c2ccccc21
42,ensemble,4,3,76b4150b436d217e5b3e,O=C1c2ccccc2-c2ccccc21
42,ensemble,4,4,e009f41aa23d4c7b3fff,O=C1c2ccccc2-c2ccccc21
42,ensemble,4,5,d54c93a11164b4abac6e,CSc1ccc(C=O)cc1
42,ensemble,4,6,13bfaf03c35b4cff3bd5,OCc1ccc2ccccc2c1
42,ensemble,4,7,7c0c324643799c918828,OCc1ccc2ccccc2c1
42,ensemble,4,8,0007449b058916cdcad1,Brc1ccc2c(c1)OCO2
42,ensemble,4,9,6e800c2cd97dce7ae296,Brc1ccc2c(c1)OCO2
42,ensemble,4,10,b94677e12c4d6aa11d9b,Brc1ccc2c(c1)OCO2
42,ensemble,4,11,55200f8e501a16ffa0cf,CSc1ccc(C(C)=O)cc1
42,ensemble,4,12,105457e008d11073c7b7,COC(=O)Cc1ccc(Br)cc1
42,ensemble,4,13,13f4ada439a309a538b8,COC(=O)Cc1ccc(Br)cc1
42,ensemble,4,14,c7e762106a9ec0d9ea75,COC(=O)Cc1ccc(Br)cc1
42,ensemble,4,15,08ae0e5f727afabf1e71,CCOC(=O)CC(=O)OCC
42,ensemble,4,16,271f829efaeb0b6c03b9,CCOC(=O)CC(=O)OCC
42,ensemble,4,17,4e69d770ec2e35212ede,CCOC(=O)CC(=O)OCC
42,ensemble,4,18,aa65e86ee8638bded5d9,CCOC(=O)CC(=O)OCC
42,ensemble,4,19,ab66de7edad40236ffd5,CCOC(=O)CC(=O)OCC
42,ensemble,4,20,bb9d055d55ded1101079,CCOC(=O)CC(=O)OCC
42,ensemble,4,21,91b6bda771851a5c78ac,OCCc1cccc2ccccc12
42,ensemble,4,22,c973d4c257be9ef08216,OCCc1cccc2ccccc12
42,ensemble,4,23,5f81e2ff4fea8e839c4d,Ic1cccs1
42,ensemble,4,24,6bebc41cc4f55da05d47,Ic1cccs1
42,ensemble,4,25,9e971ba2075fa0b7d8fb,Ic1cccs1
42,ensemble,5,1,0fb4ba3b33f8740a6a8a,CCOC(=O)c1ccc(Cl)cc1
42,ensemble,5,2,19ac0f010c25e2c5360d,CCOC(=O)c1ccc(Cl)cc1
42,ensemble,5,3,6c387793968257d2f169,CCOC(=O)c1ccc(Cl)cc1
42,ensemble,5,4,812adebe27af25dc2242,CCOC(=O)c1ccc(Cl)cc1
42,ensemble,5,5,f159b69487cebc7dcf97,CCOC(=O)c1ccc(Cl)cc1
42,ensemble,5,6,ab49ee9538cdb7f47f70,CCOC(=O)c1ccc(Cl)cc1
42,ensemble,5,7,d15ae6c5a25f630d3055,CCOC(=O)c1ccc(Cl)cc1
42,ensemble,5,8,d9481b0f826e3bfbbb60,CCOC(=O)c1ccc(Cl)cc1
42,ensemble,5,9,e1b9d0166a4779c27067,CCOC(=O)c1ccc(Cl)cc1
42,ensemble,5,10,12aed585647de3f03908,Brc1ccc2occc2c1
42,ensemble,5,11,19e5d078bc0eb8a91e1e,Brc1ccc2occc2c1
42,ensemble,5,12,b6a2baaa0410b39ac474,Brc1ccc2occc2c1
42,ensemble,5,13,129036e0bccc4ff7e848,CC(Br)C(=O)O
42,ensemble,5,14,a8313da6e9c9be0c1636,O=C(CCCCl)c1ccc(F)cc1
42,ensemble,5,15,2d178efe0181baca2bd5,COc1ccc(C=O)cc1
42,ensemble,5,16,419f6eb4080dcb9d293b,O=C(Cc1ccccc1F)C1CC1
42,ensemble,5,17,585d3167bdb0e8cd6b97,CCOC(=O)c1ccc(Cl)cc1
42,ensemble,5,18,b7e013953a302595b447,CCOC(=O)c1ccc(Cl)cc1
42,ensemble,5,19,b819ee3c169e34252d65,CCOC(=O)c1ccc(Cl)cc1
42,ensemble,5,20,51f4126a3aadb3239225,Cc1cccc(C)n1
42,ensemble,5,21,53a9a2469f8d4ead8732,CC(Br)C(=O)O
42,ensemble,5,22,b24f66ff77974f8ba6e1,CC(Br)C(=O)O
42,ensemble,5,23,e6605c23fb1943a6b848,CC(Br)C(=O)O
42,ensemble,5,24,0dccaa29989ef4956786,CC(=O)Oc1ccc(C=O)cc1
42,ensemble,5,25,351c17dfa8f46a8cb40a,CC(=O)Oc1ccc(C=O)cc1
42,ensemble,6,1,b37608f8c4a8ee4b8696,O=C(O)/C=C/c1ccccc1
42,ensemble,6,2,5e45395722fa0dcc1d00,CC(O)CCc1ccccc1
42,ensemble,6,3,beda2205eedbe1688e1f,CC(O)CCc1ccccc1
42,ensemble,6,4,c352863d9fa4a8645481,CC(O)CCc1ccccc1
42,ensemble,6,5,1f40af3483bd97a7dfca,O=C(c1ccccc1)c1ccc(Cl)cc1
42,ensemble,6,6,8e330202a1983cbc02b5,O=C(c1ccccc1)c1ccc(Cl)cc1
42,ensemble,6,7,975d484a29fb5011f336,O=C(c1ccccc1)c1ccc(Cl)cc1
42,ensemble,6,8,60030aa5d07e476f04ec,Cc1ccc(C(=O)c2ccccc2)cc1C
42,ensemble,6,9,9bef8796fc48c4836e6b,Cc1ccc(C(=O)c2ccccc2)cc1C
42,ensemble,6,10,c060c367e4e5bf6955cb,Cc1ccc(C(=O)c2ccccc2)cc1C
42,ensemble,6,11,358461ff3742e78ea3b6,OCCCc1ccccc1
42,ensemble,6,12,73502a52708e4f9c2391,OCCCc1ccccc1
42,ensemble,6,13,1e775e7d8dcbf48fd6f8,O=C(O)/C=C/c1ccccc1
42,ensemble,6,14,1e971da91b3a8229f0e0,O=C(O)/C=C/c1ccccc1
42,ensemble,6,15,5cc67d02b8fad1c648d6,CC(Br)C(=O)O
42,ensemble,6,16,d7bff2b52f60b5fad4bd,CC(Br)C(=O)O
42,ensemble,6,17,fc47eff9bc6b7be6c207,CC(Br)C(=O)O
42,ensemble,6,18,20a5a5008211ea15a65a,CC(=O)c1ccc(I)cc1
42,ensemble,6,19,93d0b949ca6dc0685979,CC(=O)c1ccc(I)cc1
42,ensemble,6,20,a31d24ee8162e1eca101,CC(=O)c1ccc(I)cc1
42,ensemble,6,21,0cf0d36290765378ae8d,COc1ccc(C(=O)c2ccccc2)cc1
42,ensemble,6,22,2d63ab3869184cde52bf,COc1ccc(C(=O)c2ccccc2)cc1
42,ensemble,6,23,c5a12771920c4410d921,COC(=O)c1ccc(C(C)(C)C)cc1
42,ensemble,6,24,96710afeabc594baa359,CCOC(=O)c1cccnc1
42,ensemble,6,25,c76d0420b34df595c0c9,CCOC(=O)c1cccnc1
42,ensemble,7,1,832eaa9c6b2f7a68f2a5,COc1ccc(OC)cc1
42,ensemble,7,2,a47a3987d45e7c542d38,COc1ccc(OC)cc1
42,ensemble,7,3,c6159dcb5802e62284d1,COc1ccc(OC)cc1
42,ensemble,7,4,1cc3b837c6561b1c0a23,C=C(C)C(=O)OCCOC(=O)CC(C)=O
42,ensemble,7,5,5d530b2f228ed39ff952,C=C(C)C(=O)OCCOC(=O)CC(C)=O
42,ensemble,7,6,a421784c91de559c18e0,C=C(C)C(=O)OCCOC(=O)CC(C)=O
42,ensemble,7,7,2dbfdf9c2d5defd09f7a,C=C(C)C(=O)OCCOC(=O)CC(C)=O
42,ensemble,7,8,6573d8f84faaf7ce4a78,C=C(C)C(=O)OCCOC(=O)CC(C)=O
42,ensemble,7,9,74ce463c8423fbd22dc4,C=C(C)C(=O)OCCOC(=O)CC(C)=O
42,ensemble,7,10,9aa141b690ed5878facd,CC(C)=CCC/C(C)=C/C=O
42,ensemble,7,11,d83038f8278f7c0745ee,CC(C)=CCC/C(C)=C/C=O
42,ensemble,7,12,e4202a81051e7245d311,CC(C)=CCC/C(C)=C/C=O
42,ensemble,7,13,1934e3f2ee65da718096,CC(C)=CCC/C(C)=C/C=O
42,ensemble,7,14,23dcf709250c2a40f363,CC(C)=CCC/C(C)=C/C=O
42,ensemble,7,15,59bbda2fab97a5d45827,CC(C)=CCC/C(C)=C/C=O
42,ensemble,7,16,2cfa393cb79664e100ce,COCCOC(=O)CC(C)=O
42,ensemble,7,17,c6924324ddd95f249df6,COCCOC(=O)CC(C)=O
42,ensemble,7,18,d1172a49fca1e196a59f,COCCOC(=O)CC(C)=O
42,ensemble,7,19,52b9af4df1f1e7cd4d9b,COc1ccccc1C(C)=O
42,ensemble,7,20,a3ae677aae8a8faf5786,COc1ccccc1C(C)=O
42,ensemble,7,21,c82167c626a1495ef750,COc1ccccc1C(C)=O
42,ensemble,7,22,b1801204c2c4a34a9278,COc1ccc(C=O)c(O)c1
42,ensemble,7,23,d9c8c8af50a10bf07765,COc1ccc(C=O)c(O)c1
42,ensemble,7,24,fe1a34b5975943e8f292,COc1ccc(C=O)c(O)c1
42,ensemble,7,25,050e2fab4b407ea058cb,CC(=O)Oc1ccc(C=O)cc1
42,ensemble,8,1,122fbec0df9ecf1c5d89,COc1ccc(C(C)=O)cc1
42,ensemble,8,2,24a9086a8e2c8015c232,COc1ccc(C=O)cc1
42,ensemble,8,3,fc27fa779102c4aeb8ab,COc1ccc(C=O)cc1
42,ensemble,8,4,3b2c663a28a9f32bd1d3,CC(=O)c1ccc([N+](=O)[O-])cc1
42,ensemble,8,5,606886b17304ec494aa0,CC(=O)c1ccc([N+](=O)[O-])cc1
42,ensemble,8,6,b6f1b33a5491968c645e,CC(=O)c1ccc([N+](=O)[O-])cc1
42,ensemble,8,7,30970941542856ce8eb1,CC(C)=CCC/C(C)=C/C=O
42,ensemble,8,8,4ec77f604fa08f281ef7,CC(C)=CCC/C(C)=C/C=O
42,ensemble,8,9,87d4aa727f2254c554ac,CC(C)=CCC/C(C)=C/C=O
42,ensemble,8,10,13ba7659fc6b864608f8,Oc1ccc(OC(F)(F)F)cc1
42,ensemble,8,11,80f546c47198fa7c6dbf,Oc1ccc(OC(F)(F)F)cc1
42,ensemble,8,12,6e17f8e15aa8fdd6a9ea,CC(C)=CCC/C(C)=C/C=O
42,ensemble,8,13,c5b88ffca991e883ab64,CC(C)=CCC/C(C)=C/C=O
42,ensemble,8,14,f7f0c7d2b8250e0e304f,CC(C)=CCC/C(C)=C/C=O
42,ensemble,8,15,e5c683a60b64d9cc299c,O=Cc1ccc(C=O)cc1
42,ensemble,8,16,e76b02e4aa682c4153d0,O=Cc1ccc(C=O)cc1
42,ensemble,8,17,ea9c116dcd66aca4039c,O=Cc1ccc(C=O)cc1
42,ensemble,8,18,660a7ad5a1b46e40ee6b,COc1cc(OC)cc(OC)c1
42,ensemble,8,19,815afa4c05f8c4e7ef9c,COc1cc(OC)cc(OC)c1
42,ensemble,8,20,8d48112406e3064efdbc,COc1cc(OC)cc(OC)c1
42,ensemble,8,21,38e6b8bf0f089fcadd80,CC(=O)c1ccc([N+](=O)[O-])cc1
42,ensemble,8,22,488727f2d41859d1ac45,CC(=O)c1ccc([N+](=O)[O-])cc1
42,ensemble,8,23,9ae9c8b491a04e429a11,CC(=O)c1ccc([N+](=O)[O-])cc1
42,ensemble,8,24,7954bf73f74c7fbcecb2,OCCc1cccc2ccccc12
42,ensemble,8,25,e8f592c469b2f3c136d8,OCCc1cccc2ccccc12
42,hybrid,1,1,70cba7a21b5a01fb8e73,c1ccc(CNCc2ccccc2)cc1
42,hybrid,1,2,b7cf293311f83700cd9a,OCc1ccc2ccccc2c1
42,hybrid,1,3,d5234e966aa231be05e5,c1ccc(CNCc2ccccc2)cc1
42,hybrid,1,4,35f2be5f5aa14265e8a4,c1ccc(-c2ccccn2)cc1
42,hybrid,1,5,efd84dffe823b6298db6,C/C(=N\O)c1ccccc1
42,hybrid,1,6,b514312eda7950cdcf1c,O=C(c1ccccc1)c1ccc([N+](=O)[O-])cc1
42,hybrid,1,7,0c5c35afb3a24375c153,O=C(c1ccccc1)c1cccc(C(=O)c2ccccc2)c1
42,hybrid,1,8,5e276c1730fc0a9deba7,O=C(c1ccccc1)c1ccc([N+](=O)[O-])cc1
42,hybrid,1,9,832eaa9c6b2f7a68f2a5,COc1ccc(OC)cc1
42,hybrid,1,10,1395836aef00d6a880b0,N#Cc1ccc(C(=O)c2ccccc2)cc1
42,hybrid,1,11,d119d77f545c029deace,c1ccc(-c2ccccn2)cc1
42,hybrid,1,12,fe1a34b5975943e8f292,COc1ccc(C=O)c(O)c1
42,hybrid,1,13,68c511d842fc030aa84b,C=CC(=O)OCCCCCCCCCCCC
42,hybrid,1,14,79cb1738d945317e5bfa,C/C(=N\O)c1ccccc1
42,hybrid,1,15,855456da9ea892f7216b,O=C(c1ccccc1)c1cccc(C(=O)c2ccccc2)c1
42,hybrid,1,16,80f546c47198fa7c6dbf,Oc1ccc(OC(F)(F)F)cc1
42,hybrid,1,17,1e775e7d8dcbf48fd6f8,O=C(O)/C=C/c1ccccc1
42,hybrid,1,18,c76d0420b34df595c0c9,CCOC(=O)c1cccnc1
42,hybrid,1,19,d1e922c04dbd0c9f6c06,CC(=O)c1ccc2c(c1)Cc1ccccc1-2
42,hybrid,1,20,292e0342682192a69fce,c1ccc(-c2ccccn2)cc1
42,hybrid,1,21,7c0c324643799c918828,OCc1ccc2ccccc2c1
42,hybrid,1,22,30970941542856ce8eb1,CC(C)=CCC/C(C)=C/C=O
42,hybrid,1,23,a1dc71bed9d8f372c9e5,N#Cc1ccc(C(=O)c2ccccc2)cc1
42,hybrid,1,24,8f5452ff0e84ab2e2057,OCc1cccc(Br)c1
42,hybrid,1,25,0054790b9c9f40026ebe,C1=Cc2ccccc2C1
42,hybrid,2,1,33fe75ab7a516644119f,C=CC(=O)O[C@@H]1C[C@H]2CC[C@]1(C)C2(C)C
42,hybrid,2,2,f90a5a5a54509c085ebd,O=C(O)/C=C/c1ccccc1
42,hybrid,2,3,e9a7d193dc3d83532c1f,O=C(CC(=O)C(F)(F)F)c1ccc2ccccc2c1
42,hybrid,2,4,434e465cfa7e0034f233,c1ccc(-c2ccccn2)cc1
42,hybrid,2,5,9e6c69af6f5142faa049,COc1ccc(CCO)cc1
42,hybrid,2,6,486e498e45d084ced568,O=C1c2ccccc2-c2ccccc21
42,hybrid,2,7,776ee2c1e85ebde75168,COc1ccc(CCO)cc1
42,hybrid,2,8,66454b90cefcad2e4125,Fc1cc(F)c(F)c(F)c1F
42,hybrid,2,9,ca467c94f14b2219503e,C=C(C)C(=O)OCCOC(=O)CC(C)=O
42,hybrid,2,10,18a189c89f59ac1d5a9f,c1ccc(CNCc2ccccc2)cc1
42,hybrid,2,11,6998dee6f6e69401798a,CC(=O)c1ccc(F)cc1
42,hybrid,2,12,8e7636d7a60a6058305a,CCOC(=O)/C=C(/C)N
42,hybrid,2,13,e12edd0198c0d750ecd5,N#Cc1cccc(N)c1
42,hybrid,2,14,5d450444eb031c873584,O=C(c1ccccc1)c1cccc(C(=O)c2ccccc2)c1
42,hybrid,2,15,51f4126a3aadb3239225,Cc1cccc(C)n1
42,hybrid,2,16,9ddc2e8babb52ee8e772,O=S(c1ccccc1)c1ccccc1
42,hybrid,2,17,95d1d257dfea69f178f8,Oc1ccc(I)cc1
42,hybrid,2,18,8e330202a1983cbc02b5,O=C(c1ccccc1)c1ccc(Cl)cc1
42,hybrid,2,19,741f33ecf2e66f9958fd,N#Cc1ccccc1F
42,hybrid,2,20,4e93e36ab850bab3d594,CC(=O)c1ccc2ccccc2c1
42,hybrid,2,21,3b2c663a28a9f32bd1d3,CC(=O)c1ccc([N+](=O)[O-])cc1
42,hybrid,2,22,c9e08e156472783dee4e,O=C1c2ccccc2-c2ccccc21
42,hybrid,2,23,d22eb7805d90b684e45f,CC(C)(C)OCl
42,hybrid,2,24,a0d6732883ffc7d063fb,COc1ccc(C=O)c(O)c1
42,hybrid,2,25,0296d31e8c2e55602a19,CC(C)c1ccccc1O
42,hybrid,3,1,e4202a81051e7245d311,CC(C)=CCC/C(C)=C/C=O
42,hybrid,3,2,5a7a5139767fda9f7e9a,Oc1ccc(I)cc1
42,hybrid,3,3,97318de99bab4460cf4e,O=[N+]([O-])c1ccc(CCO)cc1
42,hybrid,3,4,4466eabae9624380fbc6,O=C(c1ccccc1)c1ccc([N+](=O)[O-])cc1
42,hybrid,3,5,6f548d72f01fc85debdc,Cc1cccc(C)n1
42,hybrid,3,6,129036e0bccc4ff7e848,CC(Br)C(=O)O
42,hybrid,3,7,8db24ae10df4095ada47,O=C(CC(=O)c1ccccc1)c1ccccc1
42,hybrid,3,8,3f6b817d855e67b3b406,O=C(/C=C/c1ccccc1)/C=C/c1ccccc1
42,hybrid,3,9,e947f47c9e991c7add4c,O=C(CC(=O)C(F)(F)F)c1ccccc1
42,hybrid,3,10,df6457ca86c98c073bf6,O=Cc1ccc([N+](=O)[O-])cc1
42,hybrid,3,11,3c1875eb669056c6c621,CC(=O)c1ccc2c(c1)Cc1ccccc1-2
42,hybrid,3,12,b3d9bb5afa82b99f2a11,CC(=O)c1ccc(C#N)cc1
42,hybrid,3,13,f9a0fbbcf2f61d3843a5,N#Cc1ccc(N)cc1
42,hybrid,3,14,1c1d7ff3d6c495744916,Oc1ccc(I)cc1
42,hybrid,3,15,7bde1bbf34aba54ccfef,CC1(C)OB(c2ccc(F)cc2)OC1(C)C
42,hybrid,3,16,3fe8b9db9fbe9d0dedc4,Oc1ccc(I)cc1
42,hybrid,3,17,e9e7a737df389d5fcc13,Oc1ccc(I)cc1
42,hybrid,3,18,bc62be727bf6ded3d86e,Oc1ccc(I)cc1
42,hybrid,3,19,a7e095123d7186e83bbb,O=S(c1ccccc1)c1ccccc1
42,hybrid,3,20,cb729a03dac0230812b1,O=C(/C=C/c1ccccc1)/C=C/c1ccccc1
42,hybrid,3,21,37c15d90032e66347ed6,CCOC(=O)CC(=O)OCC
42,hybrid,3,22,48679ae48dd485ffb7a6,COC(=O)C#CC(=O)OC
42,hybrid,3,23,b37608f8c4a8ee4b8696,O=C(O)/C=C/c1ccccc1
42,hybrid,3,24,19229d505f75d05a0bcb,CC(C)(O)CCc1ccccc1
42,hybrid,3,25,c9bef93a79964dc6ede1,O=C(/C=C/c1ccccc1)/C=C/c1ccccc1
42,hybrid,4,1,9a32b65bc21fdc5f7286,O=C(O)/C=C/c1ccccc1
42,hybrid,4,2,1cc3b837c6561b1c0a23,C=C(C)C(=O)OCCOC(=O)CC(C)=O
42,hybrid,4,3,8ab554cd154e9749790b,O=Cc1ccccc1[N+](=O)[O-]
42,hybrid,4,4,16cee53cbe16b60fb395,BrC(=C(c1ccccc1)c1ccccc1)c1ccccc1
42,hybrid,4,5,f7f0c7d2b8250e0e304f,CC(C)=CCC/C(C)=C/C=O
42,hybrid,4,6,3b54dfb5158b47f3c0f5,CCOC(=O)CC(=O)OCC
42,hybrid,4,7,034aaf7715b5ec8bd7ee,CCOC(=O)CC(=O)OCC
42,hybrid,4,8,29b39881584c4fec1c58,Oc1ccc(OC(F)(F)F)cc1
42,hybrid,4,9,a5446977630484ca5fe1,Cc1ccc(CO)cc1
42,hybrid,4,10,74ce463c8423fbd22dc4,C=C(C)C(=O)OCCOC(=O)CC(C)=O
42,hybrid,4,11,44c8b389a6faf44f1f4c,CC(C=O)Cc1ccc2c(c1)OCO2
42,hybrid,4,12,302e458c5ed2285ca328,COC(=O)c1ccccc1N
42,hybrid,4,13,a7906197994af5c86745,OCc1cccc(Br)c1
42,hybrid,4,14,45a1b11ae63f2dab2e48,OCCCc1ccccc1
42,hybrid,4,15,baae4c016e087caeda81,O=Cc1ccc([N+](=O)[O-])cc1
42,hybrid,4,16,59192e4170140e48acdd,C=CC(=O)O[C@@H]1C[C@H]2CC[C@]1(C)C2(C)C
42,hybrid,4,17,cd7c523e3df961c83524,CCOC(=O)c1ccc(F)cc1
42,hybrid,4,18,cd33bc1895c4acb28189,CC(Br)C(=O)O
42,hybrid,4,19,002ce3d7c637632f0ebe,BrC(=C(c1ccccc1)c1ccccc1)c1ccccc1
42,hybrid,4,20,22f82413c75481d74e9b,CCOC(=O)c1cccnc1
42,hybrid,4,21,d2472f692763fd970d64,CCOC(=O)/C=C(/C)N
42,hybrid,4,22,5f81e2ff4fea8e839c4d,Ic1cccs1
42,hybrid,4,23,cdf40bcb3f4392f8d7d1,OCc1ccc2ccccc2c1
42,hybrid,4,24,9f362bfe1dab6e9eac3d,CCCC(=O)c1ccc(-c2ccccc2)cc1
42,hybrid,4,25,b7fffd840d208b29776c,O=C(/C=C/c1ccccc1)/C=C/c1ccccc1
42,hybrid,5,1,aef5cafc63ca445e92fa,O=C(c1ccccc1)c1ccc([N+](=O)[O-])cc1
42,hybrid,5,2,3774a4dac6dd0f01d48d,N#Cc1cccc(N)c1
42,hybrid,5,3,d3047299bd8817ee87dd,COc1cc(OC)cc(OC)c1
42,hybrid,5,4,f5d802ca42b1a7226fc0,CC(C=O)Cc1ccc2c(c1)OCO2
42,hybrid,5,5,12aed585647de3f03908,Brc1ccc2occc2c1
42,hybrid,5,6,c3168d5c44857ef4c782,FC(F)(F)Oc1ccc(I)cc1
42,hybrid,5,7,3fc05dc2025715e68174,CC(=O)CC(=O)OC(C)(C)C
42,hybrid,5,8,a6a0404c3ad65c6d9326,CC(=O)c1ccc2c(c1)OCO2
42,hybrid,5,9,97297c71a28a2ccbdeeb,C=CC(=O)OCCN(CC)CC
42,hybrid,5,10,eb3bc3fba39e57adbc2f,CCOC(=O)C(Cc1ccccc1)C(C)=O
42,hybrid,5,11,61da71e94577a4d66028,Brc1cc2ccccc2c2ccccc12
42,hybrid,5,12,5dd7416efdd0bd156d61,COc1ccc(CCO)cc1
42,hybrid,5,13,9bc73e0c27d4d6b44abb,CCOC(=O)c1ccc(N)cc1
42,hybrid,5,14,73502a52708e4f9c2391,OCCCc1ccccc1
42,hybrid,5,15,192516b3cc0500ef715b,C=CC(=O)OCCCCCCCCCCCC
42,hybrid,5,16,81507d463506a9e65e73,C=C(C)C(=O)OCCOC(=O)CC(C)=O
42,hybrid,5,17,d824f03d11ae777a2d00,CC(=O)c1ccc2c(c1)OCO2
42,hybrid,5,18,0007449b058916cdcad1,Brc1ccc2c(c1)OCO2
42,hybrid,5,19,0634486d18ed767b5150,C/C(=N\O)c1ccccc1
42,hybrid,5,20,619663c2b3ffb3a6c497,O=Cc1ccccc1O
42,hybrid,5,21,e76b02e4aa682c4153d0,O=Cc1ccc(C=O)cc1
42,hybrid,5,22,9fb05d784e7952bd4741,c1ccc(-c2ccccn2)cc1
42,hybrid,5,23,9c74e865c47b45a09229,O=C(OCc1ccccc1)c1ccccc1
42,hybrid,5,24,d5b6201c7690d729361c,Ic1ccc(I)cc1
42,hybrid,5,25,7394fdb0a8cd53255d4a,CC(=O)CC(=O)OC(C)(C)C
42,hybrid,6,1,425fe9dfe0c3f345460b,CCOC(=O)C(Cc1ccccc1)C(C)=O
42,hybrid,6,2,73771d4752cdcd04a023,FC(F)(F)c1cc(Br)cc(C(F)(F)F)c1
42,hybrid,6,3,76643e968ecc935c745c,O=C(c1ccccc1)c1ccc([N+](=O)[O-])cc1
42,hybrid,6,4,9249ed2c527f70995033,CCOC(=O)C(C(=O)OCC)c1ccccc1
42,hybrid,6,5,beda2205eedbe1688e1f,CC(O)CCc1ccccc1
42,hybrid,6,6,ebf38d80f4c5674cf120,c1ccc(CNCc2ccccc2)cc1
42,hybrid,6,7,9948433906d4afa41345,O=C1c2ccccc2-c2ccccc21
42,hybrid,6,8,2d178efe0181baca2bd5,COc1ccc(C=O)cc1
42,hybrid,6,9,9845fd896eb72b0e149f,CC(=O)Oc1ccc(C=O)cc1
42,hybrid,6,10,3d4f7f7de9025ed645c9,COC(=O)C#CC(=O)OC
42,hybrid,6,11,45bb99d82b5875a5c5b6,CC(=O)c1ccc([N+](=O)[O-])cc1
42,hybrid,6,12,d54c93a11164b4abac6e,CSc1ccc(C=O)cc1
42,hybrid,6,13,a4fc5d66da363324e2bf,OCc1ccc2ccccc2c1
42,hybrid,6,14,90b3c5f660655ce09ddf,O=C(c1ccccc1)C1CCCCC1
42,hybrid,6,15,03990d0d818a066d09b6,COc1ccc(C(C)=O)cc1
42,hybrid,6,16,122fbec0df9ecf1c5d89,COc1ccc(C(C)=O)cc1
42,hybrid,6,17,ffc70e28db22d1cc1f3f,COC(=O)CC(=O)C1CC1
42,hybrid,6,18,f7e3bf988bd0e1b9f58b,Oc1ccc(OC(F)(F)F)cc1
42,hybrid,6,19,c06e784aecc76cea9d63,Oc1ccc(OC(F)(F)F)cc1
42,hybrid,6,20,60b7eed7a46a03b366b2,COCCOC(=O)CC(C)=O
42,hybrid,6,21,8cdde884333140be60cb,O=CCCc1ccccc1
42,hybrid,6,22,4c46ceefd6147b1e0a7a,CSc1ccc(C=O)cc1
42,hybrid,6,23,7654254c03d9de79740f,O=Cc1ccc2ccccc2c1
42,hybrid,6,24,58394a71418a9623e18a,N#Cc1ccc(C(=O)c2ccccc2)cc1
42,hybrid,6,25,96ab5d3f34bf46cba8c0,c1ccc(COCc2ccccc2)cc1
42,hybrid,7,1,741e52b1633ebf2743f3,O=S(c1ccccc1)c1ccccc1
42,hybrid,7,2,2635b25bb3c1c37f3b74,CCOC(=O)C(C(=O)OCC)c1ccccc1
42,hybrid,7,3,fc27fa779102c4aeb8ab,COc1ccc(C=O)cc1
42,hybrid,7,4,a0507e669c939a982dd3,BrC(=C(c1ccccc1)c1ccccc1)c1ccccc1
42,hybrid,7,5,327064e6ca2c38d79d76,CC(=O)CC(=O)OC(C)(C)C
42,hybrid,7,6,714004602e6452764d9a,O=S(c1ccccc1)c1ccccc1
42,hybrid,7,7,1f85bb83729347f5b0bb,CCOC(=O)Cc1ccccc1
42,hybrid,7,8,25b1f8000dd22874bb29,COC(=O)c1ccc(CBr)cc1
42,hybrid,7,9,c3feac62808af7335473,Brc1cc(-c2ccccc2)cc(-c2ccccc2)c1
42,hybrid,7,10,c0094343ab6bb16bc58b,O=Cc1ccc2c(c1)CCO2
42,hybrid,7,11,419f6eb4080dcb9d293b,O=C(Cc1ccccc1F)C1CC1
42,hybrid,7,12,c827119f3e13a7eab121,COC(=O)C(C)(C)Br
42,hybrid,7,13,2cfa393cb79664e100ce,COCCOC(=O)CC(C)=O
42,hybrid,7,14,91b6bda771851a5c78ac,OCCc1cccc2ccccc12
42,hybrid,7,15,e6dcf9d6f65fa598a38e,CCOC(=O)/C=C/c1ccccc1
42,hybrid,7,16,f4331eb64b6774466836,CSc1ccc(C=O)cc1
42,hybrid,7,17,7e834c7b870ef7024d35,COc1ccc(C=O)c(O)c1
42,hybrid,7,18,93d0b949ca6dc0685979,CC(=O)c1ccc(I)cc1
42,hybrid,7,19,bef8e35136c28810eb6b,O=[N+]([O-])c1cccc(Br)c1
42,hybrid,7,20,96e2b82e29c0b5205628,N#Cc1ccccc1Br
42,hybrid,7,21,bc3692f55b839d2f2c07,O=C1c2ccccc2-c2ccccc21
42,hybrid,7,22,4ee22742c686bdbb1cb9,COc1ccc(CO)cc1
42,hybrid,7,23,ac7b6da4fe0aa688137b,C=CC(=O)OCC(F)(F)F
42,hybrid,7,24,cac9ff0c40665baf313f,COc1ccc(C=O)c(O)c1
42,hybrid,7,25,3032c273eee09a2644c3,COc1ccc2ccccc2c1
42,hybrid,8,1,634f21e11a8442494ce3,O=C(c1ccccc1)c1cccc(C(=O)c2ccccc2)c1
42,hybrid,8,2,488727f2d41859d1ac45,CC(=O)c1ccc([N+](=O)[O-])cc1
42,hybrid,8,3,bef81d4dd93af26c12a9,O=C(c1ccccc1)c1ccc([N+](=O)[O-])cc1
42,hybrid,8,4,660b9817e57d6cbe989d,C(=C/c1ccccc1)\c1ccccc1
42,hybrid,8,5,ade362756cf5f89aea03,OC1(c2ccccc2)CCCCC1
42,hybrid,8,6,18027828dc8e021e6926,C=CC(=O)OCC(CC)CCCC
42,hybrid,8,7,8caaa3c9c24903be7feb,C=CC(=O)OCC(F)(F)F
42,hybrid,8,8,075c4b8bd77f0a8b34bc,CC(=O)c1ccc(N)cc1
42,hybrid,8,9,61aca51ad135176924ec,O=Cc1ccccc1O
42,hybrid,8,10,d86448c8f5aaa8ebcf7f,COC(=O)C(C)(C)Br
42,hybrid,8,11,3163a9b58f1a52a1992c,O=C1CCc2ccccc2O1
42,hybrid,8,12,1d69b62112cfd5846e0a,O=Cc1ccc2ccccc2c1
42,hybrid,8,13,5df546d9e2f2a29dfc89,O=C(/C=C/c1ccccc1)/C=C/c1ccccc1
42,hybrid,8,14,6c79b254471fec29c482,COC(=O)Cc1cccc2ccccc12
42,hybrid,8,15,8d018e521e8e6bbc53c2,COC(=O)CC(C)=O
42,hybrid,8,16,246a1d68ed2f87de7d1f,O=C(OCc1ccccc1)c1ccccc1
42,hybrid,8,17,309a91add8b07c02e65b,C=CC(=O)OCCN(CC)CC
42,hybrid,8,18,efba7e70f4e46055398b,OCCCc1ccccc1
42,hybrid,8,19,bae5bd53214695aed5b8,O=Cc1cc(C(F)(F)F)ccc1Br
42,hybrid,8,20,4d3b1628cd2311585f50,CCOC(=O)c1ccc(N)cc1
42,hybrid,8,21,18186b5d6cc190fc07a3,CCOC(=O)c1ccccc1N
42,hybrid,8,22,8950945e8ef1b80f8d42,ClCCc1ccccc1
42,hybrid,8,23,1a382a7d3a13ed7fb28f,CC(=O)c1ccc2ccccc2c1
42,hybrid,8,24,4d3dddb7f2bd6bdeb5ea,COC(=O)Cc1cccc2ccccc12
42,hybrid,8,25,55200f8e501a16ffa0cf,CSc1ccc(C(C)=O)cc1
42,random,1,1,2df9d2f88ac69c5229e5,Brc1cc2ccccc2c2ccccc12
42,random,1,2,cd3c75eca39365e943e4,Fc1cc(F)c(F)c(F)c1F
42,random,1,3,fc1bce3cffd86cabf1e3,C=CC(=O)OCCOc1ccccc1
42,random,1,4,81b74453706c54b13031,Cc1ccc(Cl)cc1Br
42,random,1,5,5dfa7a7352e7a66c29e6,CCOC(=O)Cc1ccccc1
42,random,1,6,0a2dd1ad79e8b22ab734,Brc1ccc2occc2c1
42,random,1,7,8a822ff1d8dbfc293743,Cc1ccc(I)c(C)c1
42,random,1,8,b8268449dc991ce92f3d,COc1ccc(C(=O)c2ccccc2)cc1
42,random,1,9,2490762d0471bbb9cc9f,O=Cc1c(Br)cccc1Br
42,random,1,10,3d4f7f7de9025ed645c9,COC(=O)C#CC(=O)OC
42,random,1,11,68ca46900cfea89e5164,CCOC(=O)CC(=O)OCC
42,random,1,12,059f6c0a20aabe8124a1,CC(=O)c1ccc2ccccc2c1
42,random,1,13,aa52d57a36f627ec591a,c1ccc(-c2ccccc2)cc1
42,random,1,14,f8028bf0ec908b7a6251,COc1ccc(Br)c(CBr)c1
42,random,1,15,eb798a5ccfb1f429a724,CCOC(=O)/C=C(/C)N
42,random,1,16,fe81eae9ca771781c285,Brc1ccc2c(c1)OCO2
42,random,1,17,e55976e878649a1c45c4,COc1ccc(OC)cc1
42,random,1,18,5524670e4337370c2ef6,CC(=O)c1ccc2c(c1)OCO2
42,random,1,19,a64d40ac128465d2bb6f,COc1cc(OC)cc(OC)c1
42,random,1,20,6f3318dd8909f20a1177,O=C(CC(=O)c1ccccc1)c1ccccc1
42,random,1,21,ddf2f769007f3d9f75fd,O=C(CC(=O)C(F)(F)F)c1ccccc1
42,random,1,22,209779f51b9585f75215,CC(=O)c1ccc(Br)cc1
42,random,1,23,3e75262e7afda8b7f54b,CC(C)(C)c1cc(C=O)cc(C(C)(C)C)c1
42,random,1,24,9ea628a740f0855c4dbe,CC(=O)CC(=O)OC(C)(C)C
42,random,1,25,a17bcdddcf0799baeee2,N#Cc1ccc(C(=O)c2ccccc2)cc1
42,random,2,1,96840797cfdea44e1467,C=CC(=O)O[C@@H]1C[C@H]2CC[C@]1(C)C2(C)C
42,random,2,2,97297c71a28a2ccbdeeb,C=CC(=O)OCCN(CC)CC
42,random,2,3,cace6f00c46aea69fe39,CC(=O)c1ccc2c(c1)Cc1ccccc1-2
42,random,2,4,cc27ac69eb6c0c29f26f,O=C(c1ccccc1)c1ccc(Cl)cc1
42,random,2,5,b31fd6bd7ae30c540bd7,Ic1cccs1
42,random,2,6,638920730c17fcaca9ca,COc1ccccc1
42,random,2,7,4e01d606b216ecddf09c,C(=C/c1ccccc1)\c1ccccc1
42,random,2,8,4b39568fb3ff725fec83,CCOC(=O)c1ccccc1N
42,random,2,9,e71bdbb1d06ba82dc4cc,Oc1ccc(I)cc1
42,random,2,10,0120f093f01a659610ef,CC(C)c1ccccc1O
42,random,2,11,fe649dc2df825d5a80da,COC(=O)c1ccccc1O
42,random,2,12,5dd0bf9c0adf9297859a,O=CCCc1ccccc1
42,random,2,13,91cd087e44e7a3364533,CSc1ccc(C(C)=O)cc1
42,random,2,14,73a35f890e678b320073,O=C1CCCc2ccccc21
42,random,2,15,483022b02f8329c323ac,O=C(CC(=O)C(F)(F)F)c1ccc2ccccc2c1
42,random,2,16,29b2750406e976da394c,CCOC(=O)CC(=O)OCC
42,random,2,17,f6c102ca5ca4e84b1d90,CC(=O)c1ccccc1C
42,random,2,18,f7353ba4b29462995f17,CCCCC(=O)c1ccccc1
42,random,2,19,bc98537714d620facf79,COC(=O)C#CC(=O)OC
42,random,2,20,2928443b881ac6713786,C=CC(=O)O[C@@H]1C[C@H]2CC[C@]1(C)C2(C)C
42,random,2,21,6e07556df6bb6e9df96e,O=[N+]([O-])c1ccc(CCO)cc1
42,random,2,22,5da8c25a3982216fb112,O=[N+]([O-])c1ccc(CCO)cc1
42,random,2,23,8a7128aa11d212918ef5,Brc1ccc2ccccc2c1
42,random,2,24,47046691058568380f85,Cc1cccc(C=O)c1
42,random,2,25,1194ed3b17f8c39d6111,O=Cc1ccc2ccccc2c1
42,random,3,1,89b6013d19ba95312c59,CCOC(=O)c1ccc(Cl)cc1
42,random,3,2,25fcfe22a4504f391482,COC(=O)Cc1cccc2ccccc12
42,random,3,3,778473c0f5d36fbe8069,N#Cc1ccccc1Br
42,random,3,4,ba886a8f0a4af3f92d70,CCC(O)c1ccccc1
42,random,3,5,15bcb5407f1b98aa7a7c,CC(=O)c1ccccc1Br
42,random,3,6,01ceffc28813fe71d8bc,FC(F)(F)Oc1ccc(I)c(Br)c1
42,random,3,7,65f6e8326897810ec715,CC(=O)c1ccc([N+](=O)[O-])cc1
42,random,3,8,4e93e36ab850bab3d594,CC(=O)c1ccc2ccccc2c1
42,random,3,9,cfaabf6bb144f1603460,FC(F)(F)c1cc(Br)cc(C(F)(F)F)c1
42,random,3,10,cd7c523e3df961c83524,CCOC(=O)c1ccc(F)cc1
42,random,3,11,74ce463c8423fbd22dc4,C=C(C)C(=O)OCCOC(=O)CC(C)=O
42,random,3,12,75f2fe316efd384a6327,Brc1ccc2occc2c1
42,random,3,13,3643494945d3b2d265bb,C=CC(=O)OCCOc1ccccc1
42,random,3,14,1dda86956e91857c34e1,COC(=O)c1ccccc1N
42,random,3,15,dff32382a195c5399175,O=Cc1cc(C(F)(F)F)ccc1Br
42,random,3,16,c496cacfd9e40e5e6f71,CCOC(=O)/C=C/c1ccccc1
42,random,3,17,95c38850fe1789c7efcc,FC(F)(F)Oc1ccccc1I
42,random,3,18,bd3f212c1910e0de6b6e,Oc1ccc(I)cc1
42,random,3,19,8b59c86480a0a3337c63,CC(C)c1ccc(Br)cc1
42,random,3,20,5d9905b2a51a5954c8f2,Cc1ccc(I)c(C)c1
42,random,3,21,adf7fdfc67d09b71d6c3,c1ccc(Cc2ccccc2)cc1
42,random,3,22,122fbec0df9ecf1c5d89,COc1ccc(C(C)=O)cc1
42,random,3,23,7298196b422df81a274a,Cc1ccc(Cl)cc1Br
42,random,3,24,9a99e869cff4f47ba58c,C=CC(=O)OCc1ccccc1
42,random,3,25,9b0471d6cc25cd63be83,COc1cc(F)cc(Br)c1
42,random,4,1,b6360e1ecf9f6780ce92,Cc1ccc(Cl)cc1Br
42,random,4,2,70714ec13048a5060224,c1ccc(-c2ccccn2)cc1
42,random,4,3,3d473593f8a917401398,FC(F)(F)Oc1ccccc1I
42,random,4,4,0e74da1f30505a8699c4,O=Cc1ccccc1O
42,random,4,5,06906310911a5a7509dd,c1ccc(Cc2ccccc2)cc1
42,random,4,6,e41d3fe370d4a57960e2,O=C(CCCCl)c1ccc(F)cc1
42,random,4,7,8c5919c128847d433188,CC(C=O)Cc1ccc2c(c1)OCO2
42,random,4,8,ad5ca8ee584c00ac0187,FC(F)(F)Oc1ccccc1I
42,random,4,9,d16128891be713f0643d,O=C(OCc1ccccc1)c1ccccc1
42,random,4,10,a461d15b45edb356d2da,CCOC(=O)/C=C(/C)N
42,random,4,11,c83a41bbaa66a83e1647,CC(C)C(=O)c1ccccc1
42,random,4,12,c8dd55f564273cf0c058,CCCCCCC(=O)c1ccccc1
42,random,4,13,34a9b815565879eeb8c1,Brc1ccccc1-c1ccccc1
42,random,4,14,4c32851430464f0ed684,COc1cccc(OC)c1C=O
42,random,4,15,0ae541927703401945de,COc1cc(OC)cc(OC)c1
42,random,4,16,af7d7a4a3b2da27cada0,CCOC(=O)CC(C)=O
42,random,4,17,1bbe54f338c46ca5373a,CC(=O)c1ccccc1
42,random,4,18,45e24a16b44a89653e4b,COC(=O)CC(C)=O
42,random,4,19,a2c9096e1ec2e5c244d6,CCOC(=O)/C=C(/C)N
42,random,4,20,a5583432158c4e0d0cbb,COc1ccc(C(=O)c2ccccc2)cc1
42,random,4,21,c1050421bf89c585cb4c,C=CC(=O)OCCCCCCCCCCCC
42,random,4,22,53280227ec79d55f1912,CCC(O)c1ccccc1
42,random,4,23,c63dec7fc76d8e529022,C=CC(=O)OCCCCCCCCCCCC
42,random,4,24,290e3b1b716d87069937,O=C(CCCl)c1ccccc1
42,random,4,25,1b4be0410f927930d56e,Oc1ccc(OC(F)(F)F)cc1
42,random,5,1,1cd689559e4c7cce7e1e,CC(=O)c1ccc([N+](=O)[O-])cc1
42,random,5,2,00115fe52c86d3614129,CC(C)(C)OCl
42,random,5,3,bee82d193ec1ce4fde27,CCOC(=O)CC(=O)c1ccccc1
42,random,5,4,9080bab87590c8139195,COc1ccc(Br)c(CBr)c1
42,random,5,5,20a3e65ac978c57b9f94,O=Cc1c(Br)cccc1Br
42,random,5,6,8d11c4f585db0bf26f85,O=Cc1cc(C(F)(F)F)ccc1Br
42,random,5,7,242e157ea40fde30e3f7,O=Cc1ccc([N+](=O)[O-])cc1
42,random,5,8,905c8843dd27543205a5,O=Cc1ccccc1O
42,random,5,9,09096996d08f0c063345,CC(=O)CCCCl
42,random,5,10,0b1b7bf04ed8169cd172,CCOC(=O)CC(=O)OCC
42,random,5,11,6f3dff9a427ee1563a3e,CC(=O)CC(=O)OC(C)(C)C
42,random,5,12,bca40cf794ce43726023,O=Cc1ccc2ccccc2c1
42,random,5,13,a01a137fa48c1391b9e7,O=Cc1ccc([N+](=O)[O-])cc1
42,random,5,14,df576d6e2e33250f1208,N#Cc1ccccc1F
42,random,5,15,4f246d378709c2f974f8,CC(C)(C)OCl
42,random,5,16,a0507e669c939a982dd3,BrC(=C(c1ccccc1)c1ccccc1)c1ccccc1
42,random,5,17,cac9ff0c40665baf313f,COc1ccc(C=O)c(O)c1
42,random,5,18,be1d1eac10cca873e4ef,C=CC(=O)OC1CCCCC1
42,random,5,19,02ddeed8a16d3adf3e28,COC(=O)C#CC(=O)OC
42,random,5,20,b3e21424d2010c374094,O=Cc1ccc2ccccc2c1
42,random,5,21,e2256ee3039d85dd024b,C(=C/c1ccccc1)\c1ccccc1
42,random,5,22,93f069afca83e51f108f,Brc1ccc2c(c1)OCO2
42,random,5,23,7ee133012cffc506cac5,O=CCCc1ccccc1
42,random,5,24,b6a2baaa0410b39ac474,Brc1ccc2occc2c1
42,random,5,25,e05652bb38d9efd5b11e,CSc1ccc(C=O)cc1
42,random,6,1,2f907b475ae6a261a87a,CC1(C)OB(c2ccc(F)cc2)OC1(C)C
42,random,6,2,aa7ba70b73157b1db11e,COC(=O)Cc1ccc(Br)cc1
42,random,6,3,92c638a8f018cf640203,Clc1cccc(Br)c1
42,random,6,4,62c643c64fefa1a9b0c1,CCOC(=O)C(C)(C)Br
42,random,6,5,8755c59209c36519ca2d,Ic1ccc(I)cc1
42,random,6,6,117fb19e55f91e3dffa2,COc1ccc2ccccc2c1
42,random,6,7,93dec4e70431268ebbc3,c1ccc(COCc2ccccc2)cc1
42,random,6,8,6ce2b891280aed137ab8,COC(=O)c1ccccc1N
42,random,6,9,f29b8be2770aa433617f,FC(F)(F)Oc1ccc(I)c(Br)c1
42,random,6,10,c4b06a6e718225cb9cf8,CCCC(=O)c1ccc(-c2ccccc2)cc1
42,random,6,11,05ee828b245bc1fc1a07,C=CCCc1ccccc1
42,random,6,12,d548341855ca1aaebf07,CCOC(=O)Cc1ccccc1
42,random,6,13,d1e6e925623ba4b6810b,O=C(CC(=O)C(F)(F)F)c1ccccc1
42,random,6,14,4fd47cdd334cfb2f8195,C(=C/c1ccccc1)\c1ccccc1
42,random,6,15,3aed7873d2fd1cf48684,CCOC(=O)c1ccccc1N
42,random,6,16,380a1230c49c0a2225f3,CC(=O)c1ccccc1
42,random,6,17,117874b15293a4b5e3e1,CSc1ccc(C(C)=O)cc1
42,random,6,18,60d0510d3f8c8d6644dd,Brc1cc(-c2ccccc2)cc(-c2ccccc2)c1
42,random,6,19,855832bd4005ac7abdc6,CCOC(=O)c1cccnc1
42,random,6,20,7138b866c4df4a2274f1,FC(F)(F)Oc1ccccc1I
42,random,6,21,1725cb0256c8ffcff22e,Cc1ccc(Cl)cc1
42,random,6,22,246c01e213831d66a856,O=Cc1ccc([N+](=O)[O-])cc1
42,random,6,23,b33b7253147a64c9baeb,Cc1ccc(Cl)cc1Br
42,random,6,24,40fd02db79e028fe05a9,CCOC(=O)CC(=O)OCC
42,random,6,25,05b6b42356b6a69a118c,CCCCC(=O)c1ccccc1
42,random,7,1,b1b6f6ec4f613144aba4,COC(=O)c1ccccc1N
42,random,7,2,591b1bb527d42e831f12,O=C(OCc1ccccc1)c1ccccc1
42,random,7,3,f9e2bd45cee4a33e9e75,FC(F)(F)c1cc(Br)cc(C(F)(F)F)c1
42,random,7,4,235263d562c30a614801,O=CCCc1ccccc1
42,random,7,5,8a52c99147f17c2d2807,Brc1ccc2ccccc2c1
42,random,7,6,3774a4dac6dd0f01d48d,N#Cc1cccc(N)c1
42,random,7,7,542f504077b58e444bc2,CCOC(=O)/C=C(/C)N
42,random,7,8,de50de1d8bb744eb450b,ClCCc1ccccc1
42,random,7,9,5c7ee6cbeaa27e2e1572,FC(F)(F)Oc1ccccc1I
42,random,7,10,a438141ce44ecce82131,C=CCCc1ccccc1
42,random,7,11,f4e1a820726cf8f5d4e2,COc1ccccc1C(C)=O
42,random,7,12,0f35c2146c21fa6ac372,CC(=O)c1ccc2ccccc2c1
42,random,7,13,9d5283cf29e9f80d1912,COc1ccc(Br)cc1
42,random,7,14,216d3a0a0932cff106a6,COc1ccc(Br)c(C)c1
42,random,7,15,7a3708dd5094bb49d459,CC(C)COC(=O)c1ccccc1
42,random,7,16,196c6af7a2a8d2ac178e,COc1ccc(Br)c(C)c1
42,random,7,17,c44d1ff1ddcebffc626a,Brc1ccc2ccccc2c1
42,random,7,18,5879dc8ccb560446d54c,CCOC(=O)CC(=O)c1ccccc1
42,random,7,19,85591a54c419ed02c5f5,CC(C=O)Cc1ccc2c(c1)OCO2
42,random,7,20,3418b1a160c0848777ce,C=CC(=O)OCc1ccccc1
42,random,7,21,1182373ab8814dbe2f43,C/C(=N\O)c1ccccc1
42,random,7,22,199cdd47b9f05e12aaa1,COc1ccc(OC)c(Br)c1
42,random,7,23,4dedc80fb33d21596b7e,COC(=O)CC(=O)C1CC1
42,random,7,24,da0d1a7a638c46f849ab,CC(=O)c1ccccc1Br
42,random,7,25,6209df8dd01072ab8a47,CC(C=O)Cc1ccc2c(c1)OCO2
42,random,8,1,852d4f3443a81d662552,COC(=O)CC(=O)C1CC1
42,random,8,2,ee5c9d29ed57c3312389,CC(=O)c1ccc(C)cc1
42,random,8,3,64f39309f42b29581670,C=CCCc1ccccc1
42,random,8,4,4f84797fc03e8f4f2473,COC(=O)c1ccc(C(C)(C)C)cc1
42,random,8,5,a67ca3769b4a44530eae,CCOC(=O)CC(=O)c1ccccc1
42,random,8,6,2efa93ea474f798b712a,O=Cc1cc(Br)ccc1O
42,random,8,7,efba7e70f4e46055398b,OCCCc1ccccc1
42,random,8,8,50fbcf5ece9bd5fc2d70,COc1ccccc1C(C)=O
42,random,8,9,b66aa101a244885dd587,Oc1ccc(I)cc1
42,random,8,10,eb6a058d4ee7f72a893c,COC(=O)CS
42,random,8,11,b070c3657459c06a4df1,COc1cc(OC)cc(OC)c1
42,random,8,12,89425cdfb228a6ebf75d,CCOC(=O)/C=C(/C)N
42,random,8,13,2a7062ac85d66260b3be,Oc1ccc(OC(F)(F)F)cc1
42,random,8,14,fd11ee7c408d95a1a8e6,O=C(Cc1ccccc1F)C1CC1
42,random,8,15,30d5da2fe6827f118117,CCOC(=O)Cc1ccccc1
42,random,8,16,4c46ceefd6147b1e0a7a,CSc1ccc(C=O)cc1
42,random,8,17,cb534927304d5c892100,CCCC(=O)c1ccc(-c2ccccc2)cc1
42,random,8,18,01ed985e6ebf7d4a3dc8,CC(=O)c1ccc(F)cc1
42,random,8,19,a44bda1a7abf6efee26c,O=C(c1ccccc1)C1CCCCC1
42,random,8,20,ea9c116dcd66aca4039c,O=Cc1ccc(C=O)cc1
42,random,8,21,fe40c32169d87261e1e9,CCOC(=O)c1ccccc1N
42,random,8,22,a4923e4c1f935a466f3b,CC(=O)c1cccc(C)c1
42,random,8,23,de48048a8916e9bf8c99,c1ccc2ccccc2c1
42,random,8,24,c07756fcea88312950ae,COc1ccccc1C(C)=O
42,random,8,25,fd5fa962575144327bf4,N#Cc1ccc(N)cc1
525,coverage,1,1,208139770ae1a480855b,C=CC(=O)O[C@@H]1C[C@H]2CC[C@]1(C)C2(C)C
525,coverage,1,2,a2febf036cd726eb4526,BrC(=C(c1ccccc1)c1ccccc1)c1ccccc1
525,coverage,1,3,aed6d224edcb21e5d658,O=C(c1ccccc1)c1cccc(C(=O)c2ccccc2)c1
525,coverage,1,4,f156391514f509a6ea3a,CCCCCCCCCCCCc1cc(Br)sc1Br
525,coverage,1,5,0c5c35afb3a24375c153,O=C(c1ccccc1)c1cccc(C(=O)c2ccccc2)c1
525,coverage,1,6,89d752b5a7f7c8d0b91e,c1ccc(CNCc2ccccc2)cc1
525,coverage,1,7,aa83ae83c0fa0cc37777,O=S(c1ccccc1)c1ccccc1
525,coverage,1,8,7bde1bbf34aba54ccfef,CC1(C)OB(c2ccc(F)cc2)OC1(C)C
525,coverage,1,9,3b2c663a28a9f32bd1d3,CC(=O)c1ccc([N+](=O)[O-])cc1
525,coverage,1,10,0b9a59526d7d4ce5f872,O=C(CC(=O)C(F)(F)F)c1ccc2ccccc2c1
525,coverage,1,11,66747ae127e03516ffda,OC1(c2ccccc2)CCCCC1
525,coverage,1,12,ca467c94f14b2219503e,C=C(C)C(=O)OCCOC(=O)CC(C)=O
525,coverage,1,13,b37608f8c4a8ee4b8696,O=C(O)/C=C/c1ccccc1
525,coverage,1,14,b7cf293311f83700cd9a,OCc1ccc2ccccc2c1
525,coverage,1,15,ade362756cf5f89aea03,OC1(c2ccccc2)CCCCC1
525,coverage,1,16,2928443b881ac6713786,C=CC(=O)O[C@@H]1C[C@H]2CC[C@]1(C)C2(C)C
525,coverage,1,17,2b97a1e0a6a4b944b760,CCOC(=O)C(Cc1ccccc1)C(C)=O
525,coverage,1,18,66454b90cefcad2e4125,Fc1cc(F)c(F)c(F)c1F
525,coverage,1,19,b1801204c2c4a34a9278,COc1ccc(C=O)c(O)c1
525,coverage,1,20,4466eabae9624380fbc6,O=C(c1ccccc1)c1ccc([N+](=O)[O-])cc1
525,coverage,1,21,a17bcdddcf0799baeee2,N#Cc1ccc(C(=O)c2ccccc2)cc1
525,coverage,1,22,7c6e7b244de393e8554d,O=Cc1ccc2ccccc2c1Br
525,coverage,1,23,6cb80aa01247c6623418,BrC(=C(c1ccccc1)c1ccccc1)c1ccccc1
525,coverage,1,24,68c511d842fc030aa84b,C=CC(=O)OCCCCCCCCCCCC
525,coverage,1,25,61da71e94577a4d66028,Brc1cc2ccccc2c2ccccc12
525,coverage,2,1,1e775e7d8dcbf48fd6f8,O=C(O)/C=C/c1ccccc1
525,coverage,2,2,a6145bb0c9947f9515df,OCc1ccc2ccccc2c1
525,coverage,2,3,6bd128bde2e137ea54f3,O=S(c1ccccc1)c1ccccc1
525,coverage,2,4,855456da9ea892f7216b,O=C(c1ccccc1)c1cccc(C(=O)c2ccccc2)c1
525,coverage,2,5,59b54ad3a60a52cc2b2c,N#Cc1ccc(C(=O)c2ccccc2)cc1
525,coverage,2,6,c5185bd663026c64c816,c1ccc2ncccc2c1
525,coverage,2,7,1cc3b837c6561b1c0a23,C=C(C)C(=O)OCCOC(=O)CC(C)=O
525,coverage,2,8,0434c2f9b75e25782a13,CCOC(=O)C(Br)C(=O)OCC
525,coverage,2,9,aa43fe84c0d8c825fe58,O=C(c1ccccc1)c1ccc([N+](=O)[O-])cc1
525,coverage,2,10,b070c3657459c06a4df1,COc1cc(OC)cc(OC)c1
525,coverage,2,11,7954bf73f74c7fbcecb2,OCCc1cccc2ccccc12
525,coverage,2,12,b1c5816f929ef59f5a87,COCCCCC(=O)c1ccc(C(F)(F)F)cc1
525,coverage,2,13,634f21e11a8442494ce3,O=C(c1ccccc1)c1cccc(C(=O)c2ccccc2)c1
525,coverage,2,14,434e465cfa7e0034f233,c1ccc(-c2ccccn2)cc1
525,coverage,2,15,4fb92bd1fab3ba235858,CC(C)(O)CCc1ccccc1
525,coverage,2,16,1b1a9ec85268aa66d327,CCOC(=O)/C=C(/C)N
525,coverage,2,17,c65ac14ffed8749381c1,CCOC(=O)C(Cc1ccccc1)C(C)=O
525,coverage,2,18,80f546c47198fa7c6dbf,Oc1ccc(OC(F)(F)F)cc1
525,coverage,2,19,0cf0d36290765378ae8d,COc1ccc(C(=O)c2ccccc2)cc1
525,coverage,2,20,d49f2ae16cf70d54ccf4,O=S(c1ccccc1)c1ccccc1
525,coverage,2,21,a5f9179bfb146ad70953,O=Cc1ccc([N+](=O)[O-])cc1
525,coverage,2,22,f90a5a5a54509c085ebd,O=C(O)/C=C/c1ccccc1
525,coverage,2,23,d7b688cd2da99329d657,O=Cc1ccccc1O
525,coverage,2,24,596bd04bfe916866f908,CSc1ccc(C(C)=O)cc1
525,coverage,2,25,48679ae48dd485ffb7a6,COC(=O)C#CC(=O)OC
525,coverage,3,1,9a32b65bc21fdc5f7286,O=C(O)/C=C/c1ccccc1
525,coverage,3,2,067c9b96b35fefd28fdf,O=C(/C=C/c1ccccc1)c1ccccc1
525,coverage,3,3,409d01129a3e41b32902,O=C(c1ccccc1)c1cccc(C(=O)c2ccccc2)c1
525,coverage,3,4,c973d4c257be9ef08216,OCCc1cccc2ccccc12
525,coverage,3,5,95d1d257dfea69f178f8,Oc1ccc(I)cc1
525,coverage,3,6,9249ed2c527f70995033,CCOC(=O)C(C(=O)OCC)c1ccccc1
525,coverage,3,7,7155ede91e7e3232862a,COCCCCC(=O)c1ccc(C(F)(F)F)cc1
525,coverage,3,8,73502a52708e4f9c2391,OCCCc1ccccc1
525,coverage,3,9,1aceeb0ee0419209d1c7,OCCc1cccc2ccccc12
525,coverage,3,10,c476eca5614cf9aa12d8,CC(C)=CCC/C(C)=C/C=O
525,coverage,3,11,bb18fe197ad7e24c5ed1,O=C(/C=C/c1ccccc1)c1ccccc1
525,coverage,3,12,f7e3bf988bd0e1b9f58b,Oc1ccc(OC(F)(F)F)cc1
525,coverage,3,13,292e0342682192a69fce,c1ccc(-c2ccccn2)cc1
525,coverage,3,14,486e498e45d084ced568,O=C1c2ccccc2-c2ccccc21
525,coverage,3,15,67b03e9099ef99d26eb1,COC(=O)[C@H](O)c1ccccc1
525,coverage,3,16,8b556440cbbd8224f6ff,COCCCCC(=O)c1ccc(C(F)(F)F)cc1
525,coverage,3,17,9f3b75bc3a2c4004a893,COC(=O)c1ccc(I)cc1
525,coverage,3,18,14d7f6fb3dda38f48fb9,O=C(CC(=O)C(F)(F)F)c1ccc2ccccc2c1
525,coverage,3,19,07933c8c797c30bb0e8e,c1ccc2ncccc2c1
525,coverage,3,20,bfcb567664468f0d6902,CC(=O)c1ccc2c(c1)Cc1ccccc1-2
525,coverage,3,21,45a1b11ae63f2dab2e48,OCCCc1ccccc1
525,coverage,3,22,7c9b7238a83ed646815a,COc1cc(OC)cc(OC)c1
525,coverage,3,23,35a1d2abee0780ee1d48,O=Cc1ccccc1O
525,coverage,3,24,cace6f00c46aea69fe39,CC(=O)c1ccc2c(c1)Cc1ccccc1-2
525,coverage,3,25,d2b4c39faa51bb75bbfb,CC(C)=CCC/C(C)=C/C=O
525,coverage,4,1,6fbc3a0669e9db3520ba,C=C(C)C(=O)OCCOC(=O)CC(C)=O
525,coverage,4,2,5f81e2ff4fea8e839c4d,Ic1cccs1
525,coverage,4,3,2a7062ac85d66260b3be,Oc1ccc(OC(F)(F)F)cc1
525,coverage,4,4,30970941542856ce8eb1,CC(C)=CCC/C(C)=C/C=O
525,coverage,4,5,fe66b2381d33aa2ea3a8,N#Cc1ccc(N)cc1
525,coverage,4,6,3fc05dc2025715e68174,CC(=O)CC(=O)OC(C)(C)C
525,coverage,4,7,547923973b121019625f,CCOC(=O)c1ccccc1N
525,coverage,4,8,f46da3c00b2199795e4c,O=C(CCCCl)c1ccc(F)cc1
525,coverage,4,9,3da92f4c69a3c88d3585,CCOC(=O)C(Br)C(=O)OCC
525,coverage,4,10,22f82413c75481d74e9b,CCOC(=O)c1cccnc1
525,coverage,4,11,9bd998a328b109ef639e,COc1cccc(OC)c1C=O
525,coverage,4,12,0f06772820e6693753e3,c1ccc(-c2ccccn2)cc1
525,coverage,4,13,776ee2c1e85ebde75168,COc1ccc(CCO)cc1
525,coverage,4,14,2dbfdf9c2d5defd09f7a,C=C(C)C(=O)OCCOC(=O)CC(C)=O
525,coverage,4,15,ebf38d80f4c5674cf120,c1ccc(CNCc2ccccc2)cc1
525,coverage,4,16,f15b726ca5b4897ed80c,CC(O)c1ccccc1
525,coverage,4,17,86fb9a8fd6633397d670,CC(=O)c1ccc2c(c1)Cc1ccccc1-2
525,coverage,4,18,702ba575d6a3442b9a3b,CC(C)=CCC/C(C)=C/C=O
525,coverage,4,19,d9229993cd394b0710b4,OC1(c2ccccc2)CCCCC1
525,coverage,4,20,58669c7a3953b668d2e1,N#Cc1ccc(N)cc1
525,coverage,4,21,8fa8d7ec035c6a829dc4,Fc1cc(F)c(F)c(F)c1F
525,coverage,4,22,d05a91dc8e32e9edd7d0,Cc1ccc(CO)cc1
525,coverage,4,23,a4a0dd6b9d09c8176801,Oc1ccc(I)cc1
525,coverage,4,24,c3feac62808af7335473,Brc1cc(-c2ccccc2)cc(-c2ccccc2)c1
525,coverage,4,25,55927e904f7c540fd4f2,CC(=O)CCCCl
525,coverage,5,1,8e330202a1983cbc02b5,O=C(c1ccccc1)c1ccc(Cl)cc1
525,coverage,5,2,44c8b389a6faf44f1f4c,CC(C=O)Cc1ccc2c(c1)OCO2
525,coverage,5,3,9e6c69af6f5142faa049,COc1ccc(CCO)cc1
525,coverage,5,4,5dbed8a79ad6c95bde4f,c1ccc(Cc2ccccc2)cc1
525,coverage,5,5,a60552f4d1a5ced4641f,N#Cc1cccc(N)c1
525,coverage,5,6,bfd6d9785c1b89dd9c11,CCCCCCCCCCCCc1cc(Br)sc1Br
525,coverage,5,7,69d0a853b07ce34d002e,FC(F)(F)c1cc(Br)cc(C(F)(F)F)c1
525,coverage,5,8,192516b3cc0500ef715b,C=CC(=O)OCCCCCCCCCCCC
525,coverage,5,9,b4351e5f05f6d477a6c0,C=CC(=O)OCCOc1ccccc1
525,coverage,5,10,a5446977630484ca5fe1,Cc1ccc(CO)cc1
525,coverage,5,11,746fde6173907fe5388f,CC(=O)c1ccc2c(c1)Cc1ccccc1-2
525,coverage,5,12,e1820b06a1bf3612ff8c,COc1cc(OC)cc(OC)c1
525,coverage,5,13,8f5452ff0e84ab2e2057,OCc1cccc(Br)c1
525,coverage,5,14,264a5260b17a6cbf033f,COC(=O)CS
525,coverage,5,15,04ea307c7b7f3321cc20,OC1(c2ccccc2)CCCCC1
525,coverage,5,16,bef8e35136c28810eb6b,O=[N+]([O-])c1cccc(Br)c1
525,coverage,5,17,98923a8da3524ce0e392,FC(F)(F)c1cc(Br)cc(C(F)(F)F)c1
525,coverage,5,18,3c4c856ec5ee29c66540,CC(=O)c1ccc2c(c1)OCO2
525,coverage,5,19,ffc70e28db22d1cc1f3f,COC(=O)CC(=O)C1CC1
525,coverage,5,20,a83fb14090f1518df5a7,O=Cc1ccc2ccccc2c1
525,coverage,5,21,4c46ceefd6147b1e0a7a,CSc1ccc(C=O)cc1
525,coverage,5,22,bc62be727bf6ded3d86e,Oc1ccc(I)cc1
525,coverage,5,23,91cd087e44e7a3364533,CSc1ccc(C(C)=O)cc1
525,coverage,5,24,dee9f600ff021919b9d2,c1ccc(CNCc2ccccc2)cc1
525,coverage,5,25,c5a12771920c4410d921,COC(=O)c1ccc(C(C)(C)C)cc1
525,coverage,6,1,79362765eb92377a5970,O=Cc1ccc2ccccc2c1
525,coverage,6,2,87996db5ddb7565fe66f,CC(C=O)Cc1ccc2c(c1)OCO2
525,coverage,6,3,b8abc8f40545556f07e0,O=C(CC(=O)c1ccccc1)c1ccccc1
525,coverage,6,4,e47aebe2660b9e1528de,c1ccc2ncccc2c1
525,coverage,6,5,0ac58929e586a4da4056,O=Cc1ccccc1[N+](=O)[O-]
525,coverage,6,6,419f6eb4080dcb9d293b,O=C(Cc1ccccc1F)C1CC1
525,coverage,6,7,40b5d3fdb9b234c05be5,Brc1cc(-c2ccccc2)cc(-c2ccccc2)c1
525,coverage,6,8,52b9af4df1f1e7cd4d9b,COc1ccccc1C(C)=O
525,coverage,6,9,e3c2b5ea1c83276cf63a,COc1ccc(C(=O)c2ccccc2)cc1
525,coverage,6,10,5b445b457a8b897a2d6c,COC(=O)CC(=O)C1CC1
525,coverage,6,11,6020a000a87663526cc8,CC(=O)CC(=O)c1ccccc1
525,coverage,6,12,cde49c2f3cf630c3a2a2,COc1ccc(C(=O)c2ccccc2)cc1
525,coverage,6,13,0296d31e8c2e55602a19,CC(C)c1ccccc1O
525,coverage,6,14,7c0c324643799c918828,OCc1ccc2ccccc2c1
525,coverage,6,15,4d3dddb7f2bd6bdeb5ea,COC(=O)Cc1cccc2ccccc12
525,coverage,6,16,9fcf89b00bb880c8a5ba,CC(=O)c1ccc(N)cc1
525,coverage,6,17,f7f0c7d2b8250e0e304f,CC(C)=CCC/C(C)=C/C=O
525,coverage,6,18,d1774335b45258bc173a,O=Cc1ccc(Br)cc1O
525,coverage,6,19,49201b5817f204116f7f,CCC(=O)c1cccnc1
525,coverage,6,20,655dc9dfb978b4ffd624,COC(=O)c1ccccc1N
525,coverage,6,21,79ff49052bce33597828,N#Cc1ccc(C(=O)c2ccccc2)cc1
525,coverage,6,22,667c85d13b14c7dcf547,c1ccc(Cc2ccccc2)cc1
525,coverage,6,23,e506c0353a9b601af9ac,CC(C=O)Cc1ccc2c(c1)OCO2
525,coverage,6,24,9ee8566ca27ac0454721,CCCC(=O)c1ccc(-c2ccccc2)cc1
525,coverage,6,25,715cf6b265c19d80e943,O=S(c1ccccc1)c1ccccc1
525,coverage,7,1,c76d0420b34df595c0c9,CCOC(=O)c1cccnc1
525,coverage,7,2,2767e0b150dc0e6a1b6f,FC(F)(F)Oc1ccc(I)c(Br)c1
525,coverage,7,3,42686e2f5e55689f092a,c1ccc2ccccc2c1
525,coverage,7,4,9aa141b690ed5878facd,CC(C)=CCC/C(C)=C/C=O
525,coverage,7,5,9f362bfe1dab6e9eac3d,CCCC(=O)c1ccc(-c2ccccc2)cc1
525,coverage,7,6,4659b6752f23c0b85f08,CCC(=O)c1cccnc1
525,coverage,7,7,302e458c5ed2285ca328,COC(=O)c1ccccc1N
525,coverage,7,8,e21a50fea625cd4d71f8,Brc1cc2ccccc2c2ccccc12
525,coverage,7,9,7d9c7f40bc71ee7c4ef0,O=Cc1ccc(Br)cc1O
525,coverage,7,10,810b065b0b86ff8c9aae,c1ccc(-c2ccccn2)cc1
525,coverage,7,11,327064e6ca2c38d79d76,CC(=O)CC(=O)OC(C)(C)C
525,coverage,7,12,3db682471b6cad60811d,O=C(CC(=O)C(F)(F)F)c1ccc2ccccc2c1
525,coverage,7,13,52b474514f1e9ba6c4d2,O=C1c2ccccc2-c2ccccc21
525,coverage,7,14,e4fd83fb3852eb354a66,COc1ccc(CO)cc1
525,coverage,7,15,6c99a9b10569a54b715f,C=CC(=O)OCCOc1ccccc1
525,coverage,7,16,0bdd638e906bf11a00cb,O=C(/C=C/c1ccccc1)c1ccccc1
525,coverage,7,17,c80022254967f6a925f3,COC(=O)Cc1cccc2ccccc12
525,coverage,7,18,8a5443659239e3b52e14,COC(=O)CC(=O)C1CC1
525,coverage,7,19,9d7b71b3f9f6ea222bc1,C=C(C)C(=O)OCCOC(=O)CC(C)=O
525,coverage,7,20,b149b054ae725437b4e9,Brc1ccc(Br)c2ccccc12
525,coverage,7,21,9fb05d784e7952bd4741,c1ccc(-c2ccccn2)cc1
525,coverage,7,22,5d450444eb031c873584,O=C(c1ccccc1)c1cccc(C(=O)c2ccccc2)c1
525,coverage,7,23,bef81d4dd93af26c12a9,O=C(c1ccccc1)c1ccc([N+](=O)[O-])cc1
525,coverage,7,24,37c15d90032e66347ed6,CCOC(=O)CC(=O)OCC
525,coverage,7,25,c1b9b6fc781ab8519301,CCOC(=O)c1ccc(OC)cc1
525,coverage,8,1,99a3c4452ddfa8ff12c0,CCOC(=O)c1ccccc1N
525,coverage,8,2,26bf23b00a71858e89ac,BrC(=C(c1ccccc1)c1ccccc1)c1ccccc1
525,coverage,8,3,2c8bdc7f29ed47c7ce61,BrC(=C(c1ccccc1)c1ccccc1)c1ccccc1
525,coverage,8,4,762190c8d9f5b2d1a89a,CC(=O)c1ccc(N)cc1
525,coverage,8,5,cb446680f62351d087a9,O=[P+](Oc1ccccc1)Oc1ccccc1
525,coverage,8,6,488727f2d41859d1ac45,CC(=O)c1ccc([N+](=O)[O-])cc1
525,coverage,8,7,17ff889395addf7d6295,O=C(c1ccccc1)c1cccc(C(=O)c2ccccc2)c1
525,coverage,8,8,db30f87487b96ba6d141,O=C(CC(=O)C(F)(F)F)c1ccc2ccccc2c1
525,coverage,8,9,8a4623d640cc619f2639,CCOC(=O)c1ccc(OC)cc1
525,coverage,8,10,d1d265fffbf8e2ffc35e,CC1(C)OB(c2ccc(F)cc2)OC1(C)C
525,coverage,8,11,6a39aff909ea35989c74,OCCCc1ccccc1
525,coverage,8,12,8730f48ba29fd2e622ac,COCCCCC(=O)c1ccc(C(F)(F)F)cc1
525,coverage,8,13,ff9bcaab8e95f60d70bc,CC(=O)c1ccc2ccccc2c1
525,coverage,8,14,5da8c25a3982216fb112,O=[N+]([O-])c1ccc(CCO)cc1
525,coverage,8,15,86258f5c8ffdb874521f,O=[P+](Oc1ccccc1)Oc1ccccc1
525,coverage,8,16,ed2525492f2a0a996a89,C=CC(=O)OCC(CC)CCCC
525,coverage,8,17,c4c961533c50b899078c,FC(F)(F)c1cc(Br)cc(C(F)(F)F)c1
525,coverage,8,18,d54c93a11164b4abac6e,CSc1ccc(C=O)cc1
525,coverage,8,19,a3b638d4b969c7f2a61b,N#Cc1ccc(C(=O)c2ccccc2)cc1
525,coverage,8,20,d8fcb58722028dbf9c02,COC(=O)[C@H](O)c1ccccc1
525,coverage,8,21,c40d715383d042030e93,COc1ccccc1C(C)=O
525,coverage,8,22,8048dcef1d7c5237b474,Brc1cc(-c2ccccc2)cc(-c2ccccc2)c1
525,coverage,8,23,65f22906a14f74d756d4,CC1CCC(=O)c2ccccc21
525,coverage,8,24,017b0f98188f8ff58935,CCOC(=O)/C=C(/C)N
525,coverage,8,25,5e45395722fa0dcc1d00,CC(O)CCc1ccccc1
525,ensemble,1,1,7654254c03d9de79740f,O=Cc1ccc2ccccc2c1
525,ensemble,1,2,79362765eb92377a5970,O=Cc1ccc2ccccc2c1
525,ensemble,1,3,8bef7f788af60df5e18a,O=Cc1ccc2ccccc2c1
525,ensemble,1,4,c476eca5614cf9aa12d8,CC(C)=CCC/C(C)=C/C=O
525,ensemble,1,5,cdc8c1db00222994a1aa,CC(C)=CCC/C(C)=C/C=O
525,ensemble,1,6,222a68fc192f66c1c080,c1ccc2ncccc2c1
525,ensemble,1,7,9cd02352c2ed7a3e2321,c1ccc2ncccc2c1
525,ensemble,1,8,e47aebe2660b9e1528de,c1ccc2ncccc2c1
525,ensemble,1,9,486e498e45d084ced568,O=C1c2ccccc2-c2ccccc21
525,ensemble,1,10,76b4150b436d217e5b3e,O=C1c2ccccc2-c2ccccc21
525,ensemble,1,11,e009f41aa23d4c7b3fff,O=C1c2ccccc2-c2ccccc21
525,ensemble,1,12,1ae3618ec277b0463686,c1ccc2ncccc2c1
525,ensemble,1,13,33ffc69a253a89f15995,c1ccc2ncccc2c1
525,ensemble,1,14,c5185bd663026c64c816,c1ccc2ncccc2c1
525,ensemble,1,15,6e17f8e15aa8fdd6a9ea,CC(C)=CCC/C(C)=C/C=O
525,ensemble,1,16,c5b88ffca991e883ab64,CC(C)=CCC/C(C)=C/C=O
525,ensemble,1,17,f7f0c7d2b8250e0e304f,CC(C)=CCC/C(C)=C/C=O
525,ensemble,1,18,783cf2454912fc14bb80,O=Cc1ccc2ccccc2c1
525,ensemble,1,19,a83fb14090f1518df5a7,O=Cc1ccc2ccccc2c1
525,ensemble,1,20,a917c928912c74862968,O=Cc1ccc2ccccc2c1
525,ensemble,1,21,b3d9bb5afa82b99f2a11,CC(=O)c1ccc(C#N)cc1
525,ensemble,1,22,48679ae48dd485ffb7a6,COC(=O)C#CC(=O)OC
525,ensemble,1,23,0460dfc4e1747f0fc92c,CCOC(=O)c1cccnc1
525,ensemble,1,24,22f82413c75481d74e9b,CCOC(=O)c1cccnc1
525,ensemble,1,25,6a4e95d2a3cca31094a1,CCOC(=O)c1cccnc1
525,ensemble,2,1,b7cf293311f83700cd9a,OCc1ccc2ccccc2c1
525,ensemble,2,2,25fcfe22a4504f391482,COC(=O)Cc1cccc2ccccc12
525,ensemble,2,3,67fa39740fcf946a3154,COC(=O)Cc1cccc2ccccc12
525,ensemble,2,4,c80022254967f6a925f3,COC(=O)Cc1cccc2ccccc12
525,ensemble,2,5,0b9a59526d7d4ce5f872,O=C(CC(=O)C(F)(F)F)c1ccc2ccccc2c1
525,ensemble,2,6,483022b02f8329c323ac,O=C(CC(=O)C(F)(F)F)c1ccc2ccccc2c1
525,ensemble,2,7,e9a7d193dc3d83532c1f,O=C(CC(=O)C(F)(F)F)c1ccc2ccccc2c1
525,ensemble,2,8,302e458c5ed2285ca328,COC(=O)c1ccccc1N
525,ensemble,2,9,3cd0aa35793392d15513,COC(=O)Cc1cccc2ccccc12
525,ensemble,2,10,4d3dddb7f2bd6bdeb5ea,COC(=O)Cc1cccc2ccccc12
525,ensemble,2,11,752c884154a739045315,COC(=O)Cc1cccc2ccccc12
525,ensemble,2,12,aa83ae83c0fa0cc37777,O=S(c1ccccc1)c1ccccc1
525,ensemble,2,13,6802f0b28c5a0c7b4c2a,O=C(O)/C=C/c1ccccc1
525,ensemble,2,14,1ac98da1ee548520f15b,C=CC(=O)O[C@@H]1C[C@H]2CC[C@]1(C)C2(C)C
525,ensemble,2,15,208139770ae1a480855b,C=CC(=O)O[C@@H]1C[C@H]2CC[C@]1(C)C2(C)C
525,ensemble,2,16,fae79bab43155a52988f,C=CC(=O)O[C@@H]1C[C@H]2CC[C@]1(C)C2(C)C
525,ensemble,2,17,44c8b389a6faf44f1f4c,CC(C=O)Cc1ccc2c(c1)OCO2
525,ensemble,2,18,4d1e1e0eca90a46d77b2,CC(C=O)Cc1ccc2c(c1)OCO2
525,ensemble,2,19,85591a54c419ed02c5f5,CC(C=O)Cc1ccc2c(c1)OCO2
525,ensemble,2,20,6553b9607d6093f257c7,CC1(C)OB(c2ccc(F)cc2)OC1(C)C
525,ensemble,2,21,7bde1bbf34aba54ccfef,CC1(C)OB(c2ccc(F)cc2)OC1(C)C
525,ensemble,2,22,96b9b370ade7a60366fa,CC1(C)OB(c2ccc(F)cc2)OC1(C)C
525,ensemble,2,23,e9bdef57ef2c8ced88f0,CC1(C)OB(c2ccc(F)cc2)OC1(C)C
525,ensemble,2,24,ec10d46ed20579967ae2,CC1(C)OB(c2ccc(F)cc2)OC1(C)C
525,ensemble,2,25,4c2ad10692512e8f23b8,O=C(CC(=O)C(F)(F)F)c1ccc2ccccc2c1
525,ensemble,3,1,105457e008d11073c7b7,COC(=O)Cc1ccc(Br)cc1
525,ensemble,3,2,13f4ada439a309a538b8,COC(=O)Cc1ccc(Br)cc1
525,ensemble,3,3,c7e762106a9ec0d9ea75,COC(=O)Cc1ccc(Br)cc1
525,ensemble,3,4,b37608f8c4a8ee4b8696,O=C(O)/C=C/c1ccccc1
525,ensemble,3,5,5f81e2ff4fea8e839c4d,Ic1cccs1
525,ensemble,3,6,6bebc41cc4f55da05d47,Ic1cccs1
525,ensemble,3,7,9e971ba2075fa0b7d8fb,Ic1cccs1
525,ensemble,3,8,0296d31e8c2e55602a19,CC(C)c1ccccc1O
525,ensemble,3,9,68a01853008546de06a1,CC(C)c1ccccc1O
525,ensemble,3,10,6b8fefaf0647d2239858,CC(C)c1ccccc1O
525,ensemble,3,11,0f06772820e6693753e3,c1ccc(-c2ccccn2)cc1
525,ensemble,3,12,35f2be5f5aa14265e8a4,c1ccc(-c2ccccn2)cc1
525,ensemble,3,13,449b809e4efaaf2af86a,c1ccc(-c2ccccn2)cc1
525,ensemble,3,14,1395836aef00d6a880b0,N#Cc1ccc(C(=O)c2ccccc2)cc1
525,ensemble,3,15,a17bcdddcf0799baeee2,N#Cc1ccc(C(=O)c2ccccc2)cc1
525,ensemble,3,16,c3070604fe243a9e8bc9,CCCCCCCCCCCCc1cc(Br)sc1Br
525,ensemble,3,17,e4a7e43d15fcdee2ba1d,CCCCCCCCCCCCc1cc(Br)sc1Br
525,ensemble,3,18,f156391514f509a6ea3a,CCCCCCCCCCCCc1cc(Br)sc1Br
525,ensemble,3,19,16afd85aa788409b8d07,Ic1cccs1
525,ensemble,3,20,46b8e4fc054b67296417,Ic1cccs1
525,ensemble,3,21,b47cad6d1496e6fdaf2c,Ic1cccs1
525,ensemble,3,22,96710afeabc594baa359,CCOC(=O)c1cccnc1
525,ensemble,3,23,c76d0420b34df595c0c9,CCOC(=O)c1cccnc1
525,ensemble,3,24,c5a12771920c4410d921,COC(=O)c1ccc(C(C)(C)C)cc1
525,ensemble,3,25,7de812bda21b4dfe46dc,O=[P+](Oc1ccccc1)Oc1ccccc1
525,ensemble,4,1,8f5452ff0e84ab2e2057,OCc1cccc(Br)c1
525,ensemble,4,2,a19f98569910dc7fd6c4,OCc1cccc(Br)c1
525,ensemble,4,3,ff3b6b1069b7d66ad021,OCc1cccc(Br)c1
525,ensemble,4,4,3163a9b58f1a52a1992c,O=C1CCc2ccccc2O1
525,ensemble,4,5,7d9c7f40bc71ee7c4ef0,O=Cc1ccc(Br)cc1O
525,ensemble,4,6,2b97a1e0a6a4b944b760,CCOC(=O)C(Cc1ccccc1)C(C)=O
525,ensemble,4,7,61771d230b285babe4b6,CCOC(=O)C(Cc1ccccc1)C(C)=O
525,ensemble,4,8,eb3bc3fba39e57adbc2f,CCOC(=O)C(Cc1ccccc1)C(C)=O
525,ensemble,4,9,a5f9179bfb146ad70953,O=Cc1ccc([N+](=O)[O-])cc1
525,ensemble,4,10,b85305d91a9e7cfa6005,O=Cc1ccc([N+](=O)[O-])cc1
525,ensemble,4,11,c28747d70e7b51a1cc95,O=Cc1ccc([N+](=O)[O-])cc1
525,ensemble,4,12,1844eab177de5d01fab6,COC(=O)C(=O)c1ccccc1
525,ensemble,4,13,7b42519983cf93dd7efd,COC(=O)C(=O)c1ccccc1
525,ensemble,4,14,7caf1db075b91197ba34,COC(=O)C(=O)c1ccccc1
525,ensemble,4,15,9862563d18aae2868342,COC(=O)C(=O)c1ccccc1
525,ensemble,4,16,9bbd36c8b484b5609808,COC(=O)C(=O)c1ccccc1
525,ensemble,4,17,d1774335b45258bc173a,O=Cc1ccc(Br)cc1O
525,ensemble,4,18,6bd128bde2e137ea54f3,O=S(c1ccccc1)c1ccccc1
525,ensemble,4,19,714004602e6452764d9a,O=S(c1ccccc1)c1ccccc1
525,ensemble,4,20,f82cfd3b57735b0ead3c,O=S(c1ccccc1)c1ccccc1
525,ensemble,4,21,b070c3657459c06a4df1,COc1cc(OC)cc(OC)c1
525,ensemble,4,22,ce39d1762993bbbafaca,COc1cc(OC)cc(OC)c1
525,ensemble,4,23,d3047299bd8817ee87dd,COc1cc(OC)cc(OC)c1
525,ensemble,4,24,252c027cf5a42b92c953,c1ccc(CNCc2ccccc2)cc1
525,ensemble,4,25,89d752b5a7f7c8d0b91e,c1ccc(CNCc2ccccc2)cc1
525,ensemble,5,1,080258046c2cae5fb2ab,OC1(c2ccccc2)CCCCC1
525,ensemble,5,2,66747ae127e03516ffda,OC1(c2ccccc2)CCCCC1
525,ensemble,5,3,9ed7c1fb1c2cc499bbf9,OC1(c2ccccc2)CCCCC1
525,ensemble,5,4,419f6eb4080dcb9d293b,O=C(Cc1ccccc1F)C1CC1
525,ensemble,5,5,04ea307c7b7f3321cc20,OC1(c2ccccc2)CCCCC1
525,ensemble,5,6,dea19ed5b8959a2a6619,OC1(c2ccccc2)CCCCC1
525,ensemble,5,7,fbfb34ddee14b1ea50b1,OC1(c2ccccc2)CCCCC1
525,ensemble,5,8,7c6e7b244de393e8554d,O=Cc1ccc2ccccc2c1Br
525,ensemble,5,9,ad833f34f6b91872362d,N#Cc1ccc(N)cc1
525,ensemble,5,10,b4e0e9dc92fca2c88b90,N#Cc1ccc(N)cc1
525,ensemble,5,11,fe66b2381d33aa2ea3a8,N#Cc1ccc(N)cc1
525,ensemble,5,12,d54c93a11164b4abac6e,CSc1ccc(C=O)cc1
525,ensemble,5,13,5885d427a26f03e522f3,OC1(c2ccccc2)CCCCC1
525,ensemble,5,14,62e730f8ad10cbdd613b,OC1(c2ccccc2)CCCCC1
525,ensemble,5,15,eb151126b40eda411ab7,OC1(c2ccccc2)CCCCC1
525,ensemble,5,16,822acada514c54d41f68,O=[N+]([O-])c1cccc(Br)c1
525,ensemble,5,17,bef8e35136c28810eb6b,O=[N+]([O-])c1cccc(Br)c1
525,ensemble,5,18,859ae738b615cf17b849,CC(O)c1ccccc1
525,ensemble,5,19,f15b726ca5b4897ed80c,CC(O)c1ccccc1
525,ensemble,5,20,1e775e7d8dcbf48fd6f8,O=C(O)/C=C/c1ccccc1
525,ensemble,5,21,1e971da91b3a8229f0e0,O=C(O)/C=C/c1ccccc1
525,ensemble,5,22,6020a000a87663526cc8,CC(=O)CC(=O)c1ccccc1
525,ensemble,5,23,fa851bcd2cdb1d84b91f,CC(=O)CC(=O)c1ccccc1
525,ensemble,5,24,ffa53b3aa054bc392704,O=Cc1ccc2ccccc2c1Br
525,ensemble,5,25,309a91add8b07c02e65b,C=CC(=O)OCCN(CC)CC
525,ensemble,6,1,59b54ad3a60a52cc2b2c,N#Cc1ccc(C(=O)c2ccccc2)cc1
525,ensemble,6,2,a1dc71bed9d8f372c9e5,N#Cc1ccc(C(=O)c2ccccc2)cc1
525,ensemble,6,3,a738b1f204da6fcfd385,N#Cc1ccc(C(=O)c2ccccc2)cc1
525,ensemble,6,4,55927e904f7c540fd4f2,CC(=O)CCCCl
525,ensemble,6,5,5d274cbcb3c8532e483f,CC(=O)CCCCl
525,ensemble,6,6,9cad3bab10930468747d,CC(=O)CCCCl
525,ensemble,6,7,605436d35600502e8c2e,CC(=O)c1ccc(Br)cc1
525,ensemble,6,8,776ee2c1e85ebde75168,COc1ccc(CCO)cc1
525,ensemble,6,9,e6e78489d1da4066c07e,COc1ccc(CCO)cc1
525,ensemble,6,10,5b445b457a8b897a2d6c,COC(=O)CC(=O)C1CC1
525,ensemble,6,11,668279c54bbf75e86496,COC(=O)CC(=O)C1CC1
525,ensemble,6,12,7ac90b210e42d27c5a04,COC(=O)CC(=O)C1CC1
525,ensemble,6,13,810b16f35a3a86f451ce,CCOC(=O)c1ccc(OC)cc1
525,ensemble,6,14,8a4623d640cc619f2639,CCOC(=O)c1ccc(OC)cc1
525,ensemble,6,15,b7cbf8a3f54b6d586198,CCOC(=O)c1ccc(OC)cc1
525,ensemble,6,16,21e09d52eac22fe25e15,CSc1ccc(C(C)=O)cc1
525,ensemble,6,17,34aaca6f7a0768d743fe,CSc1ccc(C(C)=O)cc1
525,ensemble,6,18,40d5f6dbba8de32e9852,CSc1ccc(C(C)=O)cc1
525,ensemble,6,19,25b1f8000dd22874bb29,COC(=O)c1ccc(CBr)cc1
525,ensemble,6,20,2712213ca28bcadbfa61,COC(=O)c1ccc(CBr)cc1
525,ensemble,6,21,5fc63f69bdf7f0b71bbc,COC(=O)c1ccc(CBr)cc1
525,ensemble,6,22,8925249b7fbe141dbce6,COC(=O)c1ccc(CBr)cc1
525,ensemble,6,23,06e93ab1e94cbced3c21,CC(C=O)Cc1ccc2c(c1)OCO2
525,ensemble,6,24,8c5919c128847d433188,CC(C=O)Cc1ccc2c(c1)OCO2
525,ensemble,6,25,bc08a8ecc11b4f3bcb67,CC(C=O)Cc1ccc2c(c1)OCO2
525,ensemble,7,1,0cf0d36290765378ae8d,COc1ccc(C(=O)c2ccccc2)cc1
525,ensemble,7,2,2d63ab3869184cde52bf,COc1ccc(C(=O)c2ccccc2)cc1
525,ensemble,7,3,44fcf641ccfa3b10a97c,COc1ccc(C(=O)c2ccccc2)cc1
525,ensemble,7,4,471287eecf7b94603e9e,COC(=O)c1ccc(I)cc1
525,ensemble,7,5,9f3b75bc3a2c4004a893,COC(=O)c1ccc(I)cc1
525,ensemble,7,6,fc911fe23a3e1e8e87d2,COC(=O)c1ccc(I)cc1
525,ensemble,7,7,62d1db91c3839882736a,Cc1cc(C)cc(C#N)c1
525,ensemble,7,8,63cda70afb5b740e4fa4,Cc1cc(C)cc(C#N)c1
525,ensemble,7,9,b51a88b6dc4049704214,Cc1cc(C)cc(C#N)c1
525,ensemble,7,10,f9bba2e75f16ebadb0eb,CC1CCC(=O)c2ccccc21
525,ensemble,7,11,17902fa9c7f8ea9b456e,N#Cc1cccc(N)c1
525,ensemble,7,12,3774a4dac6dd0f01d48d,N#Cc1cccc(N)c1
525,ensemble,7,13,a60552f4d1a5ced4641f,N#Cc1cccc(N)c1
525,ensemble,7,14,65f22906a14f74d756d4,CC1CCC(=O)c2ccccc21
525,ensemble,7,15,810b065b0b86ff8c9aae,c1ccc(-c2ccccn2)cc1
525,ensemble,7,16,d119d77f545c029deace,c1ccc(-c2ccccn2)cc1
525,ensemble,7,17,dd4829f39cdf781ffaf9,c1ccc(-c2ccccn2)cc1
525,ensemble,7,18,71f5df8c7d7e88d1afce,CCOC(=O)/C=C(/C)N
525,ensemble,7,19,87c99ce6f9252fc3241e,CCOC(=O)/C=C(/C)N
525,ensemble,7,20,ce8391d5c053e7fad6e4,CCOC(=O)/C=C(/C)N
525,ensemble,7,21,d3b1f310cb3ebbca13af,CCOC(=O)/C=C(/C)N
525,ensemble,7,22,5580a36d869fbaf15a47,COC(=O)c1ccc(I)cc1
525,ensemble,7,23,b7e9adfdbe7f57bf526f,COC(=O)c1ccc(I)cc1
525,ensemble,7,24,c98657e16e93ef4ede6b,COC(=O)c1ccc(I)cc1
525,ensemble,7,25,c65455de87b41e2ef577,CC1CCC(=O)c2ccccc21
525,ensemble,8,1,614873124b33029a924c,OCc1ccc2ccccc2c1
525,ensemble,8,2,a6145bb0c9947f9515df,OCc1ccc2ccccc2c1
525,ensemble,8,3,cdf40bcb3f4392f8d7d1,OCc1ccc2ccccc2c1
525,ensemble,8,4,434e465cfa7e0034f233,c1ccc(-c2ccccn2)cc1
525,ensemble,8,5,bd2e9fee67bbba1155df,c1ccc(-c2ccccn2)cc1
525,ensemble,8,6,4862e2fb71344ce16021,O=C(c1ccccc1)c1ccc([N+](=O)[O-])cc1
525,ensemble,8,7,5b706e17e8412d02342f,O=C(c1ccccc1)c1ccc([N+](=O)[O-])cc1
525,ensemble,8,8,358461ff3742e78ea3b6,OCCCc1ccccc1
525,ensemble,8,9,73502a52708e4f9c2391,OCCCc1ccccc1
525,ensemble,8,10,2cc7c8ae52cdb25ca284,O=C1CCc2ccccc2O1
525,ensemble,8,11,64c9e190e213bb061867,O=C1CCc2ccccc2O1
525,ensemble,8,12,989b2145455d703d3b6d,O=C1CCc2ccccc2O1
525,ensemble,8,13,18a189c89f59ac1d5a9f,c1ccc(CNCc2ccccc2)cc1
525,ensemble,8,14,ab4326dd3bd3b0e07f81,c1ccc(CNCc2ccccc2)cc1
525,ensemble,8,15,dee9f600ff021919b9d2,c1ccc(CNCc2ccccc2)cc1
525,ensemble,8,16,716d04ed1943f0708912,Cc1ccc(CO)cc1
525,ensemble,8,17,a5446977630484ca5fe1,Cc1ccc(CO)cc1
525,ensemble,8,18,f9f0f4e29dbd30c000ee,Cc1ccc(CO)cc1
525,ensemble,8,19,a64d40ac128465d2bb6f,COc1cc(OC)cc(OC)c1
525,ensemble,8,20,ab887fd709fc1dc0d59b,COc1cc(OC)cc(OC)c1
525,ensemble,8,21,e1820b06a1bf3612ff8c,COc1cc(OC)cc(OC)c1
525,ensemble,8,22,153cd671a94c0407cc6b,OC1(c2ccccc2)CCCCC1
525,ensemble,8,23,ade362756cf5f89aea03,OC1(c2ccccc2)CCCCC1
525,ensemble,8,24,d550a2107daf4c532b6a,OC1(c2ccccc2)CCCCC1
525,ensemble,8,25,619663c2b3ffb3a6c497,O=Cc1ccccc1O
525,hybrid,1,1,208139770ae1a480855b,C=CC(=O)O[C@@H]1C[C@H]2CC[C@]1(C)C2(C)C
525,hybrid,1,2,a2febf036cd726eb4526,BrC(=C(c1ccccc1)c1ccccc1)c1ccccc1
525,hybrid,1,3,aed6d224edcb21e5d658,O=C(c1ccccc1)c1cccc(C(=O)c2ccccc2)c1
525,hybrid,1,4,f156391514f509a6ea3a,CCCCCCCCCCCCc1cc(Br)sc1Br
525,hybrid,1,5,0c5c35afb3a24375c153,O=C(c1ccccc1)c1cccc(C(=O)c2ccccc2)c1
525,hybrid,1,6,aa83ae83c0fa0cc37777,O=S(c1ccccc1)c1ccccc1
525,hybrid,1,7,7bde1bbf34aba54ccfef,CC1(C)OB(c2ccc(F)cc2)OC1(C)C
525,hybrid,1,8,0b9a59526d7d4ce5f872,O=C(CC(=O)C(F)(F)F)c1ccc2ccccc2c1
525,hybrid,1,9,66747ae127e03516ffda,OC1(c2ccccc2)CCCCC1
525,hybrid,1,10,b37608f8c4a8ee4b8696,O=C(O)/C=C/c1ccccc1
525,hybrid,1,11,b7cf293311f83700cd9a,OCc1ccc2ccccc2c1
525,hybrid,1,12,ade362756cf5f89aea03,OC1(c2ccccc2)CCCCC1
525,hybrid,1,13,2928443b881ac6713786,C=CC(=O)O[C@@H]1C[C@H]2CC[C@]1(C)C2(C)C
525,hybrid,1,14,2b97a1e0a6a4b944b760,CCOC(=O)C(Cc1ccccc1)C(C)=O
525,hybrid,1,15,66454b90cefcad2e4125,Fc1cc(F)c(F)c(F)c1F
525,hybrid,1,16,4466eabae9624380fbc6,O=C(c1ccccc1)c1ccc([N+](=O)[O-])cc1
525,hybrid,1,17,7c6e7b244de393e8554d,O=Cc1ccc2ccccc2c1Br
525,hybrid,1,18,6cb80aa01247c6623418,BrC(=C(c1ccccc1)c1ccccc1)c1ccccc1
525,hybrid,1,19,68c511d842fc030aa84b,C=CC(=O)OCCCCCCCCCCCC
525,hybrid,1,20,61da71e94577a4d66028,Brc1cc2ccccc2c2ccccc12
525,hybrid,1,21,6fbc3a0669e9db3520ba,C=C(C)C(=O)OCCOC(=O)CC(C)=O
525,hybrid,1,22,bd62986a3ea6d28161ec,CCCCCCCCCCCCc1cc(Br)sc1Br
525,hybrid,1,23,1b1a9ec85268aa66d327,CCOC(=O)/C=C(/C)N
525,hybrid,1,24,f82cfd3b57735b0ead3c,O=S(c1ccccc1)c1ccccc1
525,hybrid,1,25,7de812bda21b4dfe46dc,O=[P+](Oc1ccccc1)Oc1ccccc1
525,hybrid,2,1,1e775e7d8dcbf48fd6f8,O=C(O)/C=C/c1ccccc1
525,hybrid,2,2,89d752b5a7f7c8d0b91e,c1ccc(CNCc2ccccc2)cc1
525,hybrid,2,3,855456da9ea892f7216b,O=C(c1ccccc1)c1cccc(C(=O)c2ccccc2)c1
525,hybrid,2,4,cdf40bcb3f4392f8d7d1,OCc1ccc2ccccc2c1
525,hybrid,2,5,634f21e11a8442494ce3,O=C(c1ccccc1)c1cccc(C(=O)c2ccccc2)c1
525,hybrid,2,6,e47aebe2660b9e1528de,c1ccc2ncccc2c1
525,hybrid,2,7,c4bb286978fe9078a303,C=C(C)C(=O)OCCOC(=O)CC(C)=O
525,hybrid,2,8,9249ed2c527f70995033,CCOC(=O)C(C(=O)OCC)c1ccccc1
525,hybrid,2,9,1395836aef00d6a880b0,N#Cc1ccc(C(=O)c2ccccc2)cc1
525,hybrid,2,10,80f546c47198fa7c6dbf,Oc1ccc(OC(F)(F)F)cc1
525,hybrid,2,11,48679ae48dd485ffb7a6,COC(=O)C#CC(=O)OC
525,hybrid,2,12,17ff889395addf7d6295,O=C(c1ccccc1)c1cccc(C(=O)c2ccccc2)c1
525,hybrid,2,13,4756b7ebb0be7c63e552,CCOC(=O)C(Br)C(=O)OCC
525,hybrid,2,14,7954bf73f74c7fbcecb2,OCCc1cccc2ccccc12
525,hybrid,2,15,0f06772820e6693753e3,c1ccc(-c2ccccn2)cc1
525,hybrid,2,16,44c8b389a6faf44f1f4c,CC(C=O)Cc1ccc2c(c1)OCO2
525,hybrid,2,17,f90a5a5a54509c085ebd,O=C(O)/C=C/c1ccccc1
525,hybrid,2,18,1ae3618ec277b0463686,c1ccc2ncccc2c1
525,hybrid,2,19,b1801204c2c4a34a9278,COc1ccc(C=O)c(O)c1
525,hybrid,2,20,71abc36775b6cce56da7,COc1ccc(CO)cc1
525,hybrid,2,21,9ccd4f4f61665ec641fe,CCOC(=O)C(Cc1ccccc1)C(C)=O
525,hybrid,2,22,2a7062ac85d66260b3be,Oc1ccc(OC(F)(F)F)cc1
525,hybrid,2,23,9bd998a328b109ef639e,COc1cccc(OC)c1C=O
525,hybrid,2,24,9f3b75bc3a2c4004a893,COC(=O)c1ccc(I)cc1
525,hybrid,2,25,547923973b121019625f,CCOC(=O)c1ccccc1N
525,hybrid,3,1,9a32b65bc21fdc5f7286,O=C(O)/C=C/c1ccccc1
525,hybrid,3,2,409d01129a3e41b32902,O=C(c1ccccc1)c1cccc(C(=O)c2ccccc2)c1
525,hybrid,3,3,a1dc71bed9d8f372c9e5,N#Cc1ccc(C(=O)c2ccccc2)cc1
525,hybrid,3,4,9ddc2e8babb52ee8e772,O=S(c1ccccc1)c1ccccc1
525,hybrid,3,5,cace6f00c46aea69fe39,CC(=O)c1ccc2c(c1)Cc1ccccc1-2
525,hybrid,3,6,5d530b2f228ed39ff952,C=C(C)C(=O)OCCOC(=O)CC(C)=O
525,hybrid,3,7,aa43fe84c0d8c825fe58,O=C(c1ccccc1)c1ccc([N+](=O)[O-])cc1
525,hybrid,3,8,fe66b2381d33aa2ea3a8,N#Cc1ccc(N)cc1
525,hybrid,3,9,35a1d2abee0780ee1d48,O=Cc1ccccc1O
525,hybrid,3,10,b1c5816f929ef59f5a87,COCCCCC(=O)c1ccc(C(F)(F)F)cc1
525,hybrid,3,11,67fa39740fcf946a3154,COC(=O)Cc1cccc2ccccc12
525,hybrid,3,12,95d1d257dfea69f178f8,Oc1ccc(I)cc1
525,hybrid,3,13,0cf0d36290765378ae8d,COc1ccc(C(=O)c2ccccc2)cc1
525,hybrid,3,14,292e0342682192a69fce,c1ccc(-c2ccccn2)cc1
525,hybrid,3,15,17c1bb3be086a2b6ffec,COc1ccc(CCO)cc1
525,hybrid,3,16,715cf6b265c19d80e943,O=S(c1ccccc1)c1ccccc1
525,hybrid,3,17,3bb54d92fcc3ef0fc388,CC(C)=CCC/C(C)=C/C=O
525,hybrid,3,18,0fca9e0134ba9700cc0c,O=C(CC(=O)C(F)(F)F)c1ccc2ccccc2c1
525,hybrid,3,19,6573d8f84faaf7ce4a78,C=C(C)C(=O)OCCOC(=O)CC(C)=O
525,hybrid,3,20,73502a52708e4f9c2391,OCCCc1ccccc1
525,hybrid,3,21,0ae541927703401945de,COc1cc(OC)cc(OC)c1
525,hybrid,3,22,58394a71418a9623e18a,N#Cc1ccc(C(=O)c2ccccc2)cc1
525,hybrid,3,23,f9a0fbbcf2f61d3843a5,N#Cc1ccc(N)cc1
525,hybrid,3,24,e009f41aa23d4c7b3fff,O=C1c2ccccc2-c2ccccc21
525,hybrid,3,25,e1820b06a1bf3612ff8c,COc1cc(OC)cc(OC)c1
525,hybrid,4,1,8ab554cd154e9749790b,O=Cc1ccccc1[N+](=O)[O-]
525,hybrid,4,2,7155ede91e7e3232862a,COCCCCC(=O)c1ccc(C(F)(F)F)cc1
525,hybrid,4,3,3774a4dac6dd0f01d48d,N#Cc1cccc(N)c1
525,hybrid,4,4,42686e2f5e55689f092a,c1ccc2ccccc2c1
525,hybrid,4,5,bd2e9fee67bbba1155df,c1ccc(-c2ccccn2)cc1
525,hybrid,4,6,d54c93a11164b4abac6e,CSc1ccc(C=O)cc1
525,hybrid,4,7,86fb9a8fd6633397d670,CC(=O)c1ccc2c(c1)Cc1ccccc1-2
525,hybrid,4,8,d05a91dc8e32e9edd7d0,Cc1ccc(CO)cc1
525,hybrid,4,9,5f81e2ff4fea8e839c4d,Ic1cccs1
525,hybrid,4,10,b070c3657459c06a4df1,COc1cc(OC)cc(OC)c1
525,hybrid,4,11,87996db5ddb7565fe66f,CC(C=O)Cc1ccc2c(c1)OCO2
525,hybrid,4,12,810b065b0b86ff8c9aae,c1ccc(-c2ccccn2)cc1
525,hybrid,4,13,19229d505f75d05a0bcb,CC(C)(O)CCc1ccccc1
525,hybrid,4,14,2767e0b150dc0e6a1b6f,FC(F)(F)Oc1ccc(I)c(Br)c1
525,hybrid,4,15,adf7fdfc67d09b71d6c3,c1ccc(Cc2ccccc2)cc1
525,hybrid,4,16,822acada514c54d41f68,O=[N+]([O-])c1cccc(Br)c1
525,hybrid,4,17,655dc9dfb978b4ffd624,COC(=O)c1ccccc1N
525,hybrid,4,18,2d11f1fe488a0c917ffe,CCC(O)c1ccccc1
525,hybrid,4,19,07933c8c797c30bb0e8e,c1ccc2ncccc2c1
525,hybrid,4,20,425fe9dfe0c3f345460b,CCOC(=O)C(Cc1ccccc1)C(C)=O
525,hybrid,4,21,f46da3c00b2199795e4c,O=C(CCCCl)c1ccc(F)cc1
525,hybrid,4,22,a4d269310b605d198465,COC(=O)Cc1cccc2ccccc12
525,hybrid,4,23,9cad3bab10930468747d,CC(=O)CCCCl
525,hybrid,4,24,8f5452ff0e84ab2e2057,OCc1cccc(Br)c1
525,hybrid,4,25,3032c273eee09a2644c3,COc1ccc2ccccc2c1
525,hybrid,5,1,067c9b96b35fefd28fdf,O=C(/C=C/c1ccccc1)c1ccccc1
525,hybrid,5,2,c476eca5614cf9aa12d8,CC(C)=CCC/C(C)=C/C=O
525,hybrid,5,3,619663c2b3ffb3a6c497,O=Cc1ccccc1O
525,hybrid,5,4,1aceeb0ee0419209d1c7,OCCc1cccc2ccccc12
525,hybrid,5,5,f9f0f4e29dbd30c000ee,Cc1ccc(CO)cc1
525,hybrid,5,6,22f82413c75481d74e9b,CCOC(=O)c1cccnc1
525,hybrid,5,7,67b03e9099ef99d26eb1,COC(=O)[C@H](O)c1ccccc1
525,hybrid,5,8,49201b5817f204116f7f,CCC(=O)c1cccnc1
525,hybrid,5,9,30970941542856ce8eb1,CC(C)=CCC/C(C)=C/C=O
525,hybrid,5,10,cbe7e55e896b42820ba5,Oc1ccc(OC(F)(F)F)cc1
525,hybrid,5,11,6b8fefaf0647d2239858,CC(C)c1ccccc1O
525,hybrid,5,12,327064e6ca2c38d79d76,CC(=O)CC(=O)OC(C)(C)C
525,hybrid,5,13,3fc05dc2025715e68174,CC(=O)CC(=O)OC(C)(C)C
525,hybrid,5,14,c7e762106a9ec0d9ea75,COC(=O)Cc1ccc(Br)cc1
525,hybrid,5,15,3b2c663a28a9f32bd1d3,CC(=O)c1ccc([N+](=O)[O-])cc1
525,hybrid,5,16,cf8ab33c25ad391a584c,CSc1ccc(C=O)cc1
525,hybrid,5,17,86258f5c8ffdb874521f,O=[P+](Oc1ccccc1)Oc1ccccc1
525,hybrid,5,18,f1aa9023d49cdbe2d409,c1ccc(CNCc2ccccc2)cc1
525,hybrid,5,19,8de30a7f5764c20b232e,O=Cc1ccccc1O
525,hybrid,5,20,8e330202a1983cbc02b5,O=C(c1ccccc1)c1ccc(Cl)cc1
525,hybrid,5,21,09b5473d1d8ee26da8d9,Oc1ccc(I)cc1
525,hybrid,5,22,302e458c5ed2285ca328,COC(=O)c1ccccc1N
525,hybrid,5,23,e6e78489d1da4066c07e,COc1ccc(CCO)cc1
525,hybrid,5,24,3cd0aa35793392d15513,COC(=O)Cc1cccc2ccccc12
525,hybrid,5,25,b213664a8c509420288b,FC(F)(F)c1cc(Br)cc(C(F)(F)F)c1
525,hybrid,6,1,ce9886eee330bc401615,Fc1cc(F)c(F)c(F)c1F
525,hybrid,6,2,746fde6173907fe5388f,CC(=O)c1ccc2c(c1)Cc1ccccc1-2
525,hybrid,6,3,c76d0420b34df595c0c9,CCOC(=O)c1cccnc1
525,hybrid,6,4,b85305d91a9e7cfa6005,O=Cc1ccc([N+](=O)[O-])cc1
525,hybrid,6,5,b7b1a1bb666c8cc99bad,OCCCc1ccccc1
525,hybrid,6,6,8ab3606b0d15babbd1c7,BrC(=C(c1ccccc1)c1ccccc1)c1ccccc1
525,hybrid,6,7,9fcf89b00bb880c8a5ba,CC(=O)c1ccc(N)cc1
525,hybrid,6,8,7c0c324643799c918828,OCc1ccc2ccccc2c1
525,hybrid,6,9,810b16f35a3a86f451ce,CCOC(=O)c1ccc(OC)cc1
525,hybrid,6,10,d7603686249e1fb69a60,O=C1c2ccccc2-c2ccccc21
525,hybrid,6,11,5524670e4337370c2ef6,CC(=O)c1ccc2c(c1)OCO2
525,hybrid,6,12,d035281432e410405550,COc1ccc(C(=O)c2ccccc2)cc1
525,hybrid,6,13,596bd04bfe916866f908,CSc1ccc(C(C)=O)cc1
525,hybrid,6,14,b4351e5f05f6d477a6c0,C=CC(=O)OCCOc1ccccc1
525,hybrid,6,15,c5b88ffca991e883ab64,CC(C)=CCC/C(C)=C/C=O
525,hybrid,6,16,25b1f8000dd22874bb29,COC(=O)c1ccc(CBr)cc1
525,hybrid,6,17,20a5a5008211ea15a65a,CC(=O)c1ccc(I)cc1
525,hybrid,6,18,c82167c626a1495ef750,COc1ccccc1C(C)=O
525,hybrid,6,19,5d450444eb031c873584,O=C(c1ccccc1)c1cccc(C(=O)c2ccccc2)c1
525,hybrid,6,20,d1fba30478d2e47ba5a1,CC(C=O)Cc1ccc2c(c1)OCO2
525,hybrid,6,21,d38814bd9947297635d0,OC1(c2ccccc2)CCCCC1
525,hybrid,6,22,2d178efe0181baca2bd5,COc1ccc(C=O)cc1
525,hybrid,6,23,8b556440cbbd8224f6ff,COCCCCC(=O)c1ccc(C(F)(F)F)cc1
525,hybrid,6,24,dee9f600ff021919b9d2,c1ccc(CNCc2ccccc2)cc1
525,hybrid,6,25,c5a12771920c4410d921,COC(=O)c1ccc(C(C)(C)C)cc1
525,hybrid,7,1,52b474514f1e9ba6c4d2,O=C1c2ccccc2-c2ccccc21
525,hybrid,7,2,bef81d4dd93af26c12a9,O=C(c1ccccc1)c1ccc([N+](=O)[O-])cc1
525,hybrid,7,3,c9e08e156472783dee4e,O=C1c2ccccc2-c2ccccc21
525,hybrid,7,4,355a5a627bce3e736d4d,CC(=O)c1ccc2c(c1)OCO2
525,hybrid,7,5,4659b6752f23c0b85f08,CCC(=O)c1cccnc1
525,hybrid,7,6,5da8c25a3982216fb112,O=[N+]([O-])c1ccc(CCO)cc1
525,hybrid,7,7,24a9086a8e2c8015c232,COc1ccc(C=O)cc1
525,hybrid,7,8,a91850e587e062097c02,O=Cc1ccccc1O
525,hybrid,7,9,a917c928912c74862968,O=Cc1ccc2ccccc2c1
525,hybrid,7,10,c6924324ddd95f249df6,COCCOC(=O)CC(C)=O
525,hybrid,7,11,3f1a96aa336ea0741b5a,CCOC(=O)c1ccc(F)cc1
525,hybrid,7,12,122fbec0df9ecf1c5d89,COc1ccc(C(C)=O)cc1
525,hybrid,7,13,9ae9c8b491a04e429a11,CC(=O)c1ccc([N+](=O)[O-])cc1
525,hybrid,7,14,265b6eb5a10a34c937b1,COCCCCC(=O)c1ccc(C(F)(F)F)cc1
525,hybrid,7,15,ed2525492f2a0a996a89,C=CC(=O)OCC(CC)CCCC
525,hybrid,7,16,50fbcf5ece9bd5fc2d70,COc1ccccc1C(C)=O
525,hybrid,7,17,605436d35600502e8c2e,CC(=O)c1ccc(Br)cc1
525,hybrid,7,18,264a5260b17a6cbf033f,COC(=O)CS
525,hybrid,7,19,419f6eb4080dcb9d293b,O=C(Cc1ccccc1F)C1CC1
525,hybrid,7,20,4b4d079fa6b12df47a35,COC(=O)CS
525,hybrid,7,21,b8abc8f40545556f07e0,O=C(CC(=O)c1ccccc1)c1ccccc1
525,hybrid,7,22,8c5919c128847d433188,CC(C=O)Cc1ccc2c(c1)OCO2
525,hybrid,7,23,9f362bfe1dab6e9eac3d,CCCC(=O)c1ccc(-c2ccccc2)cc1
525,hybrid,7,24,534afc6bd39a8f7923d8,Oc1ccc(OC(F)(F)F)cc1
525,hybrid,7,25,192516b3cc0500ef715b,C=CC(=O)OCCCCCCCCCCCC
525,hybrid,8,1,2feb7d8e0a3566ddf97f,N#Cc1ccc(N)cc1
525,hybrid,8,2,bc62be727bf6ded3d86e,Oc1ccc(I)cc1
525,hybrid,8,3,d1d265fffbf8e2ffc35e,CC1(C)OB(c2ccc(F)cc2)OC1(C)C
525,hybrid,8,4,ffc70e28db22d1cc1f3f,COC(=O)CC(=O)C1CC1
525,hybrid,8,5,a8ae74aecb3b1e85b73c,N#Cc1ccc(N)cc1
525,hybrid,8,6,e21a50fea625cd4d71f8,Brc1cc2ccccc2c2ccccc12
525,hybrid,8,7,4c46ceefd6147b1e0a7a,CSc1ccc(C=O)cc1
525,hybrid,8,8,df6457ca86c98c073bf6,O=Cc1ccc([N+](=O)[O-])cc1
525,hybrid,8,9,b008f92639d8bb738954,CC(=O)CC(=O)OC(C)(C)C
525,hybrid,8,10,fc452a2ea628a6c49dee,C=CC(=O)OCCOC
525,hybrid,8,11,6998dee6f6e69401798a,CC(=O)c1ccc(F)cc1
525,hybrid,8,12,7d9c7f40bc71ee7c4ef0,O=Cc1ccc(Br)cc1O
525,hybrid,8,13,8730f48ba29fd2e622ac,COCCCCC(=O)c1ccc(C(F)(F)F)cc1
525,hybrid,8,14,7ac90b210e42d27c5a04,COC(=O)CC(=O)C1CC1
525,hybrid,8,15,769f1d04efb22c05cfdf,COCCOC(=O)CC(C)=O
525,hybrid,8,16,6020a000a87663526cc8,CC(=O)CC(=O)c1ccccc1
525,hybrid,8,17,017b0f98188f8ff58935,CCOC(=O)/C=C(/C)N
525,hybrid,8,18,04ea307c7b7f3321cc20,OC1(c2ccccc2)CCCCC1
525,hybrid,8,19,b3d9bb5afa82b99f2a11,CC(=O)c1ccc(C#N)cc1
525,hybrid,8,20,aa3d61e39adc96782513,COCCOC(=O)CC(C)=O
525,hybrid,8,21,f4331eb64b6774466836,CSc1ccc(C=O)cc1
525,hybrid,8,22,3da92f4c69a3c88d3585,CCOC(=O)C(Br)C(=O)OCC
525,hybrid,8,23,8340b51546d211789a45,Brc1cc(-c2ccccc2)cc(-c2ccccc2)c1
525,hybrid,8,24,762190c8d9f5b2d1a89a,CC(=O)c1ccc(N)cc1
525,hybrid,8,25,6c99a9b10569a54b715f,C=CC(=O)OCCOc1ccccc1
525,random,1,1,7a9775ac62acbc27a73d,CC(=O)c1ccc(C)cc1C
525,random,1,2,b7880e59ff4586b29a28,COC(=O)C(=O)c1ccccc1
525,random,1,3,2d63ab3869184cde52bf,COc1ccc(C(=O)c2ccccc2)cc1
525,random,1,4,58b6573030e985c1a95a,COc1ccc(Cl)cc1
525,random,1,5,f59dc07845ef4a376526,C=CCCc1ccccc1
525,random,1,6,8caaa3c9c24903be7feb,C=CC(=O)OCC(F)(F)F
525,random,1,7,3640b51b8b7ec629cfed,CC(C)C(=O)c1ccccc1
525,random,1,8,caf9131e01751f4c90d4,O=Cc1c(Br)cccc1Br
525,random,1,9,2bd50654bad989d82c87,Cc1cc(C)cc(C#N)c1
525,random,1,10,64bb328174ab49136339,O=Cc1cc(Cl)ccc1Br
525,random,1,11,42b3b7216aee53ebe1cc,Brc1cc2ccccc2c2ccccc12
525,random,1,12,4dcce3e0c8b66ec2ad50,CCOC(=O)C(Br)C(=O)OCC
525,random,1,13,fa41b08d0bf4ffe0aa72,COc1cc(F)cc(Br)c1
525,random,1,14,bcb4ef9d7e50a958d564,O=C(c1ccccc1)c1ccc(Cl)cc1
525,random,1,15,d9e187481b855cef4e41,Clc1ccccc1I
525,random,1,16,8f5452ff0e84ab2e2057,OCc1cccc(Br)c1
525,random,1,17,eb8fe82f34df6bf3ff38,O=CCCc1ccccc1
525,random,1,18,a15744dbeb99bc224e40,CC(=O)c1ccc2ccccc2c1
525,random,1,19,eb8bf4960fc4d556bab4,CC(=O)c1ccccc1C
525,random,1,20,60ef3e08e4fa789b999c,Brc1ccc2ccccc2c1
525,random,1,21,c76d0420b34df595c0c9,CCOC(=O)c1cccnc1
525,random,1,22,5a7caf93a900dfc9dc85,COC(=O)c1ccc(C(C)(C)C)cc1
525,random,1,23,e7c4d856d4d9a8d5ddbf,CC(C)COC(=O)c1ccccc1
525,random,1,24,732d578f2621b56cc5de,C=C(c1ccccc1)c1ccccc1
525,random,1,25,73771d4752cdcd04a023,FC(F)(F)c1cc(Br)cc(C(F)(F)F)c1
525,random,2,1,c6159dcb5802e62284d1,COc1ccc(OC)cc1
525,random,2,2,aa4c0f940c011630a345,COc1ccc(C(C)=O)cc1
525,random,2,3,c6f9768de03e08b1652c,FC(F)(F)Oc1ccc(I)c(Br)c1
525,random,2,4,486e498e45d084ced568,O=C1c2ccccc2-c2ccccc21
525,random,2,5,23dcf709250c2a40f363,CC(C)=CCC/C(C)=C/C=O
525,random,2,6,dd4f07e349873053fd73,COc1cccc(OC)c1C=O
525,random,2,7,5b714c28453408ad4d6c,c1ccc(COCc2ccccc2)cc1
525,random,2,8,43d6f492bc9902b2e1e2,Brc1ccccc1-c1ccccc1
525,random,2,9,6b8cc27068e5dd732d84,CC1(C)OB(c2ccc(F)cc2)OC1(C)C
525,random,2,10,422ee7951888bafd55f4,COC(=O)Cc1ccc(Br)cc1
525,random,2,11,7d8d7bb22a7cbba9acf6,O=Cc1cc(C(F)(F)F)ccc1Br
525,random,2,12,f7684c557ad58e3a1b0b,CCOC(=O)C(C(=O)OCC)c1ccccc1
525,random,2,13,17b4019da623a31c6bff,CCCCCCCCCCCCc1cc(Br)sc1Br
525,random,2,14,b149b054ae725437b4e9,Brc1ccc(Br)c2ccccc12
525,random,2,15,463adede738923684058,CC(C)COC(=O)c1ccccc1
525,random,2,16,a0dbbb6d1e855051ebb2,O=Cc1c(Br)cccc1Br
525,random,2,17,b819ee3c169e34252d65,CCOC(=O)c1ccc(Cl)cc1
525,random,2,18,cdcabd704ebeeeca9183,CSc1ccc(C(C)=O)cc1
525,random,2,19,0bf3ee298cf472bd6a5e,COC(=O)C(C)(C)Br
525,random,2,20,571dc7d7b903eed7cdf6,C=CC(=O)OCCCCCCCCCCCC
525,random,2,21,f6ee035f6a2a7082604a,BrC(=C(c1ccccc1)c1ccccc1)c1ccccc1
525,random,2,22,5d11af6ff834c7706e64,CCCCCCCCCCCCc1cc(Br)sc1Br
525,random,2,23,17beb55af7159f9079dc,CC(=O)c1cccc(C)c1
525,random,2,24,b3c9fa1d5357e864dbb0,c1ccc(Cc2ccccc2)cc1
525,random,2,25,d227db4f4b8fdca822d5,O=Cc1ccccc1O
525,random,3,1,87dd1aa770dd9b7e4695,O=Cc1cc(C(F)(F)F)ccc1Br
525,random,3,2,c2349adace8ee903700a,CCOC(=O)c1ccc(F)cc1
525,random,3,3,7a32c95cf5cf281c87d9,Cc1ccc(C=O)c(C)c1
525,random,3,4,0a974fa5ccff4ce25b98,COc1ccc(C)cc1OC
525,random,3,5,17ff70c0f8a083dcf5f0,COc1ccccc1
525,random,3,6,99a3c4452ddfa8ff12c0,CCOC(=O)c1ccccc1N
525,random,3,7,7ac90b210e42d27c5a04,COC(=O)CC(=O)C1CC1
525,random,3,8,903811765ba61a8af2b7,CC1(C)OB(c2ccc(F)cc2)OC1(C)C
525,random,3,9,4257dae751590e647fb1,CCOC(=O)/C=C(/C)N
525,random,3,10,1525a3663c8d039331ed,Brc1ccc2occc2c1
525,random,3,11,3fc05dc2025715e68174,CC(=O)CC(=O)OC(C)(C)C
525,random,3,12,a438141ce44ecce82131,C=CCCc1ccccc1
525,random,3,13,9bbd36c8b484b5609808,COC(=O)C(=O)c1ccccc1
525,random,3,14,c63dec7fc76d8e529022,C=CC(=O)OCCCCCCCCCCCC
525,random,3,15,e85d76beae17d6b6ada4,Brc1cc2ccccc2c2ccccc12
525,random,3,16,dc73b789d0821495353b,N#Cc1ccccc1Br
525,random,3,17,1b4be0410f927930d56e,Oc1ccc(OC(F)(F)F)cc1
525,random,3,18,bb387f1af7263b2445fb,Brc1ccc2occc2c1
525,random,3,19,45456543397c99c90420,Cc1ccc(C=O)c(C)c1
525,random,3,20,989222022f8f567ee126,O=C(CC(=O)C(F)(F)F)c1ccc2ccccc2c1
525,random,3,21,0e5ec8a2cbdfe50daf83,Cc1ccc(C)cc1
525,random,3,22,6f25019b0f79ffe0db56,CCCCC(=O)c1ccccc1
525,random,3,23,4c57cf3006f6345d11fc,CC(=O)CC(=O)c1ccccc1
525,random,3,24,70714ec13048a5060224,c1ccc(-c2ccccn2)cc1
525,random,3,25,18493dd4e68cac01205f,CCC(O)c1ccccc1
525,random,4,1,0f06772820e6693753e3,c1ccc(-c2ccccn2)cc1
525,random,4,2,70abe1d9543e6cae908e,O=Cc1ccccc1O
525,random,4,3,41f57dc6d50ee162801a,COC(=O)CC(C)=O
525,random,4,4,97fda03b3c38e5bc5abd,Cc1ccccc1C#N
525,random,4,5,f81578588e5df2eb7e54,Clc1ccccc1I
525,random,4,6,232aec9a239a600317ab,CC(O)CCc1ccccc1
525,random,4,7,cf76f3cc8104a573e84c,CC(=O)c1ccccc1
525,random,4,8,014a5a6687748dfc0ebf,CC(C)c1ccccc1O
525,random,4,9,08155ffdcb0d27576050,CCOC(=O)CC(=O)OCC
525,random,4,10,3bb54d92fcc3ef0fc388,CC(C)=CCC/C(C)=C/C=O
525,random,4,11,d7f5057912ffbf1231a3,CCOC(=O)c1ccc(N)cc1
525,random,4,12,5a9e53301097a68892d0,O=Cc1c(Br)cccc1Br
525,random,4,13,8b6fc534edc07d5b79be,COC(=O)CC(C)=O
525,random,4,14,ae2d789b6363657d3181,COc1ccc(OC)c(Br)c1
525,random,4,15,54d470deb03c6f66b026,CCOC(=O)CC(=O)c1ccccc1
525,random,4,16,bd9a1f4f201144d577d7,O=Cc1ccc2ccccc2c1
525,random,4,17,9d3f3505ff1be86befbe,C1=Cc2ccccc2C1
525,random,4,18,a8ad1c1e7d0c3c312f29,Oc1ccc(I)cc1
525,random,4,19,072a39209a501d7d7db5,c1ccc2ccccc2c1
525,random,4,20,33123966b214578291a5,CCOC(=O)c1ccc(F)cc1
525,random,4,21,b1801204c2c4a34a9278,COc1ccc(C=O)c(O)c1
525,random,4,22,76643e968ecc935c745c,O=C(c1ccccc1)c1ccc([N+](=O)[O-])cc1
525,random,4,23,326a96bcee1f3f903cf9,COc1ccc2ccccc2c1
525,random,4,24,0d1eaff6f686ee174d88,O=Cc1ccc2ccccc2c1
525,random,4,25,87c47bbb721cb26b06cc,O=Cc1c(Br)cccc1Br
525,random,5,1,98586ac2d6d266ddb78c,COc1ccc(C=O)cc1
525,random,5,2,d548341855ca1aaebf07,CCOC(=O)Cc1ccccc1
525,random,5,3,530217d6ee1ada65ac65,Cc1ccc(Cl)cc1Br
525,random,5,4,f29b8be2770aa433617f,FC(F)(F)Oc1ccc(I)c(Br)c1
525,random,5,5,5924be549731349785e5,COc1ccc2ccccc2c1
525,random,5,6,82bd322802db278e7c5f,CCCCC(=O)c1ccccc1
525,random,5,7,e09460619a9bf3a79cd4,Cc1ccc(Cl)cc1
525,random,5,8,2486f5f33a2106f6a2e5,COc1cc(Br)cc(OC)c1
525,random,5,9,5fc63f69bdf7f0b71bbc,COC(=O)c1ccc(CBr)cc1
525,random,5,10,6998dee6f6e69401798a,CC(=O)c1ccc(F)cc1
525,random,5,11,064249131c1c3106e540,CC(=O)c1ccc(C#N)cc1
525,random,5,12,3ba72d7e71d02ea168dd,COc1cc(OC)cc(OC)c1
525,random,5,13,64ee1c3ebc67ba7edda2,Cc1ccc(Cl)cc1Br
525,random,5,14,fa1bec4ee7db4191b72d,CC(=O)c1ccc(F)cc1
525,random,5,15,b611d3bb1344a3e6a62a,O=C(CCCl)c1ccccc1
525,random,5,16,0d7b26fecd6b2854ca8e,CCOC(=O)c1ccc(N)cc1
525,random,5,17,ba886a8f0a4af3f92d70,CCC(O)c1ccccc1
525,random,5,18,a5b35b440a2cb03e25cd,O=C(CC(=O)c1ccccc1)c1ccccc1
525,random,5,19,b86ace0ccafe0af8ceec,N#Cc1ccc(C(=O)c2ccccc2)cc1
525,random,5,20,5e45395722fa0dcc1d00,CC(O)CCc1ccccc1
525,random,5,21,92bac523bed1042d6a75,O=C(OCc1ccccc1)c1ccccc1
525,random,5,22,f05558de399ad23eb6f6,O=C(CC(=O)C(F)(F)F)c1ccccc1
525,random,5,23,946f712a81f3990f568f,C=CC(=O)OCC(F)(F)F
525,random,5,24,fb4ce5d78cbb665a3ddb,COC(=O)C(C)(C)Br
525,random,5,25,fd1d673cc647d6745303,COC(=O)CS
525,random,6,1,b673a92ba6de805c4251,Brc1ccccc1-c1ccccc1
525,random,6,2,17fd49e7bf1b8c8b08f7,CC(=O)c1ccc(C)cc1C
525,random,6,3,0b8c6c59ae5e24b420e5,Oc1ccc(I)cc1
525,random,6,4,90ffd1cce5c558eebebc,CC(C)(CCl)c1ccccc1
525,random,6,5,2c105d3b7f32d3b6a965,O=Cc1ccc(-c2ccccc2)cc1
525,random,6,6,f5477be41896484d6b21,O=Cc1ccc2ccccc2c1Br
525,random,6,7,4276fb99ccd1d4c70a06,COc1ccc(C(C)=O)cc1
525,random,6,8,02425f554db74d9809d2,COc1ccc(C=O)c(O)c1
525,random,6,9,35944fdd59ac331c3fcb,COC(=O)CC(C)=O
525,random,6,10,4dd5139156c57f3467c1,O=C(c1ccccc1)c1ccc(Cl)cc1
525,random,6,11,5e784130c58b8175024e,CCC(O)c1ccccc1
525,random,6,12,904fa4a17e429d0616f5,O=Cc1ccc([N+](=O)[O-])cc1
525,random,6,13,e506c0353a9b601af9ac,CC(C=O)Cc1ccc2c(c1)OCO2
525,random,6,14,99b6aac7dd5c18caba18,CC(=O)CC(=O)c1ccccc1
525,random,6,15,d803316212dc6eb862e9,OCc1cccc(Br)c1
525,random,6,16,309eeb173ec41ccb2df6,FC(F)(F)c1cc(Br)cc(C(F)(F)F)c1
525,random,6,17,117fb19e55f91e3dffa2,COc1ccc2ccccc2c1
525,random,6,18,f64ebc218e6ab29d7edc,O=Cc1ccc([N+](=O)[O-])cc1
525,random,6,19,05ae46c25f5bd347b3a1,CC(=O)CC(=O)c1ccccc1
525,random,6,20,8d79808de7b5a47aefcd,COC(=O)c1ccc(Cl)cc1
525,random,6,21,3fc98e437a788e22e949,CC(=O)c1ccccc1Br
525,random,6,22,0460dfc4e1747f0fc92c,CCOC(=O)c1cccnc1
525,random,6,23,2d55c475fcf1f4ced2d2,Cc1cccc(C=O)c1Br
525,random,6,24,7138b866c4df4a2274f1,FC(F)(F)Oc1ccccc1I
525,random,6,25,304fb0fdb486ae4b7a07,C=CC(=O)OCCN(CC)CC
525,random,7,1,186ff43c8f3dcf2ed444,Cc1ccccc1C#N
525,random,7,2,b7680f0ae6c8ca4dfd3a,COc1ccc(Cl)cc1
525,random,7,3,da4ade272ce8100d5b06,Cc1ccccc1C#N
525,random,7,4,0af4d354d29927a8a743,CC(=O)CC(=O)OC(C)(C)C
525,random,7,5,080df98aa049d56f1236,CCOC(=O)CBr
525,random,7,6,1ccaa557ab3d63a19bf6,CCOC(=O)C(C)Br
525,random,7,7,3c720f4b187382a3d563,CCOC(=O)c1ccccc1N
525,random,7,8,0e1f65d90ed00dc33731,C1=Cc2ccccc2C1
525,random,7,9,180dce7b015d7ed8031e,FC(F)(F)Oc1ccccc1I
525,random,7,10,d11074f9c4f74061ba15,OC1(c2ccccc2)CCCCC1
525,random,7,11,073e6abf4d3bfffc2761,CCOC(=O)c1ccc(N)cc1
525,random,7,12,b0782bad27d15bd8a272,Brc1ccc2ccccc2c1
525,random,7,13,b31fd6bd7ae30c540bd7,Ic1cccs1
525,random,7,14,d2ad2d89b0ecb819c916,C=CC(=O)OCc1ccccc1
525,random,7,15,d73810c9779aede1ff57,CC(=O)c1ccc(C)cc1
525,random,7,16,8bef7f788af60df5e18a,O=Cc1ccc2ccccc2c1
525,random,7,17,3e9cbdb1e890c7998372,Cc1ccc(I)c(C)c1
525,random,7,18,da42a0a387a029f477c4,Brc1ccc(Br)c2ccccc12
525,random,7,19,29c10ff03e1b36b3d26d,CCOC(=O)CC(=O)OCC
525,random,7,20,5067b637ae304dd5924a,O=[N+]([O-])c1cccc(Br)c1
525,random,7,21,26bf23b00a71858e89ac,BrC(=C(c1ccccc1)c1ccccc1)c1ccccc1
525,random,7,22,59b54ad3a60a52cc2b2c,N#Cc1ccc(C(=O)c2ccccc2)cc1
525,random,7,23,33fe75ab7a516644119f,C=CC(=O)O[C@@H]1C[C@H]2CC[C@]1(C)C2(C)C
525,random,7,24,acdffd73c7b1388ba321,O=Cc1ccc(C=O)cc1
525,random,7,25,ce1e18cf41501bc573ad,COc1ccc(C=O)cc1
525,random,8,1,19732d5797039e3465b6,N#Cc1cccc(N)c1
525,random,8,2,09b222eabddb5c300af9,COC(=O)c1ccc(Cl)cc1
525,random,8,3,2254bc862ff0eae35aa6,Cc1ccc(F)cc1I
525,random,8,4,9ad00109e888c57d5d30,COC(=O)Cc1cccc2ccccc12
525,random,8,5,b9567f94a7b303ec27d4,COc1ccc2ccccc2c1
525,random,8,6,6fc227d3382270d96cdc,O=C(CCCCl)c1ccc(F)cc1
525,random,8,7,00108a625c557c377dda,CCOC(=O)C(C)Br
525,random,8,8,10ea0c665f5ba7c91bbf,O=C1CCc2ccccc2O1
525,random,8,9,ca363e6811e98069497a,COc1ccc(Br)c(CBr)c1
525,random,8,10,211d35ba2d70d66634dc,CC(=O)c1ccc(C)cc1C
525,random,8,11,ec762d83c969185cabe3,FC(F)(F)c1cc(Br)cc(C(F)(F)F)c1
525,random,8,12,130a4d6f3299791112ea,CC1(C)OB(c2ccc(F)cc2)OC1(C)C
525,random,8,13,08fabec896b5e6031d72,CC(C)=CCBr
525,random,8,14,5b706e17e8412d02342f,O=C(c1ccccc1)c1ccc([N+](=O)[O-])cc1
525,random,8,15,22f4e0f26e7ff02e1054,Cc1ccc(CO)cc1
525,random,8,16,5a0302cc67b1fd69b7cd,Brc1cc2ccccc2c2ccccc12
525,random,8,17,5497a50fcc16a8bf1a07,COC(=O)c1ccc(C(C)(C)C)cc1
525,random,8,18,457b3def1714039eadb3,Oc1ccc(I)cc1
525,random,8,19,8fb7f07df563e78786b2,O=C1CCc2ccccc2O1
525,random,8,20,a6a0404c3ad65c6d9326,CC(=O)c1ccc2c(c1)OCO2
525,random,8,21,636491dd3f00eef5ba6f,COc1cc(Br)cc(OC)c1
525,random,8,22,7571d4719ffcd43a7258,COC(=O)CC(C)=O
525,random,8,23,06e2ce85d19f6758cd2d,c1ccc(Cc2ccccc2)cc1
525,random,8,24,2d27f02deb37eeb61bfe,Cc1cc(C)cc(C#N)c1
525,random,8,25,6a9df58ba750ae76df13,Brc1ccc(Br)c2ccccc12
1101,coverage,1,1,b514312eda7950cdcf1c,O=C(c1ccccc1)c1ccc([N+](=O)[O-])cc1
1101,coverage,1,2,ec71ea81bb34e0bf505e,CCCCCCCCCCCCc1cc(Br)sc1Br
1101,coverage,1,3,70cba7a21b5a01fb8e73,c1ccc(CNCc2ccccc2)cc1
1101,coverage,1,4,e4a7e43d15fcdee2ba1d,CCCCCCCCCCCCc1cc(Br)sc1Br
1101,coverage,1,5,ca467c94f14b2219503e,C=C(C)C(=O)OCCOC(=O)CC(C)=O
1101,coverage,1,6,606886b17304ec494aa0,CC(=O)c1ccc([N+](=O)[O-])cc1
1101,coverage,1,7,48679ae48dd485ffb7a6,COC(=O)C#CC(=O)OC
1101,coverage,1,8,74ce463c8423fbd22dc4,C=C(C)C(=O)OCCOC(=O)CC(C)=O
1101,coverage,1,9,1e775e7d8dcbf48fd6f8,O=C(O)/C=C/c1ccccc1
1101,coverage,1,10,aed6d224edcb21e5d658,O=C(c1ccccc1)c1cccc(C(=O)c2ccccc2)c1
1101,coverage,1,11,61e2b18d9ec61505948c,CC(=O)CC(=O)OC(C)(C)C
1101,coverage,1,12,59192e4170140e48acdd,C=CC(=O)O[C@@H]1C[C@H]2CC[C@]1(C)C2(C)C
1101,coverage,1,13,f25bc3a3b74471e14801,COC(=O)C(C)(C)Br
1101,coverage,1,14,e009f41aa23d4c7b3fff,O=C1c2ccccc2-c2ccccc21
1101,coverage,1,15,6802f0b28c5a0c7b4c2a,O=C(O)/C=C/c1ccccc1
1101,coverage,1,16,68c511d842fc030aa84b,C=CC(=O)OCCCCCCCCCCCC
1101,coverage,1,17,5e276c1730fc0a9deba7,O=C(c1ccccc1)c1ccc([N+](=O)[O-])cc1
1101,coverage,1,18,d05a91dc8e32e9edd7d0,Cc1ccc(CO)cc1
1101,coverage,1,19,6cb80aa01247c6623418,BrC(=C(c1ccccc1)c1ccccc1)c1ccccc1
1101,coverage,1,20,786c15055f363ee07a8c,CC(C)(C)c1cc(C=O)cc(C(C)(C)C)c1
1101,coverage,1,21,5442611ea6789d42bc86,O=C(c1ccccc1)c1ccc([N+](=O)[O-])cc1
1101,coverage,1,22,f12beecbff24b79dddeb,FC(F)(F)Oc1ccc(I)c(Br)c1
1101,coverage,1,23,3cd6baf11210b3dcfb43,COC(=O)c1ccccc1N
1101,coverage,1,24,bc2a96424966b655227f,C=C(C)C(=O)OCCOC(=O)CC(C)=O
1101,coverage,1,25,912c3bd62a46978c8a22,BrC(=C(c1ccccc1)c1ccccc1)c1ccccc1
1101,coverage,2,1,a17bcdddcf0799baeee2,N#Cc1ccc(C(=O)c2ccccc2)cc1
1101,coverage,2,2,b85305d91a9e7cfa6005,O=Cc1ccc([N+](=O)[O-])cc1
1101,coverage,2,3,5df546d9e2f2a29dfc89,O=C(/C=C/c1ccccc1)/C=C/c1ccccc1
1101,coverage,2,4,c9bef93a79964dc6ede1,O=C(/C=C/c1ccccc1)/C=C/c1ccccc1
1101,coverage,2,5,a1dc71bed9d8f372c9e5,N#Cc1ccc(C(=O)c2ccccc2)cc1
1101,coverage,2,6,327064e6ca2c38d79d76,CC(=O)CC(=O)OC(C)(C)C
1101,coverage,2,7,d54c93a11164b4abac6e,CSc1ccc(C=O)cc1
1101,coverage,2,8,59ce141f6f9f30603132,O=[N+]([O-])c1cccc(Br)c1
1101,coverage,2,9,1cc3b837c6561b1c0a23,C=C(C)C(=O)OCCOC(=O)CC(C)=O
1101,coverage,2,10,f6c49d6bc4b677f17278,c1ccc(CNCc2ccccc2)cc1
1101,coverage,2,11,0b247863fd6e8aaf44d8,O=C(O)/C=C/c1ccccc1
1101,coverage,2,12,2f1ff409bb879ae9f62b,C=CC(=O)OCCCCCCCCCCCC
1101,coverage,2,13,5d450444eb031c873584,O=C(c1ccccc1)c1cccc(C(=O)c2ccccc2)c1
1101,coverage,2,14,409d01129a3e41b32902,O=C(c1ccccc1)c1cccc(C(=O)c2ccccc2)c1
1101,coverage,2,15,634f21e11a8442494ce3,O=C(c1ccccc1)c1cccc(C(=O)c2ccccc2)c1
1101,coverage,2,16,5bad82a6cffd60e7a6c9,COC(=O)CS
1101,coverage,2,17,89d752b5a7f7c8d0b91e,c1ccc(CNCc2ccccc2)cc1
1101,coverage,2,18,67fa39740fcf946a3154,COC(=O)Cc1cccc2ccccc12
1101,coverage,2,19,547923973b121019625f,CCOC(=O)c1ccccc1N
1101,coverage,2,20,9ae9c8b491a04e429a11,CC(=O)c1ccc([N+](=O)[O-])cc1
1101,coverage,2,21,5885d427a26f03e522f3,OC1(c2ccccc2)CCCCC1
1101,coverage,2,22,dee9f600ff021919b9d2,c1ccc(CNCc2ccccc2)cc1
1101,coverage,2,23,a1a20c44f0f897b9626c,C=CC(=O)OCCOC
1101,coverage,2,24,5b321e1d74077a216a70,FC(F)(F)Oc1ccc(I)c(Br)c1
1101,coverage,2,25,c476eca5614cf9aa12d8,CC(C)=CCC/C(C)=C/C=O
1101,coverage,3,1,80f546c47198fa7c6dbf,Oc1ccc(OC(F)(F)F)cc1
1101,coverage,3,2,73771d4752cdcd04a023,FC(F)(F)c1cc(Br)cc(C(F)(F)F)c1
1101,coverage,3,3,0f06772820e6693753e3,c1ccc(-c2ccccn2)cc1
1101,coverage,3,4,754f1d33b0ed61557754,CCOC(=O)/C=C(/C)N
1101,coverage,3,5,011d2598865d3a81a17d,Fc1cc(F)c(F)c(F)c1F
1101,coverage,3,6,0434c2f9b75e25782a13,CCOC(=O)C(Br)C(=O)OCC
1101,coverage,3,7,40b5d3fdb9b234c05be5,Brc1cc(-c2ccccc2)cc(-c2ccccc2)c1
1101,coverage,3,8,13bfaf03c35b4cff3bd5,OCc1ccc2ccccc2c1
1101,coverage,3,9,c5b88ffca991e883ab64,CC(C)=CCC/C(C)=C/C=O
1101,coverage,3,10,7954bf73f74c7fbcecb2,OCCc1cccc2ccccc12
1101,coverage,3,11,b1801204c2c4a34a9278,COc1ccc(C=O)c(O)c1
1101,coverage,3,12,129036e0bccc4ff7e848,CC(Br)C(=O)O
1101,coverage,3,13,0c5c35afb3a24375c153,O=C(c1ccccc1)c1cccc(C(=O)c2ccccc2)c1
1101,coverage,3,14,e598b9cf54086c1c64b2,c1ccc2ccccc2c1
1101,coverage,3,15,b37608f8c4a8ee4b8696,O=C(O)/C=C/c1ccccc1
1101,coverage,3,16,8e701efd2ee4729edc4b,COC(=O)[C@H](O)c1ccccc1
1101,coverage,3,17,408ce1a4e23492a3ef31,COc1ccc(C=O)c(O)c1
1101,coverage,3,18,b7fffd840d208b29776c,O=C(/C=C/c1ccccc1)/C=C/c1ccccc1
1101,coverage,3,19,5e1c073538cbbe740b6f,FC(F)(F)c1cc(Br)cc(C(F)(F)F)c1
1101,coverage,3,20,62d1db91c3839882736a,Cc1cc(C)cc(C#N)c1
1101,coverage,3,21,549daca56bed1c9d2bcc,COc1cccc(OC)c1C=O
1101,coverage,3,22,4c544dce3570699bcb17,CC(Br)C(=O)O
1101,coverage,3,23,90ae8e9fe447f6a79598,C=CC(=O)O[C@@H]1C[C@H]2CC[C@]1(C)C2(C)C
1101,coverage,3,24,61771d230b285babe4b6,CCOC(=O)C(Cc1ccccc1)C(C)=O
1101,coverage,3,25,cace6f00c46aea69fe39,CC(=O)c1ccc2c(c1)Cc1ccccc1-2
1101,coverage,4,1,29b39881584c4fec1c58,Oc1ccc(OC(F)(F)F)cc1
1101,coverage,4,2,5da8c25a3982216fb112,O=[N+]([O-])c1ccc(CCO)cc1
1101,coverage,4,3,f90a5a5a54509c085ebd,O=C(O)/C=C/c1ccccc1
1101,coverage,4,4,d49f2ae16cf70d54ccf4,O=S(c1ccccc1)c1ccccc1
1101,coverage,4,5,358461ff3742e78ea3b6,OCCCc1ccccc1
1101,coverage,4,6,4fb92bd1fab3ba235858,CC(C)(O)CCc1ccccc1
1101,coverage,4,7,4d1e1e0eca90a46d77b2,CC(C=O)Cc1ccc2c(c1)OCO2
1101,coverage,4,8,04ea307c7b7f3321cc20,OC1(c2ccccc2)CCCCC1
1101,coverage,4,9,d1e922c04dbd0c9f6c06,CC(=O)c1ccc2c(c1)Cc1ccccc1-2
1101,coverage,4,10,a6fd9cae6e0672265c13,CCCCCCCCCCCCc1cc(Br)sc1Br
1101,coverage,4,11,425fe9dfe0c3f345460b,CCOC(=O)C(Cc1ccccc1)C(C)=O
1101,coverage,4,12,9ffee2813aef5c26f96f,C/C(=N\O)c1ccccc1
1101,coverage,4,13,c393010c592b487413e2,O=Cc1ccc2c(c1)CCO2
1101,coverage,4,14,a38fee52661fd3e3b7ea,C/C(=N\O)c1ccccc1
1101,coverage,4,15,c5185bd663026c64c816,c1ccc2ncccc2c1
1101,coverage,4,16,9f2d5137dc74e98c0f59,CC(C)=CCC/C(C)=C/C=O
1101,coverage,4,17,83326d8b972b1f3325e4,COC(=O)[C@H](O)c1ccccc1
1101,coverage,4,18,81507d463506a9e65e73,C=C(C)C(=O)OCCOC(=O)CC(C)=O
1101,coverage,4,19,6b8fefaf0647d2239858,CC(C)c1ccccc1O
1101,coverage,4,20,cb79e57eb461a7dcc59a,CC1(C)OB(c2ccc(F)cc2)OC1(C)C
1101,coverage,4,21,6f9d141f9a5e7238a801,Ic1cccs1
1101,coverage,4,22,b05a4e8db42ce35cc958,CC(=O)Oc1ccc(C=O)cc1
1101,coverage,4,23,7c6e7b244de393e8554d,O=Cc1ccc2ccccc2c1Br
1101,coverage,4,24,8ab554cd154e9749790b,O=Cc1ccccc1[N+](=O)[O-]
1101,coverage,4,25,619663c2b3ffb3a6c497,O=Cc1ccccc1O
1101,coverage,5,1,3f6b817d855e67b3b406,O=C(/C=C/c1ccccc1)/C=C/c1ccccc1
1101,coverage,5,2,96ab5d3f34bf46cba8c0,c1ccc(COCc2ccccc2)cc1
1101,coverage,5,3,5265c3d2f02abb35e86e,C=CC(=O)OCCCCCCCCCCCC
1101,coverage,5,4,aa83ae83c0fa0cc37777,O=S(c1ccccc1)c1ccccc1
1101,coverage,5,5,a6145bb0c9947f9515df,OCc1ccc2ccccc2c1
1101,coverage,5,6,b4351e5f05f6d477a6c0,C=CC(=O)OCCOc1ccccc1
1101,coverage,5,7,302e458c5ed2285ca328,COC(=O)c1ccccc1N
1101,coverage,5,8,3fe8b9db9fbe9d0dedc4,Oc1ccc(I)cc1
1101,coverage,5,9,20913a7c2077b80b7351,COc1ccc(CO)cc1
1101,coverage,5,10,222a68fc192f66c1c080,c1ccc2ncccc2c1
1101,coverage,5,11,c76d0420b34df595c0c9,CCOC(=O)c1cccnc1
1101,coverage,5,12,45a1b11ae63f2dab2e48,OCCCc1ccccc1
1101,coverage,5,13,4466eabae9624380fbc6,O=C(c1ccccc1)c1ccc([N+](=O)[O-])cc1
1101,coverage,5,14,4c46ceefd6147b1e0a7a,CSc1ccc(C=O)cc1
1101,coverage,5,15,5258960e057b56ed51f8,N#Cc1cccc(N)c1
1101,coverage,5,16,741f33ecf2e66f9958fd,N#Cc1ccccc1F
1101,coverage,5,17,66454b90cefcad2e4125,Fc1cc(F)c(F)c(F)c1F
1101,coverage,5,18,87feacbcbae05abe90a8,C(=C/c1ccccc1)\c1ccccc1
1101,coverage,5,19,cd33bc1895c4acb28189,CC(Br)C(=O)O
1101,coverage,5,20,f31917e9b529f3a4126a,Brc1cc(-c2ccccc2)cc(-c2ccccc2)c1
1101,coverage,5,21,c7e762106a9ec0d9ea75,COC(=O)Cc1ccc(Br)cc1
1101,coverage,5,22,cb729a03dac0230812b1,O=C(/C=C/c1ccccc1)/C=C/c1ccccc1
1101,coverage,5,23,3163a9b58f1a52a1992c,O=C1CCc2ccccc2O1
1101,coverage,5,24,6c99a9b10569a54b715f,C=CC(=O)OCCOc1ccccc1
1101,coverage,5,25,3032c273eee09a2644c3,COc1ccc2ccccc2c1
1101,coverage,6,1,0774ceee565be86b891c,O=C(c1ccccc1)C1CCCCC1
1101,coverage,6,2,b51b5dbcd2a38b174973,CCOC(=O)c1cccnc1
1101,coverage,6,3,2cf4f6424b85ab121943,CCC(O)c1ccccc1
1101,coverage,6,4,0655d71fcec0d1c3c73f,O=C1CCc2ccccc2O1
1101,coverage,6,5,7fb4f90753d40dd25be0,Cc1cccc(C)n1
1101,coverage,6,6,99a3c4452ddfa8ff12c0,CCOC(=O)c1ccccc1N
1101,coverage,6,7,769f1d04efb22c05cfdf,COCCOC(=O)CC(C)=O
1101,coverage,6,8,fce2741d123dd81a8fa6,C=CC(=O)OC1CCCCC1
1101,coverage,6,9,fb3554edb66d06986f1f,O=C(c1ccccc1)C1CCCCC1
1101,coverage,6,10,2cc7c8ae52cdb25ca284,O=C1CCc2ccccc2O1
1101,coverage,6,11,3e75262e7afda8b7f54b,CC(C)(C)c1cc(C=O)cc(C(C)(C)C)c1
1101,coverage,6,12,17ff889395addf7d6295,O=C(c1ccccc1)c1cccc(C(=O)c2ccccc2)c1
1101,coverage,6,13,f46da3c00b2199795e4c,O=C(CCCCl)c1ccc(F)cc1
1101,coverage,6,14,3c358af26c2e2988cd46,O=C(Cc1ccccc1)c1ccccc1
1101,coverage,6,15,a36291cab664852df5e5,O=C1CCCCc2ccccc21
1101,coverage,6,16,292e0342682192a69fce,c1ccc(-c2ccccn2)cc1
1101,coverage,6,17,5e784130c58b8175024e,CCC(O)c1ccccc1
1101,coverage,6,18,903811765ba61a8af2b7,CC1(C)OB(c2ccc(F)cc2)OC1(C)C
1101,coverage,6,19,5e45395722fa0dcc1d00,CC(O)CCc1ccccc1
1101,coverage,6,20,14d7f6fb3dda38f48fb9,O=C(CC(=O)C(F)(F)F)c1ccc2ccccc2c1
1101,coverage,6,21,857ae40d0fdf1c7e387e,O=Cc1ccccc1[N+](=O)[O-]
1101,coverage,6,22,1d15ee46756cd1845a68,COc1ccc(C=O)c(O)c1
1101,coverage,6,23,1cee9fb4b0731101f3a6,CCOC(=O)c1ccccc1N
1101,coverage,6,24,715cf6b265c19d80e943,O=S(c1ccccc1)c1ccccc1
1101,coverage,6,25,985361f6699d97f9464f,CC(O)CCc1ccccc1
1101,coverage,7,1,434ffacb33eccce497c5,Cc1cccc(C)n1
1101,coverage,7,2,55927e904f7c540fd4f2,CC(=O)CCCCl
1101,coverage,7,3,5524670e4337370c2ef6,CC(=O)c1ccc2c(c1)OCO2
1101,coverage,7,4,8f5452ff0e84ab2e2057,OCc1cccc(Br)c1
1101,coverage,7,5,a4a0dd6b9d09c8176801,Oc1ccc(I)cc1
1101,coverage,7,6,55200f8e501a16ffa0cf,CSc1ccc(C(C)=O)cc1
1101,coverage,7,7,51f4126a3aadb3239225,Cc1cccc(C)n1
1101,coverage,7,8,c3168d5c44857ef4c782,FC(F)(F)Oc1ccc(I)cc1
1101,coverage,7,9,d035281432e410405550,COc1ccc(C(=O)c2ccccc2)cc1
1101,coverage,7,10,7ad733fd9782f0eb8b7c,O=C(c1ccccc1)C1CCCCC1
1101,coverage,7,11,9fb05d784e7952bd4741,c1ccc(-c2ccccn2)cc1
1101,coverage,7,12,5b5e5053f089dcffd674,Brc1cc(-c2ccccc2)cc(-c2ccccc2)c1
1101,coverage,7,13,7de812bda21b4dfe46dc,O=[P+](Oc1ccccc1)Oc1ccccc1
1101,coverage,7,14,9e6c69af6f5142faa049,COc1ccc(CCO)cc1
1101,coverage,7,15,c3feac62808af7335473,Brc1cc(-c2ccccc2)cc(-c2ccccc2)c1
1101,coverage,7,16,2d178efe0181baca2bd5,COc1ccc(C=O)cc1
1101,coverage,7,17,90392022474cdfb260c0,COC(=O)C#CC(=O)OC
1101,coverage,7,18,0be038db2251642c6862,COC(=O)CS
1101,coverage,7,19,e97ed592e525b9c30dec,CC(=O)c1ccc(I)cc1
1101,coverage,7,20,975d484a29fb5011f336,O=C(c1ccccc1)c1ccc(Cl)cc1
1101,coverage,7,21,7726f4a207a737256a86,O=C(/C=C/c1ccccc1)/C=C/c1ccccc1
1101,coverage,7,22,6a4e95d2a3cca31094a1,CCOC(=O)c1cccnc1
1101,coverage,7,23,fdf997fba3a74c11f802,C=CC(=O)OCC(F)(F)F
1101,coverage,7,24,6bebc41cc4f55da05d47,Ic1cccs1
1101,coverage,7,25,e1553414b79b619a94cf,C=CC(=O)OC1CCCCC1
1101,coverage,8,1,db7f9ffa50eb931613f6,CC(=O)Oc1ccc(C=O)cc1
1101,coverage,8,2,f4331eb64b6774466836,CSc1ccc(C=O)cc1
1101,coverage,8,3,f1aa9023d49cdbe2d409,c1ccc(CNCc2ccccc2)cc1
1101,coverage,8,4,c9e08e156472783dee4e,O=C1c2ccccc2-c2ccccc21
1101,coverage,8,5,6998dee6f6e69401798a,CC(=O)c1ccc(F)cc1
1101,coverage,8,6,35a1d2abee0780ee1d48,O=Cc1ccccc1O
1101,coverage,8,7,e6dcf9d6f65fa598a38e,CCOC(=O)/C=C/c1ccccc1
1101,coverage,8,8,fa6fd34875fdc7acf6c1,O=C(CC(=O)C(F)(F)F)c1ccccc1
1101,coverage,8,9,fc27fa779102c4aeb8ab,COc1ccc(C=O)cc1
1101,coverage,8,10,52348febee6695107c49,O=C1CCCc2ccccc21
1101,coverage,8,11,49201b5817f204116f7f,CCC(=O)c1cccnc1
1101,coverage,8,12,aa0f0e8128794bdd469d,CC(=O)c1ccc2c(c1)Cc1ccccc1-2
1101,coverage,8,13,c518e06b106674a1412d,CC(C=O)Cc1ccc2c(c1)OCO2
1101,coverage,8,14,f4e1a820726cf8f5d4e2,COc1ccccc1C(C)=O
1101,coverage,8,15,6cc257b0facade227e36,OCc1cccc(Br)c1
1101,coverage,8,16,f7e3bf988bd0e1b9f58b,Oc1ccc(OC(F)(F)F)cc1
1101,coverage,8,17,0f005bd03824729cc816,c1ccc(COCc2ccccc2)cc1
1101,coverage,8,18,e84314bcd7ec5ba57283,CC(=O)c1ccc2c(c1)Cc1ccccc1-2
1101,coverage,8,19,8925249b7fbe141dbce6,COC(=O)c1ccc(CBr)cc1
1101,coverage,8,20,dea5f0228035f44dd102,CCOC(=O)C(C(=O)OCC)c1ccccc1
1101,coverage,8,21,1844eab177de5d01fab6,COC(=O)C(=O)c1ccccc1
1101,coverage,8,22,18027828dc8e021e6926,C=CC(=O)OCC(CC)CCCC
1101,coverage,8,23,a0fb13951a097b6a1516,COC(=O)CS
1101,coverage,8,24,3f81ba81d5def13e1c3a,c1ccc(COCc2ccccc2)cc1
1101,coverage,8,25,b74e52e34e191277dd69,Fc1cc(F)c(F)c(F)c1F
1101,ensemble,1,1,302e458c5ed2285ca328,COC(=O)c1ccccc1N
1101,ensemble,1,2,10f14f6ee69ba06bbe68,COC(=O)c1ccccc1N
1101,ensemble,1,3,655dc9dfb978b4ffd624,COC(=O)c1ccccc1N
1101,ensemble,1,4,6c4eacf7845534254af9,COC(=O)c1ccccc1N
1101,ensemble,1,5,6ce2b891280aed137ab8,COC(=O)c1ccccc1N
1101,ensemble,1,6,73155d7feac7857188dd,COC(=O)c1ccccc1N
1101,ensemble,1,7,252c027cf5a42b92c953,c1ccc(CNCc2ccccc2)cc1
1101,ensemble,1,8,89d752b5a7f7c8d0b91e,c1ccc(CNCc2ccccc2)cc1
1101,ensemble,1,9,d5234e966aa231be05e5,c1ccc(CNCc2ccccc2)cc1
1101,ensemble,1,10,249b884b29177edb9df5,CCOC(=O)c1ccccc1N
1101,ensemble,1,11,547923973b121019625f,CCOC(=O)c1ccccc1N
1101,ensemble,1,12,c4bb286978fe9078a303,C=C(C)C(=O)OCCOC(=O)CC(C)=O
1101,ensemble,1,13,ca467c94f14b2219503e,C=C(C)C(=O)OCCOC(=O)CC(C)=O
1101,ensemble,1,14,614873124b33029a924c,OCc1ccc2ccccc2c1
1101,ensemble,1,15,a6145bb0c9947f9515df,OCc1ccc2ccccc2c1
1101,ensemble,1,16,cdf40bcb3f4392f8d7d1,OCc1ccc2ccccc2c1
1101,ensemble,1,17,74541dbf8571f881c454,CCOC(=O)c1ccccc1N
1101,ensemble,1,18,99a3c4452ddfa8ff12c0,CCOC(=O)c1ccccc1N
1101,ensemble,1,19,b6b8449bda1ec4f0697f,CCOC(=O)c1ccccc1N
1101,ensemble,1,20,fe40c32169d87261e1e9,CCOC(=O)c1ccccc1N
1101,ensemble,1,21,12aed585647de3f03908,Brc1ccc2occc2c1
1101,ensemble,1,22,19e5d078bc0eb8a91e1e,Brc1ccc2occc2c1
1101,ensemble,1,23,b6a2baaa0410b39ac474,Brc1ccc2occc2c1
1101,ensemble,1,24,70cba7a21b5a01fb8e73,c1ccc(CNCc2ccccc2)cc1
1101,ensemble,1,25,942b8fc9cf013acda52b,c1ccc(CNCc2ccccc2)cc1
1101,ensemble,2,1,4862e2fb71344ce16021,O=C(c1ccccc1)c1ccc([N+](=O)[O-])cc1
1101,ensemble,2,2,5b706e17e8412d02342f,O=C(c1ccccc1)c1ccc([N+](=O)[O-])cc1
1101,ensemble,2,3,b514312eda7950cdcf1c,O=C(c1ccccc1)c1ccc([N+](=O)[O-])cc1
1101,ensemble,2,4,072a39209a501d7d7db5,c1ccc2ccccc2c1
1101,ensemble,2,5,a211438c3061e39632da,c1ccc2ccccc2c1
1101,ensemble,2,6,e598b9cf54086c1c64b2,c1ccc2ccccc2c1
1101,ensemble,2,7,486e498e45d084ced568,O=C1c2ccccc2-c2ccccc21
1101,ensemble,2,8,76b4150b436d217e5b3e,O=C1c2ccccc2-c2ccccc21
1101,ensemble,2,9,e009f41aa23d4c7b3fff,O=C1c2ccccc2-c2ccccc21
1101,ensemble,2,10,5e276c1730fc0a9deba7,O=C(c1ccccc1)c1ccc([N+](=O)[O-])cc1
1101,ensemble,2,11,aa43fe84c0d8c825fe58,O=C(c1ccccc1)c1ccc([N+](=O)[O-])cc1
1101,ensemble,2,12,0be038db2251642c6862,COC(=O)CS
1101,ensemble,2,13,4b4d079fa6b12df47a35,COC(=O)CS
1101,ensemble,2,14,b38269af25220f62d607,COC(=O)CS
1101,ensemble,2,15,1395836aef00d6a880b0,N#Cc1ccc(C(=O)c2ccccc2)cc1
1101,ensemble,2,16,a17bcdddcf0799baeee2,N#Cc1ccc(C(=O)c2ccccc2)cc1
1101,ensemble,2,17,376ba323d8d487f80cee,COC(=O)CS
1101,ensemble,2,18,8b0153f031bc52c2c1dd,COC(=O)CS
1101,ensemble,2,19,a0fb13951a097b6a1516,COC(=O)CS
1101,ensemble,2,20,6dde3c4535c931ca4092,COC(=O)CS
1101,ensemble,2,21,93ce299d2e2f5bf83250,COC(=O)CS
1101,ensemble,2,22,a3c817ff559d5c946cc8,COC(=O)CS
1101,ensemble,2,23,53774efff44f690d6f30,CC(=O)CC(=O)OC(C)(C)C
1101,ensemble,2,24,61e2b18d9ec61505948c,CC(=O)CC(=O)OC(C)(C)C
1101,ensemble,2,25,7394fdb0a8cd53255d4a,CC(=O)CC(=O)OC(C)(C)C
1101,ensemble,3,1,933bc87d8ae9186a7803,COC(=O)C(C)(C)Br
1101,ensemble,3,2,d86448c8f5aaa8ebcf7f,COC(=O)C(C)(C)Br
1101,ensemble,3,3,f25bc3a3b74471e14801,COC(=O)C(C)(C)Br
1101,ensemble,3,4,6798a6da1585a0867060,CCOC(=O)C(C)(C)Br
1101,ensemble,3,5,b9c474ef8c8affc54498,CCOC(=O)C(C)(C)Br
1101,ensemble,3,6,1cc3b837c6561b1c0a23,C=C(C)C(=O)OCCOC(=O)CC(C)=O
1101,ensemble,3,7,5d530b2f228ed39ff952,C=C(C)C(=O)OCCOC(=O)CC(C)=O
1101,ensemble,3,8,a421784c91de559c18e0,C=C(C)C(=O)OCCOC(=O)CC(C)=O
1101,ensemble,3,9,95d1d257dfea69f178f8,Oc1ccc(I)cc1
1101,ensemble,3,10,2cf4f6424b85ab121943,CCC(O)c1ccccc1
1101,ensemble,3,11,80f6a235bb59c2a7ea59,CCC(O)c1ccccc1
1101,ensemble,3,12,c627405cf70a0daacc94,CCC(O)c1ccccc1
1101,ensemble,3,13,2dbfdf9c2d5defd09f7a,C=C(C)C(=O)OCCOC(=O)CC(C)=O
1101,ensemble,3,14,6573d8f84faaf7ce4a78,C=C(C)C(=O)OCCOC(=O)CC(C)=O
1101,ensemble,3,15,74ce463c8423fbd22dc4,C=C(C)C(=O)OCCOC(=O)CC(C)=O
1101,ensemble,3,16,105457e008d11073c7b7,COC(=O)Cc1ccc(Br)cc1
1101,ensemble,3,17,13f4ada439a309a538b8,COC(=O)Cc1ccc(Br)cc1
1101,ensemble,3,18,c7e762106a9ec0d9ea75,COC(=O)Cc1ccc(Br)cc1
1101,ensemble,3,19,59ce141f6f9f30603132,O=[N+]([O-])c1cccc(Br)c1
1101,ensemble,3,20,822acada514c54d41f68,O=[N+]([O-])c1cccc(Br)c1
1101,ensemble,3,21,bef8e35136c28810eb6b,O=[N+]([O-])c1cccc(Br)c1
1101,ensemble,3,22,d54c93a11164b4abac6e,CSc1ccc(C=O)cc1
1101,ensemble,3,23,3c358af26c2e2988cd46,O=C(Cc1ccccc1)c1ccccc1
1101,ensemble,3,24,c3070604fe243a9e8bc9,CCCCCCCCCCCCc1cc(Br)sc1Br
1101,ensemble,3,25,e4a7e43d15fcdee2ba1d,CCCCCCCCCCCCc1cc(Br)sc1Br
1101,ensemble,4,1,5f81e2ff4fea8e839c4d,Ic1cccs1
1101,ensemble,4,2,6bebc41cc4f55da05d47,Ic1cccs1
1101,ensemble,4,3,9e971ba2075fa0b7d8fb,Ic1cccs1
1101,ensemble,4,4,b1801204c2c4a34a9278,COc1ccc(C=O)c(O)c1
1101,ensemble,4,5,d9c8c8af50a10bf07765,COc1ccc(C=O)c(O)c1
1101,ensemble,4,6,fe1a34b5975943e8f292,COc1ccc(C=O)c(O)c1
1101,ensemble,4,7,72231b208c5287c32d70,COc1ccc(C=O)c(O)c1
1101,ensemble,4,8,7e834c7b870ef7024d35,COc1ccc(C=O)c(O)c1
1101,ensemble,4,9,4e417c41d918e49abba1,N#Cc1ccccc1F
1101,ensemble,4,10,741f33ecf2e66f9958fd,N#Cc1ccccc1F
1101,ensemble,4,11,fe212637596386c24049,N#Cc1ccccc1F
1101,ensemble,4,12,2d178efe0181baca2bd5,COc1ccc(C=O)cc1
1101,ensemble,4,13,16afd85aa788409b8d07,Ic1cccs1
1101,ensemble,4,14,46b8e4fc054b67296417,Ic1cccs1
1101,ensemble,4,15,b47cad6d1496e6fdaf2c,Ic1cccs1
1101,ensemble,4,16,2f1ff409bb879ae9f62b,C=CC(=O)OCCCCCCCCCCCC
1101,ensemble,4,17,ef04e37e6ef5b90e7ffd,C=CC(=O)OCCCCCCCCCCCC
1101,ensemble,4,18,09c2a4beb05ca5c84aab,COc1ccc(C=O)c(O)c1
1101,ensemble,4,19,1d15ee46756cd1845a68,COc1ccc(C=O)c(O)c1
1101,ensemble,4,20,a7bc3fb68bdecbbe086f,COc1ccc(C=O)c(O)c1
1101,ensemble,4,21,30296d2e8c07c81b40a6,N#Cc1ccccc1F
1101,ensemble,4,22,539544adb51a91c9a465,N#Cc1ccccc1F
1101,ensemble,4,23,54a23aa9aaa695bdc06b,N#Cc1ccccc1F
1101,ensemble,4,24,13aa7f454204d054a196,O=C1c2ccccc2-c2ccccc21
1101,ensemble,4,25,4003f255f44e82ee0975,O=C1c2ccccc2-c2ccccc21
1101,ensemble,5,1,48679ae48dd485ffb7a6,COC(=O)C#CC(=O)OC
1101,ensemble,5,2,278eae367da048448147,CC(C)(C)OCl
1101,ensemble,5,3,4508cb72ef4489429d15,CC(C)(C)OCl
1101,ensemble,5,4,ec53cb944de53e46b911,CC(C)(C)OCl
1101,ensemble,5,5,58057b7c6f59599617ed,COC(=O)C#CC(=O)OC
1101,ensemble,5,6,93f10a8edf06f7acae26,COC(=O)C#CC(=O)OC
1101,ensemble,5,7,bc98537714d620facf79,COC(=O)C#CC(=O)OC
1101,ensemble,5,8,946f712a81f3990f568f,C=CC(=O)OCC(F)(F)F
1101,ensemble,5,9,d01d365af220241485ec,C=CC(=O)OCC(F)(F)F
1101,ensemble,5,10,fdf997fba3a74c11f802,C=CC(=O)OCC(F)(F)F
1101,ensemble,5,11,1844eab177de5d01fab6,COC(=O)C(=O)c1ccccc1
1101,ensemble,5,12,7b42519983cf93dd7efd,COC(=O)C(=O)c1ccccc1
1101,ensemble,5,13,7caf1db075b91197ba34,COC(=O)C(=O)c1ccccc1
1101,ensemble,5,14,9862563d18aae2868342,COC(=O)C(=O)c1ccccc1
1101,ensemble,5,15,9bbd36c8b484b5609808,COC(=O)C(=O)c1ccccc1
1101,ensemble,5,16,61771d230b285babe4b6,CCOC(=O)C(Cc1ccccc1)C(C)=O
1101,ensemble,5,17,eb3bc3fba39e57adbc2f,CCOC(=O)C(Cc1ccccc1)C(C)=O
1101,ensemble,5,18,19229d505f75d05a0bcb,CC(C)(O)CCc1ccccc1
1101,ensemble,5,19,4fb92bd1fab3ba235858,CC(C)(O)CCc1ccccc1
1101,ensemble,5,20,bad24d96575f423fe4fd,CC(C)(O)CCc1ccccc1
1101,ensemble,5,21,6fbc3a0669e9db3520ba,C=C(C)C(=O)OCCOC(=O)CC(C)=O
1101,ensemble,5,22,8aa864c9e33df9bb1a6a,C=C(C)C(=O)OCCOC(=O)CC(C)=O
1101,ensemble,5,23,bc2a96424966b655227f,C=C(C)C(=O)OCCOC(=O)CC(C)=O
1101,ensemble,5,24,1ae3618ec277b0463686,c1ccc2ncccc2c1
1101,ensemble,5,25,33ffc69a253a89f15995,c1ccc2ncccc2c1
1101,ensemble,6,1,6998dee6f6e69401798a,CC(=O)c1ccc(F)cc1
1101,ensemble,6,2,c096c324a71974b6ab37,CC(=O)c1ccc(F)cc1
1101,ensemble,6,3,c53b8c93f8ee1304dfd0,CC(=O)c1ccc(F)cc1
1101,ensemble,6,4,96710afeabc594baa359,CCOC(=O)c1cccnc1
1101,ensemble,6,5,c76d0420b34df595c0c9,CCOC(=O)c1cccnc1
1101,ensemble,6,6,44c8b389a6faf44f1f4c,CC(C=O)Cc1ccc2c(c1)OCO2
1101,ensemble,6,7,4d1e1e0eca90a46d77b2,CC(C=O)Cc1ccc2c(c1)OCO2
1101,ensemble,6,8,85591a54c419ed02c5f5,CC(C=O)Cc1ccc2c(c1)OCO2
1101,ensemble,6,9,619663c2b3ffb3a6c497,O=Cc1ccccc1O
1101,ensemble,6,10,d7b688cd2da99329d657,O=Cc1ccccc1O
1101,ensemble,6,11,f42cc6b0f90fad5c1f7f,O=Cc1ccccc1O
1101,ensemble,6,12,183e43f9452aa5b872ac,COc1ccc(Cl)cc1
1101,ensemble,6,13,491446b4f7b8acf5b165,COc1ccc(Cl)cc1
1101,ensemble,6,14,ccb73f3fdf90cb132bc2,COc1ccc(Cl)cc1
1101,ensemble,6,15,62d1db91c3839882736a,Cc1cc(C)cc(C#N)c1
1101,ensemble,6,16,63cda70afb5b740e4fa4,Cc1cc(C)cc(C#N)c1
1101,ensemble,6,17,b51a88b6dc4049704214,Cc1cc(C)cc(C#N)c1
1101,ensemble,6,18,f46da3c00b2199795e4c,O=C(CCCCl)c1ccc(F)cc1
1101,ensemble,6,19,208f579ed4ec9c458ceb,O=Cc1ccc([N+](=O)[O-])cc1
1101,ensemble,6,20,904fa4a17e429d0616f5,O=Cc1ccc([N+](=O)[O-])cc1
1101,ensemble,6,21,a05989f2de32dc6a3f64,O=Cc1ccc([N+](=O)[O-])cc1
1101,ensemble,6,22,7654254c03d9de79740f,O=Cc1ccc2ccccc2c1
1101,ensemble,6,23,79362765eb92377a5970,O=Cc1ccc2ccccc2c1
1101,ensemble,6,24,6c022e06f98c0a9771b6,O=[N+]([O-])c1ccc(CCO)cc1
1101,ensemble,6,25,6e07556df6bb6e9df96e,O=[N+]([O-])c1ccc(CCO)cc1
1101,ensemble,7,1,304fb0fdb486ae4b7a07,C=CC(=O)OCCN(CC)CC
1101,ensemble,7,2,6d21e9ec887b3408c612,C=CC(=O)OCCN(CC)CC
1101,ensemble,7,3,906bd247e050658f99d8,C=CC(=O)OCCN(CC)CC
1101,ensemble,7,4,49201b5817f204116f7f,CCC(=O)c1cccnc1
1101,ensemble,7,5,358461ff3742e78ea3b6,OCCCc1ccccc1
1101,ensemble,7,6,73502a52708e4f9c2391,OCCCc1ccccc1
1101,ensemble,7,7,aa83ae83c0fa0cc37777,O=S(c1ccccc1)c1ccccc1
1101,ensemble,7,8,52b9af4df1f1e7cd4d9b,COc1ccccc1C(C)=O
1101,ensemble,7,9,a3ae677aae8a8faf5786,COc1ccccc1C(C)=O
1101,ensemble,7,10,c82167c626a1495ef750,COc1ccccc1C(C)=O
1101,ensemble,7,11,73a35f890e678b320073,O=C1CCCc2ccccc21
1101,ensemble,7,12,29db30571b2a1ae59cc7,CCOC(=O)c1cccnc1
1101,ensemble,7,13,855832bd4005ac7abdc6,CCOC(=O)c1cccnc1
1101,ensemble,7,14,b51b5dbcd2a38b174973,CCOC(=O)c1cccnc1
1101,ensemble,7,15,55927e904f7c540fd4f2,CC(=O)CCCCl
1101,ensemble,7,16,5d274cbcb3c8532e483f,CC(=O)CCCCl
1101,ensemble,7,17,9cad3bab10930468747d,CC(=O)CCCCl
1101,ensemble,7,18,ac975c791f030093081f,O=C1CCCCc2ccccc21
1101,ensemble,7,19,0655d71fcec0d1c3c73f,O=C1CCc2ccccc2O1
1101,ensemble,7,20,10ea0c665f5ba7c91bbf,O=C1CCc2ccccc2O1
1101,ensemble,7,21,87265e4a49086b6ac4eb,O=C1CCc2ccccc2O1
1101,ensemble,7,22,222a68fc192f66c1c080,c1ccc2ncccc2c1
1101,ensemble,7,23,9cd02352c2ed7a3e2321,c1ccc2ncccc2c1
1101,ensemble,7,24,e47aebe2660b9e1528de,c1ccc2ncccc2c1
1101,ensemble,7,25,5aadd41cc94de38b9875,FC(F)(F)Oc1ccc(I)cc1
1101,ensemble,8,1,51f4126a3aadb3239225,Cc1cccc(C)n1
1101,ensemble,8,2,6f548d72f01fc85debdc,Cc1cccc(C)n1
1101,ensemble,8,3,7fb4f90753d40dd25be0,Cc1cccc(C)n1
1101,ensemble,8,4,abca62b372239d49a61b,Cc1cccc(C)n1
1101,ensemble,8,5,8f9a7ca0380c405ee685,CC(=O)c1ccc2c(c1)Cc1ccccc1-2
1101,ensemble,8,6,cace6f00c46aea69fe39,CC(=O)c1ccc2c(c1)Cc1ccccc1-2
1101,ensemble,8,7,434ffacb33eccce497c5,Cc1cccc(C)n1
1101,ensemble,8,8,65f4f125b5e1f8137bd9,Cc1cccc(C)n1
1101,ensemble,8,9,74c8fcd8ac3f6caedcd2,Cc1cccc(C)n1
1101,ensemble,8,10,9ffee2813aef5c26f96f,C/C(=N\O)c1ccccc1
1101,ensemble,8,11,efd84dffe823b6298db6,C/C(=N\O)c1ccccc1
1101,ensemble,8,12,0c5c35afb3a24375c153,O=C(c1ccccc1)c1cccc(C(=O)c2ccccc2)c1
1101,ensemble,8,13,25fcfe22a4504f391482,COC(=O)Cc1cccc2ccccc12
1101,ensemble,8,14,67fa39740fcf946a3154,COC(=O)Cc1cccc2ccccc12
1101,ensemble,8,15,c80022254967f6a925f3,COC(=O)Cc1cccc2ccccc12
1101,ensemble,8,16,a36291cab664852df5e5,O=C1CCCCc2ccccc21
1101,ensemble,8,17,13ba7659fc6b864608f8,Oc1ccc(OC(F)(F)F)cc1
1101,ensemble,8,18,80f546c47198fa7c6dbf,Oc1ccc(OC(F)(F)F)cc1
1101,ensemble,8,19,4c46ceefd6147b1e0a7a,CSc1ccc(C=O)cc1
1101,ensemble,8,20,86fb9a8fd6633397d670,CC(=O)c1ccc2c(c1)Cc1ccccc1-2
1101,ensemble,8,21,8e4d62928039d2200288,CC(=O)c1ccc2c(c1)Cc1ccccc1-2
1101,ensemble,8,22,d1e922c04dbd0c9f6c06,CC(=O)c1ccc2c(c1)Cc1ccccc1-2
1101,ensemble,8,23,027bbff1ac308c5dd7a1,CCOC(=O)C(Br)C(=O)OCC
1101,ensemble,8,24,0434c2f9b75e25782a13,CCOC(=O)C(Br)C(=O)OCC
1101,ensemble,8,25,4756b7ebb0be7c63e552,CCOC(=O)C(Br)C(=O)OCC
1101,hybrid,1,1,b514312eda7950cdcf1c,O=C(c1ccccc1)c1ccc([N+](=O)[O-])cc1
1101,hybrid,1,2,ec71ea81bb34e0bf505e,CCCCCCCCCCCCc1cc(Br)sc1Br
1101,hybrid,1,3,70cba7a21b5a01fb8e73,c1ccc(CNCc2ccccc2)cc1
1101,hybrid,1,4,e4a7e43d15fcdee2ba1d,CCCCCCCCCCCCc1cc(Br)sc1Br
1101,hybrid,1,5,ca467c94f14b2219503e,C=C(C)C(=O)OCCOC(=O)CC(C)=O
1101,hybrid,1,6,606886b17304ec494aa0,CC(=O)c1ccc([N+](=O)[O-])cc1
1101,hybrid,1,7,48679ae48dd485ffb7a6,COC(=O)C#CC(=O)OC
1101,hybrid,1,8,74ce463c8423fbd22dc4,C=C(C)C(=O)OCCOC(=O)CC(C)=O
1101,hybrid,1,9,1e775e7d8dcbf48fd6f8,O=C(O)/C=C/c1ccccc1
1101,hybrid,1,10,aed6d224edcb21e5d658,O=C(c1ccccc1)c1cccc(C(=O)c2ccccc2)c1
1101,hybrid,1,11,61e2b18d9ec61505948c,CC(=O)CC(=O)OC(C)(C)C
1101,hybrid,1,12,f25bc3a3b74471e14801,COC(=O)C(C)(C)Br
1101,hybrid,1,13,e009f41aa23d4c7b3fff,O=C1c2ccccc2-c2ccccc21
1101,hybrid,1,14,6802f0b28c5a0c7b4c2a,O=C(O)/C=C/c1ccccc1
1101,hybrid,1,15,68c511d842fc030aa84b,C=CC(=O)OCCCCCCCCCCCC
1101,hybrid,1,16,5e276c1730fc0a9deba7,O=C(c1ccccc1)c1ccc([N+](=O)[O-])cc1
1101,hybrid,1,17,d05a91dc8e32e9edd7d0,Cc1ccc(CO)cc1
1101,hybrid,1,18,786c15055f363ee07a8c,CC(C)(C)c1cc(C=O)cc(C(C)(C)C)c1
1101,hybrid,1,19,5442611ea6789d42bc86,O=C(c1ccccc1)c1ccc([N+](=O)[O-])cc1
1101,hybrid,1,20,f12beecbff24b79dddeb,FC(F)(F)Oc1ccc(I)c(Br)c1
1101,hybrid,1,21,3cd6baf11210b3dcfb43,COC(=O)c1ccccc1N
1101,hybrid,1,22,bc2a96424966b655227f,C=C(C)C(=O)OCCOC(=O)CC(C)=O
1101,hybrid,1,23,b3b38f7212d8649d9ac1,CC1(C)OB(c2ccc(F)cc2)OC1(C)C
1101,hybrid,1,24,4fb92bd1fab3ba235858,CC(C)(O)CCc1ccccc1
1101,hybrid,1,25,e3c2b5ea1c83276cf63a,COc1ccc(C(=O)c2ccccc2)cc1
1101,hybrid,2,1,a17bcdddcf0799baeee2,N#Cc1ccc(C(=O)c2ccccc2)cc1
1101,hybrid,2,2,5df546d9e2f2a29dfc89,O=C(/C=C/c1ccccc1)/C=C/c1ccccc1
1101,hybrid,2,3,634f21e11a8442494ce3,O=C(c1ccccc1)c1cccc(C(=O)c2ccccc2)c1
1101,hybrid,2,4,59b54ad3a60a52cc2b2c,N#Cc1ccc(C(=O)c2ccccc2)cc1
1101,hybrid,2,5,e0f2b47154fd134db700,c1ccc(CNCc2ccccc2)cc1
1101,hybrid,2,6,b85305d91a9e7cfa6005,O=Cc1ccc([N+](=O)[O-])cc1
1101,hybrid,2,7,327064e6ca2c38d79d76,CC(=O)CC(=O)OC(C)(C)C
1101,hybrid,2,8,0b247863fd6e8aaf44d8,O=C(O)/C=C/c1ccccc1
1101,hybrid,2,9,d54c93a11164b4abac6e,CSc1ccc(C=O)cc1
1101,hybrid,2,10,2f1ff409bb879ae9f62b,C=CC(=O)OCCCCCCCCCCCC
1101,hybrid,2,11,129036e0bccc4ff7e848,CC(Br)C(=O)O
1101,hybrid,2,12,5b321e1d74077a216a70,FC(F)(F)Oc1ccc(I)c(Br)c1
1101,hybrid,2,13,fc452a2ea628a6c49dee,C=CC(=O)OCCOC
1101,hybrid,2,14,4d1e1e0eca90a46d77b2,CC(C=O)Cc1ccc2c(c1)OCO2
1101,hybrid,2,15,18a189c89f59ac1d5a9f,c1ccc(CNCc2ccccc2)cc1
1101,hybrid,2,16,aa83ae83c0fa0cc37777,O=S(c1ccccc1)c1ccccc1
1101,hybrid,2,17,0f06772820e6693753e3,c1ccc(-c2ccccn2)cc1
1101,hybrid,2,18,5e1c073538cbbe740b6f,FC(F)(F)c1cc(Br)cc(C(F)(F)F)c1
1101,hybrid,2,19,547923973b121019625f,CCOC(=O)c1ccccc1N
1101,hybrid,2,20,7954bf73f74c7fbcecb2,OCCc1cccc2ccccc12
1101,hybrid,2,21,59ce141f6f9f30603132,O=[N+]([O-])c1cccc(Br)c1
1101,hybrid,2,22,0c5c35afb3a24375c153,O=C(c1ccccc1)c1cccc(C(=O)c2ccccc2)c1
1101,hybrid,2,23,98dd7f94e58da879b609,Fc1cc(F)c(F)c(F)c1F
1101,hybrid,2,24,c9e08e156472783dee4e,O=C1c2ccccc2-c2ccccc21
1101,hybrid,2,25,c80022254967f6a925f3,COC(=O)Cc1cccc2ccccc12
1101,hybrid,3,1,89d752b5a7f7c8d0b91e,c1ccc(CNCc2ccccc2)cc1
1101,hybrid,3,2,c2222e1974033abfcc10,Brc1cc(-c2ccccc2)cc(-c2ccccc2)c1
1101,hybrid,3,3,5265c3d2f02abb35e86e,C=CC(=O)OCCCCCCCCCCCC
1101,hybrid,3,4,cace6f00c46aea69fe39,CC(=O)c1ccc2c(c1)Cc1ccccc1-2
1101,hybrid,3,5,51f4126a3aadb3239225,Cc1cccc(C)n1
1101,hybrid,3,6,302e458c5ed2285ca328,COC(=O)c1ccccc1N
1101,hybrid,3,7,cdaf95461fe3b3d80075,O=Cc1ccccc1[N+](=O)[O-]
1101,hybrid,3,8,1844eab177de5d01fab6,COC(=O)C(=O)c1ccccc1
1101,hybrid,3,9,5258960e057b56ed51f8,N#Cc1cccc(N)c1
1101,hybrid,3,10,6c022e06f98c0a9771b6,O=[N+]([O-])c1ccc(CCO)cc1
1101,hybrid,3,11,1cc3b837c6561b1c0a23,C=C(C)C(=O)OCCOC(=O)CC(C)=O
1101,hybrid,3,12,b05a4e8db42ce35cc958,CC(=O)Oc1ccc(C=O)cc1
1101,hybrid,3,13,5885d427a26f03e522f3,OC1(c2ccccc2)CCCCC1
1101,hybrid,3,14,549daca56bed1c9d2bcc,COc1cccc(OC)c1C=O
1101,hybrid,3,15,fe1a34b5975943e8f292,COc1ccc(C=O)c(O)c1
1101,hybrid,3,16,59192e4170140e48acdd,C=CC(=O)O[C@@H]1C[C@H]2CC[C@]1(C)C2(C)C
1101,hybrid,3,17,3f6b817d855e67b3b406,O=C(/C=C/c1ccccc1)/C=C/c1ccccc1
1101,hybrid,3,18,61771d230b285babe4b6,CCOC(=O)C(Cc1ccccc1)C(C)=O
1101,hybrid,3,19,c76d0420b34df595c0c9,CCOC(=O)c1cccnc1
1101,hybrid,3,20,a775926fce57b3bf9ec1,COc1ccc(CCO)cc1
1101,hybrid,3,21,5524670e4337370c2ef6,CC(=O)c1ccc2c(c1)OCO2
1101,hybrid,3,22,4c46ceefd6147b1e0a7a,CSc1ccc(C=O)cc1
1101,hybrid,3,23,741f33ecf2e66f9958fd,N#Cc1ccccc1F
1101,hybrid,3,24,3e75262e7afda8b7f54b,CC(C)(C)c1cc(C=O)cc(C(C)(C)C)c1
1101,hybrid,3,25,3163a9b58f1a52a1992c,O=C1CCc2ccccc2O1
1101,hybrid,4,1,c3add4f9b8eb5e002281,C=CC(=O)OC1CCCCC1
1101,hybrid,4,2,62d1db91c3839882736a,Cc1cc(C)cc(C#N)c1
1101,hybrid,4,3,903811765ba61a8af2b7,CC1(C)OB(c2ccc(F)cc2)OC1(C)C
1101,hybrid,4,4,a36291cab664852df5e5,O=C1CCCCc2ccccc21
1101,hybrid,4,5,49201b5817f204116f7f,CCC(=O)c1cccnc1
1101,hybrid,4,6,6f548d72f01fc85debdc,Cc1cccc(C)n1
1101,hybrid,4,7,3213e0500b0a713dade5,O=C(c1ccccc1)C1CCCCC1
1101,hybrid,4,8,f46da3c00b2199795e4c,O=C(CCCCl)c1ccc(F)cc1
1101,hybrid,4,9,8b8becd233748ccae9e3,O=C1CCCCc2ccccc21
1101,hybrid,4,10,85924bdd0693438dc23a,CCOC(=O)c1cccc(N)c1
1101,hybrid,4,11,a60552f4d1a5ced4641f,N#Cc1cccc(N)c1
1101,hybrid,4,12,b51b5dbcd2a38b174973,CCOC(=O)c1cccnc1
1101,hybrid,4,13,cac9ff0c40665baf313f,COc1ccc(C=O)c(O)c1
1101,hybrid,4,14,0ac58929e586a4da4056,O=Cc1ccccc1[N+](=O)[O-]
1101,hybrid,4,15,c7e762106a9ec0d9ea75,COC(=O)Cc1ccc(Br)cc1
1101,hybrid,4,16,3092a6310ab5c25cb83c,CCOC(=O)C(Cc1ccccc1)C(C)=O
1101,hybrid,4,17,0007449b058916cdcad1,Brc1ccc2c(c1)OCO2
1101,hybrid,4,18,19e5d078bc0eb8a91e1e,Brc1ccc2occc2c1
1101,hybrid,4,19,502fb676c48c491c8131,Cc1cc(C)cc(C#N)c1
1101,hybrid,4,20,b4351e5f05f6d477a6c0,C=CC(=O)OCCOc1ccccc1
1101,hybrid,4,21,222a68fc192f66c1c080,c1ccc2ncccc2c1
1101,hybrid,4,22,4466eabae9624380fbc6,O=C(c1ccccc1)c1ccc([N+](=O)[O-])cc1
1101,hybrid,4,23,072a39209a501d7d7db5,c1ccc2ccccc2c1
1101,hybrid,4,24,a6145bb0c9947f9515df,OCc1ccc2ccccc2c1
1101,hybrid,4,25,3f59bb6766ef6551502f,O=Cc1ccc2c(c1)CCO2
1101,hybrid,5,1,1ae3618ec277b0463686,c1ccc2ncccc2c1
1101,hybrid,5,2,292e0342682192a69fce,c1ccc(-c2ccccn2)cc1
1101,hybrid,5,3,0655d71fcec0d1c3c73f,O=C1CCc2ccccc2O1
1101,hybrid,5,4,95d1d257dfea69f178f8,Oc1ccc(I)cc1
1101,hybrid,5,5,425fe9dfe0c3f345460b,CCOC(=O)C(Cc1ccccc1)C(C)=O
1101,hybrid,5,6,c9bef93a79964dc6ede1,O=C(/C=C/c1ccccc1)/C=C/c1ccccc1
1101,hybrid,5,7,6ce607e4fe208a186dff,COC(=O)[C@H](O)c1ccccc1
1101,hybrid,5,8,1b1a9ec85268aa66d327,CCOC(=O)/C=C(/C)N
1101,hybrid,5,9,591b1bb527d42e831f12,O=C(OCc1ccccc1)c1ccccc1
1101,hybrid,5,10,358461ff3742e78ea3b6,OCCCc1ccccc1
1101,hybrid,5,11,d49f2ae16cf70d54ccf4,O=S(c1ccccc1)c1ccccc1
1101,hybrid,5,12,8f5452ff0e84ab2e2057,OCc1cccc(Br)c1
1101,hybrid,5,13,6a4e95d2a3cca31094a1,CCOC(=O)c1cccnc1
1101,hybrid,5,14,0ccbd28a4414f97dfad8,COC(=O)CC(C)=O
1101,hybrid,5,15,a4a0dd6b9d09c8176801,Oc1ccc(I)cc1
1101,hybrid,5,16,9fde4f980246629c5b0d,COc1ccc2ccccc2c1
1101,hybrid,5,17,7de812bda21b4dfe46dc,O=[P+](Oc1ccccc1)Oc1ccccc1
1101,hybrid,5,18,5da8c25a3982216fb112,O=[N+]([O-])c1ccc(CCO)cc1
1101,hybrid,5,19,91b6bda771851a5c78ac,OCCc1cccc2ccccc12
1101,hybrid,5,20,28d8efb10e9abe6740a6,CC(C)(C)C(=O)CC#N
1101,hybrid,5,21,e84314bcd7ec5ba57283,CC(=O)c1ccc2c(c1)Cc1ccccc1-2
1101,hybrid,5,22,985361f6699d97f9464f,CC(O)CCc1ccccc1
1101,hybrid,5,23,4f88870ad666191b8ea7,O=[P+](Oc1ccccc1)Oc1ccccc1
1101,hybrid,5,24,6c1c34b12c66ebcf39a4,COC(=O)C(=O)c1ccccc1
1101,hybrid,5,25,4b39568fb3ff725fec83,CCOC(=O)c1ccccc1N
1101,hybrid,6,1,b37608f8c4a8ee4b8696,O=C(O)/C=C/c1ccccc1
1101,hybrid,6,2,13ba7659fc6b864608f8,Oc1ccc(OC(F)(F)F)cc1
1101,hybrid,6,3,b7fffd840d208b29776c,O=C(/C=C/c1ccccc1)/C=C/c1ccccc1
1101,hybrid,6,4,434ffacb33eccce497c5,Cc1cccc(C)n1
1101,hybrid,6,5,79cb1738d945317e5bfa,C/C(=N\O)c1ccccc1
1101,hybrid,6,6,2bb48a2862bf80c30a36,O=Cc1ccc2c(c1)CCO2
1101,hybrid,6,7,2cf4f6424b85ab121943,CCC(O)c1ccccc1
1101,hybrid,6,8,74541dbf8571f881c454,CCOC(=O)c1ccccc1N
1101,hybrid,6,9,55927e904f7c540fd4f2,CC(=O)CCCCl
1101,hybrid,6,10,f90a5a5a54509c085ebd,O=C(O)/C=C/c1ccccc1
1101,hybrid,6,11,29b39881584c4fec1c58,Oc1ccc(OC(F)(F)F)cc1
1101,hybrid,6,12,9e971ba2075fa0b7d8fb,Ic1cccs1
1101,hybrid,6,13,5af6c421ec2f60487c59,c1ccc(COCc2ccccc2)cc1
1101,hybrid,6,14,0d588f7534b7a34cb10a,CC(C)=CCC/C(C)=C/C=O
1101,hybrid,6,15,9ffee2813aef5c26f96f,C/C(=N\O)c1ccccc1
1101,hybrid,6,16,ce9886eee330bc401615,Fc1cc(F)c(F)c(F)c1F
1101,hybrid,6,17,d7b688cd2da99329d657,O=Cc1ccccc1O
1101,hybrid,6,18,73771d4752cdcd04a023,FC(F)(F)c1cc(Br)cc(C(F)(F)F)c1
1101,hybrid,6,19,55200f8e501a16ffa0cf,CSc1ccc(C(C)=O)cc1
1101,hybrid,6,20,a917c928912c74862968,O=Cc1ccc2ccccc2c1
1101,hybrid,6,21,ef97fd8d3e9fcf6711de,Ic1cccs1
1101,hybrid,6,22,52348febee6695107c49,O=C1CCCc2ccccc21
1101,hybrid,6,23,e4fd83fb3852eb354a66,COc1ccc(CO)cc1
1101,hybrid,6,24,a7b3f30d3df81d5a1b39,O=C(CC(=O)c1ccccc1)c1ccccc1
1101,hybrid,6,25,18186b5d6cc190fc07a3,CCOC(=O)c1ccccc1N
1101,hybrid,7,1,6b8fefaf0647d2239858,CC(C)c1ccccc1O
1101,hybrid,7,2,d550a2107daf4c532b6a,OC1(c2ccccc2)CCCCC1
1101,hybrid,7,3,27f29e20ad7b3f90539d,Fc1cc(F)c(F)c(F)c1F
1101,hybrid,7,4,9f2d5137dc74e98c0f59,CC(C)=CCC/C(C)=C/C=O
1101,hybrid,7,5,5a7a5139767fda9f7e9a,Oc1ccc(I)cc1
1101,hybrid,7,6,769f1d04efb22c05cfdf,COCCOC(=O)CC(C)=O
1101,hybrid,7,7,45a1b11ae63f2dab2e48,OCCCc1ccccc1
1101,hybrid,7,8,035c26f2979b6bb5c0b5,OCc1ccc2ccccc2c1
1101,hybrid,7,9,3c358af26c2e2988cd46,O=C(Cc1ccccc1)c1ccccc1
1101,hybrid,7,10,17ff889395addf7d6295,O=C(c1ccccc1)c1cccc(C(=O)c2ccccc2)c1
1101,hybrid,7,11,183af335033005f96b97,CC(=O)c1ccc(N)cc1
1101,hybrid,7,12,1d15ee46756cd1845a68,COc1ccc(C=O)c(O)c1
1101,hybrid,7,13,1ab945e238082f589bc3,COC(=O)[C@H](O)c1ccccc1
1101,hybrid,7,14,0434c2f9b75e25782a13,CCOC(=O)C(Br)C(=O)OCC
1101,hybrid,7,15,8e330202a1983cbc02b5,O=C(c1ccccc1)c1ccc(Cl)cc1
1101,hybrid,7,16,5e784130c58b8175024e,CCC(O)c1ccccc1
1101,hybrid,7,17,04ea307c7b7f3321cc20,OC1(c2ccccc2)CCCCC1
1101,hybrid,7,18,2d178efe0181baca2bd5,COc1ccc(C=O)cc1
1101,hybrid,7,19,64c9e190e213bb061867,O=C1CCc2ccccc2O1
1101,hybrid,7,20,52b9af4df1f1e7cd4d9b,COc1ccccc1C(C)=O
1101,hybrid,7,21,14d7f6fb3dda38f48fb9,O=C(CC(=O)C(F)(F)F)c1ccc2ccccc2c1
1101,hybrid,7,22,81507d463506a9e65e73,C=C(C)C(=O)OCCOC(=O)CC(C)=O
1101,hybrid,7,23,898bc97fff393a09eca3,c1ccc(Cc2ccccc2)cc1
1101,hybrid,7,24,1965d663b09320f566a5,Brc1cc(-c2ccccc2)cc(-c2ccccc2)c1
1101,hybrid,7,25,04e994913bc43aa60007,COC(=O)c1ccccc1N
1101,hybrid,8,1,5e45395722fa0dcc1d00,CC(O)CCc1ccccc1
1101,hybrid,8,2,af97ce84dc851451ecb5,O=C(c1ccccc1)C1CCCCC1
1101,hybrid,8,3,715cf6b265c19d80e943,O=S(c1ccccc1)c1ccccc1
1101,hybrid,8,4,cd33bc1895c4acb28189,CC(Br)C(=O)O
1101,hybrid,8,5,07b65328a3ec1d825fef,Oc1ccc(OC(F)(F)F)cc1
1101,hybrid,8,6,660b9817e57d6cbe989d,C(=C/c1ccccc1)\c1ccccc1
1101,hybrid,8,7,939be3a540b83b211d96,c1ccc(COCc2ccccc2)cc1
1101,hybrid,8,8,34b6f9955044e17d887e,C=CC(=O)O[C@@H]1C[C@H]2CC[C@]1(C)C2(C)C
1101,hybrid,8,9,25d11f28e27e3f751324,O=C1c2ccccc2-c2ccccc21
1101,hybrid,8,10,24a9086a8e2c8015c232,COc1ccc(C=O)cc1
1101,hybrid,8,11,7c6e7b244de393e8554d,O=Cc1ccc2ccccc2c1Br
1101,hybrid,8,12,3fe8b9db9fbe9d0dedc4,Oc1ccc(I)cc1
1101,hybrid,8,13,3c6e7fafcacb87c40668,C=CC(=O)OC1CCCCC1
1101,hybrid,8,14,309a91add8b07c02e65b,C=CC(=O)OCCN(CC)CC
1101,hybrid,8,15,303a8a967047b5307933,COC(=O)C#CC(=O)OC
1101,hybrid,8,16,3d5a3094cb10eee37b37,CCOC(=O)/C=C/c1ccccc1
1101,hybrid,8,17,8925249b7fbe141dbce6,COC(=O)c1ccc(CBr)cc1
1101,hybrid,8,18,5bad82a6cffd60e7a6c9,COC(=O)CS
1101,hybrid,8,19,3f49209a4fc102e36500,CC(=O)c1ccc2c(c1)OCO2
1101,hybrid,8,20,1a55639d058c08a1a06e,COC(=O)CC(C)=O
1101,hybrid,8,21,c096c324a71974b6ab37,CC(=O)c1ccc(F)cc1
1101,hybrid,8,22,8caaa3c9c24903be7feb,C=CC(=O)OCC(F)(F)F
1101,hybrid,8,23,a9aa61b1ba22e0c6cdbe,C=CC(=O)OCC(CC)CCCC
1101,hybrid,8,24,4003f255f44e82ee0975,O=C1c2ccccc2-c2ccccc21
1101,hybrid,8,25,ac975c791f030093081f,O=C1CCCCc2ccccc21
1101,random,1,1,15d6bc57a87392fbeb98,COc1ccccc1C(C)=O
1101,random,1,2,1ed76d286d658f024404,CC(=O)c1ccc(C)cc1C
1101,random,1,3,ff9bcaab8e95f60d70bc,CC(=O)c1ccc2ccccc2c1
1101,random,1,4,be17b1e2add7cad714b5,Clc1cccc(Br)c1
1101,random,1,5,8f78f3cdc769c7d9f6e2,CC(C)C(=O)c1ccccc1
1101,random,1,6,98f205d21cdccb427f9e,CC(C)CCOC(=O)c1ccccc1
1101,random,1,7,7b0565847b084d1a1983,Brc1ccccc1-c1ccccc1
1101,random,1,8,1b67dbf33146a2c6de51,COc1ccccc1
1101,random,1,9,c115dcdcaf52094f06a1,Cc1cccc(C=O)c1
1101,random,1,10,d0c3cf60cb8fef1f9e7d,c1ccc(-c2ccccc2)cc1
1101,random,1,11,649a78c668441818d1bc,Clc1ccc(I)c(Br)c1
1101,random,1,12,d36f7b3485a7dead23e2,CC(=O)c1ccc(C)cc1C
1101,random,1,13,b531c2b3601aa8bebd65,Cc1ccc(F)cc1I
1101,random,1,14,c45057c2cab40f4fa2be,O=Cc1cc(Br)ccc1O
1101,random,1,15,0be315008cf0a051a356,N#Cc1ccccc1F
1101,random,1,16,bfcfe9bcef40efc290f2,Ic1cccs1
1101,random,1,17,f07ac5828cf38ce1bbb3,CCCCCCCCCCCCc1cc(Br)sc1Br
1101,random,1,18,418a798336105bff06e0,C1=Cc2ccccc2C1
1101,random,1,19,f82cfd3b57735b0ead3c,O=S(c1ccccc1)c1ccccc1
1101,random,1,20,1f21033e56ca247448e2,O=C(CCCl)c1ccccc1
1101,random,1,21,39815ababe97d7acc107,O=Cc1ccc2c(c1)CCO2
1101,random,1,22,95d1d257dfea69f178f8,Oc1ccc(I)cc1
1101,random,1,23,0afe12e53e575503e3f0,COc1ccc(C=O)cc1
1101,random,1,24,0a79a24271d119590ae6,O=Cc1ccc([N+](=O)[O-])cc1
1101,random,1,25,6ac700cf79bf6e05982e,CC(=O)c1ccc(F)cc1
1101,random,2,1,d8fcb58722028dbf9c02,COC(=O)[C@H](O)c1ccccc1
1101,random,2,2,5fc9dcdecdbc52f2e3ea,Cc1cc(C)cc(C#N)c1
1101,random,2,3,5dd0bf9c0adf9297859a,O=CCCc1ccccc1
1101,random,2,4,1a3f48c2d3cc33a207b7,Brc1ccccc1-c1ccccc1
1101,random,2,5,493af6122d46790dafb3,Cc1ccc(C=O)c(C)c1
1101,random,2,6,c6e78c97267cbb98dc22,N#Cc1ccc(C(=O)c2ccccc2)cc1
1101,random,2,7,7be635a8cfd1e5ce0a07,CC1(C)OB(c2ccc(F)cc2)OC1(C)C
1101,random,2,8,53280227ec79d55f1912,CCC(O)c1ccccc1
1101,random,2,9,2a14de0306254a123d5d,Fc1cc(F)c(F)c(F)c1F
1101,random,2,10,b1b6f6ec4f613144aba4,COC(=O)c1ccccc1N
1101,random,2,11,23d61ed36230cdd2e8fe,CC(=O)CC(=O)OC(C)(C)C
1101,random,2,12,e3fcc2157b88a47ce0e4,FC(F)(F)Oc1ccccc1I
1101,random,2,13,44331cdf4060414870ea,C1=Cc2ccccc2C1
1101,random,2,14,f48457461a7af6a98587,O=Cc1c(Br)cccc1Br
1101,random,2,15,26c1e0e617e6dbe06ef7,COC(=O)C#CC(=O)OC
1101,random,2,16,a05989f2de32dc6a3f64,O=Cc1ccc([N+](=O)[O-])cc1
1101,random,2,17,05ae46c25f5bd347b3a1,CC(=O)CC(=O)c1ccccc1
1101,random,2,18,4b104d6f7556c8bc3a51,CC(=O)c1c(C)cc(C)cc1C
1101,random,2,19,c9bc6e598eba6b2f3739,O=C(CC(=O)c1ccccc1)c1ccccc1
1101,random,2,20,36919bba0092c5813f87,CC(=O)c1ccccc1
1101,random,2,21,0c06011beeb8325569a8,CCOC(=O)c1ccc(OC)cc1
1101,random,2,22,0d1eaff6f686ee174d88,O=Cc1ccc2ccccc2c1
1101,random,2,23,10aed2ae6d65e00f993a,COC(=O)C#CC(=O)OC
1101,random,2,24,b05a4e8db42ce35cc958,CC(=O)Oc1ccc(C=O)cc1
1101,random,2,25,786c15055f363ee07a8c,CC(C)(C)c1cc(C=O)cc(C(C)(C)C)c1
1101,random,3,1,bd2d2667de61e29eaea3,Fc1cc(F)c(F)c(F)c1F
1101,random,3,2,4862e2fb71344ce16021,O=C(c1ccccc1)c1ccc([N+](=O)[O-])cc1
1101,random,3,3,122ecf89b68742b1bf36,CC(=O)c1ccc(F)cc1
1101,random,3,4,2afa724a60f596feafb1,COC(=O)Cc1cccc2ccccc12
1101,random,3,5,8e4d62928039d2200288,CC(=O)c1ccc2c(c1)Cc1ccccc1-2
1101,random,3,6,dbbc2379c8fb4e64f3d6,C=C(c1ccccc1)c1ccccc1
1101,random,3,7,ab6fe239e569be0d7dd2,c1ccc2ccccc2c1
1101,random,3,8,929b1e9984f8feaf6d0f,O=Cc1c(Br)cccc1Br
1101,random,3,9,22191f76e895327c6e2d,CC(=O)c1ccc(C)cc1C
1101,random,3,10,65af2c255cb961269692,CCCCC(=O)c1ccccc1
1101,random,3,11,488727f2d41859d1ac45,CC(=O)c1ccc([N+](=O)[O-])cc1
1101,random,3,12,c7b33bb4e1a37b576135,CC(=O)CC(=O)OC(C)(C)C
1101,random,3,13,e8985293d175e0f0f8dd,O=Cc1ccccc1[N+](=O)[O-]
1101,random,3,14,a2dbe14788c85f0974a9,Brc1ccc2c(c1)OCO2
1101,random,3,15,d90d024730eb01bff3c7,CCOC(=O)/C=C(/C)N
1101,random,3,16,994a1f65509549a84ede,CC(O)c1ccccc1
1101,random,3,17,08812599cc0ffd09d9bd,Cc1ccc(C(C)C)cc1
1101,random,3,18,8143c4fff6f999b7ad0e,COc1ccccc1C(C)=O
1101,random,3,19,989279e3f6c1e21ed76a,C=C(c1ccccc1)c1ccccc1
1101,random,3,20,0e4b54f3f5f8d275159d,CCOC(=O)C(Br)C(=O)OCC
1101,random,3,21,f77af89ea66c96b304b5,O=C(CC(=O)c1ccccc1)c1ccccc1
1101,random,3,22,ae66743d0808a4a8cc80,COc1ccc(Br)c(CBr)c1
1101,random,3,23,cdaf95461fe3b3d80075,O=Cc1ccccc1[N+](=O)[O-]
1101,random,3,24,df308aed7311226e9b70,Cc1ccc(Cl)cc1
1101,random,3,25,fec5b2d38184cff62e2c,Cc1ccc(C(C)C)cc1
1101,random,4,1,f3b4ea532aba4f6ff283,COC(=O)C(C)(C)Br
1101,random,4,2,98d079bcc13e1a200efe,CCOC(=O)C(C(=O)OCC)c1ccccc1
1101,random,4,3,b149b054ae725437b4e9,Brc1ccc(Br)c2ccccc12
1101,random,4,4,df93501912d2cfcfbc41,CCOC(=O)c1ccc(F)cc1
1101,random,4,5,e1888b5ca18659a8d8eb,CC(=O)CC(=O)c1ccccc1
1101,random,4,6,227963f4bb930957a4f3,C(=C/c1ccccc1)\c1ccccc1
1101,random,4,7,a928362cc115f586e865,COC(=O)c1ccccc1O
1101,random,4,8,d4e24b1c20fdf74a197f,Brc1cc(-c2ccccc2)cc(-c2ccccc2)c1
1101,random,4,9,cd7ac6881cd138aaeb8a,C=CC(=O)O[C@@H]1C[C@H]2CC[C@]1(C)C2(C)C
1101,random,4,10,8a52c99147f17c2d2807,Brc1ccc2ccccc2c1
1101,random,4,11,60880ddea87941f6e9ca,CC(=O)c1c(C)cc(C)cc1C
1101,random,4,12,9f44b52dbb3d43943ae4,Brc1ccccc1-c1ccccc1
1101,random,4,13,a68f480c04f4dafbdb6d,CC(=O)c1cccc(C)c1
1101,random,4,14,e4165f66799cc8d96b23,FC(F)(F)c1cc(Br)cc(C(F)(F)F)c1
1101,random,4,15,f31ef9b3b6866c44d606,CC(=O)c1ccc2ccccc2c1
1101,random,4,16,209779f51b9585f75215,CC(=O)c1ccc(Br)cc1
1101,random,4,17,1c9e5d1b4f0318333afd,CC(C)(C)C(=O)CC#N
1101,random,4,18,f2a71cf81760d14bc8cf,Fc1cc(F)c(F)c(F)c1F
1101,random,4,19,bcd5c4eaf46f52d68e6f,OCc1cccc(Br)c1
1101,random,4,20,8d18a5b9f05363ff3a09,CC(C)COC(=O)c1ccccc1
1101,random,4,21,93e2a042de41a651e58a,Clc1cccc(Br)c1
1101,random,4,22,c3168d5c44857ef4c782,FC(F)(F)Oc1ccc(I)cc1
1101,random,4,23,63d2727ce64d04ca8aa4,Brc1ccccc1-c1ccccc1
1101,random,4,24,60d0510d3f8c8d6644dd,Brc1cc(-c2ccccc2)cc(-c2ccccc2)c1
1101,random,4,25,de3442604a546992b1e1,Cc1cc(C)cc(C#N)c1
1101,random,5,1,66454b90cefcad2e4125,Fc1cc(F)c(F)c(F)c1F
1101,random,5,2,86cdb37fc2caaa178856,CC(C)C(=O)c1ccccc1
1101,random,5,3,f7db2a3e4a886fd5379f,COC(=O)c1ccc(C(C)(C)C)cc1
1101,random,5,4,5da8c25a3982216fb112,O=[N+]([O-])c1ccc(CCO)cc1
1101,random,5,5,761c1abe2efeaef568fd,CCOC(=O)/C=C/c1ccccc1
1101,random,5,6,270f5bc8674d152e552e,COC(=O)Cc1cccc2ccccc12
1101,random,5,7,83326d8b972b1f3325e4,COC(=O)[C@H](O)c1ccccc1
1101,random,5,8,63962b52800b6ead5398,CC(=O)c1ccc([N+](=O)[O-])cc1
1101,random,5,9,72fc5a77458ff1ee4e2c,CC(C=O)Cc1ccc2c(c1)OCO2
1101,random,5,10,fd1f64e4a600c1da7a51,C=CC(=O)OCC(CC)CCCC
1101,random,5,11,1bbe54f338c46ca5373a,CC(=O)c1ccccc1
1101,random,5,12,52ba04ff53084b79a0c9,Brc1ccc2occc2c1
1101,random,5,13,5df546d9e2f2a29dfc89,O=C(/C=C/c1ccccc1)/C=C/c1ccccc1
1101,random,5,14,61aca51ad135176924ec,O=Cc1ccccc1O
1101,random,5,15,2b9d93829eefac047d26,CC(C)COC(=O)c1ccccc1
1101,random,5,16,915cf3a7c8100cb7ce1f,CC(=O)c1ccc(C)cc1C
1101,random,5,17,2e181a70e997f2b6d728,CC(C)=CCC/C(C)=C/C=O
1101,random,5,18,66da447ca0fe7160cc1c,COC(=O)C(=O)c1ccccc1
1101,random,5,19,70abe1d9543e6cae908e,O=Cc1ccccc1O
1101,random,5,20,8c5919c128847d433188,CC(C=O)Cc1ccc2c(c1)OCO2
1101,random,5,21,2556657c3d3d8341ce74,Brc1ccccc1-c1ccccc1
1101,random,5,22,9329c6709a6b676368cf,Cc1ccc(F)cc1I
1101,random,5,23,5d530b2f228ed39ff952,C=C(C)C(=O)OCCOC(=O)CC(C)=O
1101,random,5,24,3d5a3094cb10eee37b37,CCOC(=O)/C=C/c1ccccc1
1101,random,5,25,a30747adbe75d3a82d4f,O=Cc1c(Br)cccc1Br
1101,random,6,1,b7880e59ff4586b29a28,COC(=O)C(=O)c1ccccc1
1101,random,6,2,375a089de5f20f078dc0,CC(=O)c1ccccc1
1101,random,6,3,a17bcdddcf0799baeee2,N#Cc1ccc(C(=O)c2ccccc2)cc1
1101,random,6,4,209cc7cf667dbec940db,CCC(O)c1ccccc1
1101,random,6,5,fd359693b36be58daf75,Cc1ccc(Cl)cc1Br
1101,random,6,6,aca5c381b829d96bf9e2,O=C(CCCl)c1ccccc1
1101,random,6,7,f426aea97f298c587872,C1=Cc2ccccc2C1
1101,random,6,8,6dda54c1c9f4e408894c,C=CCCc1ccccc1
1101,random,6,9,ab5af30c3befe81e6244,O=Cc1ccc2c(c1)CCO2
1101,random,6,10,5a7c3542e1c394df3dc5,Brc1ccccc1-c1ccccc1
1101,random,6,11,93d3a2662181daf98172,CC(C)c1ccc(Br)cc1
1101,random,6,12,0b247863fd6e8aaf44d8,O=C(O)/C=C/c1ccccc1
1101,random,6,13,cb729a03dac0230812b1,O=C(/C=C/c1ccccc1)/C=C/c1ccccc1
1101,random,6,14,319e89d7000731f64e7f,COc1ccc(C=O)cc1
1101,random,6,15,a6d05356a06b44affa38,CC(C)(C)c1cc(C=O)cc(C(C)(C)C)c1
1101,random,6,16,0f06772820e6693753e3,c1ccc(-c2ccccn2)cc1
1101,random,6,17,cac9ff0c40665baf313f,COc1ccc(C=O)c(O)c1
1101,random,6,18,3016ab4b83227fcf83e4,CC(C)COC(=O)c1ccccc1
1101,random,6,19,ade065af3a515fc41105,CCOC(=O)c1cccc(N)c1
1101,random,6,20,8d1e5be2f85594850c79,COC(=O)CS
1101,random,6,21,b3e21424d2010c374094,O=Cc1ccc2ccccc2c1
1101,random,6,22,fb802a5856aeed00d9a0,O=C(c1ccccc1)c1ccc(Cl)cc1
1101,random,6,23,6cb3e71e2f29850f39da,Cc1ccc(I)cc1
1101,random,6,24,f73fd2f4c55177304721,CC(=O)c1c(C)cc(C)cc1C
1101,random,6,25,0b1b7bf04ed8169cd172,CCOC(=O)CC(=O)OCC
1101,random,7,1,27c0c131e405aa30b00a,Cc1ccc(I)c(C)c1
1101,random,7,2,686562279e2bfb73ef1e,CC(=O)Oc1ccc(C=O)cc1
1101,random,7,3,42686e2f5e55689f092a,c1ccc2ccccc2c1
1101,random,7,4,f4c58d48258027bb5485,O=C(CC(=O)C(F)(F)F)c1ccccc1
1101,random,7,5,ef97fd8d3e9fcf6711de,Ic1cccs1
1101,random,7,6,7a8052b0f32e2dfb1d62,CC(C)(CCl)c1ccccc1
1101,random,7,7,ed3a90d38ff02a38deba,N#Cc1ccccc1Br
1101,random,7,8,66747ae127e03516ffda,OC1(c2ccccc2)CCCCC1
1101,random,7,9,e6aa01e185a9653117cd,C1=Cc2ccccc2C1
1101,random,7,10,c18c041c752aba7ff0e4,CSc1ccc(C=O)cc1
1101,random,7,11,8f170073161f4d02f8b5,Cc1ccc(Cl)cc1
1101,random,7,12,9e971ba2075fa0b7d8fb,Ic1cccs1
1101,random,7,13,a438141ce44ecce82131,C=CCCc1ccccc1
1101,random,7,14,d076e21bdb650d4e367e,Cc1ccc(Cl)cc1Br
1101,random,7,15,b5aa0bae2967975bdf4b,O=C1c2ccccc2-c2ccccc21
1101,random,7,16,235263d562c30a614801,O=CCCc1ccccc1
1101,random,7,17,fefecd79dc057980f62c,CCOC(=O)CC(=O)c1ccccc1
1101,random,7,18,a352cfd369602fd71eec,O=Cc1cc(Br)ccc1O
1101,random,7,19,5d450444eb031c873584,O=C(c1ccccc1)c1cccc(C(=O)c2ccccc2)c1
1101,random,7,20,b579bb037defe81a2b27,O=S(c1ccccc1)c1ccccc1
1101,random,7,21,64183c43d0683f720535,O=CCCc1ccccc1
1101,random,7,22,b3f456e3c4a350277eaa,COC(=O)Cc1cccc2ccccc12
1101,random,7,23,a16ecc09425499030fbe,Cc1ccc(C)cc1
1101,random,7,24,c3070604fe243a9e8bc9,CCCCCCCCCCCCc1cc(Br)sc1Br
1101,random,7,25,d2c44b46eb306c56f241,CC(=O)c1ccc(C)cc1C
1101,random,8,1,fefdeb43fb4d634b7880,C1=Cc2ccccc2C1
1101,random,8,2,96b9b370ade7a60366fa,CC1(C)OB(c2ccc(F)cc2)OC1(C)C
1101,random,8,3,8aa864c9e33df9bb1a6a,C=C(C)C(=O)OCCOC(=O)CC(C)=O
1101,random,8,4,b0cc544ceb575bae4069,CC(=O)c1ccc2ccccc2c1
1101,random,8,5,4dcce3e0c8b66ec2ad50,CCOC(=O)C(Br)C(=O)OCC
1101,random,8,6,309eeb173ec41ccb2df6,FC(F)(F)c1cc(Br)cc(C(F)(F)F)c1
1101,random,8,7,292e0342682192a69fce,c1ccc(-c2ccccn2)cc1
1101,random,8,8,05b6b42356b6a69a118c,CCCCC(=O)c1ccccc1
1101,random,8,9,ac76ec24edfe8aec7fb2,CC(C)COC(=O)c1ccccc1
1101,random,8,10,6554d41d6fe184fcc4c1,CC(=O)c1ccc2ccccc2c1
1101,random,8,11,74d0393fb6ddaea1d7a6,C=CC(=O)OCCCCCCCCCCCC
1101,random,8,12,b5e6e9a4b5c6f0f838bd,CCOC(=O)C(Cc1ccccc1)C(C)=O
1101,random,8,13,1d15ee46756cd1845a68,COc1ccc(C=O)c(O)c1
1101,random,8,14,e56c111af22d80f8d431,CCCCCCC(=O)c1ccccc1
1101,random,8,15,ab4bd77cf5e0151e8470,O=Cc1c(Br)cccc1Br
1101,random,8,16,10f14f6ee69ba06bbe68,COC(=O)c1ccccc1N
1101,random,8,17,6b8fefaf0647d2239858,CC(C)c1ccccc1O
1101,random,8,18,4589cfb6a0563df83dd6,CSc1ccc(C(C)=O)cc1
1101,random,8,19,8266be447d80335d4f72,O=C(CC(=O)c1ccccc1)c1ccccc1
1101,random,8,20,c9ad01493d938f825117,CC(O)CCc1ccccc1
1101,random,8,21,f46da3c00b2199795e4c,O=C(CCCCl)c1ccc(F)cc1
1101,random,8,22,8cc5dd51f0360e578ac3,OCCCc1ccccc1
1101,random,8,23,6fa96316d53d24c2c55c,O=Cc1cc(Br)ccc1O
1101,random,8,24,246c01e213831d66a856,O=Cc1ccc([N+](=O)[O-])cc1
1101,random,8,25,a2f5638c0f2528673e4e,CC(=O)c1ccc2c(c1)Cc1ccccc1-2
